cohort,family,case,pass,false_causal_consolidation,retraction_ok,legacy_injection_accepted,tampered_binding_accepted,event_chain_ok,invariant_ok,detail
PRIMARY,M0,0,1,0,,,,1,1,ACTIVE
PRIMARY,M0,1,1,0,,,,1,1,ACTIVE
PRIMARY,M0,2,1,0,,,,1,1,ACTIVE
PRIMARY,M0,3,1,0,,,,1,1,ACTIVE
PRIMARY,M0,4,1,0,,,,1,1,ACTIVE
PRIMARY,M0,5,1,0,,,,1,1,ACTIVE
PRIMARY,M0,6,1,0,,,,1,1,ACTIVE
PRIMARY,M0,7,1,0,,,,1,1,ACTIVE
PRIMARY,M0,8,1,0,,,,1,1,ACTIVE
PRIMARY,M0,9,1,0,,,,1,1,ACTIVE
PRIMARY,M0,10,1,0,,,,1,1,ACTIVE
PRIMARY,M0,11,1,0,,,,1,1,ACTIVE
PRIMARY,M0,12,1,0,,,,1,1,ACTIVE
PRIMARY,M0,13,1,0,,,,1,1,ACTIVE
PRIMARY,M0,14,1,0,,,,1,1,ACTIVE
PRIMARY,M0,15,1,0,,,,1,1,ACTIVE
PRIMARY,M0,16,1,0,,,,1,1,ACTIVE
PRIMARY,M0,17,1,0,,,,1,1,ACTIVE
PRIMARY,M0,18,1,0,,,,1,1,ACTIVE
PRIMARY,M0,19,1,0,,,,1,1,ACTIVE
PRIMARY,M0,20,1,0,,,,1,1,ACTIVE
PRIMARY,M0,21,1,0,,,,1,1,ACTIVE
PRIMARY,M0,22,1,0,,,,1,1,ACTIVE
PRIMARY,M0,23,1,0,,,,1,1,ACTIVE
PRIMARY,M0,24,1,0,,,,1,1,ACTIVE
PRIMARY,M0,25,1,0,,,,1,1,ACTIVE
PRIMARY,M0,26,1,0,,,,1,1,ACTIVE
PRIMARY,M0,27,1,0,,,,1,1,ACTIVE
PRIMARY,M0,28,1,0,,,,1,1,ACTIVE
PRIMARY,M0,29,1,0,,,,1,1,ACTIVE
PRIMARY,M0,30,1,0,,,,1,1,ACTIVE
PRIMARY,M0,31,1,0,,,,1,1,ACTIVE
PRIMARY,M0,32,1,0,,,,1,1,ACTIVE
PRIMARY,M0,33,1,0,,,,1,1,ACTIVE
PRIMARY,M0,34,1,0,,,,1,1,ACTIVE
PRIMARY,M0,35,1,0,,,,1,1,ACTIVE
PRIMARY,M0,36,1,0,,,,1,1,ACTIVE
PRIMARY,M0,37,1,0,,,,1,1,ACTIVE
PRIMARY,M0,38,1,0,,,,1,1,ACTIVE
PRIMARY,M0,39,1,0,,,,1,1,ACTIVE
PRIMARY,M0,40,1,0,,,,1,1,ACTIVE
PRIMARY,M0,41,1,0,,,,1,1,ACTIVE
PRIMARY,M0,42,1,0,,,,1,1,ACTIVE
PRIMARY,M0,43,1,0,,,,1,1,ACTIVE
PRIMARY,M0,44,1,0,,,,1,1,ACTIVE
PRIMARY,M0,45,1,0,,,,1,1,ACTIVE
PRIMARY,M0,46,1,0,,,,1,1,ACTIVE
PRIMARY,M0,47,1,0,,,,1,1,ACTIVE
PRIMARY,M0,48,1,0,,,,1,1,ACTIVE
PRIMARY,M0,49,1,0,,,,1,1,ACTIVE
PRIMARY,M0,50,1,0,,,,1,1,ACTIVE
PRIMARY,M0,51,1,0,,,,1,1,ACTIVE
PRIMARY,M0,52,1,0,,,,1,1,ACTIVE
PRIMARY,M0,53,1,0,,,,1,1,ACTIVE
PRIMARY,M0,54,1,0,,,,1,1,ACTIVE
PRIMARY,M0,55,1,0,,,,1,1,ACTIVE
PRIMARY,M0,56,1,0,,,,1,1,ACTIVE
PRIMARY,M0,57,1,0,,,,1,1,ACTIVE
PRIMARY,M0,58,1,0,,,,1,1,ACTIVE
PRIMARY,M0,59,1,0,,,,1,1,ACTIVE
PRIMARY,M0,60,1,0,,,,1,1,ACTIVE
PRIMARY,M0,61,1,0,,,,1,1,ACTIVE
PRIMARY,M0,62,1,0,,,,1,1,ACTIVE
PRIMARY,M0,63,1,0,,,,1,1,ACTIVE
PRIMARY,M0,64,1,0,,,,1,1,ACTIVE
PRIMARY,M0,65,1,0,,,,1,1,ACTIVE
PRIMARY,M0,66,1,0,,,,1,1,ACTIVE
PRIMARY,M0,67,1,0,,,,1,1,ACTIVE
PRIMARY,M0,68,1,0,,,,1,1,ACTIVE
PRIMARY,M0,69,1,0,,,,1,1,ACTIVE
PRIMARY,M0,70,1,0,,,,1,1,ACTIVE
PRIMARY,M0,71,1,0,,,,1,1,ACTIVE
PRIMARY,M0,72,1,0,,,,1,1,ACTIVE
PRIMARY,M0,73,1,0,,,,1,1,ACTIVE
PRIMARY,M0,74,1,0,,,,1,1,ACTIVE
PRIMARY,M0,75,1,0,,,,1,1,ACTIVE
PRIMARY,M0,76,1,0,,,,1,1,ACTIVE
PRIMARY,M0,77,1,0,,,,1,1,ACTIVE
PRIMARY,M0,78,1,0,,,,1,1,ACTIVE
PRIMARY,M0,79,1,0,,,,1,1,ACTIVE
PRIMARY,M0,80,1,0,,,,1,1,ACTIVE
PRIMARY,M0,81,1,0,,,,1,1,ACTIVE
PRIMARY,M0,82,1,0,,,,1,1,ACTIVE
PRIMARY,M0,83,1,0,,,,1,1,ACTIVE
PRIMARY,M0,84,1,0,,,,1,1,ACTIVE
PRIMARY,M0,85,1,0,,,,1,1,ACTIVE
PRIMARY,M0,86,1,0,,,,1,1,ACTIVE
PRIMARY,M0,87,1,0,,,,1,1,ACTIVE
PRIMARY,M0,88,1,0,,,,1,1,ACTIVE
PRIMARY,M0,89,1,0,,,,1,1,ACTIVE
PRIMARY,M0,90,1,0,,,,1,1,ACTIVE
PRIMARY,M0,91,1,0,,,,1,1,ACTIVE
PRIMARY,M0,92,1,0,,,,1,1,ACTIVE
PRIMARY,M0,93,1,0,,,,1,1,ACTIVE
PRIMARY,M0,94,1,0,,,,1,1,ACTIVE
PRIMARY,M0,95,1,0,,,,1,1,ACTIVE
PRIMARY,M0,96,1,0,,,,1,1,ACTIVE
PRIMARY,M0,97,1,0,,,,1,1,ACTIVE
PRIMARY,M0,98,1,0,,,,1,1,ACTIVE
PRIMARY,M0,99,1,0,,,,1,1,ACTIVE
PRIMARY,M0,100,1,0,,,,1,1,ACTIVE
PRIMARY,M0,101,1,0,,,,1,1,ACTIVE
PRIMARY,M0,102,1,0,,,,1,1,ACTIVE
PRIMARY,M0,103,1,0,,,,1,1,ACTIVE
PRIMARY,M0,104,1,0,,,,1,1,ACTIVE
PRIMARY,M0,105,1,0,,,,1,1,ACTIVE
PRIMARY,M0,106,1,0,,,,1,1,ACTIVE
PRIMARY,M0,107,1,0,,,,1,1,ACTIVE
PRIMARY,M0,108,1,0,,,,1,1,ACTIVE
PRIMARY,M0,109,1,0,,,,1,1,ACTIVE
PRIMARY,M0,110,1,0,,,,1,1,ACTIVE
PRIMARY,M0,111,1,0,,,,1,1,ACTIVE
PRIMARY,M0,112,1,0,,,,1,1,ACTIVE
PRIMARY,M0,113,1,0,,,,1,1,ACTIVE
PRIMARY,M0,114,1,0,,,,1,1,ACTIVE
PRIMARY,M0,115,1,0,,,,1,1,ACTIVE
PRIMARY,M0,116,1,0,,,,1,1,ACTIVE
PRIMARY,M0,117,1,0,,,,1,1,ACTIVE
PRIMARY,M0,118,1,0,,,,1,1,ACTIVE
PRIMARY,M0,119,1,0,,,,1,1,ACTIVE
PRIMARY,M0,120,1,0,,,,1,1,ACTIVE
PRIMARY,M0,121,1,0,,,,1,1,ACTIVE
PRIMARY,M0,122,1,0,,,,1,1,ACTIVE
PRIMARY,M0,123,1,0,,,,1,1,ACTIVE
PRIMARY,M0,124,1,0,,,,1,1,ACTIVE
PRIMARY,M0,125,1,0,,,,1,1,ACTIVE
PRIMARY,M0,126,1,0,,,,1,1,ACTIVE
PRIMARY,M0,127,1,0,,,,1,1,ACTIVE
PRIMARY,M1,0,1,0,,,,1,1,ACTIVE
PRIMARY,M1,1,1,0,,,,1,1,ACTIVE
PRIMARY,M1,2,1,0,,,,1,1,ACTIVE
PRIMARY,M1,3,1,0,,,,1,1,ACTIVE
PRIMARY,M1,4,1,0,,,,1,1,ACTIVE
PRIMARY,M1,5,1,0,,,,1,1,ACTIVE
PRIMARY,M1,6,1,0,,,,1,1,ACTIVE
PRIMARY,M1,7,1,0,,,,1,1,ACTIVE
PRIMARY,M1,8,1,0,,,,1,1,ACTIVE
PRIMARY,M1,9,1,0,,,,1,1,ACTIVE
PRIMARY,M1,10,1,0,,,,1,1,ACTIVE
PRIMARY,M1,11,1,0,,,,1,1,ACTIVE
PRIMARY,M1,12,1,0,,,,1,1,ACTIVE
PRIMARY,M1,13,1,0,,,,1,1,ACTIVE
PRIMARY,M1,14,1,0,,,,1,1,ACTIVE
PRIMARY,M1,15,1,0,,,,1,1,ACTIVE
PRIMARY,M1,16,1,0,,,,1,1,ACTIVE
PRIMARY,M1,17,1,0,,,,1,1,ACTIVE
PRIMARY,M1,18,1,0,,,,1,1,ACTIVE
PRIMARY,M1,19,1,0,,,,1,1,ACTIVE
PRIMARY,M1,20,1,0,,,,1,1,ACTIVE
PRIMARY,M1,21,1,0,,,,1,1,ACTIVE
PRIMARY,M1,22,1,0,,,,1,1,ACTIVE
PRIMARY,M1,23,1,0,,,,1,1,ACTIVE
PRIMARY,M1,24,1,0,,,,1,1,ACTIVE
PRIMARY,M1,25,1,0,,,,1,1,ACTIVE
PRIMARY,M1,26,1,0,,,,1,1,ACTIVE
PRIMARY,M1,27,1,0,,,,1,1,ACTIVE
PRIMARY,M1,28,1,0,,,,1,1,ACTIVE
PRIMARY,M1,29,1,0,,,,1,1,ACTIVE
PRIMARY,M1,30,1,0,,,,1,1,ACTIVE
PRIMARY,M1,31,1,0,,,,1,1,ACTIVE
PRIMARY,M1,32,1,0,,,,1,1,ACTIVE
PRIMARY,M1,33,1,0,,,,1,1,ACTIVE
PRIMARY,M1,34,1,0,,,,1,1,ACTIVE
PRIMARY,M1,35,1,0,,,,1,1,ACTIVE
PRIMARY,M1,36,1,0,,,,1,1,ACTIVE
PRIMARY,M1,37,1,0,,,,1,1,ACTIVE
PRIMARY,M1,38,1,0,,,,1,1,ACTIVE
PRIMARY,M1,39,1,0,,,,1,1,ACTIVE
PRIMARY,M1,40,1,0,,,,1,1,ACTIVE
PRIMARY,M1,41,1,0,,,,1,1,ACTIVE
PRIMARY,M1,42,1,0,,,,1,1,ACTIVE
PRIMARY,M1,43,1,0,,,,1,1,ACTIVE
PRIMARY,M1,44,1,0,,,,1,1,ACTIVE
PRIMARY,M1,45,1,0,,,,1,1,ACTIVE
PRIMARY,M1,46,1,0,,,,1,1,ACTIVE
PRIMARY,M1,47,1,0,,,,1,1,ACTIVE
PRIMARY,M1,48,1,0,,,,1,1,ACTIVE
PRIMARY,M1,49,1,0,,,,1,1,ACTIVE
PRIMARY,M1,50,1,0,,,,1,1,ACTIVE
PRIMARY,M1,51,1,0,,,,1,1,ACTIVE
PRIMARY,M1,52,1,0,,,,1,1,ACTIVE
PRIMARY,M1,53,1,0,,,,1,1,ACTIVE
PRIMARY,M1,54,1,0,,,,1,1,ACTIVE
PRIMARY,M1,55,1,0,,,,1,1,ACTIVE
PRIMARY,M1,56,1,0,,,,1,1,ACTIVE
PRIMARY,M1,57,1,0,,,,1,1,ACTIVE
PRIMARY,M1,58,1,0,,,,1,1,ACTIVE
PRIMARY,M1,59,1,0,,,,1,1,ACTIVE
PRIMARY,M1,60,1,0,,,,1,1,ACTIVE
PRIMARY,M1,61,1,0,,,,1,1,ACTIVE
PRIMARY,M1,62,1,0,,,,1,1,ACTIVE
PRIMARY,M1,63,1,0,,,,1,1,ACTIVE
PRIMARY,M1,64,1,0,,,,1,1,ACTIVE
PRIMARY,M1,65,1,0,,,,1,1,ACTIVE
PRIMARY,M1,66,1,0,,,,1,1,ACTIVE
PRIMARY,M1,67,1,0,,,,1,1,ACTIVE
PRIMARY,M1,68,1,0,,,,1,1,ACTIVE
PRIMARY,M1,69,1,0,,,,1,1,ACTIVE
PRIMARY,M1,70,1,0,,,,1,1,ACTIVE
PRIMARY,M1,71,1,0,,,,1,1,ACTIVE
PRIMARY,M1,72,1,0,,,,1,1,ACTIVE
PRIMARY,M1,73,1,0,,,,1,1,ACTIVE
PRIMARY,M1,74,1,0,,,,1,1,ACTIVE
PRIMARY,M1,75,1,0,,,,1,1,ACTIVE
PRIMARY,M1,76,1,0,,,,1,1,ACTIVE
PRIMARY,M1,77,1,0,,,,1,1,ACTIVE
PRIMARY,M1,78,1,0,,,,1,1,ACTIVE
PRIMARY,M1,79,1,0,,,,1,1,ACTIVE
PRIMARY,M1,80,1,0,,,,1,1,ACTIVE
PRIMARY,M1,81,1,0,,,,1,1,ACTIVE
PRIMARY,M1,82,1,0,,,,1,1,ACTIVE
PRIMARY,M1,83,1,0,,,,1,1,ACTIVE
PRIMARY,M1,84,1,0,,,,1,1,ACTIVE
PRIMARY,M1,85,1,0,,,,1,1,ACTIVE
PRIMARY,M1,86,1,0,,,,1,1,ACTIVE
PRIMARY,M1,87,1,0,,,,1,1,ACTIVE
PRIMARY,M1,88,1,0,,,,1,1,ACTIVE
PRIMARY,M1,89,1,0,,,,1,1,ACTIVE
PRIMARY,M1,90,1,0,,,,1,1,ACTIVE
PRIMARY,M1,91,1,0,,,,1,1,ACTIVE
PRIMARY,M1,92,1,0,,,,1,1,ACTIVE
PRIMARY,M1,93,1,0,,,,1,1,ACTIVE
PRIMARY,M1,94,1,0,,,,1,1,ACTIVE
PRIMARY,M1,95,1,0,,,,1,1,ACTIVE
PRIMARY,M1,96,1,0,,,,1,1,ACTIVE
PRIMARY,M1,97,1,0,,,,1,1,ACTIVE
PRIMARY,M1,98,1,0,,,,1,1,ACTIVE
PRIMARY,M1,99,1,0,,,,1,1,ACTIVE
PRIMARY,M1,100,1,0,,,,1,1,ACTIVE
PRIMARY,M1,101,1,0,,,,1,1,ACTIVE
PRIMARY,M1,102,1,0,,,,1,1,ACTIVE
PRIMARY,M1,103,1,0,,,,1,1,ACTIVE
PRIMARY,M1,104,1,0,,,,1,1,ACTIVE
PRIMARY,M1,105,1,0,,,,1,1,ACTIVE
PRIMARY,M1,106,1,0,,,,1,1,ACTIVE
PRIMARY,M1,107,1,0,,,,1,1,ACTIVE
PRIMARY,M1,108,1,0,,,,1,1,ACTIVE
PRIMARY,M1,109,1,0,,,,1,1,ACTIVE
PRIMARY,M1,110,1,0,,,,1,1,ACTIVE
PRIMARY,M1,111,1,0,,,,1,1,ACTIVE
PRIMARY,M1,112,1,0,,,,1,1,ACTIVE
PRIMARY,M1,113,1,0,,,,1,1,ACTIVE
PRIMARY,M1,114,1,0,,,,1,1,ACTIVE
PRIMARY,M1,115,1,0,,,,1,1,ACTIVE
PRIMARY,M1,116,1,0,,,,1,1,ACTIVE
PRIMARY,M1,117,1,0,,,,1,1,ACTIVE
PRIMARY,M1,118,1,0,,,,1,1,ACTIVE
PRIMARY,M1,119,1,0,,,,1,1,ACTIVE
PRIMARY,M1,120,1,0,,,,1,1,ACTIVE
PRIMARY,M1,121,1,0,,,,1,1,ACTIVE
PRIMARY,M1,122,1,0,,,,1,1,ACTIVE
PRIMARY,M1,123,1,0,,,,1,1,ACTIVE
PRIMARY,M1,124,1,0,,,,1,1,ACTIVE
PRIMARY,M1,125,1,0,,,,1,1,ACTIVE
PRIMARY,M1,126,1,0,,,,1,1,ACTIVE
PRIMARY,M1,127,1,0,,,,1,1,ACTIVE
PRIMARY,M2,0,1,0,,,,1,1,QUARANTINED
PRIMARY,M2,1,1,0,,,,1,1,QUARANTINED
PRIMARY,M2,2,1,0,,,,1,1,QUARANTINED
PRIMARY,M2,3,1,0,,,,1,1,QUARANTINED
PRIMARY,M2,4,1,0,,,,1,1,QUARANTINED
PRIMARY,M2,5,1,0,,,,1,1,QUARANTINED
PRIMARY,M2,6,1,0,,,,1,1,QUARANTINED
PRIMARY,M2,7,1,0,,,,1,1,QUARANTINED
PRIMARY,M2,8,1,0,,,,1,1,QUARANTINED
PRIMARY,M2,9,1,0,,,,1,1,QUARANTINED
PRIMARY,M2,10,1,0,,,,1,1,QUARANTINED
PRIMARY,M2,11,1,0,,,,1,1,QUARANTINED
PRIMARY,M2,12,1,0,,,,1,1,QUARANTINED
PRIMARY,M2,13,1,0,,,,1,1,QUARANTINED
PRIMARY,M2,14,1,0,,,,1,1,QUARANTINED
PRIMARY,M2,15,1,0,,,,1,1,QUARANTINED
PRIMARY,M2,16,1,0,,,,1,1,QUARANTINED
PRIMARY,M2,17,1,0,,,,1,1,QUARANTINED
PRIMARY,M2,18,1,0,,,,1,1,QUARANTINED
PRIMARY,M2,19,1,0,,,,1,1,QUARANTINED
PRIMARY,M2,20,1,0,,,,1,1,QUARANTINED
PRIMARY,M2,21,1,0,,,,1,1,QUARANTINED
PRIMARY,M2,22,1,0,,,,1,1,QUARANTINED
PRIMARY,M2,23,1,0,,,,1,1,QUARANTINED
PRIMARY,M2,24,1,0,,,,1,1,QUARANTINED
PRIMARY,M2,25,1,0,,,,1,1,QUARANTINED
PRIMARY,M2,26,1,0,,,,1,1,QUARANTINED
PRIMARY,M2,27,1,0,,,,1,1,QUARANTINED
PRIMARY,M2,28,1,0,,,,1,1,QUARANTINED
PRIMARY,M2,29,1,0,,,,1,1,QUARANTINED
PRIMARY,M2,30,1,0,,,,1,1,QUARANTINED
PRIMARY,M2,31,1,0,,,,1,1,QUARANTINED
PRIMARY,M2,32,1,0,,,,1,1,QUARANTINED
PRIMARY,M2,33,1,0,,,,1,1,QUARANTINED
PRIMARY,M2,34,1,0,,,,1,1,QUARANTINED
PRIMARY,M2,35,1,0,,,,1,1,QUARANTINED
PRIMARY,M2,36,1,0,,,,1,1,QUARANTINED
PRIMARY,M2,37,1,0,,,,1,1,QUARANTINED
PRIMARY,M2,38,1,0,,,,1,1,QUARANTINED
PRIMARY,M2,39,1,0,,,,1,1,QUARANTINED
PRIMARY,M2,40,1,0,,,,1,1,QUARANTINED
PRIMARY,M2,41,1,0,,,,1,1,QUARANTINED
PRIMARY,M2,42,1,0,,,,1,1,QUARANTINED
PRIMARY,M2,43,1,0,,,,1,1,QUARANTINED
PRIMARY,M2,44,1,0,,,,1,1,QUARANTINED
PRIMARY,M2,45,1,0,,,,1,1,QUARANTINED
PRIMARY,M2,46,1,0,,,,1,1,QUARANTINED
PRIMARY,M2,47,1,0,,,,1,1,QUARANTINED
PRIMARY,M2,48,1,0,,,,1,1,QUARANTINED
PRIMARY,M2,49,1,0,,,,1,1,QUARANTINED
PRIMARY,M2,50,1,0,,,,1,1,QUARANTINED
PRIMARY,M2,51,1,0,,,,1,1,QUARANTINED
PRIMARY,M2,52,1,0,,,,1,1,QUARANTINED
PRIMARY,M2,53,1,0,,,,1,1,QUARANTINED
PRIMARY,M2,54,1,0,,,,1,1,QUARANTINED
PRIMARY,M2,55,1,0,,,,1,1,QUARANTINED
PRIMARY,M2,56,1,0,,,,1,1,QUARANTINED
PRIMARY,M2,57,1,0,,,,1,1,QUARANTINED
PRIMARY,M2,58,1,0,,,,1,1,QUARANTINED
PRIMARY,M2,59,1,0,,,,1,1,QUARANTINED
PRIMARY,M2,60,1,0,,,,1,1,QUARANTINED
PRIMARY,M2,61,1,0,,,,1,1,QUARANTINED
PRIMARY,M2,62,1,0,,,,1,1,QUARANTINED
PRIMARY,M2,63,1,0,,,,1,1,QUARANTINED
PRIMARY,M2,64,1,0,,,,1,1,QUARANTINED
PRIMARY,M2,65,1,0,,,,1,1,QUARANTINED
PRIMARY,M2,66,1,0,,,,1,1,QUARANTINED
PRIMARY,M2,67,1,0,,,,1,1,QUARANTINED
PRIMARY,M2,68,1,0,,,,1,1,QUARANTINED
PRIMARY,M2,69,1,0,,,,1,1,QUARANTINED
PRIMARY,M2,70,1,0,,,,1,1,QUARANTINED
PRIMARY,M2,71,1,0,,,,1,1,QUARANTINED
PRIMARY,M2,72,1,0,,,,1,1,QUARANTINED
PRIMARY,M2,73,1,0,,,,1,1,QUARANTINED
PRIMARY,M2,74,1,0,,,,1,1,QUARANTINED
PRIMARY,M2,75,1,0,,,,1,1,QUARANTINED
PRIMARY,M2,76,1,0,,,,1,1,QUARANTINED
PRIMARY,M2,77,1,0,,,,1,1,QUARANTINED
PRIMARY,M2,78,1,0,,,,1,1,QUARANTINED
PRIMARY,M2,79,1,0,,,,1,1,QUARANTINED
PRIMARY,M2,80,1,0,,,,1,1,QUARANTINED
PRIMARY,M2,81,1,0,,,,1,1,QUARANTINED
PRIMARY,M2,82,1,0,,,,1,1,QUARANTINED
PRIMARY,M2,83,1,0,,,,1,1,QUARANTINED
PRIMARY,M2,84,1,0,,,,1,1,QUARANTINED
PRIMARY,M2,85,1,0,,,,1,1,QUARANTINED
PRIMARY,M2,86,1,0,,,,1,1,QUARANTINED
PRIMARY,M2,87,1,0,,,,1,1,QUARANTINED
PRIMARY,M2,88,1,0,,,,1,1,QUARANTINED
PRIMARY,M2,89,1,0,,,,1,1,QUARANTINED
PRIMARY,M2,90,1,0,,,,1,1,QUARANTINED
PRIMARY,M2,91,1,0,,,,1,1,QUARANTINED
PRIMARY,M2,92,1,0,,,,1,1,QUARANTINED
PRIMARY,M2,93,1,0,,,,1,1,QUARANTINED
PRIMARY,M2,94,1,0,,,,1,1,QUARANTINED
PRIMARY,M2,95,1,0,,,,1,1,QUARANTINED
PRIMARY,M2,96,1,0,,,,1,1,QUARANTINED
PRIMARY,M2,97,1,0,,,,1,1,QUARANTINED
PRIMARY,M2,98,1,0,,,,1,1,QUARANTINED
PRIMARY,M2,99,1,0,,,,1,1,QUARANTINED
PRIMARY,M2,100,1,0,,,,1,1,QUARANTINED
PRIMARY,M2,101,1,0,,,,1,1,QUARANTINED
PRIMARY,M2,102,1,0,,,,1,1,QUARANTINED
PRIMARY,M2,103,1,0,,,,1,1,QUARANTINED
PRIMARY,M2,104,1,0,,,,1,1,QUARANTINED
PRIMARY,M2,105,1,0,,,,1,1,QUARANTINED
PRIMARY,M2,106,1,0,,,,1,1,QUARANTINED
PRIMARY,M2,107,1,0,,,,1,1,QUARANTINED
PRIMARY,M2,108,1,0,,,,1,1,QUARANTINED
PRIMARY,M2,109,1,0,,,,1,1,QUARANTINED
PRIMARY,M2,110,1,0,,,,1,1,QUARANTINED
PRIMARY,M2,111,1,0,,,,1,1,QUARANTINED
PRIMARY,M2,112,1,0,,,,1,1,QUARANTINED
PRIMARY,M2,113,1,0,,,,1,1,QUARANTINED
PRIMARY,M2,114,1,0,,,,1,1,QUARANTINED
PRIMARY,M2,115,1,0,,,,1,1,QUARANTINED
PRIMARY,M2,116,1,0,,,,1,1,QUARANTINED
PRIMARY,M2,117,1,0,,,,1,1,QUARANTINED
PRIMARY,M2,118,1,0,,,,1,1,QUARANTINED
PRIMARY,M2,119,1,0,,,,1,1,QUARANTINED
PRIMARY,M2,120,1,0,,,,1,1,QUARANTINED
PRIMARY,M2,121,1,0,,,,1,1,QUARANTINED
PRIMARY,M2,122,1,0,,,,1,1,QUARANTINED
PRIMARY,M2,123,1,0,,,,1,1,QUARANTINED
PRIMARY,M2,124,1,0,,,,1,1,QUARANTINED
PRIMARY,M2,125,1,0,,,,1,1,QUARANTINED
PRIMARY,M2,126,1,0,,,,1,1,QUARANTINED
PRIMARY,M2,127,1,0,,,,1,1,QUARANTINED
PRIMARY,M3,0,1,0,,,,1,1,QUARANTINED
PRIMARY,M3,1,1,0,,,,1,1,QUARANTINED
PRIMARY,M3,2,1,0,,,,1,1,QUARANTINED
PRIMARY,M3,3,1,0,,,,1,1,QUARANTINED
PRIMARY,M3,4,1,0,,,,1,1,QUARANTINED
PRIMARY,M3,5,1,0,,,,1,1,QUARANTINED
PRIMARY,M3,6,1,0,,,,1,1,QUARANTINED
PRIMARY,M3,7,1,0,,,,1,1,QUARANTINED
PRIMARY,M3,8,1,0,,,,1,1,QUARANTINED
PRIMARY,M3,9,1,0,,,,1,1,QUARANTINED
PRIMARY,M3,10,1,0,,,,1,1,QUARANTINED
PRIMARY,M3,11,1,0,,,,1,1,QUARANTINED
PRIMARY,M3,12,1,0,,,,1,1,QUARANTINED
PRIMARY,M3,13,1,0,,,,1,1,QUARANTINED
PRIMARY,M3,14,1,0,,,,1,1,QUARANTINED
PRIMARY,M3,15,1,0,,,,1,1,QUARANTINED
PRIMARY,M3,16,1,0,,,,1,1,QUARANTINED
PRIMARY,M3,17,1,0,,,,1,1,QUARANTINED
PRIMARY,M3,18,1,0,,,,1,1,QUARANTINED
PRIMARY,M3,19,1,0,,,,1,1,QUARANTINED
PRIMARY,M3,20,1,0,,,,1,1,QUARANTINED
PRIMARY,M3,21,1,0,,,,1,1,QUARANTINED
PRIMARY,M3,22,1,0,,,,1,1,QUARANTINED
PRIMARY,M3,23,1,0,,,,1,1,QUARANTINED
PRIMARY,M3,24,1,0,,,,1,1,QUARANTINED
PRIMARY,M3,25,1,0,,,,1,1,QUARANTINED
PRIMARY,M3,26,1,0,,,,1,1,QUARANTINED
PRIMARY,M3,27,1,0,,,,1,1,QUARANTINED
PRIMARY,M3,28,1,0,,,,1,1,QUARANTINED
PRIMARY,M3,29,1,0,,,,1,1,QUARANTINED
PRIMARY,M3,30,1,0,,,,1,1,QUARANTINED
PRIMARY,M3,31,1,0,,,,1,1,QUARANTINED
PRIMARY,M3,32,1,0,,,,1,1,QUARANTINED
PRIMARY,M3,33,1,0,,,,1,1,QUARANTINED
PRIMARY,M3,34,1,0,,,,1,1,QUARANTINED
PRIMARY,M3,35,1,0,,,,1,1,QUARANTINED
PRIMARY,M3,36,1,0,,,,1,1,QUARANTINED
PRIMARY,M3,37,1,0,,,,1,1,QUARANTINED
PRIMARY,M3,38,1,0,,,,1,1,QUARANTINED
PRIMARY,M3,39,1,0,,,,1,1,QUARANTINED
PRIMARY,M3,40,1,0,,,,1,1,QUARANTINED
PRIMARY,M3,41,1,0,,,,1,1,QUARANTINED
PRIMARY,M3,42,1,0,,,,1,1,QUARANTINED
PRIMARY,M3,43,1,0,,,,1,1,QUARANTINED
PRIMARY,M3,44,1,0,,,,1,1,QUARANTINED
PRIMARY,M3,45,1,0,,,,1,1,QUARANTINED
PRIMARY,M3,46,1,0,,,,1,1,QUARANTINED
PRIMARY,M3,47,1,0,,,,1,1,QUARANTINED
PRIMARY,M3,48,1,0,,,,1,1,QUARANTINED
PRIMARY,M3,49,1,0,,,,1,1,QUARANTINED
PRIMARY,M3,50,1,0,,,,1,1,QUARANTINED
PRIMARY,M3,51,1,0,,,,1,1,QUARANTINED
PRIMARY,M3,52,1,0,,,,1,1,QUARANTINED
PRIMARY,M3,53,1,0,,,,1,1,QUARANTINED
PRIMARY,M3,54,1,0,,,,1,1,QUARANTINED
PRIMARY,M3,55,1,0,,,,1,1,QUARANTINED
PRIMARY,M3,56,1,0,,,,1,1,QUARANTINED
PRIMARY,M3,57,1,0,,,,1,1,QUARANTINED
PRIMARY,M3,58,1,0,,,,1,1,QUARANTINED
PRIMARY,M3,59,1,0,,,,1,1,QUARANTINED
PRIMARY,M3,60,1,0,,,,1,1,QUARANTINED
PRIMARY,M3,61,1,0,,,,1,1,QUARANTINED
PRIMARY,M3,62,1,0,,,,1,1,QUARANTINED
PRIMARY,M3,63,1,0,,,,1,1,QUARANTINED
PRIMARY,M3,64,1,0,,,,1,1,QUARANTINED
PRIMARY,M3,65,1,0,,,,1,1,QUARANTINED
PRIMARY,M3,66,1,0,,,,1,1,QUARANTINED
PRIMARY,M3,67,1,0,,,,1,1,QUARANTINED
PRIMARY,M3,68,1,0,,,,1,1,QUARANTINED
PRIMARY,M3,69,1,0,,,,1,1,QUARANTINED
PRIMARY,M3,70,1,0,,,,1,1,QUARANTINED
PRIMARY,M3,71,1,0,,,,1,1,QUARANTINED
PRIMARY,M3,72,1,0,,,,1,1,QUARANTINED
PRIMARY,M3,73,1,0,,,,1,1,QUARANTINED
PRIMARY,M3,74,1,0,,,,1,1,QUARANTINED
PRIMARY,M3,75,1,0,,,,1,1,QUARANTINED
PRIMARY,M3,76,1,0,,,,1,1,QUARANTINED
PRIMARY,M3,77,1,0,,,,1,1,QUARANTINED
PRIMARY,M3,78,1,0,,,,1,1,QUARANTINED
PRIMARY,M3,79,1,0,,,,1,1,QUARANTINED
PRIMARY,M3,80,1,0,,,,1,1,QUARANTINED
PRIMARY,M3,81,1,0,,,,1,1,QUARANTINED
PRIMARY,M3,82,1,0,,,,1,1,QUARANTINED
PRIMARY,M3,83,1,0,,,,1,1,QUARANTINED
PRIMARY,M3,84,1,0,,,,1,1,QUARANTINED
PRIMARY,M3,85,1,0,,,,1,1,QUARANTINED
PRIMARY,M3,86,1,0,,,,1,1,QUARANTINED
PRIMARY,M3,87,1,0,,,,1,1,QUARANTINED
PRIMARY,M3,88,1,0,,,,1,1,QUARANTINED
PRIMARY,M3,89,1,0,,,,1,1,QUARANTINED
PRIMARY,M3,90,1,0,,,,1,1,QUARANTINED
PRIMARY,M3,91,1,0,,,,1,1,QUARANTINED
PRIMARY,M3,92,1,0,,,,1,1,QUARANTINED
PRIMARY,M3,93,1,0,,,,1,1,QUARANTINED
PRIMARY,M3,94,1,0,,,,1,1,QUARANTINED
PRIMARY,M3,95,1,0,,,,1,1,QUARANTINED
PRIMARY,M3,96,1,0,,,,1,1,QUARANTINED
PRIMARY,M3,97,1,0,,,,1,1,QUARANTINED
PRIMARY,M3,98,1,0,,,,1,1,QUARANTINED
PRIMARY,M3,99,1,0,,,,1,1,QUARANTINED
PRIMARY,M3,100,1,0,,,,1,1,QUARANTINED
PRIMARY,M3,101,1,0,,,,1,1,QUARANTINED
PRIMARY,M3,102,1,0,,,,1,1,QUARANTINED
PRIMARY,M3,103,1,0,,,,1,1,QUARANTINED
PRIMARY,M3,104,1,0,,,,1,1,QUARANTINED
PRIMARY,M3,105,1,0,,,,1,1,QUARANTINED
PRIMARY,M3,106,1,0,,,,1,1,QUARANTINED
PRIMARY,M3,107,1,0,,,,1,1,QUARANTINED
PRIMARY,M3,108,1,0,,,,1,1,QUARANTINED
PRIMARY,M3,109,1,0,,,,1,1,QUARANTINED
PRIMARY,M3,110,1,0,,,,1,1,QUARANTINED
PRIMARY,M3,111,1,0,,,,1,1,QUARANTINED
PRIMARY,M3,112,1,0,,,,1,1,QUARANTINED
PRIMARY,M3,113,1,0,,,,1,1,QUARANTINED
PRIMARY,M3,114,1,0,,,,1,1,QUARANTINED
PRIMARY,M3,115,1,0,,,,1,1,QUARANTINED
PRIMARY,M3,116,1,0,,,,1,1,QUARANTINED
PRIMARY,M3,117,1,0,,,,1,1,QUARANTINED
PRIMARY,M3,118,1,0,,,,1,1,QUARANTINED
PRIMARY,M3,119,1,0,,,,1,1,QUARANTINED
PRIMARY,M3,120,1,0,,,,1,1,QUARANTINED
PRIMARY,M3,121,1,0,,,,1,1,QUARANTINED
PRIMARY,M3,122,1,0,,,,1,1,QUARANTINED
PRIMARY,M3,123,1,0,,,,1,1,QUARANTINED
PRIMARY,M3,124,1,0,,,,1,1,QUARANTINED
PRIMARY,M3,125,1,0,,,,1,1,QUARANTINED
PRIMARY,M3,126,1,0,,,,1,1,QUARANTINED
PRIMARY,M3,127,1,0,,,,1,1,QUARANTINED
PRIMARY,M4,0,1,0,,,,1,1,ACTIVE
PRIMARY,M4,1,1,0,,,,1,1,ACTIVE
PRIMARY,M4,2,1,0,,,,1,1,ACTIVE
PRIMARY,M4,3,1,0,,,,1,1,ACTIVE
PRIMARY,M4,4,1,0,,,,1,1,ACTIVE
PRIMARY,M4,5,1,0,,,,1,1,ACTIVE
PRIMARY,M4,6,1,0,,,,1,1,ACTIVE
PRIMARY,M4,7,1,0,,,,1,1,ACTIVE
PRIMARY,M4,8,1,0,,,,1,1,ACTIVE
PRIMARY,M4,9,1,0,,,,1,1,ACTIVE
PRIMARY,M4,10,1,0,,,,1,1,ACTIVE
PRIMARY,M4,11,1,0,,,,1,1,ACTIVE
PRIMARY,M4,12,1,0,,,,1,1,ACTIVE
PRIMARY,M4,13,1,0,,,,1,1,ACTIVE
PRIMARY,M4,14,1,0,,,,1,1,ACTIVE
PRIMARY,M4,15,1,0,,,,1,1,ACTIVE
PRIMARY,M4,16,1,0,,,,1,1,ACTIVE
PRIMARY,M4,17,1,0,,,,1,1,ACTIVE
PRIMARY,M4,18,1,0,,,,1,1,ACTIVE
PRIMARY,M4,19,1,0,,,,1,1,ACTIVE
PRIMARY,M4,20,1,0,,,,1,1,ACTIVE
PRIMARY,M4,21,1,0,,,,1,1,ACTIVE
PRIMARY,M4,22,1,0,,,,1,1,ACTIVE
PRIMARY,M4,23,1,0,,,,1,1,ACTIVE
PRIMARY,M4,24,1,0,,,,1,1,ACTIVE
PRIMARY,M4,25,1,0,,,,1,1,ACTIVE
PRIMARY,M4,26,1,0,,,,1,1,ACTIVE
PRIMARY,M4,27,1,0,,,,1,1,ACTIVE
PRIMARY,M4,28,1,0,,,,1,1,ACTIVE
PRIMARY,M4,29,1,0,,,,1,1,ACTIVE
PRIMARY,M4,30,1,0,,,,1,1,ACTIVE
PRIMARY,M4,31,1,0,,,,1,1,ACTIVE
PRIMARY,M4,32,1,0,,,,1,1,ACTIVE
PRIMARY,M4,33,1,0,,,,1,1,ACTIVE
PRIMARY,M4,34,1,0,,,,1,1,ACTIVE
PRIMARY,M4,35,1,0,,,,1,1,ACTIVE
PRIMARY,M4,36,1,0,,,,1,1,ACTIVE
PRIMARY,M4,37,1,0,,,,1,1,ACTIVE
PRIMARY,M4,38,1,0,,,,1,1,ACTIVE
PRIMARY,M4,39,1,0,,,,1,1,ACTIVE
PRIMARY,M4,40,1,0,,,,1,1,ACTIVE
PRIMARY,M4,41,1,0,,,,1,1,ACTIVE
PRIMARY,M4,42,1,0,,,,1,1,ACTIVE
PRIMARY,M4,43,1,0,,,,1,1,ACTIVE
PRIMARY,M4,44,1,0,,,,1,1,ACTIVE
PRIMARY,M4,45,1,0,,,,1,1,ACTIVE
PRIMARY,M4,46,1,0,,,,1,1,ACTIVE
PRIMARY,M4,47,1,0,,,,1,1,ACTIVE
PRIMARY,M4,48,1,0,,,,1,1,ACTIVE
PRIMARY,M4,49,1,0,,,,1,1,ACTIVE
PRIMARY,M4,50,1,0,,,,1,1,ACTIVE
PRIMARY,M4,51,1,0,,,,1,1,ACTIVE
PRIMARY,M4,52,1,0,,,,1,1,ACTIVE
PRIMARY,M4,53,1,0,,,,1,1,ACTIVE
PRIMARY,M4,54,1,0,,,,1,1,ACTIVE
PRIMARY,M4,55,1,0,,,,1,1,ACTIVE
PRIMARY,M4,56,1,0,,,,1,1,ACTIVE
PRIMARY,M4,57,1,0,,,,1,1,ACTIVE
PRIMARY,M4,58,1,0,,,,1,1,ACTIVE
PRIMARY,M4,59,1,0,,,,1,1,ACTIVE
PRIMARY,M4,60,1,0,,,,1,1,ACTIVE
PRIMARY,M4,61,1,0,,,,1,1,ACTIVE
PRIMARY,M4,62,1,0,,,,1,1,ACTIVE
PRIMARY,M4,63,1,0,,,,1,1,ACTIVE
PRIMARY,M4,64,1,0,,,,1,1,ACTIVE
PRIMARY,M4,65,1,0,,,,1,1,ACTIVE
PRIMARY,M4,66,1,0,,,,1,1,ACTIVE
PRIMARY,M4,67,1,0,,,,1,1,ACTIVE
PRIMARY,M4,68,1,0,,,,1,1,ACTIVE
PRIMARY,M4,69,1,0,,,,1,1,ACTIVE
PRIMARY,M4,70,1,0,,,,1,1,ACTIVE
PRIMARY,M4,71,1,0,,,,1,1,ACTIVE
PRIMARY,M4,72,1,0,,,,1,1,ACTIVE
PRIMARY,M4,73,1,0,,,,1,1,ACTIVE
PRIMARY,M4,74,1,0,,,,1,1,ACTIVE
PRIMARY,M4,75,1,0,,,,1,1,ACTIVE
PRIMARY,M4,76,1,0,,,,1,1,ACTIVE
PRIMARY,M4,77,1,0,,,,1,1,ACTIVE
PRIMARY,M4,78,1,0,,,,1,1,ACTIVE
PRIMARY,M4,79,1,0,,,,1,1,ACTIVE
PRIMARY,M4,80,1,0,,,,1,1,ACTIVE
PRIMARY,M4,81,1,0,,,,1,1,ACTIVE
PRIMARY,M4,82,1,0,,,,1,1,ACTIVE
PRIMARY,M4,83,1,0,,,,1,1,ACTIVE
PRIMARY,M4,84,1,0,,,,1,1,ACTIVE
PRIMARY,M4,85,1,0,,,,1,1,ACTIVE
PRIMARY,M4,86,1,0,,,,1,1,ACTIVE
PRIMARY,M4,87,1,0,,,,1,1,ACTIVE
PRIMARY,M4,88,1,0,,,,1,1,ACTIVE
PRIMARY,M4,89,1,0,,,,1,1,ACTIVE
PRIMARY,M4,90,1,0,,,,1,1,ACTIVE
PRIMARY,M4,91,1,0,,,,1,1,ACTIVE
PRIMARY,M4,92,1,0,,,,1,1,ACTIVE
PRIMARY,M4,93,1,0,,,,1,1,ACTIVE
PRIMARY,M4,94,1,0,,,,1,1,ACTIVE
PRIMARY,M4,95,1,0,,,,1,1,ACTIVE
PRIMARY,M4,96,1,0,,,,1,1,ACTIVE
PRIMARY,M4,97,1,0,,,,1,1,ACTIVE
PRIMARY,M4,98,1,0,,,,1,1,ACTIVE
PRIMARY,M4,99,1,0,,,,1,1,ACTIVE
PRIMARY,M4,100,1,0,,,,1,1,ACTIVE
PRIMARY,M4,101,1,0,,,,1,1,ACTIVE
PRIMARY,M4,102,1,0,,,,1,1,ACTIVE
PRIMARY,M4,103,1,0,,,,1,1,ACTIVE
PRIMARY,M4,104,1,0,,,,1,1,ACTIVE
PRIMARY,M4,105,1,0,,,,1,1,ACTIVE
PRIMARY,M4,106,1,0,,,,1,1,ACTIVE
PRIMARY,M4,107,1,0,,,,1,1,ACTIVE
PRIMARY,M4,108,1,0,,,,1,1,ACTIVE
PRIMARY,M4,109,1,0,,,,1,1,ACTIVE
PRIMARY,M4,110,1,0,,,,1,1,ACTIVE
PRIMARY,M4,111,1,0,,,,1,1,ACTIVE
PRIMARY,M4,112,1,0,,,,1,1,ACTIVE
PRIMARY,M4,113,1,0,,,,1,1,ACTIVE
PRIMARY,M4,114,1,0,,,,1,1,ACTIVE
PRIMARY,M4,115,1,0,,,,1,1,ACTIVE
PRIMARY,M4,116,1,0,,,,1,1,ACTIVE
PRIMARY,M4,117,1,0,,,,1,1,ACTIVE
PRIMARY,M4,118,1,0,,,,1,1,ACTIVE
PRIMARY,M4,119,1,0,,,,1,1,ACTIVE
PRIMARY,M4,120,1,0,,,,1,1,ACTIVE
PRIMARY,M4,121,1,0,,,,1,1,ACTIVE
PRIMARY,M4,122,1,0,,,,1,1,ACTIVE
PRIMARY,M4,123,1,0,,,,1,1,ACTIVE
PRIMARY,M4,124,1,0,,,,1,1,ACTIVE
PRIMARY,M4,125,1,0,,,,1,1,ACTIVE
PRIMARY,M4,126,1,0,,,,1,1,ACTIVE
PRIMARY,M4,127,1,0,,,,1,1,ACTIVE
PRIMARY,M5,0,1,0,,,,1,1,QUARANTINED
PRIMARY,M5,1,1,0,,,,1,1,QUARANTINED
PRIMARY,M5,2,1,0,,,,1,1,QUARANTINED
PRIMARY,M5,3,1,0,,,,1,1,QUARANTINED
PRIMARY,M5,4,1,0,,,,1,1,QUARANTINED
PRIMARY,M5,5,1,0,,,,1,1,QUARANTINED
PRIMARY,M5,6,1,0,,,,1,1,QUARANTINED
PRIMARY,M5,7,1,0,,,,1,1,QUARANTINED
PRIMARY,M5,8,1,0,,,,1,1,QUARANTINED
PRIMARY,M5,9,1,0,,,,1,1,QUARANTINED
PRIMARY,M5,10,1,0,,,,1,1,QUARANTINED
PRIMARY,M5,11,1,0,,,,1,1,QUARANTINED
PRIMARY,M5,12,1,0,,,,1,1,QUARANTINED
PRIMARY,M5,13,1,0,,,,1,1,QUARANTINED
PRIMARY,M5,14,1,0,,,,1,1,QUARANTINED
PRIMARY,M5,15,1,0,,,,1,1,QUARANTINED
PRIMARY,M5,16,1,0,,,,1,1,QUARANTINED
PRIMARY,M5,17,1,0,,,,1,1,QUARANTINED
PRIMARY,M5,18,1,0,,,,1,1,QUARANTINED
PRIMARY,M5,19,1,0,,,,1,1,QUARANTINED
PRIMARY,M5,20,1,0,,,,1,1,QUARANTINED
PRIMARY,M5,21,1,0,,,,1,1,QUARANTINED
PRIMARY,M5,22,1,0,,,,1,1,QUARANTINED
PRIMARY,M5,23,1,0,,,,1,1,QUARANTINED
PRIMARY,M5,24,1,0,,,,1,1,QUARANTINED
PRIMARY,M5,25,1,0,,,,1,1,QUARANTINED
PRIMARY,M5,26,1,0,,,,1,1,QUARANTINED
PRIMARY,M5,27,1,0,,,,1,1,QUARANTINED
PRIMARY,M5,28,1,0,,,,1,1,QUARANTINED
PRIMARY,M5,29,1,0,,,,1,1,QUARANTINED
PRIMARY,M5,30,1,0,,,,1,1,QUARANTINED
PRIMARY,M5,31,1,0,,,,1,1,QUARANTINED
PRIMARY,M5,32,1,0,,,,1,1,QUARANTINED
PRIMARY,M5,33,1,0,,,,1,1,QUARANTINED
PRIMARY,M5,34,1,0,,,,1,1,QUARANTINED
PRIMARY,M5,35,1,0,,,,1,1,QUARANTINED
PRIMARY,M5,36,1,0,,,,1,1,QUARANTINED
PRIMARY,M5,37,1,0,,,,1,1,QUARANTINED
PRIMARY,M5,38,1,0,,,,1,1,QUARANTINED
PRIMARY,M5,39,1,0,,,,1,1,QUARANTINED
PRIMARY,M5,40,1,0,,,,1,1,QUARANTINED
PRIMARY,M5,41,1,0,,,,1,1,QUARANTINED
PRIMARY,M5,42,1,0,,,,1,1,QUARANTINED
PRIMARY,M5,43,1,0,,,,1,1,QUARANTINED
PRIMARY,M5,44,1,0,,,,1,1,QUARANTINED
PRIMARY,M5,45,1,0,,,,1,1,QUARANTINED
PRIMARY,M5,46,1,0,,,,1,1,QUARANTINED
PRIMARY,M5,47,1,0,,,,1,1,QUARANTINED
PRIMARY,M5,48,1,0,,,,1,1,QUARANTINED
PRIMARY,M5,49,1,0,,,,1,1,QUARANTINED
PRIMARY,M5,50,1,0,,,,1,1,QUARANTINED
PRIMARY,M5,51,1,0,,,,1,1,QUARANTINED
PRIMARY,M5,52,1,0,,,,1,1,QUARANTINED
PRIMARY,M5,53,1,0,,,,1,1,QUARANTINED
PRIMARY,M5,54,1,0,,,,1,1,QUARANTINED
PRIMARY,M5,55,1,0,,,,1,1,QUARANTINED
PRIMARY,M5,56,1,0,,,,1,1,QUARANTINED
PRIMARY,M5,57,1,0,,,,1,1,QUARANTINED
PRIMARY,M5,58,1,0,,,,1,1,QUARANTINED
PRIMARY,M5,59,1,0,,,,1,1,QUARANTINED
PRIMARY,M5,60,1,0,,,,1,1,QUARANTINED
PRIMARY,M5,61,1,0,,,,1,1,QUARANTINED
PRIMARY,M5,62,1,0,,,,1,1,QUARANTINED
PRIMARY,M5,63,1,0,,,,1,1,QUARANTINED
PRIMARY,M5,64,1,0,,,,1,1,QUARANTINED
PRIMARY,M5,65,1,0,,,,1,1,QUARANTINED
PRIMARY,M5,66,1,0,,,,1,1,QUARANTINED
PRIMARY,M5,67,1,0,,,,1,1,QUARANTINED
PRIMARY,M5,68,1,0,,,,1,1,QUARANTINED
PRIMARY,M5,69,1,0,,,,1,1,QUARANTINED
PRIMARY,M5,70,1,0,,,,1,1,QUARANTINED
PRIMARY,M5,71,1,0,,,,1,1,QUARANTINED
PRIMARY,M5,72,1,0,,,,1,1,QUARANTINED
PRIMARY,M5,73,1,0,,,,1,1,QUARANTINED
PRIMARY,M5,74,1,0,,,,1,1,QUARANTINED
PRIMARY,M5,75,1,0,,,,1,1,QUARANTINED
PRIMARY,M5,76,1,0,,,,1,1,QUARANTINED
PRIMARY,M5,77,1,0,,,,1,1,QUARANTINED
PRIMARY,M5,78,1,0,,,,1,1,QUARANTINED
PRIMARY,M5,79,1,0,,,,1,1,QUARANTINED
PRIMARY,M5,80,1,0,,,,1,1,QUARANTINED
PRIMARY,M5,81,1,0,,,,1,1,QUARANTINED
PRIMARY,M5,82,1,0,,,,1,1,QUARANTINED
PRIMARY,M5,83,1,0,,,,1,1,QUARANTINED
PRIMARY,M5,84,1,0,,,,1,1,QUARANTINED
PRIMARY,M5,85,1,0,,,,1,1,QUARANTINED
PRIMARY,M5,86,1,0,,,,1,1,QUARANTINED
PRIMARY,M5,87,1,0,,,,1,1,QUARANTINED
PRIMARY,M5,88,1,0,,,,1,1,QUARANTINED
PRIMARY,M5,89,1,0,,,,1,1,QUARANTINED
PRIMARY,M5,90,1,0,,,,1,1,QUARANTINED
PRIMARY,M5,91,1,0,,,,1,1,QUARANTINED
PRIMARY,M5,92,1,0,,,,1,1,QUARANTINED
PRIMARY,M5,93,1,0,,,,1,1,QUARANTINED
PRIMARY,M5,94,1,0,,,,1,1,QUARANTINED
PRIMARY,M5,95,1,0,,,,1,1,QUARANTINED
PRIMARY,M5,96,1,0,,,,1,1,QUARANTINED
PRIMARY,M5,97,1,0,,,,1,1,QUARANTINED
PRIMARY,M5,98,1,0,,,,1,1,QUARANTINED
PRIMARY,M5,99,1,0,,,,1,1,QUARANTINED
PRIMARY,M5,100,1,0,,,,1,1,QUARANTINED
PRIMARY,M5,101,1,0,,,,1,1,QUARANTINED
PRIMARY,M5,102,1,0,,,,1,1,QUARANTINED
PRIMARY,M5,103,1,0,,,,1,1,QUARANTINED
PRIMARY,M5,104,1,0,,,,1,1,QUARANTINED
PRIMARY,M5,105,1,0,,,,1,1,QUARANTINED
PRIMARY,M5,106,1,0,,,,1,1,QUARANTINED
PRIMARY,M5,107,1,0,,,,1,1,QUARANTINED
PRIMARY,M5,108,1,0,,,,1,1,QUARANTINED
PRIMARY,M5,109,1,0,,,,1,1,QUARANTINED
PRIMARY,M5,110,1,0,,,,1,1,QUARANTINED
PRIMARY,M5,111,1,0,,,,1,1,QUARANTINED
PRIMARY,M5,112,1,0,,,,1,1,QUARANTINED
PRIMARY,M5,113,1,0,,,,1,1,QUARANTINED
PRIMARY,M5,114,1,0,,,,1,1,QUARANTINED
PRIMARY,M5,115,1,0,,,,1,1,QUARANTINED
PRIMARY,M5,116,1,0,,,,1,1,QUARANTINED
PRIMARY,M5,117,1,0,,,,1,1,QUARANTINED
PRIMARY,M5,118,1,0,,,,1,1,QUARANTINED
PRIMARY,M5,119,1,0,,,,1,1,QUARANTINED
PRIMARY,M5,120,1,0,,,,1,1,QUARANTINED
PRIMARY,M5,121,1,0,,,,1,1,QUARANTINED
PRIMARY,M5,122,1,0,,,,1,1,QUARANTINED
PRIMARY,M5,123,1,0,,,,1,1,QUARANTINED
PRIMARY,M5,124,1,0,,,,1,1,QUARANTINED
PRIMARY,M5,125,1,0,,,,1,1,QUARANTINED
PRIMARY,M5,126,1,0,,,,1,1,QUARANTINED
PRIMARY,M5,127,1,0,,,,1,1,QUARANTINED
PRIMARY,M6,0,1,0,,,,1,1,UNIDENTIFIED
PRIMARY,M6,1,1,0,,,,1,1,FALSIFIED
PRIMARY,M6,2,1,0,,,,1,1,OOD
PRIMARY,M6,3,1,0,,,,1,1,ABSTAIN
PRIMARY,M6,4,1,0,,,,1,1,UNIDENTIFIED
PRIMARY,M6,5,1,0,,,,1,1,FALSIFIED
PRIMARY,M6,6,1,0,,,,1,1,OOD
PRIMARY,M6,7,1,0,,,,1,1,ABSTAIN
PRIMARY,M6,8,1,0,,,,1,1,UNIDENTIFIED
PRIMARY,M6,9,1,0,,,,1,1,FALSIFIED
PRIMARY,M6,10,1,0,,,,1,1,OOD
PRIMARY,M6,11,1,0,,,,1,1,ABSTAIN
PRIMARY,M6,12,1,0,,,,1,1,UNIDENTIFIED
PRIMARY,M6,13,1,0,,,,1,1,FALSIFIED
PRIMARY,M6,14,1,0,,,,1,1,OOD
PRIMARY,M6,15,1,0,,,,1,1,ABSTAIN
PRIMARY,M6,16,1,0,,,,1,1,UNIDENTIFIED
PRIMARY,M6,17,1,0,,,,1,1,FALSIFIED
PRIMARY,M6,18,1,0,,,,1,1,OOD
PRIMARY,M6,19,1,0,,,,1,1,ABSTAIN
PRIMARY,M6,20,1,0,,,,1,1,UNIDENTIFIED
PRIMARY,M6,21,1,0,,,,1,1,FALSIFIED
PRIMARY,M6,22,1,0,,,,1,1,OOD
PRIMARY,M6,23,1,0,,,,1,1,ABSTAIN
PRIMARY,M6,24,1,0,,,,1,1,UNIDENTIFIED
PRIMARY,M6,25,1,0,,,,1,1,FALSIFIED
PRIMARY,M6,26,1,0,,,,1,1,OOD
PRIMARY,M6,27,1,0,,,,1,1,ABSTAIN
PRIMARY,M6,28,1,0,,,,1,1,UNIDENTIFIED
PRIMARY,M6,29,1,0,,,,1,1,FALSIFIED
PRIMARY,M6,30,1,0,,,,1,1,OOD
PRIMARY,M6,31,1,0,,,,1,1,ABSTAIN
PRIMARY,M6,32,1,0,,,,1,1,UNIDENTIFIED
PRIMARY,M6,33,1,0,,,,1,1,FALSIFIED
PRIMARY,M6,34,1,0,,,,1,1,OOD
PRIMARY,M6,35,1,0,,,,1,1,ABSTAIN
PRIMARY,M6,36,1,0,,,,1,1,UNIDENTIFIED
PRIMARY,M6,37,1,0,,,,1,1,FALSIFIED
PRIMARY,M6,38,1,0,,,,1,1,OOD
PRIMARY,M6,39,1,0,,,,1,1,ABSTAIN
PRIMARY,M6,40,1,0,,,,1,1,UNIDENTIFIED
PRIMARY,M6,41,1,0,,,,1,1,FALSIFIED
PRIMARY,M6,42,1,0,,,,1,1,OOD
PRIMARY,M6,43,1,0,,,,1,1,ABSTAIN
PRIMARY,M6,44,1,0,,,,1,1,UNIDENTIFIED
PRIMARY,M6,45,1,0,,,,1,1,FALSIFIED
PRIMARY,M6,46,1,0,,,,1,1,OOD
PRIMARY,M6,47,1,0,,,,1,1,ABSTAIN
PRIMARY,M6,48,1,0,,,,1,1,UNIDENTIFIED
PRIMARY,M6,49,1,0,,,,1,1,FALSIFIED
PRIMARY,M6,50,1,0,,,,1,1,OOD
PRIMARY,M6,51,1,0,,,,1,1,ABSTAIN
PRIMARY,M6,52,1,0,,,,1,1,UNIDENTIFIED
PRIMARY,M6,53,1,0,,,,1,1,FALSIFIED
PRIMARY,M6,54,1,0,,,,1,1,OOD
PRIMARY,M6,55,1,0,,,,1,1,ABSTAIN
PRIMARY,M6,56,1,0,,,,1,1,UNIDENTIFIED
PRIMARY,M6,57,1,0,,,,1,1,FALSIFIED
PRIMARY,M6,58,1,0,,,,1,1,OOD
PRIMARY,M6,59,1,0,,,,1,1,ABSTAIN
PRIMARY,M6,60,1,0,,,,1,1,UNIDENTIFIED
PRIMARY,M6,61,1,0,,,,1,1,FALSIFIED
PRIMARY,M6,62,1,0,,,,1,1,OOD
PRIMARY,M6,63,1,0,,,,1,1,ABSTAIN
PRIMARY,M6,64,1,0,,,,1,1,UNIDENTIFIED
PRIMARY,M6,65,1,0,,,,1,1,FALSIFIED
PRIMARY,M6,66,1,0,,,,1,1,OOD
PRIMARY,M6,67,1,0,,,,1,1,ABSTAIN
PRIMARY,M6,68,1,0,,,,1,1,UNIDENTIFIED
PRIMARY,M6,69,1,0,,,,1,1,FALSIFIED
PRIMARY,M6,70,1,0,,,,1,1,OOD
PRIMARY,M6,71,1,0,,,,1,1,ABSTAIN
PRIMARY,M6,72,1,0,,,,1,1,UNIDENTIFIED
PRIMARY,M6,73,1,0,,,,1,1,FALSIFIED
PRIMARY,M6,74,1,0,,,,1,1,OOD
PRIMARY,M6,75,1,0,,,,1,1,ABSTAIN
PRIMARY,M6,76,1,0,,,,1,1,UNIDENTIFIED
PRIMARY,M6,77,1,0,,,,1,1,FALSIFIED
PRIMARY,M6,78,1,0,,,,1,1,OOD
PRIMARY,M6,79,1,0,,,,1,1,ABSTAIN
PRIMARY,M6,80,1,0,,,,1,1,UNIDENTIFIED
PRIMARY,M6,81,1,0,,,,1,1,FALSIFIED
PRIMARY,M6,82,1,0,,,,1,1,OOD
PRIMARY,M6,83,1,0,,,,1,1,ABSTAIN
PRIMARY,M6,84,1,0,,,,1,1,UNIDENTIFIED
PRIMARY,M6,85,1,0,,,,1,1,FALSIFIED
PRIMARY,M6,86,1,0,,,,1,1,OOD
PRIMARY,M6,87,1,0,,,,1,1,ABSTAIN
PRIMARY,M6,88,1,0,,,,1,1,UNIDENTIFIED
PRIMARY,M6,89,1,0,,,,1,1,FALSIFIED
PRIMARY,M6,90,1,0,,,,1,1,OOD
PRIMARY,M6,91,1,0,,,,1,1,ABSTAIN
PRIMARY,M6,92,1,0,,,,1,1,UNIDENTIFIED
PRIMARY,M6,93,1,0,,,,1,1,FALSIFIED
PRIMARY,M6,94,1,0,,,,1,1,OOD
PRIMARY,M6,95,1,0,,,,1,1,ABSTAIN
PRIMARY,M6,96,1,0,,,,1,1,UNIDENTIFIED
PRIMARY,M6,97,1,0,,,,1,1,FALSIFIED
PRIMARY,M6,98,1,0,,,,1,1,OOD
PRIMARY,M6,99,1,0,,,,1,1,ABSTAIN
PRIMARY,M6,100,1,0,,,,1,1,UNIDENTIFIED
PRIMARY,M6,101,1,0,,,,1,1,FALSIFIED
PRIMARY,M6,102,1,0,,,,1,1,OOD
PRIMARY,M6,103,1,0,,,,1,1,ABSTAIN
PRIMARY,M6,104,1,0,,,,1,1,UNIDENTIFIED
PRIMARY,M6,105,1,0,,,,1,1,FALSIFIED
PRIMARY,M6,106,1,0,,,,1,1,OOD
PRIMARY,M6,107,1,0,,,,1,1,ABSTAIN
PRIMARY,M6,108,1,0,,,,1,1,UNIDENTIFIED
PRIMARY,M6,109,1,0,,,,1,1,FALSIFIED
PRIMARY,M6,110,1,0,,,,1,1,OOD
PRIMARY,M6,111,1,0,,,,1,1,ABSTAIN
PRIMARY,M6,112,1,0,,,,1,1,UNIDENTIFIED
PRIMARY,M6,113,1,0,,,,1,1,FALSIFIED
PRIMARY,M6,114,1,0,,,,1,1,OOD
PRIMARY,M6,115,1,0,,,,1,1,ABSTAIN
PRIMARY,M6,116,1,0,,,,1,1,UNIDENTIFIED
PRIMARY,M6,117,1,0,,,,1,1,FALSIFIED
PRIMARY,M6,118,1,0,,,,1,1,OOD
PRIMARY,M6,119,1,0,,,,1,1,ABSTAIN
PRIMARY,M6,120,1,0,,,,1,1,UNIDENTIFIED
PRIMARY,M6,121,1,0,,,,1,1,FALSIFIED
PRIMARY,M6,122,1,0,,,,1,1,OOD
PRIMARY,M6,123,1,0,,,,1,1,ABSTAIN
PRIMARY,M6,124,1,0,,,,1,1,UNIDENTIFIED
PRIMARY,M6,125,1,0,,,,1,1,FALSIFIED
PRIMARY,M6,126,1,0,,,,1,1,OOD
PRIMARY,M6,127,1,0,,,,1,1,ABSTAIN
PRIMARY,M7,0,1,0,1,,,1,1,"child,grand,root"
PRIMARY,M7,1,1,0,1,,,1,1,"child,grand,root"
PRIMARY,M7,2,1,0,1,,,1,1,"child,grand,root"
PRIMARY,M7,3,1,0,1,,,1,1,"child,grand,root"
PRIMARY,M7,4,1,0,1,,,1,1,"child,grand,root"
PRIMARY,M7,5,1,0,1,,,1,1,"child,grand,root"
PRIMARY,M7,6,1,0,1,,,1,1,"child,grand,root"
PRIMARY,M7,7,1,0,1,,,1,1,"child,grand,root"
PRIMARY,M7,8,1,0,1,,,1,1,"child,grand,root"
PRIMARY,M7,9,1,0,1,,,1,1,"child,grand,root"
PRIMARY,M7,10,1,0,1,,,1,1,"child,grand,root"
PRIMARY,M7,11,1,0,1,,,1,1,"child,grand,root"
PRIMARY,M7,12,1,0,1,,,1,1,"child,grand,root"
PRIMARY,M7,13,1,0,1,,,1,1,"child,grand,root"
PRIMARY,M7,14,1,0,1,,,1,1,"child,grand,root"
PRIMARY,M7,15,1,0,1,,,1,1,"child,grand,root"
PRIMARY,M7,16,1,0,1,,,1,1,"child,grand,root"
PRIMARY,M7,17,1,0,1,,,1,1,"child,grand,root"
PRIMARY,M7,18,1,0,1,,,1,1,"child,grand,root"
PRIMARY,M7,19,1,0,1,,,1,1,"child,grand,root"
PRIMARY,M7,20,1,0,1,,,1,1,"child,grand,root"
PRIMARY,M7,21,1,0,1,,,1,1,"child,grand,root"
PRIMARY,M7,22,1,0,1,,,1,1,"child,grand,root"
PRIMARY,M7,23,1,0,1,,,1,1,"child,grand,root"
PRIMARY,M7,24,1,0,1,,,1,1,"child,grand,root"
PRIMARY,M7,25,1,0,1,,,1,1,"child,grand,root"
PRIMARY,M7,26,1,0,1,,,1,1,"child,grand,root"
PRIMARY,M7,27,1,0,1,,,1,1,"child,grand,root"
PRIMARY,M7,28,1,0,1,,,1,1,"child,grand,root"
PRIMARY,M7,29,1,0,1,,,1,1,"child,grand,root"
PRIMARY,M7,30,1,0,1,,,1,1,"child,grand,root"
PRIMARY,M7,31,1,0,1,,,1,1,"child,grand,root"
PRIMARY,M7,32,1,0,1,,,1,1,"child,grand,root"
PRIMARY,M7,33,1,0,1,,,1,1,"child,grand,root"
PRIMARY,M7,34,1,0,1,,,1,1,"child,grand,root"
PRIMARY,M7,35,1,0,1,,,1,1,"child,grand,root"
PRIMARY,M7,36,1,0,1,,,1,1,"child,grand,root"
PRIMARY,M7,37,1,0,1,,,1,1,"child,grand,root"
PRIMARY,M7,38,1,0,1,,,1,1,"child,grand,root"
PRIMARY,M7,39,1,0,1,,,1,1,"child,grand,root"
PRIMARY,M7,40,1,0,1,,,1,1,"child,grand,root"
PRIMARY,M7,41,1,0,1,,,1,1,"child,grand,root"
PRIMARY,M7,42,1,0,1,,,1,1,"child,grand,root"
PRIMARY,M7,43,1,0,1,,,1,1,"child,grand,root"
PRIMARY,M7,44,1,0,1,,,1,1,"child,grand,root"
PRIMARY,M7,45,1,0,1,,,1,1,"child,grand,root"
PRIMARY,M7,46,1,0,1,,,1,1,"child,grand,root"
PRIMARY,M7,47,1,0,1,,,1,1,"child,grand,root"
PRIMARY,M7,48,1,0,1,,,1,1,"child,grand,root"
PRIMARY,M7,49,1,0,1,,,1,1,"child,grand,root"
PRIMARY,M7,50,1,0,1,,,1,1,"child,grand,root"
PRIMARY,M7,51,1,0,1,,,1,1,"child,grand,root"
PRIMARY,M7,52,1,0,1,,,1,1,"child,grand,root"
PRIMARY,M7,53,1,0,1,,,1,1,"child,grand,root"
PRIMARY,M7,54,1,0,1,,,1,1,"child,grand,root"
PRIMARY,M7,55,1,0,1,,,1,1,"child,grand,root"
PRIMARY,M7,56,1,0,1,,,1,1,"child,grand,root"
PRIMARY,M7,57,1,0,1,,,1,1,"child,grand,root"
PRIMARY,M7,58,1,0,1,,,1,1,"child,grand,root"
PRIMARY,M7,59,1,0,1,,,1,1,"child,grand,root"
PRIMARY,M7,60,1,0,1,,,1,1,"child,grand,root"
PRIMARY,M7,61,1,0,1,,,1,1,"child,grand,root"
PRIMARY,M7,62,1,0,1,,,1,1,"child,grand,root"
PRIMARY,M7,63,1,0,1,,,1,1,"child,grand,root"
PRIMARY,M7,64,1,0,1,,,1,1,"child,grand,root"
PRIMARY,M7,65,1,0,1,,,1,1,"child,grand,root"
PRIMARY,M7,66,1,0,1,,,1,1,"child,grand,root"
PRIMARY,M7,67,1,0,1,,,1,1,"child,grand,root"
PRIMARY,M7,68,1,0,1,,,1,1,"child,grand,root"
PRIMARY,M7,69,1,0,1,,,1,1,"child,grand,root"
PRIMARY,M7,70,1,0,1,,,1,1,"child,grand,root"
PRIMARY,M7,71,1,0,1,,,1,1,"child,grand,root"
PRIMARY,M7,72,1,0,1,,,1,1,"child,grand,root"
PRIMARY,M7,73,1,0,1,,,1,1,"child,grand,root"
PRIMARY,M7,74,1,0,1,,,1,1,"child,grand,root"
PRIMARY,M7,75,1,0,1,,,1,1,"child,grand,root"
PRIMARY,M7,76,1,0,1,,,1,1,"child,grand,root"
PRIMARY,M7,77,1,0,1,,,1,1,"child,grand,root"
PRIMARY,M7,78,1,0,1,,,1,1,"child,grand,root"
PRIMARY,M7,79,1,0,1,,,1,1,"child,grand,root"
PRIMARY,M7,80,1,0,1,,,1,1,"child,grand,root"
PRIMARY,M7,81,1,0,1,,,1,1,"child,grand,root"
PRIMARY,M7,82,1,0,1,,,1,1,"child,grand,root"
PRIMARY,M7,83,1,0,1,,,1,1,"child,grand,root"
PRIMARY,M7,84,1,0,1,,,1,1,"child,grand,root"
PRIMARY,M7,85,1,0,1,,,1,1,"child,grand,root"
PRIMARY,M7,86,1,0,1,,,1,1,"child,grand,root"
PRIMARY,M7,87,1,0,1,,,1,1,"child,grand,root"
PRIMARY,M7,88,1,0,1,,,1,1,"child,grand,root"
PRIMARY,M7,89,1,0,1,,,1,1,"child,grand,root"
PRIMARY,M7,90,1,0,1,,,1,1,"child,grand,root"
PRIMARY,M7,91,1,0,1,,,1,1,"child,grand,root"
PRIMARY,M7,92,1,0,1,,,1,1,"child,grand,root"
PRIMARY,M7,93,1,0,1,,,1,1,"child,grand,root"
PRIMARY,M7,94,1,0,1,,,1,1,"child,grand,root"
PRIMARY,M7,95,1,0,1,,,1,1,"child,grand,root"
PRIMARY,M7,96,1,0,1,,,1,1,"child,grand,root"
PRIMARY,M7,97,1,0,1,,,1,1,"child,grand,root"
PRIMARY,M7,98,1,0,1,,,1,1,"child,grand,root"
PRIMARY,M7,99,1,0,1,,,1,1,"child,grand,root"
PRIMARY,M7,100,1,0,1,,,1,1,"child,grand,root"
PRIMARY,M7,101,1,0,1,,,1,1,"child,grand,root"
PRIMARY,M7,102,1,0,1,,,1,1,"child,grand,root"
PRIMARY,M7,103,1,0,1,,,1,1,"child,grand,root"
PRIMARY,M7,104,1,0,1,,,1,1,"child,grand,root"
PRIMARY,M7,105,1,0,1,,,1,1,"child,grand,root"
PRIMARY,M7,106,1,0,1,,,1,1,"child,grand,root"
PRIMARY,M7,107,1,0,1,,,1,1,"child,grand,root"
PRIMARY,M7,108,1,0,1,,,1,1,"child,grand,root"
PRIMARY,M7,109,1,0,1,,,1,1,"child,grand,root"
PRIMARY,M7,110,1,0,1,,,1,1,"child,grand,root"
PRIMARY,M7,111,1,0,1,,,1,1,"child,grand,root"
PRIMARY,M7,112,1,0,1,,,1,1,"child,grand,root"
PRIMARY,M7,113,1,0,1,,,1,1,"child,grand,root"
PRIMARY,M7,114,1,0,1,,,1,1,"child,grand,root"
PRIMARY,M7,115,1,0,1,,,1,1,"child,grand,root"
PRIMARY,M7,116,1,0,1,,,1,1,"child,grand,root"
PRIMARY,M7,117,1,0,1,,,1,1,"child,grand,root"
PRIMARY,M7,118,1,0,1,,,1,1,"child,grand,root"
PRIMARY,M7,119,1,0,1,,,1,1,"child,grand,root"
PRIMARY,M7,120,1,0,1,,,1,1,"child,grand,root"
PRIMARY,M7,121,1,0,1,,,1,1,"child,grand,root"
PRIMARY,M7,122,1,0,1,,,1,1,"child,grand,root"
PRIMARY,M7,123,1,0,1,,,1,1,"child,grand,root"
PRIMARY,M7,124,1,0,1,,,1,1,"child,grand,root"
PRIMARY,M7,125,1,0,1,,,1,1,"child,grand,root"
PRIMARY,M7,126,1,0,1,,,1,1,"child,grand,root"
PRIMARY,M7,127,1,0,1,,,1,1,"child,grand,root"
PRIMARY,M8,0,1,0,1,,,1,1,"d1,d2,root"
PRIMARY,M8,1,1,0,1,,,1,1,"d1,d2,root"
PRIMARY,M8,2,1,0,1,,,1,1,"d1,d2,root"
PRIMARY,M8,3,1,0,1,,,1,1,"d1,d2,root"
PRIMARY,M8,4,1,0,1,,,1,1,"d1,d2,root"
PRIMARY,M8,5,1,0,1,,,1,1,"d1,d2,root"
PRIMARY,M8,6,1,0,1,,,1,1,"d1,d2,root"
PRIMARY,M8,7,1,0,1,,,1,1,"d1,d2,root"
PRIMARY,M8,8,1,0,1,,,1,1,"d1,d2,root"
PRIMARY,M8,9,1,0,1,,,1,1,"d1,d2,root"
PRIMARY,M8,10,1,0,1,,,1,1,"d1,d2,root"
PRIMARY,M8,11,1,0,1,,,1,1,"d1,d2,root"
PRIMARY,M8,12,1,0,1,,,1,1,"d1,d2,root"
PRIMARY,M8,13,1,0,1,,,1,1,"d1,d2,root"
PRIMARY,M8,14,1,0,1,,,1,1,"d1,d2,root"
PRIMARY,M8,15,1,0,1,,,1,1,"d1,d2,root"
PRIMARY,M8,16,1,0,1,,,1,1,"d1,d2,root"
PRIMARY,M8,17,1,0,1,,,1,1,"d1,d2,root"
PRIMARY,M8,18,1,0,1,,,1,1,"d1,d2,root"
PRIMARY,M8,19,1,0,1,,,1,1,"d1,d2,root"
PRIMARY,M8,20,1,0,1,,,1,1,"d1,d2,root"
PRIMARY,M8,21,1,0,1,,,1,1,"d1,d2,root"
PRIMARY,M8,22,1,0,1,,,1,1,"d1,d2,root"
PRIMARY,M8,23,1,0,1,,,1,1,"d1,d2,root"
PRIMARY,M8,24,1,0,1,,,1,1,"d1,d2,root"
PRIMARY,M8,25,1,0,1,,,1,1,"d1,d2,root"
PRIMARY,M8,26,1,0,1,,,1,1,"d1,d2,root"
PRIMARY,M8,27,1,0,1,,,1,1,"d1,d2,root"
PRIMARY,M8,28,1,0,1,,,1,1,"d1,d2,root"
PRIMARY,M8,29,1,0,1,,,1,1,"d1,d2,root"
PRIMARY,M8,30,1,0,1,,,1,1,"d1,d2,root"
PRIMARY,M8,31,1,0,1,,,1,1,"d1,d2,root"
PRIMARY,M8,32,1,0,1,,,1,1,"d1,d2,root"
PRIMARY,M8,33,1,0,1,,,1,1,"d1,d2,root"
PRIMARY,M8,34,1,0,1,,,1,1,"d1,d2,root"
PRIMARY,M8,35,1,0,1,,,1,1,"d1,d2,root"
PRIMARY,M8,36,1,0,1,,,1,1,"d1,d2,root"
PRIMARY,M8,37,1,0,1,,,1,1,"d1,d2,root"
PRIMARY,M8,38,1,0,1,,,1,1,"d1,d2,root"
PRIMARY,M8,39,1,0,1,,,1,1,"d1,d2,root"
PRIMARY,M8,40,1,0,1,,,1,1,"d1,d2,root"
PRIMARY,M8,41,1,0,1,,,1,1,"d1,d2,root"
PRIMARY,M8,42,1,0,1,,,1,1,"d1,d2,root"
PRIMARY,M8,43,1,0,1,,,1,1,"d1,d2,root"
PRIMARY,M8,44,1,0,1,,,1,1,"d1,d2,root"
PRIMARY,M8,45,1,0,1,,,1,1,"d1,d2,root"
PRIMARY,M8,46,1,0,1,,,1,1,"d1,d2,root"
PRIMARY,M8,47,1,0,1,,,1,1,"d1,d2,root"
PRIMARY,M8,48,1,0,1,,,1,1,"d1,d2,root"
PRIMARY,M8,49,1,0,1,,,1,1,"d1,d2,root"
PRIMARY,M8,50,1,0,1,,,1,1,"d1,d2,root"
PRIMARY,M8,51,1,0,1,,,1,1,"d1,d2,root"
PRIMARY,M8,52,1,0,1,,,1,1,"d1,d2,root"
PRIMARY,M8,53,1,0,1,,,1,1,"d1,d2,root"
PRIMARY,M8,54,1,0,1,,,1,1,"d1,d2,root"
PRIMARY,M8,55,1,0,1,,,1,1,"d1,d2,root"
PRIMARY,M8,56,1,0,1,,,1,1,"d1,d2,root"
PRIMARY,M8,57,1,0,1,,,1,1,"d1,d2,root"
PRIMARY,M8,58,1,0,1,,,1,1,"d1,d2,root"
PRIMARY,M8,59,1,0,1,,,1,1,"d1,d2,root"
PRIMARY,M8,60,1,0,1,,,1,1,"d1,d2,root"
PRIMARY,M8,61,1,0,1,,,1,1,"d1,d2,root"
PRIMARY,M8,62,1,0,1,,,1,1,"d1,d2,root"
PRIMARY,M8,63,1,0,1,,,1,1,"d1,d2,root"
PRIMARY,M8,64,1,0,1,,,1,1,"d1,d2,root"
PRIMARY,M8,65,1,0,1,,,1,1,"d1,d2,root"
PRIMARY,M8,66,1,0,1,,,1,1,"d1,d2,root"
PRIMARY,M8,67,1,0,1,,,1,1,"d1,d2,root"
PRIMARY,M8,68,1,0,1,,,1,1,"d1,d2,root"
PRIMARY,M8,69,1,0,1,,,1,1,"d1,d2,root"
PRIMARY,M8,70,1,0,1,,,1,1,"d1,d2,root"
PRIMARY,M8,71,1,0,1,,,1,1,"d1,d2,root"
PRIMARY,M8,72,1,0,1,,,1,1,"d1,d2,root"
PRIMARY,M8,73,1,0,1,,,1,1,"d1,d2,root"
PRIMARY,M8,74,1,0,1,,,1,1,"d1,d2,root"
PRIMARY,M8,75,1,0,1,,,1,1,"d1,d2,root"
PRIMARY,M8,76,1,0,1,,,1,1,"d1,d2,root"
PRIMARY,M8,77,1,0,1,,,1,1,"d1,d2,root"
PRIMARY,M8,78,1,0,1,,,1,1,"d1,d2,root"
PRIMARY,M8,79,1,0,1,,,1,1,"d1,d2,root"
PRIMARY,M8,80,1,0,1,,,1,1,"d1,d2,root"
PRIMARY,M8,81,1,0,1,,,1,1,"d1,d2,root"
PRIMARY,M8,82,1,0,1,,,1,1,"d1,d2,root"
PRIMARY,M8,83,1,0,1,,,1,1,"d1,d2,root"
PRIMARY,M8,84,1,0,1,,,1,1,"d1,d2,root"
PRIMARY,M8,85,1,0,1,,,1,1,"d1,d2,root"
PRIMARY,M8,86,1,0,1,,,1,1,"d1,d2,root"
PRIMARY,M8,87,1,0,1,,,1,1,"d1,d2,root"
PRIMARY,M8,88,1,0,1,,,1,1,"d1,d2,root"
PRIMARY,M8,89,1,0,1,,,1,1,"d1,d2,root"
PRIMARY,M8,90,1,0,1,,,1,1,"d1,d2,root"
PRIMARY,M8,91,1,0,1,,,1,1,"d1,d2,root"
PRIMARY,M8,92,1,0,1,,,1,1,"d1,d2,root"
PRIMARY,M8,93,1,0,1,,,1,1,"d1,d2,root"
PRIMARY,M8,94,1,0,1,,,1,1,"d1,d2,root"
PRIMARY,M8,95,1,0,1,,,1,1,"d1,d2,root"
PRIMARY,M8,96,1,0,1,,,1,1,"d1,d2,root"
PRIMARY,M8,97,1,0,1,,,1,1,"d1,d2,root"
PRIMARY,M8,98,1,0,1,,,1,1,"d1,d2,root"
PRIMARY,M8,99,1,0,1,,,1,1,"d1,d2,root"
PRIMARY,M8,100,1,0,1,,,1,1,"d1,d2,root"
PRIMARY,M8,101,1,0,1,,,1,1,"d1,d2,root"
PRIMARY,M8,102,1,0,1,,,1,1,"d1,d2,root"
PRIMARY,M8,103,1,0,1,,,1,1,"d1,d2,root"
PRIMARY,M8,104,1,0,1,,,1,1,"d1,d2,root"
PRIMARY,M8,105,1,0,1,,,1,1,"d1,d2,root"
PRIMARY,M8,106,1,0,1,,,1,1,"d1,d2,root"
PRIMARY,M8,107,1,0,1,,,1,1,"d1,d2,root"
PRIMARY,M8,108,1,0,1,,,1,1,"d1,d2,root"
PRIMARY,M8,109,1,0,1,,,1,1,"d1,d2,root"
PRIMARY,M8,110,1,0,1,,,1,1,"d1,d2,root"
PRIMARY,M8,111,1,0,1,,,1,1,"d1,d2,root"
PRIMARY,M8,112,1,0,1,,,1,1,"d1,d2,root"
PRIMARY,M8,113,1,0,1,,,1,1,"d1,d2,root"
PRIMARY,M8,114,1,0,1,,,1,1,"d1,d2,root"
PRIMARY,M8,115,1,0,1,,,1,1,"d1,d2,root"
PRIMARY,M8,116,1,0,1,,,1,1,"d1,d2,root"
PRIMARY,M8,117,1,0,1,,,1,1,"d1,d2,root"
PRIMARY,M8,118,1,0,1,,,1,1,"d1,d2,root"
PRIMARY,M8,119,1,0,1,,,1,1,"d1,d2,root"
PRIMARY,M8,120,1,0,1,,,1,1,"d1,d2,root"
PRIMARY,M8,121,1,0,1,,,1,1,"d1,d2,root"
PRIMARY,M8,122,1,0,1,,,1,1,"d1,d2,root"
PRIMARY,M8,123,1,0,1,,,1,1,"d1,d2,root"
PRIMARY,M8,124,1,0,1,,,1,1,"d1,d2,root"
PRIMARY,M8,125,1,0,1,,,1,1,"d1,d2,root"
PRIMARY,M8,126,1,0,1,,,1,1,"d1,d2,root"
PRIMARY,M8,127,1,0,1,,,1,1,"d1,d2,root"
PRIMARY,M9,0,1,0,,,0,1,1,"tampered=False,direct=False"
PRIMARY,M9,1,1,0,,,0,1,1,"tampered=False,direct=False"
PRIMARY,M9,2,1,0,,,0,1,1,"tampered=False,direct=False"
PRIMARY,M9,3,1,0,,,0,1,1,"tampered=False,direct=False"
PRIMARY,M9,4,1,0,,,0,1,1,"tampered=False,direct=False"
PRIMARY,M9,5,1,0,,,0,1,1,"tampered=False,direct=False"
PRIMARY,M9,6,1,0,,,0,1,1,"tampered=False,direct=False"
PRIMARY,M9,7,1,0,,,0,1,1,"tampered=False,direct=False"
PRIMARY,M9,8,1,0,,,0,1,1,"tampered=False,direct=False"
PRIMARY,M9,9,1,0,,,0,1,1,"tampered=False,direct=False"
PRIMARY,M9,10,1,0,,,0,1,1,"tampered=False,direct=False"
PRIMARY,M9,11,1,0,,,0,1,1,"tampered=False,direct=False"
PRIMARY,M9,12,1,0,,,0,1,1,"tampered=False,direct=False"
PRIMARY,M9,13,1,0,,,0,1,1,"tampered=False,direct=False"
PRIMARY,M9,14,1,0,,,0,1,1,"tampered=False,direct=False"
PRIMARY,M9,15,1,0,,,0,1,1,"tampered=False,direct=False"
PRIMARY,M9,16,1,0,,,0,1,1,"tampered=False,direct=False"
PRIMARY,M9,17,1,0,,,0,1,1,"tampered=False,direct=False"
PRIMARY,M9,18,1,0,,,0,1,1,"tampered=False,direct=False"
PRIMARY,M9,19,1,0,,,0,1,1,"tampered=False,direct=False"
PRIMARY,M9,20,1,0,,,0,1,1,"tampered=False,direct=False"
PRIMARY,M9,21,1,0,,,0,1,1,"tampered=False,direct=False"
PRIMARY,M9,22,1,0,,,0,1,1,"tampered=False,direct=False"
PRIMARY,M9,23,1,0,,,0,1,1,"tampered=False,direct=False"
PRIMARY,M9,24,1,0,,,0,1,1,"tampered=False,direct=False"
PRIMARY,M9,25,1,0,,,0,1,1,"tampered=False,direct=False"
PRIMARY,M9,26,1,0,,,0,1,1,"tampered=False,direct=False"
PRIMARY,M9,27,1,0,,,0,1,1,"tampered=False,direct=False"
PRIMARY,M9,28,1,0,,,0,1,1,"tampered=False,direct=False"
PRIMARY,M9,29,1,0,,,0,1,1,"tampered=False,direct=False"
PRIMARY,M9,30,1,0,,,0,1,1,"tampered=False,direct=False"
PRIMARY,M9,31,1,0,,,0,1,1,"tampered=False,direct=False"
PRIMARY,M9,32,1,0,,,0,1,1,"tampered=False,direct=False"
PRIMARY,M9,33,1,0,,,0,1,1,"tampered=False,direct=False"
PRIMARY,M9,34,1,0,,,0,1,1,"tampered=False,direct=False"
PRIMARY,M9,35,1,0,,,0,1,1,"tampered=False,direct=False"
PRIMARY,M9,36,1,0,,,0,1,1,"tampered=False,direct=False"
PRIMARY,M9,37,1,0,,,0,1,1,"tampered=False,direct=False"
PRIMARY,M9,38,1,0,,,0,1,1,"tampered=False,direct=False"
PRIMARY,M9,39,1,0,,,0,1,1,"tampered=False,direct=False"
PRIMARY,M9,40,1,0,,,0,1,1,"tampered=False,direct=False"
PRIMARY,M9,41,1,0,,,0,1,1,"tampered=False,direct=False"
PRIMARY,M9,42,1,0,,,0,1,1,"tampered=False,direct=False"
PRIMARY,M9,43,1,0,,,0,1,1,"tampered=False,direct=False"
PRIMARY,M9,44,1,0,,,0,1,1,"tampered=False,direct=False"
PRIMARY,M9,45,1,0,,,0,1,1,"tampered=False,direct=False"
PRIMARY,M9,46,1,0,,,0,1,1,"tampered=False,direct=False"
PRIMARY,M9,47,1,0,,,0,1,1,"tampered=False,direct=False"
PRIMARY,M9,48,1,0,,,0,1,1,"tampered=False,direct=False"
PRIMARY,M9,49,1,0,,,0,1,1,"tampered=False,direct=False"
PRIMARY,M9,50,1,0,,,0,1,1,"tampered=False,direct=False"
PRIMARY,M9,51,1,0,,,0,1,1,"tampered=False,direct=False"
PRIMARY,M9,52,1,0,,,0,1,1,"tampered=False,direct=False"
PRIMARY,M9,53,1,0,,,0,1,1,"tampered=False,direct=False"
PRIMARY,M9,54,1,0,,,0,1,1,"tampered=False,direct=False"
PRIMARY,M9,55,1,0,,,0,1,1,"tampered=False,direct=False"
PRIMARY,M9,56,1,0,,,0,1,1,"tampered=False,direct=False"
PRIMARY,M9,57,1,0,,,0,1,1,"tampered=False,direct=False"
PRIMARY,M9,58,1,0,,,0,1,1,"tampered=False,direct=False"
PRIMARY,M9,59,1,0,,,0,1,1,"tampered=False,direct=False"
PRIMARY,M9,60,1,0,,,0,1,1,"tampered=False,direct=False"
PRIMARY,M9,61,1,0,,,0,1,1,"tampered=False,direct=False"
PRIMARY,M9,62,1,0,,,0,1,1,"tampered=False,direct=False"
PRIMARY,M9,63,1,0,,,0,1,1,"tampered=False,direct=False"
PRIMARY,M9,64,1,0,,,0,1,1,"tampered=False,direct=False"
PRIMARY,M9,65,1,0,,,0,1,1,"tampered=False,direct=False"
PRIMARY,M9,66,1,0,,,0,1,1,"tampered=False,direct=False"
PRIMARY,M9,67,1,0,,,0,1,1,"tampered=False,direct=False"
PRIMARY,M9,68,1,0,,,0,1,1,"tampered=False,direct=False"
PRIMARY,M9,69,1,0,,,0,1,1,"tampered=False,direct=False"
PRIMARY,M9,70,1,0,,,0,1,1,"tampered=False,direct=False"
PRIMARY,M9,71,1,0,,,0,1,1,"tampered=False,direct=False"
PRIMARY,M9,72,1,0,,,0,1,1,"tampered=False,direct=False"
PRIMARY,M9,73,1,0,,,0,1,1,"tampered=False,direct=False"
PRIMARY,M9,74,1,0,,,0,1,1,"tampered=False,direct=False"
PRIMARY,M9,75,1,0,,,0,1,1,"tampered=False,direct=False"
PRIMARY,M9,76,1,0,,,0,1,1,"tampered=False,direct=False"
PRIMARY,M9,77,1,0,,,0,1,1,"tampered=False,direct=False"
PRIMARY,M9,78,1,0,,,0,1,1,"tampered=False,direct=False"
PRIMARY,M9,79,1,0,,,0,1,1,"tampered=False,direct=False"
PRIMARY,M9,80,1,0,,,0,1,1,"tampered=False,direct=False"
PRIMARY,M9,81,1,0,,,0,1,1,"tampered=False,direct=False"
PRIMARY,M9,82,1,0,,,0,1,1,"tampered=False,direct=False"
PRIMARY,M9,83,1,0,,,0,1,1,"tampered=False,direct=False"
PRIMARY,M9,84,1,0,,,0,1,1,"tampered=False,direct=False"
PRIMARY,M9,85,1,0,,,0,1,1,"tampered=False,direct=False"
PRIMARY,M9,86,1,0,,,0,1,1,"tampered=False,direct=False"
PRIMARY,M9,87,1,0,,,0,1,1,"tampered=False,direct=False"
PRIMARY,M9,88,1,0,,,0,1,1,"tampered=False,direct=False"
PRIMARY,M9,89,1,0,,,0,1,1,"tampered=False,direct=False"
PRIMARY,M9,90,1,0,,,0,1,1,"tampered=False,direct=False"
PRIMARY,M9,91,1,0,,,0,1,1,"tampered=False,direct=False"
PRIMARY,M9,92,1,0,,,0,1,1,"tampered=False,direct=False"
PRIMARY,M9,93,1,0,,,0,1,1,"tampered=False,direct=False"
PRIMARY,M9,94,1,0,,,0,1,1,"tampered=False,direct=False"
PRIMARY,M9,95,1,0,,,0,1,1,"tampered=False,direct=False"
PRIMARY,M9,96,1,0,,,0,1,1,"tampered=False,direct=False"
PRIMARY,M9,97,1,0,,,0,1,1,"tampered=False,direct=False"
PRIMARY,M9,98,1,0,,,0,1,1,"tampered=False,direct=False"
PRIMARY,M9,99,1,0,,,0,1,1,"tampered=False,direct=False"
PRIMARY,M9,100,1,0,,,0,1,1,"tampered=False,direct=False"
PRIMARY,M9,101,1,0,,,0,1,1,"tampered=False,direct=False"
PRIMARY,M9,102,1,0,,,0,1,1,"tampered=False,direct=False"
PRIMARY,M9,103,1,0,,,0,1,1,"tampered=False,direct=False"
PRIMARY,M9,104,1,0,,,0,1,1,"tampered=False,direct=False"
PRIMARY,M9,105,1,0,,,0,1,1,"tampered=False,direct=False"
PRIMARY,M9,106,1,0,,,0,1,1,"tampered=False,direct=False"
PRIMARY,M9,107,1,0,,,0,1,1,"tampered=False,direct=False"
PRIMARY,M9,108,1,0,,,0,1,1,"tampered=False,direct=False"
PRIMARY,M9,109,1,0,,,0,1,1,"tampered=False,direct=False"
PRIMARY,M9,110,1,0,,,0,1,1,"tampered=False,direct=False"
PRIMARY,M9,111,1,0,,,0,1,1,"tampered=False,direct=False"
PRIMARY,M9,112,1,0,,,0,1,1,"tampered=False,direct=False"
PRIMARY,M9,113,1,0,,,0,1,1,"tampered=False,direct=False"
PRIMARY,M9,114,1,0,,,0,1,1,"tampered=False,direct=False"
PRIMARY,M9,115,1,0,,,0,1,1,"tampered=False,direct=False"
PRIMARY,M9,116,1,0,,,0,1,1,"tampered=False,direct=False"
PRIMARY,M9,117,1,0,,,0,1,1,"tampered=False,direct=False"
PRIMARY,M9,118,1,0,,,0,1,1,"tampered=False,direct=False"
PRIMARY,M9,119,1,0,,,0,1,1,"tampered=False,direct=False"
PRIMARY,M9,120,1,0,,,0,1,1,"tampered=False,direct=False"
PRIMARY,M9,121,1,0,,,0,1,1,"tampered=False,direct=False"
PRIMARY,M9,122,1,0,,,0,1,1,"tampered=False,direct=False"
PRIMARY,M9,123,1,0,,,0,1,1,"tampered=False,direct=False"
PRIMARY,M9,124,1,0,,,0,1,1,"tampered=False,direct=False"
PRIMARY,M9,125,1,0,,,0,1,1,"tampered=False,direct=False"
PRIMARY,M9,126,1,0,,,0,1,1,"tampered=False,direct=False"
PRIMARY,M9,127,1,0,,,0,1,1,"tampered=False,direct=False"
PRIMARY,M10,0,1,0,,0,,1,1,legacy_accepted=False
PRIMARY,M10,1,1,0,,0,,1,1,legacy_accepted=False
PRIMARY,M10,2,1,0,,0,,1,1,legacy_accepted=False
PRIMARY,M10,3,1,0,,0,,1,1,legacy_accepted=False
PRIMARY,M10,4,1,0,,0,,1,1,legacy_accepted=False
PRIMARY,M10,5,1,0,,0,,1,1,legacy_accepted=False
PRIMARY,M10,6,1,0,,0,,1,1,legacy_accepted=False
PRIMARY,M10,7,1,0,,0,,1,1,legacy_accepted=False
PRIMARY,M10,8,1,0,,0,,1,1,legacy_accepted=False
PRIMARY,M10,9,1,0,,0,,1,1,legacy_accepted=False
PRIMARY,M10,10,1,0,,0,,1,1,legacy_accepted=False
PRIMARY,M10,11,1,0,,0,,1,1,legacy_accepted=False
PRIMARY,M10,12,1,0,,0,,1,1,legacy_accepted=False
PRIMARY,M10,13,1,0,,0,,1,1,legacy_accepted=False
PRIMARY,M10,14,1,0,,0,,1,1,legacy_accepted=False
PRIMARY,M10,15,1,0,,0,,1,1,legacy_accepted=False
PRIMARY,M10,16,1,0,,0,,1,1,legacy_accepted=False
PRIMARY,M10,17,1,0,,0,,1,1,legacy_accepted=False
PRIMARY,M10,18,1,0,,0,,1,1,legacy_accepted=False
PRIMARY,M10,19,1,0,,0,,1,1,legacy_accepted=False
PRIMARY,M10,20,1,0,,0,,1,1,legacy_accepted=False
PRIMARY,M10,21,1,0,,0,,1,1,legacy_accepted=False
PRIMARY,M10,22,1,0,,0,,1,1,legacy_accepted=False
PRIMARY,M10,23,1,0,,0,,1,1,legacy_accepted=False
PRIMARY,M10,24,1,0,,0,,1,1,legacy_accepted=False
PRIMARY,M10,25,1,0,,0,,1,1,legacy_accepted=False
PRIMARY,M10,26,1,0,,0,,1,1,legacy_accepted=False
PRIMARY,M10,27,1,0,,0,,1,1,legacy_accepted=False
PRIMARY,M10,28,1,0,,0,,1,1,legacy_accepted=False
PRIMARY,M10,29,1,0,,0,,1,1,legacy_accepted=False
PRIMARY,M10,30,1,0,,0,,1,1,legacy_accepted=False
PRIMARY,M10,31,1,0,,0,,1,1,legacy_accepted=False
PRIMARY,M10,32,1,0,,0,,1,1,legacy_accepted=False
PRIMARY,M10,33,1,0,,0,,1,1,legacy_accepted=False
PRIMARY,M10,34,1,0,,0,,1,1,legacy_accepted=False
PRIMARY,M10,35,1,0,,0,,1,1,legacy_accepted=False
PRIMARY,M10,36,1,0,,0,,1,1,legacy_accepted=False
PRIMARY,M10,37,1,0,,0,,1,1,legacy_accepted=False
PRIMARY,M10,38,1,0,,0,,1,1,legacy_accepted=False
PRIMARY,M10,39,1,0,,0,,1,1,legacy_accepted=False
PRIMARY,M10,40,1,0,,0,,1,1,legacy_accepted=False
PRIMARY,M10,41,1,0,,0,,1,1,legacy_accepted=False
PRIMARY,M10,42,1,0,,0,,1,1,legacy_accepted=False
PRIMARY,M10,43,1,0,,0,,1,1,legacy_accepted=False
PRIMARY,M10,44,1,0,,0,,1,1,legacy_accepted=False
PRIMARY,M10,45,1,0,,0,,1,1,legacy_accepted=False
PRIMARY,M10,46,1,0,,0,,1,1,legacy_accepted=False
PRIMARY,M10,47,1,0,,0,,1,1,legacy_accepted=False
PRIMARY,M10,48,1,0,,0,,1,1,legacy_accepted=False
PRIMARY,M10,49,1,0,,0,,1,1,legacy_accepted=False
PRIMARY,M10,50,1,0,,0,,1,1,legacy_accepted=False
PRIMARY,M10,51,1,0,,0,,1,1,legacy_accepted=False
PRIMARY,M10,52,1,0,,0,,1,1,legacy_accepted=False
PRIMARY,M10,53,1,0,,0,,1,1,legacy_accepted=False
PRIMARY,M10,54,1,0,,0,,1,1,legacy_accepted=False
PRIMARY,M10,55,1,0,,0,,1,1,legacy_accepted=False
PRIMARY,M10,56,1,0,,0,,1,1,legacy_accepted=False
PRIMARY,M10,57,1,0,,0,,1,1,legacy_accepted=False
PRIMARY,M10,58,1,0,,0,,1,1,legacy_accepted=False
PRIMARY,M10,59,1,0,,0,,1,1,legacy_accepted=False
PRIMARY,M10,60,1,0,,0,,1,1,legacy_accepted=False
PRIMARY,M10,61,1,0,,0,,1,1,legacy_accepted=False
PRIMARY,M10,62,1,0,,0,,1,1,legacy_accepted=False
PRIMARY,M10,63,1,0,,0,,1,1,legacy_accepted=False
PRIMARY,M10,64,1,0,,0,,1,1,legacy_accepted=False
PRIMARY,M10,65,1,0,,0,,1,1,legacy_accepted=False
PRIMARY,M10,66,1,0,,0,,1,1,legacy_accepted=False
PRIMARY,M10,67,1,0,,0,,1,1,legacy_accepted=False
PRIMARY,M10,68,1,0,,0,,1,1,legacy_accepted=False
PRIMARY,M10,69,1,0,,0,,1,1,legacy_accepted=False
PRIMARY,M10,70,1,0,,0,,1,1,legacy_accepted=False
PRIMARY,M10,71,1,0,,0,,1,1,legacy_accepted=False
PRIMARY,M10,72,1,0,,0,,1,1,legacy_accepted=False
PRIMARY,M10,73,1,0,,0,,1,1,legacy_accepted=False
PRIMARY,M10,74,1,0,,0,,1,1,legacy_accepted=False
PRIMARY,M10,75,1,0,,0,,1,1,legacy_accepted=False
PRIMARY,M10,76,1,0,,0,,1,1,legacy_accepted=False
PRIMARY,M10,77,1,0,,0,,1,1,legacy_accepted=False
PRIMARY,M10,78,1,0,,0,,1,1,legacy_accepted=False
PRIMARY,M10,79,1,0,,0,,1,1,legacy_accepted=False
PRIMARY,M10,80,1,0,,0,,1,1,legacy_accepted=False
PRIMARY,M10,81,1,0,,0,,1,1,legacy_accepted=False
PRIMARY,M10,82,1,0,,0,,1,1,legacy_accepted=False
PRIMARY,M10,83,1,0,,0,,1,1,legacy_accepted=False
PRIMARY,M10,84,1,0,,0,,1,1,legacy_accepted=False
PRIMARY,M10,85,1,0,,0,,1,1,legacy_accepted=False
PRIMARY,M10,86,1,0,,0,,1,1,legacy_accepted=False
PRIMARY,M10,87,1,0,,0,,1,1,legacy_accepted=False
PRIMARY,M10,88,1,0,,0,,1,1,legacy_accepted=False
PRIMARY,M10,89,1,0,,0,,1,1,legacy_accepted=False
PRIMARY,M10,90,1,0,,0,,1,1,legacy_accepted=False
PRIMARY,M10,91,1,0,,0,,1,1,legacy_accepted=False
PRIMARY,M10,92,1,0,,0,,1,1,legacy_accepted=False
PRIMARY,M10,93,1,0,,0,,1,1,legacy_accepted=False
PRIMARY,M10,94,1,0,,0,,1,1,legacy_accepted=False
PRIMARY,M10,95,1,0,,0,,1,1,legacy_accepted=False
PRIMARY,M10,96,1,0,,0,,1,1,legacy_accepted=False
PRIMARY,M10,97,1,0,,0,,1,1,legacy_accepted=False
PRIMARY,M10,98,1,0,,0,,1,1,legacy_accepted=False
PRIMARY,M10,99,1,0,,0,,1,1,legacy_accepted=False
PRIMARY,M10,100,1,0,,0,,1,1,legacy_accepted=False
PRIMARY,M10,101,1,0,,0,,1,1,legacy_accepted=False
PRIMARY,M10,102,1,0,,0,,1,1,legacy_accepted=False
PRIMARY,M10,103,1,0,,0,,1,1,legacy_accepted=False
PRIMARY,M10,104,1,0,,0,,1,1,legacy_accepted=False
PRIMARY,M10,105,1,0,,0,,1,1,legacy_accepted=False
PRIMARY,M10,106,1,0,,0,,1,1,legacy_accepted=False
PRIMARY,M10,107,1,0,,0,,1,1,legacy_accepted=False
PRIMARY,M10,108,1,0,,0,,1,1,legacy_accepted=False
PRIMARY,M10,109,1,0,,0,,1,1,legacy_accepted=False
PRIMARY,M10,110,1,0,,0,,1,1,legacy_accepted=False
PRIMARY,M10,111,1,0,,0,,1,1,legacy_accepted=False
PRIMARY,M10,112,1,0,,0,,1,1,legacy_accepted=False
PRIMARY,M10,113,1,0,,0,,1,1,legacy_accepted=False
PRIMARY,M10,114,1,0,,0,,1,1,legacy_accepted=False
PRIMARY,M10,115,1,0,,0,,1,1,legacy_accepted=False
PRIMARY,M10,116,1,0,,0,,1,1,legacy_accepted=False
PRIMARY,M10,117,1,0,,0,,1,1,legacy_accepted=False
PRIMARY,M10,118,1,0,,0,,1,1,legacy_accepted=False
PRIMARY,M10,119,1,0,,0,,1,1,legacy_accepted=False
PRIMARY,M10,120,1,0,,0,,1,1,legacy_accepted=False
PRIMARY,M10,121,1,0,,0,,1,1,legacy_accepted=False
PRIMARY,M10,122,1,0,,0,,1,1,legacy_accepted=False
PRIMARY,M10,123,1,0,,0,,1,1,legacy_accepted=False
PRIMARY,M10,124,1,0,,0,,1,1,legacy_accepted=False
PRIMARY,M10,125,1,0,,0,,1,1,legacy_accepted=False
PRIMARY,M10,126,1,0,,0,,1,1,legacy_accepted=False
PRIMARY,M10,127,1,0,,0,,1,1,legacy_accepted=False
PRIMARY,M11,0,1,0,,,,1,1,"old=PREDICTIVE,new=INTERVENTION_SUPPORTED"
PRIMARY,M11,1,1,0,,,,1,1,"old=PREDICTIVE,new=INTERVENTION_SUPPORTED"
PRIMARY,M11,2,1,0,,,,1,1,"old=PREDICTIVE,new=INTERVENTION_SUPPORTED"
PRIMARY,M11,3,1,0,,,,1,1,"old=PREDICTIVE,new=INTERVENTION_SUPPORTED"
PRIMARY,M11,4,1,0,,,,1,1,"old=PREDICTIVE,new=INTERVENTION_SUPPORTED"
PRIMARY,M11,5,1,0,,,,1,1,"old=PREDICTIVE,new=INTERVENTION_SUPPORTED"
PRIMARY,M11,6,1,0,,,,1,1,"old=PREDICTIVE,new=INTERVENTION_SUPPORTED"
PRIMARY,M11,7,1,0,,,,1,1,"old=PREDICTIVE,new=INTERVENTION_SUPPORTED"
PRIMARY,M11,8,1,0,,,,1,1,"old=PREDICTIVE,new=INTERVENTION_SUPPORTED"
PRIMARY,M11,9,1,0,,,,1,1,"old=PREDICTIVE,new=INTERVENTION_SUPPORTED"
PRIMARY,M11,10,1,0,,,,1,1,"old=PREDICTIVE,new=INTERVENTION_SUPPORTED"
PRIMARY,M11,11,1,0,,,,1,1,"old=PREDICTIVE,new=INTERVENTION_SUPPORTED"
PRIMARY,M11,12,1,0,,,,1,1,"old=PREDICTIVE,new=INTERVENTION_SUPPORTED"
PRIMARY,M11,13,1,0,,,,1,1,"old=PREDICTIVE,new=INTERVENTION_SUPPORTED"
PRIMARY,M11,14,1,0,,,,1,1,"old=PREDICTIVE,new=INTERVENTION_SUPPORTED"
PRIMARY,M11,15,1,0,,,,1,1,"old=PREDICTIVE,new=INTERVENTION_SUPPORTED"
PRIMARY,M11,16,1,0,,,,1,1,"old=PREDICTIVE,new=INTERVENTION_SUPPORTED"
PRIMARY,M11,17,1,0,,,,1,1,"old=PREDICTIVE,new=INTERVENTION_SUPPORTED"
PRIMARY,M11,18,1,0,,,,1,1,"old=PREDICTIVE,new=INTERVENTION_SUPPORTED"
PRIMARY,M11,19,1,0,,,,1,1,"old=PREDICTIVE,new=INTERVENTION_SUPPORTED"
PRIMARY,M11,20,1,0,,,,1,1,"old=PREDICTIVE,new=INTERVENTION_SUPPORTED"
PRIMARY,M11,21,1,0,,,,1,1,"old=PREDICTIVE,new=INTERVENTION_SUPPORTED"
PRIMARY,M11,22,1,0,,,,1,1,"old=PREDICTIVE,new=INTERVENTION_SUPPORTED"
PRIMARY,M11,23,1,0,,,,1,1,"old=PREDICTIVE,new=INTERVENTION_SUPPORTED"
PRIMARY,M11,24,1,0,,,,1,1,"old=PREDICTIVE,new=INTERVENTION_SUPPORTED"
PRIMARY,M11,25,1,0,,,,1,1,"old=PREDICTIVE,new=INTERVENTION_SUPPORTED"
PRIMARY,M11,26,1,0,,,,1,1,"old=PREDICTIVE,new=INTERVENTION_SUPPORTED"
PRIMARY,M11,27,1,0,,,,1,1,"old=PREDICTIVE,new=INTERVENTION_SUPPORTED"
PRIMARY,M11,28,1,0,,,,1,1,"old=PREDICTIVE,new=INTERVENTION_SUPPORTED"
PRIMARY,M11,29,1,0,,,,1,1,"old=PREDICTIVE,new=INTERVENTION_SUPPORTED"
PRIMARY,M11,30,1,0,,,,1,1,"old=PREDICTIVE,new=INTERVENTION_SUPPORTED"
PRIMARY,M11,31,1,0,,,,1,1,"old=PREDICTIVE,new=INTERVENTION_SUPPORTED"
PRIMARY,M11,32,1,0,,,,1,1,"old=PREDICTIVE,new=INTERVENTION_SUPPORTED"
PRIMARY,M11,33,1,0,,,,1,1,"old=PREDICTIVE,new=INTERVENTION_SUPPORTED"
PRIMARY,M11,34,1,0,,,,1,1,"old=PREDICTIVE,new=INTERVENTION_SUPPORTED"
PRIMARY,M11,35,1,0,,,,1,1,"old=PREDICTIVE,new=INTERVENTION_SUPPORTED"
PRIMARY,M11,36,1,0,,,,1,1,"old=PREDICTIVE,new=INTERVENTION_SUPPORTED"
PRIMARY,M11,37,1,0,,,,1,1,"old=PREDICTIVE,new=INTERVENTION_SUPPORTED"
PRIMARY,M11,38,1,0,,,,1,1,"old=PREDICTIVE,new=INTERVENTION_SUPPORTED"
PRIMARY,M11,39,1,0,,,,1,1,"old=PREDICTIVE,new=INTERVENTION_SUPPORTED"
PRIMARY,M11,40,1,0,,,,1,1,"old=PREDICTIVE,new=INTERVENTION_SUPPORTED"
PRIMARY,M11,41,1,0,,,,1,1,"old=PREDICTIVE,new=INTERVENTION_SUPPORTED"
PRIMARY,M11,42,1,0,,,,1,1,"old=PREDICTIVE,new=INTERVENTION_SUPPORTED"
PRIMARY,M11,43,1,0,,,,1,1,"old=PREDICTIVE,new=INTERVENTION_SUPPORTED"
PRIMARY,M11,44,1,0,,,,1,1,"old=PREDICTIVE,new=INTERVENTION_SUPPORTED"
PRIMARY,M11,45,1,0,,,,1,1,"old=PREDICTIVE,new=INTERVENTION_SUPPORTED"
PRIMARY,M11,46,1,0,,,,1,1,"old=PREDICTIVE,new=INTERVENTION_SUPPORTED"
PRIMARY,M11,47,1,0,,,,1,1,"old=PREDICTIVE,new=INTERVENTION_SUPPORTED"
PRIMARY,M11,48,1,0,,,,1,1,"old=PREDICTIVE,new=INTERVENTION_SUPPORTED"
PRIMARY,M11,49,1,0,,,,1,1,"old=PREDICTIVE,new=INTERVENTION_SUPPORTED"
PRIMARY,M11,50,1,0,,,,1,1,"old=PREDICTIVE,new=INTERVENTION_SUPPORTED"
PRIMARY,M11,51,1,0,,,,1,1,"old=PREDICTIVE,new=INTERVENTION_SUPPORTED"
PRIMARY,M11,52,1,0,,,,1,1,"old=PREDICTIVE,new=INTERVENTION_SUPPORTED"
PRIMARY,M11,53,1,0,,,,1,1,"old=PREDICTIVE,new=INTERVENTION_SUPPORTED"
PRIMARY,M11,54,1,0,,,,1,1,"old=PREDICTIVE,new=INTERVENTION_SUPPORTED"
PRIMARY,M11,55,1,0,,,,1,1,"old=PREDICTIVE,new=INTERVENTION_SUPPORTED"
PRIMARY,M11,56,1,0,,,,1,1,"old=PREDICTIVE,new=INTERVENTION_SUPPORTED"
PRIMARY,M11,57,1,0,,,,1,1,"old=PREDICTIVE,new=INTERVENTION_SUPPORTED"
PRIMARY,M11,58,1,0,,,,1,1,"old=PREDICTIVE,new=INTERVENTION_SUPPORTED"
PRIMARY,M11,59,1,0,,,,1,1,"old=PREDICTIVE,new=INTERVENTION_SUPPORTED"
PRIMARY,M11,60,1,0,,,,1,1,"old=PREDICTIVE,new=INTERVENTION_SUPPORTED"
PRIMARY,M11,61,1,0,,,,1,1,"old=PREDICTIVE,new=INTERVENTION_SUPPORTED"
PRIMARY,M11,62,1,0,,,,1,1,"old=PREDICTIVE,new=INTERVENTION_SUPPORTED"
PRIMARY,M11,63,1,0,,,,1,1,"old=PREDICTIVE,new=INTERVENTION_SUPPORTED"
PRIMARY,M11,64,1,0,,,,1,1,"old=PREDICTIVE,new=INTERVENTION_SUPPORTED"
PRIMARY,M11,65,1,0,,,,1,1,"old=PREDICTIVE,new=INTERVENTION_SUPPORTED"
PRIMARY,M11,66,1,0,,,,1,1,"old=PREDICTIVE,new=INTERVENTION_SUPPORTED"
PRIMARY,M11,67,1,0,,,,1,1,"old=PREDICTIVE,new=INTERVENTION_SUPPORTED"
PRIMARY,M11,68,1,0,,,,1,1,"old=PREDICTIVE,new=INTERVENTION_SUPPORTED"
PRIMARY,M11,69,1,0,,,,1,1,"old=PREDICTIVE,new=INTERVENTION_SUPPORTED"
PRIMARY,M11,70,1,0,,,,1,1,"old=PREDICTIVE,new=INTERVENTION_SUPPORTED"
PRIMARY,M11,71,1,0,,,,1,1,"old=PREDICTIVE,new=INTERVENTION_SUPPORTED"
PRIMARY,M11,72,1,0,,,,1,1,"old=PREDICTIVE,new=INTERVENTION_SUPPORTED"
PRIMARY,M11,73,1,0,,,,1,1,"old=PREDICTIVE,new=INTERVENTION_SUPPORTED"
PRIMARY,M11,74,1,0,,,,1,1,"old=PREDICTIVE,new=INTERVENTION_SUPPORTED"
PRIMARY,M11,75,1,0,,,,1,1,"old=PREDICTIVE,new=INTERVENTION_SUPPORTED"
PRIMARY,M11,76,1,0,,,,1,1,"old=PREDICTIVE,new=INTERVENTION_SUPPORTED"
PRIMARY,M11,77,1,0,,,,1,1,"old=PREDICTIVE,new=INTERVENTION_SUPPORTED"
PRIMARY,M11,78,1,0,,,,1,1,"old=PREDICTIVE,new=INTERVENTION_SUPPORTED"
PRIMARY,M11,79,1,0,,,,1,1,"old=PREDICTIVE,new=INTERVENTION_SUPPORTED"
PRIMARY,M11,80,1,0,,,,1,1,"old=PREDICTIVE,new=INTERVENTION_SUPPORTED"
PRIMARY,M11,81,1,0,,,,1,1,"old=PREDICTIVE,new=INTERVENTION_SUPPORTED"
PRIMARY,M11,82,1,0,,,,1,1,"old=PREDICTIVE,new=INTERVENTION_SUPPORTED"
PRIMARY,M11,83,1,0,,,,1,1,"old=PREDICTIVE,new=INTERVENTION_SUPPORTED"
PRIMARY,M11,84,1,0,,,,1,1,"old=PREDICTIVE,new=INTERVENTION_SUPPORTED"
PRIMARY,M11,85,1,0,,,,1,1,"old=PREDICTIVE,new=INTERVENTION_SUPPORTED"
PRIMARY,M11,86,1,0,,,,1,1,"old=PREDICTIVE,new=INTERVENTION_SUPPORTED"
PRIMARY,M11,87,1,0,,,,1,1,"old=PREDICTIVE,new=INTERVENTION_SUPPORTED"
PRIMARY,M11,88,1,0,,,,1,1,"old=PREDICTIVE,new=INTERVENTION_SUPPORTED"
PRIMARY,M11,89,1,0,,,,1,1,"old=PREDICTIVE,new=INTERVENTION_SUPPORTED"
PRIMARY,M11,90,1,0,,,,1,1,"old=PREDICTIVE,new=INTERVENTION_SUPPORTED"
PRIMARY,M11,91,1,0,,,,1,1,"old=PREDICTIVE,new=INTERVENTION_SUPPORTED"
PRIMARY,M11,92,1,0,,,,1,1,"old=PREDICTIVE,new=INTERVENTION_SUPPORTED"
PRIMARY,M11,93,1,0,,,,1,1,"old=PREDICTIVE,new=INTERVENTION_SUPPORTED"
PRIMARY,M11,94,1,0,,,,1,1,"old=PREDICTIVE,new=INTERVENTION_SUPPORTED"
PRIMARY,M11,95,1,0,,,,1,1,"old=PREDICTIVE,new=INTERVENTION_SUPPORTED"
PRIMARY,M11,96,1,0,,,,1,1,"old=PREDICTIVE,new=INTERVENTION_SUPPORTED"
PRIMARY,M11,97,1,0,,,,1,1,"old=PREDICTIVE,new=INTERVENTION_SUPPORTED"
PRIMARY,M11,98,1,0,,,,1,1,"old=PREDICTIVE,new=INTERVENTION_SUPPORTED"
PRIMARY,M11,99,1,0,,,,1,1,"old=PREDICTIVE,new=INTERVENTION_SUPPORTED"
PRIMARY,M11,100,1,0,,,,1,1,"old=PREDICTIVE,new=INTERVENTION_SUPPORTED"
PRIMARY,M11,101,1,0,,,,1,1,"old=PREDICTIVE,new=INTERVENTION_SUPPORTED"
PRIMARY,M11,102,1,0,,,,1,1,"old=PREDICTIVE,new=INTERVENTION_SUPPORTED"
PRIMARY,M11,103,1,0,,,,1,1,"old=PREDICTIVE,new=INTERVENTION_SUPPORTED"
PRIMARY,M11,104,1,0,,,,1,1,"old=PREDICTIVE,new=INTERVENTION_SUPPORTED"
PRIMARY,M11,105,1,0,,,,1,1,"old=PREDICTIVE,new=INTERVENTION_SUPPORTED"
PRIMARY,M11,106,1,0,,,,1,1,"old=PREDICTIVE,new=INTERVENTION_SUPPORTED"
PRIMARY,M11,107,1,0,,,,1,1,"old=PREDICTIVE,new=INTERVENTION_SUPPORTED"
PRIMARY,M11,108,1,0,,,,1,1,"old=PREDICTIVE,new=INTERVENTION_SUPPORTED"
PRIMARY,M11,109,1,0,,,,1,1,"old=PREDICTIVE,new=INTERVENTION_SUPPORTED"
PRIMARY,M11,110,1,0,,,,1,1,"old=PREDICTIVE,new=INTERVENTION_SUPPORTED"
PRIMARY,M11,111,1,0,,,,1,1,"old=PREDICTIVE,new=INTERVENTION_SUPPORTED"
PRIMARY,M11,112,1,0,,,,1,1,"old=PREDICTIVE,new=INTERVENTION_SUPPORTED"
PRIMARY,M11,113,1,0,,,,1,1,"old=PREDICTIVE,new=INTERVENTION_SUPPORTED"
PRIMARY,M11,114,1,0,,,,1,1,"old=PREDICTIVE,new=INTERVENTION_SUPPORTED"
PRIMARY,M11,115,1,0,,,,1,1,"old=PREDICTIVE,new=INTERVENTION_SUPPORTED"
PRIMARY,M11,116,1,0,,,,1,1,"old=PREDICTIVE,new=INTERVENTION_SUPPORTED"
PRIMARY,M11,117,1,0,,,,1,1,"old=PREDICTIVE,new=INTERVENTION_SUPPORTED"
PRIMARY,M11,118,1,0,,,,1,1,"old=PREDICTIVE,new=INTERVENTION_SUPPORTED"
PRIMARY,M11,119,1,0,,,,1,1,"old=PREDICTIVE,new=INTERVENTION_SUPPORTED"
PRIMARY,M11,120,1,0,,,,1,1,"old=PREDICTIVE,new=INTERVENTION_SUPPORTED"
PRIMARY,M11,121,1,0,,,,1,1,"old=PREDICTIVE,new=INTERVENTION_SUPPORTED"
PRIMARY,M11,122,1,0,,,,1,1,"old=PREDICTIVE,new=INTERVENTION_SUPPORTED"
PRIMARY,M11,123,1,0,,,,1,1,"old=PREDICTIVE,new=INTERVENTION_SUPPORTED"
PRIMARY,M11,124,1,0,,,,1,1,"old=PREDICTIVE,new=INTERVENTION_SUPPORTED"
PRIMARY,M11,125,1,0,,,,1,1,"old=PREDICTIVE,new=INTERVENTION_SUPPORTED"
PRIMARY,M11,126,1,0,,,,1,1,"old=PREDICTIVE,new=INTERVENTION_SUPPORTED"
PRIMARY,M11,127,1,0,,,,1,1,"old=PREDICTIVE,new=INTERVENTION_SUPPORTED"
REPLICATION,M0,0,1,0,,,,1,1,ACTIVE
REPLICATION,M0,1,1,0,,,,1,1,ACTIVE
REPLICATION,M0,2,1,0,,,,1,1,ACTIVE
REPLICATION,M0,3,1,0,,,,1,1,ACTIVE
REPLICATION,M0,4,1,0,,,,1,1,ACTIVE
REPLICATION,M0,5,1,0,,,,1,1,ACTIVE
REPLICATION,M0,6,1,0,,,,1,1,ACTIVE
REPLICATION,M0,7,1,0,,,,1,1,ACTIVE
REPLICATION,M0,8,1,0,,,,1,1,ACTIVE
REPLICATION,M0,9,1,0,,,,1,1,ACTIVE
REPLICATION,M0,10,1,0,,,,1,1,ACTIVE
REPLICATION,M0,11,1,0,,,,1,1,ACTIVE
REPLICATION,M0,12,1,0,,,,1,1,ACTIVE
REPLICATION,M0,13,1,0,,,,1,1,ACTIVE
REPLICATION,M0,14,1,0,,,,1,1,ACTIVE
REPLICATION,M0,15,1,0,,,,1,1,ACTIVE
REPLICATION,M0,16,1,0,,,,1,1,ACTIVE
REPLICATION,M0,17,1,0,,,,1,1,ACTIVE
REPLICATION,M0,18,1,0,,,,1,1,ACTIVE
REPLICATION,M0,19,1,0,,,,1,1,ACTIVE
REPLICATION,M0,20,1,0,,,,1,1,ACTIVE
REPLICATION,M0,21,1,0,,,,1,1,ACTIVE
REPLICATION,M0,22,1,0,,,,1,1,ACTIVE
REPLICATION,M0,23,1,0,,,,1,1,ACTIVE
REPLICATION,M0,24,1,0,,,,1,1,ACTIVE
REPLICATION,M0,25,1,0,,,,1,1,ACTIVE
REPLICATION,M0,26,1,0,,,,1,1,ACTIVE
REPLICATION,M0,27,1,0,,,,1,1,ACTIVE
REPLICATION,M0,28,1,0,,,,1,1,ACTIVE
REPLICATION,M0,29,1,0,,,,1,1,ACTIVE
REPLICATION,M0,30,1,0,,,,1,1,ACTIVE
REPLICATION,M0,31,1,0,,,,1,1,ACTIVE
REPLICATION,M0,32,1,0,,,,1,1,ACTIVE
REPLICATION,M0,33,1,0,,,,1,1,ACTIVE
REPLICATION,M0,34,1,0,,,,1,1,ACTIVE
REPLICATION,M0,35,1,0,,,,1,1,ACTIVE
REPLICATION,M0,36,1,0,,,,1,1,ACTIVE
REPLICATION,M0,37,1,0,,,,1,1,ACTIVE
REPLICATION,M0,38,1,0,,,,1,1,ACTIVE
REPLICATION,M0,39,1,0,,,,1,1,ACTIVE
REPLICATION,M0,40,1,0,,,,1,1,ACTIVE
REPLICATION,M0,41,1,0,,,,1,1,ACTIVE
REPLICATION,M0,42,1,0,,,,1,1,ACTIVE
REPLICATION,M0,43,1,0,,,,1,1,ACTIVE
REPLICATION,M0,44,1,0,,,,1,1,ACTIVE
REPLICATION,M0,45,1,0,,,,1,1,ACTIVE
REPLICATION,M0,46,1,0,,,,1,1,ACTIVE
REPLICATION,M0,47,1,0,,,,1,1,ACTIVE
REPLICATION,M0,48,1,0,,,,1,1,ACTIVE
REPLICATION,M0,49,1,0,,,,1,1,ACTIVE
REPLICATION,M0,50,1,0,,,,1,1,ACTIVE
REPLICATION,M0,51,1,0,,,,1,1,ACTIVE
REPLICATION,M0,52,1,0,,,,1,1,ACTIVE
REPLICATION,M0,53,1,0,,,,1,1,ACTIVE
REPLICATION,M0,54,1,0,,,,1,1,ACTIVE
REPLICATION,M0,55,1,0,,,,1,1,ACTIVE
REPLICATION,M0,56,1,0,,,,1,1,ACTIVE
REPLICATION,M0,57,1,0,,,,1,1,ACTIVE
REPLICATION,M0,58,1,0,,,,1,1,ACTIVE
REPLICATION,M0,59,1,0,,,,1,1,ACTIVE
REPLICATION,M0,60,1,0,,,,1,1,ACTIVE
REPLICATION,M0,61,1,0,,,,1,1,ACTIVE
REPLICATION,M0,62,1,0,,,,1,1,ACTIVE
REPLICATION,M0,63,1,0,,,,1,1,ACTIVE
REPLICATION,M0,64,1,0,,,,1,1,ACTIVE
REPLICATION,M0,65,1,0,,,,1,1,ACTIVE
REPLICATION,M0,66,1,0,,,,1,1,ACTIVE
REPLICATION,M0,67,1,0,,,,1,1,ACTIVE
REPLICATION,M0,68,1,0,,,,1,1,ACTIVE
REPLICATION,M0,69,1,0,,,,1,1,ACTIVE
REPLICATION,M0,70,1,0,,,,1,1,ACTIVE
REPLICATION,M0,71,1,0,,,,1,1,ACTIVE
REPLICATION,M0,72,1,0,,,,1,1,ACTIVE
REPLICATION,M0,73,1,0,,,,1,1,ACTIVE
REPLICATION,M0,74,1,0,,,,1,1,ACTIVE
REPLICATION,M0,75,1,0,,,,1,1,ACTIVE
REPLICATION,M0,76,1,0,,,,1,1,ACTIVE
REPLICATION,M0,77,1,0,,,,1,1,ACTIVE
REPLICATION,M0,78,1,0,,,,1,1,ACTIVE
REPLICATION,M0,79,1,0,,,,1,1,ACTIVE
REPLICATION,M0,80,1,0,,,,1,1,ACTIVE
REPLICATION,M0,81,1,0,,,,1,1,ACTIVE
REPLICATION,M0,82,1,0,,,,1,1,ACTIVE
REPLICATION,M0,83,1,0,,,,1,1,ACTIVE
REPLICATION,M0,84,1,0,,,,1,1,ACTIVE
REPLICATION,M0,85,1,0,,,,1,1,ACTIVE
REPLICATION,M0,86,1,0,,,,1,1,ACTIVE
REPLICATION,M0,87,1,0,,,,1,1,ACTIVE
REPLICATION,M0,88,1,0,,,,1,1,ACTIVE
REPLICATION,M0,89,1,0,,,,1,1,ACTIVE
REPLICATION,M0,90,1,0,,,,1,1,ACTIVE
REPLICATION,M0,91,1,0,,,,1,1,ACTIVE
REPLICATION,M0,92,1,0,,,,1,1,ACTIVE
REPLICATION,M0,93,1,0,,,,1,1,ACTIVE
REPLICATION,M0,94,1,0,,,,1,1,ACTIVE
REPLICATION,M0,95,1,0,,,,1,1,ACTIVE
REPLICATION,M0,96,1,0,,,,1,1,ACTIVE
REPLICATION,M0,97,1,0,,,,1,1,ACTIVE
REPLICATION,M0,98,1,0,,,,1,1,ACTIVE
REPLICATION,M0,99,1,0,,,,1,1,ACTIVE
REPLICATION,M0,100,1,0,,,,1,1,ACTIVE
REPLICATION,M0,101,1,0,,,,1,1,ACTIVE
REPLICATION,M0,102,1,0,,,,1,1,ACTIVE
REPLICATION,M0,103,1,0,,,,1,1,ACTIVE
REPLICATION,M0,104,1,0,,,,1,1,ACTIVE
REPLICATION,M0,105,1,0,,,,1,1,ACTIVE
REPLICATION,M0,106,1,0,,,,1,1,ACTIVE
REPLICATION,M0,107,1,0,,,,1,1,ACTIVE
REPLICATION,M0,108,1,0,,,,1,1,ACTIVE
REPLICATION,M0,109,1,0,,,,1,1,ACTIVE
REPLICATION,M0,110,1,0,,,,1,1,ACTIVE
REPLICATION,M0,111,1,0,,,,1,1,ACTIVE
REPLICATION,M0,112,1,0,,,,1,1,ACTIVE
REPLICATION,M0,113,1,0,,,,1,1,ACTIVE
REPLICATION,M0,114,1,0,,,,1,1,ACTIVE
REPLICATION,M0,115,1,0,,,,1,1,ACTIVE
REPLICATION,M0,116,1,0,,,,1,1,ACTIVE
REPLICATION,M0,117,1,0,,,,1,1,ACTIVE
REPLICATION,M0,118,1,0,,,,1,1,ACTIVE
REPLICATION,M0,119,1,0,,,,1,1,ACTIVE
REPLICATION,M0,120,1,0,,,,1,1,ACTIVE
REPLICATION,M0,121,1,0,,,,1,1,ACTIVE
REPLICATION,M0,122,1,0,,,,1,1,ACTIVE
REPLICATION,M0,123,1,0,,,,1,1,ACTIVE
REPLICATION,M0,124,1,0,,,,1,1,ACTIVE
REPLICATION,M0,125,1,0,,,,1,1,ACTIVE
REPLICATION,M0,126,1,0,,,,1,1,ACTIVE
REPLICATION,M0,127,1,0,,,,1,1,ACTIVE
REPLICATION,M1,0,1,0,,,,1,1,ACTIVE
REPLICATION,M1,1,1,0,,,,1,1,ACTIVE
REPLICATION,M1,2,1,0,,,,1,1,ACTIVE
REPLICATION,M1,3,1,0,,,,1,1,ACTIVE
REPLICATION,M1,4,1,0,,,,1,1,ACTIVE
REPLICATION,M1,5,1,0,,,,1,1,ACTIVE
REPLICATION,M1,6,1,0,,,,1,1,ACTIVE
REPLICATION,M1,7,1,0,,,,1,1,ACTIVE
REPLICATION,M1,8,1,0,,,,1,1,ACTIVE
REPLICATION,M1,9,1,0,,,,1,1,ACTIVE
REPLICATION,M1,10,1,0,,,,1,1,ACTIVE
REPLICATION,M1,11,1,0,,,,1,1,ACTIVE
REPLICATION,M1,12,1,0,,,,1,1,ACTIVE
REPLICATION,M1,13,1,0,,,,1,1,ACTIVE
REPLICATION,M1,14,1,0,,,,1,1,ACTIVE
REPLICATION,M1,15,1,0,,,,1,1,ACTIVE
REPLICATION,M1,16,1,0,,,,1,1,ACTIVE
REPLICATION,M1,17,1,0,,,,1,1,ACTIVE
REPLICATION,M1,18,1,0,,,,1,1,ACTIVE
REPLICATION,M1,19,1,0,,,,1,1,ACTIVE
REPLICATION,M1,20,1,0,,,,1,1,ACTIVE
REPLICATION,M1,21,1,0,,,,1,1,ACTIVE
REPLICATION,M1,22,1,0,,,,1,1,ACTIVE
REPLICATION,M1,23,1,0,,,,1,1,ACTIVE
REPLICATION,M1,24,1,0,,,,1,1,ACTIVE
REPLICATION,M1,25,1,0,,,,1,1,ACTIVE
REPLICATION,M1,26,1,0,,,,1,1,ACTIVE
REPLICATION,M1,27,1,0,,,,1,1,ACTIVE
REPLICATION,M1,28,1,0,,,,1,1,ACTIVE
REPLICATION,M1,29,1,0,,,,1,1,ACTIVE
REPLICATION,M1,30,1,0,,,,1,1,ACTIVE
REPLICATION,M1,31,1,0,,,,1,1,ACTIVE
REPLICATION,M1,32,1,0,,,,1,1,ACTIVE
REPLICATION,M1,33,1,0,,,,1,1,ACTIVE
REPLICATION,M1,34,1,0,,,,1,1,ACTIVE
REPLICATION,M1,35,1,0,,,,1,1,ACTIVE
REPLICATION,M1,36,1,0,,,,1,1,ACTIVE
REPLICATION,M1,37,1,0,,,,1,1,ACTIVE
REPLICATION,M1,38,1,0,,,,1,1,ACTIVE
REPLICATION,M1,39,1,0,,,,1,1,ACTIVE
REPLICATION,M1,40,1,0,,,,1,1,ACTIVE
REPLICATION,M1,41,1,0,,,,1,1,ACTIVE
REPLICATION,M1,42,1,0,,,,1,1,ACTIVE
REPLICATION,M1,43,1,0,,,,1,1,ACTIVE
REPLICATION,M1,44,1,0,,,,1,1,ACTIVE
REPLICATION,M1,45,1,0,,,,1,1,ACTIVE
REPLICATION,M1,46,1,0,,,,1,1,ACTIVE
REPLICATION,M1,47,1,0,,,,1,1,ACTIVE
REPLICATION,M1,48,1,0,,,,1,1,ACTIVE
REPLICATION,M1,49,1,0,,,,1,1,ACTIVE
REPLICATION,M1,50,1,0,,,,1,1,ACTIVE
REPLICATION,M1,51,1,0,,,,1,1,ACTIVE
REPLICATION,M1,52,1,0,,,,1,1,ACTIVE
REPLICATION,M1,53,1,0,,,,1,1,ACTIVE
REPLICATION,M1,54,1,0,,,,1,1,ACTIVE
REPLICATION,M1,55,1,0,,,,1,1,ACTIVE
REPLICATION,M1,56,1,0,,,,1,1,ACTIVE
REPLICATION,M1,57,1,0,,,,1,1,ACTIVE
REPLICATION,M1,58,1,0,,,,1,1,ACTIVE
REPLICATION,M1,59,1,0,,,,1,1,ACTIVE
REPLICATION,M1,60,1,0,,,,1,1,ACTIVE
REPLICATION,M1,61,1,0,,,,1,1,ACTIVE
REPLICATION,M1,62,1,0,,,,1,1,ACTIVE
REPLICATION,M1,63,1,0,,,,1,1,ACTIVE
REPLICATION,M1,64,1,0,,,,1,1,ACTIVE
REPLICATION,M1,65,1,0,,,,1,1,ACTIVE
REPLICATION,M1,66,1,0,,,,1,1,ACTIVE
REPLICATION,M1,67,1,0,,,,1,1,ACTIVE
REPLICATION,M1,68,1,0,,,,1,1,ACTIVE
REPLICATION,M1,69,1,0,,,,1,1,ACTIVE
REPLICATION,M1,70,1,0,,,,1,1,ACTIVE
REPLICATION,M1,71,1,0,,,,1,1,ACTIVE
REPLICATION,M1,72,1,0,,,,1,1,ACTIVE
REPLICATION,M1,73,1,0,,,,1,1,ACTIVE
REPLICATION,M1,74,1,0,,,,1,1,ACTIVE
REPLICATION,M1,75,1,0,,,,1,1,ACTIVE
REPLICATION,M1,76,1,0,,,,1,1,ACTIVE
REPLICATION,M1,77,1,0,,,,1,1,ACTIVE
REPLICATION,M1,78,1,0,,,,1,1,ACTIVE
REPLICATION,M1,79,1,0,,,,1,1,ACTIVE
REPLICATION,M1,80,1,0,,,,1,1,ACTIVE
REPLICATION,M1,81,1,0,,,,1,1,ACTIVE
REPLICATION,M1,82,1,0,,,,1,1,ACTIVE
REPLICATION,M1,83,1,0,,,,1,1,ACTIVE
REPLICATION,M1,84,1,0,,,,1,1,ACTIVE
REPLICATION,M1,85,1,0,,,,1,1,ACTIVE
REPLICATION,M1,86,1,0,,,,1,1,ACTIVE
REPLICATION,M1,87,1,0,,,,1,1,ACTIVE
REPLICATION,M1,88,1,0,,,,1,1,ACTIVE
REPLICATION,M1,89,1,0,,,,1,1,ACTIVE
REPLICATION,M1,90,1,0,,,,1,1,ACTIVE
REPLICATION,M1,91,1,0,,,,1,1,ACTIVE
REPLICATION,M1,92,1,0,,,,1,1,ACTIVE
REPLICATION,M1,93,1,0,,,,1,1,ACTIVE
REPLICATION,M1,94,1,0,,,,1,1,ACTIVE
REPLICATION,M1,95,1,0,,,,1,1,ACTIVE
REPLICATION,M1,96,1,0,,,,1,1,ACTIVE
REPLICATION,M1,97,1,0,,,,1,1,ACTIVE
REPLICATION,M1,98,1,0,,,,1,1,ACTIVE
REPLICATION,M1,99,1,0,,,,1,1,ACTIVE
REPLICATION,M1,100,1,0,,,,1,1,ACTIVE
REPLICATION,M1,101,1,0,,,,1,1,ACTIVE
REPLICATION,M1,102,1,0,,,,1,1,ACTIVE
REPLICATION,M1,103,1,0,,,,1,1,ACTIVE
REPLICATION,M1,104,1,0,,,,1,1,ACTIVE
REPLICATION,M1,105,1,0,,,,1,1,ACTIVE
REPLICATION,M1,106,1,0,,,,1,1,ACTIVE
REPLICATION,M1,107,1,0,,,,1,1,ACTIVE
REPLICATION,M1,108,1,0,,,,1,1,ACTIVE
REPLICATION,M1,109,1,0,,,,1,1,ACTIVE
REPLICATION,M1,110,1,0,,,,1,1,ACTIVE
REPLICATION,M1,111,1,0,,,,1,1,ACTIVE
REPLICATION,M1,112,1,0,,,,1,1,ACTIVE
REPLICATION,M1,113,1,0,,,,1,1,ACTIVE
REPLICATION,M1,114,1,0,,,,1,1,ACTIVE
REPLICATION,M1,115,1,0,,,,1,1,ACTIVE
REPLICATION,M1,116,1,0,,,,1,1,ACTIVE
REPLICATION,M1,117,1,0,,,,1,1,ACTIVE
REPLICATION,M1,118,1,0,,,,1,1,ACTIVE
REPLICATION,M1,119,1,0,,,,1,1,ACTIVE
REPLICATION,M1,120,1,0,,,,1,1,ACTIVE
REPLICATION,M1,121,1,0,,,,1,1,ACTIVE
REPLICATION,M1,122,1,0,,,,1,1,ACTIVE
REPLICATION,M1,123,1,0,,,,1,1,ACTIVE
REPLICATION,M1,124,1,0,,,,1,1,ACTIVE
REPLICATION,M1,125,1,0,,,,1,1,ACTIVE
REPLICATION,M1,126,1,0,,,,1,1,ACTIVE
REPLICATION,M1,127,1,0,,,,1,1,ACTIVE
REPLICATION,M2,0,1,0,,,,1,1,QUARANTINED
REPLICATION,M2,1,1,0,,,,1,1,QUARANTINED
REPLICATION,M2,2,1,0,,,,1,1,QUARANTINED
REPLICATION,M2,3,1,0,,,,1,1,QUARANTINED
REPLICATION,M2,4,1,0,,,,1,1,QUARANTINED
REPLICATION,M2,5,1,0,,,,1,1,QUARANTINED
REPLICATION,M2,6,1,0,,,,1,1,QUARANTINED
REPLICATION,M2,7,1,0,,,,1,1,QUARANTINED
REPLICATION,M2,8,1,0,,,,1,1,QUARANTINED
REPLICATION,M2,9,1,0,,,,1,1,QUARANTINED
REPLICATION,M2,10,1,0,,,,1,1,QUARANTINED
REPLICATION,M2,11,1,0,,,,1,1,QUARANTINED
REPLICATION,M2,12,1,0,,,,1,1,QUARANTINED
REPLICATION,M2,13,1,0,,,,1,1,QUARANTINED
REPLICATION,M2,14,1,0,,,,1,1,QUARANTINED
REPLICATION,M2,15,1,0,,,,1,1,QUARANTINED
REPLICATION,M2,16,1,0,,,,1,1,QUARANTINED
REPLICATION,M2,17,1,0,,,,1,1,QUARANTINED
REPLICATION,M2,18,1,0,,,,1,1,QUARANTINED
REPLICATION,M2,19,1,0,,,,1,1,QUARANTINED
REPLICATION,M2,20,1,0,,,,1,1,QUARANTINED
REPLICATION,M2,21,1,0,,,,1,1,QUARANTINED
REPLICATION,M2,22,1,0,,,,1,1,QUARANTINED
REPLICATION,M2,23,1,0,,,,1,1,QUARANTINED
REPLICATION,M2,24,1,0,,,,1,1,QUARANTINED
REPLICATION,M2,25,1,0,,,,1,1,QUARANTINED
REPLICATION,M2,26,1,0,,,,1,1,QUARANTINED
REPLICATION,M2,27,1,0,,,,1,1,QUARANTINED
REPLICATION,M2,28,1,0,,,,1,1,QUARANTINED
REPLICATION,M2,29,1,0,,,,1,1,QUARANTINED
REPLICATION,M2,30,1,0,,,,1,1,QUARANTINED
REPLICATION,M2,31,1,0,,,,1,1,QUARANTINED
REPLICATION,M2,32,1,0,,,,1,1,QUARANTINED
REPLICATION,M2,33,1,0,,,,1,1,QUARANTINED
REPLICATION,M2,34,1,0,,,,1,1,QUARANTINED
REPLICATION,M2,35,1,0,,,,1,1,QUARANTINED
REPLICATION,M2,36,1,0,,,,1,1,QUARANTINED
REPLICATION,M2,37,1,0,,,,1,1,QUARANTINED
REPLICATION,M2,38,1,0,,,,1,1,QUARANTINED
REPLICATION,M2,39,1,0,,,,1,1,QUARANTINED
REPLICATION,M2,40,1,0,,,,1,1,QUARANTINED
REPLICATION,M2,41,1,0,,,,1,1,QUARANTINED
REPLICATION,M2,42,1,0,,,,1,1,QUARANTINED
REPLICATION,M2,43,1,0,,,,1,1,QUARANTINED
REPLICATION,M2,44,1,0,,,,1,1,QUARANTINED
REPLICATION,M2,45,1,0,,,,1,1,QUARANTINED
REPLICATION,M2,46,1,0,,,,1,1,QUARANTINED
REPLICATION,M2,47,1,0,,,,1,1,QUARANTINED
REPLICATION,M2,48,1,0,,,,1,1,QUARANTINED
REPLICATION,M2,49,1,0,,,,1,1,QUARANTINED
REPLICATION,M2,50,1,0,,,,1,1,QUARANTINED
REPLICATION,M2,51,1,0,,,,1,1,QUARANTINED
REPLICATION,M2,52,1,0,,,,1,1,QUARANTINED
REPLICATION,M2,53,1,0,,,,1,1,QUARANTINED
REPLICATION,M2,54,1,0,,,,1,1,QUARANTINED
REPLICATION,M2,55,1,0,,,,1,1,QUARANTINED
REPLICATION,M2,56,1,0,,,,1,1,QUARANTINED
REPLICATION,M2,57,1,0,,,,1,1,QUARANTINED
REPLICATION,M2,58,1,0,,,,1,1,QUARANTINED
REPLICATION,M2,59,1,0,,,,1,1,QUARANTINED
REPLICATION,M2,60,1,0,,,,1,1,QUARANTINED
REPLICATION,M2,61,1,0,,,,1,1,QUARANTINED
REPLICATION,M2,62,1,0,,,,1,1,QUARANTINED
REPLICATION,M2,63,1,0,,,,1,1,QUARANTINED
REPLICATION,M2,64,1,0,,,,1,1,QUARANTINED
REPLICATION,M2,65,1,0,,,,1,1,QUARANTINED
REPLICATION,M2,66,1,0,,,,1,1,QUARANTINED
REPLICATION,M2,67,1,0,,,,1,1,QUARANTINED
REPLICATION,M2,68,1,0,,,,1,1,QUARANTINED
REPLICATION,M2,69,1,0,,,,1,1,QUARANTINED
REPLICATION,M2,70,1,0,,,,1,1,QUARANTINED
REPLICATION,M2,71,1,0,,,,1,1,QUARANTINED
REPLICATION,M2,72,1,0,,,,1,1,QUARANTINED
REPLICATION,M2,73,1,0,,,,1,1,QUARANTINED
REPLICATION,M2,74,1,0,,,,1,1,QUARANTINED
REPLICATION,M2,75,1,0,,,,1,1,QUARANTINED
REPLICATION,M2,76,1,0,,,,1,1,QUARANTINED
REPLICATION,M2,77,1,0,,,,1,1,QUARANTINED
REPLICATION,M2,78,1,0,,,,1,1,QUARANTINED
REPLICATION,M2,79,1,0,,,,1,1,QUARANTINED
REPLICATION,M2,80,1,0,,,,1,1,QUARANTINED
REPLICATION,M2,81,1,0,,,,1,1,QUARANTINED
REPLICATION,M2,82,1,0,,,,1,1,QUARANTINED
REPLICATION,M2,83,1,0,,,,1,1,QUARANTINED
REPLICATION,M2,84,1,0,,,,1,1,QUARANTINED
REPLICATION,M2,85,1,0,,,,1,1,QUARANTINED
REPLICATION,M2,86,1,0,,,,1,1,QUARANTINED
REPLICATION,M2,87,1,0,,,,1,1,QUARANTINED
REPLICATION,M2,88,1,0,,,,1,1,QUARANTINED
REPLICATION,M2,89,1,0,,,,1,1,QUARANTINED
REPLICATION,M2,90,1,0,,,,1,1,QUARANTINED
REPLICATION,M2,91,1,0,,,,1,1,QUARANTINED
REPLICATION,M2,92,1,0,,,,1,1,QUARANTINED
REPLICATION,M2,93,1,0,,,,1,1,QUARANTINED
REPLICATION,M2,94,1,0,,,,1,1,QUARANTINED
REPLICATION,M2,95,1,0,,,,1,1,QUARANTINED
REPLICATION,M2,96,1,0,,,,1,1,QUARANTINED
REPLICATION,M2,97,1,0,,,,1,1,QUARANTINED
REPLICATION,M2,98,1,0,,,,1,1,QUARANTINED
REPLICATION,M2,99,1,0,,,,1,1,QUARANTINED
REPLICATION,M2,100,1,0,,,,1,1,QUARANTINED
REPLICATION,M2,101,1,0,,,,1,1,QUARANTINED
REPLICATION,M2,102,1,0,,,,1,1,QUARANTINED
REPLICATION,M2,103,1,0,,,,1,1,QUARANTINED
REPLICATION,M2,104,1,0,,,,1,1,QUARANTINED
REPLICATION,M2,105,1,0,,,,1,1,QUARANTINED
REPLICATION,M2,106,1,0,,,,1,1,QUARANTINED
REPLICATION,M2,107,1,0,,,,1,1,QUARANTINED
REPLICATION,M2,108,1,0,,,,1,1,QUARANTINED
REPLICATION,M2,109,1,0,,,,1,1,QUARANTINED
REPLICATION,M2,110,1,0,,,,1,1,QUARANTINED
REPLICATION,M2,111,1,0,,,,1,1,QUARANTINED
REPLICATION,M2,112,1,0,,,,1,1,QUARANTINED
REPLICATION,M2,113,1,0,,,,1,1,QUARANTINED
REPLICATION,M2,114,1,0,,,,1,1,QUARANTINED
REPLICATION,M2,115,1,0,,,,1,1,QUARANTINED
REPLICATION,M2,116,1,0,,,,1,1,QUARANTINED
REPLICATION,M2,117,1,0,,,,1,1,QUARANTINED
REPLICATION,M2,118,1,0,,,,1,1,QUARANTINED
REPLICATION,M2,119,1,0,,,,1,1,QUARANTINED
REPLICATION,M2,120,1,0,,,,1,1,QUARANTINED
REPLICATION,M2,121,1,0,,,,1,1,QUARANTINED
REPLICATION,M2,122,1,0,,,,1,1,QUARANTINED
REPLICATION,M2,123,1,0,,,,1,1,QUARANTINED
REPLICATION,M2,124,1,0,,,,1,1,QUARANTINED
REPLICATION,M2,125,1,0,,,,1,1,QUARANTINED
REPLICATION,M2,126,1,0,,,,1,1,QUARANTINED
REPLICATION,M2,127,1,0,,,,1,1,QUARANTINED
REPLICATION,M3,0,1,0,,,,1,1,QUARANTINED
REPLICATION,M3,1,1,0,,,,1,1,QUARANTINED
REPLICATION,M3,2,1,0,,,,1,1,QUARANTINED
REPLICATION,M3,3,1,0,,,,1,1,QUARANTINED
REPLICATION,M3,4,1,0,,,,1,1,QUARANTINED
REPLICATION,M3,5,1,0,,,,1,1,QUARANTINED
REPLICATION,M3,6,1,0,,,,1,1,QUARANTINED
REPLICATION,M3,7,1,0,,,,1,1,QUARANTINED
REPLICATION,M3,8,1,0,,,,1,1,QUARANTINED
REPLICATION,M3,9,1,0,,,,1,1,QUARANTINED
REPLICATION,M3,10,1,0,,,,1,1,QUARANTINED
REPLICATION,M3,11,1,0,,,,1,1,QUARANTINED
REPLICATION,M3,12,1,0,,,,1,1,QUARANTINED
REPLICATION,M3,13,1,0,,,,1,1,QUARANTINED
REPLICATION,M3,14,1,0,,,,1,1,QUARANTINED
REPLICATION,M3,15,1,0,,,,1,1,QUARANTINED
REPLICATION,M3,16,1,0,,,,1,1,QUARANTINED
REPLICATION,M3,17,1,0,,,,1,1,QUARANTINED
REPLICATION,M3,18,1,0,,,,1,1,QUARANTINED
REPLICATION,M3,19,1,0,,,,1,1,QUARANTINED
REPLICATION,M3,20,1,0,,,,1,1,QUARANTINED
REPLICATION,M3,21,1,0,,,,1,1,QUARANTINED
REPLICATION,M3,22,1,0,,,,1,1,QUARANTINED
REPLICATION,M3,23,1,0,,,,1,1,QUARANTINED
REPLICATION,M3,24,1,0,,,,1,1,QUARANTINED
REPLICATION,M3,25,1,0,,,,1,1,QUARANTINED
REPLICATION,M3,26,1,0,,,,1,1,QUARANTINED
REPLICATION,M3,27,1,0,,,,1,1,QUARANTINED
REPLICATION,M3,28,1,0,,,,1,1,QUARANTINED
REPLICATION,M3,29,1,0,,,,1,1,QUARANTINED
REPLICATION,M3,30,1,0,,,,1,1,QUARANTINED
REPLICATION,M3,31,1,0,,,,1,1,QUARANTINED
REPLICATION,M3,32,1,0,,,,1,1,QUARANTINED
REPLICATION,M3,33,1,0,,,,1,1,QUARANTINED
REPLICATION,M3,34,1,0,,,,1,1,QUARANTINED
REPLICATION,M3,35,1,0,,,,1,1,QUARANTINED
REPLICATION,M3,36,1,0,,,,1,1,QUARANTINED
REPLICATION,M3,37,1,0,,,,1,1,QUARANTINED
REPLICATION,M3,38,1,0,,,,1,1,QUARANTINED
REPLICATION,M3,39,1,0,,,,1,1,QUARANTINED
REPLICATION,M3,40,1,0,,,,1,1,QUARANTINED
REPLICATION,M3,41,1,0,,,,1,1,QUARANTINED
REPLICATION,M3,42,1,0,,,,1,1,QUARANTINED
REPLICATION,M3,43,1,0,,,,1,1,QUARANTINED
REPLICATION,M3,44,1,0,,,,1,1,QUARANTINED
REPLICATION,M3,45,1,0,,,,1,1,QUARANTINED
REPLICATION,M3,46,1,0,,,,1,1,QUARANTINED
REPLICATION,M3,47,1,0,,,,1,1,QUARANTINED
REPLICATION,M3,48,1,0,,,,1,1,QUARANTINED
REPLICATION,M3,49,1,0,,,,1,1,QUARANTINED
REPLICATION,M3,50,1,0,,,,1,1,QUARANTINED
REPLICATION,M3,51,1,0,,,,1,1,QUARANTINED
REPLICATION,M3,52,1,0,,,,1,1,QUARANTINED
REPLICATION,M3,53,1,0,,,,1,1,QUARANTINED
REPLICATION,M3,54,1,0,,,,1,1,QUARANTINED
REPLICATION,M3,55,1,0,,,,1,1,QUARANTINED
REPLICATION,M3,56,1,0,,,,1,1,QUARANTINED
REPLICATION,M3,57,1,0,,,,1,1,QUARANTINED
REPLICATION,M3,58,1,0,,,,1,1,QUARANTINED
REPLICATION,M3,59,1,0,,,,1,1,QUARANTINED
REPLICATION,M3,60,1,0,,,,1,1,QUARANTINED
REPLICATION,M3,61,1,0,,,,1,1,QUARANTINED
REPLICATION,M3,62,1,0,,,,1,1,QUARANTINED
REPLICATION,M3,63,1,0,,,,1,1,QUARANTINED
REPLICATION,M3,64,1,0,,,,1,1,QUARANTINED
REPLICATION,M3,65,1,0,,,,1,1,QUARANTINED
REPLICATION,M3,66,1,0,,,,1,1,QUARANTINED
REPLICATION,M3,67,1,0,,,,1,1,QUARANTINED
REPLICATION,M3,68,1,0,,,,1,1,QUARANTINED
REPLICATION,M3,69,1,0,,,,1,1,QUARANTINED
REPLICATION,M3,70,1,0,,,,1,1,QUARANTINED
REPLICATION,M3,71,1,0,,,,1,1,QUARANTINED
REPLICATION,M3,72,1,0,,,,1,1,QUARANTINED
REPLICATION,M3,73,1,0,,,,1,1,QUARANTINED
REPLICATION,M3,74,1,0,,,,1,1,QUARANTINED
REPLICATION,M3,75,1,0,,,,1,1,QUARANTINED
REPLICATION,M3,76,1,0,,,,1,1,QUARANTINED
REPLICATION,M3,77,1,0,,,,1,1,QUARANTINED
REPLICATION,M3,78,1,0,,,,1,1,QUARANTINED
REPLICATION,M3,79,1,0,,,,1,1,QUARANTINED
REPLICATION,M3,80,1,0,,,,1,1,QUARANTINED
REPLICATION,M3,81,1,0,,,,1,1,QUARANTINED
REPLICATION,M3,82,1,0,,,,1,1,QUARANTINED
REPLICATION,M3,83,1,0,,,,1,1,QUARANTINED
REPLICATION,M3,84,1,0,,,,1,1,QUARANTINED
REPLICATION,M3,85,1,0,,,,1,1,QUARANTINED
REPLICATION,M3,86,1,0,,,,1,1,QUARANTINED
REPLICATION,M3,87,1,0,,,,1,1,QUARANTINED
REPLICATION,M3,88,1,0,,,,1,1,QUARANTINED
REPLICATION,M3,89,1,0,,,,1,1,QUARANTINED
REPLICATION,M3,90,1,0,,,,1,1,QUARANTINED
REPLICATION,M3,91,1,0,,,,1,1,QUARANTINED
REPLICATION,M3,92,1,0,,,,1,1,QUARANTINED
REPLICATION,M3,93,1,0,,,,1,1,QUARANTINED
REPLICATION,M3,94,1,0,,,,1,1,QUARANTINED
REPLICATION,M3,95,1,0,,,,1,1,QUARANTINED
REPLICATION,M3,96,1,0,,,,1,1,QUARANTINED
REPLICATION,M3,97,1,0,,,,1,1,QUARANTINED
REPLICATION,M3,98,1,0,,,,1,1,QUARANTINED
REPLICATION,M3,99,1,0,,,,1,1,QUARANTINED
REPLICATION,M3,100,1,0,,,,1,1,QUARANTINED
REPLICATION,M3,101,1,0,,,,1,1,QUARANTINED
REPLICATION,M3,102,1,0,,,,1,1,QUARANTINED
REPLICATION,M3,103,1,0,,,,1,1,QUARANTINED
REPLICATION,M3,104,1,0,,,,1,1,QUARANTINED
REPLICATION,M3,105,1,0,,,,1,1,QUARANTINED
REPLICATION,M3,106,1,0,,,,1,1,QUARANTINED
REPLICATION,M3,107,1,0,,,,1,1,QUARANTINED
REPLICATION,M3,108,1,0,,,,1,1,QUARANTINED
REPLICATION,M3,109,1,0,,,,1,1,QUARANTINED
REPLICATION,M3,110,1,0,,,,1,1,QUARANTINED
REPLICATION,M3,111,1,0,,,,1,1,QUARANTINED
REPLICATION,M3,112,1,0,,,,1,1,QUARANTINED
REPLICATION,M3,113,1,0,,,,1,1,QUARANTINED
REPLICATION,M3,114,1,0,,,,1,1,QUARANTINED
REPLICATION,M3,115,1,0,,,,1,1,QUARANTINED
REPLICATION,M3,116,1,0,,,,1,1,QUARANTINED
REPLICATION,M3,117,1,0,,,,1,1,QUARANTINED
REPLICATION,M3,118,1,0,,,,1,1,QUARANTINED
REPLICATION,M3,119,1,0,,,,1,1,QUARANTINED
REPLICATION,M3,120,1,0,,,,1,1,QUARANTINED
REPLICATION,M3,121,1,0,,,,1,1,QUARANTINED
REPLICATION,M3,122,1,0,,,,1,1,QUARANTINED
REPLICATION,M3,123,1,0,,,,1,1,QUARANTINED
REPLICATION,M3,124,1,0,,,,1,1,QUARANTINED
REPLICATION,M3,125,1,0,,,,1,1,QUARANTINED
REPLICATION,M3,126,1,0,,,,1,1,QUARANTINED
REPLICATION,M3,127,1,0,,,,1,1,QUARANTINED
REPLICATION,M4,0,1,0,,,,1,1,ACTIVE
REPLICATION,M4,1,1,0,,,,1,1,ACTIVE
REPLICATION,M4,2,1,0,,,,1,1,ACTIVE
REPLICATION,M4,3,1,0,,,,1,1,ACTIVE
REPLICATION,M4,4,1,0,,,,1,1,ACTIVE
REPLICATION,M4,5,1,0,,,,1,1,ACTIVE
REPLICATION,M4,6,1,0,,,,1,1,ACTIVE
REPLICATION,M4,7,1,0,,,,1,1,ACTIVE
REPLICATION,M4,8,1,0,,,,1,1,ACTIVE
REPLICATION,M4,9,1,0,,,,1,1,ACTIVE
REPLICATION,M4,10,1,0,,,,1,1,ACTIVE
REPLICATION,M4,11,1,0,,,,1,1,ACTIVE
REPLICATION,M4,12,1,0,,,,1,1,ACTIVE
REPLICATION,M4,13,1,0,,,,1,1,ACTIVE
REPLICATION,M4,14,1,0,,,,1,1,ACTIVE
REPLICATION,M4,15,1,0,,,,1,1,ACTIVE
REPLICATION,M4,16,1,0,,,,1,1,ACTIVE
REPLICATION,M4,17,1,0,,,,1,1,ACTIVE
REPLICATION,M4,18,1,0,,,,1,1,ACTIVE
REPLICATION,M4,19,1,0,,,,1,1,ACTIVE
REPLICATION,M4,20,1,0,,,,1,1,ACTIVE
REPLICATION,M4,21,1,0,,,,1,1,ACTIVE
REPLICATION,M4,22,1,0,,,,1,1,ACTIVE
REPLICATION,M4,23,1,0,,,,1,1,ACTIVE
REPLICATION,M4,24,1,0,,,,1,1,ACTIVE
REPLICATION,M4,25,1,0,,,,1,1,ACTIVE
REPLICATION,M4,26,1,0,,,,1,1,ACTIVE
REPLICATION,M4,27,1,0,,,,1,1,ACTIVE
REPLICATION,M4,28,1,0,,,,1,1,ACTIVE
REPLICATION,M4,29,1,0,,,,1,1,ACTIVE
REPLICATION,M4,30,1,0,,,,1,1,ACTIVE
REPLICATION,M4,31,1,0,,,,1,1,ACTIVE
REPLICATION,M4,32,1,0,,,,1,1,ACTIVE
REPLICATION,M4,33,1,0,,,,1,1,ACTIVE
REPLICATION,M4,34,1,0,,,,1,1,ACTIVE
REPLICATION,M4,35,1,0,,,,1,1,ACTIVE
REPLICATION,M4,36,1,0,,,,1,1,ACTIVE
REPLICATION,M4,37,1,0,,,,1,1,ACTIVE
REPLICATION,M4,38,1,0,,,,1,1,ACTIVE
REPLICATION,M4,39,1,0,,,,1,1,ACTIVE
REPLICATION,M4,40,1,0,,,,1,1,ACTIVE
REPLICATION,M4,41,1,0,,,,1,1,ACTIVE
REPLICATION,M4,42,1,0,,,,1,1,ACTIVE
REPLICATION,M4,43,1,0,,,,1,1,ACTIVE
REPLICATION,M4,44,1,0,,,,1,1,ACTIVE
REPLICATION,M4,45,1,0,,,,1,1,ACTIVE
REPLICATION,M4,46,1,0,,,,1,1,ACTIVE
REPLICATION,M4,47,1,0,,,,1,1,ACTIVE
REPLICATION,M4,48,1,0,,,,1,1,ACTIVE
REPLICATION,M4,49,1,0,,,,1,1,ACTIVE
REPLICATION,M4,50,1,0,,,,1,1,ACTIVE
REPLICATION,M4,51,1,0,,,,1,1,ACTIVE
REPLICATION,M4,52,1,0,,,,1,1,ACTIVE
REPLICATION,M4,53,1,0,,,,1,1,ACTIVE
REPLICATION,M4,54,1,0,,,,1,1,ACTIVE
REPLICATION,M4,55,1,0,,,,1,1,ACTIVE
REPLICATION,M4,56,1,0,,,,1,1,ACTIVE
REPLICATION,M4,57,1,0,,,,1,1,ACTIVE
REPLICATION,M4,58,1,0,,,,1,1,ACTIVE
REPLICATION,M4,59,1,0,,,,1,1,ACTIVE
REPLICATION,M4,60,1,0,,,,1,1,ACTIVE
REPLICATION,M4,61,1,0,,,,1,1,ACTIVE
REPLICATION,M4,62,1,0,,,,1,1,ACTIVE
REPLICATION,M4,63,1,0,,,,1,1,ACTIVE
REPLICATION,M4,64,1,0,,,,1,1,ACTIVE
REPLICATION,M4,65,1,0,,,,1,1,ACTIVE
REPLICATION,M4,66,1,0,,,,1,1,ACTIVE
REPLICATION,M4,67,1,0,,,,1,1,ACTIVE
REPLICATION,M4,68,1,0,,,,1,1,ACTIVE
REPLICATION,M4,69,1,0,,,,1,1,ACTIVE
REPLICATION,M4,70,1,0,,,,1,1,ACTIVE
REPLICATION,M4,71,1,0,,,,1,1,ACTIVE
REPLICATION,M4,72,1,0,,,,1,1,ACTIVE
REPLICATION,M4,73,1,0,,,,1,1,ACTIVE
REPLICATION,M4,74,1,0,,,,1,1,ACTIVE
REPLICATION,M4,75,1,0,,,,1,1,ACTIVE
REPLICATION,M4,76,1,0,,,,1,1,ACTIVE
REPLICATION,M4,77,1,0,,,,1,1,ACTIVE
REPLICATION,M4,78,1,0,,,,1,1,ACTIVE
REPLICATION,M4,79,1,0,,,,1,1,ACTIVE
REPLICATION,M4,80,1,0,,,,1,1,ACTIVE
REPLICATION,M4,81,1,0,,,,1,1,ACTIVE
REPLICATION,M4,82,1,0,,,,1,1,ACTIVE
REPLICATION,M4,83,1,0,,,,1,1,ACTIVE
REPLICATION,M4,84,1,0,,,,1,1,ACTIVE
REPLICATION,M4,85,1,0,,,,1,1,ACTIVE
REPLICATION,M4,86,1,0,,,,1,1,ACTIVE
REPLICATION,M4,87,1,0,,,,1,1,ACTIVE
REPLICATION,M4,88,1,0,,,,1,1,ACTIVE
REPLICATION,M4,89,1,0,,,,1,1,ACTIVE
REPLICATION,M4,90,1,0,,,,1,1,ACTIVE
REPLICATION,M4,91,1,0,,,,1,1,ACTIVE
REPLICATION,M4,92,1,0,,,,1,1,ACTIVE
REPLICATION,M4,93,1,0,,,,1,1,ACTIVE
REPLICATION,M4,94,1,0,,,,1,1,ACTIVE
REPLICATION,M4,95,1,0,,,,1,1,ACTIVE
REPLICATION,M4,96,1,0,,,,1,1,ACTIVE
REPLICATION,M4,97,1,0,,,,1,1,ACTIVE
REPLICATION,M4,98,1,0,,,,1,1,ACTIVE
REPLICATION,M4,99,1,0,,,,1,1,ACTIVE
REPLICATION,M4,100,1,0,,,,1,1,ACTIVE
REPLICATION,M4,101,1,0,,,,1,1,ACTIVE
REPLICATION,M4,102,1,0,,,,1,1,ACTIVE
REPLICATION,M4,103,1,0,,,,1,1,ACTIVE
REPLICATION,M4,104,1,0,,,,1,1,ACTIVE
REPLICATION,M4,105,1,0,,,,1,1,ACTIVE
REPLICATION,M4,106,1,0,,,,1,1,ACTIVE
REPLICATION,M4,107,1,0,,,,1,1,ACTIVE
REPLICATION,M4,108,1,0,,,,1,1,ACTIVE
REPLICATION,M4,109,1,0,,,,1,1,ACTIVE
REPLICATION,M4,110,1,0,,,,1,1,ACTIVE
REPLICATION,M4,111,1,0,,,,1,1,ACTIVE
REPLICATION,M4,112,1,0,,,,1,1,ACTIVE
REPLICATION,M4,113,1,0,,,,1,1,ACTIVE
REPLICATION,M4,114,1,0,,,,1,1,ACTIVE
REPLICATION,M4,115,1,0,,,,1,1,ACTIVE
REPLICATION,M4,116,1,0,,,,1,1,ACTIVE
REPLICATION,M4,117,1,0,,,,1,1,ACTIVE
REPLICATION,M4,118,1,0,,,,1,1,ACTIVE
REPLICATION,M4,119,1,0,,,,1,1,ACTIVE
REPLICATION,M4,120,1,0,,,,1,1,ACTIVE
REPLICATION,M4,121,1,0,,,,1,1,ACTIVE
REPLICATION,M4,122,1,0,,,,1,1,ACTIVE
REPLICATION,M4,123,1,0,,,,1,1,ACTIVE
REPLICATION,M4,124,1,0,,,,1,1,ACTIVE
REPLICATION,M4,125,1,0,,,,1,1,ACTIVE
REPLICATION,M4,126,1,0,,,,1,1,ACTIVE
REPLICATION,M4,127,1,0,,,,1,1,ACTIVE
REPLICATION,M5,0,1,0,,,,1,1,QUARANTINED
REPLICATION,M5,1,1,0,,,,1,1,QUARANTINED
REPLICATION,M5,2,1,0,,,,1,1,QUARANTINED
REPLICATION,M5,3,1,0,,,,1,1,QUARANTINED
REPLICATION,M5,4,1,0,,,,1,1,QUARANTINED
REPLICATION,M5,5,1,0,,,,1,1,QUARANTINED
REPLICATION,M5,6,1,0,,,,1,1,QUARANTINED
REPLICATION,M5,7,1,0,,,,1,1,QUARANTINED
REPLICATION,M5,8,1,0,,,,1,1,QUARANTINED
REPLICATION,M5,9,1,0,,,,1,1,QUARANTINED
REPLICATION,M5,10,1,0,,,,1,1,QUARANTINED
REPLICATION,M5,11,1,0,,,,1,1,QUARANTINED
REPLICATION,M5,12,1,0,,,,1,1,QUARANTINED
REPLICATION,M5,13,1,0,,,,1,1,QUARANTINED
REPLICATION,M5,14,1,0,,,,1,1,QUARANTINED
REPLICATION,M5,15,1,0,,,,1,1,QUARANTINED
REPLICATION,M5,16,1,0,,,,1,1,QUARANTINED
REPLICATION,M5,17,1,0,,,,1,1,QUARANTINED
REPLICATION,M5,18,1,0,,,,1,1,QUARANTINED
REPLICATION,M5,19,1,0,,,,1,1,QUARANTINED
REPLICATION,M5,20,1,0,,,,1,1,QUARANTINED
REPLICATION,M5,21,1,0,,,,1,1,QUARANTINED
REPLICATION,M5,22,1,0,,,,1,1,QUARANTINED
REPLICATION,M5,23,1,0,,,,1,1,QUARANTINED
REPLICATION,M5,24,1,0,,,,1,1,QUARANTINED
REPLICATION,M5,25,1,0,,,,1,1,QUARANTINED
REPLICATION,M5,26,1,0,,,,1,1,QUARANTINED
REPLICATION,M5,27,1,0,,,,1,1,QUARANTINED
REPLICATION,M5,28,1,0,,,,1,1,QUARANTINED
REPLICATION,M5,29,1,0,,,,1,1,QUARANTINED
REPLICATION,M5,30,1,0,,,,1,1,QUARANTINED
REPLICATION,M5,31,1,0,,,,1,1,QUARANTINED
REPLICATION,M5,32,1,0,,,,1,1,QUARANTINED
REPLICATION,M5,33,1,0,,,,1,1,QUARANTINED
REPLICATION,M5,34,1,0,,,,1,1,QUARANTINED
REPLICATION,M5,35,1,0,,,,1,1,QUARANTINED
REPLICATION,M5,36,1,0,,,,1,1,QUARANTINED
REPLICATION,M5,37,1,0,,,,1,1,QUARANTINED
REPLICATION,M5,38,1,0,,,,1,1,QUARANTINED
REPLICATION,M5,39,1,0,,,,1,1,QUARANTINED
REPLICATION,M5,40,1,0,,,,1,1,QUARANTINED
REPLICATION,M5,41,1,0,,,,1,1,QUARANTINED
REPLICATION,M5,42,1,0,,,,1,1,QUARANTINED
REPLICATION,M5,43,1,0,,,,1,1,QUARANTINED
REPLICATION,M5,44,1,0,,,,1,1,QUARANTINED
REPLICATION,M5,45,1,0,,,,1,1,QUARANTINED
REPLICATION,M5,46,1,0,,,,1,1,QUARANTINED
REPLICATION,M5,47,1,0,,,,1,1,QUARANTINED
REPLICATION,M5,48,1,0,,,,1,1,QUARANTINED
REPLICATION,M5,49,1,0,,,,1,1,QUARANTINED
REPLICATION,M5,50,1,0,,,,1,1,QUARANTINED
REPLICATION,M5,51,1,0,,,,1,1,QUARANTINED
REPLICATION,M5,52,1,0,,,,1,1,QUARANTINED
REPLICATION,M5,53,1,0,,,,1,1,QUARANTINED
REPLICATION,M5,54,1,0,,,,1,1,QUARANTINED
REPLICATION,M5,55,1,0,,,,1,1,QUARANTINED
REPLICATION,M5,56,1,0,,,,1,1,QUARANTINED
REPLICATION,M5,57,1,0,,,,1,1,QUARANTINED
REPLICATION,M5,58,1,0,,,,1,1,QUARANTINED
REPLICATION,M5,59,1,0,,,,1,1,QUARANTINED
REPLICATION,M5,60,1,0,,,,1,1,QUARANTINED
REPLICATION,M5,61,1,0,,,,1,1,QUARANTINED
REPLICATION,M5,62,1,0,,,,1,1,QUARANTINED
REPLICATION,M5,63,1,0,,,,1,1,QUARANTINED
REPLICATION,M5,64,1,0,,,,1,1,QUARANTINED
REPLICATION,M5,65,1,0,,,,1,1,QUARANTINED
REPLICATION,M5,66,1,0,,,,1,1,QUARANTINED
REPLICATION,M5,67,1,0,,,,1,1,QUARANTINED
REPLICATION,M5,68,1,0,,,,1,1,QUARANTINED
REPLICATION,M5,69,1,0,,,,1,1,QUARANTINED
REPLICATION,M5,70,1,0,,,,1,1,QUARANTINED
REPLICATION,M5,71,1,0,,,,1,1,QUARANTINED
REPLICATION,M5,72,1,0,,,,1,1,QUARANTINED
REPLICATION,M5,73,1,0,,,,1,1,QUARANTINED
REPLICATION,M5,74,1,0,,,,1,1,QUARANTINED
REPLICATION,M5,75,1,0,,,,1,1,QUARANTINED
REPLICATION,M5,76,1,0,,,,1,1,QUARANTINED
REPLICATION,M5,77,1,0,,,,1,1,QUARANTINED
REPLICATION,M5,78,1,0,,,,1,1,QUARANTINED
REPLICATION,M5,79,1,0,,,,1,1,QUARANTINED
REPLICATION,M5,80,1,0,,,,1,1,QUARANTINED
REPLICATION,M5,81,1,0,,,,1,1,QUARANTINED
REPLICATION,M5,82,1,0,,,,1,1,QUARANTINED
REPLICATION,M5,83,1,0,,,,1,1,QUARANTINED
REPLICATION,M5,84,1,0,,,,1,1,QUARANTINED
REPLICATION,M5,85,1,0,,,,1,1,QUARANTINED
REPLICATION,M5,86,1,0,,,,1,1,QUARANTINED
REPLICATION,M5,87,1,0,,,,1,1,QUARANTINED
REPLICATION,M5,88,1,0,,,,1,1,QUARANTINED
REPLICATION,M5,89,1,0,,,,1,1,QUARANTINED
REPLICATION,M5,90,1,0,,,,1,1,QUARANTINED
REPLICATION,M5,91,1,0,,,,1,1,QUARANTINED
REPLICATION,M5,92,1,0,,,,1,1,QUARANTINED
REPLICATION,M5,93,1,0,,,,1,1,QUARANTINED
REPLICATION,M5,94,1,0,,,,1,1,QUARANTINED
REPLICATION,M5,95,1,0,,,,1,1,QUARANTINED
REPLICATION,M5,96,1,0,,,,1,1,QUARANTINED
REPLICATION,M5,97,1,0,,,,1,1,QUARANTINED
REPLICATION,M5,98,1,0,,,,1,1,QUARANTINED
REPLICATION,M5,99,1,0,,,,1,1,QUARANTINED
REPLICATION,M5,100,1,0,,,,1,1,QUARANTINED
REPLICATION,M5,101,1,0,,,,1,1,QUARANTINED
REPLICATION,M5,102,1,0,,,,1,1,QUARANTINED
REPLICATION,M5,103,1,0,,,,1,1,QUARANTINED
REPLICATION,M5,104,1,0,,,,1,1,QUARANTINED
REPLICATION,M5,105,1,0,,,,1,1,QUARANTINED
REPLICATION,M5,106,1,0,,,,1,1,QUARANTINED
REPLICATION,M5,107,1,0,,,,1,1,QUARANTINED
REPLICATION,M5,108,1,0,,,,1,1,QUARANTINED
REPLICATION,M5,109,1,0,,,,1,1,QUARANTINED
REPLICATION,M5,110,1,0,,,,1,1,QUARANTINED
REPLICATION,M5,111,1,0,,,,1,1,QUARANTINED
REPLICATION,M5,112,1,0,,,,1,1,QUARANTINED
REPLICATION,M5,113,1,0,,,,1,1,QUARANTINED
REPLICATION,M5,114,1,0,,,,1,1,QUARANTINED
REPLICATION,M5,115,1,0,,,,1,1,QUARANTINED
REPLICATION,M5,116,1,0,,,,1,1,QUARANTINED
REPLICATION,M5,117,1,0,,,,1,1,QUARANTINED
REPLICATION,M5,118,1,0,,,,1,1,QUARANTINED
REPLICATION,M5,119,1,0,,,,1,1,QUARANTINED
REPLICATION,M5,120,1,0,,,,1,1,QUARANTINED
REPLICATION,M5,121,1,0,,,,1,1,QUARANTINED
REPLICATION,M5,122,1,0,,,,1,1,QUARANTINED
REPLICATION,M5,123,1,0,,,,1,1,QUARANTINED
REPLICATION,M5,124,1,0,,,,1,1,QUARANTINED
REPLICATION,M5,125,1,0,,,,1,1,QUARANTINED
REPLICATION,M5,126,1,0,,,,1,1,QUARANTINED
REPLICATION,M5,127,1,0,,,,1,1,QUARANTINED
REPLICATION,M6,0,1,0,,,,1,1,UNIDENTIFIED
REPLICATION,M6,1,1,0,,,,1,1,FALSIFIED
REPLICATION,M6,2,1,0,,,,1,1,OOD
REPLICATION,M6,3,1,0,,,,1,1,ABSTAIN
REPLICATION,M6,4,1,0,,,,1,1,UNIDENTIFIED
REPLICATION,M6,5,1,0,,,,1,1,FALSIFIED
REPLICATION,M6,6,1,0,,,,1,1,OOD
REPLICATION,M6,7,1,0,,,,1,1,ABSTAIN
REPLICATION,M6,8,1,0,,,,1,1,UNIDENTIFIED
REPLICATION,M6,9,1,0,,,,1,1,FALSIFIED
REPLICATION,M6,10,1,0,,,,1,1,OOD
REPLICATION,M6,11,1,0,,,,1,1,ABSTAIN
REPLICATION,M6,12,1,0,,,,1,1,UNIDENTIFIED
REPLICATION,M6,13,1,0,,,,1,1,FALSIFIED
REPLICATION,M6,14,1,0,,,,1,1,OOD
REPLICATION,M6,15,1,0,,,,1,1,ABSTAIN
REPLICATION,M6,16,1,0,,,,1,1,UNIDENTIFIED
REPLICATION,M6,17,1,0,,,,1,1,FALSIFIED
REPLICATION,M6,18,1,0,,,,1,1,OOD
REPLICATION,M6,19,1,0,,,,1,1,ABSTAIN
REPLICATION,M6,20,1,0,,,,1,1,UNIDENTIFIED
REPLICATION,M6,21,1,0,,,,1,1,FALSIFIED
REPLICATION,M6,22,1,0,,,,1,1,OOD
REPLICATION,M6,23,1,0,,,,1,1,ABSTAIN
REPLICATION,M6,24,1,0,,,,1,1,UNIDENTIFIED
REPLICATION,M6,25,1,0,,,,1,1,FALSIFIED
REPLICATION,M6,26,1,0,,,,1,1,OOD
REPLICATION,M6,27,1,0,,,,1,1,ABSTAIN
REPLICATION,M6,28,1,0,,,,1,1,UNIDENTIFIED
REPLICATION,M6,29,1,0,,,,1,1,FALSIFIED
REPLICATION,M6,30,1,0,,,,1,1,OOD
REPLICATION,M6,31,1,0,,,,1,1,ABSTAIN
REPLICATION,M6,32,1,0,,,,1,1,UNIDENTIFIED
REPLICATION,M6,33,1,0,,,,1,1,FALSIFIED
REPLICATION,M6,34,1,0,,,,1,1,OOD
REPLICATION,M6,35,1,0,,,,1,1,ABSTAIN
REPLICATION,M6,36,1,0,,,,1,1,UNIDENTIFIED
REPLICATION,M6,37,1,0,,,,1,1,FALSIFIED
REPLICATION,M6,38,1,0,,,,1,1,OOD
REPLICATION,M6,39,1,0,,,,1,1,ABSTAIN
REPLICATION,M6,40,1,0,,,,1,1,UNIDENTIFIED
REPLICATION,M6,41,1,0,,,,1,1,FALSIFIED
REPLICATION,M6,42,1,0,,,,1,1,OOD
REPLICATION,M6,43,1,0,,,,1,1,ABSTAIN
REPLICATION,M6,44,1,0,,,,1,1,UNIDENTIFIED
REPLICATION,M6,45,1,0,,,,1,1,FALSIFIED
REPLICATION,M6,46,1,0,,,,1,1,OOD
REPLICATION,M6,47,1,0,,,,1,1,ABSTAIN
REPLICATION,M6,48,1,0,,,,1,1,UNIDENTIFIED
REPLICATION,M6,49,1,0,,,,1,1,FALSIFIED
REPLICATION,M6,50,1,0,,,,1,1,OOD
REPLICATION,M6,51,1,0,,,,1,1,ABSTAIN
REPLICATION,M6,52,1,0,,,,1,1,UNIDENTIFIED
REPLICATION,M6,53,1,0,,,,1,1,FALSIFIED
REPLICATION,M6,54,1,0,,,,1,1,OOD
REPLICATION,M6,55,1,0,,,,1,1,ABSTAIN
REPLICATION,M6,56,1,0,,,,1,1,UNIDENTIFIED
REPLICATION,M6,57,1,0,,,,1,1,FALSIFIED
REPLICATION,M6,58,1,0,,,,1,1,OOD
REPLICATION,M6,59,1,0,,,,1,1,ABSTAIN
REPLICATION,M6,60,1,0,,,,1,1,UNIDENTIFIED
REPLICATION,M6,61,1,0,,,,1,1,FALSIFIED
REPLICATION,M6,62,1,0,,,,1,1,OOD
REPLICATION,M6,63,1,0,,,,1,1,ABSTAIN
REPLICATION,M6,64,1,0,,,,1,1,UNIDENTIFIED
REPLICATION,M6,65,1,0,,,,1,1,FALSIFIED
REPLICATION,M6,66,1,0,,,,1,1,OOD
REPLICATION,M6,67,1,0,,,,1,1,ABSTAIN
REPLICATION,M6,68,1,0,,,,1,1,UNIDENTIFIED
REPLICATION,M6,69,1,0,,,,1,1,FALSIFIED
REPLICATION,M6,70,1,0,,,,1,1,OOD
REPLICATION,M6,71,1,0,,,,1,1,ABSTAIN
REPLICATION,M6,72,1,0,,,,1,1,UNIDENTIFIED
REPLICATION,M6,73,1,0,,,,1,1,FALSIFIED
REPLICATION,M6,74,1,0,,,,1,1,OOD
REPLICATION,M6,75,1,0,,,,1,1,ABSTAIN
REPLICATION,M6,76,1,0,,,,1,1,UNIDENTIFIED
REPLICATION,M6,77,1,0,,,,1,1,FALSIFIED
REPLICATION,M6,78,1,0,,,,1,1,OOD
REPLICATION,M6,79,1,0,,,,1,1,ABSTAIN
REPLICATION,M6,80,1,0,,,,1,1,UNIDENTIFIED
REPLICATION,M6,81,1,0,,,,1,1,FALSIFIED
REPLICATION,M6,82,1,0,,,,1,1,OOD
REPLICATION,M6,83,1,0,,,,1,1,ABSTAIN
REPLICATION,M6,84,1,0,,,,1,1,UNIDENTIFIED
REPLICATION,M6,85,1,0,,,,1,1,FALSIFIED
REPLICATION,M6,86,1,0,,,,1,1,OOD
REPLICATION,M6,87,1,0,,,,1,1,ABSTAIN
REPLICATION,M6,88,1,0,,,,1,1,UNIDENTIFIED
REPLICATION,M6,89,1,0,,,,1,1,FALSIFIED
REPLICATION,M6,90,1,0,,,,1,1,OOD
REPLICATION,M6,91,1,0,,,,1,1,ABSTAIN
REPLICATION,M6,92,1,0,,,,1,1,UNIDENTIFIED
REPLICATION,M6,93,1,0,,,,1,1,FALSIFIED
REPLICATION,M6,94,1,0,,,,1,1,OOD
REPLICATION,M6,95,1,0,,,,1,1,ABSTAIN
REPLICATION,M6,96,1,0,,,,1,1,UNIDENTIFIED
REPLICATION,M6,97,1,0,,,,1,1,FALSIFIED
REPLICATION,M6,98,1,0,,,,1,1,OOD
REPLICATION,M6,99,1,0,,,,1,1,ABSTAIN
REPLICATION,M6,100,1,0,,,,1,1,UNIDENTIFIED
REPLICATION,M6,101,1,0,,,,1,1,FALSIFIED
REPLICATION,M6,102,1,0,,,,1,1,OOD
REPLICATION,M6,103,1,0,,,,1,1,ABSTAIN
REPLICATION,M6,104,1,0,,,,1,1,UNIDENTIFIED
REPLICATION,M6,105,1,0,,,,1,1,FALSIFIED
REPLICATION,M6,106,1,0,,,,1,1,OOD
REPLICATION,M6,107,1,0,,,,1,1,ABSTAIN
REPLICATION,M6,108,1,0,,,,1,1,UNIDENTIFIED
REPLICATION,M6,109,1,0,,,,1,1,FALSIFIED
REPLICATION,M6,110,1,0,,,,1,1,OOD
REPLICATION,M6,111,1,0,,,,1,1,ABSTAIN
REPLICATION,M6,112,1,0,,,,1,1,UNIDENTIFIED
REPLICATION,M6,113,1,0,,,,1,1,FALSIFIED
REPLICATION,M6,114,1,0,,,,1,1,OOD
REPLICATION,M6,115,1,0,,,,1,1,ABSTAIN
REPLICATION,M6,116,1,0,,,,1,1,UNIDENTIFIED
REPLICATION,M6,117,1,0,,,,1,1,FALSIFIED
REPLICATION,M6,118,1,0,,,,1,1,OOD
REPLICATION,M6,119,1,0,,,,1,1,ABSTAIN
REPLICATION,M6,120,1,0,,,,1,1,UNIDENTIFIED
REPLICATION,M6,121,1,0,,,,1,1,FALSIFIED
REPLICATION,M6,122,1,0,,,,1,1,OOD
REPLICATION,M6,123,1,0,,,,1,1,ABSTAIN
REPLICATION,M6,124,1,0,,,,1,1,UNIDENTIFIED
REPLICATION,M6,125,1,0,,,,1,1,FALSIFIED
REPLICATION,M6,126,1,0,,,,1,1,OOD
REPLICATION,M6,127,1,0,,,,1,1,ABSTAIN
REPLICATION,M7,0,1,0,1,,,1,1,"child,grand,root"
REPLICATION,M7,1,1,0,1,,,1,1,"child,grand,root"
REPLICATION,M7,2,1,0,1,,,1,1,"child,grand,root"
REPLICATION,M7,3,1,0,1,,,1,1,"child,grand,root"
REPLICATION,M7,4,1,0,1,,,1,1,"child,grand,root"
REPLICATION,M7,5,1,0,1,,,1,1,"child,grand,root"
REPLICATION,M7,6,1,0,1,,,1,1,"child,grand,root"
REPLICATION,M7,7,1,0,1,,,1,1,"child,grand,root"
REPLICATION,M7,8,1,0,1,,,1,1,"child,grand,root"
REPLICATION,M7,9,1,0,1,,,1,1,"child,grand,root"
REPLICATION,M7,10,1,0,1,,,1,1,"child,grand,root"
REPLICATION,M7,11,1,0,1,,,1,1,"child,grand,root"
REPLICATION,M7,12,1,0,1,,,1,1,"child,grand,root"
REPLICATION,M7,13,1,0,1,,,1,1,"child,grand,root"
REPLICATION,M7,14,1,0,1,,,1,1,"child,grand,root"
REPLICATION,M7,15,1,0,1,,,1,1,"child,grand,root"
REPLICATION,M7,16,1,0,1,,,1,1,"child,grand,root"
REPLICATION,M7,17,1,0,1,,,1,1,"child,grand,root"
REPLICATION,M7,18,1,0,1,,,1,1,"child,grand,root"
REPLICATION,M7,19,1,0,1,,,1,1,"child,grand,root"
REPLICATION,M7,20,1,0,1,,,1,1,"child,grand,root"
REPLICATION,M7,21,1,0,1,,,1,1,"child,grand,root"
REPLICATION,M7,22,1,0,1,,,1,1,"child,grand,root"
REPLICATION,M7,23,1,0,1,,,1,1,"child,grand,root"
REPLICATION,M7,24,1,0,1,,,1,1,"child,grand,root"
REPLICATION,M7,25,1,0,1,,,1,1,"child,grand,root"
REPLICATION,M7,26,1,0,1,,,1,1,"child,grand,root"
REPLICATION,M7,27,1,0,1,,,1,1,"child,grand,root"
REPLICATION,M7,28,1,0,1,,,1,1,"child,grand,root"
REPLICATION,M7,29,1,0,1,,,1,1,"child,grand,root"
REPLICATION,M7,30,1,0,1,,,1,1,"child,grand,root"
REPLICATION,M7,31,1,0,1,,,1,1,"child,grand,root"
REPLICATION,M7,32,1,0,1,,,1,1,"child,grand,root"
REPLICATION,M7,33,1,0,1,,,1,1,"child,grand,root"
REPLICATION,M7,34,1,0,1,,,1,1,"child,grand,root"
REPLICATION,M7,35,1,0,1,,,1,1,"child,grand,root"
REPLICATION,M7,36,1,0,1,,,1,1,"child,grand,root"
REPLICATION,M7,37,1,0,1,,,1,1,"child,grand,root"
REPLICATION,M7,38,1,0,1,,,1,1,"child,grand,root"
REPLICATION,M7,39,1,0,1,,,1,1,"child,grand,root"
REPLICATION,M7,40,1,0,1,,,1,1,"child,grand,root"
REPLICATION,M7,41,1,0,1,,,1,1,"child,grand,root"
REPLICATION,M7,42,1,0,1,,,1,1,"child,grand,root"
REPLICATION,M7,43,1,0,1,,,1,1,"child,grand,root"
REPLICATION,M7,44,1,0,1,,,1,1,"child,grand,root"
REPLICATION,M7,45,1,0,1,,,1,1,"child,grand,root"
REPLICATION,M7,46,1,0,1,,,1,1,"child,grand,root"
REPLICATION,M7,47,1,0,1,,,1,1,"child,grand,root"
REPLICATION,M7,48,1,0,1,,,1,1,"child,grand,root"
REPLICATION,M7,49,1,0,1,,,1,1,"child,grand,root"
REPLICATION,M7,50,1,0,1,,,1,1,"child,grand,root"
REPLICATION,M7,51,1,0,1,,,1,1,"child,grand,root"
REPLICATION,M7,52,1,0,1,,,1,1,"child,grand,root"
REPLICATION,M7,53,1,0,1,,,1,1,"child,grand,root"
REPLICATION,M7,54,1,0,1,,,1,1,"child,grand,root"
REPLICATION,M7,55,1,0,1,,,1,1,"child,grand,root"
REPLICATION,M7,56,1,0,1,,,1,1,"child,grand,root"
REPLICATION,M7,57,1,0,1,,,1,1,"child,grand,root"
REPLICATION,M7,58,1,0,1,,,1,1,"child,grand,root"
REPLICATION,M7,59,1,0,1,,,1,1,"child,grand,root"
REPLICATION,M7,60,1,0,1,,,1,1,"child,grand,root"
REPLICATION,M7,61,1,0,1,,,1,1,"child,grand,root"
REPLICATION,M7,62,1,0,1,,,1,1,"child,grand,root"
REPLICATION,M7,63,1,0,1,,,1,1,"child,grand,root"
REPLICATION,M7,64,1,0,1,,,1,1,"child,grand,root"
REPLICATION,M7,65,1,0,1,,,1,1,"child,grand,root"
REPLICATION,M7,66,1,0,1,,,1,1,"child,grand,root"
REPLICATION,M7,67,1,0,1,,,1,1,"child,grand,root"
REPLICATION,M7,68,1,0,1,,,1,1,"child,grand,root"
REPLICATION,M7,69,1,0,1,,,1,1,"child,grand,root"
REPLICATION,M7,70,1,0,1,,,1,1,"child,grand,root"
REPLICATION,M7,71,1,0,1,,,1,1,"child,grand,root"
REPLICATION,M7,72,1,0,1,,,1,1,"child,grand,root"
REPLICATION,M7,73,1,0,1,,,1,1,"child,grand,root"
REPLICATION,M7,74,1,0,1,,,1,1,"child,grand,root"
REPLICATION,M7,75,1,0,1,,,1,1,"child,grand,root"
REPLICATION,M7,76,1,0,1,,,1,1,"child,grand,root"
REPLICATION,M7,77,1,0,1,,,1,1,"child,grand,root"
REPLICATION,M7,78,1,0,1,,,1,1,"child,grand,root"
REPLICATION,M7,79,1,0,1,,,1,1,"child,grand,root"
REPLICATION,M7,80,1,0,1,,,1,1,"child,grand,root"
REPLICATION,M7,81,1,0,1,,,1,1,"child,grand,root"
REPLICATION,M7,82,1,0,1,,,1,1,"child,grand,root"
REPLICATION,M7,83,1,0,1,,,1,1,"child,grand,root"
REPLICATION,M7,84,1,0,1,,,1,1,"child,grand,root"
REPLICATION,M7,85,1,0,1,,,1,1,"child,grand,root"
REPLICATION,M7,86,1,0,1,,,1,1,"child,grand,root"
REPLICATION,M7,87,1,0,1,,,1,1,"child,grand,root"
REPLICATION,M7,88,1,0,1,,,1,1,"child,grand,root"
REPLICATION,M7,89,1,0,1,,,1,1,"child,grand,root"
REPLICATION,M7,90,1,0,1,,,1,1,"child,grand,root"
REPLICATION,M7,91,1,0,1,,,1,1,"child,grand,root"
REPLICATION,M7,92,1,0,1,,,1,1,"child,grand,root"
REPLICATION,M7,93,1,0,1,,,1,1,"child,grand,root"
REPLICATION,M7,94,1,0,1,,,1,1,"child,grand,root"
REPLICATION,M7,95,1,0,1,,,1,1,"child,grand,root"
REPLICATION,M7,96,1,0,1,,,1,1,"child,grand,root"
REPLICATION,M7,97,1,0,1,,,1,1,"child,grand,root"
REPLICATION,M7,98,1,0,1,,,1,1,"child,grand,root"
REPLICATION,M7,99,1,0,1,,,1,1,"child,grand,root"
REPLICATION,M7,100,1,0,1,,,1,1,"child,grand,root"
REPLICATION,M7,101,1,0,1,,,1,1,"child,grand,root"
REPLICATION,M7,102,1,0,1,,,1,1,"child,grand,root"
REPLICATION,M7,103,1,0,1,,,1,1,"child,grand,root"
REPLICATION,M7,104,1,0,1,,,1,1,"child,grand,root"
REPLICATION,M7,105,1,0,1,,,1,1,"child,grand,root"
REPLICATION,M7,106,1,0,1,,,1,1,"child,grand,root"
REPLICATION,M7,107,1,0,1,,,1,1,"child,grand,root"
REPLICATION,M7,108,1,0,1,,,1,1,"child,grand,root"
REPLICATION,M7,109,1,0,1,,,1,1,"child,grand,root"
REPLICATION,M7,110,1,0,1,,,1,1,"child,grand,root"
REPLICATION,M7,111,1,0,1,,,1,1,"child,grand,root"
REPLICATION,M7,112,1,0,1,,,1,1,"child,grand,root"
REPLICATION,M7,113,1,0,1,,,1,1,"child,grand,root"
REPLICATION,M7,114,1,0,1,,,1,1,"child,grand,root"
REPLICATION,M7,115,1,0,1,,,1,1,"child,grand,root"
REPLICATION,M7,116,1,0,1,,,1,1,"child,grand,root"
REPLICATION,M7,117,1,0,1,,,1,1,"child,grand,root"
REPLICATION,M7,118,1,0,1,,,1,1,"child,grand,root"
REPLICATION,M7,119,1,0,1,,,1,1,"child,grand,root"
REPLICATION,M7,120,1,0,1,,,1,1,"child,grand,root"
REPLICATION,M7,121,1,0,1,,,1,1,"child,grand,root"
REPLICATION,M7,122,1,0,1,,,1,1,"child,grand,root"
REPLICATION,M7,123,1,0,1,,,1,1,"child,grand,root"
REPLICATION,M7,124,1,0,1,,,1,1,"child,grand,root"
REPLICATION,M7,125,1,0,1,,,1,1,"child,grand,root"
REPLICATION,M7,126,1,0,1,,,1,1,"child,grand,root"
REPLICATION,M7,127,1,0,1,,,1,1,"child,grand,root"
REPLICATION,M8,0,1,0,1,,,1,1,"d1,d2,root"
REPLICATION,M8,1,1,0,1,,,1,1,"d1,d2,root"
REPLICATION,M8,2,1,0,1,,,1,1,"d1,d2,root"
REPLICATION,M8,3,1,0,1,,,1,1,"d1,d2,root"
REPLICATION,M8,4,1,0,1,,,1,1,"d1,d2,root"
REPLICATION,M8,5,1,0,1,,,1,1,"d1,d2,root"
REPLICATION,M8,6,1,0,1,,,1,1,"d1,d2,root"
REPLICATION,M8,7,1,0,1,,,1,1,"d1,d2,root"
REPLICATION,M8,8,1,0,1,,,1,1,"d1,d2,root"
REPLICATION,M8,9,1,0,1,,,1,1,"d1,d2,root"
REPLICATION,M8,10,1,0,1,,,1,1,"d1,d2,root"
REPLICATION,M8,11,1,0,1,,,1,1,"d1,d2,root"
REPLICATION,M8,12,1,0,1,,,1,1,"d1,d2,root"
REPLICATION,M8,13,1,0,1,,,1,1,"d1,d2,root"
REPLICATION,M8,14,1,0,1,,,1,1,"d1,d2,root"
REPLICATION,M8,15,1,0,1,,,1,1,"d1,d2,root"
REPLICATION,M8,16,1,0,1,,,1,1,"d1,d2,root"
REPLICATION,M8,17,1,0,1,,,1,1,"d1,d2,root"
REPLICATION,M8,18,1,0,1,,,1,1,"d1,d2,root"
REPLICATION,M8,19,1,0,1,,,1,1,"d1,d2,root"
REPLICATION,M8,20,1,0,1,,,1,1,"d1,d2,root"
REPLICATION,M8,21,1,0,1,,,1,1,"d1,d2,root"
REPLICATION,M8,22,1,0,1,,,1,1,"d1,d2,root"
REPLICATION,M8,23,1,0,1,,,1,1,"d1,d2,root"
REPLICATION,M8,24,1,0,1,,,1,1,"d1,d2,root"
REPLICATION,M8,25,1,0,1,,,1,1,"d1,d2,root"
REPLICATION,M8,26,1,0,1,,,1,1,"d1,d2,root"
REPLICATION,M8,27,1,0,1,,,1,1,"d1,d2,root"
REPLICATION,M8,28,1,0,1,,,1,1,"d1,d2,root"
REPLICATION,M8,29,1,0,1,,,1,1,"d1,d2,root"
REPLICATION,M8,30,1,0,1,,,1,1,"d1,d2,root"
REPLICATION,M8,31,1,0,1,,,1,1,"d1,d2,root"
REPLICATION,M8,32,1,0,1,,,1,1,"d1,d2,root"
REPLICATION,M8,33,1,0,1,,,1,1,"d1,d2,root"
REPLICATION,M8,34,1,0,1,,,1,1,"d1,d2,root"
REPLICATION,M8,35,1,0,1,,,1,1,"d1,d2,root"
REPLICATION,M8,36,1,0,1,,,1,1,"d1,d2,root"
REPLICATION,M8,37,1,0,1,,,1,1,"d1,d2,root"
REPLICATION,M8,38,1,0,1,,,1,1,"d1,d2,root"
REPLICATION,M8,39,1,0,1,,,1,1,"d1,d2,root"
REPLICATION,M8,40,1,0,1,,,1,1,"d1,d2,root"
REPLICATION,M8,41,1,0,1,,,1,1,"d1,d2,root"
REPLICATION,M8,42,1,0,1,,,1,1,"d1,d2,root"
REPLICATION,M8,43,1,0,1,,,1,1,"d1,d2,root"
REPLICATION,M8,44,1,0,1,,,1,1,"d1,d2,root"
REPLICATION,M8,45,1,0,1,,,1,1,"d1,d2,root"
REPLICATION,M8,46,1,0,1,,,1,1,"d1,d2,root"
REPLICATION,M8,47,1,0,1,,,1,1,"d1,d2,root"
REPLICATION,M8,48,1,0,1,,,1,1,"d1,d2,root"
REPLICATION,M8,49,1,0,1,,,1,1,"d1,d2,root"
REPLICATION,M8,50,1,0,1,,,1,1,"d1,d2,root"
REPLICATION,M8,51,1,0,1,,,1,1,"d1,d2,root"
REPLICATION,M8,52,1,0,1,,,1,1,"d1,d2,root"
REPLICATION,M8,53,1,0,1,,,1,1,"d1,d2,root"
REPLICATION,M8,54,1,0,1,,,1,1,"d1,d2,root"
REPLICATION,M8,55,1,0,1,,,1,1,"d1,d2,root"
REPLICATION,M8,56,1,0,1,,,1,1,"d1,d2,root"
REPLICATION,M8,57,1,0,1,,,1,1,"d1,d2,root"
REPLICATION,M8,58,1,0,1,,,1,1,"d1,d2,root"
REPLICATION,M8,59,1,0,1,,,1,1,"d1,d2,root"
REPLICATION,M8,60,1,0,1,,,1,1,"d1,d2,root"
REPLICATION,M8,61,1,0,1,,,1,1,"d1,d2,root"
REPLICATION,M8,62,1,0,1,,,1,1,"d1,d2,root"
REPLICATION,M8,63,1,0,1,,,1,1,"d1,d2,root"
REPLICATION,M8,64,1,0,1,,,1,1,"d1,d2,root"
REPLICATION,M8,65,1,0,1,,,1,1,"d1,d2,root"
REPLICATION,M8,66,1,0,1,,,1,1,"d1,d2,root"
REPLICATION,M8,67,1,0,1,,,1,1,"d1,d2,root"
REPLICATION,M8,68,1,0,1,,,1,1,"d1,d2,root"
REPLICATION,M8,69,1,0,1,,,1,1,"d1,d2,root"
REPLICATION,M8,70,1,0,1,,,1,1,"d1,d2,root"
REPLICATION,M8,71,1,0,1,,,1,1,"d1,d2,root"
REPLICATION,M8,72,1,0,1,,,1,1,"d1,d2,root"
REPLICATION,M8,73,1,0,1,,,1,1,"d1,d2,root"
REPLICATION,M8,74,1,0,1,,,1,1,"d1,d2,root"
REPLICATION,M8,75,1,0,1,,,1,1,"d1,d2,root"
REPLICATION,M8,76,1,0,1,,,1,1,"d1,d2,root"
REPLICATION,M8,77,1,0,1,,,1,1,"d1,d2,root"
REPLICATION,M8,78,1,0,1,,,1,1,"d1,d2,root"
REPLICATION,M8,79,1,0,1,,,1,1,"d1,d2,root"
REPLICATION,M8,80,1,0,1,,,1,1,"d1,d2,root"
REPLICATION,M8,81,1,0,1,,,1,1,"d1,d2,root"
REPLICATION,M8,82,1,0,1,,,1,1,"d1,d2,root"
REPLICATION,M8,83,1,0,1,,,1,1,"d1,d2,root"
REPLICATION,M8,84,1,0,1,,,1,1,"d1,d2,root"
REPLICATION,M8,85,1,0,1,,,1,1,"d1,d2,root"
REPLICATION,M8,86,1,0,1,,,1,1,"d1,d2,root"
REPLICATION,M8,87,1,0,1,,,1,1,"d1,d2,root"
REPLICATION,M8,88,1,0,1,,,1,1,"d1,d2,root"
REPLICATION,M8,89,1,0,1,,,1,1,"d1,d2,root"
REPLICATION,M8,90,1,0,1,,,1,1,"d1,d2,root"
REPLICATION,M8,91,1,0,1,,,1,1,"d1,d2,root"
REPLICATION,M8,92,1,0,1,,,1,1,"d1,d2,root"
REPLICATION,M8,93,1,0,1,,,1,1,"d1,d2,root"
REPLICATION,M8,94,1,0,1,,,1,1,"d1,d2,root"
REPLICATION,M8,95,1,0,1,,,1,1,"d1,d2,root"
REPLICATION,M8,96,1,0,1,,,1,1,"d1,d2,root"
REPLICATION,M8,97,1,0,1,,,1,1,"d1,d2,root"
REPLICATION,M8,98,1,0,1,,,1,1,"d1,d2,root"
REPLICATION,M8,99,1,0,1,,,1,1,"d1,d2,root"
REPLICATION,M8,100,1,0,1,,,1,1,"d1,d2,root"
REPLICATION,M8,101,1,0,1,,,1,1,"d1,d2,root"
REPLICATION,M8,102,1,0,1,,,1,1,"d1,d2,root"
REPLICATION,M8,103,1,0,1,,,1,1,"d1,d2,root"
REPLICATION,M8,104,1,0,1,,,1,1,"d1,d2,root"
REPLICATION,M8,105,1,0,1,,,1,1,"d1,d2,root"
REPLICATION,M8,106,1,0,1,,,1,1,"d1,d2,root"
REPLICATION,M8,107,1,0,1,,,1,1,"d1,d2,root"
REPLICATION,M8,108,1,0,1,,,1,1,"d1,d2,root"
REPLICATION,M8,109,1,0,1,,,1,1,"d1,d2,root"
REPLICATION,M8,110,1,0,1,,,1,1,"d1,d2,root"
REPLICATION,M8,111,1,0,1,,,1,1,"d1,d2,root"
REPLICATION,M8,112,1,0,1,,,1,1,"d1,d2,root"
REPLICATION,M8,113,1,0,1,,,1,1,"d1,d2,root"
REPLICATION,M8,114,1,0,1,,,1,1,"d1,d2,root"
REPLICATION,M8,115,1,0,1,,,1,1,"d1,d2,root"
REPLICATION,M8,116,1,0,1,,,1,1,"d1,d2,root"
REPLICATION,M8,117,1,0,1,,,1,1,"d1,d2,root"
REPLICATION,M8,118,1,0,1,,,1,1,"d1,d2,root"
REPLICATION,M8,119,1,0,1,,,1,1,"d1,d2,root"
REPLICATION,M8,120,1,0,1,,,1,1,"d1,d2,root"
REPLICATION,M8,121,1,0,1,,,1,1,"d1,d2,root"
REPLICATION,M8,122,1,0,1,,,1,1,"d1,d2,root"
REPLICATION,M8,123,1,0,1,,,1,1,"d1,d2,root"
REPLICATION,M8,124,1,0,1,,,1,1,"d1,d2,root"
REPLICATION,M8,125,1,0,1,,,1,1,"d1,d2,root"
REPLICATION,M8,126,1,0,1,,,1,1,"d1,d2,root"
REPLICATION,M8,127,1,0,1,,,1,1,"d1,d2,root"
REPLICATION,M9,0,1,0,,,0,1,1,"tampered=False,direct=False"
REPLICATION,M9,1,1,0,,,0,1,1,"tampered=False,direct=False"
REPLICATION,M9,2,1,0,,,0,1,1,"tampered=False,direct=False"
REPLICATION,M9,3,1,0,,,0,1,1,"tampered=False,direct=False"
REPLICATION,M9,4,1,0,,,0,1,1,"tampered=False,direct=False"
REPLICATION,M9,5,1,0,,,0,1,1,"tampered=False,direct=False"
REPLICATION,M9,6,1,0,,,0,1,1,"tampered=False,direct=False"
REPLICATION,M9,7,1,0,,,0,1,1,"tampered=False,direct=False"
REPLICATION,M9,8,1,0,,,0,1,1,"tampered=False,direct=False"
REPLICATION,M9,9,1,0,,,0,1,1,"tampered=False,direct=False"
REPLICATION,M9,10,1,0,,,0,1,1,"tampered=False,direct=False"
REPLICATION,M9,11,1,0,,,0,1,1,"tampered=False,direct=False"
REPLICATION,M9,12,1,0,,,0,1,1,"tampered=False,direct=False"
REPLICATION,M9,13,1,0,,,0,1,1,"tampered=False,direct=False"
REPLICATION,M9,14,1,0,,,0,1,1,"tampered=False,direct=False"
REPLICATION,M9,15,1,0,,,0,1,1,"tampered=False,direct=False"
REPLICATION,M9,16,1,0,,,0,1,1,"tampered=False,direct=False"
REPLICATION,M9,17,1,0,,,0,1,1,"tampered=False,direct=False"
REPLICATION,M9,18,1,0,,,0,1,1,"tampered=False,direct=False"
REPLICATION,M9,19,1,0,,,0,1,1,"tampered=False,direct=False"
REPLICATION,M9,20,1,0,,,0,1,1,"tampered=False,direct=False"
REPLICATION,M9,21,1,0,,,0,1,1,"tampered=False,direct=False"
REPLICATION,M9,22,1,0,,,0,1,1,"tampered=False,direct=False"
REPLICATION,M9,23,1,0,,,0,1,1,"tampered=False,direct=False"
REPLICATION,M9,24,1,0,,,0,1,1,"tampered=False,direct=False"
REPLICATION,M9,25,1,0,,,0,1,1,"tampered=False,direct=False"
REPLICATION,M9,26,1,0,,,0,1,1,"tampered=False,direct=False"
REPLICATION,M9,27,1,0,,,0,1,1,"tampered=False,direct=False"
REPLICATION,M9,28,1,0,,,0,1,1,"tampered=False,direct=False"
REPLICATION,M9,29,1,0,,,0,1,1,"tampered=False,direct=False"
REPLICATION,M9,30,1,0,,,0,1,1,"tampered=False,direct=False"
REPLICATION,M9,31,1,0,,,0,1,1,"tampered=False,direct=False"
REPLICATION,M9,32,1,0,,,0,1,1,"tampered=False,direct=False"
REPLICATION,M9,33,1,0,,,0,1,1,"tampered=False,direct=False"
REPLICATION,M9,34,1,0,,,0,1,1,"tampered=False,direct=False"
REPLICATION,M9,35,1,0,,,0,1,1,"tampered=False,direct=False"
REPLICATION,M9,36,1,0,,,0,1,1,"tampered=False,direct=False"
REPLICATION,M9,37,1,0,,,0,1,1,"tampered=False,direct=False"
REPLICATION,M9,38,1,0,,,0,1,1,"tampered=False,direct=False"
REPLICATION,M9,39,1,0,,,0,1,1,"tampered=False,direct=False"
REPLICATION,M9,40,1,0,,,0,1,1,"tampered=False,direct=False"
REPLICATION,M9,41,1,0,,,0,1,1,"tampered=False,direct=False"
REPLICATION,M9,42,1,0,,,0,1,1,"tampered=False,direct=False"
REPLICATION,M9,43,1,0,,,0,1,1,"tampered=False,direct=False"
REPLICATION,M9,44,1,0,,,0,1,1,"tampered=False,direct=False"
REPLICATION,M9,45,1,0,,,0,1,1,"tampered=False,direct=False"
REPLICATION,M9,46,1,0,,,0,1,1,"tampered=False,direct=False"
REPLICATION,M9,47,1,0,,,0,1,1,"tampered=False,direct=False"
REPLICATION,M9,48,1,0,,,0,1,1,"tampered=False,direct=False"
REPLICATION,M9,49,1,0,,,0,1,1,"tampered=False,direct=False"
REPLICATION,M9,50,1,0,,,0,1,1,"tampered=False,direct=False"
REPLICATION,M9,51,1,0,,,0,1,1,"tampered=False,direct=False"
REPLICATION,M9,52,1,0,,,0,1,1,"tampered=False,direct=False"
REPLICATION,M9,53,1,0,,,0,1,1,"tampered=False,direct=False"
REPLICATION,M9,54,1,0,,,0,1,1,"tampered=False,direct=False"
REPLICATION,M9,55,1,0,,,0,1,1,"tampered=False,direct=False"
REPLICATION,M9,56,1,0,,,0,1,1,"tampered=False,direct=False"
REPLICATION,M9,57,1,0,,,0,1,1,"tampered=False,direct=False"
REPLICATION,M9,58,1,0,,,0,1,1,"tampered=False,direct=False"
REPLICATION,M9,59,1,0,,,0,1,1,"tampered=False,direct=False"
REPLICATION,M9,60,1,0,,,0,1,1,"tampered=False,direct=False"
REPLICATION,M9,61,1,0,,,0,1,1,"tampered=False,direct=False"
REPLICATION,M9,62,1,0,,,0,1,1,"tampered=False,direct=False"
REPLICATION,M9,63,1,0,,,0,1,1,"tampered=False,direct=False"
REPLICATION,M9,64,1,0,,,0,1,1,"tampered=False,direct=False"
REPLICATION,M9,65,1,0,,,0,1,1,"tampered=False,direct=False"
REPLICATION,M9,66,1,0,,,0,1,1,"tampered=False,direct=False"
REPLICATION,M9,67,1,0,,,0,1,1,"tampered=False,direct=False"
REPLICATION,M9,68,1,0,,,0,1,1,"tampered=False,direct=False"
REPLICATION,M9,69,1,0,,,0,1,1,"tampered=False,direct=False"
REPLICATION,M9,70,1,0,,,0,1,1,"tampered=False,direct=False"
REPLICATION,M9,71,1,0,,,0,1,1,"tampered=False,direct=False"
REPLICATION,M9,72,1,0,,,0,1,1,"tampered=False,direct=False"
REPLICATION,M9,73,1,0,,,0,1,1,"tampered=False,direct=False"
REPLICATION,M9,74,1,0,,,0,1,1,"tampered=False,direct=False"
REPLICATION,M9,75,1,0,,,0,1,1,"tampered=False,direct=False"
REPLICATION,M9,76,1,0,,,0,1,1,"tampered=False,direct=False"
REPLICATION,M9,77,1,0,,,0,1,1,"tampered=False,direct=False"
REPLICATION,M9,78,1,0,,,0,1,1,"tampered=False,direct=False"
REPLICATION,M9,79,1,0,,,0,1,1,"tampered=False,direct=False"
REPLICATION,M9,80,1,0,,,0,1,1,"tampered=False,direct=False"
REPLICATION,M9,81,1,0,,,0,1,1,"tampered=False,direct=False"
REPLICATION,M9,82,1,0,,,0,1,1,"tampered=False,direct=False"
REPLICATION,M9,83,1,0,,,0,1,1,"tampered=False,direct=False"
REPLICATION,M9,84,1,0,,,0,1,1,"tampered=False,direct=False"
REPLICATION,M9,85,1,0,,,0,1,1,"tampered=False,direct=False"
REPLICATION,M9,86,1,0,,,0,1,1,"tampered=False,direct=False"
REPLICATION,M9,87,1,0,,,0,1,1,"tampered=False,direct=False"
REPLICATION,M9,88,1,0,,,0,1,1,"tampered=False,direct=False"
REPLICATION,M9,89,1,0,,,0,1,1,"tampered=False,direct=False"
REPLICATION,M9,90,1,0,,,0,1,1,"tampered=False,direct=False"
REPLICATION,M9,91,1,0,,,0,1,1,"tampered=False,direct=False"
REPLICATION,M9,92,1,0,,,0,1,1,"tampered=False,direct=False"
REPLICATION,M9,93,1,0,,,0,1,1,"tampered=False,direct=False"
REPLICATION,M9,94,1,0,,,0,1,1,"tampered=False,direct=False"
REPLICATION,M9,95,1,0,,,0,1,1,"tampered=False,direct=False"
REPLICATION,M9,96,1,0,,,0,1,1,"tampered=False,direct=False"
REPLICATION,M9,97,1,0,,,0,1,1,"tampered=False,direct=False"
REPLICATION,M9,98,1,0,,,0,1,1,"tampered=False,direct=False"
REPLICATION,M9,99,1,0,,,0,1,1,"tampered=False,direct=False"
REPLICATION,M9,100,1,0,,,0,1,1,"tampered=False,direct=False"
REPLICATION,M9,101,1,0,,,0,1,1,"tampered=False,direct=False"
REPLICATION,M9,102,1,0,,,0,1,1,"tampered=False,direct=False"
REPLICATION,M9,103,1,0,,,0,1,1,"tampered=False,direct=False"
REPLICATION,M9,104,1,0,,,0,1,1,"tampered=False,direct=False"
REPLICATION,M9,105,1,0,,,0,1,1,"tampered=False,direct=False"
REPLICATION,M9,106,1,0,,,0,1,1,"tampered=False,direct=False"
REPLICATION,M9,107,1,0,,,0,1,1,"tampered=False,direct=False"
REPLICATION,M9,108,1,0,,,0,1,1,"tampered=False,direct=False"
REPLICATION,M9,109,1,0,,,0,1,1,"tampered=False,direct=False"
REPLICATION,M9,110,1,0,,,0,1,1,"tampered=False,direct=False"
REPLICATION,M9,111,1,0,,,0,1,1,"tampered=False,direct=False"
REPLICATION,M9,112,1,0,,,0,1,1,"tampered=False,direct=False"
REPLICATION,M9,113,1,0,,,0,1,1,"tampered=False,direct=False"
REPLICATION,M9,114,1,0,,,0,1,1,"tampered=False,direct=False"
REPLICATION,M9,115,1,0,,,0,1,1,"tampered=False,direct=False"
REPLICATION,M9,116,1,0,,,0,1,1,"tampered=False,direct=False"
REPLICATION,M9,117,1,0,,,0,1,1,"tampered=False,direct=False"
REPLICATION,M9,118,1,0,,,0,1,1,"tampered=False,direct=False"
REPLICATION,M9,119,1,0,,,0,1,1,"tampered=False,direct=False"
REPLICATION,M9,120,1,0,,,0,1,1,"tampered=False,direct=False"
REPLICATION,M9,121,1,0,,,0,1,1,"tampered=False,direct=False"
REPLICATION,M9,122,1,0,,,0,1,1,"tampered=False,direct=False"
REPLICATION,M9,123,1,0,,,0,1,1,"tampered=False,direct=False"
REPLICATION,M9,124,1,0,,,0,1,1,"tampered=False,direct=False"
REPLICATION,M9,125,1,0,,,0,1,1,"tampered=False,direct=False"
REPLICATION,M9,126,1,0,,,0,1,1,"tampered=False,direct=False"
REPLICATION,M9,127,1,0,,,0,1,1,"tampered=False,direct=False"
REPLICATION,M10,0,1,0,,0,,1,1,legacy_accepted=False
REPLICATION,M10,1,1,0,,0,,1,1,legacy_accepted=False
REPLICATION,M10,2,1,0,,0,,1,1,legacy_accepted=False
REPLICATION,M10,3,1,0,,0,,1,1,legacy_accepted=False
REPLICATION,M10,4,1,0,,0,,1,1,legacy_accepted=False
REPLICATION,M10,5,1,0,,0,,1,1,legacy_accepted=False
REPLICATION,M10,6,1,0,,0,,1,1,legacy_accepted=False
REPLICATION,M10,7,1,0,,0,,1,1,legacy_accepted=False
REPLICATION,M10,8,1,0,,0,,1,1,legacy_accepted=False
REPLICATION,M10,9,1,0,,0,,1,1,legacy_accepted=False
REPLICATION,M10,10,1,0,,0,,1,1,legacy_accepted=False
REPLICATION,M10,11,1,0,,0,,1,1,legacy_accepted=False
REPLICATION,M10,12,1,0,,0,,1,1,legacy_accepted=False
REPLICATION,M10,13,1,0,,0,,1,1,legacy_accepted=False
REPLICATION,M10,14,1,0,,0,,1,1,legacy_accepted=False
REPLICATION,M10,15,1,0,,0,,1,1,legacy_accepted=False
REPLICATION,M10,16,1,0,,0,,1,1,legacy_accepted=False
REPLICATION,M10,17,1,0,,0,,1,1,legacy_accepted=False
REPLICATION,M10,18,1,0,,0,,1,1,legacy_accepted=False
REPLICATION,M10,19,1,0,,0,,1,1,legacy_accepted=False
REPLICATION,M10,20,1,0,,0,,1,1,legacy_accepted=False
REPLICATION,M10,21,1,0,,0,,1,1,legacy_accepted=False
REPLICATION,M10,22,1,0,,0,,1,1,legacy_accepted=False
REPLICATION,M10,23,1,0,,0,,1,1,legacy_accepted=False
REPLICATION,M10,24,1,0,,0,,1,1,legacy_accepted=False
REPLICATION,M10,25,1,0,,0,,1,1,legacy_accepted=False
REPLICATION,M10,26,1,0,,0,,1,1,legacy_accepted=False
REPLICATION,M10,27,1,0,,0,,1,1,legacy_accepted=False
REPLICATION,M10,28,1,0,,0,,1,1,legacy_accepted=False
REPLICATION,M10,29,1,0,,0,,1,1,legacy_accepted=False
REPLICATION,M10,30,1,0,,0,,1,1,legacy_accepted=False
REPLICATION,M10,31,1,0,,0,,1,1,legacy_accepted=False
REPLICATION,M10,32,1,0,,0,,1,1,legacy_accepted=False
REPLICATION,M10,33,1,0,,0,,1,1,legacy_accepted=False
REPLICATION,M10,34,1,0,,0,,1,1,legacy_accepted=False
REPLICATION,M10,35,1,0,,0,,1,1,legacy_accepted=False
REPLICATION,M10,36,1,0,,0,,1,1,legacy_accepted=False
REPLICATION,M10,37,1,0,,0,,1,1,legacy_accepted=False
REPLICATION,M10,38,1,0,,0,,1,1,legacy_accepted=False
REPLICATION,M10,39,1,0,,0,,1,1,legacy_accepted=False
REPLICATION,M10,40,1,0,,0,,1,1,legacy_accepted=False
REPLICATION,M10,41,1,0,,0,,1,1,legacy_accepted=False
REPLICATION,M10,42,1,0,,0,,1,1,legacy_accepted=False
REPLICATION,M10,43,1,0,,0,,1,1,legacy_accepted=False
REPLICATION,M10,44,1,0,,0,,1,1,legacy_accepted=False
REPLICATION,M10,45,1,0,,0,,1,1,legacy_accepted=False
REPLICATION,M10,46,1,0,,0,,1,1,legacy_accepted=False
REPLICATION,M10,47,1,0,,0,,1,1,legacy_accepted=False
REPLICATION,M10,48,1,0,,0,,1,1,legacy_accepted=False
REPLICATION,M10,49,1,0,,0,,1,1,legacy_accepted=False
REPLICATION,M10,50,1,0,,0,,1,1,legacy_accepted=False
REPLICATION,M10,51,1,0,,0,,1,1,legacy_accepted=False
REPLICATION,M10,52,1,0,,0,,1,1,legacy_accepted=False
REPLICATION,M10,53,1,0,,0,,1,1,legacy_accepted=False
REPLICATION,M10,54,1,0,,0,,1,1,legacy_accepted=False
REPLICATION,M10,55,1,0,,0,,1,1,legacy_accepted=False
REPLICATION,M10,56,1,0,,0,,1,1,legacy_accepted=False
REPLICATION,M10,57,1,0,,0,,1,1,legacy_accepted=False
REPLICATION,M10,58,1,0,,0,,1,1,legacy_accepted=False
REPLICATION,M10,59,1,0,,0,,1,1,legacy_accepted=False
REPLICATION,M10,60,1,0,,0,,1,1,legacy_accepted=False
REPLICATION,M10,61,1,0,,0,,1,1,legacy_accepted=False
REPLICATION,M10,62,1,0,,0,,1,1,legacy_accepted=False
REPLICATION,M10,63,1,0,,0,,1,1,legacy_accepted=False
REPLICATION,M10,64,1,0,,0,,1,1,legacy_accepted=False
REPLICATION,M10,65,1,0,,0,,1,1,legacy_accepted=False
REPLICATION,M10,66,1,0,,0,,1,1,legacy_accepted=False
REPLICATION,M10,67,1,0,,0,,1,1,legacy_accepted=False
REPLICATION,M10,68,1,0,,0,,1,1,legacy_accepted=False
REPLICATION,M10,69,1,0,,0,,1,1,legacy_accepted=False
REPLICATION,M10,70,1,0,,0,,1,1,legacy_accepted=False
REPLICATION,M10,71,1,0,,0,,1,1,legacy_accepted=False
REPLICATION,M10,72,1,0,,0,,1,1,legacy_accepted=False
REPLICATION,M10,73,1,0,,0,,1,1,legacy_accepted=False
REPLICATION,M10,74,1,0,,0,,1,1,legacy_accepted=False
REPLICATION,M10,75,1,0,,0,,1,1,legacy_accepted=False
REPLICATION,M10,76,1,0,,0,,1,1,legacy_accepted=False
REPLICATION,M10,77,1,0,,0,,1,1,legacy_accepted=False
REPLICATION,M10,78,1,0,,0,,1,1,legacy_accepted=False
REPLICATION,M10,79,1,0,,0,,1,1,legacy_accepted=False
REPLICATION,M10,80,1,0,,0,,1,1,legacy_accepted=False
REPLICATION,M10,81,1,0,,0,,1,1,legacy_accepted=False
REPLICATION,M10,82,1,0,,0,,1,1,legacy_accepted=False
REPLICATION,M10,83,1,0,,0,,1,1,legacy_accepted=False
REPLICATION,M10,84,1,0,,0,,1,1,legacy_accepted=False
REPLICATION,M10,85,1,0,,0,,1,1,legacy_accepted=False
REPLICATION,M10,86,1,0,,0,,1,1,legacy_accepted=False
REPLICATION,M10,87,1,0,,0,,1,1,legacy_accepted=False
REPLICATION,M10,88,1,0,,0,,1,1,legacy_accepted=False
REPLICATION,M10,89,1,0,,0,,1,1,legacy_accepted=False
REPLICATION,M10,90,1,0,,0,,1,1,legacy_accepted=False
REPLICATION,M10,91,1,0,,0,,1,1,legacy_accepted=False
REPLICATION,M10,92,1,0,,0,,1,1,legacy_accepted=False
REPLICATION,M10,93,1,0,,0,,1,1,legacy_accepted=False
REPLICATION,M10,94,1,0,,0,,1,1,legacy_accepted=False
REPLICATION,M10,95,1,0,,0,,1,1,legacy_accepted=False
REPLICATION,M10,96,1,0,,0,,1,1,legacy_accepted=False
REPLICATION,M10,97,1,0,,0,,1,1,legacy_accepted=False
REPLICATION,M10,98,1,0,,0,,1,1,legacy_accepted=False
REPLICATION,M10,99,1,0,,0,,1,1,legacy_accepted=False
REPLICATION,M10,100,1,0,,0,,1,1,legacy_accepted=False
REPLICATION,M10,101,1,0,,0,,1,1,legacy_accepted=False
REPLICATION,M10,102,1,0,,0,,1,1,legacy_accepted=False
REPLICATION,M10,103,1,0,,0,,1,1,legacy_accepted=False
REPLICATION,M10,104,1,0,,0,,1,1,legacy_accepted=False
REPLICATION,M10,105,1,0,,0,,1,1,legacy_accepted=False
REPLICATION,M10,106,1,0,,0,,1,1,legacy_accepted=False
REPLICATION,M10,107,1,0,,0,,1,1,legacy_accepted=False
REPLICATION,M10,108,1,0,,0,,1,1,legacy_accepted=False
REPLICATION,M10,109,1,0,,0,,1,1,legacy_accepted=False
REPLICATION,M10,110,1,0,,0,,1,1,legacy_accepted=False
REPLICATION,M10,111,1,0,,0,,1,1,legacy_accepted=False
REPLICATION,M10,112,1,0,,0,,1,1,legacy_accepted=False
REPLICATION,M10,113,1,0,,0,,1,1,legacy_accepted=False
REPLICATION,M10,114,1,0,,0,,1,1,legacy_accepted=False
REPLICATION,M10,115,1,0,,0,,1,1,legacy_accepted=False
REPLICATION,M10,116,1,0,,0,,1,1,legacy_accepted=False
REPLICATION,M10,117,1,0,,0,,1,1,legacy_accepted=False
REPLICATION,M10,118,1,0,,0,,1,1,legacy_accepted=False
REPLICATION,M10,119,1,0,,0,,1,1,legacy_accepted=False
REPLICATION,M10,120,1,0,,0,,1,1,legacy_accepted=False
REPLICATION,M10,121,1,0,,0,,1,1,legacy_accepted=False
REPLICATION,M10,122,1,0,,0,,1,1,legacy_accepted=False
REPLICATION,M10,123,1,0,,0,,1,1,legacy_accepted=False
REPLICATION,M10,124,1,0,,0,,1,1,legacy_accepted=False
REPLICATION,M10,125,1,0,,0,,1,1,legacy_accepted=False
REPLICATION,M10,126,1,0,,0,,1,1,legacy_accepted=False
REPLICATION,M10,127,1,0,,0,,1,1,legacy_accepted=False
REPLICATION,M11,0,1,0,,,,1,1,"old=PREDICTIVE,new=INTERVENTION_SUPPORTED"
REPLICATION,M11,1,1,0,,,,1,1,"old=PREDICTIVE,new=INTERVENTION_SUPPORTED"
REPLICATION,M11,2,1,0,,,,1,1,"old=PREDICTIVE,new=INTERVENTION_SUPPORTED"
REPLICATION,M11,3,1,0,,,,1,1,"old=PREDICTIVE,new=INTERVENTION_SUPPORTED"
REPLICATION,M11,4,1,0,,,,1,1,"old=PREDICTIVE,new=INTERVENTION_SUPPORTED"
REPLICATION,M11,5,1,0,,,,1,1,"old=PREDICTIVE,new=INTERVENTION_SUPPORTED"
REPLICATION,M11,6,1,0,,,,1,1,"old=PREDICTIVE,new=INTERVENTION_SUPPORTED"
REPLICATION,M11,7,1,0,,,,1,1,"old=PREDICTIVE,new=INTERVENTION_SUPPORTED"
REPLICATION,M11,8,1,0,,,,1,1,"old=PREDICTIVE,new=INTERVENTION_SUPPORTED"
REPLICATION,M11,9,1,0,,,,1,1,"old=PREDICTIVE,new=INTERVENTION_SUPPORTED"
REPLICATION,M11,10,1,0,,,,1,1,"old=PREDICTIVE,new=INTERVENTION_SUPPORTED"
REPLICATION,M11,11,1,0,,,,1,1,"old=PREDICTIVE,new=INTERVENTION_SUPPORTED"
REPLICATION,M11,12,1,0,,,,1,1,"old=PREDICTIVE,new=INTERVENTION_SUPPORTED"
REPLICATION,M11,13,1,0,,,,1,1,"old=PREDICTIVE,new=INTERVENTION_SUPPORTED"
REPLICATION,M11,14,1,0,,,,1,1,"old=PREDICTIVE,new=INTERVENTION_SUPPORTED"
REPLICATION,M11,15,1,0,,,,1,1,"old=PREDICTIVE,new=INTERVENTION_SUPPORTED"
REPLICATION,M11,16,1,0,,,,1,1,"old=PREDICTIVE,new=INTERVENTION_SUPPORTED"
REPLICATION,M11,17,1,0,,,,1,1,"old=PREDICTIVE,new=INTERVENTION_SUPPORTED"
REPLICATION,M11,18,1,0,,,,1,1,"old=PREDICTIVE,new=INTERVENTION_SUPPORTED"
REPLICATION,M11,19,1,0,,,,1,1,"old=PREDICTIVE,new=INTERVENTION_SUPPORTED"
REPLICATION,M11,20,1,0,,,,1,1,"old=PREDICTIVE,new=INTERVENTION_SUPPORTED"
REPLICATION,M11,21,1,0,,,,1,1,"old=PREDICTIVE,new=INTERVENTION_SUPPORTED"
REPLICATION,M11,22,1,0,,,,1,1,"old=PREDICTIVE,new=INTERVENTION_SUPPORTED"
REPLICATION,M11,23,1,0,,,,1,1,"old=PREDICTIVE,new=INTERVENTION_SUPPORTED"
REPLICATION,M11,24,1,0,,,,1,1,"old=PREDICTIVE,new=INTERVENTION_SUPPORTED"
REPLICATION,M11,25,1,0,,,,1,1,"old=PREDICTIVE,new=INTERVENTION_SUPPORTED"
REPLICATION,M11,26,1,0,,,,1,1,"old=PREDICTIVE,new=INTERVENTION_SUPPORTED"
REPLICATION,M11,27,1,0,,,,1,1,"old=PREDICTIVE,new=INTERVENTION_SUPPORTED"
REPLICATION,M11,28,1,0,,,,1,1,"old=PREDICTIVE,new=INTERVENTION_SUPPORTED"
REPLICATION,M11,29,1,0,,,,1,1,"old=PREDICTIVE,new=INTERVENTION_SUPPORTED"
REPLICATION,M11,30,1,0,,,,1,1,"old=PREDICTIVE,new=INTERVENTION_SUPPORTED"
REPLICATION,M11,31,1,0,,,,1,1,"old=PREDICTIVE,new=INTERVENTION_SUPPORTED"
REPLICATION,M11,32,1,0,,,,1,1,"old=PREDICTIVE,new=INTERVENTION_SUPPORTED"
REPLICATION,M11,33,1,0,,,,1,1,"old=PREDICTIVE,new=INTERVENTION_SUPPORTED"
REPLICATION,M11,34,1,0,,,,1,1,"old=PREDICTIVE,new=INTERVENTION_SUPPORTED"
REPLICATION,M11,35,1,0,,,,1,1,"old=PREDICTIVE,new=INTERVENTION_SUPPORTED"
REPLICATION,M11,36,1,0,,,,1,1,"old=PREDICTIVE,new=INTERVENTION_SUPPORTED"
REPLICATION,M11,37,1,0,,,,1,1,"old=PREDICTIVE,new=INTERVENTION_SUPPORTED"
REPLICATION,M11,38,1,0,,,,1,1,"old=PREDICTIVE,new=INTERVENTION_SUPPORTED"
REPLICATION,M11,39,1,0,,,,1,1,"old=PREDICTIVE,new=INTERVENTION_SUPPORTED"
REPLICATION,M11,40,1,0,,,,1,1,"old=PREDICTIVE,new=INTERVENTION_SUPPORTED"
REPLICATION,M11,41,1,0,,,,1,1,"old=PREDICTIVE,new=INTERVENTION_SUPPORTED"
REPLICATION,M11,42,1,0,,,,1,1,"old=PREDICTIVE,new=INTERVENTION_SUPPORTED"
REPLICATION,M11,43,1,0,,,,1,1,"old=PREDICTIVE,new=INTERVENTION_SUPPORTED"
REPLICATION,M11,44,1,0,,,,1,1,"old=PREDICTIVE,new=INTERVENTION_SUPPORTED"
REPLICATION,M11,45,1,0,,,,1,1,"old=PREDICTIVE,new=INTERVENTION_SUPPORTED"
REPLICATION,M11,46,1,0,,,,1,1,"old=PREDICTIVE,new=INTERVENTION_SUPPORTED"
REPLICATION,M11,47,1,0,,,,1,1,"old=PREDICTIVE,new=INTERVENTION_SUPPORTED"
REPLICATION,M11,48,1,0,,,,1,1,"old=PREDICTIVE,new=INTERVENTION_SUPPORTED"
REPLICATION,M11,49,1,0,,,,1,1,"old=PREDICTIVE,new=INTERVENTION_SUPPORTED"
REPLICATION,M11,50,1,0,,,,1,1,"old=PREDICTIVE,new=INTERVENTION_SUPPORTED"
REPLICATION,M11,51,1,0,,,,1,1,"old=PREDICTIVE,new=INTERVENTION_SUPPORTED"
REPLICATION,M11,52,1,0,,,,1,1,"old=PREDICTIVE,new=INTERVENTION_SUPPORTED"
REPLICATION,M11,53,1,0,,,,1,1,"old=PREDICTIVE,new=INTERVENTION_SUPPORTED"
REPLICATION,M11,54,1,0,,,,1,1,"old=PREDICTIVE,new=INTERVENTION_SUPPORTED"
REPLICATION,M11,55,1,0,,,,1,1,"old=PREDICTIVE,new=INTERVENTION_SUPPORTED"
REPLICATION,M11,56,1,0,,,,1,1,"old=PREDICTIVE,new=INTERVENTION_SUPPORTED"
REPLICATION,M11,57,1,0,,,,1,1,"old=PREDICTIVE,new=INTERVENTION_SUPPORTED"
REPLICATION,M11,58,1,0,,,,1,1,"old=PREDICTIVE,new=INTERVENTION_SUPPORTED"
REPLICATION,M11,59,1,0,,,,1,1,"old=PREDICTIVE,new=INTERVENTION_SUPPORTED"
REPLICATION,M11,60,1,0,,,,1,1,"old=PREDICTIVE,new=INTERVENTION_SUPPORTED"
REPLICATION,M11,61,1,0,,,,1,1,"old=PREDICTIVE,new=INTERVENTION_SUPPORTED"
REPLICATION,M11,62,1,0,,,,1,1,"old=PREDICTIVE,new=INTERVENTION_SUPPORTED"
REPLICATION,M11,63,1,0,,,,1,1,"old=PREDICTIVE,new=INTERVENTION_SUPPORTED"
REPLICATION,M11,64,1,0,,,,1,1,"old=PREDICTIVE,new=INTERVENTION_SUPPORTED"
REPLICATION,M11,65,1,0,,,,1,1,"old=PREDICTIVE,new=INTERVENTION_SUPPORTED"
REPLICATION,M11,66,1,0,,,,1,1,"old=PREDICTIVE,new=INTERVENTION_SUPPORTED"
REPLICATION,M11,67,1,0,,,,1,1,"old=PREDICTIVE,new=INTERVENTION_SUPPORTED"
REPLICATION,M11,68,1,0,,,,1,1,"old=PREDICTIVE,new=INTERVENTION_SUPPORTED"
REPLICATION,M11,69,1,0,,,,1,1,"old=PREDICTIVE,new=INTERVENTION_SUPPORTED"
REPLICATION,M11,70,1,0,,,,1,1,"old=PREDICTIVE,new=INTERVENTION_SUPPORTED"
REPLICATION,M11,71,1,0,,,,1,1,"old=PREDICTIVE,new=INTERVENTION_SUPPORTED"
REPLICATION,M11,72,1,0,,,,1,1,"old=PREDICTIVE,new=INTERVENTION_SUPPORTED"
REPLICATION,M11,73,1,0,,,,1,1,"old=PREDICTIVE,new=INTERVENTION_SUPPORTED"
REPLICATION,M11,74,1,0,,,,1,1,"old=PREDICTIVE,new=INTERVENTION_SUPPORTED"
REPLICATION,M11,75,1,0,,,,1,1,"old=PREDICTIVE,new=INTERVENTION_SUPPORTED"
REPLICATION,M11,76,1,0,,,,1,1,"old=PREDICTIVE,new=INTERVENTION_SUPPORTED"
REPLICATION,M11,77,1,0,,,,1,1,"old=PREDICTIVE,new=INTERVENTION_SUPPORTED"
REPLICATION,M11,78,1,0,,,,1,1,"old=PREDICTIVE,new=INTERVENTION_SUPPORTED"
REPLICATION,M11,79,1,0,,,,1,1,"old=PREDICTIVE,new=INTERVENTION_SUPPORTED"
REPLICATION,M11,80,1,0,,,,1,1,"old=PREDICTIVE,new=INTERVENTION_SUPPORTED"
REPLICATION,M11,81,1,0,,,,1,1,"old=PREDICTIVE,new=INTERVENTION_SUPPORTED"
REPLICATION,M11,82,1,0,,,,1,1,"old=PREDICTIVE,new=INTERVENTION_SUPPORTED"
REPLICATION,M11,83,1,0,,,,1,1,"old=PREDICTIVE,new=INTERVENTION_SUPPORTED"
REPLICATION,M11,84,1,0,,,,1,1,"old=PREDICTIVE,new=INTERVENTION_SUPPORTED"
REPLICATION,M11,85,1,0,,,,1,1,"old=PREDICTIVE,new=INTERVENTION_SUPPORTED"
REPLICATION,M11,86,1,0,,,,1,1,"old=PREDICTIVE,new=INTERVENTION_SUPPORTED"
REPLICATION,M11,87,1,0,,,,1,1,"old=PREDICTIVE,new=INTERVENTION_SUPPORTED"
REPLICATION,M11,88,1,0,,,,1,1,"old=PREDICTIVE,new=INTERVENTION_SUPPORTED"
REPLICATION,M11,89,1,0,,,,1,1,"old=PREDICTIVE,new=INTERVENTION_SUPPORTED"
REPLICATION,M11,90,1,0,,,,1,1,"old=PREDICTIVE,new=INTERVENTION_SUPPORTED"
REPLICATION,M11,91,1,0,,,,1,1,"old=PREDICTIVE,new=INTERVENTION_SUPPORTED"
REPLICATION,M11,92,1,0,,,,1,1,"old=PREDICTIVE,new=INTERVENTION_SUPPORTED"
REPLICATION,M11,93,1,0,,,,1,1,"old=PREDICTIVE,new=INTERVENTION_SUPPORTED"
REPLICATION,M11,94,1,0,,,,1,1,"old=PREDICTIVE,new=INTERVENTION_SUPPORTED"
REPLICATION,M11,95,1,0,,,,1,1,"old=PREDICTIVE,new=INTERVENTION_SUPPORTED"
REPLICATION,M11,96,1,0,,,,1,1,"old=PREDICTIVE,new=INTERVENTION_SUPPORTED"
REPLICATION,M11,97,1,0,,,,1,1,"old=PREDICTIVE,new=INTERVENTION_SUPPORTED"
REPLICATION,M11,98,1,0,,,,1,1,"old=PREDICTIVE,new=INTERVENTION_SUPPORTED"
REPLICATION,M11,99,1,0,,,,1,1,"old=PREDICTIVE,new=INTERVENTION_SUPPORTED"
REPLICATION,M11,100,1,0,,,,1,1,"old=PREDICTIVE,new=INTERVENTION_SUPPORTED"
REPLICATION,M11,101,1,0,,,,1,1,"old=PREDICTIVE,new=INTERVENTION_SUPPORTED"
REPLICATION,M11,102,1,0,,,,1,1,"old=PREDICTIVE,new=INTERVENTION_SUPPORTED"
REPLICATION,M11,103,1,0,,,,1,1,"old=PREDICTIVE,new=INTERVENTION_SUPPORTED"
REPLICATION,M11,104,1,0,,,,1,1,"old=PREDICTIVE,new=INTERVENTION_SUPPORTED"
REPLICATION,M11,105,1,0,,,,1,1,"old=PREDICTIVE,new=INTERVENTION_SUPPORTED"
REPLICATION,M11,106,1,0,,,,1,1,"old=PREDICTIVE,new=INTERVENTION_SUPPORTED"
REPLICATION,M11,107,1,0,,,,1,1,"old=PREDICTIVE,new=INTERVENTION_SUPPORTED"
REPLICATION,M11,108,1,0,,,,1,1,"old=PREDICTIVE,new=INTERVENTION_SUPPORTED"
REPLICATION,M11,109,1,0,,,,1,1,"old=PREDICTIVE,new=INTERVENTION_SUPPORTED"
REPLICATION,M11,110,1,0,,,,1,1,"old=PREDICTIVE,new=INTERVENTION_SUPPORTED"
REPLICATION,M11,111,1,0,,,,1,1,"old=PREDICTIVE,new=INTERVENTION_SUPPORTED"
REPLICATION,M11,112,1,0,,,,1,1,"old=PREDICTIVE,new=INTERVENTION_SUPPORTED"
REPLICATION,M11,113,1,0,,,,1,1,"old=PREDICTIVE,new=INTERVENTION_SUPPORTED"
REPLICATION,M11,114,1,0,,,,1,1,"old=PREDICTIVE,new=INTERVENTION_SUPPORTED"
REPLICATION,M11,115,1,0,,,,1,1,"old=PREDICTIVE,new=INTERVENTION_SUPPORTED"
REPLICATION,M11,116,1,0,,,,1,1,"old=PREDICTIVE,new=INTERVENTION_SUPPORTED"
REPLICATION,M11,117,1,0,,,,1,1,"old=PREDICTIVE,new=INTERVENTION_SUPPORTED"
REPLICATION,M11,118,1,0,,,,1,1,"old=PREDICTIVE,new=INTERVENTION_SUPPORTED"
REPLICATION,M11,119,1,0,,,,1,1,"old=PREDICTIVE,new=INTERVENTION_SUPPORTED"
REPLICATION,M11,120,1,0,,,,1,1,"old=PREDICTIVE,new=INTERVENTION_SUPPORTED"
REPLICATION,M11,121,1,0,,,,1,1,"old=PREDICTIVE,new=INTERVENTION_SUPPORTED"
REPLICATION,M11,122,1,0,,,,1,1,"old=PREDICTIVE,new=INTERVENTION_SUPPORTED"
REPLICATION,M11,123,1,0,,,,1,1,"old=PREDICTIVE,new=INTERVENTION_SUPPORTED"
REPLICATION,M11,124,1,0,,,,1,1,"old=PREDICTIVE,new=INTERVENTION_SUPPORTED"
REPLICATION,M11,125,1,0,,,,1,1,"old=PREDICTIVE,new=INTERVENTION_SUPPORTED"
REPLICATION,M11,126,1,0,,,,1,1,"old=PREDICTIVE,new=INTERVENTION_SUPPORTED"
REPLICATION,M11,127,1,0,,,,1,1,"old=PREDICTIVE,new=INTERVENTION_SUPPORTED"
