seed,context,mode,method,top1_A,false_credit_mass,score_A,score_C,score_D,score_B,structural_evaluations,max_efficiency_error
12000,TRAIN_CONFOUNDED,NORMAL,EXACT_CF_SHAPLEY,True,2.6758109616942245e-16,1.0,8.919369872314083e-17,8.919369872314083e-17,8.919369872314083e-17,10368,2.220446049250313e-16
12000,TRAIN_CONFOUNDED,NORMAL,OBS_ASSOC,False,0.7336744104335128,0.4178242414116383,0.7686343445468663,0.016854910833356565,0.3655340258654761,0,
12000,TRAIN_CONFOUNDED,NORMAL,RECENCY,False,0.9,0.25,0.5,0.75,1.0,0,
12000,TRAIN_CONFOUNDED,NORMAL,UNIFORM,False,0.75,1.0,1.0,1.0,1.0,0,
12000,TRAIN_CONFOUNDED,NORMAL,MC_CF_SHAPLEY_4,True,0.5064935064935064,1.0390625,0.38671875,0.3515625,0.328125,2560,
12000,TRAIN_CONFOUNDED,NORMAL,MC_CF_SHAPLEY_16,True,0.36577805331680097,0.9990234375,0.2041015625,0.1943359375,0.177734375,10240,
12000,TRAIN_CONFOUNDED,NORMAL,MC_CF_SHAPLEY_64,True,0.23680297397769517,1.00244140625,0.1064453125,0.10107421875,0.103515625,40960,
12000,TRAIN_CONFOUNDED,NORMAL,TD_ELIGIBILITY_PROXY,False,0.8026146546963775,0.47505278556509417,1.0923908017649377,0.02994661518517719,0.8093375352221467,0,
12000,TRAIN_CONFOUNDED,NORMAL,RANDOM,False,0.8121435191479071,0.3681800812432684,0.9935093590925241,0.0747649075339426,0.5234465273795557,0,
12000,OOD_WEAK_CONFOUNDER,NORMAL,EXACT_CF_SHAPLEY,True,7.936359902593892e-17,1.0,2.6454533008646308e-17,2.6454533008646308e-17,2.6454533008646308e-17,10368,2.220446049250313e-16
12000,OOD_WEAK_CONFOUNDER,NORMAL,OBS_ASSOC,True,0.42411107809634074,0.9597143202094407,0.04566383708602448,0.013853928085746692,0.6472599822852535,0,
12000,OOD_WEAK_CONFOUNDER,NORMAL,RECENCY,False,0.9,0.25,0.5,0.75,1.0,0,
12000,OOD_WEAK_CONFOUNDER,NORMAL,UNIFORM,False,0.75,1.0,1.0,1.0,1.0,0,
12000,OOD_WEAK_CONFOUNDER,NORMAL,MC_CF_SHAPLEY_4,True,0.5149253731343284,1.015625,0.36328125,0.36328125,0.3515625,2560,
12000,OOD_WEAK_CONFOUNDER,NORMAL,MC_CF_SHAPLEY_16,True,0.37117903930131,0.984375,0.20703125,0.197265625,0.1767578125,10240,
12000,OOD_WEAK_CONFOUNDER,NORMAL,MC_CF_SHAPLEY_64,True,0.2342359050445104,1.008056640625,0.093017578125,0.10595703125,0.109375,40960,
12000,OOD_WEAK_CONFOUNDER,NORMAL,TD_ELIGIBILITY_PROXY,False,0.5829375538241374,0.4996516665102675,0.029713564874365727,0.011220219754724576,0.6574405785156342,0,
12000,OOD_WEAK_CONFOUNDER,NORMAL,RANDOM,False,0.6495938313971078,0.7779156096881534,0.3916287719870819,0.8541225111443274,0.1963728193515678,0,
12000,OOD_SIGN_INVERSION,NORMAL,EXACT_CF_SHAPLEY,True,2.925719562452133e-16,0.9999999999999999,9.752398541507112e-17,9.752398541507112e-17,9.752398541507112e-17,10368,2.220446049250313e-16
12000,OOD_SIGN_INVERSION,NORMAL,OBS_ASSOC,False,0.6762029187190318,0.5120045858302329,0.6526649076153201,0.08666794182012687,0.32991395775089755,0,
12000,OOD_SIGN_INVERSION,NORMAL,RECENCY,False,0.9,0.25,0.5,0.75,1.0,0,
12000,OOD_SIGN_INVERSION,NORMAL,UNIFORM,False,0.75,1.0,1.0,1.0,1.0,0,
12000,OOD_SIGN_INVERSION,NORMAL,MC_CF_SHAPLEY_4,True,0.518,0.94140625,0.33984375,0.359375,0.3125,2560,
12000,OOD_SIGN_INVERSION,NORMAL,MC_CF_SHAPLEY_16,True,0.3891566265060241,0.990234375,0.2109375,0.1962890625,0.2236328125,10240,
12000,OOD_SIGN_INVERSION,NORMAL,MC_CF_SHAPLEY_64,True,0.23340748980348536,1.009521484375,0.10888671875,0.093017578125,0.10546875,40960,
12000,OOD_SIGN_INVERSION,NORMAL,TD_ELIGIBILITY_PROXY,False,0.7590230267488586,0.44730030171913215,0.7201831521486659,0.11905776125001316,0.5696539876203551,0,
12000,OOD_SIGN_INVERSION,NORMAL,RANDOM,True,0.6365398220507194,0.7004494597198593,0.5468077276603319,0.5909013930475281,0.08901116804911158,0,
12001,TRAIN_CONFOUNDED,NORMAL,EXACT_CF_SHAPLEY,True,2.6584637269344564e-16,1.0,8.86154575644819e-17,8.86154575644819e-17,8.86154575644819e-17,10368,2.220446049250313e-16
12001,TRAIN_CONFOUNDED,NORMAL,OBS_ASSOC,False,0.6784101727815071,0.4947287748942137,0.7673507024985015,0.025820699354354947,0.25048422792530683,0,
12001,TRAIN_CONFOUNDED,NORMAL,RECENCY,False,0.9,0.25,0.5,0.75,1.0,0,
12001,TRAIN_CONFOUNDED,NORMAL,UNIFORM,False,0.75,1.0,1.0,1.0,1.0,0,
12001,TRAIN_CONFOUNDED,NORMAL,MC_CF_SHAPLEY_4,True,0.5,1.00390625,0.3359375,0.35546875,0.3125,2560,
12001,TRAIN_CONFOUNDED,NORMAL,MC_CF_SHAPLEY_16,True,0.36548831635710005,1.0341796875,0.2041015625,0.203125,0.1884765625,10240,
12001,TRAIN_CONFOUNDED,NORMAL,MC_CF_SHAPLEY_64,True,0.23636363636363636,1.01513671875,0.10107421875,0.112060546875,0.10107421875,40960,
12001,TRAIN_CONFOUNDED,NORMAL,TD_ELIGIBILITY_PROXY,False,0.7500661130724028,0.57821094935285,1.1165021641737884,0.04696168683978356,0.5717807956742641,0,
12001,TRAIN_CONFOUNDED,NORMAL,RANDOM,True,0.6279726299696888,0.9892153006284763,0.7584251453413561,0.7784279551157532,0.13291687880895353,0,
12001,OOD_WEAK_CONFOUNDER,NORMAL,EXACT_CF_SHAPLEY,True,6.440160904563896e-17,1.0,2.1467203015212988e-17,2.1467203015212988e-17,2.1467203015212988e-17,10368,2.220446049250313e-16
12001,OOD_WEAK_CONFOUNDER,NORMAL,OBS_ASSOC,True,0.4999967102221792,0.9536112201951279,0.2375392271188427,0.11596169923938081,0.6000977452433011,0,
12001,OOD_WEAK_CONFOUNDER,NORMAL,RECENCY,False,0.9,0.25,0.5,0.75,1.0,0,
12001,OOD_WEAK_CONFOUNDER,NORMAL,UNIFORM,False,0.75,1.0,1.0,1.0,1.0,0,
12001,OOD_WEAK_CONFOUNDER,NORMAL,MC_CF_SHAPLEY_4,True,0.4962686567164179,1.0546875,0.33203125,0.3515625,0.35546875,2560,
12001,OOD_WEAK_CONFOUNDER,NORMAL,MC_CF_SHAPLEY_16,True,0.3792888334373051,0.9716796875,0.2001953125,0.21875,0.1748046875,10240,
12001,OOD_WEAK_CONFOUNDER,NORMAL,MC_CF_SHAPLEY_64,True,0.2280503854107915,1.00244140625,0.10595703125,0.098388671875,0.091796875,40960,
12001,OOD_WEAK_CONFOUNDER,NORMAL,TD_ELIGIBILITY_PROXY,False,0.6335928492324564,0.5193435618036596,0.16075294281185812,0.09843531415953166,0.6388629037781194,0,
12001,OOD_WEAK_CONFOUNDER,NORMAL,RANDOM,True,0.6278927063451888,0.9392628115375496,0.04507705167639742,0.6893819020475118,0.8504502344652264,0,
12001,OOD_SIGN_INVERSION,NORMAL,EXACT_CF_SHAPLEY,True,2.821636153893525e-16,1.0,9.405453846311751e-17,9.405453846311751e-17,9.405453846311751e-17,10368,2.220446049250313e-16
12001,OOD_SIGN_INVERSION,NORMAL,OBS_ASSOC,False,0.6385197952594166,0.5957642063487963,0.7295958943047208,0.13796391225234478,0.18480000200761618,0,
12001,OOD_SIGN_INVERSION,NORMAL,RECENCY,False,0.9,0.25,0.5,0.75,1.0,0,
12001,OOD_SIGN_INVERSION,NORMAL,UNIFORM,False,0.75,1.0,1.0,1.0,1.0,0,
12001,OOD_SIGN_INVERSION,NORMAL,MC_CF_SHAPLEY_4,True,0.52,1.03125,0.36328125,0.35546875,0.3984375,2560,
12001,OOD_SIGN_INVERSION,NORMAL,MC_CF_SHAPLEY_16,True,0.38834355828220857,0.9736328125,0.212890625,0.205078125,0.2001953125,10240,
12001,OOD_SIGN_INVERSION,NORMAL,MC_CF_SHAPLEY_64,True,0.22395833333333334,0.982177734375,0.095703125,0.086181640625,0.1015625,40960,
12001,OOD_SIGN_INVERSION,NORMAL,TD_ELIGIBILITY_PROXY,False,0.7143847689926023,0.5617352297727971,0.8611670017811718,0.20303141978871198,0.3408215101082421,0,
12001,OOD_SIGN_INVERSION,NORMAL,RANDOM,False,0.6216286144486556,0.6107116057813654,0.11879364182123342,0.7723733179443778,0.11217479340739034,0,
12002,TRAIN_CONFOUNDED,NORMAL,EXACT_CF_SHAPLEY,True,3.001071613439876e-16,0.9999999999999999,1.0003572044799587e-16,1.0003572044799587e-16,1.0003572044799587e-16,10368,2.220446049250313e-16
12002,TRAIN_CONFOUNDED,NORMAL,OBS_ASSOC,False,0.7395690704311952,0.36860791700161233,0.7506682814233334,0.022678603634015033,0.27342207968053206,0,
12002,TRAIN_CONFOUNDED,NORMAL,RECENCY,False,0.9,0.25,0.5,0.75,1.0,0,
12002,TRAIN_CONFOUNDED,NORMAL,UNIFORM,False,0.75,1.0,1.0,1.0,1.0,0,
12002,TRAIN_CONFOUNDED,NORMAL,MC_CF_SHAPLEY_4,True,0.5153846153846153,0.984375,0.33203125,0.3828125,0.33203125,2560,
12002,TRAIN_CONFOUNDED,NORMAL,MC_CF_SHAPLEY_16,True,0.3584905660377358,0.99609375,0.1728515625,0.197265625,0.1865234375,10240,
12002,TRAIN_CONFOUNDED,NORMAL,MC_CF_SHAPLEY_64,True,0.22027702962677953,0.989501953125,0.09423828125,0.094482421875,0.0908203125,40960,
12002,TRAIN_CONFOUNDED,NORMAL,TD_ELIGIBILITY_PROXY,False,0.8035684448592507,0.4100772750402679,1.044027994028128,0.03934961697642404,0.594179530668091,0,
12002,TRAIN_CONFOUNDED,NORMAL,RANDOM,False,0.7838882338130011,0.5357663457202304,0.19004091290524272,0.9845894138828061,0.7687202917047585,0,
12002,OOD_WEAK_CONFOUNDER,NORMAL,EXACT_CF_SHAPLEY,True,7.578573185673676e-17,1.0,2.5261910618912253e-17,2.5261910618912253e-17,2.5261910618912253e-17,10368,2.220446049250313e-16
12002,OOD_WEAK_CONFOUNDER,NORMAL,OBS_ASSOC,True,0.4402003788393449,0.9504857235536663,0.16711908068746162,0.08218211928206141,0.49811655412294764,0,
12002,OOD_WEAK_CONFOUNDER,NORMAL,RECENCY,False,0.9,0.25,0.5,0.75,1.0,0,
12002,OOD_WEAK_CONFOUNDER,NORMAL,UNIFORM,False,0.75,1.0,1.0,1.0,1.0,0,
12002,OOD_WEAK_CONFOUNDER,NORMAL,MC_CF_SHAPLEY_4,True,0.5730129390018485,0.90234375,0.40234375,0.390625,0.41796875,2560,
12002,OOD_WEAK_CONFOUNDER,NORMAL,MC_CF_SHAPLEY_16,True,0.38650306748466257,0.9765625,0.1884765625,0.205078125,0.2216796875,10240,
12002,OOD_WEAK_CONFOUNDER,NORMAL,MC_CF_SHAPLEY_64,True,0.22437992693712747,0.98486328125,0.09130859375,0.098876953125,0.0947265625,40960,
12002,OOD_WEAK_CONFOUNDER,NORMAL,TD_ELIGIBILITY_PROXY,False,0.5795494543055071,0.5025261109890029,0.11032388703588933,0.06799048322105711,0.5143681256520132,0,
12002,OOD_WEAK_CONFOUNDER,NORMAL,RANDOM,False,0.654173714509879,0.5300601539330962,0.33721397499053196,0.04439399294634194,0.6210671737767174,0,
12002,OOD_SIGN_INVERSION,NORMAL,EXACT_CF_SHAPLEY,True,2.7083370268687896e-16,0.9999999999999999,9.027790089562633e-17,9.027790089562633e-17,9.027790089562633e-17,10368,2.220446049250313e-16
12002,OOD_SIGN_INVERSION,NORMAL,OBS_ASSOC,False,0.7049671660017072,0.5198960052718944,0.8137588073720003,0.019852617976130926,0.4086557775431128,0,
12002,OOD_SIGN_INVERSION,NORMAL,RECENCY,False,0.9,0.25,0.5,0.75,1.0,0,
12002,OOD_SIGN_INVERSION,NORMAL,UNIFORM,False,0.75,1.0,1.0,1.0,1.0,0,
12002,OOD_SIGN_INVERSION,NORMAL,MC_CF_SHAPLEY_4,True,0.5100548446069469,1.046875,0.36328125,0.34375,0.3828125,2560,
12002,OOD_SIGN_INVERSION,NORMAL,MC_CF_SHAPLEY_16,True,0.37643504531722055,1.0078125,0.2265625,0.1884765625,0.193359375,10240,
12002,OOD_SIGN_INVERSION,NORMAL,MC_CF_SHAPLEY_64,True,0.22664392647337503,0.996337890625,0.083984375,0.108642578125,0.099365234375,40960,
12002,OOD_SIGN_INVERSION,NORMAL,TD_ELIGIBILITY_PROXY,False,0.7798381845335682,0.47572019555689915,0.9289429768008526,0.028192323014302537,0.7279197260215595,0,
12002,OOD_SIGN_INVERSION,NORMAL,RANDOM,False,0.7744495704091541,0.6956379298370599,0.9676577976049341,0.45112222534751834,0.9697611866559956,0,
12003,TRAIN_CONFOUNDED,NORMAL,EXACT_CF_SHAPLEY,True,2.75170511376821e-16,1.0,9.172350379227368e-17,9.172350379227368e-17,9.172350379227368e-17,10368,2.220446049250313e-16
12003,TRAIN_CONFOUNDED,NORMAL,OBS_ASSOC,False,0.7341746285913034,0.3889404932802891,0.7350323845207299,0.032274019282754314,0.3068959595185322,0,
12003,TRAIN_CONFOUNDED,NORMAL,RECENCY,False,0.9,0.25,0.5,0.75,1.0,0,
12003,TRAIN_CONFOUNDED,NORMAL,UNIFORM,False,0.75,1.0,1.0,1.0,1.0,0,
12003,TRAIN_CONFOUNDED,NORMAL,MC_CF_SHAPLEY_4,True,0.5053003533568905,1.09375,0.359375,0.390625,0.3671875,2560,
12003,TRAIN_CONFOUNDED,NORMAL,MC_CF_SHAPLEY_16,True,0.37417812313209803,1.0224609375,0.18359375,0.236328125,0.19140625,10240,
12003,TRAIN_CONFOUNDED,NORMAL,MC_CF_SHAPLEY_64,True,0.23584551931008624,0.9951171875,0.10205078125,0.1015625,0.103515625,40960,
12003,TRAIN_CONFOUNDED,NORMAL,TD_ELIGIBILITY_PROXY,False,0.8009184772650643,0.4275663528510372,1.005081156652186,0.0553887039902793,0.6596585950313165,0,
12003,TRAIN_CONFOUNDED,NORMAL,RANDOM,True,0.6023011613284481,0.8069831095020757,0.5205626634820875,0.1444382171005384,0.5571471791127524,0,
12003,OOD_WEAK_CONFOUNDER,NORMAL,EXACT_CF_SHAPLEY,True,8.261620554339544e-17,1.0,2.7538735181131813e-17,2.7538735181131813e-17,2.7538735181131813e-17,10368,2.220446049250313e-16
12003,OOD_WEAK_CONFOUNDER,NORMAL,OBS_ASSOC,True,0.4899637415623204,0.9562254830184552,0.3921083272486359,0.017289624828805077,0.5091952022055432,0,
12003,OOD_WEAK_CONFOUNDER,NORMAL,RECENCY,False,0.9,0.25,0.5,0.75,1.0,0,
12003,OOD_WEAK_CONFOUNDER,NORMAL,UNIFORM,False,0.75,1.0,1.0,1.0,1.0,0,
12003,OOD_WEAK_CONFOUNDER,NORMAL,MC_CF_SHAPLEY_4,True,0.537864077669903,0.9296875,0.39453125,0.34375,0.34375,2560,
12003,OOD_WEAK_CONFOUNDER,NORMAL,MC_CF_SHAPLEY_16,True,0.3524590163934426,1.0029296875,0.158203125,0.2099609375,0.177734375,10240,
12003,OOD_WEAK_CONFOUNDER,NORMAL,MC_CF_SHAPLEY_64,True,0.21460843373493976,1.0185546875,0.093994140625,0.0869140625,0.097412109375,40960,
12003,OOD_WEAK_CONFOUNDER,NORMAL,TD_ELIGIBILITY_PROXY,False,0.6111270320422942,0.5421062603265608,0.27786905743281526,0.015240316570015872,0.5588289637654824,0,
12003,OOD_WEAK_CONFOUNDER,NORMAL,RANDOM,False,0.7501079491596964,0.31858958265622495,0.33769179694076457,0.22683876255161428,0.3917886898246997,0,
12003,OOD_SIGN_INVERSION,NORMAL,EXACT_CF_SHAPLEY,True,2.8861461831564123e-16,1.0,9.620487277188043e-17,9.620487277188043e-17,9.620487277188043e-17,10368,2.220446049250313e-16
12003,OOD_SIGN_INVERSION,NORMAL,OBS_ASSOC,False,0.6426288061638336,0.5094037118385476,0.6393498260117606,0.013799124960382568,0.26286639900680686,0,
12003,OOD_SIGN_INVERSION,NORMAL,RECENCY,False,0.9,0.25,0.5,0.75,1.0,0,
12003,OOD_SIGN_INVERSION,NORMAL,UNIFORM,False,0.75,1.0,1.0,1.0,1.0,0,
12003,OOD_SIGN_INVERSION,NORMAL,MC_CF_SHAPLEY_4,True,0.5066921606118547,1.0078125,0.37109375,0.3671875,0.296875,2560,
12003,OOD_SIGN_INVERSION,NORMAL,MC_CF_SHAPLEY_16,True,0.34305210918114143,1.0341796875,0.1865234375,0.18359375,0.169921875,10240,
12003,OOD_SIGN_INVERSION,NORMAL,MC_CF_SHAPLEY_64,True,0.23367952522255192,1.0087890625,0.10693359375,0.105224609375,0.095458984375,40960,
12003,OOD_SIGN_INVERSION,NORMAL,TD_ELIGIBILITY_PROXY,False,0.7229214690393512,0.44511104511350635,0.6936058911004026,0.018839867298594326,0.44888684107546983,0,
12003,OOD_SIGN_INVERSION,NORMAL,RANDOM,True,0.649215720704319,0.8878991845146832,0.34927898050464123,0.7197836664103547,0.5742211118237749,0,
12004,TRAIN_CONFOUNDED,NORMAL,EXACT_CF_SHAPLEY,True,3.2005648131772086e-16,1.0,1.0668549377257364e-16,1.0668549377257364e-16,1.0668549377257364e-16,10368,2.220446049250313e-16
12004,TRAIN_CONFOUNDED,NORMAL,OBS_ASSOC,False,0.6960980723749243,0.3903773517980477,0.6915516484123063,0.01332136633406783,0.18930006342078953,0,
12004,TRAIN_CONFOUNDED,NORMAL,RECENCY,False,0.9,0.25,0.5,0.75,1.0,0,
12004,TRAIN_CONFOUNDED,NORMAL,UNIFORM,False,0.75,1.0,1.0,1.0,1.0,0,
12004,TRAIN_CONFOUNDED,NORMAL,MC_CF_SHAPLEY_4,True,0.5183673469387755,0.921875,0.3515625,0.3125,0.328125,2560,
12004,TRAIN_CONFOUNDED,NORMAL,MC_CF_SHAPLEY_16,True,0.37670017740981665,1.029296875,0.1923828125,0.2216796875,0.2080078125,10240,
12004,TRAIN_CONFOUNDED,NORMAL,MC_CF_SHAPLEY_64,True,0.22724724350588674,1.009521484375,0.098388671875,0.1015625,0.096923828125,40960,
12004,TRAIN_CONFOUNDED,NORMAL,TD_ELIGIBILITY_PROXY,False,0.7636493557639568,0.42929843051135985,0.9562460888027826,0.02302522249008267,0.4077926882580336,0,
12004,TRAIN_CONFOUNDED,NORMAL,RANDOM,False,0.7922116954411681,0.42083772464246627,0.31199067876336106,0.7145868041458576,0.5779043865225459,0,
12004,OOD_WEAK_CONFOUNDER,NORMAL,EXACT_CF_SHAPLEY,True,8.207410445715269e-17,1.0,2.7358034819050893e-17,2.7358034819050893e-17,2.7358034819050893e-17,10368,2.220446049250313e-16
12004,OOD_WEAK_CONFOUNDER,NORMAL,OBS_ASSOC,True,0.3866342279287442,0.9581423084232695,0.09145164481191115,0.004529163637996901,0.5079828108634623,0,
12004,OOD_WEAK_CONFOUNDER,NORMAL,RECENCY,False,0.9,0.25,0.5,0.75,1.0,0,
12004,OOD_WEAK_CONFOUNDER,NORMAL,UNIFORM,False,0.75,1.0,1.0,1.0,1.0,0,
12004,OOD_WEAK_CONFOUNDER,NORMAL,MC_CF_SHAPLEY_4,True,0.5201465201465202,1.0234375,0.328125,0.35546875,0.42578125,2560,
12004,OOD_WEAK_CONFOUNDER,NORMAL,MC_CF_SHAPLEY_16,True,0.35403726708074534,1.015625,0.1865234375,0.18359375,0.1865234375,10240,
12004,OOD_WEAK_CONFOUNDER,NORMAL,MC_CF_SHAPLEY_64,True,0.21856683683115902,1.009033203125,0.096435546875,0.089111328125,0.0966796875,40960,
12004,OOD_WEAK_CONFOUNDER,NORMAL,TD_ELIGIBILITY_PROXY,False,0.5361216349702513,0.5048671325572517,0.059902838856569725,0.003684936820730239,0.5199061161578542,0,
12004,OOD_WEAK_CONFOUNDER,NORMAL,RANDOM,False,0.919154808529645,0.08591554283518033,0.33518548897989064,0.2673526507172691,0.37426311326725503,0,
12004,OOD_SIGN_INVERSION,NORMAL,EXACT_CF_SHAPLEY,True,3.0547396209779082e-16,0.9999999999999999,1.0182465403259695e-16,1.0182465403259695e-16,1.0182465403259695e-16,10368,2.220446049250313e-16
12004,OOD_SIGN_INVERSION,NORMAL,OBS_ASSOC,False,0.6651671979699509,0.5898399173163527,0.741005063038793,0.05067876940427333,0.3800716308013494,0,
12004,OOD_SIGN_INVERSION,NORMAL,RECENCY,False,0.9,0.25,0.5,0.75,1.0,0,
12004,OOD_SIGN_INVERSION,NORMAL,UNIFORM,False,0.75,1.0,1.0,1.0,1.0,0,
12004,OOD_SIGN_INVERSION,NORMAL,MC_CF_SHAPLEY_4,True,0.5506445672191529,0.953125,0.40625,0.3984375,0.36328125,2560,
12004,OOD_SIGN_INVERSION,NORMAL,MC_CF_SHAPLEY_16,True,0.36786600496277916,0.9951171875,0.205078125,0.1845703125,0.189453125,10240,
12004,OOD_SIGN_INVERSION,NORMAL,MC_CF_SHAPLEY_64,True,0.23112041088073046,0.98681640625,0.099365234375,0.08642578125,0.11083984375,40960,
12004,OOD_SIGN_INVERSION,NORMAL,TD_ELIGIBILITY_PROXY,False,0.7487050591491443,0.5526783029697595,0.8730312603312588,0.07419665766684007,0.6994150271975621,0,
12004,OOD_SIGN_INVERSION,NORMAL,RANDOM,False,0.7600945037832334,0.5559937056782065,0.7693273946076069,0.8181136711513376,0.1741182419204017,0,
12005,TRAIN_CONFOUNDED,NORMAL,EXACT_CF_SHAPLEY,True,3.035766082959412e-16,1.0,1.0119220276531375e-16,1.0119220276531375e-16,1.0119220276531375e-16,10368,2.220446049250313e-16
12005,TRAIN_CONFOUNDED,NORMAL,OBS_ASSOC,False,0.7025919178622175,0.5610070268811833,0.7895838021753405,0.16154626819720805,0.3741836202218659,0,
12005,TRAIN_CONFOUNDED,NORMAL,RECENCY,False,0.9,0.25,0.5,0.75,1.0,0,
12005,TRAIN_CONFOUNDED,NORMAL,UNIFORM,False,0.75,1.0,1.0,1.0,1.0,0,
12005,TRAIN_CONFOUNDED,NORMAL,MC_CF_SHAPLEY_4,True,0.5229540918163673,0.93359375,0.3203125,0.328125,0.375,2560,
12005,TRAIN_CONFOUNDED,NORMAL,MC_CF_SHAPLEY_16,True,0.35987841945288757,1.0283203125,0.181640625,0.2080078125,0.1884765625,10240,
12005,TRAIN_CONFOUNDED,NORMAL,MC_CF_SHAPLEY_64,True,0.24442793462109955,0.9931640625,0.116455078125,0.100830078125,0.10400390625,40960,
12005,TRAIN_CONFOUNDED,NORMAL,TD_ELIGIBILITY_PROXY,False,0.7785447512178532,0.6924417469178655,1.219553455090816,0.31174348926560247,0.9030408758203067,0,
12005,TRAIN_CONFOUNDED,NORMAL,RANDOM,False,0.7413738328015365,0.27036474481201345,0.3469777539059019,0.1599298831783259,0.2681158235614921,0,
12005,OOD_WEAK_CONFOUNDER,NORMAL,EXACT_CF_SHAPLEY,True,8.7061434450586e-17,1.0,2.902047815019534e-17,2.902047815019534e-17,2.902047815019534e-17,10368,2.220446049250313e-16
12005,OOD_WEAK_CONFOUNDER,NORMAL,OBS_ASSOC,True,0.45396014307830757,0.9524196924491121,0.11372911923277074,0.10959887551923775,0.5684833984533072,0,
12005,OOD_WEAK_CONFOUNDER,NORMAL,RECENCY,False,0.9,0.25,0.5,0.75,1.0,0,
12005,OOD_WEAK_CONFOUNDER,NORMAL,UNIFORM,False,0.75,1.0,1.0,1.0,1.0,0,
12005,OOD_WEAK_CONFOUNDER,NORMAL,MC_CF_SHAPLEY_4,True,0.5187265917602997,1.00390625,0.390625,0.35546875,0.3359375,2560,
12005,OOD_WEAK_CONFOUNDER,NORMAL,MC_CF_SHAPLEY_16,True,0.3563728598604946,0.9912109375,0.177734375,0.197265625,0.173828125,10240,
12005,OOD_WEAK_CONFOUNDER,NORMAL,MC_CF_SHAPLEY_64,True,0.2133641440400539,0.997314453125,0.086669921875,0.07958984375,0.104248046875,40960,
12005,OOD_WEAK_CONFOUNDER,NORMAL,TD_ELIGIBILITY_PROXY,False,0.5991058298443364,0.5171296184983056,0.07752051893336408,0.09339295733081088,0.6018973857825689,0,
12005,OOD_WEAK_CONFOUNDER,NORMAL,RANDOM,False,0.915787721199827,0.22915979617491888,0.9847429669056801,0.7460883685690652,0.7612248173770979,0,
12005,OOD_SIGN_INVERSION,NORMAL,EXACT_CF_SHAPLEY,True,2.7213474529386156e-16,1.0,9.071158176462053e-17,9.071158176462053e-17,9.071158176462053e-17,10368,2.220446049250313e-16
12005,OOD_SIGN_INVERSION,NORMAL,OBS_ASSOC,False,0.7190486977753059,0.4661000176159623,0.7289106790805951,0.13335053115222834,0.330645204672368,0,
12005,OOD_SIGN_INVERSION,NORMAL,RECENCY,False,0.9,0.25,0.5,0.75,1.0,0,
12005,OOD_SIGN_INVERSION,NORMAL,UNIFORM,False,0.75,1.0,1.0,1.0,1.0,0,
12005,OOD_SIGN_INVERSION,NORMAL,MC_CF_SHAPLEY_4,True,0.5376984126984127,0.91015625,0.34375,0.37890625,0.3359375,2560,
12005,OOD_SIGN_INVERSION,NORMAL,MC_CF_SHAPLEY_16,True,0.36474908200734396,1.013671875,0.1796875,0.20703125,0.1953125,10240,
12005,OOD_SIGN_INVERSION,NORMAL,MC_CF_SHAPLEY_64,True,0.21503330161750714,1.007080078125,0.0830078125,0.105712890625,0.087158203125,40960,
12005,OOD_SIGN_INVERSION,NORMAL,TD_ELIGIBILITY_PROXY,False,0.791593366336817,0.407534752567316,0.7990965922632255,0.18253748955916096,0.5663099591786169,0,
12005,OOD_SIGN_INVERSION,NORMAL,RANDOM,False,0.7026702966869012,0.7101624494748602,0.7122217841375718,0.5647637511767325,0.4013199064495172,0,
12006,TRAIN_CONFOUNDED,NORMAL,EXACT_CF_SHAPLEY,True,2.8753041614315573e-16,1.0,9.584347204771859e-17,9.584347204771859e-17,9.584347204771859e-17,10368,2.220446049250313e-16
12006,TRAIN_CONFOUNDED,NORMAL,OBS_ASSOC,False,0.6876230898639897,0.45892334686376535,0.7907275173837506,0.06373226094201573,0.15575025814519666,0,
12006,TRAIN_CONFOUNDED,NORMAL,RECENCY,False,0.9,0.25,0.5,0.75,1.0,0,
12006,TRAIN_CONFOUNDED,NORMAL,UNIFORM,False,0.75,1.0,1.0,1.0,1.0,0,
12006,TRAIN_CONFOUNDED,NORMAL,MC_CF_SHAPLEY_4,True,0.5378927911275416,0.9765625,0.41015625,0.32421875,0.40234375,2560,
12006,TRAIN_CONFOUNDED,NORMAL,MC_CF_SHAPLEY_16,True,0.3452830188679245,1.0166015625,0.1689453125,0.189453125,0.177734375,10240,
12006,TRAIN_CONFOUNDED,NORMAL,MC_CF_SHAPLEY_64,True,0.23197729422894986,0.990966796875,0.0927734375,0.1064453125,0.10009765625,40960,
12006,TRAIN_CONFOUNDED,NORMAL,TD_ELIGIBILITY_PROXY,False,0.7518845126375693,0.5290917524388167,1.1395350953847823,0.11413263403735226,0.3496819794249959,0,
12006,TRAIN_CONFOUNDED,NORMAL,RANDOM,False,0.8272486465074711,0.43727707340859767,0.17121261932835663,0.9729120922841646,0.9498494299079087,0,
12006,OOD_WEAK_CONFOUNDER,NORMAL,EXACT_CF_SHAPLEY,True,9.465084965798454e-17,1.0,3.155028321932818e-17,3.155028321932818e-17,3.155028321932818e-17,10368,2.220446049250313e-16
12006,OOD_WEAK_CONFOUNDER,NORMAL,OBS_ASSOC,True,0.4554409167332941,0.9545244349674291,0.15831572873824235,0.04522806037426467,0.5947708420530156,0,
12006,OOD_WEAK_CONFOUNDER,NORMAL,RECENCY,False,0.9,0.25,0.5,0.75,1.0,0,
12006,OOD_WEAK_CONFOUNDER,NORMAL,UNIFORM,False,0.75,1.0,1.0,1.0,1.0,0,
12006,OOD_WEAK_CONFOUNDER,NORMAL,MC_CF_SHAPLEY_4,True,0.5074074074074074,1.0390625,0.31640625,0.359375,0.39453125,2560,
12006,OOD_WEAK_CONFOUNDER,NORMAL,MC_CF_SHAPLEY_16,True,0.36334610472541506,0.9736328125,0.1884765625,0.16796875,0.19921875,10240,
12006,OOD_WEAK_CONFOUNDER,NORMAL,MC_CF_SHAPLEY_64,True,0.23124881919516344,0.993408203125,0.09228515625,0.10546875,0.10107421875,40960,
12006,OOD_WEAK_CONFOUNDER,NORMAL,TD_ELIGIBILITY_PROXY,False,0.6013218428079143,0.49565115578480107,0.10385265420653264,0.03621263116100837,0.607519855703503,0,
12006,OOD_WEAK_CONFOUNDER,NORMAL,RANDOM,True,0.666321726148208,0.9090952697943804,0.14344285030317416,0.8048172100115791,0.8671111426411063,0,
12006,OOD_SIGN_INVERSION,NORMAL,EXACT_CF_SHAPLEY,True,2.7479104061645105e-16,1.0,9.159701353881704e-17,9.159701353881704e-17,9.159701353881704e-17,10368,2.220446049250313e-16
12006,OOD_SIGN_INVERSION,NORMAL,OBS_ASSOC,False,0.6234503531526092,0.5756944201772027,0.6688438611900217,0.007511781756883195,0.276817179209337,0,
12006,OOD_SIGN_INVERSION,NORMAL,RECENCY,False,0.9,0.25,0.5,0.75,1.0,0,
12006,OOD_SIGN_INVERSION,NORMAL,UNIFORM,False,0.75,1.0,1.0,1.0,1.0,0,
12006,OOD_SIGN_INVERSION,NORMAL,MC_CF_SHAPLEY_4,True,0.5245901639344263,1.01953125,0.40234375,0.3359375,0.38671875,2560,
12006,OOD_SIGN_INVERSION,NORMAL,MC_CF_SHAPLEY_16,True,0.3735456215554195,0.9990234375,0.1943359375,0.208984375,0.1923828125,10240,
12006,OOD_SIGN_INVERSION,NORMAL,MC_CF_SHAPLEY_64,True,0.24317343173431735,1.00146484375,0.1083984375,0.106201171875,0.107177734375,40960,
12006,OOD_SIGN_INVERSION,NORMAL,TD_ELIGIBILITY_PROXY,False,0.704509466972483,0.5427593327153301,0.7889957653116683,0.010967779820888219,0.49408497908872356,0,
12006,OOD_SIGN_INVERSION,NORMAL,RANDOM,False,0.8035893488404304,0.29911176172483744,0.6096451140340089,0.4693091988497784,0.14482364628451916,0,
12007,TRAIN_CONFOUNDED,NORMAL,EXACT_CF_SHAPLEY,True,2.6671373443143404e-16,1.0,8.890457814381136e-17,8.890457814381136e-17,8.890457814381136e-17,10368,2.220446049250313e-16
12007,TRAIN_CONFOUNDED,NORMAL,OBS_ASSOC,False,0.6997276511098673,0.48382367425189265,0.8068566275345733,0.03352029246957633,0.2870822162997845,0,
12007,TRAIN_CONFOUNDED,NORMAL,RECENCY,False,0.9,0.25,0.5,0.75,1.0,0,
12007,TRAIN_CONFOUNDED,NORMAL,UNIFORM,False,0.75,1.0,1.0,1.0,1.0,0,
12007,TRAIN_CONFOUNDED,NORMAL,MC_CF_SHAPLEY_4,True,0.517175572519084,0.98828125,0.34765625,0.34765625,0.36328125,2560,
12007,TRAIN_CONFOUNDED,NORMAL,MC_CF_SHAPLEY_16,True,0.37894736842105264,0.9794921875,0.208984375,0.1669921875,0.2216796875,10240,
12007,TRAIN_CONFOUNDED,NORMAL,MC_CF_SHAPLEY_64,True,0.22801788375558868,1.01171875,0.094482421875,0.098388671875,0.10595703125,40960,
12007,TRAIN_CONFOUNDED,NORMAL,TD_ELIGIBILITY_PROXY,False,0.7713983645594418,0.564777506553473,1.1878352362516775,0.06083365260973015,0.6571286967756929,0,
12007,TRAIN_CONFOUNDED,NORMAL,RANDOM,False,0.685791684128344,0.9283939558092159,0.6268054071758323,0.9609348657298936,0.43857418895925826,0,
12007,OOD_WEAK_CONFOUNDER,NORMAL,EXACT_CF_SHAPLEY,True,8.185726402265558e-17,1.0,2.7285754674218527e-17,2.7285754674218527e-17,2.7285754674218527e-17,10368,2.220446049250313e-16
12007,OOD_WEAK_CONFOUNDER,NORMAL,OBS_ASSOC,True,0.5016180985028664,0.9591537159656799,0.18378399811155607,0.09288456823223099,0.688713325994914,0,
12007,OOD_WEAK_CONFOUNDER,NORMAL,RECENCY,False,0.9,0.25,0.5,0.75,1.0,0,
12007,OOD_WEAK_CONFOUNDER,NORMAL,UNIFORM,False,0.75,1.0,1.0,1.0,1.0,0,
12007,OOD_WEAK_CONFOUNDER,NORMAL,MC_CF_SHAPLEY_4,True,0.4693069306930693,1.046875,0.29296875,0.30859375,0.32421875,2560,
12007,OOD_WEAK_CONFOUNDER,NORMAL,MC_CF_SHAPLEY_16,True,0.3780048076923077,1.0107421875,0.2119140625,0.203125,0.19921875,10240,
12007,OOD_WEAK_CONFOUNDER,NORMAL,MC_CF_SHAPLEY_64,True,0.2191317421537305,1.014404296875,0.104248046875,0.083740234375,0.0966796875,40960,
12007,OOD_WEAK_CONFOUNDER,NORMAL,TD_ELIGIBILITY_PROXY,False,0.6417133091631025,0.5247286210542595,0.12572550484278794,0.07928159909820297,0.7348138507330073,0,
12007,OOD_WEAK_CONFOUNDER,NORMAL,RANDOM,False,0.8197626266732339,0.412509364382196,0.6585482797740504,0.8962130993252191,0.32142974503667465,0,
12007,OOD_SIGN_INVERSION,NORMAL,EXACT_CF_SHAPLEY,True,3.098649808963571e-16,1.0,1.0328832696545238e-16,1.0328832696545238e-16,1.0328832696545238e-16,10368,2.220446049250313e-16
12007,OOD_SIGN_INVERSION,NORMAL,OBS_ASSOC,False,0.6280473403111733,0.5612897064572434,0.6809291855055236,0.03328042402849737,0.23353601911513033,0,
12007,OOD_SIGN_INVERSION,NORMAL,RECENCY,False,0.9,0.25,0.5,0.75,1.0,0,
12007,OOD_SIGN_INVERSION,NORMAL,UNIFORM,False,0.75,1.0,1.0,1.0,1.0,0,
12007,OOD_SIGN_INVERSION,NORMAL,MC_CF_SHAPLEY_4,True,0.5039840637450199,0.97265625,0.32421875,0.359375,0.3046875,2560,
12007,OOD_SIGN_INVERSION,NORMAL,MC_CF_SHAPLEY_16,True,0.36086956521739133,1.0048828125,0.17578125,0.1884765625,0.203125,10240,
12007,OOD_SIGN_INVERSION,NORMAL,MC_CF_SHAPLEY_64,True,0.22282398452611218,0.98095703125,0.095458984375,0.095703125,0.090087890625,40960,
12007,OOD_SIGN_INVERSION,NORMAL,TD_ELIGIBILITY_PROXY,False,0.7047948189396623,0.5210418612725027,0.7718403620430297,0.048301421213054134,0.4238323331754284,0,
12007,OOD_SIGN_INVERSION,NORMAL,RANDOM,True,0.6679760096182707,0.9237297842398312,0.8977019695868464,0.6532026481134724,0.3074831889538563,0,
12008,TRAIN_CONFOUNDED,NORMAL,EXACT_CF_SHAPLEY,True,2.9078302266061224e-16,1.0,9.69276742202041e-17,9.69276742202041e-17,9.69276742202041e-17,10368,2.220446049250313e-16
12008,TRAIN_CONFOUNDED,NORMAL,OBS_ASSOC,False,0.7111127227571262,0.41661071871981187,0.670898397359653,0.07703090688462903,0.27758204864779734,0,
12008,TRAIN_CONFOUNDED,NORMAL,RECENCY,False,0.9,0.25,0.5,0.75,1.0,0,
12008,TRAIN_CONFOUNDED,NORMAL,UNIFORM,False,0.75,1.0,1.0,1.0,1.0,0,
12008,TRAIN_CONFOUNDED,NORMAL,MC_CF_SHAPLEY_4,True,0.5242718446601942,0.95703125,0.359375,0.33984375,0.35546875,2560,
12008,TRAIN_CONFOUNDED,NORMAL,MC_CF_SHAPLEY_16,True,0.36813518406759205,1.0224609375,0.2080078125,0.19140625,0.1962890625,10240,
12008,TRAIN_CONFOUNDED,NORMAL,MC_CF_SHAPLEY_64,True,0.22621082621082622,0.99462890625,0.091796875,0.093994140625,0.10498046875,40960,
12008,TRAIN_CONFOUNDED,NORMAL,TD_ELIGIBILITY_PROXY,False,0.7815574773855798,0.46388442268830216,0.929202565963848,0.1309164954923383,0.5995959741309466,0,
12008,TRAIN_CONFOUNDED,NORMAL,RANDOM,False,0.8490548688619567,0.28434724483921003,0.9161170085093185,0.4332047704316504,0.2501098215220061,0,
12008,OOD_WEAK_CONFOUNDER,NORMAL,EXACT_CF_SHAPLEY,True,9.681925400295555e-17,1.0,3.227308466765185e-17,3.227308466765185e-17,3.227308466765185e-17,10368,2.220446049250313e-16
12008,OOD_WEAK_CONFOUNDER,NORMAL,OBS_ASSOC,True,0.4562714288003199,0.9532868470590742,0.14012561758060088,0.022364385908681172,0.6374634563859414,0,
12008,OOD_WEAK_CONFOUNDER,NORMAL,RECENCY,False,0.9,0.25,0.5,0.75,1.0,0,
12008,OOD_WEAK_CONFOUNDER,NORMAL,UNIFORM,False,0.75,1.0,1.0,1.0,1.0,0,
12008,OOD_WEAK_CONFOUNDER,NORMAL,MC_CF_SHAPLEY_4,True,0.5553505535055351,0.94140625,0.37109375,0.3828125,0.421875,2560,
12008,OOD_WEAK_CONFOUNDER,NORMAL,MC_CF_SHAPLEY_16,True,0.3752997601918465,1.017578125,0.2041015625,0.208984375,0.1982421875,10240,
12008,OOD_WEAK_CONFOUNDER,NORMAL,MC_CF_SHAPLEY_64,True,0.2322972227331249,1.01904296875,0.0986328125,0.10498046875,0.104736328125,40960,
12008,OOD_WEAK_CONFOUNDER,NORMAL,TD_ELIGIBILITY_PROXY,False,0.6040318279472715,0.505127958596296,0.09263081102854068,0.01851632563784968,0.6594030886117273,0,
12008,OOD_WEAK_CONFOUNDER,NORMAL,RANDOM,False,0.6576906930280262,0.6898046123776592,0.5408893380707598,0.0584183561097974,0.726037729762988,0,
12008,OOD_SIGN_INVERSION,NORMAL,EXACT_CF_SHAPLEY,True,2.8818093744664703e-16,1.0,9.606031248221569e-17,9.606031248221569e-17,9.606031248221569e-17,10368,2.220446049250313e-16
12008,OOD_SIGN_INVERSION,NORMAL,OBS_ASSOC,False,0.6662503382861711,0.5299002079785423,0.6697239526689008,0.032490168197167435,0.3556032594144032,0,
12008,OOD_SIGN_INVERSION,NORMAL,RECENCY,False,0.9,0.25,0.5,0.75,1.0,0,
12008,OOD_SIGN_INVERSION,NORMAL,UNIFORM,False,0.75,1.0,1.0,1.0,1.0,0,
12008,OOD_SIGN_INVERSION,NORMAL,MC_CF_SHAPLEY_4,True,0.504,0.96875,0.375,0.3125,0.296875,2560,
12008,OOD_SIGN_INVERSION,NORMAL,MC_CF_SHAPLEY_16,True,0.36674816625916873,1.01171875,0.203125,0.1923828125,0.1904296875,10240,
12008,OOD_SIGN_INVERSION,NORMAL,MC_CF_SHAPLEY_64,True,0.2118595279217041,1.002685546875,0.09228515625,0.087646484375,0.089599609375,40960,
12008,OOD_SIGN_INVERSION,NORMAL,TD_ELIGIBILITY_PROXY,False,0.7509332662892723,0.4761268100903018,0.7596587940933243,0.04561424936153119,0.6302436766714761,0,
12008,OOD_SIGN_INVERSION,NORMAL,RANDOM,False,0.9005489645713592,0.19920699751993176,0.7958812098161486,0.4473225502197393,0.5606553408647355,0,
12009,TRAIN_CONFOUNDED,NORMAL,EXACT_CF_SHAPLEY,True,2.4459601011272975e-16,1.0,8.153200337090993e-17,8.153200337090993e-17,8.153200337090993e-17,10368,2.220446049250313e-16
12009,TRAIN_CONFOUNDED,NORMAL,OBS_ASSOC,False,0.752366901631554,0.3745747300070644,0.762245767486027,0.012230173902339108,0.36356913781014466,0,
12009,TRAIN_CONFOUNDED,NORMAL,RECENCY,False,0.9,0.25,0.5,0.75,1.0,0,
12009,TRAIN_CONFOUNDED,NORMAL,UNIFORM,False,0.75,1.0,1.0,1.0,1.0,0,
12009,TRAIN_CONFOUNDED,NORMAL,MC_CF_SHAPLEY_4,True,0.5103578154425612,1.015625,0.33984375,0.33984375,0.37890625,2560,
12009,TRAIN_CONFOUNDED,NORMAL,MC_CF_SHAPLEY_16,True,0.3825825825825826,1.00390625,0.203125,0.208984375,0.2099609375,10240,
12009,TRAIN_CONFOUNDED,NORMAL,MC_CF_SHAPLEY_64,True,0.2368470676975297,0.988037109375,0.1005859375,0.099365234375,0.106689453125,40960,
12009,TRAIN_CONFOUNDED,NORMAL,TD_ELIGIBILITY_PROXY,False,0.8178049767044918,0.4103238513905522,1.0431045221494917,0.020818035048704595,0.7778669805076942,0,
12009,TRAIN_CONFOUNDED,NORMAL,RANDOM,False,0.8944174724119678,0.22261247666210604,0.9791745668391431,0.22857362530179393,0.6780608830157187,0,
12009,OOD_WEAK_CONFOUNDER,NORMAL,EXACT_CF_SHAPLEY,True,8.59772322781005e-17,1.0,2.86590774260335e-17,2.86590774260335e-17,2.86590774260335e-17,10368,2.220446049250313e-16
12009,OOD_WEAK_CONFOUNDER,NORMAL,OBS_ASSOC,True,0.4584748527134756,0.9626794299139373,0.259721715705827,0.016772443118879078,0.5385452018618188,0,
12009,OOD_WEAK_CONFOUNDER,NORMAL,RECENCY,False,0.9,0.25,0.5,0.75,1.0,0,
12009,OOD_WEAK_CONFOUNDER,NORMAL,UNIFORM,False,0.75,1.0,1.0,1.0,1.0,0,
12009,OOD_WEAK_CONFOUNDER,NORMAL,MC_CF_SHAPLEY_4,True,0.4768339768339768,1.05859375,0.34375,0.3359375,0.28515625,2560,
12009,OOD_WEAK_CONFOUNDER,NORMAL,MC_CF_SHAPLEY_16,True,0.3546548448385054,0.9951171875,0.17578125,0.1962890625,0.1748046875,10240,
12009,OOD_WEAK_CONFOUNDER,NORMAL,MC_CF_SHAPLEY_64,True,0.24007421150278294,1.0,0.099609375,0.100830078125,0.115478515625,40960,
12009,OOD_WEAK_CONFOUNDER,NORMAL,TD_ELIGIBILITY_PROXY,False,0.589055833955648,0.5425573968271667,0.18243403798073504,0.014755560670147036,0.5805233518289625,0,
12009,OOD_WEAK_CONFOUNDER,NORMAL,RANDOM,False,0.9749354189503366,0.043973449593641245,0.26345431844073686,0.9873944966006829,0.45958366405417683,0,
12009,OOD_SIGN_INVERSION,NORMAL,EXACT_CF_SHAPLEY,True,2.889398789673869e-16,1.0,9.631329298912898e-17,9.631329298912898e-17,9.631329298912898e-17,10368,2.220446049250313e-16
12009,OOD_SIGN_INVERSION,NORMAL,OBS_ASSOC,False,0.6529968920070753,0.5694830057086379,0.7201757014876584,0.09091395190056038,0.2605740412959521,0,
12009,OOD_SIGN_INVERSION,NORMAL,RECENCY,False,0.9,0.25,0.5,0.75,1.0,0,
12009,OOD_SIGN_INVERSION,NORMAL,UNIFORM,False,0.75,1.0,1.0,1.0,1.0,0,
12009,OOD_SIGN_INVERSION,NORMAL,MC_CF_SHAPLEY_4,True,0.5350553505535055,0.984375,0.33984375,0.40625,0.38671875,2560,
12009,OOD_SIGN_INVERSION,NORMAL,MC_CF_SHAPLEY_16,True,0.3782635094110504,1.0,0.2080078125,0.1865234375,0.2138671875,10240,
12009,OOD_SIGN_INVERSION,NORMAL,MC_CF_SHAPLEY_64,True,0.23537134283570893,0.995361328125,0.10400390625,0.107177734375,0.09521484375,40960,
12009,OOD_SIGN_INVERSION,NORMAL,TD_ELIGIBILITY_PROXY,False,0.7313213107549282,0.5355261283270445,0.8458164675888804,0.133664461288575,0.4781771801898222,0,
12009,OOD_SIGN_INVERSION,NORMAL,RANDOM,True,0.6643796500499827,0.8684849668046195,0.6985089439223918,0.5041854740893521,0.5165211730728098,0,
12010,TRAIN_CONFOUNDED,NORMAL,EXACT_CF_SHAPLEY,True,2.7105054312137606e-16,1.0,9.035018104045871e-17,9.035018104045871e-17,9.035018104045871e-17,10368,2.220446049250313e-16
12010,TRAIN_CONFOUNDED,NORMAL,OBS_ASSOC,False,0.7301497581087927,0.43231997434695735,0.7350650648781673,0.1957020641252239,0.23898659247850787,0,
12010,TRAIN_CONFOUNDED,NORMAL,RECENCY,False,0.9,0.25,0.5,0.75,1.0,0,
12010,TRAIN_CONFOUNDED,NORMAL,UNIFORM,False,0.75,1.0,1.0,1.0,1.0,0,
12010,TRAIN_CONFOUNDED,NORMAL,MC_CF_SHAPLEY_4,True,0.4815533980582524,1.04296875,0.3046875,0.328125,0.3359375,2560,
12010,TRAIN_CONFOUNDED,NORMAL,MC_CF_SHAPLEY_16,True,0.3667083854818523,0.98828125,0.18359375,0.1962890625,0.1923828125,10240,
12010,TRAIN_CONFOUNDED,NORMAL,MC_CF_SHAPLEY_64,True,0.21734126222904276,0.99609375,0.08154296875,0.09423828125,0.100830078125,40960,
12010,TRAIN_CONFOUNDED,NORMAL,TD_ELIGIBILITY_PROXY,False,0.795999546991646,0.4829795810410103,1.0221045658534398,0.3409903036970594,0.5214672578635777,0,
12010,TRAIN_CONFOUNDED,NORMAL,RANDOM,False,0.9695044953874439,0.0508834028751054,0.27253967380334376,0.4763620542000885,0.8687690879014569,0,
12010,OOD_WEAK_CONFOUNDER,NORMAL,EXACT_CF_SHAPLEY,True,8.380882793312949e-17,1.0,2.793627597770983e-17,2.793627597770983e-17,2.793627597770983e-17,10368,2.220446049250313e-16
12010,OOD_WEAK_CONFOUNDER,NORMAL,OBS_ASSOC,True,0.44752361657650813,0.9570752161200478,0.10407866079388187,0.03288675852023702,0.6382962477994778,0,
12010,OOD_WEAK_CONFOUNDER,NORMAL,RECENCY,False,0.9,0.25,0.5,0.75,1.0,0,
12010,OOD_WEAK_CONFOUNDER,NORMAL,UNIFORM,False,0.75,1.0,1.0,1.0,1.0,0,
12010,OOD_WEAK_CONFOUNDER,NORMAL,MC_CF_SHAPLEY_4,True,0.4873294346978557,1.02734375,0.33984375,0.29296875,0.34375,2560,
12010,OOD_WEAK_CONFOUNDER,NORMAL,MC_CF_SHAPLEY_16,True,0.3691646191646192,1.0029296875,0.2021484375,0.1953125,0.189453125,10240,
12010,OOD_WEAK_CONFOUNDER,NORMAL,MC_CF_SHAPLEY_64,True,0.22023360964581765,1.010498046875,0.092529296875,0.097412109375,0.095458984375,40960,
12010,OOD_WEAK_CONFOUNDER,NORMAL,TD_ELIGIBILITY_PROXY,False,0.5976562018921893,0.506248706486954,0.06898531149015939,0.02724745955505184,0.6557675842597634,0,
12010,OOD_WEAK_CONFOUNDER,NORMAL,RANDOM,False,0.6045038333110881,0.7705980195332166,0.09864498634467334,0.8967425141718042,0.18244807915469774,0,
12010,OOD_SIGN_INVERSION,NORMAL,EXACT_CF_SHAPLEY,True,2.9490299091605716e-16,1.0,9.830099697201906e-17,9.830099697201906e-17,9.830099697201906e-17,10368,2.220446049250313e-16
12010,OOD_SIGN_INVERSION,NORMAL,OBS_ASSOC,False,0.66840040195542,0.5854426700620888,0.7594794710277577,0.03847855629419168,0.3821100979076453,0,
12010,OOD_SIGN_INVERSION,NORMAL,RECENCY,False,0.9,0.25,0.5,0.75,1.0,0,
12010,OOD_SIGN_INVERSION,NORMAL,UNIFORM,False,0.75,1.0,1.0,1.0,1.0,0,
12010,OOD_SIGN_INVERSION,NORMAL,MC_CF_SHAPLEY_4,True,0.5112781954887218,1.015625,0.390625,0.33984375,0.33203125,2560,
12010,OOD_SIGN_INVERSION,NORMAL,MC_CF_SHAPLEY_16,True,0.3705552089831566,0.9853515625,0.1923828125,0.2021484375,0.185546875,10240,
12010,OOD_SIGN_INVERSION,NORMAL,MC_CF_SHAPLEY_64,True,0.21241457858769933,1.012939453125,0.088623046875,0.090087890625,0.094482421875,40960,
12010,OOD_SIGN_INVERSION,NORMAL,TD_ELIGIBILITY_PROXY,False,0.7474484638488151,0.5475155853136003,0.8747415964240118,0.056207176267758764,0.6894717142022487,0,
12010,OOD_SIGN_INVERSION,NORMAL,RANDOM,False,0.6977264899421436,0.8942229231180326,0.5367411189852499,0.928448522221664,0.5989112495841011,0,
12011,TRAIN_CONFOUNDED,NORMAL,EXACT_CF_SHAPLEY,True,3.046608104684267e-16,1.0,1.0155360348947558e-16,1.0155360348947558e-16,1.0155360348947558e-16,10368,2.220446049250313e-16
12011,TRAIN_CONFOUNDED,NORMAL,OBS_ASSOC,False,0.6749372983966072,0.5554899099338897,0.7738364615950167,0.0003040515175843614,0.3792396109312615,0,
12011,TRAIN_CONFOUNDED,NORMAL,RECENCY,False,0.9,0.25,0.5,0.75,1.0,0,
12011,TRAIN_CONFOUNDED,NORMAL,UNIFORM,False,0.75,1.0,1.0,1.0,1.0,0,
12011,TRAIN_CONFOUNDED,NORMAL,MC_CF_SHAPLEY_4,True,0.5008787346221442,1.109375,0.34765625,0.3828125,0.3828125,2560,
12011,TRAIN_CONFOUNDED,NORMAL,MC_CF_SHAPLEY_16,True,0.37515451174289244,0.9873046875,0.1884765625,0.2021484375,0.2021484375,10240,
12011,TRAIN_CONFOUNDED,NORMAL,MC_CF_SHAPLEY_64,True,0.22287931990389948,1.026611328125,0.09814453125,0.095703125,0.1005859375,40960,
12011,TRAIN_CONFOUNDED,NORMAL,TD_ELIGIBILITY_PROXY,False,0.7570452836278504,0.6663079249082765,1.1764995307450172,0.0005773345131371885,0.8991342062034478,0,
12011,TRAIN_CONFOUNDED,NORMAL,RANDOM,False,0.8538625061836379,0.36134443856510445,0.46071124204921987,0.715593662018968,0.9349839914183634,0,
12011,OOD_WEAK_CONFOUNDER,NORMAL,EXACT_CF_SHAPLEY,True,8.142358315366138e-17,1.0,2.7141194384553792e-17,2.7141194384553792e-17,2.7141194384553792e-17,10368,2.220446049250313e-16
12011,OOD_WEAK_CONFOUNDER,NORMAL,OBS_ASSOC,True,0.4980608084780909,0.9594048893999786,0.27522007789139313,0.1194684713281366,0.5573032118213679,0,
12011,OOD_WEAK_CONFOUNDER,NORMAL,RECENCY,False,0.9,0.25,0.5,0.75,1.0,0,
12011,OOD_WEAK_CONFOUNDER,NORMAL,UNIFORM,False,0.75,1.0,1.0,1.0,1.0,0,
12011,OOD_WEAK_CONFOUNDER,NORMAL,MC_CF_SHAPLEY_4,True,0.5139146567717996,1.0234375,0.35546875,0.375,0.3515625,2560,
12011,OOD_WEAK_CONFOUNDER,NORMAL,MC_CF_SHAPLEY_16,True,0.37383177570093457,0.9814453125,0.1845703125,0.208984375,0.1923828125,10240,
12011,OOD_WEAK_CONFOUNDER,NORMAL,MC_CF_SHAPLEY_64,True,0.22195076113512496,1.0107421875,0.100830078125,0.092529296875,0.094970703125,40960,
12011,OOD_WEAK_CONFOUNDER,NORMAL,TD_ELIGIBILITY_PROXY,False,0.6275573494095473,0.5127181662638994,0.18391876620574205,0.0997951076802784,0.5802045116817802,0,
12011,OOD_WEAK_CONFOUNDER,NORMAL,RANDOM,False,0.7726061285125624,0.2763548423907669,0.3216623146296085,0.38890219642586954,0.2283941489936574,0,
12011,OOD_SIGN_INVERSION,NORMAL,EXACT_CF_SHAPLEY,True,3.017876747113401e-16,0.9999999999999999,1.0059589157044672e-16,1.0059589157044672e-16,1.0059589157044672e-16,10368,2.220446049250313e-16
12011,OOD_SIGN_INVERSION,NORMAL,OBS_ASSOC,False,0.6480179995806387,0.582048652420286,0.686001698312049,0.06435276080043778,0.32122875522977984,0,
12011,OOD_SIGN_INVERSION,NORMAL,RECENCY,False,0.9,0.25,0.5,0.75,1.0,0,
12011,OOD_SIGN_INVERSION,NORMAL,UNIFORM,False,0.75,1.0,1.0,1.0,1.0,0,
12011,OOD_SIGN_INVERSION,NORMAL,MC_CF_SHAPLEY_4,True,0.5018867924528302,1.03125,0.3671875,0.33984375,0.33203125,2560,
12011,OOD_SIGN_INVERSION,NORMAL,MC_CF_SHAPLEY_16,True,0.3709981167608286,0.978515625,0.173828125,0.20703125,0.1962890625,10240,
12011,OOD_SIGN_INVERSION,NORMAL,MC_CF_SHAPLEY_64,True,0.22933643771827705,0.9697265625,0.095703125,0.089111328125,0.103759765625,40960,
12011,OOD_SIGN_INVERSION,NORMAL,TD_ELIGIBILITY_PROXY,False,0.7306718811352061,0.5400060228431652,0.7954657744797358,0.09324259752434964,0.5762972805740411,0,
12011,OOD_SIGN_INVERSION,NORMAL,RANDOM,False,0.8064287483631272,0.5865012347557084,0.5617121721448759,0.9830209236591214,0.8986641166329936,0,
12012,TRAIN_CONFOUNDED,NORMAL,EXACT_CF_SHAPLEY,True,2.9858927830250787e-16,1.0,9.952975943416931e-17,9.952975943416931e-17,9.952975943416931e-17,10368,2.220446049250313e-16
12012,TRAIN_CONFOUNDED,NORMAL,OBS_ASSOC,False,0.6967866903847254,0.4476916876968529,0.7455092520019426,0.04968593960996034,0.23360400516098115,0,
12012,TRAIN_CONFOUNDED,NORMAL,RECENCY,False,0.9,0.25,0.5,0.75,1.0,0,
12012,TRAIN_CONFOUNDED,NORMAL,UNIFORM,False,0.75,1.0,1.0,1.0,1.0,0,
12012,TRAIN_CONFOUNDED,NORMAL,MC_CF_SHAPLEY_4,True,0.49105367793240556,1.0,0.3125,0.30078125,0.3515625,2560,
12012,TRAIN_CONFOUNDED,NORMAL,MC_CF_SHAPLEY_16,True,0.3591635916359164,1.017578125,0.197265625,0.1865234375,0.1865234375,10240,
12012,TRAIN_CONFOUNDED,NORMAL,MC_CF_SHAPLEY_64,True,0.2345447733233421,0.99755859375,0.103271484375,0.10595703125,0.096435546875,40960,
12012,TRAIN_CONFOUNDED,NORMAL,TD_ELIGIBILITY_PROXY,False,0.7655116185887786,0.5151849113627733,1.0690985287018056,0.0893382903673739,0.523437707064422,0,
12012,TRAIN_CONFOUNDED,NORMAL,RANDOM,True,0.6169509760136874,0.950441368498255,0.565742507232798,0.7018499247237663,0.2632187520440926,0,
12012,OOD_WEAK_CONFOUNDER,NORMAL,EXACT_CF_SHAPLEY,True,8.868773770931426e-17,1.0,2.956257923643809e-17,2.956257923643809e-17,2.956257923643809e-17,10368,2.220446049250313e-16
12012,OOD_WEAK_CONFOUNDER,NORMAL,OBS_ASSOC,True,0.5050927604158478,0.9567867684597633,0.19830283377809754,0.1481220470218315,0.6300531970248501,0,
12012,OOD_WEAK_CONFOUNDER,NORMAL,RECENCY,False,0.9,0.25,0.5,0.75,1.0,0,
12012,OOD_WEAK_CONFOUNDER,NORMAL,UNIFORM,False,0.75,1.0,1.0,1.0,1.0,0,
12012,OOD_WEAK_CONFOUNDER,NORMAL,MC_CF_SHAPLEY_4,True,0.50682261208577,0.98828125,0.3515625,0.33203125,0.33203125,2560,
12012,OOD_WEAK_CONFOUNDER,NORMAL,MC_CF_SHAPLEY_16,True,0.3476340694006309,1.009765625,0.1904296875,0.171875,0.17578125,10240,
12012,OOD_WEAK_CONFOUNDER,NORMAL,MC_CF_SHAPLEY_64,True,0.23225685317311304,0.998291015625,0.0966796875,0.107177734375,0.09814453125,40960,
12012,OOD_WEAK_CONFOUNDER,NORMAL,TD_ELIGIBILITY_PROXY,False,0.6444178280946766,0.4883064007932249,0.12785291670931534,0.11988790585582128,0.6372117287896681,0,
12012,OOD_WEAK_CONFOUNDER,NORMAL,RANDOM,False,0.6946567490785547,0.647104701259389,0.12512054523818683,0.44239133887089854,0.9046531194853179,0,
12012,OOD_SIGN_INVERSION,NORMAL,EXACT_CF_SHAPLEY,True,3.2509802141977846e-16,0.9999999999999999,1.0836600713992617e-16,1.0836600713992617e-16,1.0836600713992617e-16,10368,2.220446049250313e-16
12012,OOD_SIGN_INVERSION,NORMAL,OBS_ASSOC,False,0.648152313250366,0.6031370391234273,0.7099080583765245,0.030527594273008166,0.3706265536312158,0,
12012,OOD_SIGN_INVERSION,NORMAL,RECENCY,False,0.9,0.25,0.5,0.75,1.0,0,
12012,OOD_SIGN_INVERSION,NORMAL,UNIFORM,False,0.75,1.0,1.0,1.0,1.0,0,
12012,OOD_SIGN_INVERSION,NORMAL,MC_CF_SHAPLEY_4,True,0.5127701375245579,0.96875,0.3359375,0.3515625,0.33203125,2560,
12012,OOD_SIGN_INVERSION,NORMAL,MC_CF_SHAPLEY_16,True,0.3893491124260355,1.0078125,0.208984375,0.2177734375,0.2158203125,10240,
12012,OOD_SIGN_INVERSION,NORMAL,MC_CF_SHAPLEY_64,True,0.22144345519984845,1.00341796875,0.0869140625,0.092529296875,0.10595703125,40960,
12012,OOD_SIGN_INVERSION,NORMAL,TD_ELIGIBILITY_PROXY,False,0.734087553878015,0.5845040174219042,0.8625168117068457,0.0456799872163082,0.7054062145449822,0,
12012,OOD_SIGN_INVERSION,NORMAL,RANDOM,False,0.8754288733153265,0.23926018732726628,0.3312695186514599,0.5868068550608211,0.7633347349093508,0,
12013,TRAIN_CONFOUNDED,NORMAL,EXACT_CF_SHAPLEY,True,3.020587252544615e-16,1.0,1.0068624175148717e-16,1.0068624175148717e-16,1.0068624175148717e-16,10368,2.220446049250313e-16
12013,TRAIN_CONFOUNDED,NORMAL,OBS_ASSOC,False,0.6555670144963491,0.5191988570716912,0.6834651326840274,0.031551809316628605,0.2731858695352257,0,
12013,TRAIN_CONFOUNDED,NORMAL,RECENCY,False,0.9,0.25,0.5,0.75,1.0,0,
12013,TRAIN_CONFOUNDED,NORMAL,UNIFORM,False,0.75,1.0,1.0,1.0,1.0,0,
12013,TRAIN_CONFOUNDED,NORMAL,MC_CF_SHAPLEY_4,True,0.514344262295082,0.92578125,0.3125,0.3125,0.35546875,2560,
12013,TRAIN_CONFOUNDED,NORMAL,MC_CF_SHAPLEY_16,True,0.3656307129798903,1.0166015625,0.193359375,0.1845703125,0.2080078125,10240,
12013,TRAIN_CONFOUNDED,NORMAL,MC_CF_SHAPLEY_64,True,0.2328767123287671,0.970703125,0.102294921875,0.09033203125,0.10205078125,40960,
12013,TRAIN_CONFOUNDED,NORMAL,TD_ELIGIBILITY_PROXY,False,0.7346976794807978,0.6249328523104931,1.0298257238016484,0.05927402136402953,0.6415172940117225,0,
12013,TRAIN_CONFOUNDED,NORMAL,RANDOM,False,0.8688360566075071,0.2383356701843018,0.5259526070529954,0.4838450688185997,0.5689488795913609,0,
12013,OOD_WEAK_CONFOUNDER,NORMAL,EXACT_CF_SHAPLEY,True,6.635317295611287e-17,1.0,2.211772431870429e-17,2.211772431870429e-17,2.211772431870429e-17,10368,2.220446049250313e-16
12013,OOD_WEAK_CONFOUNDER,NORMAL,OBS_ASSOC,True,0.461561659293015,0.9576606050825351,0.1388168157650379,0.05148582830766411,0.6306259275090755,0,
12013,OOD_WEAK_CONFOUNDER,NORMAL,RECENCY,False,0.9,0.25,0.5,0.75,1.0,0,
12013,OOD_WEAK_CONFOUNDER,NORMAL,UNIFORM,False,0.75,1.0,1.0,1.0,1.0,0,
12013,OOD_WEAK_CONFOUNDER,NORMAL,MC_CF_SHAPLEY_4,True,0.5212981744421906,0.921875,0.35546875,0.3125,0.3359375,2560,
12013,OOD_WEAK_CONFOUNDER,NORMAL,MC_CF_SHAPLEY_16,True,0.36705737199259714,1.001953125,0.1884765625,0.205078125,0.1875,10240,
12013,OOD_WEAK_CONFOUNDER,NORMAL,MC_CF_SHAPLEY_64,True,0.23217653715579026,0.993896484375,0.1044921875,0.09765625,0.098388671875,40960,
12013,OOD_WEAK_CONFOUNDER,NORMAL,TD_ELIGIBILITY_PROXY,False,0.606173836323471,0.503971938019626,0.09131598827852758,0.04221030727141714,0.6421829671785998,0,
12013,OOD_WEAK_CONFOUNDER,NORMAL,RANDOM,False,0.7951163389291663,0.47987220859813096,0.8558478908082903,0.3235721044511982,0.6828770354563256,0,
12013,OOD_SIGN_INVERSION,NORMAL,EXACT_CF_SHAPLEY,True,2.75766822571688e-16,1.0,9.192227419056269e-17,9.192227419056269e-17,9.192227419056269e-17,10368,2.220446049250313e-16
12013,OOD_SIGN_INVERSION,NORMAL,OBS_ASSOC,False,0.6801115775627148,0.593718849050309,0.7637130889545998,0.11451911800562681,0.3840675036067911,0,
12013,OOD_SIGN_INVERSION,NORMAL,RECENCY,False,0.9,0.25,0.5,0.75,1.0,0,
12013,OOD_SIGN_INVERSION,NORMAL,UNIFORM,False,0.75,1.0,1.0,1.0,1.0,0,
12013,OOD_SIGN_INVERSION,NORMAL,MC_CF_SHAPLEY_4,True,0.5062166962699822,1.0859375,0.37890625,0.3828125,0.3515625,2560,
12013,OOD_SIGN_INVERSION,NORMAL,MC_CF_SHAPLEY_16,True,0.3606755126658625,1.03515625,0.185546875,0.1865234375,0.2119140625,10240,
12013,OOD_SIGN_INVERSION,NORMAL,MC_CF_SHAPLEY_64,True,0.22138126773888364,1.004638671875,0.08935546875,0.100341796875,0.095947265625,40960,
12013,OOD_SIGN_INVERSION,NORMAL,TD_ELIGIBILITY_PROXY,False,0.7606512070297841,0.5743150159773663,0.9247989168164378,0.17342721403445105,0.7269487726752581,0,
12013,OOD_SIGN_INVERSION,NORMAL,RANDOM,False,0.9123514984062449,0.15605610101101042,0.7361469000358293,0.8538102576988669,0.03446328304755519,0,
12014,TRAIN_CONFOUNDED,NORMAL,EXACT_CF_SHAPLEY,True,2.810252031082427e-16,0.9999999999999999,9.367506770274758e-17,9.367506770274758e-17,9.367506770274758e-17,10368,2.220446049250313e-16
12014,TRAIN_CONFOUNDED,NORMAL,OBS_ASSOC,False,0.719355954669902,0.3460739412893413,0.6924900262648763,0.028089715754101886,0.16648825235001072,0,
12014,TRAIN_CONFOUNDED,NORMAL,RECENCY,False,0.9,0.25,0.5,0.75,1.0,0,
12014,TRAIN_CONFOUNDED,NORMAL,UNIFORM,False,0.75,1.0,1.0,1.0,1.0,0,
12014,TRAIN_CONFOUNDED,NORMAL,MC_CF_SHAPLEY_4,True,0.5216606498194946,1.03515625,0.39453125,0.3671875,0.3671875,2560,
12014,TRAIN_CONFOUNDED,NORMAL,MC_CF_SHAPLEY_16,True,0.3634674922600619,1.00390625,0.1669921875,0.201171875,0.205078125,10240,
12014,TRAIN_CONFOUNDED,NORMAL,MC_CF_SHAPLEY_64,True,0.23146405720737673,0.9970703125,0.1025390625,0.102294921875,0.095458984375,40960,
12014,TRAIN_CONFOUNDED,NORMAL,TD_ELIGIBILITY_PROXY,False,0.7802988059072768,0.37190683128962243,0.924758733708748,0.04680216419414093,0.34931702250375013,0,
12014,TRAIN_CONFOUNDED,NORMAL,RANDOM,False,0.7827032657682862,0.3557752309993668,0.05801550078464568,0.8370602008112057,0.38642738296375756,0,
12014,OOD_WEAK_CONFOUNDER,NORMAL,EXACT_CF_SHAPLEY,True,8.825405684032006e-17,1.0,2.941801894677335e-17,2.941801894677335e-17,2.941801894677335e-17,10368,2.220446049250313e-16
12014,OOD_WEAK_CONFOUNDER,NORMAL,OBS_ASSOC,True,0.47315780869626917,0.951363608297298,0.18083750534010856,0.1544202827045408,0.5191633794426965,0,
12014,OOD_WEAK_CONFOUNDER,NORMAL,RECENCY,False,0.9,0.25,0.5,0.75,1.0,0,
12014,OOD_WEAK_CONFOUNDER,NORMAL,UNIFORM,False,0.75,1.0,1.0,1.0,1.0,0,
12014,OOD_WEAK_CONFOUNDER,NORMAL,MC_CF_SHAPLEY_4,True,0.49250936329588013,1.05859375,0.29296875,0.37890625,0.35546875,2560,
12014,OOD_WEAK_CONFOUNDER,NORMAL,MC_CF_SHAPLEY_16,True,0.35023584905660377,1.076171875,0.1708984375,0.1875,0.2216796875,10240,
12014,OOD_WEAK_CONFOUNDER,NORMAL,MC_CF_SHAPLEY_64,True,0.22232680722891565,1.008544921875,0.08984375,0.09423828125,0.104248046875,40960,
12014,OOD_WEAK_CONFOUNDER,NORMAL,TD_ELIGIBILITY_PROXY,False,0.6069713415231148,0.506155365426368,0.12152151417320026,0.1291860269149817,0.5309703201714784,0,
12014,OOD_WEAK_CONFOUNDER,NORMAL,RANDOM,True,0.6615772727085225,0.9995449973383876,0.7116889206151287,0.36741397953309274,0.8748919115507943,0,
12014,OOD_SIGN_INVERSION,NORMAL,EXACT_CF_SHAPLEY,True,3.1506915132428754e-16,0.9999999999999999,1.0502305044142919e-16,1.0502305044142919e-16,1.0502305044142919e-16,10368,2.220446049250313e-16
12014,OOD_SIGN_INVERSION,NORMAL,OBS_ASSOC,False,0.6032776534916109,0.5626713016419299,0.6329321794689313,0.015164291544349943,0.20753222126769635,0,
12014,OOD_SIGN_INVERSION,NORMAL,RECENCY,False,0.9,0.25,0.5,0.75,1.0,0,
12014,OOD_SIGN_INVERSION,NORMAL,UNIFORM,False,0.75,1.0,1.0,1.0,1.0,0,
12014,OOD_SIGN_INVERSION,NORMAL,MC_CF_SHAPLEY_4,True,0.5253549695740365,0.9140625,0.35546875,0.3125,0.34375,2560,
12014,OOD_SIGN_INVERSION,NORMAL,MC_CF_SHAPLEY_16,True,0.3637515842839037,0.98046875,0.181640625,0.197265625,0.181640625,10240,
12014,OOD_SIGN_INVERSION,NORMAL,MC_CF_SHAPLEY_64,True,0.23534936138241924,0.993896484375,0.106201171875,0.099365234375,0.100341796875,40960,
12014,OOD_SIGN_INVERSION,NORMAL,TD_ELIGIBILITY_PROXY,False,0.684270970724392,0.527956415671907,0.7456370052129345,0.022262451818979304,0.37632617809848384,0,
12014,OOD_SIGN_INVERSION,NORMAL,RANDOM,False,0.8657559259460287,0.28470972294142505,0.5736856834477468,0.5791476473304651,0.683293377592489,0,
12015,TRAIN_CONFOUNDED,NORMAL,EXACT_CF_SHAPLEY,True,2.6996634094889055e-16,1.0,8.998878031629687e-17,8.998878031629687e-17,8.998878031629687e-17,10368,2.220446049250313e-16
12015,TRAIN_CONFOUNDED,NORMAL,OBS_ASSOC,False,0.726886663129199,0.4810686097332107,0.7306069137529557,0.1340449245045001,0.41570437016380235,0,
12015,TRAIN_CONFOUNDED,NORMAL,RECENCY,False,0.9,0.25,0.5,0.75,1.0,0,
12015,TRAIN_CONFOUNDED,NORMAL,UNIFORM,False,0.75,1.0,1.0,1.0,1.0,0,
12015,TRAIN_CONFOUNDED,NORMAL,MC_CF_SHAPLEY_4,True,0.4972477064220184,1.0703125,0.3359375,0.390625,0.33203125,2560,
12015,TRAIN_CONFOUNDED,NORMAL,MC_CF_SHAPLEY_16,True,0.38420107719928187,1.0048828125,0.2080078125,0.2177734375,0.201171875,10240,
12015,TRAIN_CONFOUNDED,NORMAL,MC_CF_SHAPLEY_64,True,0.22232752084912813,1.001708984375,0.104248046875,0.08740234375,0.0947265625,40960,
12015,TRAIN_CONFOUNDED,NORMAL,TD_ELIGIBILITY_PROXY,False,0.8012663165879114,0.5517861165291779,1.0516284719853615,0.24055904127080746,0.9325366580303825,0,
12015,TRAIN_CONFOUNDED,NORMAL,RANDOM,False,0.7903143733151049,0.5523605438471575,0.8869274914109831,0.46276631688167147,0.732177438469358,0,
12015,OOD_WEAK_CONFOUNDER,NORMAL,EXACT_CF_SHAPLEY,True,8.120674271916428e-17,1.0,2.7068914239721426e-17,2.7068914239721426e-17,2.7068914239721426e-17,10368,2.220446049250313e-16
12015,OOD_WEAK_CONFOUNDER,NORMAL,OBS_ASSOC,True,0.47704507255913103,0.9556393284389417,0.247153185590728,0.03964810477848124,0.5849431159918178,0,
12015,OOD_WEAK_CONFOUNDER,NORMAL,RECENCY,False,0.9,0.25,0.5,0.75,1.0,0,
12015,OOD_WEAK_CONFOUNDER,NORMAL,UNIFORM,False,0.75,1.0,1.0,1.0,1.0,0,
12015,OOD_WEAK_CONFOUNDER,NORMAL,MC_CF_SHAPLEY_4,True,0.4944237918215613,1.0625,0.34375,0.34375,0.3515625,2560,
12015,OOD_WEAK_CONFOUNDER,NORMAL,MC_CF_SHAPLEY_16,True,0.3753943217665615,0.966796875,0.18359375,0.2119140625,0.185546875,10240,
12015,OOD_WEAK_CONFOUNDER,NORMAL,MC_CF_SHAPLEY_64,True,0.2346766635426429,0.996826171875,0.102294921875,0.105712890625,0.09765625,40960,
12015,OOD_WEAK_CONFOUNDER,NORMAL,TD_ELIGIBILITY_PROXY,False,0.6139633786019049,0.5145037127789425,0.1670454537129969,0.033500702508892366,0.617734857265766,0,
12015,OOD_WEAK_CONFOUNDER,NORMAL,RANDOM,True,0.3426261617007585,0.8473660605154217,0.056157564059071685,0.05561915734961653,0.3298742296255561,0,
12015,OOD_SIGN_INVERSION,NORMAL,EXACT_CF_SHAPLEY,True,2.8617516342754885e-16,1.0,9.53917211425163e-17,9.53917211425163e-17,9.53917211425163e-17,10368,2.220446049250313e-16
12015,OOD_SIGN_INVERSION,NORMAL,OBS_ASSOC,False,0.6632995135144466,0.530986897712089,0.6823031610362292,0.05439132981444924,0.3093489960810978,0,
12015,OOD_SIGN_INVERSION,NORMAL,RECENCY,False,0.9,0.25,0.5,0.75,1.0,0,
12015,OOD_SIGN_INVERSION,NORMAL,UNIFORM,False,0.75,1.0,1.0,1.0,1.0,0,
12015,OOD_SIGN_INVERSION,NORMAL,MC_CF_SHAPLEY_4,True,0.5247148288973384,0.9765625,0.3984375,0.37890625,0.30078125,2560,
12015,OOD_SIGN_INVERSION,NORMAL,MC_CF_SHAPLEY_16,True,0.37957124842370743,0.9609375,0.177734375,0.205078125,0.205078125,10240,
12015,OOD_SIGN_INVERSION,NORMAL,MC_CF_SHAPLEY_64,True,0.22066778586084684,1.02001953125,0.09765625,0.098876953125,0.09228515625,40960,
12015,OOD_SIGN_INVERSION,NORMAL,TD_ELIGIBILITY_PROXY,False,0.7432736271623963,0.47739521083834074,0.7687743959771204,0.076605723292031,0.5367734398987916,0,
12015,OOD_SIGN_INVERSION,NORMAL,RANDOM,True,0.6711894922311313,0.9473065677995186,0.8662688598814847,0.5594875117639724,0.5079476895261965,0,
12016,TRAIN_CONFOUNDED,NORMAL,EXACT_CF_SHAPLEY,True,2.75170511376821e-16,1.0,9.172350379227368e-17,9.172350379227368e-17,9.172350379227368e-17,10368,2.220446049250313e-16
12016,TRAIN_CONFOUNDED,NORMAL,OBS_ASSOC,False,0.6879389188882833,0.48200324804327327,0.7927372363228904,0.0029533897326623126,0.26688594446149627,0,
12016,TRAIN_CONFOUNDED,NORMAL,RECENCY,False,0.9,0.25,0.5,0.75,1.0,0,
12016,TRAIN_CONFOUNDED,NORMAL,UNIFORM,False,0.75,1.0,1.0,1.0,1.0,0,
12016,TRAIN_CONFOUNDED,NORMAL,MC_CF_SHAPLEY_4,True,0.5276752767527675,1.0,0.359375,0.328125,0.4296875,2560,
12016,TRAIN_CONFOUNDED,NORMAL,MC_CF_SHAPLEY_16,True,0.3555967841682127,1.017578125,0.1953125,0.171875,0.1943359375,10240,
12016,TRAIN_CONFOUNDED,NORMAL,MC_CF_SHAPLEY_64,True,0.21942791322710692,0.99267578125,0.095947265625,0.0927734375,0.09033203125,40960,
12016,TRAIN_CONFOUNDED,NORMAL,TD_ELIGIBILITY_PROXY,False,0.7584273907911963,0.5597753254683675,1.1508084911123377,0.005348756231036056,0.60128098588491,0,
12016,TRAIN_CONFOUNDED,NORMAL,RANDOM,True,0.5725870015482013,0.989873766999825,0.5596437333168516,0.5785558378975196,0.18789218128428897,0,
12016,OOD_WEAK_CONFOUNDER,NORMAL,EXACT_CF_SHAPLEY,True,7.491837011874836e-17,1.0,2.4972790039582786e-17,2.4972790039582786e-17,2.4972790039582786e-17,10368,2.220446049250313e-16
12016,OOD_WEAK_CONFOUNDER,NORMAL,OBS_ASSOC,True,0.43791381754027753,0.9480085695924004,0.13716490739167234,0.08478688697459809,0.5166289868840392,0,
12016,OOD_WEAK_CONFOUNDER,NORMAL,RECENCY,False,0.9,0.25,0.5,0.75,1.0,0,
12016,OOD_WEAK_CONFOUNDER,NORMAL,UNIFORM,False,0.75,1.0,1.0,1.0,1.0,0,
12016,OOD_WEAK_CONFOUNDER,NORMAL,MC_CF_SHAPLEY_4,True,0.5412667946257198,0.93359375,0.30078125,0.390625,0.41015625,2560,
12016,OOD_WEAK_CONFOUNDER,NORMAL,MC_CF_SHAPLEY_16,True,0.3658991910392035,0.9951171875,0.1767578125,0.2099609375,0.1875,10240,
12016,OOD_WEAK_CONFOUNDER,NORMAL,MC_CF_SHAPLEY_64,True,0.23699530516431924,0.991943359375,0.106201171875,0.104736328125,0.09716796875,40960,
12016,OOD_WEAK_CONFOUNDER,NORMAL,TD_ELIGIBILITY_PROXY,False,0.5825609597896638,0.4871484654032884,0.0889787461277276,0.06875146707104407,0.5221143873982537,0,
12016,OOD_WEAK_CONFOUNDER,NORMAL,RANDOM,True,0.6118448702999818,0.48223596859518636,0.05268833215216673,0.30172712612997454,0.4057280541509859,0,
12016,OOD_SIGN_INVERSION,NORMAL,EXACT_CF_SHAPLEY,True,3.06883424922022e-16,1.0,1.0229447497400734e-16,1.0229447497400734e-16,1.0229447497400734e-16,10368,2.220446049250313e-16
12016,OOD_SIGN_INVERSION,NORMAL,OBS_ASSOC,False,0.6928538647386119,0.5209773714690702,0.7544476113406706,0.0742978609080583,0.3464644484508195,0,
12016,OOD_SIGN_INVERSION,NORMAL,RECENCY,False,0.9,0.25,0.5,0.75,1.0,0,
12016,OOD_SIGN_INVERSION,NORMAL,UNIFORM,False,0.75,1.0,1.0,1.0,1.0,0,
12016,OOD_SIGN_INVERSION,NORMAL,MC_CF_SHAPLEY_4,True,0.4783427495291902,1.08203125,0.28515625,0.359375,0.34765625,2560,
12016,OOD_SIGN_INVERSION,NORMAL,MC_CF_SHAPLEY_16,True,0.38324420677361853,1.013671875,0.20703125,0.2099609375,0.212890625,10240,
12016,OOD_SIGN_INVERSION,NORMAL,MC_CF_SHAPLEY_64,True,0.21454476045046764,1.004638671875,0.09033203125,0.0927734375,0.09130859375,40960,
12016,OOD_SIGN_INVERSION,NORMAL,TD_ELIGIBILITY_PROXY,False,0.7692499525986801,0.4565702929546026,0.8249384580428205,0.1023400152447799,0.5947869831170878,0,
12016,OOD_SIGN_INVERSION,NORMAL,RANDOM,True,0.6240361508897301,0.9011046067712183,0.5000153913236238,0.49387812176994705,0.5017871266521573,0,
12017,TRAIN_CONFOUNDED,NORMAL,EXACT_CF_SHAPLEY,True,3.1875543871073825e-16,1.0,1.0625181290357943e-16,1.0625181290357943e-16,1.0625181290357943e-16,10368,2.220446049250313e-16
12017,TRAIN_CONFOUNDED,NORMAL,OBS_ASSOC,False,0.6938720292755818,0.3617345202608178,0.6855088095984665,0.02127129038765474,0.11313016511786397,0,
12017,TRAIN_CONFOUNDED,NORMAL,RECENCY,False,0.9,0.25,0.5,0.75,1.0,0,
12017,TRAIN_CONFOUNDED,NORMAL,UNIFORM,False,0.75,1.0,1.0,1.0,1.0,0,
12017,TRAIN_CONFOUNDED,NORMAL,MC_CF_SHAPLEY_4,True,0.5138339920948617,0.9609375,0.3359375,0.3203125,0.359375,2560,
12017,TRAIN_CONFOUNDED,NORMAL,MC_CF_SHAPLEY_16,True,0.3570116350275566,1.025390625,0.1865234375,0.181640625,0.201171875,10240,
12017,TRAIN_CONFOUNDED,NORMAL,MC_CF_SHAPLEY_64,True,0.23146775389177168,1.012451171875,0.104248046875,0.094482421875,0.106201171875,40960,
12017,TRAIN_CONFOUNDED,NORMAL,TD_ELIGIBILITY_PROXY,False,0.7539077040203743,0.391111207792178,0.9234089026736346,0.035865129294852985,0.2389014391874587,0,
12017,TRAIN_CONFOUNDED,NORMAL,RANDOM,False,0.7198865077205389,0.4937545424884855,0.004276286246220451,0.668387830455425,0.5962759488792325,0,
12017,OOD_WEAK_CONFOUNDER,NORMAL,EXACT_CF_SHAPLEY,True,7.979727989493313e-17,1.0,2.6599093298311043e-17,2.6599093298311043e-17,2.6599093298311043e-17,10368,2.220446049250313e-16
12017,OOD_WEAK_CONFOUNDER,NORMAL,OBS_ASSOC,True,0.5044097335442893,0.9526341255513318,0.19787117915885502,0.12432562137691243,0.6473902917835419,0,
12017,OOD_WEAK_CONFOUNDER,NORMAL,RECENCY,False,0.9,0.25,0.5,0.75,1.0,0,
12017,OOD_WEAK_CONFOUNDER,NORMAL,UNIFORM,False,0.75,1.0,1.0,1.0,1.0,0,
12017,OOD_WEAK_CONFOUNDER,NORMAL,MC_CF_SHAPLEY_4,True,0.5500878734622144,1.0,0.39453125,0.40625,0.421875,2560,
12017,OOD_WEAK_CONFOUNDER,NORMAL,MC_CF_SHAPLEY_16,True,0.37532637075718017,0.9345703125,0.1884765625,0.1865234375,0.1865234375,10240,
12017,OOD_WEAK_CONFOUNDER,NORMAL,MC_CF_SHAPLEY_64,True,0.23221044663133988,0.990478515625,0.10546875,0.0966796875,0.097412109375,40960,
12017,OOD_WEAK_CONFOUNDER,NORMAL,TD_ELIGIBILITY_PROXY,False,0.6423337106302803,0.5092895650666878,0.1325556557929638,0.10385306242481968,0.678225581511842,0,
12017,OOD_WEAK_CONFOUNDER,NORMAL,RANDOM,False,0.7233181703639445,0.9145108400076385,0.6762770531093915,0.7639686043623584,0.9505232211439015,0,
12017,OOD_SIGN_INVERSION,NORMAL,EXACT_CF_SHAPLEY,True,2.8568727244993037e-16,1.0,9.522909081664348e-17,9.522909081664348e-17,9.522909081664348e-17,10368,2.220446049250313e-16
12017,OOD_SIGN_INVERSION,NORMAL,OBS_ASSOC,False,0.6761464477576409,0.46865977736633035,0.7119100713961813,0.0021745772446591224,0.26439047222486717,0,
12017,OOD_SIGN_INVERSION,NORMAL,RECENCY,False,0.9,0.25,0.5,0.75,1.0,0,
12017,OOD_SIGN_INVERSION,NORMAL,UNIFORM,False,0.75,1.0,1.0,1.0,1.0,0,
12017,OOD_SIGN_INVERSION,NORMAL,MC_CF_SHAPLEY_4,True,0.5202952029520295,1.015625,0.37109375,0.34375,0.38671875,2560,
12017,OOD_SIGN_INVERSION,NORMAL,MC_CF_SHAPLEY_16,True,0.3597560975609756,1.025390625,0.19140625,0.2099609375,0.1748046875,10240,
12017,OOD_SIGN_INVERSION,NORMAL,MC_CF_SHAPLEY_64,True,0.23657121467340445,0.995849609375,0.1083984375,0.099609375,0.1005859375,40960,
12017,OOD_SIGN_INVERSION,NORMAL,TD_ELIGIBILITY_PROXY,False,0.7513757514408927,0.4158434027302354,0.7928130009289567,0.0030196973215294042,0.4609017153032516,0,
12017,OOD_SIGN_INVERSION,NORMAL,RANDOM,True,0.5361564397958845,0.9644287140736506,0.3940922719436589,0.6202857679142276,0.10040442159766816,0,
12018,TRAIN_CONFOUNDED,NORMAL,EXACT_CF_SHAPLEY,True,3.046608104684267e-16,1.0,1.0155360348947558e-16,1.0155360348947558e-16,1.0155360348947558e-16,10368,2.220446049250313e-16
12018,TRAIN_CONFOUNDED,NORMAL,OBS_ASSOC,False,0.7112708761978943,0.4695557752523517,0.7988165731007544,0.07597616323831927,0.2819362534126904,0,
12018,TRAIN_CONFOUNDED,NORMAL,RECENCY,False,0.9,0.25,0.5,0.75,1.0,0,
12018,TRAIN_CONFOUNDED,NORMAL,UNIFORM,False,0.75,1.0,1.0,1.0,1.0,0,
12018,TRAIN_CONFOUNDED,NORMAL,MC_CF_SHAPLEY_4,True,0.48906560636182905,1.00390625,0.30078125,0.31640625,0.34375,2560,
12018,TRAIN_CONFOUNDED,NORMAL,MC_CF_SHAPLEY_16,True,0.37021013597033375,0.9951171875,0.1884765625,0.2080078125,0.1884765625,10240,
12018,TRAIN_CONFOUNDED,NORMAL,MC_CF_SHAPLEY_64,True,0.2207300926801589,1.005859375,0.089111328125,0.09912109375,0.0966796875,40960,
12018,TRAIN_CONFOUNDED,NORMAL,TD_ELIGIBILITY_PROXY,False,0.7805664213670308,0.5447142458798262,1.1604742230500846,0.13783235242610378,0.6393442262966545,0,
12018,TRAIN_CONFOUNDED,NORMAL,RANDOM,False,0.8372569808355954,0.3738330357625357,0.7438812745770998,0.21063915510183628,0.9687222412890638,0,
12018,OOD_WEAK_CONFOUNDER,NORMAL,EXACT_CF_SHAPLEY,True,7.882149793969617e-17,1.0,2.627383264656539e-17,2.627383264656539e-17,2.627383264656539e-17,10368,2.220446049250313e-16
12018,OOD_WEAK_CONFOUNDER,NORMAL,OBS_ASSOC,True,0.46110288049852216,0.955838237339095,0.2181940761859992,0.07085773613351161,0.5288033006107746,0,
12018,OOD_WEAK_CONFOUNDER,NORMAL,RECENCY,False,0.9,0.25,0.5,0.75,1.0,0,
12018,OOD_WEAK_CONFOUNDER,NORMAL,UNIFORM,False,0.75,1.0,1.0,1.0,1.0,0,
12018,OOD_WEAK_CONFOUNDER,NORMAL,MC_CF_SHAPLEY_4,True,0.49904397705544934,1.0234375,0.359375,0.33203125,0.328125,2560,
12018,OOD_WEAK_CONFOUNDER,NORMAL,MC_CF_SHAPLEY_16,True,0.364741641337386,1.0205078125,0.1767578125,0.20703125,0.2021484375,10240,
12018,OOD_WEAK_CONFOUNDER,NORMAL,MC_CF_SHAPLEY_64,True,0.2226584408300617,1.01513671875,0.103271484375,0.09521484375,0.09228515625,40960,
12018,OOD_WEAK_CONFOUNDER,NORMAL,TD_ELIGIBILITY_PROXY,False,0.5970736349750548,0.5170723469879194,0.1466729615386134,0.060010065873576074,0.5595370379887089,0,
12018,OOD_WEAK_CONFOUNDER,NORMAL,RANDOM,True,0.6317407002295176,0.28331613509321263,0.17384028453352618,0.2002644515278581,0.11191784010073158,0,
12018,OOD_SIGN_INVERSION,NORMAL,EXACT_CF_SHAPLEY,True,2.81675724411734e-16,1.0,9.389190813724468e-17,9.389190813724468e-17,9.389190813724468e-17,10368,2.220446049250313e-16
12018,OOD_SIGN_INVERSION,NORMAL,OBS_ASSOC,False,0.6701876320731125,0.5505539986054868,0.7505925038566076,0.07636956635417827,0.29177851242130265,0,
12018,OOD_SIGN_INVERSION,NORMAL,RECENCY,False,0.9,0.25,0.5,0.75,1.0,0,
12018,OOD_SIGN_INVERSION,NORMAL,UNIFORM,False,0.75,1.0,1.0,1.0,1.0,0,
12018,OOD_SIGN_INVERSION,NORMAL,MC_CF_SHAPLEY_4,True,0.4549019607843137,1.0859375,0.30078125,0.3046875,0.30078125,2560,
12018,OOD_SIGN_INVERSION,NORMAL,MC_CF_SHAPLEY_16,True,0.35607008760951186,1.0048828125,0.1884765625,0.19921875,0.16796875,10240,
12018,OOD_SIGN_INVERSION,NORMAL,MC_CF_SHAPLEY_64,True,0.21964991530208922,1.01220703125,0.090087890625,0.102294921875,0.092529296875,40960,
12018,OOD_SIGN_INVERSION,NORMAL,TD_ELIGIBILITY_PROXY,False,0.7470611512167075,0.5095913331243052,0.8667314989328553,0.11055721669487524,0.5278019013540214,0,
12018,OOD_SIGN_INVERSION,NORMAL,RANDOM,False,0.9337402268017717,0.11940721304101853,0.22530932280025018,0.5185228124762281,0.9388678319137091,0,
12019,TRAIN_CONFOUNDED,NORMAL,EXACT_CF_SHAPLEY,True,2.818925648462311e-16,1.0,9.396418828207705e-17,9.396418828207705e-17,9.396418828207705e-17,10368,2.220446049250313e-16
12019,TRAIN_CONFOUNDED,NORMAL,OBS_ASSOC,False,0.7193621077316168,0.3867719266853054,0.6960829538389934,0.11487084994779598,0.1804628083565203,0,
12019,TRAIN_CONFOUNDED,NORMAL,RECENCY,False,0.9,0.25,0.5,0.75,1.0,0,
12019,TRAIN_CONFOUNDED,NORMAL,UNIFORM,False,0.75,1.0,1.0,1.0,1.0,0,
12019,TRAIN_CONFOUNDED,NORMAL,MC_CF_SHAPLEY_4,True,0.4849056603773585,1.06640625,0.32421875,0.3203125,0.359375,2560,
12019,TRAIN_CONFOUNDED,NORMAL,MC_CF_SHAPLEY_16,True,0.37892095357590966,0.966796875,0.1845703125,0.208984375,0.1962890625,10240,
12019,TRAIN_CONFOUNDED,NORMAL,MC_CF_SHAPLEY_64,True,0.24429140993113446,1.01806640625,0.11328125,0.10888671875,0.10693359375,40960,
12019,TRAIN_CONFOUNDED,NORMAL,TD_ELIGIBILITY_PROXY,False,0.7851832349806426,0.4217068436775131,0.9575567634700137,0.19518273190493637,0.3886539042619381,0,
12019,TRAIN_CONFOUNDED,NORMAL,RANDOM,False,0.8537559409390942,0.43909454987141383,0.7487800054154664,0.8855962748226948,0.9290070325196716,0,
12019,OOD_WEAK_CONFOUNDER,NORMAL,EXACT_CF_SHAPLEY,True,8.261620554339544e-17,1.0,2.7538735181131813e-17,2.7538735181131813e-17,2.7538735181131813e-17,10368,2.220446049250313e-16
12019,OOD_WEAK_CONFOUNDER,NORMAL,OBS_ASSOC,True,0.45270963920854124,0.9607033378172941,0.08430527954304373,0.13510713382368772,0.5752656818600028,0,
12019,OOD_WEAK_CONFOUNDER,NORMAL,RECENCY,False,0.9,0.25,0.5,0.75,1.0,0,
12019,OOD_WEAK_CONFOUNDER,NORMAL,UNIFORM,False,0.75,1.0,1.0,1.0,1.0,0,
12019,OOD_WEAK_CONFOUNDER,NORMAL,MC_CF_SHAPLEY_4,True,0.512962962962963,1.02734375,0.359375,0.37109375,0.3515625,2560,
12019,OOD_WEAK_CONFOUNDER,NORMAL,MC_CF_SHAPLEY_16,True,0.36981358989777513,1.0234375,0.193359375,0.197265625,0.2099609375,10240,
12019,OOD_WEAK_CONFOUNDER,NORMAL,MC_CF_SHAPLEY_64,True,0.22547332185886404,0.98876953125,0.0986328125,0.10595703125,0.083251953125,40960,
12019,OOD_WEAK_CONFOUNDER,NORMAL,TD_ELIGIBILITY_PROXY,False,0.6002492587318206,0.5228441006179486,0.05746447800115077,0.11433808917726276,0.6132786132406776,0,
12019,OOD_WEAK_CONFOUNDER,NORMAL,RANDOM,True,0.5375790120449736,0.926381756196688,0.014298399692462604,0.21043445581588527,0.8522152118253467,0,
12019,OOD_SIGN_INVERSION,NORMAL,EXACT_CF_SHAPLEY,True,2.748994608336996e-16,1.0,9.163315361123321e-17,9.163315361123321e-17,9.163315361123321e-17,10368,2.220446049250313e-16
12019,OOD_SIGN_INVERSION,NORMAL,OBS_ASSOC,False,0.690057837970401,0.43149321791425194,0.6899447644096893,0.045076184904118854,0.2256591824340132,0,
12019,OOD_SIGN_INVERSION,NORMAL,RECENCY,False,0.9,0.25,0.5,0.75,1.0,0,
12019,OOD_SIGN_INVERSION,NORMAL,UNIFORM,False,0.75,1.0,1.0,1.0,1.0,0,
12019,OOD_SIGN_INVERSION,NORMAL,MC_CF_SHAPLEY_4,True,0.5479704797047971,0.95703125,0.3828125,0.40234375,0.375,2560,
12019,OOD_SIGN_INVERSION,NORMAL,MC_CF_SHAPLEY_16,True,0.3879976232917409,1.005859375,0.2001953125,0.2138671875,0.2236328125,10240,
12019,OOD_SIGN_INVERSION,NORMAL,MC_CF_SHAPLEY_64,True,0.2361933881138926,0.975830078125,0.094970703125,0.10009765625,0.106689453125,40960,
12019,OOD_SIGN_INVERSION,NORMAL,TD_ELIGIBILITY_PROXY,False,0.7608667490096329,0.35773025852204055,0.714999995049906,0.05781821794978414,0.36539681020093084,0,
12019,OOD_SIGN_INVERSION,NORMAL,RANDOM,False,0.9383397015521624,0.07518158634911465,0.5815605938358552,0.005137039199739624,0.5574075541412977,0,
12020,TRAIN_CONFOUNDED,NORMAL,EXACT_CF_SHAPLEY,True,2.9338510787457745e-16,1.0,9.77950359581925e-17,9.77950359581925e-17,9.77950359581925e-17,10368,2.220446049250313e-16
12020,TRAIN_CONFOUNDED,NORMAL,OBS_ASSOC,False,0.6880204491793673,0.4772042521430661,0.7734849512558617,0.06429099242900588,0.2146208658051945,0,
12020,TRAIN_CONFOUNDED,NORMAL,RECENCY,False,0.9,0.25,0.5,0.75,1.0,0,
12020,TRAIN_CONFOUNDED,NORMAL,UNIFORM,False,0.75,1.0,1.0,1.0,1.0,0,
12020,TRAIN_CONFOUNDED,NORMAL,MC_CF_SHAPLEY_4,True,0.49074074074074076,1.07421875,0.33203125,0.35546875,0.34765625,2560,
12020,TRAIN_CONFOUNDED,NORMAL,MC_CF_SHAPLEY_16,True,0.3740085417937767,1.001953125,0.1904296875,0.19921875,0.208984375,10240,
12020,TRAIN_CONFOUNDED,NORMAL,MC_CF_SHAPLEY_64,True,0.22258003409736693,1.001953125,0.0927734375,0.10009765625,0.093994140625,40960,
12020,TRAIN_CONFOUNDED,NORMAL,TD_ELIGIBILITY_PROXY,False,0.756090067442191,0.5603392330131086,1.1276298168083134,0.1175648733332809,0.49178635050944053,0,
12020,TRAIN_CONFOUNDED,NORMAL,RANDOM,False,0.7832672201041009,0.5801154205283335,0.3162277575192036,0.9998343791588019,0.7804614856139216,0,
12020,OOD_WEAK_CONFOUNDER,NORMAL,EXACT_CF_SHAPLEY,True,7.827939685345342e-17,1.0,2.6093132284484472e-17,2.6093132284484472e-17,2.6093132284484472e-17,10368,2.220446049250313e-16
12020,OOD_WEAK_CONFOUNDER,NORMAL,OBS_ASSOC,True,0.4410789855091345,0.949612645140362,0.0657192479953257,0.10320085013853444,0.5804777081495571,0,
12020,OOD_WEAK_CONFOUNDER,NORMAL,RECENCY,False,0.9,0.25,0.5,0.75,1.0,0,
12020,OOD_WEAK_CONFOUNDER,NORMAL,UNIFORM,False,0.75,1.0,1.0,1.0,1.0,0,
12020,OOD_WEAK_CONFOUNDER,NORMAL,MC_CF_SHAPLEY_4,True,0.5028462998102466,1.0234375,0.328125,0.39453125,0.3125,2560,
12020,OOD_WEAK_CONFOUNDER,NORMAL,MC_CF_SHAPLEY_16,True,0.36029869321717484,1.00390625,0.1943359375,0.171875,0.19921875,10240,
12020,OOD_WEAK_CONFOUNDER,NORMAL,MC_CF_SHAPLEY_64,True,0.22654028436018958,0.99609375,0.096923828125,0.1015625,0.09326171875,40960,
12020,OOD_WEAK_CONFOUNDER,NORMAL,TD_ELIGIBILITY_PROXY,False,0.5921558439968322,0.494015054899856,0.04282013783669509,0.08348466453984922,0.5909640305231808,0,
12020,OOD_WEAK_CONFOUNDER,NORMAL,RANDOM,False,0.8889762924668406,0.23600109136004643,0.8874262411325097,0.44902366303970964,0.5532309565819734,0,
12020,OOD_SIGN_INVERSION,NORMAL,EXACT_CF_SHAPLEY,True,2.593411596585326e-16,1.0,8.644705321951089e-17,8.644705321951089e-17,8.644705321951089e-17,10368,2.220446049250313e-16
12020,OOD_SIGN_INVERSION,NORMAL,OBS_ASSOC,False,0.6518920165352556,0.5041779352028404,0.6702455105890681,0.07266144933012803,0.20125285968818185,0,
12020,OOD_SIGN_INVERSION,NORMAL,RECENCY,False,0.9,0.25,0.5,0.75,1.0,0,
12020,OOD_SIGN_INVERSION,NORMAL,UNIFORM,False,0.75,1.0,1.0,1.0,1.0,0,
12020,OOD_SIGN_INVERSION,NORMAL,MC_CF_SHAPLEY_4,True,0.5490981963927856,0.87890625,0.30078125,0.40625,0.36328125,2560,
12020,OOD_SIGN_INVERSION,NORMAL,MC_CF_SHAPLEY_16,True,0.35950155763239877,1.00390625,0.197265625,0.197265625,0.1689453125,10240,
12020,OOD_SIGN_INVERSION,NORMAL,MC_CF_SHAPLEY_64,True,0.22356495468277945,1.00390625,0.0830078125,0.10693359375,0.09912109375,40960,
12020,OOD_SIGN_INVERSION,NORMAL,TD_ELIGIBILITY_PROXY,False,0.7271760705131445,0.45208041376728575,0.7505913338331369,0.10191394047426115,0.3524552269857628,0,
12020,OOD_SIGN_INVERSION,NORMAL,RANDOM,True,0.6190201911741534,0.9265927463147943,0.6261983621476876,0.1578257275391305,0.7215140141095501,0,
12021,TRAIN_CONFOUNDED,NORMAL,EXACT_CF_SHAPLEY,True,2.6996634094889055e-16,1.0,8.998878031629687e-17,8.998878031629687e-17,8.998878031629687e-17,10368,2.220446049250313e-16
12021,TRAIN_CONFOUNDED,NORMAL,OBS_ASSOC,False,0.703407643386138,0.42291888063866995,0.7483661018056771,0.0062474228522176895,0.24839402607561795,0,
12021,TRAIN_CONFOUNDED,NORMAL,RECENCY,False,0.9,0.25,0.5,0.75,1.0,0,
12021,TRAIN_CONFOUNDED,NORMAL,UNIFORM,False,0.75,1.0,1.0,1.0,1.0,0,
12021,TRAIN_CONFOUNDED,NORMAL,MC_CF_SHAPLEY_4,True,0.5074074074074074,1.0390625,0.33203125,0.35546875,0.3828125,2560,
12021,TRAIN_CONFOUNDED,NORMAL,MC_CF_SHAPLEY_16,True,0.3773696682464455,1.0263671875,0.2109375,0.19140625,0.2197265625,10240,
12021,TRAIN_CONFOUNDED,NORMAL,MC_CF_SHAPLEY_64,True,0.23962194217939214,1.001708984375,0.09521484375,0.115234375,0.105224609375,40960,
12021,TRAIN_CONFOUNDED,NORMAL,TD_ELIGIBILITY_PROXY,False,0.7688089755917971,0.46797130078322957,1.010163370971833,0.010790919173123642,0.535250312877469,0,
12021,TRAIN_CONFOUNDED,NORMAL,RANDOM,False,0.9189256345074995,0.1764515500026591,0.7503038338796768,0.6579936954260857,0.5916669670062558,0,
12021,OOD_WEAK_CONFOUNDER,NORMAL,EXACT_CF_SHAPLEY,True,7.231628490478315e-17,1.0,2.4105428301594383e-17,2.4105428301594383e-17,2.4105428301594383e-17,10368,2.220446049250313e-16
12021,OOD_WEAK_CONFOUNDER,NORMAL,OBS_ASSOC,True,0.41673319968186684,0.9586472780862236,0.12555331970199823,0.03072743853451142,0.5286547590006855,0,
12021,OOD_WEAK_CONFOUNDER,NORMAL,RECENCY,False,0.9,0.25,0.5,0.75,1.0,0,
12021,OOD_WEAK_CONFOUNDER,NORMAL,UNIFORM,False,0.75,1.0,1.0,1.0,1.0,0,
12021,OOD_WEAK_CONFOUNDER,NORMAL,MC_CF_SHAPLEY_4,True,0.5164835164835165,1.03125,0.375,0.3828125,0.34375,2560,
12021,OOD_WEAK_CONFOUNDER,NORMAL,MC_CF_SHAPLEY_16,True,0.37004950495049505,0.994140625,0.19140625,0.2001953125,0.1923828125,10240,
12021,OOD_WEAK_CONFOUNDER,NORMAL,MC_CF_SHAPLEY_64,True,0.21635531833778116,1.003662109375,0.091552734375,0.106201171875,0.079345703125,40960,
12021,OOD_WEAK_CONFOUNDER,NORMAL,TD_ELIGIBILITY_PROXY,False,0.565916779859859,0.49464438593493465,0.08197598944953595,0.024558302034611408,0.5383364270238905,0,
12021,OOD_WEAK_CONFOUNDER,NORMAL,RANDOM,True,0.6628168327523539,0.9352988104684378,0.8632040686390391,0.21355709963006142,0.7617997548401527,0,
12021,OOD_SIGN_INVERSION,NORMAL,EXACT_CF_SHAPLEY,True,2.3478398045173594e-16,1.0,7.826132681724533e-17,7.826132681724533e-17,7.826132681724533e-17,10368,2.220446049250313e-16
12021,OOD_SIGN_INVERSION,NORMAL,OBS_ASSOC,False,0.6777543468881906,0.4884195156439397,0.6704399957249921,0.04334421596573497,0.3134707617622367,0,
12021,OOD_SIGN_INVERSION,NORMAL,RECENCY,False,0.9,0.25,0.5,0.75,1.0,0,
12021,OOD_SIGN_INVERSION,NORMAL,UNIFORM,False,0.75,1.0,1.0,1.0,1.0,0,
12021,OOD_SIGN_INVERSION,NORMAL,MC_CF_SHAPLEY_4,True,0.5272407732864675,1.05078125,0.4140625,0.375,0.3828125,2560,
12021,OOD_SIGN_INVERSION,NORMAL,MC_CF_SHAPLEY_16,True,0.39138134592680046,1.0068359375,0.2373046875,0.2138671875,0.1962890625,10240,
12021,OOD_SIGN_INVERSION,NORMAL,MC_CF_SHAPLEY_64,True,0.22357183526285823,0.998779296875,0.0947265625,0.093505859375,0.099365234375,40960,
12021,OOD_SIGN_INVERSION,NORMAL,TD_ELIGIBILITY_PROXY,False,0.7562669657045482,0.42560839902401065,0.7256601035486915,0.059255932669196,0.535682845417853,0,
12021,OOD_SIGN_INVERSION,NORMAL,RANDOM,False,0.9938662683129666,0.00573171606342715,0.03891306932178862,0.4232708683808091,0.46654257751655925,0,
12022,TRAIN_CONFOUNDED,NORMAL,EXACT_CF_SHAPLEY,True,2.619432448724978e-16,1.0,8.73144149574993e-17,8.73144149574993e-17,8.73144149574993e-17,10368,2.220446049250313e-16
12022,TRAIN_CONFOUNDED,NORMAL,OBS_ASSOC,False,0.6864354448507117,0.4800553621020783,0.6778711827255508,0.02913122685415016,0.34390404851988066,0,
12022,TRAIN_CONFOUNDED,NORMAL,RECENCY,False,0.9,0.25,0.5,0.75,1.0,0,
12022,TRAIN_CONFOUNDED,NORMAL,UNIFORM,False,0.75,1.0,1.0,1.0,1.0,0,
12022,TRAIN_CONFOUNDED,NORMAL,MC_CF_SHAPLEY_4,True,0.5383177570093458,0.96484375,0.40234375,0.38671875,0.3359375,2560,
12022,TRAIN_CONFOUNDED,NORMAL,MC_CF_SHAPLEY_16,True,0.376865671641791,0.978515625,0.1962890625,0.205078125,0.1904296875,10240,
12022,TRAIN_CONFOUNDED,NORMAL,MC_CF_SHAPLEY_64,True,0.23018867924528302,0.99609375,0.095458984375,0.1005859375,0.101806640625,40960,
12022,TRAIN_CONFOUNDED,NORMAL,TD_ELIGIBILITY_PROXY,False,0.7632685506994795,0.5300322366677627,0.9170568852070616,0.05025621308931563,0.7416146267725422,0,
12022,TRAIN_CONFOUNDED,NORMAL,RANDOM,False,0.7476104406402616,0.5128170363793165,0.4848560812088648,0.9581651468795962,0.0760090024327642,0,
12022,OOD_WEAK_CONFOUNDER,NORMAL,EXACT_CF_SHAPLEY,True,7.925517880869037e-17,1.0,2.6418392936230124e-17,2.6418392936230124e-17,2.6418392936230124e-17,10368,2.220446049250313e-16
12022,OOD_WEAK_CONFOUNDER,NORMAL,OBS_ASSOC,True,0.4484318767982137,0.9559308693750513,0.19673785723539242,0.017451231546262467,0.5629948270596478,0,
12022,OOD_WEAK_CONFOUNDER,NORMAL,RECENCY,False,0.9,0.25,0.5,0.75,1.0,0,
12022,OOD_WEAK_CONFOUNDER,NORMAL,UNIFORM,False,0.75,1.0,1.0,1.0,1.0,0,
12022,OOD_WEAK_CONFOUNDER,NORMAL,MC_CF_SHAPLEY_4,True,0.512962962962963,1.02734375,0.38671875,0.328125,0.3671875,2560,
12022,OOD_WEAK_CONFOUNDER,NORMAL,MC_CF_SHAPLEY_16,True,0.36609955891619406,0.982421875,0.1982421875,0.1962890625,0.1728515625,10240,
12022,OOD_WEAK_CONFOUNDER,NORMAL,MC_CF_SHAPLEY_64,True,0.22277227722772278,0.99658203125,0.0908203125,0.08935546875,0.10546875,40960,
12022,OOD_WEAK_CONFOUNDER,NORMAL,TD_ELIGIBILITY_PROXY,False,0.5885180576739318,0.5020444303186039,0.12915571175457746,0.014223933618794309,0.5746645325239638,0,
12022,OOD_WEAK_CONFOUNDER,NORMAL,RANDOM,False,0.8974943255601617,0.1809696397270114,0.4895048465133617,0.9825168790507152,0.11246835892373541,0,
12022,OOD_SIGN_INVERSION,NORMAL,EXACT_CF_SHAPLEY,True,2.589616888981627e-16,1.0,8.632056296605424e-17,8.632056296605424e-17,8.632056296605424e-17,10368,2.220446049250313e-16
12022,OOD_SIGN_INVERSION,NORMAL,OBS_ASSOC,False,0.6814008740428227,0.5044650842717743,0.6672215191250931,0.026545714551845675,0.38515270470693364,0,
12022,OOD_SIGN_INVERSION,NORMAL,RECENCY,False,0.9,0.25,0.5,0.75,1.0,0,
12022,OOD_SIGN_INVERSION,NORMAL,UNIFORM,False,0.75,1.0,1.0,1.0,1.0,0,
12022,OOD_SIGN_INVERSION,NORMAL,MC_CF_SHAPLEY_4,True,0.5257142857142857,0.97265625,0.3203125,0.37890625,0.37890625,2560,
12022,OOD_SIGN_INVERSION,NORMAL,MC_CF_SHAPLEY_16,True,0.36867763558805605,1.01171875,0.1923828125,0.2001953125,0.1982421875,10240,
12022,OOD_SIGN_INVERSION,NORMAL,MC_CF_SHAPLEY_64,True,0.22673531655225018,0.989990234375,0.09765625,0.0947265625,0.097900390625,40960,
12022,OOD_SIGN_INVERSION,NORMAL,TD_ELIGIBILITY_PROXY,False,0.7633747646734343,0.4478407941857751,0.7404105465846308,0.03655101435959315,0.6678140159333479,0,
12022,OOD_SIGN_INVERSION,NORMAL,RANDOM,False,0.8835508668452092,0.22910955244779652,0.8751044394046863,0.8125107419306032,0.050739911430299434,0,
12023,TRAIN_CONFOUNDED,NORMAL,EXACT_CF_SHAPLEY,True,2.827599265842195e-16,1.0,9.425330886140652e-17,9.425330886140652e-17,9.425330886140652e-17,10368,2.220446049250313e-16
12023,TRAIN_CONFOUNDED,NORMAL,OBS_ASSOC,False,0.689448803661381,0.4842754365498136,0.7268536575732853,0.01139011784236578,0.33688690934204785,0,
12023,TRAIN_CONFOUNDED,NORMAL,RECENCY,False,0.9,0.25,0.5,0.75,1.0,0,
12023,TRAIN_CONFOUNDED,NORMAL,UNIFORM,False,0.75,1.0,1.0,1.0,1.0,0,
12023,TRAIN_CONFOUNDED,NORMAL,MC_CF_SHAPLEY_4,True,0.5089820359281437,0.9609375,0.328125,0.296875,0.37109375,2560,
12023,TRAIN_CONFOUNDED,NORMAL,MC_CF_SHAPLEY_16,True,0.3691931540342298,1.0078125,0.212890625,0.193359375,0.18359375,10240,
12023,TRAIN_CONFOUNDED,NORMAL,MC_CF_SHAPLEY_64,True,0.23694267515923567,1.023681640625,0.11181640625,0.1103515625,0.095703125,40960,
12023,TRAIN_CONFOUNDED,NORMAL,TD_ELIGIBILITY_PROXY,False,0.7647269758786136,0.5693314290941563,1.0653994042890322,0.020725066053880754,0.7644196099643668,0,
12023,TRAIN_CONFOUNDED,NORMAL,RANDOM,True,0.6767348197078515,0.8082642273742352,0.12485869270148686,0.7824991926564765,0.7846911800380659,0,
12023,OOD_WEAK_CONFOUNDER,NORMAL,EXACT_CF_SHAPLEY,True,9.248244531301353e-17,1.0,3.082748177100451e-17,3.082748177100451e-17,3.082748177100451e-17,10368,2.220446049250313e-16
12023,OOD_WEAK_CONFOUNDER,NORMAL,OBS_ASSOC,True,0.4330844669213985,0.9452238226471782,0.08967763094853214,0.10226577036536154,0.5301425735218014,0,
12023,OOD_WEAK_CONFOUNDER,NORMAL,RECENCY,False,0.9,0.25,0.5,0.75,1.0,0,
12023,OOD_WEAK_CONFOUNDER,NORMAL,UNIFORM,False,0.75,1.0,1.0,1.0,1.0,0,
12023,OOD_WEAK_CONFOUNDER,NORMAL,MC_CF_SHAPLEY_4,True,0.5314814814814814,0.98828125,0.40234375,0.3671875,0.3515625,2560,
12023,OOD_WEAK_CONFOUNDER,NORMAL,MC_CF_SHAPLEY_16,True,0.3601246105919003,1.0029296875,0.197265625,0.1953125,0.171875,10240,
12023,OOD_WEAK_CONFOUNDER,NORMAL,MC_CF_SHAPLEY_64,True,0.22692379704175247,1.008056640625,0.106201171875,0.09375,0.095947265625,40960,
12023,OOD_WEAK_CONFOUNDER,NORMAL,TD_ELIGIBILITY_PROXY,False,0.5804258909922366,0.507202600826541,0.06015073700437747,0.08561688097314205,0.5558808278584881,0,
12023,OOD_WEAK_CONFOUNDER,NORMAL,RANDOM,True,0.5725732861566772,0.4436565324376347,0.19162038050830654,0.019150129359637336,0.38354395498744787,0,
12023,OOD_SIGN_INVERSION,NORMAL,EXACT_CF_SHAPLEY,True,2.825972962583467e-16,1.0,9.419909875278224e-17,9.419909875278224e-17,9.419909875278224e-17,10368,2.220446049250313e-16
12023,OOD_SIGN_INVERSION,NORMAL,OBS_ASSOC,False,0.6625884119689182,0.6089454318284732,0.6541102771284235,0.019485071123977526,0.5222147571604195,0,
12023,OOD_SIGN_INVERSION,NORMAL,RECENCY,False,0.9,0.25,0.5,0.75,1.0,0,
12023,OOD_SIGN_INVERSION,NORMAL,UNIFORM,False,0.75,1.0,1.0,1.0,1.0,0,
12023,OOD_SIGN_INVERSION,NORMAL,MC_CF_SHAPLEY_4,True,0.5467625899280576,0.984375,0.37109375,0.390625,0.42578125,2560,
12023,OOD_SIGN_INVERSION,NORMAL,MC_CF_SHAPLEY_16,True,0.37600994406463645,0.98046875,0.205078125,0.2041015625,0.181640625,10240,
12023,OOD_SIGN_INVERSION,NORMAL,MC_CF_SHAPLEY_64,True,0.22814258911819887,1.00439453125,0.0927734375,0.108642578125,0.095458984375,40960,
12023,OOD_SIGN_INVERSION,NORMAL,TD_ELIGIBILITY_PROXY,False,0.7542050823695515,0.5860165857371066,0.7873321943614646,0.029273949214181597,0.9815461191993218,0,
12023,OOD_SIGN_INVERSION,NORMAL,RANDOM,True,0.5217692575182495,0.8663446871064961,0.45386048455920547,0.4160589132723862,0.07529801291168847,0,
12024,TRAIN_CONFOUNDED,NORMAL,EXACT_CF_SHAPLEY,True,2.9316826744008035e-16,1.0,9.772275581336014e-17,9.772275581336014e-17,9.772275581336014e-17,10368,2.220446049250313e-16
12024,TRAIN_CONFOUNDED,NORMAL,OBS_ASSOC,False,0.757103846331935,0.39780848800048985,0.7628517361196314,0.23827311877334006,0.23883852789591176,0,
12024,TRAIN_CONFOUNDED,NORMAL,RECENCY,False,0.9,0.25,0.5,0.75,1.0,0,
12024,TRAIN_CONFOUNDED,NORMAL,UNIFORM,False,0.75,1.0,1.0,1.0,1.0,0,
12024,TRAIN_CONFOUNDED,NORMAL,MC_CF_SHAPLEY_4,True,0.5254545454545455,1.01953125,0.3828125,0.41015625,0.3359375,2560,
12024,TRAIN_CONFOUNDED,NORMAL,MC_CF_SHAPLEY_16,True,0.3775959723096287,0.9658203125,0.1884765625,0.1923828125,0.205078125,10240,
12024,TRAIN_CONFOUNDED,NORMAL,MC_CF_SHAPLEY_64,True,0.23950204384986995,0.999267578125,0.10107421875,0.107177734375,0.1064453125,40960,
12024,TRAIN_CONFOUNDED,NORMAL,TD_ELIGIBILITY_PROXY,False,0.8169616396725741,0.4316599107769218,1.017475527510153,0.403982680629857,0.5051848619705306,0,
12024,TRAIN_CONFOUNDED,NORMAL,RANDOM,True,0.2500056468234489,0.807668499611048,0.023789961341265653,0.14664814141099558,0.09879283853277476,0,
12024,OOD_WEAK_CONFOUNDER,NORMAL,EXACT_CF_SHAPLEY,True,8.53267109746092e-17,1.0,2.84422369915364e-17,2.84422369915364e-17,2.84422369915364e-17,10368,2.220446049250313e-16
12024,OOD_WEAK_CONFOUNDER,NORMAL,OBS_ASSOC,True,0.4686726492263201,0.954322404026156,0.21903304412716368,0.08231009737191353,0.5404445222823845,0,
12024,OOD_WEAK_CONFOUNDER,NORMAL,RECENCY,False,0.9,0.25,0.5,0.75,1.0,0,
12024,OOD_WEAK_CONFOUNDER,NORMAL,UNIFORM,False,0.75,1.0,1.0,1.0,1.0,0,
12024,OOD_WEAK_CONFOUNDER,NORMAL,MC_CF_SHAPLEY_4,True,0.4990892531876138,1.07421875,0.3515625,0.3671875,0.3515625,2560,
12024,OOD_WEAK_CONFOUNDER,NORMAL,MC_CF_SHAPLEY_16,True,0.3729763387297634,0.9833984375,0.2109375,0.181640625,0.1923828125,10240,
12024,OOD_WEAK_CONFOUNDER,NORMAL,MC_CF_SHAPLEY_64,True,0.21936573465941078,1.015625,0.1044921875,0.08984375,0.091064453125,40960,
12024,OOD_WEAK_CONFOUNDER,NORMAL,TD_ELIGIBILITY_PROXY,False,0.6043216863697832,0.48873957807051366,0.14267943686417184,0.06675903959988225,0.537016196033503,0,
12024,OOD_WEAK_CONFOUNDER,NORMAL,RANDOM,False,0.7164542866324498,0.7526262399740014,0.5923944967122264,0.855665658772458,0.4536518804947184,0,
12024,OOD_SIGN_INVERSION,NORMAL,EXACT_CF_SHAPLEY,True,2.653042716072029e-16,0.9999999999999999,8.843475720240097e-17,8.843475720240097e-17,8.843475720240097e-17,10368,2.220446049250313e-16
12024,OOD_SIGN_INVERSION,NORMAL,OBS_ASSOC,False,0.6693782626811151,0.47996865636796693,0.7180331808106272,0.018362329419430116,0.2353511993067793,0,
12024,OOD_SIGN_INVERSION,NORMAL,RECENCY,False,0.9,0.25,0.5,0.75,1.0,0,
12024,OOD_SIGN_INVERSION,NORMAL,UNIFORM,False,0.75,1.0,1.0,1.0,1.0,0,
12024,OOD_SIGN_INVERSION,NORMAL,MC_CF_SHAPLEY_4,True,0.4962264150943396,1.04296875,0.359375,0.36328125,0.3046875,2560,
12024,OOD_SIGN_INVERSION,NORMAL,MC_CF_SHAPLEY_16,True,0.37507827175954916,0.974609375,0.1845703125,0.2041015625,0.1962890625,10240,
12024,OOD_SIGN_INVERSION,NORMAL,MC_CF_SHAPLEY_64,True,0.22966867469879518,0.9990234375,0.114501953125,0.09619140625,0.087158203125,40960,
12024,OOD_SIGN_INVERSION,NORMAL,TD_ELIGIBILITY_PROXY,False,0.74352670582939,0.42291421263911033,0.7939601875002581,0.025314813832736118,0.40677082300461553,0,
12024,OOD_SIGN_INVERSION,NORMAL,RANDOM,False,0.9987874312366014,0.001791245518967921,0.3909781691288403,0.5525156922523102,0.5319470081241681,0,
12025,TRAIN_CONFOUNDED,NORMAL,EXACT_CF_SHAPLEY,True,2.980471772162651e-16,1.0,9.934905907208839e-17,9.934905907208839e-17,9.934905907208839e-17,10368,2.220446049250313e-16
12025,TRAIN_CONFOUNDED,NORMAL,OBS_ASSOC,False,0.7344522958852525,0.3768821444127624,0.743694714624749,0.035912610205949505,0.26277395714980734,0,
12025,TRAIN_CONFOUNDED,NORMAL,RECENCY,False,0.9,0.25,0.5,0.75,1.0,0,
12025,TRAIN_CONFOUNDED,NORMAL,UNIFORM,False,0.75,1.0,1.0,1.0,1.0,0,
12025,TRAIN_CONFOUNDED,NORMAL,MC_CF_SHAPLEY_4,True,0.48823529411764705,1.01953125,0.33203125,0.3203125,0.3203125,2560,
12025,TRAIN_CONFOUNDED,NORMAL,MC_CF_SHAPLEY_16,True,0.37203495630461925,0.982421875,0.1923828125,0.1904296875,0.19921875,10240,
12025,TRAIN_CONFOUNDED,NORMAL,MC_CF_SHAPLEY_64,True,0.23309675009338812,1.00244140625,0.10546875,0.098876953125,0.100341796875,40960,
12025,TRAIN_CONFOUNDED,NORMAL,TD_ELIGIBILITY_PROXY,False,0.798951142304734,0.4050860936380255,0.9972285702576358,0.060371699821717376,0.5521775767284959,0,
12025,TRAIN_CONFOUNDED,NORMAL,RANDOM,True,0.5009301760803127,0.941288988020497,0.8458306914772377,0.07628820675967984,0.022678875365691686,0,
12025,OOD_WEAK_CONFOUNDER,NORMAL,EXACT_CF_SHAPLEY,True,8.326672684688674e-17,1.0,2.7755575615628914e-17,2.7755575615628914e-17,2.7755575615628914e-17,10368,2.220446049250313e-16
12025,OOD_WEAK_CONFOUNDER,NORMAL,OBS_ASSOC,True,0.4745397706928949,0.9473819879815628,0.16467999156904423,0.04047039379243396,0.6504242257335859,0,
12025,OOD_WEAK_CONFOUNDER,NORMAL,RECENCY,False,0.9,0.25,0.5,0.75,1.0,0,
12025,OOD_WEAK_CONFOUNDER,NORMAL,UNIFORM,False,0.75,1.0,1.0,1.0,1.0,0,
12025,OOD_WEAK_CONFOUNDER,NORMAL,MC_CF_SHAPLEY_4,True,0.5069033530571992,0.9765625,0.3359375,0.30078125,0.3671875,2560,
12025,OOD_WEAK_CONFOUNDER,NORMAL,MC_CF_SHAPLEY_16,True,0.3799048751486326,1.0185546875,0.1943359375,0.20703125,0.22265625,10240,
12025,OOD_WEAK_CONFOUNDER,NORMAL,MC_CF_SHAPLEY_64,True,0.22757443580504458,0.994384765625,0.10107421875,0.10107421875,0.0908203125,40960,
12025,OOD_WEAK_CONFOUNDER,NORMAL,TD_ELIGIBILITY_PROXY,False,0.6212630552346797,0.4906933079296573,0.10763682988173759,0.033016404347693956,0.6642580053024993,0,
12025,OOD_WEAK_CONFOUNDER,NORMAL,RANDOM,False,0.6309617066741365,0.5108863653241149,0.5999124832103869,0.2161945797077257,0.05737880240051141,0,
12025,OOD_SIGN_INVERSION,NORMAL,EXACT_CF_SHAPLEY,True,2.831936074532137e-16,0.9999999999999999,9.439786915107125e-17,9.439786915107125e-17,9.439786915107125e-17,10368,2.220446049250313e-16
12025,OOD_SIGN_INVERSION,NORMAL,OBS_ASSOC,False,0.6762361125044345,0.5764045895158267,0.7969579754136893,0.13998063288129098,0.2669807103759005,0,
12025,OOD_SIGN_INVERSION,NORMAL,RECENCY,False,0.9,0.25,0.5,0.75,1.0,0,
12025,OOD_SIGN_INVERSION,NORMAL,UNIFORM,False,0.75,1.0,1.0,1.0,1.0,0,
12025,OOD_SIGN_INVERSION,NORMAL,MC_CF_SHAPLEY_4,True,0.47713717693836977,1.02734375,0.30859375,0.328125,0.30078125,2560,
12025,OOD_SIGN_INVERSION,NORMAL,MC_CF_SHAPLEY_16,True,0.37395228884590587,0.9482421875,0.18359375,0.173828125,0.208984375,10240,
12025,OOD_SIGN_INVERSION,NORMAL,MC_CF_SHAPLEY_64,True,0.2310838445807771,1.009765625,0.09130859375,0.108154296875,0.10400390625,40960,
12025,OOD_SIGN_INVERSION,NORMAL,TD_ELIGIBILITY_PROXY,False,0.7501835995840522,0.5262257077120709,0.9094735326906443,0.1979124273714976,0.4728381363054939,0,
12025,OOD_SIGN_INVERSION,NORMAL,RANDOM,False,0.6456425841696186,0.9600816124010968,0.9613141815941352,0.7597126863052902,0.028250967282351436,0,
12026,TRAIN_CONFOUNDED,NORMAL,EXACT_CF_SHAPLEY,True,3.05311331771918e-16,0.9999999999999999,1.0177044392397268e-16,1.0177044392397268e-16,1.0177044392397268e-16,10368,2.220446049250313e-16
12026,TRAIN_CONFOUNDED,NORMAL,OBS_ASSOC,False,0.7280841226369367,0.41034867369562417,0.7391621458443269,0.05495709224812053,0.3046336444543563,0,
12026,TRAIN_CONFOUNDED,NORMAL,RECENCY,False,0.9,0.25,0.5,0.75,1.0,0,
12026,TRAIN_CONFOUNDED,NORMAL,UNIFORM,False,0.75,1.0,1.0,1.0,1.0,0,
12026,TRAIN_CONFOUNDED,NORMAL,MC_CF_SHAPLEY_4,True,0.496309963099631,1.06640625,0.3515625,0.36328125,0.3359375,2560,
12026,TRAIN_CONFOUNDED,NORMAL,MC_CF_SHAPLEY_16,True,0.3684210526315789,0.99609375,0.208984375,0.1962890625,0.17578125,10240,
12026,TRAIN_CONFOUNDED,NORMAL,MC_CF_SHAPLEY_64,True,0.2250518770043388,1.0029296875,0.094970703125,0.093994140625,0.102294921875,40960,
12026,TRAIN_CONFOUNDED,NORMAL,TD_ELIGIBILITY_PROXY,False,0.7976168688386188,0.4632882465113442,1.0524646627294285,0.09790980801136429,0.6755016209649459,0,
12026,TRAIN_CONFOUNDED,NORMAL,RANDOM,False,0.6905243829656325,0.33674543951140834,0.3768398642316664,0.2934096051230273,0.08112131411249979,0,
12026,OOD_WEAK_CONFOUNDER,NORMAL,EXACT_CF_SHAPLEY,True,8.033938098117588e-17,1.0,2.677979366039196e-17,2.677979366039196e-17,2.677979366039196e-17,10368,2.220446049250313e-16
12026,OOD_WEAK_CONFOUNDER,NORMAL,OBS_ASSOC,True,0.5018514009098355,0.9568105465248931,0.15737518517212817,0.10501396809063339,0.701533487603506,0,
12026,OOD_WEAK_CONFOUNDER,NORMAL,RECENCY,False,0.9,0.25,0.5,0.75,1.0,0,
12026,OOD_WEAK_CONFOUNDER,NORMAL,UNIFORM,False,0.75,1.0,1.0,1.0,1.0,0,
12026,OOD_WEAK_CONFOUNDER,NORMAL,MC_CF_SHAPLEY_4,True,0.5056818181818182,1.01953125,0.3046875,0.375,0.36328125,2560,
12026,OOD_WEAK_CONFOUNDER,NORMAL,MC_CF_SHAPLEY_16,True,0.37630448127685695,0.9921875,0.197265625,0.2080078125,0.193359375,10240,
12026,OOD_WEAK_CONFOUNDER,NORMAL,MC_CF_SHAPLEY_64,True,0.22279594568751196,0.9921875,0.104248046875,0.09423828125,0.0859375,40960,
12026,OOD_WEAK_CONFOUNDER,NORMAL,TD_ELIGIBILITY_PROXY,False,0.6430853119501718,0.5298328769479532,0.10871997013136613,0.08950939823884434,0.7564182052986077,0,
12026,OOD_WEAK_CONFOUNDER,NORMAL,RANDOM,False,0.8397379859094901,0.3410256535973808,0.7228553612489056,0.644051279687437,0.4199933747691893,0,
12026,OOD_SIGN_INVERSION,NORMAL,EXACT_CF_SHAPLEY,True,2.6253955606736485e-16,1.0,8.75131853557883e-17,8.75131853557883e-17,8.75131853557883e-17,10368,2.220446049250313e-16
12026,OOD_SIGN_INVERSION,NORMAL,OBS_ASSOC,False,0.6382113678054986,0.5489479084632545,0.7126792817464277,0.002613435230430661,0.2530760053603107,0,
12026,OOD_SIGN_INVERSION,NORMAL,RECENCY,False,0.9,0.25,0.5,0.75,1.0,0,
12026,OOD_SIGN_INVERSION,NORMAL,UNIFORM,False,0.75,1.0,1.0,1.0,1.0,0,
12026,OOD_SIGN_INVERSION,NORMAL,MC_CF_SHAPLEY_4,True,0.5183044315992292,0.9765625,0.34765625,0.35546875,0.34765625,2560,
12026,OOD_SIGN_INVERSION,NORMAL,MC_CF_SHAPLEY_16,True,0.3560466543891958,1.0244140625,0.1748046875,0.2080078125,0.18359375,10240,
12026,OOD_SIGN_INVERSION,NORMAL,MC_CF_SHAPLEY_64,True,0.22481203007518796,1.0068359375,0.0927734375,0.099609375,0.099609375,40960,
12026,OOD_SIGN_INVERSION,NORMAL,TD_ELIGIBILITY_PROXY,False,0.7165154709163474,0.5041805193647844,0.8174982580191025,0.0037431301352389016,0.4530896782613006,0,
12026,OOD_SIGN_INVERSION,NORMAL,RANDOM,True,0.604856094342807,0.7885604709712323,0.17080227229869727,0.6566754030936692,0.37959043269728543,0,
12027,TRAIN_CONFOUNDED,NORMAL,EXACT_CF_SHAPLEY,True,2.8395254897395356e-16,1.0,9.465084965798454e-17,9.465084965798454e-17,9.465084965798454e-17,10368,2.220446049250313e-16
12027,TRAIN_CONFOUNDED,NORMAL,OBS_ASSOC,False,0.7097409890239308,0.40333916001057013,0.7243271404859014,0.02382800284206594,0.23808929185886996,0,
12027,TRAIN_CONFOUNDED,NORMAL,RECENCY,False,0.9,0.25,0.5,0.75,1.0,0,
12027,TRAIN_CONFOUNDED,NORMAL,UNIFORM,False,0.75,1.0,1.0,1.0,1.0,0,
12027,TRAIN_CONFOUNDED,NORMAL,MC_CF_SHAPLEY_4,True,0.515748031496063,0.9609375,0.34375,0.3125,0.3671875,2560,
12027,TRAIN_CONFOUNDED,NORMAL,MC_CF_SHAPLEY_16,True,0.3833634719710669,0.9990234375,0.193359375,0.1943359375,0.2333984375,10240,
12027,TRAIN_CONFOUNDED,NORMAL,MC_CF_SHAPLEY_64,True,0.21735003796507213,1.006591796875,0.08935546875,0.10302734375,0.087158203125,40960,
12027,TRAIN_CONFOUNDED,NORMAL,TD_ELIGIBILITY_PROXY,False,0.7774876685002104,0.4440223409997029,0.9975885171619158,0.041021764706691166,0.5128628088090256,0,
12027,TRAIN_CONFOUNDED,NORMAL,RANDOM,False,0.6781022085395736,0.21530480290054588,0.0505794792496872,0.2954050732842015,0.10757140910739071,0,
12027,OOD_WEAK_CONFOUNDER,NORMAL,EXACT_CF_SHAPLEY,True,7.047314121155779e-17,1.0,2.3491047070519262e-17,2.3491047070519262e-17,2.3491047070519262e-17,10368,2.220446049250313e-16
12027,OOD_WEAK_CONFOUNDER,NORMAL,OBS_ASSOC,True,0.44809978484096946,0.9607661066203445,0.17538647725889284,0.0010863627251374835,0.6035940522439748,0,
12027,OOD_WEAK_CONFOUNDER,NORMAL,RECENCY,False,0.9,0.25,0.5,0.75,1.0,0,
12027,OOD_WEAK_CONFOUNDER,NORMAL,UNIFORM,False,0.75,1.0,1.0,1.0,1.0,0,
12027,OOD_WEAK_CONFOUNDER,NORMAL,MC_CF_SHAPLEY_4,True,0.5138339920948617,0.9609375,0.3671875,0.3515625,0.296875,2560,
12027,OOD_WEAK_CONFOUNDER,NORMAL,MC_CF_SHAPLEY_16,True,0.3825806451612903,0.9345703125,0.2119140625,0.1689453125,0.1982421875,10240,
12027,OOD_WEAK_CONFOUNDER,NORMAL,MC_CF_SHAPLEY_64,True,0.22814619442351167,1.000244140625,0.0986328125,0.097412109375,0.099609375,40960,
12027,OOD_WEAK_CONFOUNDER,NORMAL,TD_ELIGIBILITY_PROXY,False,0.593237010948115,0.5292206262985274,0.12089347515142011,0.0009319114941713608,0.6500080173944726,0,
12027,OOD_WEAK_CONFOUNDER,NORMAL,RANDOM,True,0.4073708617594211,0.8814849490592805,0.010717961886728244,0.21931946342449926,0.37589174717651597,0,
12027,OOD_SIGN_INVERSION,NORMAL,EXACT_CF_SHAPLEY,True,2.831936074532137e-16,1.0,9.439786915107125e-17,9.439786915107125e-17,9.439786915107125e-17,10368,2.220446049250313e-16
12027,OOD_SIGN_INVERSION,NORMAL,OBS_ASSOC,False,0.666557233979478,0.4929800871595726,0.6499641403671835,0.04552749582460001,0.2899831642536482,0,
12027,OOD_SIGN_INVERSION,NORMAL,RECENCY,False,0.9,0.25,0.5,0.75,1.0,0,
12027,OOD_SIGN_INVERSION,NORMAL,UNIFORM,False,0.75,1.0,1.0,1.0,1.0,0,
12027,OOD_SIGN_INVERSION,NORMAL,MC_CF_SHAPLEY_4,True,0.46654275092936803,1.12109375,0.33984375,0.30859375,0.33203125,2560,
12027,OOD_SIGN_INVERSION,NORMAL,MC_CF_SHAPLEY_16,True,0.378463476070529,0.9638671875,0.1845703125,0.2216796875,0.1806640625,10240,
12027,OOD_SIGN_INVERSION,NORMAL,MC_CF_SHAPLEY_64,True,0.23289449286111627,1.010009765625,0.106689453125,0.10009765625,0.099853515625,40960,
12027,OOD_SIGN_INVERSION,NORMAL,TD_ELIGIBILITY_PROXY,False,0.7449119768456298,0.43107360932803723,0.7065131633121089,0.06174592441787166,0.4905687102972271,0,
12027,OOD_SIGN_INVERSION,NORMAL,RANDOM,False,0.94448764840529,0.12517070992932766,0.8019858433863559,0.6840672125696593,0.643602526525877,0,
12028,TRAIN_CONFOUNDED,NORMAL,EXACT_CF_SHAPLEY,True,3.102986617653513e-16,1.0,1.0343288725511712e-16,1.0343288725511712e-16,1.0343288725511712e-16,10368,2.220446049250313e-16
12028,TRAIN_CONFOUNDED,NORMAL,OBS_ASSOC,False,0.7603787605864419,0.3807501733067078,0.8602030315019912,0.0019325105998350164,0.346080998220627,0,
12028,TRAIN_CONFOUNDED,NORMAL,RECENCY,False,0.9,0.25,0.5,0.75,1.0,0,
12028,TRAIN_CONFOUNDED,NORMAL,UNIFORM,False,0.75,1.0,1.0,1.0,1.0,0,
12028,TRAIN_CONFOUNDED,NORMAL,MC_CF_SHAPLEY_4,True,0.5547169811320755,0.921875,0.3671875,0.3828125,0.3984375,2560,
12028,TRAIN_CONFOUNDED,NORMAL,MC_CF_SHAPLEY_16,True,0.34573170731707314,1.0478515625,0.17578125,0.203125,0.1748046875,10240,
12028,TRAIN_CONFOUNDED,NORMAL,MC_CF_SHAPLEY_64,True,0.2249718785151856,1.00927734375,0.0986328125,0.103271484375,0.091064453125,40960,
12028,TRAIN_CONFOUNDED,NORMAL,TD_ELIGIBILITY_PROXY,False,0.8230907762877767,0.41681201851141464,1.1889081504386674,0.0033370834860532855,0.7470212479672088,0,
12028,TRAIN_CONFOUNDED,NORMAL,RANDOM,False,0.772992699557193,0.5933763543964529,0.8306570743844107,0.36210170387258456,0.8277735532742535,0,
12028,OOD_WEAK_CONFOUNDER,NORMAL,EXACT_CF_SHAPLEY,True,9.302454639925628e-17,1.0,3.1008182133085427e-17,3.1008182133085427e-17,3.1008182133085427e-17,10368,2.220446049250313e-16
12028,OOD_WEAK_CONFOUNDER,NORMAL,OBS_ASSOC,True,0.42049032966400507,0.9529637102678099,0.07549240802677674,0.012592871521300364,0.6033820853640827,0,
12028,OOD_WEAK_CONFOUNDER,NORMAL,RECENCY,False,0.9,0.25,0.5,0.75,1.0,0,
12028,OOD_WEAK_CONFOUNDER,NORMAL,UNIFORM,False,0.75,1.0,1.0,1.0,1.0,0,
12028,OOD_WEAK_CONFOUNDER,NORMAL,MC_CF_SHAPLEY_4,True,0.5200729927007299,1.02734375,0.41015625,0.35546875,0.34765625,2560,
12028,OOD_WEAK_CONFOUNDER,NORMAL,MC_CF_SHAPLEY_16,True,0.3603658536585366,1.0244140625,0.203125,0.1875,0.1865234375,10240,
12028,OOD_WEAK_CONFOUNDER,NORMAL,MC_CF_SHAPLEY_64,True,0.23188954038206921,0.991455078125,0.10107421875,0.092041015625,0.106201171875,40960,
12028,OOD_WEAK_CONFOUNDER,NORMAL,TD_ELIGIBILITY_PROXY,False,0.5730691972266924,0.4994078637691435,0.04935606617178779,0.010321633797816566,0.6106774529492744,0,
12028,OOD_WEAK_CONFOUNDER,NORMAL,RANDOM,False,0.9175163083998988,0.21223995571659615,0.5618261162924371,0.905984251123489,0.8930638476732856,0,
12028,OOD_SIGN_INVERSION,NORMAL,EXACT_CF_SHAPLEY,True,2.6687636475730687e-16,0.9999999999999999,8.895878825243564e-17,8.895878825243564e-17,8.895878825243564e-17,10368,2.220446049250313e-16
12028,OOD_SIGN_INVERSION,NORMAL,OBS_ASSOC,False,0.672605208613656,0.5077856991266433,0.7226444189755873,0.07192108945012013,0.2486377283938784,0,
12028,OOD_SIGN_INVERSION,NORMAL,RECENCY,False,0.9,0.25,0.5,0.75,1.0,0,
12028,OOD_SIGN_INVERSION,NORMAL,UNIFORM,False,0.75,1.0,1.0,1.0,1.0,0,
12028,OOD_SIGN_INVERSION,NORMAL,MC_CF_SHAPLEY_4,True,0.5189873417721519,1.0390625,0.36328125,0.34375,0.4140625,2560,
12028,OOD_SIGN_INVERSION,NORMAL,MC_CF_SHAPLEY_16,True,0.36633663366336633,1.0,0.1884765625,0.1826171875,0.20703125,10240,
12028,OOD_SIGN_INVERSION,NORMAL,MC_CF_SHAPLEY_64,True,0.21885779992334228,0.9951171875,0.083740234375,0.097412109375,0.09765625,40960,
12028,OOD_SIGN_INVERSION,NORMAL,TD_ELIGIBILITY_PROXY,False,0.746727992422958,0.4576670555911988,0.8117596312627217,0.10118609485920341,0.4364051353852848,0,
12028,OOD_SIGN_INVERSION,NORMAL,RANDOM,False,0.9152208257459489,0.15112639056010946,0.8377643153469495,0.11010394346951091,0.6835939626243066,0,
12029,TRAIN_CONFOUNDED,NORMAL,EXACT_CF_SHAPLEY,True,2.6693057486593114e-16,1.0,8.897685828864373e-17,8.897685828864373e-17,8.897685828864373e-17,10368,2.220446049250313e-16
12029,TRAIN_CONFOUNDED,NORMAL,OBS_ASSOC,False,0.6832015511550897,0.3881015606424671,0.7606821605968294,0.00976619625863583,0.0665241384437479,0,
12029,TRAIN_CONFOUNDED,NORMAL,RECENCY,False,0.9,0.25,0.5,0.75,1.0,0,
12029,TRAIN_CONFOUNDED,NORMAL,UNIFORM,False,0.75,1.0,1.0,1.0,1.0,0,
12029,TRAIN_CONFOUNDED,NORMAL,MC_CF_SHAPLEY_4,True,0.504708097928437,1.02734375,0.33984375,0.359375,0.34765625,2560,
12029,TRAIN_CONFOUNDED,NORMAL,MC_CF_SHAPLEY_16,True,0.3749257278669043,1.02734375,0.2138671875,0.212890625,0.189453125,10240,
12029,TRAIN_CONFOUNDED,NORMAL,MC_CF_SHAPLEY_64,True,0.2336166194523135,0.99072265625,0.09912109375,0.098388671875,0.1044921875,40960,
12029,TRAIN_CONFOUNDED,NORMAL,TD_ELIGIBILITY_PROXY,False,0.7391637514476512,0.42813867455310445,1.0524261182876,0.01687530416254759,0.14396778602409024,0,
12029,TRAIN_CONFOUNDED,NORMAL,RANDOM,False,0.85809950385252,0.36282280153468405,0.8136340056205926,0.46323882638813274,0.9171862053868429,0,
12029,OOD_WEAK_CONFOUNDER,NORMAL,EXACT_CF_SHAPLEY,True,8.370040771588094e-17,1.0,2.7900135905293645e-17,2.7900135905293645e-17,2.7900135905293645e-17,10368,2.220446049250313e-16
12029,OOD_WEAK_CONFOUNDER,NORMAL,OBS_ASSOC,True,0.4893534217007502,0.954025531674662,0.21513783810000106,0.09742544660900819,0.6016808875906939,0,
12029,OOD_WEAK_CONFOUNDER,NORMAL,RECENCY,False,0.9,0.25,0.5,0.75,1.0,0,
12029,OOD_WEAK_CONFOUNDER,NORMAL,UNIFORM,False,0.75,1.0,1.0,1.0,1.0,0,
12029,OOD_WEAK_CONFOUNDER,NORMAL,MC_CF_SHAPLEY_4,True,0.5248618784530387,1.0078125,0.36328125,0.38671875,0.36328125,2560,
12029,OOD_WEAK_CONFOUNDER,NORMAL,MC_CF_SHAPLEY_16,True,0.35495945102932003,1.009765625,0.17578125,0.197265625,0.1826171875,10240,
12029,OOD_WEAK_CONFOUNDER,NORMAL,MC_CF_SHAPLEY_64,True,0.23739418476260582,1.01171875,0.10888671875,0.109619140625,0.096435546875,40960,
12029,OOD_WEAK_CONFOUNDER,NORMAL,TD_ELIGIBILITY_PROXY,False,0.625146879547734,0.5110507226651136,0.14347206298315834,0.0800012568011894,0.6288118744251884,0,
12029,OOD_WEAK_CONFOUNDER,NORMAL,RANDOM,True,0.6255739648162836,0.9392572046628216,0.5679936818717971,0.19005116970448777,0.8112233036546419,0,
12029,OOD_SIGN_INVERSION,NORMAL,EXACT_CF_SHAPLEY,True,2.9907716928012635e-16,0.9999999999999999,9.969238976004213e-17,9.969238976004213e-17,9.969238976004213e-17,10368,2.220446049250313e-16
12029,OOD_SIGN_INVERSION,NORMAL,OBS_ASSOC,False,0.665188966059995,0.5760224912487906,0.6544494093178601,0.05219028558410194,0.4377783993050076,0,
12029,OOD_SIGN_INVERSION,NORMAL,RECENCY,False,0.9,0.25,0.5,0.75,1.0,0,
12029,OOD_SIGN_INVERSION,NORMAL,UNIFORM,False,0.75,1.0,1.0,1.0,1.0,0,
12029,OOD_SIGN_INVERSION,NORMAL,MC_CF_SHAPLEY_4,True,0.47540983606557374,1.0,0.2890625,0.31640625,0.30078125,2560,
12029,OOD_SIGN_INVERSION,NORMAL,MC_CF_SHAPLEY_16,True,0.37146297411198076,1.01953125,0.19921875,0.197265625,0.2060546875,10240,
12029,OOD_SIGN_INVERSION,NORMAL,MC_CF_SHAPLEY_64,True,0.2321192677863748,0.993408203125,0.10302734375,0.10693359375,0.09033203125,40960,
12029,OOD_SIGN_INVERSION,NORMAL,TD_ELIGIBILITY_PROXY,False,0.7539235945898543,0.5263905259195328,0.7520870104529297,0.07496156988780954,0.7856953834612268,0,
12029,OOD_SIGN_INVERSION,NORMAL,RANDOM,True,0.5892562840782112,0.7254103871250943,0.3390892398846189,0.1826151325206894,0.518975283982819,0,
12030,TRAIN_CONFOUNDED,NORMAL,EXACT_CF_SHAPLEY,True,2.6974950051439345e-16,1.0,8.99165001714645e-17,8.99165001714645e-17,8.99165001714645e-17,10368,2.220446049250313e-16
12030,TRAIN_CONFOUNDED,NORMAL,OBS_ASSOC,False,0.7249213633708995,0.41272581810394443,0.7578017355965961,0.045261003870607684,0.2846035599760934,0,
12030,TRAIN_CONFOUNDED,NORMAL,RECENCY,False,0.9,0.25,0.5,0.75,1.0,0,
12030,TRAIN_CONFOUNDED,NORMAL,UNIFORM,False,0.75,1.0,1.0,1.0,1.0,0,
12030,TRAIN_CONFOUNDED,NORMAL,MC_CF_SHAPLEY_4,True,0.5317604355716878,1.0078125,0.375,0.375,0.39453125,2560,
12030,TRAIN_CONFOUNDED,NORMAL,MC_CF_SHAPLEY_16,True,0.375,1.0009765625,0.2177734375,0.19140625,0.19140625,10240,
12030,TRAIN_CONFOUNDED,NORMAL,MC_CF_SHAPLEY_64,True,0.23603871928518244,1.001953125,0.09912109375,0.1083984375,0.10205078125,40960,
12030,TRAIN_CONFOUNDED,NORMAL,TD_ELIGIBILITY_PROXY,False,0.7932901869613086,0.46589196794348836,1.076542679007744,0.08021546101566675,0.6311953244039571,0,
12030,TRAIN_CONFOUNDED,NORMAL,RANDOM,False,0.9228676433519142,0.14164944202967011,0.6093026790605476,0.8180529259554924,0.267441396253587,0,
12030,OOD_WEAK_CONFOUNDER,NORMAL,EXACT_CF_SHAPLEY,True,9.237402509576498e-17,1.0,3.0791341698588326e-17,3.0791341698588326e-17,3.0791341698588326e-17,10368,2.220446049250313e-16
12030,OOD_WEAK_CONFOUNDER,NORMAL,OBS_ASSOC,True,0.48580685697949716,0.9540166088347726,0.3073282949323772,0.04992847485418256,0.5440928816726762,0,
12030,OOD_WEAK_CONFOUNDER,NORMAL,RECENCY,False,0.9,0.25,0.5,0.75,1.0,0,
12030,OOD_WEAK_CONFOUNDER,NORMAL,UNIFORM,False,0.75,1.0,1.0,1.0,1.0,0,
12030,OOD_WEAK_CONFOUNDER,NORMAL,MC_CF_SHAPLEY_4,True,0.5120593692022264,1.02734375,0.33203125,0.3515625,0.39453125,2560,
12030,OOD_WEAK_CONFOUNDER,NORMAL,MC_CF_SHAPLEY_16,True,0.3653610771113831,1.0126953125,0.2060546875,0.18359375,0.193359375,10240,
12030,OOD_WEAK_CONFOUNDER,NORMAL,MC_CF_SHAPLEY_64,True,0.23602019824200487,0.997314453125,0.10400390625,0.095458984375,0.108642578125,40960,
12030,OOD_WEAK_CONFOUNDER,NORMAL,TD_ELIGIBILITY_PROXY,False,0.6147063505769977,0.5079196003535337,0.203524117189889,0.0415343446974483,0.5652881513709295,0,
12030,OOD_WEAK_CONFOUNDER,NORMAL,RANDOM,False,0.9380746115365552,0.1289209602350947,0.43957852367048167,0.7949583391419238,0.7184178572511918,0,
12030,OOD_SIGN_INVERSION,NORMAL,EXACT_CF_SHAPLEY,True,2.976677064558952e-16,0.9999999999999999,9.922256881863174e-17,9.922256881863174e-17,9.922256881863174e-17,10368,2.220446049250313e-16
12030,OOD_SIGN_INVERSION,NORMAL,OBS_ASSOC,False,0.689530447483774,0.5940592240093892,0.7667701910723178,0.03944123130998535,0.5131511986645693,0,
12030,OOD_SIGN_INVERSION,NORMAL,RECENCY,False,0.9,0.25,0.5,0.75,1.0,0,
12030,OOD_SIGN_INVERSION,NORMAL,UNIFORM,False,0.75,1.0,1.0,1.0,1.0,0,
12030,OOD_SIGN_INVERSION,NORMAL,MC_CF_SHAPLEY_4,True,0.5575757575757576,0.85546875,0.41796875,0.33203125,0.328125,2560,
12030,OOD_SIGN_INVERSION,NORMAL,MC_CF_SHAPLEY_16,True,0.35714285714285715,0.9931640625,0.18359375,0.1728515625,0.1953125,10240,
12030,OOD_SIGN_INVERSION,NORMAL,MC_CF_SHAPLEY_64,True,0.2306083650190114,0.988037109375,0.10400390625,0.0859375,0.106201171875,40960,
12030,OOD_SIGN_INVERSION,NORMAL,TD_ELIGIBILITY_PROXY,False,0.7738215645234204,0.5659353850674641,0.91848631559767,0.05905653292592466,0.9586850865989677,0,
12030,OOD_SIGN_INVERSION,NORMAL,RANDOM,True,0.5445290525924207,0.42930067473374833,0.07312981994370782,0.24081595220798968,0.19929594177230436,0,
12031,TRAIN_CONFOUNDED,NORMAL,EXACT_CF_SHAPLEY,True,3.1441863002079624e-16,0.9999999999999999,1.0480621000693209e-16,1.0480621000693209e-16,1.0480621000693209e-16,10368,2.220446049250313e-16
12031,TRAIN_CONFOUNDED,NORMAL,OBS_ASSOC,False,0.6946385597793006,0.46694678689968244,0.7159740436408648,0.07593317519319774,0.27030693404371187,0,
12031,TRAIN_CONFOUNDED,NORMAL,RECENCY,False,0.9,0.25,0.5,0.75,1.0,0,
12031,TRAIN_CONFOUNDED,NORMAL,UNIFORM,False,0.75,1.0,1.0,1.0,1.0,0,
12031,TRAIN_CONFOUNDED,NORMAL,MC_CF_SHAPLEY_4,True,0.4981060606060606,1.03515625,0.4296875,0.29296875,0.3046875,2560,
12031,TRAIN_CONFOUNDED,NORMAL,MC_CF_SHAPLEY_16,True,0.3741496598639456,0.98828125,0.1875,0.2060546875,0.197265625,10240,
12031,TRAIN_CONFOUNDED,NORMAL,MC_CF_SHAPLEY_64,True,0.2329075882794891,0.9970703125,0.099853515625,0.107177734375,0.095703125,40960,
12031,TRAIN_CONFOUNDED,NORMAL,TD_ELIGIBILITY_PROXY,False,0.7669591153135372,0.541412447107762,1.031569079186178,0.13700895437686691,0.6132604280106785,0,
12031,TRAIN_CONFOUNDED,NORMAL,RANDOM,False,0.9561247932304973,0.06618156188867064,0.6974821198497577,0.24288229146009543,0.5018585851287761,0,
12031,OOD_WEAK_CONFOUNDER,NORMAL,EXACT_CF_SHAPLEY,True,8.912141857830846e-17,1.0,2.970713952610282e-17,2.970713952610282e-17,2.970713952610282e-17,10368,2.220446049250313e-16
12031,OOD_WEAK_CONFOUNDER,NORMAL,OBS_ASSOC,True,0.4757654371347937,0.9432748032437118,0.27947500192866676,0.09839921737103581,0.4781882780882709,0,
12031,OOD_WEAK_CONFOUNDER,NORMAL,RECENCY,False,0.9,0.25,0.5,0.75,1.0,0,
12031,OOD_WEAK_CONFOUNDER,NORMAL,UNIFORM,False,0.75,1.0,1.0,1.0,1.0,0,
12031,OOD_WEAK_CONFOUNDER,NORMAL,MC_CF_SHAPLEY_4,True,0.5285171102661597,0.96875,0.3515625,0.40625,0.328125,2560,
12031,OOD_WEAK_CONFOUNDER,NORMAL,MC_CF_SHAPLEY_16,True,0.3435309114085405,1.005859375,0.1650390625,0.1875,0.173828125,10240,
12031,OOD_WEAK_CONFOUNDER,NORMAL,MC_CF_SHAPLEY_64,True,0.2317596566523605,1.005126953125,0.10595703125,0.101318359375,0.095947265625,40960,
12031,OOD_WEAK_CONFOUNDER,NORMAL,TD_ELIGIBILITY_PROXY,True,0.6037612275131276,0.506977786612243,0.18764551320467174,0.08263468340495314,0.5022174790867568,0,
12031,OOD_WEAK_CONFOUNDER,NORMAL,RANDOM,False,0.7571769868811086,0.7365853171496111,0.7449699895720574,0.5532699813824724,0.9985993765875979,0,
12031,OOD_SIGN_INVERSION,NORMAL,EXACT_CF_SHAPLEY,True,2.530527870581167e-16,1.0,8.435092901937224e-17,8.435092901937224e-17,8.435092901937224e-17,10368,2.220446049250313e-16
12031,OOD_SIGN_INVERSION,NORMAL,OBS_ASSOC,False,0.6381045658374646,0.5655213735381772,0.7021940125111241,7.084384309159408e-05,0.2948788942113525,0,
12031,OOD_SIGN_INVERSION,NORMAL,RECENCY,False,0.9,0.25,0.5,0.75,1.0,0,
12031,OOD_SIGN_INVERSION,NORMAL,UNIFORM,False,0.75,1.0,1.0,1.0,1.0,0,
12031,OOD_SIGN_INVERSION,NORMAL,MC_CF_SHAPLEY_4,True,0.5384615384615384,0.9375,0.34375,0.40234375,0.34765625,2560,
12031,OOD_SIGN_INVERSION,NORMAL,MC_CF_SHAPLEY_16,True,0.38253768844221103,0.9599609375,0.1904296875,0.201171875,0.203125,10240,
12031,OOD_SIGN_INVERSION,NORMAL,MC_CF_SHAPLEY_64,True,0.23335209154004877,0.997802734375,0.10009765625,0.105224609375,0.098388671875,40960,
12031,OOD_SIGN_INVERSION,NORMAL,TD_ELIGIBILITY_PROXY,False,0.719992101772277,0.5192445703660787,0.8059165519660006,0.00010173484157641383,0.5291297283661675,0,
12031,OOD_SIGN_INVERSION,NORMAL,RANDOM,False,0.9648978528715366,0.07938031334036655,0.5907323683097936,0.9598182021158067,0.6314781704966795,0,
