family,seed,method,budget,state,candidate,sign,context_signs
E2_CONTEXT_SIGN_FLIP,42000,ANTITHETIC_CRN_MC,8,CONTEXT_CONDITIONAL_ONLY,A,,"{""-1"": -1, ""1"": 1}"
E2_CONTEXT_SIGN_FLIP,42000,ANTITHETIC_CRN_MC,16,CONTEXT_CONDITIONAL_ONLY,A,,"{""-1"": -1, ""1"": 1}"
E2_CONTEXT_SIGN_FLIP,42000,ANTITHETIC_CRN_MC,32,CONTEXT_CONDITIONAL_ONLY,A,,"{""-1"": -1, ""1"": 1}"
E2_CONTEXT_SIGN_FLIP,42000,ANTITHETIC_CRN_MC,64,CONTEXT_CONDITIONAL_ONLY,A,,"{""-1"": -1, ""1"": 1}"
E2_CONTEXT_SIGN_FLIP,42000,ANTITHETIC_CRN_MC,128,CONTEXT_CONDITIONAL_ONLY,A,,"{""-1"": -1, ""1"": 1}"
E2_CONTEXT_SIGN_FLIP,42000,ANTITHETIC_CRN_MC,256,CONTEXT_CONDITIONAL_ONLY,A,,"{""-1"": -1, ""1"": 1}"
E2_CONTEXT_SIGN_FLIP,42000,CRN_CHAIN_MC,8,CONTEXT_CONDITIONAL_ONLY,A,,"{""-1"": -1, ""1"": 1}"
E2_CONTEXT_SIGN_FLIP,42000,CRN_CHAIN_MC,16,CONTEXT_CONDITIONAL_ONLY,A,,"{""-1"": -1, ""1"": 1}"
E2_CONTEXT_SIGN_FLIP,42000,CRN_CHAIN_MC,32,CONTEXT_CONDITIONAL_ONLY,A,,"{""-1"": -1, ""1"": 1}"
E2_CONTEXT_SIGN_FLIP,42000,CRN_CHAIN_MC,64,CONTEXT_CONDITIONAL_ONLY,A,,"{""-1"": -1, ""1"": 1}"
E2_CONTEXT_SIGN_FLIP,42000,CRN_CHAIN_MC,128,CONTEXT_CONDITIONAL_ONLY,A,,"{""-1"": -1, ""1"": 1}"
E2_CONTEXT_SIGN_FLIP,42000,CRN_CHAIN_MC,256,CONTEXT_CONDITIONAL_ONLY,A,,"{""-1"": -1, ""1"": 1}"
E2_CONTEXT_SIGN_FLIP,42000,DOUBLE_ANTITHETIC_CRN_MC,8,CONTEXT_CONDITIONAL_ONLY,A,,"{""-1"": -1, ""1"": 1}"
E2_CONTEXT_SIGN_FLIP,42000,DOUBLE_ANTITHETIC_CRN_MC,16,CONTEXT_CONDITIONAL_ONLY,A,,"{""-1"": -1, ""1"": 1}"
E2_CONTEXT_SIGN_FLIP,42000,DOUBLE_ANTITHETIC_CRN_MC,32,CONTEXT_CONDITIONAL_ONLY,A,,"{""-1"": -1, ""1"": 1}"
E2_CONTEXT_SIGN_FLIP,42000,DOUBLE_ANTITHETIC_CRN_MC,64,CONTEXT_CONDITIONAL_ONLY,A,,"{""-1"": -1, ""1"": 1}"
E2_CONTEXT_SIGN_FLIP,42000,DOUBLE_ANTITHETIC_CRN_MC,128,CONTEXT_CONDITIONAL_ONLY,A,,"{""-1"": -1, ""1"": 1}"
E2_CONTEXT_SIGN_FLIP,42000,DOUBLE_ANTITHETIC_CRN_MC,256,CONTEXT_CONDITIONAL_ONLY,A,,"{""-1"": -1, ""1"": 1}"
E2_CONTEXT_SIGN_FLIP,42000,LEGACY_INDEPENDENT_MC,8,CONTEXT_CONDITIONAL_ONLY,A,,"{""-1"": -1, ""1"": 1}"
E2_CONTEXT_SIGN_FLIP,42000,LEGACY_INDEPENDENT_MC,16,CONTEXT_CONDITIONAL_ONLY,A,,"{""-1"": -1, ""1"": 1}"
E2_CONTEXT_SIGN_FLIP,42000,LEGACY_INDEPENDENT_MC,32,CONTEXT_CONDITIONAL_ONLY,A,,"{""-1"": -1, ""1"": 1}"
E2_CONTEXT_SIGN_FLIP,42000,LEGACY_INDEPENDENT_MC,64,CONTEXT_CONDITIONAL_ONLY,A,,"{""-1"": -1, ""1"": 1}"
E2_CONTEXT_SIGN_FLIP,42000,LEGACY_INDEPENDENT_MC,128,CONTEXT_CONDITIONAL_ONLY,A,,"{""-1"": -1, ""1"": 1}"
E2_CONTEXT_SIGN_FLIP,42000,LEGACY_INDEPENDENT_MC,256,CONTEXT_CONDITIONAL_ONLY,A,,"{""-1"": -1, ""1"": 1}"
E2_CONTEXT_SIGN_FLIP,42001,ANTITHETIC_CRN_MC,8,CONTEXT_CONDITIONAL_ONLY,A,,"{""-1"": -1, ""1"": 1}"
E2_CONTEXT_SIGN_FLIP,42001,ANTITHETIC_CRN_MC,16,CONTEXT_CONDITIONAL_ONLY,A,,"{""-1"": -1, ""1"": 1}"
E2_CONTEXT_SIGN_FLIP,42001,ANTITHETIC_CRN_MC,32,CONTEXT_CONDITIONAL_ONLY,A,,"{""-1"": -1, ""1"": 1}"
E2_CONTEXT_SIGN_FLIP,42001,ANTITHETIC_CRN_MC,64,CONTEXT_CONDITIONAL_ONLY,A,,"{""-1"": -1, ""1"": 1}"
E2_CONTEXT_SIGN_FLIP,42001,ANTITHETIC_CRN_MC,128,CONTEXT_CONDITIONAL_ONLY,A,,"{""-1"": -1, ""1"": 1}"
E2_CONTEXT_SIGN_FLIP,42001,ANTITHETIC_CRN_MC,256,CONTEXT_CONDITIONAL_ONLY,A,,"{""-1"": -1, ""1"": 1}"
E2_CONTEXT_SIGN_FLIP,42001,CRN_CHAIN_MC,8,CONTEXT_CONDITIONAL_ONLY,A,,"{""-1"": -1, ""1"": 1}"
E2_CONTEXT_SIGN_FLIP,42001,CRN_CHAIN_MC,16,CONTEXT_CONDITIONAL_ONLY,A,,"{""-1"": -1, ""1"": 1}"
E2_CONTEXT_SIGN_FLIP,42001,CRN_CHAIN_MC,32,CONTEXT_CONDITIONAL_ONLY,A,,"{""-1"": -1, ""1"": 1}"
E2_CONTEXT_SIGN_FLIP,42001,CRN_CHAIN_MC,64,CONTEXT_CONDITIONAL_ONLY,A,,"{""-1"": -1, ""1"": 1}"
E2_CONTEXT_SIGN_FLIP,42001,CRN_CHAIN_MC,128,CONTEXT_CONDITIONAL_ONLY,A,,"{""-1"": -1, ""1"": 1}"
E2_CONTEXT_SIGN_FLIP,42001,CRN_CHAIN_MC,256,CONTEXT_CONDITIONAL_ONLY,A,,"{""-1"": -1, ""1"": 1}"
E2_CONTEXT_SIGN_FLIP,42001,DOUBLE_ANTITHETIC_CRN_MC,8,CONTEXT_CONDITIONAL_ONLY,A,,"{""-1"": -1, ""1"": 1}"
E2_CONTEXT_SIGN_FLIP,42001,DOUBLE_ANTITHETIC_CRN_MC,16,CONTEXT_CONDITIONAL_ONLY,A,,"{""-1"": -1, ""1"": 1}"
E2_CONTEXT_SIGN_FLIP,42001,DOUBLE_ANTITHETIC_CRN_MC,32,CONTEXT_CONDITIONAL_ONLY,A,,"{""-1"": -1, ""1"": 1}"
E2_CONTEXT_SIGN_FLIP,42001,DOUBLE_ANTITHETIC_CRN_MC,64,CONTEXT_CONDITIONAL_ONLY,A,,"{""-1"": -1, ""1"": 1}"
E2_CONTEXT_SIGN_FLIP,42001,DOUBLE_ANTITHETIC_CRN_MC,128,CONTEXT_CONDITIONAL_ONLY,A,,"{""-1"": -1, ""1"": 1}"
E2_CONTEXT_SIGN_FLIP,42001,DOUBLE_ANTITHETIC_CRN_MC,256,CONTEXT_CONDITIONAL_ONLY,A,,"{""-1"": -1, ""1"": 1}"
E2_CONTEXT_SIGN_FLIP,42001,LEGACY_INDEPENDENT_MC,8,CONTEXT_CONDITIONAL_ONLY,A,,"{""-1"": -1, ""1"": 1}"
E2_CONTEXT_SIGN_FLIP,42001,LEGACY_INDEPENDENT_MC,16,CONTEXT_CONDITIONAL_ONLY,A,,"{""-1"": -1, ""1"": 1}"
E2_CONTEXT_SIGN_FLIP,42001,LEGACY_INDEPENDENT_MC,32,CONTEXT_CONDITIONAL_ONLY,A,,"{""-1"": -1, ""1"": 1}"
E2_CONTEXT_SIGN_FLIP,42001,LEGACY_INDEPENDENT_MC,64,CONTEXT_CONDITIONAL_ONLY,A,,"{""-1"": -1, ""1"": 1}"
E2_CONTEXT_SIGN_FLIP,42001,LEGACY_INDEPENDENT_MC,128,CONTEXT_CONDITIONAL_ONLY,A,,"{""-1"": -1, ""1"": 1}"
E2_CONTEXT_SIGN_FLIP,42001,LEGACY_INDEPENDENT_MC,256,CONTEXT_CONDITIONAL_ONLY,A,,"{""-1"": -1, ""1"": 1}"
E2_CONTEXT_SIGN_FLIP,42002,ANTITHETIC_CRN_MC,8,CONTEXT_CONDITIONAL_ONLY,A,,"{""-1"": -1, ""1"": 1}"
E2_CONTEXT_SIGN_FLIP,42002,ANTITHETIC_CRN_MC,16,CONTEXT_CONDITIONAL_ONLY,A,,"{""-1"": -1, ""1"": 1}"
E2_CONTEXT_SIGN_FLIP,42002,ANTITHETIC_CRN_MC,32,CONTEXT_CONDITIONAL_ONLY,A,,"{""-1"": -1, ""1"": 1}"
E2_CONTEXT_SIGN_FLIP,42002,ANTITHETIC_CRN_MC,64,CONTEXT_CONDITIONAL_ONLY,A,,"{""-1"": -1, ""1"": 1}"
E2_CONTEXT_SIGN_FLIP,42002,ANTITHETIC_CRN_MC,128,CONTEXT_CONDITIONAL_ONLY,A,,"{""-1"": -1, ""1"": 1}"
E2_CONTEXT_SIGN_FLIP,42002,ANTITHETIC_CRN_MC,256,CONTEXT_CONDITIONAL_ONLY,A,,"{""-1"": -1, ""1"": 1}"
E2_CONTEXT_SIGN_FLIP,42002,CRN_CHAIN_MC,8,CONTEXT_CONDITIONAL_ONLY,A,,"{""-1"": -1, ""1"": 1}"
E2_CONTEXT_SIGN_FLIP,42002,CRN_CHAIN_MC,16,CONTEXT_CONDITIONAL_ONLY,A,,"{""-1"": -1, ""1"": 1}"
E2_CONTEXT_SIGN_FLIP,42002,CRN_CHAIN_MC,32,CONTEXT_CONDITIONAL_ONLY,A,,"{""-1"": -1, ""1"": 1}"
E2_CONTEXT_SIGN_FLIP,42002,CRN_CHAIN_MC,64,CONTEXT_CONDITIONAL_ONLY,A,,"{""-1"": -1, ""1"": 1}"
E2_CONTEXT_SIGN_FLIP,42002,CRN_CHAIN_MC,128,CONTEXT_CONDITIONAL_ONLY,A,,"{""-1"": -1, ""1"": 1}"
E2_CONTEXT_SIGN_FLIP,42002,CRN_CHAIN_MC,256,CONTEXT_CONDITIONAL_ONLY,A,,"{""-1"": -1, ""1"": 1}"
E2_CONTEXT_SIGN_FLIP,42002,DOUBLE_ANTITHETIC_CRN_MC,8,CONTEXT_CONDITIONAL_ONLY,A,,"{""-1"": -1, ""1"": 1}"
E2_CONTEXT_SIGN_FLIP,42002,DOUBLE_ANTITHETIC_CRN_MC,16,CONTEXT_CONDITIONAL_ONLY,A,,"{""-1"": -1, ""1"": 1}"
E2_CONTEXT_SIGN_FLIP,42002,DOUBLE_ANTITHETIC_CRN_MC,32,CONTEXT_CONDITIONAL_ONLY,A,,"{""-1"": -1, ""1"": 1}"
E2_CONTEXT_SIGN_FLIP,42002,DOUBLE_ANTITHETIC_CRN_MC,64,CONTEXT_CONDITIONAL_ONLY,A,,"{""-1"": -1, ""1"": 1}"
E2_CONTEXT_SIGN_FLIP,42002,DOUBLE_ANTITHETIC_CRN_MC,128,CONTEXT_CONDITIONAL_ONLY,A,,"{""-1"": -1, ""1"": 1}"
E2_CONTEXT_SIGN_FLIP,42002,DOUBLE_ANTITHETIC_CRN_MC,256,CONTEXT_CONDITIONAL_ONLY,A,,"{""-1"": -1, ""1"": 1}"
E2_CONTEXT_SIGN_FLIP,42002,LEGACY_INDEPENDENT_MC,8,CONTEXT_CONDITIONAL_ONLY,A,,"{""-1"": -1, ""1"": 1}"
E2_CONTEXT_SIGN_FLIP,42002,LEGACY_INDEPENDENT_MC,16,CONTEXT_CONDITIONAL_ONLY,A,,"{""-1"": -1, ""1"": 1}"
E2_CONTEXT_SIGN_FLIP,42002,LEGACY_INDEPENDENT_MC,32,CONTEXT_CONDITIONAL_ONLY,A,,"{""-1"": -1, ""1"": 1}"
E2_CONTEXT_SIGN_FLIP,42002,LEGACY_INDEPENDENT_MC,64,CONTEXT_CONDITIONAL_ONLY,A,,"{""-1"": -1, ""1"": 1}"
E2_CONTEXT_SIGN_FLIP,42002,LEGACY_INDEPENDENT_MC,128,CONTEXT_CONDITIONAL_ONLY,A,,"{""-1"": -1, ""1"": 1}"
E2_CONTEXT_SIGN_FLIP,42002,LEGACY_INDEPENDENT_MC,256,CONTEXT_CONDITIONAL_ONLY,A,,"{""-1"": -1, ""1"": 1}"
E2_CONTEXT_SIGN_FLIP,42003,ANTITHETIC_CRN_MC,8,CONTEXT_CONDITIONAL_ONLY,A,,"{""-1"": -1, ""1"": 1}"
E2_CONTEXT_SIGN_FLIP,42003,ANTITHETIC_CRN_MC,16,CONTEXT_CONDITIONAL_ONLY,A,,"{""-1"": -1, ""1"": 1}"
E2_CONTEXT_SIGN_FLIP,42003,ANTITHETIC_CRN_MC,32,CONTEXT_CONDITIONAL_ONLY,A,,"{""-1"": -1, ""1"": 1}"
E2_CONTEXT_SIGN_FLIP,42003,ANTITHETIC_CRN_MC,64,CONTEXT_CONDITIONAL_ONLY,A,,"{""-1"": -1, ""1"": 1}"
E2_CONTEXT_SIGN_FLIP,42003,ANTITHETIC_CRN_MC,128,CONTEXT_CONDITIONAL_ONLY,A,,"{""-1"": -1, ""1"": 1}"
E2_CONTEXT_SIGN_FLIP,42003,ANTITHETIC_CRN_MC,256,CONTEXT_CONDITIONAL_ONLY,A,,"{""-1"": -1, ""1"": 1}"
E2_CONTEXT_SIGN_FLIP,42003,CRN_CHAIN_MC,8,CONTEXT_CONDITIONAL_ONLY,A,,"{""-1"": -1, ""1"": 1}"
E2_CONTEXT_SIGN_FLIP,42003,CRN_CHAIN_MC,16,CONTEXT_CONDITIONAL_ONLY,A,,"{""-1"": -1, ""1"": 1}"
E2_CONTEXT_SIGN_FLIP,42003,CRN_CHAIN_MC,32,CONTEXT_CONDITIONAL_ONLY,A,,"{""-1"": -1, ""1"": 1}"
E2_CONTEXT_SIGN_FLIP,42003,CRN_CHAIN_MC,64,CONTEXT_CONDITIONAL_ONLY,A,,"{""-1"": -1, ""1"": 1}"
E2_CONTEXT_SIGN_FLIP,42003,CRN_CHAIN_MC,128,CONTEXT_CONDITIONAL_ONLY,A,,"{""-1"": -1, ""1"": 1}"
E2_CONTEXT_SIGN_FLIP,42003,CRN_CHAIN_MC,256,CONTEXT_CONDITIONAL_ONLY,A,,"{""-1"": -1, ""1"": 1}"
E2_CONTEXT_SIGN_FLIP,42003,DOUBLE_ANTITHETIC_CRN_MC,8,CONTEXT_CONDITIONAL_ONLY,A,,"{""-1"": -1, ""1"": 1}"
E2_CONTEXT_SIGN_FLIP,42003,DOUBLE_ANTITHETIC_CRN_MC,16,CONTEXT_CONDITIONAL_ONLY,A,,"{""-1"": -1, ""1"": 1}"
E2_CONTEXT_SIGN_FLIP,42003,DOUBLE_ANTITHETIC_CRN_MC,32,CONTEXT_CONDITIONAL_ONLY,A,,"{""-1"": -1, ""1"": 1}"
E2_CONTEXT_SIGN_FLIP,42003,DOUBLE_ANTITHETIC_CRN_MC,64,CONTEXT_CONDITIONAL_ONLY,A,,"{""-1"": -1, ""1"": 1}"
E2_CONTEXT_SIGN_FLIP,42003,DOUBLE_ANTITHETIC_CRN_MC,128,CONTEXT_CONDITIONAL_ONLY,A,,"{""-1"": -1, ""1"": 1}"
E2_CONTEXT_SIGN_FLIP,42003,DOUBLE_ANTITHETIC_CRN_MC,256,CONTEXT_CONDITIONAL_ONLY,A,,"{""-1"": -1, ""1"": 1}"
E2_CONTEXT_SIGN_FLIP,42003,LEGACY_INDEPENDENT_MC,8,CONTEXT_CONDITIONAL_ONLY,A,,"{""-1"": -1, ""1"": 1}"
E2_CONTEXT_SIGN_FLIP,42003,LEGACY_INDEPENDENT_MC,16,CONTEXT_CONDITIONAL_ONLY,A,,"{""-1"": -1, ""1"": 1}"
E2_CONTEXT_SIGN_FLIP,42003,LEGACY_INDEPENDENT_MC,32,CONTEXT_CONDITIONAL_ONLY,A,,"{""-1"": -1, ""1"": 1}"
E2_CONTEXT_SIGN_FLIP,42003,LEGACY_INDEPENDENT_MC,64,CONTEXT_CONDITIONAL_ONLY,A,,"{""-1"": -1, ""1"": 1}"
E2_CONTEXT_SIGN_FLIP,42003,LEGACY_INDEPENDENT_MC,128,CONTEXT_CONDITIONAL_ONLY,A,,"{""-1"": -1, ""1"": 1}"
E2_CONTEXT_SIGN_FLIP,42003,LEGACY_INDEPENDENT_MC,256,CONTEXT_CONDITIONAL_ONLY,A,,"{""-1"": -1, ""1"": 1}"
E2_CONTEXT_SIGN_FLIP,42004,ANTITHETIC_CRN_MC,8,CONTEXT_CONDITIONAL_ONLY,A,,"{""-1"": -1, ""1"": 1}"
E2_CONTEXT_SIGN_FLIP,42004,ANTITHETIC_CRN_MC,16,CONTEXT_CONDITIONAL_ONLY,A,,"{""-1"": -1, ""1"": 1}"
E2_CONTEXT_SIGN_FLIP,42004,ANTITHETIC_CRN_MC,32,CONTEXT_CONDITIONAL_ONLY,A,,"{""-1"": -1, ""1"": 1}"
E2_CONTEXT_SIGN_FLIP,42004,ANTITHETIC_CRN_MC,64,CONTEXT_CONDITIONAL_ONLY,A,,"{""-1"": -1, ""1"": 1}"
E2_CONTEXT_SIGN_FLIP,42004,ANTITHETIC_CRN_MC,128,CONTEXT_CONDITIONAL_ONLY,A,,"{""-1"": -1, ""1"": 1}"
E2_CONTEXT_SIGN_FLIP,42004,ANTITHETIC_CRN_MC,256,CONTEXT_CONDITIONAL_ONLY,A,,"{""-1"": -1, ""1"": 1}"
E2_CONTEXT_SIGN_FLIP,42004,CRN_CHAIN_MC,8,CONTEXT_CONDITIONAL_ONLY,A,,"{""-1"": -1, ""1"": 1}"
E2_CONTEXT_SIGN_FLIP,42004,CRN_CHAIN_MC,16,CONTEXT_CONDITIONAL_ONLY,A,,"{""-1"": -1, ""1"": 1}"
E2_CONTEXT_SIGN_FLIP,42004,CRN_CHAIN_MC,32,CONTEXT_CONDITIONAL_ONLY,A,,"{""-1"": -1, ""1"": 1}"
E2_CONTEXT_SIGN_FLIP,42004,CRN_CHAIN_MC,64,CONTEXT_CONDITIONAL_ONLY,A,,"{""-1"": -1, ""1"": 1}"
E2_CONTEXT_SIGN_FLIP,42004,CRN_CHAIN_MC,128,CONTEXT_CONDITIONAL_ONLY,A,,"{""-1"": -1, ""1"": 1}"
E2_CONTEXT_SIGN_FLIP,42004,CRN_CHAIN_MC,256,CONTEXT_CONDITIONAL_ONLY,A,,"{""-1"": -1, ""1"": 1}"
E2_CONTEXT_SIGN_FLIP,42004,DOUBLE_ANTITHETIC_CRN_MC,8,CONTEXT_CONDITIONAL_ONLY,A,,"{""-1"": -1, ""1"": 1}"
E2_CONTEXT_SIGN_FLIP,42004,DOUBLE_ANTITHETIC_CRN_MC,16,CONTEXT_CONDITIONAL_ONLY,A,,"{""-1"": -1, ""1"": 1}"
E2_CONTEXT_SIGN_FLIP,42004,DOUBLE_ANTITHETIC_CRN_MC,32,CONTEXT_CONDITIONAL_ONLY,A,,"{""-1"": -1, ""1"": 1}"
E2_CONTEXT_SIGN_FLIP,42004,DOUBLE_ANTITHETIC_CRN_MC,64,CONTEXT_CONDITIONAL_ONLY,A,,"{""-1"": -1, ""1"": 1}"
E2_CONTEXT_SIGN_FLIP,42004,DOUBLE_ANTITHETIC_CRN_MC,128,CONTEXT_CONDITIONAL_ONLY,A,,"{""-1"": -1, ""1"": 1}"
E2_CONTEXT_SIGN_FLIP,42004,DOUBLE_ANTITHETIC_CRN_MC,256,CONTEXT_CONDITIONAL_ONLY,A,,"{""-1"": -1, ""1"": 1}"
E2_CONTEXT_SIGN_FLIP,42004,LEGACY_INDEPENDENT_MC,8,CONTEXT_CONDITIONAL_ONLY,A,,"{""-1"": -1, ""1"": 1}"
E2_CONTEXT_SIGN_FLIP,42004,LEGACY_INDEPENDENT_MC,16,CONTEXT_CONDITIONAL_ONLY,A,,"{""-1"": -1, ""1"": 1}"
E2_CONTEXT_SIGN_FLIP,42004,LEGACY_INDEPENDENT_MC,32,CONTEXT_CONDITIONAL_ONLY,A,,"{""-1"": -1, ""1"": 1}"
E2_CONTEXT_SIGN_FLIP,42004,LEGACY_INDEPENDENT_MC,64,CONTEXT_CONDITIONAL_ONLY,A,,"{""-1"": -1, ""1"": 1}"
E2_CONTEXT_SIGN_FLIP,42004,LEGACY_INDEPENDENT_MC,128,CONTEXT_CONDITIONAL_ONLY,A,,"{""-1"": -1, ""1"": 1}"
E2_CONTEXT_SIGN_FLIP,42004,LEGACY_INDEPENDENT_MC,256,CONTEXT_CONDITIONAL_ONLY,A,,"{""-1"": -1, ""1"": 1}"
E2_CONTEXT_SIGN_FLIP,42005,ANTITHETIC_CRN_MC,8,CONTEXT_CONDITIONAL_ONLY,A,,"{""-1"": -1, ""1"": 1}"
E2_CONTEXT_SIGN_FLIP,42005,ANTITHETIC_CRN_MC,16,CONTEXT_CONDITIONAL_ONLY,A,,"{""-1"": -1, ""1"": 1}"
E2_CONTEXT_SIGN_FLIP,42005,ANTITHETIC_CRN_MC,32,CONTEXT_CONDITIONAL_ONLY,A,,"{""-1"": -1, ""1"": 1}"
E2_CONTEXT_SIGN_FLIP,42005,ANTITHETIC_CRN_MC,64,CONTEXT_CONDITIONAL_ONLY,A,,"{""-1"": -1, ""1"": 1}"
E2_CONTEXT_SIGN_FLIP,42005,ANTITHETIC_CRN_MC,128,CONTEXT_CONDITIONAL_ONLY,A,,"{""-1"": -1, ""1"": 1}"
E2_CONTEXT_SIGN_FLIP,42005,ANTITHETIC_CRN_MC,256,CONTEXT_CONDITIONAL_ONLY,A,,"{""-1"": -1, ""1"": 1}"
E2_CONTEXT_SIGN_FLIP,42005,CRN_CHAIN_MC,8,CONTEXT_CONDITIONAL_ONLY,A,,"{""-1"": -1, ""1"": 1}"
E2_CONTEXT_SIGN_FLIP,42005,CRN_CHAIN_MC,16,CONTEXT_CONDITIONAL_ONLY,A,,"{""-1"": -1, ""1"": 1}"
E2_CONTEXT_SIGN_FLIP,42005,CRN_CHAIN_MC,32,CONTEXT_CONDITIONAL_ONLY,A,,"{""-1"": -1, ""1"": 1}"
E2_CONTEXT_SIGN_FLIP,42005,CRN_CHAIN_MC,64,CONTEXT_CONDITIONAL_ONLY,A,,"{""-1"": -1, ""1"": 1}"
E2_CONTEXT_SIGN_FLIP,42005,CRN_CHAIN_MC,128,CONTEXT_CONDITIONAL_ONLY,A,,"{""-1"": -1, ""1"": 1}"
E2_CONTEXT_SIGN_FLIP,42005,CRN_CHAIN_MC,256,CONTEXT_CONDITIONAL_ONLY,A,,"{""-1"": -1, ""1"": 1}"
E2_CONTEXT_SIGN_FLIP,42005,DOUBLE_ANTITHETIC_CRN_MC,8,CONTEXT_CONDITIONAL_ONLY,A,,"{""-1"": -1, ""1"": 1}"
E2_CONTEXT_SIGN_FLIP,42005,DOUBLE_ANTITHETIC_CRN_MC,16,CONTEXT_CONDITIONAL_ONLY,A,,"{""-1"": -1, ""1"": 1}"
E2_CONTEXT_SIGN_FLIP,42005,DOUBLE_ANTITHETIC_CRN_MC,32,CONTEXT_CONDITIONAL_ONLY,A,,"{""-1"": -1, ""1"": 1}"
E2_CONTEXT_SIGN_FLIP,42005,DOUBLE_ANTITHETIC_CRN_MC,64,CONTEXT_CONDITIONAL_ONLY,A,,"{""-1"": -1, ""1"": 1}"
E2_CONTEXT_SIGN_FLIP,42005,DOUBLE_ANTITHETIC_CRN_MC,128,CONTEXT_CONDITIONAL_ONLY,A,,"{""-1"": -1, ""1"": 1}"
E2_CONTEXT_SIGN_FLIP,42005,DOUBLE_ANTITHETIC_CRN_MC,256,CONTEXT_CONDITIONAL_ONLY,A,,"{""-1"": -1, ""1"": 1}"
E2_CONTEXT_SIGN_FLIP,42005,LEGACY_INDEPENDENT_MC,8,CONTEXT_CONDITIONAL_ONLY,A,,"{""-1"": -1, ""1"": 1}"
E2_CONTEXT_SIGN_FLIP,42005,LEGACY_INDEPENDENT_MC,16,CONTEXT_CONDITIONAL_ONLY,A,,"{""-1"": -1, ""1"": 1}"
E2_CONTEXT_SIGN_FLIP,42005,LEGACY_INDEPENDENT_MC,32,CONTEXT_CONDITIONAL_ONLY,A,,"{""-1"": -1, ""1"": 1}"
E2_CONTEXT_SIGN_FLIP,42005,LEGACY_INDEPENDENT_MC,64,CONTEXT_CONDITIONAL_ONLY,A,,"{""-1"": -1, ""1"": 1}"
E2_CONTEXT_SIGN_FLIP,42005,LEGACY_INDEPENDENT_MC,128,CONTEXT_CONDITIONAL_ONLY,A,,"{""-1"": -1, ""1"": 1}"
E2_CONTEXT_SIGN_FLIP,42005,LEGACY_INDEPENDENT_MC,256,CONTEXT_CONDITIONAL_ONLY,A,,"{""-1"": -1, ""1"": 1}"
E2_CONTEXT_SIGN_FLIP,42006,ANTITHETIC_CRN_MC,8,CONTEXT_CONDITIONAL_ONLY,A,,"{""-1"": -1, ""1"": 1}"
E2_CONTEXT_SIGN_FLIP,42006,ANTITHETIC_CRN_MC,16,CONTEXT_CONDITIONAL_ONLY,A,,"{""-1"": -1, ""1"": 1}"
E2_CONTEXT_SIGN_FLIP,42006,ANTITHETIC_CRN_MC,32,CONTEXT_CONDITIONAL_ONLY,A,,"{""-1"": -1, ""1"": 1}"
E2_CONTEXT_SIGN_FLIP,42006,ANTITHETIC_CRN_MC,64,CONTEXT_CONDITIONAL_ONLY,A,,"{""-1"": -1, ""1"": 1}"
E2_CONTEXT_SIGN_FLIP,42006,ANTITHETIC_CRN_MC,128,CONTEXT_CONDITIONAL_ONLY,A,,"{""-1"": -1, ""1"": 1}"
E2_CONTEXT_SIGN_FLIP,42006,ANTITHETIC_CRN_MC,256,CONTEXT_CONDITIONAL_ONLY,A,,"{""-1"": -1, ""1"": 1}"
E2_CONTEXT_SIGN_FLIP,42006,CRN_CHAIN_MC,8,CONTEXT_CONDITIONAL_ONLY,A,,"{""-1"": -1, ""1"": 1}"
E2_CONTEXT_SIGN_FLIP,42006,CRN_CHAIN_MC,16,CONTEXT_CONDITIONAL_ONLY,A,,"{""-1"": -1, ""1"": 1}"
E2_CONTEXT_SIGN_FLIP,42006,CRN_CHAIN_MC,32,CONTEXT_CONDITIONAL_ONLY,A,,"{""-1"": -1, ""1"": 1}"
E2_CONTEXT_SIGN_FLIP,42006,CRN_CHAIN_MC,64,CONTEXT_CONDITIONAL_ONLY,A,,"{""-1"": -1, ""1"": 1}"
E2_CONTEXT_SIGN_FLIP,42006,CRN_CHAIN_MC,128,CONTEXT_CONDITIONAL_ONLY,A,,"{""-1"": -1, ""1"": 1}"
E2_CONTEXT_SIGN_FLIP,42006,CRN_CHAIN_MC,256,CONTEXT_CONDITIONAL_ONLY,A,,"{""-1"": -1, ""1"": 1}"
E2_CONTEXT_SIGN_FLIP,42006,DOUBLE_ANTITHETIC_CRN_MC,8,CONTEXT_CONDITIONAL_ONLY,A,,"{""-1"": -1, ""1"": 1}"
E2_CONTEXT_SIGN_FLIP,42006,DOUBLE_ANTITHETIC_CRN_MC,16,CONTEXT_CONDITIONAL_ONLY,A,,"{""-1"": -1, ""1"": 1}"
E2_CONTEXT_SIGN_FLIP,42006,DOUBLE_ANTITHETIC_CRN_MC,32,CONTEXT_CONDITIONAL_ONLY,A,,"{""-1"": -1, ""1"": 1}"
E2_CONTEXT_SIGN_FLIP,42006,DOUBLE_ANTITHETIC_CRN_MC,64,CONTEXT_CONDITIONAL_ONLY,A,,"{""-1"": -1, ""1"": 1}"
E2_CONTEXT_SIGN_FLIP,42006,DOUBLE_ANTITHETIC_CRN_MC,128,CONTEXT_CONDITIONAL_ONLY,A,,"{""-1"": -1, ""1"": 1}"
E2_CONTEXT_SIGN_FLIP,42006,DOUBLE_ANTITHETIC_CRN_MC,256,CONTEXT_CONDITIONAL_ONLY,A,,"{""-1"": -1, ""1"": 1}"
E2_CONTEXT_SIGN_FLIP,42006,LEGACY_INDEPENDENT_MC,8,CONTEXT_CONDITIONAL_ONLY,A,,"{""-1"": -1, ""1"": 1}"
E2_CONTEXT_SIGN_FLIP,42006,LEGACY_INDEPENDENT_MC,16,CONTEXT_CONDITIONAL_ONLY,A,,"{""-1"": -1, ""1"": 1}"
E2_CONTEXT_SIGN_FLIP,42006,LEGACY_INDEPENDENT_MC,32,CONTEXT_CONDITIONAL_ONLY,A,,"{""-1"": -1, ""1"": 1}"
E2_CONTEXT_SIGN_FLIP,42006,LEGACY_INDEPENDENT_MC,64,CONTEXT_CONDITIONAL_ONLY,A,,"{""-1"": -1, ""1"": 1}"
E2_CONTEXT_SIGN_FLIP,42006,LEGACY_INDEPENDENT_MC,128,CONTEXT_CONDITIONAL_ONLY,A,,"{""-1"": -1, ""1"": 1}"
E2_CONTEXT_SIGN_FLIP,42006,LEGACY_INDEPENDENT_MC,256,CONTEXT_CONDITIONAL_ONLY,A,,"{""-1"": -1, ""1"": 1}"
E2_CONTEXT_SIGN_FLIP,42007,ANTITHETIC_CRN_MC,8,CONTEXT_CONDITIONAL_ONLY,A,,"{""-1"": -1, ""1"": 1}"
E2_CONTEXT_SIGN_FLIP,42007,ANTITHETIC_CRN_MC,16,CONTEXT_CONDITIONAL_ONLY,A,,"{""-1"": -1, ""1"": 1}"
E2_CONTEXT_SIGN_FLIP,42007,ANTITHETIC_CRN_MC,32,CONTEXT_CONDITIONAL_ONLY,A,,"{""-1"": -1, ""1"": 1}"
E2_CONTEXT_SIGN_FLIP,42007,ANTITHETIC_CRN_MC,64,CONTEXT_CONDITIONAL_ONLY,A,,"{""-1"": -1, ""1"": 1}"
E2_CONTEXT_SIGN_FLIP,42007,ANTITHETIC_CRN_MC,128,CONTEXT_CONDITIONAL_ONLY,A,,"{""-1"": -1, ""1"": 1}"
E2_CONTEXT_SIGN_FLIP,42007,ANTITHETIC_CRN_MC,256,CONTEXT_CONDITIONAL_ONLY,A,,"{""-1"": -1, ""1"": 1}"
E2_CONTEXT_SIGN_FLIP,42007,CRN_CHAIN_MC,8,CONTEXT_CONDITIONAL_ONLY,A,,"{""-1"": -1, ""1"": 1}"
E2_CONTEXT_SIGN_FLIP,42007,CRN_CHAIN_MC,16,CONTEXT_CONDITIONAL_ONLY,A,,"{""-1"": -1, ""1"": 1}"
E2_CONTEXT_SIGN_FLIP,42007,CRN_CHAIN_MC,32,CONTEXT_CONDITIONAL_ONLY,A,,"{""-1"": -1, ""1"": 1}"
E2_CONTEXT_SIGN_FLIP,42007,CRN_CHAIN_MC,64,CONTEXT_CONDITIONAL_ONLY,A,,"{""-1"": -1, ""1"": 1}"
E2_CONTEXT_SIGN_FLIP,42007,CRN_CHAIN_MC,128,CONTEXT_CONDITIONAL_ONLY,A,,"{""-1"": -1, ""1"": 1}"
E2_CONTEXT_SIGN_FLIP,42007,CRN_CHAIN_MC,256,CONTEXT_CONDITIONAL_ONLY,A,,"{""-1"": -1, ""1"": 1}"
E2_CONTEXT_SIGN_FLIP,42007,DOUBLE_ANTITHETIC_CRN_MC,8,CONTEXT_CONDITIONAL_ONLY,A,,"{""-1"": -1, ""1"": 1}"
E2_CONTEXT_SIGN_FLIP,42007,DOUBLE_ANTITHETIC_CRN_MC,16,CONTEXT_CONDITIONAL_ONLY,A,,"{""-1"": -1, ""1"": 1}"
E2_CONTEXT_SIGN_FLIP,42007,DOUBLE_ANTITHETIC_CRN_MC,32,CONTEXT_CONDITIONAL_ONLY,A,,"{""-1"": -1, ""1"": 1}"
E2_CONTEXT_SIGN_FLIP,42007,DOUBLE_ANTITHETIC_CRN_MC,64,CONTEXT_CONDITIONAL_ONLY,A,,"{""-1"": -1, ""1"": 1}"
E2_CONTEXT_SIGN_FLIP,42007,DOUBLE_ANTITHETIC_CRN_MC,128,CONTEXT_CONDITIONAL_ONLY,A,,"{""-1"": -1, ""1"": 1}"
E2_CONTEXT_SIGN_FLIP,42007,DOUBLE_ANTITHETIC_CRN_MC,256,CONTEXT_CONDITIONAL_ONLY,A,,"{""-1"": -1, ""1"": 1}"
E2_CONTEXT_SIGN_FLIP,42007,LEGACY_INDEPENDENT_MC,8,CONTEXT_CONDITIONAL_ONLY,A,,"{""-1"": -1, ""1"": 1}"
E2_CONTEXT_SIGN_FLIP,42007,LEGACY_INDEPENDENT_MC,16,CONTEXT_CONDITIONAL_ONLY,A,,"{""-1"": -1, ""1"": 1}"
E2_CONTEXT_SIGN_FLIP,42007,LEGACY_INDEPENDENT_MC,32,CONTEXT_CONDITIONAL_ONLY,A,,"{""-1"": -1, ""1"": 1}"
E2_CONTEXT_SIGN_FLIP,42007,LEGACY_INDEPENDENT_MC,64,CONTEXT_CONDITIONAL_ONLY,A,,"{""-1"": -1, ""1"": 1}"
E2_CONTEXT_SIGN_FLIP,42007,LEGACY_INDEPENDENT_MC,128,CONTEXT_CONDITIONAL_ONLY,A,,"{""-1"": -1, ""1"": 1}"
E2_CONTEXT_SIGN_FLIP,42007,LEGACY_INDEPENDENT_MC,256,CONTEXT_CONDITIONAL_ONLY,A,,"{""-1"": -1, ""1"": 1}"
E2_CONTEXT_SIGN_FLIP,42008,ANTITHETIC_CRN_MC,8,CONTEXT_CONDITIONAL_ONLY,A,,"{""-1"": -1, ""1"": 1}"
E2_CONTEXT_SIGN_FLIP,42008,ANTITHETIC_CRN_MC,16,CONTEXT_CONDITIONAL_ONLY,A,,"{""-1"": -1, ""1"": 1}"
E2_CONTEXT_SIGN_FLIP,42008,ANTITHETIC_CRN_MC,32,CONTEXT_CONDITIONAL_ONLY,A,,"{""-1"": -1, ""1"": 1}"
E2_CONTEXT_SIGN_FLIP,42008,ANTITHETIC_CRN_MC,64,CONTEXT_CONDITIONAL_ONLY,A,,"{""-1"": -1, ""1"": 1}"
E2_CONTEXT_SIGN_FLIP,42008,ANTITHETIC_CRN_MC,128,CONTEXT_CONDITIONAL_ONLY,A,,"{""-1"": -1, ""1"": 1}"
E2_CONTEXT_SIGN_FLIP,42008,ANTITHETIC_CRN_MC,256,CONTEXT_CONDITIONAL_ONLY,A,,"{""-1"": -1, ""1"": 1}"
E2_CONTEXT_SIGN_FLIP,42008,CRN_CHAIN_MC,8,CONTEXT_CONDITIONAL_ONLY,A,,"{""-1"": -1, ""1"": 1}"
E2_CONTEXT_SIGN_FLIP,42008,CRN_CHAIN_MC,16,CONTEXT_CONDITIONAL_ONLY,A,,"{""-1"": -1, ""1"": 1}"
E2_CONTEXT_SIGN_FLIP,42008,CRN_CHAIN_MC,32,CONTEXT_CONDITIONAL_ONLY,A,,"{""-1"": -1, ""1"": 1}"
E2_CONTEXT_SIGN_FLIP,42008,CRN_CHAIN_MC,64,CONTEXT_CONDITIONAL_ONLY,A,,"{""-1"": -1, ""1"": 1}"
E2_CONTEXT_SIGN_FLIP,42008,CRN_CHAIN_MC,128,CONTEXT_CONDITIONAL_ONLY,A,,"{""-1"": -1, ""1"": 1}"
E2_CONTEXT_SIGN_FLIP,42008,CRN_CHAIN_MC,256,CONTEXT_CONDITIONAL_ONLY,A,,"{""-1"": -1, ""1"": 1}"
E2_CONTEXT_SIGN_FLIP,42008,DOUBLE_ANTITHETIC_CRN_MC,8,CONTEXT_CONDITIONAL_ONLY,A,,"{""-1"": -1, ""1"": 1}"
E2_CONTEXT_SIGN_FLIP,42008,DOUBLE_ANTITHETIC_CRN_MC,16,CONTEXT_CONDITIONAL_ONLY,A,,"{""-1"": -1, ""1"": 1}"
E2_CONTEXT_SIGN_FLIP,42008,DOUBLE_ANTITHETIC_CRN_MC,32,CONTEXT_CONDITIONAL_ONLY,A,,"{""-1"": -1, ""1"": 1}"
E2_CONTEXT_SIGN_FLIP,42008,DOUBLE_ANTITHETIC_CRN_MC,64,CONTEXT_CONDITIONAL_ONLY,A,,"{""-1"": -1, ""1"": 1}"
E2_CONTEXT_SIGN_FLIP,42008,DOUBLE_ANTITHETIC_CRN_MC,128,CONTEXT_CONDITIONAL_ONLY,A,,"{""-1"": -1, ""1"": 1}"
E2_CONTEXT_SIGN_FLIP,42008,DOUBLE_ANTITHETIC_CRN_MC,256,CONTEXT_CONDITIONAL_ONLY,A,,"{""-1"": -1, ""1"": 1}"
E2_CONTEXT_SIGN_FLIP,42008,LEGACY_INDEPENDENT_MC,8,CONTEXT_CONDITIONAL_ONLY,A,,"{""-1"": -1, ""1"": 1}"
E2_CONTEXT_SIGN_FLIP,42008,LEGACY_INDEPENDENT_MC,16,CONTEXT_CONDITIONAL_ONLY,A,,"{""-1"": -1, ""1"": 1}"
E2_CONTEXT_SIGN_FLIP,42008,LEGACY_INDEPENDENT_MC,32,CONTEXT_CONDITIONAL_ONLY,A,,"{""-1"": -1, ""1"": 1}"
E2_CONTEXT_SIGN_FLIP,42008,LEGACY_INDEPENDENT_MC,64,CONTEXT_CONDITIONAL_ONLY,A,,"{""-1"": -1, ""1"": 1}"
E2_CONTEXT_SIGN_FLIP,42008,LEGACY_INDEPENDENT_MC,128,CONTEXT_CONDITIONAL_ONLY,A,,"{""-1"": -1, ""1"": 1}"
E2_CONTEXT_SIGN_FLIP,42008,LEGACY_INDEPENDENT_MC,256,CONTEXT_CONDITIONAL_ONLY,A,,"{""-1"": -1, ""1"": 1}"
E2_CONTEXT_SIGN_FLIP,42009,ANTITHETIC_CRN_MC,8,CONTEXT_CONDITIONAL_ONLY,A,,"{""-1"": -1, ""1"": 1}"
E2_CONTEXT_SIGN_FLIP,42009,ANTITHETIC_CRN_MC,16,CONTEXT_CONDITIONAL_ONLY,A,,"{""-1"": -1, ""1"": 1}"
E2_CONTEXT_SIGN_FLIP,42009,ANTITHETIC_CRN_MC,32,CONTEXT_CONDITIONAL_ONLY,A,,"{""-1"": -1, ""1"": 1}"
E2_CONTEXT_SIGN_FLIP,42009,ANTITHETIC_CRN_MC,64,CONTEXT_CONDITIONAL_ONLY,A,,"{""-1"": -1, ""1"": 1}"
E2_CONTEXT_SIGN_FLIP,42009,ANTITHETIC_CRN_MC,128,CONTEXT_CONDITIONAL_ONLY,A,,"{""-1"": -1, ""1"": 1}"
E2_CONTEXT_SIGN_FLIP,42009,ANTITHETIC_CRN_MC,256,CONTEXT_CONDITIONAL_ONLY,A,,"{""-1"": -1, ""1"": 1}"
E2_CONTEXT_SIGN_FLIP,42009,CRN_CHAIN_MC,8,CONTEXT_CONDITIONAL_ONLY,A,,"{""-1"": -1, ""1"": 1}"
E2_CONTEXT_SIGN_FLIP,42009,CRN_CHAIN_MC,16,CONTEXT_CONDITIONAL_ONLY,A,,"{""-1"": -1, ""1"": 1}"
E2_CONTEXT_SIGN_FLIP,42009,CRN_CHAIN_MC,32,CONTEXT_CONDITIONAL_ONLY,A,,"{""-1"": -1, ""1"": 1}"
E2_CONTEXT_SIGN_FLIP,42009,CRN_CHAIN_MC,64,CONTEXT_CONDITIONAL_ONLY,A,,"{""-1"": -1, ""1"": 1}"
E2_CONTEXT_SIGN_FLIP,42009,CRN_CHAIN_MC,128,CONTEXT_CONDITIONAL_ONLY,A,,"{""-1"": -1, ""1"": 1}"
E2_CONTEXT_SIGN_FLIP,42009,CRN_CHAIN_MC,256,CONTEXT_CONDITIONAL_ONLY,A,,"{""-1"": -1, ""1"": 1}"
E2_CONTEXT_SIGN_FLIP,42009,DOUBLE_ANTITHETIC_CRN_MC,8,CONTEXT_CONDITIONAL_ONLY,A,,"{""-1"": -1, ""1"": 1}"
E2_CONTEXT_SIGN_FLIP,42009,DOUBLE_ANTITHETIC_CRN_MC,16,CONTEXT_CONDITIONAL_ONLY,A,,"{""-1"": -1, ""1"": 1}"
E2_CONTEXT_SIGN_FLIP,42009,DOUBLE_ANTITHETIC_CRN_MC,32,CONTEXT_CONDITIONAL_ONLY,A,,"{""-1"": -1, ""1"": 1}"
E2_CONTEXT_SIGN_FLIP,42009,DOUBLE_ANTITHETIC_CRN_MC,64,CONTEXT_CONDITIONAL_ONLY,A,,"{""-1"": -1, ""1"": 1}"
E2_CONTEXT_SIGN_FLIP,42009,DOUBLE_ANTITHETIC_CRN_MC,128,CONTEXT_CONDITIONAL_ONLY,A,,"{""-1"": -1, ""1"": 1}"
E2_CONTEXT_SIGN_FLIP,42009,DOUBLE_ANTITHETIC_CRN_MC,256,CONTEXT_CONDITIONAL_ONLY,A,,"{""-1"": -1, ""1"": 1}"
E2_CONTEXT_SIGN_FLIP,42009,LEGACY_INDEPENDENT_MC,8,CONTEXT_CONDITIONAL_ONLY,A,,"{""-1"": -1, ""1"": 1}"
E2_CONTEXT_SIGN_FLIP,42009,LEGACY_INDEPENDENT_MC,16,CONTEXT_CONDITIONAL_ONLY,A,,"{""-1"": -1, ""1"": 1}"
E2_CONTEXT_SIGN_FLIP,42009,LEGACY_INDEPENDENT_MC,32,CONTEXT_CONDITIONAL_ONLY,A,,"{""-1"": -1, ""1"": 1}"
E2_CONTEXT_SIGN_FLIP,42009,LEGACY_INDEPENDENT_MC,64,CONTEXT_CONDITIONAL_ONLY,A,,"{""-1"": -1, ""1"": 1}"
E2_CONTEXT_SIGN_FLIP,42009,LEGACY_INDEPENDENT_MC,128,CONTEXT_CONDITIONAL_ONLY,A,,"{""-1"": -1, ""1"": 1}"
E2_CONTEXT_SIGN_FLIP,42009,LEGACY_INDEPENDENT_MC,256,CONTEXT_CONDITIONAL_ONLY,A,,"{""-1"": -1, ""1"": 1}"
E2_CONTEXT_SIGN_FLIP,42010,ANTITHETIC_CRN_MC,8,CONTEXT_CONDITIONAL_ONLY,A,,"{""-1"": -1, ""1"": 1}"
E2_CONTEXT_SIGN_FLIP,42010,ANTITHETIC_CRN_MC,16,CONTEXT_CONDITIONAL_ONLY,A,,"{""-1"": -1, ""1"": 1}"
E2_CONTEXT_SIGN_FLIP,42010,ANTITHETIC_CRN_MC,32,CONTEXT_CONDITIONAL_ONLY,A,,"{""-1"": -1, ""1"": 1}"
E2_CONTEXT_SIGN_FLIP,42010,ANTITHETIC_CRN_MC,64,CONTEXT_CONDITIONAL_ONLY,A,,"{""-1"": -1, ""1"": 1}"
E2_CONTEXT_SIGN_FLIP,42010,ANTITHETIC_CRN_MC,128,CONTEXT_CONDITIONAL_ONLY,A,,"{""-1"": -1, ""1"": 1}"
E2_CONTEXT_SIGN_FLIP,42010,ANTITHETIC_CRN_MC,256,CONTEXT_CONDITIONAL_ONLY,A,,"{""-1"": -1, ""1"": 1}"
E2_CONTEXT_SIGN_FLIP,42010,CRN_CHAIN_MC,8,CONTEXT_CONDITIONAL_ONLY,A,,"{""-1"": -1, ""1"": 1}"
E2_CONTEXT_SIGN_FLIP,42010,CRN_CHAIN_MC,16,CONTEXT_CONDITIONAL_ONLY,A,,"{""-1"": -1, ""1"": 1}"
E2_CONTEXT_SIGN_FLIP,42010,CRN_CHAIN_MC,32,CONTEXT_CONDITIONAL_ONLY,A,,"{""-1"": -1, ""1"": 1}"
E2_CONTEXT_SIGN_FLIP,42010,CRN_CHAIN_MC,64,CONTEXT_CONDITIONAL_ONLY,A,,"{""-1"": -1, ""1"": 1}"
E2_CONTEXT_SIGN_FLIP,42010,CRN_CHAIN_MC,128,CONTEXT_CONDITIONAL_ONLY,A,,"{""-1"": -1, ""1"": 1}"
E2_CONTEXT_SIGN_FLIP,42010,CRN_CHAIN_MC,256,CONTEXT_CONDITIONAL_ONLY,A,,"{""-1"": -1, ""1"": 1}"
E2_CONTEXT_SIGN_FLIP,42010,DOUBLE_ANTITHETIC_CRN_MC,8,CONTEXT_CONDITIONAL_ONLY,A,,"{""-1"": -1, ""1"": 1}"
E2_CONTEXT_SIGN_FLIP,42010,DOUBLE_ANTITHETIC_CRN_MC,16,CONTEXT_CONDITIONAL_ONLY,A,,"{""-1"": -1, ""1"": 1}"
E2_CONTEXT_SIGN_FLIP,42010,DOUBLE_ANTITHETIC_CRN_MC,32,CONTEXT_CONDITIONAL_ONLY,A,,"{""-1"": -1, ""1"": 1}"
E2_CONTEXT_SIGN_FLIP,42010,DOUBLE_ANTITHETIC_CRN_MC,64,CONTEXT_CONDITIONAL_ONLY,A,,"{""-1"": -1, ""1"": 1}"
E2_CONTEXT_SIGN_FLIP,42010,DOUBLE_ANTITHETIC_CRN_MC,128,CONTEXT_CONDITIONAL_ONLY,A,,"{""-1"": -1, ""1"": 1}"
E2_CONTEXT_SIGN_FLIP,42010,DOUBLE_ANTITHETIC_CRN_MC,256,CONTEXT_CONDITIONAL_ONLY,A,,"{""-1"": -1, ""1"": 1}"
E2_CONTEXT_SIGN_FLIP,42010,LEGACY_INDEPENDENT_MC,8,CONTEXT_CONDITIONAL_ONLY,A,,"{""-1"": -1, ""1"": 1}"
E2_CONTEXT_SIGN_FLIP,42010,LEGACY_INDEPENDENT_MC,16,CONTEXT_CONDITIONAL_ONLY,A,,"{""-1"": -1, ""1"": 1}"
E2_CONTEXT_SIGN_FLIP,42010,LEGACY_INDEPENDENT_MC,32,CONTEXT_CONDITIONAL_ONLY,A,,"{""-1"": -1, ""1"": 1}"
E2_CONTEXT_SIGN_FLIP,42010,LEGACY_INDEPENDENT_MC,64,CONTEXT_CONDITIONAL_ONLY,A,,"{""-1"": -1, ""1"": 1}"
E2_CONTEXT_SIGN_FLIP,42010,LEGACY_INDEPENDENT_MC,128,CONTEXT_CONDITIONAL_ONLY,A,,"{""-1"": -1, ""1"": 1}"
E2_CONTEXT_SIGN_FLIP,42010,LEGACY_INDEPENDENT_MC,256,CONTEXT_CONDITIONAL_ONLY,A,,"{""-1"": -1, ""1"": 1}"
E2_CONTEXT_SIGN_FLIP,42011,ANTITHETIC_CRN_MC,8,CONTEXT_CONDITIONAL_ONLY,A,,"{""-1"": -1, ""1"": 1}"
E2_CONTEXT_SIGN_FLIP,42011,ANTITHETIC_CRN_MC,16,CONTEXT_CONDITIONAL_ONLY,A,,"{""-1"": -1, ""1"": 1}"
E2_CONTEXT_SIGN_FLIP,42011,ANTITHETIC_CRN_MC,32,CONTEXT_CONDITIONAL_ONLY,A,,"{""-1"": -1, ""1"": 1}"
E2_CONTEXT_SIGN_FLIP,42011,ANTITHETIC_CRN_MC,64,CONTEXT_CONDITIONAL_ONLY,A,,"{""-1"": -1, ""1"": 1}"
E2_CONTEXT_SIGN_FLIP,42011,ANTITHETIC_CRN_MC,128,CONTEXT_CONDITIONAL_ONLY,A,,"{""-1"": -1, ""1"": 1}"
E2_CONTEXT_SIGN_FLIP,42011,ANTITHETIC_CRN_MC,256,CONTEXT_CONDITIONAL_ONLY,A,,"{""-1"": -1, ""1"": 1}"
E2_CONTEXT_SIGN_FLIP,42011,CRN_CHAIN_MC,8,CONTEXT_CONDITIONAL_ONLY,A,,"{""-1"": -1, ""1"": 1}"
E2_CONTEXT_SIGN_FLIP,42011,CRN_CHAIN_MC,16,CONTEXT_CONDITIONAL_ONLY,A,,"{""-1"": -1, ""1"": 1}"
E2_CONTEXT_SIGN_FLIP,42011,CRN_CHAIN_MC,32,CONTEXT_CONDITIONAL_ONLY,A,,"{""-1"": -1, ""1"": 1}"
E2_CONTEXT_SIGN_FLIP,42011,CRN_CHAIN_MC,64,CONTEXT_CONDITIONAL_ONLY,A,,"{""-1"": -1, ""1"": 1}"
E2_CONTEXT_SIGN_FLIP,42011,CRN_CHAIN_MC,128,CONTEXT_CONDITIONAL_ONLY,A,,"{""-1"": -1, ""1"": 1}"
E2_CONTEXT_SIGN_FLIP,42011,CRN_CHAIN_MC,256,CONTEXT_CONDITIONAL_ONLY,A,,"{""-1"": -1, ""1"": 1}"
E2_CONTEXT_SIGN_FLIP,42011,DOUBLE_ANTITHETIC_CRN_MC,8,CONTEXT_CONDITIONAL_ONLY,A,,"{""-1"": -1, ""1"": 1}"
E2_CONTEXT_SIGN_FLIP,42011,DOUBLE_ANTITHETIC_CRN_MC,16,CONTEXT_CONDITIONAL_ONLY,A,,"{""-1"": -1, ""1"": 1}"
E2_CONTEXT_SIGN_FLIP,42011,DOUBLE_ANTITHETIC_CRN_MC,32,CONTEXT_CONDITIONAL_ONLY,A,,"{""-1"": -1, ""1"": 1}"
E2_CONTEXT_SIGN_FLIP,42011,DOUBLE_ANTITHETIC_CRN_MC,64,CONTEXT_CONDITIONAL_ONLY,A,,"{""-1"": -1, ""1"": 1}"
E2_CONTEXT_SIGN_FLIP,42011,DOUBLE_ANTITHETIC_CRN_MC,128,CONTEXT_CONDITIONAL_ONLY,A,,"{""-1"": -1, ""1"": 1}"
E2_CONTEXT_SIGN_FLIP,42011,DOUBLE_ANTITHETIC_CRN_MC,256,CONTEXT_CONDITIONAL_ONLY,A,,"{""-1"": -1, ""1"": 1}"
E2_CONTEXT_SIGN_FLIP,42011,LEGACY_INDEPENDENT_MC,8,CONTEXT_CONDITIONAL_ONLY,A,,"{""-1"": -1, ""1"": 1}"
E2_CONTEXT_SIGN_FLIP,42011,LEGACY_INDEPENDENT_MC,16,CONTEXT_CONDITIONAL_ONLY,A,,"{""-1"": -1, ""1"": 1}"
E2_CONTEXT_SIGN_FLIP,42011,LEGACY_INDEPENDENT_MC,32,CONTEXT_CONDITIONAL_ONLY,A,,"{""-1"": -1, ""1"": 1}"
E2_CONTEXT_SIGN_FLIP,42011,LEGACY_INDEPENDENT_MC,64,CONTEXT_CONDITIONAL_ONLY,A,,"{""-1"": -1, ""1"": 1}"
E2_CONTEXT_SIGN_FLIP,42011,LEGACY_INDEPENDENT_MC,128,CONTEXT_CONDITIONAL_ONLY,A,,"{""-1"": -1, ""1"": 1}"
E2_CONTEXT_SIGN_FLIP,42011,LEGACY_INDEPENDENT_MC,256,CONTEXT_CONDITIONAL_ONLY,A,,"{""-1"": -1, ""1"": 1}"
E2_CONTEXT_SIGN_FLIP,42012,ANTITHETIC_CRN_MC,8,CONTEXT_CONDITIONAL_ONLY,A,,"{""-1"": -1, ""1"": 1}"
E2_CONTEXT_SIGN_FLIP,42012,ANTITHETIC_CRN_MC,16,CONTEXT_CONDITIONAL_ONLY,A,,"{""-1"": -1, ""1"": 1}"
E2_CONTEXT_SIGN_FLIP,42012,ANTITHETIC_CRN_MC,32,CONTEXT_CONDITIONAL_ONLY,A,,"{""-1"": -1, ""1"": 1}"
E2_CONTEXT_SIGN_FLIP,42012,ANTITHETIC_CRN_MC,64,CONTEXT_CONDITIONAL_ONLY,A,,"{""-1"": -1, ""1"": 1}"
E2_CONTEXT_SIGN_FLIP,42012,ANTITHETIC_CRN_MC,128,CONTEXT_CONDITIONAL_ONLY,A,,"{""-1"": -1, ""1"": 1}"
E2_CONTEXT_SIGN_FLIP,42012,ANTITHETIC_CRN_MC,256,CONTEXT_CONDITIONAL_ONLY,A,,"{""-1"": -1, ""1"": 1}"
E2_CONTEXT_SIGN_FLIP,42012,CRN_CHAIN_MC,8,CONTEXT_CONDITIONAL_ONLY,A,,"{""-1"": -1, ""1"": 1}"
E2_CONTEXT_SIGN_FLIP,42012,CRN_CHAIN_MC,16,CONTEXT_CONDITIONAL_ONLY,A,,"{""-1"": -1, ""1"": 1}"
E2_CONTEXT_SIGN_FLIP,42012,CRN_CHAIN_MC,32,CONTEXT_CONDITIONAL_ONLY,A,,"{""-1"": -1, ""1"": 1}"
E2_CONTEXT_SIGN_FLIP,42012,CRN_CHAIN_MC,64,CONTEXT_CONDITIONAL_ONLY,A,,"{""-1"": -1, ""1"": 1}"
E2_CONTEXT_SIGN_FLIP,42012,CRN_CHAIN_MC,128,CONTEXT_CONDITIONAL_ONLY,A,,"{""-1"": -1, ""1"": 1}"
E2_CONTEXT_SIGN_FLIP,42012,CRN_CHAIN_MC,256,CONTEXT_CONDITIONAL_ONLY,A,,"{""-1"": -1, ""1"": 1}"
E2_CONTEXT_SIGN_FLIP,42012,DOUBLE_ANTITHETIC_CRN_MC,8,CONTEXT_CONDITIONAL_ONLY,A,,"{""-1"": -1, ""1"": 1}"
E2_CONTEXT_SIGN_FLIP,42012,DOUBLE_ANTITHETIC_CRN_MC,16,CONTEXT_CONDITIONAL_ONLY,A,,"{""-1"": -1, ""1"": 1}"
E2_CONTEXT_SIGN_FLIP,42012,DOUBLE_ANTITHETIC_CRN_MC,32,CONTEXT_CONDITIONAL_ONLY,A,,"{""-1"": -1, ""1"": 1}"
E2_CONTEXT_SIGN_FLIP,42012,DOUBLE_ANTITHETIC_CRN_MC,64,CONTEXT_CONDITIONAL_ONLY,A,,"{""-1"": -1, ""1"": 1}"
E2_CONTEXT_SIGN_FLIP,42012,DOUBLE_ANTITHETIC_CRN_MC,128,CONTEXT_CONDITIONAL_ONLY,A,,"{""-1"": -1, ""1"": 1}"
E2_CONTEXT_SIGN_FLIP,42012,DOUBLE_ANTITHETIC_CRN_MC,256,CONTEXT_CONDITIONAL_ONLY,A,,"{""-1"": -1, ""1"": 1}"
E2_CONTEXT_SIGN_FLIP,42012,LEGACY_INDEPENDENT_MC,8,CONTEXT_CONDITIONAL_ONLY,A,,"{""-1"": -1, ""1"": 1}"
E2_CONTEXT_SIGN_FLIP,42012,LEGACY_INDEPENDENT_MC,16,CONTEXT_CONDITIONAL_ONLY,A,,"{""-1"": -1, ""1"": 1}"
E2_CONTEXT_SIGN_FLIP,42012,LEGACY_INDEPENDENT_MC,32,CONTEXT_CONDITIONAL_ONLY,A,,"{""-1"": -1, ""1"": 1}"
E2_CONTEXT_SIGN_FLIP,42012,LEGACY_INDEPENDENT_MC,64,CONTEXT_CONDITIONAL_ONLY,A,,"{""-1"": -1, ""1"": 1}"
E2_CONTEXT_SIGN_FLIP,42012,LEGACY_INDEPENDENT_MC,128,CONTEXT_CONDITIONAL_ONLY,A,,"{""-1"": -1, ""1"": 1}"
E2_CONTEXT_SIGN_FLIP,42012,LEGACY_INDEPENDENT_MC,256,CONTEXT_CONDITIONAL_ONLY,A,,"{""-1"": -1, ""1"": 1}"
E2_CONTEXT_SIGN_FLIP,42013,ANTITHETIC_CRN_MC,8,CONTEXT_CONDITIONAL_ONLY,A,,"{""-1"": -1, ""1"": 1}"
E2_CONTEXT_SIGN_FLIP,42013,ANTITHETIC_CRN_MC,16,CONTEXT_CONDITIONAL_ONLY,A,,"{""-1"": -1, ""1"": 1}"
E2_CONTEXT_SIGN_FLIP,42013,ANTITHETIC_CRN_MC,32,CONTEXT_CONDITIONAL_ONLY,A,,"{""-1"": -1, ""1"": 1}"
E2_CONTEXT_SIGN_FLIP,42013,ANTITHETIC_CRN_MC,64,CONTEXT_CONDITIONAL_ONLY,A,,"{""-1"": -1, ""1"": 1}"
E2_CONTEXT_SIGN_FLIP,42013,ANTITHETIC_CRN_MC,128,CONTEXT_CONDITIONAL_ONLY,A,,"{""-1"": -1, ""1"": 1}"
E2_CONTEXT_SIGN_FLIP,42013,ANTITHETIC_CRN_MC,256,CONTEXT_CONDITIONAL_ONLY,A,,"{""-1"": -1, ""1"": 1}"
E2_CONTEXT_SIGN_FLIP,42013,CRN_CHAIN_MC,8,CONTEXT_CONDITIONAL_ONLY,A,,"{""-1"": -1, ""1"": 1}"
E2_CONTEXT_SIGN_FLIP,42013,CRN_CHAIN_MC,16,CONTEXT_CONDITIONAL_ONLY,A,,"{""-1"": -1, ""1"": 1}"
E2_CONTEXT_SIGN_FLIP,42013,CRN_CHAIN_MC,32,CONTEXT_CONDITIONAL_ONLY,A,,"{""-1"": -1, ""1"": 1}"
E2_CONTEXT_SIGN_FLIP,42013,CRN_CHAIN_MC,64,CONTEXT_CONDITIONAL_ONLY,A,,"{""-1"": -1, ""1"": 1}"
E2_CONTEXT_SIGN_FLIP,42013,CRN_CHAIN_MC,128,CONTEXT_CONDITIONAL_ONLY,A,,"{""-1"": -1, ""1"": 1}"
E2_CONTEXT_SIGN_FLIP,42013,CRN_CHAIN_MC,256,CONTEXT_CONDITIONAL_ONLY,A,,"{""-1"": -1, ""1"": 1}"
E2_CONTEXT_SIGN_FLIP,42013,DOUBLE_ANTITHETIC_CRN_MC,8,CONTEXT_CONDITIONAL_ONLY,A,,"{""-1"": -1, ""1"": 1}"
E2_CONTEXT_SIGN_FLIP,42013,DOUBLE_ANTITHETIC_CRN_MC,16,CONTEXT_CONDITIONAL_ONLY,A,,"{""-1"": -1, ""1"": 1}"
E2_CONTEXT_SIGN_FLIP,42013,DOUBLE_ANTITHETIC_CRN_MC,32,CONTEXT_CONDITIONAL_ONLY,A,,"{""-1"": -1, ""1"": 1}"
E2_CONTEXT_SIGN_FLIP,42013,DOUBLE_ANTITHETIC_CRN_MC,64,CONTEXT_CONDITIONAL_ONLY,A,,"{""-1"": -1, ""1"": 1}"
E2_CONTEXT_SIGN_FLIP,42013,DOUBLE_ANTITHETIC_CRN_MC,128,CONTEXT_CONDITIONAL_ONLY,A,,"{""-1"": -1, ""1"": 1}"
E2_CONTEXT_SIGN_FLIP,42013,DOUBLE_ANTITHETIC_CRN_MC,256,CONTEXT_CONDITIONAL_ONLY,A,,"{""-1"": -1, ""1"": 1}"
E2_CONTEXT_SIGN_FLIP,42013,LEGACY_INDEPENDENT_MC,8,CONTEXT_CONDITIONAL_ONLY,A,,"{""-1"": -1, ""1"": 1}"
E2_CONTEXT_SIGN_FLIP,42013,LEGACY_INDEPENDENT_MC,16,CONTEXT_CONDITIONAL_ONLY,A,,"{""-1"": -1, ""1"": 1}"
E2_CONTEXT_SIGN_FLIP,42013,LEGACY_INDEPENDENT_MC,32,CONTEXT_CONDITIONAL_ONLY,A,,"{""-1"": -1, ""1"": 1}"
E2_CONTEXT_SIGN_FLIP,42013,LEGACY_INDEPENDENT_MC,64,CONTEXT_CONDITIONAL_ONLY,A,,"{""-1"": -1, ""1"": 1}"
E2_CONTEXT_SIGN_FLIP,42013,LEGACY_INDEPENDENT_MC,128,CONTEXT_CONDITIONAL_ONLY,A,,"{""-1"": -1, ""1"": 1}"
E2_CONTEXT_SIGN_FLIP,42013,LEGACY_INDEPENDENT_MC,256,CONTEXT_CONDITIONAL_ONLY,A,,"{""-1"": -1, ""1"": 1}"
E2_CONTEXT_SIGN_FLIP,42014,ANTITHETIC_CRN_MC,8,CONTEXT_CONDITIONAL_ONLY,A,,"{""-1"": -1, ""1"": 1}"
E2_CONTEXT_SIGN_FLIP,42014,ANTITHETIC_CRN_MC,16,CONTEXT_CONDITIONAL_ONLY,A,,"{""-1"": -1, ""1"": 1}"
E2_CONTEXT_SIGN_FLIP,42014,ANTITHETIC_CRN_MC,32,CONTEXT_CONDITIONAL_ONLY,A,,"{""-1"": -1, ""1"": 1}"
E2_CONTEXT_SIGN_FLIP,42014,ANTITHETIC_CRN_MC,64,CONTEXT_CONDITIONAL_ONLY,A,,"{""-1"": -1, ""1"": 1}"
E2_CONTEXT_SIGN_FLIP,42014,ANTITHETIC_CRN_MC,128,CONTEXT_CONDITIONAL_ONLY,A,,"{""-1"": -1, ""1"": 1}"
E2_CONTEXT_SIGN_FLIP,42014,ANTITHETIC_CRN_MC,256,CONTEXT_CONDITIONAL_ONLY,A,,"{""-1"": -1, ""1"": 1}"
E2_CONTEXT_SIGN_FLIP,42014,CRN_CHAIN_MC,8,CONTEXT_CONDITIONAL_ONLY,A,,"{""-1"": -1, ""1"": 1}"
E2_CONTEXT_SIGN_FLIP,42014,CRN_CHAIN_MC,16,CONTEXT_CONDITIONAL_ONLY,A,,"{""-1"": -1, ""1"": 1}"
E2_CONTEXT_SIGN_FLIP,42014,CRN_CHAIN_MC,32,CONTEXT_CONDITIONAL_ONLY,A,,"{""-1"": -1, ""1"": 1}"
E2_CONTEXT_SIGN_FLIP,42014,CRN_CHAIN_MC,64,CONTEXT_CONDITIONAL_ONLY,A,,"{""-1"": -1, ""1"": 1}"
E2_CONTEXT_SIGN_FLIP,42014,CRN_CHAIN_MC,128,CONTEXT_CONDITIONAL_ONLY,A,,"{""-1"": -1, ""1"": 1}"
E2_CONTEXT_SIGN_FLIP,42014,CRN_CHAIN_MC,256,CONTEXT_CONDITIONAL_ONLY,A,,"{""-1"": -1, ""1"": 1}"
E2_CONTEXT_SIGN_FLIP,42014,DOUBLE_ANTITHETIC_CRN_MC,8,CONTEXT_CONDITIONAL_ONLY,A,,"{""-1"": -1, ""1"": 1}"
E2_CONTEXT_SIGN_FLIP,42014,DOUBLE_ANTITHETIC_CRN_MC,16,CONTEXT_CONDITIONAL_ONLY,A,,"{""-1"": -1, ""1"": 1}"
E2_CONTEXT_SIGN_FLIP,42014,DOUBLE_ANTITHETIC_CRN_MC,32,CONTEXT_CONDITIONAL_ONLY,A,,"{""-1"": -1, ""1"": 1}"
E2_CONTEXT_SIGN_FLIP,42014,DOUBLE_ANTITHETIC_CRN_MC,64,CONTEXT_CONDITIONAL_ONLY,A,,"{""-1"": -1, ""1"": 1}"
E2_CONTEXT_SIGN_FLIP,42014,DOUBLE_ANTITHETIC_CRN_MC,128,CONTEXT_CONDITIONAL_ONLY,A,,"{""-1"": -1, ""1"": 1}"
E2_CONTEXT_SIGN_FLIP,42014,DOUBLE_ANTITHETIC_CRN_MC,256,CONTEXT_CONDITIONAL_ONLY,A,,"{""-1"": -1, ""1"": 1}"
E2_CONTEXT_SIGN_FLIP,42014,LEGACY_INDEPENDENT_MC,8,CONTEXT_CONDITIONAL_ONLY,A,,"{""-1"": -1, ""1"": 1}"
E2_CONTEXT_SIGN_FLIP,42014,LEGACY_INDEPENDENT_MC,16,CONTEXT_CONDITIONAL_ONLY,A,,"{""-1"": -1, ""1"": 1}"
E2_CONTEXT_SIGN_FLIP,42014,LEGACY_INDEPENDENT_MC,32,CONTEXT_CONDITIONAL_ONLY,A,,"{""-1"": -1, ""1"": 1}"
E2_CONTEXT_SIGN_FLIP,42014,LEGACY_INDEPENDENT_MC,64,CONTEXT_CONDITIONAL_ONLY,A,,"{""-1"": -1, ""1"": 1}"
E2_CONTEXT_SIGN_FLIP,42014,LEGACY_INDEPENDENT_MC,128,CONTEXT_CONDITIONAL_ONLY,A,,"{""-1"": -1, ""1"": 1}"
E2_CONTEXT_SIGN_FLIP,42014,LEGACY_INDEPENDENT_MC,256,CONTEXT_CONDITIONAL_ONLY,A,,"{""-1"": -1, ""1"": 1}"
E2_CONTEXT_SIGN_FLIP,42015,ANTITHETIC_CRN_MC,8,CONTEXT_CONDITIONAL_ONLY,A,,"{""-1"": -1, ""1"": 1}"
E2_CONTEXT_SIGN_FLIP,42015,ANTITHETIC_CRN_MC,16,CONTEXT_CONDITIONAL_ONLY,A,,"{""-1"": -1, ""1"": 1}"
E2_CONTEXT_SIGN_FLIP,42015,ANTITHETIC_CRN_MC,32,CONTEXT_CONDITIONAL_ONLY,A,,"{""-1"": -1, ""1"": 1}"
E2_CONTEXT_SIGN_FLIP,42015,ANTITHETIC_CRN_MC,64,CONTEXT_CONDITIONAL_ONLY,A,,"{""-1"": -1, ""1"": 1}"
E2_CONTEXT_SIGN_FLIP,42015,ANTITHETIC_CRN_MC,128,CONTEXT_CONDITIONAL_ONLY,A,,"{""-1"": -1, ""1"": 1}"
E2_CONTEXT_SIGN_FLIP,42015,ANTITHETIC_CRN_MC,256,CONTEXT_CONDITIONAL_ONLY,A,,"{""-1"": -1, ""1"": 1}"
E2_CONTEXT_SIGN_FLIP,42015,CRN_CHAIN_MC,8,CONTEXT_CONDITIONAL_ONLY,A,,"{""-1"": -1, ""1"": 1}"
E2_CONTEXT_SIGN_FLIP,42015,CRN_CHAIN_MC,16,CONTEXT_CONDITIONAL_ONLY,A,,"{""-1"": -1, ""1"": 1}"
E2_CONTEXT_SIGN_FLIP,42015,CRN_CHAIN_MC,32,CONTEXT_CONDITIONAL_ONLY,A,,"{""-1"": -1, ""1"": 1}"
E2_CONTEXT_SIGN_FLIP,42015,CRN_CHAIN_MC,64,CONTEXT_CONDITIONAL_ONLY,A,,"{""-1"": -1, ""1"": 1}"
E2_CONTEXT_SIGN_FLIP,42015,CRN_CHAIN_MC,128,CONTEXT_CONDITIONAL_ONLY,A,,"{""-1"": -1, ""1"": 1}"
E2_CONTEXT_SIGN_FLIP,42015,CRN_CHAIN_MC,256,CONTEXT_CONDITIONAL_ONLY,A,,"{""-1"": -1, ""1"": 1}"
E2_CONTEXT_SIGN_FLIP,42015,DOUBLE_ANTITHETIC_CRN_MC,8,CONTEXT_CONDITIONAL_ONLY,A,,"{""-1"": -1, ""1"": 1}"
E2_CONTEXT_SIGN_FLIP,42015,DOUBLE_ANTITHETIC_CRN_MC,16,CONTEXT_CONDITIONAL_ONLY,A,,"{""-1"": -1, ""1"": 1}"
E2_CONTEXT_SIGN_FLIP,42015,DOUBLE_ANTITHETIC_CRN_MC,32,CONTEXT_CONDITIONAL_ONLY,A,,"{""-1"": -1, ""1"": 1}"
E2_CONTEXT_SIGN_FLIP,42015,DOUBLE_ANTITHETIC_CRN_MC,64,CONTEXT_CONDITIONAL_ONLY,A,,"{""-1"": -1, ""1"": 1}"
E2_CONTEXT_SIGN_FLIP,42015,DOUBLE_ANTITHETIC_CRN_MC,128,CONTEXT_CONDITIONAL_ONLY,A,,"{""-1"": -1, ""1"": 1}"
E2_CONTEXT_SIGN_FLIP,42015,DOUBLE_ANTITHETIC_CRN_MC,256,CONTEXT_CONDITIONAL_ONLY,A,,"{""-1"": -1, ""1"": 1}"
E2_CONTEXT_SIGN_FLIP,42015,LEGACY_INDEPENDENT_MC,8,CONTEXT_CONDITIONAL_ONLY,A,,"{""-1"": -1, ""1"": 1}"
E2_CONTEXT_SIGN_FLIP,42015,LEGACY_INDEPENDENT_MC,16,CONTEXT_CONDITIONAL_ONLY,A,,"{""-1"": -1, ""1"": 1}"
E2_CONTEXT_SIGN_FLIP,42015,LEGACY_INDEPENDENT_MC,32,CONTEXT_CONDITIONAL_ONLY,A,,"{""-1"": -1, ""1"": 1}"
E2_CONTEXT_SIGN_FLIP,42015,LEGACY_INDEPENDENT_MC,64,CONTEXT_CONDITIONAL_ONLY,A,,"{""-1"": -1, ""1"": 1}"
E2_CONTEXT_SIGN_FLIP,42015,LEGACY_INDEPENDENT_MC,128,CONTEXT_CONDITIONAL_ONLY,A,,"{""-1"": -1, ""1"": 1}"
E2_CONTEXT_SIGN_FLIP,42015,LEGACY_INDEPENDENT_MC,256,CONTEXT_CONDITIONAL_ONLY,A,,"{""-1"": -1, ""1"": 1}"
E2_CONTEXT_SIGN_FLIP,42016,ANTITHETIC_CRN_MC,8,CONTEXT_CONDITIONAL_ONLY,A,,"{""-1"": -1, ""1"": 1}"
E2_CONTEXT_SIGN_FLIP,42016,ANTITHETIC_CRN_MC,16,CONTEXT_CONDITIONAL_ONLY,A,,"{""-1"": -1, ""1"": 1}"
E2_CONTEXT_SIGN_FLIP,42016,ANTITHETIC_CRN_MC,32,CONTEXT_CONDITIONAL_ONLY,A,,"{""-1"": -1, ""1"": 1}"
E2_CONTEXT_SIGN_FLIP,42016,ANTITHETIC_CRN_MC,64,CONTEXT_CONDITIONAL_ONLY,A,,"{""-1"": -1, ""1"": 1}"
E2_CONTEXT_SIGN_FLIP,42016,ANTITHETIC_CRN_MC,128,CONTEXT_CONDITIONAL_ONLY,A,,"{""-1"": -1, ""1"": 1}"
E2_CONTEXT_SIGN_FLIP,42016,ANTITHETIC_CRN_MC,256,CONTEXT_CONDITIONAL_ONLY,A,,"{""-1"": -1, ""1"": 1}"
E2_CONTEXT_SIGN_FLIP,42016,CRN_CHAIN_MC,8,CONTEXT_CONDITIONAL_ONLY,A,,"{""-1"": -1, ""1"": 1}"
E2_CONTEXT_SIGN_FLIP,42016,CRN_CHAIN_MC,16,CONTEXT_CONDITIONAL_ONLY,A,,"{""-1"": -1, ""1"": 1}"
E2_CONTEXT_SIGN_FLIP,42016,CRN_CHAIN_MC,32,CONTEXT_CONDITIONAL_ONLY,A,,"{""-1"": -1, ""1"": 1}"
E2_CONTEXT_SIGN_FLIP,42016,CRN_CHAIN_MC,64,CONTEXT_CONDITIONAL_ONLY,A,,"{""-1"": -1, ""1"": 1}"
E2_CONTEXT_SIGN_FLIP,42016,CRN_CHAIN_MC,128,CONTEXT_CONDITIONAL_ONLY,A,,"{""-1"": -1, ""1"": 1}"
E2_CONTEXT_SIGN_FLIP,42016,CRN_CHAIN_MC,256,CONTEXT_CONDITIONAL_ONLY,A,,"{""-1"": -1, ""1"": 1}"
E2_CONTEXT_SIGN_FLIP,42016,DOUBLE_ANTITHETIC_CRN_MC,8,CONTEXT_CONDITIONAL_ONLY,A,,"{""-1"": -1, ""1"": 1}"
E2_CONTEXT_SIGN_FLIP,42016,DOUBLE_ANTITHETIC_CRN_MC,16,CONTEXT_CONDITIONAL_ONLY,A,,"{""-1"": -1, ""1"": 1}"
E2_CONTEXT_SIGN_FLIP,42016,DOUBLE_ANTITHETIC_CRN_MC,32,CONTEXT_CONDITIONAL_ONLY,A,,"{""-1"": -1, ""1"": 1}"
E2_CONTEXT_SIGN_FLIP,42016,DOUBLE_ANTITHETIC_CRN_MC,64,CONTEXT_CONDITIONAL_ONLY,A,,"{""-1"": -1, ""1"": 1}"
E2_CONTEXT_SIGN_FLIP,42016,DOUBLE_ANTITHETIC_CRN_MC,128,CONTEXT_CONDITIONAL_ONLY,A,,"{""-1"": -1, ""1"": 1}"
E2_CONTEXT_SIGN_FLIP,42016,DOUBLE_ANTITHETIC_CRN_MC,256,CONTEXT_CONDITIONAL_ONLY,A,,"{""-1"": -1, ""1"": 1}"
E2_CONTEXT_SIGN_FLIP,42016,LEGACY_INDEPENDENT_MC,8,CONTEXT_CONDITIONAL_ONLY,A,,"{""-1"": -1, ""1"": 1}"
E2_CONTEXT_SIGN_FLIP,42016,LEGACY_INDEPENDENT_MC,16,CONTEXT_CONDITIONAL_ONLY,A,,"{""-1"": -1, ""1"": 1}"
E2_CONTEXT_SIGN_FLIP,42016,LEGACY_INDEPENDENT_MC,32,CONTEXT_CONDITIONAL_ONLY,A,,"{""-1"": -1, ""1"": 1}"
E2_CONTEXT_SIGN_FLIP,42016,LEGACY_INDEPENDENT_MC,64,CONTEXT_CONDITIONAL_ONLY,A,,"{""-1"": -1, ""1"": 1}"
E2_CONTEXT_SIGN_FLIP,42016,LEGACY_INDEPENDENT_MC,128,CONTEXT_CONDITIONAL_ONLY,A,,"{""-1"": -1, ""1"": 1}"
E2_CONTEXT_SIGN_FLIP,42016,LEGACY_INDEPENDENT_MC,256,CONTEXT_CONDITIONAL_ONLY,A,,"{""-1"": -1, ""1"": 1}"
E2_CONTEXT_SIGN_FLIP,42017,ANTITHETIC_CRN_MC,8,CONTEXT_CONDITIONAL_ONLY,A,,"{""-1"": -1, ""1"": 1}"
E2_CONTEXT_SIGN_FLIP,42017,ANTITHETIC_CRN_MC,16,CONTEXT_CONDITIONAL_ONLY,A,,"{""-1"": -1, ""1"": 1}"
E2_CONTEXT_SIGN_FLIP,42017,ANTITHETIC_CRN_MC,32,CONTEXT_CONDITIONAL_ONLY,A,,"{""-1"": -1, ""1"": 1}"
E2_CONTEXT_SIGN_FLIP,42017,ANTITHETIC_CRN_MC,64,CONTEXT_CONDITIONAL_ONLY,A,,"{""-1"": -1, ""1"": 1}"
E2_CONTEXT_SIGN_FLIP,42017,ANTITHETIC_CRN_MC,128,CONTEXT_CONDITIONAL_ONLY,A,,"{""-1"": -1, ""1"": 1}"
E2_CONTEXT_SIGN_FLIP,42017,ANTITHETIC_CRN_MC,256,CONTEXT_CONDITIONAL_ONLY,A,,"{""-1"": -1, ""1"": 1}"
E2_CONTEXT_SIGN_FLIP,42017,CRN_CHAIN_MC,8,CONTEXT_CONDITIONAL_ONLY,A,,"{""-1"": -1, ""1"": 1}"
E2_CONTEXT_SIGN_FLIP,42017,CRN_CHAIN_MC,16,CONTEXT_CONDITIONAL_ONLY,A,,"{""-1"": -1, ""1"": 1}"
E2_CONTEXT_SIGN_FLIP,42017,CRN_CHAIN_MC,32,CONTEXT_CONDITIONAL_ONLY,A,,"{""-1"": -1, ""1"": 1}"
E2_CONTEXT_SIGN_FLIP,42017,CRN_CHAIN_MC,64,CONTEXT_CONDITIONAL_ONLY,A,,"{""-1"": -1, ""1"": 1}"
E2_CONTEXT_SIGN_FLIP,42017,CRN_CHAIN_MC,128,CONTEXT_CONDITIONAL_ONLY,A,,"{""-1"": -1, ""1"": 1}"
E2_CONTEXT_SIGN_FLIP,42017,CRN_CHAIN_MC,256,CONTEXT_CONDITIONAL_ONLY,A,,"{""-1"": -1, ""1"": 1}"
E2_CONTEXT_SIGN_FLIP,42017,DOUBLE_ANTITHETIC_CRN_MC,8,CONTEXT_CONDITIONAL_ONLY,A,,"{""-1"": -1, ""1"": 1}"
E2_CONTEXT_SIGN_FLIP,42017,DOUBLE_ANTITHETIC_CRN_MC,16,CONTEXT_CONDITIONAL_ONLY,A,,"{""-1"": -1, ""1"": 1}"
E2_CONTEXT_SIGN_FLIP,42017,DOUBLE_ANTITHETIC_CRN_MC,32,CONTEXT_CONDITIONAL_ONLY,A,,"{""-1"": -1, ""1"": 1}"
E2_CONTEXT_SIGN_FLIP,42017,DOUBLE_ANTITHETIC_CRN_MC,64,CONTEXT_CONDITIONAL_ONLY,A,,"{""-1"": -1, ""1"": 1}"
E2_CONTEXT_SIGN_FLIP,42017,DOUBLE_ANTITHETIC_CRN_MC,128,CONTEXT_CONDITIONAL_ONLY,A,,"{""-1"": -1, ""1"": 1}"
E2_CONTEXT_SIGN_FLIP,42017,DOUBLE_ANTITHETIC_CRN_MC,256,CONTEXT_CONDITIONAL_ONLY,A,,"{""-1"": -1, ""1"": 1}"
E2_CONTEXT_SIGN_FLIP,42017,LEGACY_INDEPENDENT_MC,8,CONTEXT_CONDITIONAL_ONLY,A,,"{""-1"": -1, ""1"": 1}"
E2_CONTEXT_SIGN_FLIP,42017,LEGACY_INDEPENDENT_MC,16,CONTEXT_CONDITIONAL_ONLY,A,,"{""-1"": -1, ""1"": 1}"
E2_CONTEXT_SIGN_FLIP,42017,LEGACY_INDEPENDENT_MC,32,CONTEXT_CONDITIONAL_ONLY,A,,"{""-1"": -1, ""1"": 1}"
E2_CONTEXT_SIGN_FLIP,42017,LEGACY_INDEPENDENT_MC,64,CONTEXT_CONDITIONAL_ONLY,A,,"{""-1"": -1, ""1"": 1}"
E2_CONTEXT_SIGN_FLIP,42017,LEGACY_INDEPENDENT_MC,128,CONTEXT_CONDITIONAL_ONLY,A,,"{""-1"": -1, ""1"": 1}"
E2_CONTEXT_SIGN_FLIP,42017,LEGACY_INDEPENDENT_MC,256,CONTEXT_CONDITIONAL_ONLY,A,,"{""-1"": -1, ""1"": 1}"
E2_CONTEXT_SIGN_FLIP,42018,ANTITHETIC_CRN_MC,8,CONTEXT_CONDITIONAL_ONLY,A,,"{""-1"": -1, ""1"": 1}"
E2_CONTEXT_SIGN_FLIP,42018,ANTITHETIC_CRN_MC,16,CONTEXT_CONDITIONAL_ONLY,A,,"{""-1"": -1, ""1"": 1}"
E2_CONTEXT_SIGN_FLIP,42018,ANTITHETIC_CRN_MC,32,CONTEXT_CONDITIONAL_ONLY,A,,"{""-1"": -1, ""1"": 1}"
E2_CONTEXT_SIGN_FLIP,42018,ANTITHETIC_CRN_MC,64,CONTEXT_CONDITIONAL_ONLY,A,,"{""-1"": -1, ""1"": 1}"
E2_CONTEXT_SIGN_FLIP,42018,ANTITHETIC_CRN_MC,128,CONTEXT_CONDITIONAL_ONLY,A,,"{""-1"": -1, ""1"": 1}"
E2_CONTEXT_SIGN_FLIP,42018,ANTITHETIC_CRN_MC,256,CONTEXT_CONDITIONAL_ONLY,A,,"{""-1"": -1, ""1"": 1}"
E2_CONTEXT_SIGN_FLIP,42018,CRN_CHAIN_MC,8,CONTEXT_CONDITIONAL_ONLY,A,,"{""-1"": -1, ""1"": 1}"
E2_CONTEXT_SIGN_FLIP,42018,CRN_CHAIN_MC,16,CONTEXT_CONDITIONAL_ONLY,A,,"{""-1"": -1, ""1"": 1}"
E2_CONTEXT_SIGN_FLIP,42018,CRN_CHAIN_MC,32,CONTEXT_CONDITIONAL_ONLY,A,,"{""-1"": -1, ""1"": 1}"
E2_CONTEXT_SIGN_FLIP,42018,CRN_CHAIN_MC,64,CONTEXT_CONDITIONAL_ONLY,A,,"{""-1"": -1, ""1"": 1}"
E2_CONTEXT_SIGN_FLIP,42018,CRN_CHAIN_MC,128,CONTEXT_CONDITIONAL_ONLY,A,,"{""-1"": -1, ""1"": 1}"
E2_CONTEXT_SIGN_FLIP,42018,CRN_CHAIN_MC,256,CONTEXT_CONDITIONAL_ONLY,A,,"{""-1"": -1, ""1"": 1}"
E2_CONTEXT_SIGN_FLIP,42018,DOUBLE_ANTITHETIC_CRN_MC,8,CONTEXT_CONDITIONAL_ONLY,A,,"{""-1"": -1, ""1"": 1}"
E2_CONTEXT_SIGN_FLIP,42018,DOUBLE_ANTITHETIC_CRN_MC,16,CONTEXT_CONDITIONAL_ONLY,A,,"{""-1"": -1, ""1"": 1}"
E2_CONTEXT_SIGN_FLIP,42018,DOUBLE_ANTITHETIC_CRN_MC,32,CONTEXT_CONDITIONAL_ONLY,A,,"{""-1"": -1, ""1"": 1}"
E2_CONTEXT_SIGN_FLIP,42018,DOUBLE_ANTITHETIC_CRN_MC,64,CONTEXT_CONDITIONAL_ONLY,A,,"{""-1"": -1, ""1"": 1}"
E2_CONTEXT_SIGN_FLIP,42018,DOUBLE_ANTITHETIC_CRN_MC,128,CONTEXT_CONDITIONAL_ONLY,A,,"{""-1"": -1, ""1"": 1}"
E2_CONTEXT_SIGN_FLIP,42018,DOUBLE_ANTITHETIC_CRN_MC,256,CONTEXT_CONDITIONAL_ONLY,A,,"{""-1"": -1, ""1"": 1}"
E2_CONTEXT_SIGN_FLIP,42018,LEGACY_INDEPENDENT_MC,8,CONTEXT_CONDITIONAL_ONLY,A,,"{""-1"": -1, ""1"": 1}"
E2_CONTEXT_SIGN_FLIP,42018,LEGACY_INDEPENDENT_MC,16,CONTEXT_CONDITIONAL_ONLY,A,,"{""-1"": -1, ""1"": 1}"
E2_CONTEXT_SIGN_FLIP,42018,LEGACY_INDEPENDENT_MC,32,CONTEXT_CONDITIONAL_ONLY,A,,"{""-1"": -1, ""1"": 1}"
E2_CONTEXT_SIGN_FLIP,42018,LEGACY_INDEPENDENT_MC,64,CONTEXT_CONDITIONAL_ONLY,A,,"{""-1"": -1, ""1"": 1}"
E2_CONTEXT_SIGN_FLIP,42018,LEGACY_INDEPENDENT_MC,128,CONTEXT_CONDITIONAL_ONLY,A,,"{""-1"": -1, ""1"": 1}"
E2_CONTEXT_SIGN_FLIP,42018,LEGACY_INDEPENDENT_MC,256,CONTEXT_CONDITIONAL_ONLY,A,,"{""-1"": -1, ""1"": 1}"
E2_CONTEXT_SIGN_FLIP,42019,ANTITHETIC_CRN_MC,8,CONTEXT_CONDITIONAL_ONLY,A,,"{""-1"": -1, ""1"": 1}"
E2_CONTEXT_SIGN_FLIP,42019,ANTITHETIC_CRN_MC,16,CONTEXT_CONDITIONAL_ONLY,A,,"{""-1"": -1, ""1"": 1}"
E2_CONTEXT_SIGN_FLIP,42019,ANTITHETIC_CRN_MC,32,CONTEXT_CONDITIONAL_ONLY,A,,"{""-1"": -1, ""1"": 1}"
E2_CONTEXT_SIGN_FLIP,42019,ANTITHETIC_CRN_MC,64,CONTEXT_CONDITIONAL_ONLY,A,,"{""-1"": -1, ""1"": 1}"
E2_CONTEXT_SIGN_FLIP,42019,ANTITHETIC_CRN_MC,128,CONTEXT_CONDITIONAL_ONLY,A,,"{""-1"": -1, ""1"": 1}"
E2_CONTEXT_SIGN_FLIP,42019,ANTITHETIC_CRN_MC,256,CONTEXT_CONDITIONAL_ONLY,A,,"{""-1"": -1, ""1"": 1}"
E2_CONTEXT_SIGN_FLIP,42019,CRN_CHAIN_MC,8,CONTEXT_CONDITIONAL_ONLY,A,,"{""-1"": -1, ""1"": 1}"
E2_CONTEXT_SIGN_FLIP,42019,CRN_CHAIN_MC,16,CONTEXT_CONDITIONAL_ONLY,A,,"{""-1"": -1, ""1"": 1}"
E2_CONTEXT_SIGN_FLIP,42019,CRN_CHAIN_MC,32,CONTEXT_CONDITIONAL_ONLY,A,,"{""-1"": -1, ""1"": 1}"
E2_CONTEXT_SIGN_FLIP,42019,CRN_CHAIN_MC,64,CONTEXT_CONDITIONAL_ONLY,A,,"{""-1"": -1, ""1"": 1}"
E2_CONTEXT_SIGN_FLIP,42019,CRN_CHAIN_MC,128,CONTEXT_CONDITIONAL_ONLY,A,,"{""-1"": -1, ""1"": 1}"
E2_CONTEXT_SIGN_FLIP,42019,CRN_CHAIN_MC,256,CONTEXT_CONDITIONAL_ONLY,A,,"{""-1"": -1, ""1"": 1}"
E2_CONTEXT_SIGN_FLIP,42019,DOUBLE_ANTITHETIC_CRN_MC,8,CONTEXT_CONDITIONAL_ONLY,A,,"{""-1"": -1, ""1"": 1}"
E2_CONTEXT_SIGN_FLIP,42019,DOUBLE_ANTITHETIC_CRN_MC,16,CONTEXT_CONDITIONAL_ONLY,A,,"{""-1"": -1, ""1"": 1}"
E2_CONTEXT_SIGN_FLIP,42019,DOUBLE_ANTITHETIC_CRN_MC,32,CONTEXT_CONDITIONAL_ONLY,A,,"{""-1"": -1, ""1"": 1}"
E2_CONTEXT_SIGN_FLIP,42019,DOUBLE_ANTITHETIC_CRN_MC,64,CONTEXT_CONDITIONAL_ONLY,A,,"{""-1"": -1, ""1"": 1}"
E2_CONTEXT_SIGN_FLIP,42019,DOUBLE_ANTITHETIC_CRN_MC,128,CONTEXT_CONDITIONAL_ONLY,A,,"{""-1"": -1, ""1"": 1}"
E2_CONTEXT_SIGN_FLIP,42019,DOUBLE_ANTITHETIC_CRN_MC,256,CONTEXT_CONDITIONAL_ONLY,A,,"{""-1"": -1, ""1"": 1}"
E2_CONTEXT_SIGN_FLIP,42019,LEGACY_INDEPENDENT_MC,8,CONTEXT_CONDITIONAL_ONLY,A,,"{""-1"": -1, ""1"": 1}"
E2_CONTEXT_SIGN_FLIP,42019,LEGACY_INDEPENDENT_MC,16,CONTEXT_CONDITIONAL_ONLY,A,,"{""-1"": -1, ""1"": 1}"
E2_CONTEXT_SIGN_FLIP,42019,LEGACY_INDEPENDENT_MC,32,CONTEXT_CONDITIONAL_ONLY,A,,"{""-1"": -1, ""1"": 1}"
E2_CONTEXT_SIGN_FLIP,42019,LEGACY_INDEPENDENT_MC,64,CONTEXT_CONDITIONAL_ONLY,A,,"{""-1"": -1, ""1"": 1}"
E2_CONTEXT_SIGN_FLIP,42019,LEGACY_INDEPENDENT_MC,128,CONTEXT_CONDITIONAL_ONLY,A,,"{""-1"": -1, ""1"": 1}"
E2_CONTEXT_SIGN_FLIP,42019,LEGACY_INDEPENDENT_MC,256,CONTEXT_CONDITIONAL_ONLY,A,,"{""-1"": -1, ""1"": 1}"
E2_CONTEXT_SIGN_FLIP,42020,ANTITHETIC_CRN_MC,8,CONTEXT_CONDITIONAL_ONLY,A,,"{""-1"": -1, ""1"": 1}"
E2_CONTEXT_SIGN_FLIP,42020,ANTITHETIC_CRN_MC,16,CONTEXT_CONDITIONAL_ONLY,A,,"{""-1"": -1, ""1"": 1}"
E2_CONTEXT_SIGN_FLIP,42020,ANTITHETIC_CRN_MC,32,CONTEXT_CONDITIONAL_ONLY,A,,"{""-1"": -1, ""1"": 1}"
E2_CONTEXT_SIGN_FLIP,42020,ANTITHETIC_CRN_MC,64,CONTEXT_CONDITIONAL_ONLY,A,,"{""-1"": -1, ""1"": 1}"
E2_CONTEXT_SIGN_FLIP,42020,ANTITHETIC_CRN_MC,128,CONTEXT_CONDITIONAL_ONLY,A,,"{""-1"": -1, ""1"": 1}"
E2_CONTEXT_SIGN_FLIP,42020,ANTITHETIC_CRN_MC,256,CONTEXT_CONDITIONAL_ONLY,A,,"{""-1"": -1, ""1"": 1}"
E2_CONTEXT_SIGN_FLIP,42020,CRN_CHAIN_MC,8,CONTEXT_CONDITIONAL_ONLY,A,,"{""-1"": -1, ""1"": 1}"
E2_CONTEXT_SIGN_FLIP,42020,CRN_CHAIN_MC,16,CONTEXT_CONDITIONAL_ONLY,A,,"{""-1"": -1, ""1"": 1}"
E2_CONTEXT_SIGN_FLIP,42020,CRN_CHAIN_MC,32,CONTEXT_CONDITIONAL_ONLY,A,,"{""-1"": -1, ""1"": 1}"
E2_CONTEXT_SIGN_FLIP,42020,CRN_CHAIN_MC,64,CONTEXT_CONDITIONAL_ONLY,A,,"{""-1"": -1, ""1"": 1}"
E2_CONTEXT_SIGN_FLIP,42020,CRN_CHAIN_MC,128,CONTEXT_CONDITIONAL_ONLY,A,,"{""-1"": -1, ""1"": 1}"
E2_CONTEXT_SIGN_FLIP,42020,CRN_CHAIN_MC,256,CONTEXT_CONDITIONAL_ONLY,A,,"{""-1"": -1, ""1"": 1}"
E2_CONTEXT_SIGN_FLIP,42020,DOUBLE_ANTITHETIC_CRN_MC,8,CONTEXT_CONDITIONAL_ONLY,A,,"{""-1"": -1, ""1"": 1}"
E2_CONTEXT_SIGN_FLIP,42020,DOUBLE_ANTITHETIC_CRN_MC,16,CONTEXT_CONDITIONAL_ONLY,A,,"{""-1"": -1, ""1"": 1}"
E2_CONTEXT_SIGN_FLIP,42020,DOUBLE_ANTITHETIC_CRN_MC,32,CONTEXT_CONDITIONAL_ONLY,A,,"{""-1"": -1, ""1"": 1}"
E2_CONTEXT_SIGN_FLIP,42020,DOUBLE_ANTITHETIC_CRN_MC,64,CONTEXT_CONDITIONAL_ONLY,A,,"{""-1"": -1, ""1"": 1}"
E2_CONTEXT_SIGN_FLIP,42020,DOUBLE_ANTITHETIC_CRN_MC,128,CONTEXT_CONDITIONAL_ONLY,A,,"{""-1"": -1, ""1"": 1}"
E2_CONTEXT_SIGN_FLIP,42020,DOUBLE_ANTITHETIC_CRN_MC,256,CONTEXT_CONDITIONAL_ONLY,A,,"{""-1"": -1, ""1"": 1}"
E2_CONTEXT_SIGN_FLIP,42020,LEGACY_INDEPENDENT_MC,8,CONTEXT_CONDITIONAL_ONLY,A,,"{""-1"": -1, ""1"": 1}"
E2_CONTEXT_SIGN_FLIP,42020,LEGACY_INDEPENDENT_MC,16,CONTEXT_CONDITIONAL_ONLY,A,,"{""-1"": -1, ""1"": 1}"
E2_CONTEXT_SIGN_FLIP,42020,LEGACY_INDEPENDENT_MC,32,CONTEXT_CONDITIONAL_ONLY,A,,"{""-1"": -1, ""1"": 1}"
E2_CONTEXT_SIGN_FLIP,42020,LEGACY_INDEPENDENT_MC,64,CONTEXT_CONDITIONAL_ONLY,A,,"{""-1"": -1, ""1"": 1}"
E2_CONTEXT_SIGN_FLIP,42020,LEGACY_INDEPENDENT_MC,128,CONTEXT_CONDITIONAL_ONLY,A,,"{""-1"": -1, ""1"": 1}"
E2_CONTEXT_SIGN_FLIP,42020,LEGACY_INDEPENDENT_MC,256,CONTEXT_CONDITIONAL_ONLY,A,,"{""-1"": -1, ""1"": 1}"
E2_CONTEXT_SIGN_FLIP,42021,ANTITHETIC_CRN_MC,8,CONTEXT_CONDITIONAL_ONLY,A,,"{""-1"": -1, ""1"": 1}"
E2_CONTEXT_SIGN_FLIP,42021,ANTITHETIC_CRN_MC,16,CONTEXT_CONDITIONAL_ONLY,A,,"{""-1"": -1, ""1"": 1}"
E2_CONTEXT_SIGN_FLIP,42021,ANTITHETIC_CRN_MC,32,CONTEXT_CONDITIONAL_ONLY,A,,"{""-1"": -1, ""1"": 1}"
E2_CONTEXT_SIGN_FLIP,42021,ANTITHETIC_CRN_MC,64,CONTEXT_CONDITIONAL_ONLY,A,,"{""-1"": -1, ""1"": 1}"
E2_CONTEXT_SIGN_FLIP,42021,ANTITHETIC_CRN_MC,128,CONTEXT_CONDITIONAL_ONLY,A,,"{""-1"": -1, ""1"": 1}"
E2_CONTEXT_SIGN_FLIP,42021,ANTITHETIC_CRN_MC,256,CONTEXT_CONDITIONAL_ONLY,A,,"{""-1"": -1, ""1"": 1}"
E2_CONTEXT_SIGN_FLIP,42021,CRN_CHAIN_MC,8,CONTEXT_CONDITIONAL_ONLY,A,,"{""-1"": -1, ""1"": 1}"
E2_CONTEXT_SIGN_FLIP,42021,CRN_CHAIN_MC,16,CONTEXT_CONDITIONAL_ONLY,A,,"{""-1"": -1, ""1"": 1}"
E2_CONTEXT_SIGN_FLIP,42021,CRN_CHAIN_MC,32,CONTEXT_CONDITIONAL_ONLY,A,,"{""-1"": -1, ""1"": 1}"
E2_CONTEXT_SIGN_FLIP,42021,CRN_CHAIN_MC,64,CONTEXT_CONDITIONAL_ONLY,A,,"{""-1"": -1, ""1"": 1}"
E2_CONTEXT_SIGN_FLIP,42021,CRN_CHAIN_MC,128,CONTEXT_CONDITIONAL_ONLY,A,,"{""-1"": -1, ""1"": 1}"
E2_CONTEXT_SIGN_FLIP,42021,CRN_CHAIN_MC,256,CONTEXT_CONDITIONAL_ONLY,A,,"{""-1"": -1, ""1"": 1}"
E2_CONTEXT_SIGN_FLIP,42021,DOUBLE_ANTITHETIC_CRN_MC,8,CONTEXT_CONDITIONAL_ONLY,A,,"{""-1"": -1, ""1"": 1}"
E2_CONTEXT_SIGN_FLIP,42021,DOUBLE_ANTITHETIC_CRN_MC,16,CONTEXT_CONDITIONAL_ONLY,A,,"{""-1"": -1, ""1"": 1}"
E2_CONTEXT_SIGN_FLIP,42021,DOUBLE_ANTITHETIC_CRN_MC,32,CONTEXT_CONDITIONAL_ONLY,A,,"{""-1"": -1, ""1"": 1}"
E2_CONTEXT_SIGN_FLIP,42021,DOUBLE_ANTITHETIC_CRN_MC,64,CONTEXT_CONDITIONAL_ONLY,A,,"{""-1"": -1, ""1"": 1}"
E2_CONTEXT_SIGN_FLIP,42021,DOUBLE_ANTITHETIC_CRN_MC,128,CONTEXT_CONDITIONAL_ONLY,A,,"{""-1"": -1, ""1"": 1}"
E2_CONTEXT_SIGN_FLIP,42021,DOUBLE_ANTITHETIC_CRN_MC,256,CONTEXT_CONDITIONAL_ONLY,A,,"{""-1"": -1, ""1"": 1}"
E2_CONTEXT_SIGN_FLIP,42021,LEGACY_INDEPENDENT_MC,8,CONTEXT_CONDITIONAL_ONLY,A,,"{""-1"": -1, ""1"": 1}"
E2_CONTEXT_SIGN_FLIP,42021,LEGACY_INDEPENDENT_MC,16,CONTEXT_CONDITIONAL_ONLY,A,,"{""-1"": -1, ""1"": 1}"
E2_CONTEXT_SIGN_FLIP,42021,LEGACY_INDEPENDENT_MC,32,CONTEXT_CONDITIONAL_ONLY,A,,"{""-1"": -1, ""1"": 1}"
E2_CONTEXT_SIGN_FLIP,42021,LEGACY_INDEPENDENT_MC,64,CONTEXT_CONDITIONAL_ONLY,A,,"{""-1"": -1, ""1"": 1}"
E2_CONTEXT_SIGN_FLIP,42021,LEGACY_INDEPENDENT_MC,128,CONTEXT_CONDITIONAL_ONLY,A,,"{""-1"": -1, ""1"": 1}"
E2_CONTEXT_SIGN_FLIP,42021,LEGACY_INDEPENDENT_MC,256,CONTEXT_CONDITIONAL_ONLY,A,,"{""-1"": -1, ""1"": 1}"
E2_CONTEXT_SIGN_FLIP,42022,ANTITHETIC_CRN_MC,8,CONTEXT_CONDITIONAL_ONLY,A,,"{""-1"": -1, ""1"": 1}"
E2_CONTEXT_SIGN_FLIP,42022,ANTITHETIC_CRN_MC,16,CONTEXT_CONDITIONAL_ONLY,A,,"{""-1"": -1, ""1"": 1}"
E2_CONTEXT_SIGN_FLIP,42022,ANTITHETIC_CRN_MC,32,CONTEXT_CONDITIONAL_ONLY,A,,"{""-1"": -1, ""1"": 1}"
E2_CONTEXT_SIGN_FLIP,42022,ANTITHETIC_CRN_MC,64,CONTEXT_CONDITIONAL_ONLY,A,,"{""-1"": -1, ""1"": 1}"
E2_CONTEXT_SIGN_FLIP,42022,ANTITHETIC_CRN_MC,128,CONTEXT_CONDITIONAL_ONLY,A,,"{""-1"": -1, ""1"": 1}"
E2_CONTEXT_SIGN_FLIP,42022,ANTITHETIC_CRN_MC,256,CONTEXT_CONDITIONAL_ONLY,A,,"{""-1"": -1, ""1"": 1}"
E2_CONTEXT_SIGN_FLIP,42022,CRN_CHAIN_MC,8,CONTEXT_CONDITIONAL_ONLY,A,,"{""-1"": -1, ""1"": 1}"
E2_CONTEXT_SIGN_FLIP,42022,CRN_CHAIN_MC,16,CONTEXT_CONDITIONAL_ONLY,A,,"{""-1"": -1, ""1"": 1}"
E2_CONTEXT_SIGN_FLIP,42022,CRN_CHAIN_MC,32,CONTEXT_CONDITIONAL_ONLY,A,,"{""-1"": -1, ""1"": 1}"
E2_CONTEXT_SIGN_FLIP,42022,CRN_CHAIN_MC,64,CONTEXT_CONDITIONAL_ONLY,A,,"{""-1"": -1, ""1"": 1}"
E2_CONTEXT_SIGN_FLIP,42022,CRN_CHAIN_MC,128,CONTEXT_CONDITIONAL_ONLY,A,,"{""-1"": -1, ""1"": 1}"
E2_CONTEXT_SIGN_FLIP,42022,CRN_CHAIN_MC,256,CONTEXT_CONDITIONAL_ONLY,A,,"{""-1"": -1, ""1"": 1}"
E2_CONTEXT_SIGN_FLIP,42022,DOUBLE_ANTITHETIC_CRN_MC,8,CONTEXT_CONDITIONAL_ONLY,A,,"{""-1"": -1, ""1"": 1}"
E2_CONTEXT_SIGN_FLIP,42022,DOUBLE_ANTITHETIC_CRN_MC,16,CONTEXT_CONDITIONAL_ONLY,A,,"{""-1"": -1, ""1"": 1}"
E2_CONTEXT_SIGN_FLIP,42022,DOUBLE_ANTITHETIC_CRN_MC,32,CONTEXT_CONDITIONAL_ONLY,A,,"{""-1"": -1, ""1"": 1}"
E2_CONTEXT_SIGN_FLIP,42022,DOUBLE_ANTITHETIC_CRN_MC,64,CONTEXT_CONDITIONAL_ONLY,A,,"{""-1"": -1, ""1"": 1}"
E2_CONTEXT_SIGN_FLIP,42022,DOUBLE_ANTITHETIC_CRN_MC,128,CONTEXT_CONDITIONAL_ONLY,A,,"{""-1"": -1, ""1"": 1}"
E2_CONTEXT_SIGN_FLIP,42022,DOUBLE_ANTITHETIC_CRN_MC,256,CONTEXT_CONDITIONAL_ONLY,A,,"{""-1"": -1, ""1"": 1}"
E2_CONTEXT_SIGN_FLIP,42022,LEGACY_INDEPENDENT_MC,8,CONTEXT_CONDITIONAL_ONLY,A,,"{""-1"": -1, ""1"": 1}"
E2_CONTEXT_SIGN_FLIP,42022,LEGACY_INDEPENDENT_MC,16,CONTEXT_CONDITIONAL_ONLY,A,,"{""-1"": -1, ""1"": 1}"
E2_CONTEXT_SIGN_FLIP,42022,LEGACY_INDEPENDENT_MC,32,CONTEXT_CONDITIONAL_ONLY,A,,"{""-1"": -1, ""1"": 1}"
E2_CONTEXT_SIGN_FLIP,42022,LEGACY_INDEPENDENT_MC,64,CONTEXT_CONDITIONAL_ONLY,A,,"{""-1"": -1, ""1"": 1}"
E2_CONTEXT_SIGN_FLIP,42022,LEGACY_INDEPENDENT_MC,128,CONTEXT_CONDITIONAL_ONLY,A,,"{""-1"": -1, ""1"": 1}"
E2_CONTEXT_SIGN_FLIP,42022,LEGACY_INDEPENDENT_MC,256,CONTEXT_CONDITIONAL_ONLY,A,,"{""-1"": -1, ""1"": 1}"
E2_CONTEXT_SIGN_FLIP,42023,ANTITHETIC_CRN_MC,8,CONTEXT_CONDITIONAL_ONLY,A,,"{""-1"": -1, ""1"": 1}"
E2_CONTEXT_SIGN_FLIP,42023,ANTITHETIC_CRN_MC,16,CONTEXT_CONDITIONAL_ONLY,A,,"{""-1"": -1, ""1"": 1}"
E2_CONTEXT_SIGN_FLIP,42023,ANTITHETIC_CRN_MC,32,CONTEXT_CONDITIONAL_ONLY,A,,"{""-1"": -1, ""1"": 1}"
E2_CONTEXT_SIGN_FLIP,42023,ANTITHETIC_CRN_MC,64,CONTEXT_CONDITIONAL_ONLY,A,,"{""-1"": -1, ""1"": 1}"
E2_CONTEXT_SIGN_FLIP,42023,ANTITHETIC_CRN_MC,128,CONTEXT_CONDITIONAL_ONLY,A,,"{""-1"": -1, ""1"": 1}"
E2_CONTEXT_SIGN_FLIP,42023,ANTITHETIC_CRN_MC,256,CONTEXT_CONDITIONAL_ONLY,A,,"{""-1"": -1, ""1"": 1}"
E2_CONTEXT_SIGN_FLIP,42023,CRN_CHAIN_MC,8,CONTEXT_CONDITIONAL_ONLY,A,,"{""-1"": -1, ""1"": 1}"
E2_CONTEXT_SIGN_FLIP,42023,CRN_CHAIN_MC,16,CONTEXT_CONDITIONAL_ONLY,A,,"{""-1"": -1, ""1"": 1}"
E2_CONTEXT_SIGN_FLIP,42023,CRN_CHAIN_MC,32,CONTEXT_CONDITIONAL_ONLY,A,,"{""-1"": -1, ""1"": 1}"
E2_CONTEXT_SIGN_FLIP,42023,CRN_CHAIN_MC,64,CONTEXT_CONDITIONAL_ONLY,A,,"{""-1"": -1, ""1"": 1}"
E2_CONTEXT_SIGN_FLIP,42023,CRN_CHAIN_MC,128,CONTEXT_CONDITIONAL_ONLY,A,,"{""-1"": -1, ""1"": 1}"
E2_CONTEXT_SIGN_FLIP,42023,CRN_CHAIN_MC,256,CONTEXT_CONDITIONAL_ONLY,A,,"{""-1"": -1, ""1"": 1}"
E2_CONTEXT_SIGN_FLIP,42023,DOUBLE_ANTITHETIC_CRN_MC,8,CONTEXT_CONDITIONAL_ONLY,A,,"{""-1"": -1, ""1"": 1}"
E2_CONTEXT_SIGN_FLIP,42023,DOUBLE_ANTITHETIC_CRN_MC,16,CONTEXT_CONDITIONAL_ONLY,A,,"{""-1"": -1, ""1"": 1}"
E2_CONTEXT_SIGN_FLIP,42023,DOUBLE_ANTITHETIC_CRN_MC,32,CONTEXT_CONDITIONAL_ONLY,A,,"{""-1"": -1, ""1"": 1}"
E2_CONTEXT_SIGN_FLIP,42023,DOUBLE_ANTITHETIC_CRN_MC,64,CONTEXT_CONDITIONAL_ONLY,A,,"{""-1"": -1, ""1"": 1}"
E2_CONTEXT_SIGN_FLIP,42023,DOUBLE_ANTITHETIC_CRN_MC,128,CONTEXT_CONDITIONAL_ONLY,A,,"{""-1"": -1, ""1"": 1}"
E2_CONTEXT_SIGN_FLIP,42023,DOUBLE_ANTITHETIC_CRN_MC,256,CONTEXT_CONDITIONAL_ONLY,A,,"{""-1"": -1, ""1"": 1}"
E2_CONTEXT_SIGN_FLIP,42023,LEGACY_INDEPENDENT_MC,8,CONTEXT_CONDITIONAL_ONLY,A,,"{""-1"": -1, ""1"": 1}"
E2_CONTEXT_SIGN_FLIP,42023,LEGACY_INDEPENDENT_MC,16,CONTEXT_CONDITIONAL_ONLY,A,,"{""-1"": -1, ""1"": 1}"
E2_CONTEXT_SIGN_FLIP,42023,LEGACY_INDEPENDENT_MC,32,CONTEXT_CONDITIONAL_ONLY,A,,"{""-1"": -1, ""1"": 1}"
E2_CONTEXT_SIGN_FLIP,42023,LEGACY_INDEPENDENT_MC,64,CONTEXT_CONDITIONAL_ONLY,A,,"{""-1"": -1, ""1"": 1}"
E2_CONTEXT_SIGN_FLIP,42023,LEGACY_INDEPENDENT_MC,128,CONTEXT_CONDITIONAL_ONLY,A,,"{""-1"": -1, ""1"": 1}"
E2_CONTEXT_SIGN_FLIP,42023,LEGACY_INDEPENDENT_MC,256,CONTEXT_CONDITIONAL_ONLY,A,,"{""-1"": -1, ""1"": 1}"
E2_CONTEXT_SIGN_FLIP,42024,ANTITHETIC_CRN_MC,8,CONTEXT_CONDITIONAL_ONLY,A,,"{""-1"": -1, ""1"": 1}"
E2_CONTEXT_SIGN_FLIP,42024,ANTITHETIC_CRN_MC,16,CONTEXT_CONDITIONAL_ONLY,A,,"{""-1"": -1, ""1"": 1}"
E2_CONTEXT_SIGN_FLIP,42024,ANTITHETIC_CRN_MC,32,CONTEXT_CONDITIONAL_ONLY,A,,"{""-1"": -1, ""1"": 1}"
E2_CONTEXT_SIGN_FLIP,42024,ANTITHETIC_CRN_MC,64,CONTEXT_CONDITIONAL_ONLY,A,,"{""-1"": -1, ""1"": 1}"
E2_CONTEXT_SIGN_FLIP,42024,ANTITHETIC_CRN_MC,128,CONTEXT_CONDITIONAL_ONLY,A,,"{""-1"": -1, ""1"": 1}"
E2_CONTEXT_SIGN_FLIP,42024,ANTITHETIC_CRN_MC,256,CONTEXT_CONDITIONAL_ONLY,A,,"{""-1"": -1, ""1"": 1}"
E2_CONTEXT_SIGN_FLIP,42024,CRN_CHAIN_MC,8,CONTEXT_CONDITIONAL_ONLY,A,,"{""-1"": -1, ""1"": 1}"
E2_CONTEXT_SIGN_FLIP,42024,CRN_CHAIN_MC,16,CONTEXT_CONDITIONAL_ONLY,A,,"{""-1"": -1, ""1"": 1}"
E2_CONTEXT_SIGN_FLIP,42024,CRN_CHAIN_MC,32,CONTEXT_CONDITIONAL_ONLY,A,,"{""-1"": -1, ""1"": 1}"
E2_CONTEXT_SIGN_FLIP,42024,CRN_CHAIN_MC,64,CONTEXT_CONDITIONAL_ONLY,A,,"{""-1"": -1, ""1"": 1}"
E2_CONTEXT_SIGN_FLIP,42024,CRN_CHAIN_MC,128,CONTEXT_CONDITIONAL_ONLY,A,,"{""-1"": -1, ""1"": 1}"
E2_CONTEXT_SIGN_FLIP,42024,CRN_CHAIN_MC,256,CONTEXT_CONDITIONAL_ONLY,A,,"{""-1"": -1, ""1"": 1}"
E2_CONTEXT_SIGN_FLIP,42024,DOUBLE_ANTITHETIC_CRN_MC,8,CONTEXT_CONDITIONAL_ONLY,A,,"{""-1"": -1, ""1"": 1}"
E2_CONTEXT_SIGN_FLIP,42024,DOUBLE_ANTITHETIC_CRN_MC,16,CONTEXT_CONDITIONAL_ONLY,A,,"{""-1"": -1, ""1"": 1}"
E2_CONTEXT_SIGN_FLIP,42024,DOUBLE_ANTITHETIC_CRN_MC,32,CONTEXT_CONDITIONAL_ONLY,A,,"{""-1"": -1, ""1"": 1}"
E2_CONTEXT_SIGN_FLIP,42024,DOUBLE_ANTITHETIC_CRN_MC,64,CONTEXT_CONDITIONAL_ONLY,A,,"{""-1"": -1, ""1"": 1}"
E2_CONTEXT_SIGN_FLIP,42024,DOUBLE_ANTITHETIC_CRN_MC,128,CONTEXT_CONDITIONAL_ONLY,A,,"{""-1"": -1, ""1"": 1}"
E2_CONTEXT_SIGN_FLIP,42024,DOUBLE_ANTITHETIC_CRN_MC,256,CONTEXT_CONDITIONAL_ONLY,A,,"{""-1"": -1, ""1"": 1}"
E2_CONTEXT_SIGN_FLIP,42024,LEGACY_INDEPENDENT_MC,8,CONTEXT_CONDITIONAL_ONLY,A,,"{""-1"": -1, ""1"": 1}"
E2_CONTEXT_SIGN_FLIP,42024,LEGACY_INDEPENDENT_MC,16,CONTEXT_CONDITIONAL_ONLY,A,,"{""-1"": -1, ""1"": 1}"
E2_CONTEXT_SIGN_FLIP,42024,LEGACY_INDEPENDENT_MC,32,CONTEXT_CONDITIONAL_ONLY,A,,"{""-1"": -1, ""1"": 1}"
E2_CONTEXT_SIGN_FLIP,42024,LEGACY_INDEPENDENT_MC,64,CONTEXT_CONDITIONAL_ONLY,A,,"{""-1"": -1, ""1"": 1}"
E2_CONTEXT_SIGN_FLIP,42024,LEGACY_INDEPENDENT_MC,128,CONTEXT_CONDITIONAL_ONLY,A,,"{""-1"": -1, ""1"": 1}"
E2_CONTEXT_SIGN_FLIP,42024,LEGACY_INDEPENDENT_MC,256,CONTEXT_CONDITIONAL_ONLY,A,,"{""-1"": -1, ""1"": 1}"
E2_CONTEXT_SIGN_FLIP,42025,ANTITHETIC_CRN_MC,8,CONTEXT_CONDITIONAL_ONLY,A,,"{""-1"": -1, ""1"": 1}"
E2_CONTEXT_SIGN_FLIP,42025,ANTITHETIC_CRN_MC,16,CONTEXT_CONDITIONAL_ONLY,A,,"{""-1"": -1, ""1"": 1}"
E2_CONTEXT_SIGN_FLIP,42025,ANTITHETIC_CRN_MC,32,CONTEXT_CONDITIONAL_ONLY,A,,"{""-1"": -1, ""1"": 1}"
E2_CONTEXT_SIGN_FLIP,42025,ANTITHETIC_CRN_MC,64,CONTEXT_CONDITIONAL_ONLY,A,,"{""-1"": -1, ""1"": 1}"
E2_CONTEXT_SIGN_FLIP,42025,ANTITHETIC_CRN_MC,128,CONTEXT_CONDITIONAL_ONLY,A,,"{""-1"": -1, ""1"": 1}"
E2_CONTEXT_SIGN_FLIP,42025,ANTITHETIC_CRN_MC,256,CONTEXT_CONDITIONAL_ONLY,A,,"{""-1"": -1, ""1"": 1}"
E2_CONTEXT_SIGN_FLIP,42025,CRN_CHAIN_MC,8,CONTEXT_CONDITIONAL_ONLY,A,,"{""-1"": -1, ""1"": 1}"
E2_CONTEXT_SIGN_FLIP,42025,CRN_CHAIN_MC,16,CONTEXT_CONDITIONAL_ONLY,A,,"{""-1"": -1, ""1"": 1}"
E2_CONTEXT_SIGN_FLIP,42025,CRN_CHAIN_MC,32,CONTEXT_CONDITIONAL_ONLY,A,,"{""-1"": -1, ""1"": 1}"
E2_CONTEXT_SIGN_FLIP,42025,CRN_CHAIN_MC,64,CONTEXT_CONDITIONAL_ONLY,A,,"{""-1"": -1, ""1"": 1}"
E2_CONTEXT_SIGN_FLIP,42025,CRN_CHAIN_MC,128,CONTEXT_CONDITIONAL_ONLY,A,,"{""-1"": -1, ""1"": 1}"
E2_CONTEXT_SIGN_FLIP,42025,CRN_CHAIN_MC,256,CONTEXT_CONDITIONAL_ONLY,A,,"{""-1"": -1, ""1"": 1}"
E2_CONTEXT_SIGN_FLIP,42025,DOUBLE_ANTITHETIC_CRN_MC,8,CONTEXT_CONDITIONAL_ONLY,A,,"{""-1"": -1, ""1"": 1}"
E2_CONTEXT_SIGN_FLIP,42025,DOUBLE_ANTITHETIC_CRN_MC,16,CONTEXT_CONDITIONAL_ONLY,A,,"{""-1"": -1, ""1"": 1}"
E2_CONTEXT_SIGN_FLIP,42025,DOUBLE_ANTITHETIC_CRN_MC,32,CONTEXT_CONDITIONAL_ONLY,A,,"{""-1"": -1, ""1"": 1}"
E2_CONTEXT_SIGN_FLIP,42025,DOUBLE_ANTITHETIC_CRN_MC,64,CONTEXT_CONDITIONAL_ONLY,A,,"{""-1"": -1, ""1"": 1}"
E2_CONTEXT_SIGN_FLIP,42025,DOUBLE_ANTITHETIC_CRN_MC,128,CONTEXT_CONDITIONAL_ONLY,A,,"{""-1"": -1, ""1"": 1}"
E2_CONTEXT_SIGN_FLIP,42025,DOUBLE_ANTITHETIC_CRN_MC,256,CONTEXT_CONDITIONAL_ONLY,A,,"{""-1"": -1, ""1"": 1}"
E2_CONTEXT_SIGN_FLIP,42025,LEGACY_INDEPENDENT_MC,8,CONTEXT_CONDITIONAL_ONLY,A,,"{""-1"": -1, ""1"": 1}"
E2_CONTEXT_SIGN_FLIP,42025,LEGACY_INDEPENDENT_MC,16,CONTEXT_CONDITIONAL_ONLY,A,,"{""-1"": -1, ""1"": 1}"
E2_CONTEXT_SIGN_FLIP,42025,LEGACY_INDEPENDENT_MC,32,CONTEXT_CONDITIONAL_ONLY,A,,"{""-1"": -1, ""1"": 1}"
E2_CONTEXT_SIGN_FLIP,42025,LEGACY_INDEPENDENT_MC,64,CONTEXT_CONDITIONAL_ONLY,A,,"{""-1"": -1, ""1"": 1}"
E2_CONTEXT_SIGN_FLIP,42025,LEGACY_INDEPENDENT_MC,128,CONTEXT_CONDITIONAL_ONLY,A,,"{""-1"": -1, ""1"": 1}"
E2_CONTEXT_SIGN_FLIP,42025,LEGACY_INDEPENDENT_MC,256,CONTEXT_CONDITIONAL_ONLY,A,,"{""-1"": -1, ""1"": 1}"
E2_CONTEXT_SIGN_FLIP,42026,ANTITHETIC_CRN_MC,8,CONTEXT_CONDITIONAL_ONLY,A,,"{""-1"": -1, ""1"": 1}"
E2_CONTEXT_SIGN_FLIP,42026,ANTITHETIC_CRN_MC,16,CONTEXT_CONDITIONAL_ONLY,A,,"{""-1"": -1, ""1"": 1}"
E2_CONTEXT_SIGN_FLIP,42026,ANTITHETIC_CRN_MC,32,CONTEXT_CONDITIONAL_ONLY,A,,"{""-1"": -1, ""1"": 1}"
E2_CONTEXT_SIGN_FLIP,42026,ANTITHETIC_CRN_MC,64,CONTEXT_CONDITIONAL_ONLY,A,,"{""-1"": -1, ""1"": 1}"
E2_CONTEXT_SIGN_FLIP,42026,ANTITHETIC_CRN_MC,128,CONTEXT_CONDITIONAL_ONLY,A,,"{""-1"": -1, ""1"": 1}"
E2_CONTEXT_SIGN_FLIP,42026,ANTITHETIC_CRN_MC,256,CONTEXT_CONDITIONAL_ONLY,A,,"{""-1"": -1, ""1"": 1}"
E2_CONTEXT_SIGN_FLIP,42026,CRN_CHAIN_MC,8,CONTEXT_CONDITIONAL_ONLY,A,,"{""-1"": -1, ""1"": 1}"
E2_CONTEXT_SIGN_FLIP,42026,CRN_CHAIN_MC,16,CONTEXT_CONDITIONAL_ONLY,A,,"{""-1"": -1, ""1"": 1}"
E2_CONTEXT_SIGN_FLIP,42026,CRN_CHAIN_MC,32,CONTEXT_CONDITIONAL_ONLY,A,,"{""-1"": -1, ""1"": 1}"
E2_CONTEXT_SIGN_FLIP,42026,CRN_CHAIN_MC,64,CONTEXT_CONDITIONAL_ONLY,A,,"{""-1"": -1, ""1"": 1}"
E2_CONTEXT_SIGN_FLIP,42026,CRN_CHAIN_MC,128,CONTEXT_CONDITIONAL_ONLY,A,,"{""-1"": -1, ""1"": 1}"
E2_CONTEXT_SIGN_FLIP,42026,CRN_CHAIN_MC,256,CONTEXT_CONDITIONAL_ONLY,A,,"{""-1"": -1, ""1"": 1}"
E2_CONTEXT_SIGN_FLIP,42026,DOUBLE_ANTITHETIC_CRN_MC,8,CONTEXT_CONDITIONAL_ONLY,A,,"{""-1"": -1, ""1"": 1}"
E2_CONTEXT_SIGN_FLIP,42026,DOUBLE_ANTITHETIC_CRN_MC,16,CONTEXT_CONDITIONAL_ONLY,A,,"{""-1"": -1, ""1"": 1}"
E2_CONTEXT_SIGN_FLIP,42026,DOUBLE_ANTITHETIC_CRN_MC,32,CONTEXT_CONDITIONAL_ONLY,A,,"{""-1"": -1, ""1"": 1}"
E2_CONTEXT_SIGN_FLIP,42026,DOUBLE_ANTITHETIC_CRN_MC,64,CONTEXT_CONDITIONAL_ONLY,A,,"{""-1"": -1, ""1"": 1}"
E2_CONTEXT_SIGN_FLIP,42026,DOUBLE_ANTITHETIC_CRN_MC,128,CONTEXT_CONDITIONAL_ONLY,A,,"{""-1"": -1, ""1"": 1}"
E2_CONTEXT_SIGN_FLIP,42026,DOUBLE_ANTITHETIC_CRN_MC,256,CONTEXT_CONDITIONAL_ONLY,A,,"{""-1"": -1, ""1"": 1}"
E2_CONTEXT_SIGN_FLIP,42026,LEGACY_INDEPENDENT_MC,8,CONTEXT_CONDITIONAL_ONLY,A,,"{""-1"": -1, ""1"": 1}"
E2_CONTEXT_SIGN_FLIP,42026,LEGACY_INDEPENDENT_MC,16,CONTEXT_CONDITIONAL_ONLY,A,,"{""-1"": -1, ""1"": 1}"
E2_CONTEXT_SIGN_FLIP,42026,LEGACY_INDEPENDENT_MC,32,CONTEXT_CONDITIONAL_ONLY,A,,"{""-1"": -1, ""1"": 1}"
E2_CONTEXT_SIGN_FLIP,42026,LEGACY_INDEPENDENT_MC,64,CONTEXT_CONDITIONAL_ONLY,A,,"{""-1"": -1, ""1"": 1}"
E2_CONTEXT_SIGN_FLIP,42026,LEGACY_INDEPENDENT_MC,128,CONTEXT_CONDITIONAL_ONLY,A,,"{""-1"": -1, ""1"": 1}"
E2_CONTEXT_SIGN_FLIP,42026,LEGACY_INDEPENDENT_MC,256,CONTEXT_CONDITIONAL_ONLY,A,,"{""-1"": -1, ""1"": 1}"
E2_CONTEXT_SIGN_FLIP,42027,ANTITHETIC_CRN_MC,8,CONTEXT_CONDITIONAL_ONLY,A,,"{""-1"": -1, ""1"": 1}"
E2_CONTEXT_SIGN_FLIP,42027,ANTITHETIC_CRN_MC,16,CONTEXT_CONDITIONAL_ONLY,A,,"{""-1"": -1, ""1"": 1}"
E2_CONTEXT_SIGN_FLIP,42027,ANTITHETIC_CRN_MC,32,CONTEXT_CONDITIONAL_ONLY,A,,"{""-1"": -1, ""1"": 1}"
E2_CONTEXT_SIGN_FLIP,42027,ANTITHETIC_CRN_MC,64,CONTEXT_CONDITIONAL_ONLY,A,,"{""-1"": -1, ""1"": 1}"
E2_CONTEXT_SIGN_FLIP,42027,ANTITHETIC_CRN_MC,128,CONTEXT_CONDITIONAL_ONLY,A,,"{""-1"": -1, ""1"": 1}"
E2_CONTEXT_SIGN_FLIP,42027,ANTITHETIC_CRN_MC,256,CONTEXT_CONDITIONAL_ONLY,A,,"{""-1"": -1, ""1"": 1}"
E2_CONTEXT_SIGN_FLIP,42027,CRN_CHAIN_MC,8,CONTEXT_CONDITIONAL_ONLY,A,,"{""-1"": -1, ""1"": 1}"
E2_CONTEXT_SIGN_FLIP,42027,CRN_CHAIN_MC,16,CONTEXT_CONDITIONAL_ONLY,A,,"{""-1"": -1, ""1"": 1}"
E2_CONTEXT_SIGN_FLIP,42027,CRN_CHAIN_MC,32,CONTEXT_CONDITIONAL_ONLY,A,,"{""-1"": -1, ""1"": 1}"
E2_CONTEXT_SIGN_FLIP,42027,CRN_CHAIN_MC,64,CONTEXT_CONDITIONAL_ONLY,A,,"{""-1"": -1, ""1"": 1}"
E2_CONTEXT_SIGN_FLIP,42027,CRN_CHAIN_MC,128,CONTEXT_CONDITIONAL_ONLY,A,,"{""-1"": -1, ""1"": 1}"
E2_CONTEXT_SIGN_FLIP,42027,CRN_CHAIN_MC,256,CONTEXT_CONDITIONAL_ONLY,A,,"{""-1"": -1, ""1"": 1}"
E2_CONTEXT_SIGN_FLIP,42027,DOUBLE_ANTITHETIC_CRN_MC,8,CONTEXT_CONDITIONAL_ONLY,A,,"{""-1"": -1, ""1"": 1}"
E2_CONTEXT_SIGN_FLIP,42027,DOUBLE_ANTITHETIC_CRN_MC,16,CONTEXT_CONDITIONAL_ONLY,A,,"{""-1"": -1, ""1"": 1}"
E2_CONTEXT_SIGN_FLIP,42027,DOUBLE_ANTITHETIC_CRN_MC,32,CONTEXT_CONDITIONAL_ONLY,A,,"{""-1"": -1, ""1"": 1}"
E2_CONTEXT_SIGN_FLIP,42027,DOUBLE_ANTITHETIC_CRN_MC,64,CONTEXT_CONDITIONAL_ONLY,A,,"{""-1"": -1, ""1"": 1}"
E2_CONTEXT_SIGN_FLIP,42027,DOUBLE_ANTITHETIC_CRN_MC,128,CONTEXT_CONDITIONAL_ONLY,A,,"{""-1"": -1, ""1"": 1}"
E2_CONTEXT_SIGN_FLIP,42027,DOUBLE_ANTITHETIC_CRN_MC,256,CONTEXT_CONDITIONAL_ONLY,A,,"{""-1"": -1, ""1"": 1}"
E2_CONTEXT_SIGN_FLIP,42027,LEGACY_INDEPENDENT_MC,8,CONTEXT_CONDITIONAL_ONLY,A,,"{""-1"": -1, ""1"": 1}"
E2_CONTEXT_SIGN_FLIP,42027,LEGACY_INDEPENDENT_MC,16,CONTEXT_CONDITIONAL_ONLY,A,,"{""-1"": -1, ""1"": 1}"
E2_CONTEXT_SIGN_FLIP,42027,LEGACY_INDEPENDENT_MC,32,CONTEXT_CONDITIONAL_ONLY,A,,"{""-1"": -1, ""1"": 1}"
E2_CONTEXT_SIGN_FLIP,42027,LEGACY_INDEPENDENT_MC,64,CONTEXT_CONDITIONAL_ONLY,A,,"{""-1"": -1, ""1"": 1}"
E2_CONTEXT_SIGN_FLIP,42027,LEGACY_INDEPENDENT_MC,128,CONTEXT_CONDITIONAL_ONLY,A,,"{""-1"": -1, ""1"": 1}"
E2_CONTEXT_SIGN_FLIP,42027,LEGACY_INDEPENDENT_MC,256,CONTEXT_CONDITIONAL_ONLY,A,,"{""-1"": -1, ""1"": 1}"
E2_CONTEXT_SIGN_FLIP,42028,ANTITHETIC_CRN_MC,8,CONTEXT_CONDITIONAL_ONLY,A,,"{""-1"": -1, ""1"": 1}"
E2_CONTEXT_SIGN_FLIP,42028,ANTITHETIC_CRN_MC,16,CONTEXT_CONDITIONAL_ONLY,A,,"{""-1"": -1, ""1"": 1}"
E2_CONTEXT_SIGN_FLIP,42028,ANTITHETIC_CRN_MC,32,CONTEXT_CONDITIONAL_ONLY,A,,"{""-1"": -1, ""1"": 1}"
E2_CONTEXT_SIGN_FLIP,42028,ANTITHETIC_CRN_MC,64,CONTEXT_CONDITIONAL_ONLY,A,,"{""-1"": -1, ""1"": 1}"
E2_CONTEXT_SIGN_FLIP,42028,ANTITHETIC_CRN_MC,128,CONTEXT_CONDITIONAL_ONLY,A,,"{""-1"": -1, ""1"": 1}"
E2_CONTEXT_SIGN_FLIP,42028,ANTITHETIC_CRN_MC,256,CONTEXT_CONDITIONAL_ONLY,A,,"{""-1"": -1, ""1"": 1}"
E2_CONTEXT_SIGN_FLIP,42028,CRN_CHAIN_MC,8,CONTEXT_CONDITIONAL_ONLY,A,,"{""-1"": -1, ""1"": 1}"
E2_CONTEXT_SIGN_FLIP,42028,CRN_CHAIN_MC,16,CONTEXT_CONDITIONAL_ONLY,A,,"{""-1"": -1, ""1"": 1}"
E2_CONTEXT_SIGN_FLIP,42028,CRN_CHAIN_MC,32,CONTEXT_CONDITIONAL_ONLY,A,,"{""-1"": -1, ""1"": 1}"
E2_CONTEXT_SIGN_FLIP,42028,CRN_CHAIN_MC,64,CONTEXT_CONDITIONAL_ONLY,A,,"{""-1"": -1, ""1"": 1}"
E2_CONTEXT_SIGN_FLIP,42028,CRN_CHAIN_MC,128,CONTEXT_CONDITIONAL_ONLY,A,,"{""-1"": -1, ""1"": 1}"
E2_CONTEXT_SIGN_FLIP,42028,CRN_CHAIN_MC,256,CONTEXT_CONDITIONAL_ONLY,A,,"{""-1"": -1, ""1"": 1}"
E2_CONTEXT_SIGN_FLIP,42028,DOUBLE_ANTITHETIC_CRN_MC,8,CONTEXT_CONDITIONAL_ONLY,A,,"{""-1"": -1, ""1"": 1}"
E2_CONTEXT_SIGN_FLIP,42028,DOUBLE_ANTITHETIC_CRN_MC,16,CONTEXT_CONDITIONAL_ONLY,A,,"{""-1"": -1, ""1"": 1}"
E2_CONTEXT_SIGN_FLIP,42028,DOUBLE_ANTITHETIC_CRN_MC,32,CONTEXT_CONDITIONAL_ONLY,A,,"{""-1"": -1, ""1"": 1}"
E2_CONTEXT_SIGN_FLIP,42028,DOUBLE_ANTITHETIC_CRN_MC,64,CONTEXT_CONDITIONAL_ONLY,A,,"{""-1"": -1, ""1"": 1}"
E2_CONTEXT_SIGN_FLIP,42028,DOUBLE_ANTITHETIC_CRN_MC,128,CONTEXT_CONDITIONAL_ONLY,A,,"{""-1"": -1, ""1"": 1}"
E2_CONTEXT_SIGN_FLIP,42028,DOUBLE_ANTITHETIC_CRN_MC,256,CONTEXT_CONDITIONAL_ONLY,A,,"{""-1"": -1, ""1"": 1}"
E2_CONTEXT_SIGN_FLIP,42028,LEGACY_INDEPENDENT_MC,8,CONTEXT_CONDITIONAL_ONLY,A,,"{""-1"": -1, ""1"": 1}"
E2_CONTEXT_SIGN_FLIP,42028,LEGACY_INDEPENDENT_MC,16,CONTEXT_CONDITIONAL_ONLY,A,,"{""-1"": -1, ""1"": 1}"
E2_CONTEXT_SIGN_FLIP,42028,LEGACY_INDEPENDENT_MC,32,CONTEXT_CONDITIONAL_ONLY,A,,"{""-1"": -1, ""1"": 1}"
E2_CONTEXT_SIGN_FLIP,42028,LEGACY_INDEPENDENT_MC,64,CONTEXT_CONDITIONAL_ONLY,A,,"{""-1"": -1, ""1"": 1}"
E2_CONTEXT_SIGN_FLIP,42028,LEGACY_INDEPENDENT_MC,128,CONTEXT_CONDITIONAL_ONLY,A,,"{""-1"": -1, ""1"": 1}"
E2_CONTEXT_SIGN_FLIP,42028,LEGACY_INDEPENDENT_MC,256,CONTEXT_CONDITIONAL_ONLY,A,,"{""-1"": -1, ""1"": 1}"
E2_CONTEXT_SIGN_FLIP,42029,ANTITHETIC_CRN_MC,8,CONTEXT_CONDITIONAL_ONLY,A,,"{""-1"": -1, ""1"": 1}"
E2_CONTEXT_SIGN_FLIP,42029,ANTITHETIC_CRN_MC,16,CONTEXT_CONDITIONAL_ONLY,A,,"{""-1"": -1, ""1"": 1}"
E2_CONTEXT_SIGN_FLIP,42029,ANTITHETIC_CRN_MC,32,CONTEXT_CONDITIONAL_ONLY,A,,"{""-1"": -1, ""1"": 1}"
E2_CONTEXT_SIGN_FLIP,42029,ANTITHETIC_CRN_MC,64,CONTEXT_CONDITIONAL_ONLY,A,,"{""-1"": -1, ""1"": 1}"
E2_CONTEXT_SIGN_FLIP,42029,ANTITHETIC_CRN_MC,128,CONTEXT_CONDITIONAL_ONLY,A,,"{""-1"": -1, ""1"": 1}"
E2_CONTEXT_SIGN_FLIP,42029,ANTITHETIC_CRN_MC,256,CONTEXT_CONDITIONAL_ONLY,A,,"{""-1"": -1, ""1"": 1}"
E2_CONTEXT_SIGN_FLIP,42029,CRN_CHAIN_MC,8,CONTEXT_CONDITIONAL_ONLY,A,,"{""-1"": -1, ""1"": 1}"
E2_CONTEXT_SIGN_FLIP,42029,CRN_CHAIN_MC,16,CONTEXT_CONDITIONAL_ONLY,A,,"{""-1"": -1, ""1"": 1}"
E2_CONTEXT_SIGN_FLIP,42029,CRN_CHAIN_MC,32,CONTEXT_CONDITIONAL_ONLY,A,,"{""-1"": -1, ""1"": 1}"
E2_CONTEXT_SIGN_FLIP,42029,CRN_CHAIN_MC,64,CONTEXT_CONDITIONAL_ONLY,A,,"{""-1"": -1, ""1"": 1}"
E2_CONTEXT_SIGN_FLIP,42029,CRN_CHAIN_MC,128,CONTEXT_CONDITIONAL_ONLY,A,,"{""-1"": -1, ""1"": 1}"
E2_CONTEXT_SIGN_FLIP,42029,CRN_CHAIN_MC,256,CONTEXT_CONDITIONAL_ONLY,A,,"{""-1"": -1, ""1"": 1}"
E2_CONTEXT_SIGN_FLIP,42029,DOUBLE_ANTITHETIC_CRN_MC,8,CONTEXT_CONDITIONAL_ONLY,A,,"{""-1"": -1, ""1"": 1}"
E2_CONTEXT_SIGN_FLIP,42029,DOUBLE_ANTITHETIC_CRN_MC,16,CONTEXT_CONDITIONAL_ONLY,A,,"{""-1"": -1, ""1"": 1}"
E2_CONTEXT_SIGN_FLIP,42029,DOUBLE_ANTITHETIC_CRN_MC,32,CONTEXT_CONDITIONAL_ONLY,A,,"{""-1"": -1, ""1"": 1}"
E2_CONTEXT_SIGN_FLIP,42029,DOUBLE_ANTITHETIC_CRN_MC,64,CONTEXT_CONDITIONAL_ONLY,A,,"{""-1"": -1, ""1"": 1}"
E2_CONTEXT_SIGN_FLIP,42029,DOUBLE_ANTITHETIC_CRN_MC,128,CONTEXT_CONDITIONAL_ONLY,A,,"{""-1"": -1, ""1"": 1}"
E2_CONTEXT_SIGN_FLIP,42029,DOUBLE_ANTITHETIC_CRN_MC,256,CONTEXT_CONDITIONAL_ONLY,A,,"{""-1"": -1, ""1"": 1}"
E2_CONTEXT_SIGN_FLIP,42029,LEGACY_INDEPENDENT_MC,8,CONTEXT_CONDITIONAL_ONLY,A,,"{""-1"": -1, ""1"": 1}"
E2_CONTEXT_SIGN_FLIP,42029,LEGACY_INDEPENDENT_MC,16,CONTEXT_CONDITIONAL_ONLY,A,,"{""-1"": -1, ""1"": 1}"
E2_CONTEXT_SIGN_FLIP,42029,LEGACY_INDEPENDENT_MC,32,CONTEXT_CONDITIONAL_ONLY,A,,"{""-1"": -1, ""1"": 1}"
E2_CONTEXT_SIGN_FLIP,42029,LEGACY_INDEPENDENT_MC,64,CONTEXT_CONDITIONAL_ONLY,A,,"{""-1"": -1, ""1"": 1}"
E2_CONTEXT_SIGN_FLIP,42029,LEGACY_INDEPENDENT_MC,128,CONTEXT_CONDITIONAL_ONLY,A,,"{""-1"": -1, ""1"": 1}"
E2_CONTEXT_SIGN_FLIP,42029,LEGACY_INDEPENDENT_MC,256,CONTEXT_CONDITIONAL_ONLY,A,,"{""-1"": -1, ""1"": 1}"
E2_CONTEXT_SIGN_FLIP,42030,ANTITHETIC_CRN_MC,8,CONTEXT_CONDITIONAL_ONLY,A,,"{""-1"": -1, ""1"": 1}"
E2_CONTEXT_SIGN_FLIP,42030,ANTITHETIC_CRN_MC,16,CONTEXT_CONDITIONAL_ONLY,A,,"{""-1"": -1, ""1"": 1}"
E2_CONTEXT_SIGN_FLIP,42030,ANTITHETIC_CRN_MC,32,CONTEXT_CONDITIONAL_ONLY,A,,"{""-1"": -1, ""1"": 1}"
E2_CONTEXT_SIGN_FLIP,42030,ANTITHETIC_CRN_MC,64,CONTEXT_CONDITIONAL_ONLY,A,,"{""-1"": -1, ""1"": 1}"
E2_CONTEXT_SIGN_FLIP,42030,ANTITHETIC_CRN_MC,128,CONTEXT_CONDITIONAL_ONLY,A,,"{""-1"": -1, ""1"": 1}"
E2_CONTEXT_SIGN_FLIP,42030,ANTITHETIC_CRN_MC,256,CONTEXT_CONDITIONAL_ONLY,A,,"{""-1"": -1, ""1"": 1}"
E2_CONTEXT_SIGN_FLIP,42030,CRN_CHAIN_MC,8,CONTEXT_CONDITIONAL_ONLY,A,,"{""-1"": -1, ""1"": 1}"
E2_CONTEXT_SIGN_FLIP,42030,CRN_CHAIN_MC,16,CONTEXT_CONDITIONAL_ONLY,A,,"{""-1"": -1, ""1"": 1}"
E2_CONTEXT_SIGN_FLIP,42030,CRN_CHAIN_MC,32,CONTEXT_CONDITIONAL_ONLY,A,,"{""-1"": -1, ""1"": 1}"
E2_CONTEXT_SIGN_FLIP,42030,CRN_CHAIN_MC,64,CONTEXT_CONDITIONAL_ONLY,A,,"{""-1"": -1, ""1"": 1}"
E2_CONTEXT_SIGN_FLIP,42030,CRN_CHAIN_MC,128,CONTEXT_CONDITIONAL_ONLY,A,,"{""-1"": -1, ""1"": 1}"
E2_CONTEXT_SIGN_FLIP,42030,CRN_CHAIN_MC,256,CONTEXT_CONDITIONAL_ONLY,A,,"{""-1"": -1, ""1"": 1}"
E2_CONTEXT_SIGN_FLIP,42030,DOUBLE_ANTITHETIC_CRN_MC,8,CONTEXT_CONDITIONAL_ONLY,A,,"{""-1"": -1, ""1"": 1}"
E2_CONTEXT_SIGN_FLIP,42030,DOUBLE_ANTITHETIC_CRN_MC,16,CONTEXT_CONDITIONAL_ONLY,A,,"{""-1"": -1, ""1"": 1}"
E2_CONTEXT_SIGN_FLIP,42030,DOUBLE_ANTITHETIC_CRN_MC,32,CONTEXT_CONDITIONAL_ONLY,A,,"{""-1"": -1, ""1"": 1}"
E2_CONTEXT_SIGN_FLIP,42030,DOUBLE_ANTITHETIC_CRN_MC,64,CONTEXT_CONDITIONAL_ONLY,A,,"{""-1"": -1, ""1"": 1}"
E2_CONTEXT_SIGN_FLIP,42030,DOUBLE_ANTITHETIC_CRN_MC,128,CONTEXT_CONDITIONAL_ONLY,A,,"{""-1"": -1, ""1"": 1}"
E2_CONTEXT_SIGN_FLIP,42030,DOUBLE_ANTITHETIC_CRN_MC,256,CONTEXT_CONDITIONAL_ONLY,A,,"{""-1"": -1, ""1"": 1}"
E2_CONTEXT_SIGN_FLIP,42030,LEGACY_INDEPENDENT_MC,8,CONTEXT_CONDITIONAL_ONLY,A,,"{""-1"": -1, ""1"": 1}"
E2_CONTEXT_SIGN_FLIP,42030,LEGACY_INDEPENDENT_MC,16,CONTEXT_CONDITIONAL_ONLY,A,,"{""-1"": -1, ""1"": 1}"
E2_CONTEXT_SIGN_FLIP,42030,LEGACY_INDEPENDENT_MC,32,CONTEXT_CONDITIONAL_ONLY,A,,"{""-1"": -1, ""1"": 1}"
E2_CONTEXT_SIGN_FLIP,42030,LEGACY_INDEPENDENT_MC,64,CONTEXT_CONDITIONAL_ONLY,A,,"{""-1"": -1, ""1"": 1}"
E2_CONTEXT_SIGN_FLIP,42030,LEGACY_INDEPENDENT_MC,128,CONTEXT_CONDITIONAL_ONLY,A,,"{""-1"": -1, ""1"": 1}"
E2_CONTEXT_SIGN_FLIP,42030,LEGACY_INDEPENDENT_MC,256,CONTEXT_CONDITIONAL_ONLY,A,,"{""-1"": -1, ""1"": 1}"
E2_CONTEXT_SIGN_FLIP,42031,ANTITHETIC_CRN_MC,8,CONTEXT_CONDITIONAL_ONLY,A,,"{""-1"": -1, ""1"": 1}"
E2_CONTEXT_SIGN_FLIP,42031,ANTITHETIC_CRN_MC,16,CONTEXT_CONDITIONAL_ONLY,A,,"{""-1"": -1, ""1"": 1}"
E2_CONTEXT_SIGN_FLIP,42031,ANTITHETIC_CRN_MC,32,CONTEXT_CONDITIONAL_ONLY,A,,"{""-1"": -1, ""1"": 1}"
E2_CONTEXT_SIGN_FLIP,42031,ANTITHETIC_CRN_MC,64,CONTEXT_CONDITIONAL_ONLY,A,,"{""-1"": -1, ""1"": 1}"
E2_CONTEXT_SIGN_FLIP,42031,ANTITHETIC_CRN_MC,128,CONTEXT_CONDITIONAL_ONLY,A,,"{""-1"": -1, ""1"": 1}"
E2_CONTEXT_SIGN_FLIP,42031,ANTITHETIC_CRN_MC,256,CONTEXT_CONDITIONAL_ONLY,A,,"{""-1"": -1, ""1"": 1}"
E2_CONTEXT_SIGN_FLIP,42031,CRN_CHAIN_MC,8,CONTEXT_CONDITIONAL_ONLY,A,,"{""-1"": -1, ""1"": 1}"
E2_CONTEXT_SIGN_FLIP,42031,CRN_CHAIN_MC,16,CONTEXT_CONDITIONAL_ONLY,A,,"{""-1"": -1, ""1"": 1}"
E2_CONTEXT_SIGN_FLIP,42031,CRN_CHAIN_MC,32,CONTEXT_CONDITIONAL_ONLY,A,,"{""-1"": -1, ""1"": 1}"
E2_CONTEXT_SIGN_FLIP,42031,CRN_CHAIN_MC,64,CONTEXT_CONDITIONAL_ONLY,A,,"{""-1"": -1, ""1"": 1}"
E2_CONTEXT_SIGN_FLIP,42031,CRN_CHAIN_MC,128,CONTEXT_CONDITIONAL_ONLY,A,,"{""-1"": -1, ""1"": 1}"
E2_CONTEXT_SIGN_FLIP,42031,CRN_CHAIN_MC,256,CONTEXT_CONDITIONAL_ONLY,A,,"{""-1"": -1, ""1"": 1}"
E2_CONTEXT_SIGN_FLIP,42031,DOUBLE_ANTITHETIC_CRN_MC,8,CONTEXT_CONDITIONAL_ONLY,A,,"{""-1"": -1, ""1"": 1}"
E2_CONTEXT_SIGN_FLIP,42031,DOUBLE_ANTITHETIC_CRN_MC,16,CONTEXT_CONDITIONAL_ONLY,A,,"{""-1"": -1, ""1"": 1}"
E2_CONTEXT_SIGN_FLIP,42031,DOUBLE_ANTITHETIC_CRN_MC,32,CONTEXT_CONDITIONAL_ONLY,A,,"{""-1"": -1, ""1"": 1}"
E2_CONTEXT_SIGN_FLIP,42031,DOUBLE_ANTITHETIC_CRN_MC,64,CONTEXT_CONDITIONAL_ONLY,A,,"{""-1"": -1, ""1"": 1}"
E2_CONTEXT_SIGN_FLIP,42031,DOUBLE_ANTITHETIC_CRN_MC,128,CONTEXT_CONDITIONAL_ONLY,A,,"{""-1"": -1, ""1"": 1}"
E2_CONTEXT_SIGN_FLIP,42031,DOUBLE_ANTITHETIC_CRN_MC,256,CONTEXT_CONDITIONAL_ONLY,A,,"{""-1"": -1, ""1"": 1}"
E2_CONTEXT_SIGN_FLIP,42031,LEGACY_INDEPENDENT_MC,8,CONTEXT_CONDITIONAL_ONLY,A,,"{""-1"": -1, ""1"": 1}"
E2_CONTEXT_SIGN_FLIP,42031,LEGACY_INDEPENDENT_MC,16,CONTEXT_CONDITIONAL_ONLY,A,,"{""-1"": -1, ""1"": 1}"
E2_CONTEXT_SIGN_FLIP,42031,LEGACY_INDEPENDENT_MC,32,CONTEXT_CONDITIONAL_ONLY,A,,"{""-1"": -1, ""1"": 1}"
E2_CONTEXT_SIGN_FLIP,42031,LEGACY_INDEPENDENT_MC,64,CONTEXT_CONDITIONAL_ONLY,A,,"{""-1"": -1, ""1"": 1}"
E2_CONTEXT_SIGN_FLIP,42031,LEGACY_INDEPENDENT_MC,128,CONTEXT_CONDITIONAL_ONLY,A,,"{""-1"": -1, ""1"": 1}"
E2_CONTEXT_SIGN_FLIP,42031,LEGACY_INDEPENDENT_MC,256,CONTEXT_CONDITIONAL_ONLY,A,,"{""-1"": -1, ""1"": 1}"
E2_CONTEXT_SIGN_FLIP,42032,ANTITHETIC_CRN_MC,8,CONTEXT_CONDITIONAL_ONLY,A,,"{""-1"": -1, ""1"": 1}"
E2_CONTEXT_SIGN_FLIP,42032,ANTITHETIC_CRN_MC,16,CONTEXT_CONDITIONAL_ONLY,A,,"{""-1"": -1, ""1"": 1}"
E2_CONTEXT_SIGN_FLIP,42032,ANTITHETIC_CRN_MC,32,CONTEXT_CONDITIONAL_ONLY,A,,"{""-1"": -1, ""1"": 1}"
E2_CONTEXT_SIGN_FLIP,42032,ANTITHETIC_CRN_MC,64,CONTEXT_CONDITIONAL_ONLY,A,,"{""-1"": -1, ""1"": 1}"
E2_CONTEXT_SIGN_FLIP,42032,ANTITHETIC_CRN_MC,128,CONTEXT_CONDITIONAL_ONLY,A,,"{""-1"": -1, ""1"": 1}"
E2_CONTEXT_SIGN_FLIP,42032,ANTITHETIC_CRN_MC,256,CONTEXT_CONDITIONAL_ONLY,A,,"{""-1"": -1, ""1"": 1}"
E2_CONTEXT_SIGN_FLIP,42032,CRN_CHAIN_MC,8,CONTEXT_CONDITIONAL_ONLY,A,,"{""-1"": -1, ""1"": 1}"
E2_CONTEXT_SIGN_FLIP,42032,CRN_CHAIN_MC,16,CONTEXT_CONDITIONAL_ONLY,A,,"{""-1"": -1, ""1"": 1}"
E2_CONTEXT_SIGN_FLIP,42032,CRN_CHAIN_MC,32,CONTEXT_CONDITIONAL_ONLY,A,,"{""-1"": -1, ""1"": 1}"
E2_CONTEXT_SIGN_FLIP,42032,CRN_CHAIN_MC,64,CONTEXT_CONDITIONAL_ONLY,A,,"{""-1"": -1, ""1"": 1}"
E2_CONTEXT_SIGN_FLIP,42032,CRN_CHAIN_MC,128,CONTEXT_CONDITIONAL_ONLY,A,,"{""-1"": -1, ""1"": 1}"
E2_CONTEXT_SIGN_FLIP,42032,CRN_CHAIN_MC,256,CONTEXT_CONDITIONAL_ONLY,A,,"{""-1"": -1, ""1"": 1}"
E2_CONTEXT_SIGN_FLIP,42032,DOUBLE_ANTITHETIC_CRN_MC,8,CONTEXT_CONDITIONAL_ONLY,A,,"{""-1"": -1, ""1"": 1}"
E2_CONTEXT_SIGN_FLIP,42032,DOUBLE_ANTITHETIC_CRN_MC,16,CONTEXT_CONDITIONAL_ONLY,A,,"{""-1"": -1, ""1"": 1}"
E2_CONTEXT_SIGN_FLIP,42032,DOUBLE_ANTITHETIC_CRN_MC,32,CONTEXT_CONDITIONAL_ONLY,A,,"{""-1"": -1, ""1"": 1}"
E2_CONTEXT_SIGN_FLIP,42032,DOUBLE_ANTITHETIC_CRN_MC,64,CONTEXT_CONDITIONAL_ONLY,A,,"{""-1"": -1, ""1"": 1}"
E2_CONTEXT_SIGN_FLIP,42032,DOUBLE_ANTITHETIC_CRN_MC,128,CONTEXT_CONDITIONAL_ONLY,A,,"{""-1"": -1, ""1"": 1}"
E2_CONTEXT_SIGN_FLIP,42032,DOUBLE_ANTITHETIC_CRN_MC,256,CONTEXT_CONDITIONAL_ONLY,A,,"{""-1"": -1, ""1"": 1}"
E2_CONTEXT_SIGN_FLIP,42032,LEGACY_INDEPENDENT_MC,8,CONTEXT_CONDITIONAL_ONLY,A,,"{""-1"": -1, ""1"": 1}"
E2_CONTEXT_SIGN_FLIP,42032,LEGACY_INDEPENDENT_MC,16,CONTEXT_CONDITIONAL_ONLY,A,,"{""-1"": -1, ""1"": 1}"
E2_CONTEXT_SIGN_FLIP,42032,LEGACY_INDEPENDENT_MC,32,CONTEXT_CONDITIONAL_ONLY,A,,"{""-1"": -1, ""1"": 1}"
E2_CONTEXT_SIGN_FLIP,42032,LEGACY_INDEPENDENT_MC,64,CONTEXT_CONDITIONAL_ONLY,A,,"{""-1"": -1, ""1"": 1}"
E2_CONTEXT_SIGN_FLIP,42032,LEGACY_INDEPENDENT_MC,128,CONTEXT_CONDITIONAL_ONLY,A,,"{""-1"": -1, ""1"": 1}"
E2_CONTEXT_SIGN_FLIP,42032,LEGACY_INDEPENDENT_MC,256,CONTEXT_CONDITIONAL_ONLY,A,,"{""-1"": -1, ""1"": 1}"
E2_CONTEXT_SIGN_FLIP,42033,ANTITHETIC_CRN_MC,8,CONTEXT_CONDITIONAL_ONLY,A,,"{""-1"": -1, ""1"": 1}"
E2_CONTEXT_SIGN_FLIP,42033,ANTITHETIC_CRN_MC,16,CONTEXT_CONDITIONAL_ONLY,A,,"{""-1"": -1, ""1"": 1}"
E2_CONTEXT_SIGN_FLIP,42033,ANTITHETIC_CRN_MC,32,CONTEXT_CONDITIONAL_ONLY,A,,"{""-1"": -1, ""1"": 1}"
E2_CONTEXT_SIGN_FLIP,42033,ANTITHETIC_CRN_MC,64,CONTEXT_CONDITIONAL_ONLY,A,,"{""-1"": -1, ""1"": 1}"
E2_CONTEXT_SIGN_FLIP,42033,ANTITHETIC_CRN_MC,128,CONTEXT_CONDITIONAL_ONLY,A,,"{""-1"": -1, ""1"": 1}"
E2_CONTEXT_SIGN_FLIP,42033,ANTITHETIC_CRN_MC,256,CONTEXT_CONDITIONAL_ONLY,A,,"{""-1"": -1, ""1"": 1}"
E2_CONTEXT_SIGN_FLIP,42033,CRN_CHAIN_MC,8,CONTEXT_CONDITIONAL_ONLY,A,,"{""-1"": -1, ""1"": 1}"
E2_CONTEXT_SIGN_FLIP,42033,CRN_CHAIN_MC,16,CONTEXT_CONDITIONAL_ONLY,A,,"{""-1"": -1, ""1"": 1}"
E2_CONTEXT_SIGN_FLIP,42033,CRN_CHAIN_MC,32,CONTEXT_CONDITIONAL_ONLY,A,,"{""-1"": -1, ""1"": 1}"
E2_CONTEXT_SIGN_FLIP,42033,CRN_CHAIN_MC,64,CONTEXT_CONDITIONAL_ONLY,A,,"{""-1"": -1, ""1"": 1}"
E2_CONTEXT_SIGN_FLIP,42033,CRN_CHAIN_MC,128,CONTEXT_CONDITIONAL_ONLY,A,,"{""-1"": -1, ""1"": 1}"
E2_CONTEXT_SIGN_FLIP,42033,CRN_CHAIN_MC,256,CONTEXT_CONDITIONAL_ONLY,A,,"{""-1"": -1, ""1"": 1}"
E2_CONTEXT_SIGN_FLIP,42033,DOUBLE_ANTITHETIC_CRN_MC,8,CONTEXT_CONDITIONAL_ONLY,A,,"{""-1"": -1, ""1"": 1}"
E2_CONTEXT_SIGN_FLIP,42033,DOUBLE_ANTITHETIC_CRN_MC,16,CONTEXT_CONDITIONAL_ONLY,A,,"{""-1"": -1, ""1"": 1}"
E2_CONTEXT_SIGN_FLIP,42033,DOUBLE_ANTITHETIC_CRN_MC,32,CONTEXT_CONDITIONAL_ONLY,A,,"{""-1"": -1, ""1"": 1}"
E2_CONTEXT_SIGN_FLIP,42033,DOUBLE_ANTITHETIC_CRN_MC,64,CONTEXT_CONDITIONAL_ONLY,A,,"{""-1"": -1, ""1"": 1}"
E2_CONTEXT_SIGN_FLIP,42033,DOUBLE_ANTITHETIC_CRN_MC,128,CONTEXT_CONDITIONAL_ONLY,A,,"{""-1"": -1, ""1"": 1}"
E2_CONTEXT_SIGN_FLIP,42033,DOUBLE_ANTITHETIC_CRN_MC,256,CONTEXT_CONDITIONAL_ONLY,A,,"{""-1"": -1, ""1"": 1}"
E2_CONTEXT_SIGN_FLIP,42033,LEGACY_INDEPENDENT_MC,8,CONTEXT_CONDITIONAL_ONLY,A,,"{""-1"": -1, ""1"": 1}"
E2_CONTEXT_SIGN_FLIP,42033,LEGACY_INDEPENDENT_MC,16,CONTEXT_CONDITIONAL_ONLY,A,,"{""-1"": -1, ""1"": 1}"
E2_CONTEXT_SIGN_FLIP,42033,LEGACY_INDEPENDENT_MC,32,CONTEXT_CONDITIONAL_ONLY,A,,"{""-1"": -1, ""1"": 1}"
E2_CONTEXT_SIGN_FLIP,42033,LEGACY_INDEPENDENT_MC,64,CONTEXT_CONDITIONAL_ONLY,A,,"{""-1"": -1, ""1"": 1}"
E2_CONTEXT_SIGN_FLIP,42033,LEGACY_INDEPENDENT_MC,128,CONTEXT_CONDITIONAL_ONLY,A,,"{""-1"": -1, ""1"": 1}"
E2_CONTEXT_SIGN_FLIP,42033,LEGACY_INDEPENDENT_MC,256,CONTEXT_CONDITIONAL_ONLY,A,,"{""-1"": -1, ""1"": 1}"
E2_CONTEXT_SIGN_FLIP,42034,ANTITHETIC_CRN_MC,8,CONTEXT_CONDITIONAL_ONLY,A,,"{""-1"": -1, ""1"": 1}"
E2_CONTEXT_SIGN_FLIP,42034,ANTITHETIC_CRN_MC,16,CONTEXT_CONDITIONAL_ONLY,A,,"{""-1"": -1, ""1"": 1}"
E2_CONTEXT_SIGN_FLIP,42034,ANTITHETIC_CRN_MC,32,CONTEXT_CONDITIONAL_ONLY,A,,"{""-1"": -1, ""1"": 1}"
E2_CONTEXT_SIGN_FLIP,42034,ANTITHETIC_CRN_MC,64,CONTEXT_CONDITIONAL_ONLY,A,,"{""-1"": -1, ""1"": 1}"
E2_CONTEXT_SIGN_FLIP,42034,ANTITHETIC_CRN_MC,128,CONTEXT_CONDITIONAL_ONLY,A,,"{""-1"": -1, ""1"": 1}"
E2_CONTEXT_SIGN_FLIP,42034,ANTITHETIC_CRN_MC,256,CONTEXT_CONDITIONAL_ONLY,A,,"{""-1"": -1, ""1"": 1}"
E2_CONTEXT_SIGN_FLIP,42034,CRN_CHAIN_MC,8,CONTEXT_CONDITIONAL_ONLY,A,,"{""-1"": -1, ""1"": 1}"
E2_CONTEXT_SIGN_FLIP,42034,CRN_CHAIN_MC,16,CONTEXT_CONDITIONAL_ONLY,A,,"{""-1"": -1, ""1"": 1}"
E2_CONTEXT_SIGN_FLIP,42034,CRN_CHAIN_MC,32,CONTEXT_CONDITIONAL_ONLY,A,,"{""-1"": -1, ""1"": 1}"
E2_CONTEXT_SIGN_FLIP,42034,CRN_CHAIN_MC,64,CONTEXT_CONDITIONAL_ONLY,A,,"{""-1"": -1, ""1"": 1}"
E2_CONTEXT_SIGN_FLIP,42034,CRN_CHAIN_MC,128,CONTEXT_CONDITIONAL_ONLY,A,,"{""-1"": -1, ""1"": 1}"
E2_CONTEXT_SIGN_FLIP,42034,CRN_CHAIN_MC,256,CONTEXT_CONDITIONAL_ONLY,A,,"{""-1"": -1, ""1"": 1}"
E2_CONTEXT_SIGN_FLIP,42034,DOUBLE_ANTITHETIC_CRN_MC,8,CONTEXT_CONDITIONAL_ONLY,A,,"{""-1"": -1, ""1"": 1}"
E2_CONTEXT_SIGN_FLIP,42034,DOUBLE_ANTITHETIC_CRN_MC,16,CONTEXT_CONDITIONAL_ONLY,A,,"{""-1"": -1, ""1"": 1}"
E2_CONTEXT_SIGN_FLIP,42034,DOUBLE_ANTITHETIC_CRN_MC,32,CONTEXT_CONDITIONAL_ONLY,A,,"{""-1"": -1, ""1"": 1}"
E2_CONTEXT_SIGN_FLIP,42034,DOUBLE_ANTITHETIC_CRN_MC,64,CONTEXT_CONDITIONAL_ONLY,A,,"{""-1"": -1, ""1"": 1}"
E2_CONTEXT_SIGN_FLIP,42034,DOUBLE_ANTITHETIC_CRN_MC,128,CONTEXT_CONDITIONAL_ONLY,A,,"{""-1"": -1, ""1"": 1}"
E2_CONTEXT_SIGN_FLIP,42034,DOUBLE_ANTITHETIC_CRN_MC,256,CONTEXT_CONDITIONAL_ONLY,A,,"{""-1"": -1, ""1"": 1}"
E2_CONTEXT_SIGN_FLIP,42034,LEGACY_INDEPENDENT_MC,8,CONTEXT_CONDITIONAL_ONLY,A,,"{""-1"": -1, ""1"": 1}"
E2_CONTEXT_SIGN_FLIP,42034,LEGACY_INDEPENDENT_MC,16,CONTEXT_CONDITIONAL_ONLY,A,,"{""-1"": -1, ""1"": 1}"
E2_CONTEXT_SIGN_FLIP,42034,LEGACY_INDEPENDENT_MC,32,CONTEXT_CONDITIONAL_ONLY,A,,"{""-1"": -1, ""1"": 1}"
E2_CONTEXT_SIGN_FLIP,42034,LEGACY_INDEPENDENT_MC,64,CONTEXT_CONDITIONAL_ONLY,A,,"{""-1"": -1, ""1"": 1}"
E2_CONTEXT_SIGN_FLIP,42034,LEGACY_INDEPENDENT_MC,128,CONTEXT_CONDITIONAL_ONLY,A,,"{""-1"": -1, ""1"": 1}"
E2_CONTEXT_SIGN_FLIP,42034,LEGACY_INDEPENDENT_MC,256,CONTEXT_CONDITIONAL_ONLY,A,,"{""-1"": -1, ""1"": 1}"
E2_CONTEXT_SIGN_FLIP,42035,ANTITHETIC_CRN_MC,8,CONTEXT_CONDITIONAL_ONLY,A,,"{""-1"": -1, ""1"": 1}"
E2_CONTEXT_SIGN_FLIP,42035,ANTITHETIC_CRN_MC,16,CONTEXT_CONDITIONAL_ONLY,A,,"{""-1"": -1, ""1"": 1}"
E2_CONTEXT_SIGN_FLIP,42035,ANTITHETIC_CRN_MC,32,CONTEXT_CONDITIONAL_ONLY,A,,"{""-1"": -1, ""1"": 1}"
E2_CONTEXT_SIGN_FLIP,42035,ANTITHETIC_CRN_MC,64,CONTEXT_CONDITIONAL_ONLY,A,,"{""-1"": -1, ""1"": 1}"
E2_CONTEXT_SIGN_FLIP,42035,ANTITHETIC_CRN_MC,128,CONTEXT_CONDITIONAL_ONLY,A,,"{""-1"": -1, ""1"": 1}"
E2_CONTEXT_SIGN_FLIP,42035,ANTITHETIC_CRN_MC,256,CONTEXT_CONDITIONAL_ONLY,A,,"{""-1"": -1, ""1"": 1}"
E2_CONTEXT_SIGN_FLIP,42035,CRN_CHAIN_MC,8,CONTEXT_CONDITIONAL_ONLY,A,,"{""-1"": -1, ""1"": 1}"
E2_CONTEXT_SIGN_FLIP,42035,CRN_CHAIN_MC,16,CONTEXT_CONDITIONAL_ONLY,A,,"{""-1"": -1, ""1"": 1}"
E2_CONTEXT_SIGN_FLIP,42035,CRN_CHAIN_MC,32,CONTEXT_CONDITIONAL_ONLY,A,,"{""-1"": -1, ""1"": 1}"
E2_CONTEXT_SIGN_FLIP,42035,CRN_CHAIN_MC,64,CONTEXT_CONDITIONAL_ONLY,A,,"{""-1"": -1, ""1"": 1}"
E2_CONTEXT_SIGN_FLIP,42035,CRN_CHAIN_MC,128,CONTEXT_CONDITIONAL_ONLY,A,,"{""-1"": -1, ""1"": 1}"
E2_CONTEXT_SIGN_FLIP,42035,CRN_CHAIN_MC,256,CONTEXT_CONDITIONAL_ONLY,A,,"{""-1"": -1, ""1"": 1}"
E2_CONTEXT_SIGN_FLIP,42035,DOUBLE_ANTITHETIC_CRN_MC,8,CONTEXT_CONDITIONAL_ONLY,A,,"{""-1"": -1, ""1"": 1}"
E2_CONTEXT_SIGN_FLIP,42035,DOUBLE_ANTITHETIC_CRN_MC,16,CONTEXT_CONDITIONAL_ONLY,A,,"{""-1"": -1, ""1"": 1}"
E2_CONTEXT_SIGN_FLIP,42035,DOUBLE_ANTITHETIC_CRN_MC,32,CONTEXT_CONDITIONAL_ONLY,A,,"{""-1"": -1, ""1"": 1}"
E2_CONTEXT_SIGN_FLIP,42035,DOUBLE_ANTITHETIC_CRN_MC,64,CONTEXT_CONDITIONAL_ONLY,A,,"{""-1"": -1, ""1"": 1}"
E2_CONTEXT_SIGN_FLIP,42035,DOUBLE_ANTITHETIC_CRN_MC,128,CONTEXT_CONDITIONAL_ONLY,A,,"{""-1"": -1, ""1"": 1}"
E2_CONTEXT_SIGN_FLIP,42035,DOUBLE_ANTITHETIC_CRN_MC,256,CONTEXT_CONDITIONAL_ONLY,A,,"{""-1"": -1, ""1"": 1}"
E2_CONTEXT_SIGN_FLIP,42035,LEGACY_INDEPENDENT_MC,8,CONTEXT_CONDITIONAL_ONLY,A,,"{""-1"": -1, ""1"": 1}"
E2_CONTEXT_SIGN_FLIP,42035,LEGACY_INDEPENDENT_MC,16,CONTEXT_CONDITIONAL_ONLY,A,,"{""-1"": -1, ""1"": 1}"
E2_CONTEXT_SIGN_FLIP,42035,LEGACY_INDEPENDENT_MC,32,CONTEXT_CONDITIONAL_ONLY,A,,"{""-1"": -1, ""1"": 1}"
E2_CONTEXT_SIGN_FLIP,42035,LEGACY_INDEPENDENT_MC,64,CONTEXT_CONDITIONAL_ONLY,A,,"{""-1"": -1, ""1"": 1}"
E2_CONTEXT_SIGN_FLIP,42035,LEGACY_INDEPENDENT_MC,128,CONTEXT_CONDITIONAL_ONLY,A,,"{""-1"": -1, ""1"": 1}"
E2_CONTEXT_SIGN_FLIP,42035,LEGACY_INDEPENDENT_MC,256,CONTEXT_CONDITIONAL_ONLY,A,,"{""-1"": -1, ""1"": 1}"
E2_CONTEXT_SIGN_FLIP,42036,ANTITHETIC_CRN_MC,8,CONTEXT_CONDITIONAL_ONLY,A,,"{""-1"": -1, ""1"": 1}"
E2_CONTEXT_SIGN_FLIP,42036,ANTITHETIC_CRN_MC,16,CONTEXT_CONDITIONAL_ONLY,A,,"{""-1"": -1, ""1"": 1}"
E2_CONTEXT_SIGN_FLIP,42036,ANTITHETIC_CRN_MC,32,CONTEXT_CONDITIONAL_ONLY,A,,"{""-1"": -1, ""1"": 1}"
E2_CONTEXT_SIGN_FLIP,42036,ANTITHETIC_CRN_MC,64,CONTEXT_CONDITIONAL_ONLY,A,,"{""-1"": -1, ""1"": 1}"
E2_CONTEXT_SIGN_FLIP,42036,ANTITHETIC_CRN_MC,128,CONTEXT_CONDITIONAL_ONLY,A,,"{""-1"": -1, ""1"": 1}"
E2_CONTEXT_SIGN_FLIP,42036,ANTITHETIC_CRN_MC,256,CONTEXT_CONDITIONAL_ONLY,A,,"{""-1"": -1, ""1"": 1}"
E2_CONTEXT_SIGN_FLIP,42036,CRN_CHAIN_MC,8,CONTEXT_CONDITIONAL_ONLY,A,,"{""-1"": -1, ""1"": 1}"
E2_CONTEXT_SIGN_FLIP,42036,CRN_CHAIN_MC,16,CONTEXT_CONDITIONAL_ONLY,A,,"{""-1"": -1, ""1"": 1}"
E2_CONTEXT_SIGN_FLIP,42036,CRN_CHAIN_MC,32,CONTEXT_CONDITIONAL_ONLY,A,,"{""-1"": -1, ""1"": 1}"
E2_CONTEXT_SIGN_FLIP,42036,CRN_CHAIN_MC,64,CONTEXT_CONDITIONAL_ONLY,A,,"{""-1"": -1, ""1"": 1}"
E2_CONTEXT_SIGN_FLIP,42036,CRN_CHAIN_MC,128,CONTEXT_CONDITIONAL_ONLY,A,,"{""-1"": -1, ""1"": 1}"
E2_CONTEXT_SIGN_FLIP,42036,CRN_CHAIN_MC,256,CONTEXT_CONDITIONAL_ONLY,A,,"{""-1"": -1, ""1"": 1}"
E2_CONTEXT_SIGN_FLIP,42036,DOUBLE_ANTITHETIC_CRN_MC,8,CONTEXT_CONDITIONAL_ONLY,A,,"{""-1"": -1, ""1"": 1}"
E2_CONTEXT_SIGN_FLIP,42036,DOUBLE_ANTITHETIC_CRN_MC,16,CONTEXT_CONDITIONAL_ONLY,A,,"{""-1"": -1, ""1"": 1}"
E2_CONTEXT_SIGN_FLIP,42036,DOUBLE_ANTITHETIC_CRN_MC,32,CONTEXT_CONDITIONAL_ONLY,A,,"{""-1"": -1, ""1"": 1}"
E2_CONTEXT_SIGN_FLIP,42036,DOUBLE_ANTITHETIC_CRN_MC,64,CONTEXT_CONDITIONAL_ONLY,A,,"{""-1"": -1, ""1"": 1}"
E2_CONTEXT_SIGN_FLIP,42036,DOUBLE_ANTITHETIC_CRN_MC,128,CONTEXT_CONDITIONAL_ONLY,A,,"{""-1"": -1, ""1"": 1}"
E2_CONTEXT_SIGN_FLIP,42036,DOUBLE_ANTITHETIC_CRN_MC,256,CONTEXT_CONDITIONAL_ONLY,A,,"{""-1"": -1, ""1"": 1}"
E2_CONTEXT_SIGN_FLIP,42036,LEGACY_INDEPENDENT_MC,8,CONTEXT_CONDITIONAL_ONLY,A,,"{""-1"": -1, ""1"": 1}"
E2_CONTEXT_SIGN_FLIP,42036,LEGACY_INDEPENDENT_MC,16,CONTEXT_CONDITIONAL_ONLY,A,,"{""-1"": -1, ""1"": 1}"
E2_CONTEXT_SIGN_FLIP,42036,LEGACY_INDEPENDENT_MC,32,CONTEXT_CONDITIONAL_ONLY,A,,"{""-1"": -1, ""1"": 1}"
E2_CONTEXT_SIGN_FLIP,42036,LEGACY_INDEPENDENT_MC,64,CONTEXT_CONDITIONAL_ONLY,A,,"{""-1"": -1, ""1"": 1}"
E2_CONTEXT_SIGN_FLIP,42036,LEGACY_INDEPENDENT_MC,128,CONTEXT_CONDITIONAL_ONLY,A,,"{""-1"": -1, ""1"": 1}"
E2_CONTEXT_SIGN_FLIP,42036,LEGACY_INDEPENDENT_MC,256,CONTEXT_CONDITIONAL_ONLY,A,,"{""-1"": -1, ""1"": 1}"
E2_CONTEXT_SIGN_FLIP,42037,ANTITHETIC_CRN_MC,8,CONTEXT_CONDITIONAL_ONLY,A,,"{""-1"": -1, ""1"": 1}"
E2_CONTEXT_SIGN_FLIP,42037,ANTITHETIC_CRN_MC,16,CONTEXT_CONDITIONAL_ONLY,A,,"{""-1"": -1, ""1"": 1}"
E2_CONTEXT_SIGN_FLIP,42037,ANTITHETIC_CRN_MC,32,CONTEXT_CONDITIONAL_ONLY,A,,"{""-1"": -1, ""1"": 1}"
E2_CONTEXT_SIGN_FLIP,42037,ANTITHETIC_CRN_MC,64,CONTEXT_CONDITIONAL_ONLY,A,,"{""-1"": -1, ""1"": 1}"
E2_CONTEXT_SIGN_FLIP,42037,ANTITHETIC_CRN_MC,128,CONTEXT_CONDITIONAL_ONLY,A,,"{""-1"": -1, ""1"": 1}"
E2_CONTEXT_SIGN_FLIP,42037,ANTITHETIC_CRN_MC,256,CONTEXT_CONDITIONAL_ONLY,A,,"{""-1"": -1, ""1"": 1}"
E2_CONTEXT_SIGN_FLIP,42037,CRN_CHAIN_MC,8,CONTEXT_CONDITIONAL_ONLY,A,,"{""-1"": -1, ""1"": 1}"
E2_CONTEXT_SIGN_FLIP,42037,CRN_CHAIN_MC,16,CONTEXT_CONDITIONAL_ONLY,A,,"{""-1"": -1, ""1"": 1}"
E2_CONTEXT_SIGN_FLIP,42037,CRN_CHAIN_MC,32,CONTEXT_CONDITIONAL_ONLY,A,,"{""-1"": -1, ""1"": 1}"
E2_CONTEXT_SIGN_FLIP,42037,CRN_CHAIN_MC,64,CONTEXT_CONDITIONAL_ONLY,A,,"{""-1"": -1, ""1"": 1}"
E2_CONTEXT_SIGN_FLIP,42037,CRN_CHAIN_MC,128,CONTEXT_CONDITIONAL_ONLY,A,,"{""-1"": -1, ""1"": 1}"
E2_CONTEXT_SIGN_FLIP,42037,CRN_CHAIN_MC,256,CONTEXT_CONDITIONAL_ONLY,A,,"{""-1"": -1, ""1"": 1}"
E2_CONTEXT_SIGN_FLIP,42037,DOUBLE_ANTITHETIC_CRN_MC,8,CONTEXT_CONDITIONAL_ONLY,A,,"{""-1"": -1, ""1"": 1}"
E2_CONTEXT_SIGN_FLIP,42037,DOUBLE_ANTITHETIC_CRN_MC,16,CONTEXT_CONDITIONAL_ONLY,A,,"{""-1"": -1, ""1"": 1}"
E2_CONTEXT_SIGN_FLIP,42037,DOUBLE_ANTITHETIC_CRN_MC,32,CONTEXT_CONDITIONAL_ONLY,A,,"{""-1"": -1, ""1"": 1}"
E2_CONTEXT_SIGN_FLIP,42037,DOUBLE_ANTITHETIC_CRN_MC,64,CONTEXT_CONDITIONAL_ONLY,A,,"{""-1"": -1, ""1"": 1}"
E2_CONTEXT_SIGN_FLIP,42037,DOUBLE_ANTITHETIC_CRN_MC,128,CONTEXT_CONDITIONAL_ONLY,A,,"{""-1"": -1, ""1"": 1}"
E2_CONTEXT_SIGN_FLIP,42037,DOUBLE_ANTITHETIC_CRN_MC,256,CONTEXT_CONDITIONAL_ONLY,A,,"{""-1"": -1, ""1"": 1}"
E2_CONTEXT_SIGN_FLIP,42037,LEGACY_INDEPENDENT_MC,8,CONTEXT_CONDITIONAL_ONLY,A,,"{""-1"": -1, ""1"": 1}"
E2_CONTEXT_SIGN_FLIP,42037,LEGACY_INDEPENDENT_MC,16,CONTEXT_CONDITIONAL_ONLY,A,,"{""-1"": -1, ""1"": 1}"
E2_CONTEXT_SIGN_FLIP,42037,LEGACY_INDEPENDENT_MC,32,CONTEXT_CONDITIONAL_ONLY,A,,"{""-1"": -1, ""1"": 1}"
E2_CONTEXT_SIGN_FLIP,42037,LEGACY_INDEPENDENT_MC,64,CONTEXT_CONDITIONAL_ONLY,A,,"{""-1"": -1, ""1"": 1}"
E2_CONTEXT_SIGN_FLIP,42037,LEGACY_INDEPENDENT_MC,128,CONTEXT_CONDITIONAL_ONLY,A,,"{""-1"": -1, ""1"": 1}"
E2_CONTEXT_SIGN_FLIP,42037,LEGACY_INDEPENDENT_MC,256,CONTEXT_CONDITIONAL_ONLY,A,,"{""-1"": -1, ""1"": 1}"
E2_CONTEXT_SIGN_FLIP,42038,ANTITHETIC_CRN_MC,8,CONTEXT_CONDITIONAL_ONLY,A,,"{""-1"": -1, ""1"": 1}"
E2_CONTEXT_SIGN_FLIP,42038,ANTITHETIC_CRN_MC,16,CONTEXT_CONDITIONAL_ONLY,A,,"{""-1"": -1, ""1"": 1}"
E2_CONTEXT_SIGN_FLIP,42038,ANTITHETIC_CRN_MC,32,CONTEXT_CONDITIONAL_ONLY,A,,"{""-1"": -1, ""1"": 1}"
E2_CONTEXT_SIGN_FLIP,42038,ANTITHETIC_CRN_MC,64,CONTEXT_CONDITIONAL_ONLY,A,,"{""-1"": -1, ""1"": 1}"
E2_CONTEXT_SIGN_FLIP,42038,ANTITHETIC_CRN_MC,128,CONTEXT_CONDITIONAL_ONLY,A,,"{""-1"": -1, ""1"": 1}"
E2_CONTEXT_SIGN_FLIP,42038,ANTITHETIC_CRN_MC,256,CONTEXT_CONDITIONAL_ONLY,A,,"{""-1"": -1, ""1"": 1}"
E2_CONTEXT_SIGN_FLIP,42038,CRN_CHAIN_MC,8,CONTEXT_CONDITIONAL_ONLY,A,,"{""-1"": -1, ""1"": 1}"
E2_CONTEXT_SIGN_FLIP,42038,CRN_CHAIN_MC,16,CONTEXT_CONDITIONAL_ONLY,A,,"{""-1"": -1, ""1"": 1}"
E2_CONTEXT_SIGN_FLIP,42038,CRN_CHAIN_MC,32,CONTEXT_CONDITIONAL_ONLY,A,,"{""-1"": -1, ""1"": 1}"
E2_CONTEXT_SIGN_FLIP,42038,CRN_CHAIN_MC,64,CONTEXT_CONDITIONAL_ONLY,A,,"{""-1"": -1, ""1"": 1}"
E2_CONTEXT_SIGN_FLIP,42038,CRN_CHAIN_MC,128,CONTEXT_CONDITIONAL_ONLY,A,,"{""-1"": -1, ""1"": 1}"
E2_CONTEXT_SIGN_FLIP,42038,CRN_CHAIN_MC,256,CONTEXT_CONDITIONAL_ONLY,A,,"{""-1"": -1, ""1"": 1}"
E2_CONTEXT_SIGN_FLIP,42038,DOUBLE_ANTITHETIC_CRN_MC,8,CONTEXT_CONDITIONAL_ONLY,A,,"{""-1"": -1, ""1"": 1}"
E2_CONTEXT_SIGN_FLIP,42038,DOUBLE_ANTITHETIC_CRN_MC,16,CONTEXT_CONDITIONAL_ONLY,A,,"{""-1"": -1, ""1"": 1}"
E2_CONTEXT_SIGN_FLIP,42038,DOUBLE_ANTITHETIC_CRN_MC,32,CONTEXT_CONDITIONAL_ONLY,A,,"{""-1"": -1, ""1"": 1}"
E2_CONTEXT_SIGN_FLIP,42038,DOUBLE_ANTITHETIC_CRN_MC,64,CONTEXT_CONDITIONAL_ONLY,A,,"{""-1"": -1, ""1"": 1}"
E2_CONTEXT_SIGN_FLIP,42038,DOUBLE_ANTITHETIC_CRN_MC,128,CONTEXT_CONDITIONAL_ONLY,A,,"{""-1"": -1, ""1"": 1}"
E2_CONTEXT_SIGN_FLIP,42038,DOUBLE_ANTITHETIC_CRN_MC,256,CONTEXT_CONDITIONAL_ONLY,A,,"{""-1"": -1, ""1"": 1}"
E2_CONTEXT_SIGN_FLIP,42038,LEGACY_INDEPENDENT_MC,8,CONTEXT_CONDITIONAL_ONLY,A,,"{""-1"": -1, ""1"": 1}"
E2_CONTEXT_SIGN_FLIP,42038,LEGACY_INDEPENDENT_MC,16,CONTEXT_CONDITIONAL_ONLY,A,,"{""-1"": -1, ""1"": 1}"
E2_CONTEXT_SIGN_FLIP,42038,LEGACY_INDEPENDENT_MC,32,CONTEXT_CONDITIONAL_ONLY,A,,"{""-1"": -1, ""1"": 1}"
E2_CONTEXT_SIGN_FLIP,42038,LEGACY_INDEPENDENT_MC,64,CONTEXT_CONDITIONAL_ONLY,A,,"{""-1"": -1, ""1"": 1}"
E2_CONTEXT_SIGN_FLIP,42038,LEGACY_INDEPENDENT_MC,128,CONTEXT_CONDITIONAL_ONLY,A,,"{""-1"": -1, ""1"": 1}"
E2_CONTEXT_SIGN_FLIP,42038,LEGACY_INDEPENDENT_MC,256,CONTEXT_CONDITIONAL_ONLY,A,,"{""-1"": -1, ""1"": 1}"
E2_CONTEXT_SIGN_FLIP,42039,ANTITHETIC_CRN_MC,8,CONTEXT_CONDITIONAL_ONLY,A,,"{""-1"": -1, ""1"": 1}"
E2_CONTEXT_SIGN_FLIP,42039,ANTITHETIC_CRN_MC,16,CONTEXT_CONDITIONAL_ONLY,A,,"{""-1"": -1, ""1"": 1}"
E2_CONTEXT_SIGN_FLIP,42039,ANTITHETIC_CRN_MC,32,CONTEXT_CONDITIONAL_ONLY,A,,"{""-1"": -1, ""1"": 1}"
E2_CONTEXT_SIGN_FLIP,42039,ANTITHETIC_CRN_MC,64,CONTEXT_CONDITIONAL_ONLY,A,,"{""-1"": -1, ""1"": 1}"
E2_CONTEXT_SIGN_FLIP,42039,ANTITHETIC_CRN_MC,128,CONTEXT_CONDITIONAL_ONLY,A,,"{""-1"": -1, ""1"": 1}"
E2_CONTEXT_SIGN_FLIP,42039,ANTITHETIC_CRN_MC,256,CONTEXT_CONDITIONAL_ONLY,A,,"{""-1"": -1, ""1"": 1}"
E2_CONTEXT_SIGN_FLIP,42039,CRN_CHAIN_MC,8,CONTEXT_CONDITIONAL_ONLY,A,,"{""-1"": -1, ""1"": 1}"
E2_CONTEXT_SIGN_FLIP,42039,CRN_CHAIN_MC,16,CONTEXT_CONDITIONAL_ONLY,A,,"{""-1"": -1, ""1"": 1}"
E2_CONTEXT_SIGN_FLIP,42039,CRN_CHAIN_MC,32,CONTEXT_CONDITIONAL_ONLY,A,,"{""-1"": -1, ""1"": 1}"
E2_CONTEXT_SIGN_FLIP,42039,CRN_CHAIN_MC,64,CONTEXT_CONDITIONAL_ONLY,A,,"{""-1"": -1, ""1"": 1}"
E2_CONTEXT_SIGN_FLIP,42039,CRN_CHAIN_MC,128,CONTEXT_CONDITIONAL_ONLY,A,,"{""-1"": -1, ""1"": 1}"
E2_CONTEXT_SIGN_FLIP,42039,CRN_CHAIN_MC,256,CONTEXT_CONDITIONAL_ONLY,A,,"{""-1"": -1, ""1"": 1}"
E2_CONTEXT_SIGN_FLIP,42039,DOUBLE_ANTITHETIC_CRN_MC,8,CONTEXT_CONDITIONAL_ONLY,A,,"{""-1"": -1, ""1"": 1}"
E2_CONTEXT_SIGN_FLIP,42039,DOUBLE_ANTITHETIC_CRN_MC,16,CONTEXT_CONDITIONAL_ONLY,A,,"{""-1"": -1, ""1"": 1}"
E2_CONTEXT_SIGN_FLIP,42039,DOUBLE_ANTITHETIC_CRN_MC,32,CONTEXT_CONDITIONAL_ONLY,A,,"{""-1"": -1, ""1"": 1}"
E2_CONTEXT_SIGN_FLIP,42039,DOUBLE_ANTITHETIC_CRN_MC,64,CONTEXT_CONDITIONAL_ONLY,A,,"{""-1"": -1, ""1"": 1}"
E2_CONTEXT_SIGN_FLIP,42039,DOUBLE_ANTITHETIC_CRN_MC,128,CONTEXT_CONDITIONAL_ONLY,A,,"{""-1"": -1, ""1"": 1}"
E2_CONTEXT_SIGN_FLIP,42039,DOUBLE_ANTITHETIC_CRN_MC,256,CONTEXT_CONDITIONAL_ONLY,A,,"{""-1"": -1, ""1"": 1}"
E2_CONTEXT_SIGN_FLIP,42039,LEGACY_INDEPENDENT_MC,8,CONTEXT_CONDITIONAL_ONLY,A,,"{""-1"": -1, ""1"": 1}"
E2_CONTEXT_SIGN_FLIP,42039,LEGACY_INDEPENDENT_MC,16,CONTEXT_CONDITIONAL_ONLY,A,,"{""-1"": -1, ""1"": 1}"
E2_CONTEXT_SIGN_FLIP,42039,LEGACY_INDEPENDENT_MC,32,CONTEXT_CONDITIONAL_ONLY,A,,"{""-1"": -1, ""1"": 1}"
E2_CONTEXT_SIGN_FLIP,42039,LEGACY_INDEPENDENT_MC,64,CONTEXT_CONDITIONAL_ONLY,A,,"{""-1"": -1, ""1"": 1}"
E2_CONTEXT_SIGN_FLIP,42039,LEGACY_INDEPENDENT_MC,128,CONTEXT_CONDITIONAL_ONLY,A,,"{""-1"": -1, ""1"": 1}"
E2_CONTEXT_SIGN_FLIP,42039,LEGACY_INDEPENDENT_MC,256,CONTEXT_CONDITIONAL_ONLY,A,,"{""-1"": -1, ""1"": 1}"
E2_CONTEXT_SIGN_FLIP,42040,ANTITHETIC_CRN_MC,8,CONTEXT_CONDITIONAL_ONLY,A,,"{""-1"": -1, ""1"": 1}"
E2_CONTEXT_SIGN_FLIP,42040,ANTITHETIC_CRN_MC,16,CONTEXT_CONDITIONAL_ONLY,A,,"{""-1"": -1, ""1"": 1}"
E2_CONTEXT_SIGN_FLIP,42040,ANTITHETIC_CRN_MC,32,CONTEXT_CONDITIONAL_ONLY,A,,"{""-1"": -1, ""1"": 1}"
E2_CONTEXT_SIGN_FLIP,42040,ANTITHETIC_CRN_MC,64,CONTEXT_CONDITIONAL_ONLY,A,,"{""-1"": -1, ""1"": 1}"
E2_CONTEXT_SIGN_FLIP,42040,ANTITHETIC_CRN_MC,128,CONTEXT_CONDITIONAL_ONLY,A,,"{""-1"": -1, ""1"": 1}"
E2_CONTEXT_SIGN_FLIP,42040,ANTITHETIC_CRN_MC,256,CONTEXT_CONDITIONAL_ONLY,A,,"{""-1"": -1, ""1"": 1}"
E2_CONTEXT_SIGN_FLIP,42040,CRN_CHAIN_MC,8,CONTEXT_CONDITIONAL_ONLY,A,,"{""-1"": -1, ""1"": 1}"
E2_CONTEXT_SIGN_FLIP,42040,CRN_CHAIN_MC,16,CONTEXT_CONDITIONAL_ONLY,A,,"{""-1"": -1, ""1"": 1}"
E2_CONTEXT_SIGN_FLIP,42040,CRN_CHAIN_MC,32,CONTEXT_CONDITIONAL_ONLY,A,,"{""-1"": -1, ""1"": 1}"
E2_CONTEXT_SIGN_FLIP,42040,CRN_CHAIN_MC,64,CONTEXT_CONDITIONAL_ONLY,A,,"{""-1"": -1, ""1"": 1}"
E2_CONTEXT_SIGN_FLIP,42040,CRN_CHAIN_MC,128,CONTEXT_CONDITIONAL_ONLY,A,,"{""-1"": -1, ""1"": 1}"
E2_CONTEXT_SIGN_FLIP,42040,CRN_CHAIN_MC,256,CONTEXT_CONDITIONAL_ONLY,A,,"{""-1"": -1, ""1"": 1}"
E2_CONTEXT_SIGN_FLIP,42040,DOUBLE_ANTITHETIC_CRN_MC,8,CONTEXT_CONDITIONAL_ONLY,A,,"{""-1"": -1, ""1"": 1}"
E2_CONTEXT_SIGN_FLIP,42040,DOUBLE_ANTITHETIC_CRN_MC,16,CONTEXT_CONDITIONAL_ONLY,A,,"{""-1"": -1, ""1"": 1}"
E2_CONTEXT_SIGN_FLIP,42040,DOUBLE_ANTITHETIC_CRN_MC,32,CONTEXT_CONDITIONAL_ONLY,A,,"{""-1"": -1, ""1"": 1}"
E2_CONTEXT_SIGN_FLIP,42040,DOUBLE_ANTITHETIC_CRN_MC,64,CONTEXT_CONDITIONAL_ONLY,A,,"{""-1"": -1, ""1"": 1}"
E2_CONTEXT_SIGN_FLIP,42040,DOUBLE_ANTITHETIC_CRN_MC,128,CONTEXT_CONDITIONAL_ONLY,A,,"{""-1"": -1, ""1"": 1}"
E2_CONTEXT_SIGN_FLIP,42040,DOUBLE_ANTITHETIC_CRN_MC,256,CONTEXT_CONDITIONAL_ONLY,A,,"{""-1"": -1, ""1"": 1}"
E2_CONTEXT_SIGN_FLIP,42040,LEGACY_INDEPENDENT_MC,8,CONTEXT_CONDITIONAL_ONLY,A,,"{""-1"": -1, ""1"": 1}"
E2_CONTEXT_SIGN_FLIP,42040,LEGACY_INDEPENDENT_MC,16,CONTEXT_CONDITIONAL_ONLY,A,,"{""-1"": -1, ""1"": 1}"
E2_CONTEXT_SIGN_FLIP,42040,LEGACY_INDEPENDENT_MC,32,CONTEXT_CONDITIONAL_ONLY,A,,"{""-1"": -1, ""1"": 1}"
E2_CONTEXT_SIGN_FLIP,42040,LEGACY_INDEPENDENT_MC,64,CONTEXT_CONDITIONAL_ONLY,A,,"{""-1"": -1, ""1"": 1}"
E2_CONTEXT_SIGN_FLIP,42040,LEGACY_INDEPENDENT_MC,128,CONTEXT_CONDITIONAL_ONLY,A,,"{""-1"": -1, ""1"": 1}"
E2_CONTEXT_SIGN_FLIP,42040,LEGACY_INDEPENDENT_MC,256,CONTEXT_CONDITIONAL_ONLY,A,,"{""-1"": -1, ""1"": 1}"
E2_CONTEXT_SIGN_FLIP,42041,ANTITHETIC_CRN_MC,8,CONTEXT_CONDITIONAL_ONLY,A,,"{""-1"": -1, ""1"": 1}"
E2_CONTEXT_SIGN_FLIP,42041,ANTITHETIC_CRN_MC,16,CONTEXT_CONDITIONAL_ONLY,A,,"{""-1"": -1, ""1"": 1}"
E2_CONTEXT_SIGN_FLIP,42041,ANTITHETIC_CRN_MC,32,CONTEXT_CONDITIONAL_ONLY,A,,"{""-1"": -1, ""1"": 1}"
E2_CONTEXT_SIGN_FLIP,42041,ANTITHETIC_CRN_MC,64,CONTEXT_CONDITIONAL_ONLY,A,,"{""-1"": -1, ""1"": 1}"
E2_CONTEXT_SIGN_FLIP,42041,ANTITHETIC_CRN_MC,128,CONTEXT_CONDITIONAL_ONLY,A,,"{""-1"": -1, ""1"": 1}"
E2_CONTEXT_SIGN_FLIP,42041,ANTITHETIC_CRN_MC,256,CONTEXT_CONDITIONAL_ONLY,A,,"{""-1"": -1, ""1"": 1}"
E2_CONTEXT_SIGN_FLIP,42041,CRN_CHAIN_MC,8,CONTEXT_CONDITIONAL_ONLY,A,,"{""-1"": -1, ""1"": 1}"
E2_CONTEXT_SIGN_FLIP,42041,CRN_CHAIN_MC,16,CONTEXT_CONDITIONAL_ONLY,A,,"{""-1"": -1, ""1"": 1}"
E2_CONTEXT_SIGN_FLIP,42041,CRN_CHAIN_MC,32,CONTEXT_CONDITIONAL_ONLY,A,,"{""-1"": -1, ""1"": 1}"
E2_CONTEXT_SIGN_FLIP,42041,CRN_CHAIN_MC,64,CONTEXT_CONDITIONAL_ONLY,A,,"{""-1"": -1, ""1"": 1}"
E2_CONTEXT_SIGN_FLIP,42041,CRN_CHAIN_MC,128,CONTEXT_CONDITIONAL_ONLY,A,,"{""-1"": -1, ""1"": 1}"
E2_CONTEXT_SIGN_FLIP,42041,CRN_CHAIN_MC,256,CONTEXT_CONDITIONAL_ONLY,A,,"{""-1"": -1, ""1"": 1}"
E2_CONTEXT_SIGN_FLIP,42041,DOUBLE_ANTITHETIC_CRN_MC,8,CONTEXT_CONDITIONAL_ONLY,A,,"{""-1"": -1, ""1"": 1}"
E2_CONTEXT_SIGN_FLIP,42041,DOUBLE_ANTITHETIC_CRN_MC,16,CONTEXT_CONDITIONAL_ONLY,A,,"{""-1"": -1, ""1"": 1}"
E2_CONTEXT_SIGN_FLIP,42041,DOUBLE_ANTITHETIC_CRN_MC,32,CONTEXT_CONDITIONAL_ONLY,A,,"{""-1"": -1, ""1"": 1}"
E2_CONTEXT_SIGN_FLIP,42041,DOUBLE_ANTITHETIC_CRN_MC,64,CONTEXT_CONDITIONAL_ONLY,A,,"{""-1"": -1, ""1"": 1}"
E2_CONTEXT_SIGN_FLIP,42041,DOUBLE_ANTITHETIC_CRN_MC,128,CONTEXT_CONDITIONAL_ONLY,A,,"{""-1"": -1, ""1"": 1}"
E2_CONTEXT_SIGN_FLIP,42041,DOUBLE_ANTITHETIC_CRN_MC,256,CONTEXT_CONDITIONAL_ONLY,A,,"{""-1"": -1, ""1"": 1}"
E2_CONTEXT_SIGN_FLIP,42041,LEGACY_INDEPENDENT_MC,8,CONTEXT_CONDITIONAL_ONLY,A,,"{""-1"": -1, ""1"": 1}"
E2_CONTEXT_SIGN_FLIP,42041,LEGACY_INDEPENDENT_MC,16,CONTEXT_CONDITIONAL_ONLY,A,,"{""-1"": -1, ""1"": 1}"
E2_CONTEXT_SIGN_FLIP,42041,LEGACY_INDEPENDENT_MC,32,CONTEXT_CONDITIONAL_ONLY,A,,"{""-1"": -1, ""1"": 1}"
E2_CONTEXT_SIGN_FLIP,42041,LEGACY_INDEPENDENT_MC,64,CONTEXT_CONDITIONAL_ONLY,A,,"{""-1"": -1, ""1"": 1}"
E2_CONTEXT_SIGN_FLIP,42041,LEGACY_INDEPENDENT_MC,128,CONTEXT_CONDITIONAL_ONLY,A,,"{""-1"": -1, ""1"": 1}"
E2_CONTEXT_SIGN_FLIP,42041,LEGACY_INDEPENDENT_MC,256,CONTEXT_CONDITIONAL_ONLY,A,,"{""-1"": -1, ""1"": 1}"
E2_CONTEXT_SIGN_FLIP,42042,ANTITHETIC_CRN_MC,8,CONTEXT_CONDITIONAL_ONLY,A,,"{""-1"": -1, ""1"": 1}"
E2_CONTEXT_SIGN_FLIP,42042,ANTITHETIC_CRN_MC,16,CONTEXT_CONDITIONAL_ONLY,A,,"{""-1"": -1, ""1"": 1}"
E2_CONTEXT_SIGN_FLIP,42042,ANTITHETIC_CRN_MC,32,CONTEXT_CONDITIONAL_ONLY,A,,"{""-1"": -1, ""1"": 1}"
E2_CONTEXT_SIGN_FLIP,42042,ANTITHETIC_CRN_MC,64,CONTEXT_CONDITIONAL_ONLY,A,,"{""-1"": -1, ""1"": 1}"
E2_CONTEXT_SIGN_FLIP,42042,ANTITHETIC_CRN_MC,128,CONTEXT_CONDITIONAL_ONLY,A,,"{""-1"": -1, ""1"": 1}"
E2_CONTEXT_SIGN_FLIP,42042,ANTITHETIC_CRN_MC,256,CONTEXT_CONDITIONAL_ONLY,A,,"{""-1"": -1, ""1"": 1}"
E2_CONTEXT_SIGN_FLIP,42042,CRN_CHAIN_MC,8,CONTEXT_CONDITIONAL_ONLY,A,,"{""-1"": -1, ""1"": 1}"
E2_CONTEXT_SIGN_FLIP,42042,CRN_CHAIN_MC,16,CONTEXT_CONDITIONAL_ONLY,A,,"{""-1"": -1, ""1"": 1}"
E2_CONTEXT_SIGN_FLIP,42042,CRN_CHAIN_MC,32,CONTEXT_CONDITIONAL_ONLY,A,,"{""-1"": -1, ""1"": 1}"
E2_CONTEXT_SIGN_FLIP,42042,CRN_CHAIN_MC,64,CONTEXT_CONDITIONAL_ONLY,A,,"{""-1"": -1, ""1"": 1}"
E2_CONTEXT_SIGN_FLIP,42042,CRN_CHAIN_MC,128,CONTEXT_CONDITIONAL_ONLY,A,,"{""-1"": -1, ""1"": 1}"
E2_CONTEXT_SIGN_FLIP,42042,CRN_CHAIN_MC,256,CONTEXT_CONDITIONAL_ONLY,A,,"{""-1"": -1, ""1"": 1}"
E2_CONTEXT_SIGN_FLIP,42042,DOUBLE_ANTITHETIC_CRN_MC,8,CONTEXT_CONDITIONAL_ONLY,A,,"{""-1"": -1, ""1"": 1}"
E2_CONTEXT_SIGN_FLIP,42042,DOUBLE_ANTITHETIC_CRN_MC,16,CONTEXT_CONDITIONAL_ONLY,A,,"{""-1"": -1, ""1"": 1}"
E2_CONTEXT_SIGN_FLIP,42042,DOUBLE_ANTITHETIC_CRN_MC,32,CONTEXT_CONDITIONAL_ONLY,A,,"{""-1"": -1, ""1"": 1}"
E2_CONTEXT_SIGN_FLIP,42042,DOUBLE_ANTITHETIC_CRN_MC,64,CONTEXT_CONDITIONAL_ONLY,A,,"{""-1"": -1, ""1"": 1}"
E2_CONTEXT_SIGN_FLIP,42042,DOUBLE_ANTITHETIC_CRN_MC,128,CONTEXT_CONDITIONAL_ONLY,A,,"{""-1"": -1, ""1"": 1}"
E2_CONTEXT_SIGN_FLIP,42042,DOUBLE_ANTITHETIC_CRN_MC,256,CONTEXT_CONDITIONAL_ONLY,A,,"{""-1"": -1, ""1"": 1}"
E2_CONTEXT_SIGN_FLIP,42042,LEGACY_INDEPENDENT_MC,8,CONTEXT_CONDITIONAL_ONLY,A,,"{""-1"": -1, ""1"": 1}"
E2_CONTEXT_SIGN_FLIP,42042,LEGACY_INDEPENDENT_MC,16,CONTEXT_CONDITIONAL_ONLY,A,,"{""-1"": -1, ""1"": 1}"
E2_CONTEXT_SIGN_FLIP,42042,LEGACY_INDEPENDENT_MC,32,CONTEXT_CONDITIONAL_ONLY,A,,"{""-1"": -1, ""1"": 1}"
E2_CONTEXT_SIGN_FLIP,42042,LEGACY_INDEPENDENT_MC,64,CONTEXT_CONDITIONAL_ONLY,A,,"{""-1"": -1, ""1"": 1}"
E2_CONTEXT_SIGN_FLIP,42042,LEGACY_INDEPENDENT_MC,128,CONTEXT_CONDITIONAL_ONLY,A,,"{""-1"": -1, ""1"": 1}"
E2_CONTEXT_SIGN_FLIP,42042,LEGACY_INDEPENDENT_MC,256,CONTEXT_CONDITIONAL_ONLY,A,,"{""-1"": -1, ""1"": 1}"
E2_CONTEXT_SIGN_FLIP,42043,ANTITHETIC_CRN_MC,8,CONTEXT_CONDITIONAL_ONLY,A,,"{""-1"": -1, ""1"": 1}"
E2_CONTEXT_SIGN_FLIP,42043,ANTITHETIC_CRN_MC,16,CONTEXT_CONDITIONAL_ONLY,A,,"{""-1"": -1, ""1"": 1}"
E2_CONTEXT_SIGN_FLIP,42043,ANTITHETIC_CRN_MC,32,CONTEXT_CONDITIONAL_ONLY,A,,"{""-1"": -1, ""1"": 1}"
E2_CONTEXT_SIGN_FLIP,42043,ANTITHETIC_CRN_MC,64,CONTEXT_CONDITIONAL_ONLY,A,,"{""-1"": -1, ""1"": 1}"
E2_CONTEXT_SIGN_FLIP,42043,ANTITHETIC_CRN_MC,128,CONTEXT_CONDITIONAL_ONLY,A,,"{""-1"": -1, ""1"": 1}"
E2_CONTEXT_SIGN_FLIP,42043,ANTITHETIC_CRN_MC,256,CONTEXT_CONDITIONAL_ONLY,A,,"{""-1"": -1, ""1"": 1}"
E2_CONTEXT_SIGN_FLIP,42043,CRN_CHAIN_MC,8,CONTEXT_CONDITIONAL_ONLY,A,,"{""-1"": -1, ""1"": 1}"
E2_CONTEXT_SIGN_FLIP,42043,CRN_CHAIN_MC,16,CONTEXT_CONDITIONAL_ONLY,A,,"{""-1"": -1, ""1"": 1}"
E2_CONTEXT_SIGN_FLIP,42043,CRN_CHAIN_MC,32,CONTEXT_CONDITIONAL_ONLY,A,,"{""-1"": -1, ""1"": 1}"
E2_CONTEXT_SIGN_FLIP,42043,CRN_CHAIN_MC,64,CONTEXT_CONDITIONAL_ONLY,A,,"{""-1"": -1, ""1"": 1}"
E2_CONTEXT_SIGN_FLIP,42043,CRN_CHAIN_MC,128,CONTEXT_CONDITIONAL_ONLY,A,,"{""-1"": -1, ""1"": 1}"
E2_CONTEXT_SIGN_FLIP,42043,CRN_CHAIN_MC,256,CONTEXT_CONDITIONAL_ONLY,A,,"{""-1"": -1, ""1"": 1}"
E2_CONTEXT_SIGN_FLIP,42043,DOUBLE_ANTITHETIC_CRN_MC,8,CONTEXT_CONDITIONAL_ONLY,A,,"{""-1"": -1, ""1"": 1}"
E2_CONTEXT_SIGN_FLIP,42043,DOUBLE_ANTITHETIC_CRN_MC,16,CONTEXT_CONDITIONAL_ONLY,A,,"{""-1"": -1, ""1"": 1}"
E2_CONTEXT_SIGN_FLIP,42043,DOUBLE_ANTITHETIC_CRN_MC,32,CONTEXT_CONDITIONAL_ONLY,A,,"{""-1"": -1, ""1"": 1}"
E2_CONTEXT_SIGN_FLIP,42043,DOUBLE_ANTITHETIC_CRN_MC,64,CONTEXT_CONDITIONAL_ONLY,A,,"{""-1"": -1, ""1"": 1}"
E2_CONTEXT_SIGN_FLIP,42043,DOUBLE_ANTITHETIC_CRN_MC,128,CONTEXT_CONDITIONAL_ONLY,A,,"{""-1"": -1, ""1"": 1}"
E2_CONTEXT_SIGN_FLIP,42043,DOUBLE_ANTITHETIC_CRN_MC,256,CONTEXT_CONDITIONAL_ONLY,A,,"{""-1"": -1, ""1"": 1}"
E2_CONTEXT_SIGN_FLIP,42043,LEGACY_INDEPENDENT_MC,8,CONTEXT_CONDITIONAL_ONLY,A,,"{""-1"": -1, ""1"": 1}"
E2_CONTEXT_SIGN_FLIP,42043,LEGACY_INDEPENDENT_MC,16,CONTEXT_CONDITIONAL_ONLY,A,,"{""-1"": -1, ""1"": 1}"
E2_CONTEXT_SIGN_FLIP,42043,LEGACY_INDEPENDENT_MC,32,CONTEXT_CONDITIONAL_ONLY,A,,"{""-1"": -1, ""1"": 1}"
E2_CONTEXT_SIGN_FLIP,42043,LEGACY_INDEPENDENT_MC,64,CONTEXT_CONDITIONAL_ONLY,A,,"{""-1"": -1, ""1"": 1}"
E2_CONTEXT_SIGN_FLIP,42043,LEGACY_INDEPENDENT_MC,128,CONTEXT_CONDITIONAL_ONLY,A,,"{""-1"": -1, ""1"": 1}"
E2_CONTEXT_SIGN_FLIP,42043,LEGACY_INDEPENDENT_MC,256,CONTEXT_CONDITIONAL_ONLY,A,,"{""-1"": -1, ""1"": 1}"
E2_CONTEXT_SIGN_FLIP,42044,ANTITHETIC_CRN_MC,8,CONTEXT_CONDITIONAL_ONLY,A,,"{""-1"": -1, ""1"": 1}"
E2_CONTEXT_SIGN_FLIP,42044,ANTITHETIC_CRN_MC,16,CONTEXT_CONDITIONAL_ONLY,A,,"{""-1"": -1, ""1"": 1}"
E2_CONTEXT_SIGN_FLIP,42044,ANTITHETIC_CRN_MC,32,CONTEXT_CONDITIONAL_ONLY,A,,"{""-1"": -1, ""1"": 1}"
E2_CONTEXT_SIGN_FLIP,42044,ANTITHETIC_CRN_MC,64,CONTEXT_CONDITIONAL_ONLY,A,,"{""-1"": -1, ""1"": 1}"
E2_CONTEXT_SIGN_FLIP,42044,ANTITHETIC_CRN_MC,128,CONTEXT_CONDITIONAL_ONLY,A,,"{""-1"": -1, ""1"": 1}"
E2_CONTEXT_SIGN_FLIP,42044,ANTITHETIC_CRN_MC,256,CONTEXT_CONDITIONAL_ONLY,A,,"{""-1"": -1, ""1"": 1}"
E2_CONTEXT_SIGN_FLIP,42044,CRN_CHAIN_MC,8,CONTEXT_CONDITIONAL_ONLY,A,,"{""-1"": -1, ""1"": 1}"
E2_CONTEXT_SIGN_FLIP,42044,CRN_CHAIN_MC,16,CONTEXT_CONDITIONAL_ONLY,A,,"{""-1"": -1, ""1"": 1}"
E2_CONTEXT_SIGN_FLIP,42044,CRN_CHAIN_MC,32,CONTEXT_CONDITIONAL_ONLY,A,,"{""-1"": -1, ""1"": 1}"
E2_CONTEXT_SIGN_FLIP,42044,CRN_CHAIN_MC,64,CONTEXT_CONDITIONAL_ONLY,A,,"{""-1"": -1, ""1"": 1}"
E2_CONTEXT_SIGN_FLIP,42044,CRN_CHAIN_MC,128,CONTEXT_CONDITIONAL_ONLY,A,,"{""-1"": -1, ""1"": 1}"
E2_CONTEXT_SIGN_FLIP,42044,CRN_CHAIN_MC,256,CONTEXT_CONDITIONAL_ONLY,A,,"{""-1"": -1, ""1"": 1}"
E2_CONTEXT_SIGN_FLIP,42044,DOUBLE_ANTITHETIC_CRN_MC,8,CONTEXT_CONDITIONAL_ONLY,A,,"{""-1"": -1, ""1"": 1}"
E2_CONTEXT_SIGN_FLIP,42044,DOUBLE_ANTITHETIC_CRN_MC,16,CONTEXT_CONDITIONAL_ONLY,A,,"{""-1"": -1, ""1"": 1}"
E2_CONTEXT_SIGN_FLIP,42044,DOUBLE_ANTITHETIC_CRN_MC,32,CONTEXT_CONDITIONAL_ONLY,A,,"{""-1"": -1, ""1"": 1}"
E2_CONTEXT_SIGN_FLIP,42044,DOUBLE_ANTITHETIC_CRN_MC,64,CONTEXT_CONDITIONAL_ONLY,A,,"{""-1"": -1, ""1"": 1}"
E2_CONTEXT_SIGN_FLIP,42044,DOUBLE_ANTITHETIC_CRN_MC,128,CONTEXT_CONDITIONAL_ONLY,A,,"{""-1"": -1, ""1"": 1}"
E2_CONTEXT_SIGN_FLIP,42044,DOUBLE_ANTITHETIC_CRN_MC,256,CONTEXT_CONDITIONAL_ONLY,A,,"{""-1"": -1, ""1"": 1}"
E2_CONTEXT_SIGN_FLIP,42044,LEGACY_INDEPENDENT_MC,8,CONTEXT_CONDITIONAL_ONLY,A,,"{""-1"": -1, ""1"": 1}"
E2_CONTEXT_SIGN_FLIP,42044,LEGACY_INDEPENDENT_MC,16,CONTEXT_CONDITIONAL_ONLY,A,,"{""-1"": -1, ""1"": 1}"
E2_CONTEXT_SIGN_FLIP,42044,LEGACY_INDEPENDENT_MC,32,CONTEXT_CONDITIONAL_ONLY,A,,"{""-1"": -1, ""1"": 1}"
E2_CONTEXT_SIGN_FLIP,42044,LEGACY_INDEPENDENT_MC,64,CONTEXT_CONDITIONAL_ONLY,A,,"{""-1"": -1, ""1"": 1}"
E2_CONTEXT_SIGN_FLIP,42044,LEGACY_INDEPENDENT_MC,128,CONTEXT_CONDITIONAL_ONLY,A,,"{""-1"": -1, ""1"": 1}"
E2_CONTEXT_SIGN_FLIP,42044,LEGACY_INDEPENDENT_MC,256,CONTEXT_CONDITIONAL_ONLY,A,,"{""-1"": -1, ""1"": 1}"
E2_CONTEXT_SIGN_FLIP,42045,ANTITHETIC_CRN_MC,8,CONTEXT_CONDITIONAL_ONLY,A,,"{""-1"": -1, ""1"": 1}"
E2_CONTEXT_SIGN_FLIP,42045,ANTITHETIC_CRN_MC,16,CONTEXT_CONDITIONAL_ONLY,A,,"{""-1"": -1, ""1"": 1}"
E2_CONTEXT_SIGN_FLIP,42045,ANTITHETIC_CRN_MC,32,CONTEXT_CONDITIONAL_ONLY,A,,"{""-1"": -1, ""1"": 1}"
E2_CONTEXT_SIGN_FLIP,42045,ANTITHETIC_CRN_MC,64,CONTEXT_CONDITIONAL_ONLY,A,,"{""-1"": -1, ""1"": 1}"
E2_CONTEXT_SIGN_FLIP,42045,ANTITHETIC_CRN_MC,128,CONTEXT_CONDITIONAL_ONLY,A,,"{""-1"": -1, ""1"": 1}"
E2_CONTEXT_SIGN_FLIP,42045,ANTITHETIC_CRN_MC,256,CONTEXT_CONDITIONAL_ONLY,A,,"{""-1"": -1, ""1"": 1}"
E2_CONTEXT_SIGN_FLIP,42045,CRN_CHAIN_MC,8,CONTEXT_CONDITIONAL_ONLY,A,,"{""-1"": -1, ""1"": 1}"
E2_CONTEXT_SIGN_FLIP,42045,CRN_CHAIN_MC,16,CONTEXT_CONDITIONAL_ONLY,A,,"{""-1"": -1, ""1"": 1}"
E2_CONTEXT_SIGN_FLIP,42045,CRN_CHAIN_MC,32,CONTEXT_CONDITIONAL_ONLY,A,,"{""-1"": -1, ""1"": 1}"
E2_CONTEXT_SIGN_FLIP,42045,CRN_CHAIN_MC,64,CONTEXT_CONDITIONAL_ONLY,A,,"{""-1"": -1, ""1"": 1}"
E2_CONTEXT_SIGN_FLIP,42045,CRN_CHAIN_MC,128,CONTEXT_CONDITIONAL_ONLY,A,,"{""-1"": -1, ""1"": 1}"
E2_CONTEXT_SIGN_FLIP,42045,CRN_CHAIN_MC,256,CONTEXT_CONDITIONAL_ONLY,A,,"{""-1"": -1, ""1"": 1}"
E2_CONTEXT_SIGN_FLIP,42045,DOUBLE_ANTITHETIC_CRN_MC,8,CONTEXT_CONDITIONAL_ONLY,A,,"{""-1"": -1, ""1"": 1}"
E2_CONTEXT_SIGN_FLIP,42045,DOUBLE_ANTITHETIC_CRN_MC,16,CONTEXT_CONDITIONAL_ONLY,A,,"{""-1"": -1, ""1"": 1}"
E2_CONTEXT_SIGN_FLIP,42045,DOUBLE_ANTITHETIC_CRN_MC,32,CONTEXT_CONDITIONAL_ONLY,A,,"{""-1"": -1, ""1"": 1}"
E2_CONTEXT_SIGN_FLIP,42045,DOUBLE_ANTITHETIC_CRN_MC,64,CONTEXT_CONDITIONAL_ONLY,A,,"{""-1"": -1, ""1"": 1}"
E2_CONTEXT_SIGN_FLIP,42045,DOUBLE_ANTITHETIC_CRN_MC,128,CONTEXT_CONDITIONAL_ONLY,A,,"{""-1"": -1, ""1"": 1}"
E2_CONTEXT_SIGN_FLIP,42045,DOUBLE_ANTITHETIC_CRN_MC,256,CONTEXT_CONDITIONAL_ONLY,A,,"{""-1"": -1, ""1"": 1}"
E2_CONTEXT_SIGN_FLIP,42045,LEGACY_INDEPENDENT_MC,8,CONTEXT_CONDITIONAL_ONLY,A,,"{""-1"": -1, ""1"": 1}"
E2_CONTEXT_SIGN_FLIP,42045,LEGACY_INDEPENDENT_MC,16,CONTEXT_CONDITIONAL_ONLY,A,,"{""-1"": -1, ""1"": 1}"
E2_CONTEXT_SIGN_FLIP,42045,LEGACY_INDEPENDENT_MC,32,CONTEXT_CONDITIONAL_ONLY,A,,"{""-1"": -1, ""1"": 1}"
E2_CONTEXT_SIGN_FLIP,42045,LEGACY_INDEPENDENT_MC,64,CONTEXT_CONDITIONAL_ONLY,A,,"{""-1"": -1, ""1"": 1}"
E2_CONTEXT_SIGN_FLIP,42045,LEGACY_INDEPENDENT_MC,128,CONTEXT_CONDITIONAL_ONLY,A,,"{""-1"": -1, ""1"": 1}"
E2_CONTEXT_SIGN_FLIP,42045,LEGACY_INDEPENDENT_MC,256,CONTEXT_CONDITIONAL_ONLY,A,,"{""-1"": -1, ""1"": 1}"
E2_CONTEXT_SIGN_FLIP,42046,ANTITHETIC_CRN_MC,8,CONTEXT_CONDITIONAL_ONLY,A,,"{""-1"": -1, ""1"": 1}"
E2_CONTEXT_SIGN_FLIP,42046,ANTITHETIC_CRN_MC,16,CONTEXT_CONDITIONAL_ONLY,A,,"{""-1"": -1, ""1"": 1}"
E2_CONTEXT_SIGN_FLIP,42046,ANTITHETIC_CRN_MC,32,CONTEXT_CONDITIONAL_ONLY,A,,"{""-1"": -1, ""1"": 1}"
E2_CONTEXT_SIGN_FLIP,42046,ANTITHETIC_CRN_MC,64,CONTEXT_CONDITIONAL_ONLY,A,,"{""-1"": -1, ""1"": 1}"
E2_CONTEXT_SIGN_FLIP,42046,ANTITHETIC_CRN_MC,128,CONTEXT_CONDITIONAL_ONLY,A,,"{""-1"": -1, ""1"": 1}"
E2_CONTEXT_SIGN_FLIP,42046,ANTITHETIC_CRN_MC,256,CONTEXT_CONDITIONAL_ONLY,A,,"{""-1"": -1, ""1"": 1}"
E2_CONTEXT_SIGN_FLIP,42046,CRN_CHAIN_MC,8,CONTEXT_CONDITIONAL_ONLY,A,,"{""-1"": -1, ""1"": 1}"
E2_CONTEXT_SIGN_FLIP,42046,CRN_CHAIN_MC,16,CONTEXT_CONDITIONAL_ONLY,A,,"{""-1"": -1, ""1"": 1}"
E2_CONTEXT_SIGN_FLIP,42046,CRN_CHAIN_MC,32,CONTEXT_CONDITIONAL_ONLY,A,,"{""-1"": -1, ""1"": 1}"
E2_CONTEXT_SIGN_FLIP,42046,CRN_CHAIN_MC,64,CONTEXT_CONDITIONAL_ONLY,A,,"{""-1"": -1, ""1"": 1}"
E2_CONTEXT_SIGN_FLIP,42046,CRN_CHAIN_MC,128,CONTEXT_CONDITIONAL_ONLY,A,,"{""-1"": -1, ""1"": 1}"
E2_CONTEXT_SIGN_FLIP,42046,CRN_CHAIN_MC,256,CONTEXT_CONDITIONAL_ONLY,A,,"{""-1"": -1, ""1"": 1}"
E2_CONTEXT_SIGN_FLIP,42046,DOUBLE_ANTITHETIC_CRN_MC,8,CONTEXT_CONDITIONAL_ONLY,A,,"{""-1"": -1, ""1"": 1}"
E2_CONTEXT_SIGN_FLIP,42046,DOUBLE_ANTITHETIC_CRN_MC,16,CONTEXT_CONDITIONAL_ONLY,A,,"{""-1"": -1, ""1"": 1}"
E2_CONTEXT_SIGN_FLIP,42046,DOUBLE_ANTITHETIC_CRN_MC,32,CONTEXT_CONDITIONAL_ONLY,A,,"{""-1"": -1, ""1"": 1}"
E2_CONTEXT_SIGN_FLIP,42046,DOUBLE_ANTITHETIC_CRN_MC,64,CONTEXT_CONDITIONAL_ONLY,A,,"{""-1"": -1, ""1"": 1}"
E2_CONTEXT_SIGN_FLIP,42046,DOUBLE_ANTITHETIC_CRN_MC,128,CONTEXT_CONDITIONAL_ONLY,A,,"{""-1"": -1, ""1"": 1}"
E2_CONTEXT_SIGN_FLIP,42046,DOUBLE_ANTITHETIC_CRN_MC,256,CONTEXT_CONDITIONAL_ONLY,A,,"{""-1"": -1, ""1"": 1}"
E2_CONTEXT_SIGN_FLIP,42046,LEGACY_INDEPENDENT_MC,8,CONTEXT_CONDITIONAL_ONLY,A,,"{""-1"": -1, ""1"": 1}"
E2_CONTEXT_SIGN_FLIP,42046,LEGACY_INDEPENDENT_MC,16,CONTEXT_CONDITIONAL_ONLY,A,,"{""-1"": -1, ""1"": 1}"
E2_CONTEXT_SIGN_FLIP,42046,LEGACY_INDEPENDENT_MC,32,CONTEXT_CONDITIONAL_ONLY,A,,"{""-1"": -1, ""1"": 1}"
E2_CONTEXT_SIGN_FLIP,42046,LEGACY_INDEPENDENT_MC,64,CONTEXT_CONDITIONAL_ONLY,A,,"{""-1"": -1, ""1"": 1}"
E2_CONTEXT_SIGN_FLIP,42046,LEGACY_INDEPENDENT_MC,128,CONTEXT_CONDITIONAL_ONLY,A,,"{""-1"": -1, ""1"": 1}"
E2_CONTEXT_SIGN_FLIP,42046,LEGACY_INDEPENDENT_MC,256,CONTEXT_CONDITIONAL_ONLY,A,,"{""-1"": -1, ""1"": 1}"
E2_CONTEXT_SIGN_FLIP,42047,ANTITHETIC_CRN_MC,8,CONTEXT_CONDITIONAL_ONLY,A,,"{""-1"": -1, ""1"": 1}"
E2_CONTEXT_SIGN_FLIP,42047,ANTITHETIC_CRN_MC,16,CONTEXT_CONDITIONAL_ONLY,A,,"{""-1"": -1, ""1"": 1}"
E2_CONTEXT_SIGN_FLIP,42047,ANTITHETIC_CRN_MC,32,CONTEXT_CONDITIONAL_ONLY,A,,"{""-1"": -1, ""1"": 1}"
E2_CONTEXT_SIGN_FLIP,42047,ANTITHETIC_CRN_MC,64,CONTEXT_CONDITIONAL_ONLY,A,,"{""-1"": -1, ""1"": 1}"
E2_CONTEXT_SIGN_FLIP,42047,ANTITHETIC_CRN_MC,128,CONTEXT_CONDITIONAL_ONLY,A,,"{""-1"": -1, ""1"": 1}"
E2_CONTEXT_SIGN_FLIP,42047,ANTITHETIC_CRN_MC,256,CONTEXT_CONDITIONAL_ONLY,A,,"{""-1"": -1, ""1"": 1}"
E2_CONTEXT_SIGN_FLIP,42047,CRN_CHAIN_MC,8,CONTEXT_CONDITIONAL_ONLY,A,,"{""-1"": -1, ""1"": 1}"
E2_CONTEXT_SIGN_FLIP,42047,CRN_CHAIN_MC,16,CONTEXT_CONDITIONAL_ONLY,A,,"{""-1"": -1, ""1"": 1}"
E2_CONTEXT_SIGN_FLIP,42047,CRN_CHAIN_MC,32,CONTEXT_CONDITIONAL_ONLY,A,,"{""-1"": -1, ""1"": 1}"
E2_CONTEXT_SIGN_FLIP,42047,CRN_CHAIN_MC,64,CONTEXT_CONDITIONAL_ONLY,A,,"{""-1"": -1, ""1"": 1}"
E2_CONTEXT_SIGN_FLIP,42047,CRN_CHAIN_MC,128,CONTEXT_CONDITIONAL_ONLY,A,,"{""-1"": -1, ""1"": 1}"
E2_CONTEXT_SIGN_FLIP,42047,CRN_CHAIN_MC,256,CONTEXT_CONDITIONAL_ONLY,A,,"{""-1"": -1, ""1"": 1}"
E2_CONTEXT_SIGN_FLIP,42047,DOUBLE_ANTITHETIC_CRN_MC,8,CONTEXT_CONDITIONAL_ONLY,A,,"{""-1"": -1, ""1"": 1}"
E2_CONTEXT_SIGN_FLIP,42047,DOUBLE_ANTITHETIC_CRN_MC,16,CONTEXT_CONDITIONAL_ONLY,A,,"{""-1"": -1, ""1"": 1}"
E2_CONTEXT_SIGN_FLIP,42047,DOUBLE_ANTITHETIC_CRN_MC,32,CONTEXT_CONDITIONAL_ONLY,A,,"{""-1"": -1, ""1"": 1}"
E2_CONTEXT_SIGN_FLIP,42047,DOUBLE_ANTITHETIC_CRN_MC,64,CONTEXT_CONDITIONAL_ONLY,A,,"{""-1"": -1, ""1"": 1}"
E2_CONTEXT_SIGN_FLIP,42047,DOUBLE_ANTITHETIC_CRN_MC,128,CONTEXT_CONDITIONAL_ONLY,A,,"{""-1"": -1, ""1"": 1}"
E2_CONTEXT_SIGN_FLIP,42047,DOUBLE_ANTITHETIC_CRN_MC,256,CONTEXT_CONDITIONAL_ONLY,A,,"{""-1"": -1, ""1"": 1}"
E2_CONTEXT_SIGN_FLIP,42047,LEGACY_INDEPENDENT_MC,8,CONTEXT_CONDITIONAL_ONLY,A,,"{""-1"": -1, ""1"": 1}"
E2_CONTEXT_SIGN_FLIP,42047,LEGACY_INDEPENDENT_MC,16,CONTEXT_CONDITIONAL_ONLY,A,,"{""-1"": -1, ""1"": 1}"
E2_CONTEXT_SIGN_FLIP,42047,LEGACY_INDEPENDENT_MC,32,CONTEXT_CONDITIONAL_ONLY,A,,"{""-1"": -1, ""1"": 1}"
E2_CONTEXT_SIGN_FLIP,42047,LEGACY_INDEPENDENT_MC,64,CONTEXT_CONDITIONAL_ONLY,A,,"{""-1"": -1, ""1"": 1}"
E2_CONTEXT_SIGN_FLIP,42047,LEGACY_INDEPENDENT_MC,128,CONTEXT_CONDITIONAL_ONLY,A,,"{""-1"": -1, ""1"": 1}"
E2_CONTEXT_SIGN_FLIP,42047,LEGACY_INDEPENDENT_MC,256,CONTEXT_CONDITIONAL_ONLY,A,,"{""-1"": -1, ""1"": 1}"
E2_CONTEXT_SIGN_FLIP,42048,ANTITHETIC_CRN_MC,8,CONTEXT_CONDITIONAL_ONLY,A,,"{""-1"": -1, ""1"": 1}"
E2_CONTEXT_SIGN_FLIP,42048,ANTITHETIC_CRN_MC,16,CONTEXT_CONDITIONAL_ONLY,A,,"{""-1"": -1, ""1"": 1}"
E2_CONTEXT_SIGN_FLIP,42048,ANTITHETIC_CRN_MC,32,CONTEXT_CONDITIONAL_ONLY,A,,"{""-1"": -1, ""1"": 1}"
E2_CONTEXT_SIGN_FLIP,42048,ANTITHETIC_CRN_MC,64,CONTEXT_CONDITIONAL_ONLY,A,,"{""-1"": -1, ""1"": 1}"
E2_CONTEXT_SIGN_FLIP,42048,ANTITHETIC_CRN_MC,128,CONTEXT_CONDITIONAL_ONLY,A,,"{""-1"": -1, ""1"": 1}"
E2_CONTEXT_SIGN_FLIP,42048,ANTITHETIC_CRN_MC,256,CONTEXT_CONDITIONAL_ONLY,A,,"{""-1"": -1, ""1"": 1}"
E2_CONTEXT_SIGN_FLIP,42048,CRN_CHAIN_MC,8,CONTEXT_CONDITIONAL_ONLY,A,,"{""-1"": -1, ""1"": 1}"
E2_CONTEXT_SIGN_FLIP,42048,CRN_CHAIN_MC,16,CONTEXT_CONDITIONAL_ONLY,A,,"{""-1"": -1, ""1"": 1}"
E2_CONTEXT_SIGN_FLIP,42048,CRN_CHAIN_MC,32,CONTEXT_CONDITIONAL_ONLY,A,,"{""-1"": -1, ""1"": 1}"
E2_CONTEXT_SIGN_FLIP,42048,CRN_CHAIN_MC,64,CONTEXT_CONDITIONAL_ONLY,A,,"{""-1"": -1, ""1"": 1}"
E2_CONTEXT_SIGN_FLIP,42048,CRN_CHAIN_MC,128,CONTEXT_CONDITIONAL_ONLY,A,,"{""-1"": -1, ""1"": 1}"
E2_CONTEXT_SIGN_FLIP,42048,CRN_CHAIN_MC,256,CONTEXT_CONDITIONAL_ONLY,A,,"{""-1"": -1, ""1"": 1}"
E2_CONTEXT_SIGN_FLIP,42048,DOUBLE_ANTITHETIC_CRN_MC,8,CONTEXT_CONDITIONAL_ONLY,A,,"{""-1"": -1, ""1"": 1}"
E2_CONTEXT_SIGN_FLIP,42048,DOUBLE_ANTITHETIC_CRN_MC,16,CONTEXT_CONDITIONAL_ONLY,A,,"{""-1"": -1, ""1"": 1}"
E2_CONTEXT_SIGN_FLIP,42048,DOUBLE_ANTITHETIC_CRN_MC,32,CONTEXT_CONDITIONAL_ONLY,A,,"{""-1"": -1, ""1"": 1}"
E2_CONTEXT_SIGN_FLIP,42048,DOUBLE_ANTITHETIC_CRN_MC,64,CONTEXT_CONDITIONAL_ONLY,A,,"{""-1"": -1, ""1"": 1}"
E2_CONTEXT_SIGN_FLIP,42048,DOUBLE_ANTITHETIC_CRN_MC,128,CONTEXT_CONDITIONAL_ONLY,A,,"{""-1"": -1, ""1"": 1}"
E2_CONTEXT_SIGN_FLIP,42048,DOUBLE_ANTITHETIC_CRN_MC,256,CONTEXT_CONDITIONAL_ONLY,A,,"{""-1"": -1, ""1"": 1}"
E2_CONTEXT_SIGN_FLIP,42048,LEGACY_INDEPENDENT_MC,8,CONTEXT_CONDITIONAL_ONLY,A,,"{""-1"": -1, ""1"": 1}"
E2_CONTEXT_SIGN_FLIP,42048,LEGACY_INDEPENDENT_MC,16,CONTEXT_CONDITIONAL_ONLY,A,,"{""-1"": -1, ""1"": 1}"
E2_CONTEXT_SIGN_FLIP,42048,LEGACY_INDEPENDENT_MC,32,CONTEXT_CONDITIONAL_ONLY,A,,"{""-1"": -1, ""1"": 1}"
E2_CONTEXT_SIGN_FLIP,42048,LEGACY_INDEPENDENT_MC,64,CONTEXT_CONDITIONAL_ONLY,A,,"{""-1"": -1, ""1"": 1}"
E2_CONTEXT_SIGN_FLIP,42048,LEGACY_INDEPENDENT_MC,128,CONTEXT_CONDITIONAL_ONLY,A,,"{""-1"": -1, ""1"": 1}"
E2_CONTEXT_SIGN_FLIP,42048,LEGACY_INDEPENDENT_MC,256,CONTEXT_CONDITIONAL_ONLY,A,,"{""-1"": -1, ""1"": 1}"
E2_CONTEXT_SIGN_FLIP,42049,ANTITHETIC_CRN_MC,8,CONTEXT_CONDITIONAL_ONLY,A,,"{""-1"": -1, ""1"": 1}"
E2_CONTEXT_SIGN_FLIP,42049,ANTITHETIC_CRN_MC,16,CONTEXT_CONDITIONAL_ONLY,A,,"{""-1"": -1, ""1"": 1}"
E2_CONTEXT_SIGN_FLIP,42049,ANTITHETIC_CRN_MC,32,CONTEXT_CONDITIONAL_ONLY,A,,"{""-1"": -1, ""1"": 1}"
E2_CONTEXT_SIGN_FLIP,42049,ANTITHETIC_CRN_MC,64,CONTEXT_CONDITIONAL_ONLY,A,,"{""-1"": -1, ""1"": 1}"
E2_CONTEXT_SIGN_FLIP,42049,ANTITHETIC_CRN_MC,128,CONTEXT_CONDITIONAL_ONLY,A,,"{""-1"": -1, ""1"": 1}"
E2_CONTEXT_SIGN_FLIP,42049,ANTITHETIC_CRN_MC,256,CONTEXT_CONDITIONAL_ONLY,A,,"{""-1"": -1, ""1"": 1}"
E2_CONTEXT_SIGN_FLIP,42049,CRN_CHAIN_MC,8,CONTEXT_CONDITIONAL_ONLY,A,,"{""-1"": -1, ""1"": 1}"
E2_CONTEXT_SIGN_FLIP,42049,CRN_CHAIN_MC,16,CONTEXT_CONDITIONAL_ONLY,A,,"{""-1"": -1, ""1"": 1}"
E2_CONTEXT_SIGN_FLIP,42049,CRN_CHAIN_MC,32,CONTEXT_CONDITIONAL_ONLY,A,,"{""-1"": -1, ""1"": 1}"
E2_CONTEXT_SIGN_FLIP,42049,CRN_CHAIN_MC,64,CONTEXT_CONDITIONAL_ONLY,A,,"{""-1"": -1, ""1"": 1}"
E2_CONTEXT_SIGN_FLIP,42049,CRN_CHAIN_MC,128,CONTEXT_CONDITIONAL_ONLY,A,,"{""-1"": -1, ""1"": 1}"
E2_CONTEXT_SIGN_FLIP,42049,CRN_CHAIN_MC,256,CONTEXT_CONDITIONAL_ONLY,A,,"{""-1"": -1, ""1"": 1}"
E2_CONTEXT_SIGN_FLIP,42049,DOUBLE_ANTITHETIC_CRN_MC,8,CONTEXT_CONDITIONAL_ONLY,A,,"{""-1"": -1, ""1"": 1}"
E2_CONTEXT_SIGN_FLIP,42049,DOUBLE_ANTITHETIC_CRN_MC,16,CONTEXT_CONDITIONAL_ONLY,A,,"{""-1"": -1, ""1"": 1}"
E2_CONTEXT_SIGN_FLIP,42049,DOUBLE_ANTITHETIC_CRN_MC,32,CONTEXT_CONDITIONAL_ONLY,A,,"{""-1"": -1, ""1"": 1}"
E2_CONTEXT_SIGN_FLIP,42049,DOUBLE_ANTITHETIC_CRN_MC,64,CONTEXT_CONDITIONAL_ONLY,A,,"{""-1"": -1, ""1"": 1}"
E2_CONTEXT_SIGN_FLIP,42049,DOUBLE_ANTITHETIC_CRN_MC,128,CONTEXT_CONDITIONAL_ONLY,A,,"{""-1"": -1, ""1"": 1}"
E2_CONTEXT_SIGN_FLIP,42049,DOUBLE_ANTITHETIC_CRN_MC,256,CONTEXT_CONDITIONAL_ONLY,A,,"{""-1"": -1, ""1"": 1}"
E2_CONTEXT_SIGN_FLIP,42049,LEGACY_INDEPENDENT_MC,8,CONTEXT_CONDITIONAL_ONLY,A,,"{""-1"": -1, ""1"": 1}"
E2_CONTEXT_SIGN_FLIP,42049,LEGACY_INDEPENDENT_MC,16,CONTEXT_CONDITIONAL_ONLY,A,,"{""-1"": -1, ""1"": 1}"
E2_CONTEXT_SIGN_FLIP,42049,LEGACY_INDEPENDENT_MC,32,CONTEXT_CONDITIONAL_ONLY,A,,"{""-1"": -1, ""1"": 1}"
E2_CONTEXT_SIGN_FLIP,42049,LEGACY_INDEPENDENT_MC,64,CONTEXT_CONDITIONAL_ONLY,A,,"{""-1"": -1, ""1"": 1}"
E2_CONTEXT_SIGN_FLIP,42049,LEGACY_INDEPENDENT_MC,128,CONTEXT_CONDITIONAL_ONLY,A,,"{""-1"": -1, ""1"": 1}"
E2_CONTEXT_SIGN_FLIP,42049,LEGACY_INDEPENDENT_MC,256,CONTEXT_CONDITIONAL_ONLY,A,,"{""-1"": -1, ""1"": 1}"
E2_CONTEXT_SIGN_FLIP,42050,ANTITHETIC_CRN_MC,8,CONTEXT_CONDITIONAL_ONLY,A,,"{""-1"": -1, ""1"": 1}"
E2_CONTEXT_SIGN_FLIP,42050,ANTITHETIC_CRN_MC,16,CONTEXT_CONDITIONAL_ONLY,A,,"{""-1"": -1, ""1"": 1}"
E2_CONTEXT_SIGN_FLIP,42050,ANTITHETIC_CRN_MC,32,CONTEXT_CONDITIONAL_ONLY,A,,"{""-1"": -1, ""1"": 1}"
E2_CONTEXT_SIGN_FLIP,42050,ANTITHETIC_CRN_MC,64,CONTEXT_CONDITIONAL_ONLY,A,,"{""-1"": -1, ""1"": 1}"
E2_CONTEXT_SIGN_FLIP,42050,ANTITHETIC_CRN_MC,128,CONTEXT_CONDITIONAL_ONLY,A,,"{""-1"": -1, ""1"": 1}"
E2_CONTEXT_SIGN_FLIP,42050,ANTITHETIC_CRN_MC,256,CONTEXT_CONDITIONAL_ONLY,A,,"{""-1"": -1, ""1"": 1}"
E2_CONTEXT_SIGN_FLIP,42050,CRN_CHAIN_MC,8,CONTEXT_CONDITIONAL_ONLY,A,,"{""-1"": -1, ""1"": 1}"
E2_CONTEXT_SIGN_FLIP,42050,CRN_CHAIN_MC,16,CONTEXT_CONDITIONAL_ONLY,A,,"{""-1"": -1, ""1"": 1}"
E2_CONTEXT_SIGN_FLIP,42050,CRN_CHAIN_MC,32,CONTEXT_CONDITIONAL_ONLY,A,,"{""-1"": -1, ""1"": 1}"
E2_CONTEXT_SIGN_FLIP,42050,CRN_CHAIN_MC,64,CONTEXT_CONDITIONAL_ONLY,A,,"{""-1"": -1, ""1"": 1}"
E2_CONTEXT_SIGN_FLIP,42050,CRN_CHAIN_MC,128,CONTEXT_CONDITIONAL_ONLY,A,,"{""-1"": -1, ""1"": 1}"
E2_CONTEXT_SIGN_FLIP,42050,CRN_CHAIN_MC,256,CONTEXT_CONDITIONAL_ONLY,A,,"{""-1"": -1, ""1"": 1}"
E2_CONTEXT_SIGN_FLIP,42050,DOUBLE_ANTITHETIC_CRN_MC,8,CONTEXT_CONDITIONAL_ONLY,A,,"{""-1"": -1, ""1"": 1}"
E2_CONTEXT_SIGN_FLIP,42050,DOUBLE_ANTITHETIC_CRN_MC,16,CONTEXT_CONDITIONAL_ONLY,A,,"{""-1"": -1, ""1"": 1}"
E2_CONTEXT_SIGN_FLIP,42050,DOUBLE_ANTITHETIC_CRN_MC,32,CONTEXT_CONDITIONAL_ONLY,A,,"{""-1"": -1, ""1"": 1}"
E2_CONTEXT_SIGN_FLIP,42050,DOUBLE_ANTITHETIC_CRN_MC,64,CONTEXT_CONDITIONAL_ONLY,A,,"{""-1"": -1, ""1"": 1}"
E2_CONTEXT_SIGN_FLIP,42050,DOUBLE_ANTITHETIC_CRN_MC,128,CONTEXT_CONDITIONAL_ONLY,A,,"{""-1"": -1, ""1"": 1}"
E2_CONTEXT_SIGN_FLIP,42050,DOUBLE_ANTITHETIC_CRN_MC,256,CONTEXT_CONDITIONAL_ONLY,A,,"{""-1"": -1, ""1"": 1}"
E2_CONTEXT_SIGN_FLIP,42050,LEGACY_INDEPENDENT_MC,8,CONTEXT_CONDITIONAL_ONLY,A,,"{""-1"": -1, ""1"": 1}"
E2_CONTEXT_SIGN_FLIP,42050,LEGACY_INDEPENDENT_MC,16,CONTEXT_CONDITIONAL_ONLY,A,,"{""-1"": -1, ""1"": 1}"
E2_CONTEXT_SIGN_FLIP,42050,LEGACY_INDEPENDENT_MC,32,CONTEXT_CONDITIONAL_ONLY,A,,"{""-1"": -1, ""1"": 1}"
E2_CONTEXT_SIGN_FLIP,42050,LEGACY_INDEPENDENT_MC,64,CONTEXT_CONDITIONAL_ONLY,A,,"{""-1"": -1, ""1"": 1}"
E2_CONTEXT_SIGN_FLIP,42050,LEGACY_INDEPENDENT_MC,128,CONTEXT_CONDITIONAL_ONLY,A,,"{""-1"": -1, ""1"": 1}"
E2_CONTEXT_SIGN_FLIP,42050,LEGACY_INDEPENDENT_MC,256,CONTEXT_CONDITIONAL_ONLY,A,,"{""-1"": -1, ""1"": 1}"
E2_CONTEXT_SIGN_FLIP,42051,ANTITHETIC_CRN_MC,8,CONTEXT_CONDITIONAL_ONLY,A,,"{""-1"": -1, ""1"": 1}"
E2_CONTEXT_SIGN_FLIP,42051,ANTITHETIC_CRN_MC,16,CONTEXT_CONDITIONAL_ONLY,A,,"{""-1"": -1, ""1"": 1}"
E2_CONTEXT_SIGN_FLIP,42051,ANTITHETIC_CRN_MC,32,CONTEXT_CONDITIONAL_ONLY,A,,"{""-1"": -1, ""1"": 1}"
E2_CONTEXT_SIGN_FLIP,42051,ANTITHETIC_CRN_MC,64,CONTEXT_CONDITIONAL_ONLY,A,,"{""-1"": -1, ""1"": 1}"
E2_CONTEXT_SIGN_FLIP,42051,ANTITHETIC_CRN_MC,128,CONTEXT_CONDITIONAL_ONLY,A,,"{""-1"": -1, ""1"": 1}"
E2_CONTEXT_SIGN_FLIP,42051,ANTITHETIC_CRN_MC,256,CONTEXT_CONDITIONAL_ONLY,A,,"{""-1"": -1, ""1"": 1}"
E2_CONTEXT_SIGN_FLIP,42051,CRN_CHAIN_MC,8,CONTEXT_CONDITIONAL_ONLY,A,,"{""-1"": -1, ""1"": 1}"
E2_CONTEXT_SIGN_FLIP,42051,CRN_CHAIN_MC,16,CONTEXT_CONDITIONAL_ONLY,A,,"{""-1"": -1, ""1"": 1}"
E2_CONTEXT_SIGN_FLIP,42051,CRN_CHAIN_MC,32,CONTEXT_CONDITIONAL_ONLY,A,,"{""-1"": -1, ""1"": 1}"
E2_CONTEXT_SIGN_FLIP,42051,CRN_CHAIN_MC,64,CONTEXT_CONDITIONAL_ONLY,A,,"{""-1"": -1, ""1"": 1}"
E2_CONTEXT_SIGN_FLIP,42051,CRN_CHAIN_MC,128,CONTEXT_CONDITIONAL_ONLY,A,,"{""-1"": -1, ""1"": 1}"
E2_CONTEXT_SIGN_FLIP,42051,CRN_CHAIN_MC,256,CONTEXT_CONDITIONAL_ONLY,A,,"{""-1"": -1, ""1"": 1}"
E2_CONTEXT_SIGN_FLIP,42051,DOUBLE_ANTITHETIC_CRN_MC,8,CONTEXT_CONDITIONAL_ONLY,A,,"{""-1"": -1, ""1"": 1}"
E2_CONTEXT_SIGN_FLIP,42051,DOUBLE_ANTITHETIC_CRN_MC,16,CONTEXT_CONDITIONAL_ONLY,A,,"{""-1"": -1, ""1"": 1}"
E2_CONTEXT_SIGN_FLIP,42051,DOUBLE_ANTITHETIC_CRN_MC,32,CONTEXT_CONDITIONAL_ONLY,A,,"{""-1"": -1, ""1"": 1}"
E2_CONTEXT_SIGN_FLIP,42051,DOUBLE_ANTITHETIC_CRN_MC,64,CONTEXT_CONDITIONAL_ONLY,A,,"{""-1"": -1, ""1"": 1}"
E2_CONTEXT_SIGN_FLIP,42051,DOUBLE_ANTITHETIC_CRN_MC,128,CONTEXT_CONDITIONAL_ONLY,A,,"{""-1"": -1, ""1"": 1}"
E2_CONTEXT_SIGN_FLIP,42051,DOUBLE_ANTITHETIC_CRN_MC,256,CONTEXT_CONDITIONAL_ONLY,A,,"{""-1"": -1, ""1"": 1}"
E2_CONTEXT_SIGN_FLIP,42051,LEGACY_INDEPENDENT_MC,8,CONTEXT_CONDITIONAL_ONLY,A,,"{""-1"": -1, ""1"": 1}"
E2_CONTEXT_SIGN_FLIP,42051,LEGACY_INDEPENDENT_MC,16,CONTEXT_CONDITIONAL_ONLY,A,,"{""-1"": -1, ""1"": 1}"
E2_CONTEXT_SIGN_FLIP,42051,LEGACY_INDEPENDENT_MC,32,CONTEXT_CONDITIONAL_ONLY,A,,"{""-1"": -1, ""1"": 1}"
E2_CONTEXT_SIGN_FLIP,42051,LEGACY_INDEPENDENT_MC,64,CONTEXT_CONDITIONAL_ONLY,A,,"{""-1"": -1, ""1"": 1}"
E2_CONTEXT_SIGN_FLIP,42051,LEGACY_INDEPENDENT_MC,128,CONTEXT_CONDITIONAL_ONLY,A,,"{""-1"": -1, ""1"": 1}"
E2_CONTEXT_SIGN_FLIP,42051,LEGACY_INDEPENDENT_MC,256,CONTEXT_CONDITIONAL_ONLY,A,,"{""-1"": -1, ""1"": 1}"
E2_CONTEXT_SIGN_FLIP,42052,ANTITHETIC_CRN_MC,8,CONTEXT_CONDITIONAL_ONLY,A,,"{""-1"": -1, ""1"": 1}"
E2_CONTEXT_SIGN_FLIP,42052,ANTITHETIC_CRN_MC,16,CONTEXT_CONDITIONAL_ONLY,A,,"{""-1"": -1, ""1"": 1}"
E2_CONTEXT_SIGN_FLIP,42052,ANTITHETIC_CRN_MC,32,CONTEXT_CONDITIONAL_ONLY,A,,"{""-1"": -1, ""1"": 1}"
E2_CONTEXT_SIGN_FLIP,42052,ANTITHETIC_CRN_MC,64,CONTEXT_CONDITIONAL_ONLY,A,,"{""-1"": -1, ""1"": 1}"
E2_CONTEXT_SIGN_FLIP,42052,ANTITHETIC_CRN_MC,128,CONTEXT_CONDITIONAL_ONLY,A,,"{""-1"": -1, ""1"": 1}"
E2_CONTEXT_SIGN_FLIP,42052,ANTITHETIC_CRN_MC,256,CONTEXT_CONDITIONAL_ONLY,A,,"{""-1"": -1, ""1"": 1}"
E2_CONTEXT_SIGN_FLIP,42052,CRN_CHAIN_MC,8,CONTEXT_CONDITIONAL_ONLY,A,,"{""-1"": -1, ""1"": 1}"
E2_CONTEXT_SIGN_FLIP,42052,CRN_CHAIN_MC,16,CONTEXT_CONDITIONAL_ONLY,A,,"{""-1"": -1, ""1"": 1}"
E2_CONTEXT_SIGN_FLIP,42052,CRN_CHAIN_MC,32,CONTEXT_CONDITIONAL_ONLY,A,,"{""-1"": -1, ""1"": 1}"
E2_CONTEXT_SIGN_FLIP,42052,CRN_CHAIN_MC,64,CONTEXT_CONDITIONAL_ONLY,A,,"{""-1"": -1, ""1"": 1}"
E2_CONTEXT_SIGN_FLIP,42052,CRN_CHAIN_MC,128,CONTEXT_CONDITIONAL_ONLY,A,,"{""-1"": -1, ""1"": 1}"
E2_CONTEXT_SIGN_FLIP,42052,CRN_CHAIN_MC,256,CONTEXT_CONDITIONAL_ONLY,A,,"{""-1"": -1, ""1"": 1}"
E2_CONTEXT_SIGN_FLIP,42052,DOUBLE_ANTITHETIC_CRN_MC,8,CONTEXT_CONDITIONAL_ONLY,A,,"{""-1"": -1, ""1"": 1}"
E2_CONTEXT_SIGN_FLIP,42052,DOUBLE_ANTITHETIC_CRN_MC,16,CONTEXT_CONDITIONAL_ONLY,A,,"{""-1"": -1, ""1"": 1}"
E2_CONTEXT_SIGN_FLIP,42052,DOUBLE_ANTITHETIC_CRN_MC,32,CONTEXT_CONDITIONAL_ONLY,A,,"{""-1"": -1, ""1"": 1}"
E2_CONTEXT_SIGN_FLIP,42052,DOUBLE_ANTITHETIC_CRN_MC,64,CONTEXT_CONDITIONAL_ONLY,A,,"{""-1"": -1, ""1"": 1}"
E2_CONTEXT_SIGN_FLIP,42052,DOUBLE_ANTITHETIC_CRN_MC,128,CONTEXT_CONDITIONAL_ONLY,A,,"{""-1"": -1, ""1"": 1}"
E2_CONTEXT_SIGN_FLIP,42052,DOUBLE_ANTITHETIC_CRN_MC,256,CONTEXT_CONDITIONAL_ONLY,A,,"{""-1"": -1, ""1"": 1}"
E2_CONTEXT_SIGN_FLIP,42052,LEGACY_INDEPENDENT_MC,8,CONTEXT_CONDITIONAL_ONLY,A,,"{""-1"": -1, ""1"": 1}"
E2_CONTEXT_SIGN_FLIP,42052,LEGACY_INDEPENDENT_MC,16,CONTEXT_CONDITIONAL_ONLY,A,,"{""-1"": -1, ""1"": 1}"
E2_CONTEXT_SIGN_FLIP,42052,LEGACY_INDEPENDENT_MC,32,CONTEXT_CONDITIONAL_ONLY,A,,"{""-1"": -1, ""1"": 1}"
E2_CONTEXT_SIGN_FLIP,42052,LEGACY_INDEPENDENT_MC,64,CONTEXT_CONDITIONAL_ONLY,A,,"{""-1"": -1, ""1"": 1}"
E2_CONTEXT_SIGN_FLIP,42052,LEGACY_INDEPENDENT_MC,128,CONTEXT_CONDITIONAL_ONLY,A,,"{""-1"": -1, ""1"": 1}"
E2_CONTEXT_SIGN_FLIP,42052,LEGACY_INDEPENDENT_MC,256,CONTEXT_CONDITIONAL_ONLY,A,,"{""-1"": -1, ""1"": 1}"
E2_CONTEXT_SIGN_FLIP,42053,ANTITHETIC_CRN_MC,8,CONTEXT_CONDITIONAL_ONLY,A,,"{""-1"": -1, ""1"": 1}"
E2_CONTEXT_SIGN_FLIP,42053,ANTITHETIC_CRN_MC,16,CONTEXT_CONDITIONAL_ONLY,A,,"{""-1"": -1, ""1"": 1}"
E2_CONTEXT_SIGN_FLIP,42053,ANTITHETIC_CRN_MC,32,CONTEXT_CONDITIONAL_ONLY,A,,"{""-1"": -1, ""1"": 1}"
E2_CONTEXT_SIGN_FLIP,42053,ANTITHETIC_CRN_MC,64,CONTEXT_CONDITIONAL_ONLY,A,,"{""-1"": -1, ""1"": 1}"
E2_CONTEXT_SIGN_FLIP,42053,ANTITHETIC_CRN_MC,128,CONTEXT_CONDITIONAL_ONLY,A,,"{""-1"": -1, ""1"": 1}"
E2_CONTEXT_SIGN_FLIP,42053,ANTITHETIC_CRN_MC,256,CONTEXT_CONDITIONAL_ONLY,A,,"{""-1"": -1, ""1"": 1}"
E2_CONTEXT_SIGN_FLIP,42053,CRN_CHAIN_MC,8,CONTEXT_CONDITIONAL_ONLY,A,,"{""-1"": -1, ""1"": 1}"
E2_CONTEXT_SIGN_FLIP,42053,CRN_CHAIN_MC,16,CONTEXT_CONDITIONAL_ONLY,A,,"{""-1"": -1, ""1"": 1}"
E2_CONTEXT_SIGN_FLIP,42053,CRN_CHAIN_MC,32,CONTEXT_CONDITIONAL_ONLY,A,,"{""-1"": -1, ""1"": 1}"
E2_CONTEXT_SIGN_FLIP,42053,CRN_CHAIN_MC,64,CONTEXT_CONDITIONAL_ONLY,A,,"{""-1"": -1, ""1"": 1}"
E2_CONTEXT_SIGN_FLIP,42053,CRN_CHAIN_MC,128,CONTEXT_CONDITIONAL_ONLY,A,,"{""-1"": -1, ""1"": 1}"
E2_CONTEXT_SIGN_FLIP,42053,CRN_CHAIN_MC,256,CONTEXT_CONDITIONAL_ONLY,A,,"{""-1"": -1, ""1"": 1}"
E2_CONTEXT_SIGN_FLIP,42053,DOUBLE_ANTITHETIC_CRN_MC,8,CONTEXT_CONDITIONAL_ONLY,A,,"{""-1"": -1, ""1"": 1}"
E2_CONTEXT_SIGN_FLIP,42053,DOUBLE_ANTITHETIC_CRN_MC,16,CONTEXT_CONDITIONAL_ONLY,A,,"{""-1"": -1, ""1"": 1}"
E2_CONTEXT_SIGN_FLIP,42053,DOUBLE_ANTITHETIC_CRN_MC,32,CONTEXT_CONDITIONAL_ONLY,A,,"{""-1"": -1, ""1"": 1}"
E2_CONTEXT_SIGN_FLIP,42053,DOUBLE_ANTITHETIC_CRN_MC,64,CONTEXT_CONDITIONAL_ONLY,A,,"{""-1"": -1, ""1"": 1}"
E2_CONTEXT_SIGN_FLIP,42053,DOUBLE_ANTITHETIC_CRN_MC,128,CONTEXT_CONDITIONAL_ONLY,A,,"{""-1"": -1, ""1"": 1}"
E2_CONTEXT_SIGN_FLIP,42053,DOUBLE_ANTITHETIC_CRN_MC,256,CONTEXT_CONDITIONAL_ONLY,A,,"{""-1"": -1, ""1"": 1}"
E2_CONTEXT_SIGN_FLIP,42053,LEGACY_INDEPENDENT_MC,8,CONTEXT_CONDITIONAL_ONLY,A,,"{""-1"": -1, ""1"": 1}"
E2_CONTEXT_SIGN_FLIP,42053,LEGACY_INDEPENDENT_MC,16,CONTEXT_CONDITIONAL_ONLY,A,,"{""-1"": -1, ""1"": 1}"
E2_CONTEXT_SIGN_FLIP,42053,LEGACY_INDEPENDENT_MC,32,CONTEXT_CONDITIONAL_ONLY,A,,"{""-1"": -1, ""1"": 1}"
E2_CONTEXT_SIGN_FLIP,42053,LEGACY_INDEPENDENT_MC,64,CONTEXT_CONDITIONAL_ONLY,A,,"{""-1"": -1, ""1"": 1}"
E2_CONTEXT_SIGN_FLIP,42053,LEGACY_INDEPENDENT_MC,128,CONTEXT_CONDITIONAL_ONLY,A,,"{""-1"": -1, ""1"": 1}"
E2_CONTEXT_SIGN_FLIP,42053,LEGACY_INDEPENDENT_MC,256,CONTEXT_CONDITIONAL_ONLY,A,,"{""-1"": -1, ""1"": 1}"
E2_CONTEXT_SIGN_FLIP,42054,ANTITHETIC_CRN_MC,8,CONTEXT_CONDITIONAL_ONLY,A,,"{""-1"": -1, ""1"": 1}"
E2_CONTEXT_SIGN_FLIP,42054,ANTITHETIC_CRN_MC,16,CONTEXT_CONDITIONAL_ONLY,A,,"{""-1"": -1, ""1"": 1}"
E2_CONTEXT_SIGN_FLIP,42054,ANTITHETIC_CRN_MC,32,CONTEXT_CONDITIONAL_ONLY,A,,"{""-1"": -1, ""1"": 1}"
E2_CONTEXT_SIGN_FLIP,42054,ANTITHETIC_CRN_MC,64,CONTEXT_CONDITIONAL_ONLY,A,,"{""-1"": -1, ""1"": 1}"
E2_CONTEXT_SIGN_FLIP,42054,ANTITHETIC_CRN_MC,128,CONTEXT_CONDITIONAL_ONLY,A,,"{""-1"": -1, ""1"": 1}"
E2_CONTEXT_SIGN_FLIP,42054,ANTITHETIC_CRN_MC,256,CONTEXT_CONDITIONAL_ONLY,A,,"{""-1"": -1, ""1"": 1}"
E2_CONTEXT_SIGN_FLIP,42054,CRN_CHAIN_MC,8,CONTEXT_CONDITIONAL_ONLY,A,,"{""-1"": -1, ""1"": 1}"
E2_CONTEXT_SIGN_FLIP,42054,CRN_CHAIN_MC,16,CONTEXT_CONDITIONAL_ONLY,A,,"{""-1"": -1, ""1"": 1}"
E2_CONTEXT_SIGN_FLIP,42054,CRN_CHAIN_MC,32,CONTEXT_CONDITIONAL_ONLY,A,,"{""-1"": -1, ""1"": 1}"
E2_CONTEXT_SIGN_FLIP,42054,CRN_CHAIN_MC,64,CONTEXT_CONDITIONAL_ONLY,A,,"{""-1"": -1, ""1"": 1}"
E2_CONTEXT_SIGN_FLIP,42054,CRN_CHAIN_MC,128,CONTEXT_CONDITIONAL_ONLY,A,,"{""-1"": -1, ""1"": 1}"
E2_CONTEXT_SIGN_FLIP,42054,CRN_CHAIN_MC,256,CONTEXT_CONDITIONAL_ONLY,A,,"{""-1"": -1, ""1"": 1}"
E2_CONTEXT_SIGN_FLIP,42054,DOUBLE_ANTITHETIC_CRN_MC,8,CONTEXT_CONDITIONAL_ONLY,A,,"{""-1"": -1, ""1"": 1}"
E2_CONTEXT_SIGN_FLIP,42054,DOUBLE_ANTITHETIC_CRN_MC,16,CONTEXT_CONDITIONAL_ONLY,A,,"{""-1"": -1, ""1"": 1}"
E2_CONTEXT_SIGN_FLIP,42054,DOUBLE_ANTITHETIC_CRN_MC,32,CONTEXT_CONDITIONAL_ONLY,A,,"{""-1"": -1, ""1"": 1}"
E2_CONTEXT_SIGN_FLIP,42054,DOUBLE_ANTITHETIC_CRN_MC,64,CONTEXT_CONDITIONAL_ONLY,A,,"{""-1"": -1, ""1"": 1}"
E2_CONTEXT_SIGN_FLIP,42054,DOUBLE_ANTITHETIC_CRN_MC,128,CONTEXT_CONDITIONAL_ONLY,A,,"{""-1"": -1, ""1"": 1}"
E2_CONTEXT_SIGN_FLIP,42054,DOUBLE_ANTITHETIC_CRN_MC,256,CONTEXT_CONDITIONAL_ONLY,A,,"{""-1"": -1, ""1"": 1}"
E2_CONTEXT_SIGN_FLIP,42054,LEGACY_INDEPENDENT_MC,8,CONTEXT_CONDITIONAL_ONLY,A,,"{""-1"": -1, ""1"": 1}"
E2_CONTEXT_SIGN_FLIP,42054,LEGACY_INDEPENDENT_MC,16,CONTEXT_CONDITIONAL_ONLY,A,,"{""-1"": -1, ""1"": 1}"
E2_CONTEXT_SIGN_FLIP,42054,LEGACY_INDEPENDENT_MC,32,CONTEXT_CONDITIONAL_ONLY,A,,"{""-1"": -1, ""1"": 1}"
E2_CONTEXT_SIGN_FLIP,42054,LEGACY_INDEPENDENT_MC,64,CONTEXT_CONDITIONAL_ONLY,A,,"{""-1"": -1, ""1"": 1}"
E2_CONTEXT_SIGN_FLIP,42054,LEGACY_INDEPENDENT_MC,128,CONTEXT_CONDITIONAL_ONLY,A,,"{""-1"": -1, ""1"": 1}"
E2_CONTEXT_SIGN_FLIP,42054,LEGACY_INDEPENDENT_MC,256,CONTEXT_CONDITIONAL_ONLY,A,,"{""-1"": -1, ""1"": 1}"
E2_CONTEXT_SIGN_FLIP,42055,ANTITHETIC_CRN_MC,8,CONTEXT_CONDITIONAL_ONLY,A,,"{""-1"": -1, ""1"": 1}"
E2_CONTEXT_SIGN_FLIP,42055,ANTITHETIC_CRN_MC,16,CONTEXT_CONDITIONAL_ONLY,A,,"{""-1"": -1, ""1"": 1}"
E2_CONTEXT_SIGN_FLIP,42055,ANTITHETIC_CRN_MC,32,CONTEXT_CONDITIONAL_ONLY,A,,"{""-1"": -1, ""1"": 1}"
E2_CONTEXT_SIGN_FLIP,42055,ANTITHETIC_CRN_MC,64,CONTEXT_CONDITIONAL_ONLY,A,,"{""-1"": -1, ""1"": 1}"
E2_CONTEXT_SIGN_FLIP,42055,ANTITHETIC_CRN_MC,128,CONTEXT_CONDITIONAL_ONLY,A,,"{""-1"": -1, ""1"": 1}"
E2_CONTEXT_SIGN_FLIP,42055,ANTITHETIC_CRN_MC,256,CONTEXT_CONDITIONAL_ONLY,A,,"{""-1"": -1, ""1"": 1}"
E2_CONTEXT_SIGN_FLIP,42055,CRN_CHAIN_MC,8,CONTEXT_CONDITIONAL_ONLY,A,,"{""-1"": -1, ""1"": 1}"
E2_CONTEXT_SIGN_FLIP,42055,CRN_CHAIN_MC,16,CONTEXT_CONDITIONAL_ONLY,A,,"{""-1"": -1, ""1"": 1}"
E2_CONTEXT_SIGN_FLIP,42055,CRN_CHAIN_MC,32,CONTEXT_CONDITIONAL_ONLY,A,,"{""-1"": -1, ""1"": 1}"
E2_CONTEXT_SIGN_FLIP,42055,CRN_CHAIN_MC,64,CONTEXT_CONDITIONAL_ONLY,A,,"{""-1"": -1, ""1"": 1}"
E2_CONTEXT_SIGN_FLIP,42055,CRN_CHAIN_MC,128,CONTEXT_CONDITIONAL_ONLY,A,,"{""-1"": -1, ""1"": 1}"
E2_CONTEXT_SIGN_FLIP,42055,CRN_CHAIN_MC,256,CONTEXT_CONDITIONAL_ONLY,A,,"{""-1"": -1, ""1"": 1}"
E2_CONTEXT_SIGN_FLIP,42055,DOUBLE_ANTITHETIC_CRN_MC,8,CONTEXT_CONDITIONAL_ONLY,A,,"{""-1"": -1, ""1"": 1}"
E2_CONTEXT_SIGN_FLIP,42055,DOUBLE_ANTITHETIC_CRN_MC,16,CONTEXT_CONDITIONAL_ONLY,A,,"{""-1"": -1, ""1"": 1}"
E2_CONTEXT_SIGN_FLIP,42055,DOUBLE_ANTITHETIC_CRN_MC,32,CONTEXT_CONDITIONAL_ONLY,A,,"{""-1"": -1, ""1"": 1}"
E2_CONTEXT_SIGN_FLIP,42055,DOUBLE_ANTITHETIC_CRN_MC,64,CONTEXT_CONDITIONAL_ONLY,A,,"{""-1"": -1, ""1"": 1}"
E2_CONTEXT_SIGN_FLIP,42055,DOUBLE_ANTITHETIC_CRN_MC,128,CONTEXT_CONDITIONAL_ONLY,A,,"{""-1"": -1, ""1"": 1}"
E2_CONTEXT_SIGN_FLIP,42055,DOUBLE_ANTITHETIC_CRN_MC,256,CONTEXT_CONDITIONAL_ONLY,A,,"{""-1"": -1, ""1"": 1}"
E2_CONTEXT_SIGN_FLIP,42055,LEGACY_INDEPENDENT_MC,8,CONTEXT_CONDITIONAL_ONLY,A,,"{""-1"": -1, ""1"": 1}"
E2_CONTEXT_SIGN_FLIP,42055,LEGACY_INDEPENDENT_MC,16,CONTEXT_CONDITIONAL_ONLY,A,,"{""-1"": -1, ""1"": 1}"
E2_CONTEXT_SIGN_FLIP,42055,LEGACY_INDEPENDENT_MC,32,CONTEXT_CONDITIONAL_ONLY,A,,"{""-1"": -1, ""1"": 1}"
E2_CONTEXT_SIGN_FLIP,42055,LEGACY_INDEPENDENT_MC,64,CONTEXT_CONDITIONAL_ONLY,A,,"{""-1"": -1, ""1"": 1}"
E2_CONTEXT_SIGN_FLIP,42055,LEGACY_INDEPENDENT_MC,128,CONTEXT_CONDITIONAL_ONLY,A,,"{""-1"": -1, ""1"": 1}"
E2_CONTEXT_SIGN_FLIP,42055,LEGACY_INDEPENDENT_MC,256,CONTEXT_CONDITIONAL_ONLY,A,,"{""-1"": -1, ""1"": 1}"
E2_CONTEXT_SIGN_FLIP,42056,ANTITHETIC_CRN_MC,8,CONTEXT_CONDITIONAL_ONLY,A,,"{""-1"": -1, ""1"": 1}"
E2_CONTEXT_SIGN_FLIP,42056,ANTITHETIC_CRN_MC,16,CONTEXT_CONDITIONAL_ONLY,A,,"{""-1"": -1, ""1"": 1}"
E2_CONTEXT_SIGN_FLIP,42056,ANTITHETIC_CRN_MC,32,CONTEXT_CONDITIONAL_ONLY,A,,"{""-1"": -1, ""1"": 1}"
E2_CONTEXT_SIGN_FLIP,42056,ANTITHETIC_CRN_MC,64,CONTEXT_CONDITIONAL_ONLY,A,,"{""-1"": -1, ""1"": 1}"
E2_CONTEXT_SIGN_FLIP,42056,ANTITHETIC_CRN_MC,128,CONTEXT_CONDITIONAL_ONLY,A,,"{""-1"": -1, ""1"": 1}"
E2_CONTEXT_SIGN_FLIP,42056,ANTITHETIC_CRN_MC,256,CONTEXT_CONDITIONAL_ONLY,A,,"{""-1"": -1, ""1"": 1}"
E2_CONTEXT_SIGN_FLIP,42056,CRN_CHAIN_MC,8,CONTEXT_CONDITIONAL_ONLY,A,,"{""-1"": -1, ""1"": 1}"
E2_CONTEXT_SIGN_FLIP,42056,CRN_CHAIN_MC,16,CONTEXT_CONDITIONAL_ONLY,A,,"{""-1"": -1, ""1"": 1}"
E2_CONTEXT_SIGN_FLIP,42056,CRN_CHAIN_MC,32,CONTEXT_CONDITIONAL_ONLY,A,,"{""-1"": -1, ""1"": 1}"
E2_CONTEXT_SIGN_FLIP,42056,CRN_CHAIN_MC,64,CONTEXT_CONDITIONAL_ONLY,A,,"{""-1"": -1, ""1"": 1}"
E2_CONTEXT_SIGN_FLIP,42056,CRN_CHAIN_MC,128,CONTEXT_CONDITIONAL_ONLY,A,,"{""-1"": -1, ""1"": 1}"
E2_CONTEXT_SIGN_FLIP,42056,CRN_CHAIN_MC,256,CONTEXT_CONDITIONAL_ONLY,A,,"{""-1"": -1, ""1"": 1}"
E2_CONTEXT_SIGN_FLIP,42056,DOUBLE_ANTITHETIC_CRN_MC,8,CONTEXT_CONDITIONAL_ONLY,A,,"{""-1"": -1, ""1"": 1}"
E2_CONTEXT_SIGN_FLIP,42056,DOUBLE_ANTITHETIC_CRN_MC,16,CONTEXT_CONDITIONAL_ONLY,A,,"{""-1"": -1, ""1"": 1}"
E2_CONTEXT_SIGN_FLIP,42056,DOUBLE_ANTITHETIC_CRN_MC,32,CONTEXT_CONDITIONAL_ONLY,A,,"{""-1"": -1, ""1"": 1}"
E2_CONTEXT_SIGN_FLIP,42056,DOUBLE_ANTITHETIC_CRN_MC,64,CONTEXT_CONDITIONAL_ONLY,A,,"{""-1"": -1, ""1"": 1}"
E2_CONTEXT_SIGN_FLIP,42056,DOUBLE_ANTITHETIC_CRN_MC,128,CONTEXT_CONDITIONAL_ONLY,A,,"{""-1"": -1, ""1"": 1}"
E2_CONTEXT_SIGN_FLIP,42056,DOUBLE_ANTITHETIC_CRN_MC,256,CONTEXT_CONDITIONAL_ONLY,A,,"{""-1"": -1, ""1"": 1}"
E2_CONTEXT_SIGN_FLIP,42056,LEGACY_INDEPENDENT_MC,8,CONTEXT_CONDITIONAL_ONLY,A,,"{""-1"": -1, ""1"": 1}"
E2_CONTEXT_SIGN_FLIP,42056,LEGACY_INDEPENDENT_MC,16,CONTEXT_CONDITIONAL_ONLY,A,,"{""-1"": -1, ""1"": 1}"
E2_CONTEXT_SIGN_FLIP,42056,LEGACY_INDEPENDENT_MC,32,CONTEXT_CONDITIONAL_ONLY,A,,"{""-1"": -1, ""1"": 1}"
E2_CONTEXT_SIGN_FLIP,42056,LEGACY_INDEPENDENT_MC,64,CONTEXT_CONDITIONAL_ONLY,A,,"{""-1"": -1, ""1"": 1}"
E2_CONTEXT_SIGN_FLIP,42056,LEGACY_INDEPENDENT_MC,128,CONTEXT_CONDITIONAL_ONLY,A,,"{""-1"": -1, ""1"": 1}"
E2_CONTEXT_SIGN_FLIP,42056,LEGACY_INDEPENDENT_MC,256,CONTEXT_CONDITIONAL_ONLY,A,,"{""-1"": -1, ""1"": 1}"
E2_CONTEXT_SIGN_FLIP,42057,ANTITHETIC_CRN_MC,8,CONTEXT_CONDITIONAL_ONLY,A,,"{""-1"": -1, ""1"": 1}"
E2_CONTEXT_SIGN_FLIP,42057,ANTITHETIC_CRN_MC,16,CONTEXT_CONDITIONAL_ONLY,A,,"{""-1"": -1, ""1"": 1}"
E2_CONTEXT_SIGN_FLIP,42057,ANTITHETIC_CRN_MC,32,CONTEXT_CONDITIONAL_ONLY,A,,"{""-1"": -1, ""1"": 1}"
E2_CONTEXT_SIGN_FLIP,42057,ANTITHETIC_CRN_MC,64,CONTEXT_CONDITIONAL_ONLY,A,,"{""-1"": -1, ""1"": 1}"
E2_CONTEXT_SIGN_FLIP,42057,ANTITHETIC_CRN_MC,128,CONTEXT_CONDITIONAL_ONLY,A,,"{""-1"": -1, ""1"": 1}"
E2_CONTEXT_SIGN_FLIP,42057,ANTITHETIC_CRN_MC,256,CONTEXT_CONDITIONAL_ONLY,A,,"{""-1"": -1, ""1"": 1}"
E2_CONTEXT_SIGN_FLIP,42057,CRN_CHAIN_MC,8,CONTEXT_CONDITIONAL_ONLY,A,,"{""-1"": -1, ""1"": 1}"
E2_CONTEXT_SIGN_FLIP,42057,CRN_CHAIN_MC,16,CONTEXT_CONDITIONAL_ONLY,A,,"{""-1"": -1, ""1"": 1}"
E2_CONTEXT_SIGN_FLIP,42057,CRN_CHAIN_MC,32,CONTEXT_CONDITIONAL_ONLY,A,,"{""-1"": -1, ""1"": 1}"
E2_CONTEXT_SIGN_FLIP,42057,CRN_CHAIN_MC,64,CONTEXT_CONDITIONAL_ONLY,A,,"{""-1"": -1, ""1"": 1}"
E2_CONTEXT_SIGN_FLIP,42057,CRN_CHAIN_MC,128,CONTEXT_CONDITIONAL_ONLY,A,,"{""-1"": -1, ""1"": 1}"
E2_CONTEXT_SIGN_FLIP,42057,CRN_CHAIN_MC,256,CONTEXT_CONDITIONAL_ONLY,A,,"{""-1"": -1, ""1"": 1}"
E2_CONTEXT_SIGN_FLIP,42057,DOUBLE_ANTITHETIC_CRN_MC,8,CONTEXT_CONDITIONAL_ONLY,A,,"{""-1"": -1, ""1"": 1}"
E2_CONTEXT_SIGN_FLIP,42057,DOUBLE_ANTITHETIC_CRN_MC,16,CONTEXT_CONDITIONAL_ONLY,A,,"{""-1"": -1, ""1"": 1}"
E2_CONTEXT_SIGN_FLIP,42057,DOUBLE_ANTITHETIC_CRN_MC,32,CONTEXT_CONDITIONAL_ONLY,A,,"{""-1"": -1, ""1"": 1}"
E2_CONTEXT_SIGN_FLIP,42057,DOUBLE_ANTITHETIC_CRN_MC,64,CONTEXT_CONDITIONAL_ONLY,A,,"{""-1"": -1, ""1"": 1}"
E2_CONTEXT_SIGN_FLIP,42057,DOUBLE_ANTITHETIC_CRN_MC,128,CONTEXT_CONDITIONAL_ONLY,A,,"{""-1"": -1, ""1"": 1}"
E2_CONTEXT_SIGN_FLIP,42057,DOUBLE_ANTITHETIC_CRN_MC,256,CONTEXT_CONDITIONAL_ONLY,A,,"{""-1"": -1, ""1"": 1}"
E2_CONTEXT_SIGN_FLIP,42057,LEGACY_INDEPENDENT_MC,8,CONTEXT_CONDITIONAL_ONLY,A,,"{""-1"": -1, ""1"": 1}"
E2_CONTEXT_SIGN_FLIP,42057,LEGACY_INDEPENDENT_MC,16,CONTEXT_CONDITIONAL_ONLY,A,,"{""-1"": -1, ""1"": 1}"
E2_CONTEXT_SIGN_FLIP,42057,LEGACY_INDEPENDENT_MC,32,CONTEXT_CONDITIONAL_ONLY,A,,"{""-1"": -1, ""1"": 1}"
E2_CONTEXT_SIGN_FLIP,42057,LEGACY_INDEPENDENT_MC,64,CONTEXT_CONDITIONAL_ONLY,A,,"{""-1"": -1, ""1"": 1}"
E2_CONTEXT_SIGN_FLIP,42057,LEGACY_INDEPENDENT_MC,128,CONTEXT_CONDITIONAL_ONLY,A,,"{""-1"": -1, ""1"": 1}"
E2_CONTEXT_SIGN_FLIP,42057,LEGACY_INDEPENDENT_MC,256,CONTEXT_CONDITIONAL_ONLY,A,,"{""-1"": -1, ""1"": 1}"
E2_CONTEXT_SIGN_FLIP,42058,ANTITHETIC_CRN_MC,8,CONTEXT_CONDITIONAL_ONLY,A,,"{""-1"": -1, ""1"": 1}"
E2_CONTEXT_SIGN_FLIP,42058,ANTITHETIC_CRN_MC,16,CONTEXT_CONDITIONAL_ONLY,A,,"{""-1"": -1, ""1"": 1}"
E2_CONTEXT_SIGN_FLIP,42058,ANTITHETIC_CRN_MC,32,CONTEXT_CONDITIONAL_ONLY,A,,"{""-1"": -1, ""1"": 1}"
E2_CONTEXT_SIGN_FLIP,42058,ANTITHETIC_CRN_MC,64,CONTEXT_CONDITIONAL_ONLY,A,,"{""-1"": -1, ""1"": 1}"
E2_CONTEXT_SIGN_FLIP,42058,ANTITHETIC_CRN_MC,128,CONTEXT_CONDITIONAL_ONLY,A,,"{""-1"": -1, ""1"": 1}"
E2_CONTEXT_SIGN_FLIP,42058,ANTITHETIC_CRN_MC,256,CONTEXT_CONDITIONAL_ONLY,A,,"{""-1"": -1, ""1"": 1}"
E2_CONTEXT_SIGN_FLIP,42058,CRN_CHAIN_MC,8,CONTEXT_CONDITIONAL_ONLY,A,,"{""-1"": -1, ""1"": 1}"
E2_CONTEXT_SIGN_FLIP,42058,CRN_CHAIN_MC,16,CONTEXT_CONDITIONAL_ONLY,A,,"{""-1"": -1, ""1"": 1}"
E2_CONTEXT_SIGN_FLIP,42058,CRN_CHAIN_MC,32,CONTEXT_CONDITIONAL_ONLY,A,,"{""-1"": -1, ""1"": 1}"
E2_CONTEXT_SIGN_FLIP,42058,CRN_CHAIN_MC,64,CONTEXT_CONDITIONAL_ONLY,A,,"{""-1"": -1, ""1"": 1}"
E2_CONTEXT_SIGN_FLIP,42058,CRN_CHAIN_MC,128,CONTEXT_CONDITIONAL_ONLY,A,,"{""-1"": -1, ""1"": 1}"
E2_CONTEXT_SIGN_FLIP,42058,CRN_CHAIN_MC,256,CONTEXT_CONDITIONAL_ONLY,A,,"{""-1"": -1, ""1"": 1}"
E2_CONTEXT_SIGN_FLIP,42058,DOUBLE_ANTITHETIC_CRN_MC,8,CONTEXT_CONDITIONAL_ONLY,A,,"{""-1"": -1, ""1"": 1}"
E2_CONTEXT_SIGN_FLIP,42058,DOUBLE_ANTITHETIC_CRN_MC,16,CONTEXT_CONDITIONAL_ONLY,A,,"{""-1"": -1, ""1"": 1}"
E2_CONTEXT_SIGN_FLIP,42058,DOUBLE_ANTITHETIC_CRN_MC,32,CONTEXT_CONDITIONAL_ONLY,A,,"{""-1"": -1, ""1"": 1}"
E2_CONTEXT_SIGN_FLIP,42058,DOUBLE_ANTITHETIC_CRN_MC,64,CONTEXT_CONDITIONAL_ONLY,A,,"{""-1"": -1, ""1"": 1}"
E2_CONTEXT_SIGN_FLIP,42058,DOUBLE_ANTITHETIC_CRN_MC,128,CONTEXT_CONDITIONAL_ONLY,A,,"{""-1"": -1, ""1"": 1}"
E2_CONTEXT_SIGN_FLIP,42058,DOUBLE_ANTITHETIC_CRN_MC,256,CONTEXT_CONDITIONAL_ONLY,A,,"{""-1"": -1, ""1"": 1}"
E2_CONTEXT_SIGN_FLIP,42058,LEGACY_INDEPENDENT_MC,8,CONTEXT_CONDITIONAL_ONLY,A,,"{""-1"": -1, ""1"": 1}"
E2_CONTEXT_SIGN_FLIP,42058,LEGACY_INDEPENDENT_MC,16,CONTEXT_CONDITIONAL_ONLY,A,,"{""-1"": -1, ""1"": 1}"
E2_CONTEXT_SIGN_FLIP,42058,LEGACY_INDEPENDENT_MC,32,CONTEXT_CONDITIONAL_ONLY,A,,"{""-1"": -1, ""1"": 1}"
E2_CONTEXT_SIGN_FLIP,42058,LEGACY_INDEPENDENT_MC,64,CONTEXT_CONDITIONAL_ONLY,A,,"{""-1"": -1, ""1"": 1}"
E2_CONTEXT_SIGN_FLIP,42058,LEGACY_INDEPENDENT_MC,128,CONTEXT_CONDITIONAL_ONLY,A,,"{""-1"": -1, ""1"": 1}"
E2_CONTEXT_SIGN_FLIP,42058,LEGACY_INDEPENDENT_MC,256,CONTEXT_CONDITIONAL_ONLY,A,,"{""-1"": -1, ""1"": 1}"
E2_CONTEXT_SIGN_FLIP,42059,ANTITHETIC_CRN_MC,8,CONTEXT_CONDITIONAL_ONLY,A,,"{""-1"": -1, ""1"": 1}"
E2_CONTEXT_SIGN_FLIP,42059,ANTITHETIC_CRN_MC,16,CONTEXT_CONDITIONAL_ONLY,A,,"{""-1"": -1, ""1"": 1}"
E2_CONTEXT_SIGN_FLIP,42059,ANTITHETIC_CRN_MC,32,CONTEXT_CONDITIONAL_ONLY,A,,"{""-1"": -1, ""1"": 1}"
E2_CONTEXT_SIGN_FLIP,42059,ANTITHETIC_CRN_MC,64,CONTEXT_CONDITIONAL_ONLY,A,,"{""-1"": -1, ""1"": 1}"
E2_CONTEXT_SIGN_FLIP,42059,ANTITHETIC_CRN_MC,128,CONTEXT_CONDITIONAL_ONLY,A,,"{""-1"": -1, ""1"": 1}"
E2_CONTEXT_SIGN_FLIP,42059,ANTITHETIC_CRN_MC,256,CONTEXT_CONDITIONAL_ONLY,A,,"{""-1"": -1, ""1"": 1}"
E2_CONTEXT_SIGN_FLIP,42059,CRN_CHAIN_MC,8,CONTEXT_CONDITIONAL_ONLY,A,,"{""-1"": -1, ""1"": 1}"
E2_CONTEXT_SIGN_FLIP,42059,CRN_CHAIN_MC,16,CONTEXT_CONDITIONAL_ONLY,A,,"{""-1"": -1, ""1"": 1}"
E2_CONTEXT_SIGN_FLIP,42059,CRN_CHAIN_MC,32,CONTEXT_CONDITIONAL_ONLY,A,,"{""-1"": -1, ""1"": 1}"
E2_CONTEXT_SIGN_FLIP,42059,CRN_CHAIN_MC,64,CONTEXT_CONDITIONAL_ONLY,A,,"{""-1"": -1, ""1"": 1}"
E2_CONTEXT_SIGN_FLIP,42059,CRN_CHAIN_MC,128,CONTEXT_CONDITIONAL_ONLY,A,,"{""-1"": -1, ""1"": 1}"
E2_CONTEXT_SIGN_FLIP,42059,CRN_CHAIN_MC,256,CONTEXT_CONDITIONAL_ONLY,A,,"{""-1"": -1, ""1"": 1}"
E2_CONTEXT_SIGN_FLIP,42059,DOUBLE_ANTITHETIC_CRN_MC,8,CONTEXT_CONDITIONAL_ONLY,A,,"{""-1"": -1, ""1"": 1}"
E2_CONTEXT_SIGN_FLIP,42059,DOUBLE_ANTITHETIC_CRN_MC,16,CONTEXT_CONDITIONAL_ONLY,A,,"{""-1"": -1, ""1"": 1}"
E2_CONTEXT_SIGN_FLIP,42059,DOUBLE_ANTITHETIC_CRN_MC,32,CONTEXT_CONDITIONAL_ONLY,A,,"{""-1"": -1, ""1"": 1}"
E2_CONTEXT_SIGN_FLIP,42059,DOUBLE_ANTITHETIC_CRN_MC,64,CONTEXT_CONDITIONAL_ONLY,A,,"{""-1"": -1, ""1"": 1}"
E2_CONTEXT_SIGN_FLIP,42059,DOUBLE_ANTITHETIC_CRN_MC,128,CONTEXT_CONDITIONAL_ONLY,A,,"{""-1"": -1, ""1"": 1}"
E2_CONTEXT_SIGN_FLIP,42059,DOUBLE_ANTITHETIC_CRN_MC,256,CONTEXT_CONDITIONAL_ONLY,A,,"{""-1"": -1, ""1"": 1}"
E2_CONTEXT_SIGN_FLIP,42059,LEGACY_INDEPENDENT_MC,8,CONTEXT_CONDITIONAL_ONLY,A,,"{""-1"": -1, ""1"": 1}"
E2_CONTEXT_SIGN_FLIP,42059,LEGACY_INDEPENDENT_MC,16,CONTEXT_CONDITIONAL_ONLY,A,,"{""-1"": -1, ""1"": 1}"
E2_CONTEXT_SIGN_FLIP,42059,LEGACY_INDEPENDENT_MC,32,CONTEXT_CONDITIONAL_ONLY,A,,"{""-1"": -1, ""1"": 1}"
E2_CONTEXT_SIGN_FLIP,42059,LEGACY_INDEPENDENT_MC,64,CONTEXT_CONDITIONAL_ONLY,A,,"{""-1"": -1, ""1"": 1}"
E2_CONTEXT_SIGN_FLIP,42059,LEGACY_INDEPENDENT_MC,128,CONTEXT_CONDITIONAL_ONLY,A,,"{""-1"": -1, ""1"": 1}"
E2_CONTEXT_SIGN_FLIP,42059,LEGACY_INDEPENDENT_MC,256,CONTEXT_CONDITIONAL_ONLY,A,,"{""-1"": -1, ""1"": 1}"
E2_CONTEXT_SIGN_FLIP,42060,ANTITHETIC_CRN_MC,8,CONTEXT_CONDITIONAL_ONLY,A,,"{""-1"": -1, ""1"": 1}"
E2_CONTEXT_SIGN_FLIP,42060,ANTITHETIC_CRN_MC,16,CONTEXT_CONDITIONAL_ONLY,A,,"{""-1"": -1, ""1"": 1}"
E2_CONTEXT_SIGN_FLIP,42060,ANTITHETIC_CRN_MC,32,CONTEXT_CONDITIONAL_ONLY,A,,"{""-1"": -1, ""1"": 1}"
E2_CONTEXT_SIGN_FLIP,42060,ANTITHETIC_CRN_MC,64,CONTEXT_CONDITIONAL_ONLY,A,,"{""-1"": -1, ""1"": 1}"
E2_CONTEXT_SIGN_FLIP,42060,ANTITHETIC_CRN_MC,128,CONTEXT_CONDITIONAL_ONLY,A,,"{""-1"": -1, ""1"": 1}"
E2_CONTEXT_SIGN_FLIP,42060,ANTITHETIC_CRN_MC,256,CONTEXT_CONDITIONAL_ONLY,A,,"{""-1"": -1, ""1"": 1}"
E2_CONTEXT_SIGN_FLIP,42060,CRN_CHAIN_MC,8,CONTEXT_CONDITIONAL_ONLY,A,,"{""-1"": -1, ""1"": 1}"
E2_CONTEXT_SIGN_FLIP,42060,CRN_CHAIN_MC,16,CONTEXT_CONDITIONAL_ONLY,A,,"{""-1"": -1, ""1"": 1}"
E2_CONTEXT_SIGN_FLIP,42060,CRN_CHAIN_MC,32,CONTEXT_CONDITIONAL_ONLY,A,,"{""-1"": -1, ""1"": 1}"
E2_CONTEXT_SIGN_FLIP,42060,CRN_CHAIN_MC,64,CONTEXT_CONDITIONAL_ONLY,A,,"{""-1"": -1, ""1"": 1}"
E2_CONTEXT_SIGN_FLIP,42060,CRN_CHAIN_MC,128,CONTEXT_CONDITIONAL_ONLY,A,,"{""-1"": -1, ""1"": 1}"
E2_CONTEXT_SIGN_FLIP,42060,CRN_CHAIN_MC,256,CONTEXT_CONDITIONAL_ONLY,A,,"{""-1"": -1, ""1"": 1}"
E2_CONTEXT_SIGN_FLIP,42060,DOUBLE_ANTITHETIC_CRN_MC,8,CONTEXT_CONDITIONAL_ONLY,A,,"{""-1"": -1, ""1"": 1}"
E2_CONTEXT_SIGN_FLIP,42060,DOUBLE_ANTITHETIC_CRN_MC,16,CONTEXT_CONDITIONAL_ONLY,A,,"{""-1"": -1, ""1"": 1}"
E2_CONTEXT_SIGN_FLIP,42060,DOUBLE_ANTITHETIC_CRN_MC,32,CONTEXT_CONDITIONAL_ONLY,A,,"{""-1"": -1, ""1"": 1}"
E2_CONTEXT_SIGN_FLIP,42060,DOUBLE_ANTITHETIC_CRN_MC,64,CONTEXT_CONDITIONAL_ONLY,A,,"{""-1"": -1, ""1"": 1}"
E2_CONTEXT_SIGN_FLIP,42060,DOUBLE_ANTITHETIC_CRN_MC,128,CONTEXT_CONDITIONAL_ONLY,A,,"{""-1"": -1, ""1"": 1}"
E2_CONTEXT_SIGN_FLIP,42060,DOUBLE_ANTITHETIC_CRN_MC,256,CONTEXT_CONDITIONAL_ONLY,A,,"{""-1"": -1, ""1"": 1}"
E2_CONTEXT_SIGN_FLIP,42060,LEGACY_INDEPENDENT_MC,8,CONTEXT_CONDITIONAL_ONLY,A,,"{""-1"": -1, ""1"": 1}"
E2_CONTEXT_SIGN_FLIP,42060,LEGACY_INDEPENDENT_MC,16,CONTEXT_CONDITIONAL_ONLY,A,,"{""-1"": -1, ""1"": 1}"
E2_CONTEXT_SIGN_FLIP,42060,LEGACY_INDEPENDENT_MC,32,CONTEXT_CONDITIONAL_ONLY,A,,"{""-1"": -1, ""1"": 1}"
E2_CONTEXT_SIGN_FLIP,42060,LEGACY_INDEPENDENT_MC,64,CONTEXT_CONDITIONAL_ONLY,A,,"{""-1"": -1, ""1"": 1}"
E2_CONTEXT_SIGN_FLIP,42060,LEGACY_INDEPENDENT_MC,128,CONTEXT_CONDITIONAL_ONLY,A,,"{""-1"": -1, ""1"": 1}"
E2_CONTEXT_SIGN_FLIP,42060,LEGACY_INDEPENDENT_MC,256,CONTEXT_CONDITIONAL_ONLY,A,,"{""-1"": -1, ""1"": 1}"
E2_CONTEXT_SIGN_FLIP,42061,ANTITHETIC_CRN_MC,8,CONTEXT_CONDITIONAL_ONLY,A,,"{""-1"": -1, ""1"": 1}"
E2_CONTEXT_SIGN_FLIP,42061,ANTITHETIC_CRN_MC,16,CONTEXT_CONDITIONAL_ONLY,A,,"{""-1"": -1, ""1"": 1}"
E2_CONTEXT_SIGN_FLIP,42061,ANTITHETIC_CRN_MC,32,CONTEXT_CONDITIONAL_ONLY,A,,"{""-1"": -1, ""1"": 1}"
E2_CONTEXT_SIGN_FLIP,42061,ANTITHETIC_CRN_MC,64,CONTEXT_CONDITIONAL_ONLY,A,,"{""-1"": -1, ""1"": 1}"
E2_CONTEXT_SIGN_FLIP,42061,ANTITHETIC_CRN_MC,128,CONTEXT_CONDITIONAL_ONLY,A,,"{""-1"": -1, ""1"": 1}"
E2_CONTEXT_SIGN_FLIP,42061,ANTITHETIC_CRN_MC,256,CONTEXT_CONDITIONAL_ONLY,A,,"{""-1"": -1, ""1"": 1}"
E2_CONTEXT_SIGN_FLIP,42061,CRN_CHAIN_MC,8,CONTEXT_CONDITIONAL_ONLY,A,,"{""-1"": -1, ""1"": 1}"
E2_CONTEXT_SIGN_FLIP,42061,CRN_CHAIN_MC,16,CONTEXT_CONDITIONAL_ONLY,A,,"{""-1"": -1, ""1"": 1}"
E2_CONTEXT_SIGN_FLIP,42061,CRN_CHAIN_MC,32,CONTEXT_CONDITIONAL_ONLY,A,,"{""-1"": -1, ""1"": 1}"
E2_CONTEXT_SIGN_FLIP,42061,CRN_CHAIN_MC,64,CONTEXT_CONDITIONAL_ONLY,A,,"{""-1"": -1, ""1"": 1}"
E2_CONTEXT_SIGN_FLIP,42061,CRN_CHAIN_MC,128,CONTEXT_CONDITIONAL_ONLY,A,,"{""-1"": -1, ""1"": 1}"
E2_CONTEXT_SIGN_FLIP,42061,CRN_CHAIN_MC,256,CONTEXT_CONDITIONAL_ONLY,A,,"{""-1"": -1, ""1"": 1}"
E2_CONTEXT_SIGN_FLIP,42061,DOUBLE_ANTITHETIC_CRN_MC,8,CONTEXT_CONDITIONAL_ONLY,A,,"{""-1"": -1, ""1"": 1}"
E2_CONTEXT_SIGN_FLIP,42061,DOUBLE_ANTITHETIC_CRN_MC,16,CONTEXT_CONDITIONAL_ONLY,A,,"{""-1"": -1, ""1"": 1}"
E2_CONTEXT_SIGN_FLIP,42061,DOUBLE_ANTITHETIC_CRN_MC,32,CONTEXT_CONDITIONAL_ONLY,A,,"{""-1"": -1, ""1"": 1}"
E2_CONTEXT_SIGN_FLIP,42061,DOUBLE_ANTITHETIC_CRN_MC,64,CONTEXT_CONDITIONAL_ONLY,A,,"{""-1"": -1, ""1"": 1}"
E2_CONTEXT_SIGN_FLIP,42061,DOUBLE_ANTITHETIC_CRN_MC,128,CONTEXT_CONDITIONAL_ONLY,A,,"{""-1"": -1, ""1"": 1}"
E2_CONTEXT_SIGN_FLIP,42061,DOUBLE_ANTITHETIC_CRN_MC,256,CONTEXT_CONDITIONAL_ONLY,A,,"{""-1"": -1, ""1"": 1}"
E2_CONTEXT_SIGN_FLIP,42061,LEGACY_INDEPENDENT_MC,8,CONTEXT_CONDITIONAL_ONLY,A,,"{""-1"": -1, ""1"": 1}"
E2_CONTEXT_SIGN_FLIP,42061,LEGACY_INDEPENDENT_MC,16,CONTEXT_CONDITIONAL_ONLY,A,,"{""-1"": -1, ""1"": 1}"
E2_CONTEXT_SIGN_FLIP,42061,LEGACY_INDEPENDENT_MC,32,CONTEXT_CONDITIONAL_ONLY,A,,"{""-1"": -1, ""1"": 1}"
E2_CONTEXT_SIGN_FLIP,42061,LEGACY_INDEPENDENT_MC,64,CONTEXT_CONDITIONAL_ONLY,A,,"{""-1"": -1, ""1"": 1}"
E2_CONTEXT_SIGN_FLIP,42061,LEGACY_INDEPENDENT_MC,128,CONTEXT_CONDITIONAL_ONLY,A,,"{""-1"": -1, ""1"": 1}"
E2_CONTEXT_SIGN_FLIP,42061,LEGACY_INDEPENDENT_MC,256,CONTEXT_CONDITIONAL_ONLY,A,,"{""-1"": -1, ""1"": 1}"
E2_CONTEXT_SIGN_FLIP,42062,ANTITHETIC_CRN_MC,8,CONTEXT_CONDITIONAL_ONLY,A,,"{""-1"": -1, ""1"": 1}"
E2_CONTEXT_SIGN_FLIP,42062,ANTITHETIC_CRN_MC,16,CONTEXT_CONDITIONAL_ONLY,A,,"{""-1"": -1, ""1"": 1}"
E2_CONTEXT_SIGN_FLIP,42062,ANTITHETIC_CRN_MC,32,CONTEXT_CONDITIONAL_ONLY,A,,"{""-1"": -1, ""1"": 1}"
E2_CONTEXT_SIGN_FLIP,42062,ANTITHETIC_CRN_MC,64,CONTEXT_CONDITIONAL_ONLY,A,,"{""-1"": -1, ""1"": 1}"
E2_CONTEXT_SIGN_FLIP,42062,ANTITHETIC_CRN_MC,128,CONTEXT_CONDITIONAL_ONLY,A,,"{""-1"": -1, ""1"": 1}"
E2_CONTEXT_SIGN_FLIP,42062,ANTITHETIC_CRN_MC,256,CONTEXT_CONDITIONAL_ONLY,A,,"{""-1"": -1, ""1"": 1}"
E2_CONTEXT_SIGN_FLIP,42062,CRN_CHAIN_MC,8,CONTEXT_CONDITIONAL_ONLY,A,,"{""-1"": -1, ""1"": 1}"
E2_CONTEXT_SIGN_FLIP,42062,CRN_CHAIN_MC,16,CONTEXT_CONDITIONAL_ONLY,A,,"{""-1"": -1, ""1"": 1}"
E2_CONTEXT_SIGN_FLIP,42062,CRN_CHAIN_MC,32,CONTEXT_CONDITIONAL_ONLY,A,,"{""-1"": -1, ""1"": 1}"
E2_CONTEXT_SIGN_FLIP,42062,CRN_CHAIN_MC,64,CONTEXT_CONDITIONAL_ONLY,A,,"{""-1"": -1, ""1"": 1}"
E2_CONTEXT_SIGN_FLIP,42062,CRN_CHAIN_MC,128,CONTEXT_CONDITIONAL_ONLY,A,,"{""-1"": -1, ""1"": 1}"
E2_CONTEXT_SIGN_FLIP,42062,CRN_CHAIN_MC,256,CONTEXT_CONDITIONAL_ONLY,A,,"{""-1"": -1, ""1"": 1}"
E2_CONTEXT_SIGN_FLIP,42062,DOUBLE_ANTITHETIC_CRN_MC,8,CONTEXT_CONDITIONAL_ONLY,A,,"{""-1"": -1, ""1"": 1}"
E2_CONTEXT_SIGN_FLIP,42062,DOUBLE_ANTITHETIC_CRN_MC,16,CONTEXT_CONDITIONAL_ONLY,A,,"{""-1"": -1, ""1"": 1}"
E2_CONTEXT_SIGN_FLIP,42062,DOUBLE_ANTITHETIC_CRN_MC,32,CONTEXT_CONDITIONAL_ONLY,A,,"{""-1"": -1, ""1"": 1}"
E2_CONTEXT_SIGN_FLIP,42062,DOUBLE_ANTITHETIC_CRN_MC,64,CONTEXT_CONDITIONAL_ONLY,A,,"{""-1"": -1, ""1"": 1}"
E2_CONTEXT_SIGN_FLIP,42062,DOUBLE_ANTITHETIC_CRN_MC,128,CONTEXT_CONDITIONAL_ONLY,A,,"{""-1"": -1, ""1"": 1}"
E2_CONTEXT_SIGN_FLIP,42062,DOUBLE_ANTITHETIC_CRN_MC,256,CONTEXT_CONDITIONAL_ONLY,A,,"{""-1"": -1, ""1"": 1}"
E2_CONTEXT_SIGN_FLIP,42062,LEGACY_INDEPENDENT_MC,8,CONTEXT_CONDITIONAL_ONLY,A,,"{""-1"": -1, ""1"": 1}"
E2_CONTEXT_SIGN_FLIP,42062,LEGACY_INDEPENDENT_MC,16,CONTEXT_CONDITIONAL_ONLY,A,,"{""-1"": -1, ""1"": 1}"
E2_CONTEXT_SIGN_FLIP,42062,LEGACY_INDEPENDENT_MC,32,CONTEXT_CONDITIONAL_ONLY,A,,"{""-1"": -1, ""1"": 1}"
E2_CONTEXT_SIGN_FLIP,42062,LEGACY_INDEPENDENT_MC,64,CONTEXT_CONDITIONAL_ONLY,A,,"{""-1"": -1, ""1"": 1}"
E2_CONTEXT_SIGN_FLIP,42062,LEGACY_INDEPENDENT_MC,128,CONTEXT_CONDITIONAL_ONLY,A,,"{""-1"": -1, ""1"": 1}"
E2_CONTEXT_SIGN_FLIP,42062,LEGACY_INDEPENDENT_MC,256,CONTEXT_CONDITIONAL_ONLY,A,,"{""-1"": -1, ""1"": 1}"
E2_CONTEXT_SIGN_FLIP,42063,ANTITHETIC_CRN_MC,8,CONTEXT_CONDITIONAL_ONLY,A,,"{""-1"": -1, ""1"": 1}"
E2_CONTEXT_SIGN_FLIP,42063,ANTITHETIC_CRN_MC,16,CONTEXT_CONDITIONAL_ONLY,A,,"{""-1"": -1, ""1"": 1}"
E2_CONTEXT_SIGN_FLIP,42063,ANTITHETIC_CRN_MC,32,CONTEXT_CONDITIONAL_ONLY,A,,"{""-1"": -1, ""1"": 1}"
E2_CONTEXT_SIGN_FLIP,42063,ANTITHETIC_CRN_MC,64,CONTEXT_CONDITIONAL_ONLY,A,,"{""-1"": -1, ""1"": 1}"
E2_CONTEXT_SIGN_FLIP,42063,ANTITHETIC_CRN_MC,128,CONTEXT_CONDITIONAL_ONLY,A,,"{""-1"": -1, ""1"": 1}"
E2_CONTEXT_SIGN_FLIP,42063,ANTITHETIC_CRN_MC,256,CONTEXT_CONDITIONAL_ONLY,A,,"{""-1"": -1, ""1"": 1}"
E2_CONTEXT_SIGN_FLIP,42063,CRN_CHAIN_MC,8,CONTEXT_CONDITIONAL_ONLY,A,,"{""-1"": -1, ""1"": 1}"
E2_CONTEXT_SIGN_FLIP,42063,CRN_CHAIN_MC,16,CONTEXT_CONDITIONAL_ONLY,A,,"{""-1"": -1, ""1"": 1}"
E2_CONTEXT_SIGN_FLIP,42063,CRN_CHAIN_MC,32,CONTEXT_CONDITIONAL_ONLY,A,,"{""-1"": -1, ""1"": 1}"
E2_CONTEXT_SIGN_FLIP,42063,CRN_CHAIN_MC,64,CONTEXT_CONDITIONAL_ONLY,A,,"{""-1"": -1, ""1"": 1}"
E2_CONTEXT_SIGN_FLIP,42063,CRN_CHAIN_MC,128,CONTEXT_CONDITIONAL_ONLY,A,,"{""-1"": -1, ""1"": 1}"
E2_CONTEXT_SIGN_FLIP,42063,CRN_CHAIN_MC,256,CONTEXT_CONDITIONAL_ONLY,A,,"{""-1"": -1, ""1"": 1}"
E2_CONTEXT_SIGN_FLIP,42063,DOUBLE_ANTITHETIC_CRN_MC,8,CONTEXT_CONDITIONAL_ONLY,A,,"{""-1"": -1, ""1"": 1}"
E2_CONTEXT_SIGN_FLIP,42063,DOUBLE_ANTITHETIC_CRN_MC,16,CONTEXT_CONDITIONAL_ONLY,A,,"{""-1"": -1, ""1"": 1}"
E2_CONTEXT_SIGN_FLIP,42063,DOUBLE_ANTITHETIC_CRN_MC,32,CONTEXT_CONDITIONAL_ONLY,A,,"{""-1"": -1, ""1"": 1}"
E2_CONTEXT_SIGN_FLIP,42063,DOUBLE_ANTITHETIC_CRN_MC,64,CONTEXT_CONDITIONAL_ONLY,A,,"{""-1"": -1, ""1"": 1}"
E2_CONTEXT_SIGN_FLIP,42063,DOUBLE_ANTITHETIC_CRN_MC,128,CONTEXT_CONDITIONAL_ONLY,A,,"{""-1"": -1, ""1"": 1}"
E2_CONTEXT_SIGN_FLIP,42063,DOUBLE_ANTITHETIC_CRN_MC,256,CONTEXT_CONDITIONAL_ONLY,A,,"{""-1"": -1, ""1"": 1}"
E2_CONTEXT_SIGN_FLIP,42063,LEGACY_INDEPENDENT_MC,8,CONTEXT_CONDITIONAL_ONLY,A,,"{""-1"": -1, ""1"": 1}"
E2_CONTEXT_SIGN_FLIP,42063,LEGACY_INDEPENDENT_MC,16,CONTEXT_CONDITIONAL_ONLY,A,,"{""-1"": -1, ""1"": 1}"
E2_CONTEXT_SIGN_FLIP,42063,LEGACY_INDEPENDENT_MC,32,CONTEXT_CONDITIONAL_ONLY,A,,"{""-1"": -1, ""1"": 1}"
E2_CONTEXT_SIGN_FLIP,42063,LEGACY_INDEPENDENT_MC,64,CONTEXT_CONDITIONAL_ONLY,A,,"{""-1"": -1, ""1"": 1}"
E2_CONTEXT_SIGN_FLIP,42063,LEGACY_INDEPENDENT_MC,128,CONTEXT_CONDITIONAL_ONLY,A,,"{""-1"": -1, ""1"": 1}"
E2_CONTEXT_SIGN_FLIP,42063,LEGACY_INDEPENDENT_MC,256,CONTEXT_CONDITIONAL_ONLY,A,,"{""-1"": -1, ""1"": 1}"
E2_CONTEXT_SIGN_FLIP,42064,ANTITHETIC_CRN_MC,8,CONTEXT_CONDITIONAL_ONLY,A,,"{""-1"": -1, ""1"": 1}"
E2_CONTEXT_SIGN_FLIP,42064,ANTITHETIC_CRN_MC,16,CONTEXT_CONDITIONAL_ONLY,A,,"{""-1"": -1, ""1"": 1}"
E2_CONTEXT_SIGN_FLIP,42064,ANTITHETIC_CRN_MC,32,CONTEXT_CONDITIONAL_ONLY,A,,"{""-1"": -1, ""1"": 1}"
E2_CONTEXT_SIGN_FLIP,42064,ANTITHETIC_CRN_MC,64,CONTEXT_CONDITIONAL_ONLY,A,,"{""-1"": -1, ""1"": 1}"
E2_CONTEXT_SIGN_FLIP,42064,ANTITHETIC_CRN_MC,128,CONTEXT_CONDITIONAL_ONLY,A,,"{""-1"": -1, ""1"": 1}"
E2_CONTEXT_SIGN_FLIP,42064,ANTITHETIC_CRN_MC,256,CONTEXT_CONDITIONAL_ONLY,A,,"{""-1"": -1, ""1"": 1}"
E2_CONTEXT_SIGN_FLIP,42064,CRN_CHAIN_MC,8,CONTEXT_CONDITIONAL_ONLY,A,,"{""-1"": -1, ""1"": 1}"
E2_CONTEXT_SIGN_FLIP,42064,CRN_CHAIN_MC,16,CONTEXT_CONDITIONAL_ONLY,A,,"{""-1"": -1, ""1"": 1}"
E2_CONTEXT_SIGN_FLIP,42064,CRN_CHAIN_MC,32,CONTEXT_CONDITIONAL_ONLY,A,,"{""-1"": -1, ""1"": 1}"
E2_CONTEXT_SIGN_FLIP,42064,CRN_CHAIN_MC,64,CONTEXT_CONDITIONAL_ONLY,A,,"{""-1"": -1, ""1"": 1}"
E2_CONTEXT_SIGN_FLIP,42064,CRN_CHAIN_MC,128,CONTEXT_CONDITIONAL_ONLY,A,,"{""-1"": -1, ""1"": 1}"
E2_CONTEXT_SIGN_FLIP,42064,CRN_CHAIN_MC,256,CONTEXT_CONDITIONAL_ONLY,A,,"{""-1"": -1, ""1"": 1}"
E2_CONTEXT_SIGN_FLIP,42064,DOUBLE_ANTITHETIC_CRN_MC,8,CONTEXT_CONDITIONAL_ONLY,A,,"{""-1"": -1, ""1"": 1}"
E2_CONTEXT_SIGN_FLIP,42064,DOUBLE_ANTITHETIC_CRN_MC,16,CONTEXT_CONDITIONAL_ONLY,A,,"{""-1"": -1, ""1"": 1}"
E2_CONTEXT_SIGN_FLIP,42064,DOUBLE_ANTITHETIC_CRN_MC,32,CONTEXT_CONDITIONAL_ONLY,A,,"{""-1"": -1, ""1"": 1}"
E2_CONTEXT_SIGN_FLIP,42064,DOUBLE_ANTITHETIC_CRN_MC,64,CONTEXT_CONDITIONAL_ONLY,A,,"{""-1"": -1, ""1"": 1}"
E2_CONTEXT_SIGN_FLIP,42064,DOUBLE_ANTITHETIC_CRN_MC,128,CONTEXT_CONDITIONAL_ONLY,A,,"{""-1"": -1, ""1"": 1}"
E2_CONTEXT_SIGN_FLIP,42064,DOUBLE_ANTITHETIC_CRN_MC,256,CONTEXT_CONDITIONAL_ONLY,A,,"{""-1"": -1, ""1"": 1}"
E2_CONTEXT_SIGN_FLIP,42064,LEGACY_INDEPENDENT_MC,8,CONTEXT_CONDITIONAL_ONLY,A,,"{""-1"": -1, ""1"": 1}"
E2_CONTEXT_SIGN_FLIP,42064,LEGACY_INDEPENDENT_MC,16,CONTEXT_CONDITIONAL_ONLY,A,,"{""-1"": -1, ""1"": 1}"
E2_CONTEXT_SIGN_FLIP,42064,LEGACY_INDEPENDENT_MC,32,CONTEXT_CONDITIONAL_ONLY,A,,"{""-1"": -1, ""1"": 1}"
E2_CONTEXT_SIGN_FLIP,42064,LEGACY_INDEPENDENT_MC,64,CONTEXT_CONDITIONAL_ONLY,A,,"{""-1"": -1, ""1"": 1}"
E2_CONTEXT_SIGN_FLIP,42064,LEGACY_INDEPENDENT_MC,128,CONTEXT_CONDITIONAL_ONLY,A,,"{""-1"": -1, ""1"": 1}"
E2_CONTEXT_SIGN_FLIP,42064,LEGACY_INDEPENDENT_MC,256,CONTEXT_CONDITIONAL_ONLY,A,,"{""-1"": -1, ""1"": 1}"
E2_CONTEXT_SIGN_FLIP,42065,ANTITHETIC_CRN_MC,8,CONTEXT_CONDITIONAL_ONLY,A,,"{""-1"": -1, ""1"": 1}"
E2_CONTEXT_SIGN_FLIP,42065,ANTITHETIC_CRN_MC,16,CONTEXT_CONDITIONAL_ONLY,A,,"{""-1"": -1, ""1"": 1}"
E2_CONTEXT_SIGN_FLIP,42065,ANTITHETIC_CRN_MC,32,CONTEXT_CONDITIONAL_ONLY,A,,"{""-1"": -1, ""1"": 1}"
E2_CONTEXT_SIGN_FLIP,42065,ANTITHETIC_CRN_MC,64,CONTEXT_CONDITIONAL_ONLY,A,,"{""-1"": -1, ""1"": 1}"
E2_CONTEXT_SIGN_FLIP,42065,ANTITHETIC_CRN_MC,128,CONTEXT_CONDITIONAL_ONLY,A,,"{""-1"": -1, ""1"": 1}"
E2_CONTEXT_SIGN_FLIP,42065,ANTITHETIC_CRN_MC,256,CONTEXT_CONDITIONAL_ONLY,A,,"{""-1"": -1, ""1"": 1}"
E2_CONTEXT_SIGN_FLIP,42065,CRN_CHAIN_MC,8,CONTEXT_CONDITIONAL_ONLY,A,,"{""-1"": -1, ""1"": 1}"
E2_CONTEXT_SIGN_FLIP,42065,CRN_CHAIN_MC,16,CONTEXT_CONDITIONAL_ONLY,A,,"{""-1"": -1, ""1"": 1}"
E2_CONTEXT_SIGN_FLIP,42065,CRN_CHAIN_MC,32,CONTEXT_CONDITIONAL_ONLY,A,,"{""-1"": -1, ""1"": 1}"
E2_CONTEXT_SIGN_FLIP,42065,CRN_CHAIN_MC,64,CONTEXT_CONDITIONAL_ONLY,A,,"{""-1"": -1, ""1"": 1}"
E2_CONTEXT_SIGN_FLIP,42065,CRN_CHAIN_MC,128,CONTEXT_CONDITIONAL_ONLY,A,,"{""-1"": -1, ""1"": 1}"
E2_CONTEXT_SIGN_FLIP,42065,CRN_CHAIN_MC,256,CONTEXT_CONDITIONAL_ONLY,A,,"{""-1"": -1, ""1"": 1}"
E2_CONTEXT_SIGN_FLIP,42065,DOUBLE_ANTITHETIC_CRN_MC,8,CONTEXT_CONDITIONAL_ONLY,A,,"{""-1"": -1, ""1"": 1}"
E2_CONTEXT_SIGN_FLIP,42065,DOUBLE_ANTITHETIC_CRN_MC,16,CONTEXT_CONDITIONAL_ONLY,A,,"{""-1"": -1, ""1"": 1}"
E2_CONTEXT_SIGN_FLIP,42065,DOUBLE_ANTITHETIC_CRN_MC,32,CONTEXT_CONDITIONAL_ONLY,A,,"{""-1"": -1, ""1"": 1}"
E2_CONTEXT_SIGN_FLIP,42065,DOUBLE_ANTITHETIC_CRN_MC,64,CONTEXT_CONDITIONAL_ONLY,A,,"{""-1"": -1, ""1"": 1}"
E2_CONTEXT_SIGN_FLIP,42065,DOUBLE_ANTITHETIC_CRN_MC,128,CONTEXT_CONDITIONAL_ONLY,A,,"{""-1"": -1, ""1"": 1}"
E2_CONTEXT_SIGN_FLIP,42065,DOUBLE_ANTITHETIC_CRN_MC,256,CONTEXT_CONDITIONAL_ONLY,A,,"{""-1"": -1, ""1"": 1}"
E2_CONTEXT_SIGN_FLIP,42065,LEGACY_INDEPENDENT_MC,8,CONTEXT_CONDITIONAL_ONLY,A,,"{""-1"": -1, ""1"": 1}"
E2_CONTEXT_SIGN_FLIP,42065,LEGACY_INDEPENDENT_MC,16,CONTEXT_CONDITIONAL_ONLY,A,,"{""-1"": -1, ""1"": 1}"
E2_CONTEXT_SIGN_FLIP,42065,LEGACY_INDEPENDENT_MC,32,CONTEXT_CONDITIONAL_ONLY,A,,"{""-1"": -1, ""1"": 1}"
E2_CONTEXT_SIGN_FLIP,42065,LEGACY_INDEPENDENT_MC,64,CONTEXT_CONDITIONAL_ONLY,A,,"{""-1"": -1, ""1"": 1}"
E2_CONTEXT_SIGN_FLIP,42065,LEGACY_INDEPENDENT_MC,128,CONTEXT_CONDITIONAL_ONLY,A,,"{""-1"": -1, ""1"": 1}"
E2_CONTEXT_SIGN_FLIP,42065,LEGACY_INDEPENDENT_MC,256,CONTEXT_CONDITIONAL_ONLY,A,,"{""-1"": -1, ""1"": 1}"
E2_CONTEXT_SIGN_FLIP,42066,ANTITHETIC_CRN_MC,8,CONTEXT_CONDITIONAL_ONLY,A,,"{""-1"": -1, ""1"": 1}"
E2_CONTEXT_SIGN_FLIP,42066,ANTITHETIC_CRN_MC,16,CONTEXT_CONDITIONAL_ONLY,A,,"{""-1"": -1, ""1"": 1}"
E2_CONTEXT_SIGN_FLIP,42066,ANTITHETIC_CRN_MC,32,CONTEXT_CONDITIONAL_ONLY,A,,"{""-1"": -1, ""1"": 1}"
E2_CONTEXT_SIGN_FLIP,42066,ANTITHETIC_CRN_MC,64,CONTEXT_CONDITIONAL_ONLY,A,,"{""-1"": -1, ""1"": 1}"
E2_CONTEXT_SIGN_FLIP,42066,ANTITHETIC_CRN_MC,128,CONTEXT_CONDITIONAL_ONLY,A,,"{""-1"": -1, ""1"": 1}"
E2_CONTEXT_SIGN_FLIP,42066,ANTITHETIC_CRN_MC,256,CONTEXT_CONDITIONAL_ONLY,A,,"{""-1"": -1, ""1"": 1}"
E2_CONTEXT_SIGN_FLIP,42066,CRN_CHAIN_MC,8,CONTEXT_CONDITIONAL_ONLY,A,,"{""-1"": -1, ""1"": 1}"
E2_CONTEXT_SIGN_FLIP,42066,CRN_CHAIN_MC,16,CONTEXT_CONDITIONAL_ONLY,A,,"{""-1"": -1, ""1"": 1}"
E2_CONTEXT_SIGN_FLIP,42066,CRN_CHAIN_MC,32,CONTEXT_CONDITIONAL_ONLY,A,,"{""-1"": -1, ""1"": 1}"
E2_CONTEXT_SIGN_FLIP,42066,CRN_CHAIN_MC,64,CONTEXT_CONDITIONAL_ONLY,A,,"{""-1"": -1, ""1"": 1}"
E2_CONTEXT_SIGN_FLIP,42066,CRN_CHAIN_MC,128,CONTEXT_CONDITIONAL_ONLY,A,,"{""-1"": -1, ""1"": 1}"
E2_CONTEXT_SIGN_FLIP,42066,CRN_CHAIN_MC,256,CONTEXT_CONDITIONAL_ONLY,A,,"{""-1"": -1, ""1"": 1}"
E2_CONTEXT_SIGN_FLIP,42066,DOUBLE_ANTITHETIC_CRN_MC,8,CONTEXT_CONDITIONAL_ONLY,A,,"{""-1"": -1, ""1"": 1}"
E2_CONTEXT_SIGN_FLIP,42066,DOUBLE_ANTITHETIC_CRN_MC,16,CONTEXT_CONDITIONAL_ONLY,A,,"{""-1"": -1, ""1"": 1}"
E2_CONTEXT_SIGN_FLIP,42066,DOUBLE_ANTITHETIC_CRN_MC,32,CONTEXT_CONDITIONAL_ONLY,A,,"{""-1"": -1, ""1"": 1}"
E2_CONTEXT_SIGN_FLIP,42066,DOUBLE_ANTITHETIC_CRN_MC,64,CONTEXT_CONDITIONAL_ONLY,A,,"{""-1"": -1, ""1"": 1}"
E2_CONTEXT_SIGN_FLIP,42066,DOUBLE_ANTITHETIC_CRN_MC,128,CONTEXT_CONDITIONAL_ONLY,A,,"{""-1"": -1, ""1"": 1}"
E2_CONTEXT_SIGN_FLIP,42066,DOUBLE_ANTITHETIC_CRN_MC,256,CONTEXT_CONDITIONAL_ONLY,A,,"{""-1"": -1, ""1"": 1}"
E2_CONTEXT_SIGN_FLIP,42066,LEGACY_INDEPENDENT_MC,8,CONTEXT_CONDITIONAL_ONLY,A,,"{""-1"": -1, ""1"": 1}"
E2_CONTEXT_SIGN_FLIP,42066,LEGACY_INDEPENDENT_MC,16,CONTEXT_CONDITIONAL_ONLY,A,,"{""-1"": -1, ""1"": 1}"
E2_CONTEXT_SIGN_FLIP,42066,LEGACY_INDEPENDENT_MC,32,CONTEXT_CONDITIONAL_ONLY,A,,"{""-1"": -1, ""1"": 1}"
E2_CONTEXT_SIGN_FLIP,42066,LEGACY_INDEPENDENT_MC,64,CONTEXT_CONDITIONAL_ONLY,A,,"{""-1"": -1, ""1"": 1}"
E2_CONTEXT_SIGN_FLIP,42066,LEGACY_INDEPENDENT_MC,128,CONTEXT_CONDITIONAL_ONLY,A,,"{""-1"": -1, ""1"": 1}"
E2_CONTEXT_SIGN_FLIP,42066,LEGACY_INDEPENDENT_MC,256,CONTEXT_CONDITIONAL_ONLY,A,,"{""-1"": -1, ""1"": 1}"
E2_CONTEXT_SIGN_FLIP,42067,ANTITHETIC_CRN_MC,8,CONTEXT_CONDITIONAL_ONLY,A,,"{""-1"": -1, ""1"": 1}"
E2_CONTEXT_SIGN_FLIP,42067,ANTITHETIC_CRN_MC,16,CONTEXT_CONDITIONAL_ONLY,A,,"{""-1"": -1, ""1"": 1}"
E2_CONTEXT_SIGN_FLIP,42067,ANTITHETIC_CRN_MC,32,CONTEXT_CONDITIONAL_ONLY,A,,"{""-1"": -1, ""1"": 1}"
E2_CONTEXT_SIGN_FLIP,42067,ANTITHETIC_CRN_MC,64,CONTEXT_CONDITIONAL_ONLY,A,,"{""-1"": -1, ""1"": 1}"
E2_CONTEXT_SIGN_FLIP,42067,ANTITHETIC_CRN_MC,128,CONTEXT_CONDITIONAL_ONLY,A,,"{""-1"": -1, ""1"": 1}"
E2_CONTEXT_SIGN_FLIP,42067,ANTITHETIC_CRN_MC,256,CONTEXT_CONDITIONAL_ONLY,A,,"{""-1"": -1, ""1"": 1}"
E2_CONTEXT_SIGN_FLIP,42067,CRN_CHAIN_MC,8,CONTEXT_CONDITIONAL_ONLY,A,,"{""-1"": -1, ""1"": 1}"
E2_CONTEXT_SIGN_FLIP,42067,CRN_CHAIN_MC,16,CONTEXT_CONDITIONAL_ONLY,A,,"{""-1"": -1, ""1"": 1}"
E2_CONTEXT_SIGN_FLIP,42067,CRN_CHAIN_MC,32,CONTEXT_CONDITIONAL_ONLY,A,,"{""-1"": -1, ""1"": 1}"
E2_CONTEXT_SIGN_FLIP,42067,CRN_CHAIN_MC,64,CONTEXT_CONDITIONAL_ONLY,A,,"{""-1"": -1, ""1"": 1}"
E2_CONTEXT_SIGN_FLIP,42067,CRN_CHAIN_MC,128,CONTEXT_CONDITIONAL_ONLY,A,,"{""-1"": -1, ""1"": 1}"
E2_CONTEXT_SIGN_FLIP,42067,CRN_CHAIN_MC,256,CONTEXT_CONDITIONAL_ONLY,A,,"{""-1"": -1, ""1"": 1}"
E2_CONTEXT_SIGN_FLIP,42067,DOUBLE_ANTITHETIC_CRN_MC,8,CONTEXT_CONDITIONAL_ONLY,A,,"{""-1"": -1, ""1"": 1}"
E2_CONTEXT_SIGN_FLIP,42067,DOUBLE_ANTITHETIC_CRN_MC,16,CONTEXT_CONDITIONAL_ONLY,A,,"{""-1"": -1, ""1"": 1}"
E2_CONTEXT_SIGN_FLIP,42067,DOUBLE_ANTITHETIC_CRN_MC,32,CONTEXT_CONDITIONAL_ONLY,A,,"{""-1"": -1, ""1"": 1}"
E2_CONTEXT_SIGN_FLIP,42067,DOUBLE_ANTITHETIC_CRN_MC,64,CONTEXT_CONDITIONAL_ONLY,A,,"{""-1"": -1, ""1"": 1}"
E2_CONTEXT_SIGN_FLIP,42067,DOUBLE_ANTITHETIC_CRN_MC,128,CONTEXT_CONDITIONAL_ONLY,A,,"{""-1"": -1, ""1"": 1}"
E2_CONTEXT_SIGN_FLIP,42067,DOUBLE_ANTITHETIC_CRN_MC,256,CONTEXT_CONDITIONAL_ONLY,A,,"{""-1"": -1, ""1"": 1}"
E2_CONTEXT_SIGN_FLIP,42067,LEGACY_INDEPENDENT_MC,8,CONTEXT_CONDITIONAL_ONLY,A,,"{""-1"": -1, ""1"": 1}"
E2_CONTEXT_SIGN_FLIP,42067,LEGACY_INDEPENDENT_MC,16,CONTEXT_CONDITIONAL_ONLY,A,,"{""-1"": -1, ""1"": 1}"
E2_CONTEXT_SIGN_FLIP,42067,LEGACY_INDEPENDENT_MC,32,CONTEXT_CONDITIONAL_ONLY,A,,"{""-1"": -1, ""1"": 1}"
E2_CONTEXT_SIGN_FLIP,42067,LEGACY_INDEPENDENT_MC,64,CONTEXT_CONDITIONAL_ONLY,A,,"{""-1"": -1, ""1"": 1}"
E2_CONTEXT_SIGN_FLIP,42067,LEGACY_INDEPENDENT_MC,128,CONTEXT_CONDITIONAL_ONLY,A,,"{""-1"": -1, ""1"": 1}"
E2_CONTEXT_SIGN_FLIP,42067,LEGACY_INDEPENDENT_MC,256,CONTEXT_CONDITIONAL_ONLY,A,,"{""-1"": -1, ""1"": 1}"
E2_CONTEXT_SIGN_FLIP,42068,ANTITHETIC_CRN_MC,8,CONTEXT_CONDITIONAL_ONLY,A,,"{""-1"": -1, ""1"": 1}"
E2_CONTEXT_SIGN_FLIP,42068,ANTITHETIC_CRN_MC,16,CONTEXT_CONDITIONAL_ONLY,A,,"{""-1"": -1, ""1"": 1}"
E2_CONTEXT_SIGN_FLIP,42068,ANTITHETIC_CRN_MC,32,CONTEXT_CONDITIONAL_ONLY,A,,"{""-1"": -1, ""1"": 1}"
E2_CONTEXT_SIGN_FLIP,42068,ANTITHETIC_CRN_MC,64,CONTEXT_CONDITIONAL_ONLY,A,,"{""-1"": -1, ""1"": 1}"
E2_CONTEXT_SIGN_FLIP,42068,ANTITHETIC_CRN_MC,128,CONTEXT_CONDITIONAL_ONLY,A,,"{""-1"": -1, ""1"": 1}"
E2_CONTEXT_SIGN_FLIP,42068,ANTITHETIC_CRN_MC,256,CONTEXT_CONDITIONAL_ONLY,A,,"{""-1"": -1, ""1"": 1}"
E2_CONTEXT_SIGN_FLIP,42068,CRN_CHAIN_MC,8,CONTEXT_CONDITIONAL_ONLY,A,,"{""-1"": -1, ""1"": 1}"
E2_CONTEXT_SIGN_FLIP,42068,CRN_CHAIN_MC,16,CONTEXT_CONDITIONAL_ONLY,A,,"{""-1"": -1, ""1"": 1}"
E2_CONTEXT_SIGN_FLIP,42068,CRN_CHAIN_MC,32,CONTEXT_CONDITIONAL_ONLY,A,,"{""-1"": -1, ""1"": 1}"
E2_CONTEXT_SIGN_FLIP,42068,CRN_CHAIN_MC,64,CONTEXT_CONDITIONAL_ONLY,A,,"{""-1"": -1, ""1"": 1}"
E2_CONTEXT_SIGN_FLIP,42068,CRN_CHAIN_MC,128,CONTEXT_CONDITIONAL_ONLY,A,,"{""-1"": -1, ""1"": 1}"
E2_CONTEXT_SIGN_FLIP,42068,CRN_CHAIN_MC,256,CONTEXT_CONDITIONAL_ONLY,A,,"{""-1"": -1, ""1"": 1}"
E2_CONTEXT_SIGN_FLIP,42068,DOUBLE_ANTITHETIC_CRN_MC,8,CONTEXT_CONDITIONAL_ONLY,A,,"{""-1"": -1, ""1"": 1}"
E2_CONTEXT_SIGN_FLIP,42068,DOUBLE_ANTITHETIC_CRN_MC,16,CONTEXT_CONDITIONAL_ONLY,A,,"{""-1"": -1, ""1"": 1}"
E2_CONTEXT_SIGN_FLIP,42068,DOUBLE_ANTITHETIC_CRN_MC,32,CONTEXT_CONDITIONAL_ONLY,A,,"{""-1"": -1, ""1"": 1}"
E2_CONTEXT_SIGN_FLIP,42068,DOUBLE_ANTITHETIC_CRN_MC,64,CONTEXT_CONDITIONAL_ONLY,A,,"{""-1"": -1, ""1"": 1}"
E2_CONTEXT_SIGN_FLIP,42068,DOUBLE_ANTITHETIC_CRN_MC,128,CONTEXT_CONDITIONAL_ONLY,A,,"{""-1"": -1, ""1"": 1}"
E2_CONTEXT_SIGN_FLIP,42068,DOUBLE_ANTITHETIC_CRN_MC,256,CONTEXT_CONDITIONAL_ONLY,A,,"{""-1"": -1, ""1"": 1}"
E2_CONTEXT_SIGN_FLIP,42068,LEGACY_INDEPENDENT_MC,8,CONTEXT_CONDITIONAL_ONLY,A,,"{""-1"": -1, ""1"": 1}"
E2_CONTEXT_SIGN_FLIP,42068,LEGACY_INDEPENDENT_MC,16,CONTEXT_CONDITIONAL_ONLY,A,,"{""-1"": -1, ""1"": 1}"
E2_CONTEXT_SIGN_FLIP,42068,LEGACY_INDEPENDENT_MC,32,CONTEXT_CONDITIONAL_ONLY,A,,"{""-1"": -1, ""1"": 1}"
E2_CONTEXT_SIGN_FLIP,42068,LEGACY_INDEPENDENT_MC,64,CONTEXT_CONDITIONAL_ONLY,A,,"{""-1"": -1, ""1"": 1}"
E2_CONTEXT_SIGN_FLIP,42068,LEGACY_INDEPENDENT_MC,128,CONTEXT_CONDITIONAL_ONLY,A,,"{""-1"": -1, ""1"": 1}"
E2_CONTEXT_SIGN_FLIP,42068,LEGACY_INDEPENDENT_MC,256,CONTEXT_CONDITIONAL_ONLY,A,,"{""-1"": -1, ""1"": 1}"
E2_CONTEXT_SIGN_FLIP,42069,ANTITHETIC_CRN_MC,8,CONTEXT_CONDITIONAL_ONLY,A,,"{""-1"": -1, ""1"": 1}"
E2_CONTEXT_SIGN_FLIP,42069,ANTITHETIC_CRN_MC,16,CONTEXT_CONDITIONAL_ONLY,A,,"{""-1"": -1, ""1"": 1}"
E2_CONTEXT_SIGN_FLIP,42069,ANTITHETIC_CRN_MC,32,CONTEXT_CONDITIONAL_ONLY,A,,"{""-1"": -1, ""1"": 1}"
E2_CONTEXT_SIGN_FLIP,42069,ANTITHETIC_CRN_MC,64,CONTEXT_CONDITIONAL_ONLY,A,,"{""-1"": -1, ""1"": 1}"
E2_CONTEXT_SIGN_FLIP,42069,ANTITHETIC_CRN_MC,128,CONTEXT_CONDITIONAL_ONLY,A,,"{""-1"": -1, ""1"": 1}"
E2_CONTEXT_SIGN_FLIP,42069,ANTITHETIC_CRN_MC,256,CONTEXT_CONDITIONAL_ONLY,A,,"{""-1"": -1, ""1"": 1}"
E2_CONTEXT_SIGN_FLIP,42069,CRN_CHAIN_MC,8,CONTEXT_CONDITIONAL_ONLY,A,,"{""-1"": -1, ""1"": 1}"
E2_CONTEXT_SIGN_FLIP,42069,CRN_CHAIN_MC,16,CONTEXT_CONDITIONAL_ONLY,A,,"{""-1"": -1, ""1"": 1}"
E2_CONTEXT_SIGN_FLIP,42069,CRN_CHAIN_MC,32,CONTEXT_CONDITIONAL_ONLY,A,,"{""-1"": -1, ""1"": 1}"
E2_CONTEXT_SIGN_FLIP,42069,CRN_CHAIN_MC,64,CONTEXT_CONDITIONAL_ONLY,A,,"{""-1"": -1, ""1"": 1}"
E2_CONTEXT_SIGN_FLIP,42069,CRN_CHAIN_MC,128,CONTEXT_CONDITIONAL_ONLY,A,,"{""-1"": -1, ""1"": 1}"
E2_CONTEXT_SIGN_FLIP,42069,CRN_CHAIN_MC,256,CONTEXT_CONDITIONAL_ONLY,A,,"{""-1"": -1, ""1"": 1}"
E2_CONTEXT_SIGN_FLIP,42069,DOUBLE_ANTITHETIC_CRN_MC,8,CONTEXT_CONDITIONAL_ONLY,A,,"{""-1"": -1, ""1"": 1}"
E2_CONTEXT_SIGN_FLIP,42069,DOUBLE_ANTITHETIC_CRN_MC,16,CONTEXT_CONDITIONAL_ONLY,A,,"{""-1"": -1, ""1"": 1}"
E2_CONTEXT_SIGN_FLIP,42069,DOUBLE_ANTITHETIC_CRN_MC,32,CONTEXT_CONDITIONAL_ONLY,A,,"{""-1"": -1, ""1"": 1}"
E2_CONTEXT_SIGN_FLIP,42069,DOUBLE_ANTITHETIC_CRN_MC,64,CONTEXT_CONDITIONAL_ONLY,A,,"{""-1"": -1, ""1"": 1}"
E2_CONTEXT_SIGN_FLIP,42069,DOUBLE_ANTITHETIC_CRN_MC,128,CONTEXT_CONDITIONAL_ONLY,A,,"{""-1"": -1, ""1"": 1}"
E2_CONTEXT_SIGN_FLIP,42069,DOUBLE_ANTITHETIC_CRN_MC,256,CONTEXT_CONDITIONAL_ONLY,A,,"{""-1"": -1, ""1"": 1}"
E2_CONTEXT_SIGN_FLIP,42069,LEGACY_INDEPENDENT_MC,8,CONTEXT_CONDITIONAL_ONLY,A,,"{""-1"": -1, ""1"": 1}"
E2_CONTEXT_SIGN_FLIP,42069,LEGACY_INDEPENDENT_MC,16,CONTEXT_CONDITIONAL_ONLY,A,,"{""-1"": -1, ""1"": 1}"
E2_CONTEXT_SIGN_FLIP,42069,LEGACY_INDEPENDENT_MC,32,CONTEXT_CONDITIONAL_ONLY,A,,"{""-1"": -1, ""1"": 1}"
E2_CONTEXT_SIGN_FLIP,42069,LEGACY_INDEPENDENT_MC,64,CONTEXT_CONDITIONAL_ONLY,A,,"{""-1"": -1, ""1"": 1}"
E2_CONTEXT_SIGN_FLIP,42069,LEGACY_INDEPENDENT_MC,128,CONTEXT_CONDITIONAL_ONLY,A,,"{""-1"": -1, ""1"": 1}"
E2_CONTEXT_SIGN_FLIP,42069,LEGACY_INDEPENDENT_MC,256,CONTEXT_CONDITIONAL_ONLY,A,,"{""-1"": -1, ""1"": 1}"
E2_CONTEXT_SIGN_FLIP,42070,ANTITHETIC_CRN_MC,8,CONTEXT_CONDITIONAL_ONLY,A,,"{""-1"": -1, ""1"": 1}"
E2_CONTEXT_SIGN_FLIP,42070,ANTITHETIC_CRN_MC,16,CONTEXT_CONDITIONAL_ONLY,A,,"{""-1"": -1, ""1"": 1}"
E2_CONTEXT_SIGN_FLIP,42070,ANTITHETIC_CRN_MC,32,CONTEXT_CONDITIONAL_ONLY,A,,"{""-1"": -1, ""1"": 1}"
E2_CONTEXT_SIGN_FLIP,42070,ANTITHETIC_CRN_MC,64,CONTEXT_CONDITIONAL_ONLY,A,,"{""-1"": -1, ""1"": 1}"
E2_CONTEXT_SIGN_FLIP,42070,ANTITHETIC_CRN_MC,128,CONTEXT_CONDITIONAL_ONLY,A,,"{""-1"": -1, ""1"": 1}"
E2_CONTEXT_SIGN_FLIP,42070,ANTITHETIC_CRN_MC,256,CONTEXT_CONDITIONAL_ONLY,A,,"{""-1"": -1, ""1"": 1}"
E2_CONTEXT_SIGN_FLIP,42070,CRN_CHAIN_MC,8,CONTEXT_CONDITIONAL_ONLY,A,,"{""-1"": -1, ""1"": 1}"
E2_CONTEXT_SIGN_FLIP,42070,CRN_CHAIN_MC,16,CONTEXT_CONDITIONAL_ONLY,A,,"{""-1"": -1, ""1"": 1}"
E2_CONTEXT_SIGN_FLIP,42070,CRN_CHAIN_MC,32,CONTEXT_CONDITIONAL_ONLY,A,,"{""-1"": -1, ""1"": 1}"
E2_CONTEXT_SIGN_FLIP,42070,CRN_CHAIN_MC,64,CONTEXT_CONDITIONAL_ONLY,A,,"{""-1"": -1, ""1"": 1}"
E2_CONTEXT_SIGN_FLIP,42070,CRN_CHAIN_MC,128,CONTEXT_CONDITIONAL_ONLY,A,,"{""-1"": -1, ""1"": 1}"
E2_CONTEXT_SIGN_FLIP,42070,CRN_CHAIN_MC,256,CONTEXT_CONDITIONAL_ONLY,A,,"{""-1"": -1, ""1"": 1}"
E2_CONTEXT_SIGN_FLIP,42070,DOUBLE_ANTITHETIC_CRN_MC,8,CONTEXT_CONDITIONAL_ONLY,A,,"{""-1"": -1, ""1"": 1}"
E2_CONTEXT_SIGN_FLIP,42070,DOUBLE_ANTITHETIC_CRN_MC,16,CONTEXT_CONDITIONAL_ONLY,A,,"{""-1"": -1, ""1"": 1}"
E2_CONTEXT_SIGN_FLIP,42070,DOUBLE_ANTITHETIC_CRN_MC,32,CONTEXT_CONDITIONAL_ONLY,A,,"{""-1"": -1, ""1"": 1}"
E2_CONTEXT_SIGN_FLIP,42070,DOUBLE_ANTITHETIC_CRN_MC,64,CONTEXT_CONDITIONAL_ONLY,A,,"{""-1"": -1, ""1"": 1}"
E2_CONTEXT_SIGN_FLIP,42070,DOUBLE_ANTITHETIC_CRN_MC,128,CONTEXT_CONDITIONAL_ONLY,A,,"{""-1"": -1, ""1"": 1}"
E2_CONTEXT_SIGN_FLIP,42070,DOUBLE_ANTITHETIC_CRN_MC,256,CONTEXT_CONDITIONAL_ONLY,A,,"{""-1"": -1, ""1"": 1}"
E2_CONTEXT_SIGN_FLIP,42070,LEGACY_INDEPENDENT_MC,8,CONTEXT_CONDITIONAL_ONLY,A,,"{""-1"": -1, ""1"": 1}"
E2_CONTEXT_SIGN_FLIP,42070,LEGACY_INDEPENDENT_MC,16,CONTEXT_CONDITIONAL_ONLY,A,,"{""-1"": -1, ""1"": 1}"
E2_CONTEXT_SIGN_FLIP,42070,LEGACY_INDEPENDENT_MC,32,CONTEXT_CONDITIONAL_ONLY,A,,"{""-1"": -1, ""1"": 1}"
E2_CONTEXT_SIGN_FLIP,42070,LEGACY_INDEPENDENT_MC,64,CONTEXT_CONDITIONAL_ONLY,A,,"{""-1"": -1, ""1"": 1}"
E2_CONTEXT_SIGN_FLIP,42070,LEGACY_INDEPENDENT_MC,128,CONTEXT_CONDITIONAL_ONLY,A,,"{""-1"": -1, ""1"": 1}"
E2_CONTEXT_SIGN_FLIP,42070,LEGACY_INDEPENDENT_MC,256,CONTEXT_CONDITIONAL_ONLY,A,,"{""-1"": -1, ""1"": 1}"
E2_CONTEXT_SIGN_FLIP,42071,ANTITHETIC_CRN_MC,8,CONTEXT_CONDITIONAL_ONLY,A,,"{""-1"": -1, ""1"": 1}"
E2_CONTEXT_SIGN_FLIP,42071,ANTITHETIC_CRN_MC,16,CONTEXT_CONDITIONAL_ONLY,A,,"{""-1"": -1, ""1"": 1}"
E2_CONTEXT_SIGN_FLIP,42071,ANTITHETIC_CRN_MC,32,CONTEXT_CONDITIONAL_ONLY,A,,"{""-1"": -1, ""1"": 1}"
E2_CONTEXT_SIGN_FLIP,42071,ANTITHETIC_CRN_MC,64,CONTEXT_CONDITIONAL_ONLY,A,,"{""-1"": -1, ""1"": 1}"
E2_CONTEXT_SIGN_FLIP,42071,ANTITHETIC_CRN_MC,128,CONTEXT_CONDITIONAL_ONLY,A,,"{""-1"": -1, ""1"": 1}"
E2_CONTEXT_SIGN_FLIP,42071,ANTITHETIC_CRN_MC,256,CONTEXT_CONDITIONAL_ONLY,A,,"{""-1"": -1, ""1"": 1}"
E2_CONTEXT_SIGN_FLIP,42071,CRN_CHAIN_MC,8,CONTEXT_CONDITIONAL_ONLY,A,,"{""-1"": -1, ""1"": 1}"
E2_CONTEXT_SIGN_FLIP,42071,CRN_CHAIN_MC,16,CONTEXT_CONDITIONAL_ONLY,A,,"{""-1"": -1, ""1"": 1}"
E2_CONTEXT_SIGN_FLIP,42071,CRN_CHAIN_MC,32,CONTEXT_CONDITIONAL_ONLY,A,,"{""-1"": -1, ""1"": 1}"
E2_CONTEXT_SIGN_FLIP,42071,CRN_CHAIN_MC,64,CONTEXT_CONDITIONAL_ONLY,A,,"{""-1"": -1, ""1"": 1}"
E2_CONTEXT_SIGN_FLIP,42071,CRN_CHAIN_MC,128,CONTEXT_CONDITIONAL_ONLY,A,,"{""-1"": -1, ""1"": 1}"
E2_CONTEXT_SIGN_FLIP,42071,CRN_CHAIN_MC,256,CONTEXT_CONDITIONAL_ONLY,A,,"{""-1"": -1, ""1"": 1}"
E2_CONTEXT_SIGN_FLIP,42071,DOUBLE_ANTITHETIC_CRN_MC,8,CONTEXT_CONDITIONAL_ONLY,A,,"{""-1"": -1, ""1"": 1}"
E2_CONTEXT_SIGN_FLIP,42071,DOUBLE_ANTITHETIC_CRN_MC,16,CONTEXT_CONDITIONAL_ONLY,A,,"{""-1"": -1, ""1"": 1}"
E2_CONTEXT_SIGN_FLIP,42071,DOUBLE_ANTITHETIC_CRN_MC,32,CONTEXT_CONDITIONAL_ONLY,A,,"{""-1"": -1, ""1"": 1}"
E2_CONTEXT_SIGN_FLIP,42071,DOUBLE_ANTITHETIC_CRN_MC,64,CONTEXT_CONDITIONAL_ONLY,A,,"{""-1"": -1, ""1"": 1}"
E2_CONTEXT_SIGN_FLIP,42071,DOUBLE_ANTITHETIC_CRN_MC,128,CONTEXT_CONDITIONAL_ONLY,A,,"{""-1"": -1, ""1"": 1}"
E2_CONTEXT_SIGN_FLIP,42071,DOUBLE_ANTITHETIC_CRN_MC,256,CONTEXT_CONDITIONAL_ONLY,A,,"{""-1"": -1, ""1"": 1}"
E2_CONTEXT_SIGN_FLIP,42071,LEGACY_INDEPENDENT_MC,8,CONTEXT_CONDITIONAL_ONLY,A,,"{""-1"": -1, ""1"": 1}"
E2_CONTEXT_SIGN_FLIP,42071,LEGACY_INDEPENDENT_MC,16,CONTEXT_CONDITIONAL_ONLY,A,,"{""-1"": -1, ""1"": 1}"
E2_CONTEXT_SIGN_FLIP,42071,LEGACY_INDEPENDENT_MC,32,CONTEXT_CONDITIONAL_ONLY,A,,"{""-1"": -1, ""1"": 1}"
E2_CONTEXT_SIGN_FLIP,42071,LEGACY_INDEPENDENT_MC,64,CONTEXT_CONDITIONAL_ONLY,A,,"{""-1"": -1, ""1"": 1}"
E2_CONTEXT_SIGN_FLIP,42071,LEGACY_INDEPENDENT_MC,128,CONTEXT_CONDITIONAL_ONLY,A,,"{""-1"": -1, ""1"": 1}"
E2_CONTEXT_SIGN_FLIP,42071,LEGACY_INDEPENDENT_MC,256,CONTEXT_CONDITIONAL_ONLY,A,,"{""-1"": -1, ""1"": 1}"
E2_CONTEXT_SIGN_FLIP,42072,ANTITHETIC_CRN_MC,8,CONTEXT_CONDITIONAL_ONLY,A,,"{""-1"": -1, ""1"": 1}"
E2_CONTEXT_SIGN_FLIP,42072,ANTITHETIC_CRN_MC,16,CONTEXT_CONDITIONAL_ONLY,A,,"{""-1"": -1, ""1"": 1}"
E2_CONTEXT_SIGN_FLIP,42072,ANTITHETIC_CRN_MC,32,CONTEXT_CONDITIONAL_ONLY,A,,"{""-1"": -1, ""1"": 1}"
E2_CONTEXT_SIGN_FLIP,42072,ANTITHETIC_CRN_MC,64,CONTEXT_CONDITIONAL_ONLY,A,,"{""-1"": -1, ""1"": 1}"
E2_CONTEXT_SIGN_FLIP,42072,ANTITHETIC_CRN_MC,128,CONTEXT_CONDITIONAL_ONLY,A,,"{""-1"": -1, ""1"": 1}"
E2_CONTEXT_SIGN_FLIP,42072,ANTITHETIC_CRN_MC,256,CONTEXT_CONDITIONAL_ONLY,A,,"{""-1"": -1, ""1"": 1}"
E2_CONTEXT_SIGN_FLIP,42072,CRN_CHAIN_MC,8,CONTEXT_CONDITIONAL_ONLY,A,,"{""-1"": -1, ""1"": 1}"
E2_CONTEXT_SIGN_FLIP,42072,CRN_CHAIN_MC,16,CONTEXT_CONDITIONAL_ONLY,A,,"{""-1"": -1, ""1"": 1}"
E2_CONTEXT_SIGN_FLIP,42072,CRN_CHAIN_MC,32,CONTEXT_CONDITIONAL_ONLY,A,,"{""-1"": -1, ""1"": 1}"
E2_CONTEXT_SIGN_FLIP,42072,CRN_CHAIN_MC,64,CONTEXT_CONDITIONAL_ONLY,A,,"{""-1"": -1, ""1"": 1}"
E2_CONTEXT_SIGN_FLIP,42072,CRN_CHAIN_MC,128,CONTEXT_CONDITIONAL_ONLY,A,,"{""-1"": -1, ""1"": 1}"
E2_CONTEXT_SIGN_FLIP,42072,CRN_CHAIN_MC,256,CONTEXT_CONDITIONAL_ONLY,A,,"{""-1"": -1, ""1"": 1}"
E2_CONTEXT_SIGN_FLIP,42072,DOUBLE_ANTITHETIC_CRN_MC,8,CONTEXT_CONDITIONAL_ONLY,A,,"{""-1"": -1, ""1"": 1}"
E2_CONTEXT_SIGN_FLIP,42072,DOUBLE_ANTITHETIC_CRN_MC,16,CONTEXT_CONDITIONAL_ONLY,A,,"{""-1"": -1, ""1"": 1}"
E2_CONTEXT_SIGN_FLIP,42072,DOUBLE_ANTITHETIC_CRN_MC,32,CONTEXT_CONDITIONAL_ONLY,A,,"{""-1"": -1, ""1"": 1}"
E2_CONTEXT_SIGN_FLIP,42072,DOUBLE_ANTITHETIC_CRN_MC,64,CONTEXT_CONDITIONAL_ONLY,A,,"{""-1"": -1, ""1"": 1}"
E2_CONTEXT_SIGN_FLIP,42072,DOUBLE_ANTITHETIC_CRN_MC,128,CONTEXT_CONDITIONAL_ONLY,A,,"{""-1"": -1, ""1"": 1}"
E2_CONTEXT_SIGN_FLIP,42072,DOUBLE_ANTITHETIC_CRN_MC,256,CONTEXT_CONDITIONAL_ONLY,A,,"{""-1"": -1, ""1"": 1}"
E2_CONTEXT_SIGN_FLIP,42072,LEGACY_INDEPENDENT_MC,8,CONTEXT_CONDITIONAL_ONLY,A,,"{""-1"": -1, ""1"": 1}"
E2_CONTEXT_SIGN_FLIP,42072,LEGACY_INDEPENDENT_MC,16,CONTEXT_CONDITIONAL_ONLY,A,,"{""-1"": -1, ""1"": 1}"
E2_CONTEXT_SIGN_FLIP,42072,LEGACY_INDEPENDENT_MC,32,CONTEXT_CONDITIONAL_ONLY,A,,"{""-1"": -1, ""1"": 1}"
E2_CONTEXT_SIGN_FLIP,42072,LEGACY_INDEPENDENT_MC,64,CONTEXT_CONDITIONAL_ONLY,A,,"{""-1"": -1, ""1"": 1}"
E2_CONTEXT_SIGN_FLIP,42072,LEGACY_INDEPENDENT_MC,128,CONTEXT_CONDITIONAL_ONLY,A,,"{""-1"": -1, ""1"": 1}"
E2_CONTEXT_SIGN_FLIP,42072,LEGACY_INDEPENDENT_MC,256,CONTEXT_CONDITIONAL_ONLY,A,,"{""-1"": -1, ""1"": 1}"
E2_CONTEXT_SIGN_FLIP,42073,ANTITHETIC_CRN_MC,8,CONTEXT_CONDITIONAL_ONLY,A,,"{""-1"": -1, ""1"": 1}"
E2_CONTEXT_SIGN_FLIP,42073,ANTITHETIC_CRN_MC,16,CONTEXT_CONDITIONAL_ONLY,A,,"{""-1"": -1, ""1"": 1}"
E2_CONTEXT_SIGN_FLIP,42073,ANTITHETIC_CRN_MC,32,CONTEXT_CONDITIONAL_ONLY,A,,"{""-1"": -1, ""1"": 1}"
E2_CONTEXT_SIGN_FLIP,42073,ANTITHETIC_CRN_MC,64,CONTEXT_CONDITIONAL_ONLY,A,,"{""-1"": -1, ""1"": 1}"
E2_CONTEXT_SIGN_FLIP,42073,ANTITHETIC_CRN_MC,128,CONTEXT_CONDITIONAL_ONLY,A,,"{""-1"": -1, ""1"": 1}"
E2_CONTEXT_SIGN_FLIP,42073,ANTITHETIC_CRN_MC,256,CONTEXT_CONDITIONAL_ONLY,A,,"{""-1"": -1, ""1"": 1}"
E2_CONTEXT_SIGN_FLIP,42073,CRN_CHAIN_MC,8,CONTEXT_CONDITIONAL_ONLY,A,,"{""-1"": -1, ""1"": 1}"
E2_CONTEXT_SIGN_FLIP,42073,CRN_CHAIN_MC,16,CONTEXT_CONDITIONAL_ONLY,A,,"{""-1"": -1, ""1"": 1}"
E2_CONTEXT_SIGN_FLIP,42073,CRN_CHAIN_MC,32,CONTEXT_CONDITIONAL_ONLY,A,,"{""-1"": -1, ""1"": 1}"
E2_CONTEXT_SIGN_FLIP,42073,CRN_CHAIN_MC,64,CONTEXT_CONDITIONAL_ONLY,A,,"{""-1"": -1, ""1"": 1}"
E2_CONTEXT_SIGN_FLIP,42073,CRN_CHAIN_MC,128,CONTEXT_CONDITIONAL_ONLY,A,,"{""-1"": -1, ""1"": 1}"
E2_CONTEXT_SIGN_FLIP,42073,CRN_CHAIN_MC,256,CONTEXT_CONDITIONAL_ONLY,A,,"{""-1"": -1, ""1"": 1}"
E2_CONTEXT_SIGN_FLIP,42073,DOUBLE_ANTITHETIC_CRN_MC,8,CONTEXT_CONDITIONAL_ONLY,A,,"{""-1"": -1, ""1"": 1}"
E2_CONTEXT_SIGN_FLIP,42073,DOUBLE_ANTITHETIC_CRN_MC,16,CONTEXT_CONDITIONAL_ONLY,A,,"{""-1"": -1, ""1"": 1}"
E2_CONTEXT_SIGN_FLIP,42073,DOUBLE_ANTITHETIC_CRN_MC,32,CONTEXT_CONDITIONAL_ONLY,A,,"{""-1"": -1, ""1"": 1}"
E2_CONTEXT_SIGN_FLIP,42073,DOUBLE_ANTITHETIC_CRN_MC,64,CONTEXT_CONDITIONAL_ONLY,A,,"{""-1"": -1, ""1"": 1}"
E2_CONTEXT_SIGN_FLIP,42073,DOUBLE_ANTITHETIC_CRN_MC,128,CONTEXT_CONDITIONAL_ONLY,A,,"{""-1"": -1, ""1"": 1}"
E2_CONTEXT_SIGN_FLIP,42073,DOUBLE_ANTITHETIC_CRN_MC,256,CONTEXT_CONDITIONAL_ONLY,A,,"{""-1"": -1, ""1"": 1}"
E2_CONTEXT_SIGN_FLIP,42073,LEGACY_INDEPENDENT_MC,8,CONTEXT_CONDITIONAL_ONLY,A,,"{""-1"": -1, ""1"": 1}"
E2_CONTEXT_SIGN_FLIP,42073,LEGACY_INDEPENDENT_MC,16,CONTEXT_CONDITIONAL_ONLY,A,,"{""-1"": -1, ""1"": 1}"
E2_CONTEXT_SIGN_FLIP,42073,LEGACY_INDEPENDENT_MC,32,CONTEXT_CONDITIONAL_ONLY,A,,"{""-1"": -1, ""1"": 1}"
E2_CONTEXT_SIGN_FLIP,42073,LEGACY_INDEPENDENT_MC,64,CONTEXT_CONDITIONAL_ONLY,A,,"{""-1"": -1, ""1"": 1}"
E2_CONTEXT_SIGN_FLIP,42073,LEGACY_INDEPENDENT_MC,128,CONTEXT_CONDITIONAL_ONLY,A,,"{""-1"": -1, ""1"": 1}"
E2_CONTEXT_SIGN_FLIP,42073,LEGACY_INDEPENDENT_MC,256,CONTEXT_CONDITIONAL_ONLY,A,,"{""-1"": -1, ""1"": 1}"
E2_CONTEXT_SIGN_FLIP,42074,ANTITHETIC_CRN_MC,8,CONTEXT_CONDITIONAL_ONLY,A,,"{""-1"": -1, ""1"": 1}"
E2_CONTEXT_SIGN_FLIP,42074,ANTITHETIC_CRN_MC,16,CONTEXT_CONDITIONAL_ONLY,A,,"{""-1"": -1, ""1"": 1}"
E2_CONTEXT_SIGN_FLIP,42074,ANTITHETIC_CRN_MC,32,CONTEXT_CONDITIONAL_ONLY,A,,"{""-1"": -1, ""1"": 1}"
E2_CONTEXT_SIGN_FLIP,42074,ANTITHETIC_CRN_MC,64,CONTEXT_CONDITIONAL_ONLY,A,,"{""-1"": -1, ""1"": 1}"
E2_CONTEXT_SIGN_FLIP,42074,ANTITHETIC_CRN_MC,128,CONTEXT_CONDITIONAL_ONLY,A,,"{""-1"": -1, ""1"": 1}"
E2_CONTEXT_SIGN_FLIP,42074,ANTITHETIC_CRN_MC,256,CONTEXT_CONDITIONAL_ONLY,A,,"{""-1"": -1, ""1"": 1}"
E2_CONTEXT_SIGN_FLIP,42074,CRN_CHAIN_MC,8,CONTEXT_CONDITIONAL_ONLY,A,,"{""-1"": -1, ""1"": 1}"
E2_CONTEXT_SIGN_FLIP,42074,CRN_CHAIN_MC,16,CONTEXT_CONDITIONAL_ONLY,A,,"{""-1"": -1, ""1"": 1}"
E2_CONTEXT_SIGN_FLIP,42074,CRN_CHAIN_MC,32,CONTEXT_CONDITIONAL_ONLY,A,,"{""-1"": -1, ""1"": 1}"
E2_CONTEXT_SIGN_FLIP,42074,CRN_CHAIN_MC,64,CONTEXT_CONDITIONAL_ONLY,A,,"{""-1"": -1, ""1"": 1}"
E2_CONTEXT_SIGN_FLIP,42074,CRN_CHAIN_MC,128,CONTEXT_CONDITIONAL_ONLY,A,,"{""-1"": -1, ""1"": 1}"
E2_CONTEXT_SIGN_FLIP,42074,CRN_CHAIN_MC,256,CONTEXT_CONDITIONAL_ONLY,A,,"{""-1"": -1, ""1"": 1}"
E2_CONTEXT_SIGN_FLIP,42074,DOUBLE_ANTITHETIC_CRN_MC,8,CONTEXT_CONDITIONAL_ONLY,A,,"{""-1"": -1, ""1"": 1}"
E2_CONTEXT_SIGN_FLIP,42074,DOUBLE_ANTITHETIC_CRN_MC,16,CONTEXT_CONDITIONAL_ONLY,A,,"{""-1"": -1, ""1"": 1}"
E2_CONTEXT_SIGN_FLIP,42074,DOUBLE_ANTITHETIC_CRN_MC,32,CONTEXT_CONDITIONAL_ONLY,A,,"{""-1"": -1, ""1"": 1}"
E2_CONTEXT_SIGN_FLIP,42074,DOUBLE_ANTITHETIC_CRN_MC,64,CONTEXT_CONDITIONAL_ONLY,A,,"{""-1"": -1, ""1"": 1}"
E2_CONTEXT_SIGN_FLIP,42074,DOUBLE_ANTITHETIC_CRN_MC,128,CONTEXT_CONDITIONAL_ONLY,A,,"{""-1"": -1, ""1"": 1}"
E2_CONTEXT_SIGN_FLIP,42074,DOUBLE_ANTITHETIC_CRN_MC,256,CONTEXT_CONDITIONAL_ONLY,A,,"{""-1"": -1, ""1"": 1}"
E2_CONTEXT_SIGN_FLIP,42074,LEGACY_INDEPENDENT_MC,8,CONTEXT_CONDITIONAL_ONLY,A,,"{""-1"": -1, ""1"": 1}"
E2_CONTEXT_SIGN_FLIP,42074,LEGACY_INDEPENDENT_MC,16,CONTEXT_CONDITIONAL_ONLY,A,,"{""-1"": -1, ""1"": 1}"
E2_CONTEXT_SIGN_FLIP,42074,LEGACY_INDEPENDENT_MC,32,CONTEXT_CONDITIONAL_ONLY,A,,"{""-1"": -1, ""1"": 1}"
E2_CONTEXT_SIGN_FLIP,42074,LEGACY_INDEPENDENT_MC,64,CONTEXT_CONDITIONAL_ONLY,A,,"{""-1"": -1, ""1"": 1}"
E2_CONTEXT_SIGN_FLIP,42074,LEGACY_INDEPENDENT_MC,128,CONTEXT_CONDITIONAL_ONLY,A,,"{""-1"": -1, ""1"": 1}"
E2_CONTEXT_SIGN_FLIP,42074,LEGACY_INDEPENDENT_MC,256,CONTEXT_CONDITIONAL_ONLY,A,,"{""-1"": -1, ""1"": 1}"
E2_CONTEXT_SIGN_FLIP,42075,ANTITHETIC_CRN_MC,8,CONTEXT_CONDITIONAL_ONLY,A,,"{""-1"": -1, ""1"": 1}"
E2_CONTEXT_SIGN_FLIP,42075,ANTITHETIC_CRN_MC,16,CONTEXT_CONDITIONAL_ONLY,A,,"{""-1"": -1, ""1"": 1}"
E2_CONTEXT_SIGN_FLIP,42075,ANTITHETIC_CRN_MC,32,CONTEXT_CONDITIONAL_ONLY,A,,"{""-1"": -1, ""1"": 1}"
E2_CONTEXT_SIGN_FLIP,42075,ANTITHETIC_CRN_MC,64,CONTEXT_CONDITIONAL_ONLY,A,,"{""-1"": -1, ""1"": 1}"
E2_CONTEXT_SIGN_FLIP,42075,ANTITHETIC_CRN_MC,128,CONTEXT_CONDITIONAL_ONLY,A,,"{""-1"": -1, ""1"": 1}"
E2_CONTEXT_SIGN_FLIP,42075,ANTITHETIC_CRN_MC,256,CONTEXT_CONDITIONAL_ONLY,A,,"{""-1"": -1, ""1"": 1}"
E2_CONTEXT_SIGN_FLIP,42075,CRN_CHAIN_MC,8,CONTEXT_CONDITIONAL_ONLY,A,,"{""-1"": -1, ""1"": 1}"
E2_CONTEXT_SIGN_FLIP,42075,CRN_CHAIN_MC,16,CONTEXT_CONDITIONAL_ONLY,A,,"{""-1"": -1, ""1"": 1}"
E2_CONTEXT_SIGN_FLIP,42075,CRN_CHAIN_MC,32,CONTEXT_CONDITIONAL_ONLY,A,,"{""-1"": -1, ""1"": 1}"
E2_CONTEXT_SIGN_FLIP,42075,CRN_CHAIN_MC,64,CONTEXT_CONDITIONAL_ONLY,A,,"{""-1"": -1, ""1"": 1}"
E2_CONTEXT_SIGN_FLIP,42075,CRN_CHAIN_MC,128,CONTEXT_CONDITIONAL_ONLY,A,,"{""-1"": -1, ""1"": 1}"
E2_CONTEXT_SIGN_FLIP,42075,CRN_CHAIN_MC,256,CONTEXT_CONDITIONAL_ONLY,A,,"{""-1"": -1, ""1"": 1}"
E2_CONTEXT_SIGN_FLIP,42075,DOUBLE_ANTITHETIC_CRN_MC,8,CONTEXT_CONDITIONAL_ONLY,A,,"{""-1"": -1, ""1"": 1}"
E2_CONTEXT_SIGN_FLIP,42075,DOUBLE_ANTITHETIC_CRN_MC,16,CONTEXT_CONDITIONAL_ONLY,A,,"{""-1"": -1, ""1"": 1}"
E2_CONTEXT_SIGN_FLIP,42075,DOUBLE_ANTITHETIC_CRN_MC,32,CONTEXT_CONDITIONAL_ONLY,A,,"{""-1"": -1, ""1"": 1}"
E2_CONTEXT_SIGN_FLIP,42075,DOUBLE_ANTITHETIC_CRN_MC,64,CONTEXT_CONDITIONAL_ONLY,A,,"{""-1"": -1, ""1"": 1}"
E2_CONTEXT_SIGN_FLIP,42075,DOUBLE_ANTITHETIC_CRN_MC,128,CONTEXT_CONDITIONAL_ONLY,A,,"{""-1"": -1, ""1"": 1}"
E2_CONTEXT_SIGN_FLIP,42075,DOUBLE_ANTITHETIC_CRN_MC,256,CONTEXT_CONDITIONAL_ONLY,A,,"{""-1"": -1, ""1"": 1}"
E2_CONTEXT_SIGN_FLIP,42075,LEGACY_INDEPENDENT_MC,8,CONTEXT_CONDITIONAL_ONLY,A,,"{""-1"": -1, ""1"": 1}"
E2_CONTEXT_SIGN_FLIP,42075,LEGACY_INDEPENDENT_MC,16,CONTEXT_CONDITIONAL_ONLY,A,,"{""-1"": -1, ""1"": 1}"
E2_CONTEXT_SIGN_FLIP,42075,LEGACY_INDEPENDENT_MC,32,CONTEXT_CONDITIONAL_ONLY,A,,"{""-1"": -1, ""1"": 1}"
E2_CONTEXT_SIGN_FLIP,42075,LEGACY_INDEPENDENT_MC,64,CONTEXT_CONDITIONAL_ONLY,A,,"{""-1"": -1, ""1"": 1}"
E2_CONTEXT_SIGN_FLIP,42075,LEGACY_INDEPENDENT_MC,128,CONTEXT_CONDITIONAL_ONLY,A,,"{""-1"": -1, ""1"": 1}"
E2_CONTEXT_SIGN_FLIP,42075,LEGACY_INDEPENDENT_MC,256,CONTEXT_CONDITIONAL_ONLY,A,,"{""-1"": -1, ""1"": 1}"
E2_CONTEXT_SIGN_FLIP,42076,ANTITHETIC_CRN_MC,8,CONTEXT_CONDITIONAL_ONLY,A,,"{""-1"": -1, ""1"": 1}"
E2_CONTEXT_SIGN_FLIP,42076,ANTITHETIC_CRN_MC,16,CONTEXT_CONDITIONAL_ONLY,A,,"{""-1"": -1, ""1"": 1}"
E2_CONTEXT_SIGN_FLIP,42076,ANTITHETIC_CRN_MC,32,CONTEXT_CONDITIONAL_ONLY,A,,"{""-1"": -1, ""1"": 1}"
E2_CONTEXT_SIGN_FLIP,42076,ANTITHETIC_CRN_MC,64,CONTEXT_CONDITIONAL_ONLY,A,,"{""-1"": -1, ""1"": 1}"
E2_CONTEXT_SIGN_FLIP,42076,ANTITHETIC_CRN_MC,128,CONTEXT_CONDITIONAL_ONLY,A,,"{""-1"": -1, ""1"": 1}"
E2_CONTEXT_SIGN_FLIP,42076,ANTITHETIC_CRN_MC,256,CONTEXT_CONDITIONAL_ONLY,A,,"{""-1"": -1, ""1"": 1}"
E2_CONTEXT_SIGN_FLIP,42076,CRN_CHAIN_MC,8,CONTEXT_CONDITIONAL_ONLY,A,,"{""-1"": -1, ""1"": 1}"
E2_CONTEXT_SIGN_FLIP,42076,CRN_CHAIN_MC,16,CONTEXT_CONDITIONAL_ONLY,A,,"{""-1"": -1, ""1"": 1}"
E2_CONTEXT_SIGN_FLIP,42076,CRN_CHAIN_MC,32,CONTEXT_CONDITIONAL_ONLY,A,,"{""-1"": -1, ""1"": 1}"
E2_CONTEXT_SIGN_FLIP,42076,CRN_CHAIN_MC,64,CONTEXT_CONDITIONAL_ONLY,A,,"{""-1"": -1, ""1"": 1}"
E2_CONTEXT_SIGN_FLIP,42076,CRN_CHAIN_MC,128,CONTEXT_CONDITIONAL_ONLY,A,,"{""-1"": -1, ""1"": 1}"
E2_CONTEXT_SIGN_FLIP,42076,CRN_CHAIN_MC,256,CONTEXT_CONDITIONAL_ONLY,A,,"{""-1"": -1, ""1"": 1}"
E2_CONTEXT_SIGN_FLIP,42076,DOUBLE_ANTITHETIC_CRN_MC,8,CONTEXT_CONDITIONAL_ONLY,A,,"{""-1"": -1, ""1"": 1}"
E2_CONTEXT_SIGN_FLIP,42076,DOUBLE_ANTITHETIC_CRN_MC,16,CONTEXT_CONDITIONAL_ONLY,A,,"{""-1"": -1, ""1"": 1}"
E2_CONTEXT_SIGN_FLIP,42076,DOUBLE_ANTITHETIC_CRN_MC,32,CONTEXT_CONDITIONAL_ONLY,A,,"{""-1"": -1, ""1"": 1}"
E2_CONTEXT_SIGN_FLIP,42076,DOUBLE_ANTITHETIC_CRN_MC,64,CONTEXT_CONDITIONAL_ONLY,A,,"{""-1"": -1, ""1"": 1}"
E2_CONTEXT_SIGN_FLIP,42076,DOUBLE_ANTITHETIC_CRN_MC,128,CONTEXT_CONDITIONAL_ONLY,A,,"{""-1"": -1, ""1"": 1}"
E2_CONTEXT_SIGN_FLIP,42076,DOUBLE_ANTITHETIC_CRN_MC,256,CONTEXT_CONDITIONAL_ONLY,A,,"{""-1"": -1, ""1"": 1}"
E2_CONTEXT_SIGN_FLIP,42076,LEGACY_INDEPENDENT_MC,8,CONTEXT_CONDITIONAL_ONLY,A,,"{""-1"": -1, ""1"": 1}"
E2_CONTEXT_SIGN_FLIP,42076,LEGACY_INDEPENDENT_MC,16,CONTEXT_CONDITIONAL_ONLY,A,,"{""-1"": -1, ""1"": 1}"
E2_CONTEXT_SIGN_FLIP,42076,LEGACY_INDEPENDENT_MC,32,CONTEXT_CONDITIONAL_ONLY,A,,"{""-1"": -1, ""1"": 1}"
E2_CONTEXT_SIGN_FLIP,42076,LEGACY_INDEPENDENT_MC,64,CONTEXT_CONDITIONAL_ONLY,A,,"{""-1"": -1, ""1"": 1}"
E2_CONTEXT_SIGN_FLIP,42076,LEGACY_INDEPENDENT_MC,128,CONTEXT_CONDITIONAL_ONLY,A,,"{""-1"": -1, ""1"": 1}"
E2_CONTEXT_SIGN_FLIP,42076,LEGACY_INDEPENDENT_MC,256,CONTEXT_CONDITIONAL_ONLY,A,,"{""-1"": -1, ""1"": 1}"
E2_CONTEXT_SIGN_FLIP,42077,ANTITHETIC_CRN_MC,8,CONTEXT_CONDITIONAL_ONLY,A,,"{""-1"": -1, ""1"": 1}"
E2_CONTEXT_SIGN_FLIP,42077,ANTITHETIC_CRN_MC,16,CONTEXT_CONDITIONAL_ONLY,A,,"{""-1"": -1, ""1"": 1}"
E2_CONTEXT_SIGN_FLIP,42077,ANTITHETIC_CRN_MC,32,CONTEXT_CONDITIONAL_ONLY,A,,"{""-1"": -1, ""1"": 1}"
E2_CONTEXT_SIGN_FLIP,42077,ANTITHETIC_CRN_MC,64,CONTEXT_CONDITIONAL_ONLY,A,,"{""-1"": -1, ""1"": 1}"
E2_CONTEXT_SIGN_FLIP,42077,ANTITHETIC_CRN_MC,128,CONTEXT_CONDITIONAL_ONLY,A,,"{""-1"": -1, ""1"": 1}"
E2_CONTEXT_SIGN_FLIP,42077,ANTITHETIC_CRN_MC,256,CONTEXT_CONDITIONAL_ONLY,A,,"{""-1"": -1, ""1"": 1}"
E2_CONTEXT_SIGN_FLIP,42077,CRN_CHAIN_MC,8,CONTEXT_CONDITIONAL_ONLY,A,,"{""-1"": -1, ""1"": 1}"
E2_CONTEXT_SIGN_FLIP,42077,CRN_CHAIN_MC,16,CONTEXT_CONDITIONAL_ONLY,A,,"{""-1"": -1, ""1"": 1}"
E2_CONTEXT_SIGN_FLIP,42077,CRN_CHAIN_MC,32,CONTEXT_CONDITIONAL_ONLY,A,,"{""-1"": -1, ""1"": 1}"
E2_CONTEXT_SIGN_FLIP,42077,CRN_CHAIN_MC,64,CONTEXT_CONDITIONAL_ONLY,A,,"{""-1"": -1, ""1"": 1}"
E2_CONTEXT_SIGN_FLIP,42077,CRN_CHAIN_MC,128,CONTEXT_CONDITIONAL_ONLY,A,,"{""-1"": -1, ""1"": 1}"
E2_CONTEXT_SIGN_FLIP,42077,CRN_CHAIN_MC,256,CONTEXT_CONDITIONAL_ONLY,A,,"{""-1"": -1, ""1"": 1}"
E2_CONTEXT_SIGN_FLIP,42077,DOUBLE_ANTITHETIC_CRN_MC,8,CONTEXT_CONDITIONAL_ONLY,A,,"{""-1"": -1, ""1"": 1}"
E2_CONTEXT_SIGN_FLIP,42077,DOUBLE_ANTITHETIC_CRN_MC,16,CONTEXT_CONDITIONAL_ONLY,A,,"{""-1"": -1, ""1"": 1}"
E2_CONTEXT_SIGN_FLIP,42077,DOUBLE_ANTITHETIC_CRN_MC,32,CONTEXT_CONDITIONAL_ONLY,A,,"{""-1"": -1, ""1"": 1}"
E2_CONTEXT_SIGN_FLIP,42077,DOUBLE_ANTITHETIC_CRN_MC,64,CONTEXT_CONDITIONAL_ONLY,A,,"{""-1"": -1, ""1"": 1}"
E2_CONTEXT_SIGN_FLIP,42077,DOUBLE_ANTITHETIC_CRN_MC,128,CONTEXT_CONDITIONAL_ONLY,A,,"{""-1"": -1, ""1"": 1}"
E2_CONTEXT_SIGN_FLIP,42077,DOUBLE_ANTITHETIC_CRN_MC,256,CONTEXT_CONDITIONAL_ONLY,A,,"{""-1"": -1, ""1"": 1}"
E2_CONTEXT_SIGN_FLIP,42077,LEGACY_INDEPENDENT_MC,8,CONTEXT_CONDITIONAL_ONLY,A,,"{""-1"": -1, ""1"": 1}"
E2_CONTEXT_SIGN_FLIP,42077,LEGACY_INDEPENDENT_MC,16,CONTEXT_CONDITIONAL_ONLY,A,,"{""-1"": -1, ""1"": 1}"
E2_CONTEXT_SIGN_FLIP,42077,LEGACY_INDEPENDENT_MC,32,CONTEXT_CONDITIONAL_ONLY,A,,"{""-1"": -1, ""1"": 1}"
E2_CONTEXT_SIGN_FLIP,42077,LEGACY_INDEPENDENT_MC,64,CONTEXT_CONDITIONAL_ONLY,A,,"{""-1"": -1, ""1"": 1}"
E2_CONTEXT_SIGN_FLIP,42077,LEGACY_INDEPENDENT_MC,128,CONTEXT_CONDITIONAL_ONLY,A,,"{""-1"": -1, ""1"": 1}"
E2_CONTEXT_SIGN_FLIP,42077,LEGACY_INDEPENDENT_MC,256,CONTEXT_CONDITIONAL_ONLY,A,,"{""-1"": -1, ""1"": 1}"
E2_CONTEXT_SIGN_FLIP,42078,ANTITHETIC_CRN_MC,8,CONTEXT_CONDITIONAL_ONLY,A,,"{""-1"": -1, ""1"": 1}"
E2_CONTEXT_SIGN_FLIP,42078,ANTITHETIC_CRN_MC,16,CONTEXT_CONDITIONAL_ONLY,A,,"{""-1"": -1, ""1"": 1}"
E2_CONTEXT_SIGN_FLIP,42078,ANTITHETIC_CRN_MC,32,CONTEXT_CONDITIONAL_ONLY,A,,"{""-1"": -1, ""1"": 1}"
E2_CONTEXT_SIGN_FLIP,42078,ANTITHETIC_CRN_MC,64,CONTEXT_CONDITIONAL_ONLY,A,,"{""-1"": -1, ""1"": 1}"
E2_CONTEXT_SIGN_FLIP,42078,ANTITHETIC_CRN_MC,128,CONTEXT_CONDITIONAL_ONLY,A,,"{""-1"": -1, ""1"": 1}"
E2_CONTEXT_SIGN_FLIP,42078,ANTITHETIC_CRN_MC,256,CONTEXT_CONDITIONAL_ONLY,A,,"{""-1"": -1, ""1"": 1}"
E2_CONTEXT_SIGN_FLIP,42078,CRN_CHAIN_MC,8,CONTEXT_CONDITIONAL_ONLY,A,,"{""-1"": -1, ""1"": 1}"
E2_CONTEXT_SIGN_FLIP,42078,CRN_CHAIN_MC,16,CONTEXT_CONDITIONAL_ONLY,A,,"{""-1"": -1, ""1"": 1}"
E2_CONTEXT_SIGN_FLIP,42078,CRN_CHAIN_MC,32,CONTEXT_CONDITIONAL_ONLY,A,,"{""-1"": -1, ""1"": 1}"
E2_CONTEXT_SIGN_FLIP,42078,CRN_CHAIN_MC,64,CONTEXT_CONDITIONAL_ONLY,A,,"{""-1"": -1, ""1"": 1}"
E2_CONTEXT_SIGN_FLIP,42078,CRN_CHAIN_MC,128,CONTEXT_CONDITIONAL_ONLY,A,,"{""-1"": -1, ""1"": 1}"
E2_CONTEXT_SIGN_FLIP,42078,CRN_CHAIN_MC,256,CONTEXT_CONDITIONAL_ONLY,A,,"{""-1"": -1, ""1"": 1}"
E2_CONTEXT_SIGN_FLIP,42078,DOUBLE_ANTITHETIC_CRN_MC,8,CONTEXT_CONDITIONAL_ONLY,A,,"{""-1"": -1, ""1"": 1}"
E2_CONTEXT_SIGN_FLIP,42078,DOUBLE_ANTITHETIC_CRN_MC,16,CONTEXT_CONDITIONAL_ONLY,A,,"{""-1"": -1, ""1"": 1}"
E2_CONTEXT_SIGN_FLIP,42078,DOUBLE_ANTITHETIC_CRN_MC,32,CONTEXT_CONDITIONAL_ONLY,A,,"{""-1"": -1, ""1"": 1}"
E2_CONTEXT_SIGN_FLIP,42078,DOUBLE_ANTITHETIC_CRN_MC,64,CONTEXT_CONDITIONAL_ONLY,A,,"{""-1"": -1, ""1"": 1}"
E2_CONTEXT_SIGN_FLIP,42078,DOUBLE_ANTITHETIC_CRN_MC,128,CONTEXT_CONDITIONAL_ONLY,A,,"{""-1"": -1, ""1"": 1}"
E2_CONTEXT_SIGN_FLIP,42078,DOUBLE_ANTITHETIC_CRN_MC,256,CONTEXT_CONDITIONAL_ONLY,A,,"{""-1"": -1, ""1"": 1}"
E2_CONTEXT_SIGN_FLIP,42078,LEGACY_INDEPENDENT_MC,8,CONTEXT_CONDITIONAL_ONLY,A,,"{""-1"": -1, ""1"": 1}"
E2_CONTEXT_SIGN_FLIP,42078,LEGACY_INDEPENDENT_MC,16,CONTEXT_CONDITIONAL_ONLY,A,,"{""-1"": -1, ""1"": 1}"
E2_CONTEXT_SIGN_FLIP,42078,LEGACY_INDEPENDENT_MC,32,CONTEXT_CONDITIONAL_ONLY,A,,"{""-1"": -1, ""1"": 1}"
E2_CONTEXT_SIGN_FLIP,42078,LEGACY_INDEPENDENT_MC,64,CONTEXT_CONDITIONAL_ONLY,A,,"{""-1"": -1, ""1"": 1}"
E2_CONTEXT_SIGN_FLIP,42078,LEGACY_INDEPENDENT_MC,128,CONTEXT_CONDITIONAL_ONLY,A,,"{""-1"": -1, ""1"": 1}"
E2_CONTEXT_SIGN_FLIP,42078,LEGACY_INDEPENDENT_MC,256,CONTEXT_CONDITIONAL_ONLY,A,,"{""-1"": -1, ""1"": 1}"
E2_CONTEXT_SIGN_FLIP,42079,ANTITHETIC_CRN_MC,8,CONTEXT_CONDITIONAL_ONLY,A,,"{""-1"": -1, ""1"": 1}"
E2_CONTEXT_SIGN_FLIP,42079,ANTITHETIC_CRN_MC,16,CONTEXT_CONDITIONAL_ONLY,A,,"{""-1"": -1, ""1"": 1}"
E2_CONTEXT_SIGN_FLIP,42079,ANTITHETIC_CRN_MC,32,CONTEXT_CONDITIONAL_ONLY,A,,"{""-1"": -1, ""1"": 1}"
E2_CONTEXT_SIGN_FLIP,42079,ANTITHETIC_CRN_MC,64,CONTEXT_CONDITIONAL_ONLY,A,,"{""-1"": -1, ""1"": 1}"
E2_CONTEXT_SIGN_FLIP,42079,ANTITHETIC_CRN_MC,128,CONTEXT_CONDITIONAL_ONLY,A,,"{""-1"": -1, ""1"": 1}"
E2_CONTEXT_SIGN_FLIP,42079,ANTITHETIC_CRN_MC,256,CONTEXT_CONDITIONAL_ONLY,A,,"{""-1"": -1, ""1"": 1}"
E2_CONTEXT_SIGN_FLIP,42079,CRN_CHAIN_MC,8,CONTEXT_CONDITIONAL_ONLY,A,,"{""-1"": -1, ""1"": 1}"
E2_CONTEXT_SIGN_FLIP,42079,CRN_CHAIN_MC,16,CONTEXT_CONDITIONAL_ONLY,A,,"{""-1"": -1, ""1"": 1}"
E2_CONTEXT_SIGN_FLIP,42079,CRN_CHAIN_MC,32,CONTEXT_CONDITIONAL_ONLY,A,,"{""-1"": -1, ""1"": 1}"
E2_CONTEXT_SIGN_FLIP,42079,CRN_CHAIN_MC,64,CONTEXT_CONDITIONAL_ONLY,A,,"{""-1"": -1, ""1"": 1}"
E2_CONTEXT_SIGN_FLIP,42079,CRN_CHAIN_MC,128,CONTEXT_CONDITIONAL_ONLY,A,,"{""-1"": -1, ""1"": 1}"
E2_CONTEXT_SIGN_FLIP,42079,CRN_CHAIN_MC,256,CONTEXT_CONDITIONAL_ONLY,A,,"{""-1"": -1, ""1"": 1}"
E2_CONTEXT_SIGN_FLIP,42079,DOUBLE_ANTITHETIC_CRN_MC,8,CONTEXT_CONDITIONAL_ONLY,A,,"{""-1"": -1, ""1"": 1}"
E2_CONTEXT_SIGN_FLIP,42079,DOUBLE_ANTITHETIC_CRN_MC,16,CONTEXT_CONDITIONAL_ONLY,A,,"{""-1"": -1, ""1"": 1}"
E2_CONTEXT_SIGN_FLIP,42079,DOUBLE_ANTITHETIC_CRN_MC,32,CONTEXT_CONDITIONAL_ONLY,A,,"{""-1"": -1, ""1"": 1}"
E2_CONTEXT_SIGN_FLIP,42079,DOUBLE_ANTITHETIC_CRN_MC,64,CONTEXT_CONDITIONAL_ONLY,A,,"{""-1"": -1, ""1"": 1}"
E2_CONTEXT_SIGN_FLIP,42079,DOUBLE_ANTITHETIC_CRN_MC,128,CONTEXT_CONDITIONAL_ONLY,A,,"{""-1"": -1, ""1"": 1}"
E2_CONTEXT_SIGN_FLIP,42079,DOUBLE_ANTITHETIC_CRN_MC,256,CONTEXT_CONDITIONAL_ONLY,A,,"{""-1"": -1, ""1"": 1}"
E2_CONTEXT_SIGN_FLIP,42079,LEGACY_INDEPENDENT_MC,8,CONTEXT_CONDITIONAL_ONLY,A,,"{""-1"": -1, ""1"": 1}"
E2_CONTEXT_SIGN_FLIP,42079,LEGACY_INDEPENDENT_MC,16,CONTEXT_CONDITIONAL_ONLY,A,,"{""-1"": -1, ""1"": 1}"
E2_CONTEXT_SIGN_FLIP,42079,LEGACY_INDEPENDENT_MC,32,CONTEXT_CONDITIONAL_ONLY,A,,"{""-1"": -1, ""1"": 1}"
E2_CONTEXT_SIGN_FLIP,42079,LEGACY_INDEPENDENT_MC,64,CONTEXT_CONDITIONAL_ONLY,A,,"{""-1"": -1, ""1"": 1}"
E2_CONTEXT_SIGN_FLIP,42079,LEGACY_INDEPENDENT_MC,128,CONTEXT_CONDITIONAL_ONLY,A,,"{""-1"": -1, ""1"": 1}"
E2_CONTEXT_SIGN_FLIP,42079,LEGACY_INDEPENDENT_MC,256,CONTEXT_CONDITIONAL_ONLY,A,,"{""-1"": -1, ""1"": 1}"
E2_CONTEXT_SIGN_FLIP,42080,ANTITHETIC_CRN_MC,8,CONTEXT_CONDITIONAL_ONLY,A,,"{""-1"": -1, ""1"": 1}"
E2_CONTEXT_SIGN_FLIP,42080,ANTITHETIC_CRN_MC,16,CONTEXT_CONDITIONAL_ONLY,A,,"{""-1"": -1, ""1"": 1}"
E2_CONTEXT_SIGN_FLIP,42080,ANTITHETIC_CRN_MC,32,CONTEXT_CONDITIONAL_ONLY,A,,"{""-1"": -1, ""1"": 1}"
E2_CONTEXT_SIGN_FLIP,42080,ANTITHETIC_CRN_MC,64,CONTEXT_CONDITIONAL_ONLY,A,,"{""-1"": -1, ""1"": 1}"
E2_CONTEXT_SIGN_FLIP,42080,ANTITHETIC_CRN_MC,128,CONTEXT_CONDITIONAL_ONLY,A,,"{""-1"": -1, ""1"": 1}"
E2_CONTEXT_SIGN_FLIP,42080,ANTITHETIC_CRN_MC,256,CONTEXT_CONDITIONAL_ONLY,A,,"{""-1"": -1, ""1"": 1}"
E2_CONTEXT_SIGN_FLIP,42080,CRN_CHAIN_MC,8,CONTEXT_CONDITIONAL_ONLY,A,,"{""-1"": -1, ""1"": 1}"
E2_CONTEXT_SIGN_FLIP,42080,CRN_CHAIN_MC,16,CONTEXT_CONDITIONAL_ONLY,A,,"{""-1"": -1, ""1"": 1}"
E2_CONTEXT_SIGN_FLIP,42080,CRN_CHAIN_MC,32,CONTEXT_CONDITIONAL_ONLY,A,,"{""-1"": -1, ""1"": 1}"
E2_CONTEXT_SIGN_FLIP,42080,CRN_CHAIN_MC,64,CONTEXT_CONDITIONAL_ONLY,A,,"{""-1"": -1, ""1"": 1}"
E2_CONTEXT_SIGN_FLIP,42080,CRN_CHAIN_MC,128,CONTEXT_CONDITIONAL_ONLY,A,,"{""-1"": -1, ""1"": 1}"
E2_CONTEXT_SIGN_FLIP,42080,CRN_CHAIN_MC,256,CONTEXT_CONDITIONAL_ONLY,A,,"{""-1"": -1, ""1"": 1}"
E2_CONTEXT_SIGN_FLIP,42080,DOUBLE_ANTITHETIC_CRN_MC,8,CONTEXT_CONDITIONAL_ONLY,A,,"{""-1"": -1, ""1"": 1}"
E2_CONTEXT_SIGN_FLIP,42080,DOUBLE_ANTITHETIC_CRN_MC,16,CONTEXT_CONDITIONAL_ONLY,A,,"{""-1"": -1, ""1"": 1}"
E2_CONTEXT_SIGN_FLIP,42080,DOUBLE_ANTITHETIC_CRN_MC,32,CONTEXT_CONDITIONAL_ONLY,A,,"{""-1"": -1, ""1"": 1}"
E2_CONTEXT_SIGN_FLIP,42080,DOUBLE_ANTITHETIC_CRN_MC,64,CONTEXT_CONDITIONAL_ONLY,A,,"{""-1"": -1, ""1"": 1}"
E2_CONTEXT_SIGN_FLIP,42080,DOUBLE_ANTITHETIC_CRN_MC,128,CONTEXT_CONDITIONAL_ONLY,A,,"{""-1"": -1, ""1"": 1}"
E2_CONTEXT_SIGN_FLIP,42080,DOUBLE_ANTITHETIC_CRN_MC,256,CONTEXT_CONDITIONAL_ONLY,A,,"{""-1"": -1, ""1"": 1}"
E2_CONTEXT_SIGN_FLIP,42080,LEGACY_INDEPENDENT_MC,8,CONTEXT_CONDITIONAL_ONLY,A,,"{""-1"": -1, ""1"": 1}"
E2_CONTEXT_SIGN_FLIP,42080,LEGACY_INDEPENDENT_MC,16,CONTEXT_CONDITIONAL_ONLY,A,,"{""-1"": -1, ""1"": 1}"
E2_CONTEXT_SIGN_FLIP,42080,LEGACY_INDEPENDENT_MC,32,CONTEXT_CONDITIONAL_ONLY,A,,"{""-1"": -1, ""1"": 1}"
E2_CONTEXT_SIGN_FLIP,42080,LEGACY_INDEPENDENT_MC,64,CONTEXT_CONDITIONAL_ONLY,A,,"{""-1"": -1, ""1"": 1}"
E2_CONTEXT_SIGN_FLIP,42080,LEGACY_INDEPENDENT_MC,128,CONTEXT_CONDITIONAL_ONLY,A,,"{""-1"": -1, ""1"": 1}"
E2_CONTEXT_SIGN_FLIP,42080,LEGACY_INDEPENDENT_MC,256,CONTEXT_CONDITIONAL_ONLY,A,,"{""-1"": -1, ""1"": 1}"
E2_CONTEXT_SIGN_FLIP,42081,ANTITHETIC_CRN_MC,8,CONTEXT_CONDITIONAL_ONLY,A,,"{""-1"": -1, ""1"": 1}"
E2_CONTEXT_SIGN_FLIP,42081,ANTITHETIC_CRN_MC,16,CONTEXT_CONDITIONAL_ONLY,A,,"{""-1"": -1, ""1"": 1}"
E2_CONTEXT_SIGN_FLIP,42081,ANTITHETIC_CRN_MC,32,CONTEXT_CONDITIONAL_ONLY,A,,"{""-1"": -1, ""1"": 1}"
E2_CONTEXT_SIGN_FLIP,42081,ANTITHETIC_CRN_MC,64,CONTEXT_CONDITIONAL_ONLY,A,,"{""-1"": -1, ""1"": 1}"
E2_CONTEXT_SIGN_FLIP,42081,ANTITHETIC_CRN_MC,128,CONTEXT_CONDITIONAL_ONLY,A,,"{""-1"": -1, ""1"": 1}"
E2_CONTEXT_SIGN_FLIP,42081,ANTITHETIC_CRN_MC,256,CONTEXT_CONDITIONAL_ONLY,A,,"{""-1"": -1, ""1"": 1}"
E2_CONTEXT_SIGN_FLIP,42081,CRN_CHAIN_MC,8,CONTEXT_CONDITIONAL_ONLY,A,,"{""-1"": -1, ""1"": 1}"
E2_CONTEXT_SIGN_FLIP,42081,CRN_CHAIN_MC,16,CONTEXT_CONDITIONAL_ONLY,A,,"{""-1"": -1, ""1"": 1}"
E2_CONTEXT_SIGN_FLIP,42081,CRN_CHAIN_MC,32,CONTEXT_CONDITIONAL_ONLY,A,,"{""-1"": -1, ""1"": 1}"
E2_CONTEXT_SIGN_FLIP,42081,CRN_CHAIN_MC,64,CONTEXT_CONDITIONAL_ONLY,A,,"{""-1"": -1, ""1"": 1}"
E2_CONTEXT_SIGN_FLIP,42081,CRN_CHAIN_MC,128,CONTEXT_CONDITIONAL_ONLY,A,,"{""-1"": -1, ""1"": 1}"
E2_CONTEXT_SIGN_FLIP,42081,CRN_CHAIN_MC,256,CONTEXT_CONDITIONAL_ONLY,A,,"{""-1"": -1, ""1"": 1}"
E2_CONTEXT_SIGN_FLIP,42081,DOUBLE_ANTITHETIC_CRN_MC,8,CONTEXT_CONDITIONAL_ONLY,A,,"{""-1"": -1, ""1"": 1}"
E2_CONTEXT_SIGN_FLIP,42081,DOUBLE_ANTITHETIC_CRN_MC,16,CONTEXT_CONDITIONAL_ONLY,A,,"{""-1"": -1, ""1"": 1}"
E2_CONTEXT_SIGN_FLIP,42081,DOUBLE_ANTITHETIC_CRN_MC,32,CONTEXT_CONDITIONAL_ONLY,A,,"{""-1"": -1, ""1"": 1}"
E2_CONTEXT_SIGN_FLIP,42081,DOUBLE_ANTITHETIC_CRN_MC,64,CONTEXT_CONDITIONAL_ONLY,A,,"{""-1"": -1, ""1"": 1}"
E2_CONTEXT_SIGN_FLIP,42081,DOUBLE_ANTITHETIC_CRN_MC,128,CONTEXT_CONDITIONAL_ONLY,A,,"{""-1"": -1, ""1"": 1}"
E2_CONTEXT_SIGN_FLIP,42081,DOUBLE_ANTITHETIC_CRN_MC,256,CONTEXT_CONDITIONAL_ONLY,A,,"{""-1"": -1, ""1"": 1}"
E2_CONTEXT_SIGN_FLIP,42081,LEGACY_INDEPENDENT_MC,8,CONTEXT_CONDITIONAL_ONLY,A,,"{""-1"": -1, ""1"": 1}"
E2_CONTEXT_SIGN_FLIP,42081,LEGACY_INDEPENDENT_MC,16,CONTEXT_CONDITIONAL_ONLY,A,,"{""-1"": -1, ""1"": 1}"
E2_CONTEXT_SIGN_FLIP,42081,LEGACY_INDEPENDENT_MC,32,CONTEXT_CONDITIONAL_ONLY,A,,"{""-1"": -1, ""1"": 1}"
E2_CONTEXT_SIGN_FLIP,42081,LEGACY_INDEPENDENT_MC,64,CONTEXT_CONDITIONAL_ONLY,A,,"{""-1"": -1, ""1"": 1}"
E2_CONTEXT_SIGN_FLIP,42081,LEGACY_INDEPENDENT_MC,128,CONTEXT_CONDITIONAL_ONLY,A,,"{""-1"": -1, ""1"": 1}"
E2_CONTEXT_SIGN_FLIP,42081,LEGACY_INDEPENDENT_MC,256,CONTEXT_CONDITIONAL_ONLY,A,,"{""-1"": -1, ""1"": 1}"
E2_CONTEXT_SIGN_FLIP,42082,ANTITHETIC_CRN_MC,8,CONTEXT_CONDITIONAL_ONLY,A,,"{""-1"": -1, ""1"": 1}"
E2_CONTEXT_SIGN_FLIP,42082,ANTITHETIC_CRN_MC,16,CONTEXT_CONDITIONAL_ONLY,A,,"{""-1"": -1, ""1"": 1}"
E2_CONTEXT_SIGN_FLIP,42082,ANTITHETIC_CRN_MC,32,CONTEXT_CONDITIONAL_ONLY,A,,"{""-1"": -1, ""1"": 1}"
E2_CONTEXT_SIGN_FLIP,42082,ANTITHETIC_CRN_MC,64,CONTEXT_CONDITIONAL_ONLY,A,,"{""-1"": -1, ""1"": 1}"
E2_CONTEXT_SIGN_FLIP,42082,ANTITHETIC_CRN_MC,128,CONTEXT_CONDITIONAL_ONLY,A,,"{""-1"": -1, ""1"": 1}"
E2_CONTEXT_SIGN_FLIP,42082,ANTITHETIC_CRN_MC,256,CONTEXT_CONDITIONAL_ONLY,A,,"{""-1"": -1, ""1"": 1}"
E2_CONTEXT_SIGN_FLIP,42082,CRN_CHAIN_MC,8,CONTEXT_CONDITIONAL_ONLY,A,,"{""-1"": -1, ""1"": 1}"
E2_CONTEXT_SIGN_FLIP,42082,CRN_CHAIN_MC,16,CONTEXT_CONDITIONAL_ONLY,A,,"{""-1"": -1, ""1"": 1}"
E2_CONTEXT_SIGN_FLIP,42082,CRN_CHAIN_MC,32,CONTEXT_CONDITIONAL_ONLY,A,,"{""-1"": -1, ""1"": 1}"
E2_CONTEXT_SIGN_FLIP,42082,CRN_CHAIN_MC,64,CONTEXT_CONDITIONAL_ONLY,A,,"{""-1"": -1, ""1"": 1}"
E2_CONTEXT_SIGN_FLIP,42082,CRN_CHAIN_MC,128,CONTEXT_CONDITIONAL_ONLY,A,,"{""-1"": -1, ""1"": 1}"
E2_CONTEXT_SIGN_FLIP,42082,CRN_CHAIN_MC,256,CONTEXT_CONDITIONAL_ONLY,A,,"{""-1"": -1, ""1"": 1}"
E2_CONTEXT_SIGN_FLIP,42082,DOUBLE_ANTITHETIC_CRN_MC,8,CONTEXT_CONDITIONAL_ONLY,A,,"{""-1"": -1, ""1"": 1}"
E2_CONTEXT_SIGN_FLIP,42082,DOUBLE_ANTITHETIC_CRN_MC,16,CONTEXT_CONDITIONAL_ONLY,A,,"{""-1"": -1, ""1"": 1}"
E2_CONTEXT_SIGN_FLIP,42082,DOUBLE_ANTITHETIC_CRN_MC,32,CONTEXT_CONDITIONAL_ONLY,A,,"{""-1"": -1, ""1"": 1}"
E2_CONTEXT_SIGN_FLIP,42082,DOUBLE_ANTITHETIC_CRN_MC,64,CONTEXT_CONDITIONAL_ONLY,A,,"{""-1"": -1, ""1"": 1}"
E2_CONTEXT_SIGN_FLIP,42082,DOUBLE_ANTITHETIC_CRN_MC,128,CONTEXT_CONDITIONAL_ONLY,A,,"{""-1"": -1, ""1"": 1}"
E2_CONTEXT_SIGN_FLIP,42082,DOUBLE_ANTITHETIC_CRN_MC,256,CONTEXT_CONDITIONAL_ONLY,A,,"{""-1"": -1, ""1"": 1}"
E2_CONTEXT_SIGN_FLIP,42082,LEGACY_INDEPENDENT_MC,8,CONTEXT_CONDITIONAL_ONLY,A,,"{""-1"": -1, ""1"": 1}"
E2_CONTEXT_SIGN_FLIP,42082,LEGACY_INDEPENDENT_MC,16,CONTEXT_CONDITIONAL_ONLY,A,,"{""-1"": -1, ""1"": 1}"
E2_CONTEXT_SIGN_FLIP,42082,LEGACY_INDEPENDENT_MC,32,CONTEXT_CONDITIONAL_ONLY,A,,"{""-1"": -1, ""1"": 1}"
E2_CONTEXT_SIGN_FLIP,42082,LEGACY_INDEPENDENT_MC,64,CONTEXT_CONDITIONAL_ONLY,A,,"{""-1"": -1, ""1"": 1}"
E2_CONTEXT_SIGN_FLIP,42082,LEGACY_INDEPENDENT_MC,128,CONTEXT_CONDITIONAL_ONLY,A,,"{""-1"": -1, ""1"": 1}"
E2_CONTEXT_SIGN_FLIP,42082,LEGACY_INDEPENDENT_MC,256,CONTEXT_CONDITIONAL_ONLY,A,,"{""-1"": -1, ""1"": 1}"
E2_CONTEXT_SIGN_FLIP,42083,ANTITHETIC_CRN_MC,8,CONTEXT_CONDITIONAL_ONLY,A,,"{""-1"": -1, ""1"": 1}"
E2_CONTEXT_SIGN_FLIP,42083,ANTITHETIC_CRN_MC,16,CONTEXT_CONDITIONAL_ONLY,A,,"{""-1"": -1, ""1"": 1}"
E2_CONTEXT_SIGN_FLIP,42083,ANTITHETIC_CRN_MC,32,CONTEXT_CONDITIONAL_ONLY,A,,"{""-1"": -1, ""1"": 1}"
E2_CONTEXT_SIGN_FLIP,42083,ANTITHETIC_CRN_MC,64,CONTEXT_CONDITIONAL_ONLY,A,,"{""-1"": -1, ""1"": 1}"
E2_CONTEXT_SIGN_FLIP,42083,ANTITHETIC_CRN_MC,128,CONTEXT_CONDITIONAL_ONLY,A,,"{""-1"": -1, ""1"": 1}"
E2_CONTEXT_SIGN_FLIP,42083,ANTITHETIC_CRN_MC,256,CONTEXT_CONDITIONAL_ONLY,A,,"{""-1"": -1, ""1"": 1}"
E2_CONTEXT_SIGN_FLIP,42083,CRN_CHAIN_MC,8,CONTEXT_CONDITIONAL_ONLY,A,,"{""-1"": -1, ""1"": 1}"
E2_CONTEXT_SIGN_FLIP,42083,CRN_CHAIN_MC,16,CONTEXT_CONDITIONAL_ONLY,A,,"{""-1"": -1, ""1"": 1}"
E2_CONTEXT_SIGN_FLIP,42083,CRN_CHAIN_MC,32,CONTEXT_CONDITIONAL_ONLY,A,,"{""-1"": -1, ""1"": 1}"
E2_CONTEXT_SIGN_FLIP,42083,CRN_CHAIN_MC,64,CONTEXT_CONDITIONAL_ONLY,A,,"{""-1"": -1, ""1"": 1}"
E2_CONTEXT_SIGN_FLIP,42083,CRN_CHAIN_MC,128,CONTEXT_CONDITIONAL_ONLY,A,,"{""-1"": -1, ""1"": 1}"
E2_CONTEXT_SIGN_FLIP,42083,CRN_CHAIN_MC,256,CONTEXT_CONDITIONAL_ONLY,A,,"{""-1"": -1, ""1"": 1}"
E2_CONTEXT_SIGN_FLIP,42083,DOUBLE_ANTITHETIC_CRN_MC,8,CONTEXT_CONDITIONAL_ONLY,A,,"{""-1"": -1, ""1"": 1}"
E2_CONTEXT_SIGN_FLIP,42083,DOUBLE_ANTITHETIC_CRN_MC,16,CONTEXT_CONDITIONAL_ONLY,A,,"{""-1"": -1, ""1"": 1}"
E2_CONTEXT_SIGN_FLIP,42083,DOUBLE_ANTITHETIC_CRN_MC,32,CONTEXT_CONDITIONAL_ONLY,A,,"{""-1"": -1, ""1"": 1}"
E2_CONTEXT_SIGN_FLIP,42083,DOUBLE_ANTITHETIC_CRN_MC,64,CONTEXT_CONDITIONAL_ONLY,A,,"{""-1"": -1, ""1"": 1}"
E2_CONTEXT_SIGN_FLIP,42083,DOUBLE_ANTITHETIC_CRN_MC,128,CONTEXT_CONDITIONAL_ONLY,A,,"{""-1"": -1, ""1"": 1}"
E2_CONTEXT_SIGN_FLIP,42083,DOUBLE_ANTITHETIC_CRN_MC,256,CONTEXT_CONDITIONAL_ONLY,A,,"{""-1"": -1, ""1"": 1}"
E2_CONTEXT_SIGN_FLIP,42083,LEGACY_INDEPENDENT_MC,8,CONTEXT_CONDITIONAL_ONLY,A,,"{""-1"": -1, ""1"": 1}"
E2_CONTEXT_SIGN_FLIP,42083,LEGACY_INDEPENDENT_MC,16,CONTEXT_CONDITIONAL_ONLY,A,,"{""-1"": -1, ""1"": 1}"
E2_CONTEXT_SIGN_FLIP,42083,LEGACY_INDEPENDENT_MC,32,CONTEXT_CONDITIONAL_ONLY,A,,"{""-1"": -1, ""1"": 1}"
E2_CONTEXT_SIGN_FLIP,42083,LEGACY_INDEPENDENT_MC,64,CONTEXT_CONDITIONAL_ONLY,A,,"{""-1"": -1, ""1"": 1}"
E2_CONTEXT_SIGN_FLIP,42083,LEGACY_INDEPENDENT_MC,128,CONTEXT_CONDITIONAL_ONLY,A,,"{""-1"": -1, ""1"": 1}"
E2_CONTEXT_SIGN_FLIP,42083,LEGACY_INDEPENDENT_MC,256,CONTEXT_CONDITIONAL_ONLY,A,,"{""-1"": -1, ""1"": 1}"
E2_CONTEXT_SIGN_FLIP,42084,ANTITHETIC_CRN_MC,8,CONTEXT_CONDITIONAL_ONLY,A,,"{""-1"": -1, ""1"": 1}"
E2_CONTEXT_SIGN_FLIP,42084,ANTITHETIC_CRN_MC,16,CONTEXT_CONDITIONAL_ONLY,A,,"{""-1"": -1, ""1"": 1}"
E2_CONTEXT_SIGN_FLIP,42084,ANTITHETIC_CRN_MC,32,CONTEXT_CONDITIONAL_ONLY,A,,"{""-1"": -1, ""1"": 1}"
E2_CONTEXT_SIGN_FLIP,42084,ANTITHETIC_CRN_MC,64,CONTEXT_CONDITIONAL_ONLY,A,,"{""-1"": -1, ""1"": 1}"
E2_CONTEXT_SIGN_FLIP,42084,ANTITHETIC_CRN_MC,128,CONTEXT_CONDITIONAL_ONLY,A,,"{""-1"": -1, ""1"": 1}"
E2_CONTEXT_SIGN_FLIP,42084,ANTITHETIC_CRN_MC,256,CONTEXT_CONDITIONAL_ONLY,A,,"{""-1"": -1, ""1"": 1}"
E2_CONTEXT_SIGN_FLIP,42084,CRN_CHAIN_MC,8,CONTEXT_CONDITIONAL_ONLY,A,,"{""-1"": -1, ""1"": 1}"
E2_CONTEXT_SIGN_FLIP,42084,CRN_CHAIN_MC,16,CONTEXT_CONDITIONAL_ONLY,A,,"{""-1"": -1, ""1"": 1}"
E2_CONTEXT_SIGN_FLIP,42084,CRN_CHAIN_MC,32,CONTEXT_CONDITIONAL_ONLY,A,,"{""-1"": -1, ""1"": 1}"
E2_CONTEXT_SIGN_FLIP,42084,CRN_CHAIN_MC,64,CONTEXT_CONDITIONAL_ONLY,A,,"{""-1"": -1, ""1"": 1}"
E2_CONTEXT_SIGN_FLIP,42084,CRN_CHAIN_MC,128,CONTEXT_CONDITIONAL_ONLY,A,,"{""-1"": -1, ""1"": 1}"
E2_CONTEXT_SIGN_FLIP,42084,CRN_CHAIN_MC,256,CONTEXT_CONDITIONAL_ONLY,A,,"{""-1"": -1, ""1"": 1}"
E2_CONTEXT_SIGN_FLIP,42084,DOUBLE_ANTITHETIC_CRN_MC,8,CONTEXT_CONDITIONAL_ONLY,A,,"{""-1"": -1, ""1"": 1}"
E2_CONTEXT_SIGN_FLIP,42084,DOUBLE_ANTITHETIC_CRN_MC,16,CONTEXT_CONDITIONAL_ONLY,A,,"{""-1"": -1, ""1"": 1}"
E2_CONTEXT_SIGN_FLIP,42084,DOUBLE_ANTITHETIC_CRN_MC,32,CONTEXT_CONDITIONAL_ONLY,A,,"{""-1"": -1, ""1"": 1}"
E2_CONTEXT_SIGN_FLIP,42084,DOUBLE_ANTITHETIC_CRN_MC,64,CONTEXT_CONDITIONAL_ONLY,A,,"{""-1"": -1, ""1"": 1}"
E2_CONTEXT_SIGN_FLIP,42084,DOUBLE_ANTITHETIC_CRN_MC,128,CONTEXT_CONDITIONAL_ONLY,A,,"{""-1"": -1, ""1"": 1}"
E2_CONTEXT_SIGN_FLIP,42084,DOUBLE_ANTITHETIC_CRN_MC,256,CONTEXT_CONDITIONAL_ONLY,A,,"{""-1"": -1, ""1"": 1}"
E2_CONTEXT_SIGN_FLIP,42084,LEGACY_INDEPENDENT_MC,8,CONTEXT_CONDITIONAL_ONLY,A,,"{""-1"": -1, ""1"": 1}"
E2_CONTEXT_SIGN_FLIP,42084,LEGACY_INDEPENDENT_MC,16,CONTEXT_CONDITIONAL_ONLY,A,,"{""-1"": -1, ""1"": 1}"
E2_CONTEXT_SIGN_FLIP,42084,LEGACY_INDEPENDENT_MC,32,CONTEXT_CONDITIONAL_ONLY,A,,"{""-1"": -1, ""1"": 1}"
E2_CONTEXT_SIGN_FLIP,42084,LEGACY_INDEPENDENT_MC,64,CONTEXT_CONDITIONAL_ONLY,A,,"{""-1"": -1, ""1"": 1}"
E2_CONTEXT_SIGN_FLIP,42084,LEGACY_INDEPENDENT_MC,128,CONTEXT_CONDITIONAL_ONLY,A,,"{""-1"": -1, ""1"": 1}"
E2_CONTEXT_SIGN_FLIP,42084,LEGACY_INDEPENDENT_MC,256,CONTEXT_CONDITIONAL_ONLY,A,,"{""-1"": -1, ""1"": 1}"
E2_CONTEXT_SIGN_FLIP,42085,ANTITHETIC_CRN_MC,8,CONTEXT_CONDITIONAL_ONLY,A,,"{""-1"": -1, ""1"": 1}"
E2_CONTEXT_SIGN_FLIP,42085,ANTITHETIC_CRN_MC,16,CONTEXT_CONDITIONAL_ONLY,A,,"{""-1"": -1, ""1"": 1}"
E2_CONTEXT_SIGN_FLIP,42085,ANTITHETIC_CRN_MC,32,CONTEXT_CONDITIONAL_ONLY,A,,"{""-1"": -1, ""1"": 1}"
E2_CONTEXT_SIGN_FLIP,42085,ANTITHETIC_CRN_MC,64,CONTEXT_CONDITIONAL_ONLY,A,,"{""-1"": -1, ""1"": 1}"
E2_CONTEXT_SIGN_FLIP,42085,ANTITHETIC_CRN_MC,128,CONTEXT_CONDITIONAL_ONLY,A,,"{""-1"": -1, ""1"": 1}"
E2_CONTEXT_SIGN_FLIP,42085,ANTITHETIC_CRN_MC,256,CONTEXT_CONDITIONAL_ONLY,A,,"{""-1"": -1, ""1"": 1}"
E2_CONTEXT_SIGN_FLIP,42085,CRN_CHAIN_MC,8,CONTEXT_CONDITIONAL_ONLY,A,,"{""-1"": -1, ""1"": 1}"
E2_CONTEXT_SIGN_FLIP,42085,CRN_CHAIN_MC,16,CONTEXT_CONDITIONAL_ONLY,A,,"{""-1"": -1, ""1"": 1}"
E2_CONTEXT_SIGN_FLIP,42085,CRN_CHAIN_MC,32,CONTEXT_CONDITIONAL_ONLY,A,,"{""-1"": -1, ""1"": 1}"
E2_CONTEXT_SIGN_FLIP,42085,CRN_CHAIN_MC,64,CONTEXT_CONDITIONAL_ONLY,A,,"{""-1"": -1, ""1"": 1}"
E2_CONTEXT_SIGN_FLIP,42085,CRN_CHAIN_MC,128,CONTEXT_CONDITIONAL_ONLY,A,,"{""-1"": -1, ""1"": 1}"
E2_CONTEXT_SIGN_FLIP,42085,CRN_CHAIN_MC,256,CONTEXT_CONDITIONAL_ONLY,A,,"{""-1"": -1, ""1"": 1}"
E2_CONTEXT_SIGN_FLIP,42085,DOUBLE_ANTITHETIC_CRN_MC,8,CONTEXT_CONDITIONAL_ONLY,A,,"{""-1"": -1, ""1"": 1}"
E2_CONTEXT_SIGN_FLIP,42085,DOUBLE_ANTITHETIC_CRN_MC,16,CONTEXT_CONDITIONAL_ONLY,A,,"{""-1"": -1, ""1"": 1}"
E2_CONTEXT_SIGN_FLIP,42085,DOUBLE_ANTITHETIC_CRN_MC,32,CONTEXT_CONDITIONAL_ONLY,A,,"{""-1"": -1, ""1"": 1}"
E2_CONTEXT_SIGN_FLIP,42085,DOUBLE_ANTITHETIC_CRN_MC,64,CONTEXT_CONDITIONAL_ONLY,A,,"{""-1"": -1, ""1"": 1}"
E2_CONTEXT_SIGN_FLIP,42085,DOUBLE_ANTITHETIC_CRN_MC,128,CONTEXT_CONDITIONAL_ONLY,A,,"{""-1"": -1, ""1"": 1}"
E2_CONTEXT_SIGN_FLIP,42085,DOUBLE_ANTITHETIC_CRN_MC,256,CONTEXT_CONDITIONAL_ONLY,A,,"{""-1"": -1, ""1"": 1}"
E2_CONTEXT_SIGN_FLIP,42085,LEGACY_INDEPENDENT_MC,8,CONTEXT_CONDITIONAL_ONLY,A,,"{""-1"": -1, ""1"": 1}"
E2_CONTEXT_SIGN_FLIP,42085,LEGACY_INDEPENDENT_MC,16,CONTEXT_CONDITIONAL_ONLY,A,,"{""-1"": -1, ""1"": 1}"
E2_CONTEXT_SIGN_FLIP,42085,LEGACY_INDEPENDENT_MC,32,CONTEXT_CONDITIONAL_ONLY,A,,"{""-1"": -1, ""1"": 1}"
E2_CONTEXT_SIGN_FLIP,42085,LEGACY_INDEPENDENT_MC,64,CONTEXT_CONDITIONAL_ONLY,A,,"{""-1"": -1, ""1"": 1}"
E2_CONTEXT_SIGN_FLIP,42085,LEGACY_INDEPENDENT_MC,128,CONTEXT_CONDITIONAL_ONLY,A,,"{""-1"": -1, ""1"": 1}"
E2_CONTEXT_SIGN_FLIP,42085,LEGACY_INDEPENDENT_MC,256,CONTEXT_CONDITIONAL_ONLY,A,,"{""-1"": -1, ""1"": 1}"
E2_CONTEXT_SIGN_FLIP,42086,ANTITHETIC_CRN_MC,8,CONTEXT_CONDITIONAL_ONLY,A,,"{""-1"": -1, ""1"": 1}"
E2_CONTEXT_SIGN_FLIP,42086,ANTITHETIC_CRN_MC,16,CONTEXT_CONDITIONAL_ONLY,A,,"{""-1"": -1, ""1"": 1}"
E2_CONTEXT_SIGN_FLIP,42086,ANTITHETIC_CRN_MC,32,CONTEXT_CONDITIONAL_ONLY,A,,"{""-1"": -1, ""1"": 1}"
E2_CONTEXT_SIGN_FLIP,42086,ANTITHETIC_CRN_MC,64,CONTEXT_CONDITIONAL_ONLY,A,,"{""-1"": -1, ""1"": 1}"
E2_CONTEXT_SIGN_FLIP,42086,ANTITHETIC_CRN_MC,128,CONTEXT_CONDITIONAL_ONLY,A,,"{""-1"": -1, ""1"": 1}"
E2_CONTEXT_SIGN_FLIP,42086,ANTITHETIC_CRN_MC,256,CONTEXT_CONDITIONAL_ONLY,A,,"{""-1"": -1, ""1"": 1}"
E2_CONTEXT_SIGN_FLIP,42086,CRN_CHAIN_MC,8,CONTEXT_CONDITIONAL_ONLY,A,,"{""-1"": -1, ""1"": 1}"
E2_CONTEXT_SIGN_FLIP,42086,CRN_CHAIN_MC,16,CONTEXT_CONDITIONAL_ONLY,A,,"{""-1"": -1, ""1"": 1}"
E2_CONTEXT_SIGN_FLIP,42086,CRN_CHAIN_MC,32,CONTEXT_CONDITIONAL_ONLY,A,,"{""-1"": -1, ""1"": 1}"
E2_CONTEXT_SIGN_FLIP,42086,CRN_CHAIN_MC,64,CONTEXT_CONDITIONAL_ONLY,A,,"{""-1"": -1, ""1"": 1}"
E2_CONTEXT_SIGN_FLIP,42086,CRN_CHAIN_MC,128,CONTEXT_CONDITIONAL_ONLY,A,,"{""-1"": -1, ""1"": 1}"
E2_CONTEXT_SIGN_FLIP,42086,CRN_CHAIN_MC,256,CONTEXT_CONDITIONAL_ONLY,A,,"{""-1"": -1, ""1"": 1}"
E2_CONTEXT_SIGN_FLIP,42086,DOUBLE_ANTITHETIC_CRN_MC,8,CONTEXT_CONDITIONAL_ONLY,A,,"{""-1"": -1, ""1"": 1}"
E2_CONTEXT_SIGN_FLIP,42086,DOUBLE_ANTITHETIC_CRN_MC,16,CONTEXT_CONDITIONAL_ONLY,A,,"{""-1"": -1, ""1"": 1}"
E2_CONTEXT_SIGN_FLIP,42086,DOUBLE_ANTITHETIC_CRN_MC,32,CONTEXT_CONDITIONAL_ONLY,A,,"{""-1"": -1, ""1"": 1}"
E2_CONTEXT_SIGN_FLIP,42086,DOUBLE_ANTITHETIC_CRN_MC,64,CONTEXT_CONDITIONAL_ONLY,A,,"{""-1"": -1, ""1"": 1}"
E2_CONTEXT_SIGN_FLIP,42086,DOUBLE_ANTITHETIC_CRN_MC,128,CONTEXT_CONDITIONAL_ONLY,A,,"{""-1"": -1, ""1"": 1}"
E2_CONTEXT_SIGN_FLIP,42086,DOUBLE_ANTITHETIC_CRN_MC,256,CONTEXT_CONDITIONAL_ONLY,A,,"{""-1"": -1, ""1"": 1}"
E2_CONTEXT_SIGN_FLIP,42086,LEGACY_INDEPENDENT_MC,8,CONTEXT_CONDITIONAL_ONLY,A,,"{""-1"": -1, ""1"": 1}"
E2_CONTEXT_SIGN_FLIP,42086,LEGACY_INDEPENDENT_MC,16,CONTEXT_CONDITIONAL_ONLY,A,,"{""-1"": -1, ""1"": 1}"
E2_CONTEXT_SIGN_FLIP,42086,LEGACY_INDEPENDENT_MC,32,CONTEXT_CONDITIONAL_ONLY,A,,"{""-1"": -1, ""1"": 1}"
E2_CONTEXT_SIGN_FLIP,42086,LEGACY_INDEPENDENT_MC,64,CONTEXT_CONDITIONAL_ONLY,A,,"{""-1"": -1, ""1"": 1}"
E2_CONTEXT_SIGN_FLIP,42086,LEGACY_INDEPENDENT_MC,128,CONTEXT_CONDITIONAL_ONLY,A,,"{""-1"": -1, ""1"": 1}"
E2_CONTEXT_SIGN_FLIP,42086,LEGACY_INDEPENDENT_MC,256,CONTEXT_CONDITIONAL_ONLY,A,,"{""-1"": -1, ""1"": 1}"
E2_CONTEXT_SIGN_FLIP,42087,ANTITHETIC_CRN_MC,8,CONTEXT_CONDITIONAL_ONLY,A,,"{""-1"": -1, ""1"": 1}"
E2_CONTEXT_SIGN_FLIP,42087,ANTITHETIC_CRN_MC,16,CONTEXT_CONDITIONAL_ONLY,A,,"{""-1"": -1, ""1"": 1}"
E2_CONTEXT_SIGN_FLIP,42087,ANTITHETIC_CRN_MC,32,CONTEXT_CONDITIONAL_ONLY,A,,"{""-1"": -1, ""1"": 1}"
E2_CONTEXT_SIGN_FLIP,42087,ANTITHETIC_CRN_MC,64,CONTEXT_CONDITIONAL_ONLY,A,,"{""-1"": -1, ""1"": 1}"
E2_CONTEXT_SIGN_FLIP,42087,ANTITHETIC_CRN_MC,128,CONTEXT_CONDITIONAL_ONLY,A,,"{""-1"": -1, ""1"": 1}"
E2_CONTEXT_SIGN_FLIP,42087,ANTITHETIC_CRN_MC,256,CONTEXT_CONDITIONAL_ONLY,A,,"{""-1"": -1, ""1"": 1}"
E2_CONTEXT_SIGN_FLIP,42087,CRN_CHAIN_MC,8,CONTEXT_CONDITIONAL_ONLY,A,,"{""-1"": -1, ""1"": 1}"
E2_CONTEXT_SIGN_FLIP,42087,CRN_CHAIN_MC,16,CONTEXT_CONDITIONAL_ONLY,A,,"{""-1"": -1, ""1"": 1}"
E2_CONTEXT_SIGN_FLIP,42087,CRN_CHAIN_MC,32,CONTEXT_CONDITIONAL_ONLY,A,,"{""-1"": -1, ""1"": 1}"
E2_CONTEXT_SIGN_FLIP,42087,CRN_CHAIN_MC,64,CONTEXT_CONDITIONAL_ONLY,A,,"{""-1"": -1, ""1"": 1}"
E2_CONTEXT_SIGN_FLIP,42087,CRN_CHAIN_MC,128,CONTEXT_CONDITIONAL_ONLY,A,,"{""-1"": -1, ""1"": 1}"
E2_CONTEXT_SIGN_FLIP,42087,CRN_CHAIN_MC,256,CONTEXT_CONDITIONAL_ONLY,A,,"{""-1"": -1, ""1"": 1}"
E2_CONTEXT_SIGN_FLIP,42087,DOUBLE_ANTITHETIC_CRN_MC,8,CONTEXT_CONDITIONAL_ONLY,A,,"{""-1"": -1, ""1"": 1}"
E2_CONTEXT_SIGN_FLIP,42087,DOUBLE_ANTITHETIC_CRN_MC,16,CONTEXT_CONDITIONAL_ONLY,A,,"{""-1"": -1, ""1"": 1}"
E2_CONTEXT_SIGN_FLIP,42087,DOUBLE_ANTITHETIC_CRN_MC,32,CONTEXT_CONDITIONAL_ONLY,A,,"{""-1"": -1, ""1"": 1}"
E2_CONTEXT_SIGN_FLIP,42087,DOUBLE_ANTITHETIC_CRN_MC,64,CONTEXT_CONDITIONAL_ONLY,A,,"{""-1"": -1, ""1"": 1}"
E2_CONTEXT_SIGN_FLIP,42087,DOUBLE_ANTITHETIC_CRN_MC,128,CONTEXT_CONDITIONAL_ONLY,A,,"{""-1"": -1, ""1"": 1}"
E2_CONTEXT_SIGN_FLIP,42087,DOUBLE_ANTITHETIC_CRN_MC,256,CONTEXT_CONDITIONAL_ONLY,A,,"{""-1"": -1, ""1"": 1}"
E2_CONTEXT_SIGN_FLIP,42087,LEGACY_INDEPENDENT_MC,8,CONTEXT_CONDITIONAL_ONLY,A,,"{""-1"": -1, ""1"": 1}"
E2_CONTEXT_SIGN_FLIP,42087,LEGACY_INDEPENDENT_MC,16,CONTEXT_CONDITIONAL_ONLY,A,,"{""-1"": -1, ""1"": 1}"
E2_CONTEXT_SIGN_FLIP,42087,LEGACY_INDEPENDENT_MC,32,CONTEXT_CONDITIONAL_ONLY,A,,"{""-1"": -1, ""1"": 1}"
E2_CONTEXT_SIGN_FLIP,42087,LEGACY_INDEPENDENT_MC,64,CONTEXT_CONDITIONAL_ONLY,A,,"{""-1"": -1, ""1"": 1}"
E2_CONTEXT_SIGN_FLIP,42087,LEGACY_INDEPENDENT_MC,128,CONTEXT_CONDITIONAL_ONLY,A,,"{""-1"": -1, ""1"": 1}"
E2_CONTEXT_SIGN_FLIP,42087,LEGACY_INDEPENDENT_MC,256,CONTEXT_CONDITIONAL_ONLY,A,,"{""-1"": -1, ""1"": 1}"
E2_CONTEXT_SIGN_FLIP,42088,ANTITHETIC_CRN_MC,8,CONTEXT_CONDITIONAL_ONLY,A,,"{""-1"": -1, ""1"": 1}"
E2_CONTEXT_SIGN_FLIP,42088,ANTITHETIC_CRN_MC,16,CONTEXT_CONDITIONAL_ONLY,A,,"{""-1"": -1, ""1"": 1}"
E2_CONTEXT_SIGN_FLIP,42088,ANTITHETIC_CRN_MC,32,CONTEXT_CONDITIONAL_ONLY,A,,"{""-1"": -1, ""1"": 1}"
E2_CONTEXT_SIGN_FLIP,42088,ANTITHETIC_CRN_MC,64,CONTEXT_CONDITIONAL_ONLY,A,,"{""-1"": -1, ""1"": 1}"
E2_CONTEXT_SIGN_FLIP,42088,ANTITHETIC_CRN_MC,128,CONTEXT_CONDITIONAL_ONLY,A,,"{""-1"": -1, ""1"": 1}"
E2_CONTEXT_SIGN_FLIP,42088,ANTITHETIC_CRN_MC,256,CONTEXT_CONDITIONAL_ONLY,A,,"{""-1"": -1, ""1"": 1}"
E2_CONTEXT_SIGN_FLIP,42088,CRN_CHAIN_MC,8,CONTEXT_CONDITIONAL_ONLY,A,,"{""-1"": -1, ""1"": 1}"
E2_CONTEXT_SIGN_FLIP,42088,CRN_CHAIN_MC,16,CONTEXT_CONDITIONAL_ONLY,A,,"{""-1"": -1, ""1"": 1}"
E2_CONTEXT_SIGN_FLIP,42088,CRN_CHAIN_MC,32,CONTEXT_CONDITIONAL_ONLY,A,,"{""-1"": -1, ""1"": 1}"
E2_CONTEXT_SIGN_FLIP,42088,CRN_CHAIN_MC,64,CONTEXT_CONDITIONAL_ONLY,A,,"{""-1"": -1, ""1"": 1}"
E2_CONTEXT_SIGN_FLIP,42088,CRN_CHAIN_MC,128,CONTEXT_CONDITIONAL_ONLY,A,,"{""-1"": -1, ""1"": 1}"
E2_CONTEXT_SIGN_FLIP,42088,CRN_CHAIN_MC,256,CONTEXT_CONDITIONAL_ONLY,A,,"{""-1"": -1, ""1"": 1}"
E2_CONTEXT_SIGN_FLIP,42088,DOUBLE_ANTITHETIC_CRN_MC,8,CONTEXT_CONDITIONAL_ONLY,A,,"{""-1"": -1, ""1"": 1}"
E2_CONTEXT_SIGN_FLIP,42088,DOUBLE_ANTITHETIC_CRN_MC,16,CONTEXT_CONDITIONAL_ONLY,A,,"{""-1"": -1, ""1"": 1}"
E2_CONTEXT_SIGN_FLIP,42088,DOUBLE_ANTITHETIC_CRN_MC,32,CONTEXT_CONDITIONAL_ONLY,A,,"{""-1"": -1, ""1"": 1}"
E2_CONTEXT_SIGN_FLIP,42088,DOUBLE_ANTITHETIC_CRN_MC,64,CONTEXT_CONDITIONAL_ONLY,A,,"{""-1"": -1, ""1"": 1}"
E2_CONTEXT_SIGN_FLIP,42088,DOUBLE_ANTITHETIC_CRN_MC,128,CONTEXT_CONDITIONAL_ONLY,A,,"{""-1"": -1, ""1"": 1}"
E2_CONTEXT_SIGN_FLIP,42088,DOUBLE_ANTITHETIC_CRN_MC,256,CONTEXT_CONDITIONAL_ONLY,A,,"{""-1"": -1, ""1"": 1}"
E2_CONTEXT_SIGN_FLIP,42088,LEGACY_INDEPENDENT_MC,8,CONTEXT_CONDITIONAL_ONLY,A,,"{""-1"": -1, ""1"": 1}"
E2_CONTEXT_SIGN_FLIP,42088,LEGACY_INDEPENDENT_MC,16,CONTEXT_CONDITIONAL_ONLY,A,,"{""-1"": -1, ""1"": 1}"
E2_CONTEXT_SIGN_FLIP,42088,LEGACY_INDEPENDENT_MC,32,CONTEXT_CONDITIONAL_ONLY,A,,"{""-1"": -1, ""1"": 1}"
E2_CONTEXT_SIGN_FLIP,42088,LEGACY_INDEPENDENT_MC,64,CONTEXT_CONDITIONAL_ONLY,A,,"{""-1"": -1, ""1"": 1}"
E2_CONTEXT_SIGN_FLIP,42088,LEGACY_INDEPENDENT_MC,128,CONTEXT_CONDITIONAL_ONLY,A,,"{""-1"": -1, ""1"": 1}"
E2_CONTEXT_SIGN_FLIP,42088,LEGACY_INDEPENDENT_MC,256,CONTEXT_CONDITIONAL_ONLY,A,,"{""-1"": -1, ""1"": 1}"
E2_CONTEXT_SIGN_FLIP,42089,ANTITHETIC_CRN_MC,8,CONTEXT_CONDITIONAL_ONLY,A,,"{""-1"": -1, ""1"": 1}"
E2_CONTEXT_SIGN_FLIP,42089,ANTITHETIC_CRN_MC,16,CONTEXT_CONDITIONAL_ONLY,A,,"{""-1"": -1, ""1"": 1}"
E2_CONTEXT_SIGN_FLIP,42089,ANTITHETIC_CRN_MC,32,CONTEXT_CONDITIONAL_ONLY,A,,"{""-1"": -1, ""1"": 1}"
E2_CONTEXT_SIGN_FLIP,42089,ANTITHETIC_CRN_MC,64,CONTEXT_CONDITIONAL_ONLY,A,,"{""-1"": -1, ""1"": 1}"
E2_CONTEXT_SIGN_FLIP,42089,ANTITHETIC_CRN_MC,128,CONTEXT_CONDITIONAL_ONLY,A,,"{""-1"": -1, ""1"": 1}"
E2_CONTEXT_SIGN_FLIP,42089,ANTITHETIC_CRN_MC,256,CONTEXT_CONDITIONAL_ONLY,A,,"{""-1"": -1, ""1"": 1}"
E2_CONTEXT_SIGN_FLIP,42089,CRN_CHAIN_MC,8,CONTEXT_CONDITIONAL_ONLY,A,,"{""-1"": -1, ""1"": 1}"
E2_CONTEXT_SIGN_FLIP,42089,CRN_CHAIN_MC,16,CONTEXT_CONDITIONAL_ONLY,A,,"{""-1"": -1, ""1"": 1}"
E2_CONTEXT_SIGN_FLIP,42089,CRN_CHAIN_MC,32,CONTEXT_CONDITIONAL_ONLY,A,,"{""-1"": -1, ""1"": 1}"
E2_CONTEXT_SIGN_FLIP,42089,CRN_CHAIN_MC,64,CONTEXT_CONDITIONAL_ONLY,A,,"{""-1"": -1, ""1"": 1}"
E2_CONTEXT_SIGN_FLIP,42089,CRN_CHAIN_MC,128,CONTEXT_CONDITIONAL_ONLY,A,,"{""-1"": -1, ""1"": 1}"
E2_CONTEXT_SIGN_FLIP,42089,CRN_CHAIN_MC,256,CONTEXT_CONDITIONAL_ONLY,A,,"{""-1"": -1, ""1"": 1}"
E2_CONTEXT_SIGN_FLIP,42089,DOUBLE_ANTITHETIC_CRN_MC,8,CONTEXT_CONDITIONAL_ONLY,A,,"{""-1"": -1, ""1"": 1}"
E2_CONTEXT_SIGN_FLIP,42089,DOUBLE_ANTITHETIC_CRN_MC,16,CONTEXT_CONDITIONAL_ONLY,A,,"{""-1"": -1, ""1"": 1}"
E2_CONTEXT_SIGN_FLIP,42089,DOUBLE_ANTITHETIC_CRN_MC,32,CONTEXT_CONDITIONAL_ONLY,A,,"{""-1"": -1, ""1"": 1}"
E2_CONTEXT_SIGN_FLIP,42089,DOUBLE_ANTITHETIC_CRN_MC,64,CONTEXT_CONDITIONAL_ONLY,A,,"{""-1"": -1, ""1"": 1}"
E2_CONTEXT_SIGN_FLIP,42089,DOUBLE_ANTITHETIC_CRN_MC,128,CONTEXT_CONDITIONAL_ONLY,A,,"{""-1"": -1, ""1"": 1}"
E2_CONTEXT_SIGN_FLIP,42089,DOUBLE_ANTITHETIC_CRN_MC,256,CONTEXT_CONDITIONAL_ONLY,A,,"{""-1"": -1, ""1"": 1}"
E2_CONTEXT_SIGN_FLIP,42089,LEGACY_INDEPENDENT_MC,8,CONTEXT_CONDITIONAL_ONLY,A,,"{""-1"": -1, ""1"": 1}"
E2_CONTEXT_SIGN_FLIP,42089,LEGACY_INDEPENDENT_MC,16,CONTEXT_CONDITIONAL_ONLY,A,,"{""-1"": -1, ""1"": 1}"
E2_CONTEXT_SIGN_FLIP,42089,LEGACY_INDEPENDENT_MC,32,CONTEXT_CONDITIONAL_ONLY,A,,"{""-1"": -1, ""1"": 1}"
E2_CONTEXT_SIGN_FLIP,42089,LEGACY_INDEPENDENT_MC,64,CONTEXT_CONDITIONAL_ONLY,A,,"{""-1"": -1, ""1"": 1}"
E2_CONTEXT_SIGN_FLIP,42089,LEGACY_INDEPENDENT_MC,128,CONTEXT_CONDITIONAL_ONLY,A,,"{""-1"": -1, ""1"": 1}"
E2_CONTEXT_SIGN_FLIP,42089,LEGACY_INDEPENDENT_MC,256,CONTEXT_CONDITIONAL_ONLY,A,,"{""-1"": -1, ""1"": 1}"
E2_CONTEXT_SIGN_FLIP,42090,ANTITHETIC_CRN_MC,8,CONTEXT_CONDITIONAL_ONLY,A,,"{""-1"": -1, ""1"": 1}"
E2_CONTEXT_SIGN_FLIP,42090,ANTITHETIC_CRN_MC,16,CONTEXT_CONDITIONAL_ONLY,A,,"{""-1"": -1, ""1"": 1}"
E2_CONTEXT_SIGN_FLIP,42090,ANTITHETIC_CRN_MC,32,CONTEXT_CONDITIONAL_ONLY,A,,"{""-1"": -1, ""1"": 1}"
E2_CONTEXT_SIGN_FLIP,42090,ANTITHETIC_CRN_MC,64,CONTEXT_CONDITIONAL_ONLY,A,,"{""-1"": -1, ""1"": 1}"
E2_CONTEXT_SIGN_FLIP,42090,ANTITHETIC_CRN_MC,128,CONTEXT_CONDITIONAL_ONLY,A,,"{""-1"": -1, ""1"": 1}"
E2_CONTEXT_SIGN_FLIP,42090,ANTITHETIC_CRN_MC,256,CONTEXT_CONDITIONAL_ONLY,A,,"{""-1"": -1, ""1"": 1}"
E2_CONTEXT_SIGN_FLIP,42090,CRN_CHAIN_MC,8,CONTEXT_CONDITIONAL_ONLY,A,,"{""-1"": -1, ""1"": 1}"
E2_CONTEXT_SIGN_FLIP,42090,CRN_CHAIN_MC,16,CONTEXT_CONDITIONAL_ONLY,A,,"{""-1"": -1, ""1"": 1}"
E2_CONTEXT_SIGN_FLIP,42090,CRN_CHAIN_MC,32,CONTEXT_CONDITIONAL_ONLY,A,,"{""-1"": -1, ""1"": 1}"
E2_CONTEXT_SIGN_FLIP,42090,CRN_CHAIN_MC,64,CONTEXT_CONDITIONAL_ONLY,A,,"{""-1"": -1, ""1"": 1}"
E2_CONTEXT_SIGN_FLIP,42090,CRN_CHAIN_MC,128,CONTEXT_CONDITIONAL_ONLY,A,,"{""-1"": -1, ""1"": 1}"
E2_CONTEXT_SIGN_FLIP,42090,CRN_CHAIN_MC,256,CONTEXT_CONDITIONAL_ONLY,A,,"{""-1"": -1, ""1"": 1}"
E2_CONTEXT_SIGN_FLIP,42090,DOUBLE_ANTITHETIC_CRN_MC,8,CONTEXT_CONDITIONAL_ONLY,A,,"{""-1"": -1, ""1"": 1}"
E2_CONTEXT_SIGN_FLIP,42090,DOUBLE_ANTITHETIC_CRN_MC,16,CONTEXT_CONDITIONAL_ONLY,A,,"{""-1"": -1, ""1"": 1}"
E2_CONTEXT_SIGN_FLIP,42090,DOUBLE_ANTITHETIC_CRN_MC,32,CONTEXT_CONDITIONAL_ONLY,A,,"{""-1"": -1, ""1"": 1}"
E2_CONTEXT_SIGN_FLIP,42090,DOUBLE_ANTITHETIC_CRN_MC,64,CONTEXT_CONDITIONAL_ONLY,A,,"{""-1"": -1, ""1"": 1}"
E2_CONTEXT_SIGN_FLIP,42090,DOUBLE_ANTITHETIC_CRN_MC,128,CONTEXT_CONDITIONAL_ONLY,A,,"{""-1"": -1, ""1"": 1}"
E2_CONTEXT_SIGN_FLIP,42090,DOUBLE_ANTITHETIC_CRN_MC,256,CONTEXT_CONDITIONAL_ONLY,A,,"{""-1"": -1, ""1"": 1}"
E2_CONTEXT_SIGN_FLIP,42090,LEGACY_INDEPENDENT_MC,8,CONTEXT_CONDITIONAL_ONLY,A,,"{""-1"": -1, ""1"": 1}"
E2_CONTEXT_SIGN_FLIP,42090,LEGACY_INDEPENDENT_MC,16,CONTEXT_CONDITIONAL_ONLY,A,,"{""-1"": -1, ""1"": 1}"
E2_CONTEXT_SIGN_FLIP,42090,LEGACY_INDEPENDENT_MC,32,CONTEXT_CONDITIONAL_ONLY,A,,"{""-1"": -1, ""1"": 1}"
E2_CONTEXT_SIGN_FLIP,42090,LEGACY_INDEPENDENT_MC,64,CONTEXT_CONDITIONAL_ONLY,A,,"{""-1"": -1, ""1"": 1}"
E2_CONTEXT_SIGN_FLIP,42090,LEGACY_INDEPENDENT_MC,128,CONTEXT_CONDITIONAL_ONLY,A,,"{""-1"": -1, ""1"": 1}"
E2_CONTEXT_SIGN_FLIP,42090,LEGACY_INDEPENDENT_MC,256,CONTEXT_CONDITIONAL_ONLY,A,,"{""-1"": -1, ""1"": 1}"
E2_CONTEXT_SIGN_FLIP,42091,ANTITHETIC_CRN_MC,8,CONTEXT_CONDITIONAL_ONLY,A,,"{""-1"": -1, ""1"": 1}"
E2_CONTEXT_SIGN_FLIP,42091,ANTITHETIC_CRN_MC,16,CONTEXT_CONDITIONAL_ONLY,A,,"{""-1"": -1, ""1"": 1}"
E2_CONTEXT_SIGN_FLIP,42091,ANTITHETIC_CRN_MC,32,CONTEXT_CONDITIONAL_ONLY,A,,"{""-1"": -1, ""1"": 1}"
E2_CONTEXT_SIGN_FLIP,42091,ANTITHETIC_CRN_MC,64,CONTEXT_CONDITIONAL_ONLY,A,,"{""-1"": -1, ""1"": 1}"
E2_CONTEXT_SIGN_FLIP,42091,ANTITHETIC_CRN_MC,128,CONTEXT_CONDITIONAL_ONLY,A,,"{""-1"": -1, ""1"": 1}"
E2_CONTEXT_SIGN_FLIP,42091,ANTITHETIC_CRN_MC,256,CONTEXT_CONDITIONAL_ONLY,A,,"{""-1"": -1, ""1"": 1}"
E2_CONTEXT_SIGN_FLIP,42091,CRN_CHAIN_MC,8,CONTEXT_CONDITIONAL_ONLY,A,,"{""-1"": -1, ""1"": 1}"
E2_CONTEXT_SIGN_FLIP,42091,CRN_CHAIN_MC,16,CONTEXT_CONDITIONAL_ONLY,A,,"{""-1"": -1, ""1"": 1}"
E2_CONTEXT_SIGN_FLIP,42091,CRN_CHAIN_MC,32,CONTEXT_CONDITIONAL_ONLY,A,,"{""-1"": -1, ""1"": 1}"
E2_CONTEXT_SIGN_FLIP,42091,CRN_CHAIN_MC,64,CONTEXT_CONDITIONAL_ONLY,A,,"{""-1"": -1, ""1"": 1}"
E2_CONTEXT_SIGN_FLIP,42091,CRN_CHAIN_MC,128,CONTEXT_CONDITIONAL_ONLY,A,,"{""-1"": -1, ""1"": 1}"
E2_CONTEXT_SIGN_FLIP,42091,CRN_CHAIN_MC,256,CONTEXT_CONDITIONAL_ONLY,A,,"{""-1"": -1, ""1"": 1}"
E2_CONTEXT_SIGN_FLIP,42091,DOUBLE_ANTITHETIC_CRN_MC,8,CONTEXT_CONDITIONAL_ONLY,A,,"{""-1"": -1, ""1"": 1}"
E2_CONTEXT_SIGN_FLIP,42091,DOUBLE_ANTITHETIC_CRN_MC,16,CONTEXT_CONDITIONAL_ONLY,A,,"{""-1"": -1, ""1"": 1}"
E2_CONTEXT_SIGN_FLIP,42091,DOUBLE_ANTITHETIC_CRN_MC,32,CONTEXT_CONDITIONAL_ONLY,A,,"{""-1"": -1, ""1"": 1}"
E2_CONTEXT_SIGN_FLIP,42091,DOUBLE_ANTITHETIC_CRN_MC,64,CONTEXT_CONDITIONAL_ONLY,A,,"{""-1"": -1, ""1"": 1}"
E2_CONTEXT_SIGN_FLIP,42091,DOUBLE_ANTITHETIC_CRN_MC,128,CONTEXT_CONDITIONAL_ONLY,A,,"{""-1"": -1, ""1"": 1}"
E2_CONTEXT_SIGN_FLIP,42091,DOUBLE_ANTITHETIC_CRN_MC,256,CONTEXT_CONDITIONAL_ONLY,A,,"{""-1"": -1, ""1"": 1}"
E2_CONTEXT_SIGN_FLIP,42091,LEGACY_INDEPENDENT_MC,8,CONTEXT_CONDITIONAL_ONLY,A,,"{""-1"": -1, ""1"": 1}"
E2_CONTEXT_SIGN_FLIP,42091,LEGACY_INDEPENDENT_MC,16,CONTEXT_CONDITIONAL_ONLY,A,,"{""-1"": -1, ""1"": 1}"
E2_CONTEXT_SIGN_FLIP,42091,LEGACY_INDEPENDENT_MC,32,CONTEXT_CONDITIONAL_ONLY,A,,"{""-1"": -1, ""1"": 1}"
E2_CONTEXT_SIGN_FLIP,42091,LEGACY_INDEPENDENT_MC,64,CONTEXT_CONDITIONAL_ONLY,A,,"{""-1"": -1, ""1"": 1}"
E2_CONTEXT_SIGN_FLIP,42091,LEGACY_INDEPENDENT_MC,128,CONTEXT_CONDITIONAL_ONLY,A,,"{""-1"": -1, ""1"": 1}"
E2_CONTEXT_SIGN_FLIP,42091,LEGACY_INDEPENDENT_MC,256,CONTEXT_CONDITIONAL_ONLY,A,,"{""-1"": -1, ""1"": 1}"
E2_CONTEXT_SIGN_FLIP,42092,ANTITHETIC_CRN_MC,8,CONTEXT_CONDITIONAL_ONLY,A,,"{""-1"": -1, ""1"": 1}"
E2_CONTEXT_SIGN_FLIP,42092,ANTITHETIC_CRN_MC,16,CONTEXT_CONDITIONAL_ONLY,A,,"{""-1"": -1, ""1"": 1}"
E2_CONTEXT_SIGN_FLIP,42092,ANTITHETIC_CRN_MC,32,CONTEXT_CONDITIONAL_ONLY,A,,"{""-1"": -1, ""1"": 1}"
E2_CONTEXT_SIGN_FLIP,42092,ANTITHETIC_CRN_MC,64,CONTEXT_CONDITIONAL_ONLY,A,,"{""-1"": -1, ""1"": 1}"
E2_CONTEXT_SIGN_FLIP,42092,ANTITHETIC_CRN_MC,128,CONTEXT_CONDITIONAL_ONLY,A,,"{""-1"": -1, ""1"": 1}"
E2_CONTEXT_SIGN_FLIP,42092,ANTITHETIC_CRN_MC,256,CONTEXT_CONDITIONAL_ONLY,A,,"{""-1"": -1, ""1"": 1}"
E2_CONTEXT_SIGN_FLIP,42092,CRN_CHAIN_MC,8,CONTEXT_CONDITIONAL_ONLY,A,,"{""-1"": -1, ""1"": 1}"
E2_CONTEXT_SIGN_FLIP,42092,CRN_CHAIN_MC,16,CONTEXT_CONDITIONAL_ONLY,A,,"{""-1"": -1, ""1"": 1}"
E2_CONTEXT_SIGN_FLIP,42092,CRN_CHAIN_MC,32,CONTEXT_CONDITIONAL_ONLY,A,,"{""-1"": -1, ""1"": 1}"
E2_CONTEXT_SIGN_FLIP,42092,CRN_CHAIN_MC,64,CONTEXT_CONDITIONAL_ONLY,A,,"{""-1"": -1, ""1"": 1}"
E2_CONTEXT_SIGN_FLIP,42092,CRN_CHAIN_MC,128,CONTEXT_CONDITIONAL_ONLY,A,,"{""-1"": -1, ""1"": 1}"
E2_CONTEXT_SIGN_FLIP,42092,CRN_CHAIN_MC,256,CONTEXT_CONDITIONAL_ONLY,A,,"{""-1"": -1, ""1"": 1}"
E2_CONTEXT_SIGN_FLIP,42092,DOUBLE_ANTITHETIC_CRN_MC,8,CONTEXT_CONDITIONAL_ONLY,A,,"{""-1"": -1, ""1"": 1}"
E2_CONTEXT_SIGN_FLIP,42092,DOUBLE_ANTITHETIC_CRN_MC,16,CONTEXT_CONDITIONAL_ONLY,A,,"{""-1"": -1, ""1"": 1}"
E2_CONTEXT_SIGN_FLIP,42092,DOUBLE_ANTITHETIC_CRN_MC,32,CONTEXT_CONDITIONAL_ONLY,A,,"{""-1"": -1, ""1"": 1}"
E2_CONTEXT_SIGN_FLIP,42092,DOUBLE_ANTITHETIC_CRN_MC,64,CONTEXT_CONDITIONAL_ONLY,A,,"{""-1"": -1, ""1"": 1}"
E2_CONTEXT_SIGN_FLIP,42092,DOUBLE_ANTITHETIC_CRN_MC,128,CONTEXT_CONDITIONAL_ONLY,A,,"{""-1"": -1, ""1"": 1}"
E2_CONTEXT_SIGN_FLIP,42092,DOUBLE_ANTITHETIC_CRN_MC,256,CONTEXT_CONDITIONAL_ONLY,A,,"{""-1"": -1, ""1"": 1}"
E2_CONTEXT_SIGN_FLIP,42092,LEGACY_INDEPENDENT_MC,8,CONTEXT_CONDITIONAL_ONLY,A,,"{""-1"": -1, ""1"": 1}"
E2_CONTEXT_SIGN_FLIP,42092,LEGACY_INDEPENDENT_MC,16,CONTEXT_CONDITIONAL_ONLY,A,,"{""-1"": -1, ""1"": 1}"
E2_CONTEXT_SIGN_FLIP,42092,LEGACY_INDEPENDENT_MC,32,CONTEXT_CONDITIONAL_ONLY,A,,"{""-1"": -1, ""1"": 1}"
E2_CONTEXT_SIGN_FLIP,42092,LEGACY_INDEPENDENT_MC,64,CONTEXT_CONDITIONAL_ONLY,A,,"{""-1"": -1, ""1"": 1}"
E2_CONTEXT_SIGN_FLIP,42092,LEGACY_INDEPENDENT_MC,128,CONTEXT_CONDITIONAL_ONLY,A,,"{""-1"": -1, ""1"": 1}"
E2_CONTEXT_SIGN_FLIP,42092,LEGACY_INDEPENDENT_MC,256,CONTEXT_CONDITIONAL_ONLY,A,,"{""-1"": -1, ""1"": 1}"
E2_CONTEXT_SIGN_FLIP,42093,ANTITHETIC_CRN_MC,8,CONTEXT_CONDITIONAL_ONLY,A,,"{""-1"": -1, ""1"": 1}"
E2_CONTEXT_SIGN_FLIP,42093,ANTITHETIC_CRN_MC,16,CONTEXT_CONDITIONAL_ONLY,A,,"{""-1"": -1, ""1"": 1}"
E2_CONTEXT_SIGN_FLIP,42093,ANTITHETIC_CRN_MC,32,CONTEXT_CONDITIONAL_ONLY,A,,"{""-1"": -1, ""1"": 1}"
E2_CONTEXT_SIGN_FLIP,42093,ANTITHETIC_CRN_MC,64,CONTEXT_CONDITIONAL_ONLY,A,,"{""-1"": -1, ""1"": 1}"
E2_CONTEXT_SIGN_FLIP,42093,ANTITHETIC_CRN_MC,128,CONTEXT_CONDITIONAL_ONLY,A,,"{""-1"": -1, ""1"": 1}"
E2_CONTEXT_SIGN_FLIP,42093,ANTITHETIC_CRN_MC,256,CONTEXT_CONDITIONAL_ONLY,A,,"{""-1"": -1, ""1"": 1}"
E2_CONTEXT_SIGN_FLIP,42093,CRN_CHAIN_MC,8,CONTEXT_CONDITIONAL_ONLY,A,,"{""-1"": -1, ""1"": 1}"
E2_CONTEXT_SIGN_FLIP,42093,CRN_CHAIN_MC,16,CONTEXT_CONDITIONAL_ONLY,A,,"{""-1"": -1, ""1"": 1}"
E2_CONTEXT_SIGN_FLIP,42093,CRN_CHAIN_MC,32,CONTEXT_CONDITIONAL_ONLY,A,,"{""-1"": -1, ""1"": 1}"
E2_CONTEXT_SIGN_FLIP,42093,CRN_CHAIN_MC,64,CONTEXT_CONDITIONAL_ONLY,A,,"{""-1"": -1, ""1"": 1}"
E2_CONTEXT_SIGN_FLIP,42093,CRN_CHAIN_MC,128,CONTEXT_CONDITIONAL_ONLY,A,,"{""-1"": -1, ""1"": 1}"
E2_CONTEXT_SIGN_FLIP,42093,CRN_CHAIN_MC,256,CONTEXT_CONDITIONAL_ONLY,A,,"{""-1"": -1, ""1"": 1}"
E2_CONTEXT_SIGN_FLIP,42093,DOUBLE_ANTITHETIC_CRN_MC,8,CONTEXT_CONDITIONAL_ONLY,A,,"{""-1"": -1, ""1"": 1}"
E2_CONTEXT_SIGN_FLIP,42093,DOUBLE_ANTITHETIC_CRN_MC,16,CONTEXT_CONDITIONAL_ONLY,A,,"{""-1"": -1, ""1"": 1}"
E2_CONTEXT_SIGN_FLIP,42093,DOUBLE_ANTITHETIC_CRN_MC,32,CONTEXT_CONDITIONAL_ONLY,A,,"{""-1"": -1, ""1"": 1}"
E2_CONTEXT_SIGN_FLIP,42093,DOUBLE_ANTITHETIC_CRN_MC,64,CONTEXT_CONDITIONAL_ONLY,A,,"{""-1"": -1, ""1"": 1}"
E2_CONTEXT_SIGN_FLIP,42093,DOUBLE_ANTITHETIC_CRN_MC,128,CONTEXT_CONDITIONAL_ONLY,A,,"{""-1"": -1, ""1"": 1}"
E2_CONTEXT_SIGN_FLIP,42093,DOUBLE_ANTITHETIC_CRN_MC,256,CONTEXT_CONDITIONAL_ONLY,A,,"{""-1"": -1, ""1"": 1}"
E2_CONTEXT_SIGN_FLIP,42093,LEGACY_INDEPENDENT_MC,8,CONTEXT_CONDITIONAL_ONLY,A,,"{""-1"": -1, ""1"": 1}"
E2_CONTEXT_SIGN_FLIP,42093,LEGACY_INDEPENDENT_MC,16,CONTEXT_CONDITIONAL_ONLY,A,,"{""-1"": -1, ""1"": 1}"
E2_CONTEXT_SIGN_FLIP,42093,LEGACY_INDEPENDENT_MC,32,CONTEXT_CONDITIONAL_ONLY,A,,"{""-1"": -1, ""1"": 1}"
E2_CONTEXT_SIGN_FLIP,42093,LEGACY_INDEPENDENT_MC,64,CONTEXT_CONDITIONAL_ONLY,A,,"{""-1"": -1, ""1"": 1}"
E2_CONTEXT_SIGN_FLIP,42093,LEGACY_INDEPENDENT_MC,128,CONTEXT_CONDITIONAL_ONLY,A,,"{""-1"": -1, ""1"": 1}"
E2_CONTEXT_SIGN_FLIP,42093,LEGACY_INDEPENDENT_MC,256,CONTEXT_CONDITIONAL_ONLY,A,,"{""-1"": -1, ""1"": 1}"
E2_CONTEXT_SIGN_FLIP,42094,ANTITHETIC_CRN_MC,8,CONTEXT_CONDITIONAL_ONLY,A,,"{""-1"": -1, ""1"": 1}"
E2_CONTEXT_SIGN_FLIP,42094,ANTITHETIC_CRN_MC,16,CONTEXT_CONDITIONAL_ONLY,A,,"{""-1"": -1, ""1"": 1}"
E2_CONTEXT_SIGN_FLIP,42094,ANTITHETIC_CRN_MC,32,CONTEXT_CONDITIONAL_ONLY,A,,"{""-1"": -1, ""1"": 1}"
E2_CONTEXT_SIGN_FLIP,42094,ANTITHETIC_CRN_MC,64,CONTEXT_CONDITIONAL_ONLY,A,,"{""-1"": -1, ""1"": 1}"
E2_CONTEXT_SIGN_FLIP,42094,ANTITHETIC_CRN_MC,128,CONTEXT_CONDITIONAL_ONLY,A,,"{""-1"": -1, ""1"": 1}"
E2_CONTEXT_SIGN_FLIP,42094,ANTITHETIC_CRN_MC,256,CONTEXT_CONDITIONAL_ONLY,A,,"{""-1"": -1, ""1"": 1}"
E2_CONTEXT_SIGN_FLIP,42094,CRN_CHAIN_MC,8,CONTEXT_CONDITIONAL_ONLY,A,,"{""-1"": -1, ""1"": 1}"
E2_CONTEXT_SIGN_FLIP,42094,CRN_CHAIN_MC,16,CONTEXT_CONDITIONAL_ONLY,A,,"{""-1"": -1, ""1"": 1}"
E2_CONTEXT_SIGN_FLIP,42094,CRN_CHAIN_MC,32,CONTEXT_CONDITIONAL_ONLY,A,,"{""-1"": -1, ""1"": 1}"
E2_CONTEXT_SIGN_FLIP,42094,CRN_CHAIN_MC,64,CONTEXT_CONDITIONAL_ONLY,A,,"{""-1"": -1, ""1"": 1}"
E2_CONTEXT_SIGN_FLIP,42094,CRN_CHAIN_MC,128,CONTEXT_CONDITIONAL_ONLY,A,,"{""-1"": -1, ""1"": 1}"
E2_CONTEXT_SIGN_FLIP,42094,CRN_CHAIN_MC,256,CONTEXT_CONDITIONAL_ONLY,A,,"{""-1"": -1, ""1"": 1}"
E2_CONTEXT_SIGN_FLIP,42094,DOUBLE_ANTITHETIC_CRN_MC,8,CONTEXT_CONDITIONAL_ONLY,A,,"{""-1"": -1, ""1"": 1}"
E2_CONTEXT_SIGN_FLIP,42094,DOUBLE_ANTITHETIC_CRN_MC,16,CONTEXT_CONDITIONAL_ONLY,A,,"{""-1"": -1, ""1"": 1}"
E2_CONTEXT_SIGN_FLIP,42094,DOUBLE_ANTITHETIC_CRN_MC,32,CONTEXT_CONDITIONAL_ONLY,A,,"{""-1"": -1, ""1"": 1}"
E2_CONTEXT_SIGN_FLIP,42094,DOUBLE_ANTITHETIC_CRN_MC,64,CONTEXT_CONDITIONAL_ONLY,A,,"{""-1"": -1, ""1"": 1}"
E2_CONTEXT_SIGN_FLIP,42094,DOUBLE_ANTITHETIC_CRN_MC,128,CONTEXT_CONDITIONAL_ONLY,A,,"{""-1"": -1, ""1"": 1}"
E2_CONTEXT_SIGN_FLIP,42094,DOUBLE_ANTITHETIC_CRN_MC,256,CONTEXT_CONDITIONAL_ONLY,A,,"{""-1"": -1, ""1"": 1}"
E2_CONTEXT_SIGN_FLIP,42094,LEGACY_INDEPENDENT_MC,8,CONTEXT_CONDITIONAL_ONLY,A,,"{""-1"": -1, ""1"": 1}"
E2_CONTEXT_SIGN_FLIP,42094,LEGACY_INDEPENDENT_MC,16,CONTEXT_CONDITIONAL_ONLY,A,,"{""-1"": -1, ""1"": 1}"
E2_CONTEXT_SIGN_FLIP,42094,LEGACY_INDEPENDENT_MC,32,CONTEXT_CONDITIONAL_ONLY,A,,"{""-1"": -1, ""1"": 1}"
E2_CONTEXT_SIGN_FLIP,42094,LEGACY_INDEPENDENT_MC,64,CONTEXT_CONDITIONAL_ONLY,A,,"{""-1"": -1, ""1"": 1}"
E2_CONTEXT_SIGN_FLIP,42094,LEGACY_INDEPENDENT_MC,128,CONTEXT_CONDITIONAL_ONLY,A,,"{""-1"": -1, ""1"": 1}"
E2_CONTEXT_SIGN_FLIP,42094,LEGACY_INDEPENDENT_MC,256,CONTEXT_CONDITIONAL_ONLY,A,,"{""-1"": -1, ""1"": 1}"
E2_CONTEXT_SIGN_FLIP,42095,ANTITHETIC_CRN_MC,8,CONTEXT_CONDITIONAL_ONLY,A,,"{""-1"": -1, ""1"": 1}"
E2_CONTEXT_SIGN_FLIP,42095,ANTITHETIC_CRN_MC,16,CONTEXT_CONDITIONAL_ONLY,A,,"{""-1"": -1, ""1"": 1}"
E2_CONTEXT_SIGN_FLIP,42095,ANTITHETIC_CRN_MC,32,CONTEXT_CONDITIONAL_ONLY,A,,"{""-1"": -1, ""1"": 1}"
E2_CONTEXT_SIGN_FLIP,42095,ANTITHETIC_CRN_MC,64,CONTEXT_CONDITIONAL_ONLY,A,,"{""-1"": -1, ""1"": 1}"
E2_CONTEXT_SIGN_FLIP,42095,ANTITHETIC_CRN_MC,128,CONTEXT_CONDITIONAL_ONLY,A,,"{""-1"": -1, ""1"": 1}"
E2_CONTEXT_SIGN_FLIP,42095,ANTITHETIC_CRN_MC,256,CONTEXT_CONDITIONAL_ONLY,A,,"{""-1"": -1, ""1"": 1}"
E2_CONTEXT_SIGN_FLIP,42095,CRN_CHAIN_MC,8,CONTEXT_CONDITIONAL_ONLY,A,,"{""-1"": -1, ""1"": 1}"
E2_CONTEXT_SIGN_FLIP,42095,CRN_CHAIN_MC,16,CONTEXT_CONDITIONAL_ONLY,A,,"{""-1"": -1, ""1"": 1}"
E2_CONTEXT_SIGN_FLIP,42095,CRN_CHAIN_MC,32,CONTEXT_CONDITIONAL_ONLY,A,,"{""-1"": -1, ""1"": 1}"
E2_CONTEXT_SIGN_FLIP,42095,CRN_CHAIN_MC,64,CONTEXT_CONDITIONAL_ONLY,A,,"{""-1"": -1, ""1"": 1}"
E2_CONTEXT_SIGN_FLIP,42095,CRN_CHAIN_MC,128,CONTEXT_CONDITIONAL_ONLY,A,,"{""-1"": -1, ""1"": 1}"
E2_CONTEXT_SIGN_FLIP,42095,CRN_CHAIN_MC,256,CONTEXT_CONDITIONAL_ONLY,A,,"{""-1"": -1, ""1"": 1}"
E2_CONTEXT_SIGN_FLIP,42095,DOUBLE_ANTITHETIC_CRN_MC,8,CONTEXT_CONDITIONAL_ONLY,A,,"{""-1"": -1, ""1"": 1}"
E2_CONTEXT_SIGN_FLIP,42095,DOUBLE_ANTITHETIC_CRN_MC,16,CONTEXT_CONDITIONAL_ONLY,A,,"{""-1"": -1, ""1"": 1}"
E2_CONTEXT_SIGN_FLIP,42095,DOUBLE_ANTITHETIC_CRN_MC,32,CONTEXT_CONDITIONAL_ONLY,A,,"{""-1"": -1, ""1"": 1}"
E2_CONTEXT_SIGN_FLIP,42095,DOUBLE_ANTITHETIC_CRN_MC,64,CONTEXT_CONDITIONAL_ONLY,A,,"{""-1"": -1, ""1"": 1}"
E2_CONTEXT_SIGN_FLIP,42095,DOUBLE_ANTITHETIC_CRN_MC,128,CONTEXT_CONDITIONAL_ONLY,A,,"{""-1"": -1, ""1"": 1}"
E2_CONTEXT_SIGN_FLIP,42095,DOUBLE_ANTITHETIC_CRN_MC,256,CONTEXT_CONDITIONAL_ONLY,A,,"{""-1"": -1, ""1"": 1}"
E2_CONTEXT_SIGN_FLIP,42095,LEGACY_INDEPENDENT_MC,8,CONTEXT_CONDITIONAL_ONLY,A,,"{""-1"": -1, ""1"": 1}"
E2_CONTEXT_SIGN_FLIP,42095,LEGACY_INDEPENDENT_MC,16,CONTEXT_CONDITIONAL_ONLY,A,,"{""-1"": -1, ""1"": 1}"
E2_CONTEXT_SIGN_FLIP,42095,LEGACY_INDEPENDENT_MC,32,CONTEXT_CONDITIONAL_ONLY,A,,"{""-1"": -1, ""1"": 1}"
E2_CONTEXT_SIGN_FLIP,42095,LEGACY_INDEPENDENT_MC,64,CONTEXT_CONDITIONAL_ONLY,A,,"{""-1"": -1, ""1"": 1}"
E2_CONTEXT_SIGN_FLIP,42095,LEGACY_INDEPENDENT_MC,128,CONTEXT_CONDITIONAL_ONLY,A,,"{""-1"": -1, ""1"": 1}"
E2_CONTEXT_SIGN_FLIP,42095,LEGACY_INDEPENDENT_MC,256,CONTEXT_CONDITIONAL_ONLY,A,,"{""-1"": -1, ""1"": 1}"
E2_CONTEXT_SIGN_FLIP,42096,ANTITHETIC_CRN_MC,8,CONTEXT_CONDITIONAL_ONLY,A,,"{""-1"": -1, ""1"": 1}"
E2_CONTEXT_SIGN_FLIP,42096,ANTITHETIC_CRN_MC,16,CONTEXT_CONDITIONAL_ONLY,A,,"{""-1"": -1, ""1"": 1}"
E2_CONTEXT_SIGN_FLIP,42096,ANTITHETIC_CRN_MC,32,CONTEXT_CONDITIONAL_ONLY,A,,"{""-1"": -1, ""1"": 1}"
E2_CONTEXT_SIGN_FLIP,42096,ANTITHETIC_CRN_MC,64,CONTEXT_CONDITIONAL_ONLY,A,,"{""-1"": -1, ""1"": 1}"
E2_CONTEXT_SIGN_FLIP,42096,ANTITHETIC_CRN_MC,128,CONTEXT_CONDITIONAL_ONLY,A,,"{""-1"": -1, ""1"": 1}"
E2_CONTEXT_SIGN_FLIP,42096,ANTITHETIC_CRN_MC,256,CONTEXT_CONDITIONAL_ONLY,A,,"{""-1"": -1, ""1"": 1}"
E2_CONTEXT_SIGN_FLIP,42096,CRN_CHAIN_MC,8,CONTEXT_CONDITIONAL_ONLY,A,,"{""-1"": -1, ""1"": 1}"
E2_CONTEXT_SIGN_FLIP,42096,CRN_CHAIN_MC,16,CONTEXT_CONDITIONAL_ONLY,A,,"{""-1"": -1, ""1"": 1}"
E2_CONTEXT_SIGN_FLIP,42096,CRN_CHAIN_MC,32,CONTEXT_CONDITIONAL_ONLY,A,,"{""-1"": -1, ""1"": 1}"
E2_CONTEXT_SIGN_FLIP,42096,CRN_CHAIN_MC,64,CONTEXT_CONDITIONAL_ONLY,A,,"{""-1"": -1, ""1"": 1}"
E2_CONTEXT_SIGN_FLIP,42096,CRN_CHAIN_MC,128,CONTEXT_CONDITIONAL_ONLY,A,,"{""-1"": -1, ""1"": 1}"
E2_CONTEXT_SIGN_FLIP,42096,CRN_CHAIN_MC,256,CONTEXT_CONDITIONAL_ONLY,A,,"{""-1"": -1, ""1"": 1}"
E2_CONTEXT_SIGN_FLIP,42096,DOUBLE_ANTITHETIC_CRN_MC,8,CONTEXT_CONDITIONAL_ONLY,A,,"{""-1"": -1, ""1"": 1}"
E2_CONTEXT_SIGN_FLIP,42096,DOUBLE_ANTITHETIC_CRN_MC,16,CONTEXT_CONDITIONAL_ONLY,A,,"{""-1"": -1, ""1"": 1}"
E2_CONTEXT_SIGN_FLIP,42096,DOUBLE_ANTITHETIC_CRN_MC,32,CONTEXT_CONDITIONAL_ONLY,A,,"{""-1"": -1, ""1"": 1}"
E2_CONTEXT_SIGN_FLIP,42096,DOUBLE_ANTITHETIC_CRN_MC,64,CONTEXT_CONDITIONAL_ONLY,A,,"{""-1"": -1, ""1"": 1}"
E2_CONTEXT_SIGN_FLIP,42096,DOUBLE_ANTITHETIC_CRN_MC,128,CONTEXT_CONDITIONAL_ONLY,A,,"{""-1"": -1, ""1"": 1}"
E2_CONTEXT_SIGN_FLIP,42096,DOUBLE_ANTITHETIC_CRN_MC,256,CONTEXT_CONDITIONAL_ONLY,A,,"{""-1"": -1, ""1"": 1}"
E2_CONTEXT_SIGN_FLIP,42096,LEGACY_INDEPENDENT_MC,8,CONTEXT_CONDITIONAL_ONLY,A,,"{""-1"": -1, ""1"": 1}"
E2_CONTEXT_SIGN_FLIP,42096,LEGACY_INDEPENDENT_MC,16,CONTEXT_CONDITIONAL_ONLY,A,,"{""-1"": -1, ""1"": 1}"
E2_CONTEXT_SIGN_FLIP,42096,LEGACY_INDEPENDENT_MC,32,CONTEXT_CONDITIONAL_ONLY,A,,"{""-1"": -1, ""1"": 1}"
E2_CONTEXT_SIGN_FLIP,42096,LEGACY_INDEPENDENT_MC,64,CONTEXT_CONDITIONAL_ONLY,A,,"{""-1"": -1, ""1"": 1}"
E2_CONTEXT_SIGN_FLIP,42096,LEGACY_INDEPENDENT_MC,128,CONTEXT_CONDITIONAL_ONLY,A,,"{""-1"": -1, ""1"": 1}"
E2_CONTEXT_SIGN_FLIP,42096,LEGACY_INDEPENDENT_MC,256,CONTEXT_CONDITIONAL_ONLY,A,,"{""-1"": -1, ""1"": 1}"
E2_CONTEXT_SIGN_FLIP,42097,ANTITHETIC_CRN_MC,8,CONTEXT_CONDITIONAL_ONLY,A,,"{""-1"": -1, ""1"": 1}"
E2_CONTEXT_SIGN_FLIP,42097,ANTITHETIC_CRN_MC,16,CONTEXT_CONDITIONAL_ONLY,A,,"{""-1"": -1, ""1"": 1}"
E2_CONTEXT_SIGN_FLIP,42097,ANTITHETIC_CRN_MC,32,CONTEXT_CONDITIONAL_ONLY,A,,"{""-1"": -1, ""1"": 1}"
E2_CONTEXT_SIGN_FLIP,42097,ANTITHETIC_CRN_MC,64,CONTEXT_CONDITIONAL_ONLY,A,,"{""-1"": -1, ""1"": 1}"
E2_CONTEXT_SIGN_FLIP,42097,ANTITHETIC_CRN_MC,128,CONTEXT_CONDITIONAL_ONLY,A,,"{""-1"": -1, ""1"": 1}"
E2_CONTEXT_SIGN_FLIP,42097,ANTITHETIC_CRN_MC,256,CONTEXT_CONDITIONAL_ONLY,A,,"{""-1"": -1, ""1"": 1}"
E2_CONTEXT_SIGN_FLIP,42097,CRN_CHAIN_MC,8,CONTEXT_CONDITIONAL_ONLY,A,,"{""-1"": -1, ""1"": 1}"
E2_CONTEXT_SIGN_FLIP,42097,CRN_CHAIN_MC,16,CONTEXT_CONDITIONAL_ONLY,A,,"{""-1"": -1, ""1"": 1}"
E2_CONTEXT_SIGN_FLIP,42097,CRN_CHAIN_MC,32,CONTEXT_CONDITIONAL_ONLY,A,,"{""-1"": -1, ""1"": 1}"
E2_CONTEXT_SIGN_FLIP,42097,CRN_CHAIN_MC,64,CONTEXT_CONDITIONAL_ONLY,A,,"{""-1"": -1, ""1"": 1}"
E2_CONTEXT_SIGN_FLIP,42097,CRN_CHAIN_MC,128,CONTEXT_CONDITIONAL_ONLY,A,,"{""-1"": -1, ""1"": 1}"
E2_CONTEXT_SIGN_FLIP,42097,CRN_CHAIN_MC,256,CONTEXT_CONDITIONAL_ONLY,A,,"{""-1"": -1, ""1"": 1}"
E2_CONTEXT_SIGN_FLIP,42097,DOUBLE_ANTITHETIC_CRN_MC,8,CONTEXT_CONDITIONAL_ONLY,A,,"{""-1"": -1, ""1"": 1}"
E2_CONTEXT_SIGN_FLIP,42097,DOUBLE_ANTITHETIC_CRN_MC,16,CONTEXT_CONDITIONAL_ONLY,A,,"{""-1"": -1, ""1"": 1}"
E2_CONTEXT_SIGN_FLIP,42097,DOUBLE_ANTITHETIC_CRN_MC,32,CONTEXT_CONDITIONAL_ONLY,A,,"{""-1"": -1, ""1"": 1}"
E2_CONTEXT_SIGN_FLIP,42097,DOUBLE_ANTITHETIC_CRN_MC,64,CONTEXT_CONDITIONAL_ONLY,A,,"{""-1"": -1, ""1"": 1}"
E2_CONTEXT_SIGN_FLIP,42097,DOUBLE_ANTITHETIC_CRN_MC,128,CONTEXT_CONDITIONAL_ONLY,A,,"{""-1"": -1, ""1"": 1}"
E2_CONTEXT_SIGN_FLIP,42097,DOUBLE_ANTITHETIC_CRN_MC,256,CONTEXT_CONDITIONAL_ONLY,A,,"{""-1"": -1, ""1"": 1}"
E2_CONTEXT_SIGN_FLIP,42097,LEGACY_INDEPENDENT_MC,8,CONTEXT_CONDITIONAL_ONLY,A,,"{""-1"": -1, ""1"": 1}"
E2_CONTEXT_SIGN_FLIP,42097,LEGACY_INDEPENDENT_MC,16,CONTEXT_CONDITIONAL_ONLY,A,,"{""-1"": -1, ""1"": 1}"
E2_CONTEXT_SIGN_FLIP,42097,LEGACY_INDEPENDENT_MC,32,CONTEXT_CONDITIONAL_ONLY,A,,"{""-1"": -1, ""1"": 1}"
E2_CONTEXT_SIGN_FLIP,42097,LEGACY_INDEPENDENT_MC,64,CONTEXT_CONDITIONAL_ONLY,A,,"{""-1"": -1, ""1"": 1}"
E2_CONTEXT_SIGN_FLIP,42097,LEGACY_INDEPENDENT_MC,128,CONTEXT_CONDITIONAL_ONLY,A,,"{""-1"": -1, ""1"": 1}"
E2_CONTEXT_SIGN_FLIP,42097,LEGACY_INDEPENDENT_MC,256,CONTEXT_CONDITIONAL_ONLY,A,,"{""-1"": -1, ""1"": 1}"
E2_CONTEXT_SIGN_FLIP,42098,ANTITHETIC_CRN_MC,8,CONTEXT_CONDITIONAL_ONLY,A,,"{""-1"": -1, ""1"": 1}"
E2_CONTEXT_SIGN_FLIP,42098,ANTITHETIC_CRN_MC,16,CONTEXT_CONDITIONAL_ONLY,A,,"{""-1"": -1, ""1"": 1}"
E2_CONTEXT_SIGN_FLIP,42098,ANTITHETIC_CRN_MC,32,CONTEXT_CONDITIONAL_ONLY,A,,"{""-1"": -1, ""1"": 1}"
E2_CONTEXT_SIGN_FLIP,42098,ANTITHETIC_CRN_MC,64,CONTEXT_CONDITIONAL_ONLY,A,,"{""-1"": -1, ""1"": 1}"
E2_CONTEXT_SIGN_FLIP,42098,ANTITHETIC_CRN_MC,128,CONTEXT_CONDITIONAL_ONLY,A,,"{""-1"": -1, ""1"": 1}"
E2_CONTEXT_SIGN_FLIP,42098,ANTITHETIC_CRN_MC,256,CONTEXT_CONDITIONAL_ONLY,A,,"{""-1"": -1, ""1"": 1}"
E2_CONTEXT_SIGN_FLIP,42098,CRN_CHAIN_MC,8,CONTEXT_CONDITIONAL_ONLY,A,,"{""-1"": -1, ""1"": 1}"
E2_CONTEXT_SIGN_FLIP,42098,CRN_CHAIN_MC,16,CONTEXT_CONDITIONAL_ONLY,A,,"{""-1"": -1, ""1"": 1}"
E2_CONTEXT_SIGN_FLIP,42098,CRN_CHAIN_MC,32,CONTEXT_CONDITIONAL_ONLY,A,,"{""-1"": -1, ""1"": 1}"
E2_CONTEXT_SIGN_FLIP,42098,CRN_CHAIN_MC,64,CONTEXT_CONDITIONAL_ONLY,A,,"{""-1"": -1, ""1"": 1}"
E2_CONTEXT_SIGN_FLIP,42098,CRN_CHAIN_MC,128,CONTEXT_CONDITIONAL_ONLY,A,,"{""-1"": -1, ""1"": 1}"
E2_CONTEXT_SIGN_FLIP,42098,CRN_CHAIN_MC,256,CONTEXT_CONDITIONAL_ONLY,A,,"{""-1"": -1, ""1"": 1}"
E2_CONTEXT_SIGN_FLIP,42098,DOUBLE_ANTITHETIC_CRN_MC,8,CONTEXT_CONDITIONAL_ONLY,A,,"{""-1"": -1, ""1"": 1}"
E2_CONTEXT_SIGN_FLIP,42098,DOUBLE_ANTITHETIC_CRN_MC,16,CONTEXT_CONDITIONAL_ONLY,A,,"{""-1"": -1, ""1"": 1}"
E2_CONTEXT_SIGN_FLIP,42098,DOUBLE_ANTITHETIC_CRN_MC,32,CONTEXT_CONDITIONAL_ONLY,A,,"{""-1"": -1, ""1"": 1}"
E2_CONTEXT_SIGN_FLIP,42098,DOUBLE_ANTITHETIC_CRN_MC,64,CONTEXT_CONDITIONAL_ONLY,A,,"{""-1"": -1, ""1"": 1}"
E2_CONTEXT_SIGN_FLIP,42098,DOUBLE_ANTITHETIC_CRN_MC,128,CONTEXT_CONDITIONAL_ONLY,A,,"{""-1"": -1, ""1"": 1}"
E2_CONTEXT_SIGN_FLIP,42098,DOUBLE_ANTITHETIC_CRN_MC,256,CONTEXT_CONDITIONAL_ONLY,A,,"{""-1"": -1, ""1"": 1}"
E2_CONTEXT_SIGN_FLIP,42098,LEGACY_INDEPENDENT_MC,8,CONTEXT_CONDITIONAL_ONLY,A,,"{""-1"": -1, ""1"": 1}"
E2_CONTEXT_SIGN_FLIP,42098,LEGACY_INDEPENDENT_MC,16,CONTEXT_CONDITIONAL_ONLY,A,,"{""-1"": -1, ""1"": 1}"
E2_CONTEXT_SIGN_FLIP,42098,LEGACY_INDEPENDENT_MC,32,CONTEXT_CONDITIONAL_ONLY,A,,"{""-1"": -1, ""1"": 1}"
E2_CONTEXT_SIGN_FLIP,42098,LEGACY_INDEPENDENT_MC,64,CONTEXT_CONDITIONAL_ONLY,A,,"{""-1"": -1, ""1"": 1}"
E2_CONTEXT_SIGN_FLIP,42098,LEGACY_INDEPENDENT_MC,128,CONTEXT_CONDITIONAL_ONLY,A,,"{""-1"": -1, ""1"": 1}"
E2_CONTEXT_SIGN_FLIP,42098,LEGACY_INDEPENDENT_MC,256,CONTEXT_CONDITIONAL_ONLY,A,,"{""-1"": -1, ""1"": 1}"
E2_CONTEXT_SIGN_FLIP,42099,ANTITHETIC_CRN_MC,8,CONTEXT_CONDITIONAL_ONLY,A,,"{""-1"": -1, ""1"": 1}"
E2_CONTEXT_SIGN_FLIP,42099,ANTITHETIC_CRN_MC,16,CONTEXT_CONDITIONAL_ONLY,A,,"{""-1"": -1, ""1"": 1}"
E2_CONTEXT_SIGN_FLIP,42099,ANTITHETIC_CRN_MC,32,CONTEXT_CONDITIONAL_ONLY,A,,"{""-1"": -1, ""1"": 1}"
E2_CONTEXT_SIGN_FLIP,42099,ANTITHETIC_CRN_MC,64,CONTEXT_CONDITIONAL_ONLY,A,,"{""-1"": -1, ""1"": 1}"
E2_CONTEXT_SIGN_FLIP,42099,ANTITHETIC_CRN_MC,128,CONTEXT_CONDITIONAL_ONLY,A,,"{""-1"": -1, ""1"": 1}"
E2_CONTEXT_SIGN_FLIP,42099,ANTITHETIC_CRN_MC,256,CONTEXT_CONDITIONAL_ONLY,A,,"{""-1"": -1, ""1"": 1}"
E2_CONTEXT_SIGN_FLIP,42099,CRN_CHAIN_MC,8,CONTEXT_CONDITIONAL_ONLY,A,,"{""-1"": -1, ""1"": 1}"
E2_CONTEXT_SIGN_FLIP,42099,CRN_CHAIN_MC,16,CONTEXT_CONDITIONAL_ONLY,A,,"{""-1"": -1, ""1"": 1}"
E2_CONTEXT_SIGN_FLIP,42099,CRN_CHAIN_MC,32,CONTEXT_CONDITIONAL_ONLY,A,,"{""-1"": -1, ""1"": 1}"
E2_CONTEXT_SIGN_FLIP,42099,CRN_CHAIN_MC,64,CONTEXT_CONDITIONAL_ONLY,A,,"{""-1"": -1, ""1"": 1}"
E2_CONTEXT_SIGN_FLIP,42099,CRN_CHAIN_MC,128,CONTEXT_CONDITIONAL_ONLY,A,,"{""-1"": -1, ""1"": 1}"
E2_CONTEXT_SIGN_FLIP,42099,CRN_CHAIN_MC,256,CONTEXT_CONDITIONAL_ONLY,A,,"{""-1"": -1, ""1"": 1}"
E2_CONTEXT_SIGN_FLIP,42099,DOUBLE_ANTITHETIC_CRN_MC,8,CONTEXT_CONDITIONAL_ONLY,A,,"{""-1"": -1, ""1"": 1}"
E2_CONTEXT_SIGN_FLIP,42099,DOUBLE_ANTITHETIC_CRN_MC,16,CONTEXT_CONDITIONAL_ONLY,A,,"{""-1"": -1, ""1"": 1}"
E2_CONTEXT_SIGN_FLIP,42099,DOUBLE_ANTITHETIC_CRN_MC,32,CONTEXT_CONDITIONAL_ONLY,A,,"{""-1"": -1, ""1"": 1}"
E2_CONTEXT_SIGN_FLIP,42099,DOUBLE_ANTITHETIC_CRN_MC,64,CONTEXT_CONDITIONAL_ONLY,A,,"{""-1"": -1, ""1"": 1}"
E2_CONTEXT_SIGN_FLIP,42099,DOUBLE_ANTITHETIC_CRN_MC,128,CONTEXT_CONDITIONAL_ONLY,A,,"{""-1"": -1, ""1"": 1}"
E2_CONTEXT_SIGN_FLIP,42099,DOUBLE_ANTITHETIC_CRN_MC,256,CONTEXT_CONDITIONAL_ONLY,A,,"{""-1"": -1, ""1"": 1}"
E2_CONTEXT_SIGN_FLIP,42099,LEGACY_INDEPENDENT_MC,8,CONTEXT_CONDITIONAL_ONLY,A,,"{""-1"": -1, ""1"": 1}"
E2_CONTEXT_SIGN_FLIP,42099,LEGACY_INDEPENDENT_MC,16,CONTEXT_CONDITIONAL_ONLY,A,,"{""-1"": -1, ""1"": 1}"
E2_CONTEXT_SIGN_FLIP,42099,LEGACY_INDEPENDENT_MC,32,CONTEXT_CONDITIONAL_ONLY,A,,"{""-1"": -1, ""1"": 1}"
E2_CONTEXT_SIGN_FLIP,42099,LEGACY_INDEPENDENT_MC,64,CONTEXT_CONDITIONAL_ONLY,A,,"{""-1"": -1, ""1"": 1}"
E2_CONTEXT_SIGN_FLIP,42099,LEGACY_INDEPENDENT_MC,128,CONTEXT_CONDITIONAL_ONLY,A,,"{""-1"": -1, ""1"": 1}"
E2_CONTEXT_SIGN_FLIP,42099,LEGACY_INDEPENDENT_MC,256,CONTEXT_CONDITIONAL_ONLY,A,,"{""-1"": -1, ""1"": 1}"
E2_CONTEXT_SIGN_FLIP,42100,ANTITHETIC_CRN_MC,8,CONTEXT_CONDITIONAL_ONLY,A,,"{""-1"": -1, ""1"": 1}"
E2_CONTEXT_SIGN_FLIP,42100,ANTITHETIC_CRN_MC,16,CONTEXT_CONDITIONAL_ONLY,A,,"{""-1"": -1, ""1"": 1}"
E2_CONTEXT_SIGN_FLIP,42100,ANTITHETIC_CRN_MC,32,CONTEXT_CONDITIONAL_ONLY,A,,"{""-1"": -1, ""1"": 1}"
E2_CONTEXT_SIGN_FLIP,42100,ANTITHETIC_CRN_MC,64,CONTEXT_CONDITIONAL_ONLY,A,,"{""-1"": -1, ""1"": 1}"
E2_CONTEXT_SIGN_FLIP,42100,ANTITHETIC_CRN_MC,128,CONTEXT_CONDITIONAL_ONLY,A,,"{""-1"": -1, ""1"": 1}"
E2_CONTEXT_SIGN_FLIP,42100,ANTITHETIC_CRN_MC,256,CONTEXT_CONDITIONAL_ONLY,A,,"{""-1"": -1, ""1"": 1}"
E2_CONTEXT_SIGN_FLIP,42100,CRN_CHAIN_MC,8,CONTEXT_CONDITIONAL_ONLY,A,,"{""-1"": -1, ""1"": 1}"
E2_CONTEXT_SIGN_FLIP,42100,CRN_CHAIN_MC,16,CONTEXT_CONDITIONAL_ONLY,A,,"{""-1"": -1, ""1"": 1}"
E2_CONTEXT_SIGN_FLIP,42100,CRN_CHAIN_MC,32,CONTEXT_CONDITIONAL_ONLY,A,,"{""-1"": -1, ""1"": 1}"
E2_CONTEXT_SIGN_FLIP,42100,CRN_CHAIN_MC,64,CONTEXT_CONDITIONAL_ONLY,A,,"{""-1"": -1, ""1"": 1}"
E2_CONTEXT_SIGN_FLIP,42100,CRN_CHAIN_MC,128,CONTEXT_CONDITIONAL_ONLY,A,,"{""-1"": -1, ""1"": 1}"
E2_CONTEXT_SIGN_FLIP,42100,CRN_CHAIN_MC,256,CONTEXT_CONDITIONAL_ONLY,A,,"{""-1"": -1, ""1"": 1}"
E2_CONTEXT_SIGN_FLIP,42100,DOUBLE_ANTITHETIC_CRN_MC,8,CONTEXT_CONDITIONAL_ONLY,A,,"{""-1"": -1, ""1"": 1}"
E2_CONTEXT_SIGN_FLIP,42100,DOUBLE_ANTITHETIC_CRN_MC,16,CONTEXT_CONDITIONAL_ONLY,A,,"{""-1"": -1, ""1"": 1}"
E2_CONTEXT_SIGN_FLIP,42100,DOUBLE_ANTITHETIC_CRN_MC,32,CONTEXT_CONDITIONAL_ONLY,A,,"{""-1"": -1, ""1"": 1}"
E2_CONTEXT_SIGN_FLIP,42100,DOUBLE_ANTITHETIC_CRN_MC,64,CONTEXT_CONDITIONAL_ONLY,A,,"{""-1"": -1, ""1"": 1}"
E2_CONTEXT_SIGN_FLIP,42100,DOUBLE_ANTITHETIC_CRN_MC,128,CONTEXT_CONDITIONAL_ONLY,A,,"{""-1"": -1, ""1"": 1}"
E2_CONTEXT_SIGN_FLIP,42100,DOUBLE_ANTITHETIC_CRN_MC,256,CONTEXT_CONDITIONAL_ONLY,A,,"{""-1"": -1, ""1"": 1}"
E2_CONTEXT_SIGN_FLIP,42100,LEGACY_INDEPENDENT_MC,8,CONTEXT_CONDITIONAL_ONLY,A,,"{""-1"": -1, ""1"": 1}"
E2_CONTEXT_SIGN_FLIP,42100,LEGACY_INDEPENDENT_MC,16,CONTEXT_CONDITIONAL_ONLY,A,,"{""-1"": -1, ""1"": 1}"
E2_CONTEXT_SIGN_FLIP,42100,LEGACY_INDEPENDENT_MC,32,CONTEXT_CONDITIONAL_ONLY,A,,"{""-1"": -1, ""1"": 1}"
E2_CONTEXT_SIGN_FLIP,42100,LEGACY_INDEPENDENT_MC,64,CONTEXT_CONDITIONAL_ONLY,A,,"{""-1"": -1, ""1"": 1}"
E2_CONTEXT_SIGN_FLIP,42100,LEGACY_INDEPENDENT_MC,128,CONTEXT_CONDITIONAL_ONLY,A,,"{""-1"": -1, ""1"": 1}"
E2_CONTEXT_SIGN_FLIP,42100,LEGACY_INDEPENDENT_MC,256,CONTEXT_CONDITIONAL_ONLY,A,,"{""-1"": -1, ""1"": 1}"
E2_CONTEXT_SIGN_FLIP,42101,ANTITHETIC_CRN_MC,8,CONTEXT_CONDITIONAL_ONLY,A,,"{""-1"": -1, ""1"": 1}"
E2_CONTEXT_SIGN_FLIP,42101,ANTITHETIC_CRN_MC,16,CONTEXT_CONDITIONAL_ONLY,A,,"{""-1"": -1, ""1"": 1}"
E2_CONTEXT_SIGN_FLIP,42101,ANTITHETIC_CRN_MC,32,CONTEXT_CONDITIONAL_ONLY,A,,"{""-1"": -1, ""1"": 1}"
E2_CONTEXT_SIGN_FLIP,42101,ANTITHETIC_CRN_MC,64,CONTEXT_CONDITIONAL_ONLY,A,,"{""-1"": -1, ""1"": 1}"
E2_CONTEXT_SIGN_FLIP,42101,ANTITHETIC_CRN_MC,128,CONTEXT_CONDITIONAL_ONLY,A,,"{""-1"": -1, ""1"": 1}"
E2_CONTEXT_SIGN_FLIP,42101,ANTITHETIC_CRN_MC,256,CONTEXT_CONDITIONAL_ONLY,A,,"{""-1"": -1, ""1"": 1}"
E2_CONTEXT_SIGN_FLIP,42101,CRN_CHAIN_MC,8,CONTEXT_CONDITIONAL_ONLY,A,,"{""-1"": -1, ""1"": 1}"
E2_CONTEXT_SIGN_FLIP,42101,CRN_CHAIN_MC,16,CONTEXT_CONDITIONAL_ONLY,A,,"{""-1"": -1, ""1"": 1}"
E2_CONTEXT_SIGN_FLIP,42101,CRN_CHAIN_MC,32,CONTEXT_CONDITIONAL_ONLY,A,,"{""-1"": -1, ""1"": 1}"
E2_CONTEXT_SIGN_FLIP,42101,CRN_CHAIN_MC,64,CONTEXT_CONDITIONAL_ONLY,A,,"{""-1"": -1, ""1"": 1}"
E2_CONTEXT_SIGN_FLIP,42101,CRN_CHAIN_MC,128,CONTEXT_CONDITIONAL_ONLY,A,,"{""-1"": -1, ""1"": 1}"
E2_CONTEXT_SIGN_FLIP,42101,CRN_CHAIN_MC,256,CONTEXT_CONDITIONAL_ONLY,A,,"{""-1"": -1, ""1"": 1}"
E2_CONTEXT_SIGN_FLIP,42101,DOUBLE_ANTITHETIC_CRN_MC,8,CONTEXT_CONDITIONAL_ONLY,A,,"{""-1"": -1, ""1"": 1}"
E2_CONTEXT_SIGN_FLIP,42101,DOUBLE_ANTITHETIC_CRN_MC,16,CONTEXT_CONDITIONAL_ONLY,A,,"{""-1"": -1, ""1"": 1}"
E2_CONTEXT_SIGN_FLIP,42101,DOUBLE_ANTITHETIC_CRN_MC,32,CONTEXT_CONDITIONAL_ONLY,A,,"{""-1"": -1, ""1"": 1}"
E2_CONTEXT_SIGN_FLIP,42101,DOUBLE_ANTITHETIC_CRN_MC,64,CONTEXT_CONDITIONAL_ONLY,A,,"{""-1"": -1, ""1"": 1}"
E2_CONTEXT_SIGN_FLIP,42101,DOUBLE_ANTITHETIC_CRN_MC,128,CONTEXT_CONDITIONAL_ONLY,A,,"{""-1"": -1, ""1"": 1}"
E2_CONTEXT_SIGN_FLIP,42101,DOUBLE_ANTITHETIC_CRN_MC,256,CONTEXT_CONDITIONAL_ONLY,A,,"{""-1"": -1, ""1"": 1}"
E2_CONTEXT_SIGN_FLIP,42101,LEGACY_INDEPENDENT_MC,8,CONTEXT_CONDITIONAL_ONLY,A,,"{""-1"": -1, ""1"": 1}"
E2_CONTEXT_SIGN_FLIP,42101,LEGACY_INDEPENDENT_MC,16,CONTEXT_CONDITIONAL_ONLY,A,,"{""-1"": -1, ""1"": 1}"
E2_CONTEXT_SIGN_FLIP,42101,LEGACY_INDEPENDENT_MC,32,CONTEXT_CONDITIONAL_ONLY,A,,"{""-1"": -1, ""1"": 1}"
E2_CONTEXT_SIGN_FLIP,42101,LEGACY_INDEPENDENT_MC,64,CONTEXT_CONDITIONAL_ONLY,A,,"{""-1"": -1, ""1"": 1}"
E2_CONTEXT_SIGN_FLIP,42101,LEGACY_INDEPENDENT_MC,128,CONTEXT_CONDITIONAL_ONLY,A,,"{""-1"": -1, ""1"": 1}"
E2_CONTEXT_SIGN_FLIP,42101,LEGACY_INDEPENDENT_MC,256,CONTEXT_CONDITIONAL_ONLY,A,,"{""-1"": -1, ""1"": 1}"
E2_CONTEXT_SIGN_FLIP,42102,ANTITHETIC_CRN_MC,8,CONTEXT_CONDITIONAL_ONLY,A,,"{""-1"": -1, ""1"": 1}"
E2_CONTEXT_SIGN_FLIP,42102,ANTITHETIC_CRN_MC,16,CONTEXT_CONDITIONAL_ONLY,A,,"{""-1"": -1, ""1"": 1}"
E2_CONTEXT_SIGN_FLIP,42102,ANTITHETIC_CRN_MC,32,CONTEXT_CONDITIONAL_ONLY,A,,"{""-1"": -1, ""1"": 1}"
E2_CONTEXT_SIGN_FLIP,42102,ANTITHETIC_CRN_MC,64,CONTEXT_CONDITIONAL_ONLY,A,,"{""-1"": -1, ""1"": 1}"
E2_CONTEXT_SIGN_FLIP,42102,ANTITHETIC_CRN_MC,128,CONTEXT_CONDITIONAL_ONLY,A,,"{""-1"": -1, ""1"": 1}"
E2_CONTEXT_SIGN_FLIP,42102,ANTITHETIC_CRN_MC,256,CONTEXT_CONDITIONAL_ONLY,A,,"{""-1"": -1, ""1"": 1}"
E2_CONTEXT_SIGN_FLIP,42102,CRN_CHAIN_MC,8,CONTEXT_CONDITIONAL_ONLY,A,,"{""-1"": -1, ""1"": 1}"
E2_CONTEXT_SIGN_FLIP,42102,CRN_CHAIN_MC,16,CONTEXT_CONDITIONAL_ONLY,A,,"{""-1"": -1, ""1"": 1}"
E2_CONTEXT_SIGN_FLIP,42102,CRN_CHAIN_MC,32,CONTEXT_CONDITIONAL_ONLY,A,,"{""-1"": -1, ""1"": 1}"
E2_CONTEXT_SIGN_FLIP,42102,CRN_CHAIN_MC,64,CONTEXT_CONDITIONAL_ONLY,A,,"{""-1"": -1, ""1"": 1}"
E2_CONTEXT_SIGN_FLIP,42102,CRN_CHAIN_MC,128,CONTEXT_CONDITIONAL_ONLY,A,,"{""-1"": -1, ""1"": 1}"
E2_CONTEXT_SIGN_FLIP,42102,CRN_CHAIN_MC,256,CONTEXT_CONDITIONAL_ONLY,A,,"{""-1"": -1, ""1"": 1}"
E2_CONTEXT_SIGN_FLIP,42102,DOUBLE_ANTITHETIC_CRN_MC,8,CONTEXT_CONDITIONAL_ONLY,A,,"{""-1"": -1, ""1"": 1}"
E2_CONTEXT_SIGN_FLIP,42102,DOUBLE_ANTITHETIC_CRN_MC,16,CONTEXT_CONDITIONAL_ONLY,A,,"{""-1"": -1, ""1"": 1}"
E2_CONTEXT_SIGN_FLIP,42102,DOUBLE_ANTITHETIC_CRN_MC,32,CONTEXT_CONDITIONAL_ONLY,A,,"{""-1"": -1, ""1"": 1}"
E2_CONTEXT_SIGN_FLIP,42102,DOUBLE_ANTITHETIC_CRN_MC,64,CONTEXT_CONDITIONAL_ONLY,A,,"{""-1"": -1, ""1"": 1}"
E2_CONTEXT_SIGN_FLIP,42102,DOUBLE_ANTITHETIC_CRN_MC,128,CONTEXT_CONDITIONAL_ONLY,A,,"{""-1"": -1, ""1"": 1}"
E2_CONTEXT_SIGN_FLIP,42102,DOUBLE_ANTITHETIC_CRN_MC,256,CONTEXT_CONDITIONAL_ONLY,A,,"{""-1"": -1, ""1"": 1}"
E2_CONTEXT_SIGN_FLIP,42102,LEGACY_INDEPENDENT_MC,8,CONTEXT_CONDITIONAL_ONLY,A,,"{""-1"": -1, ""1"": 1}"
E2_CONTEXT_SIGN_FLIP,42102,LEGACY_INDEPENDENT_MC,16,CONTEXT_CONDITIONAL_ONLY,A,,"{""-1"": -1, ""1"": 1}"
E2_CONTEXT_SIGN_FLIP,42102,LEGACY_INDEPENDENT_MC,32,CONTEXT_CONDITIONAL_ONLY,A,,"{""-1"": -1, ""1"": 1}"
E2_CONTEXT_SIGN_FLIP,42102,LEGACY_INDEPENDENT_MC,64,CONTEXT_CONDITIONAL_ONLY,A,,"{""-1"": -1, ""1"": 1}"
E2_CONTEXT_SIGN_FLIP,42102,LEGACY_INDEPENDENT_MC,128,CONTEXT_CONDITIONAL_ONLY,A,,"{""-1"": -1, ""1"": 1}"
E2_CONTEXT_SIGN_FLIP,42102,LEGACY_INDEPENDENT_MC,256,CONTEXT_CONDITIONAL_ONLY,A,,"{""-1"": -1, ""1"": 1}"
E2_CONTEXT_SIGN_FLIP,42103,ANTITHETIC_CRN_MC,8,CONTEXT_CONDITIONAL_ONLY,A,,"{""-1"": -1, ""1"": 1}"
E2_CONTEXT_SIGN_FLIP,42103,ANTITHETIC_CRN_MC,16,CONTEXT_CONDITIONAL_ONLY,A,,"{""-1"": -1, ""1"": 1}"
E2_CONTEXT_SIGN_FLIP,42103,ANTITHETIC_CRN_MC,32,CONTEXT_CONDITIONAL_ONLY,A,,"{""-1"": -1, ""1"": 1}"
E2_CONTEXT_SIGN_FLIP,42103,ANTITHETIC_CRN_MC,64,CONTEXT_CONDITIONAL_ONLY,A,,"{""-1"": -1, ""1"": 1}"
E2_CONTEXT_SIGN_FLIP,42103,ANTITHETIC_CRN_MC,128,CONTEXT_CONDITIONAL_ONLY,A,,"{""-1"": -1, ""1"": 1}"
E2_CONTEXT_SIGN_FLIP,42103,ANTITHETIC_CRN_MC,256,CONTEXT_CONDITIONAL_ONLY,A,,"{""-1"": -1, ""1"": 1}"
E2_CONTEXT_SIGN_FLIP,42103,CRN_CHAIN_MC,8,CONTEXT_CONDITIONAL_ONLY,A,,"{""-1"": -1, ""1"": 1}"
E2_CONTEXT_SIGN_FLIP,42103,CRN_CHAIN_MC,16,CONTEXT_CONDITIONAL_ONLY,A,,"{""-1"": -1, ""1"": 1}"
E2_CONTEXT_SIGN_FLIP,42103,CRN_CHAIN_MC,32,CONTEXT_CONDITIONAL_ONLY,A,,"{""-1"": -1, ""1"": 1}"
E2_CONTEXT_SIGN_FLIP,42103,CRN_CHAIN_MC,64,CONTEXT_CONDITIONAL_ONLY,A,,"{""-1"": -1, ""1"": 1}"
E2_CONTEXT_SIGN_FLIP,42103,CRN_CHAIN_MC,128,CONTEXT_CONDITIONAL_ONLY,A,,"{""-1"": -1, ""1"": 1}"
E2_CONTEXT_SIGN_FLIP,42103,CRN_CHAIN_MC,256,CONTEXT_CONDITIONAL_ONLY,A,,"{""-1"": -1, ""1"": 1}"
E2_CONTEXT_SIGN_FLIP,42103,DOUBLE_ANTITHETIC_CRN_MC,8,CONTEXT_CONDITIONAL_ONLY,A,,"{""-1"": -1, ""1"": 1}"
E2_CONTEXT_SIGN_FLIP,42103,DOUBLE_ANTITHETIC_CRN_MC,16,CONTEXT_CONDITIONAL_ONLY,A,,"{""-1"": -1, ""1"": 1}"
E2_CONTEXT_SIGN_FLIP,42103,DOUBLE_ANTITHETIC_CRN_MC,32,CONTEXT_CONDITIONAL_ONLY,A,,"{""-1"": -1, ""1"": 1}"
E2_CONTEXT_SIGN_FLIP,42103,DOUBLE_ANTITHETIC_CRN_MC,64,CONTEXT_CONDITIONAL_ONLY,A,,"{""-1"": -1, ""1"": 1}"
E2_CONTEXT_SIGN_FLIP,42103,DOUBLE_ANTITHETIC_CRN_MC,128,CONTEXT_CONDITIONAL_ONLY,A,,"{""-1"": -1, ""1"": 1}"
E2_CONTEXT_SIGN_FLIP,42103,DOUBLE_ANTITHETIC_CRN_MC,256,CONTEXT_CONDITIONAL_ONLY,A,,"{""-1"": -1, ""1"": 1}"
E2_CONTEXT_SIGN_FLIP,42103,LEGACY_INDEPENDENT_MC,8,CONTEXT_CONDITIONAL_ONLY,A,,"{""-1"": -1, ""1"": 1}"
E2_CONTEXT_SIGN_FLIP,42103,LEGACY_INDEPENDENT_MC,16,CONTEXT_CONDITIONAL_ONLY,A,,"{""-1"": -1, ""1"": 1}"
E2_CONTEXT_SIGN_FLIP,42103,LEGACY_INDEPENDENT_MC,32,CONTEXT_CONDITIONAL_ONLY,A,,"{""-1"": -1, ""1"": 1}"
E2_CONTEXT_SIGN_FLIP,42103,LEGACY_INDEPENDENT_MC,64,CONTEXT_CONDITIONAL_ONLY,A,,"{""-1"": -1, ""1"": 1}"
E2_CONTEXT_SIGN_FLIP,42103,LEGACY_INDEPENDENT_MC,128,CONTEXT_CONDITIONAL_ONLY,A,,"{""-1"": -1, ""1"": 1}"
E2_CONTEXT_SIGN_FLIP,42103,LEGACY_INDEPENDENT_MC,256,CONTEXT_CONDITIONAL_ONLY,A,,"{""-1"": -1, ""1"": 1}"
E2_CONTEXT_SIGN_FLIP,42104,ANTITHETIC_CRN_MC,8,CONTEXT_CONDITIONAL_ONLY,A,,"{""-1"": -1, ""1"": 1}"
E2_CONTEXT_SIGN_FLIP,42104,ANTITHETIC_CRN_MC,16,CONTEXT_CONDITIONAL_ONLY,A,,"{""-1"": -1, ""1"": 1}"
E2_CONTEXT_SIGN_FLIP,42104,ANTITHETIC_CRN_MC,32,CONTEXT_CONDITIONAL_ONLY,A,,"{""-1"": -1, ""1"": 1}"
E2_CONTEXT_SIGN_FLIP,42104,ANTITHETIC_CRN_MC,64,CONTEXT_CONDITIONAL_ONLY,A,,"{""-1"": -1, ""1"": 1}"
E2_CONTEXT_SIGN_FLIP,42104,ANTITHETIC_CRN_MC,128,CONTEXT_CONDITIONAL_ONLY,A,,"{""-1"": -1, ""1"": 1}"
E2_CONTEXT_SIGN_FLIP,42104,ANTITHETIC_CRN_MC,256,CONTEXT_CONDITIONAL_ONLY,A,,"{""-1"": -1, ""1"": 1}"
E2_CONTEXT_SIGN_FLIP,42104,CRN_CHAIN_MC,8,CONTEXT_CONDITIONAL_ONLY,A,,"{""-1"": -1, ""1"": 1}"
E2_CONTEXT_SIGN_FLIP,42104,CRN_CHAIN_MC,16,CONTEXT_CONDITIONAL_ONLY,A,,"{""-1"": -1, ""1"": 1}"
E2_CONTEXT_SIGN_FLIP,42104,CRN_CHAIN_MC,32,CONTEXT_CONDITIONAL_ONLY,A,,"{""-1"": -1, ""1"": 1}"
E2_CONTEXT_SIGN_FLIP,42104,CRN_CHAIN_MC,64,CONTEXT_CONDITIONAL_ONLY,A,,"{""-1"": -1, ""1"": 1}"
E2_CONTEXT_SIGN_FLIP,42104,CRN_CHAIN_MC,128,CONTEXT_CONDITIONAL_ONLY,A,,"{""-1"": -1, ""1"": 1}"
E2_CONTEXT_SIGN_FLIP,42104,CRN_CHAIN_MC,256,CONTEXT_CONDITIONAL_ONLY,A,,"{""-1"": -1, ""1"": 1}"
E2_CONTEXT_SIGN_FLIP,42104,DOUBLE_ANTITHETIC_CRN_MC,8,CONTEXT_CONDITIONAL_ONLY,A,,"{""-1"": -1, ""1"": 1}"
E2_CONTEXT_SIGN_FLIP,42104,DOUBLE_ANTITHETIC_CRN_MC,16,CONTEXT_CONDITIONAL_ONLY,A,,"{""-1"": -1, ""1"": 1}"
E2_CONTEXT_SIGN_FLIP,42104,DOUBLE_ANTITHETIC_CRN_MC,32,CONTEXT_CONDITIONAL_ONLY,A,,"{""-1"": -1, ""1"": 1}"
E2_CONTEXT_SIGN_FLIP,42104,DOUBLE_ANTITHETIC_CRN_MC,64,CONTEXT_CONDITIONAL_ONLY,A,,"{""-1"": -1, ""1"": 1}"
E2_CONTEXT_SIGN_FLIP,42104,DOUBLE_ANTITHETIC_CRN_MC,128,CONTEXT_CONDITIONAL_ONLY,A,,"{""-1"": -1, ""1"": 1}"
E2_CONTEXT_SIGN_FLIP,42104,DOUBLE_ANTITHETIC_CRN_MC,256,CONTEXT_CONDITIONAL_ONLY,A,,"{""-1"": -1, ""1"": 1}"
E2_CONTEXT_SIGN_FLIP,42104,LEGACY_INDEPENDENT_MC,8,CONTEXT_CONDITIONAL_ONLY,A,,"{""-1"": -1, ""1"": 1}"
E2_CONTEXT_SIGN_FLIP,42104,LEGACY_INDEPENDENT_MC,16,CONTEXT_CONDITIONAL_ONLY,A,,"{""-1"": -1, ""1"": 1}"
E2_CONTEXT_SIGN_FLIP,42104,LEGACY_INDEPENDENT_MC,32,CONTEXT_CONDITIONAL_ONLY,A,,"{""-1"": -1, ""1"": 1}"
E2_CONTEXT_SIGN_FLIP,42104,LEGACY_INDEPENDENT_MC,64,CONTEXT_CONDITIONAL_ONLY,A,,"{""-1"": -1, ""1"": 1}"
E2_CONTEXT_SIGN_FLIP,42104,LEGACY_INDEPENDENT_MC,128,CONTEXT_CONDITIONAL_ONLY,A,,"{""-1"": -1, ""1"": 1}"
E2_CONTEXT_SIGN_FLIP,42104,LEGACY_INDEPENDENT_MC,256,CONTEXT_CONDITIONAL_ONLY,A,,"{""-1"": -1, ""1"": 1}"
E2_CONTEXT_SIGN_FLIP,42105,ANTITHETIC_CRN_MC,8,CONTEXT_CONDITIONAL_ONLY,A,,"{""-1"": -1, ""1"": 1}"
E2_CONTEXT_SIGN_FLIP,42105,ANTITHETIC_CRN_MC,16,CONTEXT_CONDITIONAL_ONLY,A,,"{""-1"": -1, ""1"": 1}"
E2_CONTEXT_SIGN_FLIP,42105,ANTITHETIC_CRN_MC,32,CONTEXT_CONDITIONAL_ONLY,A,,"{""-1"": -1, ""1"": 1}"
E2_CONTEXT_SIGN_FLIP,42105,ANTITHETIC_CRN_MC,64,CONTEXT_CONDITIONAL_ONLY,A,,"{""-1"": -1, ""1"": 1}"
E2_CONTEXT_SIGN_FLIP,42105,ANTITHETIC_CRN_MC,128,CONTEXT_CONDITIONAL_ONLY,A,,"{""-1"": -1, ""1"": 1}"
E2_CONTEXT_SIGN_FLIP,42105,ANTITHETIC_CRN_MC,256,CONTEXT_CONDITIONAL_ONLY,A,,"{""-1"": -1, ""1"": 1}"
E2_CONTEXT_SIGN_FLIP,42105,CRN_CHAIN_MC,8,CONTEXT_CONDITIONAL_ONLY,A,,"{""-1"": -1, ""1"": 1}"
E2_CONTEXT_SIGN_FLIP,42105,CRN_CHAIN_MC,16,CONTEXT_CONDITIONAL_ONLY,A,,"{""-1"": -1, ""1"": 1}"
E2_CONTEXT_SIGN_FLIP,42105,CRN_CHAIN_MC,32,CONTEXT_CONDITIONAL_ONLY,A,,"{""-1"": -1, ""1"": 1}"
E2_CONTEXT_SIGN_FLIP,42105,CRN_CHAIN_MC,64,CONTEXT_CONDITIONAL_ONLY,A,,"{""-1"": -1, ""1"": 1}"
E2_CONTEXT_SIGN_FLIP,42105,CRN_CHAIN_MC,128,CONTEXT_CONDITIONAL_ONLY,A,,"{""-1"": -1, ""1"": 1}"
E2_CONTEXT_SIGN_FLIP,42105,CRN_CHAIN_MC,256,CONTEXT_CONDITIONAL_ONLY,A,,"{""-1"": -1, ""1"": 1}"
E2_CONTEXT_SIGN_FLIP,42105,DOUBLE_ANTITHETIC_CRN_MC,8,CONTEXT_CONDITIONAL_ONLY,A,,"{""-1"": -1, ""1"": 1}"
E2_CONTEXT_SIGN_FLIP,42105,DOUBLE_ANTITHETIC_CRN_MC,16,CONTEXT_CONDITIONAL_ONLY,A,,"{""-1"": -1, ""1"": 1}"
E2_CONTEXT_SIGN_FLIP,42105,DOUBLE_ANTITHETIC_CRN_MC,32,CONTEXT_CONDITIONAL_ONLY,A,,"{""-1"": -1, ""1"": 1}"
E2_CONTEXT_SIGN_FLIP,42105,DOUBLE_ANTITHETIC_CRN_MC,64,CONTEXT_CONDITIONAL_ONLY,A,,"{""-1"": -1, ""1"": 1}"
E2_CONTEXT_SIGN_FLIP,42105,DOUBLE_ANTITHETIC_CRN_MC,128,CONTEXT_CONDITIONAL_ONLY,A,,"{""-1"": -1, ""1"": 1}"
E2_CONTEXT_SIGN_FLIP,42105,DOUBLE_ANTITHETIC_CRN_MC,256,CONTEXT_CONDITIONAL_ONLY,A,,"{""-1"": -1, ""1"": 1}"
E2_CONTEXT_SIGN_FLIP,42105,LEGACY_INDEPENDENT_MC,8,CONTEXT_CONDITIONAL_ONLY,A,,"{""-1"": -1, ""1"": 1}"
E2_CONTEXT_SIGN_FLIP,42105,LEGACY_INDEPENDENT_MC,16,CONTEXT_CONDITIONAL_ONLY,A,,"{""-1"": -1, ""1"": 1}"
E2_CONTEXT_SIGN_FLIP,42105,LEGACY_INDEPENDENT_MC,32,CONTEXT_CONDITIONAL_ONLY,A,,"{""-1"": -1, ""1"": 1}"
E2_CONTEXT_SIGN_FLIP,42105,LEGACY_INDEPENDENT_MC,64,CONTEXT_CONDITIONAL_ONLY,A,,"{""-1"": -1, ""1"": 1}"
E2_CONTEXT_SIGN_FLIP,42105,LEGACY_INDEPENDENT_MC,128,CONTEXT_CONDITIONAL_ONLY,A,,"{""-1"": -1, ""1"": 1}"
E2_CONTEXT_SIGN_FLIP,42105,LEGACY_INDEPENDENT_MC,256,CONTEXT_CONDITIONAL_ONLY,A,,"{""-1"": -1, ""1"": 1}"
E2_CONTEXT_SIGN_FLIP,42106,ANTITHETIC_CRN_MC,8,CONTEXT_CONDITIONAL_ONLY,A,,"{""-1"": -1, ""1"": 1}"
E2_CONTEXT_SIGN_FLIP,42106,ANTITHETIC_CRN_MC,16,CONTEXT_CONDITIONAL_ONLY,A,,"{""-1"": -1, ""1"": 1}"
E2_CONTEXT_SIGN_FLIP,42106,ANTITHETIC_CRN_MC,32,CONTEXT_CONDITIONAL_ONLY,A,,"{""-1"": -1, ""1"": 1}"
E2_CONTEXT_SIGN_FLIP,42106,ANTITHETIC_CRN_MC,64,CONTEXT_CONDITIONAL_ONLY,A,,"{""-1"": -1, ""1"": 1}"
E2_CONTEXT_SIGN_FLIP,42106,ANTITHETIC_CRN_MC,128,CONTEXT_CONDITIONAL_ONLY,A,,"{""-1"": -1, ""1"": 1}"
E2_CONTEXT_SIGN_FLIP,42106,ANTITHETIC_CRN_MC,256,CONTEXT_CONDITIONAL_ONLY,A,,"{""-1"": -1, ""1"": 1}"
E2_CONTEXT_SIGN_FLIP,42106,CRN_CHAIN_MC,8,CONTEXT_CONDITIONAL_ONLY,A,,"{""-1"": -1, ""1"": 1}"
E2_CONTEXT_SIGN_FLIP,42106,CRN_CHAIN_MC,16,CONTEXT_CONDITIONAL_ONLY,A,,"{""-1"": -1, ""1"": 1}"
E2_CONTEXT_SIGN_FLIP,42106,CRN_CHAIN_MC,32,CONTEXT_CONDITIONAL_ONLY,A,,"{""-1"": -1, ""1"": 1}"
E2_CONTEXT_SIGN_FLIP,42106,CRN_CHAIN_MC,64,CONTEXT_CONDITIONAL_ONLY,A,,"{""-1"": -1, ""1"": 1}"
E2_CONTEXT_SIGN_FLIP,42106,CRN_CHAIN_MC,128,CONTEXT_CONDITIONAL_ONLY,A,,"{""-1"": -1, ""1"": 1}"
E2_CONTEXT_SIGN_FLIP,42106,CRN_CHAIN_MC,256,CONTEXT_CONDITIONAL_ONLY,A,,"{""-1"": -1, ""1"": 1}"
E2_CONTEXT_SIGN_FLIP,42106,DOUBLE_ANTITHETIC_CRN_MC,8,CONTEXT_CONDITIONAL_ONLY,A,,"{""-1"": -1, ""1"": 1}"
E2_CONTEXT_SIGN_FLIP,42106,DOUBLE_ANTITHETIC_CRN_MC,16,CONTEXT_CONDITIONAL_ONLY,A,,"{""-1"": -1, ""1"": 1}"
E2_CONTEXT_SIGN_FLIP,42106,DOUBLE_ANTITHETIC_CRN_MC,32,CONTEXT_CONDITIONAL_ONLY,A,,"{""-1"": -1, ""1"": 1}"
E2_CONTEXT_SIGN_FLIP,42106,DOUBLE_ANTITHETIC_CRN_MC,64,CONTEXT_CONDITIONAL_ONLY,A,,"{""-1"": -1, ""1"": 1}"
E2_CONTEXT_SIGN_FLIP,42106,DOUBLE_ANTITHETIC_CRN_MC,128,CONTEXT_CONDITIONAL_ONLY,A,,"{""-1"": -1, ""1"": 1}"
E2_CONTEXT_SIGN_FLIP,42106,DOUBLE_ANTITHETIC_CRN_MC,256,CONTEXT_CONDITIONAL_ONLY,A,,"{""-1"": -1, ""1"": 1}"
E2_CONTEXT_SIGN_FLIP,42106,LEGACY_INDEPENDENT_MC,8,CONTEXT_CONDITIONAL_ONLY,A,,"{""-1"": -1, ""1"": 1}"
E2_CONTEXT_SIGN_FLIP,42106,LEGACY_INDEPENDENT_MC,16,CONTEXT_CONDITIONAL_ONLY,A,,"{""-1"": -1, ""1"": 1}"
E2_CONTEXT_SIGN_FLIP,42106,LEGACY_INDEPENDENT_MC,32,CONTEXT_CONDITIONAL_ONLY,A,,"{""-1"": -1, ""1"": 1}"
E2_CONTEXT_SIGN_FLIP,42106,LEGACY_INDEPENDENT_MC,64,CONTEXT_CONDITIONAL_ONLY,A,,"{""-1"": -1, ""1"": 1}"
E2_CONTEXT_SIGN_FLIP,42106,LEGACY_INDEPENDENT_MC,128,CONTEXT_CONDITIONAL_ONLY,A,,"{""-1"": -1, ""1"": 1}"
E2_CONTEXT_SIGN_FLIP,42106,LEGACY_INDEPENDENT_MC,256,CONTEXT_CONDITIONAL_ONLY,A,,"{""-1"": -1, ""1"": 1}"
E2_CONTEXT_SIGN_FLIP,42107,ANTITHETIC_CRN_MC,8,CONTEXT_CONDITIONAL_ONLY,A,,"{""-1"": -1, ""1"": 1}"
E2_CONTEXT_SIGN_FLIP,42107,ANTITHETIC_CRN_MC,16,CONTEXT_CONDITIONAL_ONLY,A,,"{""-1"": -1, ""1"": 1}"
E2_CONTEXT_SIGN_FLIP,42107,ANTITHETIC_CRN_MC,32,CONTEXT_CONDITIONAL_ONLY,A,,"{""-1"": -1, ""1"": 1}"
E2_CONTEXT_SIGN_FLIP,42107,ANTITHETIC_CRN_MC,64,CONTEXT_CONDITIONAL_ONLY,A,,"{""-1"": -1, ""1"": 1}"
E2_CONTEXT_SIGN_FLIP,42107,ANTITHETIC_CRN_MC,128,CONTEXT_CONDITIONAL_ONLY,A,,"{""-1"": -1, ""1"": 1}"
E2_CONTEXT_SIGN_FLIP,42107,ANTITHETIC_CRN_MC,256,CONTEXT_CONDITIONAL_ONLY,A,,"{""-1"": -1, ""1"": 1}"
E2_CONTEXT_SIGN_FLIP,42107,CRN_CHAIN_MC,8,CONTEXT_CONDITIONAL_ONLY,A,,"{""-1"": -1, ""1"": 1}"
E2_CONTEXT_SIGN_FLIP,42107,CRN_CHAIN_MC,16,CONTEXT_CONDITIONAL_ONLY,A,,"{""-1"": -1, ""1"": 1}"
E2_CONTEXT_SIGN_FLIP,42107,CRN_CHAIN_MC,32,CONTEXT_CONDITIONAL_ONLY,A,,"{""-1"": -1, ""1"": 1}"
E2_CONTEXT_SIGN_FLIP,42107,CRN_CHAIN_MC,64,CONTEXT_CONDITIONAL_ONLY,A,,"{""-1"": -1, ""1"": 1}"
E2_CONTEXT_SIGN_FLIP,42107,CRN_CHAIN_MC,128,CONTEXT_CONDITIONAL_ONLY,A,,"{""-1"": -1, ""1"": 1}"
E2_CONTEXT_SIGN_FLIP,42107,CRN_CHAIN_MC,256,CONTEXT_CONDITIONAL_ONLY,A,,"{""-1"": -1, ""1"": 1}"
E2_CONTEXT_SIGN_FLIP,42107,DOUBLE_ANTITHETIC_CRN_MC,8,CONTEXT_CONDITIONAL_ONLY,A,,"{""-1"": -1, ""1"": 1}"
E2_CONTEXT_SIGN_FLIP,42107,DOUBLE_ANTITHETIC_CRN_MC,16,CONTEXT_CONDITIONAL_ONLY,A,,"{""-1"": -1, ""1"": 1}"
E2_CONTEXT_SIGN_FLIP,42107,DOUBLE_ANTITHETIC_CRN_MC,32,CONTEXT_CONDITIONAL_ONLY,A,,"{""-1"": -1, ""1"": 1}"
E2_CONTEXT_SIGN_FLIP,42107,DOUBLE_ANTITHETIC_CRN_MC,64,CONTEXT_CONDITIONAL_ONLY,A,,"{""-1"": -1, ""1"": 1}"
E2_CONTEXT_SIGN_FLIP,42107,DOUBLE_ANTITHETIC_CRN_MC,128,CONTEXT_CONDITIONAL_ONLY,A,,"{""-1"": -1, ""1"": 1}"
E2_CONTEXT_SIGN_FLIP,42107,DOUBLE_ANTITHETIC_CRN_MC,256,CONTEXT_CONDITIONAL_ONLY,A,,"{""-1"": -1, ""1"": 1}"
E2_CONTEXT_SIGN_FLIP,42107,LEGACY_INDEPENDENT_MC,8,CONTEXT_CONDITIONAL_ONLY,A,,"{""-1"": -1, ""1"": 1}"
E2_CONTEXT_SIGN_FLIP,42107,LEGACY_INDEPENDENT_MC,16,CONTEXT_CONDITIONAL_ONLY,A,,"{""-1"": -1, ""1"": 1}"
E2_CONTEXT_SIGN_FLIP,42107,LEGACY_INDEPENDENT_MC,32,CONTEXT_CONDITIONAL_ONLY,A,,"{""-1"": -1, ""1"": 1}"
E2_CONTEXT_SIGN_FLIP,42107,LEGACY_INDEPENDENT_MC,64,CONTEXT_CONDITIONAL_ONLY,A,,"{""-1"": -1, ""1"": 1}"
E2_CONTEXT_SIGN_FLIP,42107,LEGACY_INDEPENDENT_MC,128,CONTEXT_CONDITIONAL_ONLY,A,,"{""-1"": -1, ""1"": 1}"
E2_CONTEXT_SIGN_FLIP,42107,LEGACY_INDEPENDENT_MC,256,CONTEXT_CONDITIONAL_ONLY,A,,"{""-1"": -1, ""1"": 1}"
E2_CONTEXT_SIGN_FLIP,42108,ANTITHETIC_CRN_MC,8,CONTEXT_CONDITIONAL_ONLY,A,,"{""-1"": -1, ""1"": 1}"
E2_CONTEXT_SIGN_FLIP,42108,ANTITHETIC_CRN_MC,16,CONTEXT_CONDITIONAL_ONLY,A,,"{""-1"": -1, ""1"": 1}"
E2_CONTEXT_SIGN_FLIP,42108,ANTITHETIC_CRN_MC,32,CONTEXT_CONDITIONAL_ONLY,A,,"{""-1"": -1, ""1"": 1}"
E2_CONTEXT_SIGN_FLIP,42108,ANTITHETIC_CRN_MC,64,CONTEXT_CONDITIONAL_ONLY,A,,"{""-1"": -1, ""1"": 1}"
E2_CONTEXT_SIGN_FLIP,42108,ANTITHETIC_CRN_MC,128,CONTEXT_CONDITIONAL_ONLY,A,,"{""-1"": -1, ""1"": 1}"
E2_CONTEXT_SIGN_FLIP,42108,ANTITHETIC_CRN_MC,256,CONTEXT_CONDITIONAL_ONLY,A,,"{""-1"": -1, ""1"": 1}"
E2_CONTEXT_SIGN_FLIP,42108,CRN_CHAIN_MC,8,CONTEXT_CONDITIONAL_ONLY,A,,"{""-1"": -1, ""1"": 1}"
E2_CONTEXT_SIGN_FLIP,42108,CRN_CHAIN_MC,16,CONTEXT_CONDITIONAL_ONLY,A,,"{""-1"": -1, ""1"": 1}"
E2_CONTEXT_SIGN_FLIP,42108,CRN_CHAIN_MC,32,CONTEXT_CONDITIONAL_ONLY,A,,"{""-1"": -1, ""1"": 1}"
E2_CONTEXT_SIGN_FLIP,42108,CRN_CHAIN_MC,64,CONTEXT_CONDITIONAL_ONLY,A,,"{""-1"": -1, ""1"": 1}"
E2_CONTEXT_SIGN_FLIP,42108,CRN_CHAIN_MC,128,CONTEXT_CONDITIONAL_ONLY,A,,"{""-1"": -1, ""1"": 1}"
E2_CONTEXT_SIGN_FLIP,42108,CRN_CHAIN_MC,256,CONTEXT_CONDITIONAL_ONLY,A,,"{""-1"": -1, ""1"": 1}"
E2_CONTEXT_SIGN_FLIP,42108,DOUBLE_ANTITHETIC_CRN_MC,8,CONTEXT_CONDITIONAL_ONLY,A,,"{""-1"": -1, ""1"": 1}"
E2_CONTEXT_SIGN_FLIP,42108,DOUBLE_ANTITHETIC_CRN_MC,16,CONTEXT_CONDITIONAL_ONLY,A,,"{""-1"": -1, ""1"": 1}"
E2_CONTEXT_SIGN_FLIP,42108,DOUBLE_ANTITHETIC_CRN_MC,32,CONTEXT_CONDITIONAL_ONLY,A,,"{""-1"": -1, ""1"": 1}"
E2_CONTEXT_SIGN_FLIP,42108,DOUBLE_ANTITHETIC_CRN_MC,64,CONTEXT_CONDITIONAL_ONLY,A,,"{""-1"": -1, ""1"": 1}"
E2_CONTEXT_SIGN_FLIP,42108,DOUBLE_ANTITHETIC_CRN_MC,128,CONTEXT_CONDITIONAL_ONLY,A,,"{""-1"": -1, ""1"": 1}"
E2_CONTEXT_SIGN_FLIP,42108,DOUBLE_ANTITHETIC_CRN_MC,256,CONTEXT_CONDITIONAL_ONLY,A,,"{""-1"": -1, ""1"": 1}"
E2_CONTEXT_SIGN_FLIP,42108,LEGACY_INDEPENDENT_MC,8,CONTEXT_CONDITIONAL_ONLY,A,,"{""-1"": -1, ""1"": 1}"
E2_CONTEXT_SIGN_FLIP,42108,LEGACY_INDEPENDENT_MC,16,CONTEXT_CONDITIONAL_ONLY,A,,"{""-1"": -1, ""1"": 1}"
E2_CONTEXT_SIGN_FLIP,42108,LEGACY_INDEPENDENT_MC,32,CONTEXT_CONDITIONAL_ONLY,A,,"{""-1"": -1, ""1"": 1}"
E2_CONTEXT_SIGN_FLIP,42108,LEGACY_INDEPENDENT_MC,64,CONTEXT_CONDITIONAL_ONLY,A,,"{""-1"": -1, ""1"": 1}"
E2_CONTEXT_SIGN_FLIP,42108,LEGACY_INDEPENDENT_MC,128,CONTEXT_CONDITIONAL_ONLY,A,,"{""-1"": -1, ""1"": 1}"
E2_CONTEXT_SIGN_FLIP,42108,LEGACY_INDEPENDENT_MC,256,CONTEXT_CONDITIONAL_ONLY,A,,"{""-1"": -1, ""1"": 1}"
E2_CONTEXT_SIGN_FLIP,42109,ANTITHETIC_CRN_MC,8,CONTEXT_CONDITIONAL_ONLY,A,,"{""-1"": -1, ""1"": 1}"
E2_CONTEXT_SIGN_FLIP,42109,ANTITHETIC_CRN_MC,16,CONTEXT_CONDITIONAL_ONLY,A,,"{""-1"": -1, ""1"": 1}"
E2_CONTEXT_SIGN_FLIP,42109,ANTITHETIC_CRN_MC,32,CONTEXT_CONDITIONAL_ONLY,A,,"{""-1"": -1, ""1"": 1}"
E2_CONTEXT_SIGN_FLIP,42109,ANTITHETIC_CRN_MC,64,CONTEXT_CONDITIONAL_ONLY,A,,"{""-1"": -1, ""1"": 1}"
E2_CONTEXT_SIGN_FLIP,42109,ANTITHETIC_CRN_MC,128,CONTEXT_CONDITIONAL_ONLY,A,,"{""-1"": -1, ""1"": 1}"
E2_CONTEXT_SIGN_FLIP,42109,ANTITHETIC_CRN_MC,256,CONTEXT_CONDITIONAL_ONLY,A,,"{""-1"": -1, ""1"": 1}"
E2_CONTEXT_SIGN_FLIP,42109,CRN_CHAIN_MC,8,CONTEXT_CONDITIONAL_ONLY,A,,"{""-1"": -1, ""1"": 1}"
E2_CONTEXT_SIGN_FLIP,42109,CRN_CHAIN_MC,16,CONTEXT_CONDITIONAL_ONLY,A,,"{""-1"": -1, ""1"": 1}"
E2_CONTEXT_SIGN_FLIP,42109,CRN_CHAIN_MC,32,CONTEXT_CONDITIONAL_ONLY,A,,"{""-1"": -1, ""1"": 1}"
E2_CONTEXT_SIGN_FLIP,42109,CRN_CHAIN_MC,64,CONTEXT_CONDITIONAL_ONLY,A,,"{""-1"": -1, ""1"": 1}"
E2_CONTEXT_SIGN_FLIP,42109,CRN_CHAIN_MC,128,CONTEXT_CONDITIONAL_ONLY,A,,"{""-1"": -1, ""1"": 1}"
E2_CONTEXT_SIGN_FLIP,42109,CRN_CHAIN_MC,256,CONTEXT_CONDITIONAL_ONLY,A,,"{""-1"": -1, ""1"": 1}"
E2_CONTEXT_SIGN_FLIP,42109,DOUBLE_ANTITHETIC_CRN_MC,8,CONTEXT_CONDITIONAL_ONLY,A,,"{""-1"": -1, ""1"": 1}"
E2_CONTEXT_SIGN_FLIP,42109,DOUBLE_ANTITHETIC_CRN_MC,16,CONTEXT_CONDITIONAL_ONLY,A,,"{""-1"": -1, ""1"": 1}"
E2_CONTEXT_SIGN_FLIP,42109,DOUBLE_ANTITHETIC_CRN_MC,32,CONTEXT_CONDITIONAL_ONLY,A,,"{""-1"": -1, ""1"": 1}"
E2_CONTEXT_SIGN_FLIP,42109,DOUBLE_ANTITHETIC_CRN_MC,64,CONTEXT_CONDITIONAL_ONLY,A,,"{""-1"": -1, ""1"": 1}"
E2_CONTEXT_SIGN_FLIP,42109,DOUBLE_ANTITHETIC_CRN_MC,128,CONTEXT_CONDITIONAL_ONLY,A,,"{""-1"": -1, ""1"": 1}"
E2_CONTEXT_SIGN_FLIP,42109,DOUBLE_ANTITHETIC_CRN_MC,256,CONTEXT_CONDITIONAL_ONLY,A,,"{""-1"": -1, ""1"": 1}"
E2_CONTEXT_SIGN_FLIP,42109,LEGACY_INDEPENDENT_MC,8,CONTEXT_CONDITIONAL_ONLY,A,,"{""-1"": -1, ""1"": 1}"
E2_CONTEXT_SIGN_FLIP,42109,LEGACY_INDEPENDENT_MC,16,CONTEXT_CONDITIONAL_ONLY,A,,"{""-1"": -1, ""1"": 1}"
E2_CONTEXT_SIGN_FLIP,42109,LEGACY_INDEPENDENT_MC,32,CONTEXT_CONDITIONAL_ONLY,A,,"{""-1"": -1, ""1"": 1}"
E2_CONTEXT_SIGN_FLIP,42109,LEGACY_INDEPENDENT_MC,64,CONTEXT_CONDITIONAL_ONLY,A,,"{""-1"": -1, ""1"": 1}"
E2_CONTEXT_SIGN_FLIP,42109,LEGACY_INDEPENDENT_MC,128,CONTEXT_CONDITIONAL_ONLY,A,,"{""-1"": -1, ""1"": 1}"
E2_CONTEXT_SIGN_FLIP,42109,LEGACY_INDEPENDENT_MC,256,CONTEXT_CONDITIONAL_ONLY,A,,"{""-1"": -1, ""1"": 1}"
E2_CONTEXT_SIGN_FLIP,42110,ANTITHETIC_CRN_MC,8,CONTEXT_CONDITIONAL_ONLY,A,,"{""-1"": -1, ""1"": 1}"
E2_CONTEXT_SIGN_FLIP,42110,ANTITHETIC_CRN_MC,16,CONTEXT_CONDITIONAL_ONLY,A,,"{""-1"": -1, ""1"": 1}"
E2_CONTEXT_SIGN_FLIP,42110,ANTITHETIC_CRN_MC,32,CONTEXT_CONDITIONAL_ONLY,A,,"{""-1"": -1, ""1"": 1}"
E2_CONTEXT_SIGN_FLIP,42110,ANTITHETIC_CRN_MC,64,CONTEXT_CONDITIONAL_ONLY,A,,"{""-1"": -1, ""1"": 1}"
E2_CONTEXT_SIGN_FLIP,42110,ANTITHETIC_CRN_MC,128,CONTEXT_CONDITIONAL_ONLY,A,,"{""-1"": -1, ""1"": 1}"
E2_CONTEXT_SIGN_FLIP,42110,ANTITHETIC_CRN_MC,256,CONTEXT_CONDITIONAL_ONLY,A,,"{""-1"": -1, ""1"": 1}"
E2_CONTEXT_SIGN_FLIP,42110,CRN_CHAIN_MC,8,CONTEXT_CONDITIONAL_ONLY,A,,"{""-1"": -1, ""1"": 1}"
E2_CONTEXT_SIGN_FLIP,42110,CRN_CHAIN_MC,16,CONTEXT_CONDITIONAL_ONLY,A,,"{""-1"": -1, ""1"": 1}"
E2_CONTEXT_SIGN_FLIP,42110,CRN_CHAIN_MC,32,CONTEXT_CONDITIONAL_ONLY,A,,"{""-1"": -1, ""1"": 1}"
E2_CONTEXT_SIGN_FLIP,42110,CRN_CHAIN_MC,64,CONTEXT_CONDITIONAL_ONLY,A,,"{""-1"": -1, ""1"": 1}"
E2_CONTEXT_SIGN_FLIP,42110,CRN_CHAIN_MC,128,CONTEXT_CONDITIONAL_ONLY,A,,"{""-1"": -1, ""1"": 1}"
E2_CONTEXT_SIGN_FLIP,42110,CRN_CHAIN_MC,256,CONTEXT_CONDITIONAL_ONLY,A,,"{""-1"": -1, ""1"": 1}"
E2_CONTEXT_SIGN_FLIP,42110,DOUBLE_ANTITHETIC_CRN_MC,8,CONTEXT_CONDITIONAL_ONLY,A,,"{""-1"": -1, ""1"": 1}"
E2_CONTEXT_SIGN_FLIP,42110,DOUBLE_ANTITHETIC_CRN_MC,16,CONTEXT_CONDITIONAL_ONLY,A,,"{""-1"": -1, ""1"": 1}"
E2_CONTEXT_SIGN_FLIP,42110,DOUBLE_ANTITHETIC_CRN_MC,32,CONTEXT_CONDITIONAL_ONLY,A,,"{""-1"": -1, ""1"": 1}"
E2_CONTEXT_SIGN_FLIP,42110,DOUBLE_ANTITHETIC_CRN_MC,64,CONTEXT_CONDITIONAL_ONLY,A,,"{""-1"": -1, ""1"": 1}"
E2_CONTEXT_SIGN_FLIP,42110,DOUBLE_ANTITHETIC_CRN_MC,128,CONTEXT_CONDITIONAL_ONLY,A,,"{""-1"": -1, ""1"": 1}"
E2_CONTEXT_SIGN_FLIP,42110,DOUBLE_ANTITHETIC_CRN_MC,256,CONTEXT_CONDITIONAL_ONLY,A,,"{""-1"": -1, ""1"": 1}"
E2_CONTEXT_SIGN_FLIP,42110,LEGACY_INDEPENDENT_MC,8,CONTEXT_CONDITIONAL_ONLY,A,,"{""-1"": -1, ""1"": 1}"
E2_CONTEXT_SIGN_FLIP,42110,LEGACY_INDEPENDENT_MC,16,CONTEXT_CONDITIONAL_ONLY,A,,"{""-1"": -1, ""1"": 1}"
E2_CONTEXT_SIGN_FLIP,42110,LEGACY_INDEPENDENT_MC,32,CONTEXT_CONDITIONAL_ONLY,A,,"{""-1"": -1, ""1"": 1}"
E2_CONTEXT_SIGN_FLIP,42110,LEGACY_INDEPENDENT_MC,64,CONTEXT_CONDITIONAL_ONLY,A,,"{""-1"": -1, ""1"": 1}"
E2_CONTEXT_SIGN_FLIP,42110,LEGACY_INDEPENDENT_MC,128,CONTEXT_CONDITIONAL_ONLY,A,,"{""-1"": -1, ""1"": 1}"
E2_CONTEXT_SIGN_FLIP,42110,LEGACY_INDEPENDENT_MC,256,CONTEXT_CONDITIONAL_ONLY,A,,"{""-1"": -1, ""1"": 1}"
E2_CONTEXT_SIGN_FLIP,42111,ANTITHETIC_CRN_MC,8,CONTEXT_CONDITIONAL_ONLY,A,,"{""-1"": -1, ""1"": 1}"
E2_CONTEXT_SIGN_FLIP,42111,ANTITHETIC_CRN_MC,16,CONTEXT_CONDITIONAL_ONLY,A,,"{""-1"": -1, ""1"": 1}"
E2_CONTEXT_SIGN_FLIP,42111,ANTITHETIC_CRN_MC,32,CONTEXT_CONDITIONAL_ONLY,A,,"{""-1"": -1, ""1"": 1}"
E2_CONTEXT_SIGN_FLIP,42111,ANTITHETIC_CRN_MC,64,CONTEXT_CONDITIONAL_ONLY,A,,"{""-1"": -1, ""1"": 1}"
E2_CONTEXT_SIGN_FLIP,42111,ANTITHETIC_CRN_MC,128,CONTEXT_CONDITIONAL_ONLY,A,,"{""-1"": -1, ""1"": 1}"
E2_CONTEXT_SIGN_FLIP,42111,ANTITHETIC_CRN_MC,256,CONTEXT_CONDITIONAL_ONLY,A,,"{""-1"": -1, ""1"": 1}"
E2_CONTEXT_SIGN_FLIP,42111,CRN_CHAIN_MC,8,CONTEXT_CONDITIONAL_ONLY,A,,"{""-1"": -1, ""1"": 1}"
E2_CONTEXT_SIGN_FLIP,42111,CRN_CHAIN_MC,16,CONTEXT_CONDITIONAL_ONLY,A,,"{""-1"": -1, ""1"": 1}"
E2_CONTEXT_SIGN_FLIP,42111,CRN_CHAIN_MC,32,CONTEXT_CONDITIONAL_ONLY,A,,"{""-1"": -1, ""1"": 1}"
E2_CONTEXT_SIGN_FLIP,42111,CRN_CHAIN_MC,64,CONTEXT_CONDITIONAL_ONLY,A,,"{""-1"": -1, ""1"": 1}"
E2_CONTEXT_SIGN_FLIP,42111,CRN_CHAIN_MC,128,CONTEXT_CONDITIONAL_ONLY,A,,"{""-1"": -1, ""1"": 1}"
E2_CONTEXT_SIGN_FLIP,42111,CRN_CHAIN_MC,256,CONTEXT_CONDITIONAL_ONLY,A,,"{""-1"": -1, ""1"": 1}"
E2_CONTEXT_SIGN_FLIP,42111,DOUBLE_ANTITHETIC_CRN_MC,8,CONTEXT_CONDITIONAL_ONLY,A,,"{""-1"": -1, ""1"": 1}"
E2_CONTEXT_SIGN_FLIP,42111,DOUBLE_ANTITHETIC_CRN_MC,16,CONTEXT_CONDITIONAL_ONLY,A,,"{""-1"": -1, ""1"": 1}"
E2_CONTEXT_SIGN_FLIP,42111,DOUBLE_ANTITHETIC_CRN_MC,32,CONTEXT_CONDITIONAL_ONLY,A,,"{""-1"": -1, ""1"": 1}"
E2_CONTEXT_SIGN_FLIP,42111,DOUBLE_ANTITHETIC_CRN_MC,64,CONTEXT_CONDITIONAL_ONLY,A,,"{""-1"": -1, ""1"": 1}"
E2_CONTEXT_SIGN_FLIP,42111,DOUBLE_ANTITHETIC_CRN_MC,128,CONTEXT_CONDITIONAL_ONLY,A,,"{""-1"": -1, ""1"": 1}"
E2_CONTEXT_SIGN_FLIP,42111,DOUBLE_ANTITHETIC_CRN_MC,256,CONTEXT_CONDITIONAL_ONLY,A,,"{""-1"": -1, ""1"": 1}"
E2_CONTEXT_SIGN_FLIP,42111,LEGACY_INDEPENDENT_MC,8,CONTEXT_CONDITIONAL_ONLY,A,,"{""-1"": -1, ""1"": 1}"
E2_CONTEXT_SIGN_FLIP,42111,LEGACY_INDEPENDENT_MC,16,CONTEXT_CONDITIONAL_ONLY,A,,"{""-1"": -1, ""1"": 1}"
E2_CONTEXT_SIGN_FLIP,42111,LEGACY_INDEPENDENT_MC,32,CONTEXT_CONDITIONAL_ONLY,A,,"{""-1"": -1, ""1"": 1}"
E2_CONTEXT_SIGN_FLIP,42111,LEGACY_INDEPENDENT_MC,64,CONTEXT_CONDITIONAL_ONLY,A,,"{""-1"": -1, ""1"": 1}"
E2_CONTEXT_SIGN_FLIP,42111,LEGACY_INDEPENDENT_MC,128,CONTEXT_CONDITIONAL_ONLY,A,,"{""-1"": -1, ""1"": 1}"
E2_CONTEXT_SIGN_FLIP,42111,LEGACY_INDEPENDENT_MC,256,CONTEXT_CONDITIONAL_ONLY,A,,"{""-1"": -1, ""1"": 1}"
E2_CONTEXT_SIGN_FLIP,42112,ANTITHETIC_CRN_MC,8,CONTEXT_CONDITIONAL_ONLY,A,,"{""-1"": -1, ""1"": 1}"
E2_CONTEXT_SIGN_FLIP,42112,ANTITHETIC_CRN_MC,16,CONTEXT_CONDITIONAL_ONLY,A,,"{""-1"": -1, ""1"": 1}"
E2_CONTEXT_SIGN_FLIP,42112,ANTITHETIC_CRN_MC,32,CONTEXT_CONDITIONAL_ONLY,A,,"{""-1"": -1, ""1"": 1}"
E2_CONTEXT_SIGN_FLIP,42112,ANTITHETIC_CRN_MC,64,CONTEXT_CONDITIONAL_ONLY,A,,"{""-1"": -1, ""1"": 1}"
E2_CONTEXT_SIGN_FLIP,42112,ANTITHETIC_CRN_MC,128,CONTEXT_CONDITIONAL_ONLY,A,,"{""-1"": -1, ""1"": 1}"
E2_CONTEXT_SIGN_FLIP,42112,ANTITHETIC_CRN_MC,256,CONTEXT_CONDITIONAL_ONLY,A,,"{""-1"": -1, ""1"": 1}"
E2_CONTEXT_SIGN_FLIP,42112,CRN_CHAIN_MC,8,CONTEXT_CONDITIONAL_ONLY,A,,"{""-1"": -1, ""1"": 1}"
E2_CONTEXT_SIGN_FLIP,42112,CRN_CHAIN_MC,16,CONTEXT_CONDITIONAL_ONLY,A,,"{""-1"": -1, ""1"": 1}"
E2_CONTEXT_SIGN_FLIP,42112,CRN_CHAIN_MC,32,CONTEXT_CONDITIONAL_ONLY,A,,"{""-1"": -1, ""1"": 1}"
E2_CONTEXT_SIGN_FLIP,42112,CRN_CHAIN_MC,64,CONTEXT_CONDITIONAL_ONLY,A,,"{""-1"": -1, ""1"": 1}"
E2_CONTEXT_SIGN_FLIP,42112,CRN_CHAIN_MC,128,CONTEXT_CONDITIONAL_ONLY,A,,"{""-1"": -1, ""1"": 1}"
E2_CONTEXT_SIGN_FLIP,42112,CRN_CHAIN_MC,256,CONTEXT_CONDITIONAL_ONLY,A,,"{""-1"": -1, ""1"": 1}"
E2_CONTEXT_SIGN_FLIP,42112,DOUBLE_ANTITHETIC_CRN_MC,8,CONTEXT_CONDITIONAL_ONLY,A,,"{""-1"": -1, ""1"": 1}"
E2_CONTEXT_SIGN_FLIP,42112,DOUBLE_ANTITHETIC_CRN_MC,16,CONTEXT_CONDITIONAL_ONLY,A,,"{""-1"": -1, ""1"": 1}"
E2_CONTEXT_SIGN_FLIP,42112,DOUBLE_ANTITHETIC_CRN_MC,32,CONTEXT_CONDITIONAL_ONLY,A,,"{""-1"": -1, ""1"": 1}"
E2_CONTEXT_SIGN_FLIP,42112,DOUBLE_ANTITHETIC_CRN_MC,64,CONTEXT_CONDITIONAL_ONLY,A,,"{""-1"": -1, ""1"": 1}"
E2_CONTEXT_SIGN_FLIP,42112,DOUBLE_ANTITHETIC_CRN_MC,128,CONTEXT_CONDITIONAL_ONLY,A,,"{""-1"": -1, ""1"": 1}"
E2_CONTEXT_SIGN_FLIP,42112,DOUBLE_ANTITHETIC_CRN_MC,256,CONTEXT_CONDITIONAL_ONLY,A,,"{""-1"": -1, ""1"": 1}"
E2_CONTEXT_SIGN_FLIP,42112,LEGACY_INDEPENDENT_MC,8,CONTEXT_CONDITIONAL_ONLY,A,,"{""-1"": -1, ""1"": 1}"
E2_CONTEXT_SIGN_FLIP,42112,LEGACY_INDEPENDENT_MC,16,CONTEXT_CONDITIONAL_ONLY,A,,"{""-1"": -1, ""1"": 1}"
E2_CONTEXT_SIGN_FLIP,42112,LEGACY_INDEPENDENT_MC,32,CONTEXT_CONDITIONAL_ONLY,A,,"{""-1"": -1, ""1"": 1}"
E2_CONTEXT_SIGN_FLIP,42112,LEGACY_INDEPENDENT_MC,64,CONTEXT_CONDITIONAL_ONLY,A,,"{""-1"": -1, ""1"": 1}"
E2_CONTEXT_SIGN_FLIP,42112,LEGACY_INDEPENDENT_MC,128,CONTEXT_CONDITIONAL_ONLY,A,,"{""-1"": -1, ""1"": 1}"
E2_CONTEXT_SIGN_FLIP,42112,LEGACY_INDEPENDENT_MC,256,CONTEXT_CONDITIONAL_ONLY,A,,"{""-1"": -1, ""1"": 1}"
E2_CONTEXT_SIGN_FLIP,42113,ANTITHETIC_CRN_MC,8,CONTEXT_CONDITIONAL_ONLY,A,,"{""-1"": -1, ""1"": 1}"
E2_CONTEXT_SIGN_FLIP,42113,ANTITHETIC_CRN_MC,16,CONTEXT_CONDITIONAL_ONLY,A,,"{""-1"": -1, ""1"": 1}"
E2_CONTEXT_SIGN_FLIP,42113,ANTITHETIC_CRN_MC,32,CONTEXT_CONDITIONAL_ONLY,A,,"{""-1"": -1, ""1"": 1}"
E2_CONTEXT_SIGN_FLIP,42113,ANTITHETIC_CRN_MC,64,CONTEXT_CONDITIONAL_ONLY,A,,"{""-1"": -1, ""1"": 1}"
E2_CONTEXT_SIGN_FLIP,42113,ANTITHETIC_CRN_MC,128,CONTEXT_CONDITIONAL_ONLY,A,,"{""-1"": -1, ""1"": 1}"
E2_CONTEXT_SIGN_FLIP,42113,ANTITHETIC_CRN_MC,256,CONTEXT_CONDITIONAL_ONLY,A,,"{""-1"": -1, ""1"": 1}"
E2_CONTEXT_SIGN_FLIP,42113,CRN_CHAIN_MC,8,CONTEXT_CONDITIONAL_ONLY,A,,"{""-1"": -1, ""1"": 1}"
E2_CONTEXT_SIGN_FLIP,42113,CRN_CHAIN_MC,16,CONTEXT_CONDITIONAL_ONLY,A,,"{""-1"": -1, ""1"": 1}"
E2_CONTEXT_SIGN_FLIP,42113,CRN_CHAIN_MC,32,CONTEXT_CONDITIONAL_ONLY,A,,"{""-1"": -1, ""1"": 1}"
E2_CONTEXT_SIGN_FLIP,42113,CRN_CHAIN_MC,64,CONTEXT_CONDITIONAL_ONLY,A,,"{""-1"": -1, ""1"": 1}"
E2_CONTEXT_SIGN_FLIP,42113,CRN_CHAIN_MC,128,CONTEXT_CONDITIONAL_ONLY,A,,"{""-1"": -1, ""1"": 1}"
E2_CONTEXT_SIGN_FLIP,42113,CRN_CHAIN_MC,256,CONTEXT_CONDITIONAL_ONLY,A,,"{""-1"": -1, ""1"": 1}"
E2_CONTEXT_SIGN_FLIP,42113,DOUBLE_ANTITHETIC_CRN_MC,8,CONTEXT_CONDITIONAL_ONLY,A,,"{""-1"": -1, ""1"": 1}"
E2_CONTEXT_SIGN_FLIP,42113,DOUBLE_ANTITHETIC_CRN_MC,16,CONTEXT_CONDITIONAL_ONLY,A,,"{""-1"": -1, ""1"": 1}"
E2_CONTEXT_SIGN_FLIP,42113,DOUBLE_ANTITHETIC_CRN_MC,32,CONTEXT_CONDITIONAL_ONLY,A,,"{""-1"": -1, ""1"": 1}"
E2_CONTEXT_SIGN_FLIP,42113,DOUBLE_ANTITHETIC_CRN_MC,64,CONTEXT_CONDITIONAL_ONLY,A,,"{""-1"": -1, ""1"": 1}"
E2_CONTEXT_SIGN_FLIP,42113,DOUBLE_ANTITHETIC_CRN_MC,128,CONTEXT_CONDITIONAL_ONLY,A,,"{""-1"": -1, ""1"": 1}"
E2_CONTEXT_SIGN_FLIP,42113,DOUBLE_ANTITHETIC_CRN_MC,256,CONTEXT_CONDITIONAL_ONLY,A,,"{""-1"": -1, ""1"": 1}"
E2_CONTEXT_SIGN_FLIP,42113,LEGACY_INDEPENDENT_MC,8,CONTEXT_CONDITIONAL_ONLY,A,,"{""-1"": -1, ""1"": 1}"
E2_CONTEXT_SIGN_FLIP,42113,LEGACY_INDEPENDENT_MC,16,CONTEXT_CONDITIONAL_ONLY,A,,"{""-1"": -1, ""1"": 1}"
E2_CONTEXT_SIGN_FLIP,42113,LEGACY_INDEPENDENT_MC,32,CONTEXT_CONDITIONAL_ONLY,A,,"{""-1"": -1, ""1"": 1}"
E2_CONTEXT_SIGN_FLIP,42113,LEGACY_INDEPENDENT_MC,64,CONTEXT_CONDITIONAL_ONLY,A,,"{""-1"": -1, ""1"": 1}"
E2_CONTEXT_SIGN_FLIP,42113,LEGACY_INDEPENDENT_MC,128,CONTEXT_CONDITIONAL_ONLY,A,,"{""-1"": -1, ""1"": 1}"
E2_CONTEXT_SIGN_FLIP,42113,LEGACY_INDEPENDENT_MC,256,CONTEXT_CONDITIONAL_ONLY,A,,"{""-1"": -1, ""1"": 1}"
E2_CONTEXT_SIGN_FLIP,42114,ANTITHETIC_CRN_MC,8,CONTEXT_CONDITIONAL_ONLY,A,,"{""-1"": -1, ""1"": 1}"
E2_CONTEXT_SIGN_FLIP,42114,ANTITHETIC_CRN_MC,16,CONTEXT_CONDITIONAL_ONLY,A,,"{""-1"": -1, ""1"": 1}"
E2_CONTEXT_SIGN_FLIP,42114,ANTITHETIC_CRN_MC,32,CONTEXT_CONDITIONAL_ONLY,A,,"{""-1"": -1, ""1"": 1}"
E2_CONTEXT_SIGN_FLIP,42114,ANTITHETIC_CRN_MC,64,CONTEXT_CONDITIONAL_ONLY,A,,"{""-1"": -1, ""1"": 1}"
E2_CONTEXT_SIGN_FLIP,42114,ANTITHETIC_CRN_MC,128,CONTEXT_CONDITIONAL_ONLY,A,,"{""-1"": -1, ""1"": 1}"
E2_CONTEXT_SIGN_FLIP,42114,ANTITHETIC_CRN_MC,256,CONTEXT_CONDITIONAL_ONLY,A,,"{""-1"": -1, ""1"": 1}"
E2_CONTEXT_SIGN_FLIP,42114,CRN_CHAIN_MC,8,CONTEXT_CONDITIONAL_ONLY,A,,"{""-1"": -1, ""1"": 1}"
E2_CONTEXT_SIGN_FLIP,42114,CRN_CHAIN_MC,16,CONTEXT_CONDITIONAL_ONLY,A,,"{""-1"": -1, ""1"": 1}"
E2_CONTEXT_SIGN_FLIP,42114,CRN_CHAIN_MC,32,CONTEXT_CONDITIONAL_ONLY,A,,"{""-1"": -1, ""1"": 1}"
E2_CONTEXT_SIGN_FLIP,42114,CRN_CHAIN_MC,64,CONTEXT_CONDITIONAL_ONLY,A,,"{""-1"": -1, ""1"": 1}"
E2_CONTEXT_SIGN_FLIP,42114,CRN_CHAIN_MC,128,CONTEXT_CONDITIONAL_ONLY,A,,"{""-1"": -1, ""1"": 1}"
E2_CONTEXT_SIGN_FLIP,42114,CRN_CHAIN_MC,256,CONTEXT_CONDITIONAL_ONLY,A,,"{""-1"": -1, ""1"": 1}"
E2_CONTEXT_SIGN_FLIP,42114,DOUBLE_ANTITHETIC_CRN_MC,8,CONTEXT_CONDITIONAL_ONLY,A,,"{""-1"": -1, ""1"": 1}"
E2_CONTEXT_SIGN_FLIP,42114,DOUBLE_ANTITHETIC_CRN_MC,16,CONTEXT_CONDITIONAL_ONLY,A,,"{""-1"": -1, ""1"": 1}"
E2_CONTEXT_SIGN_FLIP,42114,DOUBLE_ANTITHETIC_CRN_MC,32,CONTEXT_CONDITIONAL_ONLY,A,,"{""-1"": -1, ""1"": 1}"
E2_CONTEXT_SIGN_FLIP,42114,DOUBLE_ANTITHETIC_CRN_MC,64,CONTEXT_CONDITIONAL_ONLY,A,,"{""-1"": -1, ""1"": 1}"
E2_CONTEXT_SIGN_FLIP,42114,DOUBLE_ANTITHETIC_CRN_MC,128,CONTEXT_CONDITIONAL_ONLY,A,,"{""-1"": -1, ""1"": 1}"
E2_CONTEXT_SIGN_FLIP,42114,DOUBLE_ANTITHETIC_CRN_MC,256,CONTEXT_CONDITIONAL_ONLY,A,,"{""-1"": -1, ""1"": 1}"
E2_CONTEXT_SIGN_FLIP,42114,LEGACY_INDEPENDENT_MC,8,CONTEXT_CONDITIONAL_ONLY,A,,"{""-1"": -1, ""1"": 1}"
E2_CONTEXT_SIGN_FLIP,42114,LEGACY_INDEPENDENT_MC,16,CONTEXT_CONDITIONAL_ONLY,A,,"{""-1"": -1, ""1"": 1}"
E2_CONTEXT_SIGN_FLIP,42114,LEGACY_INDEPENDENT_MC,32,CONTEXT_CONDITIONAL_ONLY,A,,"{""-1"": -1, ""1"": 1}"
E2_CONTEXT_SIGN_FLIP,42114,LEGACY_INDEPENDENT_MC,64,CONTEXT_CONDITIONAL_ONLY,A,,"{""-1"": -1, ""1"": 1}"
E2_CONTEXT_SIGN_FLIP,42114,LEGACY_INDEPENDENT_MC,128,CONTEXT_CONDITIONAL_ONLY,A,,"{""-1"": -1, ""1"": 1}"
E2_CONTEXT_SIGN_FLIP,42114,LEGACY_INDEPENDENT_MC,256,CONTEXT_CONDITIONAL_ONLY,A,,"{""-1"": -1, ""1"": 1}"
E2_CONTEXT_SIGN_FLIP,42115,ANTITHETIC_CRN_MC,8,CONTEXT_CONDITIONAL_ONLY,A,,"{""-1"": -1, ""1"": 1}"
E2_CONTEXT_SIGN_FLIP,42115,ANTITHETIC_CRN_MC,16,CONTEXT_CONDITIONAL_ONLY,A,,"{""-1"": -1, ""1"": 1}"
E2_CONTEXT_SIGN_FLIP,42115,ANTITHETIC_CRN_MC,32,CONTEXT_CONDITIONAL_ONLY,A,,"{""-1"": -1, ""1"": 1}"
E2_CONTEXT_SIGN_FLIP,42115,ANTITHETIC_CRN_MC,64,CONTEXT_CONDITIONAL_ONLY,A,,"{""-1"": -1, ""1"": 1}"
E2_CONTEXT_SIGN_FLIP,42115,ANTITHETIC_CRN_MC,128,CONTEXT_CONDITIONAL_ONLY,A,,"{""-1"": -1, ""1"": 1}"
E2_CONTEXT_SIGN_FLIP,42115,ANTITHETIC_CRN_MC,256,CONTEXT_CONDITIONAL_ONLY,A,,"{""-1"": -1, ""1"": 1}"
E2_CONTEXT_SIGN_FLIP,42115,CRN_CHAIN_MC,8,CONTEXT_CONDITIONAL_ONLY,A,,"{""-1"": -1, ""1"": 1}"
E2_CONTEXT_SIGN_FLIP,42115,CRN_CHAIN_MC,16,CONTEXT_CONDITIONAL_ONLY,A,,"{""-1"": -1, ""1"": 1}"
E2_CONTEXT_SIGN_FLIP,42115,CRN_CHAIN_MC,32,CONTEXT_CONDITIONAL_ONLY,A,,"{""-1"": -1, ""1"": 1}"
E2_CONTEXT_SIGN_FLIP,42115,CRN_CHAIN_MC,64,CONTEXT_CONDITIONAL_ONLY,A,,"{""-1"": -1, ""1"": 1}"
E2_CONTEXT_SIGN_FLIP,42115,CRN_CHAIN_MC,128,CONTEXT_CONDITIONAL_ONLY,A,,"{""-1"": -1, ""1"": 1}"
E2_CONTEXT_SIGN_FLIP,42115,CRN_CHAIN_MC,256,CONTEXT_CONDITIONAL_ONLY,A,,"{""-1"": -1, ""1"": 1}"
E2_CONTEXT_SIGN_FLIP,42115,DOUBLE_ANTITHETIC_CRN_MC,8,CONTEXT_CONDITIONAL_ONLY,A,,"{""-1"": -1, ""1"": 1}"
E2_CONTEXT_SIGN_FLIP,42115,DOUBLE_ANTITHETIC_CRN_MC,16,CONTEXT_CONDITIONAL_ONLY,A,,"{""-1"": -1, ""1"": 1}"
E2_CONTEXT_SIGN_FLIP,42115,DOUBLE_ANTITHETIC_CRN_MC,32,CONTEXT_CONDITIONAL_ONLY,A,,"{""-1"": -1, ""1"": 1}"
E2_CONTEXT_SIGN_FLIP,42115,DOUBLE_ANTITHETIC_CRN_MC,64,CONTEXT_CONDITIONAL_ONLY,A,,"{""-1"": -1, ""1"": 1}"
E2_CONTEXT_SIGN_FLIP,42115,DOUBLE_ANTITHETIC_CRN_MC,128,CONTEXT_CONDITIONAL_ONLY,A,,"{""-1"": -1, ""1"": 1}"
E2_CONTEXT_SIGN_FLIP,42115,DOUBLE_ANTITHETIC_CRN_MC,256,CONTEXT_CONDITIONAL_ONLY,A,,"{""-1"": -1, ""1"": 1}"
E2_CONTEXT_SIGN_FLIP,42115,LEGACY_INDEPENDENT_MC,8,CONTEXT_CONDITIONAL_ONLY,A,,"{""-1"": -1, ""1"": 1}"
E2_CONTEXT_SIGN_FLIP,42115,LEGACY_INDEPENDENT_MC,16,CONTEXT_CONDITIONAL_ONLY,A,,"{""-1"": -1, ""1"": 1}"
E2_CONTEXT_SIGN_FLIP,42115,LEGACY_INDEPENDENT_MC,32,CONTEXT_CONDITIONAL_ONLY,A,,"{""-1"": -1, ""1"": 1}"
E2_CONTEXT_SIGN_FLIP,42115,LEGACY_INDEPENDENT_MC,64,CONTEXT_CONDITIONAL_ONLY,A,,"{""-1"": -1, ""1"": 1}"
E2_CONTEXT_SIGN_FLIP,42115,LEGACY_INDEPENDENT_MC,128,CONTEXT_CONDITIONAL_ONLY,A,,"{""-1"": -1, ""1"": 1}"
E2_CONTEXT_SIGN_FLIP,42115,LEGACY_INDEPENDENT_MC,256,CONTEXT_CONDITIONAL_ONLY,A,,"{""-1"": -1, ""1"": 1}"
E2_CONTEXT_SIGN_FLIP,42116,ANTITHETIC_CRN_MC,8,CONTEXT_CONDITIONAL_ONLY,A,,"{""-1"": -1, ""1"": 1}"
E2_CONTEXT_SIGN_FLIP,42116,ANTITHETIC_CRN_MC,16,CONTEXT_CONDITIONAL_ONLY,A,,"{""-1"": -1, ""1"": 1}"
E2_CONTEXT_SIGN_FLIP,42116,ANTITHETIC_CRN_MC,32,CONTEXT_CONDITIONAL_ONLY,A,,"{""-1"": -1, ""1"": 1}"
E2_CONTEXT_SIGN_FLIP,42116,ANTITHETIC_CRN_MC,64,CONTEXT_CONDITIONAL_ONLY,A,,"{""-1"": -1, ""1"": 1}"
E2_CONTEXT_SIGN_FLIP,42116,ANTITHETIC_CRN_MC,128,CONTEXT_CONDITIONAL_ONLY,A,,"{""-1"": -1, ""1"": 1}"
E2_CONTEXT_SIGN_FLIP,42116,ANTITHETIC_CRN_MC,256,CONTEXT_CONDITIONAL_ONLY,A,,"{""-1"": -1, ""1"": 1}"
E2_CONTEXT_SIGN_FLIP,42116,CRN_CHAIN_MC,8,CONTEXT_CONDITIONAL_ONLY,A,,"{""-1"": -1, ""1"": 1}"
E2_CONTEXT_SIGN_FLIP,42116,CRN_CHAIN_MC,16,CONTEXT_CONDITIONAL_ONLY,A,,"{""-1"": -1, ""1"": 1}"
E2_CONTEXT_SIGN_FLIP,42116,CRN_CHAIN_MC,32,CONTEXT_CONDITIONAL_ONLY,A,,"{""-1"": -1, ""1"": 1}"
E2_CONTEXT_SIGN_FLIP,42116,CRN_CHAIN_MC,64,CONTEXT_CONDITIONAL_ONLY,A,,"{""-1"": -1, ""1"": 1}"
E2_CONTEXT_SIGN_FLIP,42116,CRN_CHAIN_MC,128,CONTEXT_CONDITIONAL_ONLY,A,,"{""-1"": -1, ""1"": 1}"
E2_CONTEXT_SIGN_FLIP,42116,CRN_CHAIN_MC,256,CONTEXT_CONDITIONAL_ONLY,A,,"{""-1"": -1, ""1"": 1}"
E2_CONTEXT_SIGN_FLIP,42116,DOUBLE_ANTITHETIC_CRN_MC,8,CONTEXT_CONDITIONAL_ONLY,A,,"{""-1"": -1, ""1"": 1}"
E2_CONTEXT_SIGN_FLIP,42116,DOUBLE_ANTITHETIC_CRN_MC,16,CONTEXT_CONDITIONAL_ONLY,A,,"{""-1"": -1, ""1"": 1}"
E2_CONTEXT_SIGN_FLIP,42116,DOUBLE_ANTITHETIC_CRN_MC,32,CONTEXT_CONDITIONAL_ONLY,A,,"{""-1"": -1, ""1"": 1}"
E2_CONTEXT_SIGN_FLIP,42116,DOUBLE_ANTITHETIC_CRN_MC,64,CONTEXT_CONDITIONAL_ONLY,A,,"{""-1"": -1, ""1"": 1}"
E2_CONTEXT_SIGN_FLIP,42116,DOUBLE_ANTITHETIC_CRN_MC,128,CONTEXT_CONDITIONAL_ONLY,A,,"{""-1"": -1, ""1"": 1}"
E2_CONTEXT_SIGN_FLIP,42116,DOUBLE_ANTITHETIC_CRN_MC,256,CONTEXT_CONDITIONAL_ONLY,A,,"{""-1"": -1, ""1"": 1}"
E2_CONTEXT_SIGN_FLIP,42116,LEGACY_INDEPENDENT_MC,8,CONTEXT_CONDITIONAL_ONLY,A,,"{""-1"": -1, ""1"": 1}"
E2_CONTEXT_SIGN_FLIP,42116,LEGACY_INDEPENDENT_MC,16,CONTEXT_CONDITIONAL_ONLY,A,,"{""-1"": -1, ""1"": 1}"
E2_CONTEXT_SIGN_FLIP,42116,LEGACY_INDEPENDENT_MC,32,CONTEXT_CONDITIONAL_ONLY,A,,"{""-1"": -1, ""1"": 1}"
E2_CONTEXT_SIGN_FLIP,42116,LEGACY_INDEPENDENT_MC,64,CONTEXT_CONDITIONAL_ONLY,A,,"{""-1"": -1, ""1"": 1}"
E2_CONTEXT_SIGN_FLIP,42116,LEGACY_INDEPENDENT_MC,128,CONTEXT_CONDITIONAL_ONLY,A,,"{""-1"": -1, ""1"": 1}"
E2_CONTEXT_SIGN_FLIP,42116,LEGACY_INDEPENDENT_MC,256,CONTEXT_CONDITIONAL_ONLY,A,,"{""-1"": -1, ""1"": 1}"
E2_CONTEXT_SIGN_FLIP,42117,ANTITHETIC_CRN_MC,8,CONTEXT_CONDITIONAL_ONLY,A,,"{""-1"": -1, ""1"": 1}"
E2_CONTEXT_SIGN_FLIP,42117,ANTITHETIC_CRN_MC,16,CONTEXT_CONDITIONAL_ONLY,A,,"{""-1"": -1, ""1"": 1}"
E2_CONTEXT_SIGN_FLIP,42117,ANTITHETIC_CRN_MC,32,CONTEXT_CONDITIONAL_ONLY,A,,"{""-1"": -1, ""1"": 1}"
E2_CONTEXT_SIGN_FLIP,42117,ANTITHETIC_CRN_MC,64,CONTEXT_CONDITIONAL_ONLY,A,,"{""-1"": -1, ""1"": 1}"
E2_CONTEXT_SIGN_FLIP,42117,ANTITHETIC_CRN_MC,128,CONTEXT_CONDITIONAL_ONLY,A,,"{""-1"": -1, ""1"": 1}"
E2_CONTEXT_SIGN_FLIP,42117,ANTITHETIC_CRN_MC,256,CONTEXT_CONDITIONAL_ONLY,A,,"{""-1"": -1, ""1"": 1}"
E2_CONTEXT_SIGN_FLIP,42117,CRN_CHAIN_MC,8,CONTEXT_CONDITIONAL_ONLY,A,,"{""-1"": -1, ""1"": 1}"
E2_CONTEXT_SIGN_FLIP,42117,CRN_CHAIN_MC,16,CONTEXT_CONDITIONAL_ONLY,A,,"{""-1"": -1, ""1"": 1}"
E2_CONTEXT_SIGN_FLIP,42117,CRN_CHAIN_MC,32,CONTEXT_CONDITIONAL_ONLY,A,,"{""-1"": -1, ""1"": 1}"
E2_CONTEXT_SIGN_FLIP,42117,CRN_CHAIN_MC,64,CONTEXT_CONDITIONAL_ONLY,A,,"{""-1"": -1, ""1"": 1}"
E2_CONTEXT_SIGN_FLIP,42117,CRN_CHAIN_MC,128,CONTEXT_CONDITIONAL_ONLY,A,,"{""-1"": -1, ""1"": 1}"
E2_CONTEXT_SIGN_FLIP,42117,CRN_CHAIN_MC,256,CONTEXT_CONDITIONAL_ONLY,A,,"{""-1"": -1, ""1"": 1}"
E2_CONTEXT_SIGN_FLIP,42117,DOUBLE_ANTITHETIC_CRN_MC,8,CONTEXT_CONDITIONAL_ONLY,A,,"{""-1"": -1, ""1"": 1}"
E2_CONTEXT_SIGN_FLIP,42117,DOUBLE_ANTITHETIC_CRN_MC,16,CONTEXT_CONDITIONAL_ONLY,A,,"{""-1"": -1, ""1"": 1}"
E2_CONTEXT_SIGN_FLIP,42117,DOUBLE_ANTITHETIC_CRN_MC,32,CONTEXT_CONDITIONAL_ONLY,A,,"{""-1"": -1, ""1"": 1}"
E2_CONTEXT_SIGN_FLIP,42117,DOUBLE_ANTITHETIC_CRN_MC,64,CONTEXT_CONDITIONAL_ONLY,A,,"{""-1"": -1, ""1"": 1}"
E2_CONTEXT_SIGN_FLIP,42117,DOUBLE_ANTITHETIC_CRN_MC,128,CONTEXT_CONDITIONAL_ONLY,A,,"{""-1"": -1, ""1"": 1}"
E2_CONTEXT_SIGN_FLIP,42117,DOUBLE_ANTITHETIC_CRN_MC,256,CONTEXT_CONDITIONAL_ONLY,A,,"{""-1"": -1, ""1"": 1}"
E2_CONTEXT_SIGN_FLIP,42117,LEGACY_INDEPENDENT_MC,8,CONTEXT_CONDITIONAL_ONLY,A,,"{""-1"": -1, ""1"": 1}"
E2_CONTEXT_SIGN_FLIP,42117,LEGACY_INDEPENDENT_MC,16,CONTEXT_CONDITIONAL_ONLY,A,,"{""-1"": -1, ""1"": 1}"
E2_CONTEXT_SIGN_FLIP,42117,LEGACY_INDEPENDENT_MC,32,CONTEXT_CONDITIONAL_ONLY,A,,"{""-1"": -1, ""1"": 1}"
E2_CONTEXT_SIGN_FLIP,42117,LEGACY_INDEPENDENT_MC,64,CONTEXT_CONDITIONAL_ONLY,A,,"{""-1"": -1, ""1"": 1}"
E2_CONTEXT_SIGN_FLIP,42117,LEGACY_INDEPENDENT_MC,128,CONTEXT_CONDITIONAL_ONLY,A,,"{""-1"": -1, ""1"": 1}"
E2_CONTEXT_SIGN_FLIP,42117,LEGACY_INDEPENDENT_MC,256,CONTEXT_CONDITIONAL_ONLY,A,,"{""-1"": -1, ""1"": 1}"
E2_CONTEXT_SIGN_FLIP,42118,ANTITHETIC_CRN_MC,8,CONTEXT_CONDITIONAL_ONLY,A,,"{""-1"": -1, ""1"": 1}"
E2_CONTEXT_SIGN_FLIP,42118,ANTITHETIC_CRN_MC,16,CONTEXT_CONDITIONAL_ONLY,A,,"{""-1"": -1, ""1"": 1}"
E2_CONTEXT_SIGN_FLIP,42118,ANTITHETIC_CRN_MC,32,CONTEXT_CONDITIONAL_ONLY,A,,"{""-1"": -1, ""1"": 1}"
E2_CONTEXT_SIGN_FLIP,42118,ANTITHETIC_CRN_MC,64,CONTEXT_CONDITIONAL_ONLY,A,,"{""-1"": -1, ""1"": 1}"
E2_CONTEXT_SIGN_FLIP,42118,ANTITHETIC_CRN_MC,128,CONTEXT_CONDITIONAL_ONLY,A,,"{""-1"": -1, ""1"": 1}"
E2_CONTEXT_SIGN_FLIP,42118,ANTITHETIC_CRN_MC,256,CONTEXT_CONDITIONAL_ONLY,A,,"{""-1"": -1, ""1"": 1}"
E2_CONTEXT_SIGN_FLIP,42118,CRN_CHAIN_MC,8,CONTEXT_CONDITIONAL_ONLY,A,,"{""-1"": -1, ""1"": 1}"
E2_CONTEXT_SIGN_FLIP,42118,CRN_CHAIN_MC,16,CONTEXT_CONDITIONAL_ONLY,A,,"{""-1"": -1, ""1"": 1}"
E2_CONTEXT_SIGN_FLIP,42118,CRN_CHAIN_MC,32,CONTEXT_CONDITIONAL_ONLY,A,,"{""-1"": -1, ""1"": 1}"
E2_CONTEXT_SIGN_FLIP,42118,CRN_CHAIN_MC,64,CONTEXT_CONDITIONAL_ONLY,A,,"{""-1"": -1, ""1"": 1}"
E2_CONTEXT_SIGN_FLIP,42118,CRN_CHAIN_MC,128,CONTEXT_CONDITIONAL_ONLY,A,,"{""-1"": -1, ""1"": 1}"
E2_CONTEXT_SIGN_FLIP,42118,CRN_CHAIN_MC,256,CONTEXT_CONDITIONAL_ONLY,A,,"{""-1"": -1, ""1"": 1}"
E2_CONTEXT_SIGN_FLIP,42118,DOUBLE_ANTITHETIC_CRN_MC,8,CONTEXT_CONDITIONAL_ONLY,A,,"{""-1"": -1, ""1"": 1}"
E2_CONTEXT_SIGN_FLIP,42118,DOUBLE_ANTITHETIC_CRN_MC,16,CONTEXT_CONDITIONAL_ONLY,A,,"{""-1"": -1, ""1"": 1}"
E2_CONTEXT_SIGN_FLIP,42118,DOUBLE_ANTITHETIC_CRN_MC,32,CONTEXT_CONDITIONAL_ONLY,A,,"{""-1"": -1, ""1"": 1}"
E2_CONTEXT_SIGN_FLIP,42118,DOUBLE_ANTITHETIC_CRN_MC,64,CONTEXT_CONDITIONAL_ONLY,A,,"{""-1"": -1, ""1"": 1}"
E2_CONTEXT_SIGN_FLIP,42118,DOUBLE_ANTITHETIC_CRN_MC,128,CONTEXT_CONDITIONAL_ONLY,A,,"{""-1"": -1, ""1"": 1}"
E2_CONTEXT_SIGN_FLIP,42118,DOUBLE_ANTITHETIC_CRN_MC,256,CONTEXT_CONDITIONAL_ONLY,A,,"{""-1"": -1, ""1"": 1}"
E2_CONTEXT_SIGN_FLIP,42118,LEGACY_INDEPENDENT_MC,8,CONTEXT_CONDITIONAL_ONLY,A,,"{""-1"": -1, ""1"": 1}"
E2_CONTEXT_SIGN_FLIP,42118,LEGACY_INDEPENDENT_MC,16,CONTEXT_CONDITIONAL_ONLY,A,,"{""-1"": -1, ""1"": 1}"
E2_CONTEXT_SIGN_FLIP,42118,LEGACY_INDEPENDENT_MC,32,CONTEXT_CONDITIONAL_ONLY,A,,"{""-1"": -1, ""1"": 1}"
E2_CONTEXT_SIGN_FLIP,42118,LEGACY_INDEPENDENT_MC,64,CONTEXT_CONDITIONAL_ONLY,A,,"{""-1"": -1, ""1"": 1}"
E2_CONTEXT_SIGN_FLIP,42118,LEGACY_INDEPENDENT_MC,128,CONTEXT_CONDITIONAL_ONLY,A,,"{""-1"": -1, ""1"": 1}"
E2_CONTEXT_SIGN_FLIP,42118,LEGACY_INDEPENDENT_MC,256,CONTEXT_CONDITIONAL_ONLY,A,,"{""-1"": -1, ""1"": 1}"
E2_CONTEXT_SIGN_FLIP,42119,ANTITHETIC_CRN_MC,8,CONTEXT_CONDITIONAL_ONLY,A,,"{""-1"": -1, ""1"": 1}"
E2_CONTEXT_SIGN_FLIP,42119,ANTITHETIC_CRN_MC,16,CONTEXT_CONDITIONAL_ONLY,A,,"{""-1"": -1, ""1"": 1}"
E2_CONTEXT_SIGN_FLIP,42119,ANTITHETIC_CRN_MC,32,CONTEXT_CONDITIONAL_ONLY,A,,"{""-1"": -1, ""1"": 1}"
E2_CONTEXT_SIGN_FLIP,42119,ANTITHETIC_CRN_MC,64,CONTEXT_CONDITIONAL_ONLY,A,,"{""-1"": -1, ""1"": 1}"
E2_CONTEXT_SIGN_FLIP,42119,ANTITHETIC_CRN_MC,128,CONTEXT_CONDITIONAL_ONLY,A,,"{""-1"": -1, ""1"": 1}"
E2_CONTEXT_SIGN_FLIP,42119,ANTITHETIC_CRN_MC,256,CONTEXT_CONDITIONAL_ONLY,A,,"{""-1"": -1, ""1"": 1}"
E2_CONTEXT_SIGN_FLIP,42119,CRN_CHAIN_MC,8,CONTEXT_CONDITIONAL_ONLY,A,,"{""-1"": -1, ""1"": 1}"
E2_CONTEXT_SIGN_FLIP,42119,CRN_CHAIN_MC,16,CONTEXT_CONDITIONAL_ONLY,A,,"{""-1"": -1, ""1"": 1}"
E2_CONTEXT_SIGN_FLIP,42119,CRN_CHAIN_MC,32,CONTEXT_CONDITIONAL_ONLY,A,,"{""-1"": -1, ""1"": 1}"
E2_CONTEXT_SIGN_FLIP,42119,CRN_CHAIN_MC,64,CONTEXT_CONDITIONAL_ONLY,A,,"{""-1"": -1, ""1"": 1}"
E2_CONTEXT_SIGN_FLIP,42119,CRN_CHAIN_MC,128,CONTEXT_CONDITIONAL_ONLY,A,,"{""-1"": -1, ""1"": 1}"
E2_CONTEXT_SIGN_FLIP,42119,CRN_CHAIN_MC,256,CONTEXT_CONDITIONAL_ONLY,A,,"{""-1"": -1, ""1"": 1}"
E2_CONTEXT_SIGN_FLIP,42119,DOUBLE_ANTITHETIC_CRN_MC,8,CONTEXT_CONDITIONAL_ONLY,A,,"{""-1"": -1, ""1"": 1}"
E2_CONTEXT_SIGN_FLIP,42119,DOUBLE_ANTITHETIC_CRN_MC,16,CONTEXT_CONDITIONAL_ONLY,A,,"{""-1"": -1, ""1"": 1}"
E2_CONTEXT_SIGN_FLIP,42119,DOUBLE_ANTITHETIC_CRN_MC,32,CONTEXT_CONDITIONAL_ONLY,A,,"{""-1"": -1, ""1"": 1}"
E2_CONTEXT_SIGN_FLIP,42119,DOUBLE_ANTITHETIC_CRN_MC,64,CONTEXT_CONDITIONAL_ONLY,A,,"{""-1"": -1, ""1"": 1}"
E2_CONTEXT_SIGN_FLIP,42119,DOUBLE_ANTITHETIC_CRN_MC,128,CONTEXT_CONDITIONAL_ONLY,A,,"{""-1"": -1, ""1"": 1}"
E2_CONTEXT_SIGN_FLIP,42119,DOUBLE_ANTITHETIC_CRN_MC,256,CONTEXT_CONDITIONAL_ONLY,A,,"{""-1"": -1, ""1"": 1}"
E2_CONTEXT_SIGN_FLIP,42119,LEGACY_INDEPENDENT_MC,8,CONTEXT_CONDITIONAL_ONLY,A,,"{""-1"": -1, ""1"": 1}"
E2_CONTEXT_SIGN_FLIP,42119,LEGACY_INDEPENDENT_MC,16,CONTEXT_CONDITIONAL_ONLY,A,,"{""-1"": -1, ""1"": 1}"
E2_CONTEXT_SIGN_FLIP,42119,LEGACY_INDEPENDENT_MC,32,CONTEXT_CONDITIONAL_ONLY,A,,"{""-1"": -1, ""1"": 1}"
E2_CONTEXT_SIGN_FLIP,42119,LEGACY_INDEPENDENT_MC,64,CONTEXT_CONDITIONAL_ONLY,A,,"{""-1"": -1, ""1"": 1}"
E2_CONTEXT_SIGN_FLIP,42119,LEGACY_INDEPENDENT_MC,128,CONTEXT_CONDITIONAL_ONLY,A,,"{""-1"": -1, ""1"": 1}"
E2_CONTEXT_SIGN_FLIP,42119,LEGACY_INDEPENDENT_MC,256,CONTEXT_CONDITIONAL_ONLY,A,,"{""-1"": -1, ""1"": 1}"
E2_CONTEXT_SIGN_FLIP,42120,ANTITHETIC_CRN_MC,8,CONTEXT_CONDITIONAL_ONLY,A,,"{""-1"": -1, ""1"": 1}"
E2_CONTEXT_SIGN_FLIP,42120,ANTITHETIC_CRN_MC,16,CONTEXT_CONDITIONAL_ONLY,A,,"{""-1"": -1, ""1"": 1}"
E2_CONTEXT_SIGN_FLIP,42120,ANTITHETIC_CRN_MC,32,CONTEXT_CONDITIONAL_ONLY,A,,"{""-1"": -1, ""1"": 1}"
E2_CONTEXT_SIGN_FLIP,42120,ANTITHETIC_CRN_MC,64,CONTEXT_CONDITIONAL_ONLY,A,,"{""-1"": -1, ""1"": 1}"
E2_CONTEXT_SIGN_FLIP,42120,ANTITHETIC_CRN_MC,128,CONTEXT_CONDITIONAL_ONLY,A,,"{""-1"": -1, ""1"": 1}"
E2_CONTEXT_SIGN_FLIP,42120,ANTITHETIC_CRN_MC,256,CONTEXT_CONDITIONAL_ONLY,A,,"{""-1"": -1, ""1"": 1}"
E2_CONTEXT_SIGN_FLIP,42120,CRN_CHAIN_MC,8,CONTEXT_CONDITIONAL_ONLY,A,,"{""-1"": -1, ""1"": 1}"
E2_CONTEXT_SIGN_FLIP,42120,CRN_CHAIN_MC,16,CONTEXT_CONDITIONAL_ONLY,A,,"{""-1"": -1, ""1"": 1}"
E2_CONTEXT_SIGN_FLIP,42120,CRN_CHAIN_MC,32,CONTEXT_CONDITIONAL_ONLY,A,,"{""-1"": -1, ""1"": 1}"
E2_CONTEXT_SIGN_FLIP,42120,CRN_CHAIN_MC,64,CONTEXT_CONDITIONAL_ONLY,A,,"{""-1"": -1, ""1"": 1}"
E2_CONTEXT_SIGN_FLIP,42120,CRN_CHAIN_MC,128,CONTEXT_CONDITIONAL_ONLY,A,,"{""-1"": -1, ""1"": 1}"
E2_CONTEXT_SIGN_FLIP,42120,CRN_CHAIN_MC,256,CONTEXT_CONDITIONAL_ONLY,A,,"{""-1"": -1, ""1"": 1}"
E2_CONTEXT_SIGN_FLIP,42120,DOUBLE_ANTITHETIC_CRN_MC,8,CONTEXT_CONDITIONAL_ONLY,A,,"{""-1"": -1, ""1"": 1}"
E2_CONTEXT_SIGN_FLIP,42120,DOUBLE_ANTITHETIC_CRN_MC,16,CONTEXT_CONDITIONAL_ONLY,A,,"{""-1"": -1, ""1"": 1}"
E2_CONTEXT_SIGN_FLIP,42120,DOUBLE_ANTITHETIC_CRN_MC,32,CONTEXT_CONDITIONAL_ONLY,A,,"{""-1"": -1, ""1"": 1}"
E2_CONTEXT_SIGN_FLIP,42120,DOUBLE_ANTITHETIC_CRN_MC,64,CONTEXT_CONDITIONAL_ONLY,A,,"{""-1"": -1, ""1"": 1}"
E2_CONTEXT_SIGN_FLIP,42120,DOUBLE_ANTITHETIC_CRN_MC,128,CONTEXT_CONDITIONAL_ONLY,A,,"{""-1"": -1, ""1"": 1}"
E2_CONTEXT_SIGN_FLIP,42120,DOUBLE_ANTITHETIC_CRN_MC,256,CONTEXT_CONDITIONAL_ONLY,A,,"{""-1"": -1, ""1"": 1}"
E2_CONTEXT_SIGN_FLIP,42120,LEGACY_INDEPENDENT_MC,8,CONTEXT_CONDITIONAL_ONLY,A,,"{""-1"": -1, ""1"": 1}"
E2_CONTEXT_SIGN_FLIP,42120,LEGACY_INDEPENDENT_MC,16,CONTEXT_CONDITIONAL_ONLY,A,,"{""-1"": -1, ""1"": 1}"
E2_CONTEXT_SIGN_FLIP,42120,LEGACY_INDEPENDENT_MC,32,CONTEXT_CONDITIONAL_ONLY,A,,"{""-1"": -1, ""1"": 1}"
E2_CONTEXT_SIGN_FLIP,42120,LEGACY_INDEPENDENT_MC,64,CONTEXT_CONDITIONAL_ONLY,A,,"{""-1"": -1, ""1"": 1}"
E2_CONTEXT_SIGN_FLIP,42120,LEGACY_INDEPENDENT_MC,128,CONTEXT_CONDITIONAL_ONLY,A,,"{""-1"": -1, ""1"": 1}"
E2_CONTEXT_SIGN_FLIP,42120,LEGACY_INDEPENDENT_MC,256,CONTEXT_CONDITIONAL_ONLY,A,,"{""-1"": -1, ""1"": 1}"
E2_CONTEXT_SIGN_FLIP,42121,ANTITHETIC_CRN_MC,8,CONTEXT_CONDITIONAL_ONLY,A,,"{""-1"": -1, ""1"": 1}"
E2_CONTEXT_SIGN_FLIP,42121,ANTITHETIC_CRN_MC,16,CONTEXT_CONDITIONAL_ONLY,A,,"{""-1"": -1, ""1"": 1}"
E2_CONTEXT_SIGN_FLIP,42121,ANTITHETIC_CRN_MC,32,CONTEXT_CONDITIONAL_ONLY,A,,"{""-1"": -1, ""1"": 1}"
E2_CONTEXT_SIGN_FLIP,42121,ANTITHETIC_CRN_MC,64,CONTEXT_CONDITIONAL_ONLY,A,,"{""-1"": -1, ""1"": 1}"
E2_CONTEXT_SIGN_FLIP,42121,ANTITHETIC_CRN_MC,128,CONTEXT_CONDITIONAL_ONLY,A,,"{""-1"": -1, ""1"": 1}"
E2_CONTEXT_SIGN_FLIP,42121,ANTITHETIC_CRN_MC,256,CONTEXT_CONDITIONAL_ONLY,A,,"{""-1"": -1, ""1"": 1}"
E2_CONTEXT_SIGN_FLIP,42121,CRN_CHAIN_MC,8,CONTEXT_CONDITIONAL_ONLY,A,,"{""-1"": -1, ""1"": 1}"
E2_CONTEXT_SIGN_FLIP,42121,CRN_CHAIN_MC,16,CONTEXT_CONDITIONAL_ONLY,A,,"{""-1"": -1, ""1"": 1}"
E2_CONTEXT_SIGN_FLIP,42121,CRN_CHAIN_MC,32,CONTEXT_CONDITIONAL_ONLY,A,,"{""-1"": -1, ""1"": 1}"
E2_CONTEXT_SIGN_FLIP,42121,CRN_CHAIN_MC,64,CONTEXT_CONDITIONAL_ONLY,A,,"{""-1"": -1, ""1"": 1}"
E2_CONTEXT_SIGN_FLIP,42121,CRN_CHAIN_MC,128,CONTEXT_CONDITIONAL_ONLY,A,,"{""-1"": -1, ""1"": 1}"
E2_CONTEXT_SIGN_FLIP,42121,CRN_CHAIN_MC,256,CONTEXT_CONDITIONAL_ONLY,A,,"{""-1"": -1, ""1"": 1}"
E2_CONTEXT_SIGN_FLIP,42121,DOUBLE_ANTITHETIC_CRN_MC,8,CONTEXT_CONDITIONAL_ONLY,A,,"{""-1"": -1, ""1"": 1}"
E2_CONTEXT_SIGN_FLIP,42121,DOUBLE_ANTITHETIC_CRN_MC,16,CONTEXT_CONDITIONAL_ONLY,A,,"{""-1"": -1, ""1"": 1}"
E2_CONTEXT_SIGN_FLIP,42121,DOUBLE_ANTITHETIC_CRN_MC,32,CONTEXT_CONDITIONAL_ONLY,A,,"{""-1"": -1, ""1"": 1}"
E2_CONTEXT_SIGN_FLIP,42121,DOUBLE_ANTITHETIC_CRN_MC,64,CONTEXT_CONDITIONAL_ONLY,A,,"{""-1"": -1, ""1"": 1}"
E2_CONTEXT_SIGN_FLIP,42121,DOUBLE_ANTITHETIC_CRN_MC,128,CONTEXT_CONDITIONAL_ONLY,A,,"{""-1"": -1, ""1"": 1}"
E2_CONTEXT_SIGN_FLIP,42121,DOUBLE_ANTITHETIC_CRN_MC,256,CONTEXT_CONDITIONAL_ONLY,A,,"{""-1"": -1, ""1"": 1}"
E2_CONTEXT_SIGN_FLIP,42121,LEGACY_INDEPENDENT_MC,8,CONTEXT_CONDITIONAL_ONLY,A,,"{""-1"": -1, ""1"": 1}"
E2_CONTEXT_SIGN_FLIP,42121,LEGACY_INDEPENDENT_MC,16,CONTEXT_CONDITIONAL_ONLY,A,,"{""-1"": -1, ""1"": 1}"
E2_CONTEXT_SIGN_FLIP,42121,LEGACY_INDEPENDENT_MC,32,CONTEXT_CONDITIONAL_ONLY,A,,"{""-1"": -1, ""1"": 1}"
E2_CONTEXT_SIGN_FLIP,42121,LEGACY_INDEPENDENT_MC,64,CONTEXT_CONDITIONAL_ONLY,A,,"{""-1"": -1, ""1"": 1}"
E2_CONTEXT_SIGN_FLIP,42121,LEGACY_INDEPENDENT_MC,128,CONTEXT_CONDITIONAL_ONLY,A,,"{""-1"": -1, ""1"": 1}"
E2_CONTEXT_SIGN_FLIP,42121,LEGACY_INDEPENDENT_MC,256,CONTEXT_CONDITIONAL_ONLY,A,,"{""-1"": -1, ""1"": 1}"
E2_CONTEXT_SIGN_FLIP,42122,ANTITHETIC_CRN_MC,8,CONTEXT_CONDITIONAL_ONLY,A,,"{""-1"": -1, ""1"": 1}"
E2_CONTEXT_SIGN_FLIP,42122,ANTITHETIC_CRN_MC,16,CONTEXT_CONDITIONAL_ONLY,A,,"{""-1"": -1, ""1"": 1}"
E2_CONTEXT_SIGN_FLIP,42122,ANTITHETIC_CRN_MC,32,CONTEXT_CONDITIONAL_ONLY,A,,"{""-1"": -1, ""1"": 1}"
E2_CONTEXT_SIGN_FLIP,42122,ANTITHETIC_CRN_MC,64,CONTEXT_CONDITIONAL_ONLY,A,,"{""-1"": -1, ""1"": 1}"
E2_CONTEXT_SIGN_FLIP,42122,ANTITHETIC_CRN_MC,128,CONTEXT_CONDITIONAL_ONLY,A,,"{""-1"": -1, ""1"": 1}"
E2_CONTEXT_SIGN_FLIP,42122,ANTITHETIC_CRN_MC,256,CONTEXT_CONDITIONAL_ONLY,A,,"{""-1"": -1, ""1"": 1}"
E2_CONTEXT_SIGN_FLIP,42122,CRN_CHAIN_MC,8,CONTEXT_CONDITIONAL_ONLY,A,,"{""-1"": -1, ""1"": 1}"
E2_CONTEXT_SIGN_FLIP,42122,CRN_CHAIN_MC,16,CONTEXT_CONDITIONAL_ONLY,A,,"{""-1"": -1, ""1"": 1}"
E2_CONTEXT_SIGN_FLIP,42122,CRN_CHAIN_MC,32,CONTEXT_CONDITIONAL_ONLY,A,,"{""-1"": -1, ""1"": 1}"
E2_CONTEXT_SIGN_FLIP,42122,CRN_CHAIN_MC,64,CONTEXT_CONDITIONAL_ONLY,A,,"{""-1"": -1, ""1"": 1}"
E2_CONTEXT_SIGN_FLIP,42122,CRN_CHAIN_MC,128,CONTEXT_CONDITIONAL_ONLY,A,,"{""-1"": -1, ""1"": 1}"
E2_CONTEXT_SIGN_FLIP,42122,CRN_CHAIN_MC,256,CONTEXT_CONDITIONAL_ONLY,A,,"{""-1"": -1, ""1"": 1}"
E2_CONTEXT_SIGN_FLIP,42122,DOUBLE_ANTITHETIC_CRN_MC,8,CONTEXT_CONDITIONAL_ONLY,A,,"{""-1"": -1, ""1"": 1}"
E2_CONTEXT_SIGN_FLIP,42122,DOUBLE_ANTITHETIC_CRN_MC,16,CONTEXT_CONDITIONAL_ONLY,A,,"{""-1"": -1, ""1"": 1}"
E2_CONTEXT_SIGN_FLIP,42122,DOUBLE_ANTITHETIC_CRN_MC,32,CONTEXT_CONDITIONAL_ONLY,A,,"{""-1"": -1, ""1"": 1}"
E2_CONTEXT_SIGN_FLIP,42122,DOUBLE_ANTITHETIC_CRN_MC,64,CONTEXT_CONDITIONAL_ONLY,A,,"{""-1"": -1, ""1"": 1}"
E2_CONTEXT_SIGN_FLIP,42122,DOUBLE_ANTITHETIC_CRN_MC,128,CONTEXT_CONDITIONAL_ONLY,A,,"{""-1"": -1, ""1"": 1}"
E2_CONTEXT_SIGN_FLIP,42122,DOUBLE_ANTITHETIC_CRN_MC,256,CONTEXT_CONDITIONAL_ONLY,A,,"{""-1"": -1, ""1"": 1}"
E2_CONTEXT_SIGN_FLIP,42122,LEGACY_INDEPENDENT_MC,8,CONTEXT_CONDITIONAL_ONLY,A,,"{""-1"": -1, ""1"": 1}"
E2_CONTEXT_SIGN_FLIP,42122,LEGACY_INDEPENDENT_MC,16,CONTEXT_CONDITIONAL_ONLY,A,,"{""-1"": -1, ""1"": 1}"
E2_CONTEXT_SIGN_FLIP,42122,LEGACY_INDEPENDENT_MC,32,CONTEXT_CONDITIONAL_ONLY,A,,"{""-1"": -1, ""1"": 1}"
E2_CONTEXT_SIGN_FLIP,42122,LEGACY_INDEPENDENT_MC,64,CONTEXT_CONDITIONAL_ONLY,A,,"{""-1"": -1, ""1"": 1}"
E2_CONTEXT_SIGN_FLIP,42122,LEGACY_INDEPENDENT_MC,128,CONTEXT_CONDITIONAL_ONLY,A,,"{""-1"": -1, ""1"": 1}"
E2_CONTEXT_SIGN_FLIP,42122,LEGACY_INDEPENDENT_MC,256,CONTEXT_CONDITIONAL_ONLY,A,,"{""-1"": -1, ""1"": 1}"
E2_CONTEXT_SIGN_FLIP,42123,ANTITHETIC_CRN_MC,8,CONTEXT_CONDITIONAL_ONLY,A,,"{""-1"": -1, ""1"": 1}"
E2_CONTEXT_SIGN_FLIP,42123,ANTITHETIC_CRN_MC,16,CONTEXT_CONDITIONAL_ONLY,A,,"{""-1"": -1, ""1"": 1}"
E2_CONTEXT_SIGN_FLIP,42123,ANTITHETIC_CRN_MC,32,CONTEXT_CONDITIONAL_ONLY,A,,"{""-1"": -1, ""1"": 1}"
E2_CONTEXT_SIGN_FLIP,42123,ANTITHETIC_CRN_MC,64,CONTEXT_CONDITIONAL_ONLY,A,,"{""-1"": -1, ""1"": 1}"
E2_CONTEXT_SIGN_FLIP,42123,ANTITHETIC_CRN_MC,128,CONTEXT_CONDITIONAL_ONLY,A,,"{""-1"": -1, ""1"": 1}"
E2_CONTEXT_SIGN_FLIP,42123,ANTITHETIC_CRN_MC,256,CONTEXT_CONDITIONAL_ONLY,A,,"{""-1"": -1, ""1"": 1}"
E2_CONTEXT_SIGN_FLIP,42123,CRN_CHAIN_MC,8,CONTEXT_CONDITIONAL_ONLY,A,,"{""-1"": -1, ""1"": 1}"
E2_CONTEXT_SIGN_FLIP,42123,CRN_CHAIN_MC,16,CONTEXT_CONDITIONAL_ONLY,A,,"{""-1"": -1, ""1"": 1}"
E2_CONTEXT_SIGN_FLIP,42123,CRN_CHAIN_MC,32,CONTEXT_CONDITIONAL_ONLY,A,,"{""-1"": -1, ""1"": 1}"
E2_CONTEXT_SIGN_FLIP,42123,CRN_CHAIN_MC,64,CONTEXT_CONDITIONAL_ONLY,A,,"{""-1"": -1, ""1"": 1}"
E2_CONTEXT_SIGN_FLIP,42123,CRN_CHAIN_MC,128,CONTEXT_CONDITIONAL_ONLY,A,,"{""-1"": -1, ""1"": 1}"
E2_CONTEXT_SIGN_FLIP,42123,CRN_CHAIN_MC,256,CONTEXT_CONDITIONAL_ONLY,A,,"{""-1"": -1, ""1"": 1}"
E2_CONTEXT_SIGN_FLIP,42123,DOUBLE_ANTITHETIC_CRN_MC,8,CONTEXT_CONDITIONAL_ONLY,A,,"{""-1"": -1, ""1"": 1}"
E2_CONTEXT_SIGN_FLIP,42123,DOUBLE_ANTITHETIC_CRN_MC,16,CONTEXT_CONDITIONAL_ONLY,A,,"{""-1"": -1, ""1"": 1}"
E2_CONTEXT_SIGN_FLIP,42123,DOUBLE_ANTITHETIC_CRN_MC,32,CONTEXT_CONDITIONAL_ONLY,A,,"{""-1"": -1, ""1"": 1}"
E2_CONTEXT_SIGN_FLIP,42123,DOUBLE_ANTITHETIC_CRN_MC,64,CONTEXT_CONDITIONAL_ONLY,A,,"{""-1"": -1, ""1"": 1}"
E2_CONTEXT_SIGN_FLIP,42123,DOUBLE_ANTITHETIC_CRN_MC,128,CONTEXT_CONDITIONAL_ONLY,A,,"{""-1"": -1, ""1"": 1}"
E2_CONTEXT_SIGN_FLIP,42123,DOUBLE_ANTITHETIC_CRN_MC,256,CONTEXT_CONDITIONAL_ONLY,A,,"{""-1"": -1, ""1"": 1}"
E2_CONTEXT_SIGN_FLIP,42123,LEGACY_INDEPENDENT_MC,8,CONTEXT_CONDITIONAL_ONLY,A,,"{""-1"": -1, ""1"": 1}"
E2_CONTEXT_SIGN_FLIP,42123,LEGACY_INDEPENDENT_MC,16,CONTEXT_CONDITIONAL_ONLY,A,,"{""-1"": -1, ""1"": 1}"
E2_CONTEXT_SIGN_FLIP,42123,LEGACY_INDEPENDENT_MC,32,CONTEXT_CONDITIONAL_ONLY,A,,"{""-1"": -1, ""1"": 1}"
E2_CONTEXT_SIGN_FLIP,42123,LEGACY_INDEPENDENT_MC,64,CONTEXT_CONDITIONAL_ONLY,A,,"{""-1"": -1, ""1"": 1}"
E2_CONTEXT_SIGN_FLIP,42123,LEGACY_INDEPENDENT_MC,128,CONTEXT_CONDITIONAL_ONLY,A,,"{""-1"": -1, ""1"": 1}"
E2_CONTEXT_SIGN_FLIP,42123,LEGACY_INDEPENDENT_MC,256,CONTEXT_CONDITIONAL_ONLY,A,,"{""-1"": -1, ""1"": 1}"
E2_CONTEXT_SIGN_FLIP,42124,ANTITHETIC_CRN_MC,8,CONTEXT_CONDITIONAL_ONLY,A,,"{""-1"": -1, ""1"": 1}"
E2_CONTEXT_SIGN_FLIP,42124,ANTITHETIC_CRN_MC,16,CONTEXT_CONDITIONAL_ONLY,A,,"{""-1"": -1, ""1"": 1}"
E2_CONTEXT_SIGN_FLIP,42124,ANTITHETIC_CRN_MC,32,CONTEXT_CONDITIONAL_ONLY,A,,"{""-1"": -1, ""1"": 1}"
E2_CONTEXT_SIGN_FLIP,42124,ANTITHETIC_CRN_MC,64,CONTEXT_CONDITIONAL_ONLY,A,,"{""-1"": -1, ""1"": 1}"
E2_CONTEXT_SIGN_FLIP,42124,ANTITHETIC_CRN_MC,128,CONTEXT_CONDITIONAL_ONLY,A,,"{""-1"": -1, ""1"": 1}"
E2_CONTEXT_SIGN_FLIP,42124,ANTITHETIC_CRN_MC,256,CONTEXT_CONDITIONAL_ONLY,A,,"{""-1"": -1, ""1"": 1}"
E2_CONTEXT_SIGN_FLIP,42124,CRN_CHAIN_MC,8,CONTEXT_CONDITIONAL_ONLY,A,,"{""-1"": -1, ""1"": 1}"
E2_CONTEXT_SIGN_FLIP,42124,CRN_CHAIN_MC,16,CONTEXT_CONDITIONAL_ONLY,A,,"{""-1"": -1, ""1"": 1}"
E2_CONTEXT_SIGN_FLIP,42124,CRN_CHAIN_MC,32,CONTEXT_CONDITIONAL_ONLY,A,,"{""-1"": -1, ""1"": 1}"
E2_CONTEXT_SIGN_FLIP,42124,CRN_CHAIN_MC,64,CONTEXT_CONDITIONAL_ONLY,A,,"{""-1"": -1, ""1"": 1}"
E2_CONTEXT_SIGN_FLIP,42124,CRN_CHAIN_MC,128,CONTEXT_CONDITIONAL_ONLY,A,,"{""-1"": -1, ""1"": 1}"
E2_CONTEXT_SIGN_FLIP,42124,CRN_CHAIN_MC,256,CONTEXT_CONDITIONAL_ONLY,A,,"{""-1"": -1, ""1"": 1}"
E2_CONTEXT_SIGN_FLIP,42124,DOUBLE_ANTITHETIC_CRN_MC,8,CONTEXT_CONDITIONAL_ONLY,A,,"{""-1"": -1, ""1"": 1}"
E2_CONTEXT_SIGN_FLIP,42124,DOUBLE_ANTITHETIC_CRN_MC,16,CONTEXT_CONDITIONAL_ONLY,A,,"{""-1"": -1, ""1"": 1}"
E2_CONTEXT_SIGN_FLIP,42124,DOUBLE_ANTITHETIC_CRN_MC,32,CONTEXT_CONDITIONAL_ONLY,A,,"{""-1"": -1, ""1"": 1}"
E2_CONTEXT_SIGN_FLIP,42124,DOUBLE_ANTITHETIC_CRN_MC,64,CONTEXT_CONDITIONAL_ONLY,A,,"{""-1"": -1, ""1"": 1}"
E2_CONTEXT_SIGN_FLIP,42124,DOUBLE_ANTITHETIC_CRN_MC,128,CONTEXT_CONDITIONAL_ONLY,A,,"{""-1"": -1, ""1"": 1}"
E2_CONTEXT_SIGN_FLIP,42124,DOUBLE_ANTITHETIC_CRN_MC,256,CONTEXT_CONDITIONAL_ONLY,A,,"{""-1"": -1, ""1"": 1}"
E2_CONTEXT_SIGN_FLIP,42124,LEGACY_INDEPENDENT_MC,8,CONTEXT_CONDITIONAL_ONLY,A,,"{""-1"": -1, ""1"": 1}"
E2_CONTEXT_SIGN_FLIP,42124,LEGACY_INDEPENDENT_MC,16,CONTEXT_CONDITIONAL_ONLY,A,,"{""-1"": -1, ""1"": 1}"
E2_CONTEXT_SIGN_FLIP,42124,LEGACY_INDEPENDENT_MC,32,CONTEXT_CONDITIONAL_ONLY,A,,"{""-1"": -1, ""1"": 1}"
E2_CONTEXT_SIGN_FLIP,42124,LEGACY_INDEPENDENT_MC,64,CONTEXT_CONDITIONAL_ONLY,A,,"{""-1"": -1, ""1"": 1}"
E2_CONTEXT_SIGN_FLIP,42124,LEGACY_INDEPENDENT_MC,128,CONTEXT_CONDITIONAL_ONLY,A,,"{""-1"": -1, ""1"": 1}"
E2_CONTEXT_SIGN_FLIP,42124,LEGACY_INDEPENDENT_MC,256,CONTEXT_CONDITIONAL_ONLY,A,,"{""-1"": -1, ""1"": 1}"
E2_CONTEXT_SIGN_FLIP,42125,ANTITHETIC_CRN_MC,8,CONTEXT_CONDITIONAL_ONLY,A,,"{""-1"": -1, ""1"": 1}"
E2_CONTEXT_SIGN_FLIP,42125,ANTITHETIC_CRN_MC,16,CONTEXT_CONDITIONAL_ONLY,A,,"{""-1"": -1, ""1"": 1}"
E2_CONTEXT_SIGN_FLIP,42125,ANTITHETIC_CRN_MC,32,CONTEXT_CONDITIONAL_ONLY,A,,"{""-1"": -1, ""1"": 1}"
E2_CONTEXT_SIGN_FLIP,42125,ANTITHETIC_CRN_MC,64,CONTEXT_CONDITIONAL_ONLY,A,,"{""-1"": -1, ""1"": 1}"
E2_CONTEXT_SIGN_FLIP,42125,ANTITHETIC_CRN_MC,128,CONTEXT_CONDITIONAL_ONLY,A,,"{""-1"": -1, ""1"": 1}"
E2_CONTEXT_SIGN_FLIP,42125,ANTITHETIC_CRN_MC,256,CONTEXT_CONDITIONAL_ONLY,A,,"{""-1"": -1, ""1"": 1}"
E2_CONTEXT_SIGN_FLIP,42125,CRN_CHAIN_MC,8,CONTEXT_CONDITIONAL_ONLY,A,,"{""-1"": -1, ""1"": 1}"
E2_CONTEXT_SIGN_FLIP,42125,CRN_CHAIN_MC,16,CONTEXT_CONDITIONAL_ONLY,A,,"{""-1"": -1, ""1"": 1}"
E2_CONTEXT_SIGN_FLIP,42125,CRN_CHAIN_MC,32,CONTEXT_CONDITIONAL_ONLY,A,,"{""-1"": -1, ""1"": 1}"
E2_CONTEXT_SIGN_FLIP,42125,CRN_CHAIN_MC,64,CONTEXT_CONDITIONAL_ONLY,A,,"{""-1"": -1, ""1"": 1}"
E2_CONTEXT_SIGN_FLIP,42125,CRN_CHAIN_MC,128,CONTEXT_CONDITIONAL_ONLY,A,,"{""-1"": -1, ""1"": 1}"
E2_CONTEXT_SIGN_FLIP,42125,CRN_CHAIN_MC,256,CONTEXT_CONDITIONAL_ONLY,A,,"{""-1"": -1, ""1"": 1}"
E2_CONTEXT_SIGN_FLIP,42125,DOUBLE_ANTITHETIC_CRN_MC,8,CONTEXT_CONDITIONAL_ONLY,A,,"{""-1"": -1, ""1"": 1}"
E2_CONTEXT_SIGN_FLIP,42125,DOUBLE_ANTITHETIC_CRN_MC,16,CONTEXT_CONDITIONAL_ONLY,A,,"{""-1"": -1, ""1"": 1}"
E2_CONTEXT_SIGN_FLIP,42125,DOUBLE_ANTITHETIC_CRN_MC,32,CONTEXT_CONDITIONAL_ONLY,A,,"{""-1"": -1, ""1"": 1}"
E2_CONTEXT_SIGN_FLIP,42125,DOUBLE_ANTITHETIC_CRN_MC,64,CONTEXT_CONDITIONAL_ONLY,A,,"{""-1"": -1, ""1"": 1}"
E2_CONTEXT_SIGN_FLIP,42125,DOUBLE_ANTITHETIC_CRN_MC,128,CONTEXT_CONDITIONAL_ONLY,A,,"{""-1"": -1, ""1"": 1}"
E2_CONTEXT_SIGN_FLIP,42125,DOUBLE_ANTITHETIC_CRN_MC,256,CONTEXT_CONDITIONAL_ONLY,A,,"{""-1"": -1, ""1"": 1}"
E2_CONTEXT_SIGN_FLIP,42125,LEGACY_INDEPENDENT_MC,8,CONTEXT_CONDITIONAL_ONLY,A,,"{""-1"": -1, ""1"": 1}"
E2_CONTEXT_SIGN_FLIP,42125,LEGACY_INDEPENDENT_MC,16,CONTEXT_CONDITIONAL_ONLY,A,,"{""-1"": -1, ""1"": 1}"
E2_CONTEXT_SIGN_FLIP,42125,LEGACY_INDEPENDENT_MC,32,CONTEXT_CONDITIONAL_ONLY,A,,"{""-1"": -1, ""1"": 1}"
E2_CONTEXT_SIGN_FLIP,42125,LEGACY_INDEPENDENT_MC,64,CONTEXT_CONDITIONAL_ONLY,A,,"{""-1"": -1, ""1"": 1}"
E2_CONTEXT_SIGN_FLIP,42125,LEGACY_INDEPENDENT_MC,128,CONTEXT_CONDITIONAL_ONLY,A,,"{""-1"": -1, ""1"": 1}"
E2_CONTEXT_SIGN_FLIP,42125,LEGACY_INDEPENDENT_MC,256,CONTEXT_CONDITIONAL_ONLY,A,,"{""-1"": -1, ""1"": 1}"
E2_CONTEXT_SIGN_FLIP,42126,ANTITHETIC_CRN_MC,8,CONTEXT_CONDITIONAL_ONLY,A,,"{""-1"": -1, ""1"": 1}"
E2_CONTEXT_SIGN_FLIP,42126,ANTITHETIC_CRN_MC,16,CONTEXT_CONDITIONAL_ONLY,A,,"{""-1"": -1, ""1"": 1}"
E2_CONTEXT_SIGN_FLIP,42126,ANTITHETIC_CRN_MC,32,CONTEXT_CONDITIONAL_ONLY,A,,"{""-1"": -1, ""1"": 1}"
E2_CONTEXT_SIGN_FLIP,42126,ANTITHETIC_CRN_MC,64,CONTEXT_CONDITIONAL_ONLY,A,,"{""-1"": -1, ""1"": 1}"
E2_CONTEXT_SIGN_FLIP,42126,ANTITHETIC_CRN_MC,128,CONTEXT_CONDITIONAL_ONLY,A,,"{""-1"": -1, ""1"": 1}"
E2_CONTEXT_SIGN_FLIP,42126,ANTITHETIC_CRN_MC,256,CONTEXT_CONDITIONAL_ONLY,A,,"{""-1"": -1, ""1"": 1}"
E2_CONTEXT_SIGN_FLIP,42126,CRN_CHAIN_MC,8,CONTEXT_CONDITIONAL_ONLY,A,,"{""-1"": -1, ""1"": 1}"
E2_CONTEXT_SIGN_FLIP,42126,CRN_CHAIN_MC,16,CONTEXT_CONDITIONAL_ONLY,A,,"{""-1"": -1, ""1"": 1}"
E2_CONTEXT_SIGN_FLIP,42126,CRN_CHAIN_MC,32,CONTEXT_CONDITIONAL_ONLY,A,,"{""-1"": -1, ""1"": 1}"
E2_CONTEXT_SIGN_FLIP,42126,CRN_CHAIN_MC,64,CONTEXT_CONDITIONAL_ONLY,A,,"{""-1"": -1, ""1"": 1}"
E2_CONTEXT_SIGN_FLIP,42126,CRN_CHAIN_MC,128,CONTEXT_CONDITIONAL_ONLY,A,,"{""-1"": -1, ""1"": 1}"
E2_CONTEXT_SIGN_FLIP,42126,CRN_CHAIN_MC,256,CONTEXT_CONDITIONAL_ONLY,A,,"{""-1"": -1, ""1"": 1}"
E2_CONTEXT_SIGN_FLIP,42126,DOUBLE_ANTITHETIC_CRN_MC,8,CONTEXT_CONDITIONAL_ONLY,A,,"{""-1"": -1, ""1"": 1}"
E2_CONTEXT_SIGN_FLIP,42126,DOUBLE_ANTITHETIC_CRN_MC,16,CONTEXT_CONDITIONAL_ONLY,A,,"{""-1"": -1, ""1"": 1}"
E2_CONTEXT_SIGN_FLIP,42126,DOUBLE_ANTITHETIC_CRN_MC,32,CONTEXT_CONDITIONAL_ONLY,A,,"{""-1"": -1, ""1"": 1}"
E2_CONTEXT_SIGN_FLIP,42126,DOUBLE_ANTITHETIC_CRN_MC,64,CONTEXT_CONDITIONAL_ONLY,A,,"{""-1"": -1, ""1"": 1}"
E2_CONTEXT_SIGN_FLIP,42126,DOUBLE_ANTITHETIC_CRN_MC,128,CONTEXT_CONDITIONAL_ONLY,A,,"{""-1"": -1, ""1"": 1}"
E2_CONTEXT_SIGN_FLIP,42126,DOUBLE_ANTITHETIC_CRN_MC,256,CONTEXT_CONDITIONAL_ONLY,A,,"{""-1"": -1, ""1"": 1}"
E2_CONTEXT_SIGN_FLIP,42126,LEGACY_INDEPENDENT_MC,8,CONTEXT_CONDITIONAL_ONLY,A,,"{""-1"": -1, ""1"": 1}"
E2_CONTEXT_SIGN_FLIP,42126,LEGACY_INDEPENDENT_MC,16,CONTEXT_CONDITIONAL_ONLY,A,,"{""-1"": -1, ""1"": 1}"
E2_CONTEXT_SIGN_FLIP,42126,LEGACY_INDEPENDENT_MC,32,CONTEXT_CONDITIONAL_ONLY,A,,"{""-1"": -1, ""1"": 1}"
E2_CONTEXT_SIGN_FLIP,42126,LEGACY_INDEPENDENT_MC,64,CONTEXT_CONDITIONAL_ONLY,A,,"{""-1"": -1, ""1"": 1}"
E2_CONTEXT_SIGN_FLIP,42126,LEGACY_INDEPENDENT_MC,128,CONTEXT_CONDITIONAL_ONLY,A,,"{""-1"": -1, ""1"": 1}"
E2_CONTEXT_SIGN_FLIP,42126,LEGACY_INDEPENDENT_MC,256,CONTEXT_CONDITIONAL_ONLY,A,,"{""-1"": -1, ""1"": 1}"
E2_CONTEXT_SIGN_FLIP,42127,ANTITHETIC_CRN_MC,8,CONTEXT_CONDITIONAL_ONLY,A,,"{""-1"": -1, ""1"": 1}"
E2_CONTEXT_SIGN_FLIP,42127,ANTITHETIC_CRN_MC,16,CONTEXT_CONDITIONAL_ONLY,A,,"{""-1"": -1, ""1"": 1}"
E2_CONTEXT_SIGN_FLIP,42127,ANTITHETIC_CRN_MC,32,CONTEXT_CONDITIONAL_ONLY,A,,"{""-1"": -1, ""1"": 1}"
E2_CONTEXT_SIGN_FLIP,42127,ANTITHETIC_CRN_MC,64,CONTEXT_CONDITIONAL_ONLY,A,,"{""-1"": -1, ""1"": 1}"
E2_CONTEXT_SIGN_FLIP,42127,ANTITHETIC_CRN_MC,128,CONTEXT_CONDITIONAL_ONLY,A,,"{""-1"": -1, ""1"": 1}"
E2_CONTEXT_SIGN_FLIP,42127,ANTITHETIC_CRN_MC,256,CONTEXT_CONDITIONAL_ONLY,A,,"{""-1"": -1, ""1"": 1}"
E2_CONTEXT_SIGN_FLIP,42127,CRN_CHAIN_MC,8,CONTEXT_CONDITIONAL_ONLY,A,,"{""-1"": -1, ""1"": 1}"
E2_CONTEXT_SIGN_FLIP,42127,CRN_CHAIN_MC,16,CONTEXT_CONDITIONAL_ONLY,A,,"{""-1"": -1, ""1"": 1}"
E2_CONTEXT_SIGN_FLIP,42127,CRN_CHAIN_MC,32,CONTEXT_CONDITIONAL_ONLY,A,,"{""-1"": -1, ""1"": 1}"
E2_CONTEXT_SIGN_FLIP,42127,CRN_CHAIN_MC,64,CONTEXT_CONDITIONAL_ONLY,A,,"{""-1"": -1, ""1"": 1}"
E2_CONTEXT_SIGN_FLIP,42127,CRN_CHAIN_MC,128,CONTEXT_CONDITIONAL_ONLY,A,,"{""-1"": -1, ""1"": 1}"
E2_CONTEXT_SIGN_FLIP,42127,CRN_CHAIN_MC,256,CONTEXT_CONDITIONAL_ONLY,A,,"{""-1"": -1, ""1"": 1}"
E2_CONTEXT_SIGN_FLIP,42127,DOUBLE_ANTITHETIC_CRN_MC,8,CONTEXT_CONDITIONAL_ONLY,A,,"{""-1"": -1, ""1"": 1}"
E2_CONTEXT_SIGN_FLIP,42127,DOUBLE_ANTITHETIC_CRN_MC,16,CONTEXT_CONDITIONAL_ONLY,A,,"{""-1"": -1, ""1"": 1}"
E2_CONTEXT_SIGN_FLIP,42127,DOUBLE_ANTITHETIC_CRN_MC,32,CONTEXT_CONDITIONAL_ONLY,A,,"{""-1"": -1, ""1"": 1}"
E2_CONTEXT_SIGN_FLIP,42127,DOUBLE_ANTITHETIC_CRN_MC,64,CONTEXT_CONDITIONAL_ONLY,A,,"{""-1"": -1, ""1"": 1}"
E2_CONTEXT_SIGN_FLIP,42127,DOUBLE_ANTITHETIC_CRN_MC,128,CONTEXT_CONDITIONAL_ONLY,A,,"{""-1"": -1, ""1"": 1}"
E2_CONTEXT_SIGN_FLIP,42127,DOUBLE_ANTITHETIC_CRN_MC,256,CONTEXT_CONDITIONAL_ONLY,A,,"{""-1"": -1, ""1"": 1}"
E2_CONTEXT_SIGN_FLIP,42127,LEGACY_INDEPENDENT_MC,8,CONTEXT_CONDITIONAL_ONLY,A,,"{""-1"": -1, ""1"": 1}"
E2_CONTEXT_SIGN_FLIP,42127,LEGACY_INDEPENDENT_MC,16,CONTEXT_CONDITIONAL_ONLY,A,,"{""-1"": -1, ""1"": 1}"
E2_CONTEXT_SIGN_FLIP,42127,LEGACY_INDEPENDENT_MC,32,CONTEXT_CONDITIONAL_ONLY,A,,"{""-1"": -1, ""1"": 1}"
E2_CONTEXT_SIGN_FLIP,42127,LEGACY_INDEPENDENT_MC,64,CONTEXT_CONDITIONAL_ONLY,A,,"{""-1"": -1, ""1"": 1}"
E2_CONTEXT_SIGN_FLIP,42127,LEGACY_INDEPENDENT_MC,128,CONTEXT_CONDITIONAL_ONLY,A,,"{""-1"": -1, ""1"": 1}"
E2_CONTEXT_SIGN_FLIP,42127,LEGACY_INDEPENDENT_MC,256,CONTEXT_CONDITIONAL_ONLY,A,,"{""-1"": -1, ""1"": 1}"
