cohort,cross_count,expected_action,expected_state,family,legacy_cost,legacy_state,necessary_cost,observed_action,observed_state,pass,permutation_equal,same_count,seed
PRIMARY,0,,DECISION_ALREADY_IDENTIFIED_NO_ACQUISITION,D0,,,0.0,,DECISION_ALREADY_IDENTIFIED_NO_ACQUISITION,True,,2,104201
PRIMARY,0,,DECISION_ALREADY_IDENTIFIED_NO_ACQUISITION,D0,,,0.0,,DECISION_ALREADY_IDENTIFIED_NO_ACQUISITION,True,,2,104202
PRIMARY,0,,DECISION_ALREADY_IDENTIFIED_NO_ACQUISITION,D0,,,0.0,,DECISION_ALREADY_IDENTIFIED_NO_ACQUISITION,True,,2,104203
PRIMARY,0,,DECISION_ALREADY_IDENTIFIED_NO_ACQUISITION,D0,,,0.0,,DECISION_ALREADY_IDENTIFIED_NO_ACQUISITION,True,,2,104204
PRIMARY,0,,DECISION_ALREADY_IDENTIFIED_NO_ACQUISITION,D0,,,0.0,,DECISION_ALREADY_IDENTIFIED_NO_ACQUISITION,True,,2,104205
PRIMARY,0,,DECISION_ALREADY_IDENTIFIED_NO_ACQUISITION,D0,,,0.0,,DECISION_ALREADY_IDENTIFIED_NO_ACQUISITION,True,,2,104206
PRIMARY,0,,DECISION_ALREADY_IDENTIFIED_NO_ACQUISITION,D0,,,0.0,,DECISION_ALREADY_IDENTIFIED_NO_ACQUISITION,True,,2,104207
PRIMARY,0,,DECISION_ALREADY_IDENTIFIED_NO_ACQUISITION,D0,,,0.0,,DECISION_ALREADY_IDENTIFIED_NO_ACQUISITION,True,,2,104208
PRIMARY,0,,DECISION_ALREADY_IDENTIFIED_NO_ACQUISITION,D0,,,0.0,,DECISION_ALREADY_IDENTIFIED_NO_ACQUISITION,True,,2,104209
PRIMARY,0,,DECISION_ALREADY_IDENTIFIED_NO_ACQUISITION,D0,,,0.0,,DECISION_ALREADY_IDENTIFIED_NO_ACQUISITION,True,,2,104210
PRIMARY,0,,DECISION_ALREADY_IDENTIFIED_NO_ACQUISITION,D0,,,0.0,,DECISION_ALREADY_IDENTIFIED_NO_ACQUISITION,True,,2,104211
PRIMARY,0,,DECISION_ALREADY_IDENTIFIED_NO_ACQUISITION,D0,,,0.0,,DECISION_ALREADY_IDENTIFIED_NO_ACQUISITION,True,,2,104212
PRIMARY,0,,DECISION_ALREADY_IDENTIFIED_NO_ACQUISITION,D0,,,0.0,,DECISION_ALREADY_IDENTIFIED_NO_ACQUISITION,True,,2,104213
PRIMARY,0,,DECISION_ALREADY_IDENTIFIED_NO_ACQUISITION,D0,,,0.0,,DECISION_ALREADY_IDENTIFIED_NO_ACQUISITION,True,,2,104214
PRIMARY,0,,DECISION_ALREADY_IDENTIFIED_NO_ACQUISITION,D0,,,0.0,,DECISION_ALREADY_IDENTIFIED_NO_ACQUISITION,True,,2,104215
PRIMARY,0,,DECISION_ALREADY_IDENTIFIED_NO_ACQUISITION,D0,,,0.0,,DECISION_ALREADY_IDENTIFIED_NO_ACQUISITION,True,,2,104216
PRIMARY,0,,DECISION_ALREADY_IDENTIFIED_NO_ACQUISITION,D0,,,0.0,,DECISION_ALREADY_IDENTIFIED_NO_ACQUISITION,True,,2,104217
PRIMARY,0,,DECISION_ALREADY_IDENTIFIED_NO_ACQUISITION,D0,,,0.0,,DECISION_ALREADY_IDENTIFIED_NO_ACQUISITION,True,,2,104218
PRIMARY,0,,DECISION_ALREADY_IDENTIFIED_NO_ACQUISITION,D0,,,0.0,,DECISION_ALREADY_IDENTIFIED_NO_ACQUISITION,True,,2,104219
PRIMARY,0,,DECISION_ALREADY_IDENTIFIED_NO_ACQUISITION,D0,,,0.0,,DECISION_ALREADY_IDENTIFIED_NO_ACQUISITION,True,,2,104220
PRIMARY,0,,DECISION_ALREADY_IDENTIFIED_NO_ACQUISITION,D0,,,0.0,,DECISION_ALREADY_IDENTIFIED_NO_ACQUISITION,True,,2,104221
PRIMARY,0,,DECISION_ALREADY_IDENTIFIED_NO_ACQUISITION,D0,,,0.0,,DECISION_ALREADY_IDENTIFIED_NO_ACQUISITION,True,,2,104222
PRIMARY,0,,DECISION_ALREADY_IDENTIFIED_NO_ACQUISITION,D0,,,0.0,,DECISION_ALREADY_IDENTIFIED_NO_ACQUISITION,True,,2,104223
PRIMARY,0,,DECISION_ALREADY_IDENTIFIED_NO_ACQUISITION,D0,,,0.0,,DECISION_ALREADY_IDENTIFIED_NO_ACQUISITION,True,,2,104224
PRIMARY,0,,DECISION_ALREADY_IDENTIFIED_NO_ACQUISITION,D0,,,0.0,,DECISION_ALREADY_IDENTIFIED_NO_ACQUISITION,True,,2,104225
PRIMARY,0,,DECISION_ALREADY_IDENTIFIED_NO_ACQUISITION,D0,,,0.0,,DECISION_ALREADY_IDENTIFIED_NO_ACQUISITION,True,,2,104226
PRIMARY,0,,DECISION_ALREADY_IDENTIFIED_NO_ACQUISITION,D0,,,0.0,,DECISION_ALREADY_IDENTIFIED_NO_ACQUISITION,True,,2,104227
PRIMARY,0,,DECISION_ALREADY_IDENTIFIED_NO_ACQUISITION,D0,,,0.0,,DECISION_ALREADY_IDENTIFIED_NO_ACQUISITION,True,,2,104228
PRIMARY,0,,DECISION_ALREADY_IDENTIFIED_NO_ACQUISITION,D0,,,0.0,,DECISION_ALREADY_IDENTIFIED_NO_ACQUISITION,True,,2,104229
PRIMARY,0,,DECISION_ALREADY_IDENTIFIED_NO_ACQUISITION,D0,,,0.0,,DECISION_ALREADY_IDENTIFIED_NO_ACQUISITION,True,,2,104230
PRIMARY,0,,DECISION_ALREADY_IDENTIFIED_NO_ACQUISITION,D0,,,0.0,,DECISION_ALREADY_IDENTIFIED_NO_ACQUISITION,True,,2,104231
PRIMARY,0,,DECISION_ALREADY_IDENTIFIED_NO_ACQUISITION,D0,,,0.0,,DECISION_ALREADY_IDENTIFIED_NO_ACQUISITION,True,,2,104232
PRIMARY,0,,DECISION_ALREADY_IDENTIFIED_NO_ACQUISITION,D0,,,0.0,,DECISION_ALREADY_IDENTIFIED_NO_ACQUISITION,True,,2,104233
PRIMARY,0,,DECISION_ALREADY_IDENTIFIED_NO_ACQUISITION,D0,,,0.0,,DECISION_ALREADY_IDENTIFIED_NO_ACQUISITION,True,,2,104234
PRIMARY,0,,DECISION_ALREADY_IDENTIFIED_NO_ACQUISITION,D0,,,0.0,,DECISION_ALREADY_IDENTIFIED_NO_ACQUISITION,True,,2,104235
PRIMARY,0,,DECISION_ALREADY_IDENTIFIED_NO_ACQUISITION,D0,,,0.0,,DECISION_ALREADY_IDENTIFIED_NO_ACQUISITION,True,,2,104236
PRIMARY,0,,DECISION_ALREADY_IDENTIFIED_NO_ACQUISITION,D0,,,0.0,,DECISION_ALREADY_IDENTIFIED_NO_ACQUISITION,True,,2,104237
PRIMARY,0,,DECISION_ALREADY_IDENTIFIED_NO_ACQUISITION,D0,,,0.0,,DECISION_ALREADY_IDENTIFIED_NO_ACQUISITION,True,,2,104238
PRIMARY,0,,DECISION_ALREADY_IDENTIFIED_NO_ACQUISITION,D0,,,0.0,,DECISION_ALREADY_IDENTIFIED_NO_ACQUISITION,True,,2,104239
PRIMARY,0,,DECISION_ALREADY_IDENTIFIED_NO_ACQUISITION,D0,,,0.0,,DECISION_ALREADY_IDENTIFIED_NO_ACQUISITION,True,,2,104240
PRIMARY,0,,DECISION_ALREADY_IDENTIFIED_NO_ACQUISITION,D0,,,0.0,,DECISION_ALREADY_IDENTIFIED_NO_ACQUISITION,True,,2,104241
PRIMARY,0,,DECISION_ALREADY_IDENTIFIED_NO_ACQUISITION,D0,,,0.0,,DECISION_ALREADY_IDENTIFIED_NO_ACQUISITION,True,,2,104242
PRIMARY,0,,DECISION_ALREADY_IDENTIFIED_NO_ACQUISITION,D0,,,0.0,,DECISION_ALREADY_IDENTIFIED_NO_ACQUISITION,True,,2,104243
PRIMARY,0,,DECISION_ALREADY_IDENTIFIED_NO_ACQUISITION,D0,,,0.0,,DECISION_ALREADY_IDENTIFIED_NO_ACQUISITION,True,,2,104244
PRIMARY,0,,DECISION_ALREADY_IDENTIFIED_NO_ACQUISITION,D0,,,0.0,,DECISION_ALREADY_IDENTIFIED_NO_ACQUISITION,True,,2,104245
PRIMARY,0,,DECISION_ALREADY_IDENTIFIED_NO_ACQUISITION,D0,,,0.0,,DECISION_ALREADY_IDENTIFIED_NO_ACQUISITION,True,,2,104246
PRIMARY,0,,DECISION_ALREADY_IDENTIFIED_NO_ACQUISITION,D0,,,0.0,,DECISION_ALREADY_IDENTIFIED_NO_ACQUISITION,True,,2,104247
PRIMARY,0,,DECISION_ALREADY_IDENTIFIED_NO_ACQUISITION,D0,,,0.0,,DECISION_ALREADY_IDENTIFIED_NO_ACQUISITION,True,,2,104248
PRIMARY,0,,DECISION_ALREADY_IDENTIFIED_NO_ACQUISITION,D0,,,0.0,,DECISION_ALREADY_IDENTIFIED_NO_ACQUISITION,True,,2,104249
PRIMARY,0,,DECISION_ALREADY_IDENTIFIED_NO_ACQUISITION,D0,,,0.0,,DECISION_ALREADY_IDENTIFIED_NO_ACQUISITION,True,,2,104250
PRIMARY,0,,DECISION_ALREADY_IDENTIFIED_NO_ACQUISITION,D0,,,0.0,,DECISION_ALREADY_IDENTIFIED_NO_ACQUISITION,True,,2,104251
PRIMARY,0,,DECISION_ALREADY_IDENTIFIED_NO_ACQUISITION,D0,,,0.0,,DECISION_ALREADY_IDENTIFIED_NO_ACQUISITION,True,,2,104252
PRIMARY,0,,DECISION_ALREADY_IDENTIFIED_NO_ACQUISITION,D0,,,0.0,,DECISION_ALREADY_IDENTIFIED_NO_ACQUISITION,True,,2,104253
PRIMARY,0,,DECISION_ALREADY_IDENTIFIED_NO_ACQUISITION,D0,,,0.0,,DECISION_ALREADY_IDENTIFIED_NO_ACQUISITION,True,,2,104254
PRIMARY,0,,DECISION_ALREADY_IDENTIFIED_NO_ACQUISITION,D0,,,0.0,,DECISION_ALREADY_IDENTIFIED_NO_ACQUISITION,True,,2,104255
PRIMARY,0,,DECISION_ALREADY_IDENTIFIED_NO_ACQUISITION,D0,,,0.0,,DECISION_ALREADY_IDENTIFIED_NO_ACQUISITION,True,,2,104256
PRIMARY,0,,DECISION_ALREADY_IDENTIFIED_NO_ACQUISITION,D0,,,0.0,,DECISION_ALREADY_IDENTIFIED_NO_ACQUISITION,True,,2,104257
PRIMARY,0,,DECISION_ALREADY_IDENTIFIED_NO_ACQUISITION,D0,,,0.0,,DECISION_ALREADY_IDENTIFIED_NO_ACQUISITION,True,,2,104258
PRIMARY,0,,DECISION_ALREADY_IDENTIFIED_NO_ACQUISITION,D0,,,0.0,,DECISION_ALREADY_IDENTIFIED_NO_ACQUISITION,True,,2,104259
PRIMARY,0,,DECISION_ALREADY_IDENTIFIED_NO_ACQUISITION,D0,,,0.0,,DECISION_ALREADY_IDENTIFIED_NO_ACQUISITION,True,,2,104260
PRIMARY,0,,DECISION_ALREADY_IDENTIFIED_NO_ACQUISITION,D0,,,0.0,,DECISION_ALREADY_IDENTIFIED_NO_ACQUISITION,True,,2,104261
PRIMARY,0,,DECISION_ALREADY_IDENTIFIED_NO_ACQUISITION,D0,,,0.0,,DECISION_ALREADY_IDENTIFIED_NO_ACQUISITION,True,,2,104262
PRIMARY,0,,DECISION_ALREADY_IDENTIFIED_NO_ACQUISITION,D0,,,0.0,,DECISION_ALREADY_IDENTIFIED_NO_ACQUISITION,True,,2,104263
PRIMARY,0,,DECISION_ALREADY_IDENTIFIED_NO_ACQUISITION,D0,,,0.0,,DECISION_ALREADY_IDENTIFIED_NO_ACQUISITION,True,,2,104264
PRIMARY,0,,DECISION_ALREADY_IDENTIFIED_NO_ACQUISITION,D0,,,0.0,,DECISION_ALREADY_IDENTIFIED_NO_ACQUISITION,True,,2,104265
PRIMARY,0,,DECISION_ALREADY_IDENTIFIED_NO_ACQUISITION,D0,,,0.0,,DECISION_ALREADY_IDENTIFIED_NO_ACQUISITION,True,,2,104266
PRIMARY,0,,DECISION_ALREADY_IDENTIFIED_NO_ACQUISITION,D0,,,0.0,,DECISION_ALREADY_IDENTIFIED_NO_ACQUISITION,True,,2,104267
PRIMARY,0,,DECISION_ALREADY_IDENTIFIED_NO_ACQUISITION,D0,,,0.0,,DECISION_ALREADY_IDENTIFIED_NO_ACQUISITION,True,,2,104268
PRIMARY,0,,DECISION_ALREADY_IDENTIFIED_NO_ACQUISITION,D0,,,0.0,,DECISION_ALREADY_IDENTIFIED_NO_ACQUISITION,True,,2,104269
PRIMARY,0,,DECISION_ALREADY_IDENTIFIED_NO_ACQUISITION,D0,,,0.0,,DECISION_ALREADY_IDENTIFIED_NO_ACQUISITION,True,,2,104270
PRIMARY,0,,DECISION_ALREADY_IDENTIFIED_NO_ACQUISITION,D0,,,0.0,,DECISION_ALREADY_IDENTIFIED_NO_ACQUISITION,True,,2,104271
PRIMARY,0,,DECISION_ALREADY_IDENTIFIED_NO_ACQUISITION,D0,,,0.0,,DECISION_ALREADY_IDENTIFIED_NO_ACQUISITION,True,,2,104272
PRIMARY,0,,DECISION_ALREADY_IDENTIFIED_NO_ACQUISITION,D0,,,0.0,,DECISION_ALREADY_IDENTIFIED_NO_ACQUISITION,True,,2,104273
PRIMARY,0,,DECISION_ALREADY_IDENTIFIED_NO_ACQUISITION,D0,,,0.0,,DECISION_ALREADY_IDENTIFIED_NO_ACQUISITION,True,,2,104274
PRIMARY,0,,DECISION_ALREADY_IDENTIFIED_NO_ACQUISITION,D0,,,0.0,,DECISION_ALREADY_IDENTIFIED_NO_ACQUISITION,True,,2,104275
PRIMARY,0,,DECISION_ALREADY_IDENTIFIED_NO_ACQUISITION,D0,,,0.0,,DECISION_ALREADY_IDENTIFIED_NO_ACQUISITION,True,,2,104276
PRIMARY,0,,DECISION_ALREADY_IDENTIFIED_NO_ACQUISITION,D0,,,0.0,,DECISION_ALREADY_IDENTIFIED_NO_ACQUISITION,True,,2,104277
PRIMARY,0,,DECISION_ALREADY_IDENTIFIED_NO_ACQUISITION,D0,,,0.0,,DECISION_ALREADY_IDENTIFIED_NO_ACQUISITION,True,,2,104278
PRIMARY,0,,DECISION_ALREADY_IDENTIFIED_NO_ACQUISITION,D0,,,0.0,,DECISION_ALREADY_IDENTIFIED_NO_ACQUISITION,True,,2,104279
PRIMARY,0,,DECISION_ALREADY_IDENTIFIED_NO_ACQUISITION,D0,,,0.0,,DECISION_ALREADY_IDENTIFIED_NO_ACQUISITION,True,,2,104280
PRIMARY,0,,DECISION_ALREADY_IDENTIFIED_NO_ACQUISITION,D0,,,0.0,,DECISION_ALREADY_IDENTIFIED_NO_ACQUISITION,True,,2,104281
PRIMARY,0,,DECISION_ALREADY_IDENTIFIED_NO_ACQUISITION,D0,,,0.0,,DECISION_ALREADY_IDENTIFIED_NO_ACQUISITION,True,,2,104282
PRIMARY,0,,DECISION_ALREADY_IDENTIFIED_NO_ACQUISITION,D0,,,0.0,,DECISION_ALREADY_IDENTIFIED_NO_ACQUISITION,True,,2,104283
PRIMARY,0,,DECISION_ALREADY_IDENTIFIED_NO_ACQUISITION,D0,,,0.0,,DECISION_ALREADY_IDENTIFIED_NO_ACQUISITION,True,,2,104284
PRIMARY,0,,DECISION_ALREADY_IDENTIFIED_NO_ACQUISITION,D0,,,0.0,,DECISION_ALREADY_IDENTIFIED_NO_ACQUISITION,True,,2,104285
PRIMARY,0,,DECISION_ALREADY_IDENTIFIED_NO_ACQUISITION,D0,,,0.0,,DECISION_ALREADY_IDENTIFIED_NO_ACQUISITION,True,,2,104286
PRIMARY,0,,DECISION_ALREADY_IDENTIFIED_NO_ACQUISITION,D0,,,0.0,,DECISION_ALREADY_IDENTIFIED_NO_ACQUISITION,True,,2,104287
PRIMARY,0,,DECISION_ALREADY_IDENTIFIED_NO_ACQUISITION,D0,,,0.0,,DECISION_ALREADY_IDENTIFIED_NO_ACQUISITION,True,,2,104288
PRIMARY,0,,DECISION_ALREADY_IDENTIFIED_NO_ACQUISITION,D0,,,0.0,,DECISION_ALREADY_IDENTIFIED_NO_ACQUISITION,True,,2,104289
PRIMARY,0,,DECISION_ALREADY_IDENTIFIED_NO_ACQUISITION,D0,,,0.0,,DECISION_ALREADY_IDENTIFIED_NO_ACQUISITION,True,,2,104290
PRIMARY,0,,DECISION_ALREADY_IDENTIFIED_NO_ACQUISITION,D0,,,0.0,,DECISION_ALREADY_IDENTIFIED_NO_ACQUISITION,True,,2,104291
PRIMARY,0,,DECISION_ALREADY_IDENTIFIED_NO_ACQUISITION,D0,,,0.0,,DECISION_ALREADY_IDENTIFIED_NO_ACQUISITION,True,,2,104292
PRIMARY,0,,DECISION_ALREADY_IDENTIFIED_NO_ACQUISITION,D0,,,0.0,,DECISION_ALREADY_IDENTIFIED_NO_ACQUISITION,True,,2,104293
PRIMARY,0,,DECISION_ALREADY_IDENTIFIED_NO_ACQUISITION,D0,,,0.0,,DECISION_ALREADY_IDENTIFIED_NO_ACQUISITION,True,,2,104294
PRIMARY,0,,DECISION_ALREADY_IDENTIFIED_NO_ACQUISITION,D0,,,0.0,,DECISION_ALREADY_IDENTIFIED_NO_ACQUISITION,True,,2,104295
PRIMARY,0,,DECISION_ALREADY_IDENTIFIED_NO_ACQUISITION,D0,,,0.0,,DECISION_ALREADY_IDENTIFIED_NO_ACQUISITION,True,,2,104296
PRIMARY,0,,DECISION_ALREADY_IDENTIFIED_NO_ACQUISITION,D0,,,0.0,,DECISION_ALREADY_IDENTIFIED_NO_ACQUISITION,True,,2,104297
PRIMARY,0,,DECISION_ALREADY_IDENTIFIED_NO_ACQUISITION,D0,,,0.0,,DECISION_ALREADY_IDENTIFIED_NO_ACQUISITION,True,,2,104298
PRIMARY,0,,DECISION_ALREADY_IDENTIFIED_NO_ACQUISITION,D0,,,0.0,,DECISION_ALREADY_IDENTIFIED_NO_ACQUISITION,True,,2,104299
PRIMARY,0,,DECISION_ALREADY_IDENTIFIED_NO_ACQUISITION,D0,,,0.0,,DECISION_ALREADY_IDENTIFIED_NO_ACQUISITION,True,,2,104300
PRIMARY,0,,DECISION_ALREADY_IDENTIFIED_NO_ACQUISITION,D0,,,0.0,,DECISION_ALREADY_IDENTIFIED_NO_ACQUISITION,True,,2,104301
PRIMARY,0,,DECISION_ALREADY_IDENTIFIED_NO_ACQUISITION,D0,,,0.0,,DECISION_ALREADY_IDENTIFIED_NO_ACQUISITION,True,,2,104302
PRIMARY,0,,DECISION_ALREADY_IDENTIFIED_NO_ACQUISITION,D0,,,0.0,,DECISION_ALREADY_IDENTIFIED_NO_ACQUISITION,True,,2,104303
PRIMARY,0,,DECISION_ALREADY_IDENTIFIED_NO_ACQUISITION,D0,,,0.0,,DECISION_ALREADY_IDENTIFIED_NO_ACQUISITION,True,,2,104304
PRIMARY,0,,DECISION_ALREADY_IDENTIFIED_NO_ACQUISITION,D0,,,0.0,,DECISION_ALREADY_IDENTIFIED_NO_ACQUISITION,True,,2,104305
PRIMARY,0,,DECISION_ALREADY_IDENTIFIED_NO_ACQUISITION,D0,,,0.0,,DECISION_ALREADY_IDENTIFIED_NO_ACQUISITION,True,,2,104306
PRIMARY,0,,DECISION_ALREADY_IDENTIFIED_NO_ACQUISITION,D0,,,0.0,,DECISION_ALREADY_IDENTIFIED_NO_ACQUISITION,True,,2,104307
PRIMARY,0,,DECISION_ALREADY_IDENTIFIED_NO_ACQUISITION,D0,,,0.0,,DECISION_ALREADY_IDENTIFIED_NO_ACQUISITION,True,,2,104308
PRIMARY,0,,DECISION_ALREADY_IDENTIFIED_NO_ACQUISITION,D0,,,0.0,,DECISION_ALREADY_IDENTIFIED_NO_ACQUISITION,True,,2,104309
PRIMARY,0,,DECISION_ALREADY_IDENTIFIED_NO_ACQUISITION,D0,,,0.0,,DECISION_ALREADY_IDENTIFIED_NO_ACQUISITION,True,,2,104310
PRIMARY,0,,DECISION_ALREADY_IDENTIFIED_NO_ACQUISITION,D0,,,0.0,,DECISION_ALREADY_IDENTIFIED_NO_ACQUISITION,True,,2,104311
PRIMARY,0,,DECISION_ALREADY_IDENTIFIED_NO_ACQUISITION,D0,,,0.0,,DECISION_ALREADY_IDENTIFIED_NO_ACQUISITION,True,,2,104312
PRIMARY,0,,DECISION_ALREADY_IDENTIFIED_NO_ACQUISITION,D0,,,0.0,,DECISION_ALREADY_IDENTIFIED_NO_ACQUISITION,True,,2,104313
PRIMARY,0,,DECISION_ALREADY_IDENTIFIED_NO_ACQUISITION,D0,,,0.0,,DECISION_ALREADY_IDENTIFIED_NO_ACQUISITION,True,,2,104314
PRIMARY,0,,DECISION_ALREADY_IDENTIFIED_NO_ACQUISITION,D0,,,0.0,,DECISION_ALREADY_IDENTIFIED_NO_ACQUISITION,True,,2,104315
PRIMARY,0,,DECISION_ALREADY_IDENTIFIED_NO_ACQUISITION,D0,,,0.0,,DECISION_ALREADY_IDENTIFIED_NO_ACQUISITION,True,,2,104316
PRIMARY,0,,DECISION_ALREADY_IDENTIFIED_NO_ACQUISITION,D0,,,0.0,,DECISION_ALREADY_IDENTIFIED_NO_ACQUISITION,True,,2,104317
PRIMARY,0,,DECISION_ALREADY_IDENTIFIED_NO_ACQUISITION,D0,,,0.0,,DECISION_ALREADY_IDENTIFIED_NO_ACQUISITION,True,,2,104318
PRIMARY,0,,DECISION_ALREADY_IDENTIFIED_NO_ACQUISITION,D0,,,0.0,,DECISION_ALREADY_IDENTIFIED_NO_ACQUISITION,True,,2,104319
PRIMARY,0,,DECISION_ALREADY_IDENTIFIED_NO_ACQUISITION,D0,,,0.0,,DECISION_ALREADY_IDENTIFIED_NO_ACQUISITION,True,,2,104320
PRIMARY,0,,DECISION_ALREADY_IDENTIFIED_NO_ACQUISITION,D0,,,0.0,,DECISION_ALREADY_IDENTIFIED_NO_ACQUISITION,True,,2,104321
PRIMARY,0,,DECISION_ALREADY_IDENTIFIED_NO_ACQUISITION,D0,,,0.0,,DECISION_ALREADY_IDENTIFIED_NO_ACQUISITION,True,,2,104322
PRIMARY,0,,DECISION_ALREADY_IDENTIFIED_NO_ACQUISITION,D0,,,0.0,,DECISION_ALREADY_IDENTIFIED_NO_ACQUISITION,True,,2,104323
PRIMARY,0,,DECISION_ALREADY_IDENTIFIED_NO_ACQUISITION,D0,,,0.0,,DECISION_ALREADY_IDENTIFIED_NO_ACQUISITION,True,,2,104324
PRIMARY,0,,DECISION_ALREADY_IDENTIFIED_NO_ACQUISITION,D0,,,0.0,,DECISION_ALREADY_IDENTIFIED_NO_ACQUISITION,True,,2,104325
PRIMARY,0,,DECISION_ALREADY_IDENTIFIED_NO_ACQUISITION,D0,,,0.0,,DECISION_ALREADY_IDENTIFIED_NO_ACQUISITION,True,,2,104326
PRIMARY,0,,DECISION_ALREADY_IDENTIFIED_NO_ACQUISITION,D0,,,0.0,,DECISION_ALREADY_IDENTIFIED_NO_ACQUISITION,True,,2,104327
PRIMARY,0,,DECISION_ALREADY_IDENTIFIED_NO_ACQUISITION,D0,,,0.0,,DECISION_ALREADY_IDENTIFIED_NO_ACQUISITION,True,,2,104328
PRIMARY,1,decisive,ACQUIRE_DECISION_RELEVANT_EVIDENCE_BUDGET_NOT_RULED_OUT_BY_CONVERSE,D1,,NO_IDENTIFYING_INFORMATION_CHANNEL,17.333896105178457,decisive,ACQUIRE_DECISION_RELEVANT_EVIDENCE_BUDGET_NOT_RULED_OUT_BY_CONVERSE,True,,1,105201
PRIMARY,1,decisive,ACQUIRE_DECISION_RELEVANT_EVIDENCE_BUDGET_NOT_RULED_OUT_BY_CONVERSE,D1,,NO_IDENTIFYING_INFORMATION_CHANNEL,18.683589821559075,decisive,ACQUIRE_DECISION_RELEVANT_EVIDENCE_BUDGET_NOT_RULED_OUT_BY_CONVERSE,True,,1,105202
PRIMARY,1,decisive,ACQUIRE_DECISION_RELEVANT_EVIDENCE_BUDGET_NOT_RULED_OUT_BY_CONVERSE,D1,,NO_IDENTIFYING_INFORMATION_CHANNEL,15.996763815439719,decisive,ACQUIRE_DECISION_RELEVANT_EVIDENCE_BUDGET_NOT_RULED_OUT_BY_CONVERSE,True,,1,105203
PRIMARY,1,decisive,ACQUIRE_DECISION_RELEVANT_EVIDENCE_BUDGET_NOT_RULED_OUT_BY_CONVERSE,D1,,NO_IDENTIFYING_INFORMATION_CHANNEL,17.455508002997764,decisive,ACQUIRE_DECISION_RELEVANT_EVIDENCE_BUDGET_NOT_RULED_OUT_BY_CONVERSE,True,,1,105204
PRIMARY,1,decisive,ACQUIRE_DECISION_RELEVANT_EVIDENCE_BUDGET_NOT_RULED_OUT_BY_CONVERSE,D1,,NO_IDENTIFYING_INFORMATION_CHANNEL,20.005071427516967,decisive,ACQUIRE_DECISION_RELEVANT_EVIDENCE_BUDGET_NOT_RULED_OUT_BY_CONVERSE,True,,1,105205
PRIMARY,1,decisive,ACQUIRE_DECISION_RELEVANT_EVIDENCE_BUDGET_NOT_RULED_OUT_BY_CONVERSE,D1,,NO_IDENTIFYING_INFORMATION_CHANNEL,16.936251735398095,decisive,ACQUIRE_DECISION_RELEVANT_EVIDENCE_BUDGET_NOT_RULED_OUT_BY_CONVERSE,True,,1,105206
PRIMARY,1,decisive,ACQUIRE_DECISION_RELEVANT_EVIDENCE_BUDGET_NOT_RULED_OUT_BY_CONVERSE,D1,,NO_IDENTIFYING_INFORMATION_CHANNEL,24.35436148956565,decisive,ACQUIRE_DECISION_RELEVANT_EVIDENCE_BUDGET_NOT_RULED_OUT_BY_CONVERSE,True,,1,105207
PRIMARY,1,decisive,ACQUIRE_DECISION_RELEVANT_EVIDENCE_BUDGET_NOT_RULED_OUT_BY_CONVERSE,D1,,NO_IDENTIFYING_INFORMATION_CHANNEL,25.72831973896329,decisive,ACQUIRE_DECISION_RELEVANT_EVIDENCE_BUDGET_NOT_RULED_OUT_BY_CONVERSE,True,,1,105208
PRIMARY,1,decisive,ACQUIRE_DECISION_RELEVANT_EVIDENCE_BUDGET_NOT_RULED_OUT_BY_CONVERSE,D1,,NO_IDENTIFYING_INFORMATION_CHANNEL,19.180058288297637,decisive,ACQUIRE_DECISION_RELEVANT_EVIDENCE_BUDGET_NOT_RULED_OUT_BY_CONVERSE,True,,1,105209
PRIMARY,1,decisive,ACQUIRE_DECISION_RELEVANT_EVIDENCE_BUDGET_NOT_RULED_OUT_BY_CONVERSE,D1,,NO_IDENTIFYING_INFORMATION_CHANNEL,15.079595383133784,decisive,ACQUIRE_DECISION_RELEVANT_EVIDENCE_BUDGET_NOT_RULED_OUT_BY_CONVERSE,True,,1,105210
PRIMARY,1,decisive,ACQUIRE_DECISION_RELEVANT_EVIDENCE_BUDGET_NOT_RULED_OUT_BY_CONVERSE,D1,,NO_IDENTIFYING_INFORMATION_CHANNEL,15.64078142397119,decisive,ACQUIRE_DECISION_RELEVANT_EVIDENCE_BUDGET_NOT_RULED_OUT_BY_CONVERSE,True,,1,105211
PRIMARY,1,decisive,ACQUIRE_DECISION_RELEVANT_EVIDENCE_BUDGET_NOT_RULED_OUT_BY_CONVERSE,D1,,NO_IDENTIFYING_INFORMATION_CHANNEL,24.407383197607068,decisive,ACQUIRE_DECISION_RELEVANT_EVIDENCE_BUDGET_NOT_RULED_OUT_BY_CONVERSE,True,,1,105212
PRIMARY,1,decisive,ACQUIRE_DECISION_RELEVANT_EVIDENCE_BUDGET_NOT_RULED_OUT_BY_CONVERSE,D1,,NO_IDENTIFYING_INFORMATION_CHANNEL,24.250002869829036,decisive,ACQUIRE_DECISION_RELEVANT_EVIDENCE_BUDGET_NOT_RULED_OUT_BY_CONVERSE,True,,1,105213
PRIMARY,1,decisive,ACQUIRE_DECISION_RELEVANT_EVIDENCE_BUDGET_NOT_RULED_OUT_BY_CONVERSE,D1,,NO_IDENTIFYING_INFORMATION_CHANNEL,21.11281055894074,decisive,ACQUIRE_DECISION_RELEVANT_EVIDENCE_BUDGET_NOT_RULED_OUT_BY_CONVERSE,True,,1,105214
PRIMARY,1,decisive,ACQUIRE_DECISION_RELEVANT_EVIDENCE_BUDGET_NOT_RULED_OUT_BY_CONVERSE,D1,,NO_IDENTIFYING_INFORMATION_CHANNEL,23.948422337685788,decisive,ACQUIRE_DECISION_RELEVANT_EVIDENCE_BUDGET_NOT_RULED_OUT_BY_CONVERSE,True,,1,105215
PRIMARY,1,decisive,ACQUIRE_DECISION_RELEVANT_EVIDENCE_BUDGET_NOT_RULED_OUT_BY_CONVERSE,D1,,NO_IDENTIFYING_INFORMATION_CHANNEL,18.985246734190802,decisive,ACQUIRE_DECISION_RELEVANT_EVIDENCE_BUDGET_NOT_RULED_OUT_BY_CONVERSE,True,,1,105216
PRIMARY,1,decisive,ACQUIRE_DECISION_RELEVANT_EVIDENCE_BUDGET_NOT_RULED_OUT_BY_CONVERSE,D1,,NO_IDENTIFYING_INFORMATION_CHANNEL,20.08667994296839,decisive,ACQUIRE_DECISION_RELEVANT_EVIDENCE_BUDGET_NOT_RULED_OUT_BY_CONVERSE,True,,1,105217
PRIMARY,1,decisive,ACQUIRE_DECISION_RELEVANT_EVIDENCE_BUDGET_NOT_RULED_OUT_BY_CONVERSE,D1,,NO_IDENTIFYING_INFORMATION_CHANNEL,20.896931934106235,decisive,ACQUIRE_DECISION_RELEVANT_EVIDENCE_BUDGET_NOT_RULED_OUT_BY_CONVERSE,True,,1,105218
PRIMARY,1,decisive,ACQUIRE_DECISION_RELEVANT_EVIDENCE_BUDGET_NOT_RULED_OUT_BY_CONVERSE,D1,,NO_IDENTIFYING_INFORMATION_CHANNEL,15.573093596206832,decisive,ACQUIRE_DECISION_RELEVANT_EVIDENCE_BUDGET_NOT_RULED_OUT_BY_CONVERSE,True,,1,105219
PRIMARY,1,decisive,ACQUIRE_DECISION_RELEVANT_EVIDENCE_BUDGET_NOT_RULED_OUT_BY_CONVERSE,D1,,NO_IDENTIFYING_INFORMATION_CHANNEL,22.906501162992708,decisive,ACQUIRE_DECISION_RELEVANT_EVIDENCE_BUDGET_NOT_RULED_OUT_BY_CONVERSE,True,,1,105220
PRIMARY,1,decisive,ACQUIRE_DECISION_RELEVANT_EVIDENCE_BUDGET_NOT_RULED_OUT_BY_CONVERSE,D1,,NO_IDENTIFYING_INFORMATION_CHANNEL,17.93507252324228,decisive,ACQUIRE_DECISION_RELEVANT_EVIDENCE_BUDGET_NOT_RULED_OUT_BY_CONVERSE,True,,1,105221
PRIMARY,1,decisive,ACQUIRE_DECISION_RELEVANT_EVIDENCE_BUDGET_NOT_RULED_OUT_BY_CONVERSE,D1,,NO_IDENTIFYING_INFORMATION_CHANNEL,15.539499615833824,decisive,ACQUIRE_DECISION_RELEVANT_EVIDENCE_BUDGET_NOT_RULED_OUT_BY_CONVERSE,True,,1,105222
PRIMARY,1,decisive,ACQUIRE_DECISION_RELEVANT_EVIDENCE_BUDGET_NOT_RULED_OUT_BY_CONVERSE,D1,,NO_IDENTIFYING_INFORMATION_CHANNEL,25.796700753682803,decisive,ACQUIRE_DECISION_RELEVANT_EVIDENCE_BUDGET_NOT_RULED_OUT_BY_CONVERSE,True,,1,105223
PRIMARY,1,decisive,ACQUIRE_DECISION_RELEVANT_EVIDENCE_BUDGET_NOT_RULED_OUT_BY_CONVERSE,D1,,NO_IDENTIFYING_INFORMATION_CHANNEL,17.3607963502859,decisive,ACQUIRE_DECISION_RELEVANT_EVIDENCE_BUDGET_NOT_RULED_OUT_BY_CONVERSE,True,,1,105224
PRIMARY,1,decisive,ACQUIRE_DECISION_RELEVANT_EVIDENCE_BUDGET_NOT_RULED_OUT_BY_CONVERSE,D1,,NO_IDENTIFYING_INFORMATION_CHANNEL,20.85287463583996,decisive,ACQUIRE_DECISION_RELEVANT_EVIDENCE_BUDGET_NOT_RULED_OUT_BY_CONVERSE,True,,1,105225
PRIMARY,1,decisive,ACQUIRE_DECISION_RELEVANT_EVIDENCE_BUDGET_NOT_RULED_OUT_BY_CONVERSE,D1,,NO_IDENTIFYING_INFORMATION_CHANNEL,15.146136142517374,decisive,ACQUIRE_DECISION_RELEVANT_EVIDENCE_BUDGET_NOT_RULED_OUT_BY_CONVERSE,True,,1,105226
PRIMARY,1,decisive,ACQUIRE_DECISION_RELEVANT_EVIDENCE_BUDGET_NOT_RULED_OUT_BY_CONVERSE,D1,,NO_IDENTIFYING_INFORMATION_CHANNEL,18.04806225743636,decisive,ACQUIRE_DECISION_RELEVANT_EVIDENCE_BUDGET_NOT_RULED_OUT_BY_CONVERSE,True,,1,105227
PRIMARY,1,decisive,ACQUIRE_DECISION_RELEVANT_EVIDENCE_BUDGET_NOT_RULED_OUT_BY_CONVERSE,D1,,NO_IDENTIFYING_INFORMATION_CHANNEL,15.508433309912775,decisive,ACQUIRE_DECISION_RELEVANT_EVIDENCE_BUDGET_NOT_RULED_OUT_BY_CONVERSE,True,,1,105228
PRIMARY,1,decisive,ACQUIRE_DECISION_RELEVANT_EVIDENCE_BUDGET_NOT_RULED_OUT_BY_CONVERSE,D1,,NO_IDENTIFYING_INFORMATION_CHANNEL,22.867789614271135,decisive,ACQUIRE_DECISION_RELEVANT_EVIDENCE_BUDGET_NOT_RULED_OUT_BY_CONVERSE,True,,1,105229
PRIMARY,1,decisive,ACQUIRE_DECISION_RELEVANT_EVIDENCE_BUDGET_NOT_RULED_OUT_BY_CONVERSE,D1,,NO_IDENTIFYING_INFORMATION_CHANNEL,21.301803073869486,decisive,ACQUIRE_DECISION_RELEVANT_EVIDENCE_BUDGET_NOT_RULED_OUT_BY_CONVERSE,True,,1,105230
PRIMARY,1,decisive,ACQUIRE_DECISION_RELEVANT_EVIDENCE_BUDGET_NOT_RULED_OUT_BY_CONVERSE,D1,,NO_IDENTIFYING_INFORMATION_CHANNEL,20.61282540476347,decisive,ACQUIRE_DECISION_RELEVANT_EVIDENCE_BUDGET_NOT_RULED_OUT_BY_CONVERSE,True,,1,105231
PRIMARY,1,decisive,ACQUIRE_DECISION_RELEVANT_EVIDENCE_BUDGET_NOT_RULED_OUT_BY_CONVERSE,D1,,NO_IDENTIFYING_INFORMATION_CHANNEL,17.621216466115854,decisive,ACQUIRE_DECISION_RELEVANT_EVIDENCE_BUDGET_NOT_RULED_OUT_BY_CONVERSE,True,,1,105232
PRIMARY,1,decisive,ACQUIRE_DECISION_RELEVANT_EVIDENCE_BUDGET_NOT_RULED_OUT_BY_CONVERSE,D1,,NO_IDENTIFYING_INFORMATION_CHANNEL,19.22175641867524,decisive,ACQUIRE_DECISION_RELEVANT_EVIDENCE_BUDGET_NOT_RULED_OUT_BY_CONVERSE,True,,1,105233
PRIMARY,1,decisive,ACQUIRE_DECISION_RELEVANT_EVIDENCE_BUDGET_NOT_RULED_OUT_BY_CONVERSE,D1,,NO_IDENTIFYING_INFORMATION_CHANNEL,16.409143633290252,decisive,ACQUIRE_DECISION_RELEVANT_EVIDENCE_BUDGET_NOT_RULED_OUT_BY_CONVERSE,True,,1,105234
PRIMARY,1,decisive,ACQUIRE_DECISION_RELEVANT_EVIDENCE_BUDGET_NOT_RULED_OUT_BY_CONVERSE,D1,,NO_IDENTIFYING_INFORMATION_CHANNEL,25.758251174996087,decisive,ACQUIRE_DECISION_RELEVANT_EVIDENCE_BUDGET_NOT_RULED_OUT_BY_CONVERSE,True,,1,105235
PRIMARY,1,decisive,ACQUIRE_DECISION_RELEVANT_EVIDENCE_BUDGET_NOT_RULED_OUT_BY_CONVERSE,D1,,NO_IDENTIFYING_INFORMATION_CHANNEL,18.41246814577263,decisive,ACQUIRE_DECISION_RELEVANT_EVIDENCE_BUDGET_NOT_RULED_OUT_BY_CONVERSE,True,,1,105236
PRIMARY,1,decisive,ACQUIRE_DECISION_RELEVANT_EVIDENCE_BUDGET_NOT_RULED_OUT_BY_CONVERSE,D1,,NO_IDENTIFYING_INFORMATION_CHANNEL,15.04881888388259,decisive,ACQUIRE_DECISION_RELEVANT_EVIDENCE_BUDGET_NOT_RULED_OUT_BY_CONVERSE,True,,1,105237
PRIMARY,1,decisive,ACQUIRE_DECISION_RELEVANT_EVIDENCE_BUDGET_NOT_RULED_OUT_BY_CONVERSE,D1,,NO_IDENTIFYING_INFORMATION_CHANNEL,19.580693302079037,decisive,ACQUIRE_DECISION_RELEVANT_EVIDENCE_BUDGET_NOT_RULED_OUT_BY_CONVERSE,True,,1,105238
PRIMARY,1,decisive,ACQUIRE_DECISION_RELEVANT_EVIDENCE_BUDGET_NOT_RULED_OUT_BY_CONVERSE,D1,,NO_IDENTIFYING_INFORMATION_CHANNEL,15.313898517952948,decisive,ACQUIRE_DECISION_RELEVANT_EVIDENCE_BUDGET_NOT_RULED_OUT_BY_CONVERSE,True,,1,105239
PRIMARY,1,decisive,ACQUIRE_DECISION_RELEVANT_EVIDENCE_BUDGET_NOT_RULED_OUT_BY_CONVERSE,D1,,NO_IDENTIFYING_INFORMATION_CHANNEL,17.505720317747137,decisive,ACQUIRE_DECISION_RELEVANT_EVIDENCE_BUDGET_NOT_RULED_OUT_BY_CONVERSE,True,,1,105240
PRIMARY,1,decisive,ACQUIRE_DECISION_RELEVANT_EVIDENCE_BUDGET_NOT_RULED_OUT_BY_CONVERSE,D1,,NO_IDENTIFYING_INFORMATION_CHANNEL,15.185936769371352,decisive,ACQUIRE_DECISION_RELEVANT_EVIDENCE_BUDGET_NOT_RULED_OUT_BY_CONVERSE,True,,1,105241
PRIMARY,1,decisive,ACQUIRE_DECISION_RELEVANT_EVIDENCE_BUDGET_NOT_RULED_OUT_BY_CONVERSE,D1,,NO_IDENTIFYING_INFORMATION_CHANNEL,15.252719118932399,decisive,ACQUIRE_DECISION_RELEVANT_EVIDENCE_BUDGET_NOT_RULED_OUT_BY_CONVERSE,True,,1,105242
PRIMARY,1,decisive,ACQUIRE_DECISION_RELEVANT_EVIDENCE_BUDGET_NOT_RULED_OUT_BY_CONVERSE,D1,,NO_IDENTIFYING_INFORMATION_CHANNEL,23.063921061423116,decisive,ACQUIRE_DECISION_RELEVANT_EVIDENCE_BUDGET_NOT_RULED_OUT_BY_CONVERSE,True,,1,105243
PRIMARY,1,decisive,ACQUIRE_DECISION_RELEVANT_EVIDENCE_BUDGET_NOT_RULED_OUT_BY_CONVERSE,D1,,NO_IDENTIFYING_INFORMATION_CHANNEL,25.08401923239438,decisive,ACQUIRE_DECISION_RELEVANT_EVIDENCE_BUDGET_NOT_RULED_OUT_BY_CONVERSE,True,,1,105244
PRIMARY,1,decisive,ACQUIRE_DECISION_RELEVANT_EVIDENCE_BUDGET_NOT_RULED_OUT_BY_CONVERSE,D1,,NO_IDENTIFYING_INFORMATION_CHANNEL,17.32621798103469,decisive,ACQUIRE_DECISION_RELEVANT_EVIDENCE_BUDGET_NOT_RULED_OUT_BY_CONVERSE,True,,1,105245
PRIMARY,1,decisive,ACQUIRE_DECISION_RELEVANT_EVIDENCE_BUDGET_NOT_RULED_OUT_BY_CONVERSE,D1,,NO_IDENTIFYING_INFORMATION_CHANNEL,22.734363542957137,decisive,ACQUIRE_DECISION_RELEVANT_EVIDENCE_BUDGET_NOT_RULED_OUT_BY_CONVERSE,True,,1,105246
PRIMARY,1,decisive,ACQUIRE_DECISION_RELEVANT_EVIDENCE_BUDGET_NOT_RULED_OUT_BY_CONVERSE,D1,,NO_IDENTIFYING_INFORMATION_CHANNEL,15.627606030134485,decisive,ACQUIRE_DECISION_RELEVANT_EVIDENCE_BUDGET_NOT_RULED_OUT_BY_CONVERSE,True,,1,105247
PRIMARY,1,decisive,ACQUIRE_DECISION_RELEVANT_EVIDENCE_BUDGET_NOT_RULED_OUT_BY_CONVERSE,D1,,NO_IDENTIFYING_INFORMATION_CHANNEL,16.058842200285795,decisive,ACQUIRE_DECISION_RELEVANT_EVIDENCE_BUDGET_NOT_RULED_OUT_BY_CONVERSE,True,,1,105248
PRIMARY,1,decisive,ACQUIRE_DECISION_RELEVANT_EVIDENCE_BUDGET_NOT_RULED_OUT_BY_CONVERSE,D1,,NO_IDENTIFYING_INFORMATION_CHANNEL,20.285289576036053,decisive,ACQUIRE_DECISION_RELEVANT_EVIDENCE_BUDGET_NOT_RULED_OUT_BY_CONVERSE,True,,1,105249
PRIMARY,1,decisive,ACQUIRE_DECISION_RELEVANT_EVIDENCE_BUDGET_NOT_RULED_OUT_BY_CONVERSE,D1,,NO_IDENTIFYING_INFORMATION_CHANNEL,20.15553642779498,decisive,ACQUIRE_DECISION_RELEVANT_EVIDENCE_BUDGET_NOT_RULED_OUT_BY_CONVERSE,True,,1,105250
PRIMARY,1,decisive,ACQUIRE_DECISION_RELEVANT_EVIDENCE_BUDGET_NOT_RULED_OUT_BY_CONVERSE,D1,,NO_IDENTIFYING_INFORMATION_CHANNEL,19.375717220374433,decisive,ACQUIRE_DECISION_RELEVANT_EVIDENCE_BUDGET_NOT_RULED_OUT_BY_CONVERSE,True,,1,105251
PRIMARY,1,decisive,ACQUIRE_DECISION_RELEVANT_EVIDENCE_BUDGET_NOT_RULED_OUT_BY_CONVERSE,D1,,NO_IDENTIFYING_INFORMATION_CHANNEL,23.454446960344065,decisive,ACQUIRE_DECISION_RELEVANT_EVIDENCE_BUDGET_NOT_RULED_OUT_BY_CONVERSE,True,,1,105252
PRIMARY,1,decisive,ACQUIRE_DECISION_RELEVANT_EVIDENCE_BUDGET_NOT_RULED_OUT_BY_CONVERSE,D1,,NO_IDENTIFYING_INFORMATION_CHANNEL,22.717884654296682,decisive,ACQUIRE_DECISION_RELEVANT_EVIDENCE_BUDGET_NOT_RULED_OUT_BY_CONVERSE,True,,1,105253
PRIMARY,1,decisive,ACQUIRE_DECISION_RELEVANT_EVIDENCE_BUDGET_NOT_RULED_OUT_BY_CONVERSE,D1,,NO_IDENTIFYING_INFORMATION_CHANNEL,15.399691102019862,decisive,ACQUIRE_DECISION_RELEVANT_EVIDENCE_BUDGET_NOT_RULED_OUT_BY_CONVERSE,True,,1,105254
PRIMARY,1,decisive,ACQUIRE_DECISION_RELEVANT_EVIDENCE_BUDGET_NOT_RULED_OUT_BY_CONVERSE,D1,,NO_IDENTIFYING_INFORMATION_CHANNEL,21.779244627661743,decisive,ACQUIRE_DECISION_RELEVANT_EVIDENCE_BUDGET_NOT_RULED_OUT_BY_CONVERSE,True,,1,105255
PRIMARY,1,decisive,ACQUIRE_DECISION_RELEVANT_EVIDENCE_BUDGET_NOT_RULED_OUT_BY_CONVERSE,D1,,NO_IDENTIFYING_INFORMATION_CHANNEL,20.699832945254744,decisive,ACQUIRE_DECISION_RELEVANT_EVIDENCE_BUDGET_NOT_RULED_OUT_BY_CONVERSE,True,,1,105256
PRIMARY,1,decisive,ACQUIRE_DECISION_RELEVANT_EVIDENCE_BUDGET_NOT_RULED_OUT_BY_CONVERSE,D1,,NO_IDENTIFYING_INFORMATION_CHANNEL,18.50168214391936,decisive,ACQUIRE_DECISION_RELEVANT_EVIDENCE_BUDGET_NOT_RULED_OUT_BY_CONVERSE,True,,1,105257
PRIMARY,1,decisive,ACQUIRE_DECISION_RELEVANT_EVIDENCE_BUDGET_NOT_RULED_OUT_BY_CONVERSE,D1,,NO_IDENTIFYING_INFORMATION_CHANNEL,18.242178427594496,decisive,ACQUIRE_DECISION_RELEVANT_EVIDENCE_BUDGET_NOT_RULED_OUT_BY_CONVERSE,True,,1,105258
PRIMARY,1,decisive,ACQUIRE_DECISION_RELEVANT_EVIDENCE_BUDGET_NOT_RULED_OUT_BY_CONVERSE,D1,,NO_IDENTIFYING_INFORMATION_CHANNEL,19.164717898994468,decisive,ACQUIRE_DECISION_RELEVANT_EVIDENCE_BUDGET_NOT_RULED_OUT_BY_CONVERSE,True,,1,105259
PRIMARY,1,decisive,ACQUIRE_DECISION_RELEVANT_EVIDENCE_BUDGET_NOT_RULED_OUT_BY_CONVERSE,D1,,NO_IDENTIFYING_INFORMATION_CHANNEL,17.91623642125588,decisive,ACQUIRE_DECISION_RELEVANT_EVIDENCE_BUDGET_NOT_RULED_OUT_BY_CONVERSE,True,,1,105260
PRIMARY,1,decisive,ACQUIRE_DECISION_RELEVANT_EVIDENCE_BUDGET_NOT_RULED_OUT_BY_CONVERSE,D1,,NO_IDENTIFYING_INFORMATION_CHANNEL,15.245551788248706,decisive,ACQUIRE_DECISION_RELEVANT_EVIDENCE_BUDGET_NOT_RULED_OUT_BY_CONVERSE,True,,1,105261
PRIMARY,1,decisive,ACQUIRE_DECISION_RELEVANT_EVIDENCE_BUDGET_NOT_RULED_OUT_BY_CONVERSE,D1,,NO_IDENTIFYING_INFORMATION_CHANNEL,17.1244082483151,decisive,ACQUIRE_DECISION_RELEVANT_EVIDENCE_BUDGET_NOT_RULED_OUT_BY_CONVERSE,True,,1,105262
PRIMARY,1,decisive,ACQUIRE_DECISION_RELEVANT_EVIDENCE_BUDGET_NOT_RULED_OUT_BY_CONVERSE,D1,,NO_IDENTIFYING_INFORMATION_CHANNEL,23.97761155397517,decisive,ACQUIRE_DECISION_RELEVANT_EVIDENCE_BUDGET_NOT_RULED_OUT_BY_CONVERSE,True,,1,105263
PRIMARY,1,decisive,ACQUIRE_DECISION_RELEVANT_EVIDENCE_BUDGET_NOT_RULED_OUT_BY_CONVERSE,D1,,NO_IDENTIFYING_INFORMATION_CHANNEL,23.755191387055927,decisive,ACQUIRE_DECISION_RELEVANT_EVIDENCE_BUDGET_NOT_RULED_OUT_BY_CONVERSE,True,,1,105264
PRIMARY,1,decisive,ACQUIRE_DECISION_RELEVANT_EVIDENCE_BUDGET_NOT_RULED_OUT_BY_CONVERSE,D1,,NO_IDENTIFYING_INFORMATION_CHANNEL,22.348536595111316,decisive,ACQUIRE_DECISION_RELEVANT_EVIDENCE_BUDGET_NOT_RULED_OUT_BY_CONVERSE,True,,1,105265
PRIMARY,1,decisive,ACQUIRE_DECISION_RELEVANT_EVIDENCE_BUDGET_NOT_RULED_OUT_BY_CONVERSE,D1,,NO_IDENTIFYING_INFORMATION_CHANNEL,16.22676245515721,decisive,ACQUIRE_DECISION_RELEVANT_EVIDENCE_BUDGET_NOT_RULED_OUT_BY_CONVERSE,True,,1,105266
PRIMARY,1,decisive,ACQUIRE_DECISION_RELEVANT_EVIDENCE_BUDGET_NOT_RULED_OUT_BY_CONVERSE,D1,,NO_IDENTIFYING_INFORMATION_CHANNEL,16.61118916725257,decisive,ACQUIRE_DECISION_RELEVANT_EVIDENCE_BUDGET_NOT_RULED_OUT_BY_CONVERSE,True,,1,105267
PRIMARY,1,decisive,ACQUIRE_DECISION_RELEVANT_EVIDENCE_BUDGET_NOT_RULED_OUT_BY_CONVERSE,D1,,NO_IDENTIFYING_INFORMATION_CHANNEL,17.83242351849146,decisive,ACQUIRE_DECISION_RELEVANT_EVIDENCE_BUDGET_NOT_RULED_OUT_BY_CONVERSE,True,,1,105268
PRIMARY,1,decisive,ACQUIRE_DECISION_RELEVANT_EVIDENCE_BUDGET_NOT_RULED_OUT_BY_CONVERSE,D1,,NO_IDENTIFYING_INFORMATION_CHANNEL,16.883517470049256,decisive,ACQUIRE_DECISION_RELEVANT_EVIDENCE_BUDGET_NOT_RULED_OUT_BY_CONVERSE,True,,1,105269
PRIMARY,1,decisive,ACQUIRE_DECISION_RELEVANT_EVIDENCE_BUDGET_NOT_RULED_OUT_BY_CONVERSE,D1,,NO_IDENTIFYING_INFORMATION_CHANNEL,15.318131702008746,decisive,ACQUIRE_DECISION_RELEVANT_EVIDENCE_BUDGET_NOT_RULED_OUT_BY_CONVERSE,True,,1,105270
PRIMARY,1,decisive,ACQUIRE_DECISION_RELEVANT_EVIDENCE_BUDGET_NOT_RULED_OUT_BY_CONVERSE,D1,,NO_IDENTIFYING_INFORMATION_CHANNEL,18.12214817324522,decisive,ACQUIRE_DECISION_RELEVANT_EVIDENCE_BUDGET_NOT_RULED_OUT_BY_CONVERSE,True,,1,105271
PRIMARY,1,decisive,ACQUIRE_DECISION_RELEVANT_EVIDENCE_BUDGET_NOT_RULED_OUT_BY_CONVERSE,D1,,NO_IDENTIFYING_INFORMATION_CHANNEL,16.392439841918378,decisive,ACQUIRE_DECISION_RELEVANT_EVIDENCE_BUDGET_NOT_RULED_OUT_BY_CONVERSE,True,,1,105272
PRIMARY,1,decisive,ACQUIRE_DECISION_RELEVANT_EVIDENCE_BUDGET_NOT_RULED_OUT_BY_CONVERSE,D1,,NO_IDENTIFYING_INFORMATION_CHANNEL,23.68562093434702,decisive,ACQUIRE_DECISION_RELEVANT_EVIDENCE_BUDGET_NOT_RULED_OUT_BY_CONVERSE,True,,1,105273
PRIMARY,1,decisive,ACQUIRE_DECISION_RELEVANT_EVIDENCE_BUDGET_NOT_RULED_OUT_BY_CONVERSE,D1,,NO_IDENTIFYING_INFORMATION_CHANNEL,24.535026904328145,decisive,ACQUIRE_DECISION_RELEVANT_EVIDENCE_BUDGET_NOT_RULED_OUT_BY_CONVERSE,True,,1,105274
PRIMARY,1,decisive,ACQUIRE_DECISION_RELEVANT_EVIDENCE_BUDGET_NOT_RULED_OUT_BY_CONVERSE,D1,,NO_IDENTIFYING_INFORMATION_CHANNEL,16.818302293411175,decisive,ACQUIRE_DECISION_RELEVANT_EVIDENCE_BUDGET_NOT_RULED_OUT_BY_CONVERSE,True,,1,105275
PRIMARY,1,decisive,ACQUIRE_DECISION_RELEVANT_EVIDENCE_BUDGET_NOT_RULED_OUT_BY_CONVERSE,D1,,NO_IDENTIFYING_INFORMATION_CHANNEL,25.002438755134534,decisive,ACQUIRE_DECISION_RELEVANT_EVIDENCE_BUDGET_NOT_RULED_OUT_BY_CONVERSE,True,,1,105276
PRIMARY,1,decisive,ACQUIRE_DECISION_RELEVANT_EVIDENCE_BUDGET_NOT_RULED_OUT_BY_CONVERSE,D1,,NO_IDENTIFYING_INFORMATION_CHANNEL,21.887125627582755,decisive,ACQUIRE_DECISION_RELEVANT_EVIDENCE_BUDGET_NOT_RULED_OUT_BY_CONVERSE,True,,1,105277
PRIMARY,1,decisive,ACQUIRE_DECISION_RELEVANT_EVIDENCE_BUDGET_NOT_RULED_OUT_BY_CONVERSE,D1,,NO_IDENTIFYING_INFORMATION_CHANNEL,16.074950692808706,decisive,ACQUIRE_DECISION_RELEVANT_EVIDENCE_BUDGET_NOT_RULED_OUT_BY_CONVERSE,True,,1,105278
PRIMARY,1,decisive,ACQUIRE_DECISION_RELEVANT_EVIDENCE_BUDGET_NOT_RULED_OUT_BY_CONVERSE,D1,,NO_IDENTIFYING_INFORMATION_CHANNEL,23.516910437577746,decisive,ACQUIRE_DECISION_RELEVANT_EVIDENCE_BUDGET_NOT_RULED_OUT_BY_CONVERSE,True,,1,105279
PRIMARY,1,decisive,ACQUIRE_DECISION_RELEVANT_EVIDENCE_BUDGET_NOT_RULED_OUT_BY_CONVERSE,D1,,NO_IDENTIFYING_INFORMATION_CHANNEL,17.537756881198952,decisive,ACQUIRE_DECISION_RELEVANT_EVIDENCE_BUDGET_NOT_RULED_OUT_BY_CONVERSE,True,,1,105280
PRIMARY,1,decisive,ACQUIRE_DECISION_RELEVANT_EVIDENCE_BUDGET_NOT_RULED_OUT_BY_CONVERSE,D1,,NO_IDENTIFYING_INFORMATION_CHANNEL,23.23234530534908,decisive,ACQUIRE_DECISION_RELEVANT_EVIDENCE_BUDGET_NOT_RULED_OUT_BY_CONVERSE,True,,1,105281
PRIMARY,1,decisive,ACQUIRE_DECISION_RELEVANT_EVIDENCE_BUDGET_NOT_RULED_OUT_BY_CONVERSE,D1,,NO_IDENTIFYING_INFORMATION_CHANNEL,16.33837581847621,decisive,ACQUIRE_DECISION_RELEVANT_EVIDENCE_BUDGET_NOT_RULED_OUT_BY_CONVERSE,True,,1,105282
PRIMARY,1,decisive,ACQUIRE_DECISION_RELEVANT_EVIDENCE_BUDGET_NOT_RULED_OUT_BY_CONVERSE,D1,,NO_IDENTIFYING_INFORMATION_CHANNEL,16.334864576448076,decisive,ACQUIRE_DECISION_RELEVANT_EVIDENCE_BUDGET_NOT_RULED_OUT_BY_CONVERSE,True,,1,105283
PRIMARY,1,decisive,ACQUIRE_DECISION_RELEVANT_EVIDENCE_BUDGET_NOT_RULED_OUT_BY_CONVERSE,D1,,NO_IDENTIFYING_INFORMATION_CHANNEL,15.518377791122887,decisive,ACQUIRE_DECISION_RELEVANT_EVIDENCE_BUDGET_NOT_RULED_OUT_BY_CONVERSE,True,,1,105284
PRIMARY,1,decisive,ACQUIRE_DECISION_RELEVANT_EVIDENCE_BUDGET_NOT_RULED_OUT_BY_CONVERSE,D1,,NO_IDENTIFYING_INFORMATION_CHANNEL,20.77134744342717,decisive,ACQUIRE_DECISION_RELEVANT_EVIDENCE_BUDGET_NOT_RULED_OUT_BY_CONVERSE,True,,1,105285
PRIMARY,1,decisive,ACQUIRE_DECISION_RELEVANT_EVIDENCE_BUDGET_NOT_RULED_OUT_BY_CONVERSE,D1,,NO_IDENTIFYING_INFORMATION_CHANNEL,20.428878430225627,decisive,ACQUIRE_DECISION_RELEVANT_EVIDENCE_BUDGET_NOT_RULED_OUT_BY_CONVERSE,True,,1,105286
PRIMARY,1,decisive,ACQUIRE_DECISION_RELEVANT_EVIDENCE_BUDGET_NOT_RULED_OUT_BY_CONVERSE,D1,,NO_IDENTIFYING_INFORMATION_CHANNEL,15.271590749680007,decisive,ACQUIRE_DECISION_RELEVANT_EVIDENCE_BUDGET_NOT_RULED_OUT_BY_CONVERSE,True,,1,105287
PRIMARY,1,decisive,ACQUIRE_DECISION_RELEVANT_EVIDENCE_BUDGET_NOT_RULED_OUT_BY_CONVERSE,D1,,NO_IDENTIFYING_INFORMATION_CHANNEL,22.043191449596087,decisive,ACQUIRE_DECISION_RELEVANT_EVIDENCE_BUDGET_NOT_RULED_OUT_BY_CONVERSE,True,,1,105288
PRIMARY,1,decisive,ACQUIRE_DECISION_RELEVANT_EVIDENCE_BUDGET_NOT_RULED_OUT_BY_CONVERSE,D1,,NO_IDENTIFYING_INFORMATION_CHANNEL,19.051636453047273,decisive,ACQUIRE_DECISION_RELEVANT_EVIDENCE_BUDGET_NOT_RULED_OUT_BY_CONVERSE,True,,1,105289
PRIMARY,1,decisive,ACQUIRE_DECISION_RELEVANT_EVIDENCE_BUDGET_NOT_RULED_OUT_BY_CONVERSE,D1,,NO_IDENTIFYING_INFORMATION_CHANNEL,18.532832901571236,decisive,ACQUIRE_DECISION_RELEVANT_EVIDENCE_BUDGET_NOT_RULED_OUT_BY_CONVERSE,True,,1,105290
PRIMARY,1,decisive,ACQUIRE_DECISION_RELEVANT_EVIDENCE_BUDGET_NOT_RULED_OUT_BY_CONVERSE,D1,,NO_IDENTIFYING_INFORMATION_CHANNEL,18.44402532779797,decisive,ACQUIRE_DECISION_RELEVANT_EVIDENCE_BUDGET_NOT_RULED_OUT_BY_CONVERSE,True,,1,105291
PRIMARY,1,decisive,ACQUIRE_DECISION_RELEVANT_EVIDENCE_BUDGET_NOT_RULED_OUT_BY_CONVERSE,D1,,NO_IDENTIFYING_INFORMATION_CHANNEL,22.226060243183657,decisive,ACQUIRE_DECISION_RELEVANT_EVIDENCE_BUDGET_NOT_RULED_OUT_BY_CONVERSE,True,,1,105292
PRIMARY,1,decisive,ACQUIRE_DECISION_RELEVANT_EVIDENCE_BUDGET_NOT_RULED_OUT_BY_CONVERSE,D1,,NO_IDENTIFYING_INFORMATION_CHANNEL,16.765226079782835,decisive,ACQUIRE_DECISION_RELEVANT_EVIDENCE_BUDGET_NOT_RULED_OUT_BY_CONVERSE,True,,1,105293
PRIMARY,1,decisive,ACQUIRE_DECISION_RELEVANT_EVIDENCE_BUDGET_NOT_RULED_OUT_BY_CONVERSE,D1,,NO_IDENTIFYING_INFORMATION_CHANNEL,25.778935818024816,decisive,ACQUIRE_DECISION_RELEVANT_EVIDENCE_BUDGET_NOT_RULED_OUT_BY_CONVERSE,True,,1,105294
PRIMARY,1,decisive,ACQUIRE_DECISION_RELEVANT_EVIDENCE_BUDGET_NOT_RULED_OUT_BY_CONVERSE,D1,,NO_IDENTIFYING_INFORMATION_CHANNEL,17.180750871749535,decisive,ACQUIRE_DECISION_RELEVANT_EVIDENCE_BUDGET_NOT_RULED_OUT_BY_CONVERSE,True,,1,105295
PRIMARY,1,decisive,ACQUIRE_DECISION_RELEVANT_EVIDENCE_BUDGET_NOT_RULED_OUT_BY_CONVERSE,D1,,NO_IDENTIFYING_INFORMATION_CHANNEL,17.892178590706447,decisive,ACQUIRE_DECISION_RELEVANT_EVIDENCE_BUDGET_NOT_RULED_OUT_BY_CONVERSE,True,,1,105296
PRIMARY,1,decisive,ACQUIRE_DECISION_RELEVANT_EVIDENCE_BUDGET_NOT_RULED_OUT_BY_CONVERSE,D1,,NO_IDENTIFYING_INFORMATION_CHANNEL,26.103006899387186,decisive,ACQUIRE_DECISION_RELEVANT_EVIDENCE_BUDGET_NOT_RULED_OUT_BY_CONVERSE,True,,1,105297
PRIMARY,1,decisive,ACQUIRE_DECISION_RELEVANT_EVIDENCE_BUDGET_NOT_RULED_OUT_BY_CONVERSE,D1,,NO_IDENTIFYING_INFORMATION_CHANNEL,22.58851642184366,decisive,ACQUIRE_DECISION_RELEVANT_EVIDENCE_BUDGET_NOT_RULED_OUT_BY_CONVERSE,True,,1,105298
PRIMARY,1,decisive,ACQUIRE_DECISION_RELEVANT_EVIDENCE_BUDGET_NOT_RULED_OUT_BY_CONVERSE,D1,,NO_IDENTIFYING_INFORMATION_CHANNEL,18.68532131515842,decisive,ACQUIRE_DECISION_RELEVANT_EVIDENCE_BUDGET_NOT_RULED_OUT_BY_CONVERSE,True,,1,105299
PRIMARY,1,decisive,ACQUIRE_DECISION_RELEVANT_EVIDENCE_BUDGET_NOT_RULED_OUT_BY_CONVERSE,D1,,NO_IDENTIFYING_INFORMATION_CHANNEL,21.958459401083477,decisive,ACQUIRE_DECISION_RELEVANT_EVIDENCE_BUDGET_NOT_RULED_OUT_BY_CONVERSE,True,,1,105300
PRIMARY,1,decisive,ACQUIRE_DECISION_RELEVANT_EVIDENCE_BUDGET_NOT_RULED_OUT_BY_CONVERSE,D1,,NO_IDENTIFYING_INFORMATION_CHANNEL,20.232368213880736,decisive,ACQUIRE_DECISION_RELEVANT_EVIDENCE_BUDGET_NOT_RULED_OUT_BY_CONVERSE,True,,1,105301
PRIMARY,1,decisive,ACQUIRE_DECISION_RELEVANT_EVIDENCE_BUDGET_NOT_RULED_OUT_BY_CONVERSE,D1,,NO_IDENTIFYING_INFORMATION_CHANNEL,17.902084817875167,decisive,ACQUIRE_DECISION_RELEVANT_EVIDENCE_BUDGET_NOT_RULED_OUT_BY_CONVERSE,True,,1,105302
PRIMARY,1,decisive,ACQUIRE_DECISION_RELEVANT_EVIDENCE_BUDGET_NOT_RULED_OUT_BY_CONVERSE,D1,,NO_IDENTIFYING_INFORMATION_CHANNEL,16.84980451960687,decisive,ACQUIRE_DECISION_RELEVANT_EVIDENCE_BUDGET_NOT_RULED_OUT_BY_CONVERSE,True,,1,105303
PRIMARY,1,decisive,ACQUIRE_DECISION_RELEVANT_EVIDENCE_BUDGET_NOT_RULED_OUT_BY_CONVERSE,D1,,NO_IDENTIFYING_INFORMATION_CHANNEL,21.280291759095547,decisive,ACQUIRE_DECISION_RELEVANT_EVIDENCE_BUDGET_NOT_RULED_OUT_BY_CONVERSE,True,,1,105304
PRIMARY,1,decisive,ACQUIRE_DECISION_RELEVANT_EVIDENCE_BUDGET_NOT_RULED_OUT_BY_CONVERSE,D1,,NO_IDENTIFYING_INFORMATION_CHANNEL,16.056943786187645,decisive,ACQUIRE_DECISION_RELEVANT_EVIDENCE_BUDGET_NOT_RULED_OUT_BY_CONVERSE,True,,1,105305
PRIMARY,1,decisive,ACQUIRE_DECISION_RELEVANT_EVIDENCE_BUDGET_NOT_RULED_OUT_BY_CONVERSE,D1,,NO_IDENTIFYING_INFORMATION_CHANNEL,21.686872869528568,decisive,ACQUIRE_DECISION_RELEVANT_EVIDENCE_BUDGET_NOT_RULED_OUT_BY_CONVERSE,True,,1,105306
PRIMARY,1,decisive,ACQUIRE_DECISION_RELEVANT_EVIDENCE_BUDGET_NOT_RULED_OUT_BY_CONVERSE,D1,,NO_IDENTIFYING_INFORMATION_CHANNEL,18.292131137328443,decisive,ACQUIRE_DECISION_RELEVANT_EVIDENCE_BUDGET_NOT_RULED_OUT_BY_CONVERSE,True,,1,105307
PRIMARY,1,decisive,ACQUIRE_DECISION_RELEVANT_EVIDENCE_BUDGET_NOT_RULED_OUT_BY_CONVERSE,D1,,NO_IDENTIFYING_INFORMATION_CHANNEL,16.194352154182063,decisive,ACQUIRE_DECISION_RELEVANT_EVIDENCE_BUDGET_NOT_RULED_OUT_BY_CONVERSE,True,,1,105308
PRIMARY,1,decisive,ACQUIRE_DECISION_RELEVANT_EVIDENCE_BUDGET_NOT_RULED_OUT_BY_CONVERSE,D1,,NO_IDENTIFYING_INFORMATION_CHANNEL,18.16771137836639,decisive,ACQUIRE_DECISION_RELEVANT_EVIDENCE_BUDGET_NOT_RULED_OUT_BY_CONVERSE,True,,1,105309
PRIMARY,1,decisive,ACQUIRE_DECISION_RELEVANT_EVIDENCE_BUDGET_NOT_RULED_OUT_BY_CONVERSE,D1,,NO_IDENTIFYING_INFORMATION_CHANNEL,17.25257260787637,decisive,ACQUIRE_DECISION_RELEVANT_EVIDENCE_BUDGET_NOT_RULED_OUT_BY_CONVERSE,True,,1,105310
PRIMARY,1,decisive,ACQUIRE_DECISION_RELEVANT_EVIDENCE_BUDGET_NOT_RULED_OUT_BY_CONVERSE,D1,,NO_IDENTIFYING_INFORMATION_CHANNEL,16.020666941046347,decisive,ACQUIRE_DECISION_RELEVANT_EVIDENCE_BUDGET_NOT_RULED_OUT_BY_CONVERSE,True,,1,105311
PRIMARY,1,decisive,ACQUIRE_DECISION_RELEVANT_EVIDENCE_BUDGET_NOT_RULED_OUT_BY_CONVERSE,D1,,NO_IDENTIFYING_INFORMATION_CHANNEL,19.710234174337664,decisive,ACQUIRE_DECISION_RELEVANT_EVIDENCE_BUDGET_NOT_RULED_OUT_BY_CONVERSE,True,,1,105312
PRIMARY,1,decisive,ACQUIRE_DECISION_RELEVANT_EVIDENCE_BUDGET_NOT_RULED_OUT_BY_CONVERSE,D1,,NO_IDENTIFYING_INFORMATION_CHANNEL,20.40861674689169,decisive,ACQUIRE_DECISION_RELEVANT_EVIDENCE_BUDGET_NOT_RULED_OUT_BY_CONVERSE,True,,1,105313
PRIMARY,1,decisive,ACQUIRE_DECISION_RELEVANT_EVIDENCE_BUDGET_NOT_RULED_OUT_BY_CONVERSE,D1,,NO_IDENTIFYING_INFORMATION_CHANNEL,17.078044920738098,decisive,ACQUIRE_DECISION_RELEVANT_EVIDENCE_BUDGET_NOT_RULED_OUT_BY_CONVERSE,True,,1,105314
PRIMARY,1,decisive,ACQUIRE_DECISION_RELEVANT_EVIDENCE_BUDGET_NOT_RULED_OUT_BY_CONVERSE,D1,,NO_IDENTIFYING_INFORMATION_CHANNEL,15.56472798494217,decisive,ACQUIRE_DECISION_RELEVANT_EVIDENCE_BUDGET_NOT_RULED_OUT_BY_CONVERSE,True,,1,105315
PRIMARY,1,decisive,ACQUIRE_DECISION_RELEVANT_EVIDENCE_BUDGET_NOT_RULED_OUT_BY_CONVERSE,D1,,NO_IDENTIFYING_INFORMATION_CHANNEL,17.461525839715698,decisive,ACQUIRE_DECISION_RELEVANT_EVIDENCE_BUDGET_NOT_RULED_OUT_BY_CONVERSE,True,,1,105316
PRIMARY,1,decisive,ACQUIRE_DECISION_RELEVANT_EVIDENCE_BUDGET_NOT_RULED_OUT_BY_CONVERSE,D1,,NO_IDENTIFYING_INFORMATION_CHANNEL,16.211846136627862,decisive,ACQUIRE_DECISION_RELEVANT_EVIDENCE_BUDGET_NOT_RULED_OUT_BY_CONVERSE,True,,1,105317
PRIMARY,1,decisive,ACQUIRE_DECISION_RELEVANT_EVIDENCE_BUDGET_NOT_RULED_OUT_BY_CONVERSE,D1,,NO_IDENTIFYING_INFORMATION_CHANNEL,16.23823740589434,decisive,ACQUIRE_DECISION_RELEVANT_EVIDENCE_BUDGET_NOT_RULED_OUT_BY_CONVERSE,True,,1,105318
PRIMARY,1,decisive,ACQUIRE_DECISION_RELEVANT_EVIDENCE_BUDGET_NOT_RULED_OUT_BY_CONVERSE,D1,,NO_IDENTIFYING_INFORMATION_CHANNEL,18.473719994876177,decisive,ACQUIRE_DECISION_RELEVANT_EVIDENCE_BUDGET_NOT_RULED_OUT_BY_CONVERSE,True,,1,105319
PRIMARY,1,decisive,ACQUIRE_DECISION_RELEVANT_EVIDENCE_BUDGET_NOT_RULED_OUT_BY_CONVERSE,D1,,NO_IDENTIFYING_INFORMATION_CHANNEL,25.01842412538985,decisive,ACQUIRE_DECISION_RELEVANT_EVIDENCE_BUDGET_NOT_RULED_OUT_BY_CONVERSE,True,,1,105320
PRIMARY,1,decisive,ACQUIRE_DECISION_RELEVANT_EVIDENCE_BUDGET_NOT_RULED_OUT_BY_CONVERSE,D1,,NO_IDENTIFYING_INFORMATION_CHANNEL,21.86354261186967,decisive,ACQUIRE_DECISION_RELEVANT_EVIDENCE_BUDGET_NOT_RULED_OUT_BY_CONVERSE,True,,1,105321
PRIMARY,1,decisive,ACQUIRE_DECISION_RELEVANT_EVIDENCE_BUDGET_NOT_RULED_OUT_BY_CONVERSE,D1,,NO_IDENTIFYING_INFORMATION_CHANNEL,17.221805562846413,decisive,ACQUIRE_DECISION_RELEVANT_EVIDENCE_BUDGET_NOT_RULED_OUT_BY_CONVERSE,True,,1,105322
PRIMARY,1,decisive,ACQUIRE_DECISION_RELEVANT_EVIDENCE_BUDGET_NOT_RULED_OUT_BY_CONVERSE,D1,,NO_IDENTIFYING_INFORMATION_CHANNEL,20.5754039913375,decisive,ACQUIRE_DECISION_RELEVANT_EVIDENCE_BUDGET_NOT_RULED_OUT_BY_CONVERSE,True,,1,105323
PRIMARY,1,decisive,ACQUIRE_DECISION_RELEVANT_EVIDENCE_BUDGET_NOT_RULED_OUT_BY_CONVERSE,D1,,NO_IDENTIFYING_INFORMATION_CHANNEL,22.30564617350442,decisive,ACQUIRE_DECISION_RELEVANT_EVIDENCE_BUDGET_NOT_RULED_OUT_BY_CONVERSE,True,,1,105324
PRIMARY,1,decisive,ACQUIRE_DECISION_RELEVANT_EVIDENCE_BUDGET_NOT_RULED_OUT_BY_CONVERSE,D1,,NO_IDENTIFYING_INFORMATION_CHANNEL,24.22010671383754,decisive,ACQUIRE_DECISION_RELEVANT_EVIDENCE_BUDGET_NOT_RULED_OUT_BY_CONVERSE,True,,1,105325
PRIMARY,1,decisive,ACQUIRE_DECISION_RELEVANT_EVIDENCE_BUDGET_NOT_RULED_OUT_BY_CONVERSE,D1,,NO_IDENTIFYING_INFORMATION_CHANNEL,17.75956918972343,decisive,ACQUIRE_DECISION_RELEVANT_EVIDENCE_BUDGET_NOT_RULED_OUT_BY_CONVERSE,True,,1,105326
PRIMARY,1,decisive,ACQUIRE_DECISION_RELEVANT_EVIDENCE_BUDGET_NOT_RULED_OUT_BY_CONVERSE,D1,,NO_IDENTIFYING_INFORMATION_CHANNEL,22.509124652955247,decisive,ACQUIRE_DECISION_RELEVANT_EVIDENCE_BUDGET_NOT_RULED_OUT_BY_CONVERSE,True,,1,105327
PRIMARY,1,decisive,ACQUIRE_DECISION_RELEVANT_EVIDENCE_BUDGET_NOT_RULED_OUT_BY_CONVERSE,D1,,NO_IDENTIFYING_INFORMATION_CHANNEL,19.421301936819017,decisive,ACQUIRE_DECISION_RELEVANT_EVIDENCE_BUDGET_NOT_RULED_OUT_BY_CONVERSE,True,,1,105328
PRIMARY,1,q1,NO_DECISION_IDENTIFYING_INFORMATION_CHANNEL,D2,,,inf,q1,NO_DECISION_IDENTIFYING_INFORMATION_CHANNEL,True,,1,106201
PRIMARY,1,q1,NO_DECISION_IDENTIFYING_INFORMATION_CHANNEL,D2,,,inf,q1,NO_DECISION_IDENTIFYING_INFORMATION_CHANNEL,True,,1,106202
PRIMARY,1,q1,NO_DECISION_IDENTIFYING_INFORMATION_CHANNEL,D2,,,inf,q1,NO_DECISION_IDENTIFYING_INFORMATION_CHANNEL,True,,1,106203
PRIMARY,1,q1,NO_DECISION_IDENTIFYING_INFORMATION_CHANNEL,D2,,,inf,q1,NO_DECISION_IDENTIFYING_INFORMATION_CHANNEL,True,,1,106204
PRIMARY,1,q1,NO_DECISION_IDENTIFYING_INFORMATION_CHANNEL,D2,,,inf,q1,NO_DECISION_IDENTIFYING_INFORMATION_CHANNEL,True,,1,106205
PRIMARY,1,q1,NO_DECISION_IDENTIFYING_INFORMATION_CHANNEL,D2,,,inf,q1,NO_DECISION_IDENTIFYING_INFORMATION_CHANNEL,True,,1,106206
PRIMARY,1,q1,NO_DECISION_IDENTIFYING_INFORMATION_CHANNEL,D2,,,inf,q1,NO_DECISION_IDENTIFYING_INFORMATION_CHANNEL,True,,1,106207
PRIMARY,1,q1,NO_DECISION_IDENTIFYING_INFORMATION_CHANNEL,D2,,,inf,q1,NO_DECISION_IDENTIFYING_INFORMATION_CHANNEL,True,,1,106208
PRIMARY,1,q1,NO_DECISION_IDENTIFYING_INFORMATION_CHANNEL,D2,,,inf,q1,NO_DECISION_IDENTIFYING_INFORMATION_CHANNEL,True,,1,106209
PRIMARY,1,q1,NO_DECISION_IDENTIFYING_INFORMATION_CHANNEL,D2,,,inf,q1,NO_DECISION_IDENTIFYING_INFORMATION_CHANNEL,True,,1,106210
PRIMARY,1,q1,NO_DECISION_IDENTIFYING_INFORMATION_CHANNEL,D2,,,inf,q1,NO_DECISION_IDENTIFYING_INFORMATION_CHANNEL,True,,1,106211
PRIMARY,1,q1,NO_DECISION_IDENTIFYING_INFORMATION_CHANNEL,D2,,,inf,q1,NO_DECISION_IDENTIFYING_INFORMATION_CHANNEL,True,,1,106212
PRIMARY,1,q1,NO_DECISION_IDENTIFYING_INFORMATION_CHANNEL,D2,,,inf,q1,NO_DECISION_IDENTIFYING_INFORMATION_CHANNEL,True,,1,106213
PRIMARY,1,q1,NO_DECISION_IDENTIFYING_INFORMATION_CHANNEL,D2,,,inf,q1,NO_DECISION_IDENTIFYING_INFORMATION_CHANNEL,True,,1,106214
PRIMARY,1,q1,NO_DECISION_IDENTIFYING_INFORMATION_CHANNEL,D2,,,inf,q1,NO_DECISION_IDENTIFYING_INFORMATION_CHANNEL,True,,1,106215
PRIMARY,1,q1,NO_DECISION_IDENTIFYING_INFORMATION_CHANNEL,D2,,,inf,q1,NO_DECISION_IDENTIFYING_INFORMATION_CHANNEL,True,,1,106216
PRIMARY,1,q1,NO_DECISION_IDENTIFYING_INFORMATION_CHANNEL,D2,,,inf,q1,NO_DECISION_IDENTIFYING_INFORMATION_CHANNEL,True,,1,106217
PRIMARY,1,q1,NO_DECISION_IDENTIFYING_INFORMATION_CHANNEL,D2,,,inf,q1,NO_DECISION_IDENTIFYING_INFORMATION_CHANNEL,True,,1,106218
PRIMARY,1,q1,NO_DECISION_IDENTIFYING_INFORMATION_CHANNEL,D2,,,inf,q1,NO_DECISION_IDENTIFYING_INFORMATION_CHANNEL,True,,1,106219
PRIMARY,1,q1,NO_DECISION_IDENTIFYING_INFORMATION_CHANNEL,D2,,,inf,q1,NO_DECISION_IDENTIFYING_INFORMATION_CHANNEL,True,,1,106220
PRIMARY,1,q1,NO_DECISION_IDENTIFYING_INFORMATION_CHANNEL,D2,,,inf,q1,NO_DECISION_IDENTIFYING_INFORMATION_CHANNEL,True,,1,106221
PRIMARY,1,q1,NO_DECISION_IDENTIFYING_INFORMATION_CHANNEL,D2,,,inf,q1,NO_DECISION_IDENTIFYING_INFORMATION_CHANNEL,True,,1,106222
PRIMARY,1,q1,NO_DECISION_IDENTIFYING_INFORMATION_CHANNEL,D2,,,inf,q1,NO_DECISION_IDENTIFYING_INFORMATION_CHANNEL,True,,1,106223
PRIMARY,1,q1,NO_DECISION_IDENTIFYING_INFORMATION_CHANNEL,D2,,,inf,q1,NO_DECISION_IDENTIFYING_INFORMATION_CHANNEL,True,,1,106224
PRIMARY,1,q1,NO_DECISION_IDENTIFYING_INFORMATION_CHANNEL,D2,,,inf,q1,NO_DECISION_IDENTIFYING_INFORMATION_CHANNEL,True,,1,106225
PRIMARY,1,q1,NO_DECISION_IDENTIFYING_INFORMATION_CHANNEL,D2,,,inf,q1,NO_DECISION_IDENTIFYING_INFORMATION_CHANNEL,True,,1,106226
PRIMARY,1,q1,NO_DECISION_IDENTIFYING_INFORMATION_CHANNEL,D2,,,inf,q1,NO_DECISION_IDENTIFYING_INFORMATION_CHANNEL,True,,1,106227
PRIMARY,1,q1,NO_DECISION_IDENTIFYING_INFORMATION_CHANNEL,D2,,,inf,q1,NO_DECISION_IDENTIFYING_INFORMATION_CHANNEL,True,,1,106228
PRIMARY,1,q1,NO_DECISION_IDENTIFYING_INFORMATION_CHANNEL,D2,,,inf,q1,NO_DECISION_IDENTIFYING_INFORMATION_CHANNEL,True,,1,106229
PRIMARY,1,q1,NO_DECISION_IDENTIFYING_INFORMATION_CHANNEL,D2,,,inf,q1,NO_DECISION_IDENTIFYING_INFORMATION_CHANNEL,True,,1,106230
PRIMARY,1,q1,NO_DECISION_IDENTIFYING_INFORMATION_CHANNEL,D2,,,inf,q1,NO_DECISION_IDENTIFYING_INFORMATION_CHANNEL,True,,1,106231
PRIMARY,1,q1,NO_DECISION_IDENTIFYING_INFORMATION_CHANNEL,D2,,,inf,q1,NO_DECISION_IDENTIFYING_INFORMATION_CHANNEL,True,,1,106232
PRIMARY,1,q1,NO_DECISION_IDENTIFYING_INFORMATION_CHANNEL,D2,,,inf,q1,NO_DECISION_IDENTIFYING_INFORMATION_CHANNEL,True,,1,106233
PRIMARY,1,q1,NO_DECISION_IDENTIFYING_INFORMATION_CHANNEL,D2,,,inf,q1,NO_DECISION_IDENTIFYING_INFORMATION_CHANNEL,True,,1,106234
PRIMARY,1,q1,NO_DECISION_IDENTIFYING_INFORMATION_CHANNEL,D2,,,inf,q1,NO_DECISION_IDENTIFYING_INFORMATION_CHANNEL,True,,1,106235
PRIMARY,1,q1,NO_DECISION_IDENTIFYING_INFORMATION_CHANNEL,D2,,,inf,q1,NO_DECISION_IDENTIFYING_INFORMATION_CHANNEL,True,,1,106236
PRIMARY,1,q1,NO_DECISION_IDENTIFYING_INFORMATION_CHANNEL,D2,,,inf,q1,NO_DECISION_IDENTIFYING_INFORMATION_CHANNEL,True,,1,106237
PRIMARY,1,q1,NO_DECISION_IDENTIFYING_INFORMATION_CHANNEL,D2,,,inf,q1,NO_DECISION_IDENTIFYING_INFORMATION_CHANNEL,True,,1,106238
PRIMARY,1,q1,NO_DECISION_IDENTIFYING_INFORMATION_CHANNEL,D2,,,inf,q1,NO_DECISION_IDENTIFYING_INFORMATION_CHANNEL,True,,1,106239
PRIMARY,1,q1,NO_DECISION_IDENTIFYING_INFORMATION_CHANNEL,D2,,,inf,q1,NO_DECISION_IDENTIFYING_INFORMATION_CHANNEL,True,,1,106240
PRIMARY,1,q1,NO_DECISION_IDENTIFYING_INFORMATION_CHANNEL,D2,,,inf,q1,NO_DECISION_IDENTIFYING_INFORMATION_CHANNEL,True,,1,106241
PRIMARY,1,q1,NO_DECISION_IDENTIFYING_INFORMATION_CHANNEL,D2,,,inf,q1,NO_DECISION_IDENTIFYING_INFORMATION_CHANNEL,True,,1,106242
PRIMARY,1,q1,NO_DECISION_IDENTIFYING_INFORMATION_CHANNEL,D2,,,inf,q1,NO_DECISION_IDENTIFYING_INFORMATION_CHANNEL,True,,1,106243
PRIMARY,1,q1,NO_DECISION_IDENTIFYING_INFORMATION_CHANNEL,D2,,,inf,q1,NO_DECISION_IDENTIFYING_INFORMATION_CHANNEL,True,,1,106244
PRIMARY,1,q1,NO_DECISION_IDENTIFYING_INFORMATION_CHANNEL,D2,,,inf,q1,NO_DECISION_IDENTIFYING_INFORMATION_CHANNEL,True,,1,106245
PRIMARY,1,q1,NO_DECISION_IDENTIFYING_INFORMATION_CHANNEL,D2,,,inf,q1,NO_DECISION_IDENTIFYING_INFORMATION_CHANNEL,True,,1,106246
PRIMARY,1,q1,NO_DECISION_IDENTIFYING_INFORMATION_CHANNEL,D2,,,inf,q1,NO_DECISION_IDENTIFYING_INFORMATION_CHANNEL,True,,1,106247
PRIMARY,1,q1,NO_DECISION_IDENTIFYING_INFORMATION_CHANNEL,D2,,,inf,q1,NO_DECISION_IDENTIFYING_INFORMATION_CHANNEL,True,,1,106248
PRIMARY,1,q1,NO_DECISION_IDENTIFYING_INFORMATION_CHANNEL,D2,,,inf,q1,NO_DECISION_IDENTIFYING_INFORMATION_CHANNEL,True,,1,106249
PRIMARY,1,q1,NO_DECISION_IDENTIFYING_INFORMATION_CHANNEL,D2,,,inf,q1,NO_DECISION_IDENTIFYING_INFORMATION_CHANNEL,True,,1,106250
PRIMARY,1,q1,NO_DECISION_IDENTIFYING_INFORMATION_CHANNEL,D2,,,inf,q1,NO_DECISION_IDENTIFYING_INFORMATION_CHANNEL,True,,1,106251
PRIMARY,1,q1,NO_DECISION_IDENTIFYING_INFORMATION_CHANNEL,D2,,,inf,q1,NO_DECISION_IDENTIFYING_INFORMATION_CHANNEL,True,,1,106252
PRIMARY,1,q1,NO_DECISION_IDENTIFYING_INFORMATION_CHANNEL,D2,,,inf,q1,NO_DECISION_IDENTIFYING_INFORMATION_CHANNEL,True,,1,106253
PRIMARY,1,q1,NO_DECISION_IDENTIFYING_INFORMATION_CHANNEL,D2,,,inf,q1,NO_DECISION_IDENTIFYING_INFORMATION_CHANNEL,True,,1,106254
PRIMARY,1,q1,NO_DECISION_IDENTIFYING_INFORMATION_CHANNEL,D2,,,inf,q1,NO_DECISION_IDENTIFYING_INFORMATION_CHANNEL,True,,1,106255
PRIMARY,1,q1,NO_DECISION_IDENTIFYING_INFORMATION_CHANNEL,D2,,,inf,q1,NO_DECISION_IDENTIFYING_INFORMATION_CHANNEL,True,,1,106256
PRIMARY,1,q1,NO_DECISION_IDENTIFYING_INFORMATION_CHANNEL,D2,,,inf,q1,NO_DECISION_IDENTIFYING_INFORMATION_CHANNEL,True,,1,106257
PRIMARY,1,q1,NO_DECISION_IDENTIFYING_INFORMATION_CHANNEL,D2,,,inf,q1,NO_DECISION_IDENTIFYING_INFORMATION_CHANNEL,True,,1,106258
PRIMARY,1,q1,NO_DECISION_IDENTIFYING_INFORMATION_CHANNEL,D2,,,inf,q1,NO_DECISION_IDENTIFYING_INFORMATION_CHANNEL,True,,1,106259
PRIMARY,1,q1,NO_DECISION_IDENTIFYING_INFORMATION_CHANNEL,D2,,,inf,q1,NO_DECISION_IDENTIFYING_INFORMATION_CHANNEL,True,,1,106260
PRIMARY,1,q1,NO_DECISION_IDENTIFYING_INFORMATION_CHANNEL,D2,,,inf,q1,NO_DECISION_IDENTIFYING_INFORMATION_CHANNEL,True,,1,106261
PRIMARY,1,q1,NO_DECISION_IDENTIFYING_INFORMATION_CHANNEL,D2,,,inf,q1,NO_DECISION_IDENTIFYING_INFORMATION_CHANNEL,True,,1,106262
PRIMARY,1,q1,NO_DECISION_IDENTIFYING_INFORMATION_CHANNEL,D2,,,inf,q1,NO_DECISION_IDENTIFYING_INFORMATION_CHANNEL,True,,1,106263
PRIMARY,1,q1,NO_DECISION_IDENTIFYING_INFORMATION_CHANNEL,D2,,,inf,q1,NO_DECISION_IDENTIFYING_INFORMATION_CHANNEL,True,,1,106264
PRIMARY,1,q1,NO_DECISION_IDENTIFYING_INFORMATION_CHANNEL,D2,,,inf,q1,NO_DECISION_IDENTIFYING_INFORMATION_CHANNEL,True,,1,106265
PRIMARY,1,q1,NO_DECISION_IDENTIFYING_INFORMATION_CHANNEL,D2,,,inf,q1,NO_DECISION_IDENTIFYING_INFORMATION_CHANNEL,True,,1,106266
PRIMARY,1,q1,NO_DECISION_IDENTIFYING_INFORMATION_CHANNEL,D2,,,inf,q1,NO_DECISION_IDENTIFYING_INFORMATION_CHANNEL,True,,1,106267
PRIMARY,1,q1,NO_DECISION_IDENTIFYING_INFORMATION_CHANNEL,D2,,,inf,q1,NO_DECISION_IDENTIFYING_INFORMATION_CHANNEL,True,,1,106268
PRIMARY,1,q1,NO_DECISION_IDENTIFYING_INFORMATION_CHANNEL,D2,,,inf,q1,NO_DECISION_IDENTIFYING_INFORMATION_CHANNEL,True,,1,106269
PRIMARY,1,q1,NO_DECISION_IDENTIFYING_INFORMATION_CHANNEL,D2,,,inf,q1,NO_DECISION_IDENTIFYING_INFORMATION_CHANNEL,True,,1,106270
PRIMARY,1,q1,NO_DECISION_IDENTIFYING_INFORMATION_CHANNEL,D2,,,inf,q1,NO_DECISION_IDENTIFYING_INFORMATION_CHANNEL,True,,1,106271
PRIMARY,1,q1,NO_DECISION_IDENTIFYING_INFORMATION_CHANNEL,D2,,,inf,q1,NO_DECISION_IDENTIFYING_INFORMATION_CHANNEL,True,,1,106272
PRIMARY,1,q1,NO_DECISION_IDENTIFYING_INFORMATION_CHANNEL,D2,,,inf,q1,NO_DECISION_IDENTIFYING_INFORMATION_CHANNEL,True,,1,106273
PRIMARY,1,q1,NO_DECISION_IDENTIFYING_INFORMATION_CHANNEL,D2,,,inf,q1,NO_DECISION_IDENTIFYING_INFORMATION_CHANNEL,True,,1,106274
PRIMARY,1,q1,NO_DECISION_IDENTIFYING_INFORMATION_CHANNEL,D2,,,inf,q1,NO_DECISION_IDENTIFYING_INFORMATION_CHANNEL,True,,1,106275
PRIMARY,1,q1,NO_DECISION_IDENTIFYING_INFORMATION_CHANNEL,D2,,,inf,q1,NO_DECISION_IDENTIFYING_INFORMATION_CHANNEL,True,,1,106276
PRIMARY,1,q1,NO_DECISION_IDENTIFYING_INFORMATION_CHANNEL,D2,,,inf,q1,NO_DECISION_IDENTIFYING_INFORMATION_CHANNEL,True,,1,106277
PRIMARY,1,q1,NO_DECISION_IDENTIFYING_INFORMATION_CHANNEL,D2,,,inf,q1,NO_DECISION_IDENTIFYING_INFORMATION_CHANNEL,True,,1,106278
PRIMARY,1,q1,NO_DECISION_IDENTIFYING_INFORMATION_CHANNEL,D2,,,inf,q1,NO_DECISION_IDENTIFYING_INFORMATION_CHANNEL,True,,1,106279
PRIMARY,1,q1,NO_DECISION_IDENTIFYING_INFORMATION_CHANNEL,D2,,,inf,q1,NO_DECISION_IDENTIFYING_INFORMATION_CHANNEL,True,,1,106280
PRIMARY,1,q1,NO_DECISION_IDENTIFYING_INFORMATION_CHANNEL,D2,,,inf,q1,NO_DECISION_IDENTIFYING_INFORMATION_CHANNEL,True,,1,106281
PRIMARY,1,q1,NO_DECISION_IDENTIFYING_INFORMATION_CHANNEL,D2,,,inf,q1,NO_DECISION_IDENTIFYING_INFORMATION_CHANNEL,True,,1,106282
PRIMARY,1,q1,NO_DECISION_IDENTIFYING_INFORMATION_CHANNEL,D2,,,inf,q1,NO_DECISION_IDENTIFYING_INFORMATION_CHANNEL,True,,1,106283
PRIMARY,1,q1,NO_DECISION_IDENTIFYING_INFORMATION_CHANNEL,D2,,,inf,q1,NO_DECISION_IDENTIFYING_INFORMATION_CHANNEL,True,,1,106284
PRIMARY,1,q1,NO_DECISION_IDENTIFYING_INFORMATION_CHANNEL,D2,,,inf,q1,NO_DECISION_IDENTIFYING_INFORMATION_CHANNEL,True,,1,106285
PRIMARY,1,q1,NO_DECISION_IDENTIFYING_INFORMATION_CHANNEL,D2,,,inf,q1,NO_DECISION_IDENTIFYING_INFORMATION_CHANNEL,True,,1,106286
PRIMARY,1,q1,NO_DECISION_IDENTIFYING_INFORMATION_CHANNEL,D2,,,inf,q1,NO_DECISION_IDENTIFYING_INFORMATION_CHANNEL,True,,1,106287
PRIMARY,1,q1,NO_DECISION_IDENTIFYING_INFORMATION_CHANNEL,D2,,,inf,q1,NO_DECISION_IDENTIFYING_INFORMATION_CHANNEL,True,,1,106288
PRIMARY,1,q1,NO_DECISION_IDENTIFYING_INFORMATION_CHANNEL,D2,,,inf,q1,NO_DECISION_IDENTIFYING_INFORMATION_CHANNEL,True,,1,106289
PRIMARY,1,q1,NO_DECISION_IDENTIFYING_INFORMATION_CHANNEL,D2,,,inf,q1,NO_DECISION_IDENTIFYING_INFORMATION_CHANNEL,True,,1,106290
PRIMARY,1,q1,NO_DECISION_IDENTIFYING_INFORMATION_CHANNEL,D2,,,inf,q1,NO_DECISION_IDENTIFYING_INFORMATION_CHANNEL,True,,1,106291
PRIMARY,1,q1,NO_DECISION_IDENTIFYING_INFORMATION_CHANNEL,D2,,,inf,q1,NO_DECISION_IDENTIFYING_INFORMATION_CHANNEL,True,,1,106292
PRIMARY,1,q1,NO_DECISION_IDENTIFYING_INFORMATION_CHANNEL,D2,,,inf,q1,NO_DECISION_IDENTIFYING_INFORMATION_CHANNEL,True,,1,106293
PRIMARY,1,q1,NO_DECISION_IDENTIFYING_INFORMATION_CHANNEL,D2,,,inf,q1,NO_DECISION_IDENTIFYING_INFORMATION_CHANNEL,True,,1,106294
PRIMARY,1,q1,NO_DECISION_IDENTIFYING_INFORMATION_CHANNEL,D2,,,inf,q1,NO_DECISION_IDENTIFYING_INFORMATION_CHANNEL,True,,1,106295
PRIMARY,1,q1,NO_DECISION_IDENTIFYING_INFORMATION_CHANNEL,D2,,,inf,q1,NO_DECISION_IDENTIFYING_INFORMATION_CHANNEL,True,,1,106296
PRIMARY,1,q1,NO_DECISION_IDENTIFYING_INFORMATION_CHANNEL,D2,,,inf,q1,NO_DECISION_IDENTIFYING_INFORMATION_CHANNEL,True,,1,106297
PRIMARY,1,q1,NO_DECISION_IDENTIFYING_INFORMATION_CHANNEL,D2,,,inf,q1,NO_DECISION_IDENTIFYING_INFORMATION_CHANNEL,True,,1,106298
PRIMARY,1,q1,NO_DECISION_IDENTIFYING_INFORMATION_CHANNEL,D2,,,inf,q1,NO_DECISION_IDENTIFYING_INFORMATION_CHANNEL,True,,1,106299
PRIMARY,1,q1,NO_DECISION_IDENTIFYING_INFORMATION_CHANNEL,D2,,,inf,q1,NO_DECISION_IDENTIFYING_INFORMATION_CHANNEL,True,,1,106300
PRIMARY,1,q1,NO_DECISION_IDENTIFYING_INFORMATION_CHANNEL,D2,,,inf,q1,NO_DECISION_IDENTIFYING_INFORMATION_CHANNEL,True,,1,106301
PRIMARY,1,q1,NO_DECISION_IDENTIFYING_INFORMATION_CHANNEL,D2,,,inf,q1,NO_DECISION_IDENTIFYING_INFORMATION_CHANNEL,True,,1,106302
PRIMARY,1,q1,NO_DECISION_IDENTIFYING_INFORMATION_CHANNEL,D2,,,inf,q1,NO_DECISION_IDENTIFYING_INFORMATION_CHANNEL,True,,1,106303
PRIMARY,1,q1,NO_DECISION_IDENTIFYING_INFORMATION_CHANNEL,D2,,,inf,q1,NO_DECISION_IDENTIFYING_INFORMATION_CHANNEL,True,,1,106304
PRIMARY,1,q1,NO_DECISION_IDENTIFYING_INFORMATION_CHANNEL,D2,,,inf,q1,NO_DECISION_IDENTIFYING_INFORMATION_CHANNEL,True,,1,106305
PRIMARY,1,q1,NO_DECISION_IDENTIFYING_INFORMATION_CHANNEL,D2,,,inf,q1,NO_DECISION_IDENTIFYING_INFORMATION_CHANNEL,True,,1,106306
PRIMARY,1,q1,NO_DECISION_IDENTIFYING_INFORMATION_CHANNEL,D2,,,inf,q1,NO_DECISION_IDENTIFYING_INFORMATION_CHANNEL,True,,1,106307
PRIMARY,1,q1,NO_DECISION_IDENTIFYING_INFORMATION_CHANNEL,D2,,,inf,q1,NO_DECISION_IDENTIFYING_INFORMATION_CHANNEL,True,,1,106308
PRIMARY,1,q1,NO_DECISION_IDENTIFYING_INFORMATION_CHANNEL,D2,,,inf,q1,NO_DECISION_IDENTIFYING_INFORMATION_CHANNEL,True,,1,106309
PRIMARY,1,q1,NO_DECISION_IDENTIFYING_INFORMATION_CHANNEL,D2,,,inf,q1,NO_DECISION_IDENTIFYING_INFORMATION_CHANNEL,True,,1,106310
PRIMARY,1,q1,NO_DECISION_IDENTIFYING_INFORMATION_CHANNEL,D2,,,inf,q1,NO_DECISION_IDENTIFYING_INFORMATION_CHANNEL,True,,1,106311
PRIMARY,1,q1,NO_DECISION_IDENTIFYING_INFORMATION_CHANNEL,D2,,,inf,q1,NO_DECISION_IDENTIFYING_INFORMATION_CHANNEL,True,,1,106312
PRIMARY,1,q1,NO_DECISION_IDENTIFYING_INFORMATION_CHANNEL,D2,,,inf,q1,NO_DECISION_IDENTIFYING_INFORMATION_CHANNEL,True,,1,106313
PRIMARY,1,q1,NO_DECISION_IDENTIFYING_INFORMATION_CHANNEL,D2,,,inf,q1,NO_DECISION_IDENTIFYING_INFORMATION_CHANNEL,True,,1,106314
PRIMARY,1,q1,NO_DECISION_IDENTIFYING_INFORMATION_CHANNEL,D2,,,inf,q1,NO_DECISION_IDENTIFYING_INFORMATION_CHANNEL,True,,1,106315
PRIMARY,1,q1,NO_DECISION_IDENTIFYING_INFORMATION_CHANNEL,D2,,,inf,q1,NO_DECISION_IDENTIFYING_INFORMATION_CHANNEL,True,,1,106316
PRIMARY,1,q1,NO_DECISION_IDENTIFYING_INFORMATION_CHANNEL,D2,,,inf,q1,NO_DECISION_IDENTIFYING_INFORMATION_CHANNEL,True,,1,106317
PRIMARY,1,q1,NO_DECISION_IDENTIFYING_INFORMATION_CHANNEL,D2,,,inf,q1,NO_DECISION_IDENTIFYING_INFORMATION_CHANNEL,True,,1,106318
PRIMARY,1,q1,NO_DECISION_IDENTIFYING_INFORMATION_CHANNEL,D2,,,inf,q1,NO_DECISION_IDENTIFYING_INFORMATION_CHANNEL,True,,1,106319
PRIMARY,1,q1,NO_DECISION_IDENTIFYING_INFORMATION_CHANNEL,D2,,,inf,q1,NO_DECISION_IDENTIFYING_INFORMATION_CHANNEL,True,,1,106320
PRIMARY,1,q1,NO_DECISION_IDENTIFYING_INFORMATION_CHANNEL,D2,,,inf,q1,NO_DECISION_IDENTIFYING_INFORMATION_CHANNEL,True,,1,106321
PRIMARY,1,q1,NO_DECISION_IDENTIFYING_INFORMATION_CHANNEL,D2,,,inf,q1,NO_DECISION_IDENTIFYING_INFORMATION_CHANNEL,True,,1,106322
PRIMARY,1,q1,NO_DECISION_IDENTIFYING_INFORMATION_CHANNEL,D2,,,inf,q1,NO_DECISION_IDENTIFYING_INFORMATION_CHANNEL,True,,1,106323
PRIMARY,1,q1,NO_DECISION_IDENTIFYING_INFORMATION_CHANNEL,D2,,,inf,q1,NO_DECISION_IDENTIFYING_INFORMATION_CHANNEL,True,,1,106324
PRIMARY,1,q1,NO_DECISION_IDENTIFYING_INFORMATION_CHANNEL,D2,,,inf,q1,NO_DECISION_IDENTIFYING_INFORMATION_CHANNEL,True,,1,106325
PRIMARY,1,q1,NO_DECISION_IDENTIFYING_INFORMATION_CHANNEL,D2,,,inf,q1,NO_DECISION_IDENTIFYING_INFORMATION_CHANNEL,True,,1,106326
PRIMARY,1,q1,NO_DECISION_IDENTIFYING_INFORMATION_CHANNEL,D2,,,inf,q1,NO_DECISION_IDENTIFYING_INFORMATION_CHANNEL,True,,1,106327
PRIMARY,1,q1,NO_DECISION_IDENTIFYING_INFORMATION_CHANNEL,D2,,,inf,q1,NO_DECISION_IDENTIFYING_INFORMATION_CHANNEL,True,,1,106328
PRIMARY,1,q1,ACQUIRE_DECISION_RELEVANT_EVIDENCE_BUDGET_NOT_RULED_OUT_BY_CONVERSE,D3,,,40.07727799538937,q1,ACQUIRE_DECISION_RELEVANT_EVIDENCE_BUDGET_NOT_RULED_OUT_BY_CONVERSE,True,,0,107201
PRIMARY,1,q1,ACQUIRE_DECISION_RELEVANT_EVIDENCE_BUDGET_NOT_RULED_OUT_BY_CONVERSE,D3,,,37.61823524262804,q1,ACQUIRE_DECISION_RELEVANT_EVIDENCE_BUDGET_NOT_RULED_OUT_BY_CONVERSE,True,,0,107202
PRIMARY,1,q1,ACQUIRE_DECISION_RELEVANT_EVIDENCE_BUDGET_NOT_RULED_OUT_BY_CONVERSE,D3,,,38.95484286384162,q1,ACQUIRE_DECISION_RELEVANT_EVIDENCE_BUDGET_NOT_RULED_OUT_BY_CONVERSE,True,,0,107203
PRIMARY,1,q1,ACQUIRE_DECISION_RELEVANT_EVIDENCE_BUDGET_NOT_RULED_OUT_BY_CONVERSE,D3,,,46.942488987143584,q1,ACQUIRE_DECISION_RELEVANT_EVIDENCE_BUDGET_NOT_RULED_OUT_BY_CONVERSE,True,,0,107204
PRIMARY,1,q1,ACQUIRE_DECISION_RELEVANT_EVIDENCE_BUDGET_NOT_RULED_OUT_BY_CONVERSE,D3,,,33.71387771361688,q1,ACQUIRE_DECISION_RELEVANT_EVIDENCE_BUDGET_NOT_RULED_OUT_BY_CONVERSE,True,,0,107205
PRIMARY,1,q1,ACQUIRE_DECISION_RELEVANT_EVIDENCE_BUDGET_NOT_RULED_OUT_BY_CONVERSE,D3,,,43.146260820049605,q1,ACQUIRE_DECISION_RELEVANT_EVIDENCE_BUDGET_NOT_RULED_OUT_BY_CONVERSE,True,,0,107206
PRIMARY,1,q1,ACQUIRE_DECISION_RELEVANT_EVIDENCE_BUDGET_NOT_RULED_OUT_BY_CONVERSE,D3,,,47.4005863076591,q1,ACQUIRE_DECISION_RELEVANT_EVIDENCE_BUDGET_NOT_RULED_OUT_BY_CONVERSE,True,,0,107207
PRIMARY,1,q1,ACQUIRE_DECISION_RELEVANT_EVIDENCE_BUDGET_NOT_RULED_OUT_BY_CONVERSE,D3,,,40.188122320835994,q1,ACQUIRE_DECISION_RELEVANT_EVIDENCE_BUDGET_NOT_RULED_OUT_BY_CONVERSE,True,,0,107208
PRIMARY,1,q1,ACQUIRE_DECISION_RELEVANT_EVIDENCE_BUDGET_NOT_RULED_OUT_BY_CONVERSE,D3,,,44.56890086125661,q1,ACQUIRE_DECISION_RELEVANT_EVIDENCE_BUDGET_NOT_RULED_OUT_BY_CONVERSE,True,,0,107209
PRIMARY,1,q1,ACQUIRE_DECISION_RELEVANT_EVIDENCE_BUDGET_NOT_RULED_OUT_BY_CONVERSE,D3,,,29.260611825732237,q1,ACQUIRE_DECISION_RELEVANT_EVIDENCE_BUDGET_NOT_RULED_OUT_BY_CONVERSE,True,,0,107210
PRIMARY,1,q2,ACQUIRE_DECISION_RELEVANT_EVIDENCE_BUDGET_NOT_RULED_OUT_BY_CONVERSE,D3,,,42.285289635435504,q2,ACQUIRE_DECISION_RELEVANT_EVIDENCE_BUDGET_NOT_RULED_OUT_BY_CONVERSE,True,,0,107211
PRIMARY,1,q1,ACQUIRE_DECISION_RELEVANT_EVIDENCE_BUDGET_NOT_RULED_OUT_BY_CONVERSE,D3,,,31.805228695921627,q1,ACQUIRE_DECISION_RELEVANT_EVIDENCE_BUDGET_NOT_RULED_OUT_BY_CONVERSE,True,,0,107212
PRIMARY,1,q1,ACQUIRE_DECISION_RELEVANT_EVIDENCE_BUDGET_NOT_RULED_OUT_BY_CONVERSE,D3,,,32.94610185898647,q1,ACQUIRE_DECISION_RELEVANT_EVIDENCE_BUDGET_NOT_RULED_OUT_BY_CONVERSE,True,,0,107213
PRIMARY,1,q1,ACQUIRE_DECISION_RELEVANT_EVIDENCE_BUDGET_NOT_RULED_OUT_BY_CONVERSE,D3,,,26.959936747829055,q1,ACQUIRE_DECISION_RELEVANT_EVIDENCE_BUDGET_NOT_RULED_OUT_BY_CONVERSE,True,,0,107214
PRIMARY,1,q1,ACQUIRE_DECISION_RELEVANT_EVIDENCE_BUDGET_NOT_RULED_OUT_BY_CONVERSE,D3,,,42.28154354860785,q1,ACQUIRE_DECISION_RELEVANT_EVIDENCE_BUDGET_NOT_RULED_OUT_BY_CONVERSE,True,,0,107215
PRIMARY,1,q1,ACQUIRE_DECISION_RELEVANT_EVIDENCE_BUDGET_NOT_RULED_OUT_BY_CONVERSE,D3,,,25.173614636513992,q1,ACQUIRE_DECISION_RELEVANT_EVIDENCE_BUDGET_NOT_RULED_OUT_BY_CONVERSE,True,,0,107216
PRIMARY,1,q1,ACQUIRE_DECISION_RELEVANT_EVIDENCE_BUDGET_NOT_RULED_OUT_BY_CONVERSE,D3,,,37.66801137998216,q1,ACQUIRE_DECISION_RELEVANT_EVIDENCE_BUDGET_NOT_RULED_OUT_BY_CONVERSE,True,,0,107217
PRIMARY,1,q1,ACQUIRE_DECISION_RELEVANT_EVIDENCE_BUDGET_NOT_RULED_OUT_BY_CONVERSE,D3,,,30.5288267427438,q1,ACQUIRE_DECISION_RELEVANT_EVIDENCE_BUDGET_NOT_RULED_OUT_BY_CONVERSE,True,,0,107218
PRIMARY,1,q2,ACQUIRE_DECISION_RELEVANT_EVIDENCE_BUDGET_NOT_RULED_OUT_BY_CONVERSE,D3,,,47.96683002635543,q2,ACQUIRE_DECISION_RELEVANT_EVIDENCE_BUDGET_NOT_RULED_OUT_BY_CONVERSE,True,,0,107219
PRIMARY,1,q1,ACQUIRE_DECISION_RELEVANT_EVIDENCE_BUDGET_NOT_RULED_OUT_BY_CONVERSE,D3,,,32.74257203331281,q1,ACQUIRE_DECISION_RELEVANT_EVIDENCE_BUDGET_NOT_RULED_OUT_BY_CONVERSE,True,,0,107220
PRIMARY,1,q2,ACQUIRE_DECISION_RELEVANT_EVIDENCE_BUDGET_NOT_RULED_OUT_BY_CONVERSE,D3,,,37.44776632024732,q2,ACQUIRE_DECISION_RELEVANT_EVIDENCE_BUDGET_NOT_RULED_OUT_BY_CONVERSE,True,,0,107221
PRIMARY,1,q1,ACQUIRE_DECISION_RELEVANT_EVIDENCE_BUDGET_NOT_RULED_OUT_BY_CONVERSE,D3,,,46.96037064221967,q1,ACQUIRE_DECISION_RELEVANT_EVIDENCE_BUDGET_NOT_RULED_OUT_BY_CONVERSE,True,,0,107222
PRIMARY,1,q1,ACQUIRE_DECISION_RELEVANT_EVIDENCE_BUDGET_NOT_RULED_OUT_BY_CONVERSE,D3,,,41.88765914619751,q1,ACQUIRE_DECISION_RELEVANT_EVIDENCE_BUDGET_NOT_RULED_OUT_BY_CONVERSE,True,,0,107223
PRIMARY,1,q2,ACQUIRE_DECISION_RELEVANT_EVIDENCE_BUDGET_NOT_RULED_OUT_BY_CONVERSE,D3,,,48.648010614273595,q2,ACQUIRE_DECISION_RELEVANT_EVIDENCE_BUDGET_NOT_RULED_OUT_BY_CONVERSE,True,,0,107224
PRIMARY,1,q2,ACQUIRE_DECISION_RELEVANT_EVIDENCE_BUDGET_NOT_RULED_OUT_BY_CONVERSE,D3,,,56.42423887287197,q2,ACQUIRE_DECISION_RELEVANT_EVIDENCE_BUDGET_NOT_RULED_OUT_BY_CONVERSE,True,,0,107225
PRIMARY,1,q1,ACQUIRE_DECISION_RELEVANT_EVIDENCE_BUDGET_NOT_RULED_OUT_BY_CONVERSE,D3,,,32.689959315593676,q1,ACQUIRE_DECISION_RELEVANT_EVIDENCE_BUDGET_NOT_RULED_OUT_BY_CONVERSE,True,,0,107226
PRIMARY,1,q1,ACQUIRE_DECISION_RELEVANT_EVIDENCE_BUDGET_NOT_RULED_OUT_BY_CONVERSE,D3,,,26.880400557420018,q1,ACQUIRE_DECISION_RELEVANT_EVIDENCE_BUDGET_NOT_RULED_OUT_BY_CONVERSE,True,,0,107227
PRIMARY,1,q1,ACQUIRE_DECISION_RELEVANT_EVIDENCE_BUDGET_NOT_RULED_OUT_BY_CONVERSE,D3,,,37.21927981930405,q1,ACQUIRE_DECISION_RELEVANT_EVIDENCE_BUDGET_NOT_RULED_OUT_BY_CONVERSE,True,,0,107228
PRIMARY,1,q1,ACQUIRE_DECISION_RELEVANT_EVIDENCE_BUDGET_NOT_RULED_OUT_BY_CONVERSE,D3,,,42.883548103439274,q1,ACQUIRE_DECISION_RELEVANT_EVIDENCE_BUDGET_NOT_RULED_OUT_BY_CONVERSE,True,,0,107229
PRIMARY,1,q1,ACQUIRE_DECISION_RELEVANT_EVIDENCE_BUDGET_NOT_RULED_OUT_BY_CONVERSE,D3,,,34.31850849153462,q1,ACQUIRE_DECISION_RELEVANT_EVIDENCE_BUDGET_NOT_RULED_OUT_BY_CONVERSE,True,,0,107230
PRIMARY,1,q2,ACQUIRE_DECISION_RELEVANT_EVIDENCE_BUDGET_NOT_RULED_OUT_BY_CONVERSE,D3,,,39.71285377427068,q2,ACQUIRE_DECISION_RELEVANT_EVIDENCE_BUDGET_NOT_RULED_OUT_BY_CONVERSE,True,,0,107231
PRIMARY,1,q1,ACQUIRE_DECISION_RELEVANT_EVIDENCE_BUDGET_NOT_RULED_OUT_BY_CONVERSE,D3,,,41.19388385706202,q1,ACQUIRE_DECISION_RELEVANT_EVIDENCE_BUDGET_NOT_RULED_OUT_BY_CONVERSE,True,,0,107232
PRIMARY,1,q1,ACQUIRE_DECISION_RELEVANT_EVIDENCE_BUDGET_NOT_RULED_OUT_BY_CONVERSE,D3,,,43.14983333655166,q1,ACQUIRE_DECISION_RELEVANT_EVIDENCE_BUDGET_NOT_RULED_OUT_BY_CONVERSE,True,,0,107233
PRIMARY,1,q1,ACQUIRE_DECISION_RELEVANT_EVIDENCE_BUDGET_NOT_RULED_OUT_BY_CONVERSE,D3,,,29.550279539620057,q1,ACQUIRE_DECISION_RELEVANT_EVIDENCE_BUDGET_NOT_RULED_OUT_BY_CONVERSE,True,,0,107234
PRIMARY,1,q1,ACQUIRE_DECISION_RELEVANT_EVIDENCE_BUDGET_NOT_RULED_OUT_BY_CONVERSE,D3,,,41.63616033481119,q1,ACQUIRE_DECISION_RELEVANT_EVIDENCE_BUDGET_NOT_RULED_OUT_BY_CONVERSE,True,,0,107235
PRIMARY,1,q1,ACQUIRE_DECISION_RELEVANT_EVIDENCE_BUDGET_NOT_RULED_OUT_BY_CONVERSE,D3,,,32.98960095446478,q1,ACQUIRE_DECISION_RELEVANT_EVIDENCE_BUDGET_NOT_RULED_OUT_BY_CONVERSE,True,,0,107236
PRIMARY,1,q1,ACQUIRE_DECISION_RELEVANT_EVIDENCE_BUDGET_NOT_RULED_OUT_BY_CONVERSE,D3,,,38.910827377343246,q1,ACQUIRE_DECISION_RELEVANT_EVIDENCE_BUDGET_NOT_RULED_OUT_BY_CONVERSE,True,,0,107237
PRIMARY,1,q1,ACQUIRE_DECISION_RELEVANT_EVIDENCE_BUDGET_NOT_RULED_OUT_BY_CONVERSE,D3,,,37.94430077409777,q1,ACQUIRE_DECISION_RELEVANT_EVIDENCE_BUDGET_NOT_RULED_OUT_BY_CONVERSE,True,,0,107238
PRIMARY,1,q1,ACQUIRE_DECISION_RELEVANT_EVIDENCE_BUDGET_NOT_RULED_OUT_BY_CONVERSE,D3,,,25.189962728272288,q1,ACQUIRE_DECISION_RELEVANT_EVIDENCE_BUDGET_NOT_RULED_OUT_BY_CONVERSE,True,,0,107239
PRIMARY,1,q1,ACQUIRE_DECISION_RELEVANT_EVIDENCE_BUDGET_NOT_RULED_OUT_BY_CONVERSE,D3,,,41.671981884847256,q1,ACQUIRE_DECISION_RELEVANT_EVIDENCE_BUDGET_NOT_RULED_OUT_BY_CONVERSE,True,,0,107240
PRIMARY,1,q1,ACQUIRE_DECISION_RELEVANT_EVIDENCE_BUDGET_NOT_RULED_OUT_BY_CONVERSE,D3,,,34.63059815414243,q1,ACQUIRE_DECISION_RELEVANT_EVIDENCE_BUDGET_NOT_RULED_OUT_BY_CONVERSE,True,,0,107241
PRIMARY,1,q1,ACQUIRE_DECISION_RELEVANT_EVIDENCE_BUDGET_NOT_RULED_OUT_BY_CONVERSE,D3,,,41.099212562524876,q1,ACQUIRE_DECISION_RELEVANT_EVIDENCE_BUDGET_NOT_RULED_OUT_BY_CONVERSE,True,,0,107242
PRIMARY,1,q1,ACQUIRE_DECISION_RELEVANT_EVIDENCE_BUDGET_NOT_RULED_OUT_BY_CONVERSE,D3,,,32.91189666956696,q1,ACQUIRE_DECISION_RELEVANT_EVIDENCE_BUDGET_NOT_RULED_OUT_BY_CONVERSE,True,,0,107243
PRIMARY,1,q1,ACQUIRE_DECISION_RELEVANT_EVIDENCE_BUDGET_NOT_RULED_OUT_BY_CONVERSE,D3,,,58.37898833881436,q1,ACQUIRE_DECISION_RELEVANT_EVIDENCE_BUDGET_NOT_RULED_OUT_BY_CONVERSE,True,,0,107244
PRIMARY,1,q2,ACQUIRE_DECISION_RELEVANT_EVIDENCE_BUDGET_NOT_RULED_OUT_BY_CONVERSE,D3,,,49.10802698189049,q2,ACQUIRE_DECISION_RELEVANT_EVIDENCE_BUDGET_NOT_RULED_OUT_BY_CONVERSE,True,,0,107245
PRIMARY,1,q1,ACQUIRE_DECISION_RELEVANT_EVIDENCE_BUDGET_NOT_RULED_OUT_BY_CONVERSE,D3,,,44.203159352546436,q1,ACQUIRE_DECISION_RELEVANT_EVIDENCE_BUDGET_NOT_RULED_OUT_BY_CONVERSE,True,,0,107246
PRIMARY,1,q1,ACQUIRE_DECISION_RELEVANT_EVIDENCE_BUDGET_NOT_RULED_OUT_BY_CONVERSE,D3,,,44.868740545478516,q1,ACQUIRE_DECISION_RELEVANT_EVIDENCE_BUDGET_NOT_RULED_OUT_BY_CONVERSE,True,,0,107247
PRIMARY,1,q1,ACQUIRE_DECISION_RELEVANT_EVIDENCE_BUDGET_NOT_RULED_OUT_BY_CONVERSE,D3,,,33.08120633503362,q1,ACQUIRE_DECISION_RELEVANT_EVIDENCE_BUDGET_NOT_RULED_OUT_BY_CONVERSE,True,,0,107248
PRIMARY,1,q1,ACQUIRE_DECISION_RELEVANT_EVIDENCE_BUDGET_NOT_RULED_OUT_BY_CONVERSE,D3,,,26.851423008785265,q1,ACQUIRE_DECISION_RELEVANT_EVIDENCE_BUDGET_NOT_RULED_OUT_BY_CONVERSE,True,,0,107249
PRIMARY,1,q2,ACQUIRE_DECISION_RELEVANT_EVIDENCE_BUDGET_NOT_RULED_OUT_BY_CONVERSE,D3,,,44.267843237494226,q2,ACQUIRE_DECISION_RELEVANT_EVIDENCE_BUDGET_NOT_RULED_OUT_BY_CONVERSE,True,,0,107250
PRIMARY,1,q1,ACQUIRE_DECISION_RELEVANT_EVIDENCE_BUDGET_NOT_RULED_OUT_BY_CONVERSE,D3,,,37.84544927095848,q1,ACQUIRE_DECISION_RELEVANT_EVIDENCE_BUDGET_NOT_RULED_OUT_BY_CONVERSE,True,,0,107251
PRIMARY,1,q1,ACQUIRE_DECISION_RELEVANT_EVIDENCE_BUDGET_NOT_RULED_OUT_BY_CONVERSE,D3,,,49.57495665792328,q1,ACQUIRE_DECISION_RELEVANT_EVIDENCE_BUDGET_NOT_RULED_OUT_BY_CONVERSE,True,,0,107252
PRIMARY,1,q1,ACQUIRE_DECISION_RELEVANT_EVIDENCE_BUDGET_NOT_RULED_OUT_BY_CONVERSE,D3,,,42.239522909932354,q1,ACQUIRE_DECISION_RELEVANT_EVIDENCE_BUDGET_NOT_RULED_OUT_BY_CONVERSE,True,,0,107253
PRIMARY,1,q1,ACQUIRE_DECISION_RELEVANT_EVIDENCE_BUDGET_NOT_RULED_OUT_BY_CONVERSE,D3,,,31.91252626786593,q1,ACQUIRE_DECISION_RELEVANT_EVIDENCE_BUDGET_NOT_RULED_OUT_BY_CONVERSE,True,,0,107254
PRIMARY,1,q1,ACQUIRE_DECISION_RELEVANT_EVIDENCE_BUDGET_NOT_RULED_OUT_BY_CONVERSE,D3,,,34.02018380447207,q1,ACQUIRE_DECISION_RELEVANT_EVIDENCE_BUDGET_NOT_RULED_OUT_BY_CONVERSE,True,,0,107255
PRIMARY,1,q1,ACQUIRE_DECISION_RELEVANT_EVIDENCE_BUDGET_NOT_RULED_OUT_BY_CONVERSE,D3,,,31.185661181765806,q1,ACQUIRE_DECISION_RELEVANT_EVIDENCE_BUDGET_NOT_RULED_OUT_BY_CONVERSE,True,,0,107256
PRIMARY,1,q1,ACQUIRE_DECISION_RELEVANT_EVIDENCE_BUDGET_NOT_RULED_OUT_BY_CONVERSE,D3,,,38.12602999373627,q1,ACQUIRE_DECISION_RELEVANT_EVIDENCE_BUDGET_NOT_RULED_OUT_BY_CONVERSE,True,,0,107257
PRIMARY,1,q1,ACQUIRE_DECISION_RELEVANT_EVIDENCE_BUDGET_NOT_RULED_OUT_BY_CONVERSE,D3,,,25.02818673083978,q1,ACQUIRE_DECISION_RELEVANT_EVIDENCE_BUDGET_NOT_RULED_OUT_BY_CONVERSE,True,,0,107258
PRIMARY,1,q1,ACQUIRE_DECISION_RELEVANT_EVIDENCE_BUDGET_NOT_RULED_OUT_BY_CONVERSE,D3,,,34.33395448410488,q1,ACQUIRE_DECISION_RELEVANT_EVIDENCE_BUDGET_NOT_RULED_OUT_BY_CONVERSE,True,,0,107259
PRIMARY,1,q1,ACQUIRE_DECISION_RELEVANT_EVIDENCE_BUDGET_NOT_RULED_OUT_BY_CONVERSE,D3,,,38.26088855071186,q1,ACQUIRE_DECISION_RELEVANT_EVIDENCE_BUDGET_NOT_RULED_OUT_BY_CONVERSE,True,,0,107260
PRIMARY,1,q1,ACQUIRE_DECISION_RELEVANT_EVIDENCE_BUDGET_NOT_RULED_OUT_BY_CONVERSE,D3,,,38.052783046577936,q1,ACQUIRE_DECISION_RELEVANT_EVIDENCE_BUDGET_NOT_RULED_OUT_BY_CONVERSE,True,,0,107261
PRIMARY,1,q2,ACQUIRE_DECISION_RELEVANT_EVIDENCE_BUDGET_NOT_RULED_OUT_BY_CONVERSE,D3,,,35.180774575065705,q2,ACQUIRE_DECISION_RELEVANT_EVIDENCE_BUDGET_NOT_RULED_OUT_BY_CONVERSE,True,,0,107262
PRIMARY,1,q1,ACQUIRE_DECISION_RELEVANT_EVIDENCE_BUDGET_NOT_RULED_OUT_BY_CONVERSE,D3,,,43.966002642837516,q1,ACQUIRE_DECISION_RELEVANT_EVIDENCE_BUDGET_NOT_RULED_OUT_BY_CONVERSE,True,,0,107263
PRIMARY,1,q1,ACQUIRE_DECISION_RELEVANT_EVIDENCE_BUDGET_NOT_RULED_OUT_BY_CONVERSE,D3,,,28.006917696134888,q1,ACQUIRE_DECISION_RELEVANT_EVIDENCE_BUDGET_NOT_RULED_OUT_BY_CONVERSE,True,,0,107264
PRIMARY,1,q1,ACQUIRE_DECISION_RELEVANT_EVIDENCE_BUDGET_NOT_RULED_OUT_BY_CONVERSE,D3,,,31.84095848585021,q1,ACQUIRE_DECISION_RELEVANT_EVIDENCE_BUDGET_NOT_RULED_OUT_BY_CONVERSE,True,,0,107265
PRIMARY,1,q1,ACQUIRE_DECISION_RELEVANT_EVIDENCE_BUDGET_NOT_RULED_OUT_BY_CONVERSE,D3,,,45.40003081643158,q1,ACQUIRE_DECISION_RELEVANT_EVIDENCE_BUDGET_NOT_RULED_OUT_BY_CONVERSE,True,,0,107266
PRIMARY,1,q1,ACQUIRE_DECISION_RELEVANT_EVIDENCE_BUDGET_NOT_RULED_OUT_BY_CONVERSE,D3,,,30.139135224877244,q1,ACQUIRE_DECISION_RELEVANT_EVIDENCE_BUDGET_NOT_RULED_OUT_BY_CONVERSE,True,,0,107267
PRIMARY,1,q1,ACQUIRE_DECISION_RELEVANT_EVIDENCE_BUDGET_NOT_RULED_OUT_BY_CONVERSE,D3,,,33.728297297381914,q1,ACQUIRE_DECISION_RELEVANT_EVIDENCE_BUDGET_NOT_RULED_OUT_BY_CONVERSE,True,,0,107268
PRIMARY,1,q1,ACQUIRE_DECISION_RELEVANT_EVIDENCE_BUDGET_NOT_RULED_OUT_BY_CONVERSE,D3,,,36.981173515123174,q1,ACQUIRE_DECISION_RELEVANT_EVIDENCE_BUDGET_NOT_RULED_OUT_BY_CONVERSE,True,,0,107269
PRIMARY,1,q1,ACQUIRE_DECISION_RELEVANT_EVIDENCE_BUDGET_NOT_RULED_OUT_BY_CONVERSE,D3,,,28.016496649229165,q1,ACQUIRE_DECISION_RELEVANT_EVIDENCE_BUDGET_NOT_RULED_OUT_BY_CONVERSE,True,,0,107270
PRIMARY,1,q1,ACQUIRE_DECISION_RELEVANT_EVIDENCE_BUDGET_NOT_RULED_OUT_BY_CONVERSE,D3,,,33.089623569882704,q1,ACQUIRE_DECISION_RELEVANT_EVIDENCE_BUDGET_NOT_RULED_OUT_BY_CONVERSE,True,,0,107271
PRIMARY,1,q1,ACQUIRE_DECISION_RELEVANT_EVIDENCE_BUDGET_NOT_RULED_OUT_BY_CONVERSE,D3,,,38.71528855542106,q1,ACQUIRE_DECISION_RELEVANT_EVIDENCE_BUDGET_NOT_RULED_OUT_BY_CONVERSE,True,,0,107272
PRIMARY,1,q1,ACQUIRE_DECISION_RELEVANT_EVIDENCE_BUDGET_NOT_RULED_OUT_BY_CONVERSE,D3,,,35.2908021197167,q1,ACQUIRE_DECISION_RELEVANT_EVIDENCE_BUDGET_NOT_RULED_OUT_BY_CONVERSE,True,,0,107273
PRIMARY,1,q1,ACQUIRE_DECISION_RELEVANT_EVIDENCE_BUDGET_NOT_RULED_OUT_BY_CONVERSE,D3,,,31.901557409570863,q1,ACQUIRE_DECISION_RELEVANT_EVIDENCE_BUDGET_NOT_RULED_OUT_BY_CONVERSE,True,,0,107274
PRIMARY,1,q1,ACQUIRE_DECISION_RELEVANT_EVIDENCE_BUDGET_NOT_RULED_OUT_BY_CONVERSE,D3,,,34.33957450797884,q1,ACQUIRE_DECISION_RELEVANT_EVIDENCE_BUDGET_NOT_RULED_OUT_BY_CONVERSE,True,,0,107275
PRIMARY,1,q2,ACQUIRE_DECISION_RELEVANT_EVIDENCE_BUDGET_NOT_RULED_OUT_BY_CONVERSE,D3,,,53.29821682223153,q2,ACQUIRE_DECISION_RELEVANT_EVIDENCE_BUDGET_NOT_RULED_OUT_BY_CONVERSE,True,,0,107276
PRIMARY,1,q1,ACQUIRE_DECISION_RELEVANT_EVIDENCE_BUDGET_NOT_RULED_OUT_BY_CONVERSE,D3,,,44.67699003689506,q1,ACQUIRE_DECISION_RELEVANT_EVIDENCE_BUDGET_NOT_RULED_OUT_BY_CONVERSE,True,,0,107277
PRIMARY,1,q1,ACQUIRE_DECISION_RELEVANT_EVIDENCE_BUDGET_NOT_RULED_OUT_BY_CONVERSE,D3,,,33.34274521895556,q1,ACQUIRE_DECISION_RELEVANT_EVIDENCE_BUDGET_NOT_RULED_OUT_BY_CONVERSE,True,,0,107278
PRIMARY,1,q1,ACQUIRE_DECISION_RELEVANT_EVIDENCE_BUDGET_NOT_RULED_OUT_BY_CONVERSE,D3,,,41.68328240949902,q1,ACQUIRE_DECISION_RELEVANT_EVIDENCE_BUDGET_NOT_RULED_OUT_BY_CONVERSE,True,,0,107279
PRIMARY,1,q1,ACQUIRE_DECISION_RELEVANT_EVIDENCE_BUDGET_NOT_RULED_OUT_BY_CONVERSE,D3,,,45.155212545191894,q1,ACQUIRE_DECISION_RELEVANT_EVIDENCE_BUDGET_NOT_RULED_OUT_BY_CONVERSE,True,,0,107280
PRIMARY,1,q1,ACQUIRE_DECISION_RELEVANT_EVIDENCE_BUDGET_NOT_RULED_OUT_BY_CONVERSE,D3,,,42.50109716902661,q1,ACQUIRE_DECISION_RELEVANT_EVIDENCE_BUDGET_NOT_RULED_OUT_BY_CONVERSE,True,,0,107281
PRIMARY,1,q1,ACQUIRE_DECISION_RELEVANT_EVIDENCE_BUDGET_NOT_RULED_OUT_BY_CONVERSE,D3,,,27.529971275063684,q1,ACQUIRE_DECISION_RELEVANT_EVIDENCE_BUDGET_NOT_RULED_OUT_BY_CONVERSE,True,,0,107282
PRIMARY,1,q1,ACQUIRE_DECISION_RELEVANT_EVIDENCE_BUDGET_NOT_RULED_OUT_BY_CONVERSE,D3,,,40.81201318558038,q1,ACQUIRE_DECISION_RELEVANT_EVIDENCE_BUDGET_NOT_RULED_OUT_BY_CONVERSE,True,,0,107283
PRIMARY,1,q2,ACQUIRE_DECISION_RELEVANT_EVIDENCE_BUDGET_NOT_RULED_OUT_BY_CONVERSE,D3,,,44.623224510323865,q2,ACQUIRE_DECISION_RELEVANT_EVIDENCE_BUDGET_NOT_RULED_OUT_BY_CONVERSE,True,,0,107284
PRIMARY,1,q1,ACQUIRE_DECISION_RELEVANT_EVIDENCE_BUDGET_NOT_RULED_OUT_BY_CONVERSE,D3,,,36.718528694268564,q1,ACQUIRE_DECISION_RELEVANT_EVIDENCE_BUDGET_NOT_RULED_OUT_BY_CONVERSE,True,,0,107285
PRIMARY,1,q1,ACQUIRE_DECISION_RELEVANT_EVIDENCE_BUDGET_NOT_RULED_OUT_BY_CONVERSE,D3,,,34.56800915915387,q1,ACQUIRE_DECISION_RELEVANT_EVIDENCE_BUDGET_NOT_RULED_OUT_BY_CONVERSE,True,,0,107286
PRIMARY,1,q1,ACQUIRE_DECISION_RELEVANT_EVIDENCE_BUDGET_NOT_RULED_OUT_BY_CONVERSE,D3,,,43.620929781335384,q1,ACQUIRE_DECISION_RELEVANT_EVIDENCE_BUDGET_NOT_RULED_OUT_BY_CONVERSE,True,,0,107287
PRIMARY,1,q1,ACQUIRE_DECISION_RELEVANT_EVIDENCE_BUDGET_NOT_RULED_OUT_BY_CONVERSE,D3,,,41.61626168317213,q1,ACQUIRE_DECISION_RELEVANT_EVIDENCE_BUDGET_NOT_RULED_OUT_BY_CONVERSE,True,,0,107288
PRIMARY,1,q1,ACQUIRE_DECISION_RELEVANT_EVIDENCE_BUDGET_NOT_RULED_OUT_BY_CONVERSE,D3,,,24.726109848986436,q1,ACQUIRE_DECISION_RELEVANT_EVIDENCE_BUDGET_NOT_RULED_OUT_BY_CONVERSE,True,,0,107289
PRIMARY,1,q1,ACQUIRE_DECISION_RELEVANT_EVIDENCE_BUDGET_NOT_RULED_OUT_BY_CONVERSE,D3,,,33.82748576294342,q1,ACQUIRE_DECISION_RELEVANT_EVIDENCE_BUDGET_NOT_RULED_OUT_BY_CONVERSE,True,,0,107290
PRIMARY,1,q2,ACQUIRE_DECISION_RELEVANT_EVIDENCE_BUDGET_NOT_RULED_OUT_BY_CONVERSE,D3,,,57.39140240015112,q2,ACQUIRE_DECISION_RELEVANT_EVIDENCE_BUDGET_NOT_RULED_OUT_BY_CONVERSE,True,,0,107291
PRIMARY,1,q1,ACQUIRE_DECISION_RELEVANT_EVIDENCE_BUDGET_NOT_RULED_OUT_BY_CONVERSE,D3,,,34.01398599774428,q1,ACQUIRE_DECISION_RELEVANT_EVIDENCE_BUDGET_NOT_RULED_OUT_BY_CONVERSE,True,,0,107292
PRIMARY,1,q1,ACQUIRE_DECISION_RELEVANT_EVIDENCE_BUDGET_NOT_RULED_OUT_BY_CONVERSE,D3,,,38.66062990796665,q1,ACQUIRE_DECISION_RELEVANT_EVIDENCE_BUDGET_NOT_RULED_OUT_BY_CONVERSE,True,,0,107293
PRIMARY,1,q1,ACQUIRE_DECISION_RELEVANT_EVIDENCE_BUDGET_NOT_RULED_OUT_BY_CONVERSE,D3,,,31.44337187986813,q1,ACQUIRE_DECISION_RELEVANT_EVIDENCE_BUDGET_NOT_RULED_OUT_BY_CONVERSE,True,,0,107294
PRIMARY,1,q1,ACQUIRE_DECISION_RELEVANT_EVIDENCE_BUDGET_NOT_RULED_OUT_BY_CONVERSE,D3,,,42.03926321082579,q1,ACQUIRE_DECISION_RELEVANT_EVIDENCE_BUDGET_NOT_RULED_OUT_BY_CONVERSE,True,,0,107295
PRIMARY,1,q1,ACQUIRE_DECISION_RELEVANT_EVIDENCE_BUDGET_NOT_RULED_OUT_BY_CONVERSE,D3,,,41.84750813432154,q1,ACQUIRE_DECISION_RELEVANT_EVIDENCE_BUDGET_NOT_RULED_OUT_BY_CONVERSE,True,,0,107296
PRIMARY,1,q1,ACQUIRE_DECISION_RELEVANT_EVIDENCE_BUDGET_NOT_RULED_OUT_BY_CONVERSE,D3,,,38.864032206914544,q1,ACQUIRE_DECISION_RELEVANT_EVIDENCE_BUDGET_NOT_RULED_OUT_BY_CONVERSE,True,,0,107297
PRIMARY,1,q2,ACQUIRE_DECISION_RELEVANT_EVIDENCE_BUDGET_NOT_RULED_OUT_BY_CONVERSE,D3,,,38.92006130482794,q2,ACQUIRE_DECISION_RELEVANT_EVIDENCE_BUDGET_NOT_RULED_OUT_BY_CONVERSE,True,,0,107298
PRIMARY,1,q1,ACQUIRE_DECISION_RELEVANT_EVIDENCE_BUDGET_NOT_RULED_OUT_BY_CONVERSE,D3,,,41.479141605619056,q1,ACQUIRE_DECISION_RELEVANT_EVIDENCE_BUDGET_NOT_RULED_OUT_BY_CONVERSE,True,,0,107299
PRIMARY,1,q1,ACQUIRE_DECISION_RELEVANT_EVIDENCE_BUDGET_NOT_RULED_OUT_BY_CONVERSE,D3,,,54.319548648466935,q1,ACQUIRE_DECISION_RELEVANT_EVIDENCE_BUDGET_NOT_RULED_OUT_BY_CONVERSE,True,,0,107300
PRIMARY,1,q1,ACQUIRE_DECISION_RELEVANT_EVIDENCE_BUDGET_NOT_RULED_OUT_BY_CONVERSE,D3,,,42.895082648670346,q1,ACQUIRE_DECISION_RELEVANT_EVIDENCE_BUDGET_NOT_RULED_OUT_BY_CONVERSE,True,,0,107301
PRIMARY,1,q1,ACQUIRE_DECISION_RELEVANT_EVIDENCE_BUDGET_NOT_RULED_OUT_BY_CONVERSE,D3,,,37.53379109608837,q1,ACQUIRE_DECISION_RELEVANT_EVIDENCE_BUDGET_NOT_RULED_OUT_BY_CONVERSE,True,,0,107302
PRIMARY,1,q1,ACQUIRE_DECISION_RELEVANT_EVIDENCE_BUDGET_NOT_RULED_OUT_BY_CONVERSE,D3,,,31.802535527780012,q1,ACQUIRE_DECISION_RELEVANT_EVIDENCE_BUDGET_NOT_RULED_OUT_BY_CONVERSE,True,,0,107303
PRIMARY,1,q1,ACQUIRE_DECISION_RELEVANT_EVIDENCE_BUDGET_NOT_RULED_OUT_BY_CONVERSE,D3,,,39.69179935157566,q1,ACQUIRE_DECISION_RELEVANT_EVIDENCE_BUDGET_NOT_RULED_OUT_BY_CONVERSE,True,,0,107304
PRIMARY,1,q1,ACQUIRE_DECISION_RELEVANT_EVIDENCE_BUDGET_NOT_RULED_OUT_BY_CONVERSE,D3,,,42.68259934467805,q1,ACQUIRE_DECISION_RELEVANT_EVIDENCE_BUDGET_NOT_RULED_OUT_BY_CONVERSE,True,,0,107305
PRIMARY,1,q2,ACQUIRE_DECISION_RELEVANT_EVIDENCE_BUDGET_NOT_RULED_OUT_BY_CONVERSE,D3,,,49.616366720998904,q2,ACQUIRE_DECISION_RELEVANT_EVIDENCE_BUDGET_NOT_RULED_OUT_BY_CONVERSE,True,,0,107306
PRIMARY,1,q1,ACQUIRE_DECISION_RELEVANT_EVIDENCE_BUDGET_NOT_RULED_OUT_BY_CONVERSE,D3,,,51.408380460847674,q1,ACQUIRE_DECISION_RELEVANT_EVIDENCE_BUDGET_NOT_RULED_OUT_BY_CONVERSE,True,,0,107307
PRIMARY,1,q1,ACQUIRE_DECISION_RELEVANT_EVIDENCE_BUDGET_NOT_RULED_OUT_BY_CONVERSE,D3,,,30.514429172750244,q1,ACQUIRE_DECISION_RELEVANT_EVIDENCE_BUDGET_NOT_RULED_OUT_BY_CONVERSE,True,,0,107308
PRIMARY,1,q2,ACQUIRE_DECISION_RELEVANT_EVIDENCE_BUDGET_NOT_RULED_OUT_BY_CONVERSE,D3,,,48.663476882107695,q2,ACQUIRE_DECISION_RELEVANT_EVIDENCE_BUDGET_NOT_RULED_OUT_BY_CONVERSE,True,,0,107309
PRIMARY,1,q1,ACQUIRE_DECISION_RELEVANT_EVIDENCE_BUDGET_NOT_RULED_OUT_BY_CONVERSE,D3,,,37.1055459048244,q1,ACQUIRE_DECISION_RELEVANT_EVIDENCE_BUDGET_NOT_RULED_OUT_BY_CONVERSE,True,,0,107310
PRIMARY,1,q1,ACQUIRE_DECISION_RELEVANT_EVIDENCE_BUDGET_NOT_RULED_OUT_BY_CONVERSE,D3,,,40.59368223453265,q1,ACQUIRE_DECISION_RELEVANT_EVIDENCE_BUDGET_NOT_RULED_OUT_BY_CONVERSE,True,,0,107311
PRIMARY,1,q1,ACQUIRE_DECISION_RELEVANT_EVIDENCE_BUDGET_NOT_RULED_OUT_BY_CONVERSE,D3,,,36.86658585489472,q1,ACQUIRE_DECISION_RELEVANT_EVIDENCE_BUDGET_NOT_RULED_OUT_BY_CONVERSE,True,,0,107312
PRIMARY,1,q1,ACQUIRE_DECISION_RELEVANT_EVIDENCE_BUDGET_NOT_RULED_OUT_BY_CONVERSE,D3,,,36.130035705859974,q1,ACQUIRE_DECISION_RELEVANT_EVIDENCE_BUDGET_NOT_RULED_OUT_BY_CONVERSE,True,,0,107313
PRIMARY,1,q1,ACQUIRE_DECISION_RELEVANT_EVIDENCE_BUDGET_NOT_RULED_OUT_BY_CONVERSE,D3,,,28.39084885064776,q1,ACQUIRE_DECISION_RELEVANT_EVIDENCE_BUDGET_NOT_RULED_OUT_BY_CONVERSE,True,,0,107314
PRIMARY,1,q1,ACQUIRE_DECISION_RELEVANT_EVIDENCE_BUDGET_NOT_RULED_OUT_BY_CONVERSE,D3,,,35.92379589040078,q1,ACQUIRE_DECISION_RELEVANT_EVIDENCE_BUDGET_NOT_RULED_OUT_BY_CONVERSE,True,,0,107315
PRIMARY,1,q1,ACQUIRE_DECISION_RELEVANT_EVIDENCE_BUDGET_NOT_RULED_OUT_BY_CONVERSE,D3,,,29.28554969675774,q1,ACQUIRE_DECISION_RELEVANT_EVIDENCE_BUDGET_NOT_RULED_OUT_BY_CONVERSE,True,,0,107316
PRIMARY,1,q1,ACQUIRE_DECISION_RELEVANT_EVIDENCE_BUDGET_NOT_RULED_OUT_BY_CONVERSE,D3,,,54.170309002143696,q1,ACQUIRE_DECISION_RELEVANT_EVIDENCE_BUDGET_NOT_RULED_OUT_BY_CONVERSE,True,,0,107317
PRIMARY,1,q1,ACQUIRE_DECISION_RELEVANT_EVIDENCE_BUDGET_NOT_RULED_OUT_BY_CONVERSE,D3,,,29.50791432440864,q1,ACQUIRE_DECISION_RELEVANT_EVIDENCE_BUDGET_NOT_RULED_OUT_BY_CONVERSE,True,,0,107318
PRIMARY,1,q1,ACQUIRE_DECISION_RELEVANT_EVIDENCE_BUDGET_NOT_RULED_OUT_BY_CONVERSE,D3,,,42.784173893303496,q1,ACQUIRE_DECISION_RELEVANT_EVIDENCE_BUDGET_NOT_RULED_OUT_BY_CONVERSE,True,,0,107319
PRIMARY,1,q1,ACQUIRE_DECISION_RELEVANT_EVIDENCE_BUDGET_NOT_RULED_OUT_BY_CONVERSE,D3,,,42.164802832940204,q1,ACQUIRE_DECISION_RELEVANT_EVIDENCE_BUDGET_NOT_RULED_OUT_BY_CONVERSE,True,,0,107320
PRIMARY,1,q1,ACQUIRE_DECISION_RELEVANT_EVIDENCE_BUDGET_NOT_RULED_OUT_BY_CONVERSE,D3,,,41.83239485591886,q1,ACQUIRE_DECISION_RELEVANT_EVIDENCE_BUDGET_NOT_RULED_OUT_BY_CONVERSE,True,,0,107321
PRIMARY,1,q2,ACQUIRE_DECISION_RELEVANT_EVIDENCE_BUDGET_NOT_RULED_OUT_BY_CONVERSE,D3,,,45.14092720753375,q2,ACQUIRE_DECISION_RELEVANT_EVIDENCE_BUDGET_NOT_RULED_OUT_BY_CONVERSE,True,,0,107322
PRIMARY,1,q1,ACQUIRE_DECISION_RELEVANT_EVIDENCE_BUDGET_NOT_RULED_OUT_BY_CONVERSE,D3,,,25.556652938494747,q1,ACQUIRE_DECISION_RELEVANT_EVIDENCE_BUDGET_NOT_RULED_OUT_BY_CONVERSE,True,,0,107323
PRIMARY,1,q1,ACQUIRE_DECISION_RELEVANT_EVIDENCE_BUDGET_NOT_RULED_OUT_BY_CONVERSE,D3,,,33.379606232122995,q1,ACQUIRE_DECISION_RELEVANT_EVIDENCE_BUDGET_NOT_RULED_OUT_BY_CONVERSE,True,,0,107324
PRIMARY,1,q1,ACQUIRE_DECISION_RELEVANT_EVIDENCE_BUDGET_NOT_RULED_OUT_BY_CONVERSE,D3,,,40.651727557507996,q1,ACQUIRE_DECISION_RELEVANT_EVIDENCE_BUDGET_NOT_RULED_OUT_BY_CONVERSE,True,,0,107325
PRIMARY,1,q1,ACQUIRE_DECISION_RELEVANT_EVIDENCE_BUDGET_NOT_RULED_OUT_BY_CONVERSE,D3,,,24.57324439486478,q1,ACQUIRE_DECISION_RELEVANT_EVIDENCE_BUDGET_NOT_RULED_OUT_BY_CONVERSE,True,,0,107326
PRIMARY,1,q1,ACQUIRE_DECISION_RELEVANT_EVIDENCE_BUDGET_NOT_RULED_OUT_BY_CONVERSE,D3,,,46.06875017165109,q1,ACQUIRE_DECISION_RELEVANT_EVIDENCE_BUDGET_NOT_RULED_OUT_BY_CONVERSE,True,,0,107327
PRIMARY,1,q1,ACQUIRE_DECISION_RELEVANT_EVIDENCE_BUDGET_NOT_RULED_OUT_BY_CONVERSE,D3,,,39.59952366579007,q1,ACQUIRE_DECISION_RELEVANT_EVIDENCE_BUDGET_NOT_RULED_OUT_BY_CONVERSE,True,,0,107328
PRIMARY,1,decision,ACQUIRE_DECISION_RELEVANT_EVIDENCE_BUDGET_NOT_RULED_OUT_BY_CONVERSE,D4,,,37.71201902993339,decision,ACQUIRE_DECISION_RELEVANT_EVIDENCE_BUDGET_NOT_RULED_OUT_BY_CONVERSE,True,,1,108201
PRIMARY,1,decision,ACQUIRE_DECISION_RELEVANT_EVIDENCE_BUDGET_NOT_RULED_OUT_BY_CONVERSE,D4,,,32.90365035588087,decision,ACQUIRE_DECISION_RELEVANT_EVIDENCE_BUDGET_NOT_RULED_OUT_BY_CONVERSE,True,,1,108202
PRIMARY,1,decision,ACQUIRE_DECISION_RELEVANT_EVIDENCE_BUDGET_NOT_RULED_OUT_BY_CONVERSE,D4,,,25.907410943850515,decision,ACQUIRE_DECISION_RELEVANT_EVIDENCE_BUDGET_NOT_RULED_OUT_BY_CONVERSE,True,,1,108203
PRIMARY,1,decision,ACQUIRE_DECISION_RELEVANT_EVIDENCE_BUDGET_NOT_RULED_OUT_BY_CONVERSE,D4,,,27.493892712716328,decision,ACQUIRE_DECISION_RELEVANT_EVIDENCE_BUDGET_NOT_RULED_OUT_BY_CONVERSE,True,,1,108204
PRIMARY,1,decision,ACQUIRE_DECISION_RELEVANT_EVIDENCE_BUDGET_NOT_RULED_OUT_BY_CONVERSE,D4,,,35.74319540882514,decision,ACQUIRE_DECISION_RELEVANT_EVIDENCE_BUDGET_NOT_RULED_OUT_BY_CONVERSE,True,,1,108205
PRIMARY,1,decision,ACQUIRE_DECISION_RELEVANT_EVIDENCE_BUDGET_NOT_RULED_OUT_BY_CONVERSE,D4,,,38.33029661581667,decision,ACQUIRE_DECISION_RELEVANT_EVIDENCE_BUDGET_NOT_RULED_OUT_BY_CONVERSE,True,,1,108206
PRIMARY,1,decision,ACQUIRE_DECISION_RELEVANT_EVIDENCE_BUDGET_NOT_RULED_OUT_BY_CONVERSE,D4,,,33.67969243000582,decision,ACQUIRE_DECISION_RELEVANT_EVIDENCE_BUDGET_NOT_RULED_OUT_BY_CONVERSE,True,,1,108207
PRIMARY,1,decision,ACQUIRE_DECISION_RELEVANT_EVIDENCE_BUDGET_NOT_RULED_OUT_BY_CONVERSE,D4,,,31.309771738144484,decision,ACQUIRE_DECISION_RELEVANT_EVIDENCE_BUDGET_NOT_RULED_OUT_BY_CONVERSE,True,,1,108208
PRIMARY,1,decision,ACQUIRE_DECISION_RELEVANT_EVIDENCE_BUDGET_NOT_RULED_OUT_BY_CONVERSE,D4,,,25.0946043334872,decision,ACQUIRE_DECISION_RELEVANT_EVIDENCE_BUDGET_NOT_RULED_OUT_BY_CONVERSE,True,,1,108209
PRIMARY,1,decision,ACQUIRE_DECISION_RELEVANT_EVIDENCE_BUDGET_NOT_RULED_OUT_BY_CONVERSE,D4,,,26.93128686202792,decision,ACQUIRE_DECISION_RELEVANT_EVIDENCE_BUDGET_NOT_RULED_OUT_BY_CONVERSE,True,,1,108210
PRIMARY,1,decision,ACQUIRE_DECISION_RELEVANT_EVIDENCE_BUDGET_NOT_RULED_OUT_BY_CONVERSE,D4,,,23.493172448650494,decision,ACQUIRE_DECISION_RELEVANT_EVIDENCE_BUDGET_NOT_RULED_OUT_BY_CONVERSE,True,,1,108211
PRIMARY,1,decision,ACQUIRE_DECISION_RELEVANT_EVIDENCE_BUDGET_NOT_RULED_OUT_BY_CONVERSE,D4,,,34.748388504948615,decision,ACQUIRE_DECISION_RELEVANT_EVIDENCE_BUDGET_NOT_RULED_OUT_BY_CONVERSE,True,,1,108212
PRIMARY,1,decision,ACQUIRE_DECISION_RELEVANT_EVIDENCE_BUDGET_NOT_RULED_OUT_BY_CONVERSE,D4,,,37.08938784649504,decision,ACQUIRE_DECISION_RELEVANT_EVIDENCE_BUDGET_NOT_RULED_OUT_BY_CONVERSE,True,,1,108213
PRIMARY,1,decision,ACQUIRE_DECISION_RELEVANT_EVIDENCE_BUDGET_NOT_RULED_OUT_BY_CONVERSE,D4,,,25.83312478926381,decision,ACQUIRE_DECISION_RELEVANT_EVIDENCE_BUDGET_NOT_RULED_OUT_BY_CONVERSE,True,,1,108214
PRIMARY,1,decision,ACQUIRE_DECISION_RELEVANT_EVIDENCE_BUDGET_NOT_RULED_OUT_BY_CONVERSE,D4,,,24.739079320024654,decision,ACQUIRE_DECISION_RELEVANT_EVIDENCE_BUDGET_NOT_RULED_OUT_BY_CONVERSE,True,,1,108215
PRIMARY,1,decision,ACQUIRE_DECISION_RELEVANT_EVIDENCE_BUDGET_NOT_RULED_OUT_BY_CONVERSE,D4,,,24.13383619139374,decision,ACQUIRE_DECISION_RELEVANT_EVIDENCE_BUDGET_NOT_RULED_OUT_BY_CONVERSE,True,,1,108216
PRIMARY,1,decision,ACQUIRE_DECISION_RELEVANT_EVIDENCE_BUDGET_NOT_RULED_OUT_BY_CONVERSE,D4,,,28.868761323861992,decision,ACQUIRE_DECISION_RELEVANT_EVIDENCE_BUDGET_NOT_RULED_OUT_BY_CONVERSE,True,,1,108217
PRIMARY,1,decision,ACQUIRE_DECISION_RELEVANT_EVIDENCE_BUDGET_NOT_RULED_OUT_BY_CONVERSE,D4,,,26.17785705177323,decision,ACQUIRE_DECISION_RELEVANT_EVIDENCE_BUDGET_NOT_RULED_OUT_BY_CONVERSE,True,,1,108218
PRIMARY,1,decision,ACQUIRE_DECISION_RELEVANT_EVIDENCE_BUDGET_NOT_RULED_OUT_BY_CONVERSE,D4,,,26.92638441769868,decision,ACQUIRE_DECISION_RELEVANT_EVIDENCE_BUDGET_NOT_RULED_OUT_BY_CONVERSE,True,,1,108219
PRIMARY,1,decision,ACQUIRE_DECISION_RELEVANT_EVIDENCE_BUDGET_NOT_RULED_OUT_BY_CONVERSE,D4,,,38.84699210553489,decision,ACQUIRE_DECISION_RELEVANT_EVIDENCE_BUDGET_NOT_RULED_OUT_BY_CONVERSE,True,,1,108220
PRIMARY,1,decision,ACQUIRE_DECISION_RELEVANT_EVIDENCE_BUDGET_NOT_RULED_OUT_BY_CONVERSE,D4,,,38.502115009001,decision,ACQUIRE_DECISION_RELEVANT_EVIDENCE_BUDGET_NOT_RULED_OUT_BY_CONVERSE,True,,1,108221
PRIMARY,1,decision,ACQUIRE_DECISION_RELEVANT_EVIDENCE_BUDGET_NOT_RULED_OUT_BY_CONVERSE,D4,,,31.943755621852105,decision,ACQUIRE_DECISION_RELEVANT_EVIDENCE_BUDGET_NOT_RULED_OUT_BY_CONVERSE,True,,1,108222
PRIMARY,1,decision,ACQUIRE_DECISION_RELEVANT_EVIDENCE_BUDGET_NOT_RULED_OUT_BY_CONVERSE,D4,,,28.62501487895182,decision,ACQUIRE_DECISION_RELEVANT_EVIDENCE_BUDGET_NOT_RULED_OUT_BY_CONVERSE,True,,1,108223
PRIMARY,1,decision,ACQUIRE_DECISION_RELEVANT_EVIDENCE_BUDGET_NOT_RULED_OUT_BY_CONVERSE,D4,,,28.40588298512057,decision,ACQUIRE_DECISION_RELEVANT_EVIDENCE_BUDGET_NOT_RULED_OUT_BY_CONVERSE,True,,1,108224
PRIMARY,1,decision,ACQUIRE_DECISION_RELEVANT_EVIDENCE_BUDGET_NOT_RULED_OUT_BY_CONVERSE,D4,,,33.32696256802179,decision,ACQUIRE_DECISION_RELEVANT_EVIDENCE_BUDGET_NOT_RULED_OUT_BY_CONVERSE,True,,1,108225
PRIMARY,1,decision,ACQUIRE_DECISION_RELEVANT_EVIDENCE_BUDGET_NOT_RULED_OUT_BY_CONVERSE,D4,,,24.426821380745984,decision,ACQUIRE_DECISION_RELEVANT_EVIDENCE_BUDGET_NOT_RULED_OUT_BY_CONVERSE,True,,1,108226
PRIMARY,1,decision,ACQUIRE_DECISION_RELEVANT_EVIDENCE_BUDGET_NOT_RULED_OUT_BY_CONVERSE,D4,,,38.163154226885844,decision,ACQUIRE_DECISION_RELEVANT_EVIDENCE_BUDGET_NOT_RULED_OUT_BY_CONVERSE,True,,1,108227
PRIMARY,1,decision,ACQUIRE_DECISION_RELEVANT_EVIDENCE_BUDGET_NOT_RULED_OUT_BY_CONVERSE,D4,,,40.95143919568935,decision,ACQUIRE_DECISION_RELEVANT_EVIDENCE_BUDGET_NOT_RULED_OUT_BY_CONVERSE,True,,1,108228
PRIMARY,1,decision,ACQUIRE_DECISION_RELEVANT_EVIDENCE_BUDGET_NOT_RULED_OUT_BY_CONVERSE,D4,,,24.389258250764527,decision,ACQUIRE_DECISION_RELEVANT_EVIDENCE_BUDGET_NOT_RULED_OUT_BY_CONVERSE,True,,1,108229
PRIMARY,1,decision,ACQUIRE_DECISION_RELEVANT_EVIDENCE_BUDGET_NOT_RULED_OUT_BY_CONVERSE,D4,,,37.00674247784305,decision,ACQUIRE_DECISION_RELEVANT_EVIDENCE_BUDGET_NOT_RULED_OUT_BY_CONVERSE,True,,1,108230
PRIMARY,1,decision,ACQUIRE_DECISION_RELEVANT_EVIDENCE_BUDGET_NOT_RULED_OUT_BY_CONVERSE,D4,,,27.298743026716753,decision,ACQUIRE_DECISION_RELEVANT_EVIDENCE_BUDGET_NOT_RULED_OUT_BY_CONVERSE,True,,1,108231
PRIMARY,1,decision,ACQUIRE_DECISION_RELEVANT_EVIDENCE_BUDGET_NOT_RULED_OUT_BY_CONVERSE,D4,,,25.400846242204533,decision,ACQUIRE_DECISION_RELEVANT_EVIDENCE_BUDGET_NOT_RULED_OUT_BY_CONVERSE,True,,1,108232
PRIMARY,1,decision,ACQUIRE_DECISION_RELEVANT_EVIDENCE_BUDGET_NOT_RULED_OUT_BY_CONVERSE,D4,,,32.966511675913814,decision,ACQUIRE_DECISION_RELEVANT_EVIDENCE_BUDGET_NOT_RULED_OUT_BY_CONVERSE,True,,1,108233
PRIMARY,1,decision,ACQUIRE_DECISION_RELEVANT_EVIDENCE_BUDGET_NOT_RULED_OUT_BY_CONVERSE,D4,,,31.469782228516376,decision,ACQUIRE_DECISION_RELEVANT_EVIDENCE_BUDGET_NOT_RULED_OUT_BY_CONVERSE,True,,1,108234
PRIMARY,1,decision,ACQUIRE_DECISION_RELEVANT_EVIDENCE_BUDGET_NOT_RULED_OUT_BY_CONVERSE,D4,,,39.561306388524635,decision,ACQUIRE_DECISION_RELEVANT_EVIDENCE_BUDGET_NOT_RULED_OUT_BY_CONVERSE,True,,1,108235
PRIMARY,1,decision,ACQUIRE_DECISION_RELEVANT_EVIDENCE_BUDGET_NOT_RULED_OUT_BY_CONVERSE,D4,,,29.391865380834957,decision,ACQUIRE_DECISION_RELEVANT_EVIDENCE_BUDGET_NOT_RULED_OUT_BY_CONVERSE,True,,1,108236
PRIMARY,1,decision,ACQUIRE_DECISION_RELEVANT_EVIDENCE_BUDGET_NOT_RULED_OUT_BY_CONVERSE,D4,,,29.60999043008149,decision,ACQUIRE_DECISION_RELEVANT_EVIDENCE_BUDGET_NOT_RULED_OUT_BY_CONVERSE,True,,1,108237
PRIMARY,1,decision,ACQUIRE_DECISION_RELEVANT_EVIDENCE_BUDGET_NOT_RULED_OUT_BY_CONVERSE,D4,,,32.87348159502503,decision,ACQUIRE_DECISION_RELEVANT_EVIDENCE_BUDGET_NOT_RULED_OUT_BY_CONVERSE,True,,1,108238
PRIMARY,1,decision,ACQUIRE_DECISION_RELEVANT_EVIDENCE_BUDGET_NOT_RULED_OUT_BY_CONVERSE,D4,,,37.117071460294795,decision,ACQUIRE_DECISION_RELEVANT_EVIDENCE_BUDGET_NOT_RULED_OUT_BY_CONVERSE,True,,1,108239
PRIMARY,1,decision,ACQUIRE_DECISION_RELEVANT_EVIDENCE_BUDGET_NOT_RULED_OUT_BY_CONVERSE,D4,,,31.590701309527837,decision,ACQUIRE_DECISION_RELEVANT_EVIDENCE_BUDGET_NOT_RULED_OUT_BY_CONVERSE,True,,1,108240
PRIMARY,1,decision,ACQUIRE_DECISION_RELEVANT_EVIDENCE_BUDGET_NOT_RULED_OUT_BY_CONVERSE,D4,,,28.239578231922366,decision,ACQUIRE_DECISION_RELEVANT_EVIDENCE_BUDGET_NOT_RULED_OUT_BY_CONVERSE,True,,1,108241
PRIMARY,1,decision,ACQUIRE_DECISION_RELEVANT_EVIDENCE_BUDGET_NOT_RULED_OUT_BY_CONVERSE,D4,,,27.749956800994138,decision,ACQUIRE_DECISION_RELEVANT_EVIDENCE_BUDGET_NOT_RULED_OUT_BY_CONVERSE,True,,1,108242
PRIMARY,1,decision,ACQUIRE_DECISION_RELEVANT_EVIDENCE_BUDGET_NOT_RULED_OUT_BY_CONVERSE,D4,,,24.31980694087783,decision,ACQUIRE_DECISION_RELEVANT_EVIDENCE_BUDGET_NOT_RULED_OUT_BY_CONVERSE,True,,1,108243
PRIMARY,1,decision,ACQUIRE_DECISION_RELEVANT_EVIDENCE_BUDGET_NOT_RULED_OUT_BY_CONVERSE,D4,,,32.6412856754673,decision,ACQUIRE_DECISION_RELEVANT_EVIDENCE_BUDGET_NOT_RULED_OUT_BY_CONVERSE,True,,1,108244
PRIMARY,1,decision,ACQUIRE_DECISION_RELEVANT_EVIDENCE_BUDGET_NOT_RULED_OUT_BY_CONVERSE,D4,,,25.968951617094305,decision,ACQUIRE_DECISION_RELEVANT_EVIDENCE_BUDGET_NOT_RULED_OUT_BY_CONVERSE,True,,1,108245
PRIMARY,1,decision,ACQUIRE_DECISION_RELEVANT_EVIDENCE_BUDGET_NOT_RULED_OUT_BY_CONVERSE,D4,,,26.515417568656265,decision,ACQUIRE_DECISION_RELEVANT_EVIDENCE_BUDGET_NOT_RULED_OUT_BY_CONVERSE,True,,1,108246
PRIMARY,1,decision,ACQUIRE_DECISION_RELEVANT_EVIDENCE_BUDGET_NOT_RULED_OUT_BY_CONVERSE,D4,,,28.26501490346074,decision,ACQUIRE_DECISION_RELEVANT_EVIDENCE_BUDGET_NOT_RULED_OUT_BY_CONVERSE,True,,1,108247
PRIMARY,1,decision,ACQUIRE_DECISION_RELEVANT_EVIDENCE_BUDGET_NOT_RULED_OUT_BY_CONVERSE,D4,,,23.316743353377316,decision,ACQUIRE_DECISION_RELEVANT_EVIDENCE_BUDGET_NOT_RULED_OUT_BY_CONVERSE,True,,1,108248
PRIMARY,1,decision,ACQUIRE_DECISION_RELEVANT_EVIDENCE_BUDGET_NOT_RULED_OUT_BY_CONVERSE,D4,,,37.57009688469802,decision,ACQUIRE_DECISION_RELEVANT_EVIDENCE_BUDGET_NOT_RULED_OUT_BY_CONVERSE,True,,1,108249
PRIMARY,1,decision,ACQUIRE_DECISION_RELEVANT_EVIDENCE_BUDGET_NOT_RULED_OUT_BY_CONVERSE,D4,,,23.61583931288283,decision,ACQUIRE_DECISION_RELEVANT_EVIDENCE_BUDGET_NOT_RULED_OUT_BY_CONVERSE,True,,1,108250
PRIMARY,1,decision,ACQUIRE_DECISION_RELEVANT_EVIDENCE_BUDGET_NOT_RULED_OUT_BY_CONVERSE,D4,,,23.812558953716014,decision,ACQUIRE_DECISION_RELEVANT_EVIDENCE_BUDGET_NOT_RULED_OUT_BY_CONVERSE,True,,1,108251
PRIMARY,1,decision,ACQUIRE_DECISION_RELEVANT_EVIDENCE_BUDGET_NOT_RULED_OUT_BY_CONVERSE,D4,,,35.041521237249846,decision,ACQUIRE_DECISION_RELEVANT_EVIDENCE_BUDGET_NOT_RULED_OUT_BY_CONVERSE,True,,1,108252
PRIMARY,1,decision,ACQUIRE_DECISION_RELEVANT_EVIDENCE_BUDGET_NOT_RULED_OUT_BY_CONVERSE,D4,,,28.895471826007242,decision,ACQUIRE_DECISION_RELEVANT_EVIDENCE_BUDGET_NOT_RULED_OUT_BY_CONVERSE,True,,1,108253
PRIMARY,1,decision,ACQUIRE_DECISION_RELEVANT_EVIDENCE_BUDGET_NOT_RULED_OUT_BY_CONVERSE,D4,,,37.41935928165582,decision,ACQUIRE_DECISION_RELEVANT_EVIDENCE_BUDGET_NOT_RULED_OUT_BY_CONVERSE,True,,1,108254
PRIMARY,1,decision,ACQUIRE_DECISION_RELEVANT_EVIDENCE_BUDGET_NOT_RULED_OUT_BY_CONVERSE,D4,,,39.80312025767158,decision,ACQUIRE_DECISION_RELEVANT_EVIDENCE_BUDGET_NOT_RULED_OUT_BY_CONVERSE,True,,1,108255
PRIMARY,1,decision,ACQUIRE_DECISION_RELEVANT_EVIDENCE_BUDGET_NOT_RULED_OUT_BY_CONVERSE,D4,,,30.488235639223838,decision,ACQUIRE_DECISION_RELEVANT_EVIDENCE_BUDGET_NOT_RULED_OUT_BY_CONVERSE,True,,1,108256
PRIMARY,1,decision,ACQUIRE_DECISION_RELEVANT_EVIDENCE_BUDGET_NOT_RULED_OUT_BY_CONVERSE,D4,,,26.55774496866044,decision,ACQUIRE_DECISION_RELEVANT_EVIDENCE_BUDGET_NOT_RULED_OUT_BY_CONVERSE,True,,1,108257
PRIMARY,1,decision,ACQUIRE_DECISION_RELEVANT_EVIDENCE_BUDGET_NOT_RULED_OUT_BY_CONVERSE,D4,,,25.740808344015733,decision,ACQUIRE_DECISION_RELEVANT_EVIDENCE_BUDGET_NOT_RULED_OUT_BY_CONVERSE,True,,1,108258
PRIMARY,1,decision,ACQUIRE_DECISION_RELEVANT_EVIDENCE_BUDGET_NOT_RULED_OUT_BY_CONVERSE,D4,,,40.29036521682481,decision,ACQUIRE_DECISION_RELEVANT_EVIDENCE_BUDGET_NOT_RULED_OUT_BY_CONVERSE,True,,1,108259
PRIMARY,1,decision,ACQUIRE_DECISION_RELEVANT_EVIDENCE_BUDGET_NOT_RULED_OUT_BY_CONVERSE,D4,,,29.728507492521366,decision,ACQUIRE_DECISION_RELEVANT_EVIDENCE_BUDGET_NOT_RULED_OUT_BY_CONVERSE,True,,1,108260
PRIMARY,1,decision,ACQUIRE_DECISION_RELEVANT_EVIDENCE_BUDGET_NOT_RULED_OUT_BY_CONVERSE,D4,,,26.628163857733032,decision,ACQUIRE_DECISION_RELEVANT_EVIDENCE_BUDGET_NOT_RULED_OUT_BY_CONVERSE,True,,1,108261
PRIMARY,1,decision,ACQUIRE_DECISION_RELEVANT_EVIDENCE_BUDGET_NOT_RULED_OUT_BY_CONVERSE,D4,,,24.733195356147277,decision,ACQUIRE_DECISION_RELEVANT_EVIDENCE_BUDGET_NOT_RULED_OUT_BY_CONVERSE,True,,1,108262
PRIMARY,1,decision,ACQUIRE_DECISION_RELEVANT_EVIDENCE_BUDGET_NOT_RULED_OUT_BY_CONVERSE,D4,,,23.579927496094818,decision,ACQUIRE_DECISION_RELEVANT_EVIDENCE_BUDGET_NOT_RULED_OUT_BY_CONVERSE,True,,1,108263
PRIMARY,1,decision,ACQUIRE_DECISION_RELEVANT_EVIDENCE_BUDGET_NOT_RULED_OUT_BY_CONVERSE,D4,,,30.674692531270242,decision,ACQUIRE_DECISION_RELEVANT_EVIDENCE_BUDGET_NOT_RULED_OUT_BY_CONVERSE,True,,1,108264
PRIMARY,1,decision,ACQUIRE_DECISION_RELEVANT_EVIDENCE_BUDGET_NOT_RULED_OUT_BY_CONVERSE,D4,,,33.06319516246828,decision,ACQUIRE_DECISION_RELEVANT_EVIDENCE_BUDGET_NOT_RULED_OUT_BY_CONVERSE,True,,1,108265
PRIMARY,1,decision,ACQUIRE_DECISION_RELEVANT_EVIDENCE_BUDGET_NOT_RULED_OUT_BY_CONVERSE,D4,,,23.218786022531724,decision,ACQUIRE_DECISION_RELEVANT_EVIDENCE_BUDGET_NOT_RULED_OUT_BY_CONVERSE,True,,1,108266
PRIMARY,1,decision,ACQUIRE_DECISION_RELEVANT_EVIDENCE_BUDGET_NOT_RULED_OUT_BY_CONVERSE,D4,,,28.06337235934931,decision,ACQUIRE_DECISION_RELEVANT_EVIDENCE_BUDGET_NOT_RULED_OUT_BY_CONVERSE,True,,1,108267
PRIMARY,1,decision,ACQUIRE_DECISION_RELEVANT_EVIDENCE_BUDGET_NOT_RULED_OUT_BY_CONVERSE,D4,,,34.514442386981074,decision,ACQUIRE_DECISION_RELEVANT_EVIDENCE_BUDGET_NOT_RULED_OUT_BY_CONVERSE,True,,1,108268
PRIMARY,1,decision,ACQUIRE_DECISION_RELEVANT_EVIDENCE_BUDGET_NOT_RULED_OUT_BY_CONVERSE,D4,,,29.41704063009914,decision,ACQUIRE_DECISION_RELEVANT_EVIDENCE_BUDGET_NOT_RULED_OUT_BY_CONVERSE,True,,1,108269
PRIMARY,1,decision,ACQUIRE_DECISION_RELEVANT_EVIDENCE_BUDGET_NOT_RULED_OUT_BY_CONVERSE,D4,,,26.740592643679587,decision,ACQUIRE_DECISION_RELEVANT_EVIDENCE_BUDGET_NOT_RULED_OUT_BY_CONVERSE,True,,1,108270
PRIMARY,1,decision,ACQUIRE_DECISION_RELEVANT_EVIDENCE_BUDGET_NOT_RULED_OUT_BY_CONVERSE,D4,,,26.176580365819028,decision,ACQUIRE_DECISION_RELEVANT_EVIDENCE_BUDGET_NOT_RULED_OUT_BY_CONVERSE,True,,1,108271
PRIMARY,1,decision,ACQUIRE_DECISION_RELEVANT_EVIDENCE_BUDGET_NOT_RULED_OUT_BY_CONVERSE,D4,,,23.73186726178631,decision,ACQUIRE_DECISION_RELEVANT_EVIDENCE_BUDGET_NOT_RULED_OUT_BY_CONVERSE,True,,1,108272
PRIMARY,1,decision,ACQUIRE_DECISION_RELEVANT_EVIDENCE_BUDGET_NOT_RULED_OUT_BY_CONVERSE,D4,,,40.71455608683696,decision,ACQUIRE_DECISION_RELEVANT_EVIDENCE_BUDGET_NOT_RULED_OUT_BY_CONVERSE,True,,1,108273
PRIMARY,1,decision,ACQUIRE_DECISION_RELEVANT_EVIDENCE_BUDGET_NOT_RULED_OUT_BY_CONVERSE,D4,,,28.026757735532605,decision,ACQUIRE_DECISION_RELEVANT_EVIDENCE_BUDGET_NOT_RULED_OUT_BY_CONVERSE,True,,1,108274
PRIMARY,1,decision,ACQUIRE_DECISION_RELEVANT_EVIDENCE_BUDGET_NOT_RULED_OUT_BY_CONVERSE,D4,,,25.472018071301306,decision,ACQUIRE_DECISION_RELEVANT_EVIDENCE_BUDGET_NOT_RULED_OUT_BY_CONVERSE,True,,1,108275
PRIMARY,1,decision,ACQUIRE_DECISION_RELEVANT_EVIDENCE_BUDGET_NOT_RULED_OUT_BY_CONVERSE,D4,,,23.39607549280838,decision,ACQUIRE_DECISION_RELEVANT_EVIDENCE_BUDGET_NOT_RULED_OUT_BY_CONVERSE,True,,1,108276
PRIMARY,1,decision,ACQUIRE_DECISION_RELEVANT_EVIDENCE_BUDGET_NOT_RULED_OUT_BY_CONVERSE,D4,,,24.43212176407796,decision,ACQUIRE_DECISION_RELEVANT_EVIDENCE_BUDGET_NOT_RULED_OUT_BY_CONVERSE,True,,1,108277
PRIMARY,1,decision,ACQUIRE_DECISION_RELEVANT_EVIDENCE_BUDGET_NOT_RULED_OUT_BY_CONVERSE,D4,,,23.33345835848274,decision,ACQUIRE_DECISION_RELEVANT_EVIDENCE_BUDGET_NOT_RULED_OUT_BY_CONVERSE,True,,1,108278
PRIMARY,1,decision,ACQUIRE_DECISION_RELEVANT_EVIDENCE_BUDGET_NOT_RULED_OUT_BY_CONVERSE,D4,,,28.06075540647758,decision,ACQUIRE_DECISION_RELEVANT_EVIDENCE_BUDGET_NOT_RULED_OUT_BY_CONVERSE,True,,1,108279
PRIMARY,1,decision,ACQUIRE_DECISION_RELEVANT_EVIDENCE_BUDGET_NOT_RULED_OUT_BY_CONVERSE,D4,,,24.496917926925892,decision,ACQUIRE_DECISION_RELEVANT_EVIDENCE_BUDGET_NOT_RULED_OUT_BY_CONVERSE,True,,1,108280
PRIMARY,1,decision,ACQUIRE_DECISION_RELEVANT_EVIDENCE_BUDGET_NOT_RULED_OUT_BY_CONVERSE,D4,,,24.885919939188657,decision,ACQUIRE_DECISION_RELEVANT_EVIDENCE_BUDGET_NOT_RULED_OUT_BY_CONVERSE,True,,1,108281
PRIMARY,1,decision,ACQUIRE_DECISION_RELEVANT_EVIDENCE_BUDGET_NOT_RULED_OUT_BY_CONVERSE,D4,,,27.802256301788145,decision,ACQUIRE_DECISION_RELEVANT_EVIDENCE_BUDGET_NOT_RULED_OUT_BY_CONVERSE,True,,1,108282
PRIMARY,1,decision,ACQUIRE_DECISION_RELEVANT_EVIDENCE_BUDGET_NOT_RULED_OUT_BY_CONVERSE,D4,,,23.833036084533425,decision,ACQUIRE_DECISION_RELEVANT_EVIDENCE_BUDGET_NOT_RULED_OUT_BY_CONVERSE,True,,1,108283
PRIMARY,1,decision,ACQUIRE_DECISION_RELEVANT_EVIDENCE_BUDGET_NOT_RULED_OUT_BY_CONVERSE,D4,,,25.02648864952646,decision,ACQUIRE_DECISION_RELEVANT_EVIDENCE_BUDGET_NOT_RULED_OUT_BY_CONVERSE,True,,1,108284
PRIMARY,1,decision,ACQUIRE_DECISION_RELEVANT_EVIDENCE_BUDGET_NOT_RULED_OUT_BY_CONVERSE,D4,,,25.456424708642924,decision,ACQUIRE_DECISION_RELEVANT_EVIDENCE_BUDGET_NOT_RULED_OUT_BY_CONVERSE,True,,1,108285
PRIMARY,1,decision,ACQUIRE_DECISION_RELEVANT_EVIDENCE_BUDGET_NOT_RULED_OUT_BY_CONVERSE,D4,,,34.7359043071304,decision,ACQUIRE_DECISION_RELEVANT_EVIDENCE_BUDGET_NOT_RULED_OUT_BY_CONVERSE,True,,1,108286
PRIMARY,1,decision,ACQUIRE_DECISION_RELEVANT_EVIDENCE_BUDGET_NOT_RULED_OUT_BY_CONVERSE,D4,,,32.69578504120942,decision,ACQUIRE_DECISION_RELEVANT_EVIDENCE_BUDGET_NOT_RULED_OUT_BY_CONVERSE,True,,1,108287
PRIMARY,1,decision,ACQUIRE_DECISION_RELEVANT_EVIDENCE_BUDGET_NOT_RULED_OUT_BY_CONVERSE,D4,,,23.742283791625617,decision,ACQUIRE_DECISION_RELEVANT_EVIDENCE_BUDGET_NOT_RULED_OUT_BY_CONVERSE,True,,1,108288
PRIMARY,1,decision,ACQUIRE_DECISION_RELEVANT_EVIDENCE_BUDGET_NOT_RULED_OUT_BY_CONVERSE,D4,,,24.026447354032715,decision,ACQUIRE_DECISION_RELEVANT_EVIDENCE_BUDGET_NOT_RULED_OUT_BY_CONVERSE,True,,1,108289
PRIMARY,1,decision,ACQUIRE_DECISION_RELEVANT_EVIDENCE_BUDGET_NOT_RULED_OUT_BY_CONVERSE,D4,,,31.012801066356065,decision,ACQUIRE_DECISION_RELEVANT_EVIDENCE_BUDGET_NOT_RULED_OUT_BY_CONVERSE,True,,1,108290
PRIMARY,1,decision,ACQUIRE_DECISION_RELEVANT_EVIDENCE_BUDGET_NOT_RULED_OUT_BY_CONVERSE,D4,,,32.489707482233484,decision,ACQUIRE_DECISION_RELEVANT_EVIDENCE_BUDGET_NOT_RULED_OUT_BY_CONVERSE,True,,1,108291
PRIMARY,1,decision,ACQUIRE_DECISION_RELEVANT_EVIDENCE_BUDGET_NOT_RULED_OUT_BY_CONVERSE,D4,,,28.224783390804053,decision,ACQUIRE_DECISION_RELEVANT_EVIDENCE_BUDGET_NOT_RULED_OUT_BY_CONVERSE,True,,1,108292
PRIMARY,1,decision,ACQUIRE_DECISION_RELEVANT_EVIDENCE_BUDGET_NOT_RULED_OUT_BY_CONVERSE,D4,,,26.539406466978924,decision,ACQUIRE_DECISION_RELEVANT_EVIDENCE_BUDGET_NOT_RULED_OUT_BY_CONVERSE,True,,1,108293
PRIMARY,1,decision,ACQUIRE_DECISION_RELEVANT_EVIDENCE_BUDGET_NOT_RULED_OUT_BY_CONVERSE,D4,,,27.466802006936042,decision,ACQUIRE_DECISION_RELEVANT_EVIDENCE_BUDGET_NOT_RULED_OUT_BY_CONVERSE,True,,1,108294
PRIMARY,1,decision,ACQUIRE_DECISION_RELEVANT_EVIDENCE_BUDGET_NOT_RULED_OUT_BY_CONVERSE,D4,,,25.041162929399967,decision,ACQUIRE_DECISION_RELEVANT_EVIDENCE_BUDGET_NOT_RULED_OUT_BY_CONVERSE,True,,1,108295
PRIMARY,1,decision,ACQUIRE_DECISION_RELEVANT_EVIDENCE_BUDGET_NOT_RULED_OUT_BY_CONVERSE,D4,,,32.351962841381834,decision,ACQUIRE_DECISION_RELEVANT_EVIDENCE_BUDGET_NOT_RULED_OUT_BY_CONVERSE,True,,1,108296
PRIMARY,1,decision,ACQUIRE_DECISION_RELEVANT_EVIDENCE_BUDGET_NOT_RULED_OUT_BY_CONVERSE,D4,,,32.67075616057751,decision,ACQUIRE_DECISION_RELEVANT_EVIDENCE_BUDGET_NOT_RULED_OUT_BY_CONVERSE,True,,1,108297
PRIMARY,1,decision,ACQUIRE_DECISION_RELEVANT_EVIDENCE_BUDGET_NOT_RULED_OUT_BY_CONVERSE,D4,,,26.9235380367336,decision,ACQUIRE_DECISION_RELEVANT_EVIDENCE_BUDGET_NOT_RULED_OUT_BY_CONVERSE,True,,1,108298
PRIMARY,1,decision,ACQUIRE_DECISION_RELEVANT_EVIDENCE_BUDGET_NOT_RULED_OUT_BY_CONVERSE,D4,,,29.862352979068863,decision,ACQUIRE_DECISION_RELEVANT_EVIDENCE_BUDGET_NOT_RULED_OUT_BY_CONVERSE,True,,1,108299
PRIMARY,1,decision,ACQUIRE_DECISION_RELEVANT_EVIDENCE_BUDGET_NOT_RULED_OUT_BY_CONVERSE,D4,,,28.493379097589507,decision,ACQUIRE_DECISION_RELEVANT_EVIDENCE_BUDGET_NOT_RULED_OUT_BY_CONVERSE,True,,1,108300
PRIMARY,1,decision,ACQUIRE_DECISION_RELEVANT_EVIDENCE_BUDGET_NOT_RULED_OUT_BY_CONVERSE,D4,,,25.522202337766647,decision,ACQUIRE_DECISION_RELEVANT_EVIDENCE_BUDGET_NOT_RULED_OUT_BY_CONVERSE,True,,1,108301
PRIMARY,1,decision,ACQUIRE_DECISION_RELEVANT_EVIDENCE_BUDGET_NOT_RULED_OUT_BY_CONVERSE,D4,,,27.87128537998072,decision,ACQUIRE_DECISION_RELEVANT_EVIDENCE_BUDGET_NOT_RULED_OUT_BY_CONVERSE,True,,1,108302
PRIMARY,1,decision,ACQUIRE_DECISION_RELEVANT_EVIDENCE_BUDGET_NOT_RULED_OUT_BY_CONVERSE,D4,,,25.953260700145545,decision,ACQUIRE_DECISION_RELEVANT_EVIDENCE_BUDGET_NOT_RULED_OUT_BY_CONVERSE,True,,1,108303
PRIMARY,1,decision,ACQUIRE_DECISION_RELEVANT_EVIDENCE_BUDGET_NOT_RULED_OUT_BY_CONVERSE,D4,,,26.39524157548253,decision,ACQUIRE_DECISION_RELEVANT_EVIDENCE_BUDGET_NOT_RULED_OUT_BY_CONVERSE,True,,1,108304
PRIMARY,1,decision,ACQUIRE_DECISION_RELEVANT_EVIDENCE_BUDGET_NOT_RULED_OUT_BY_CONVERSE,D4,,,24.572181038240757,decision,ACQUIRE_DECISION_RELEVANT_EVIDENCE_BUDGET_NOT_RULED_OUT_BY_CONVERSE,True,,1,108305
PRIMARY,1,decision,ACQUIRE_DECISION_RELEVANT_EVIDENCE_BUDGET_NOT_RULED_OUT_BY_CONVERSE,D4,,,24.99275488047122,decision,ACQUIRE_DECISION_RELEVANT_EVIDENCE_BUDGET_NOT_RULED_OUT_BY_CONVERSE,True,,1,108306
PRIMARY,1,decision,ACQUIRE_DECISION_RELEVANT_EVIDENCE_BUDGET_NOT_RULED_OUT_BY_CONVERSE,D4,,,29.898520045405625,decision,ACQUIRE_DECISION_RELEVANT_EVIDENCE_BUDGET_NOT_RULED_OUT_BY_CONVERSE,True,,1,108307
PRIMARY,1,decision,ACQUIRE_DECISION_RELEVANT_EVIDENCE_BUDGET_NOT_RULED_OUT_BY_CONVERSE,D4,,,27.00871321326989,decision,ACQUIRE_DECISION_RELEVANT_EVIDENCE_BUDGET_NOT_RULED_OUT_BY_CONVERSE,True,,1,108308
PRIMARY,1,decision,ACQUIRE_DECISION_RELEVANT_EVIDENCE_BUDGET_NOT_RULED_OUT_BY_CONVERSE,D4,,,24.65324756508385,decision,ACQUIRE_DECISION_RELEVANT_EVIDENCE_BUDGET_NOT_RULED_OUT_BY_CONVERSE,True,,1,108309
PRIMARY,1,decision,ACQUIRE_DECISION_RELEVANT_EVIDENCE_BUDGET_NOT_RULED_OUT_BY_CONVERSE,D4,,,29.02068189180127,decision,ACQUIRE_DECISION_RELEVANT_EVIDENCE_BUDGET_NOT_RULED_OUT_BY_CONVERSE,True,,1,108310
PRIMARY,1,decision,ACQUIRE_DECISION_RELEVANT_EVIDENCE_BUDGET_NOT_RULED_OUT_BY_CONVERSE,D4,,,23.87263403078656,decision,ACQUIRE_DECISION_RELEVANT_EVIDENCE_BUDGET_NOT_RULED_OUT_BY_CONVERSE,True,,1,108311
PRIMARY,1,decision,ACQUIRE_DECISION_RELEVANT_EVIDENCE_BUDGET_NOT_RULED_OUT_BY_CONVERSE,D4,,,39.202894883414054,decision,ACQUIRE_DECISION_RELEVANT_EVIDENCE_BUDGET_NOT_RULED_OUT_BY_CONVERSE,True,,1,108312
PRIMARY,1,decision,ACQUIRE_DECISION_RELEVANT_EVIDENCE_BUDGET_NOT_RULED_OUT_BY_CONVERSE,D4,,,28.709348435323708,decision,ACQUIRE_DECISION_RELEVANT_EVIDENCE_BUDGET_NOT_RULED_OUT_BY_CONVERSE,True,,1,108313
PRIMARY,1,decision,ACQUIRE_DECISION_RELEVANT_EVIDENCE_BUDGET_NOT_RULED_OUT_BY_CONVERSE,D4,,,28.23917517686565,decision,ACQUIRE_DECISION_RELEVANT_EVIDENCE_BUDGET_NOT_RULED_OUT_BY_CONVERSE,True,,1,108314
PRIMARY,1,decision,ACQUIRE_DECISION_RELEVANT_EVIDENCE_BUDGET_NOT_RULED_OUT_BY_CONVERSE,D4,,,30.340682906437074,decision,ACQUIRE_DECISION_RELEVANT_EVIDENCE_BUDGET_NOT_RULED_OUT_BY_CONVERSE,True,,1,108315
PRIMARY,1,decision,ACQUIRE_DECISION_RELEVANT_EVIDENCE_BUDGET_NOT_RULED_OUT_BY_CONVERSE,D4,,,25.59943333872996,decision,ACQUIRE_DECISION_RELEVANT_EVIDENCE_BUDGET_NOT_RULED_OUT_BY_CONVERSE,True,,1,108316
PRIMARY,1,decision,ACQUIRE_DECISION_RELEVANT_EVIDENCE_BUDGET_NOT_RULED_OUT_BY_CONVERSE,D4,,,27.40239209837324,decision,ACQUIRE_DECISION_RELEVANT_EVIDENCE_BUDGET_NOT_RULED_OUT_BY_CONVERSE,True,,1,108317
PRIMARY,1,decision,ACQUIRE_DECISION_RELEVANT_EVIDENCE_BUDGET_NOT_RULED_OUT_BY_CONVERSE,D4,,,34.049443842223035,decision,ACQUIRE_DECISION_RELEVANT_EVIDENCE_BUDGET_NOT_RULED_OUT_BY_CONVERSE,True,,1,108318
PRIMARY,1,decision,ACQUIRE_DECISION_RELEVANT_EVIDENCE_BUDGET_NOT_RULED_OUT_BY_CONVERSE,D4,,,27.96719571041513,decision,ACQUIRE_DECISION_RELEVANT_EVIDENCE_BUDGET_NOT_RULED_OUT_BY_CONVERSE,True,,1,108319
PRIMARY,1,decision,ACQUIRE_DECISION_RELEVANT_EVIDENCE_BUDGET_NOT_RULED_OUT_BY_CONVERSE,D4,,,37.05252796073501,decision,ACQUIRE_DECISION_RELEVANT_EVIDENCE_BUDGET_NOT_RULED_OUT_BY_CONVERSE,True,,1,108320
PRIMARY,1,decision,ACQUIRE_DECISION_RELEVANT_EVIDENCE_BUDGET_NOT_RULED_OUT_BY_CONVERSE,D4,,,25.22570046817573,decision,ACQUIRE_DECISION_RELEVANT_EVIDENCE_BUDGET_NOT_RULED_OUT_BY_CONVERSE,True,,1,108321
PRIMARY,1,decision,ACQUIRE_DECISION_RELEVANT_EVIDENCE_BUDGET_NOT_RULED_OUT_BY_CONVERSE,D4,,,23.287931770689184,decision,ACQUIRE_DECISION_RELEVANT_EVIDENCE_BUDGET_NOT_RULED_OUT_BY_CONVERSE,True,,1,108322
PRIMARY,1,decision,ACQUIRE_DECISION_RELEVANT_EVIDENCE_BUDGET_NOT_RULED_OUT_BY_CONVERSE,D4,,,36.234509131772654,decision,ACQUIRE_DECISION_RELEVANT_EVIDENCE_BUDGET_NOT_RULED_OUT_BY_CONVERSE,True,,1,108323
PRIMARY,1,decision,ACQUIRE_DECISION_RELEVANT_EVIDENCE_BUDGET_NOT_RULED_OUT_BY_CONVERSE,D4,,,24.922309738130227,decision,ACQUIRE_DECISION_RELEVANT_EVIDENCE_BUDGET_NOT_RULED_OUT_BY_CONVERSE,True,,1,108324
PRIMARY,1,decision,ACQUIRE_DECISION_RELEVANT_EVIDENCE_BUDGET_NOT_RULED_OUT_BY_CONVERSE,D4,,,31.833122807534878,decision,ACQUIRE_DECISION_RELEVANT_EVIDENCE_BUDGET_NOT_RULED_OUT_BY_CONVERSE,True,,1,108325
PRIMARY,1,decision,ACQUIRE_DECISION_RELEVANT_EVIDENCE_BUDGET_NOT_RULED_OUT_BY_CONVERSE,D4,,,31.209497500216873,decision,ACQUIRE_DECISION_RELEVANT_EVIDENCE_BUDGET_NOT_RULED_OUT_BY_CONVERSE,True,,1,108326
PRIMARY,1,decision,ACQUIRE_DECISION_RELEVANT_EVIDENCE_BUDGET_NOT_RULED_OUT_BY_CONVERSE,D4,,,24.550657577121942,decision,ACQUIRE_DECISION_RELEVANT_EVIDENCE_BUDGET_NOT_RULED_OUT_BY_CONVERSE,True,,1,108327
PRIMARY,1,decision,ACQUIRE_DECISION_RELEVANT_EVIDENCE_BUDGET_NOT_RULED_OUT_BY_CONVERSE,D4,,,39.742723834541046,decision,ACQUIRE_DECISION_RELEVANT_EVIDENCE_BUDGET_NOT_RULED_OUT_BY_CONVERSE,True,,1,108328
PRIMARY,1,capacity,DECISION_ACTION_CAPACITY_BELOW_NECESSARY_BOUND,D5,,,19.623582063073655,capacity,DECISION_ACTION_CAPACITY_BELOW_NECESSARY_BOUND,True,,0,109201
PRIMARY,1,capacity,DECISION_ACTION_CAPACITY_BELOW_NECESSARY_BOUND,D5,,,18.89297892981877,capacity,DECISION_ACTION_CAPACITY_BELOW_NECESSARY_BOUND,True,,0,109202
PRIMARY,1,capacity,DECISION_ACTION_CAPACITY_BELOW_NECESSARY_BOUND,D5,,,24.551875437152667,capacity,DECISION_ACTION_CAPACITY_BELOW_NECESSARY_BOUND,True,,0,109203
PRIMARY,1,capacity,DECISION_ACTION_CAPACITY_BELOW_NECESSARY_BOUND,D5,,,21.915911096883264,capacity,DECISION_ACTION_CAPACITY_BELOW_NECESSARY_BOUND,True,,0,109204
PRIMARY,1,capacity,DECISION_ACTION_CAPACITY_BELOW_NECESSARY_BOUND,D5,,,19.390295335955795,capacity,DECISION_ACTION_CAPACITY_BELOW_NECESSARY_BOUND,True,,0,109205
PRIMARY,1,capacity,DECISION_ACTION_CAPACITY_BELOW_NECESSARY_BOUND,D5,,,23.16315643933432,capacity,DECISION_ACTION_CAPACITY_BELOW_NECESSARY_BOUND,True,,0,109206
PRIMARY,1,capacity,DECISION_ACTION_CAPACITY_BELOW_NECESSARY_BOUND,D5,,,19.733862481848654,capacity,DECISION_ACTION_CAPACITY_BELOW_NECESSARY_BOUND,True,,0,109207
PRIMARY,1,capacity,DECISION_ACTION_CAPACITY_BELOW_NECESSARY_BOUND,D5,,,22.501593524250207,capacity,DECISION_ACTION_CAPACITY_BELOW_NECESSARY_BOUND,True,,0,109208
PRIMARY,1,capacity,DECISION_ACTION_CAPACITY_BELOW_NECESSARY_BOUND,D5,,,25.563514876361282,capacity,DECISION_ACTION_CAPACITY_BELOW_NECESSARY_BOUND,True,,0,109209
PRIMARY,1,capacity,DECISION_ACTION_CAPACITY_BELOW_NECESSARY_BOUND,D5,,,23.26848257913525,capacity,DECISION_ACTION_CAPACITY_BELOW_NECESSARY_BOUND,True,,0,109210
PRIMARY,1,capacity,DECISION_ACTION_CAPACITY_BELOW_NECESSARY_BOUND,D5,,,18.95387504733745,capacity,DECISION_ACTION_CAPACITY_BELOW_NECESSARY_BOUND,True,,0,109211
PRIMARY,1,capacity,DECISION_ACTION_CAPACITY_BELOW_NECESSARY_BOUND,D5,,,24.710635265130446,capacity,DECISION_ACTION_CAPACITY_BELOW_NECESSARY_BOUND,True,,0,109212
PRIMARY,1,capacity,DECISION_ACTION_CAPACITY_BELOW_NECESSARY_BOUND,D5,,,21.74517985387885,capacity,DECISION_ACTION_CAPACITY_BELOW_NECESSARY_BOUND,True,,0,109213
PRIMARY,1,capacity,DECISION_ACTION_CAPACITY_BELOW_NECESSARY_BOUND,D5,,,24.940129217226836,capacity,DECISION_ACTION_CAPACITY_BELOW_NECESSARY_BOUND,True,,0,109214
PRIMARY,1,capacity,DECISION_ACTION_CAPACITY_BELOW_NECESSARY_BOUND,D5,,,20.633617964340516,capacity,DECISION_ACTION_CAPACITY_BELOW_NECESSARY_BOUND,True,,0,109215
PRIMARY,1,capacity,DECISION_ACTION_CAPACITY_BELOW_NECESSARY_BOUND,D5,,,25.128693723439326,capacity,DECISION_ACTION_CAPACITY_BELOW_NECESSARY_BOUND,True,,0,109216
PRIMARY,1,capacity,DECISION_ACTION_CAPACITY_BELOW_NECESSARY_BOUND,D5,,,19.391226961087728,capacity,DECISION_ACTION_CAPACITY_BELOW_NECESSARY_BOUND,True,,0,109217
PRIMARY,1,capacity,DECISION_ACTION_CAPACITY_BELOW_NECESSARY_BOUND,D5,,,24.68176109978534,capacity,DECISION_ACTION_CAPACITY_BELOW_NECESSARY_BOUND,True,,0,109218
PRIMARY,1,capacity,DECISION_ACTION_CAPACITY_BELOW_NECESSARY_BOUND,D5,,,19.89688448314548,capacity,DECISION_ACTION_CAPACITY_BELOW_NECESSARY_BOUND,True,,0,109219
PRIMARY,1,capacity,DECISION_ACTION_CAPACITY_BELOW_NECESSARY_BOUND,D5,,,19.036170942677476,capacity,DECISION_ACTION_CAPACITY_BELOW_NECESSARY_BOUND,True,,0,109220
PRIMARY,1,capacity,DECISION_ACTION_CAPACITY_BELOW_NECESSARY_BOUND,D5,,,21.703932810240314,capacity,DECISION_ACTION_CAPACITY_BELOW_NECESSARY_BOUND,True,,0,109221
PRIMARY,1,capacity,DECISION_ACTION_CAPACITY_BELOW_NECESSARY_BOUND,D5,,,22.186921958659926,capacity,DECISION_ACTION_CAPACITY_BELOW_NECESSARY_BOUND,True,,0,109222
PRIMARY,1,capacity,DECISION_ACTION_CAPACITY_BELOW_NECESSARY_BOUND,D5,,,25.27930643363714,capacity,DECISION_ACTION_CAPACITY_BELOW_NECESSARY_BOUND,True,,0,109223
PRIMARY,1,capacity,DECISION_ACTION_CAPACITY_BELOW_NECESSARY_BOUND,D5,,,17.54364562420833,capacity,DECISION_ACTION_CAPACITY_BELOW_NECESSARY_BOUND,True,,0,109224
PRIMARY,1,capacity,DECISION_ACTION_CAPACITY_BELOW_NECESSARY_BOUND,D5,,,20.68358092035649,capacity,DECISION_ACTION_CAPACITY_BELOW_NECESSARY_BOUND,True,,0,109225
PRIMARY,1,capacity,DECISION_ACTION_CAPACITY_BELOW_NECESSARY_BOUND,D5,,,23.848626945906496,capacity,DECISION_ACTION_CAPACITY_BELOW_NECESSARY_BOUND,True,,0,109226
PRIMARY,1,capacity,DECISION_ACTION_CAPACITY_BELOW_NECESSARY_BOUND,D5,,,24.080659592624578,capacity,DECISION_ACTION_CAPACITY_BELOW_NECESSARY_BOUND,True,,0,109227
PRIMARY,1,capacity,DECISION_ACTION_CAPACITY_BELOW_NECESSARY_BOUND,D5,,,18.13857118402327,capacity,DECISION_ACTION_CAPACITY_BELOW_NECESSARY_BOUND,True,,0,109228
PRIMARY,1,capacity,DECISION_ACTION_CAPACITY_BELOW_NECESSARY_BOUND,D5,,,21.917552207066837,capacity,DECISION_ACTION_CAPACITY_BELOW_NECESSARY_BOUND,True,,0,109229
PRIMARY,1,capacity,DECISION_ACTION_CAPACITY_BELOW_NECESSARY_BOUND,D5,,,19.212220837720363,capacity,DECISION_ACTION_CAPACITY_BELOW_NECESSARY_BOUND,True,,0,109230
PRIMARY,1,capacity,DECISION_ACTION_CAPACITY_BELOW_NECESSARY_BOUND,D5,,,18.210937971689933,capacity,DECISION_ACTION_CAPACITY_BELOW_NECESSARY_BOUND,True,,0,109231
PRIMARY,1,capacity,DECISION_ACTION_CAPACITY_BELOW_NECESSARY_BOUND,D5,,,19.861603956653486,capacity,DECISION_ACTION_CAPACITY_BELOW_NECESSARY_BOUND,True,,0,109232
PRIMARY,1,capacity,DECISION_ACTION_CAPACITY_BELOW_NECESSARY_BOUND,D5,,,19.094181848043835,capacity,DECISION_ACTION_CAPACITY_BELOW_NECESSARY_BOUND,True,,0,109233
PRIMARY,1,capacity,DECISION_ACTION_CAPACITY_BELOW_NECESSARY_BOUND,D5,,,25.93521772075084,capacity,DECISION_ACTION_CAPACITY_BELOW_NECESSARY_BOUND,True,,0,109234
PRIMARY,1,capacity,DECISION_ACTION_CAPACITY_BELOW_NECESSARY_BOUND,D5,,,18.96551099294229,capacity,DECISION_ACTION_CAPACITY_BELOW_NECESSARY_BOUND,True,,0,109235
PRIMARY,1,capacity,DECISION_ACTION_CAPACITY_BELOW_NECESSARY_BOUND,D5,,,24.127421538285425,capacity,DECISION_ACTION_CAPACITY_BELOW_NECESSARY_BOUND,True,,0,109236
PRIMARY,1,capacity,DECISION_ACTION_CAPACITY_BELOW_NECESSARY_BOUND,D5,,,18.36974649239101,capacity,DECISION_ACTION_CAPACITY_BELOW_NECESSARY_BOUND,True,,0,109237
PRIMARY,1,capacity,DECISION_ACTION_CAPACITY_BELOW_NECESSARY_BOUND,D5,,,17.539574192195136,capacity,DECISION_ACTION_CAPACITY_BELOW_NECESSARY_BOUND,True,,0,109238
PRIMARY,1,capacity,DECISION_ACTION_CAPACITY_BELOW_NECESSARY_BOUND,D5,,,21.834109957014377,capacity,DECISION_ACTION_CAPACITY_BELOW_NECESSARY_BOUND,True,,0,109239
PRIMARY,1,capacity,DECISION_ACTION_CAPACITY_BELOW_NECESSARY_BOUND,D5,,,17.5867371091445,capacity,DECISION_ACTION_CAPACITY_BELOW_NECESSARY_BOUND,True,,0,109240
PRIMARY,1,capacity,DECISION_ACTION_CAPACITY_BELOW_NECESSARY_BOUND,D5,,,19.822471892122817,capacity,DECISION_ACTION_CAPACITY_BELOW_NECESSARY_BOUND,True,,0,109241
PRIMARY,1,capacity,DECISION_ACTION_CAPACITY_BELOW_NECESSARY_BOUND,D5,,,20.420353819938853,capacity,DECISION_ACTION_CAPACITY_BELOW_NECESSARY_BOUND,True,,0,109242
PRIMARY,1,capacity,DECISION_ACTION_CAPACITY_BELOW_NECESSARY_BOUND,D5,,,20.502323003720754,capacity,DECISION_ACTION_CAPACITY_BELOW_NECESSARY_BOUND,True,,0,109243
PRIMARY,1,capacity,DECISION_ACTION_CAPACITY_BELOW_NECESSARY_BOUND,D5,,,17.963693775531333,capacity,DECISION_ACTION_CAPACITY_BELOW_NECESSARY_BOUND,True,,0,109244
PRIMARY,1,capacity,DECISION_ACTION_CAPACITY_BELOW_NECESSARY_BOUND,D5,,,17.57417207710939,capacity,DECISION_ACTION_CAPACITY_BELOW_NECESSARY_BOUND,True,,0,109245
PRIMARY,1,capacity,DECISION_ACTION_CAPACITY_BELOW_NECESSARY_BOUND,D5,,,18.472822774636885,capacity,DECISION_ACTION_CAPACITY_BELOW_NECESSARY_BOUND,True,,0,109246
PRIMARY,1,capacity,DECISION_ACTION_CAPACITY_BELOW_NECESSARY_BOUND,D5,,,18.938252215280617,capacity,DECISION_ACTION_CAPACITY_BELOW_NECESSARY_BOUND,True,,0,109247
PRIMARY,1,capacity,DECISION_ACTION_CAPACITY_BELOW_NECESSARY_BOUND,D5,,,23.59875128456246,capacity,DECISION_ACTION_CAPACITY_BELOW_NECESSARY_BOUND,True,,0,109248
PRIMARY,1,capacity,DECISION_ACTION_CAPACITY_BELOW_NECESSARY_BOUND,D5,,,19.34621764581387,capacity,DECISION_ACTION_CAPACITY_BELOW_NECESSARY_BOUND,True,,0,109249
PRIMARY,1,capacity,DECISION_ACTION_CAPACITY_BELOW_NECESSARY_BOUND,D5,,,18.081565834476187,capacity,DECISION_ACTION_CAPACITY_BELOW_NECESSARY_BOUND,True,,0,109250
PRIMARY,1,capacity,DECISION_ACTION_CAPACITY_BELOW_NECESSARY_BOUND,D5,,,18.222341576217573,capacity,DECISION_ACTION_CAPACITY_BELOW_NECESSARY_BOUND,True,,0,109251
PRIMARY,1,capacity,DECISION_ACTION_CAPACITY_BELOW_NECESSARY_BOUND,D5,,,21.2155398857035,capacity,DECISION_ACTION_CAPACITY_BELOW_NECESSARY_BOUND,True,,0,109252
PRIMARY,1,capacity,DECISION_ACTION_CAPACITY_BELOW_NECESSARY_BOUND,D5,,,23.644553715591215,capacity,DECISION_ACTION_CAPACITY_BELOW_NECESSARY_BOUND,True,,0,109253
PRIMARY,1,capacity,DECISION_ACTION_CAPACITY_BELOW_NECESSARY_BOUND,D5,,,20.914678067367372,capacity,DECISION_ACTION_CAPACITY_BELOW_NECESSARY_BOUND,True,,0,109254
PRIMARY,1,capacity,DECISION_ACTION_CAPACITY_BELOW_NECESSARY_BOUND,D5,,,19.453781217126238,capacity,DECISION_ACTION_CAPACITY_BELOW_NECESSARY_BOUND,True,,0,109255
PRIMARY,1,capacity,DECISION_ACTION_CAPACITY_BELOW_NECESSARY_BOUND,D5,,,20.185415046009762,capacity,DECISION_ACTION_CAPACITY_BELOW_NECESSARY_BOUND,True,,0,109256
PRIMARY,1,capacity,DECISION_ACTION_CAPACITY_BELOW_NECESSARY_BOUND,D5,,,23.723920712879217,capacity,DECISION_ACTION_CAPACITY_BELOW_NECESSARY_BOUND,True,,0,109257
PRIMARY,1,capacity,DECISION_ACTION_CAPACITY_BELOW_NECESSARY_BOUND,D5,,,17.85060467505666,capacity,DECISION_ACTION_CAPACITY_BELOW_NECESSARY_BOUND,True,,0,109258
PRIMARY,1,capacity,DECISION_ACTION_CAPACITY_BELOW_NECESSARY_BOUND,D5,,,19.97240414311364,capacity,DECISION_ACTION_CAPACITY_BELOW_NECESSARY_BOUND,True,,0,109259
PRIMARY,1,capacity,DECISION_ACTION_CAPACITY_BELOW_NECESSARY_BOUND,D5,,,19.571755315903662,capacity,DECISION_ACTION_CAPACITY_BELOW_NECESSARY_BOUND,True,,0,109260
PRIMARY,1,capacity,DECISION_ACTION_CAPACITY_BELOW_NECESSARY_BOUND,D5,,,24.698601512955467,capacity,DECISION_ACTION_CAPACITY_BELOW_NECESSARY_BOUND,True,,0,109261
PRIMARY,1,capacity,DECISION_ACTION_CAPACITY_BELOW_NECESSARY_BOUND,D5,,,20.01645078852796,capacity,DECISION_ACTION_CAPACITY_BELOW_NECESSARY_BOUND,True,,0,109262
PRIMARY,1,capacity,DECISION_ACTION_CAPACITY_BELOW_NECESSARY_BOUND,D5,,,23.763178922991457,capacity,DECISION_ACTION_CAPACITY_BELOW_NECESSARY_BOUND,True,,0,109263
PRIMARY,1,capacity,DECISION_ACTION_CAPACITY_BELOW_NECESSARY_BOUND,D5,,,25.826905926969257,capacity,DECISION_ACTION_CAPACITY_BELOW_NECESSARY_BOUND,True,,0,109264
PRIMARY,1,capacity,DECISION_ACTION_CAPACITY_BELOW_NECESSARY_BOUND,D5,,,23.57438245341603,capacity,DECISION_ACTION_CAPACITY_BELOW_NECESSARY_BOUND,True,,0,109265
PRIMARY,1,capacity,DECISION_ACTION_CAPACITY_BELOW_NECESSARY_BOUND,D5,,,25.76846085923242,capacity,DECISION_ACTION_CAPACITY_BELOW_NECESSARY_BOUND,True,,0,109266
PRIMARY,1,capacity,DECISION_ACTION_CAPACITY_BELOW_NECESSARY_BOUND,D5,,,20.837724267770124,capacity,DECISION_ACTION_CAPACITY_BELOW_NECESSARY_BOUND,True,,0,109267
PRIMARY,1,capacity,DECISION_ACTION_CAPACITY_BELOW_NECESSARY_BOUND,D5,,,22.212706991586273,capacity,DECISION_ACTION_CAPACITY_BELOW_NECESSARY_BOUND,True,,0,109268
PRIMARY,1,capacity,DECISION_ACTION_CAPACITY_BELOW_NECESSARY_BOUND,D5,,,20.175519459153463,capacity,DECISION_ACTION_CAPACITY_BELOW_NECESSARY_BOUND,True,,0,109269
PRIMARY,1,capacity,DECISION_ACTION_CAPACITY_BELOW_NECESSARY_BOUND,D5,,,19.77741386884921,capacity,DECISION_ACTION_CAPACITY_BELOW_NECESSARY_BOUND,True,,0,109270
PRIMARY,1,capacity,DECISION_ACTION_CAPACITY_BELOW_NECESSARY_BOUND,D5,,,23.567320992157455,capacity,DECISION_ACTION_CAPACITY_BELOW_NECESSARY_BOUND,True,,0,109271
PRIMARY,1,capacity,DECISION_ACTION_CAPACITY_BELOW_NECESSARY_BOUND,D5,,,24.404104705819105,capacity,DECISION_ACTION_CAPACITY_BELOW_NECESSARY_BOUND,True,,0,109272
PRIMARY,1,capacity,DECISION_ACTION_CAPACITY_BELOW_NECESSARY_BOUND,D5,,,19.399160000587994,capacity,DECISION_ACTION_CAPACITY_BELOW_NECESSARY_BOUND,True,,0,109273
PRIMARY,1,capacity,DECISION_ACTION_CAPACITY_BELOW_NECESSARY_BOUND,D5,,,17.80080146162881,capacity,DECISION_ACTION_CAPACITY_BELOW_NECESSARY_BOUND,True,,0,109274
PRIMARY,1,capacity,DECISION_ACTION_CAPACITY_BELOW_NECESSARY_BOUND,D5,,,17.880878886459524,capacity,DECISION_ACTION_CAPACITY_BELOW_NECESSARY_BOUND,True,,0,109275
PRIMARY,1,capacity,DECISION_ACTION_CAPACITY_BELOW_NECESSARY_BOUND,D5,,,21.814989068049226,capacity,DECISION_ACTION_CAPACITY_BELOW_NECESSARY_BOUND,True,,0,109276
PRIMARY,1,capacity,DECISION_ACTION_CAPACITY_BELOW_NECESSARY_BOUND,D5,,,17.595090219424392,capacity,DECISION_ACTION_CAPACITY_BELOW_NECESSARY_BOUND,True,,0,109277
PRIMARY,1,capacity,DECISION_ACTION_CAPACITY_BELOW_NECESSARY_BOUND,D5,,,25.92000563829475,capacity,DECISION_ACTION_CAPACITY_BELOW_NECESSARY_BOUND,True,,0,109278
PRIMARY,1,capacity,DECISION_ACTION_CAPACITY_BELOW_NECESSARY_BOUND,D5,,,19.181752355222994,capacity,DECISION_ACTION_CAPACITY_BELOW_NECESSARY_BOUND,True,,0,109279
PRIMARY,1,capacity,DECISION_ACTION_CAPACITY_BELOW_NECESSARY_BOUND,D5,,,23.66708400430024,capacity,DECISION_ACTION_CAPACITY_BELOW_NECESSARY_BOUND,True,,0,109280
PRIMARY,1,capacity,DECISION_ACTION_CAPACITY_BELOW_NECESSARY_BOUND,D5,,,19.211834913452222,capacity,DECISION_ACTION_CAPACITY_BELOW_NECESSARY_BOUND,True,,0,109281
PRIMARY,1,capacity,DECISION_ACTION_CAPACITY_BELOW_NECESSARY_BOUND,D5,,,20.772933651923566,capacity,DECISION_ACTION_CAPACITY_BELOW_NECESSARY_BOUND,True,,0,109282
PRIMARY,1,capacity,DECISION_ACTION_CAPACITY_BELOW_NECESSARY_BOUND,D5,,,18.168179290311564,capacity,DECISION_ACTION_CAPACITY_BELOW_NECESSARY_BOUND,True,,0,109283
PRIMARY,1,capacity,DECISION_ACTION_CAPACITY_BELOW_NECESSARY_BOUND,D5,,,24.872655223687698,capacity,DECISION_ACTION_CAPACITY_BELOW_NECESSARY_BOUND,True,,0,109284
PRIMARY,1,capacity,DECISION_ACTION_CAPACITY_BELOW_NECESSARY_BOUND,D5,,,24.265831163947983,capacity,DECISION_ACTION_CAPACITY_BELOW_NECESSARY_BOUND,True,,0,109285
PRIMARY,1,capacity,DECISION_ACTION_CAPACITY_BELOW_NECESSARY_BOUND,D5,,,20.874632718403248,capacity,DECISION_ACTION_CAPACITY_BELOW_NECESSARY_BOUND,True,,0,109286
PRIMARY,1,capacity,DECISION_ACTION_CAPACITY_BELOW_NECESSARY_BOUND,D5,,,18.31334307707047,capacity,DECISION_ACTION_CAPACITY_BELOW_NECESSARY_BOUND,True,,0,109287
PRIMARY,1,capacity,DECISION_ACTION_CAPACITY_BELOW_NECESSARY_BOUND,D5,,,18.05649566316863,capacity,DECISION_ACTION_CAPACITY_BELOW_NECESSARY_BOUND,True,,0,109288
PRIMARY,1,capacity,DECISION_ACTION_CAPACITY_BELOW_NECESSARY_BOUND,D5,,,22.979406038607813,capacity,DECISION_ACTION_CAPACITY_BELOW_NECESSARY_BOUND,True,,0,109289
PRIMARY,1,capacity,DECISION_ACTION_CAPACITY_BELOW_NECESSARY_BOUND,D5,,,24.8335441041852,capacity,DECISION_ACTION_CAPACITY_BELOW_NECESSARY_BOUND,True,,0,109290
PRIMARY,1,capacity,DECISION_ACTION_CAPACITY_BELOW_NECESSARY_BOUND,D5,,,21.168219065222324,capacity,DECISION_ACTION_CAPACITY_BELOW_NECESSARY_BOUND,True,,0,109291
PRIMARY,1,capacity,DECISION_ACTION_CAPACITY_BELOW_NECESSARY_BOUND,D5,,,17.999203759918,capacity,DECISION_ACTION_CAPACITY_BELOW_NECESSARY_BOUND,True,,0,109292
PRIMARY,1,capacity,DECISION_ACTION_CAPACITY_BELOW_NECESSARY_BOUND,D5,,,24.18725623379675,capacity,DECISION_ACTION_CAPACITY_BELOW_NECESSARY_BOUND,True,,0,109293
PRIMARY,1,capacity,DECISION_ACTION_CAPACITY_BELOW_NECESSARY_BOUND,D5,,,23.06432680153644,capacity,DECISION_ACTION_CAPACITY_BELOW_NECESSARY_BOUND,True,,0,109294
PRIMARY,1,capacity,DECISION_ACTION_CAPACITY_BELOW_NECESSARY_BOUND,D5,,,19.34621025935608,capacity,DECISION_ACTION_CAPACITY_BELOW_NECESSARY_BOUND,True,,0,109295
PRIMARY,1,capacity,DECISION_ACTION_CAPACITY_BELOW_NECESSARY_BOUND,D5,,,19.551213043707882,capacity,DECISION_ACTION_CAPACITY_BELOW_NECESSARY_BOUND,True,,0,109296
PRIMARY,1,capacity,DECISION_ACTION_CAPACITY_BELOW_NECESSARY_BOUND,D5,,,21.068744961220165,capacity,DECISION_ACTION_CAPACITY_BELOW_NECESSARY_BOUND,True,,0,109297
PRIMARY,1,capacity,DECISION_ACTION_CAPACITY_BELOW_NECESSARY_BOUND,D5,,,24.179100006811485,capacity,DECISION_ACTION_CAPACITY_BELOW_NECESSARY_BOUND,True,,0,109298
PRIMARY,1,capacity,DECISION_ACTION_CAPACITY_BELOW_NECESSARY_BOUND,D5,,,19.01550089799464,capacity,DECISION_ACTION_CAPACITY_BELOW_NECESSARY_BOUND,True,,0,109299
PRIMARY,1,capacity,DECISION_ACTION_CAPACITY_BELOW_NECESSARY_BOUND,D5,,,18.024208829077793,capacity,DECISION_ACTION_CAPACITY_BELOW_NECESSARY_BOUND,True,,0,109300
PRIMARY,1,capacity,DECISION_ACTION_CAPACITY_BELOW_NECESSARY_BOUND,D5,,,24.794761144001946,capacity,DECISION_ACTION_CAPACITY_BELOW_NECESSARY_BOUND,True,,0,109301
PRIMARY,1,capacity,DECISION_ACTION_CAPACITY_BELOW_NECESSARY_BOUND,D5,,,18.76940136255763,capacity,DECISION_ACTION_CAPACITY_BELOW_NECESSARY_BOUND,True,,0,109302
PRIMARY,1,capacity,DECISION_ACTION_CAPACITY_BELOW_NECESSARY_BOUND,D5,,,19.263263058125617,capacity,DECISION_ACTION_CAPACITY_BELOW_NECESSARY_BOUND,True,,0,109303
PRIMARY,1,capacity,DECISION_ACTION_CAPACITY_BELOW_NECESSARY_BOUND,D5,,,25.15303751715152,capacity,DECISION_ACTION_CAPACITY_BELOW_NECESSARY_BOUND,True,,0,109304
PRIMARY,1,capacity,DECISION_ACTION_CAPACITY_BELOW_NECESSARY_BOUND,D5,,,18.659194305802245,capacity,DECISION_ACTION_CAPACITY_BELOW_NECESSARY_BOUND,True,,0,109305
PRIMARY,1,capacity,DECISION_ACTION_CAPACITY_BELOW_NECESSARY_BOUND,D5,,,18.616224111282303,capacity,DECISION_ACTION_CAPACITY_BELOW_NECESSARY_BOUND,True,,0,109306
PRIMARY,1,capacity,DECISION_ACTION_CAPACITY_BELOW_NECESSARY_BOUND,D5,,,22.27403245170379,capacity,DECISION_ACTION_CAPACITY_BELOW_NECESSARY_BOUND,True,,0,109307
PRIMARY,1,capacity,DECISION_ACTION_CAPACITY_BELOW_NECESSARY_BOUND,D5,,,17.87416234767999,capacity,DECISION_ACTION_CAPACITY_BELOW_NECESSARY_BOUND,True,,0,109308
PRIMARY,1,capacity,DECISION_ACTION_CAPACITY_BELOW_NECESSARY_BOUND,D5,,,23.68652479248531,capacity,DECISION_ACTION_CAPACITY_BELOW_NECESSARY_BOUND,True,,0,109309
PRIMARY,1,capacity,DECISION_ACTION_CAPACITY_BELOW_NECESSARY_BOUND,D5,,,17.746011504971236,capacity,DECISION_ACTION_CAPACITY_BELOW_NECESSARY_BOUND,True,,0,109310
PRIMARY,1,capacity,DECISION_ACTION_CAPACITY_BELOW_NECESSARY_BOUND,D5,,,21.067571915371836,capacity,DECISION_ACTION_CAPACITY_BELOW_NECESSARY_BOUND,True,,0,109311
PRIMARY,1,capacity,DECISION_ACTION_CAPACITY_BELOW_NECESSARY_BOUND,D5,,,21.075693439517494,capacity,DECISION_ACTION_CAPACITY_BELOW_NECESSARY_BOUND,True,,0,109312
PRIMARY,1,capacity,DECISION_ACTION_CAPACITY_BELOW_NECESSARY_BOUND,D5,,,20.94245778750518,capacity,DECISION_ACTION_CAPACITY_BELOW_NECESSARY_BOUND,True,,0,109313
PRIMARY,1,capacity,DECISION_ACTION_CAPACITY_BELOW_NECESSARY_BOUND,D5,,,20.885528428262397,capacity,DECISION_ACTION_CAPACITY_BELOW_NECESSARY_BOUND,True,,0,109314
PRIMARY,1,capacity,DECISION_ACTION_CAPACITY_BELOW_NECESSARY_BOUND,D5,,,17.6054559380455,capacity,DECISION_ACTION_CAPACITY_BELOW_NECESSARY_BOUND,True,,0,109315
PRIMARY,1,capacity,DECISION_ACTION_CAPACITY_BELOW_NECESSARY_BOUND,D5,,,18.135753761136844,capacity,DECISION_ACTION_CAPACITY_BELOW_NECESSARY_BOUND,True,,0,109316
PRIMARY,1,capacity,DECISION_ACTION_CAPACITY_BELOW_NECESSARY_BOUND,D5,,,21.630420455965183,capacity,DECISION_ACTION_CAPACITY_BELOW_NECESSARY_BOUND,True,,0,109317
PRIMARY,1,capacity,DECISION_ACTION_CAPACITY_BELOW_NECESSARY_BOUND,D5,,,24.104324734330667,capacity,DECISION_ACTION_CAPACITY_BELOW_NECESSARY_BOUND,True,,0,109318
PRIMARY,1,capacity,DECISION_ACTION_CAPACITY_BELOW_NECESSARY_BOUND,D5,,,18.786295210555377,capacity,DECISION_ACTION_CAPACITY_BELOW_NECESSARY_BOUND,True,,0,109319
PRIMARY,1,capacity,DECISION_ACTION_CAPACITY_BELOW_NECESSARY_BOUND,D5,,,18.901284828518556,capacity,DECISION_ACTION_CAPACITY_BELOW_NECESSARY_BOUND,True,,0,109320
PRIMARY,1,capacity,DECISION_ACTION_CAPACITY_BELOW_NECESSARY_BOUND,D5,,,17.977278664939234,capacity,DECISION_ACTION_CAPACITY_BELOW_NECESSARY_BOUND,True,,0,109321
PRIMARY,1,capacity,DECISION_ACTION_CAPACITY_BELOW_NECESSARY_BOUND,D5,,,22.452089838008273,capacity,DECISION_ACTION_CAPACITY_BELOW_NECESSARY_BOUND,True,,0,109322
PRIMARY,1,capacity,DECISION_ACTION_CAPACITY_BELOW_NECESSARY_BOUND,D5,,,25.194645296771725,capacity,DECISION_ACTION_CAPACITY_BELOW_NECESSARY_BOUND,True,,0,109323
PRIMARY,1,capacity,DECISION_ACTION_CAPACITY_BELOW_NECESSARY_BOUND,D5,,,22.519546121250183,capacity,DECISION_ACTION_CAPACITY_BELOW_NECESSARY_BOUND,True,,0,109324
PRIMARY,1,capacity,DECISION_ACTION_CAPACITY_BELOW_NECESSARY_BOUND,D5,,,17.798388165727356,capacity,DECISION_ACTION_CAPACITY_BELOW_NECESSARY_BOUND,True,,0,109325
PRIMARY,1,capacity,DECISION_ACTION_CAPACITY_BELOW_NECESSARY_BOUND,D5,,,22.65830668505876,capacity,DECISION_ACTION_CAPACITY_BELOW_NECESSARY_BOUND,True,,0,109326
PRIMARY,1,capacity,DECISION_ACTION_CAPACITY_BELOW_NECESSARY_BOUND,D5,,,17.550066804086864,capacity,DECISION_ACTION_CAPACITY_BELOW_NECESSARY_BOUND,True,,0,109327
PRIMARY,1,capacity,DECISION_ACTION_CAPACITY_BELOW_NECESSARY_BOUND,D5,,,21.482507026258684,capacity,DECISION_ACTION_CAPACITY_BELOW_NECESSARY_BOUND,True,,0,109328
PRIMARY,1,budget,INSUFFICIENT_DECISION_INFORMATION_BUDGET,D6,,,17.571276378246534,budget,INSUFFICIENT_DECISION_INFORMATION_BUDGET,True,,0,110201
PRIMARY,1,budget,INSUFFICIENT_DECISION_INFORMATION_BUDGET,D6,,,25.108999362149394,budget,INSUFFICIENT_DECISION_INFORMATION_BUDGET,True,,0,110202
PRIMARY,1,budget,INSUFFICIENT_DECISION_INFORMATION_BUDGET,D6,,,20.298252321374076,budget,INSUFFICIENT_DECISION_INFORMATION_BUDGET,True,,0,110203
PRIMARY,1,budget,INSUFFICIENT_DECISION_INFORMATION_BUDGET,D6,,,22.256970373712267,budget,INSUFFICIENT_DECISION_INFORMATION_BUDGET,True,,0,110204
PRIMARY,1,budget,INSUFFICIENT_DECISION_INFORMATION_BUDGET,D6,,,19.36900863119269,budget,INSUFFICIENT_DECISION_INFORMATION_BUDGET,True,,0,110205
PRIMARY,1,budget,INSUFFICIENT_DECISION_INFORMATION_BUDGET,D6,,,18.88450821214538,budget,INSUFFICIENT_DECISION_INFORMATION_BUDGET,True,,0,110206
PRIMARY,1,budget,INSUFFICIENT_DECISION_INFORMATION_BUDGET,D6,,,17.882834927185666,budget,INSUFFICIENT_DECISION_INFORMATION_BUDGET,True,,0,110207
PRIMARY,1,budget,INSUFFICIENT_DECISION_INFORMATION_BUDGET,D6,,,18.588971933116802,budget,INSUFFICIENT_DECISION_INFORMATION_BUDGET,True,,0,110208
PRIMARY,1,budget,INSUFFICIENT_DECISION_INFORMATION_BUDGET,D6,,,24.434813898062675,budget,INSUFFICIENT_DECISION_INFORMATION_BUDGET,True,,0,110209
PRIMARY,1,budget,INSUFFICIENT_DECISION_INFORMATION_BUDGET,D6,,,18.647342664143782,budget,INSUFFICIENT_DECISION_INFORMATION_BUDGET,True,,0,110210
PRIMARY,1,budget,INSUFFICIENT_DECISION_INFORMATION_BUDGET,D6,,,19.87904600571213,budget,INSUFFICIENT_DECISION_INFORMATION_BUDGET,True,,0,110211
PRIMARY,1,budget,INSUFFICIENT_DECISION_INFORMATION_BUDGET,D6,,,25.672869248271844,budget,INSUFFICIENT_DECISION_INFORMATION_BUDGET,True,,0,110212
PRIMARY,1,budget,INSUFFICIENT_DECISION_INFORMATION_BUDGET,D6,,,18.444249999396465,budget,INSUFFICIENT_DECISION_INFORMATION_BUDGET,True,,0,110213
PRIMARY,1,budget,INSUFFICIENT_DECISION_INFORMATION_BUDGET,D6,,,21.76325119179463,budget,INSUFFICIENT_DECISION_INFORMATION_BUDGET,True,,0,110214
PRIMARY,1,budget,INSUFFICIENT_DECISION_INFORMATION_BUDGET,D6,,,18.146039244484488,budget,INSUFFICIENT_DECISION_INFORMATION_BUDGET,True,,0,110215
PRIMARY,1,budget,INSUFFICIENT_DECISION_INFORMATION_BUDGET,D6,,,19.192711229460294,budget,INSUFFICIENT_DECISION_INFORMATION_BUDGET,True,,0,110216
PRIMARY,1,budget,INSUFFICIENT_DECISION_INFORMATION_BUDGET,D6,,,18.222086280718266,budget,INSUFFICIENT_DECISION_INFORMATION_BUDGET,True,,0,110217
PRIMARY,1,budget,INSUFFICIENT_DECISION_INFORMATION_BUDGET,D6,,,24.772131152232014,budget,INSUFFICIENT_DECISION_INFORMATION_BUDGET,True,,0,110218
PRIMARY,1,budget,INSUFFICIENT_DECISION_INFORMATION_BUDGET,D6,,,21.139832125150036,budget,INSUFFICIENT_DECISION_INFORMATION_BUDGET,True,,0,110219
PRIMARY,1,budget,INSUFFICIENT_DECISION_INFORMATION_BUDGET,D6,,,24.23114838480276,budget,INSUFFICIENT_DECISION_INFORMATION_BUDGET,True,,0,110220
PRIMARY,1,budget,INSUFFICIENT_DECISION_INFORMATION_BUDGET,D6,,,25.064709200280497,budget,INSUFFICIENT_DECISION_INFORMATION_BUDGET,True,,0,110221
PRIMARY,1,budget,INSUFFICIENT_DECISION_INFORMATION_BUDGET,D6,,,21.798925017611555,budget,INSUFFICIENT_DECISION_INFORMATION_BUDGET,True,,0,110222
PRIMARY,1,budget,INSUFFICIENT_DECISION_INFORMATION_BUDGET,D6,,,18.04822438511733,budget,INSUFFICIENT_DECISION_INFORMATION_BUDGET,True,,0,110223
PRIMARY,1,budget,INSUFFICIENT_DECISION_INFORMATION_BUDGET,D6,,,22.36133784140305,budget,INSUFFICIENT_DECISION_INFORMATION_BUDGET,True,,0,110224
PRIMARY,1,budget,INSUFFICIENT_DECISION_INFORMATION_BUDGET,D6,,,18.866524799361805,budget,INSUFFICIENT_DECISION_INFORMATION_BUDGET,True,,0,110225
PRIMARY,1,budget,INSUFFICIENT_DECISION_INFORMATION_BUDGET,D6,,,19.350853530260867,budget,INSUFFICIENT_DECISION_INFORMATION_BUDGET,True,,0,110226
PRIMARY,1,budget,INSUFFICIENT_DECISION_INFORMATION_BUDGET,D6,,,18.367583063472843,budget,INSUFFICIENT_DECISION_INFORMATION_BUDGET,True,,0,110227
PRIMARY,1,budget,INSUFFICIENT_DECISION_INFORMATION_BUDGET,D6,,,19.468558154458837,budget,INSUFFICIENT_DECISION_INFORMATION_BUDGET,True,,0,110228
PRIMARY,1,budget,INSUFFICIENT_DECISION_INFORMATION_BUDGET,D6,,,24.46292920767093,budget,INSUFFICIENT_DECISION_INFORMATION_BUDGET,True,,0,110229
PRIMARY,1,budget,INSUFFICIENT_DECISION_INFORMATION_BUDGET,D6,,,24.630269165754846,budget,INSUFFICIENT_DECISION_INFORMATION_BUDGET,True,,0,110230
PRIMARY,1,budget,INSUFFICIENT_DECISION_INFORMATION_BUDGET,D6,,,19.357858484631546,budget,INSUFFICIENT_DECISION_INFORMATION_BUDGET,True,,0,110231
PRIMARY,1,budget,INSUFFICIENT_DECISION_INFORMATION_BUDGET,D6,,,18.785886439182768,budget,INSUFFICIENT_DECISION_INFORMATION_BUDGET,True,,0,110232
PRIMARY,1,budget,INSUFFICIENT_DECISION_INFORMATION_BUDGET,D6,,,25.361726685979498,budget,INSUFFICIENT_DECISION_INFORMATION_BUDGET,True,,0,110233
PRIMARY,1,budget,INSUFFICIENT_DECISION_INFORMATION_BUDGET,D6,,,19.139514831416324,budget,INSUFFICIENT_DECISION_INFORMATION_BUDGET,True,,0,110234
PRIMARY,1,budget,INSUFFICIENT_DECISION_INFORMATION_BUDGET,D6,,,19.609229893284024,budget,INSUFFICIENT_DECISION_INFORMATION_BUDGET,True,,0,110235
PRIMARY,1,budget,INSUFFICIENT_DECISION_INFORMATION_BUDGET,D6,,,19.484132086749835,budget,INSUFFICIENT_DECISION_INFORMATION_BUDGET,True,,0,110236
PRIMARY,1,budget,INSUFFICIENT_DECISION_INFORMATION_BUDGET,D6,,,21.88601615249092,budget,INSUFFICIENT_DECISION_INFORMATION_BUDGET,True,,0,110237
PRIMARY,1,budget,INSUFFICIENT_DECISION_INFORMATION_BUDGET,D6,,,24.7289959336581,budget,INSUFFICIENT_DECISION_INFORMATION_BUDGET,True,,0,110238
PRIMARY,1,budget,INSUFFICIENT_DECISION_INFORMATION_BUDGET,D6,,,25.444887813404307,budget,INSUFFICIENT_DECISION_INFORMATION_BUDGET,True,,0,110239
PRIMARY,1,budget,INSUFFICIENT_DECISION_INFORMATION_BUDGET,D6,,,26.10234224325733,budget,INSUFFICIENT_DECISION_INFORMATION_BUDGET,True,,0,110240
PRIMARY,1,budget,INSUFFICIENT_DECISION_INFORMATION_BUDGET,D6,,,20.654853630174884,budget,INSUFFICIENT_DECISION_INFORMATION_BUDGET,True,,0,110241
PRIMARY,1,budget,INSUFFICIENT_DECISION_INFORMATION_BUDGET,D6,,,20.92512724843017,budget,INSUFFICIENT_DECISION_INFORMATION_BUDGET,True,,0,110242
PRIMARY,1,budget,INSUFFICIENT_DECISION_INFORMATION_BUDGET,D6,,,17.77939159676153,budget,INSUFFICIENT_DECISION_INFORMATION_BUDGET,True,,0,110243
PRIMARY,1,budget,INSUFFICIENT_DECISION_INFORMATION_BUDGET,D6,,,17.701062788348292,budget,INSUFFICIENT_DECISION_INFORMATION_BUDGET,True,,0,110244
PRIMARY,1,budget,INSUFFICIENT_DECISION_INFORMATION_BUDGET,D6,,,18.690086226021666,budget,INSUFFICIENT_DECISION_INFORMATION_BUDGET,True,,0,110245
PRIMARY,1,budget,INSUFFICIENT_DECISION_INFORMATION_BUDGET,D6,,,18.271965164535207,budget,INSUFFICIENT_DECISION_INFORMATION_BUDGET,True,,0,110246
PRIMARY,1,budget,INSUFFICIENT_DECISION_INFORMATION_BUDGET,D6,,,23.768259446153355,budget,INSUFFICIENT_DECISION_INFORMATION_BUDGET,True,,0,110247
PRIMARY,1,budget,INSUFFICIENT_DECISION_INFORMATION_BUDGET,D6,,,22.51649526169844,budget,INSUFFICIENT_DECISION_INFORMATION_BUDGET,True,,0,110248
PRIMARY,1,budget,INSUFFICIENT_DECISION_INFORMATION_BUDGET,D6,,,24.776034822697998,budget,INSUFFICIENT_DECISION_INFORMATION_BUDGET,True,,0,110249
PRIMARY,1,budget,INSUFFICIENT_DECISION_INFORMATION_BUDGET,D6,,,20.956444285313513,budget,INSUFFICIENT_DECISION_INFORMATION_BUDGET,True,,0,110250
PRIMARY,1,budget,INSUFFICIENT_DECISION_INFORMATION_BUDGET,D6,,,20.73946072595696,budget,INSUFFICIENT_DECISION_INFORMATION_BUDGET,True,,0,110251
PRIMARY,1,budget,INSUFFICIENT_DECISION_INFORMATION_BUDGET,D6,,,22.13600571552726,budget,INSUFFICIENT_DECISION_INFORMATION_BUDGET,True,,0,110252
PRIMARY,1,budget,INSUFFICIENT_DECISION_INFORMATION_BUDGET,D6,,,22.61359460308969,budget,INSUFFICIENT_DECISION_INFORMATION_BUDGET,True,,0,110253
PRIMARY,1,budget,INSUFFICIENT_DECISION_INFORMATION_BUDGET,D6,,,20.561492061028176,budget,INSUFFICIENT_DECISION_INFORMATION_BUDGET,True,,0,110254
PRIMARY,1,budget,INSUFFICIENT_DECISION_INFORMATION_BUDGET,D6,,,20.78871830553277,budget,INSUFFICIENT_DECISION_INFORMATION_BUDGET,True,,0,110255
PRIMARY,1,budget,INSUFFICIENT_DECISION_INFORMATION_BUDGET,D6,,,19.84599535924429,budget,INSUFFICIENT_DECISION_INFORMATION_BUDGET,True,,0,110256
PRIMARY,1,budget,INSUFFICIENT_DECISION_INFORMATION_BUDGET,D6,,,19.379344077142605,budget,INSUFFICIENT_DECISION_INFORMATION_BUDGET,True,,0,110257
PRIMARY,1,budget,INSUFFICIENT_DECISION_INFORMATION_BUDGET,D6,,,21.596372223985643,budget,INSUFFICIENT_DECISION_INFORMATION_BUDGET,True,,0,110258
PRIMARY,1,budget,INSUFFICIENT_DECISION_INFORMATION_BUDGET,D6,,,17.944484690789796,budget,INSUFFICIENT_DECISION_INFORMATION_BUDGET,True,,0,110259
PRIMARY,1,budget,INSUFFICIENT_DECISION_INFORMATION_BUDGET,D6,,,17.958737028012468,budget,INSUFFICIENT_DECISION_INFORMATION_BUDGET,True,,0,110260
PRIMARY,1,budget,INSUFFICIENT_DECISION_INFORMATION_BUDGET,D6,,,26.020098918144615,budget,INSUFFICIENT_DECISION_INFORMATION_BUDGET,True,,0,110261
PRIMARY,1,budget,INSUFFICIENT_DECISION_INFORMATION_BUDGET,D6,,,23.997806495943586,budget,INSUFFICIENT_DECISION_INFORMATION_BUDGET,True,,0,110262
PRIMARY,1,budget,INSUFFICIENT_DECISION_INFORMATION_BUDGET,D6,,,21.071236834784678,budget,INSUFFICIENT_DECISION_INFORMATION_BUDGET,True,,0,110263
PRIMARY,1,budget,INSUFFICIENT_DECISION_INFORMATION_BUDGET,D6,,,19.13439208469212,budget,INSUFFICIENT_DECISION_INFORMATION_BUDGET,True,,0,110264
PRIMARY,1,budget,INSUFFICIENT_DECISION_INFORMATION_BUDGET,D6,,,21.784334776105215,budget,INSUFFICIENT_DECISION_INFORMATION_BUDGET,True,,0,110265
PRIMARY,1,budget,INSUFFICIENT_DECISION_INFORMATION_BUDGET,D6,,,22.986207822089355,budget,INSUFFICIENT_DECISION_INFORMATION_BUDGET,True,,0,110266
PRIMARY,1,budget,INSUFFICIENT_DECISION_INFORMATION_BUDGET,D6,,,24.01963482435976,budget,INSUFFICIENT_DECISION_INFORMATION_BUDGET,True,,0,110267
PRIMARY,1,budget,INSUFFICIENT_DECISION_INFORMATION_BUDGET,D6,,,19.067031782338507,budget,INSUFFICIENT_DECISION_INFORMATION_BUDGET,True,,0,110268
PRIMARY,1,budget,INSUFFICIENT_DECISION_INFORMATION_BUDGET,D6,,,17.978848101827992,budget,INSUFFICIENT_DECISION_INFORMATION_BUDGET,True,,0,110269
PRIMARY,1,budget,INSUFFICIENT_DECISION_INFORMATION_BUDGET,D6,,,17.918807173779904,budget,INSUFFICIENT_DECISION_INFORMATION_BUDGET,True,,0,110270
PRIMARY,1,budget,INSUFFICIENT_DECISION_INFORMATION_BUDGET,D6,,,22.421954268423754,budget,INSUFFICIENT_DECISION_INFORMATION_BUDGET,True,,0,110271
PRIMARY,1,budget,INSUFFICIENT_DECISION_INFORMATION_BUDGET,D6,,,21.1583315546124,budget,INSUFFICIENT_DECISION_INFORMATION_BUDGET,True,,0,110272
PRIMARY,1,budget,INSUFFICIENT_DECISION_INFORMATION_BUDGET,D6,,,19.353054051486176,budget,INSUFFICIENT_DECISION_INFORMATION_BUDGET,True,,0,110273
PRIMARY,1,budget,INSUFFICIENT_DECISION_INFORMATION_BUDGET,D6,,,18.3215276631857,budget,INSUFFICIENT_DECISION_INFORMATION_BUDGET,True,,0,110274
PRIMARY,1,budget,INSUFFICIENT_DECISION_INFORMATION_BUDGET,D6,,,20.22540100101125,budget,INSUFFICIENT_DECISION_INFORMATION_BUDGET,True,,0,110275
PRIMARY,1,budget,INSUFFICIENT_DECISION_INFORMATION_BUDGET,D6,,,22.379824004400124,budget,INSUFFICIENT_DECISION_INFORMATION_BUDGET,True,,0,110276
PRIMARY,1,budget,INSUFFICIENT_DECISION_INFORMATION_BUDGET,D6,,,19.135679043443623,budget,INSUFFICIENT_DECISION_INFORMATION_BUDGET,True,,0,110277
PRIMARY,1,budget,INSUFFICIENT_DECISION_INFORMATION_BUDGET,D6,,,20.638035663625825,budget,INSUFFICIENT_DECISION_INFORMATION_BUDGET,True,,0,110278
PRIMARY,1,budget,INSUFFICIENT_DECISION_INFORMATION_BUDGET,D6,,,22.996727315330208,budget,INSUFFICIENT_DECISION_INFORMATION_BUDGET,True,,0,110279
PRIMARY,1,budget,INSUFFICIENT_DECISION_INFORMATION_BUDGET,D6,,,26.00990583269857,budget,INSUFFICIENT_DECISION_INFORMATION_BUDGET,True,,0,110280
PRIMARY,1,budget,INSUFFICIENT_DECISION_INFORMATION_BUDGET,D6,,,19.136283592851864,budget,INSUFFICIENT_DECISION_INFORMATION_BUDGET,True,,0,110281
PRIMARY,1,budget,INSUFFICIENT_DECISION_INFORMATION_BUDGET,D6,,,18.65576298565381,budget,INSUFFICIENT_DECISION_INFORMATION_BUDGET,True,,0,110282
PRIMARY,1,budget,INSUFFICIENT_DECISION_INFORMATION_BUDGET,D6,,,21.239931466582167,budget,INSUFFICIENT_DECISION_INFORMATION_BUDGET,True,,0,110283
PRIMARY,1,budget,INSUFFICIENT_DECISION_INFORMATION_BUDGET,D6,,,19.344167715273592,budget,INSUFFICIENT_DECISION_INFORMATION_BUDGET,True,,0,110284
PRIMARY,1,budget,INSUFFICIENT_DECISION_INFORMATION_BUDGET,D6,,,17.509593147770207,budget,INSUFFICIENT_DECISION_INFORMATION_BUDGET,True,,0,110285
PRIMARY,1,budget,INSUFFICIENT_DECISION_INFORMATION_BUDGET,D6,,,20.515456588391668,budget,INSUFFICIENT_DECISION_INFORMATION_BUDGET,True,,0,110286
PRIMARY,1,budget,INSUFFICIENT_DECISION_INFORMATION_BUDGET,D6,,,20.727848406320362,budget,INSUFFICIENT_DECISION_INFORMATION_BUDGET,True,,0,110287
PRIMARY,1,budget,INSUFFICIENT_DECISION_INFORMATION_BUDGET,D6,,,21.62414857249862,budget,INSUFFICIENT_DECISION_INFORMATION_BUDGET,True,,0,110288
PRIMARY,1,budget,INSUFFICIENT_DECISION_INFORMATION_BUDGET,D6,,,23.113334270460932,budget,INSUFFICIENT_DECISION_INFORMATION_BUDGET,True,,0,110289
PRIMARY,1,budget,INSUFFICIENT_DECISION_INFORMATION_BUDGET,D6,,,24.449675332467436,budget,INSUFFICIENT_DECISION_INFORMATION_BUDGET,True,,0,110290
PRIMARY,1,budget,INSUFFICIENT_DECISION_INFORMATION_BUDGET,D6,,,23.932697832018757,budget,INSUFFICIENT_DECISION_INFORMATION_BUDGET,True,,0,110291
PRIMARY,1,budget,INSUFFICIENT_DECISION_INFORMATION_BUDGET,D6,,,19.917661588961415,budget,INSUFFICIENT_DECISION_INFORMATION_BUDGET,True,,0,110292
PRIMARY,1,budget,INSUFFICIENT_DECISION_INFORMATION_BUDGET,D6,,,23.759924329971273,budget,INSUFFICIENT_DECISION_INFORMATION_BUDGET,True,,0,110293
PRIMARY,1,budget,INSUFFICIENT_DECISION_INFORMATION_BUDGET,D6,,,19.637661418062446,budget,INSUFFICIENT_DECISION_INFORMATION_BUDGET,True,,0,110294
PRIMARY,1,budget,INSUFFICIENT_DECISION_INFORMATION_BUDGET,D6,,,21.84446529684403,budget,INSUFFICIENT_DECISION_INFORMATION_BUDGET,True,,0,110295
PRIMARY,1,budget,INSUFFICIENT_DECISION_INFORMATION_BUDGET,D6,,,22.89982714184896,budget,INSUFFICIENT_DECISION_INFORMATION_BUDGET,True,,0,110296
PRIMARY,1,budget,INSUFFICIENT_DECISION_INFORMATION_BUDGET,D6,,,20.020574217518046,budget,INSUFFICIENT_DECISION_INFORMATION_BUDGET,True,,0,110297
PRIMARY,1,budget,INSUFFICIENT_DECISION_INFORMATION_BUDGET,D6,,,22.373350077110924,budget,INSUFFICIENT_DECISION_INFORMATION_BUDGET,True,,0,110298
PRIMARY,1,budget,INSUFFICIENT_DECISION_INFORMATION_BUDGET,D6,,,19.35492689515444,budget,INSUFFICIENT_DECISION_INFORMATION_BUDGET,True,,0,110299
PRIMARY,1,budget,INSUFFICIENT_DECISION_INFORMATION_BUDGET,D6,,,18.949040953635823,budget,INSUFFICIENT_DECISION_INFORMATION_BUDGET,True,,0,110300
PRIMARY,1,budget,INSUFFICIENT_DECISION_INFORMATION_BUDGET,D6,,,19.508590954024186,budget,INSUFFICIENT_DECISION_INFORMATION_BUDGET,True,,0,110301
PRIMARY,1,budget,INSUFFICIENT_DECISION_INFORMATION_BUDGET,D6,,,21.43126790760128,budget,INSUFFICIENT_DECISION_INFORMATION_BUDGET,True,,0,110302
PRIMARY,1,budget,INSUFFICIENT_DECISION_INFORMATION_BUDGET,D6,,,18.352851132288478,budget,INSUFFICIENT_DECISION_INFORMATION_BUDGET,True,,0,110303
PRIMARY,1,budget,INSUFFICIENT_DECISION_INFORMATION_BUDGET,D6,,,22.431470944877297,budget,INSUFFICIENT_DECISION_INFORMATION_BUDGET,True,,0,110304
PRIMARY,1,budget,INSUFFICIENT_DECISION_INFORMATION_BUDGET,D6,,,18.756628194439678,budget,INSUFFICIENT_DECISION_INFORMATION_BUDGET,True,,0,110305
PRIMARY,1,budget,INSUFFICIENT_DECISION_INFORMATION_BUDGET,D6,,,18.092212075237263,budget,INSUFFICIENT_DECISION_INFORMATION_BUDGET,True,,0,110306
PRIMARY,1,budget,INSUFFICIENT_DECISION_INFORMATION_BUDGET,D6,,,17.642965700343762,budget,INSUFFICIENT_DECISION_INFORMATION_BUDGET,True,,0,110307
PRIMARY,1,budget,INSUFFICIENT_DECISION_INFORMATION_BUDGET,D6,,,23.7336341184351,budget,INSUFFICIENT_DECISION_INFORMATION_BUDGET,True,,0,110308
PRIMARY,1,budget,INSUFFICIENT_DECISION_INFORMATION_BUDGET,D6,,,18.74555363680668,budget,INSUFFICIENT_DECISION_INFORMATION_BUDGET,True,,0,110309
PRIMARY,1,budget,INSUFFICIENT_DECISION_INFORMATION_BUDGET,D6,,,20.938993355996654,budget,INSUFFICIENT_DECISION_INFORMATION_BUDGET,True,,0,110310
PRIMARY,1,budget,INSUFFICIENT_DECISION_INFORMATION_BUDGET,D6,,,18.09442623874593,budget,INSUFFICIENT_DECISION_INFORMATION_BUDGET,True,,0,110311
PRIMARY,1,budget,INSUFFICIENT_DECISION_INFORMATION_BUDGET,D6,,,20.13310487667332,budget,INSUFFICIENT_DECISION_INFORMATION_BUDGET,True,,0,110312
PRIMARY,1,budget,INSUFFICIENT_DECISION_INFORMATION_BUDGET,D6,,,24.10441309657478,budget,INSUFFICIENT_DECISION_INFORMATION_BUDGET,True,,0,110313
PRIMARY,1,budget,INSUFFICIENT_DECISION_INFORMATION_BUDGET,D6,,,20.239837714945875,budget,INSUFFICIENT_DECISION_INFORMATION_BUDGET,True,,0,110314
PRIMARY,1,budget,INSUFFICIENT_DECISION_INFORMATION_BUDGET,D6,,,25.5781312894363,budget,INSUFFICIENT_DECISION_INFORMATION_BUDGET,True,,0,110315
PRIMARY,1,budget,INSUFFICIENT_DECISION_INFORMATION_BUDGET,D6,,,25.70598648191471,budget,INSUFFICIENT_DECISION_INFORMATION_BUDGET,True,,0,110316
PRIMARY,1,budget,INSUFFICIENT_DECISION_INFORMATION_BUDGET,D6,,,22.008751712558496,budget,INSUFFICIENT_DECISION_INFORMATION_BUDGET,True,,0,110317
PRIMARY,1,budget,INSUFFICIENT_DECISION_INFORMATION_BUDGET,D6,,,17.865070333017627,budget,INSUFFICIENT_DECISION_INFORMATION_BUDGET,True,,0,110318
PRIMARY,1,budget,INSUFFICIENT_DECISION_INFORMATION_BUDGET,D6,,,24.514869037342752,budget,INSUFFICIENT_DECISION_INFORMATION_BUDGET,True,,0,110319
PRIMARY,1,budget,INSUFFICIENT_DECISION_INFORMATION_BUDGET,D6,,,18.706576428249935,budget,INSUFFICIENT_DECISION_INFORMATION_BUDGET,True,,0,110320
PRIMARY,1,budget,INSUFFICIENT_DECISION_INFORMATION_BUDGET,D6,,,22.89551063031721,budget,INSUFFICIENT_DECISION_INFORMATION_BUDGET,True,,0,110321
PRIMARY,1,budget,INSUFFICIENT_DECISION_INFORMATION_BUDGET,D6,,,20.46120096019753,budget,INSUFFICIENT_DECISION_INFORMATION_BUDGET,True,,0,110322
PRIMARY,1,budget,INSUFFICIENT_DECISION_INFORMATION_BUDGET,D6,,,18.856220804661834,budget,INSUFFICIENT_DECISION_INFORMATION_BUDGET,True,,0,110323
PRIMARY,1,budget,INSUFFICIENT_DECISION_INFORMATION_BUDGET,D6,,,21.183259885549745,budget,INSUFFICIENT_DECISION_INFORMATION_BUDGET,True,,0,110324
PRIMARY,1,budget,INSUFFICIENT_DECISION_INFORMATION_BUDGET,D6,,,18.715869398662857,budget,INSUFFICIENT_DECISION_INFORMATION_BUDGET,True,,0,110325
PRIMARY,1,budget,INSUFFICIENT_DECISION_INFORMATION_BUDGET,D6,,,23.353559491006706,budget,INSUFFICIENT_DECISION_INFORMATION_BUDGET,True,,0,110326
PRIMARY,1,budget,INSUFFICIENT_DECISION_INFORMATION_BUDGET,D6,,,20.355189821484313,budget,INSUFFICIENT_DECISION_INFORMATION_BUDGET,True,,0,110327
PRIMARY,1,budget,INSUFFICIENT_DECISION_INFORMATION_BUDGET,D6,,,17.94090897271247,budget,INSUFFICIENT_DECISION_INFORMATION_BUDGET,True,,0,110328
PRIMARY,2,balanced,ACQUIRE_DECISION_RELEVANT_EVIDENCE_BUDGET_NOT_RULED_OUT_BY_CONVERSE,D7,,,34.713658616046416,balanced,ACQUIRE_DECISION_RELEVANT_EVIDENCE_BUDGET_NOT_RULED_OUT_BY_CONVERSE,True,,0,111201
PRIMARY,2,balanced,ACQUIRE_DECISION_RELEVANT_EVIDENCE_BUDGET_NOT_RULED_OUT_BY_CONVERSE,D7,,,36.38648802132131,balanced,ACQUIRE_DECISION_RELEVANT_EVIDENCE_BUDGET_NOT_RULED_OUT_BY_CONVERSE,True,,0,111202
PRIMARY,2,balanced,ACQUIRE_DECISION_RELEVANT_EVIDENCE_BUDGET_NOT_RULED_OUT_BY_CONVERSE,D7,,,39.002089329971135,balanced,ACQUIRE_DECISION_RELEVANT_EVIDENCE_BUDGET_NOT_RULED_OUT_BY_CONVERSE,True,,0,111203
PRIMARY,2,balanced,ACQUIRE_DECISION_RELEVANT_EVIDENCE_BUDGET_NOT_RULED_OUT_BY_CONVERSE,D7,,,38.51720735660341,balanced,ACQUIRE_DECISION_RELEVANT_EVIDENCE_BUDGET_NOT_RULED_OUT_BY_CONVERSE,True,,0,111204
PRIMARY,2,balanced,ACQUIRE_DECISION_RELEVANT_EVIDENCE_BUDGET_NOT_RULED_OUT_BY_CONVERSE,D7,,,36.34896556655983,balanced,ACQUIRE_DECISION_RELEVANT_EVIDENCE_BUDGET_NOT_RULED_OUT_BY_CONVERSE,True,,0,111205
PRIMARY,2,balanced,ACQUIRE_DECISION_RELEVANT_EVIDENCE_BUDGET_NOT_RULED_OUT_BY_CONVERSE,D7,,,33.308815843515276,balanced,ACQUIRE_DECISION_RELEVANT_EVIDENCE_BUDGET_NOT_RULED_OUT_BY_CONVERSE,True,,0,111206
PRIMARY,2,balanced,ACQUIRE_DECISION_RELEVANT_EVIDENCE_BUDGET_NOT_RULED_OUT_BY_CONVERSE,D7,,,33.73404559274788,balanced,ACQUIRE_DECISION_RELEVANT_EVIDENCE_BUDGET_NOT_RULED_OUT_BY_CONVERSE,True,,0,111207
PRIMARY,2,balanced,ACQUIRE_DECISION_RELEVANT_EVIDENCE_BUDGET_NOT_RULED_OUT_BY_CONVERSE,D7,,,33.73953327661183,balanced,ACQUIRE_DECISION_RELEVANT_EVIDENCE_BUDGET_NOT_RULED_OUT_BY_CONVERSE,True,,0,111208
PRIMARY,2,balanced,ACQUIRE_DECISION_RELEVANT_EVIDENCE_BUDGET_NOT_RULED_OUT_BY_CONVERSE,D7,,,34.753164052378075,balanced,ACQUIRE_DECISION_RELEVANT_EVIDENCE_BUDGET_NOT_RULED_OUT_BY_CONVERSE,True,,0,111209
PRIMARY,2,balanced,ACQUIRE_DECISION_RELEVANT_EVIDENCE_BUDGET_NOT_RULED_OUT_BY_CONVERSE,D7,,,31.773277694655366,balanced,ACQUIRE_DECISION_RELEVANT_EVIDENCE_BUDGET_NOT_RULED_OUT_BY_CONVERSE,True,,0,111210
PRIMARY,2,balanced,ACQUIRE_DECISION_RELEVANT_EVIDENCE_BUDGET_NOT_RULED_OUT_BY_CONVERSE,D7,,,34.139114274870614,balanced,ACQUIRE_DECISION_RELEVANT_EVIDENCE_BUDGET_NOT_RULED_OUT_BY_CONVERSE,True,,0,111211
PRIMARY,2,balanced,ACQUIRE_DECISION_RELEVANT_EVIDENCE_BUDGET_NOT_RULED_OUT_BY_CONVERSE,D7,,,41.62691836528228,balanced,ACQUIRE_DECISION_RELEVANT_EVIDENCE_BUDGET_NOT_RULED_OUT_BY_CONVERSE,True,,0,111212
PRIMARY,2,balanced,ACQUIRE_DECISION_RELEVANT_EVIDENCE_BUDGET_NOT_RULED_OUT_BY_CONVERSE,D7,,,34.96853783084891,balanced,ACQUIRE_DECISION_RELEVANT_EVIDENCE_BUDGET_NOT_RULED_OUT_BY_CONVERSE,True,,0,111213
PRIMARY,2,balanced,ACQUIRE_DECISION_RELEVANT_EVIDENCE_BUDGET_NOT_RULED_OUT_BY_CONVERSE,D7,,,37.51259019551523,balanced,ACQUIRE_DECISION_RELEVANT_EVIDENCE_BUDGET_NOT_RULED_OUT_BY_CONVERSE,True,,0,111214
PRIMARY,2,balanced,ACQUIRE_DECISION_RELEVANT_EVIDENCE_BUDGET_NOT_RULED_OUT_BY_CONVERSE,D7,,,36.9904167127788,balanced,ACQUIRE_DECISION_RELEVANT_EVIDENCE_BUDGET_NOT_RULED_OUT_BY_CONVERSE,True,,0,111215
PRIMARY,2,balanced,ACQUIRE_DECISION_RELEVANT_EVIDENCE_BUDGET_NOT_RULED_OUT_BY_CONVERSE,D7,,,36.32079344845017,balanced,ACQUIRE_DECISION_RELEVANT_EVIDENCE_BUDGET_NOT_RULED_OUT_BY_CONVERSE,True,,0,111216
PRIMARY,2,balanced,ACQUIRE_DECISION_RELEVANT_EVIDENCE_BUDGET_NOT_RULED_OUT_BY_CONVERSE,D7,,,34.720753976427964,balanced,ACQUIRE_DECISION_RELEVANT_EVIDENCE_BUDGET_NOT_RULED_OUT_BY_CONVERSE,True,,0,111217
PRIMARY,2,balanced,ACQUIRE_DECISION_RELEVANT_EVIDENCE_BUDGET_NOT_RULED_OUT_BY_CONVERSE,D7,,,40.80521077832822,balanced,ACQUIRE_DECISION_RELEVANT_EVIDENCE_BUDGET_NOT_RULED_OUT_BY_CONVERSE,True,,0,111218
PRIMARY,2,balanced,ACQUIRE_DECISION_RELEVANT_EVIDENCE_BUDGET_NOT_RULED_OUT_BY_CONVERSE,D7,,,37.062278770025614,balanced,ACQUIRE_DECISION_RELEVANT_EVIDENCE_BUDGET_NOT_RULED_OUT_BY_CONVERSE,True,,0,111219
PRIMARY,2,balanced,ACQUIRE_DECISION_RELEVANT_EVIDENCE_BUDGET_NOT_RULED_OUT_BY_CONVERSE,D7,,,35.294820872761434,balanced,ACQUIRE_DECISION_RELEVANT_EVIDENCE_BUDGET_NOT_RULED_OUT_BY_CONVERSE,True,,0,111220
PRIMARY,2,balanced,ACQUIRE_DECISION_RELEVANT_EVIDENCE_BUDGET_NOT_RULED_OUT_BY_CONVERSE,D7,,,30.082168967306853,balanced,ACQUIRE_DECISION_RELEVANT_EVIDENCE_BUDGET_NOT_RULED_OUT_BY_CONVERSE,True,,0,111221
PRIMARY,2,balanced,ACQUIRE_DECISION_RELEVANT_EVIDENCE_BUDGET_NOT_RULED_OUT_BY_CONVERSE,D7,,,41.38830739888552,balanced,ACQUIRE_DECISION_RELEVANT_EVIDENCE_BUDGET_NOT_RULED_OUT_BY_CONVERSE,True,,0,111222
PRIMARY,2,balanced,ACQUIRE_DECISION_RELEVANT_EVIDENCE_BUDGET_NOT_RULED_OUT_BY_CONVERSE,D7,,,40.65987348627976,balanced,ACQUIRE_DECISION_RELEVANT_EVIDENCE_BUDGET_NOT_RULED_OUT_BY_CONVERSE,True,,0,111223
PRIMARY,2,balanced,ACQUIRE_DECISION_RELEVANT_EVIDENCE_BUDGET_NOT_RULED_OUT_BY_CONVERSE,D7,,,33.74584412029717,balanced,ACQUIRE_DECISION_RELEVANT_EVIDENCE_BUDGET_NOT_RULED_OUT_BY_CONVERSE,True,,0,111224
PRIMARY,2,balanced,ACQUIRE_DECISION_RELEVANT_EVIDENCE_BUDGET_NOT_RULED_OUT_BY_CONVERSE,D7,,,33.80290347875366,balanced,ACQUIRE_DECISION_RELEVANT_EVIDENCE_BUDGET_NOT_RULED_OUT_BY_CONVERSE,True,,0,111225
PRIMARY,2,balanced,ACQUIRE_DECISION_RELEVANT_EVIDENCE_BUDGET_NOT_RULED_OUT_BY_CONVERSE,D7,,,34.05441068525462,balanced,ACQUIRE_DECISION_RELEVANT_EVIDENCE_BUDGET_NOT_RULED_OUT_BY_CONVERSE,True,,0,111226
PRIMARY,2,balanced,ACQUIRE_DECISION_RELEVANT_EVIDENCE_BUDGET_NOT_RULED_OUT_BY_CONVERSE,D7,,,40.35599879086996,balanced,ACQUIRE_DECISION_RELEVANT_EVIDENCE_BUDGET_NOT_RULED_OUT_BY_CONVERSE,True,,0,111227
PRIMARY,2,balanced,ACQUIRE_DECISION_RELEVANT_EVIDENCE_BUDGET_NOT_RULED_OUT_BY_CONVERSE,D7,,,39.553283006331036,balanced,ACQUIRE_DECISION_RELEVANT_EVIDENCE_BUDGET_NOT_RULED_OUT_BY_CONVERSE,True,,0,111228
PRIMARY,2,balanced,ACQUIRE_DECISION_RELEVANT_EVIDENCE_BUDGET_NOT_RULED_OUT_BY_CONVERSE,D7,,,39.72853616418026,balanced,ACQUIRE_DECISION_RELEVANT_EVIDENCE_BUDGET_NOT_RULED_OUT_BY_CONVERSE,True,,0,111229
PRIMARY,2,balanced,ACQUIRE_DECISION_RELEVANT_EVIDENCE_BUDGET_NOT_RULED_OUT_BY_CONVERSE,D7,,,37.33645623887355,balanced,ACQUIRE_DECISION_RELEVANT_EVIDENCE_BUDGET_NOT_RULED_OUT_BY_CONVERSE,True,,0,111230
PRIMARY,2,balanced,ACQUIRE_DECISION_RELEVANT_EVIDENCE_BUDGET_NOT_RULED_OUT_BY_CONVERSE,D7,,,33.64234482817525,balanced,ACQUIRE_DECISION_RELEVANT_EVIDENCE_BUDGET_NOT_RULED_OUT_BY_CONVERSE,True,,0,111231
PRIMARY,2,balanced,ACQUIRE_DECISION_RELEVANT_EVIDENCE_BUDGET_NOT_RULED_OUT_BY_CONVERSE,D7,,,32.48499786890464,balanced,ACQUIRE_DECISION_RELEVANT_EVIDENCE_BUDGET_NOT_RULED_OUT_BY_CONVERSE,True,,0,111232
PRIMARY,2,balanced,ACQUIRE_DECISION_RELEVANT_EVIDENCE_BUDGET_NOT_RULED_OUT_BY_CONVERSE,D7,,,40.35378336175545,balanced,ACQUIRE_DECISION_RELEVANT_EVIDENCE_BUDGET_NOT_RULED_OUT_BY_CONVERSE,True,,0,111233
PRIMARY,2,balanced,ACQUIRE_DECISION_RELEVANT_EVIDENCE_BUDGET_NOT_RULED_OUT_BY_CONVERSE,D7,,,31.989992844565727,balanced,ACQUIRE_DECISION_RELEVANT_EVIDENCE_BUDGET_NOT_RULED_OUT_BY_CONVERSE,True,,0,111234
PRIMARY,2,balanced,ACQUIRE_DECISION_RELEVANT_EVIDENCE_BUDGET_NOT_RULED_OUT_BY_CONVERSE,D7,,,32.600439988213225,balanced,ACQUIRE_DECISION_RELEVANT_EVIDENCE_BUDGET_NOT_RULED_OUT_BY_CONVERSE,True,,0,111235
PRIMARY,2,balanced,ACQUIRE_DECISION_RELEVANT_EVIDENCE_BUDGET_NOT_RULED_OUT_BY_CONVERSE,D7,,,40.83509861344893,balanced,ACQUIRE_DECISION_RELEVANT_EVIDENCE_BUDGET_NOT_RULED_OUT_BY_CONVERSE,True,,0,111236
PRIMARY,2,balanced,ACQUIRE_DECISION_RELEVANT_EVIDENCE_BUDGET_NOT_RULED_OUT_BY_CONVERSE,D7,,,36.55237372756984,balanced,ACQUIRE_DECISION_RELEVANT_EVIDENCE_BUDGET_NOT_RULED_OUT_BY_CONVERSE,True,,0,111237
PRIMARY,2,balanced,ACQUIRE_DECISION_RELEVANT_EVIDENCE_BUDGET_NOT_RULED_OUT_BY_CONVERSE,D7,,,31.912246217199023,balanced,ACQUIRE_DECISION_RELEVANT_EVIDENCE_BUDGET_NOT_RULED_OUT_BY_CONVERSE,True,,0,111238
PRIMARY,2,balanced,ACQUIRE_DECISION_RELEVANT_EVIDENCE_BUDGET_NOT_RULED_OUT_BY_CONVERSE,D7,,,35.73066645706561,balanced,ACQUIRE_DECISION_RELEVANT_EVIDENCE_BUDGET_NOT_RULED_OUT_BY_CONVERSE,True,,0,111239
PRIMARY,2,balanced,ACQUIRE_DECISION_RELEVANT_EVIDENCE_BUDGET_NOT_RULED_OUT_BY_CONVERSE,D7,,,35.426287047044774,balanced,ACQUIRE_DECISION_RELEVANT_EVIDENCE_BUDGET_NOT_RULED_OUT_BY_CONVERSE,True,,0,111240
PRIMARY,2,balanced,ACQUIRE_DECISION_RELEVANT_EVIDENCE_BUDGET_NOT_RULED_OUT_BY_CONVERSE,D7,,,39.74890741912881,balanced,ACQUIRE_DECISION_RELEVANT_EVIDENCE_BUDGET_NOT_RULED_OUT_BY_CONVERSE,True,,0,111241
PRIMARY,2,balanced,ACQUIRE_DECISION_RELEVANT_EVIDENCE_BUDGET_NOT_RULED_OUT_BY_CONVERSE,D7,,,34.09501241901994,balanced,ACQUIRE_DECISION_RELEVANT_EVIDENCE_BUDGET_NOT_RULED_OUT_BY_CONVERSE,True,,0,111242
PRIMARY,2,balanced,ACQUIRE_DECISION_RELEVANT_EVIDENCE_BUDGET_NOT_RULED_OUT_BY_CONVERSE,D7,,,40.17729577779616,balanced,ACQUIRE_DECISION_RELEVANT_EVIDENCE_BUDGET_NOT_RULED_OUT_BY_CONVERSE,True,,0,111243
PRIMARY,2,balanced,ACQUIRE_DECISION_RELEVANT_EVIDENCE_BUDGET_NOT_RULED_OUT_BY_CONVERSE,D7,,,39.65742371969855,balanced,ACQUIRE_DECISION_RELEVANT_EVIDENCE_BUDGET_NOT_RULED_OUT_BY_CONVERSE,True,,0,111244
PRIMARY,2,balanced,ACQUIRE_DECISION_RELEVANT_EVIDENCE_BUDGET_NOT_RULED_OUT_BY_CONVERSE,D7,,,39.099246170111435,balanced,ACQUIRE_DECISION_RELEVANT_EVIDENCE_BUDGET_NOT_RULED_OUT_BY_CONVERSE,True,,0,111245
PRIMARY,2,balanced,ACQUIRE_DECISION_RELEVANT_EVIDENCE_BUDGET_NOT_RULED_OUT_BY_CONVERSE,D7,,,36.55980185580989,balanced,ACQUIRE_DECISION_RELEVANT_EVIDENCE_BUDGET_NOT_RULED_OUT_BY_CONVERSE,True,,0,111246
PRIMARY,2,balanced,ACQUIRE_DECISION_RELEVANT_EVIDENCE_BUDGET_NOT_RULED_OUT_BY_CONVERSE,D7,,,41.64776781121674,balanced,ACQUIRE_DECISION_RELEVANT_EVIDENCE_BUDGET_NOT_RULED_OUT_BY_CONVERSE,True,,0,111247
PRIMARY,2,balanced,ACQUIRE_DECISION_RELEVANT_EVIDENCE_BUDGET_NOT_RULED_OUT_BY_CONVERSE,D7,,,37.98822855727238,balanced,ACQUIRE_DECISION_RELEVANT_EVIDENCE_BUDGET_NOT_RULED_OUT_BY_CONVERSE,True,,0,111248
PRIMARY,2,balanced,ACQUIRE_DECISION_RELEVANT_EVIDENCE_BUDGET_NOT_RULED_OUT_BY_CONVERSE,D7,,,40.01864108835476,balanced,ACQUIRE_DECISION_RELEVANT_EVIDENCE_BUDGET_NOT_RULED_OUT_BY_CONVERSE,True,,0,111249
PRIMARY,2,balanced,ACQUIRE_DECISION_RELEVANT_EVIDENCE_BUDGET_NOT_RULED_OUT_BY_CONVERSE,D7,,,31.994462919810687,balanced,ACQUIRE_DECISION_RELEVANT_EVIDENCE_BUDGET_NOT_RULED_OUT_BY_CONVERSE,True,,0,111250
PRIMARY,2,balanced,ACQUIRE_DECISION_RELEVANT_EVIDENCE_BUDGET_NOT_RULED_OUT_BY_CONVERSE,D7,,,38.00399343844206,balanced,ACQUIRE_DECISION_RELEVANT_EVIDENCE_BUDGET_NOT_RULED_OUT_BY_CONVERSE,True,,0,111251
PRIMARY,2,balanced,ACQUIRE_DECISION_RELEVANT_EVIDENCE_BUDGET_NOT_RULED_OUT_BY_CONVERSE,D7,,,36.894878387520855,balanced,ACQUIRE_DECISION_RELEVANT_EVIDENCE_BUDGET_NOT_RULED_OUT_BY_CONVERSE,True,,0,111252
PRIMARY,2,balanced,ACQUIRE_DECISION_RELEVANT_EVIDENCE_BUDGET_NOT_RULED_OUT_BY_CONVERSE,D7,,,37.2369736859277,balanced,ACQUIRE_DECISION_RELEVANT_EVIDENCE_BUDGET_NOT_RULED_OUT_BY_CONVERSE,True,,0,111253
PRIMARY,2,balanced,ACQUIRE_DECISION_RELEVANT_EVIDENCE_BUDGET_NOT_RULED_OUT_BY_CONVERSE,D7,,,37.04034733358809,balanced,ACQUIRE_DECISION_RELEVANT_EVIDENCE_BUDGET_NOT_RULED_OUT_BY_CONVERSE,True,,0,111254
PRIMARY,2,balanced,ACQUIRE_DECISION_RELEVANT_EVIDENCE_BUDGET_NOT_RULED_OUT_BY_CONVERSE,D7,,,32.28406432301848,balanced,ACQUIRE_DECISION_RELEVANT_EVIDENCE_BUDGET_NOT_RULED_OUT_BY_CONVERSE,True,,0,111255
PRIMARY,2,balanced,ACQUIRE_DECISION_RELEVANT_EVIDENCE_BUDGET_NOT_RULED_OUT_BY_CONVERSE,D7,,,35.420518579577745,balanced,ACQUIRE_DECISION_RELEVANT_EVIDENCE_BUDGET_NOT_RULED_OUT_BY_CONVERSE,True,,0,111256
PRIMARY,2,balanced,ACQUIRE_DECISION_RELEVANT_EVIDENCE_BUDGET_NOT_RULED_OUT_BY_CONVERSE,D7,,,35.06653576534791,balanced,ACQUIRE_DECISION_RELEVANT_EVIDENCE_BUDGET_NOT_RULED_OUT_BY_CONVERSE,True,,0,111257
PRIMARY,2,balanced,ACQUIRE_DECISION_RELEVANT_EVIDENCE_BUDGET_NOT_RULED_OUT_BY_CONVERSE,D7,,,39.26283885795598,balanced,ACQUIRE_DECISION_RELEVANT_EVIDENCE_BUDGET_NOT_RULED_OUT_BY_CONVERSE,True,,0,111258
PRIMARY,2,balanced,ACQUIRE_DECISION_RELEVANT_EVIDENCE_BUDGET_NOT_RULED_OUT_BY_CONVERSE,D7,,,39.44182797787563,balanced,ACQUIRE_DECISION_RELEVANT_EVIDENCE_BUDGET_NOT_RULED_OUT_BY_CONVERSE,True,,0,111259
PRIMARY,2,balanced,ACQUIRE_DECISION_RELEVANT_EVIDENCE_BUDGET_NOT_RULED_OUT_BY_CONVERSE,D7,,,39.692329833567186,balanced,ACQUIRE_DECISION_RELEVANT_EVIDENCE_BUDGET_NOT_RULED_OUT_BY_CONVERSE,True,,0,111260
PRIMARY,2,balanced,ACQUIRE_DECISION_RELEVANT_EVIDENCE_BUDGET_NOT_RULED_OUT_BY_CONVERSE,D7,,,33.75551148751669,balanced,ACQUIRE_DECISION_RELEVANT_EVIDENCE_BUDGET_NOT_RULED_OUT_BY_CONVERSE,True,,0,111261
PRIMARY,2,balanced,ACQUIRE_DECISION_RELEVANT_EVIDENCE_BUDGET_NOT_RULED_OUT_BY_CONVERSE,D7,,,41.424440839962735,balanced,ACQUIRE_DECISION_RELEVANT_EVIDENCE_BUDGET_NOT_RULED_OUT_BY_CONVERSE,True,,0,111262
PRIMARY,2,balanced,ACQUIRE_DECISION_RELEVANT_EVIDENCE_BUDGET_NOT_RULED_OUT_BY_CONVERSE,D7,,,35.323638818053496,balanced,ACQUIRE_DECISION_RELEVANT_EVIDENCE_BUDGET_NOT_RULED_OUT_BY_CONVERSE,True,,0,111263
PRIMARY,2,balanced,ACQUIRE_DECISION_RELEVANT_EVIDENCE_BUDGET_NOT_RULED_OUT_BY_CONVERSE,D7,,,41.65418675443666,balanced,ACQUIRE_DECISION_RELEVANT_EVIDENCE_BUDGET_NOT_RULED_OUT_BY_CONVERSE,True,,0,111264
PRIMARY,2,balanced,ACQUIRE_DECISION_RELEVANT_EVIDENCE_BUDGET_NOT_RULED_OUT_BY_CONVERSE,D7,,,32.05515180187751,balanced,ACQUIRE_DECISION_RELEVANT_EVIDENCE_BUDGET_NOT_RULED_OUT_BY_CONVERSE,True,,0,111265
PRIMARY,2,balanced,ACQUIRE_DECISION_RELEVANT_EVIDENCE_BUDGET_NOT_RULED_OUT_BY_CONVERSE,D7,,,34.99871201134768,balanced,ACQUIRE_DECISION_RELEVANT_EVIDENCE_BUDGET_NOT_RULED_OUT_BY_CONVERSE,True,,0,111266
PRIMARY,2,balanced,ACQUIRE_DECISION_RELEVANT_EVIDENCE_BUDGET_NOT_RULED_OUT_BY_CONVERSE,D7,,,41.35101499489445,balanced,ACQUIRE_DECISION_RELEVANT_EVIDENCE_BUDGET_NOT_RULED_OUT_BY_CONVERSE,True,,0,111267
PRIMARY,2,balanced,ACQUIRE_DECISION_RELEVANT_EVIDENCE_BUDGET_NOT_RULED_OUT_BY_CONVERSE,D7,,,33.43937896308799,balanced,ACQUIRE_DECISION_RELEVANT_EVIDENCE_BUDGET_NOT_RULED_OUT_BY_CONVERSE,True,,0,111268
PRIMARY,2,balanced,ACQUIRE_DECISION_RELEVANT_EVIDENCE_BUDGET_NOT_RULED_OUT_BY_CONVERSE,D7,,,35.292599038483914,balanced,ACQUIRE_DECISION_RELEVANT_EVIDENCE_BUDGET_NOT_RULED_OUT_BY_CONVERSE,True,,0,111269
PRIMARY,2,balanced,ACQUIRE_DECISION_RELEVANT_EVIDENCE_BUDGET_NOT_RULED_OUT_BY_CONVERSE,D7,,,34.88306294513588,balanced,ACQUIRE_DECISION_RELEVANT_EVIDENCE_BUDGET_NOT_RULED_OUT_BY_CONVERSE,True,,0,111270
PRIMARY,2,balanced,ACQUIRE_DECISION_RELEVANT_EVIDENCE_BUDGET_NOT_RULED_OUT_BY_CONVERSE,D7,,,33.67390580541818,balanced,ACQUIRE_DECISION_RELEVANT_EVIDENCE_BUDGET_NOT_RULED_OUT_BY_CONVERSE,True,,0,111271
PRIMARY,2,balanced,ACQUIRE_DECISION_RELEVANT_EVIDENCE_BUDGET_NOT_RULED_OUT_BY_CONVERSE,D7,,,31.255657699531344,balanced,ACQUIRE_DECISION_RELEVANT_EVIDENCE_BUDGET_NOT_RULED_OUT_BY_CONVERSE,True,,0,111272
PRIMARY,2,balanced,ACQUIRE_DECISION_RELEVANT_EVIDENCE_BUDGET_NOT_RULED_OUT_BY_CONVERSE,D7,,,41.76019400624388,balanced,ACQUIRE_DECISION_RELEVANT_EVIDENCE_BUDGET_NOT_RULED_OUT_BY_CONVERSE,True,,0,111273
PRIMARY,2,balanced,ACQUIRE_DECISION_RELEVANT_EVIDENCE_BUDGET_NOT_RULED_OUT_BY_CONVERSE,D7,,,39.18239864620325,balanced,ACQUIRE_DECISION_RELEVANT_EVIDENCE_BUDGET_NOT_RULED_OUT_BY_CONVERSE,True,,0,111274
PRIMARY,2,balanced,ACQUIRE_DECISION_RELEVANT_EVIDENCE_BUDGET_NOT_RULED_OUT_BY_CONVERSE,D7,,,37.78938726448632,balanced,ACQUIRE_DECISION_RELEVANT_EVIDENCE_BUDGET_NOT_RULED_OUT_BY_CONVERSE,True,,0,111275
PRIMARY,2,balanced,ACQUIRE_DECISION_RELEVANT_EVIDENCE_BUDGET_NOT_RULED_OUT_BY_CONVERSE,D7,,,37.30760577404241,balanced,ACQUIRE_DECISION_RELEVANT_EVIDENCE_BUDGET_NOT_RULED_OUT_BY_CONVERSE,True,,0,111276
PRIMARY,2,balanced,ACQUIRE_DECISION_RELEVANT_EVIDENCE_BUDGET_NOT_RULED_OUT_BY_CONVERSE,D7,,,30.81814754197964,balanced,ACQUIRE_DECISION_RELEVANT_EVIDENCE_BUDGET_NOT_RULED_OUT_BY_CONVERSE,True,,0,111277
PRIMARY,2,balanced,ACQUIRE_DECISION_RELEVANT_EVIDENCE_BUDGET_NOT_RULED_OUT_BY_CONVERSE,D7,,,41.564723696419,balanced,ACQUIRE_DECISION_RELEVANT_EVIDENCE_BUDGET_NOT_RULED_OUT_BY_CONVERSE,True,,0,111278
PRIMARY,2,balanced,ACQUIRE_DECISION_RELEVANT_EVIDENCE_BUDGET_NOT_RULED_OUT_BY_CONVERSE,D7,,,38.24156370521329,balanced,ACQUIRE_DECISION_RELEVANT_EVIDENCE_BUDGET_NOT_RULED_OUT_BY_CONVERSE,True,,0,111279
PRIMARY,2,balanced,ACQUIRE_DECISION_RELEVANT_EVIDENCE_BUDGET_NOT_RULED_OUT_BY_CONVERSE,D7,,,40.73877383323828,balanced,ACQUIRE_DECISION_RELEVANT_EVIDENCE_BUDGET_NOT_RULED_OUT_BY_CONVERSE,True,,0,111280
PRIMARY,2,balanced,ACQUIRE_DECISION_RELEVANT_EVIDENCE_BUDGET_NOT_RULED_OUT_BY_CONVERSE,D7,,,38.165228579389854,balanced,ACQUIRE_DECISION_RELEVANT_EVIDENCE_BUDGET_NOT_RULED_OUT_BY_CONVERSE,True,,0,111281
PRIMARY,2,balanced,ACQUIRE_DECISION_RELEVANT_EVIDENCE_BUDGET_NOT_RULED_OUT_BY_CONVERSE,D7,,,34.029570413056355,balanced,ACQUIRE_DECISION_RELEVANT_EVIDENCE_BUDGET_NOT_RULED_OUT_BY_CONVERSE,True,,0,111282
PRIMARY,2,balanced,ACQUIRE_DECISION_RELEVANT_EVIDENCE_BUDGET_NOT_RULED_OUT_BY_CONVERSE,D7,,,32.28928356218896,balanced,ACQUIRE_DECISION_RELEVANT_EVIDENCE_BUDGET_NOT_RULED_OUT_BY_CONVERSE,True,,0,111283
PRIMARY,2,balanced,ACQUIRE_DECISION_RELEVANT_EVIDENCE_BUDGET_NOT_RULED_OUT_BY_CONVERSE,D7,,,35.84450404273371,balanced,ACQUIRE_DECISION_RELEVANT_EVIDENCE_BUDGET_NOT_RULED_OUT_BY_CONVERSE,True,,0,111284
PRIMARY,2,balanced,ACQUIRE_DECISION_RELEVANT_EVIDENCE_BUDGET_NOT_RULED_OUT_BY_CONVERSE,D7,,,36.62707217221245,balanced,ACQUIRE_DECISION_RELEVANT_EVIDENCE_BUDGET_NOT_RULED_OUT_BY_CONVERSE,True,,0,111285
PRIMARY,2,balanced,ACQUIRE_DECISION_RELEVANT_EVIDENCE_BUDGET_NOT_RULED_OUT_BY_CONVERSE,D7,,,30.309749325049495,balanced,ACQUIRE_DECISION_RELEVANT_EVIDENCE_BUDGET_NOT_RULED_OUT_BY_CONVERSE,True,,0,111286
PRIMARY,2,balanced,ACQUIRE_DECISION_RELEVANT_EVIDENCE_BUDGET_NOT_RULED_OUT_BY_CONVERSE,D7,,,37.15001089038409,balanced,ACQUIRE_DECISION_RELEVANT_EVIDENCE_BUDGET_NOT_RULED_OUT_BY_CONVERSE,True,,0,111287
PRIMARY,2,balanced,ACQUIRE_DECISION_RELEVANT_EVIDENCE_BUDGET_NOT_RULED_OUT_BY_CONVERSE,D7,,,30.467978656437673,balanced,ACQUIRE_DECISION_RELEVANT_EVIDENCE_BUDGET_NOT_RULED_OUT_BY_CONVERSE,True,,0,111288
PRIMARY,2,balanced,ACQUIRE_DECISION_RELEVANT_EVIDENCE_BUDGET_NOT_RULED_OUT_BY_CONVERSE,D7,,,37.66162900120598,balanced,ACQUIRE_DECISION_RELEVANT_EVIDENCE_BUDGET_NOT_RULED_OUT_BY_CONVERSE,True,,0,111289
PRIMARY,2,balanced,ACQUIRE_DECISION_RELEVANT_EVIDENCE_BUDGET_NOT_RULED_OUT_BY_CONVERSE,D7,,,41.55514149902262,balanced,ACQUIRE_DECISION_RELEVANT_EVIDENCE_BUDGET_NOT_RULED_OUT_BY_CONVERSE,True,,0,111290
PRIMARY,2,balanced,ACQUIRE_DECISION_RELEVANT_EVIDENCE_BUDGET_NOT_RULED_OUT_BY_CONVERSE,D7,,,40.47490138859247,balanced,ACQUIRE_DECISION_RELEVANT_EVIDENCE_BUDGET_NOT_RULED_OUT_BY_CONVERSE,True,,0,111291
PRIMARY,2,balanced,ACQUIRE_DECISION_RELEVANT_EVIDENCE_BUDGET_NOT_RULED_OUT_BY_CONVERSE,D7,,,41.319810490379375,balanced,ACQUIRE_DECISION_RELEVANT_EVIDENCE_BUDGET_NOT_RULED_OUT_BY_CONVERSE,True,,0,111292
PRIMARY,2,balanced,ACQUIRE_DECISION_RELEVANT_EVIDENCE_BUDGET_NOT_RULED_OUT_BY_CONVERSE,D7,,,41.746491174179106,balanced,ACQUIRE_DECISION_RELEVANT_EVIDENCE_BUDGET_NOT_RULED_OUT_BY_CONVERSE,True,,0,111293
PRIMARY,2,balanced,ACQUIRE_DECISION_RELEVANT_EVIDENCE_BUDGET_NOT_RULED_OUT_BY_CONVERSE,D7,,,40.40691292104477,balanced,ACQUIRE_DECISION_RELEVANT_EVIDENCE_BUDGET_NOT_RULED_OUT_BY_CONVERSE,True,,0,111294
PRIMARY,2,balanced,ACQUIRE_DECISION_RELEVANT_EVIDENCE_BUDGET_NOT_RULED_OUT_BY_CONVERSE,D7,,,33.44987326679795,balanced,ACQUIRE_DECISION_RELEVANT_EVIDENCE_BUDGET_NOT_RULED_OUT_BY_CONVERSE,True,,0,111295
PRIMARY,2,balanced,ACQUIRE_DECISION_RELEVANT_EVIDENCE_BUDGET_NOT_RULED_OUT_BY_CONVERSE,D7,,,31.91201325256741,balanced,ACQUIRE_DECISION_RELEVANT_EVIDENCE_BUDGET_NOT_RULED_OUT_BY_CONVERSE,True,,0,111296
PRIMARY,2,balanced,ACQUIRE_DECISION_RELEVANT_EVIDENCE_BUDGET_NOT_RULED_OUT_BY_CONVERSE,D7,,,39.41233464967053,balanced,ACQUIRE_DECISION_RELEVANT_EVIDENCE_BUDGET_NOT_RULED_OUT_BY_CONVERSE,True,,0,111297
PRIMARY,2,balanced,ACQUIRE_DECISION_RELEVANT_EVIDENCE_BUDGET_NOT_RULED_OUT_BY_CONVERSE,D7,,,40.72842400236518,balanced,ACQUIRE_DECISION_RELEVANT_EVIDENCE_BUDGET_NOT_RULED_OUT_BY_CONVERSE,True,,0,111298
PRIMARY,2,balanced,ACQUIRE_DECISION_RELEVANT_EVIDENCE_BUDGET_NOT_RULED_OUT_BY_CONVERSE,D7,,,34.552808735008355,balanced,ACQUIRE_DECISION_RELEVANT_EVIDENCE_BUDGET_NOT_RULED_OUT_BY_CONVERSE,True,,0,111299
PRIMARY,2,balanced,ACQUIRE_DECISION_RELEVANT_EVIDENCE_BUDGET_NOT_RULED_OUT_BY_CONVERSE,D7,,,34.84130542387678,balanced,ACQUIRE_DECISION_RELEVANT_EVIDENCE_BUDGET_NOT_RULED_OUT_BY_CONVERSE,True,,0,111300
PRIMARY,2,balanced,ACQUIRE_DECISION_RELEVANT_EVIDENCE_BUDGET_NOT_RULED_OUT_BY_CONVERSE,D7,,,41.01057506101293,balanced,ACQUIRE_DECISION_RELEVANT_EVIDENCE_BUDGET_NOT_RULED_OUT_BY_CONVERSE,True,,0,111301
PRIMARY,2,balanced,ACQUIRE_DECISION_RELEVANT_EVIDENCE_BUDGET_NOT_RULED_OUT_BY_CONVERSE,D7,,,31.0395196022268,balanced,ACQUIRE_DECISION_RELEVANT_EVIDENCE_BUDGET_NOT_RULED_OUT_BY_CONVERSE,True,,0,111302
PRIMARY,2,balanced,ACQUIRE_DECISION_RELEVANT_EVIDENCE_BUDGET_NOT_RULED_OUT_BY_CONVERSE,D7,,,33.38885968166981,balanced,ACQUIRE_DECISION_RELEVANT_EVIDENCE_BUDGET_NOT_RULED_OUT_BY_CONVERSE,True,,0,111303
PRIMARY,2,balanced,ACQUIRE_DECISION_RELEVANT_EVIDENCE_BUDGET_NOT_RULED_OUT_BY_CONVERSE,D7,,,40.363923209031114,balanced,ACQUIRE_DECISION_RELEVANT_EVIDENCE_BUDGET_NOT_RULED_OUT_BY_CONVERSE,True,,0,111304
PRIMARY,2,balanced,ACQUIRE_DECISION_RELEVANT_EVIDENCE_BUDGET_NOT_RULED_OUT_BY_CONVERSE,D7,,,37.34757932503175,balanced,ACQUIRE_DECISION_RELEVANT_EVIDENCE_BUDGET_NOT_RULED_OUT_BY_CONVERSE,True,,0,111305
PRIMARY,2,balanced,ACQUIRE_DECISION_RELEVANT_EVIDENCE_BUDGET_NOT_RULED_OUT_BY_CONVERSE,D7,,,37.034334183581414,balanced,ACQUIRE_DECISION_RELEVANT_EVIDENCE_BUDGET_NOT_RULED_OUT_BY_CONVERSE,True,,0,111306
PRIMARY,2,balanced,ACQUIRE_DECISION_RELEVANT_EVIDENCE_BUDGET_NOT_RULED_OUT_BY_CONVERSE,D7,,,39.04285024418863,balanced,ACQUIRE_DECISION_RELEVANT_EVIDENCE_BUDGET_NOT_RULED_OUT_BY_CONVERSE,True,,0,111307
PRIMARY,2,balanced,ACQUIRE_DECISION_RELEVANT_EVIDENCE_BUDGET_NOT_RULED_OUT_BY_CONVERSE,D7,,,41.744623630289595,balanced,ACQUIRE_DECISION_RELEVANT_EVIDENCE_BUDGET_NOT_RULED_OUT_BY_CONVERSE,True,,0,111308
PRIMARY,2,balanced,ACQUIRE_DECISION_RELEVANT_EVIDENCE_BUDGET_NOT_RULED_OUT_BY_CONVERSE,D7,,,30.884186565304656,balanced,ACQUIRE_DECISION_RELEVANT_EVIDENCE_BUDGET_NOT_RULED_OUT_BY_CONVERSE,True,,0,111309
PRIMARY,2,balanced,ACQUIRE_DECISION_RELEVANT_EVIDENCE_BUDGET_NOT_RULED_OUT_BY_CONVERSE,D7,,,33.82819608334605,balanced,ACQUIRE_DECISION_RELEVANT_EVIDENCE_BUDGET_NOT_RULED_OUT_BY_CONVERSE,True,,0,111310
PRIMARY,2,balanced,ACQUIRE_DECISION_RELEVANT_EVIDENCE_BUDGET_NOT_RULED_OUT_BY_CONVERSE,D7,,,35.492484815485156,balanced,ACQUIRE_DECISION_RELEVANT_EVIDENCE_BUDGET_NOT_RULED_OUT_BY_CONVERSE,True,,0,111311
PRIMARY,2,balanced,ACQUIRE_DECISION_RELEVANT_EVIDENCE_BUDGET_NOT_RULED_OUT_BY_CONVERSE,D7,,,40.739765121198126,balanced,ACQUIRE_DECISION_RELEVANT_EVIDENCE_BUDGET_NOT_RULED_OUT_BY_CONVERSE,True,,0,111312
PRIMARY,2,balanced,ACQUIRE_DECISION_RELEVANT_EVIDENCE_BUDGET_NOT_RULED_OUT_BY_CONVERSE,D7,,,38.91192041162103,balanced,ACQUIRE_DECISION_RELEVANT_EVIDENCE_BUDGET_NOT_RULED_OUT_BY_CONVERSE,True,,0,111313
PRIMARY,2,balanced,ACQUIRE_DECISION_RELEVANT_EVIDENCE_BUDGET_NOT_RULED_OUT_BY_CONVERSE,D7,,,39.12725841672713,balanced,ACQUIRE_DECISION_RELEVANT_EVIDENCE_BUDGET_NOT_RULED_OUT_BY_CONVERSE,True,,0,111314
PRIMARY,2,balanced,ACQUIRE_DECISION_RELEVANT_EVIDENCE_BUDGET_NOT_RULED_OUT_BY_CONVERSE,D7,,,40.095041947523264,balanced,ACQUIRE_DECISION_RELEVANT_EVIDENCE_BUDGET_NOT_RULED_OUT_BY_CONVERSE,True,,0,111315
PRIMARY,2,balanced,ACQUIRE_DECISION_RELEVANT_EVIDENCE_BUDGET_NOT_RULED_OUT_BY_CONVERSE,D7,,,36.64604185724684,balanced,ACQUIRE_DECISION_RELEVANT_EVIDENCE_BUDGET_NOT_RULED_OUT_BY_CONVERSE,True,,0,111316
PRIMARY,2,balanced,ACQUIRE_DECISION_RELEVANT_EVIDENCE_BUDGET_NOT_RULED_OUT_BY_CONVERSE,D7,,,35.83431143811588,balanced,ACQUIRE_DECISION_RELEVANT_EVIDENCE_BUDGET_NOT_RULED_OUT_BY_CONVERSE,True,,0,111317
PRIMARY,2,balanced,ACQUIRE_DECISION_RELEVANT_EVIDENCE_BUDGET_NOT_RULED_OUT_BY_CONVERSE,D7,,,38.6051910855776,balanced,ACQUIRE_DECISION_RELEVANT_EVIDENCE_BUDGET_NOT_RULED_OUT_BY_CONVERSE,True,,0,111318
PRIMARY,2,balanced,ACQUIRE_DECISION_RELEVANT_EVIDENCE_BUDGET_NOT_RULED_OUT_BY_CONVERSE,D7,,,36.57421869573116,balanced,ACQUIRE_DECISION_RELEVANT_EVIDENCE_BUDGET_NOT_RULED_OUT_BY_CONVERSE,True,,0,111319
PRIMARY,2,balanced,ACQUIRE_DECISION_RELEVANT_EVIDENCE_BUDGET_NOT_RULED_OUT_BY_CONVERSE,D7,,,41.686855958041306,balanced,ACQUIRE_DECISION_RELEVANT_EVIDENCE_BUDGET_NOT_RULED_OUT_BY_CONVERSE,True,,0,111320
PRIMARY,2,balanced,ACQUIRE_DECISION_RELEVANT_EVIDENCE_BUDGET_NOT_RULED_OUT_BY_CONVERSE,D7,,,37.486617888901755,balanced,ACQUIRE_DECISION_RELEVANT_EVIDENCE_BUDGET_NOT_RULED_OUT_BY_CONVERSE,True,,0,111321
PRIMARY,2,balanced,ACQUIRE_DECISION_RELEVANT_EVIDENCE_BUDGET_NOT_RULED_OUT_BY_CONVERSE,D7,,,34.397910111814156,balanced,ACQUIRE_DECISION_RELEVANT_EVIDENCE_BUDGET_NOT_RULED_OUT_BY_CONVERSE,True,,0,111322
PRIMARY,2,balanced,ACQUIRE_DECISION_RELEVANT_EVIDENCE_BUDGET_NOT_RULED_OUT_BY_CONVERSE,D7,,,40.38436664790103,balanced,ACQUIRE_DECISION_RELEVANT_EVIDENCE_BUDGET_NOT_RULED_OUT_BY_CONVERSE,True,,0,111323
PRIMARY,2,balanced,ACQUIRE_DECISION_RELEVANT_EVIDENCE_BUDGET_NOT_RULED_OUT_BY_CONVERSE,D7,,,40.52097391236958,balanced,ACQUIRE_DECISION_RELEVANT_EVIDENCE_BUDGET_NOT_RULED_OUT_BY_CONVERSE,True,,0,111324
PRIMARY,2,balanced,ACQUIRE_DECISION_RELEVANT_EVIDENCE_BUDGET_NOT_RULED_OUT_BY_CONVERSE,D7,,,40.59689881260641,balanced,ACQUIRE_DECISION_RELEVANT_EVIDENCE_BUDGET_NOT_RULED_OUT_BY_CONVERSE,True,,0,111325
PRIMARY,2,balanced,ACQUIRE_DECISION_RELEVANT_EVIDENCE_BUDGET_NOT_RULED_OUT_BY_CONVERSE,D7,,,39.289033855741785,balanced,ACQUIRE_DECISION_RELEVANT_EVIDENCE_BUDGET_NOT_RULED_OUT_BY_CONVERSE,True,,0,111326
PRIMARY,2,balanced,ACQUIRE_DECISION_RELEVANT_EVIDENCE_BUDGET_NOT_RULED_OUT_BY_CONVERSE,D7,,,39.73431236752639,balanced,ACQUIRE_DECISION_RELEVANT_EVIDENCE_BUDGET_NOT_RULED_OUT_BY_CONVERSE,True,,0,111327
PRIMARY,2,balanced,ACQUIRE_DECISION_RELEVANT_EVIDENCE_BUDGET_NOT_RULED_OUT_BY_CONVERSE,D7,,,37.915668639850324,balanced,ACQUIRE_DECISION_RELEVANT_EVIDENCE_BUDGET_NOT_RULED_OUT_BY_CONVERSE,True,,0,111328
PRIMARY,1,cert,ACQUIRE_DECISION_RELEVANT_EVIDENCE_BUDGET_NOT_RULED_OUT_BY_CONVERSE,D8,,,26.80573094098895,cert,ACQUIRE_DECISION_RELEVANT_EVIDENCE_BUDGET_NOT_RULED_OUT_BY_CONVERSE,True,,0,112201
PRIMARY,1,cert,ACQUIRE_DECISION_RELEVANT_EVIDENCE_BUDGET_NOT_RULED_OUT_BY_CONVERSE,D8,,,29.532635202405235,cert,ACQUIRE_DECISION_RELEVANT_EVIDENCE_BUDGET_NOT_RULED_OUT_BY_CONVERSE,True,,0,112202
PRIMARY,1,cert,ACQUIRE_DECISION_RELEVANT_EVIDENCE_BUDGET_NOT_RULED_OUT_BY_CONVERSE,D8,,,32.03863487735291,cert,ACQUIRE_DECISION_RELEVANT_EVIDENCE_BUDGET_NOT_RULED_OUT_BY_CONVERSE,True,,0,112203
PRIMARY,1,cert,ACQUIRE_DECISION_RELEVANT_EVIDENCE_BUDGET_NOT_RULED_OUT_BY_CONVERSE,D8,,,30.495009197728372,cert,ACQUIRE_DECISION_RELEVANT_EVIDENCE_BUDGET_NOT_RULED_OUT_BY_CONVERSE,True,,0,112204
PRIMARY,1,cert,ACQUIRE_DECISION_RELEVANT_EVIDENCE_BUDGET_NOT_RULED_OUT_BY_CONVERSE,D8,,,34.200575244650295,cert,ACQUIRE_DECISION_RELEVANT_EVIDENCE_BUDGET_NOT_RULED_OUT_BY_CONVERSE,True,,0,112205
PRIMARY,1,cert,ACQUIRE_DECISION_RELEVANT_EVIDENCE_BUDGET_NOT_RULED_OUT_BY_CONVERSE,D8,,,23.592586655369125,cert,ACQUIRE_DECISION_RELEVANT_EVIDENCE_BUDGET_NOT_RULED_OUT_BY_CONVERSE,True,,0,112206
PRIMARY,1,cert,ACQUIRE_DECISION_RELEVANT_EVIDENCE_BUDGET_NOT_RULED_OUT_BY_CONVERSE,D8,,,22.631925963228344,cert,ACQUIRE_DECISION_RELEVANT_EVIDENCE_BUDGET_NOT_RULED_OUT_BY_CONVERSE,True,,0,112207
PRIMARY,1,cert,ACQUIRE_DECISION_RELEVANT_EVIDENCE_BUDGET_NOT_RULED_OUT_BY_CONVERSE,D8,,,23.643056678919855,cert,ACQUIRE_DECISION_RELEVANT_EVIDENCE_BUDGET_NOT_RULED_OUT_BY_CONVERSE,True,,0,112208
PRIMARY,1,cert,ACQUIRE_DECISION_RELEVANT_EVIDENCE_BUDGET_NOT_RULED_OUT_BY_CONVERSE,D8,,,22.573331143037443,cert,ACQUIRE_DECISION_RELEVANT_EVIDENCE_BUDGET_NOT_RULED_OUT_BY_CONVERSE,True,,0,112209
PRIMARY,1,cert,ACQUIRE_DECISION_RELEVANT_EVIDENCE_BUDGET_NOT_RULED_OUT_BY_CONVERSE,D8,,,30.203484381821582,cert,ACQUIRE_DECISION_RELEVANT_EVIDENCE_BUDGET_NOT_RULED_OUT_BY_CONVERSE,True,,0,112210
PRIMARY,1,cert,ACQUIRE_DECISION_RELEVANT_EVIDENCE_BUDGET_NOT_RULED_OUT_BY_CONVERSE,D8,,,23.113347022132594,cert,ACQUIRE_DECISION_RELEVANT_EVIDENCE_BUDGET_NOT_RULED_OUT_BY_CONVERSE,True,,0,112211
PRIMARY,1,cert,ACQUIRE_DECISION_RELEVANT_EVIDENCE_BUDGET_NOT_RULED_OUT_BY_CONVERSE,D8,,,32.73688929045865,cert,ACQUIRE_DECISION_RELEVANT_EVIDENCE_BUDGET_NOT_RULED_OUT_BY_CONVERSE,True,,0,112212
PRIMARY,1,cert,ACQUIRE_DECISION_RELEVANT_EVIDENCE_BUDGET_NOT_RULED_OUT_BY_CONVERSE,D8,,,26.772339865237292,cert,ACQUIRE_DECISION_RELEVANT_EVIDENCE_BUDGET_NOT_RULED_OUT_BY_CONVERSE,True,,0,112213
PRIMARY,1,cert,ACQUIRE_DECISION_RELEVANT_EVIDENCE_BUDGET_NOT_RULED_OUT_BY_CONVERSE,D8,,,26.226469608358645,cert,ACQUIRE_DECISION_RELEVANT_EVIDENCE_BUDGET_NOT_RULED_OUT_BY_CONVERSE,True,,0,112214
PRIMARY,1,cert,ACQUIRE_DECISION_RELEVANT_EVIDENCE_BUDGET_NOT_RULED_OUT_BY_CONVERSE,D8,,,27.813548602981047,cert,ACQUIRE_DECISION_RELEVANT_EVIDENCE_BUDGET_NOT_RULED_OUT_BY_CONVERSE,True,,0,112215
PRIMARY,1,cert,ACQUIRE_DECISION_RELEVANT_EVIDENCE_BUDGET_NOT_RULED_OUT_BY_CONVERSE,D8,,,29.15423241955971,cert,ACQUIRE_DECISION_RELEVANT_EVIDENCE_BUDGET_NOT_RULED_OUT_BY_CONVERSE,True,,0,112216
PRIMARY,1,cert,ACQUIRE_DECISION_RELEVANT_EVIDENCE_BUDGET_NOT_RULED_OUT_BY_CONVERSE,D8,,,26.958861335232847,cert,ACQUIRE_DECISION_RELEVANT_EVIDENCE_BUDGET_NOT_RULED_OUT_BY_CONVERSE,True,,0,112217
PRIMARY,1,cert,ACQUIRE_DECISION_RELEVANT_EVIDENCE_BUDGET_NOT_RULED_OUT_BY_CONVERSE,D8,,,21.36420050018988,cert,ACQUIRE_DECISION_RELEVANT_EVIDENCE_BUDGET_NOT_RULED_OUT_BY_CONVERSE,True,,0,112218
PRIMARY,1,cert,ACQUIRE_DECISION_RELEVANT_EVIDENCE_BUDGET_NOT_RULED_OUT_BY_CONVERSE,D8,,,31.400997698598697,cert,ACQUIRE_DECISION_RELEVANT_EVIDENCE_BUDGET_NOT_RULED_OUT_BY_CONVERSE,True,,0,112219
PRIMARY,1,cert,ACQUIRE_DECISION_RELEVANT_EVIDENCE_BUDGET_NOT_RULED_OUT_BY_CONVERSE,D8,,,21.690802536592457,cert,ACQUIRE_DECISION_RELEVANT_EVIDENCE_BUDGET_NOT_RULED_OUT_BY_CONVERSE,True,,0,112220
PRIMARY,1,cert,ACQUIRE_DECISION_RELEVANT_EVIDENCE_BUDGET_NOT_RULED_OUT_BY_CONVERSE,D8,,,22.64364742096417,cert,ACQUIRE_DECISION_RELEVANT_EVIDENCE_BUDGET_NOT_RULED_OUT_BY_CONVERSE,True,,0,112221
PRIMARY,1,cert,ACQUIRE_DECISION_RELEVANT_EVIDENCE_BUDGET_NOT_RULED_OUT_BY_CONVERSE,D8,,,31.187955551993184,cert,ACQUIRE_DECISION_RELEVANT_EVIDENCE_BUDGET_NOT_RULED_OUT_BY_CONVERSE,True,,0,112222
PRIMARY,1,cert,ACQUIRE_DECISION_RELEVANT_EVIDENCE_BUDGET_NOT_RULED_OUT_BY_CONVERSE,D8,,,21.266815790317914,cert,ACQUIRE_DECISION_RELEVANT_EVIDENCE_BUDGET_NOT_RULED_OUT_BY_CONVERSE,True,,0,112223
PRIMARY,1,cert,ACQUIRE_DECISION_RELEVANT_EVIDENCE_BUDGET_NOT_RULED_OUT_BY_CONVERSE,D8,,,22.392270180253274,cert,ACQUIRE_DECISION_RELEVANT_EVIDENCE_BUDGET_NOT_RULED_OUT_BY_CONVERSE,True,,0,112224
PRIMARY,1,cert,ACQUIRE_DECISION_RELEVANT_EVIDENCE_BUDGET_NOT_RULED_OUT_BY_CONVERSE,D8,,,30.478697824650332,cert,ACQUIRE_DECISION_RELEVANT_EVIDENCE_BUDGET_NOT_RULED_OUT_BY_CONVERSE,True,,0,112225
PRIMARY,1,cert,ACQUIRE_DECISION_RELEVANT_EVIDENCE_BUDGET_NOT_RULED_OUT_BY_CONVERSE,D8,,,21.242917902720645,cert,ACQUIRE_DECISION_RELEVANT_EVIDENCE_BUDGET_NOT_RULED_OUT_BY_CONVERSE,True,,0,112226
PRIMARY,1,cert,ACQUIRE_DECISION_RELEVANT_EVIDENCE_BUDGET_NOT_RULED_OUT_BY_CONVERSE,D8,,,27.749417643190064,cert,ACQUIRE_DECISION_RELEVANT_EVIDENCE_BUDGET_NOT_RULED_OUT_BY_CONVERSE,True,,0,112227
PRIMARY,1,cert,ACQUIRE_DECISION_RELEVANT_EVIDENCE_BUDGET_NOT_RULED_OUT_BY_CONVERSE,D8,,,28.634605675296513,cert,ACQUIRE_DECISION_RELEVANT_EVIDENCE_BUDGET_NOT_RULED_OUT_BY_CONVERSE,True,,0,112228
PRIMARY,1,cert,ACQUIRE_DECISION_RELEVANT_EVIDENCE_BUDGET_NOT_RULED_OUT_BY_CONVERSE,D8,,,28.651181162669047,cert,ACQUIRE_DECISION_RELEVANT_EVIDENCE_BUDGET_NOT_RULED_OUT_BY_CONVERSE,True,,0,112229
PRIMARY,1,cert,ACQUIRE_DECISION_RELEVANT_EVIDENCE_BUDGET_NOT_RULED_OUT_BY_CONVERSE,D8,,,23.507023708518798,cert,ACQUIRE_DECISION_RELEVANT_EVIDENCE_BUDGET_NOT_RULED_OUT_BY_CONVERSE,True,,0,112230
PRIMARY,1,cert,ACQUIRE_DECISION_RELEVANT_EVIDENCE_BUDGET_NOT_RULED_OUT_BY_CONVERSE,D8,,,34.31247398747884,cert,ACQUIRE_DECISION_RELEVANT_EVIDENCE_BUDGET_NOT_RULED_OUT_BY_CONVERSE,True,,0,112231
PRIMARY,1,cert,ACQUIRE_DECISION_RELEVANT_EVIDENCE_BUDGET_NOT_RULED_OUT_BY_CONVERSE,D8,,,26.5240329572436,cert,ACQUIRE_DECISION_RELEVANT_EVIDENCE_BUDGET_NOT_RULED_OUT_BY_CONVERSE,True,,0,112232
PRIMARY,1,cert,ACQUIRE_DECISION_RELEVANT_EVIDENCE_BUDGET_NOT_RULED_OUT_BY_CONVERSE,D8,,,33.095182205738865,cert,ACQUIRE_DECISION_RELEVANT_EVIDENCE_BUDGET_NOT_RULED_OUT_BY_CONVERSE,True,,0,112233
PRIMARY,1,cert,ACQUIRE_DECISION_RELEVANT_EVIDENCE_BUDGET_NOT_RULED_OUT_BY_CONVERSE,D8,,,32.8229010943402,cert,ACQUIRE_DECISION_RELEVANT_EVIDENCE_BUDGET_NOT_RULED_OUT_BY_CONVERSE,True,,0,112234
PRIMARY,1,cert,ACQUIRE_DECISION_RELEVANT_EVIDENCE_BUDGET_NOT_RULED_OUT_BY_CONVERSE,D8,,,26.65710535910136,cert,ACQUIRE_DECISION_RELEVANT_EVIDENCE_BUDGET_NOT_RULED_OUT_BY_CONVERSE,True,,0,112235
PRIMARY,1,cert,ACQUIRE_DECISION_RELEVANT_EVIDENCE_BUDGET_NOT_RULED_OUT_BY_CONVERSE,D8,,,29.776670119342462,cert,ACQUIRE_DECISION_RELEVANT_EVIDENCE_BUDGET_NOT_RULED_OUT_BY_CONVERSE,True,,0,112236
PRIMARY,1,cert,ACQUIRE_DECISION_RELEVANT_EVIDENCE_BUDGET_NOT_RULED_OUT_BY_CONVERSE,D8,,,22.81692078738493,cert,ACQUIRE_DECISION_RELEVANT_EVIDENCE_BUDGET_NOT_RULED_OUT_BY_CONVERSE,True,,0,112237
PRIMARY,1,cert,ACQUIRE_DECISION_RELEVANT_EVIDENCE_BUDGET_NOT_RULED_OUT_BY_CONVERSE,D8,,,21.734955501453722,cert,ACQUIRE_DECISION_RELEVANT_EVIDENCE_BUDGET_NOT_RULED_OUT_BY_CONVERSE,True,,0,112238
PRIMARY,1,cert,ACQUIRE_DECISION_RELEVANT_EVIDENCE_BUDGET_NOT_RULED_OUT_BY_CONVERSE,D8,,,21.290871352617504,cert,ACQUIRE_DECISION_RELEVANT_EVIDENCE_BUDGET_NOT_RULED_OUT_BY_CONVERSE,True,,0,112239
PRIMARY,1,cert,ACQUIRE_DECISION_RELEVANT_EVIDENCE_BUDGET_NOT_RULED_OUT_BY_CONVERSE,D8,,,34.26722051187196,cert,ACQUIRE_DECISION_RELEVANT_EVIDENCE_BUDGET_NOT_RULED_OUT_BY_CONVERSE,True,,0,112240
PRIMARY,1,cert,ACQUIRE_DECISION_RELEVANT_EVIDENCE_BUDGET_NOT_RULED_OUT_BY_CONVERSE,D8,,,26.287251269379652,cert,ACQUIRE_DECISION_RELEVANT_EVIDENCE_BUDGET_NOT_RULED_OUT_BY_CONVERSE,True,,0,112241
PRIMARY,1,cert,ACQUIRE_DECISION_RELEVANT_EVIDENCE_BUDGET_NOT_RULED_OUT_BY_CONVERSE,D8,,,22.66969688895226,cert,ACQUIRE_DECISION_RELEVANT_EVIDENCE_BUDGET_NOT_RULED_OUT_BY_CONVERSE,True,,0,112242
PRIMARY,1,cert,ACQUIRE_DECISION_RELEVANT_EVIDENCE_BUDGET_NOT_RULED_OUT_BY_CONVERSE,D8,,,30.00005065930402,cert,ACQUIRE_DECISION_RELEVANT_EVIDENCE_BUDGET_NOT_RULED_OUT_BY_CONVERSE,True,,0,112243
PRIMARY,1,cert,ACQUIRE_DECISION_RELEVANT_EVIDENCE_BUDGET_NOT_RULED_OUT_BY_CONVERSE,D8,,,32.98126566691519,cert,ACQUIRE_DECISION_RELEVANT_EVIDENCE_BUDGET_NOT_RULED_OUT_BY_CONVERSE,True,,0,112244
PRIMARY,1,cert,ACQUIRE_DECISION_RELEVANT_EVIDENCE_BUDGET_NOT_RULED_OUT_BY_CONVERSE,D8,,,21.762345837698987,cert,ACQUIRE_DECISION_RELEVANT_EVIDENCE_BUDGET_NOT_RULED_OUT_BY_CONVERSE,True,,0,112245
PRIMARY,1,cert,ACQUIRE_DECISION_RELEVANT_EVIDENCE_BUDGET_NOT_RULED_OUT_BY_CONVERSE,D8,,,34.61169431714671,cert,ACQUIRE_DECISION_RELEVANT_EVIDENCE_BUDGET_NOT_RULED_OUT_BY_CONVERSE,True,,0,112246
PRIMARY,1,cert,ACQUIRE_DECISION_RELEVANT_EVIDENCE_BUDGET_NOT_RULED_OUT_BY_CONVERSE,D8,,,21.198154199303186,cert,ACQUIRE_DECISION_RELEVANT_EVIDENCE_BUDGET_NOT_RULED_OUT_BY_CONVERSE,True,,0,112247
PRIMARY,1,cert,ACQUIRE_DECISION_RELEVANT_EVIDENCE_BUDGET_NOT_RULED_OUT_BY_CONVERSE,D8,,,32.01220211990726,cert,ACQUIRE_DECISION_RELEVANT_EVIDENCE_BUDGET_NOT_RULED_OUT_BY_CONVERSE,True,,0,112248
PRIMARY,1,cert,ACQUIRE_DECISION_RELEVANT_EVIDENCE_BUDGET_NOT_RULED_OUT_BY_CONVERSE,D8,,,27.496108633377677,cert,ACQUIRE_DECISION_RELEVANT_EVIDENCE_BUDGET_NOT_RULED_OUT_BY_CONVERSE,True,,0,112249
PRIMARY,1,cert,ACQUIRE_DECISION_RELEVANT_EVIDENCE_BUDGET_NOT_RULED_OUT_BY_CONVERSE,D8,,,32.206017149213984,cert,ACQUIRE_DECISION_RELEVANT_EVIDENCE_BUDGET_NOT_RULED_OUT_BY_CONVERSE,True,,0,112250
PRIMARY,1,cert,ACQUIRE_DECISION_RELEVANT_EVIDENCE_BUDGET_NOT_RULED_OUT_BY_CONVERSE,D8,,,22.137913506990756,cert,ACQUIRE_DECISION_RELEVANT_EVIDENCE_BUDGET_NOT_RULED_OUT_BY_CONVERSE,True,,0,112251
PRIMARY,1,cert,ACQUIRE_DECISION_RELEVANT_EVIDENCE_BUDGET_NOT_RULED_OUT_BY_CONVERSE,D8,,,33.872237866635494,cert,ACQUIRE_DECISION_RELEVANT_EVIDENCE_BUDGET_NOT_RULED_OUT_BY_CONVERSE,True,,0,112252
PRIMARY,1,cert,ACQUIRE_DECISION_RELEVANT_EVIDENCE_BUDGET_NOT_RULED_OUT_BY_CONVERSE,D8,,,28.054453253374163,cert,ACQUIRE_DECISION_RELEVANT_EVIDENCE_BUDGET_NOT_RULED_OUT_BY_CONVERSE,True,,0,112253
PRIMARY,1,cert,ACQUIRE_DECISION_RELEVANT_EVIDENCE_BUDGET_NOT_RULED_OUT_BY_CONVERSE,D8,,,31.223197913737366,cert,ACQUIRE_DECISION_RELEVANT_EVIDENCE_BUDGET_NOT_RULED_OUT_BY_CONVERSE,True,,0,112254
PRIMARY,1,cert,ACQUIRE_DECISION_RELEVANT_EVIDENCE_BUDGET_NOT_RULED_OUT_BY_CONVERSE,D8,,,22.54144992874111,cert,ACQUIRE_DECISION_RELEVANT_EVIDENCE_BUDGET_NOT_RULED_OUT_BY_CONVERSE,True,,0,112255
PRIMARY,1,cert,ACQUIRE_DECISION_RELEVANT_EVIDENCE_BUDGET_NOT_RULED_OUT_BY_CONVERSE,D8,,,28.703413767060034,cert,ACQUIRE_DECISION_RELEVANT_EVIDENCE_BUDGET_NOT_RULED_OUT_BY_CONVERSE,True,,0,112256
PRIMARY,1,cert,ACQUIRE_DECISION_RELEVANT_EVIDENCE_BUDGET_NOT_RULED_OUT_BY_CONVERSE,D8,,,24.052218887153995,cert,ACQUIRE_DECISION_RELEVANT_EVIDENCE_BUDGET_NOT_RULED_OUT_BY_CONVERSE,True,,0,112257
PRIMARY,1,cert,ACQUIRE_DECISION_RELEVANT_EVIDENCE_BUDGET_NOT_RULED_OUT_BY_CONVERSE,D8,,,30.623669417466854,cert,ACQUIRE_DECISION_RELEVANT_EVIDENCE_BUDGET_NOT_RULED_OUT_BY_CONVERSE,True,,0,112258
PRIMARY,1,cert,ACQUIRE_DECISION_RELEVANT_EVIDENCE_BUDGET_NOT_RULED_OUT_BY_CONVERSE,D8,,,25.14449223789086,cert,ACQUIRE_DECISION_RELEVANT_EVIDENCE_BUDGET_NOT_RULED_OUT_BY_CONVERSE,True,,0,112259
PRIMARY,1,cert,ACQUIRE_DECISION_RELEVANT_EVIDENCE_BUDGET_NOT_RULED_OUT_BY_CONVERSE,D8,,,24.42117402206564,cert,ACQUIRE_DECISION_RELEVANT_EVIDENCE_BUDGET_NOT_RULED_OUT_BY_CONVERSE,True,,0,112260
PRIMARY,1,cert,ACQUIRE_DECISION_RELEVANT_EVIDENCE_BUDGET_NOT_RULED_OUT_BY_CONVERSE,D8,,,31.514924847804167,cert,ACQUIRE_DECISION_RELEVANT_EVIDENCE_BUDGET_NOT_RULED_OUT_BY_CONVERSE,True,,0,112261
PRIMARY,1,cert,ACQUIRE_DECISION_RELEVANT_EVIDENCE_BUDGET_NOT_RULED_OUT_BY_CONVERSE,D8,,,21.601107440271683,cert,ACQUIRE_DECISION_RELEVANT_EVIDENCE_BUDGET_NOT_RULED_OUT_BY_CONVERSE,True,,0,112262
PRIMARY,1,cert,ACQUIRE_DECISION_RELEVANT_EVIDENCE_BUDGET_NOT_RULED_OUT_BY_CONVERSE,D8,,,33.231708124069804,cert,ACQUIRE_DECISION_RELEVANT_EVIDENCE_BUDGET_NOT_RULED_OUT_BY_CONVERSE,True,,0,112263
PRIMARY,1,cert,ACQUIRE_DECISION_RELEVANT_EVIDENCE_BUDGET_NOT_RULED_OUT_BY_CONVERSE,D8,,,29.86381801154162,cert,ACQUIRE_DECISION_RELEVANT_EVIDENCE_BUDGET_NOT_RULED_OUT_BY_CONVERSE,True,,0,112264
PRIMARY,1,cert,ACQUIRE_DECISION_RELEVANT_EVIDENCE_BUDGET_NOT_RULED_OUT_BY_CONVERSE,D8,,,26.70236166674939,cert,ACQUIRE_DECISION_RELEVANT_EVIDENCE_BUDGET_NOT_RULED_OUT_BY_CONVERSE,True,,0,112265
PRIMARY,1,cert,ACQUIRE_DECISION_RELEVANT_EVIDENCE_BUDGET_NOT_RULED_OUT_BY_CONVERSE,D8,,,22.90826852421899,cert,ACQUIRE_DECISION_RELEVANT_EVIDENCE_BUDGET_NOT_RULED_OUT_BY_CONVERSE,True,,0,112266
PRIMARY,1,cert,ACQUIRE_DECISION_RELEVANT_EVIDENCE_BUDGET_NOT_RULED_OUT_BY_CONVERSE,D8,,,21.17481684613654,cert,ACQUIRE_DECISION_RELEVANT_EVIDENCE_BUDGET_NOT_RULED_OUT_BY_CONVERSE,True,,0,112267
PRIMARY,1,cert,ACQUIRE_DECISION_RELEVANT_EVIDENCE_BUDGET_NOT_RULED_OUT_BY_CONVERSE,D8,,,29.20931947391566,cert,ACQUIRE_DECISION_RELEVANT_EVIDENCE_BUDGET_NOT_RULED_OUT_BY_CONVERSE,True,,0,112268
PRIMARY,1,cert,ACQUIRE_DECISION_RELEVANT_EVIDENCE_BUDGET_NOT_RULED_OUT_BY_CONVERSE,D8,,,31.019668716584537,cert,ACQUIRE_DECISION_RELEVANT_EVIDENCE_BUDGET_NOT_RULED_OUT_BY_CONVERSE,True,,0,112269
PRIMARY,1,cert,ACQUIRE_DECISION_RELEVANT_EVIDENCE_BUDGET_NOT_RULED_OUT_BY_CONVERSE,D8,,,24.051443166636204,cert,ACQUIRE_DECISION_RELEVANT_EVIDENCE_BUDGET_NOT_RULED_OUT_BY_CONVERSE,True,,0,112270
PRIMARY,1,cert,ACQUIRE_DECISION_RELEVANT_EVIDENCE_BUDGET_NOT_RULED_OUT_BY_CONVERSE,D8,,,33.734179904816756,cert,ACQUIRE_DECISION_RELEVANT_EVIDENCE_BUDGET_NOT_RULED_OUT_BY_CONVERSE,True,,0,112271
PRIMARY,1,cert,ACQUIRE_DECISION_RELEVANT_EVIDENCE_BUDGET_NOT_RULED_OUT_BY_CONVERSE,D8,,,33.762649875215295,cert,ACQUIRE_DECISION_RELEVANT_EVIDENCE_BUDGET_NOT_RULED_OUT_BY_CONVERSE,True,,0,112272
PRIMARY,1,cert,ACQUIRE_DECISION_RELEVANT_EVIDENCE_BUDGET_NOT_RULED_OUT_BY_CONVERSE,D8,,,27.170361880786906,cert,ACQUIRE_DECISION_RELEVANT_EVIDENCE_BUDGET_NOT_RULED_OUT_BY_CONVERSE,True,,0,112273
PRIMARY,1,cert,ACQUIRE_DECISION_RELEVANT_EVIDENCE_BUDGET_NOT_RULED_OUT_BY_CONVERSE,D8,,,27.788924640285412,cert,ACQUIRE_DECISION_RELEVANT_EVIDENCE_BUDGET_NOT_RULED_OUT_BY_CONVERSE,True,,0,112274
PRIMARY,1,cert,ACQUIRE_DECISION_RELEVANT_EVIDENCE_BUDGET_NOT_RULED_OUT_BY_CONVERSE,D8,,,32.94096177672829,cert,ACQUIRE_DECISION_RELEVANT_EVIDENCE_BUDGET_NOT_RULED_OUT_BY_CONVERSE,True,,0,112275
PRIMARY,1,cert,ACQUIRE_DECISION_RELEVANT_EVIDENCE_BUDGET_NOT_RULED_OUT_BY_CONVERSE,D8,,,21.304291298052735,cert,ACQUIRE_DECISION_RELEVANT_EVIDENCE_BUDGET_NOT_RULED_OUT_BY_CONVERSE,True,,0,112276
PRIMARY,1,cert,ACQUIRE_DECISION_RELEVANT_EVIDENCE_BUDGET_NOT_RULED_OUT_BY_CONVERSE,D8,,,29.377796410744907,cert,ACQUIRE_DECISION_RELEVANT_EVIDENCE_BUDGET_NOT_RULED_OUT_BY_CONVERSE,True,,0,112277
PRIMARY,1,cert,ACQUIRE_DECISION_RELEVANT_EVIDENCE_BUDGET_NOT_RULED_OUT_BY_CONVERSE,D8,,,21.203288063328067,cert,ACQUIRE_DECISION_RELEVANT_EVIDENCE_BUDGET_NOT_RULED_OUT_BY_CONVERSE,True,,0,112278
PRIMARY,1,cert,ACQUIRE_DECISION_RELEVANT_EVIDENCE_BUDGET_NOT_RULED_OUT_BY_CONVERSE,D8,,,27.166315705034076,cert,ACQUIRE_DECISION_RELEVANT_EVIDENCE_BUDGET_NOT_RULED_OUT_BY_CONVERSE,True,,0,112279
PRIMARY,1,cert,ACQUIRE_DECISION_RELEVANT_EVIDENCE_BUDGET_NOT_RULED_OUT_BY_CONVERSE,D8,,,31.996018710399404,cert,ACQUIRE_DECISION_RELEVANT_EVIDENCE_BUDGET_NOT_RULED_OUT_BY_CONVERSE,True,,0,112280
PRIMARY,1,cert,ACQUIRE_DECISION_RELEVANT_EVIDENCE_BUDGET_NOT_RULED_OUT_BY_CONVERSE,D8,,,23.41986059942378,cert,ACQUIRE_DECISION_RELEVANT_EVIDENCE_BUDGET_NOT_RULED_OUT_BY_CONVERSE,True,,0,112281
PRIMARY,1,cert,ACQUIRE_DECISION_RELEVANT_EVIDENCE_BUDGET_NOT_RULED_OUT_BY_CONVERSE,D8,,,23.322518463789347,cert,ACQUIRE_DECISION_RELEVANT_EVIDENCE_BUDGET_NOT_RULED_OUT_BY_CONVERSE,True,,0,112282
PRIMARY,1,cert,ACQUIRE_DECISION_RELEVANT_EVIDENCE_BUDGET_NOT_RULED_OUT_BY_CONVERSE,D8,,,22.893485753721666,cert,ACQUIRE_DECISION_RELEVANT_EVIDENCE_BUDGET_NOT_RULED_OUT_BY_CONVERSE,True,,0,112283
PRIMARY,1,cert,ACQUIRE_DECISION_RELEVANT_EVIDENCE_BUDGET_NOT_RULED_OUT_BY_CONVERSE,D8,,,23.688025540270164,cert,ACQUIRE_DECISION_RELEVANT_EVIDENCE_BUDGET_NOT_RULED_OUT_BY_CONVERSE,True,,0,112284
PRIMARY,1,cert,ACQUIRE_DECISION_RELEVANT_EVIDENCE_BUDGET_NOT_RULED_OUT_BY_CONVERSE,D8,,,23.516377445184578,cert,ACQUIRE_DECISION_RELEVANT_EVIDENCE_BUDGET_NOT_RULED_OUT_BY_CONVERSE,True,,0,112285
PRIMARY,1,cert,ACQUIRE_DECISION_RELEVANT_EVIDENCE_BUDGET_NOT_RULED_OUT_BY_CONVERSE,D8,,,22.701917792972843,cert,ACQUIRE_DECISION_RELEVANT_EVIDENCE_BUDGET_NOT_RULED_OUT_BY_CONVERSE,True,,0,112286
PRIMARY,1,cert,ACQUIRE_DECISION_RELEVANT_EVIDENCE_BUDGET_NOT_RULED_OUT_BY_CONVERSE,D8,,,30.209999149061957,cert,ACQUIRE_DECISION_RELEVANT_EVIDENCE_BUDGET_NOT_RULED_OUT_BY_CONVERSE,True,,0,112287
PRIMARY,1,cert,ACQUIRE_DECISION_RELEVANT_EVIDENCE_BUDGET_NOT_RULED_OUT_BY_CONVERSE,D8,,,21.423443616983153,cert,ACQUIRE_DECISION_RELEVANT_EVIDENCE_BUDGET_NOT_RULED_OUT_BY_CONVERSE,True,,0,112288
PRIMARY,1,cert,ACQUIRE_DECISION_RELEVANT_EVIDENCE_BUDGET_NOT_RULED_OUT_BY_CONVERSE,D8,,,22.003114623719398,cert,ACQUIRE_DECISION_RELEVANT_EVIDENCE_BUDGET_NOT_RULED_OUT_BY_CONVERSE,True,,0,112289
PRIMARY,1,cert,ACQUIRE_DECISION_RELEVANT_EVIDENCE_BUDGET_NOT_RULED_OUT_BY_CONVERSE,D8,,,23.868458971436546,cert,ACQUIRE_DECISION_RELEVANT_EVIDENCE_BUDGET_NOT_RULED_OUT_BY_CONVERSE,True,,0,112290
PRIMARY,1,cert,ACQUIRE_DECISION_RELEVANT_EVIDENCE_BUDGET_NOT_RULED_OUT_BY_CONVERSE,D8,,,23.253930974501973,cert,ACQUIRE_DECISION_RELEVANT_EVIDENCE_BUDGET_NOT_RULED_OUT_BY_CONVERSE,True,,0,112291
PRIMARY,1,cert,ACQUIRE_DECISION_RELEVANT_EVIDENCE_BUDGET_NOT_RULED_OUT_BY_CONVERSE,D8,,,34.03187475076124,cert,ACQUIRE_DECISION_RELEVANT_EVIDENCE_BUDGET_NOT_RULED_OUT_BY_CONVERSE,True,,0,112292
PRIMARY,1,cert,ACQUIRE_DECISION_RELEVANT_EVIDENCE_BUDGET_NOT_RULED_OUT_BY_CONVERSE,D8,,,32.139141562435185,cert,ACQUIRE_DECISION_RELEVANT_EVIDENCE_BUDGET_NOT_RULED_OUT_BY_CONVERSE,True,,0,112293
PRIMARY,1,cert,ACQUIRE_DECISION_RELEVANT_EVIDENCE_BUDGET_NOT_RULED_OUT_BY_CONVERSE,D8,,,32.31146063511209,cert,ACQUIRE_DECISION_RELEVANT_EVIDENCE_BUDGET_NOT_RULED_OUT_BY_CONVERSE,True,,0,112294
PRIMARY,1,cert,ACQUIRE_DECISION_RELEVANT_EVIDENCE_BUDGET_NOT_RULED_OUT_BY_CONVERSE,D8,,,30.61336814164356,cert,ACQUIRE_DECISION_RELEVANT_EVIDENCE_BUDGET_NOT_RULED_OUT_BY_CONVERSE,True,,0,112295
PRIMARY,1,cert,ACQUIRE_DECISION_RELEVANT_EVIDENCE_BUDGET_NOT_RULED_OUT_BY_CONVERSE,D8,,,23.627438298441586,cert,ACQUIRE_DECISION_RELEVANT_EVIDENCE_BUDGET_NOT_RULED_OUT_BY_CONVERSE,True,,0,112296
PRIMARY,1,cert,ACQUIRE_DECISION_RELEVANT_EVIDENCE_BUDGET_NOT_RULED_OUT_BY_CONVERSE,D8,,,27.973290737357683,cert,ACQUIRE_DECISION_RELEVANT_EVIDENCE_BUDGET_NOT_RULED_OUT_BY_CONVERSE,True,,0,112297
PRIMARY,1,cert,ACQUIRE_DECISION_RELEVANT_EVIDENCE_BUDGET_NOT_RULED_OUT_BY_CONVERSE,D8,,,28.739847172132933,cert,ACQUIRE_DECISION_RELEVANT_EVIDENCE_BUDGET_NOT_RULED_OUT_BY_CONVERSE,True,,0,112298
PRIMARY,1,cert,ACQUIRE_DECISION_RELEVANT_EVIDENCE_BUDGET_NOT_RULED_OUT_BY_CONVERSE,D8,,,23.13292299646446,cert,ACQUIRE_DECISION_RELEVANT_EVIDENCE_BUDGET_NOT_RULED_OUT_BY_CONVERSE,True,,0,112299
PRIMARY,1,cert,ACQUIRE_DECISION_RELEVANT_EVIDENCE_BUDGET_NOT_RULED_OUT_BY_CONVERSE,D8,,,29.06821115537136,cert,ACQUIRE_DECISION_RELEVANT_EVIDENCE_BUDGET_NOT_RULED_OUT_BY_CONVERSE,True,,0,112300
PRIMARY,1,cert,ACQUIRE_DECISION_RELEVANT_EVIDENCE_BUDGET_NOT_RULED_OUT_BY_CONVERSE,D8,,,32.94318333642032,cert,ACQUIRE_DECISION_RELEVANT_EVIDENCE_BUDGET_NOT_RULED_OUT_BY_CONVERSE,True,,0,112301
PRIMARY,1,cert,ACQUIRE_DECISION_RELEVANT_EVIDENCE_BUDGET_NOT_RULED_OUT_BY_CONVERSE,D8,,,23.31659031065773,cert,ACQUIRE_DECISION_RELEVANT_EVIDENCE_BUDGET_NOT_RULED_OUT_BY_CONVERSE,True,,0,112302
PRIMARY,1,cert,ACQUIRE_DECISION_RELEVANT_EVIDENCE_BUDGET_NOT_RULED_OUT_BY_CONVERSE,D8,,,22.614409348703624,cert,ACQUIRE_DECISION_RELEVANT_EVIDENCE_BUDGET_NOT_RULED_OUT_BY_CONVERSE,True,,0,112303
PRIMARY,1,cert,ACQUIRE_DECISION_RELEVANT_EVIDENCE_BUDGET_NOT_RULED_OUT_BY_CONVERSE,D8,,,27.025027329907495,cert,ACQUIRE_DECISION_RELEVANT_EVIDENCE_BUDGET_NOT_RULED_OUT_BY_CONVERSE,True,,0,112304
PRIMARY,1,cert,ACQUIRE_DECISION_RELEVANT_EVIDENCE_BUDGET_NOT_RULED_OUT_BY_CONVERSE,D8,,,23.65065177016992,cert,ACQUIRE_DECISION_RELEVANT_EVIDENCE_BUDGET_NOT_RULED_OUT_BY_CONVERSE,True,,0,112305
PRIMARY,1,cert,ACQUIRE_DECISION_RELEVANT_EVIDENCE_BUDGET_NOT_RULED_OUT_BY_CONVERSE,D8,,,25.049506149685826,cert,ACQUIRE_DECISION_RELEVANT_EVIDENCE_BUDGET_NOT_RULED_OUT_BY_CONVERSE,True,,0,112306
PRIMARY,1,cert,ACQUIRE_DECISION_RELEVANT_EVIDENCE_BUDGET_NOT_RULED_OUT_BY_CONVERSE,D8,,,21.59302105491411,cert,ACQUIRE_DECISION_RELEVANT_EVIDENCE_BUDGET_NOT_RULED_OUT_BY_CONVERSE,True,,0,112307
PRIMARY,1,cert,ACQUIRE_DECISION_RELEVANT_EVIDENCE_BUDGET_NOT_RULED_OUT_BY_CONVERSE,D8,,,22.457212626274053,cert,ACQUIRE_DECISION_RELEVANT_EVIDENCE_BUDGET_NOT_RULED_OUT_BY_CONVERSE,True,,0,112308
PRIMARY,1,cert,ACQUIRE_DECISION_RELEVANT_EVIDENCE_BUDGET_NOT_RULED_OUT_BY_CONVERSE,D8,,,23.356481570410935,cert,ACQUIRE_DECISION_RELEVANT_EVIDENCE_BUDGET_NOT_RULED_OUT_BY_CONVERSE,True,,0,112309
PRIMARY,1,cert,ACQUIRE_DECISION_RELEVANT_EVIDENCE_BUDGET_NOT_RULED_OUT_BY_CONVERSE,D8,,,27.91358543741577,cert,ACQUIRE_DECISION_RELEVANT_EVIDENCE_BUDGET_NOT_RULED_OUT_BY_CONVERSE,True,,0,112310
PRIMARY,1,cert,ACQUIRE_DECISION_RELEVANT_EVIDENCE_BUDGET_NOT_RULED_OUT_BY_CONVERSE,D8,,,26.834327527278294,cert,ACQUIRE_DECISION_RELEVANT_EVIDENCE_BUDGET_NOT_RULED_OUT_BY_CONVERSE,True,,0,112311
PRIMARY,1,cert,ACQUIRE_DECISION_RELEVANT_EVIDENCE_BUDGET_NOT_RULED_OUT_BY_CONVERSE,D8,,,33.764111399500315,cert,ACQUIRE_DECISION_RELEVANT_EVIDENCE_BUDGET_NOT_RULED_OUT_BY_CONVERSE,True,,0,112312
PRIMARY,1,cert,ACQUIRE_DECISION_RELEVANT_EVIDENCE_BUDGET_NOT_RULED_OUT_BY_CONVERSE,D8,,,29.3203799044477,cert,ACQUIRE_DECISION_RELEVANT_EVIDENCE_BUDGET_NOT_RULED_OUT_BY_CONVERSE,True,,0,112313
PRIMARY,1,cert,ACQUIRE_DECISION_RELEVANT_EVIDENCE_BUDGET_NOT_RULED_OUT_BY_CONVERSE,D8,,,31.591258312047543,cert,ACQUIRE_DECISION_RELEVANT_EVIDENCE_BUDGET_NOT_RULED_OUT_BY_CONVERSE,True,,0,112314
PRIMARY,1,cert,ACQUIRE_DECISION_RELEVANT_EVIDENCE_BUDGET_NOT_RULED_OUT_BY_CONVERSE,D8,,,27.582837463567618,cert,ACQUIRE_DECISION_RELEVANT_EVIDENCE_BUDGET_NOT_RULED_OUT_BY_CONVERSE,True,,0,112315
PRIMARY,1,cert,ACQUIRE_DECISION_RELEVANT_EVIDENCE_BUDGET_NOT_RULED_OUT_BY_CONVERSE,D8,,,25.333659824698515,cert,ACQUIRE_DECISION_RELEVANT_EVIDENCE_BUDGET_NOT_RULED_OUT_BY_CONVERSE,True,,0,112316
PRIMARY,1,cert,ACQUIRE_DECISION_RELEVANT_EVIDENCE_BUDGET_NOT_RULED_OUT_BY_CONVERSE,D8,,,25.283319441606174,cert,ACQUIRE_DECISION_RELEVANT_EVIDENCE_BUDGET_NOT_RULED_OUT_BY_CONVERSE,True,,0,112317
PRIMARY,1,cert,ACQUIRE_DECISION_RELEVANT_EVIDENCE_BUDGET_NOT_RULED_OUT_BY_CONVERSE,D8,,,26.23554406818058,cert,ACQUIRE_DECISION_RELEVANT_EVIDENCE_BUDGET_NOT_RULED_OUT_BY_CONVERSE,True,,0,112318
PRIMARY,1,cert,ACQUIRE_DECISION_RELEVANT_EVIDENCE_BUDGET_NOT_RULED_OUT_BY_CONVERSE,D8,,,31.269528542134957,cert,ACQUIRE_DECISION_RELEVANT_EVIDENCE_BUDGET_NOT_RULED_OUT_BY_CONVERSE,True,,0,112319
PRIMARY,1,cert,ACQUIRE_DECISION_RELEVANT_EVIDENCE_BUDGET_NOT_RULED_OUT_BY_CONVERSE,D8,,,33.052900087756186,cert,ACQUIRE_DECISION_RELEVANT_EVIDENCE_BUDGET_NOT_RULED_OUT_BY_CONVERSE,True,,0,112320
PRIMARY,1,cert,ACQUIRE_DECISION_RELEVANT_EVIDENCE_BUDGET_NOT_RULED_OUT_BY_CONVERSE,D8,,,29.082296192848432,cert,ACQUIRE_DECISION_RELEVANT_EVIDENCE_BUDGET_NOT_RULED_OUT_BY_CONVERSE,True,,0,112321
PRIMARY,1,cert,ACQUIRE_DECISION_RELEVANT_EVIDENCE_BUDGET_NOT_RULED_OUT_BY_CONVERSE,D8,,,21.987341677425878,cert,ACQUIRE_DECISION_RELEVANT_EVIDENCE_BUDGET_NOT_RULED_OUT_BY_CONVERSE,True,,0,112322
PRIMARY,1,cert,ACQUIRE_DECISION_RELEVANT_EVIDENCE_BUDGET_NOT_RULED_OUT_BY_CONVERSE,D8,,,32.22470645197156,cert,ACQUIRE_DECISION_RELEVANT_EVIDENCE_BUDGET_NOT_RULED_OUT_BY_CONVERSE,True,,0,112323
PRIMARY,1,cert,ACQUIRE_DECISION_RELEVANT_EVIDENCE_BUDGET_NOT_RULED_OUT_BY_CONVERSE,D8,,,23.584347045111812,cert,ACQUIRE_DECISION_RELEVANT_EVIDENCE_BUDGET_NOT_RULED_OUT_BY_CONVERSE,True,,0,112324
PRIMARY,1,cert,ACQUIRE_DECISION_RELEVANT_EVIDENCE_BUDGET_NOT_RULED_OUT_BY_CONVERSE,D8,,,31.92230340494971,cert,ACQUIRE_DECISION_RELEVANT_EVIDENCE_BUDGET_NOT_RULED_OUT_BY_CONVERSE,True,,0,112325
PRIMARY,1,cert,ACQUIRE_DECISION_RELEVANT_EVIDENCE_BUDGET_NOT_RULED_OUT_BY_CONVERSE,D8,,,21.248652510668453,cert,ACQUIRE_DECISION_RELEVANT_EVIDENCE_BUDGET_NOT_RULED_OUT_BY_CONVERSE,True,,0,112326
PRIMARY,1,cert,ACQUIRE_DECISION_RELEVANT_EVIDENCE_BUDGET_NOT_RULED_OUT_BY_CONVERSE,D8,,,30.240857750955392,cert,ACQUIRE_DECISION_RELEVANT_EVIDENCE_BUDGET_NOT_RULED_OUT_BY_CONVERSE,True,,0,112327
PRIMARY,1,cert,ACQUIRE_DECISION_RELEVANT_EVIDENCE_BUDGET_NOT_RULED_OUT_BY_CONVERSE,D8,,,25.106613727684174,cert,ACQUIRE_DECISION_RELEVANT_EVIDENCE_BUDGET_NOT_RULED_OUT_BY_CONVERSE,True,,0,112328
PRIMARY,2,complete,ACQUIRE_DECISION_RELEVANT_EVIDENCE_BUDGET_NOT_RULED_OUT_BY_CONVERSE,D9,,,33.654980913111885,complete,ACQUIRE_DECISION_RELEVANT_EVIDENCE_BUDGET_NOT_RULED_OUT_BY_CONVERSE,True,,0,113201
PRIMARY,2,complete,ACQUIRE_DECISION_RELEVANT_EVIDENCE_BUDGET_NOT_RULED_OUT_BY_CONVERSE,D9,,,32.95199562060166,complete,ACQUIRE_DECISION_RELEVANT_EVIDENCE_BUDGET_NOT_RULED_OUT_BY_CONVERSE,True,,0,113202
PRIMARY,2,complete,ACQUIRE_DECISION_RELEVANT_EVIDENCE_BUDGET_NOT_RULED_OUT_BY_CONVERSE,D9,,,32.2991993455216,complete,ACQUIRE_DECISION_RELEVANT_EVIDENCE_BUDGET_NOT_RULED_OUT_BY_CONVERSE,True,,0,113203
PRIMARY,2,complete,ACQUIRE_DECISION_RELEVANT_EVIDENCE_BUDGET_NOT_RULED_OUT_BY_CONVERSE,D9,,,34.217468373840056,complete,ACQUIRE_DECISION_RELEVANT_EVIDENCE_BUDGET_NOT_RULED_OUT_BY_CONVERSE,True,,0,113204
PRIMARY,2,complete,ACQUIRE_DECISION_RELEVANT_EVIDENCE_BUDGET_NOT_RULED_OUT_BY_CONVERSE,D9,,,34.620133181233356,complete,ACQUIRE_DECISION_RELEVANT_EVIDENCE_BUDGET_NOT_RULED_OUT_BY_CONVERSE,True,,0,113205
PRIMARY,2,complete,ACQUIRE_DECISION_RELEVANT_EVIDENCE_BUDGET_NOT_RULED_OUT_BY_CONVERSE,D9,,,32.10654370327084,complete,ACQUIRE_DECISION_RELEVANT_EVIDENCE_BUDGET_NOT_RULED_OUT_BY_CONVERSE,True,,0,113206
PRIMARY,2,complete,ACQUIRE_DECISION_RELEVANT_EVIDENCE_BUDGET_NOT_RULED_OUT_BY_CONVERSE,D9,,,23.84612719352862,complete,ACQUIRE_DECISION_RELEVANT_EVIDENCE_BUDGET_NOT_RULED_OUT_BY_CONVERSE,True,,0,113207
PRIMARY,2,complete,ACQUIRE_DECISION_RELEVANT_EVIDENCE_BUDGET_NOT_RULED_OUT_BY_CONVERSE,D9,,,26.998407437726847,complete,ACQUIRE_DECISION_RELEVANT_EVIDENCE_BUDGET_NOT_RULED_OUT_BY_CONVERSE,True,,0,113208
PRIMARY,2,complete,ACQUIRE_DECISION_RELEVANT_EVIDENCE_BUDGET_NOT_RULED_OUT_BY_CONVERSE,D9,,,34.36113327069755,complete,ACQUIRE_DECISION_RELEVANT_EVIDENCE_BUDGET_NOT_RULED_OUT_BY_CONVERSE,True,,0,113209
PRIMARY,2,complete,ACQUIRE_DECISION_RELEVANT_EVIDENCE_BUDGET_NOT_RULED_OUT_BY_CONVERSE,D9,,,29.649133068491228,complete,ACQUIRE_DECISION_RELEVANT_EVIDENCE_BUDGET_NOT_RULED_OUT_BY_CONVERSE,True,,0,113210
PRIMARY,2,complete,ACQUIRE_DECISION_RELEVANT_EVIDENCE_BUDGET_NOT_RULED_OUT_BY_CONVERSE,D9,,,31.702798088643434,complete,ACQUIRE_DECISION_RELEVANT_EVIDENCE_BUDGET_NOT_RULED_OUT_BY_CONVERSE,True,,0,113211
PRIMARY,2,complete,ACQUIRE_DECISION_RELEVANT_EVIDENCE_BUDGET_NOT_RULED_OUT_BY_CONVERSE,D9,,,29.731586068971424,complete,ACQUIRE_DECISION_RELEVANT_EVIDENCE_BUDGET_NOT_RULED_OUT_BY_CONVERSE,True,,0,113212
PRIMARY,2,complete,ACQUIRE_DECISION_RELEVANT_EVIDENCE_BUDGET_NOT_RULED_OUT_BY_CONVERSE,D9,,,32.44946311545199,complete,ACQUIRE_DECISION_RELEVANT_EVIDENCE_BUDGET_NOT_RULED_OUT_BY_CONVERSE,True,,0,113213
PRIMARY,2,complete,ACQUIRE_DECISION_RELEVANT_EVIDENCE_BUDGET_NOT_RULED_OUT_BY_CONVERSE,D9,,,26.63187305202954,complete,ACQUIRE_DECISION_RELEVANT_EVIDENCE_BUDGET_NOT_RULED_OUT_BY_CONVERSE,True,,0,113214
PRIMARY,2,complete,ACQUIRE_DECISION_RELEVANT_EVIDENCE_BUDGET_NOT_RULED_OUT_BY_CONVERSE,D9,,,28.696859770933415,complete,ACQUIRE_DECISION_RELEVANT_EVIDENCE_BUDGET_NOT_RULED_OUT_BY_CONVERSE,True,,0,113215
PRIMARY,2,complete,ACQUIRE_DECISION_RELEVANT_EVIDENCE_BUDGET_NOT_RULED_OUT_BY_CONVERSE,D9,,,31.020835147225178,complete,ACQUIRE_DECISION_RELEVANT_EVIDENCE_BUDGET_NOT_RULED_OUT_BY_CONVERSE,True,,0,113216
PRIMARY,2,complete,ACQUIRE_DECISION_RELEVANT_EVIDENCE_BUDGET_NOT_RULED_OUT_BY_CONVERSE,D9,,,34.34672217126679,complete,ACQUIRE_DECISION_RELEVANT_EVIDENCE_BUDGET_NOT_RULED_OUT_BY_CONVERSE,True,,0,113217
PRIMARY,2,complete,ACQUIRE_DECISION_RELEVANT_EVIDENCE_BUDGET_NOT_RULED_OUT_BY_CONVERSE,D9,,,31.537121720142878,complete,ACQUIRE_DECISION_RELEVANT_EVIDENCE_BUDGET_NOT_RULED_OUT_BY_CONVERSE,True,,0,113218
PRIMARY,2,complete,ACQUIRE_DECISION_RELEVANT_EVIDENCE_BUDGET_NOT_RULED_OUT_BY_CONVERSE,D9,,,33.63170907945077,complete,ACQUIRE_DECISION_RELEVANT_EVIDENCE_BUDGET_NOT_RULED_OUT_BY_CONVERSE,True,,0,113219
PRIMARY,2,complete,ACQUIRE_DECISION_RELEVANT_EVIDENCE_BUDGET_NOT_RULED_OUT_BY_CONVERSE,D9,,,28.08140716359136,complete,ACQUIRE_DECISION_RELEVANT_EVIDENCE_BUDGET_NOT_RULED_OUT_BY_CONVERSE,True,,0,113220
PRIMARY,2,complete,ACQUIRE_DECISION_RELEVANT_EVIDENCE_BUDGET_NOT_RULED_OUT_BY_CONVERSE,D9,,,27.72350167144199,complete,ACQUIRE_DECISION_RELEVANT_EVIDENCE_BUDGET_NOT_RULED_OUT_BY_CONVERSE,True,,0,113221
PRIMARY,2,complete,ACQUIRE_DECISION_RELEVANT_EVIDENCE_BUDGET_NOT_RULED_OUT_BY_CONVERSE,D9,,,30.056444920016254,complete,ACQUIRE_DECISION_RELEVANT_EVIDENCE_BUDGET_NOT_RULED_OUT_BY_CONVERSE,True,,0,113222
PRIMARY,2,complete,ACQUIRE_DECISION_RELEVANT_EVIDENCE_BUDGET_NOT_RULED_OUT_BY_CONVERSE,D9,,,28.573063202965425,complete,ACQUIRE_DECISION_RELEVANT_EVIDENCE_BUDGET_NOT_RULED_OUT_BY_CONVERSE,True,,0,113223
PRIMARY,2,complete,ACQUIRE_DECISION_RELEVANT_EVIDENCE_BUDGET_NOT_RULED_OUT_BY_CONVERSE,D9,,,29.281560278424983,complete,ACQUIRE_DECISION_RELEVANT_EVIDENCE_BUDGET_NOT_RULED_OUT_BY_CONVERSE,True,,0,113224
PRIMARY,2,complete,ACQUIRE_DECISION_RELEVANT_EVIDENCE_BUDGET_NOT_RULED_OUT_BY_CONVERSE,D9,,,29.91911250345102,complete,ACQUIRE_DECISION_RELEVANT_EVIDENCE_BUDGET_NOT_RULED_OUT_BY_CONVERSE,True,,0,113225
PRIMARY,2,complete,ACQUIRE_DECISION_RELEVANT_EVIDENCE_BUDGET_NOT_RULED_OUT_BY_CONVERSE,D9,,,31.19559557599386,complete,ACQUIRE_DECISION_RELEVANT_EVIDENCE_BUDGET_NOT_RULED_OUT_BY_CONVERSE,True,,0,113226
PRIMARY,2,complete,ACQUIRE_DECISION_RELEVANT_EVIDENCE_BUDGET_NOT_RULED_OUT_BY_CONVERSE,D9,,,29.408788220199888,complete,ACQUIRE_DECISION_RELEVANT_EVIDENCE_BUDGET_NOT_RULED_OUT_BY_CONVERSE,True,,0,113227
PRIMARY,2,complete,ACQUIRE_DECISION_RELEVANT_EVIDENCE_BUDGET_NOT_RULED_OUT_BY_CONVERSE,D9,,,33.064975774168914,complete,ACQUIRE_DECISION_RELEVANT_EVIDENCE_BUDGET_NOT_RULED_OUT_BY_CONVERSE,True,,0,113228
PRIMARY,2,complete,ACQUIRE_DECISION_RELEVANT_EVIDENCE_BUDGET_NOT_RULED_OUT_BY_CONVERSE,D9,,,32.177243845005975,complete,ACQUIRE_DECISION_RELEVANT_EVIDENCE_BUDGET_NOT_RULED_OUT_BY_CONVERSE,True,,0,113229
PRIMARY,2,complete,ACQUIRE_DECISION_RELEVANT_EVIDENCE_BUDGET_NOT_RULED_OUT_BY_CONVERSE,D9,,,30.194565920845484,complete,ACQUIRE_DECISION_RELEVANT_EVIDENCE_BUDGET_NOT_RULED_OUT_BY_CONVERSE,True,,0,113230
PRIMARY,2,complete,ACQUIRE_DECISION_RELEVANT_EVIDENCE_BUDGET_NOT_RULED_OUT_BY_CONVERSE,D9,,,24.86429912055419,complete,ACQUIRE_DECISION_RELEVANT_EVIDENCE_BUDGET_NOT_RULED_OUT_BY_CONVERSE,True,,0,113231
PRIMARY,2,complete,ACQUIRE_DECISION_RELEVANT_EVIDENCE_BUDGET_NOT_RULED_OUT_BY_CONVERSE,D9,,,27.00902955611817,complete,ACQUIRE_DECISION_RELEVANT_EVIDENCE_BUDGET_NOT_RULED_OUT_BY_CONVERSE,True,,0,113232
PRIMARY,2,complete,ACQUIRE_DECISION_RELEVANT_EVIDENCE_BUDGET_NOT_RULED_OUT_BY_CONVERSE,D9,,,28.77626993609197,complete,ACQUIRE_DECISION_RELEVANT_EVIDENCE_BUDGET_NOT_RULED_OUT_BY_CONVERSE,True,,0,113233
PRIMARY,2,complete,ACQUIRE_DECISION_RELEVANT_EVIDENCE_BUDGET_NOT_RULED_OUT_BY_CONVERSE,D9,,,34.00253047852662,complete,ACQUIRE_DECISION_RELEVANT_EVIDENCE_BUDGET_NOT_RULED_OUT_BY_CONVERSE,True,,0,113234
PRIMARY,2,complete,ACQUIRE_DECISION_RELEVANT_EVIDENCE_BUDGET_NOT_RULED_OUT_BY_CONVERSE,D9,,,24.115576597902738,complete,ACQUIRE_DECISION_RELEVANT_EVIDENCE_BUDGET_NOT_RULED_OUT_BY_CONVERSE,True,,0,113235
PRIMARY,2,complete,ACQUIRE_DECISION_RELEVANT_EVIDENCE_BUDGET_NOT_RULED_OUT_BY_CONVERSE,D9,,,30.674495433422617,complete,ACQUIRE_DECISION_RELEVANT_EVIDENCE_BUDGET_NOT_RULED_OUT_BY_CONVERSE,True,,0,113236
PRIMARY,2,complete,ACQUIRE_DECISION_RELEVANT_EVIDENCE_BUDGET_NOT_RULED_OUT_BY_CONVERSE,D9,,,26.09891160631165,complete,ACQUIRE_DECISION_RELEVANT_EVIDENCE_BUDGET_NOT_RULED_OUT_BY_CONVERSE,True,,0,113237
PRIMARY,2,complete,ACQUIRE_DECISION_RELEVANT_EVIDENCE_BUDGET_NOT_RULED_OUT_BY_CONVERSE,D9,,,31.39551098152225,complete,ACQUIRE_DECISION_RELEVANT_EVIDENCE_BUDGET_NOT_RULED_OUT_BY_CONVERSE,True,,0,113238
PRIMARY,2,complete,ACQUIRE_DECISION_RELEVANT_EVIDENCE_BUDGET_NOT_RULED_OUT_BY_CONVERSE,D9,,,28.54612479122483,complete,ACQUIRE_DECISION_RELEVANT_EVIDENCE_BUDGET_NOT_RULED_OUT_BY_CONVERSE,True,,0,113239
PRIMARY,2,complete,ACQUIRE_DECISION_RELEVANT_EVIDENCE_BUDGET_NOT_RULED_OUT_BY_CONVERSE,D9,,,28.957817062867672,complete,ACQUIRE_DECISION_RELEVANT_EVIDENCE_BUDGET_NOT_RULED_OUT_BY_CONVERSE,True,,0,113240
PRIMARY,2,complete,ACQUIRE_DECISION_RELEVANT_EVIDENCE_BUDGET_NOT_RULED_OUT_BY_CONVERSE,D9,,,33.89901018700474,complete,ACQUIRE_DECISION_RELEVANT_EVIDENCE_BUDGET_NOT_RULED_OUT_BY_CONVERSE,True,,0,113241
PRIMARY,2,complete,ACQUIRE_DECISION_RELEVANT_EVIDENCE_BUDGET_NOT_RULED_OUT_BY_CONVERSE,D9,,,32.75799441617134,complete,ACQUIRE_DECISION_RELEVANT_EVIDENCE_BUDGET_NOT_RULED_OUT_BY_CONVERSE,True,,0,113242
PRIMARY,2,complete,ACQUIRE_DECISION_RELEVANT_EVIDENCE_BUDGET_NOT_RULED_OUT_BY_CONVERSE,D9,,,28.355411212730097,complete,ACQUIRE_DECISION_RELEVANT_EVIDENCE_BUDGET_NOT_RULED_OUT_BY_CONVERSE,True,,0,113243
PRIMARY,2,complete,ACQUIRE_DECISION_RELEVANT_EVIDENCE_BUDGET_NOT_RULED_OUT_BY_CONVERSE,D9,,,30.62537567851402,complete,ACQUIRE_DECISION_RELEVANT_EVIDENCE_BUDGET_NOT_RULED_OUT_BY_CONVERSE,True,,0,113244
PRIMARY,2,complete,ACQUIRE_DECISION_RELEVANT_EVIDENCE_BUDGET_NOT_RULED_OUT_BY_CONVERSE,D9,,,33.70893550972802,complete,ACQUIRE_DECISION_RELEVANT_EVIDENCE_BUDGET_NOT_RULED_OUT_BY_CONVERSE,True,,0,113245
PRIMARY,2,complete,ACQUIRE_DECISION_RELEVANT_EVIDENCE_BUDGET_NOT_RULED_OUT_BY_CONVERSE,D9,,,32.07207573513773,complete,ACQUIRE_DECISION_RELEVANT_EVIDENCE_BUDGET_NOT_RULED_OUT_BY_CONVERSE,True,,0,113246
PRIMARY,2,complete,ACQUIRE_DECISION_RELEVANT_EVIDENCE_BUDGET_NOT_RULED_OUT_BY_CONVERSE,D9,,,26.616362887588444,complete,ACQUIRE_DECISION_RELEVANT_EVIDENCE_BUDGET_NOT_RULED_OUT_BY_CONVERSE,True,,0,113247
PRIMARY,2,complete,ACQUIRE_DECISION_RELEVANT_EVIDENCE_BUDGET_NOT_RULED_OUT_BY_CONVERSE,D9,,,33.523438795454645,complete,ACQUIRE_DECISION_RELEVANT_EVIDENCE_BUDGET_NOT_RULED_OUT_BY_CONVERSE,True,,0,113248
PRIMARY,2,complete,ACQUIRE_DECISION_RELEVANT_EVIDENCE_BUDGET_NOT_RULED_OUT_BY_CONVERSE,D9,,,26.061767065674708,complete,ACQUIRE_DECISION_RELEVANT_EVIDENCE_BUDGET_NOT_RULED_OUT_BY_CONVERSE,True,,0,113249
PRIMARY,2,complete,ACQUIRE_DECISION_RELEVANT_EVIDENCE_BUDGET_NOT_RULED_OUT_BY_CONVERSE,D9,,,24.233455147870984,complete,ACQUIRE_DECISION_RELEVANT_EVIDENCE_BUDGET_NOT_RULED_OUT_BY_CONVERSE,True,,0,113250
PRIMARY,2,complete,ACQUIRE_DECISION_RELEVANT_EVIDENCE_BUDGET_NOT_RULED_OUT_BY_CONVERSE,D9,,,34.500880723394516,complete,ACQUIRE_DECISION_RELEVANT_EVIDENCE_BUDGET_NOT_RULED_OUT_BY_CONVERSE,True,,0,113251
PRIMARY,2,complete,ACQUIRE_DECISION_RELEVANT_EVIDENCE_BUDGET_NOT_RULED_OUT_BY_CONVERSE,D9,,,26.95273051706797,complete,ACQUIRE_DECISION_RELEVANT_EVIDENCE_BUDGET_NOT_RULED_OUT_BY_CONVERSE,True,,0,113252
PRIMARY,2,complete,ACQUIRE_DECISION_RELEVANT_EVIDENCE_BUDGET_NOT_RULED_OUT_BY_CONVERSE,D9,,,29.536953619393454,complete,ACQUIRE_DECISION_RELEVANT_EVIDENCE_BUDGET_NOT_RULED_OUT_BY_CONVERSE,True,,0,113253
PRIMARY,2,complete,ACQUIRE_DECISION_RELEVANT_EVIDENCE_BUDGET_NOT_RULED_OUT_BY_CONVERSE,D9,,,27.13117191955182,complete,ACQUIRE_DECISION_RELEVANT_EVIDENCE_BUDGET_NOT_RULED_OUT_BY_CONVERSE,True,,0,113254
PRIMARY,2,complete,ACQUIRE_DECISION_RELEVANT_EVIDENCE_BUDGET_NOT_RULED_OUT_BY_CONVERSE,D9,,,31.895765848808846,complete,ACQUIRE_DECISION_RELEVANT_EVIDENCE_BUDGET_NOT_RULED_OUT_BY_CONVERSE,True,,0,113255
PRIMARY,2,complete,ACQUIRE_DECISION_RELEVANT_EVIDENCE_BUDGET_NOT_RULED_OUT_BY_CONVERSE,D9,,,31.759742415321863,complete,ACQUIRE_DECISION_RELEVANT_EVIDENCE_BUDGET_NOT_RULED_OUT_BY_CONVERSE,True,,0,113256
PRIMARY,2,complete,ACQUIRE_DECISION_RELEVANT_EVIDENCE_BUDGET_NOT_RULED_OUT_BY_CONVERSE,D9,,,31.62879939284881,complete,ACQUIRE_DECISION_RELEVANT_EVIDENCE_BUDGET_NOT_RULED_OUT_BY_CONVERSE,True,,0,113257
PRIMARY,2,complete,ACQUIRE_DECISION_RELEVANT_EVIDENCE_BUDGET_NOT_RULED_OUT_BY_CONVERSE,D9,,,25.274448992144453,complete,ACQUIRE_DECISION_RELEVANT_EVIDENCE_BUDGET_NOT_RULED_OUT_BY_CONVERSE,True,,0,113258
PRIMARY,2,complete,ACQUIRE_DECISION_RELEVANT_EVIDENCE_BUDGET_NOT_RULED_OUT_BY_CONVERSE,D9,,,34.6074182034121,complete,ACQUIRE_DECISION_RELEVANT_EVIDENCE_BUDGET_NOT_RULED_OUT_BY_CONVERSE,True,,0,113259
PRIMARY,2,complete,ACQUIRE_DECISION_RELEVANT_EVIDENCE_BUDGET_NOT_RULED_OUT_BY_CONVERSE,D9,,,28.570129788972356,complete,ACQUIRE_DECISION_RELEVANT_EVIDENCE_BUDGET_NOT_RULED_OUT_BY_CONVERSE,True,,0,113260
PRIMARY,2,complete,ACQUIRE_DECISION_RELEVANT_EVIDENCE_BUDGET_NOT_RULED_OUT_BY_CONVERSE,D9,,,25.930152539722393,complete,ACQUIRE_DECISION_RELEVANT_EVIDENCE_BUDGET_NOT_RULED_OUT_BY_CONVERSE,True,,0,113261
PRIMARY,2,complete,ACQUIRE_DECISION_RELEVANT_EVIDENCE_BUDGET_NOT_RULED_OUT_BY_CONVERSE,D9,,,30.94444934284747,complete,ACQUIRE_DECISION_RELEVANT_EVIDENCE_BUDGET_NOT_RULED_OUT_BY_CONVERSE,True,,0,113262
PRIMARY,2,complete,ACQUIRE_DECISION_RELEVANT_EVIDENCE_BUDGET_NOT_RULED_OUT_BY_CONVERSE,D9,,,26.70989309400613,complete,ACQUIRE_DECISION_RELEVANT_EVIDENCE_BUDGET_NOT_RULED_OUT_BY_CONVERSE,True,,0,113263
PRIMARY,2,complete,ACQUIRE_DECISION_RELEVANT_EVIDENCE_BUDGET_NOT_RULED_OUT_BY_CONVERSE,D9,,,31.314146426527756,complete,ACQUIRE_DECISION_RELEVANT_EVIDENCE_BUDGET_NOT_RULED_OUT_BY_CONVERSE,True,,0,113264
PRIMARY,2,complete,ACQUIRE_DECISION_RELEVANT_EVIDENCE_BUDGET_NOT_RULED_OUT_BY_CONVERSE,D9,,,29.1842373764933,complete,ACQUIRE_DECISION_RELEVANT_EVIDENCE_BUDGET_NOT_RULED_OUT_BY_CONVERSE,True,,0,113265
PRIMARY,2,complete,ACQUIRE_DECISION_RELEVANT_EVIDENCE_BUDGET_NOT_RULED_OUT_BY_CONVERSE,D9,,,31.17941649278993,complete,ACQUIRE_DECISION_RELEVANT_EVIDENCE_BUDGET_NOT_RULED_OUT_BY_CONVERSE,True,,0,113266
PRIMARY,2,complete,ACQUIRE_DECISION_RELEVANT_EVIDENCE_BUDGET_NOT_RULED_OUT_BY_CONVERSE,D9,,,29.43149973832178,complete,ACQUIRE_DECISION_RELEVANT_EVIDENCE_BUDGET_NOT_RULED_OUT_BY_CONVERSE,True,,0,113267
PRIMARY,2,complete,ACQUIRE_DECISION_RELEVANT_EVIDENCE_BUDGET_NOT_RULED_OUT_BY_CONVERSE,D9,,,32.031943068197826,complete,ACQUIRE_DECISION_RELEVANT_EVIDENCE_BUDGET_NOT_RULED_OUT_BY_CONVERSE,True,,0,113268
PRIMARY,2,complete,ACQUIRE_DECISION_RELEVANT_EVIDENCE_BUDGET_NOT_RULED_OUT_BY_CONVERSE,D9,,,34.62192600694183,complete,ACQUIRE_DECISION_RELEVANT_EVIDENCE_BUDGET_NOT_RULED_OUT_BY_CONVERSE,True,,0,113269
PRIMARY,2,complete,ACQUIRE_DECISION_RELEVANT_EVIDENCE_BUDGET_NOT_RULED_OUT_BY_CONVERSE,D9,,,33.430404738265224,complete,ACQUIRE_DECISION_RELEVANT_EVIDENCE_BUDGET_NOT_RULED_OUT_BY_CONVERSE,True,,0,113270
PRIMARY,2,complete,ACQUIRE_DECISION_RELEVANT_EVIDENCE_BUDGET_NOT_RULED_OUT_BY_CONVERSE,D9,,,30.647587612005566,complete,ACQUIRE_DECISION_RELEVANT_EVIDENCE_BUDGET_NOT_RULED_OUT_BY_CONVERSE,True,,0,113271
PRIMARY,2,complete,ACQUIRE_DECISION_RELEVANT_EVIDENCE_BUDGET_NOT_RULED_OUT_BY_CONVERSE,D9,,,30.50781908446461,complete,ACQUIRE_DECISION_RELEVANT_EVIDENCE_BUDGET_NOT_RULED_OUT_BY_CONVERSE,True,,0,113272
PRIMARY,2,complete,ACQUIRE_DECISION_RELEVANT_EVIDENCE_BUDGET_NOT_RULED_OUT_BY_CONVERSE,D9,,,34.342342109628774,complete,ACQUIRE_DECISION_RELEVANT_EVIDENCE_BUDGET_NOT_RULED_OUT_BY_CONVERSE,True,,0,113273
PRIMARY,2,complete,ACQUIRE_DECISION_RELEVANT_EVIDENCE_BUDGET_NOT_RULED_OUT_BY_CONVERSE,D9,,,26.532903610794197,complete,ACQUIRE_DECISION_RELEVANT_EVIDENCE_BUDGET_NOT_RULED_OUT_BY_CONVERSE,True,,0,113274
PRIMARY,2,complete,ACQUIRE_DECISION_RELEVANT_EVIDENCE_BUDGET_NOT_RULED_OUT_BY_CONVERSE,D9,,,34.48262361527059,complete,ACQUIRE_DECISION_RELEVANT_EVIDENCE_BUDGET_NOT_RULED_OUT_BY_CONVERSE,True,,0,113275
PRIMARY,2,complete,ACQUIRE_DECISION_RELEVANT_EVIDENCE_BUDGET_NOT_RULED_OUT_BY_CONVERSE,D9,,,30.00807136966535,complete,ACQUIRE_DECISION_RELEVANT_EVIDENCE_BUDGET_NOT_RULED_OUT_BY_CONVERSE,True,,0,113276
PRIMARY,2,complete,ACQUIRE_DECISION_RELEVANT_EVIDENCE_BUDGET_NOT_RULED_OUT_BY_CONVERSE,D9,,,29.069594539492424,complete,ACQUIRE_DECISION_RELEVANT_EVIDENCE_BUDGET_NOT_RULED_OUT_BY_CONVERSE,True,,0,113277
PRIMARY,2,complete,ACQUIRE_DECISION_RELEVANT_EVIDENCE_BUDGET_NOT_RULED_OUT_BY_CONVERSE,D9,,,27.575730236460704,complete,ACQUIRE_DECISION_RELEVANT_EVIDENCE_BUDGET_NOT_RULED_OUT_BY_CONVERSE,True,,0,113278
PRIMARY,2,complete,ACQUIRE_DECISION_RELEVANT_EVIDENCE_BUDGET_NOT_RULED_OUT_BY_CONVERSE,D9,,,30.352906378761798,complete,ACQUIRE_DECISION_RELEVANT_EVIDENCE_BUDGET_NOT_RULED_OUT_BY_CONVERSE,True,,0,113279
PRIMARY,2,complete,ACQUIRE_DECISION_RELEVANT_EVIDENCE_BUDGET_NOT_RULED_OUT_BY_CONVERSE,D9,,,29.85655163140611,complete,ACQUIRE_DECISION_RELEVANT_EVIDENCE_BUDGET_NOT_RULED_OUT_BY_CONVERSE,True,,0,113280
PRIMARY,2,complete,ACQUIRE_DECISION_RELEVANT_EVIDENCE_BUDGET_NOT_RULED_OUT_BY_CONVERSE,D9,,,34.29756727339082,complete,ACQUIRE_DECISION_RELEVANT_EVIDENCE_BUDGET_NOT_RULED_OUT_BY_CONVERSE,True,,0,113281
PRIMARY,2,complete,ACQUIRE_DECISION_RELEVANT_EVIDENCE_BUDGET_NOT_RULED_OUT_BY_CONVERSE,D9,,,34.11464422216702,complete,ACQUIRE_DECISION_RELEVANT_EVIDENCE_BUDGET_NOT_RULED_OUT_BY_CONVERSE,True,,0,113282
PRIMARY,2,complete,ACQUIRE_DECISION_RELEVANT_EVIDENCE_BUDGET_NOT_RULED_OUT_BY_CONVERSE,D9,,,23.520395537891964,complete,ACQUIRE_DECISION_RELEVANT_EVIDENCE_BUDGET_NOT_RULED_OUT_BY_CONVERSE,True,,0,113283
PRIMARY,2,complete,ACQUIRE_DECISION_RELEVANT_EVIDENCE_BUDGET_NOT_RULED_OUT_BY_CONVERSE,D9,,,29.918126279997185,complete,ACQUIRE_DECISION_RELEVANT_EVIDENCE_BUDGET_NOT_RULED_OUT_BY_CONVERSE,True,,0,113284
PRIMARY,2,complete,ACQUIRE_DECISION_RELEVANT_EVIDENCE_BUDGET_NOT_RULED_OUT_BY_CONVERSE,D9,,,34.57758995449568,complete,ACQUIRE_DECISION_RELEVANT_EVIDENCE_BUDGET_NOT_RULED_OUT_BY_CONVERSE,True,,0,113285
PRIMARY,2,complete,ACQUIRE_DECISION_RELEVANT_EVIDENCE_BUDGET_NOT_RULED_OUT_BY_CONVERSE,D9,,,33.529142030844724,complete,ACQUIRE_DECISION_RELEVANT_EVIDENCE_BUDGET_NOT_RULED_OUT_BY_CONVERSE,True,,0,113286
PRIMARY,2,complete,ACQUIRE_DECISION_RELEVANT_EVIDENCE_BUDGET_NOT_RULED_OUT_BY_CONVERSE,D9,,,24.846884509874723,complete,ACQUIRE_DECISION_RELEVANT_EVIDENCE_BUDGET_NOT_RULED_OUT_BY_CONVERSE,True,,0,113287
PRIMARY,2,complete,ACQUIRE_DECISION_RELEVANT_EVIDENCE_BUDGET_NOT_RULED_OUT_BY_CONVERSE,D9,,,32.444059128275555,complete,ACQUIRE_DECISION_RELEVANT_EVIDENCE_BUDGET_NOT_RULED_OUT_BY_CONVERSE,True,,0,113288
PRIMARY,2,complete,ACQUIRE_DECISION_RELEVANT_EVIDENCE_BUDGET_NOT_RULED_OUT_BY_CONVERSE,D9,,,29.83569332999443,complete,ACQUIRE_DECISION_RELEVANT_EVIDENCE_BUDGET_NOT_RULED_OUT_BY_CONVERSE,True,,0,113289
PRIMARY,2,complete,ACQUIRE_DECISION_RELEVANT_EVIDENCE_BUDGET_NOT_RULED_OUT_BY_CONVERSE,D9,,,26.31898687158053,complete,ACQUIRE_DECISION_RELEVANT_EVIDENCE_BUDGET_NOT_RULED_OUT_BY_CONVERSE,True,,0,113290
PRIMARY,2,complete,ACQUIRE_DECISION_RELEVANT_EVIDENCE_BUDGET_NOT_RULED_OUT_BY_CONVERSE,D9,,,26.4350483428675,complete,ACQUIRE_DECISION_RELEVANT_EVIDENCE_BUDGET_NOT_RULED_OUT_BY_CONVERSE,True,,0,113291
PRIMARY,2,complete,ACQUIRE_DECISION_RELEVANT_EVIDENCE_BUDGET_NOT_RULED_OUT_BY_CONVERSE,D9,,,30.890652652502347,complete,ACQUIRE_DECISION_RELEVANT_EVIDENCE_BUDGET_NOT_RULED_OUT_BY_CONVERSE,True,,0,113292
PRIMARY,2,complete,ACQUIRE_DECISION_RELEVANT_EVIDENCE_BUDGET_NOT_RULED_OUT_BY_CONVERSE,D9,,,27.111194561831603,complete,ACQUIRE_DECISION_RELEVANT_EVIDENCE_BUDGET_NOT_RULED_OUT_BY_CONVERSE,True,,0,113293
PRIMARY,2,complete,ACQUIRE_DECISION_RELEVANT_EVIDENCE_BUDGET_NOT_RULED_OUT_BY_CONVERSE,D9,,,30.985012728819335,complete,ACQUIRE_DECISION_RELEVANT_EVIDENCE_BUDGET_NOT_RULED_OUT_BY_CONVERSE,True,,0,113294
PRIMARY,2,complete,ACQUIRE_DECISION_RELEVANT_EVIDENCE_BUDGET_NOT_RULED_OUT_BY_CONVERSE,D9,,,27.64379689198268,complete,ACQUIRE_DECISION_RELEVANT_EVIDENCE_BUDGET_NOT_RULED_OUT_BY_CONVERSE,True,,0,113295
PRIMARY,2,complete,ACQUIRE_DECISION_RELEVANT_EVIDENCE_BUDGET_NOT_RULED_OUT_BY_CONVERSE,D9,,,25.91389573010438,complete,ACQUIRE_DECISION_RELEVANT_EVIDENCE_BUDGET_NOT_RULED_OUT_BY_CONVERSE,True,,0,113296
PRIMARY,2,complete,ACQUIRE_DECISION_RELEVANT_EVIDENCE_BUDGET_NOT_RULED_OUT_BY_CONVERSE,D9,,,33.48605733148759,complete,ACQUIRE_DECISION_RELEVANT_EVIDENCE_BUDGET_NOT_RULED_OUT_BY_CONVERSE,True,,0,113297
PRIMARY,2,complete,ACQUIRE_DECISION_RELEVANT_EVIDENCE_BUDGET_NOT_RULED_OUT_BY_CONVERSE,D9,,,27.682773708177212,complete,ACQUIRE_DECISION_RELEVANT_EVIDENCE_BUDGET_NOT_RULED_OUT_BY_CONVERSE,True,,0,113298
PRIMARY,2,complete,ACQUIRE_DECISION_RELEVANT_EVIDENCE_BUDGET_NOT_RULED_OUT_BY_CONVERSE,D9,,,24.667080412204623,complete,ACQUIRE_DECISION_RELEVANT_EVIDENCE_BUDGET_NOT_RULED_OUT_BY_CONVERSE,True,,0,113299
PRIMARY,2,complete,ACQUIRE_DECISION_RELEVANT_EVIDENCE_BUDGET_NOT_RULED_OUT_BY_CONVERSE,D9,,,30.854586286827033,complete,ACQUIRE_DECISION_RELEVANT_EVIDENCE_BUDGET_NOT_RULED_OUT_BY_CONVERSE,True,,0,113300
PRIMARY,2,complete,ACQUIRE_DECISION_RELEVANT_EVIDENCE_BUDGET_NOT_RULED_OUT_BY_CONVERSE,D9,,,33.121905344573634,complete,ACQUIRE_DECISION_RELEVANT_EVIDENCE_BUDGET_NOT_RULED_OUT_BY_CONVERSE,True,,0,113301
PRIMARY,2,complete,ACQUIRE_DECISION_RELEVANT_EVIDENCE_BUDGET_NOT_RULED_OUT_BY_CONVERSE,D9,,,29.063652132569597,complete,ACQUIRE_DECISION_RELEVANT_EVIDENCE_BUDGET_NOT_RULED_OUT_BY_CONVERSE,True,,0,113302
PRIMARY,2,complete,ACQUIRE_DECISION_RELEVANT_EVIDENCE_BUDGET_NOT_RULED_OUT_BY_CONVERSE,D9,,,28.280932462791554,complete,ACQUIRE_DECISION_RELEVANT_EVIDENCE_BUDGET_NOT_RULED_OUT_BY_CONVERSE,True,,0,113303
PRIMARY,2,complete,ACQUIRE_DECISION_RELEVANT_EVIDENCE_BUDGET_NOT_RULED_OUT_BY_CONVERSE,D9,,,25.50658372259065,complete,ACQUIRE_DECISION_RELEVANT_EVIDENCE_BUDGET_NOT_RULED_OUT_BY_CONVERSE,True,,0,113304
PRIMARY,2,complete,ACQUIRE_DECISION_RELEVANT_EVIDENCE_BUDGET_NOT_RULED_OUT_BY_CONVERSE,D9,,,33.01857366803524,complete,ACQUIRE_DECISION_RELEVANT_EVIDENCE_BUDGET_NOT_RULED_OUT_BY_CONVERSE,True,,0,113305
PRIMARY,2,complete,ACQUIRE_DECISION_RELEVANT_EVIDENCE_BUDGET_NOT_RULED_OUT_BY_CONVERSE,D9,,,32.30965847960663,complete,ACQUIRE_DECISION_RELEVANT_EVIDENCE_BUDGET_NOT_RULED_OUT_BY_CONVERSE,True,,0,113306
PRIMARY,2,complete,ACQUIRE_DECISION_RELEVANT_EVIDENCE_BUDGET_NOT_RULED_OUT_BY_CONVERSE,D9,,,26.97305368068334,complete,ACQUIRE_DECISION_RELEVANT_EVIDENCE_BUDGET_NOT_RULED_OUT_BY_CONVERSE,True,,0,113307
PRIMARY,2,complete,ACQUIRE_DECISION_RELEVANT_EVIDENCE_BUDGET_NOT_RULED_OUT_BY_CONVERSE,D9,,,26.397488608286597,complete,ACQUIRE_DECISION_RELEVANT_EVIDENCE_BUDGET_NOT_RULED_OUT_BY_CONVERSE,True,,0,113308
PRIMARY,2,complete,ACQUIRE_DECISION_RELEVANT_EVIDENCE_BUDGET_NOT_RULED_OUT_BY_CONVERSE,D9,,,33.93777376951022,complete,ACQUIRE_DECISION_RELEVANT_EVIDENCE_BUDGET_NOT_RULED_OUT_BY_CONVERSE,True,,0,113309
PRIMARY,2,complete,ACQUIRE_DECISION_RELEVANT_EVIDENCE_BUDGET_NOT_RULED_OUT_BY_CONVERSE,D9,,,27.551306403930223,complete,ACQUIRE_DECISION_RELEVANT_EVIDENCE_BUDGET_NOT_RULED_OUT_BY_CONVERSE,True,,0,113310
PRIMARY,2,complete,ACQUIRE_DECISION_RELEVANT_EVIDENCE_BUDGET_NOT_RULED_OUT_BY_CONVERSE,D9,,,28.65492388977784,complete,ACQUIRE_DECISION_RELEVANT_EVIDENCE_BUDGET_NOT_RULED_OUT_BY_CONVERSE,True,,0,113311
PRIMARY,2,complete,ACQUIRE_DECISION_RELEVANT_EVIDENCE_BUDGET_NOT_RULED_OUT_BY_CONVERSE,D9,,,27.40919007749454,complete,ACQUIRE_DECISION_RELEVANT_EVIDENCE_BUDGET_NOT_RULED_OUT_BY_CONVERSE,True,,0,113312
PRIMARY,2,complete,ACQUIRE_DECISION_RELEVANT_EVIDENCE_BUDGET_NOT_RULED_OUT_BY_CONVERSE,D9,,,31.88270785762962,complete,ACQUIRE_DECISION_RELEVANT_EVIDENCE_BUDGET_NOT_RULED_OUT_BY_CONVERSE,True,,0,113313
PRIMARY,2,complete,ACQUIRE_DECISION_RELEVANT_EVIDENCE_BUDGET_NOT_RULED_OUT_BY_CONVERSE,D9,,,28.734851714405117,complete,ACQUIRE_DECISION_RELEVANT_EVIDENCE_BUDGET_NOT_RULED_OUT_BY_CONVERSE,True,,0,113314
PRIMARY,2,complete,ACQUIRE_DECISION_RELEVANT_EVIDENCE_BUDGET_NOT_RULED_OUT_BY_CONVERSE,D9,,,29.2410871237182,complete,ACQUIRE_DECISION_RELEVANT_EVIDENCE_BUDGET_NOT_RULED_OUT_BY_CONVERSE,True,,0,113315
PRIMARY,2,complete,ACQUIRE_DECISION_RELEVANT_EVIDENCE_BUDGET_NOT_RULED_OUT_BY_CONVERSE,D9,,,29.529192844143996,complete,ACQUIRE_DECISION_RELEVANT_EVIDENCE_BUDGET_NOT_RULED_OUT_BY_CONVERSE,True,,0,113316
PRIMARY,2,complete,ACQUIRE_DECISION_RELEVANT_EVIDENCE_BUDGET_NOT_RULED_OUT_BY_CONVERSE,D9,,,28.157101213252727,complete,ACQUIRE_DECISION_RELEVANT_EVIDENCE_BUDGET_NOT_RULED_OUT_BY_CONVERSE,True,,0,113317
PRIMARY,2,complete,ACQUIRE_DECISION_RELEVANT_EVIDENCE_BUDGET_NOT_RULED_OUT_BY_CONVERSE,D9,,,32.192556579699335,complete,ACQUIRE_DECISION_RELEVANT_EVIDENCE_BUDGET_NOT_RULED_OUT_BY_CONVERSE,True,,0,113318
PRIMARY,2,complete,ACQUIRE_DECISION_RELEVANT_EVIDENCE_BUDGET_NOT_RULED_OUT_BY_CONVERSE,D9,,,26.93410177325974,complete,ACQUIRE_DECISION_RELEVANT_EVIDENCE_BUDGET_NOT_RULED_OUT_BY_CONVERSE,True,,0,113319
PRIMARY,2,complete,ACQUIRE_DECISION_RELEVANT_EVIDENCE_BUDGET_NOT_RULED_OUT_BY_CONVERSE,D9,,,25.871859815246843,complete,ACQUIRE_DECISION_RELEVANT_EVIDENCE_BUDGET_NOT_RULED_OUT_BY_CONVERSE,True,,0,113320
PRIMARY,2,complete,ACQUIRE_DECISION_RELEVANT_EVIDENCE_BUDGET_NOT_RULED_OUT_BY_CONVERSE,D9,,,33.343427478475384,complete,ACQUIRE_DECISION_RELEVANT_EVIDENCE_BUDGET_NOT_RULED_OUT_BY_CONVERSE,True,,0,113321
PRIMARY,2,complete,ACQUIRE_DECISION_RELEVANT_EVIDENCE_BUDGET_NOT_RULED_OUT_BY_CONVERSE,D9,,,31.777588885606356,complete,ACQUIRE_DECISION_RELEVANT_EVIDENCE_BUDGET_NOT_RULED_OUT_BY_CONVERSE,True,,0,113322
PRIMARY,2,complete,ACQUIRE_DECISION_RELEVANT_EVIDENCE_BUDGET_NOT_RULED_OUT_BY_CONVERSE,D9,,,33.405538943532974,complete,ACQUIRE_DECISION_RELEVANT_EVIDENCE_BUDGET_NOT_RULED_OUT_BY_CONVERSE,True,,0,113323
PRIMARY,2,complete,ACQUIRE_DECISION_RELEVANT_EVIDENCE_BUDGET_NOT_RULED_OUT_BY_CONVERSE,D9,,,34.13096140082658,complete,ACQUIRE_DECISION_RELEVANT_EVIDENCE_BUDGET_NOT_RULED_OUT_BY_CONVERSE,True,,0,113324
PRIMARY,2,complete,ACQUIRE_DECISION_RELEVANT_EVIDENCE_BUDGET_NOT_RULED_OUT_BY_CONVERSE,D9,,,27.955746451120344,complete,ACQUIRE_DECISION_RELEVANT_EVIDENCE_BUDGET_NOT_RULED_OUT_BY_CONVERSE,True,,0,113325
PRIMARY,2,complete,ACQUIRE_DECISION_RELEVANT_EVIDENCE_BUDGET_NOT_RULED_OUT_BY_CONVERSE,D9,,,29.186735408725916,complete,ACQUIRE_DECISION_RELEVANT_EVIDENCE_BUDGET_NOT_RULED_OUT_BY_CONVERSE,True,,0,113326
PRIMARY,2,complete,ACQUIRE_DECISION_RELEVANT_EVIDENCE_BUDGET_NOT_RULED_OUT_BY_CONVERSE,D9,,,25.490399678124998,complete,ACQUIRE_DECISION_RELEVANT_EVIDENCE_BUDGET_NOT_RULED_OUT_BY_CONVERSE,True,,0,113327
PRIMARY,2,complete,ACQUIRE_DECISION_RELEVANT_EVIDENCE_BUDGET_NOT_RULED_OUT_BY_CONVERSE,D9,,,29.837894235069935,complete,ACQUIRE_DECISION_RELEVANT_EVIDENCE_BUDGET_NOT_RULED_OUT_BY_CONVERSE,True,,0,113328
PRIMARY,2,z,ACQUIRE_DECISION_RELEVANT_EVIDENCE_BUDGET_NOT_RULED_OUT_BY_CONVERSE,D10,,,35.52269074245257,z,ACQUIRE_DECISION_RELEVANT_EVIDENCE_BUDGET_NOT_RULED_OUT_BY_CONVERSE,True,True,1,114201
PRIMARY,2,z,ACQUIRE_DECISION_RELEVANT_EVIDENCE_BUDGET_NOT_RULED_OUT_BY_CONVERSE,D10,,,37.98644209032722,z,ACQUIRE_DECISION_RELEVANT_EVIDENCE_BUDGET_NOT_RULED_OUT_BY_CONVERSE,True,True,1,114202
PRIMARY,2,z,ACQUIRE_DECISION_RELEVANT_EVIDENCE_BUDGET_NOT_RULED_OUT_BY_CONVERSE,D10,,,37.414180682322716,z,ACQUIRE_DECISION_RELEVANT_EVIDENCE_BUDGET_NOT_RULED_OUT_BY_CONVERSE,True,True,1,114203
PRIMARY,2,a,ACQUIRE_DECISION_RELEVANT_EVIDENCE_BUDGET_NOT_RULED_OUT_BY_CONVERSE,D10,,,39.75599294742972,a,ACQUIRE_DECISION_RELEVANT_EVIDENCE_BUDGET_NOT_RULED_OUT_BY_CONVERSE,True,True,1,114204
PRIMARY,2,z,ACQUIRE_DECISION_RELEVANT_EVIDENCE_BUDGET_NOT_RULED_OUT_BY_CONVERSE,D10,,,38.89025381332819,z,ACQUIRE_DECISION_RELEVANT_EVIDENCE_BUDGET_NOT_RULED_OUT_BY_CONVERSE,True,True,1,114205
PRIMARY,2,z,ACQUIRE_DECISION_RELEVANT_EVIDENCE_BUDGET_NOT_RULED_OUT_BY_CONVERSE,D10,,,38.96479844499466,z,ACQUIRE_DECISION_RELEVANT_EVIDENCE_BUDGET_NOT_RULED_OUT_BY_CONVERSE,True,True,1,114206
PRIMARY,2,z,ACQUIRE_DECISION_RELEVANT_EVIDENCE_BUDGET_NOT_RULED_OUT_BY_CONVERSE,D10,,,36.54224036440294,z,ACQUIRE_DECISION_RELEVANT_EVIDENCE_BUDGET_NOT_RULED_OUT_BY_CONVERSE,True,True,1,114207
PRIMARY,2,z,ACQUIRE_DECISION_RELEVANT_EVIDENCE_BUDGET_NOT_RULED_OUT_BY_CONVERSE,D10,,,36.899025374204705,z,ACQUIRE_DECISION_RELEVANT_EVIDENCE_BUDGET_NOT_RULED_OUT_BY_CONVERSE,True,True,1,114208
PRIMARY,2,z,ACQUIRE_DECISION_RELEVANT_EVIDENCE_BUDGET_NOT_RULED_OUT_BY_CONVERSE,D10,,,38.17175320353163,z,ACQUIRE_DECISION_RELEVANT_EVIDENCE_BUDGET_NOT_RULED_OUT_BY_CONVERSE,True,True,1,114209
PRIMARY,2,a,ACQUIRE_DECISION_RELEVANT_EVIDENCE_BUDGET_NOT_RULED_OUT_BY_CONVERSE,D10,,,39.443450861266804,a,ACQUIRE_DECISION_RELEVANT_EVIDENCE_BUDGET_NOT_RULED_OUT_BY_CONVERSE,True,True,1,114210
PRIMARY,2,z,ACQUIRE_DECISION_RELEVANT_EVIDENCE_BUDGET_NOT_RULED_OUT_BY_CONVERSE,D10,,,35.727861526748626,z,ACQUIRE_DECISION_RELEVANT_EVIDENCE_BUDGET_NOT_RULED_OUT_BY_CONVERSE,True,True,1,114211
PRIMARY,2,a,ACQUIRE_DECISION_RELEVANT_EVIDENCE_BUDGET_NOT_RULED_OUT_BY_CONVERSE,D10,,,36.13687943146924,a,ACQUIRE_DECISION_RELEVANT_EVIDENCE_BUDGET_NOT_RULED_OUT_BY_CONVERSE,True,True,1,114212
PRIMARY,2,z,ACQUIRE_DECISION_RELEVANT_EVIDENCE_BUDGET_NOT_RULED_OUT_BY_CONVERSE,D10,,,38.71298975941062,z,ACQUIRE_DECISION_RELEVANT_EVIDENCE_BUDGET_NOT_RULED_OUT_BY_CONVERSE,True,True,1,114213
PRIMARY,2,z,ACQUIRE_DECISION_RELEVANT_EVIDENCE_BUDGET_NOT_RULED_OUT_BY_CONVERSE,D10,,,38.037196721418084,z,ACQUIRE_DECISION_RELEVANT_EVIDENCE_BUDGET_NOT_RULED_OUT_BY_CONVERSE,True,True,1,114214
PRIMARY,2,a,ACQUIRE_DECISION_RELEVANT_EVIDENCE_BUDGET_NOT_RULED_OUT_BY_CONVERSE,D10,,,37.24880112164197,a,ACQUIRE_DECISION_RELEVANT_EVIDENCE_BUDGET_NOT_RULED_OUT_BY_CONVERSE,True,True,1,114215
PRIMARY,2,z,ACQUIRE_DECISION_RELEVANT_EVIDENCE_BUDGET_NOT_RULED_OUT_BY_CONVERSE,D10,,,40.695927398624974,z,ACQUIRE_DECISION_RELEVANT_EVIDENCE_BUDGET_NOT_RULED_OUT_BY_CONVERSE,True,True,1,114216
PRIMARY,2,a,ACQUIRE_DECISION_RELEVANT_EVIDENCE_BUDGET_NOT_RULED_OUT_BY_CONVERSE,D10,,,39.16467285422308,a,ACQUIRE_DECISION_RELEVANT_EVIDENCE_BUDGET_NOT_RULED_OUT_BY_CONVERSE,True,True,1,114217
PRIMARY,2,z,ACQUIRE_DECISION_RELEVANT_EVIDENCE_BUDGET_NOT_RULED_OUT_BY_CONVERSE,D10,,,35.751558217525805,z,ACQUIRE_DECISION_RELEVANT_EVIDENCE_BUDGET_NOT_RULED_OUT_BY_CONVERSE,True,True,1,114218
PRIMARY,2,z,ACQUIRE_DECISION_RELEVANT_EVIDENCE_BUDGET_NOT_RULED_OUT_BY_CONVERSE,D10,,,35.88615191476758,z,ACQUIRE_DECISION_RELEVANT_EVIDENCE_BUDGET_NOT_RULED_OUT_BY_CONVERSE,True,True,1,114219
PRIMARY,2,z,ACQUIRE_DECISION_RELEVANT_EVIDENCE_BUDGET_NOT_RULED_OUT_BY_CONVERSE,D10,,,36.15241908505733,z,ACQUIRE_DECISION_RELEVANT_EVIDENCE_BUDGET_NOT_RULED_OUT_BY_CONVERSE,True,True,1,114220
PRIMARY,2,z,ACQUIRE_DECISION_RELEVANT_EVIDENCE_BUDGET_NOT_RULED_OUT_BY_CONVERSE,D10,,,36.393678148548034,z,ACQUIRE_DECISION_RELEVANT_EVIDENCE_BUDGET_NOT_RULED_OUT_BY_CONVERSE,True,True,1,114221
PRIMARY,2,a,ACQUIRE_DECISION_RELEVANT_EVIDENCE_BUDGET_NOT_RULED_OUT_BY_CONVERSE,D10,,,36.904908735587235,a,ACQUIRE_DECISION_RELEVANT_EVIDENCE_BUDGET_NOT_RULED_OUT_BY_CONVERSE,True,True,1,114222
PRIMARY,2,a,ACQUIRE_DECISION_RELEVANT_EVIDENCE_BUDGET_NOT_RULED_OUT_BY_CONVERSE,D10,,,38.284945542361385,a,ACQUIRE_DECISION_RELEVANT_EVIDENCE_BUDGET_NOT_RULED_OUT_BY_CONVERSE,True,True,1,114223
PRIMARY,2,a,ACQUIRE_DECISION_RELEVANT_EVIDENCE_BUDGET_NOT_RULED_OUT_BY_CONVERSE,D10,,,39.36392569680168,a,ACQUIRE_DECISION_RELEVANT_EVIDENCE_BUDGET_NOT_RULED_OUT_BY_CONVERSE,True,True,1,114224
PRIMARY,2,a,ACQUIRE_DECISION_RELEVANT_EVIDENCE_BUDGET_NOT_RULED_OUT_BY_CONVERSE,D10,,,39.76728569438536,a,ACQUIRE_DECISION_RELEVANT_EVIDENCE_BUDGET_NOT_RULED_OUT_BY_CONVERSE,True,True,1,114225
PRIMARY,2,a,ACQUIRE_DECISION_RELEVANT_EVIDENCE_BUDGET_NOT_RULED_OUT_BY_CONVERSE,D10,,,38.11578613239311,a,ACQUIRE_DECISION_RELEVANT_EVIDENCE_BUDGET_NOT_RULED_OUT_BY_CONVERSE,True,True,1,114226
PRIMARY,2,a,ACQUIRE_DECISION_RELEVANT_EVIDENCE_BUDGET_NOT_RULED_OUT_BY_CONVERSE,D10,,,37.21945839036302,a,ACQUIRE_DECISION_RELEVANT_EVIDENCE_BUDGET_NOT_RULED_OUT_BY_CONVERSE,True,True,1,114227
PRIMARY,2,a,ACQUIRE_DECISION_RELEVANT_EVIDENCE_BUDGET_NOT_RULED_OUT_BY_CONVERSE,D10,,,37.56668182420495,a,ACQUIRE_DECISION_RELEVANT_EVIDENCE_BUDGET_NOT_RULED_OUT_BY_CONVERSE,True,True,1,114228
PRIMARY,2,a,ACQUIRE_DECISION_RELEVANT_EVIDENCE_BUDGET_NOT_RULED_OUT_BY_CONVERSE,D10,,,38.063899018733835,a,ACQUIRE_DECISION_RELEVANT_EVIDENCE_BUDGET_NOT_RULED_OUT_BY_CONVERSE,True,True,1,114229
PRIMARY,2,z,ACQUIRE_DECISION_RELEVANT_EVIDENCE_BUDGET_NOT_RULED_OUT_BY_CONVERSE,D10,,,39.0537106028176,z,ACQUIRE_DECISION_RELEVANT_EVIDENCE_BUDGET_NOT_RULED_OUT_BY_CONVERSE,True,True,1,114230
PRIMARY,2,z,ACQUIRE_DECISION_RELEVANT_EVIDENCE_BUDGET_NOT_RULED_OUT_BY_CONVERSE,D10,,,35.21979930762286,z,ACQUIRE_DECISION_RELEVANT_EVIDENCE_BUDGET_NOT_RULED_OUT_BY_CONVERSE,True,True,1,114231
PRIMARY,2,z,ACQUIRE_DECISION_RELEVANT_EVIDENCE_BUDGET_NOT_RULED_OUT_BY_CONVERSE,D10,,,36.46576618633624,z,ACQUIRE_DECISION_RELEVANT_EVIDENCE_BUDGET_NOT_RULED_OUT_BY_CONVERSE,True,True,1,114232
PRIMARY,2,a,ACQUIRE_DECISION_RELEVANT_EVIDENCE_BUDGET_NOT_RULED_OUT_BY_CONVERSE,D10,,,38.14277583996237,a,ACQUIRE_DECISION_RELEVANT_EVIDENCE_BUDGET_NOT_RULED_OUT_BY_CONVERSE,True,True,1,114233
PRIMARY,2,a,ACQUIRE_DECISION_RELEVANT_EVIDENCE_BUDGET_NOT_RULED_OUT_BY_CONVERSE,D10,,,36.773521069168254,a,ACQUIRE_DECISION_RELEVANT_EVIDENCE_BUDGET_NOT_RULED_OUT_BY_CONVERSE,True,True,1,114234
PRIMARY,2,z,ACQUIRE_DECISION_RELEVANT_EVIDENCE_BUDGET_NOT_RULED_OUT_BY_CONVERSE,D10,,,36.531071346778596,z,ACQUIRE_DECISION_RELEVANT_EVIDENCE_BUDGET_NOT_RULED_OUT_BY_CONVERSE,True,True,1,114235
PRIMARY,2,z,ACQUIRE_DECISION_RELEVANT_EVIDENCE_BUDGET_NOT_RULED_OUT_BY_CONVERSE,D10,,,35.42419561089858,z,ACQUIRE_DECISION_RELEVANT_EVIDENCE_BUDGET_NOT_RULED_OUT_BY_CONVERSE,True,True,1,114236
PRIMARY,2,z,ACQUIRE_DECISION_RELEVANT_EVIDENCE_BUDGET_NOT_RULED_OUT_BY_CONVERSE,D10,,,40.74314418884824,z,ACQUIRE_DECISION_RELEVANT_EVIDENCE_BUDGET_NOT_RULED_OUT_BY_CONVERSE,True,True,1,114237
PRIMARY,2,a,ACQUIRE_DECISION_RELEVANT_EVIDENCE_BUDGET_NOT_RULED_OUT_BY_CONVERSE,D10,,,38.195254328597265,a,ACQUIRE_DECISION_RELEVANT_EVIDENCE_BUDGET_NOT_RULED_OUT_BY_CONVERSE,True,True,1,114238
PRIMARY,2,z,ACQUIRE_DECISION_RELEVANT_EVIDENCE_BUDGET_NOT_RULED_OUT_BY_CONVERSE,D10,,,35.6213896091137,z,ACQUIRE_DECISION_RELEVANT_EVIDENCE_BUDGET_NOT_RULED_OUT_BY_CONVERSE,True,True,1,114239
PRIMARY,2,z,ACQUIRE_DECISION_RELEVANT_EVIDENCE_BUDGET_NOT_RULED_OUT_BY_CONVERSE,D10,,,37.30295500145792,z,ACQUIRE_DECISION_RELEVANT_EVIDENCE_BUDGET_NOT_RULED_OUT_BY_CONVERSE,True,True,1,114240
PRIMARY,2,z,ACQUIRE_DECISION_RELEVANT_EVIDENCE_BUDGET_NOT_RULED_OUT_BY_CONVERSE,D10,,,34.947373865250505,z,ACQUIRE_DECISION_RELEVANT_EVIDENCE_BUDGET_NOT_RULED_OUT_BY_CONVERSE,True,True,1,114241
PRIMARY,2,z,ACQUIRE_DECISION_RELEVANT_EVIDENCE_BUDGET_NOT_RULED_OUT_BY_CONVERSE,D10,,,34.91500406994057,z,ACQUIRE_DECISION_RELEVANT_EVIDENCE_BUDGET_NOT_RULED_OUT_BY_CONVERSE,True,True,1,114242
PRIMARY,2,z,ACQUIRE_DECISION_RELEVANT_EVIDENCE_BUDGET_NOT_RULED_OUT_BY_CONVERSE,D10,,,38.13278207439371,z,ACQUIRE_DECISION_RELEVANT_EVIDENCE_BUDGET_NOT_RULED_OUT_BY_CONVERSE,True,True,1,114243
PRIMARY,2,a,ACQUIRE_DECISION_RELEVANT_EVIDENCE_BUDGET_NOT_RULED_OUT_BY_CONVERSE,D10,,,37.42955426532832,a,ACQUIRE_DECISION_RELEVANT_EVIDENCE_BUDGET_NOT_RULED_OUT_BY_CONVERSE,True,True,1,114244
PRIMARY,2,a,ACQUIRE_DECISION_RELEVANT_EVIDENCE_BUDGET_NOT_RULED_OUT_BY_CONVERSE,D10,,,37.68030056363876,a,ACQUIRE_DECISION_RELEVANT_EVIDENCE_BUDGET_NOT_RULED_OUT_BY_CONVERSE,True,True,1,114245
PRIMARY,2,a,ACQUIRE_DECISION_RELEVANT_EVIDENCE_BUDGET_NOT_RULED_OUT_BY_CONVERSE,D10,,,37.88619398136645,a,ACQUIRE_DECISION_RELEVANT_EVIDENCE_BUDGET_NOT_RULED_OUT_BY_CONVERSE,True,True,1,114246
PRIMARY,2,z,ACQUIRE_DECISION_RELEVANT_EVIDENCE_BUDGET_NOT_RULED_OUT_BY_CONVERSE,D10,,,39.167812352768124,z,ACQUIRE_DECISION_RELEVANT_EVIDENCE_BUDGET_NOT_RULED_OUT_BY_CONVERSE,True,True,1,114247
PRIMARY,2,z,ACQUIRE_DECISION_RELEVANT_EVIDENCE_BUDGET_NOT_RULED_OUT_BY_CONVERSE,D10,,,35.00411083628923,z,ACQUIRE_DECISION_RELEVANT_EVIDENCE_BUDGET_NOT_RULED_OUT_BY_CONVERSE,True,True,1,114248
PRIMARY,2,a,ACQUIRE_DECISION_RELEVANT_EVIDENCE_BUDGET_NOT_RULED_OUT_BY_CONVERSE,D10,,,36.6880234201371,a,ACQUIRE_DECISION_RELEVANT_EVIDENCE_BUDGET_NOT_RULED_OUT_BY_CONVERSE,True,True,1,114249
PRIMARY,2,z,ACQUIRE_DECISION_RELEVANT_EVIDENCE_BUDGET_NOT_RULED_OUT_BY_CONVERSE,D10,,,35.81016444168945,z,ACQUIRE_DECISION_RELEVANT_EVIDENCE_BUDGET_NOT_RULED_OUT_BY_CONVERSE,True,True,1,114250
PRIMARY,2,a,ACQUIRE_DECISION_RELEVANT_EVIDENCE_BUDGET_NOT_RULED_OUT_BY_CONVERSE,D10,,,37.88094801093887,a,ACQUIRE_DECISION_RELEVANT_EVIDENCE_BUDGET_NOT_RULED_OUT_BY_CONVERSE,True,True,1,114251
PRIMARY,2,a,ACQUIRE_DECISION_RELEVANT_EVIDENCE_BUDGET_NOT_RULED_OUT_BY_CONVERSE,D10,,,38.04678506642661,a,ACQUIRE_DECISION_RELEVANT_EVIDENCE_BUDGET_NOT_RULED_OUT_BY_CONVERSE,True,True,1,114252
PRIMARY,2,a,ACQUIRE_DECISION_RELEVANT_EVIDENCE_BUDGET_NOT_RULED_OUT_BY_CONVERSE,D10,,,36.24622377603932,a,ACQUIRE_DECISION_RELEVANT_EVIDENCE_BUDGET_NOT_RULED_OUT_BY_CONVERSE,True,True,1,114253
PRIMARY,2,z,ACQUIRE_DECISION_RELEVANT_EVIDENCE_BUDGET_NOT_RULED_OUT_BY_CONVERSE,D10,,,35.018973811990776,z,ACQUIRE_DECISION_RELEVANT_EVIDENCE_BUDGET_NOT_RULED_OUT_BY_CONVERSE,True,True,1,114254
PRIMARY,2,z,ACQUIRE_DECISION_RELEVANT_EVIDENCE_BUDGET_NOT_RULED_OUT_BY_CONVERSE,D10,,,37.40295545212022,z,ACQUIRE_DECISION_RELEVANT_EVIDENCE_BUDGET_NOT_RULED_OUT_BY_CONVERSE,True,True,1,114255
PRIMARY,2,z,ACQUIRE_DECISION_RELEVANT_EVIDENCE_BUDGET_NOT_RULED_OUT_BY_CONVERSE,D10,,,35.38165225630849,z,ACQUIRE_DECISION_RELEVANT_EVIDENCE_BUDGET_NOT_RULED_OUT_BY_CONVERSE,True,True,1,114256
PRIMARY,2,z,ACQUIRE_DECISION_RELEVANT_EVIDENCE_BUDGET_NOT_RULED_OUT_BY_CONVERSE,D10,,,37.785808956614794,z,ACQUIRE_DECISION_RELEVANT_EVIDENCE_BUDGET_NOT_RULED_OUT_BY_CONVERSE,True,True,1,114257
PRIMARY,2,a,ACQUIRE_DECISION_RELEVANT_EVIDENCE_BUDGET_NOT_RULED_OUT_BY_CONVERSE,D10,,,36.33874577784425,a,ACQUIRE_DECISION_RELEVANT_EVIDENCE_BUDGET_NOT_RULED_OUT_BY_CONVERSE,True,True,1,114258
PRIMARY,2,z,ACQUIRE_DECISION_RELEVANT_EVIDENCE_BUDGET_NOT_RULED_OUT_BY_CONVERSE,D10,,,36.37441438837975,z,ACQUIRE_DECISION_RELEVANT_EVIDENCE_BUDGET_NOT_RULED_OUT_BY_CONVERSE,True,True,1,114259
PRIMARY,2,a,ACQUIRE_DECISION_RELEVANT_EVIDENCE_BUDGET_NOT_RULED_OUT_BY_CONVERSE,D10,,,38.29584527392479,a,ACQUIRE_DECISION_RELEVANT_EVIDENCE_BUDGET_NOT_RULED_OUT_BY_CONVERSE,True,True,1,114260
PRIMARY,2,a,ACQUIRE_DECISION_RELEVANT_EVIDENCE_BUDGET_NOT_RULED_OUT_BY_CONVERSE,D10,,,37.58662519497148,a,ACQUIRE_DECISION_RELEVANT_EVIDENCE_BUDGET_NOT_RULED_OUT_BY_CONVERSE,True,True,1,114261
PRIMARY,2,z,ACQUIRE_DECISION_RELEVANT_EVIDENCE_BUDGET_NOT_RULED_OUT_BY_CONVERSE,D10,,,35.4316721595236,z,ACQUIRE_DECISION_RELEVANT_EVIDENCE_BUDGET_NOT_RULED_OUT_BY_CONVERSE,True,True,1,114262
PRIMARY,2,z,ACQUIRE_DECISION_RELEVANT_EVIDENCE_BUDGET_NOT_RULED_OUT_BY_CONVERSE,D10,,,35.53534424582946,z,ACQUIRE_DECISION_RELEVANT_EVIDENCE_BUDGET_NOT_RULED_OUT_BY_CONVERSE,True,True,1,114263
PRIMARY,2,z,ACQUIRE_DECISION_RELEVANT_EVIDENCE_BUDGET_NOT_RULED_OUT_BY_CONVERSE,D10,,,35.18218200500587,z,ACQUIRE_DECISION_RELEVANT_EVIDENCE_BUDGET_NOT_RULED_OUT_BY_CONVERSE,True,True,1,114264
PRIMARY,2,a,ACQUIRE_DECISION_RELEVANT_EVIDENCE_BUDGET_NOT_RULED_OUT_BY_CONVERSE,D10,,,38.223041821103486,a,ACQUIRE_DECISION_RELEVANT_EVIDENCE_BUDGET_NOT_RULED_OUT_BY_CONVERSE,True,True,1,114265
PRIMARY,2,z,ACQUIRE_DECISION_RELEVANT_EVIDENCE_BUDGET_NOT_RULED_OUT_BY_CONVERSE,D10,,,37.291191210287174,z,ACQUIRE_DECISION_RELEVANT_EVIDENCE_BUDGET_NOT_RULED_OUT_BY_CONVERSE,True,True,1,114266
PRIMARY,2,a,ACQUIRE_DECISION_RELEVANT_EVIDENCE_BUDGET_NOT_RULED_OUT_BY_CONVERSE,D10,,,36.07503781654178,a,ACQUIRE_DECISION_RELEVANT_EVIDENCE_BUDGET_NOT_RULED_OUT_BY_CONVERSE,True,True,1,114267
PRIMARY,2,z,ACQUIRE_DECISION_RELEVANT_EVIDENCE_BUDGET_NOT_RULED_OUT_BY_CONVERSE,D10,,,35.06605343338552,z,ACQUIRE_DECISION_RELEVANT_EVIDENCE_BUDGET_NOT_RULED_OUT_BY_CONVERSE,True,True,1,114268
PRIMARY,2,a,ACQUIRE_DECISION_RELEVANT_EVIDENCE_BUDGET_NOT_RULED_OUT_BY_CONVERSE,D10,,,36.57436186058495,a,ACQUIRE_DECISION_RELEVANT_EVIDENCE_BUDGET_NOT_RULED_OUT_BY_CONVERSE,True,True,1,114269
PRIMARY,2,z,ACQUIRE_DECISION_RELEVANT_EVIDENCE_BUDGET_NOT_RULED_OUT_BY_CONVERSE,D10,,,36.5674233867082,z,ACQUIRE_DECISION_RELEVANT_EVIDENCE_BUDGET_NOT_RULED_OUT_BY_CONVERSE,True,True,1,114270
PRIMARY,2,z,ACQUIRE_DECISION_RELEVANT_EVIDENCE_BUDGET_NOT_RULED_OUT_BY_CONVERSE,D10,,,35.0785028322992,z,ACQUIRE_DECISION_RELEVANT_EVIDENCE_BUDGET_NOT_RULED_OUT_BY_CONVERSE,True,True,1,114271
PRIMARY,2,a,ACQUIRE_DECISION_RELEVANT_EVIDENCE_BUDGET_NOT_RULED_OUT_BY_CONVERSE,D10,,,38.2028099120965,a,ACQUIRE_DECISION_RELEVANT_EVIDENCE_BUDGET_NOT_RULED_OUT_BY_CONVERSE,True,True,1,114272
PRIMARY,2,z,ACQUIRE_DECISION_RELEVANT_EVIDENCE_BUDGET_NOT_RULED_OUT_BY_CONVERSE,D10,,,37.26577784343018,z,ACQUIRE_DECISION_RELEVANT_EVIDENCE_BUDGET_NOT_RULED_OUT_BY_CONVERSE,True,True,1,114273
PRIMARY,2,z,ACQUIRE_DECISION_RELEVANT_EVIDENCE_BUDGET_NOT_RULED_OUT_BY_CONVERSE,D10,,,36.26425900123087,z,ACQUIRE_DECISION_RELEVANT_EVIDENCE_BUDGET_NOT_RULED_OUT_BY_CONVERSE,True,True,1,114274
PRIMARY,2,z,ACQUIRE_DECISION_RELEVANT_EVIDENCE_BUDGET_NOT_RULED_OUT_BY_CONVERSE,D10,,,39.89092945818444,z,ACQUIRE_DECISION_RELEVANT_EVIDENCE_BUDGET_NOT_RULED_OUT_BY_CONVERSE,True,True,1,114275
PRIMARY,2,a,ACQUIRE_DECISION_RELEVANT_EVIDENCE_BUDGET_NOT_RULED_OUT_BY_CONVERSE,D10,,,38.6369643346126,a,ACQUIRE_DECISION_RELEVANT_EVIDENCE_BUDGET_NOT_RULED_OUT_BY_CONVERSE,True,True,1,114276
PRIMARY,2,z,ACQUIRE_DECISION_RELEVANT_EVIDENCE_BUDGET_NOT_RULED_OUT_BY_CONVERSE,D10,,,38.299189421886226,z,ACQUIRE_DECISION_RELEVANT_EVIDENCE_BUDGET_NOT_RULED_OUT_BY_CONVERSE,True,True,1,114277
PRIMARY,2,z,ACQUIRE_DECISION_RELEVANT_EVIDENCE_BUDGET_NOT_RULED_OUT_BY_CONVERSE,D10,,,39.524525080776854,z,ACQUIRE_DECISION_RELEVANT_EVIDENCE_BUDGET_NOT_RULED_OUT_BY_CONVERSE,True,True,1,114278
PRIMARY,2,z,ACQUIRE_DECISION_RELEVANT_EVIDENCE_BUDGET_NOT_RULED_OUT_BY_CONVERSE,D10,,,36.74147556374951,z,ACQUIRE_DECISION_RELEVANT_EVIDENCE_BUDGET_NOT_RULED_OUT_BY_CONVERSE,True,True,1,114279
PRIMARY,2,z,ACQUIRE_DECISION_RELEVANT_EVIDENCE_BUDGET_NOT_RULED_OUT_BY_CONVERSE,D10,,,35.33675822823053,z,ACQUIRE_DECISION_RELEVANT_EVIDENCE_BUDGET_NOT_RULED_OUT_BY_CONVERSE,True,True,1,114280
PRIMARY,2,z,ACQUIRE_DECISION_RELEVANT_EVIDENCE_BUDGET_NOT_RULED_OUT_BY_CONVERSE,D10,,,38.15790338935545,z,ACQUIRE_DECISION_RELEVANT_EVIDENCE_BUDGET_NOT_RULED_OUT_BY_CONVERSE,True,True,1,114281
PRIMARY,2,a,ACQUIRE_DECISION_RELEVANT_EVIDENCE_BUDGET_NOT_RULED_OUT_BY_CONVERSE,D10,,,36.17517653633069,a,ACQUIRE_DECISION_RELEVANT_EVIDENCE_BUDGET_NOT_RULED_OUT_BY_CONVERSE,True,True,1,114282
PRIMARY,2,z,ACQUIRE_DECISION_RELEVANT_EVIDENCE_BUDGET_NOT_RULED_OUT_BY_CONVERSE,D10,,,37.335549143192054,z,ACQUIRE_DECISION_RELEVANT_EVIDENCE_BUDGET_NOT_RULED_OUT_BY_CONVERSE,True,True,1,114283
PRIMARY,2,z,ACQUIRE_DECISION_RELEVANT_EVIDENCE_BUDGET_NOT_RULED_OUT_BY_CONVERSE,D10,,,37.57851273689006,z,ACQUIRE_DECISION_RELEVANT_EVIDENCE_BUDGET_NOT_RULED_OUT_BY_CONVERSE,True,True,1,114284
PRIMARY,2,a,ACQUIRE_DECISION_RELEVANT_EVIDENCE_BUDGET_NOT_RULED_OUT_BY_CONVERSE,D10,,,36.4257546796016,a,ACQUIRE_DECISION_RELEVANT_EVIDENCE_BUDGET_NOT_RULED_OUT_BY_CONVERSE,True,True,1,114285
PRIMARY,2,z,ACQUIRE_DECISION_RELEVANT_EVIDENCE_BUDGET_NOT_RULED_OUT_BY_CONVERSE,D10,,,34.95476804555409,z,ACQUIRE_DECISION_RELEVANT_EVIDENCE_BUDGET_NOT_RULED_OUT_BY_CONVERSE,True,True,1,114286
PRIMARY,2,a,ACQUIRE_DECISION_RELEVANT_EVIDENCE_BUDGET_NOT_RULED_OUT_BY_CONVERSE,D10,,,39.93439372097005,a,ACQUIRE_DECISION_RELEVANT_EVIDENCE_BUDGET_NOT_RULED_OUT_BY_CONVERSE,True,True,1,114287
PRIMARY,2,z,ACQUIRE_DECISION_RELEVANT_EVIDENCE_BUDGET_NOT_RULED_OUT_BY_CONVERSE,D10,,,35.72846559839332,z,ACQUIRE_DECISION_RELEVANT_EVIDENCE_BUDGET_NOT_RULED_OUT_BY_CONVERSE,True,True,1,114288
PRIMARY,2,z,ACQUIRE_DECISION_RELEVANT_EVIDENCE_BUDGET_NOT_RULED_OUT_BY_CONVERSE,D10,,,35.352451170706814,z,ACQUIRE_DECISION_RELEVANT_EVIDENCE_BUDGET_NOT_RULED_OUT_BY_CONVERSE,True,True,1,114289
PRIMARY,2,a,ACQUIRE_DECISION_RELEVANT_EVIDENCE_BUDGET_NOT_RULED_OUT_BY_CONVERSE,D10,,,40.39961560741999,a,ACQUIRE_DECISION_RELEVANT_EVIDENCE_BUDGET_NOT_RULED_OUT_BY_CONVERSE,True,True,1,114290
PRIMARY,2,a,ACQUIRE_DECISION_RELEVANT_EVIDENCE_BUDGET_NOT_RULED_OUT_BY_CONVERSE,D10,,,36.644692277754395,a,ACQUIRE_DECISION_RELEVANT_EVIDENCE_BUDGET_NOT_RULED_OUT_BY_CONVERSE,True,True,1,114291
PRIMARY,2,z,ACQUIRE_DECISION_RELEVANT_EVIDENCE_BUDGET_NOT_RULED_OUT_BY_CONVERSE,D10,,,35.88886597864572,z,ACQUIRE_DECISION_RELEVANT_EVIDENCE_BUDGET_NOT_RULED_OUT_BY_CONVERSE,True,True,1,114292
PRIMARY,2,z,ACQUIRE_DECISION_RELEVANT_EVIDENCE_BUDGET_NOT_RULED_OUT_BY_CONVERSE,D10,,,40.2361810268601,z,ACQUIRE_DECISION_RELEVANT_EVIDENCE_BUDGET_NOT_RULED_OUT_BY_CONVERSE,True,True,1,114293
PRIMARY,2,z,ACQUIRE_DECISION_RELEVANT_EVIDENCE_BUDGET_NOT_RULED_OUT_BY_CONVERSE,D10,,,35.03708771238972,z,ACQUIRE_DECISION_RELEVANT_EVIDENCE_BUDGET_NOT_RULED_OUT_BY_CONVERSE,True,True,1,114294
PRIMARY,2,z,ACQUIRE_DECISION_RELEVANT_EVIDENCE_BUDGET_NOT_RULED_OUT_BY_CONVERSE,D10,,,38.632582182614364,z,ACQUIRE_DECISION_RELEVANT_EVIDENCE_BUDGET_NOT_RULED_OUT_BY_CONVERSE,True,True,1,114295
PRIMARY,2,z,ACQUIRE_DECISION_RELEVANT_EVIDENCE_BUDGET_NOT_RULED_OUT_BY_CONVERSE,D10,,,36.86932165097337,z,ACQUIRE_DECISION_RELEVANT_EVIDENCE_BUDGET_NOT_RULED_OUT_BY_CONVERSE,True,True,1,114296
PRIMARY,2,a,ACQUIRE_DECISION_RELEVANT_EVIDENCE_BUDGET_NOT_RULED_OUT_BY_CONVERSE,D10,,,37.34327806033686,a,ACQUIRE_DECISION_RELEVANT_EVIDENCE_BUDGET_NOT_RULED_OUT_BY_CONVERSE,True,True,1,114297
PRIMARY,2,z,ACQUIRE_DECISION_RELEVANT_EVIDENCE_BUDGET_NOT_RULED_OUT_BY_CONVERSE,D10,,,36.9183940265969,z,ACQUIRE_DECISION_RELEVANT_EVIDENCE_BUDGET_NOT_RULED_OUT_BY_CONVERSE,True,True,1,114298
PRIMARY,2,a,ACQUIRE_DECISION_RELEVANT_EVIDENCE_BUDGET_NOT_RULED_OUT_BY_CONVERSE,D10,,,40.31410107480106,a,ACQUIRE_DECISION_RELEVANT_EVIDENCE_BUDGET_NOT_RULED_OUT_BY_CONVERSE,True,True,1,114299
PRIMARY,2,z,ACQUIRE_DECISION_RELEVANT_EVIDENCE_BUDGET_NOT_RULED_OUT_BY_CONVERSE,D10,,,36.19777488879264,z,ACQUIRE_DECISION_RELEVANT_EVIDENCE_BUDGET_NOT_RULED_OUT_BY_CONVERSE,True,True,1,114300
PRIMARY,2,a,ACQUIRE_DECISION_RELEVANT_EVIDENCE_BUDGET_NOT_RULED_OUT_BY_CONVERSE,D10,,,40.217619192584834,a,ACQUIRE_DECISION_RELEVANT_EVIDENCE_BUDGET_NOT_RULED_OUT_BY_CONVERSE,True,True,1,114301
PRIMARY,2,z,ACQUIRE_DECISION_RELEVANT_EVIDENCE_BUDGET_NOT_RULED_OUT_BY_CONVERSE,D10,,,35.77858280820908,z,ACQUIRE_DECISION_RELEVANT_EVIDENCE_BUDGET_NOT_RULED_OUT_BY_CONVERSE,True,True,1,114302
PRIMARY,2,z,ACQUIRE_DECISION_RELEVANT_EVIDENCE_BUDGET_NOT_RULED_OUT_BY_CONVERSE,D10,,,38.3455944250739,z,ACQUIRE_DECISION_RELEVANT_EVIDENCE_BUDGET_NOT_RULED_OUT_BY_CONVERSE,True,True,1,114303
PRIMARY,2,z,ACQUIRE_DECISION_RELEVANT_EVIDENCE_BUDGET_NOT_RULED_OUT_BY_CONVERSE,D10,,,35.58780539882362,z,ACQUIRE_DECISION_RELEVANT_EVIDENCE_BUDGET_NOT_RULED_OUT_BY_CONVERSE,True,True,1,114304
PRIMARY,2,z,ACQUIRE_DECISION_RELEVANT_EVIDENCE_BUDGET_NOT_RULED_OUT_BY_CONVERSE,D10,,,34.847944619772505,z,ACQUIRE_DECISION_RELEVANT_EVIDENCE_BUDGET_NOT_RULED_OUT_BY_CONVERSE,True,True,1,114305
PRIMARY,2,z,ACQUIRE_DECISION_RELEVANT_EVIDENCE_BUDGET_NOT_RULED_OUT_BY_CONVERSE,D10,,,38.06489940966876,z,ACQUIRE_DECISION_RELEVANT_EVIDENCE_BUDGET_NOT_RULED_OUT_BY_CONVERSE,True,True,1,114306
PRIMARY,2,z,ACQUIRE_DECISION_RELEVANT_EVIDENCE_BUDGET_NOT_RULED_OUT_BY_CONVERSE,D10,,,35.39662861038372,z,ACQUIRE_DECISION_RELEVANT_EVIDENCE_BUDGET_NOT_RULED_OUT_BY_CONVERSE,True,True,1,114307
PRIMARY,2,z,ACQUIRE_DECISION_RELEVANT_EVIDENCE_BUDGET_NOT_RULED_OUT_BY_CONVERSE,D10,,,38.03829221661401,z,ACQUIRE_DECISION_RELEVANT_EVIDENCE_BUDGET_NOT_RULED_OUT_BY_CONVERSE,True,True,1,114308
PRIMARY,2,z,ACQUIRE_DECISION_RELEVANT_EVIDENCE_BUDGET_NOT_RULED_OUT_BY_CONVERSE,D10,,,35.95706929794431,z,ACQUIRE_DECISION_RELEVANT_EVIDENCE_BUDGET_NOT_RULED_OUT_BY_CONVERSE,True,True,1,114309
PRIMARY,2,a,ACQUIRE_DECISION_RELEVANT_EVIDENCE_BUDGET_NOT_RULED_OUT_BY_CONVERSE,D10,,,39.122161887239756,a,ACQUIRE_DECISION_RELEVANT_EVIDENCE_BUDGET_NOT_RULED_OUT_BY_CONVERSE,True,True,1,114310
PRIMARY,2,z,ACQUIRE_DECISION_RELEVANT_EVIDENCE_BUDGET_NOT_RULED_OUT_BY_CONVERSE,D10,,,35.55276327869372,z,ACQUIRE_DECISION_RELEVANT_EVIDENCE_BUDGET_NOT_RULED_OUT_BY_CONVERSE,True,True,1,114311
PRIMARY,2,a,ACQUIRE_DECISION_RELEVANT_EVIDENCE_BUDGET_NOT_RULED_OUT_BY_CONVERSE,D10,,,40.01371063989688,a,ACQUIRE_DECISION_RELEVANT_EVIDENCE_BUDGET_NOT_RULED_OUT_BY_CONVERSE,True,True,1,114312
PRIMARY,2,z,ACQUIRE_DECISION_RELEVANT_EVIDENCE_BUDGET_NOT_RULED_OUT_BY_CONVERSE,D10,,,35.193545903841105,z,ACQUIRE_DECISION_RELEVANT_EVIDENCE_BUDGET_NOT_RULED_OUT_BY_CONVERSE,True,True,1,114313
PRIMARY,2,z,ACQUIRE_DECISION_RELEVANT_EVIDENCE_BUDGET_NOT_RULED_OUT_BY_CONVERSE,D10,,,37.64780304235614,z,ACQUIRE_DECISION_RELEVANT_EVIDENCE_BUDGET_NOT_RULED_OUT_BY_CONVERSE,True,True,1,114314
PRIMARY,2,z,ACQUIRE_DECISION_RELEVANT_EVIDENCE_BUDGET_NOT_RULED_OUT_BY_CONVERSE,D10,,,38.89915997673509,z,ACQUIRE_DECISION_RELEVANT_EVIDENCE_BUDGET_NOT_RULED_OUT_BY_CONVERSE,True,True,1,114315
PRIMARY,2,z,ACQUIRE_DECISION_RELEVANT_EVIDENCE_BUDGET_NOT_RULED_OUT_BY_CONVERSE,D10,,,35.13369617137269,z,ACQUIRE_DECISION_RELEVANT_EVIDENCE_BUDGET_NOT_RULED_OUT_BY_CONVERSE,True,True,1,114316
PRIMARY,2,a,ACQUIRE_DECISION_RELEVANT_EVIDENCE_BUDGET_NOT_RULED_OUT_BY_CONVERSE,D10,,,38.63453359849247,a,ACQUIRE_DECISION_RELEVANT_EVIDENCE_BUDGET_NOT_RULED_OUT_BY_CONVERSE,True,True,1,114317
PRIMARY,2,z,ACQUIRE_DECISION_RELEVANT_EVIDENCE_BUDGET_NOT_RULED_OUT_BY_CONVERSE,D10,,,35.9940936248685,z,ACQUIRE_DECISION_RELEVANT_EVIDENCE_BUDGET_NOT_RULED_OUT_BY_CONVERSE,True,True,1,114318
PRIMARY,2,a,ACQUIRE_DECISION_RELEVANT_EVIDENCE_BUDGET_NOT_RULED_OUT_BY_CONVERSE,D10,,,40.732449048197736,a,ACQUIRE_DECISION_RELEVANT_EVIDENCE_BUDGET_NOT_RULED_OUT_BY_CONVERSE,True,True,1,114319
PRIMARY,2,z,ACQUIRE_DECISION_RELEVANT_EVIDENCE_BUDGET_NOT_RULED_OUT_BY_CONVERSE,D10,,,35.512037043204856,z,ACQUIRE_DECISION_RELEVANT_EVIDENCE_BUDGET_NOT_RULED_OUT_BY_CONVERSE,True,True,1,114320
PRIMARY,2,a,ACQUIRE_DECISION_RELEVANT_EVIDENCE_BUDGET_NOT_RULED_OUT_BY_CONVERSE,D10,,,41.00763175431564,a,ACQUIRE_DECISION_RELEVANT_EVIDENCE_BUDGET_NOT_RULED_OUT_BY_CONVERSE,True,True,1,114321
PRIMARY,2,z,ACQUIRE_DECISION_RELEVANT_EVIDENCE_BUDGET_NOT_RULED_OUT_BY_CONVERSE,D10,,,36.994328515356926,z,ACQUIRE_DECISION_RELEVANT_EVIDENCE_BUDGET_NOT_RULED_OUT_BY_CONVERSE,True,True,1,114322
PRIMARY,2,a,ACQUIRE_DECISION_RELEVANT_EVIDENCE_BUDGET_NOT_RULED_OUT_BY_CONVERSE,D10,,,39.71654690913038,a,ACQUIRE_DECISION_RELEVANT_EVIDENCE_BUDGET_NOT_RULED_OUT_BY_CONVERSE,True,True,1,114323
PRIMARY,2,z,ACQUIRE_DECISION_RELEVANT_EVIDENCE_BUDGET_NOT_RULED_OUT_BY_CONVERSE,D10,,,36.38294361474526,z,ACQUIRE_DECISION_RELEVANT_EVIDENCE_BUDGET_NOT_RULED_OUT_BY_CONVERSE,True,True,1,114324
PRIMARY,2,a,ACQUIRE_DECISION_RELEVANT_EVIDENCE_BUDGET_NOT_RULED_OUT_BY_CONVERSE,D10,,,35.3081589575701,a,ACQUIRE_DECISION_RELEVANT_EVIDENCE_BUDGET_NOT_RULED_OUT_BY_CONVERSE,True,True,1,114325
PRIMARY,2,a,ACQUIRE_DECISION_RELEVANT_EVIDENCE_BUDGET_NOT_RULED_OUT_BY_CONVERSE,D10,,,38.77589915604997,a,ACQUIRE_DECISION_RELEVANT_EVIDENCE_BUDGET_NOT_RULED_OUT_BY_CONVERSE,True,True,1,114326
PRIMARY,2,z,ACQUIRE_DECISION_RELEVANT_EVIDENCE_BUDGET_NOT_RULED_OUT_BY_CONVERSE,D10,,,37.181111780513824,z,ACQUIRE_DECISION_RELEVANT_EVIDENCE_BUDGET_NOT_RULED_OUT_BY_CONVERSE,True,True,1,114327
PRIMARY,2,a,ACQUIRE_DECISION_RELEVANT_EVIDENCE_BUDGET_NOT_RULED_OUT_BY_CONVERSE,D10,,,35.49411434785546,a,ACQUIRE_DECISION_RELEVANT_EVIDENCE_BUDGET_NOT_RULED_OUT_BY_CONVERSE,True,True,1,114328
PRIMARY,1,q,ACQUIRE_DECISION_RELEVANT_EVIDENCE_BUDGET_NOT_RULED_OUT_BY_CONVERSE,D11,158.75719707965862,ACQUIRE_EVIDENCE_BUDGET_NOT_RULED_OUT_BY_CONVERSE,20.472898879051638,q,ACQUIRE_DECISION_RELEVANT_EVIDENCE_BUDGET_NOT_RULED_OUT_BY_CONVERSE,True,,1,115201
PRIMARY,1,q,ACQUIRE_DECISION_RELEVANT_EVIDENCE_BUDGET_NOT_RULED_OUT_BY_CONVERSE,D11,144.1414388211302,ACQUIRE_EVIDENCE_BUDGET_NOT_RULED_OUT_BY_CONVERSE,20.06381731577748,q,ACQUIRE_DECISION_RELEVANT_EVIDENCE_BUDGET_NOT_RULED_OUT_BY_CONVERSE,True,,1,115202
PRIMARY,1,q,ACQUIRE_DECISION_RELEVANT_EVIDENCE_BUDGET_NOT_RULED_OUT_BY_CONVERSE,D11,160.76524924972105,ACQUIRE_EVIDENCE_BUDGET_NOT_RULED_OUT_BY_CONVERSE,21.57091165737901,q,ACQUIRE_DECISION_RELEVANT_EVIDENCE_BUDGET_NOT_RULED_OUT_BY_CONVERSE,True,,1,115203
PRIMARY,1,q,ACQUIRE_DECISION_RELEVANT_EVIDENCE_BUDGET_NOT_RULED_OUT_BY_CONVERSE,D11,242.2277381271477,ACQUIRE_EVIDENCE_BUDGET_NOT_RULED_OUT_BY_CONVERSE,21.643333333619395,q,ACQUIRE_DECISION_RELEVANT_EVIDENCE_BUDGET_NOT_RULED_OUT_BY_CONVERSE,True,,1,115204
PRIMARY,1,q,ACQUIRE_DECISION_RELEVANT_EVIDENCE_BUDGET_NOT_RULED_OUT_BY_CONVERSE,D11,267.6990113835938,ACQUIRE_EVIDENCE_BUDGET_NOT_RULED_OUT_BY_CONVERSE,17.67537133439343,q,ACQUIRE_DECISION_RELEVANT_EVIDENCE_BUDGET_NOT_RULED_OUT_BY_CONVERSE,True,,1,115205
PRIMARY,1,q,ACQUIRE_DECISION_RELEVANT_EVIDENCE_BUDGET_NOT_RULED_OUT_BY_CONVERSE,D11,257.8926445825018,ACQUIRE_EVIDENCE_BUDGET_NOT_RULED_OUT_BY_CONVERSE,17.02711131669284,q,ACQUIRE_DECISION_RELEVANT_EVIDENCE_BUDGET_NOT_RULED_OUT_BY_CONVERSE,True,,1,115206
PRIMARY,1,q,ACQUIRE_DECISION_RELEVANT_EVIDENCE_BUDGET_NOT_RULED_OUT_BY_CONVERSE,D11,218.80651941933127,ACQUIRE_EVIDENCE_BUDGET_NOT_RULED_OUT_BY_CONVERSE,22.65661248318112,q,ACQUIRE_DECISION_RELEVANT_EVIDENCE_BUDGET_NOT_RULED_OUT_BY_CONVERSE,True,,1,115207
PRIMARY,1,q,ACQUIRE_DECISION_RELEVANT_EVIDENCE_BUDGET_NOT_RULED_OUT_BY_CONVERSE,D11,149.82475010976734,ACQUIRE_EVIDENCE_BUDGET_NOT_RULED_OUT_BY_CONVERSE,21.38021204418573,q,ACQUIRE_DECISION_RELEVANT_EVIDENCE_BUDGET_NOT_RULED_OUT_BY_CONVERSE,True,,1,115208
PRIMARY,1,q,ACQUIRE_DECISION_RELEVANT_EVIDENCE_BUDGET_NOT_RULED_OUT_BY_CONVERSE,D11,191.04908978987982,ACQUIRE_EVIDENCE_BUDGET_NOT_RULED_OUT_BY_CONVERSE,16.489887157359746,q,ACQUIRE_DECISION_RELEVANT_EVIDENCE_BUDGET_NOT_RULED_OUT_BY_CONVERSE,True,,1,115209
PRIMARY,1,q,ACQUIRE_DECISION_RELEVANT_EVIDENCE_BUDGET_NOT_RULED_OUT_BY_CONVERSE,D11,153.00615068572435,ACQUIRE_EVIDENCE_BUDGET_NOT_RULED_OUT_BY_CONVERSE,20.72244017798583,q,ACQUIRE_DECISION_RELEVANT_EVIDENCE_BUDGET_NOT_RULED_OUT_BY_CONVERSE,True,,1,115210
PRIMARY,1,q,ACQUIRE_DECISION_RELEVANT_EVIDENCE_BUDGET_NOT_RULED_OUT_BY_CONVERSE,D11,157.2602640009151,ACQUIRE_EVIDENCE_BUDGET_NOT_RULED_OUT_BY_CONVERSE,18.233453354636033,q,ACQUIRE_DECISION_RELEVANT_EVIDENCE_BUDGET_NOT_RULED_OUT_BY_CONVERSE,True,,1,115211
PRIMARY,1,q,ACQUIRE_DECISION_RELEVANT_EVIDENCE_BUDGET_NOT_RULED_OUT_BY_CONVERSE,D11,180.74771015637782,ACQUIRE_EVIDENCE_BUDGET_NOT_RULED_OUT_BY_CONVERSE,22.917290077220738,q,ACQUIRE_DECISION_RELEVANT_EVIDENCE_BUDGET_NOT_RULED_OUT_BY_CONVERSE,True,,1,115212
PRIMARY,1,q,ACQUIRE_DECISION_RELEVANT_EVIDENCE_BUDGET_NOT_RULED_OUT_BY_CONVERSE,D11,275.1654905104555,ACQUIRE_EVIDENCE_BUDGET_NOT_RULED_OUT_BY_CONVERSE,18.83331667350498,q,ACQUIRE_DECISION_RELEVANT_EVIDENCE_BUDGET_NOT_RULED_OUT_BY_CONVERSE,True,,1,115213
PRIMARY,1,q,ACQUIRE_DECISION_RELEVANT_EVIDENCE_BUDGET_NOT_RULED_OUT_BY_CONVERSE,D11,221.31866420318624,ACQUIRE_EVIDENCE_BUDGET_NOT_RULED_OUT_BY_CONVERSE,16.320073490853677,q,ACQUIRE_DECISION_RELEVANT_EVIDENCE_BUDGET_NOT_RULED_OUT_BY_CONVERSE,True,,1,115214
PRIMARY,1,q,ACQUIRE_DECISION_RELEVANT_EVIDENCE_BUDGET_NOT_RULED_OUT_BY_CONVERSE,D11,166.58137435898374,ACQUIRE_EVIDENCE_BUDGET_NOT_RULED_OUT_BY_CONVERSE,21.039729964030347,q,ACQUIRE_DECISION_RELEVANT_EVIDENCE_BUDGET_NOT_RULED_OUT_BY_CONVERSE,True,,1,115215
PRIMARY,1,q,ACQUIRE_DECISION_RELEVANT_EVIDENCE_BUDGET_NOT_RULED_OUT_BY_CONVERSE,D11,265.8127475515812,ACQUIRE_EVIDENCE_BUDGET_NOT_RULED_OUT_BY_CONVERSE,21.5487068258175,q,ACQUIRE_DECISION_RELEVANT_EVIDENCE_BUDGET_NOT_RULED_OUT_BY_CONVERSE,True,,1,115216
PRIMARY,1,q,ACQUIRE_DECISION_RELEVANT_EVIDENCE_BUDGET_NOT_RULED_OUT_BY_CONVERSE,D11,145.4573519190502,ACQUIRE_EVIDENCE_BUDGET_NOT_RULED_OUT_BY_CONVERSE,17.08493548708957,q,ACQUIRE_DECISION_RELEVANT_EVIDENCE_BUDGET_NOT_RULED_OUT_BY_CONVERSE,True,,1,115217
PRIMARY,1,q,ACQUIRE_DECISION_RELEVANT_EVIDENCE_BUDGET_NOT_RULED_OUT_BY_CONVERSE,D11,157.16870955989296,ACQUIRE_EVIDENCE_BUDGET_NOT_RULED_OUT_BY_CONVERSE,18.147419855217223,q,ACQUIRE_DECISION_RELEVANT_EVIDENCE_BUDGET_NOT_RULED_OUT_BY_CONVERSE,True,,1,115218
PRIMARY,1,q,ACQUIRE_DECISION_RELEVANT_EVIDENCE_BUDGET_NOT_RULED_OUT_BY_CONVERSE,D11,201.64316528342837,ACQUIRE_EVIDENCE_BUDGET_NOT_RULED_OUT_BY_CONVERSE,23.065284750537426,q,ACQUIRE_DECISION_RELEVANT_EVIDENCE_BUDGET_NOT_RULED_OUT_BY_CONVERSE,True,,1,115219
PRIMARY,1,q,ACQUIRE_DECISION_RELEVANT_EVIDENCE_BUDGET_NOT_RULED_OUT_BY_CONVERSE,D11,144.74408186729053,ACQUIRE_EVIDENCE_BUDGET_NOT_RULED_OUT_BY_CONVERSE,19.20763456875686,q,ACQUIRE_DECISION_RELEVANT_EVIDENCE_BUDGET_NOT_RULED_OUT_BY_CONVERSE,True,,1,115220
PRIMARY,1,q,ACQUIRE_DECISION_RELEVANT_EVIDENCE_BUDGET_NOT_RULED_OUT_BY_CONVERSE,D11,165.56475735293057,ACQUIRE_EVIDENCE_BUDGET_NOT_RULED_OUT_BY_CONVERSE,20.098739455807443,q,ACQUIRE_DECISION_RELEVANT_EVIDENCE_BUDGET_NOT_RULED_OUT_BY_CONVERSE,True,,1,115221
PRIMARY,1,q,ACQUIRE_DECISION_RELEVANT_EVIDENCE_BUDGET_NOT_RULED_OUT_BY_CONVERSE,D11,256.2468880609693,ACQUIRE_EVIDENCE_BUDGET_NOT_RULED_OUT_BY_CONVERSE,16.873699052636074,q,ACQUIRE_DECISION_RELEVANT_EVIDENCE_BUDGET_NOT_RULED_OUT_BY_CONVERSE,True,,1,115222
PRIMARY,1,q,ACQUIRE_DECISION_RELEVANT_EVIDENCE_BUDGET_NOT_RULED_OUT_BY_CONVERSE,D11,197.79451678610556,ACQUIRE_EVIDENCE_BUDGET_NOT_RULED_OUT_BY_CONVERSE,19.605724032867336,q,ACQUIRE_DECISION_RELEVANT_EVIDENCE_BUDGET_NOT_RULED_OUT_BY_CONVERSE,True,,1,115223
PRIMARY,1,q,ACQUIRE_DECISION_RELEVANT_EVIDENCE_BUDGET_NOT_RULED_OUT_BY_CONVERSE,D11,263.25341984255493,ACQUIRE_EVIDENCE_BUDGET_NOT_RULED_OUT_BY_CONVERSE,22.23473918446515,q,ACQUIRE_DECISION_RELEVANT_EVIDENCE_BUDGET_NOT_RULED_OUT_BY_CONVERSE,True,,1,115224
PRIMARY,1,q,ACQUIRE_DECISION_RELEVANT_EVIDENCE_BUDGET_NOT_RULED_OUT_BY_CONVERSE,D11,154.2934587375039,ACQUIRE_EVIDENCE_BUDGET_NOT_RULED_OUT_BY_CONVERSE,20.57336102906336,q,ACQUIRE_DECISION_RELEVANT_EVIDENCE_BUDGET_NOT_RULED_OUT_BY_CONVERSE,True,,1,115225
PRIMARY,1,q,ACQUIRE_DECISION_RELEVANT_EVIDENCE_BUDGET_NOT_RULED_OUT_BY_CONVERSE,D11,180.43065426397774,ACQUIRE_EVIDENCE_BUDGET_NOT_RULED_OUT_BY_CONVERSE,15.834310953068412,q,ACQUIRE_DECISION_RELEVANT_EVIDENCE_BUDGET_NOT_RULED_OUT_BY_CONVERSE,True,,1,115226
PRIMARY,1,q,ACQUIRE_DECISION_RELEVANT_EVIDENCE_BUDGET_NOT_RULED_OUT_BY_CONVERSE,D11,263.0333330019895,ACQUIRE_EVIDENCE_BUDGET_NOT_RULED_OUT_BY_CONVERSE,20.89687522263594,q,ACQUIRE_DECISION_RELEVANT_EVIDENCE_BUDGET_NOT_RULED_OUT_BY_CONVERSE,True,,1,115227
PRIMARY,1,q,ACQUIRE_DECISION_RELEVANT_EVIDENCE_BUDGET_NOT_RULED_OUT_BY_CONVERSE,D11,241.02550125766672,ACQUIRE_EVIDENCE_BUDGET_NOT_RULED_OUT_BY_CONVERSE,16.23007955387697,q,ACQUIRE_DECISION_RELEVANT_EVIDENCE_BUDGET_NOT_RULED_OUT_BY_CONVERSE,True,,1,115228
PRIMARY,1,q,ACQUIRE_DECISION_RELEVANT_EVIDENCE_BUDGET_NOT_RULED_OUT_BY_CONVERSE,D11,145.97087887703805,ACQUIRE_EVIDENCE_BUDGET_NOT_RULED_OUT_BY_CONVERSE,22.743676673423074,q,ACQUIRE_DECISION_RELEVANT_EVIDENCE_BUDGET_NOT_RULED_OUT_BY_CONVERSE,True,,1,115229
PRIMARY,1,q,ACQUIRE_DECISION_RELEVANT_EVIDENCE_BUDGET_NOT_RULED_OUT_BY_CONVERSE,D11,161.68349076434248,ACQUIRE_EVIDENCE_BUDGET_NOT_RULED_OUT_BY_CONVERSE,16.182236160428328,q,ACQUIRE_DECISION_RELEVANT_EVIDENCE_BUDGET_NOT_RULED_OUT_BY_CONVERSE,True,,1,115230
PRIMARY,1,q,ACQUIRE_DECISION_RELEVANT_EVIDENCE_BUDGET_NOT_RULED_OUT_BY_CONVERSE,D11,149.66538752364107,ACQUIRE_EVIDENCE_BUDGET_NOT_RULED_OUT_BY_CONVERSE,15.825022787955534,q,ACQUIRE_DECISION_RELEVANT_EVIDENCE_BUDGET_NOT_RULED_OUT_BY_CONVERSE,True,,1,115231
PRIMARY,1,q,ACQUIRE_DECISION_RELEVANT_EVIDENCE_BUDGET_NOT_RULED_OUT_BY_CONVERSE,D11,148.32577099501893,ACQUIRE_EVIDENCE_BUDGET_NOT_RULED_OUT_BY_CONVERSE,18.321046436092967,q,ACQUIRE_DECISION_RELEVANT_EVIDENCE_BUDGET_NOT_RULED_OUT_BY_CONVERSE,True,,1,115232
PRIMARY,1,q,ACQUIRE_DECISION_RELEVANT_EVIDENCE_BUDGET_NOT_RULED_OUT_BY_CONVERSE,D11,182.22429404542459,ACQUIRE_EVIDENCE_BUDGET_NOT_RULED_OUT_BY_CONVERSE,18.26710011608599,q,ACQUIRE_DECISION_RELEVANT_EVIDENCE_BUDGET_NOT_RULED_OUT_BY_CONVERSE,True,,1,115233
PRIMARY,1,q,ACQUIRE_DECISION_RELEVANT_EVIDENCE_BUDGET_NOT_RULED_OUT_BY_CONVERSE,D11,152.8621162911763,ACQUIRE_EVIDENCE_BUDGET_NOT_RULED_OUT_BY_CONVERSE,16.784918697800443,q,ACQUIRE_DECISION_RELEVANT_EVIDENCE_BUDGET_NOT_RULED_OUT_BY_CONVERSE,True,,1,115234
PRIMARY,1,q,ACQUIRE_DECISION_RELEVANT_EVIDENCE_BUDGET_NOT_RULED_OUT_BY_CONVERSE,D11,217.47354285843284,ACQUIRE_EVIDENCE_BUDGET_NOT_RULED_OUT_BY_CONVERSE,18.796567853237896,q,ACQUIRE_DECISION_RELEVANT_EVIDENCE_BUDGET_NOT_RULED_OUT_BY_CONVERSE,True,,1,115235
PRIMARY,1,q,ACQUIRE_DECISION_RELEVANT_EVIDENCE_BUDGET_NOT_RULED_OUT_BY_CONVERSE,D11,169.2916925908127,ACQUIRE_EVIDENCE_BUDGET_NOT_RULED_OUT_BY_CONVERSE,18.269972878266255,q,ACQUIRE_DECISION_RELEVANT_EVIDENCE_BUDGET_NOT_RULED_OUT_BY_CONVERSE,True,,1,115236
PRIMARY,1,q,ACQUIRE_DECISION_RELEVANT_EVIDENCE_BUDGET_NOT_RULED_OUT_BY_CONVERSE,D11,191.75710051173854,ACQUIRE_EVIDENCE_BUDGET_NOT_RULED_OUT_BY_CONVERSE,20.53189262675793,q,ACQUIRE_DECISION_RELEVANT_EVIDENCE_BUDGET_NOT_RULED_OUT_BY_CONVERSE,True,,1,115237
PRIMARY,1,q,ACQUIRE_DECISION_RELEVANT_EVIDENCE_BUDGET_NOT_RULED_OUT_BY_CONVERSE,D11,258.4506553865487,ACQUIRE_EVIDENCE_BUDGET_NOT_RULED_OUT_BY_CONVERSE,20.185180176600618,q,ACQUIRE_DECISION_RELEVANT_EVIDENCE_BUDGET_NOT_RULED_OUT_BY_CONVERSE,True,,1,115238
PRIMARY,1,q,ACQUIRE_DECISION_RELEVANT_EVIDENCE_BUDGET_NOT_RULED_OUT_BY_CONVERSE,D11,218.73871910395894,ACQUIRE_EVIDENCE_BUDGET_NOT_RULED_OUT_BY_CONVERSE,15.021565722696456,q,ACQUIRE_DECISION_RELEVANT_EVIDENCE_BUDGET_NOT_RULED_OUT_BY_CONVERSE,True,,1,115239
PRIMARY,1,q,ACQUIRE_DECISION_RELEVANT_EVIDENCE_BUDGET_NOT_RULED_OUT_BY_CONVERSE,D11,177.42714797211144,ACQUIRE_EVIDENCE_BUDGET_NOT_RULED_OUT_BY_CONVERSE,21.4770652495574,q,ACQUIRE_DECISION_RELEVANT_EVIDENCE_BUDGET_NOT_RULED_OUT_BY_CONVERSE,True,,1,115240
PRIMARY,1,q,ACQUIRE_DECISION_RELEVANT_EVIDENCE_BUDGET_NOT_RULED_OUT_BY_CONVERSE,D11,141.71373390765933,ACQUIRE_EVIDENCE_BUDGET_NOT_RULED_OUT_BY_CONVERSE,17.031343220199375,q,ACQUIRE_DECISION_RELEVANT_EVIDENCE_BUDGET_NOT_RULED_OUT_BY_CONVERSE,True,,1,115241
PRIMARY,1,q,ACQUIRE_DECISION_RELEVANT_EVIDENCE_BUDGET_NOT_RULED_OUT_BY_CONVERSE,D11,167.72703549694268,ACQUIRE_EVIDENCE_BUDGET_NOT_RULED_OUT_BY_CONVERSE,19.371723495019964,q,ACQUIRE_DECISION_RELEVANT_EVIDENCE_BUDGET_NOT_RULED_OUT_BY_CONVERSE,True,,1,115242
PRIMARY,1,q,ACQUIRE_DECISION_RELEVANT_EVIDENCE_BUDGET_NOT_RULED_OUT_BY_CONVERSE,D11,140.66208884315756,ACQUIRE_EVIDENCE_BUDGET_NOT_RULED_OUT_BY_CONVERSE,16.56235990004156,q,ACQUIRE_DECISION_RELEVANT_EVIDENCE_BUDGET_NOT_RULED_OUT_BY_CONVERSE,True,,1,115243
PRIMARY,1,q,ACQUIRE_DECISION_RELEVANT_EVIDENCE_BUDGET_NOT_RULED_OUT_BY_CONVERSE,D11,141.1915762946165,ACQUIRE_EVIDENCE_BUDGET_NOT_RULED_OUT_BY_CONVERSE,22.123583363999504,q,ACQUIRE_DECISION_RELEVANT_EVIDENCE_BUDGET_NOT_RULED_OUT_BY_CONVERSE,True,,1,115244
PRIMARY,1,q,ACQUIRE_DECISION_RELEVANT_EVIDENCE_BUDGET_NOT_RULED_OUT_BY_CONVERSE,D11,139.63603756252746,ACQUIRE_EVIDENCE_BUDGET_NOT_RULED_OUT_BY_CONVERSE,17.085962067480345,q,ACQUIRE_DECISION_RELEVANT_EVIDENCE_BUDGET_NOT_RULED_OUT_BY_CONVERSE,True,,1,115245
PRIMARY,1,q,ACQUIRE_DECISION_RELEVANT_EVIDENCE_BUDGET_NOT_RULED_OUT_BY_CONVERSE,D11,156.42717496958605,ACQUIRE_EVIDENCE_BUDGET_NOT_RULED_OUT_BY_CONVERSE,19.954061383045094,q,ACQUIRE_DECISION_RELEVANT_EVIDENCE_BUDGET_NOT_RULED_OUT_BY_CONVERSE,True,,1,115246
PRIMARY,1,q,ACQUIRE_DECISION_RELEVANT_EVIDENCE_BUDGET_NOT_RULED_OUT_BY_CONVERSE,D11,175.21462494141002,ACQUIRE_EVIDENCE_BUDGET_NOT_RULED_OUT_BY_CONVERSE,20.574454185110156,q,ACQUIRE_DECISION_RELEVANT_EVIDENCE_BUDGET_NOT_RULED_OUT_BY_CONVERSE,True,,1,115247
PRIMARY,1,q,ACQUIRE_DECISION_RELEVANT_EVIDENCE_BUDGET_NOT_RULED_OUT_BY_CONVERSE,D11,211.8040020817856,ACQUIRE_EVIDENCE_BUDGET_NOT_RULED_OUT_BY_CONVERSE,17.23012695567722,q,ACQUIRE_DECISION_RELEVANT_EVIDENCE_BUDGET_NOT_RULED_OUT_BY_CONVERSE,True,,1,115248
PRIMARY,1,q,ACQUIRE_DECISION_RELEVANT_EVIDENCE_BUDGET_NOT_RULED_OUT_BY_CONVERSE,D11,148.7903935275829,ACQUIRE_EVIDENCE_BUDGET_NOT_RULED_OUT_BY_CONVERSE,21.048915598139164,q,ACQUIRE_DECISION_RELEVANT_EVIDENCE_BUDGET_NOT_RULED_OUT_BY_CONVERSE,True,,1,115249
PRIMARY,1,q,ACQUIRE_DECISION_RELEVANT_EVIDENCE_BUDGET_NOT_RULED_OUT_BY_CONVERSE,D11,208.1310880234646,ACQUIRE_EVIDENCE_BUDGET_NOT_RULED_OUT_BY_CONVERSE,16.188336587866683,q,ACQUIRE_DECISION_RELEVANT_EVIDENCE_BUDGET_NOT_RULED_OUT_BY_CONVERSE,True,,1,115250
PRIMARY,1,q,ACQUIRE_DECISION_RELEVANT_EVIDENCE_BUDGET_NOT_RULED_OUT_BY_CONVERSE,D11,186.0843664686855,ACQUIRE_EVIDENCE_BUDGET_NOT_RULED_OUT_BY_CONVERSE,17.855580918668114,q,ACQUIRE_DECISION_RELEVANT_EVIDENCE_BUDGET_NOT_RULED_OUT_BY_CONVERSE,True,,1,115251
PRIMARY,1,q,ACQUIRE_DECISION_RELEVANT_EVIDENCE_BUDGET_NOT_RULED_OUT_BY_CONVERSE,D11,258.46182061047466,ACQUIRE_EVIDENCE_BUDGET_NOT_RULED_OUT_BY_CONVERSE,16.745524240901975,q,ACQUIRE_DECISION_RELEVANT_EVIDENCE_BUDGET_NOT_RULED_OUT_BY_CONVERSE,True,,1,115252
PRIMARY,1,q,ACQUIRE_DECISION_RELEVANT_EVIDENCE_BUDGET_NOT_RULED_OUT_BY_CONVERSE,D11,194.00558377961417,ACQUIRE_EVIDENCE_BUDGET_NOT_RULED_OUT_BY_CONVERSE,20.274204938078352,q,ACQUIRE_DECISION_RELEVANT_EVIDENCE_BUDGET_NOT_RULED_OUT_BY_CONVERSE,True,,1,115253
PRIMARY,1,q,ACQUIRE_DECISION_RELEVANT_EVIDENCE_BUDGET_NOT_RULED_OUT_BY_CONVERSE,D11,148.93452114958686,ACQUIRE_EVIDENCE_BUDGET_NOT_RULED_OUT_BY_CONVERSE,16.638026443869204,q,ACQUIRE_DECISION_RELEVANT_EVIDENCE_BUDGET_NOT_RULED_OUT_BY_CONVERSE,True,,1,115254
PRIMARY,1,q,ACQUIRE_DECISION_RELEVANT_EVIDENCE_BUDGET_NOT_RULED_OUT_BY_CONVERSE,D11,177.79853831741192,ACQUIRE_EVIDENCE_BUDGET_NOT_RULED_OUT_BY_CONVERSE,16.750745510556378,q,ACQUIRE_DECISION_RELEVANT_EVIDENCE_BUDGET_NOT_RULED_OUT_BY_CONVERSE,True,,1,115255
PRIMARY,1,q,ACQUIRE_DECISION_RELEVANT_EVIDENCE_BUDGET_NOT_RULED_OUT_BY_CONVERSE,D11,205.18962229120152,ACQUIRE_EVIDENCE_BUDGET_NOT_RULED_OUT_BY_CONVERSE,21.867083263078545,q,ACQUIRE_DECISION_RELEVANT_EVIDENCE_BUDGET_NOT_RULED_OUT_BY_CONVERSE,True,,1,115256
PRIMARY,1,q,ACQUIRE_DECISION_RELEVANT_EVIDENCE_BUDGET_NOT_RULED_OUT_BY_CONVERSE,D11,167.83904804783717,ACQUIRE_EVIDENCE_BUDGET_NOT_RULED_OUT_BY_CONVERSE,18.663720303165526,q,ACQUIRE_DECISION_RELEVANT_EVIDENCE_BUDGET_NOT_RULED_OUT_BY_CONVERSE,True,,1,115257
PRIMARY,1,q,ACQUIRE_DECISION_RELEVANT_EVIDENCE_BUDGET_NOT_RULED_OUT_BY_CONVERSE,D11,143.91509292647186,ACQUIRE_EVIDENCE_BUDGET_NOT_RULED_OUT_BY_CONVERSE,17.245477711483584,q,ACQUIRE_DECISION_RELEVANT_EVIDENCE_BUDGET_NOT_RULED_OUT_BY_CONVERSE,True,,1,115258
PRIMARY,1,q,ACQUIRE_DECISION_RELEVANT_EVIDENCE_BUDGET_NOT_RULED_OUT_BY_CONVERSE,D11,148.9239052437972,ACQUIRE_EVIDENCE_BUDGET_NOT_RULED_OUT_BY_CONVERSE,20.717181585575076,q,ACQUIRE_DECISION_RELEVANT_EVIDENCE_BUDGET_NOT_RULED_OUT_BY_CONVERSE,True,,1,115259
PRIMARY,1,q,ACQUIRE_DECISION_RELEVANT_EVIDENCE_BUDGET_NOT_RULED_OUT_BY_CONVERSE,D11,224.66800234171902,ACQUIRE_EVIDENCE_BUDGET_NOT_RULED_OUT_BY_CONVERSE,16.893343522067628,q,ACQUIRE_DECISION_RELEVANT_EVIDENCE_BUDGET_NOT_RULED_OUT_BY_CONVERSE,True,,1,115260
PRIMARY,1,q,ACQUIRE_DECISION_RELEVANT_EVIDENCE_BUDGET_NOT_RULED_OUT_BY_CONVERSE,D11,154.07903145440736,ACQUIRE_EVIDENCE_BUDGET_NOT_RULED_OUT_BY_CONVERSE,16.192796169529466,q,ACQUIRE_DECISION_RELEVANT_EVIDENCE_BUDGET_NOT_RULED_OUT_BY_CONVERSE,True,,1,115261
PRIMARY,1,q,ACQUIRE_DECISION_RELEVANT_EVIDENCE_BUDGET_NOT_RULED_OUT_BY_CONVERSE,D11,172.13226296234402,ACQUIRE_EVIDENCE_BUDGET_NOT_RULED_OUT_BY_CONVERSE,15.995975226972849,q,ACQUIRE_DECISION_RELEVANT_EVIDENCE_BUDGET_NOT_RULED_OUT_BY_CONVERSE,True,,1,115262
PRIMARY,1,q,ACQUIRE_DECISION_RELEVANT_EVIDENCE_BUDGET_NOT_RULED_OUT_BY_CONVERSE,D11,145.4924449700047,ACQUIRE_EVIDENCE_BUDGET_NOT_RULED_OUT_BY_CONVERSE,19.091769895645687,q,ACQUIRE_DECISION_RELEVANT_EVIDENCE_BUDGET_NOT_RULED_OUT_BY_CONVERSE,True,,1,115263
PRIMARY,1,q,ACQUIRE_DECISION_RELEVANT_EVIDENCE_BUDGET_NOT_RULED_OUT_BY_CONVERSE,D11,248.00564955412594,ACQUIRE_EVIDENCE_BUDGET_NOT_RULED_OUT_BY_CONVERSE,15.783731501379158,q,ACQUIRE_DECISION_RELEVANT_EVIDENCE_BUDGET_NOT_RULED_OUT_BY_CONVERSE,True,,1,115264
PRIMARY,1,q,ACQUIRE_DECISION_RELEVANT_EVIDENCE_BUDGET_NOT_RULED_OUT_BY_CONVERSE,D11,173.81707707351785,ACQUIRE_EVIDENCE_BUDGET_NOT_RULED_OUT_BY_CONVERSE,15.143269646306823,q,ACQUIRE_DECISION_RELEVANT_EVIDENCE_BUDGET_NOT_RULED_OUT_BY_CONVERSE,True,,1,115265
PRIMARY,1,q,ACQUIRE_DECISION_RELEVANT_EVIDENCE_BUDGET_NOT_RULED_OUT_BY_CONVERSE,D11,140.14315648943216,ACQUIRE_EVIDENCE_BUDGET_NOT_RULED_OUT_BY_CONVERSE,16.426685202996058,q,ACQUIRE_DECISION_RELEVANT_EVIDENCE_BUDGET_NOT_RULED_OUT_BY_CONVERSE,True,,1,115266
PRIMARY,1,q,ACQUIRE_DECISION_RELEVANT_EVIDENCE_BUDGET_NOT_RULED_OUT_BY_CONVERSE,D11,167.97671093712594,ACQUIRE_EVIDENCE_BUDGET_NOT_RULED_OUT_BY_CONVERSE,21.28663648610732,q,ACQUIRE_DECISION_RELEVANT_EVIDENCE_BUDGET_NOT_RULED_OUT_BY_CONVERSE,True,,1,115267
PRIMARY,1,q,ACQUIRE_DECISION_RELEVANT_EVIDENCE_BUDGET_NOT_RULED_OUT_BY_CONVERSE,D11,174.9180169953429,ACQUIRE_EVIDENCE_BUDGET_NOT_RULED_OUT_BY_CONVERSE,16.353281992283858,q,ACQUIRE_DECISION_RELEVANT_EVIDENCE_BUDGET_NOT_RULED_OUT_BY_CONVERSE,True,,1,115268
PRIMARY,1,q,ACQUIRE_DECISION_RELEVANT_EVIDENCE_BUDGET_NOT_RULED_OUT_BY_CONVERSE,D11,187.67150145768252,ACQUIRE_EVIDENCE_BUDGET_NOT_RULED_OUT_BY_CONVERSE,16.100681381841472,q,ACQUIRE_DECISION_RELEVANT_EVIDENCE_BUDGET_NOT_RULED_OUT_BY_CONVERSE,True,,1,115269
PRIMARY,1,q,ACQUIRE_DECISION_RELEVANT_EVIDENCE_BUDGET_NOT_RULED_OUT_BY_CONVERSE,D11,157.05518959916895,ACQUIRE_EVIDENCE_BUDGET_NOT_RULED_OUT_BY_CONVERSE,15.572128121996172,q,ACQUIRE_DECISION_RELEVANT_EVIDENCE_BUDGET_NOT_RULED_OUT_BY_CONVERSE,True,,1,115270
PRIMARY,1,q,ACQUIRE_DECISION_RELEVANT_EVIDENCE_BUDGET_NOT_RULED_OUT_BY_CONVERSE,D11,146.80774291337494,ACQUIRE_EVIDENCE_BUDGET_NOT_RULED_OUT_BY_CONVERSE,19.12253330333868,q,ACQUIRE_DECISION_RELEVANT_EVIDENCE_BUDGET_NOT_RULED_OUT_BY_CONVERSE,True,,1,115271
PRIMARY,1,q,ACQUIRE_DECISION_RELEVANT_EVIDENCE_BUDGET_NOT_RULED_OUT_BY_CONVERSE,D11,142.50401285545968,ACQUIRE_EVIDENCE_BUDGET_NOT_RULED_OUT_BY_CONVERSE,18.696659459363314,q,ACQUIRE_DECISION_RELEVANT_EVIDENCE_BUDGET_NOT_RULED_OUT_BY_CONVERSE,True,,1,115272
PRIMARY,1,q,ACQUIRE_DECISION_RELEVANT_EVIDENCE_BUDGET_NOT_RULED_OUT_BY_CONVERSE,D11,156.5521577526762,ACQUIRE_EVIDENCE_BUDGET_NOT_RULED_OUT_BY_CONVERSE,18.869638358671704,q,ACQUIRE_DECISION_RELEVANT_EVIDENCE_BUDGET_NOT_RULED_OUT_BY_CONVERSE,True,,1,115273
PRIMARY,1,q,ACQUIRE_DECISION_RELEVANT_EVIDENCE_BUDGET_NOT_RULED_OUT_BY_CONVERSE,D11,195.85215648637453,ACQUIRE_EVIDENCE_BUDGET_NOT_RULED_OUT_BY_CONVERSE,15.369119124511638,q,ACQUIRE_DECISION_RELEVANT_EVIDENCE_BUDGET_NOT_RULED_OUT_BY_CONVERSE,True,,1,115274
PRIMARY,1,q,ACQUIRE_DECISION_RELEVANT_EVIDENCE_BUDGET_NOT_RULED_OUT_BY_CONVERSE,D11,191.2826915597496,ACQUIRE_EVIDENCE_BUDGET_NOT_RULED_OUT_BY_CONVERSE,17.439878469706283,q,ACQUIRE_DECISION_RELEVANT_EVIDENCE_BUDGET_NOT_RULED_OUT_BY_CONVERSE,True,,1,115275
PRIMARY,1,q,ACQUIRE_DECISION_RELEVANT_EVIDENCE_BUDGET_NOT_RULED_OUT_BY_CONVERSE,D11,178.82391159632218,ACQUIRE_EVIDENCE_BUDGET_NOT_RULED_OUT_BY_CONVERSE,16.11616248510521,q,ACQUIRE_DECISION_RELEVANT_EVIDENCE_BUDGET_NOT_RULED_OUT_BY_CONVERSE,True,,1,115276
PRIMARY,1,q,ACQUIRE_DECISION_RELEVANT_EVIDENCE_BUDGET_NOT_RULED_OUT_BY_CONVERSE,D11,235.53846708473165,ACQUIRE_EVIDENCE_BUDGET_NOT_RULED_OUT_BY_CONVERSE,20.10974683770084,q,ACQUIRE_DECISION_RELEVANT_EVIDENCE_BUDGET_NOT_RULED_OUT_BY_CONVERSE,True,,1,115277
PRIMARY,1,q,ACQUIRE_DECISION_RELEVANT_EVIDENCE_BUDGET_NOT_RULED_OUT_BY_CONVERSE,D11,171.96309317283928,ACQUIRE_EVIDENCE_BUDGET_NOT_RULED_OUT_BY_CONVERSE,18.600261533809743,q,ACQUIRE_DECISION_RELEVANT_EVIDENCE_BUDGET_NOT_RULED_OUT_BY_CONVERSE,True,,1,115278
PRIMARY,1,q,ACQUIRE_DECISION_RELEVANT_EVIDENCE_BUDGET_NOT_RULED_OUT_BY_CONVERSE,D11,145.8885776719042,ACQUIRE_EVIDENCE_BUDGET_NOT_RULED_OUT_BY_CONVERSE,21.862816740477463,q,ACQUIRE_DECISION_RELEVANT_EVIDENCE_BUDGET_NOT_RULED_OUT_BY_CONVERSE,True,,1,115279
PRIMARY,1,q,ACQUIRE_DECISION_RELEVANT_EVIDENCE_BUDGET_NOT_RULED_OUT_BY_CONVERSE,D11,227.05379110977404,ACQUIRE_EVIDENCE_BUDGET_NOT_RULED_OUT_BY_CONVERSE,17.823659342488305,q,ACQUIRE_DECISION_RELEVANT_EVIDENCE_BUDGET_NOT_RULED_OUT_BY_CONVERSE,True,,1,115280
PRIMARY,1,q,ACQUIRE_DECISION_RELEVANT_EVIDENCE_BUDGET_NOT_RULED_OUT_BY_CONVERSE,D11,178.73815093907936,ACQUIRE_EVIDENCE_BUDGET_NOT_RULED_OUT_BY_CONVERSE,16.314884170957253,q,ACQUIRE_DECISION_RELEVANT_EVIDENCE_BUDGET_NOT_RULED_OUT_BY_CONVERSE,True,,1,115281
PRIMARY,1,q,ACQUIRE_DECISION_RELEVANT_EVIDENCE_BUDGET_NOT_RULED_OUT_BY_CONVERSE,D11,236.61748853295393,ACQUIRE_EVIDENCE_BUDGET_NOT_RULED_OUT_BY_CONVERSE,17.52424247017517,q,ACQUIRE_DECISION_RELEVANT_EVIDENCE_BUDGET_NOT_RULED_OUT_BY_CONVERSE,True,,1,115282
PRIMARY,1,q,ACQUIRE_DECISION_RELEVANT_EVIDENCE_BUDGET_NOT_RULED_OUT_BY_CONVERSE,D11,192.40101041289932,ACQUIRE_EVIDENCE_BUDGET_NOT_RULED_OUT_BY_CONVERSE,17.090652057132818,q,ACQUIRE_DECISION_RELEVANT_EVIDENCE_BUDGET_NOT_RULED_OUT_BY_CONVERSE,True,,1,115283
PRIMARY,1,q,ACQUIRE_DECISION_RELEVANT_EVIDENCE_BUDGET_NOT_RULED_OUT_BY_CONVERSE,D11,191.07641826339022,ACQUIRE_EVIDENCE_BUDGET_NOT_RULED_OUT_BY_CONVERSE,17.894792699627303,q,ACQUIRE_DECISION_RELEVANT_EVIDENCE_BUDGET_NOT_RULED_OUT_BY_CONVERSE,True,,1,115284
PRIMARY,1,q,ACQUIRE_DECISION_RELEVANT_EVIDENCE_BUDGET_NOT_RULED_OUT_BY_CONVERSE,D11,239.64619530074728,ACQUIRE_EVIDENCE_BUDGET_NOT_RULED_OUT_BY_CONVERSE,20.55724816349549,q,ACQUIRE_DECISION_RELEVANT_EVIDENCE_BUDGET_NOT_RULED_OUT_BY_CONVERSE,True,,1,115285
PRIMARY,1,q,ACQUIRE_DECISION_RELEVANT_EVIDENCE_BUDGET_NOT_RULED_OUT_BY_CONVERSE,D11,230.01536564852861,ACQUIRE_EVIDENCE_BUDGET_NOT_RULED_OUT_BY_CONVERSE,22.712051401458325,q,ACQUIRE_DECISION_RELEVANT_EVIDENCE_BUDGET_NOT_RULED_OUT_BY_CONVERSE,True,,1,115286
PRIMARY,1,q,ACQUIRE_DECISION_RELEVANT_EVIDENCE_BUDGET_NOT_RULED_OUT_BY_CONVERSE,D11,199.21154667636534,ACQUIRE_EVIDENCE_BUDGET_NOT_RULED_OUT_BY_CONVERSE,18.02248740593426,q,ACQUIRE_DECISION_RELEVANT_EVIDENCE_BUDGET_NOT_RULED_OUT_BY_CONVERSE,True,,1,115287
PRIMARY,1,q,ACQUIRE_DECISION_RELEVANT_EVIDENCE_BUDGET_NOT_RULED_OUT_BY_CONVERSE,D11,187.8204568172437,ACQUIRE_EVIDENCE_BUDGET_NOT_RULED_OUT_BY_CONVERSE,15.045845928012216,q,ACQUIRE_DECISION_RELEVANT_EVIDENCE_BUDGET_NOT_RULED_OUT_BY_CONVERSE,True,,1,115288
PRIMARY,1,q,ACQUIRE_DECISION_RELEVANT_EVIDENCE_BUDGET_NOT_RULED_OUT_BY_CONVERSE,D11,193.81025718048207,ACQUIRE_EVIDENCE_BUDGET_NOT_RULED_OUT_BY_CONVERSE,22.210272629479825,q,ACQUIRE_DECISION_RELEVANT_EVIDENCE_BUDGET_NOT_RULED_OUT_BY_CONVERSE,True,,1,115289
PRIMARY,1,q,ACQUIRE_DECISION_RELEVANT_EVIDENCE_BUDGET_NOT_RULED_OUT_BY_CONVERSE,D11,144.488106627537,ACQUIRE_EVIDENCE_BUDGET_NOT_RULED_OUT_BY_CONVERSE,15.292537603324966,q,ACQUIRE_DECISION_RELEVANT_EVIDENCE_BUDGET_NOT_RULED_OUT_BY_CONVERSE,True,,1,115290
PRIMARY,1,q,ACQUIRE_DECISION_RELEVANT_EVIDENCE_BUDGET_NOT_RULED_OUT_BY_CONVERSE,D11,239.20203627514255,ACQUIRE_EVIDENCE_BUDGET_NOT_RULED_OUT_BY_CONVERSE,17.896911837765046,q,ACQUIRE_DECISION_RELEVANT_EVIDENCE_BUDGET_NOT_RULED_OUT_BY_CONVERSE,True,,1,115291
PRIMARY,1,q,ACQUIRE_DECISION_RELEVANT_EVIDENCE_BUDGET_NOT_RULED_OUT_BY_CONVERSE,D11,150.48984274010152,ACQUIRE_EVIDENCE_BUDGET_NOT_RULED_OUT_BY_CONVERSE,18.701399673238516,q,ACQUIRE_DECISION_RELEVANT_EVIDENCE_BUDGET_NOT_RULED_OUT_BY_CONVERSE,True,,1,115292
PRIMARY,1,q,ACQUIRE_DECISION_RELEVANT_EVIDENCE_BUDGET_NOT_RULED_OUT_BY_CONVERSE,D11,277.1594478344256,ACQUIRE_EVIDENCE_BUDGET_NOT_RULED_OUT_BY_CONVERSE,18.854815341171015,q,ACQUIRE_DECISION_RELEVANT_EVIDENCE_BUDGET_NOT_RULED_OUT_BY_CONVERSE,True,,1,115293
PRIMARY,1,q,ACQUIRE_DECISION_RELEVANT_EVIDENCE_BUDGET_NOT_RULED_OUT_BY_CONVERSE,D11,148.6669116243758,ACQUIRE_EVIDENCE_BUDGET_NOT_RULED_OUT_BY_CONVERSE,22.407033963353374,q,ACQUIRE_DECISION_RELEVANT_EVIDENCE_BUDGET_NOT_RULED_OUT_BY_CONVERSE,True,,1,115294
PRIMARY,1,q,ACQUIRE_DECISION_RELEVANT_EVIDENCE_BUDGET_NOT_RULED_OUT_BY_CONVERSE,D11,142.77480861344222,ACQUIRE_EVIDENCE_BUDGET_NOT_RULED_OUT_BY_CONVERSE,15.58701053091558,q,ACQUIRE_DECISION_RELEVANT_EVIDENCE_BUDGET_NOT_RULED_OUT_BY_CONVERSE,True,,1,115295
PRIMARY,1,q,ACQUIRE_DECISION_RELEVANT_EVIDENCE_BUDGET_NOT_RULED_OUT_BY_CONVERSE,D11,214.83725447331847,ACQUIRE_EVIDENCE_BUDGET_NOT_RULED_OUT_BY_CONVERSE,22.718014990215487,q,ACQUIRE_DECISION_RELEVANT_EVIDENCE_BUDGET_NOT_RULED_OUT_BY_CONVERSE,True,,1,115296
PRIMARY,1,q,ACQUIRE_DECISION_RELEVANT_EVIDENCE_BUDGET_NOT_RULED_OUT_BY_CONVERSE,D11,148.80436615637487,ACQUIRE_EVIDENCE_BUDGET_NOT_RULED_OUT_BY_CONVERSE,22.120477949560467,q,ACQUIRE_DECISION_RELEVANT_EVIDENCE_BUDGET_NOT_RULED_OUT_BY_CONVERSE,True,,1,115297
PRIMARY,1,q,ACQUIRE_DECISION_RELEVANT_EVIDENCE_BUDGET_NOT_RULED_OUT_BY_CONVERSE,D11,165.22487039865695,ACQUIRE_EVIDENCE_BUDGET_NOT_RULED_OUT_BY_CONVERSE,21.17923479325445,q,ACQUIRE_DECISION_RELEVANT_EVIDENCE_BUDGET_NOT_RULED_OUT_BY_CONVERSE,True,,1,115298
PRIMARY,1,q,ACQUIRE_DECISION_RELEVANT_EVIDENCE_BUDGET_NOT_RULED_OUT_BY_CONVERSE,D11,207.7486907700765,ACQUIRE_EVIDENCE_BUDGET_NOT_RULED_OUT_BY_CONVERSE,20.8700599587547,q,ACQUIRE_DECISION_RELEVANT_EVIDENCE_BUDGET_NOT_RULED_OUT_BY_CONVERSE,True,,1,115299
PRIMARY,1,q,ACQUIRE_DECISION_RELEVANT_EVIDENCE_BUDGET_NOT_RULED_OUT_BY_CONVERSE,D11,153.46274762927965,ACQUIRE_EVIDENCE_BUDGET_NOT_RULED_OUT_BY_CONVERSE,22.109865173031807,q,ACQUIRE_DECISION_RELEVANT_EVIDENCE_BUDGET_NOT_RULED_OUT_BY_CONVERSE,True,,1,115300
PRIMARY,1,q,ACQUIRE_DECISION_RELEVANT_EVIDENCE_BUDGET_NOT_RULED_OUT_BY_CONVERSE,D11,170.3044018198876,ACQUIRE_EVIDENCE_BUDGET_NOT_RULED_OUT_BY_CONVERSE,20.17490551795494,q,ACQUIRE_DECISION_RELEVANT_EVIDENCE_BUDGET_NOT_RULED_OUT_BY_CONVERSE,True,,1,115301
PRIMARY,1,q,ACQUIRE_DECISION_RELEVANT_EVIDENCE_BUDGET_NOT_RULED_OUT_BY_CONVERSE,D11,172.29862029438672,ACQUIRE_EVIDENCE_BUDGET_NOT_RULED_OUT_BY_CONVERSE,19.430740510490708,q,ACQUIRE_DECISION_RELEVANT_EVIDENCE_BUDGET_NOT_RULED_OUT_BY_CONVERSE,True,,1,115302
PRIMARY,1,q,ACQUIRE_DECISION_RELEVANT_EVIDENCE_BUDGET_NOT_RULED_OUT_BY_CONVERSE,D11,225.25446833811884,ACQUIRE_EVIDENCE_BUDGET_NOT_RULED_OUT_BY_CONVERSE,16.951943531556804,q,ACQUIRE_DECISION_RELEVANT_EVIDENCE_BUDGET_NOT_RULED_OUT_BY_CONVERSE,True,,1,115303
PRIMARY,1,q,ACQUIRE_DECISION_RELEVANT_EVIDENCE_BUDGET_NOT_RULED_OUT_BY_CONVERSE,D11,141.2517064979624,ACQUIRE_EVIDENCE_BUDGET_NOT_RULED_OUT_BY_CONVERSE,20.088871191235796,q,ACQUIRE_DECISION_RELEVANT_EVIDENCE_BUDGET_NOT_RULED_OUT_BY_CONVERSE,True,,1,115304
PRIMARY,1,q,ACQUIRE_DECISION_RELEVANT_EVIDENCE_BUDGET_NOT_RULED_OUT_BY_CONVERSE,D11,190.88085129133466,ACQUIRE_EVIDENCE_BUDGET_NOT_RULED_OUT_BY_CONVERSE,16.682706204783127,q,ACQUIRE_DECISION_RELEVANT_EVIDENCE_BUDGET_NOT_RULED_OUT_BY_CONVERSE,True,,1,115305
PRIMARY,1,q,ACQUIRE_DECISION_RELEVANT_EVIDENCE_BUDGET_NOT_RULED_OUT_BY_CONVERSE,D11,143.09906687162965,ACQUIRE_EVIDENCE_BUDGET_NOT_RULED_OUT_BY_CONVERSE,16.68079321981386,q,ACQUIRE_DECISION_RELEVANT_EVIDENCE_BUDGET_NOT_RULED_OUT_BY_CONVERSE,True,,1,115306
PRIMARY,1,q,ACQUIRE_DECISION_RELEVANT_EVIDENCE_BUDGET_NOT_RULED_OUT_BY_CONVERSE,D11,194.7205433651362,ACQUIRE_EVIDENCE_BUDGET_NOT_RULED_OUT_BY_CONVERSE,17.675109092496236,q,ACQUIRE_DECISION_RELEVANT_EVIDENCE_BUDGET_NOT_RULED_OUT_BY_CONVERSE,True,,1,115307
PRIMARY,1,q,ACQUIRE_DECISION_RELEVANT_EVIDENCE_BUDGET_NOT_RULED_OUT_BY_CONVERSE,D11,209.08983792757175,ACQUIRE_EVIDENCE_BUDGET_NOT_RULED_OUT_BY_CONVERSE,19.385758628482748,q,ACQUIRE_DECISION_RELEVANT_EVIDENCE_BUDGET_NOT_RULED_OUT_BY_CONVERSE,True,,1,115308
PRIMARY,1,q,ACQUIRE_DECISION_RELEVANT_EVIDENCE_BUDGET_NOT_RULED_OUT_BY_CONVERSE,D11,266.2450282636354,ACQUIRE_EVIDENCE_BUDGET_NOT_RULED_OUT_BY_CONVERSE,17.566181480822053,q,ACQUIRE_DECISION_RELEVANT_EVIDENCE_BUDGET_NOT_RULED_OUT_BY_CONVERSE,True,,1,115309
PRIMARY,1,q,ACQUIRE_DECISION_RELEVANT_EVIDENCE_BUDGET_NOT_RULED_OUT_BY_CONVERSE,D11,155.2954200068727,ACQUIRE_EVIDENCE_BUDGET_NOT_RULED_OUT_BY_CONVERSE,18.8890917684184,q,ACQUIRE_DECISION_RELEVANT_EVIDENCE_BUDGET_NOT_RULED_OUT_BY_CONVERSE,True,,1,115310
PRIMARY,1,q,ACQUIRE_DECISION_RELEVANT_EVIDENCE_BUDGET_NOT_RULED_OUT_BY_CONVERSE,D11,152.439455156284,ACQUIRE_EVIDENCE_BUDGET_NOT_RULED_OUT_BY_CONVERSE,22.39651798985598,q,ACQUIRE_DECISION_RELEVANT_EVIDENCE_BUDGET_NOT_RULED_OUT_BY_CONVERSE,True,,1,115311
PRIMARY,1,q,ACQUIRE_DECISION_RELEVANT_EVIDENCE_BUDGET_NOT_RULED_OUT_BY_CONVERSE,D11,206.47605013474023,ACQUIRE_EVIDENCE_BUDGET_NOT_RULED_OUT_BY_CONVERSE,22.793034259059546,q,ACQUIRE_DECISION_RELEVANT_EVIDENCE_BUDGET_NOT_RULED_OUT_BY_CONVERSE,True,,1,115312
PRIMARY,1,q,ACQUIRE_DECISION_RELEVANT_EVIDENCE_BUDGET_NOT_RULED_OUT_BY_CONVERSE,D11,153.46725975636969,ACQUIRE_EVIDENCE_BUDGET_NOT_RULED_OUT_BY_CONVERSE,15.174893221965823,q,ACQUIRE_DECISION_RELEVANT_EVIDENCE_BUDGET_NOT_RULED_OUT_BY_CONVERSE,True,,1,115313
PRIMARY,1,q,ACQUIRE_DECISION_RELEVANT_EVIDENCE_BUDGET_NOT_RULED_OUT_BY_CONVERSE,D11,203.0403247379774,ACQUIRE_EVIDENCE_BUDGET_NOT_RULED_OUT_BY_CONVERSE,22.216137979660033,q,ACQUIRE_DECISION_RELEVANT_EVIDENCE_BUDGET_NOT_RULED_OUT_BY_CONVERSE,True,,1,115314
PRIMARY,1,q,ACQUIRE_DECISION_RELEVANT_EVIDENCE_BUDGET_NOT_RULED_OUT_BY_CONVERSE,D11,169.24546216854648,ACQUIRE_EVIDENCE_BUDGET_NOT_RULED_OUT_BY_CONVERSE,20.929462278119086,q,ACQUIRE_DECISION_RELEVANT_EVIDENCE_BUDGET_NOT_RULED_OUT_BY_CONVERSE,True,,1,115315
PRIMARY,1,q,ACQUIRE_DECISION_RELEVANT_EVIDENCE_BUDGET_NOT_RULED_OUT_BY_CONVERSE,D11,263.8054820868153,ACQUIRE_EVIDENCE_BUDGET_NOT_RULED_OUT_BY_CONVERSE,18.105327050533592,q,ACQUIRE_DECISION_RELEVANT_EVIDENCE_BUDGET_NOT_RULED_OUT_BY_CONVERSE,True,,1,115316
PRIMARY,1,q,ACQUIRE_DECISION_RELEVANT_EVIDENCE_BUDGET_NOT_RULED_OUT_BY_CONVERSE,D11,251.49476184837886,ACQUIRE_EVIDENCE_BUDGET_NOT_RULED_OUT_BY_CONVERSE,17.29543608384224,q,ACQUIRE_DECISION_RELEVANT_EVIDENCE_BUDGET_NOT_RULED_OUT_BY_CONVERSE,True,,1,115317
PRIMARY,1,q,ACQUIRE_DECISION_RELEVANT_EVIDENCE_BUDGET_NOT_RULED_OUT_BY_CONVERSE,D11,165.58499652554633,ACQUIRE_EVIDENCE_BUDGET_NOT_RULED_OUT_BY_CONVERSE,18.380901133313195,q,ACQUIRE_DECISION_RELEVANT_EVIDENCE_BUDGET_NOT_RULED_OUT_BY_CONVERSE,True,,1,115318
PRIMARY,1,q,ACQUIRE_DECISION_RELEVANT_EVIDENCE_BUDGET_NOT_RULED_OUT_BY_CONVERSE,D11,191.57347482433389,ACQUIRE_EVIDENCE_BUDGET_NOT_RULED_OUT_BY_CONVERSE,19.466754663655486,q,ACQUIRE_DECISION_RELEVANT_EVIDENCE_BUDGET_NOT_RULED_OUT_BY_CONVERSE,True,,1,115319
PRIMARY,1,q,ACQUIRE_DECISION_RELEVANT_EVIDENCE_BUDGET_NOT_RULED_OUT_BY_CONVERSE,D11,209.64222521726086,ACQUIRE_EVIDENCE_BUDGET_NOT_RULED_OUT_BY_CONVERSE,21.719374853738703,q,ACQUIRE_DECISION_RELEVANT_EVIDENCE_BUDGET_NOT_RULED_OUT_BY_CONVERSE,True,,1,115320
PRIMARY,1,q,ACQUIRE_DECISION_RELEVANT_EVIDENCE_BUDGET_NOT_RULED_OUT_BY_CONVERSE,D11,250.65465541074187,ACQUIRE_EVIDENCE_BUDGET_NOT_RULED_OUT_BY_CONVERSE,16.7212580185477,q,ACQUIRE_DECISION_RELEVANT_EVIDENCE_BUDGET_NOT_RULED_OUT_BY_CONVERSE,True,,1,115321
PRIMARY,1,q,ACQUIRE_DECISION_RELEVANT_EVIDENCE_BUDGET_NOT_RULED_OUT_BY_CONVERSE,D11,177.39701334686137,ACQUIRE_EVIDENCE_BUDGET_NOT_RULED_OUT_BY_CONVERSE,16.256145550260626,q,ACQUIRE_DECISION_RELEVANT_EVIDENCE_BUDGET_NOT_RULED_OUT_BY_CONVERSE,True,,1,115322
PRIMARY,1,q,ACQUIRE_DECISION_RELEVANT_EVIDENCE_BUDGET_NOT_RULED_OUT_BY_CONVERSE,D11,261.0682777084901,ACQUIRE_EVIDENCE_BUDGET_NOT_RULED_OUT_BY_CONVERSE,15.576547907846928,q,ACQUIRE_DECISION_RELEVANT_EVIDENCE_BUDGET_NOT_RULED_OUT_BY_CONVERSE,True,,1,115323
PRIMARY,1,q,ACQUIRE_DECISION_RELEVANT_EVIDENCE_BUDGET_NOT_RULED_OUT_BY_CONVERSE,D11,147.2323120328358,ACQUIRE_EVIDENCE_BUDGET_NOT_RULED_OUT_BY_CONVERSE,17.89626346793987,q,ACQUIRE_DECISION_RELEVANT_EVIDENCE_BUDGET_NOT_RULED_OUT_BY_CONVERSE,True,,1,115324
PRIMARY,1,q,ACQUIRE_DECISION_RELEVANT_EVIDENCE_BUDGET_NOT_RULED_OUT_BY_CONVERSE,D11,154.07161524858893,ACQUIRE_EVIDENCE_BUDGET_NOT_RULED_OUT_BY_CONVERSE,15.452097515624821,q,ACQUIRE_DECISION_RELEVANT_EVIDENCE_BUDGET_NOT_RULED_OUT_BY_CONVERSE,True,,1,115325
PRIMARY,1,q,ACQUIRE_DECISION_RELEVANT_EVIDENCE_BUDGET_NOT_RULED_OUT_BY_CONVERSE,D11,177.49116234266697,ACQUIRE_EVIDENCE_BUDGET_NOT_RULED_OUT_BY_CONVERSE,17.72223856185271,q,ACQUIRE_DECISION_RELEVANT_EVIDENCE_BUDGET_NOT_RULED_OUT_BY_CONVERSE,True,,1,115326
PRIMARY,1,q,ACQUIRE_DECISION_RELEVANT_EVIDENCE_BUDGET_NOT_RULED_OUT_BY_CONVERSE,D11,207.52197698935657,ACQUIRE_EVIDENCE_BUDGET_NOT_RULED_OUT_BY_CONVERSE,18.961086974042832,q,ACQUIRE_DECISION_RELEVANT_EVIDENCE_BUDGET_NOT_RULED_OUT_BY_CONVERSE,True,,1,115327
PRIMARY,1,q,ACQUIRE_DECISION_RELEVANT_EVIDENCE_BUDGET_NOT_RULED_OUT_BY_CONVERSE,D11,147.1901699130476,ACQUIRE_EVIDENCE_BUDGET_NOT_RULED_OUT_BY_CONVERSE,16.637190652547623,q,ACQUIRE_DECISION_RELEVANT_EVIDENCE_BUDGET_NOT_RULED_OUT_BY_CONVERSE,True,,1,115328
REPLICATION,0,,DECISION_ALREADY_IDENTIFIED_NO_ACQUISITION,D0,,,0.0,,DECISION_ALREADY_IDENTIFIED_NO_ACQUISITION,True,,2,204201
REPLICATION,0,,DECISION_ALREADY_IDENTIFIED_NO_ACQUISITION,D0,,,0.0,,DECISION_ALREADY_IDENTIFIED_NO_ACQUISITION,True,,2,204202
REPLICATION,0,,DECISION_ALREADY_IDENTIFIED_NO_ACQUISITION,D0,,,0.0,,DECISION_ALREADY_IDENTIFIED_NO_ACQUISITION,True,,2,204203
REPLICATION,0,,DECISION_ALREADY_IDENTIFIED_NO_ACQUISITION,D0,,,0.0,,DECISION_ALREADY_IDENTIFIED_NO_ACQUISITION,True,,2,204204
REPLICATION,0,,DECISION_ALREADY_IDENTIFIED_NO_ACQUISITION,D0,,,0.0,,DECISION_ALREADY_IDENTIFIED_NO_ACQUISITION,True,,2,204205
REPLICATION,0,,DECISION_ALREADY_IDENTIFIED_NO_ACQUISITION,D0,,,0.0,,DECISION_ALREADY_IDENTIFIED_NO_ACQUISITION,True,,2,204206
REPLICATION,0,,DECISION_ALREADY_IDENTIFIED_NO_ACQUISITION,D0,,,0.0,,DECISION_ALREADY_IDENTIFIED_NO_ACQUISITION,True,,2,204207
REPLICATION,0,,DECISION_ALREADY_IDENTIFIED_NO_ACQUISITION,D0,,,0.0,,DECISION_ALREADY_IDENTIFIED_NO_ACQUISITION,True,,2,204208
REPLICATION,0,,DECISION_ALREADY_IDENTIFIED_NO_ACQUISITION,D0,,,0.0,,DECISION_ALREADY_IDENTIFIED_NO_ACQUISITION,True,,2,204209
REPLICATION,0,,DECISION_ALREADY_IDENTIFIED_NO_ACQUISITION,D0,,,0.0,,DECISION_ALREADY_IDENTIFIED_NO_ACQUISITION,True,,2,204210
REPLICATION,0,,DECISION_ALREADY_IDENTIFIED_NO_ACQUISITION,D0,,,0.0,,DECISION_ALREADY_IDENTIFIED_NO_ACQUISITION,True,,2,204211
REPLICATION,0,,DECISION_ALREADY_IDENTIFIED_NO_ACQUISITION,D0,,,0.0,,DECISION_ALREADY_IDENTIFIED_NO_ACQUISITION,True,,2,204212
REPLICATION,0,,DECISION_ALREADY_IDENTIFIED_NO_ACQUISITION,D0,,,0.0,,DECISION_ALREADY_IDENTIFIED_NO_ACQUISITION,True,,2,204213
REPLICATION,0,,DECISION_ALREADY_IDENTIFIED_NO_ACQUISITION,D0,,,0.0,,DECISION_ALREADY_IDENTIFIED_NO_ACQUISITION,True,,2,204214
REPLICATION,0,,DECISION_ALREADY_IDENTIFIED_NO_ACQUISITION,D0,,,0.0,,DECISION_ALREADY_IDENTIFIED_NO_ACQUISITION,True,,2,204215
REPLICATION,0,,DECISION_ALREADY_IDENTIFIED_NO_ACQUISITION,D0,,,0.0,,DECISION_ALREADY_IDENTIFIED_NO_ACQUISITION,True,,2,204216
REPLICATION,0,,DECISION_ALREADY_IDENTIFIED_NO_ACQUISITION,D0,,,0.0,,DECISION_ALREADY_IDENTIFIED_NO_ACQUISITION,True,,2,204217
REPLICATION,0,,DECISION_ALREADY_IDENTIFIED_NO_ACQUISITION,D0,,,0.0,,DECISION_ALREADY_IDENTIFIED_NO_ACQUISITION,True,,2,204218
REPLICATION,0,,DECISION_ALREADY_IDENTIFIED_NO_ACQUISITION,D0,,,0.0,,DECISION_ALREADY_IDENTIFIED_NO_ACQUISITION,True,,2,204219
REPLICATION,0,,DECISION_ALREADY_IDENTIFIED_NO_ACQUISITION,D0,,,0.0,,DECISION_ALREADY_IDENTIFIED_NO_ACQUISITION,True,,2,204220
REPLICATION,0,,DECISION_ALREADY_IDENTIFIED_NO_ACQUISITION,D0,,,0.0,,DECISION_ALREADY_IDENTIFIED_NO_ACQUISITION,True,,2,204221
REPLICATION,0,,DECISION_ALREADY_IDENTIFIED_NO_ACQUISITION,D0,,,0.0,,DECISION_ALREADY_IDENTIFIED_NO_ACQUISITION,True,,2,204222
REPLICATION,0,,DECISION_ALREADY_IDENTIFIED_NO_ACQUISITION,D0,,,0.0,,DECISION_ALREADY_IDENTIFIED_NO_ACQUISITION,True,,2,204223
REPLICATION,0,,DECISION_ALREADY_IDENTIFIED_NO_ACQUISITION,D0,,,0.0,,DECISION_ALREADY_IDENTIFIED_NO_ACQUISITION,True,,2,204224
REPLICATION,0,,DECISION_ALREADY_IDENTIFIED_NO_ACQUISITION,D0,,,0.0,,DECISION_ALREADY_IDENTIFIED_NO_ACQUISITION,True,,2,204225
REPLICATION,0,,DECISION_ALREADY_IDENTIFIED_NO_ACQUISITION,D0,,,0.0,,DECISION_ALREADY_IDENTIFIED_NO_ACQUISITION,True,,2,204226
REPLICATION,0,,DECISION_ALREADY_IDENTIFIED_NO_ACQUISITION,D0,,,0.0,,DECISION_ALREADY_IDENTIFIED_NO_ACQUISITION,True,,2,204227
REPLICATION,0,,DECISION_ALREADY_IDENTIFIED_NO_ACQUISITION,D0,,,0.0,,DECISION_ALREADY_IDENTIFIED_NO_ACQUISITION,True,,2,204228
REPLICATION,0,,DECISION_ALREADY_IDENTIFIED_NO_ACQUISITION,D0,,,0.0,,DECISION_ALREADY_IDENTIFIED_NO_ACQUISITION,True,,2,204229
REPLICATION,0,,DECISION_ALREADY_IDENTIFIED_NO_ACQUISITION,D0,,,0.0,,DECISION_ALREADY_IDENTIFIED_NO_ACQUISITION,True,,2,204230
REPLICATION,0,,DECISION_ALREADY_IDENTIFIED_NO_ACQUISITION,D0,,,0.0,,DECISION_ALREADY_IDENTIFIED_NO_ACQUISITION,True,,2,204231
REPLICATION,0,,DECISION_ALREADY_IDENTIFIED_NO_ACQUISITION,D0,,,0.0,,DECISION_ALREADY_IDENTIFIED_NO_ACQUISITION,True,,2,204232
REPLICATION,0,,DECISION_ALREADY_IDENTIFIED_NO_ACQUISITION,D0,,,0.0,,DECISION_ALREADY_IDENTIFIED_NO_ACQUISITION,True,,2,204233
REPLICATION,0,,DECISION_ALREADY_IDENTIFIED_NO_ACQUISITION,D0,,,0.0,,DECISION_ALREADY_IDENTIFIED_NO_ACQUISITION,True,,2,204234
REPLICATION,0,,DECISION_ALREADY_IDENTIFIED_NO_ACQUISITION,D0,,,0.0,,DECISION_ALREADY_IDENTIFIED_NO_ACQUISITION,True,,2,204235
REPLICATION,0,,DECISION_ALREADY_IDENTIFIED_NO_ACQUISITION,D0,,,0.0,,DECISION_ALREADY_IDENTIFIED_NO_ACQUISITION,True,,2,204236
REPLICATION,0,,DECISION_ALREADY_IDENTIFIED_NO_ACQUISITION,D0,,,0.0,,DECISION_ALREADY_IDENTIFIED_NO_ACQUISITION,True,,2,204237
REPLICATION,0,,DECISION_ALREADY_IDENTIFIED_NO_ACQUISITION,D0,,,0.0,,DECISION_ALREADY_IDENTIFIED_NO_ACQUISITION,True,,2,204238
REPLICATION,0,,DECISION_ALREADY_IDENTIFIED_NO_ACQUISITION,D0,,,0.0,,DECISION_ALREADY_IDENTIFIED_NO_ACQUISITION,True,,2,204239
REPLICATION,0,,DECISION_ALREADY_IDENTIFIED_NO_ACQUISITION,D0,,,0.0,,DECISION_ALREADY_IDENTIFIED_NO_ACQUISITION,True,,2,204240
REPLICATION,0,,DECISION_ALREADY_IDENTIFIED_NO_ACQUISITION,D0,,,0.0,,DECISION_ALREADY_IDENTIFIED_NO_ACQUISITION,True,,2,204241
REPLICATION,0,,DECISION_ALREADY_IDENTIFIED_NO_ACQUISITION,D0,,,0.0,,DECISION_ALREADY_IDENTIFIED_NO_ACQUISITION,True,,2,204242
REPLICATION,0,,DECISION_ALREADY_IDENTIFIED_NO_ACQUISITION,D0,,,0.0,,DECISION_ALREADY_IDENTIFIED_NO_ACQUISITION,True,,2,204243
REPLICATION,0,,DECISION_ALREADY_IDENTIFIED_NO_ACQUISITION,D0,,,0.0,,DECISION_ALREADY_IDENTIFIED_NO_ACQUISITION,True,,2,204244
REPLICATION,0,,DECISION_ALREADY_IDENTIFIED_NO_ACQUISITION,D0,,,0.0,,DECISION_ALREADY_IDENTIFIED_NO_ACQUISITION,True,,2,204245
REPLICATION,0,,DECISION_ALREADY_IDENTIFIED_NO_ACQUISITION,D0,,,0.0,,DECISION_ALREADY_IDENTIFIED_NO_ACQUISITION,True,,2,204246
REPLICATION,0,,DECISION_ALREADY_IDENTIFIED_NO_ACQUISITION,D0,,,0.0,,DECISION_ALREADY_IDENTIFIED_NO_ACQUISITION,True,,2,204247
REPLICATION,0,,DECISION_ALREADY_IDENTIFIED_NO_ACQUISITION,D0,,,0.0,,DECISION_ALREADY_IDENTIFIED_NO_ACQUISITION,True,,2,204248
REPLICATION,0,,DECISION_ALREADY_IDENTIFIED_NO_ACQUISITION,D0,,,0.0,,DECISION_ALREADY_IDENTIFIED_NO_ACQUISITION,True,,2,204249
REPLICATION,0,,DECISION_ALREADY_IDENTIFIED_NO_ACQUISITION,D0,,,0.0,,DECISION_ALREADY_IDENTIFIED_NO_ACQUISITION,True,,2,204250
REPLICATION,0,,DECISION_ALREADY_IDENTIFIED_NO_ACQUISITION,D0,,,0.0,,DECISION_ALREADY_IDENTIFIED_NO_ACQUISITION,True,,2,204251
REPLICATION,0,,DECISION_ALREADY_IDENTIFIED_NO_ACQUISITION,D0,,,0.0,,DECISION_ALREADY_IDENTIFIED_NO_ACQUISITION,True,,2,204252
REPLICATION,0,,DECISION_ALREADY_IDENTIFIED_NO_ACQUISITION,D0,,,0.0,,DECISION_ALREADY_IDENTIFIED_NO_ACQUISITION,True,,2,204253
REPLICATION,0,,DECISION_ALREADY_IDENTIFIED_NO_ACQUISITION,D0,,,0.0,,DECISION_ALREADY_IDENTIFIED_NO_ACQUISITION,True,,2,204254
REPLICATION,0,,DECISION_ALREADY_IDENTIFIED_NO_ACQUISITION,D0,,,0.0,,DECISION_ALREADY_IDENTIFIED_NO_ACQUISITION,True,,2,204255
REPLICATION,0,,DECISION_ALREADY_IDENTIFIED_NO_ACQUISITION,D0,,,0.0,,DECISION_ALREADY_IDENTIFIED_NO_ACQUISITION,True,,2,204256
REPLICATION,0,,DECISION_ALREADY_IDENTIFIED_NO_ACQUISITION,D0,,,0.0,,DECISION_ALREADY_IDENTIFIED_NO_ACQUISITION,True,,2,204257
REPLICATION,0,,DECISION_ALREADY_IDENTIFIED_NO_ACQUISITION,D0,,,0.0,,DECISION_ALREADY_IDENTIFIED_NO_ACQUISITION,True,,2,204258
REPLICATION,0,,DECISION_ALREADY_IDENTIFIED_NO_ACQUISITION,D0,,,0.0,,DECISION_ALREADY_IDENTIFIED_NO_ACQUISITION,True,,2,204259
REPLICATION,0,,DECISION_ALREADY_IDENTIFIED_NO_ACQUISITION,D0,,,0.0,,DECISION_ALREADY_IDENTIFIED_NO_ACQUISITION,True,,2,204260
REPLICATION,0,,DECISION_ALREADY_IDENTIFIED_NO_ACQUISITION,D0,,,0.0,,DECISION_ALREADY_IDENTIFIED_NO_ACQUISITION,True,,2,204261
REPLICATION,0,,DECISION_ALREADY_IDENTIFIED_NO_ACQUISITION,D0,,,0.0,,DECISION_ALREADY_IDENTIFIED_NO_ACQUISITION,True,,2,204262
REPLICATION,0,,DECISION_ALREADY_IDENTIFIED_NO_ACQUISITION,D0,,,0.0,,DECISION_ALREADY_IDENTIFIED_NO_ACQUISITION,True,,2,204263
REPLICATION,0,,DECISION_ALREADY_IDENTIFIED_NO_ACQUISITION,D0,,,0.0,,DECISION_ALREADY_IDENTIFIED_NO_ACQUISITION,True,,2,204264
REPLICATION,0,,DECISION_ALREADY_IDENTIFIED_NO_ACQUISITION,D0,,,0.0,,DECISION_ALREADY_IDENTIFIED_NO_ACQUISITION,True,,2,204265
REPLICATION,0,,DECISION_ALREADY_IDENTIFIED_NO_ACQUISITION,D0,,,0.0,,DECISION_ALREADY_IDENTIFIED_NO_ACQUISITION,True,,2,204266
REPLICATION,0,,DECISION_ALREADY_IDENTIFIED_NO_ACQUISITION,D0,,,0.0,,DECISION_ALREADY_IDENTIFIED_NO_ACQUISITION,True,,2,204267
REPLICATION,0,,DECISION_ALREADY_IDENTIFIED_NO_ACQUISITION,D0,,,0.0,,DECISION_ALREADY_IDENTIFIED_NO_ACQUISITION,True,,2,204268
REPLICATION,0,,DECISION_ALREADY_IDENTIFIED_NO_ACQUISITION,D0,,,0.0,,DECISION_ALREADY_IDENTIFIED_NO_ACQUISITION,True,,2,204269
REPLICATION,0,,DECISION_ALREADY_IDENTIFIED_NO_ACQUISITION,D0,,,0.0,,DECISION_ALREADY_IDENTIFIED_NO_ACQUISITION,True,,2,204270
REPLICATION,0,,DECISION_ALREADY_IDENTIFIED_NO_ACQUISITION,D0,,,0.0,,DECISION_ALREADY_IDENTIFIED_NO_ACQUISITION,True,,2,204271
REPLICATION,0,,DECISION_ALREADY_IDENTIFIED_NO_ACQUISITION,D0,,,0.0,,DECISION_ALREADY_IDENTIFIED_NO_ACQUISITION,True,,2,204272
REPLICATION,0,,DECISION_ALREADY_IDENTIFIED_NO_ACQUISITION,D0,,,0.0,,DECISION_ALREADY_IDENTIFIED_NO_ACQUISITION,True,,2,204273
REPLICATION,0,,DECISION_ALREADY_IDENTIFIED_NO_ACQUISITION,D0,,,0.0,,DECISION_ALREADY_IDENTIFIED_NO_ACQUISITION,True,,2,204274
REPLICATION,0,,DECISION_ALREADY_IDENTIFIED_NO_ACQUISITION,D0,,,0.0,,DECISION_ALREADY_IDENTIFIED_NO_ACQUISITION,True,,2,204275
REPLICATION,0,,DECISION_ALREADY_IDENTIFIED_NO_ACQUISITION,D0,,,0.0,,DECISION_ALREADY_IDENTIFIED_NO_ACQUISITION,True,,2,204276
REPLICATION,0,,DECISION_ALREADY_IDENTIFIED_NO_ACQUISITION,D0,,,0.0,,DECISION_ALREADY_IDENTIFIED_NO_ACQUISITION,True,,2,204277
REPLICATION,0,,DECISION_ALREADY_IDENTIFIED_NO_ACQUISITION,D0,,,0.0,,DECISION_ALREADY_IDENTIFIED_NO_ACQUISITION,True,,2,204278
REPLICATION,0,,DECISION_ALREADY_IDENTIFIED_NO_ACQUISITION,D0,,,0.0,,DECISION_ALREADY_IDENTIFIED_NO_ACQUISITION,True,,2,204279
REPLICATION,0,,DECISION_ALREADY_IDENTIFIED_NO_ACQUISITION,D0,,,0.0,,DECISION_ALREADY_IDENTIFIED_NO_ACQUISITION,True,,2,204280
REPLICATION,0,,DECISION_ALREADY_IDENTIFIED_NO_ACQUISITION,D0,,,0.0,,DECISION_ALREADY_IDENTIFIED_NO_ACQUISITION,True,,2,204281
REPLICATION,0,,DECISION_ALREADY_IDENTIFIED_NO_ACQUISITION,D0,,,0.0,,DECISION_ALREADY_IDENTIFIED_NO_ACQUISITION,True,,2,204282
REPLICATION,0,,DECISION_ALREADY_IDENTIFIED_NO_ACQUISITION,D0,,,0.0,,DECISION_ALREADY_IDENTIFIED_NO_ACQUISITION,True,,2,204283
REPLICATION,0,,DECISION_ALREADY_IDENTIFIED_NO_ACQUISITION,D0,,,0.0,,DECISION_ALREADY_IDENTIFIED_NO_ACQUISITION,True,,2,204284
REPLICATION,0,,DECISION_ALREADY_IDENTIFIED_NO_ACQUISITION,D0,,,0.0,,DECISION_ALREADY_IDENTIFIED_NO_ACQUISITION,True,,2,204285
REPLICATION,0,,DECISION_ALREADY_IDENTIFIED_NO_ACQUISITION,D0,,,0.0,,DECISION_ALREADY_IDENTIFIED_NO_ACQUISITION,True,,2,204286
REPLICATION,0,,DECISION_ALREADY_IDENTIFIED_NO_ACQUISITION,D0,,,0.0,,DECISION_ALREADY_IDENTIFIED_NO_ACQUISITION,True,,2,204287
REPLICATION,0,,DECISION_ALREADY_IDENTIFIED_NO_ACQUISITION,D0,,,0.0,,DECISION_ALREADY_IDENTIFIED_NO_ACQUISITION,True,,2,204288
REPLICATION,0,,DECISION_ALREADY_IDENTIFIED_NO_ACQUISITION,D0,,,0.0,,DECISION_ALREADY_IDENTIFIED_NO_ACQUISITION,True,,2,204289
REPLICATION,0,,DECISION_ALREADY_IDENTIFIED_NO_ACQUISITION,D0,,,0.0,,DECISION_ALREADY_IDENTIFIED_NO_ACQUISITION,True,,2,204290
REPLICATION,0,,DECISION_ALREADY_IDENTIFIED_NO_ACQUISITION,D0,,,0.0,,DECISION_ALREADY_IDENTIFIED_NO_ACQUISITION,True,,2,204291
REPLICATION,0,,DECISION_ALREADY_IDENTIFIED_NO_ACQUISITION,D0,,,0.0,,DECISION_ALREADY_IDENTIFIED_NO_ACQUISITION,True,,2,204292
REPLICATION,0,,DECISION_ALREADY_IDENTIFIED_NO_ACQUISITION,D0,,,0.0,,DECISION_ALREADY_IDENTIFIED_NO_ACQUISITION,True,,2,204293
REPLICATION,0,,DECISION_ALREADY_IDENTIFIED_NO_ACQUISITION,D0,,,0.0,,DECISION_ALREADY_IDENTIFIED_NO_ACQUISITION,True,,2,204294
REPLICATION,0,,DECISION_ALREADY_IDENTIFIED_NO_ACQUISITION,D0,,,0.0,,DECISION_ALREADY_IDENTIFIED_NO_ACQUISITION,True,,2,204295
REPLICATION,0,,DECISION_ALREADY_IDENTIFIED_NO_ACQUISITION,D0,,,0.0,,DECISION_ALREADY_IDENTIFIED_NO_ACQUISITION,True,,2,204296
REPLICATION,0,,DECISION_ALREADY_IDENTIFIED_NO_ACQUISITION,D0,,,0.0,,DECISION_ALREADY_IDENTIFIED_NO_ACQUISITION,True,,2,204297
REPLICATION,0,,DECISION_ALREADY_IDENTIFIED_NO_ACQUISITION,D0,,,0.0,,DECISION_ALREADY_IDENTIFIED_NO_ACQUISITION,True,,2,204298
REPLICATION,0,,DECISION_ALREADY_IDENTIFIED_NO_ACQUISITION,D0,,,0.0,,DECISION_ALREADY_IDENTIFIED_NO_ACQUISITION,True,,2,204299
REPLICATION,0,,DECISION_ALREADY_IDENTIFIED_NO_ACQUISITION,D0,,,0.0,,DECISION_ALREADY_IDENTIFIED_NO_ACQUISITION,True,,2,204300
REPLICATION,0,,DECISION_ALREADY_IDENTIFIED_NO_ACQUISITION,D0,,,0.0,,DECISION_ALREADY_IDENTIFIED_NO_ACQUISITION,True,,2,204301
REPLICATION,0,,DECISION_ALREADY_IDENTIFIED_NO_ACQUISITION,D0,,,0.0,,DECISION_ALREADY_IDENTIFIED_NO_ACQUISITION,True,,2,204302
REPLICATION,0,,DECISION_ALREADY_IDENTIFIED_NO_ACQUISITION,D0,,,0.0,,DECISION_ALREADY_IDENTIFIED_NO_ACQUISITION,True,,2,204303
REPLICATION,0,,DECISION_ALREADY_IDENTIFIED_NO_ACQUISITION,D0,,,0.0,,DECISION_ALREADY_IDENTIFIED_NO_ACQUISITION,True,,2,204304
REPLICATION,0,,DECISION_ALREADY_IDENTIFIED_NO_ACQUISITION,D0,,,0.0,,DECISION_ALREADY_IDENTIFIED_NO_ACQUISITION,True,,2,204305
REPLICATION,0,,DECISION_ALREADY_IDENTIFIED_NO_ACQUISITION,D0,,,0.0,,DECISION_ALREADY_IDENTIFIED_NO_ACQUISITION,True,,2,204306
REPLICATION,0,,DECISION_ALREADY_IDENTIFIED_NO_ACQUISITION,D0,,,0.0,,DECISION_ALREADY_IDENTIFIED_NO_ACQUISITION,True,,2,204307
REPLICATION,0,,DECISION_ALREADY_IDENTIFIED_NO_ACQUISITION,D0,,,0.0,,DECISION_ALREADY_IDENTIFIED_NO_ACQUISITION,True,,2,204308
REPLICATION,0,,DECISION_ALREADY_IDENTIFIED_NO_ACQUISITION,D0,,,0.0,,DECISION_ALREADY_IDENTIFIED_NO_ACQUISITION,True,,2,204309
REPLICATION,0,,DECISION_ALREADY_IDENTIFIED_NO_ACQUISITION,D0,,,0.0,,DECISION_ALREADY_IDENTIFIED_NO_ACQUISITION,True,,2,204310
REPLICATION,0,,DECISION_ALREADY_IDENTIFIED_NO_ACQUISITION,D0,,,0.0,,DECISION_ALREADY_IDENTIFIED_NO_ACQUISITION,True,,2,204311
REPLICATION,0,,DECISION_ALREADY_IDENTIFIED_NO_ACQUISITION,D0,,,0.0,,DECISION_ALREADY_IDENTIFIED_NO_ACQUISITION,True,,2,204312
REPLICATION,0,,DECISION_ALREADY_IDENTIFIED_NO_ACQUISITION,D0,,,0.0,,DECISION_ALREADY_IDENTIFIED_NO_ACQUISITION,True,,2,204313
REPLICATION,0,,DECISION_ALREADY_IDENTIFIED_NO_ACQUISITION,D0,,,0.0,,DECISION_ALREADY_IDENTIFIED_NO_ACQUISITION,True,,2,204314
REPLICATION,0,,DECISION_ALREADY_IDENTIFIED_NO_ACQUISITION,D0,,,0.0,,DECISION_ALREADY_IDENTIFIED_NO_ACQUISITION,True,,2,204315
REPLICATION,0,,DECISION_ALREADY_IDENTIFIED_NO_ACQUISITION,D0,,,0.0,,DECISION_ALREADY_IDENTIFIED_NO_ACQUISITION,True,,2,204316
REPLICATION,0,,DECISION_ALREADY_IDENTIFIED_NO_ACQUISITION,D0,,,0.0,,DECISION_ALREADY_IDENTIFIED_NO_ACQUISITION,True,,2,204317
REPLICATION,0,,DECISION_ALREADY_IDENTIFIED_NO_ACQUISITION,D0,,,0.0,,DECISION_ALREADY_IDENTIFIED_NO_ACQUISITION,True,,2,204318
REPLICATION,0,,DECISION_ALREADY_IDENTIFIED_NO_ACQUISITION,D0,,,0.0,,DECISION_ALREADY_IDENTIFIED_NO_ACQUISITION,True,,2,204319
REPLICATION,0,,DECISION_ALREADY_IDENTIFIED_NO_ACQUISITION,D0,,,0.0,,DECISION_ALREADY_IDENTIFIED_NO_ACQUISITION,True,,2,204320
REPLICATION,0,,DECISION_ALREADY_IDENTIFIED_NO_ACQUISITION,D0,,,0.0,,DECISION_ALREADY_IDENTIFIED_NO_ACQUISITION,True,,2,204321
REPLICATION,0,,DECISION_ALREADY_IDENTIFIED_NO_ACQUISITION,D0,,,0.0,,DECISION_ALREADY_IDENTIFIED_NO_ACQUISITION,True,,2,204322
REPLICATION,0,,DECISION_ALREADY_IDENTIFIED_NO_ACQUISITION,D0,,,0.0,,DECISION_ALREADY_IDENTIFIED_NO_ACQUISITION,True,,2,204323
REPLICATION,0,,DECISION_ALREADY_IDENTIFIED_NO_ACQUISITION,D0,,,0.0,,DECISION_ALREADY_IDENTIFIED_NO_ACQUISITION,True,,2,204324
REPLICATION,0,,DECISION_ALREADY_IDENTIFIED_NO_ACQUISITION,D0,,,0.0,,DECISION_ALREADY_IDENTIFIED_NO_ACQUISITION,True,,2,204325
REPLICATION,0,,DECISION_ALREADY_IDENTIFIED_NO_ACQUISITION,D0,,,0.0,,DECISION_ALREADY_IDENTIFIED_NO_ACQUISITION,True,,2,204326
REPLICATION,0,,DECISION_ALREADY_IDENTIFIED_NO_ACQUISITION,D0,,,0.0,,DECISION_ALREADY_IDENTIFIED_NO_ACQUISITION,True,,2,204327
REPLICATION,0,,DECISION_ALREADY_IDENTIFIED_NO_ACQUISITION,D0,,,0.0,,DECISION_ALREADY_IDENTIFIED_NO_ACQUISITION,True,,2,204328
REPLICATION,1,decisive,ACQUIRE_DECISION_RELEVANT_EVIDENCE_BUDGET_NOT_RULED_OUT_BY_CONVERSE,D1,,NO_IDENTIFYING_INFORMATION_CHANNEL,15.786946149917394,decisive,ACQUIRE_DECISION_RELEVANT_EVIDENCE_BUDGET_NOT_RULED_OUT_BY_CONVERSE,True,,1,205201
REPLICATION,1,decisive,ACQUIRE_DECISION_RELEVANT_EVIDENCE_BUDGET_NOT_RULED_OUT_BY_CONVERSE,D1,,NO_IDENTIFYING_INFORMATION_CHANNEL,20.815746133683554,decisive,ACQUIRE_DECISION_RELEVANT_EVIDENCE_BUDGET_NOT_RULED_OUT_BY_CONVERSE,True,,1,205202
REPLICATION,1,decisive,ACQUIRE_DECISION_RELEVANT_EVIDENCE_BUDGET_NOT_RULED_OUT_BY_CONVERSE,D1,,NO_IDENTIFYING_INFORMATION_CHANNEL,20.398832622972364,decisive,ACQUIRE_DECISION_RELEVANT_EVIDENCE_BUDGET_NOT_RULED_OUT_BY_CONVERSE,True,,1,205203
REPLICATION,1,decisive,ACQUIRE_DECISION_RELEVANT_EVIDENCE_BUDGET_NOT_RULED_OUT_BY_CONVERSE,D1,,NO_IDENTIFYING_INFORMATION_CHANNEL,16.094000456287635,decisive,ACQUIRE_DECISION_RELEVANT_EVIDENCE_BUDGET_NOT_RULED_OUT_BY_CONVERSE,True,,1,205204
REPLICATION,1,decisive,ACQUIRE_DECISION_RELEVANT_EVIDENCE_BUDGET_NOT_RULED_OUT_BY_CONVERSE,D1,,NO_IDENTIFYING_INFORMATION_CHANNEL,18.843668435977794,decisive,ACQUIRE_DECISION_RELEVANT_EVIDENCE_BUDGET_NOT_RULED_OUT_BY_CONVERSE,True,,1,205205
REPLICATION,1,decisive,ACQUIRE_DECISION_RELEVANT_EVIDENCE_BUDGET_NOT_RULED_OUT_BY_CONVERSE,D1,,NO_IDENTIFYING_INFORMATION_CHANNEL,15.206595408787287,decisive,ACQUIRE_DECISION_RELEVANT_EVIDENCE_BUDGET_NOT_RULED_OUT_BY_CONVERSE,True,,1,205206
REPLICATION,1,decisive,ACQUIRE_DECISION_RELEVANT_EVIDENCE_BUDGET_NOT_RULED_OUT_BY_CONVERSE,D1,,NO_IDENTIFYING_INFORMATION_CHANNEL,23.9046736223686,decisive,ACQUIRE_DECISION_RELEVANT_EVIDENCE_BUDGET_NOT_RULED_OUT_BY_CONVERSE,True,,1,205207
REPLICATION,1,decisive,ACQUIRE_DECISION_RELEVANT_EVIDENCE_BUDGET_NOT_RULED_OUT_BY_CONVERSE,D1,,NO_IDENTIFYING_INFORMATION_CHANNEL,18.169630159011337,decisive,ACQUIRE_DECISION_RELEVANT_EVIDENCE_BUDGET_NOT_RULED_OUT_BY_CONVERSE,True,,1,205208
REPLICATION,1,decisive,ACQUIRE_DECISION_RELEVANT_EVIDENCE_BUDGET_NOT_RULED_OUT_BY_CONVERSE,D1,,NO_IDENTIFYING_INFORMATION_CHANNEL,19.24642602333428,decisive,ACQUIRE_DECISION_RELEVANT_EVIDENCE_BUDGET_NOT_RULED_OUT_BY_CONVERSE,True,,1,205209
REPLICATION,1,decisive,ACQUIRE_DECISION_RELEVANT_EVIDENCE_BUDGET_NOT_RULED_OUT_BY_CONVERSE,D1,,NO_IDENTIFYING_INFORMATION_CHANNEL,16.65514613550108,decisive,ACQUIRE_DECISION_RELEVANT_EVIDENCE_BUDGET_NOT_RULED_OUT_BY_CONVERSE,True,,1,205210
REPLICATION,1,decisive,ACQUIRE_DECISION_RELEVANT_EVIDENCE_BUDGET_NOT_RULED_OUT_BY_CONVERSE,D1,,NO_IDENTIFYING_INFORMATION_CHANNEL,17.416681523200655,decisive,ACQUIRE_DECISION_RELEVANT_EVIDENCE_BUDGET_NOT_RULED_OUT_BY_CONVERSE,True,,1,205211
REPLICATION,1,decisive,ACQUIRE_DECISION_RELEVANT_EVIDENCE_BUDGET_NOT_RULED_OUT_BY_CONVERSE,D1,,NO_IDENTIFYING_INFORMATION_CHANNEL,16.356010152551107,decisive,ACQUIRE_DECISION_RELEVANT_EVIDENCE_BUDGET_NOT_RULED_OUT_BY_CONVERSE,True,,1,205212
REPLICATION,1,decisive,ACQUIRE_DECISION_RELEVANT_EVIDENCE_BUDGET_NOT_RULED_OUT_BY_CONVERSE,D1,,NO_IDENTIFYING_INFORMATION_CHANNEL,17.914414170744102,decisive,ACQUIRE_DECISION_RELEVANT_EVIDENCE_BUDGET_NOT_RULED_OUT_BY_CONVERSE,True,,1,205213
REPLICATION,1,decisive,ACQUIRE_DECISION_RELEVANT_EVIDENCE_BUDGET_NOT_RULED_OUT_BY_CONVERSE,D1,,NO_IDENTIFYING_INFORMATION_CHANNEL,18.597341288662577,decisive,ACQUIRE_DECISION_RELEVANT_EVIDENCE_BUDGET_NOT_RULED_OUT_BY_CONVERSE,True,,1,205214
REPLICATION,1,decisive,ACQUIRE_DECISION_RELEVANT_EVIDENCE_BUDGET_NOT_RULED_OUT_BY_CONVERSE,D1,,NO_IDENTIFYING_INFORMATION_CHANNEL,24.892507283664166,decisive,ACQUIRE_DECISION_RELEVANT_EVIDENCE_BUDGET_NOT_RULED_OUT_BY_CONVERSE,True,,1,205215
REPLICATION,1,decisive,ACQUIRE_DECISION_RELEVANT_EVIDENCE_BUDGET_NOT_RULED_OUT_BY_CONVERSE,D1,,NO_IDENTIFYING_INFORMATION_CHANNEL,16.515519289826635,decisive,ACQUIRE_DECISION_RELEVANT_EVIDENCE_BUDGET_NOT_RULED_OUT_BY_CONVERSE,True,,1,205216
REPLICATION,1,decisive,ACQUIRE_DECISION_RELEVANT_EVIDENCE_BUDGET_NOT_RULED_OUT_BY_CONVERSE,D1,,NO_IDENTIFYING_INFORMATION_CHANNEL,20.674418379299414,decisive,ACQUIRE_DECISION_RELEVANT_EVIDENCE_BUDGET_NOT_RULED_OUT_BY_CONVERSE,True,,1,205217
REPLICATION,1,decisive,ACQUIRE_DECISION_RELEVANT_EVIDENCE_BUDGET_NOT_RULED_OUT_BY_CONVERSE,D1,,NO_IDENTIFYING_INFORMATION_CHANNEL,21.86981883244645,decisive,ACQUIRE_DECISION_RELEVANT_EVIDENCE_BUDGET_NOT_RULED_OUT_BY_CONVERSE,True,,1,205218
REPLICATION,1,decisive,ACQUIRE_DECISION_RELEVANT_EVIDENCE_BUDGET_NOT_RULED_OUT_BY_CONVERSE,D1,,NO_IDENTIFYING_INFORMATION_CHANNEL,19.53815209835735,decisive,ACQUIRE_DECISION_RELEVANT_EVIDENCE_BUDGET_NOT_RULED_OUT_BY_CONVERSE,True,,1,205219
REPLICATION,1,decisive,ACQUIRE_DECISION_RELEVANT_EVIDENCE_BUDGET_NOT_RULED_OUT_BY_CONVERSE,D1,,NO_IDENTIFYING_INFORMATION_CHANNEL,22.936930896725606,decisive,ACQUIRE_DECISION_RELEVANT_EVIDENCE_BUDGET_NOT_RULED_OUT_BY_CONVERSE,True,,1,205220
REPLICATION,1,decisive,ACQUIRE_DECISION_RELEVANT_EVIDENCE_BUDGET_NOT_RULED_OUT_BY_CONVERSE,D1,,NO_IDENTIFYING_INFORMATION_CHANNEL,15.666116338564128,decisive,ACQUIRE_DECISION_RELEVANT_EVIDENCE_BUDGET_NOT_RULED_OUT_BY_CONVERSE,True,,1,205221
REPLICATION,1,decisive,ACQUIRE_DECISION_RELEVANT_EVIDENCE_BUDGET_NOT_RULED_OUT_BY_CONVERSE,D1,,NO_IDENTIFYING_INFORMATION_CHANNEL,22.648995446602648,decisive,ACQUIRE_DECISION_RELEVANT_EVIDENCE_BUDGET_NOT_RULED_OUT_BY_CONVERSE,True,,1,205222
REPLICATION,1,decisive,ACQUIRE_DECISION_RELEVANT_EVIDENCE_BUDGET_NOT_RULED_OUT_BY_CONVERSE,D1,,NO_IDENTIFYING_INFORMATION_CHANNEL,15.888569743032917,decisive,ACQUIRE_DECISION_RELEVANT_EVIDENCE_BUDGET_NOT_RULED_OUT_BY_CONVERSE,True,,1,205223
REPLICATION,1,decisive,ACQUIRE_DECISION_RELEVANT_EVIDENCE_BUDGET_NOT_RULED_OUT_BY_CONVERSE,D1,,NO_IDENTIFYING_INFORMATION_CHANNEL,19.784845008426274,decisive,ACQUIRE_DECISION_RELEVANT_EVIDENCE_BUDGET_NOT_RULED_OUT_BY_CONVERSE,True,,1,205224
REPLICATION,1,decisive,ACQUIRE_DECISION_RELEVANT_EVIDENCE_BUDGET_NOT_RULED_OUT_BY_CONVERSE,D1,,NO_IDENTIFYING_INFORMATION_CHANNEL,22.310796410521636,decisive,ACQUIRE_DECISION_RELEVANT_EVIDENCE_BUDGET_NOT_RULED_OUT_BY_CONVERSE,True,,1,205225
REPLICATION,1,decisive,ACQUIRE_DECISION_RELEVANT_EVIDENCE_BUDGET_NOT_RULED_OUT_BY_CONVERSE,D1,,NO_IDENTIFYING_INFORMATION_CHANNEL,17.182803864680356,decisive,ACQUIRE_DECISION_RELEVANT_EVIDENCE_BUDGET_NOT_RULED_OUT_BY_CONVERSE,True,,1,205226
REPLICATION,1,decisive,ACQUIRE_DECISION_RELEVANT_EVIDENCE_BUDGET_NOT_RULED_OUT_BY_CONVERSE,D1,,NO_IDENTIFYING_INFORMATION_CHANNEL,24.802350409329197,decisive,ACQUIRE_DECISION_RELEVANT_EVIDENCE_BUDGET_NOT_RULED_OUT_BY_CONVERSE,True,,1,205227
REPLICATION,1,decisive,ACQUIRE_DECISION_RELEVANT_EVIDENCE_BUDGET_NOT_RULED_OUT_BY_CONVERSE,D1,,NO_IDENTIFYING_INFORMATION_CHANNEL,15.381221269266485,decisive,ACQUIRE_DECISION_RELEVANT_EVIDENCE_BUDGET_NOT_RULED_OUT_BY_CONVERSE,True,,1,205228
REPLICATION,1,decisive,ACQUIRE_DECISION_RELEVANT_EVIDENCE_BUDGET_NOT_RULED_OUT_BY_CONVERSE,D1,,NO_IDENTIFYING_INFORMATION_CHANNEL,20.246816778595413,decisive,ACQUIRE_DECISION_RELEVANT_EVIDENCE_BUDGET_NOT_RULED_OUT_BY_CONVERSE,True,,1,205229
REPLICATION,1,decisive,ACQUIRE_DECISION_RELEVANT_EVIDENCE_BUDGET_NOT_RULED_OUT_BY_CONVERSE,D1,,NO_IDENTIFYING_INFORMATION_CHANNEL,15.043905549163975,decisive,ACQUIRE_DECISION_RELEVANT_EVIDENCE_BUDGET_NOT_RULED_OUT_BY_CONVERSE,True,,1,205230
REPLICATION,1,decisive,ACQUIRE_DECISION_RELEVANT_EVIDENCE_BUDGET_NOT_RULED_OUT_BY_CONVERSE,D1,,NO_IDENTIFYING_INFORMATION_CHANNEL,21.96514023904788,decisive,ACQUIRE_DECISION_RELEVANT_EVIDENCE_BUDGET_NOT_RULED_OUT_BY_CONVERSE,True,,1,205231
REPLICATION,1,decisive,ACQUIRE_DECISION_RELEVANT_EVIDENCE_BUDGET_NOT_RULED_OUT_BY_CONVERSE,D1,,NO_IDENTIFYING_INFORMATION_CHANNEL,16.65051534705103,decisive,ACQUIRE_DECISION_RELEVANT_EVIDENCE_BUDGET_NOT_RULED_OUT_BY_CONVERSE,True,,1,205232
REPLICATION,1,decisive,ACQUIRE_DECISION_RELEVANT_EVIDENCE_BUDGET_NOT_RULED_OUT_BY_CONVERSE,D1,,NO_IDENTIFYING_INFORMATION_CHANNEL,23.20475668883432,decisive,ACQUIRE_DECISION_RELEVANT_EVIDENCE_BUDGET_NOT_RULED_OUT_BY_CONVERSE,True,,1,205233
REPLICATION,1,decisive,ACQUIRE_DECISION_RELEVANT_EVIDENCE_BUDGET_NOT_RULED_OUT_BY_CONVERSE,D1,,NO_IDENTIFYING_INFORMATION_CHANNEL,21.664947325901725,decisive,ACQUIRE_DECISION_RELEVANT_EVIDENCE_BUDGET_NOT_RULED_OUT_BY_CONVERSE,True,,1,205234
REPLICATION,1,decisive,ACQUIRE_DECISION_RELEVANT_EVIDENCE_BUDGET_NOT_RULED_OUT_BY_CONVERSE,D1,,NO_IDENTIFYING_INFORMATION_CHANNEL,15.132686397564743,decisive,ACQUIRE_DECISION_RELEVANT_EVIDENCE_BUDGET_NOT_RULED_OUT_BY_CONVERSE,True,,1,205235
REPLICATION,1,decisive,ACQUIRE_DECISION_RELEVANT_EVIDENCE_BUDGET_NOT_RULED_OUT_BY_CONVERSE,D1,,NO_IDENTIFYING_INFORMATION_CHANNEL,21.7723576748359,decisive,ACQUIRE_DECISION_RELEVANT_EVIDENCE_BUDGET_NOT_RULED_OUT_BY_CONVERSE,True,,1,205236
REPLICATION,1,decisive,ACQUIRE_DECISION_RELEVANT_EVIDENCE_BUDGET_NOT_RULED_OUT_BY_CONVERSE,D1,,NO_IDENTIFYING_INFORMATION_CHANNEL,23.62568908596787,decisive,ACQUIRE_DECISION_RELEVANT_EVIDENCE_BUDGET_NOT_RULED_OUT_BY_CONVERSE,True,,1,205237
REPLICATION,1,decisive,ACQUIRE_DECISION_RELEVANT_EVIDENCE_BUDGET_NOT_RULED_OUT_BY_CONVERSE,D1,,NO_IDENTIFYING_INFORMATION_CHANNEL,17.870516432645,decisive,ACQUIRE_DECISION_RELEVANT_EVIDENCE_BUDGET_NOT_RULED_OUT_BY_CONVERSE,True,,1,205238
REPLICATION,1,decisive,ACQUIRE_DECISION_RELEVANT_EVIDENCE_BUDGET_NOT_RULED_OUT_BY_CONVERSE,D1,,NO_IDENTIFYING_INFORMATION_CHANNEL,23.981273333773228,decisive,ACQUIRE_DECISION_RELEVANT_EVIDENCE_BUDGET_NOT_RULED_OUT_BY_CONVERSE,True,,1,205239
REPLICATION,1,decisive,ACQUIRE_DECISION_RELEVANT_EVIDENCE_BUDGET_NOT_RULED_OUT_BY_CONVERSE,D1,,NO_IDENTIFYING_INFORMATION_CHANNEL,21.99680364439691,decisive,ACQUIRE_DECISION_RELEVANT_EVIDENCE_BUDGET_NOT_RULED_OUT_BY_CONVERSE,True,,1,205240
REPLICATION,1,decisive,ACQUIRE_DECISION_RELEVANT_EVIDENCE_BUDGET_NOT_RULED_OUT_BY_CONVERSE,D1,,NO_IDENTIFYING_INFORMATION_CHANNEL,18.212936350897884,decisive,ACQUIRE_DECISION_RELEVANT_EVIDENCE_BUDGET_NOT_RULED_OUT_BY_CONVERSE,True,,1,205241
REPLICATION,1,decisive,ACQUIRE_DECISION_RELEVANT_EVIDENCE_BUDGET_NOT_RULED_OUT_BY_CONVERSE,D1,,NO_IDENTIFYING_INFORMATION_CHANNEL,26.02390600273752,decisive,ACQUIRE_DECISION_RELEVANT_EVIDENCE_BUDGET_NOT_RULED_OUT_BY_CONVERSE,True,,1,205242
REPLICATION,1,decisive,ACQUIRE_DECISION_RELEVANT_EVIDENCE_BUDGET_NOT_RULED_OUT_BY_CONVERSE,D1,,NO_IDENTIFYING_INFORMATION_CHANNEL,21.641794671373212,decisive,ACQUIRE_DECISION_RELEVANT_EVIDENCE_BUDGET_NOT_RULED_OUT_BY_CONVERSE,True,,1,205243
REPLICATION,1,decisive,ACQUIRE_DECISION_RELEVANT_EVIDENCE_BUDGET_NOT_RULED_OUT_BY_CONVERSE,D1,,NO_IDENTIFYING_INFORMATION_CHANNEL,19.98217326722911,decisive,ACQUIRE_DECISION_RELEVANT_EVIDENCE_BUDGET_NOT_RULED_OUT_BY_CONVERSE,True,,1,205244
REPLICATION,1,decisive,ACQUIRE_DECISION_RELEVANT_EVIDENCE_BUDGET_NOT_RULED_OUT_BY_CONVERSE,D1,,NO_IDENTIFYING_INFORMATION_CHANNEL,14.974598104608802,decisive,ACQUIRE_DECISION_RELEVANT_EVIDENCE_BUDGET_NOT_RULED_OUT_BY_CONVERSE,True,,1,205245
REPLICATION,1,decisive,ACQUIRE_DECISION_RELEVANT_EVIDENCE_BUDGET_NOT_RULED_OUT_BY_CONVERSE,D1,,NO_IDENTIFYING_INFORMATION_CHANNEL,17.30295474967874,decisive,ACQUIRE_DECISION_RELEVANT_EVIDENCE_BUDGET_NOT_RULED_OUT_BY_CONVERSE,True,,1,205246
REPLICATION,1,decisive,ACQUIRE_DECISION_RELEVANT_EVIDENCE_BUDGET_NOT_RULED_OUT_BY_CONVERSE,D1,,NO_IDENTIFYING_INFORMATION_CHANNEL,19.97252192721419,decisive,ACQUIRE_DECISION_RELEVANT_EVIDENCE_BUDGET_NOT_RULED_OUT_BY_CONVERSE,True,,1,205247
REPLICATION,1,decisive,ACQUIRE_DECISION_RELEVANT_EVIDENCE_BUDGET_NOT_RULED_OUT_BY_CONVERSE,D1,,NO_IDENTIFYING_INFORMATION_CHANNEL,16.411101286001823,decisive,ACQUIRE_DECISION_RELEVANT_EVIDENCE_BUDGET_NOT_RULED_OUT_BY_CONVERSE,True,,1,205248
REPLICATION,1,decisive,ACQUIRE_DECISION_RELEVANT_EVIDENCE_BUDGET_NOT_RULED_OUT_BY_CONVERSE,D1,,NO_IDENTIFYING_INFORMATION_CHANNEL,15.465273251472883,decisive,ACQUIRE_DECISION_RELEVANT_EVIDENCE_BUDGET_NOT_RULED_OUT_BY_CONVERSE,True,,1,205249
REPLICATION,1,decisive,ACQUIRE_DECISION_RELEVANT_EVIDENCE_BUDGET_NOT_RULED_OUT_BY_CONVERSE,D1,,NO_IDENTIFYING_INFORMATION_CHANNEL,18.836789431161222,decisive,ACQUIRE_DECISION_RELEVANT_EVIDENCE_BUDGET_NOT_RULED_OUT_BY_CONVERSE,True,,1,205250
REPLICATION,1,decisive,ACQUIRE_DECISION_RELEVANT_EVIDENCE_BUDGET_NOT_RULED_OUT_BY_CONVERSE,D1,,NO_IDENTIFYING_INFORMATION_CHANNEL,18.628432861541814,decisive,ACQUIRE_DECISION_RELEVANT_EVIDENCE_BUDGET_NOT_RULED_OUT_BY_CONVERSE,True,,1,205251
REPLICATION,1,decisive,ACQUIRE_DECISION_RELEVANT_EVIDENCE_BUDGET_NOT_RULED_OUT_BY_CONVERSE,D1,,NO_IDENTIFYING_INFORMATION_CHANNEL,16.698924538784606,decisive,ACQUIRE_DECISION_RELEVANT_EVIDENCE_BUDGET_NOT_RULED_OUT_BY_CONVERSE,True,,1,205252
REPLICATION,1,decisive,ACQUIRE_DECISION_RELEVANT_EVIDENCE_BUDGET_NOT_RULED_OUT_BY_CONVERSE,D1,,NO_IDENTIFYING_INFORMATION_CHANNEL,21.098106953009278,decisive,ACQUIRE_DECISION_RELEVANT_EVIDENCE_BUDGET_NOT_RULED_OUT_BY_CONVERSE,True,,1,205253
REPLICATION,1,decisive,ACQUIRE_DECISION_RELEVANT_EVIDENCE_BUDGET_NOT_RULED_OUT_BY_CONVERSE,D1,,NO_IDENTIFYING_INFORMATION_CHANNEL,19.85999076264617,decisive,ACQUIRE_DECISION_RELEVANT_EVIDENCE_BUDGET_NOT_RULED_OUT_BY_CONVERSE,True,,1,205254
REPLICATION,1,decisive,ACQUIRE_DECISION_RELEVANT_EVIDENCE_BUDGET_NOT_RULED_OUT_BY_CONVERSE,D1,,NO_IDENTIFYING_INFORMATION_CHANNEL,21.869526401929665,decisive,ACQUIRE_DECISION_RELEVANT_EVIDENCE_BUDGET_NOT_RULED_OUT_BY_CONVERSE,True,,1,205255
REPLICATION,1,decisive,ACQUIRE_DECISION_RELEVANT_EVIDENCE_BUDGET_NOT_RULED_OUT_BY_CONVERSE,D1,,NO_IDENTIFYING_INFORMATION_CHANNEL,25.122332082396706,decisive,ACQUIRE_DECISION_RELEVANT_EVIDENCE_BUDGET_NOT_RULED_OUT_BY_CONVERSE,True,,1,205256
REPLICATION,1,decisive,ACQUIRE_DECISION_RELEVANT_EVIDENCE_BUDGET_NOT_RULED_OUT_BY_CONVERSE,D1,,NO_IDENTIFYING_INFORMATION_CHANNEL,24.587800625644125,decisive,ACQUIRE_DECISION_RELEVANT_EVIDENCE_BUDGET_NOT_RULED_OUT_BY_CONVERSE,True,,1,205257
REPLICATION,1,decisive,ACQUIRE_DECISION_RELEVANT_EVIDENCE_BUDGET_NOT_RULED_OUT_BY_CONVERSE,D1,,NO_IDENTIFYING_INFORMATION_CHANNEL,18.52864605586351,decisive,ACQUIRE_DECISION_RELEVANT_EVIDENCE_BUDGET_NOT_RULED_OUT_BY_CONVERSE,True,,1,205258
REPLICATION,1,decisive,ACQUIRE_DECISION_RELEVANT_EVIDENCE_BUDGET_NOT_RULED_OUT_BY_CONVERSE,D1,,NO_IDENTIFYING_INFORMATION_CHANNEL,16.91427462648846,decisive,ACQUIRE_DECISION_RELEVANT_EVIDENCE_BUDGET_NOT_RULED_OUT_BY_CONVERSE,True,,1,205259
REPLICATION,1,decisive,ACQUIRE_DECISION_RELEVANT_EVIDENCE_BUDGET_NOT_RULED_OUT_BY_CONVERSE,D1,,NO_IDENTIFYING_INFORMATION_CHANNEL,17.93858321070695,decisive,ACQUIRE_DECISION_RELEVANT_EVIDENCE_BUDGET_NOT_RULED_OUT_BY_CONVERSE,True,,1,205260
REPLICATION,1,decisive,ACQUIRE_DECISION_RELEVANT_EVIDENCE_BUDGET_NOT_RULED_OUT_BY_CONVERSE,D1,,NO_IDENTIFYING_INFORMATION_CHANNEL,15.392646421227163,decisive,ACQUIRE_DECISION_RELEVANT_EVIDENCE_BUDGET_NOT_RULED_OUT_BY_CONVERSE,True,,1,205261
REPLICATION,1,decisive,ACQUIRE_DECISION_RELEVANT_EVIDENCE_BUDGET_NOT_RULED_OUT_BY_CONVERSE,D1,,NO_IDENTIFYING_INFORMATION_CHANNEL,16.89878774050425,decisive,ACQUIRE_DECISION_RELEVANT_EVIDENCE_BUDGET_NOT_RULED_OUT_BY_CONVERSE,True,,1,205262
REPLICATION,1,decisive,ACQUIRE_DECISION_RELEVANT_EVIDENCE_BUDGET_NOT_RULED_OUT_BY_CONVERSE,D1,,NO_IDENTIFYING_INFORMATION_CHANNEL,16.756029842089973,decisive,ACQUIRE_DECISION_RELEVANT_EVIDENCE_BUDGET_NOT_RULED_OUT_BY_CONVERSE,True,,1,205263
REPLICATION,1,decisive,ACQUIRE_DECISION_RELEVANT_EVIDENCE_BUDGET_NOT_RULED_OUT_BY_CONVERSE,D1,,NO_IDENTIFYING_INFORMATION_CHANNEL,18.832856275060752,decisive,ACQUIRE_DECISION_RELEVANT_EVIDENCE_BUDGET_NOT_RULED_OUT_BY_CONVERSE,True,,1,205264
REPLICATION,1,decisive,ACQUIRE_DECISION_RELEVANT_EVIDENCE_BUDGET_NOT_RULED_OUT_BY_CONVERSE,D1,,NO_IDENTIFYING_INFORMATION_CHANNEL,16.584474900791616,decisive,ACQUIRE_DECISION_RELEVANT_EVIDENCE_BUDGET_NOT_RULED_OUT_BY_CONVERSE,True,,1,205265
REPLICATION,1,decisive,ACQUIRE_DECISION_RELEVANT_EVIDENCE_BUDGET_NOT_RULED_OUT_BY_CONVERSE,D1,,NO_IDENTIFYING_INFORMATION_CHANNEL,15.364411010892319,decisive,ACQUIRE_DECISION_RELEVANT_EVIDENCE_BUDGET_NOT_RULED_OUT_BY_CONVERSE,True,,1,205266
REPLICATION,1,decisive,ACQUIRE_DECISION_RELEVANT_EVIDENCE_BUDGET_NOT_RULED_OUT_BY_CONVERSE,D1,,NO_IDENTIFYING_INFORMATION_CHANNEL,16.70861561822759,decisive,ACQUIRE_DECISION_RELEVANT_EVIDENCE_BUDGET_NOT_RULED_OUT_BY_CONVERSE,True,,1,205267
REPLICATION,1,decisive,ACQUIRE_DECISION_RELEVANT_EVIDENCE_BUDGET_NOT_RULED_OUT_BY_CONVERSE,D1,,NO_IDENTIFYING_INFORMATION_CHANNEL,16.274517731275257,decisive,ACQUIRE_DECISION_RELEVANT_EVIDENCE_BUDGET_NOT_RULED_OUT_BY_CONVERSE,True,,1,205268
REPLICATION,1,decisive,ACQUIRE_DECISION_RELEVANT_EVIDENCE_BUDGET_NOT_RULED_OUT_BY_CONVERSE,D1,,NO_IDENTIFYING_INFORMATION_CHANNEL,22.353658224676277,decisive,ACQUIRE_DECISION_RELEVANT_EVIDENCE_BUDGET_NOT_RULED_OUT_BY_CONVERSE,True,,1,205269
REPLICATION,1,decisive,ACQUIRE_DECISION_RELEVANT_EVIDENCE_BUDGET_NOT_RULED_OUT_BY_CONVERSE,D1,,NO_IDENTIFYING_INFORMATION_CHANNEL,26.02782465946739,decisive,ACQUIRE_DECISION_RELEVANT_EVIDENCE_BUDGET_NOT_RULED_OUT_BY_CONVERSE,True,,1,205270
REPLICATION,1,decisive,ACQUIRE_DECISION_RELEVANT_EVIDENCE_BUDGET_NOT_RULED_OUT_BY_CONVERSE,D1,,NO_IDENTIFYING_INFORMATION_CHANNEL,22.01419654204739,decisive,ACQUIRE_DECISION_RELEVANT_EVIDENCE_BUDGET_NOT_RULED_OUT_BY_CONVERSE,True,,1,205271
REPLICATION,1,decisive,ACQUIRE_DECISION_RELEVANT_EVIDENCE_BUDGET_NOT_RULED_OUT_BY_CONVERSE,D1,,NO_IDENTIFYING_INFORMATION_CHANNEL,18.83004380514579,decisive,ACQUIRE_DECISION_RELEVANT_EVIDENCE_BUDGET_NOT_RULED_OUT_BY_CONVERSE,True,,1,205272
REPLICATION,1,decisive,ACQUIRE_DECISION_RELEVANT_EVIDENCE_BUDGET_NOT_RULED_OUT_BY_CONVERSE,D1,,NO_IDENTIFYING_INFORMATION_CHANNEL,16.238311593863084,decisive,ACQUIRE_DECISION_RELEVANT_EVIDENCE_BUDGET_NOT_RULED_OUT_BY_CONVERSE,True,,1,205273
REPLICATION,1,decisive,ACQUIRE_DECISION_RELEVANT_EVIDENCE_BUDGET_NOT_RULED_OUT_BY_CONVERSE,D1,,NO_IDENTIFYING_INFORMATION_CHANNEL,24.77610635783237,decisive,ACQUIRE_DECISION_RELEVANT_EVIDENCE_BUDGET_NOT_RULED_OUT_BY_CONVERSE,True,,1,205274
REPLICATION,1,decisive,ACQUIRE_DECISION_RELEVANT_EVIDENCE_BUDGET_NOT_RULED_OUT_BY_CONVERSE,D1,,NO_IDENTIFYING_INFORMATION_CHANNEL,20.186387347539906,decisive,ACQUIRE_DECISION_RELEVANT_EVIDENCE_BUDGET_NOT_RULED_OUT_BY_CONVERSE,True,,1,205275
REPLICATION,1,decisive,ACQUIRE_DECISION_RELEVANT_EVIDENCE_BUDGET_NOT_RULED_OUT_BY_CONVERSE,D1,,NO_IDENTIFYING_INFORMATION_CHANNEL,18.312452049199674,decisive,ACQUIRE_DECISION_RELEVANT_EVIDENCE_BUDGET_NOT_RULED_OUT_BY_CONVERSE,True,,1,205276
REPLICATION,1,decisive,ACQUIRE_DECISION_RELEVANT_EVIDENCE_BUDGET_NOT_RULED_OUT_BY_CONVERSE,D1,,NO_IDENTIFYING_INFORMATION_CHANNEL,20.782997715696713,decisive,ACQUIRE_DECISION_RELEVANT_EVIDENCE_BUDGET_NOT_RULED_OUT_BY_CONVERSE,True,,1,205277
REPLICATION,1,decisive,ACQUIRE_DECISION_RELEVANT_EVIDENCE_BUDGET_NOT_RULED_OUT_BY_CONVERSE,D1,,NO_IDENTIFYING_INFORMATION_CHANNEL,16.2994039587635,decisive,ACQUIRE_DECISION_RELEVANT_EVIDENCE_BUDGET_NOT_RULED_OUT_BY_CONVERSE,True,,1,205278
REPLICATION,1,decisive,ACQUIRE_DECISION_RELEVANT_EVIDENCE_BUDGET_NOT_RULED_OUT_BY_CONVERSE,D1,,NO_IDENTIFYING_INFORMATION_CHANNEL,15.657959697070702,decisive,ACQUIRE_DECISION_RELEVANT_EVIDENCE_BUDGET_NOT_RULED_OUT_BY_CONVERSE,True,,1,205279
REPLICATION,1,decisive,ACQUIRE_DECISION_RELEVANT_EVIDENCE_BUDGET_NOT_RULED_OUT_BY_CONVERSE,D1,,NO_IDENTIFYING_INFORMATION_CHANNEL,17.027092417973055,decisive,ACQUIRE_DECISION_RELEVANT_EVIDENCE_BUDGET_NOT_RULED_OUT_BY_CONVERSE,True,,1,205280
REPLICATION,1,decisive,ACQUIRE_DECISION_RELEVANT_EVIDENCE_BUDGET_NOT_RULED_OUT_BY_CONVERSE,D1,,NO_IDENTIFYING_INFORMATION_CHANNEL,16.709379915223387,decisive,ACQUIRE_DECISION_RELEVANT_EVIDENCE_BUDGET_NOT_RULED_OUT_BY_CONVERSE,True,,1,205281
REPLICATION,1,decisive,ACQUIRE_DECISION_RELEVANT_EVIDENCE_BUDGET_NOT_RULED_OUT_BY_CONVERSE,D1,,NO_IDENTIFYING_INFORMATION_CHANNEL,15.315894441327108,decisive,ACQUIRE_DECISION_RELEVANT_EVIDENCE_BUDGET_NOT_RULED_OUT_BY_CONVERSE,True,,1,205282
REPLICATION,1,decisive,ACQUIRE_DECISION_RELEVANT_EVIDENCE_BUDGET_NOT_RULED_OUT_BY_CONVERSE,D1,,NO_IDENTIFYING_INFORMATION_CHANNEL,18.735985648553502,decisive,ACQUIRE_DECISION_RELEVANT_EVIDENCE_BUDGET_NOT_RULED_OUT_BY_CONVERSE,True,,1,205283
REPLICATION,1,decisive,ACQUIRE_DECISION_RELEVANT_EVIDENCE_BUDGET_NOT_RULED_OUT_BY_CONVERSE,D1,,NO_IDENTIFYING_INFORMATION_CHANNEL,16.439692093124897,decisive,ACQUIRE_DECISION_RELEVANT_EVIDENCE_BUDGET_NOT_RULED_OUT_BY_CONVERSE,True,,1,205284
REPLICATION,1,decisive,ACQUIRE_DECISION_RELEVANT_EVIDENCE_BUDGET_NOT_RULED_OUT_BY_CONVERSE,D1,,NO_IDENTIFYING_INFORMATION_CHANNEL,24.69205552946256,decisive,ACQUIRE_DECISION_RELEVANT_EVIDENCE_BUDGET_NOT_RULED_OUT_BY_CONVERSE,True,,1,205285
REPLICATION,1,decisive,ACQUIRE_DECISION_RELEVANT_EVIDENCE_BUDGET_NOT_RULED_OUT_BY_CONVERSE,D1,,NO_IDENTIFYING_INFORMATION_CHANNEL,21.55782277051556,decisive,ACQUIRE_DECISION_RELEVANT_EVIDENCE_BUDGET_NOT_RULED_OUT_BY_CONVERSE,True,,1,205286
REPLICATION,1,decisive,ACQUIRE_DECISION_RELEVANT_EVIDENCE_BUDGET_NOT_RULED_OUT_BY_CONVERSE,D1,,NO_IDENTIFYING_INFORMATION_CHANNEL,19.40509905621914,decisive,ACQUIRE_DECISION_RELEVANT_EVIDENCE_BUDGET_NOT_RULED_OUT_BY_CONVERSE,True,,1,205287
REPLICATION,1,decisive,ACQUIRE_DECISION_RELEVANT_EVIDENCE_BUDGET_NOT_RULED_OUT_BY_CONVERSE,D1,,NO_IDENTIFYING_INFORMATION_CHANNEL,19.938361634985068,decisive,ACQUIRE_DECISION_RELEVANT_EVIDENCE_BUDGET_NOT_RULED_OUT_BY_CONVERSE,True,,1,205288
REPLICATION,1,decisive,ACQUIRE_DECISION_RELEVANT_EVIDENCE_BUDGET_NOT_RULED_OUT_BY_CONVERSE,D1,,NO_IDENTIFYING_INFORMATION_CHANNEL,22.090521083276062,decisive,ACQUIRE_DECISION_RELEVANT_EVIDENCE_BUDGET_NOT_RULED_OUT_BY_CONVERSE,True,,1,205289
REPLICATION,1,decisive,ACQUIRE_DECISION_RELEVANT_EVIDENCE_BUDGET_NOT_RULED_OUT_BY_CONVERSE,D1,,NO_IDENTIFYING_INFORMATION_CHANNEL,17.40440634094246,decisive,ACQUIRE_DECISION_RELEVANT_EVIDENCE_BUDGET_NOT_RULED_OUT_BY_CONVERSE,True,,1,205290
REPLICATION,1,decisive,ACQUIRE_DECISION_RELEVANT_EVIDENCE_BUDGET_NOT_RULED_OUT_BY_CONVERSE,D1,,NO_IDENTIFYING_INFORMATION_CHANNEL,17.83975842575641,decisive,ACQUIRE_DECISION_RELEVANT_EVIDENCE_BUDGET_NOT_RULED_OUT_BY_CONVERSE,True,,1,205291
REPLICATION,1,decisive,ACQUIRE_DECISION_RELEVANT_EVIDENCE_BUDGET_NOT_RULED_OUT_BY_CONVERSE,D1,,NO_IDENTIFYING_INFORMATION_CHANNEL,20.462336413618715,decisive,ACQUIRE_DECISION_RELEVANT_EVIDENCE_BUDGET_NOT_RULED_OUT_BY_CONVERSE,True,,1,205292
REPLICATION,1,decisive,ACQUIRE_DECISION_RELEVANT_EVIDENCE_BUDGET_NOT_RULED_OUT_BY_CONVERSE,D1,,NO_IDENTIFYING_INFORMATION_CHANNEL,22.379898419347697,decisive,ACQUIRE_DECISION_RELEVANT_EVIDENCE_BUDGET_NOT_RULED_OUT_BY_CONVERSE,True,,1,205293
REPLICATION,1,decisive,ACQUIRE_DECISION_RELEVANT_EVIDENCE_BUDGET_NOT_RULED_OUT_BY_CONVERSE,D1,,NO_IDENTIFYING_INFORMATION_CHANNEL,21.923816006420186,decisive,ACQUIRE_DECISION_RELEVANT_EVIDENCE_BUDGET_NOT_RULED_OUT_BY_CONVERSE,True,,1,205294
REPLICATION,1,decisive,ACQUIRE_DECISION_RELEVANT_EVIDENCE_BUDGET_NOT_RULED_OUT_BY_CONVERSE,D1,,NO_IDENTIFYING_INFORMATION_CHANNEL,23.576162918920183,decisive,ACQUIRE_DECISION_RELEVANT_EVIDENCE_BUDGET_NOT_RULED_OUT_BY_CONVERSE,True,,1,205295
REPLICATION,1,decisive,ACQUIRE_DECISION_RELEVANT_EVIDENCE_BUDGET_NOT_RULED_OUT_BY_CONVERSE,D1,,NO_IDENTIFYING_INFORMATION_CHANNEL,17.372398803133706,decisive,ACQUIRE_DECISION_RELEVANT_EVIDENCE_BUDGET_NOT_RULED_OUT_BY_CONVERSE,True,,1,205296
REPLICATION,1,decisive,ACQUIRE_DECISION_RELEVANT_EVIDENCE_BUDGET_NOT_RULED_OUT_BY_CONVERSE,D1,,NO_IDENTIFYING_INFORMATION_CHANNEL,18.30330716417089,decisive,ACQUIRE_DECISION_RELEVANT_EVIDENCE_BUDGET_NOT_RULED_OUT_BY_CONVERSE,True,,1,205297
REPLICATION,1,decisive,ACQUIRE_DECISION_RELEVANT_EVIDENCE_BUDGET_NOT_RULED_OUT_BY_CONVERSE,D1,,NO_IDENTIFYING_INFORMATION_CHANNEL,19.754296791633607,decisive,ACQUIRE_DECISION_RELEVANT_EVIDENCE_BUDGET_NOT_RULED_OUT_BY_CONVERSE,True,,1,205298
REPLICATION,1,decisive,ACQUIRE_DECISION_RELEVANT_EVIDENCE_BUDGET_NOT_RULED_OUT_BY_CONVERSE,D1,,NO_IDENTIFYING_INFORMATION_CHANNEL,18.748535211897998,decisive,ACQUIRE_DECISION_RELEVANT_EVIDENCE_BUDGET_NOT_RULED_OUT_BY_CONVERSE,True,,1,205299
REPLICATION,1,decisive,ACQUIRE_DECISION_RELEVANT_EVIDENCE_BUDGET_NOT_RULED_OUT_BY_CONVERSE,D1,,NO_IDENTIFYING_INFORMATION_CHANNEL,17.46717052719119,decisive,ACQUIRE_DECISION_RELEVANT_EVIDENCE_BUDGET_NOT_RULED_OUT_BY_CONVERSE,True,,1,205300
REPLICATION,1,decisive,ACQUIRE_DECISION_RELEVANT_EVIDENCE_BUDGET_NOT_RULED_OUT_BY_CONVERSE,D1,,NO_IDENTIFYING_INFORMATION_CHANNEL,20.304395528918633,decisive,ACQUIRE_DECISION_RELEVANT_EVIDENCE_BUDGET_NOT_RULED_OUT_BY_CONVERSE,True,,1,205301
REPLICATION,1,decisive,ACQUIRE_DECISION_RELEVANT_EVIDENCE_BUDGET_NOT_RULED_OUT_BY_CONVERSE,D1,,NO_IDENTIFYING_INFORMATION_CHANNEL,15.171901524024417,decisive,ACQUIRE_DECISION_RELEVANT_EVIDENCE_BUDGET_NOT_RULED_OUT_BY_CONVERSE,True,,1,205302
REPLICATION,1,decisive,ACQUIRE_DECISION_RELEVANT_EVIDENCE_BUDGET_NOT_RULED_OUT_BY_CONVERSE,D1,,NO_IDENTIFYING_INFORMATION_CHANNEL,16.953414573344855,decisive,ACQUIRE_DECISION_RELEVANT_EVIDENCE_BUDGET_NOT_RULED_OUT_BY_CONVERSE,True,,1,205303
REPLICATION,1,decisive,ACQUIRE_DECISION_RELEVANT_EVIDENCE_BUDGET_NOT_RULED_OUT_BY_CONVERSE,D1,,NO_IDENTIFYING_INFORMATION_CHANNEL,18.922594733160953,decisive,ACQUIRE_DECISION_RELEVANT_EVIDENCE_BUDGET_NOT_RULED_OUT_BY_CONVERSE,True,,1,205304
REPLICATION,1,decisive,ACQUIRE_DECISION_RELEVANT_EVIDENCE_BUDGET_NOT_RULED_OUT_BY_CONVERSE,D1,,NO_IDENTIFYING_INFORMATION_CHANNEL,24.92413776927956,decisive,ACQUIRE_DECISION_RELEVANT_EVIDENCE_BUDGET_NOT_RULED_OUT_BY_CONVERSE,True,,1,205305
REPLICATION,1,decisive,ACQUIRE_DECISION_RELEVANT_EVIDENCE_BUDGET_NOT_RULED_OUT_BY_CONVERSE,D1,,NO_IDENTIFYING_INFORMATION_CHANNEL,15.931038032934946,decisive,ACQUIRE_DECISION_RELEVANT_EVIDENCE_BUDGET_NOT_RULED_OUT_BY_CONVERSE,True,,1,205306
REPLICATION,1,decisive,ACQUIRE_DECISION_RELEVANT_EVIDENCE_BUDGET_NOT_RULED_OUT_BY_CONVERSE,D1,,NO_IDENTIFYING_INFORMATION_CHANNEL,25.87429901179425,decisive,ACQUIRE_DECISION_RELEVANT_EVIDENCE_BUDGET_NOT_RULED_OUT_BY_CONVERSE,True,,1,205307
REPLICATION,1,decisive,ACQUIRE_DECISION_RELEVANT_EVIDENCE_BUDGET_NOT_RULED_OUT_BY_CONVERSE,D1,,NO_IDENTIFYING_INFORMATION_CHANNEL,18.597264621385577,decisive,ACQUIRE_DECISION_RELEVANT_EVIDENCE_BUDGET_NOT_RULED_OUT_BY_CONVERSE,True,,1,205308
REPLICATION,1,decisive,ACQUIRE_DECISION_RELEVANT_EVIDENCE_BUDGET_NOT_RULED_OUT_BY_CONVERSE,D1,,NO_IDENTIFYING_INFORMATION_CHANNEL,24.235061607773893,decisive,ACQUIRE_DECISION_RELEVANT_EVIDENCE_BUDGET_NOT_RULED_OUT_BY_CONVERSE,True,,1,205309
REPLICATION,1,decisive,ACQUIRE_DECISION_RELEVANT_EVIDENCE_BUDGET_NOT_RULED_OUT_BY_CONVERSE,D1,,NO_IDENTIFYING_INFORMATION_CHANNEL,16.96635068958301,decisive,ACQUIRE_DECISION_RELEVANT_EVIDENCE_BUDGET_NOT_RULED_OUT_BY_CONVERSE,True,,1,205310
REPLICATION,1,decisive,ACQUIRE_DECISION_RELEVANT_EVIDENCE_BUDGET_NOT_RULED_OUT_BY_CONVERSE,D1,,NO_IDENTIFYING_INFORMATION_CHANNEL,15.465795237170159,decisive,ACQUIRE_DECISION_RELEVANT_EVIDENCE_BUDGET_NOT_RULED_OUT_BY_CONVERSE,True,,1,205311
REPLICATION,1,decisive,ACQUIRE_DECISION_RELEVANT_EVIDENCE_BUDGET_NOT_RULED_OUT_BY_CONVERSE,D1,,NO_IDENTIFYING_INFORMATION_CHANNEL,16.584675706718322,decisive,ACQUIRE_DECISION_RELEVANT_EVIDENCE_BUDGET_NOT_RULED_OUT_BY_CONVERSE,True,,1,205312
REPLICATION,1,decisive,ACQUIRE_DECISION_RELEVANT_EVIDENCE_BUDGET_NOT_RULED_OUT_BY_CONVERSE,D1,,NO_IDENTIFYING_INFORMATION_CHANNEL,24.95229098957384,decisive,ACQUIRE_DECISION_RELEVANT_EVIDENCE_BUDGET_NOT_RULED_OUT_BY_CONVERSE,True,,1,205313
REPLICATION,1,decisive,ACQUIRE_DECISION_RELEVANT_EVIDENCE_BUDGET_NOT_RULED_OUT_BY_CONVERSE,D1,,NO_IDENTIFYING_INFORMATION_CHANNEL,15.255205446219577,decisive,ACQUIRE_DECISION_RELEVANT_EVIDENCE_BUDGET_NOT_RULED_OUT_BY_CONVERSE,True,,1,205314
REPLICATION,1,decisive,ACQUIRE_DECISION_RELEVANT_EVIDENCE_BUDGET_NOT_RULED_OUT_BY_CONVERSE,D1,,NO_IDENTIFYING_INFORMATION_CHANNEL,15.510779891135432,decisive,ACQUIRE_DECISION_RELEVANT_EVIDENCE_BUDGET_NOT_RULED_OUT_BY_CONVERSE,True,,1,205315
REPLICATION,1,decisive,ACQUIRE_DECISION_RELEVANT_EVIDENCE_BUDGET_NOT_RULED_OUT_BY_CONVERSE,D1,,NO_IDENTIFYING_INFORMATION_CHANNEL,20.400242523752148,decisive,ACQUIRE_DECISION_RELEVANT_EVIDENCE_BUDGET_NOT_RULED_OUT_BY_CONVERSE,True,,1,205316
REPLICATION,1,decisive,ACQUIRE_DECISION_RELEVANT_EVIDENCE_BUDGET_NOT_RULED_OUT_BY_CONVERSE,D1,,NO_IDENTIFYING_INFORMATION_CHANNEL,25.677770648073796,decisive,ACQUIRE_DECISION_RELEVANT_EVIDENCE_BUDGET_NOT_RULED_OUT_BY_CONVERSE,True,,1,205317
REPLICATION,1,decisive,ACQUIRE_DECISION_RELEVANT_EVIDENCE_BUDGET_NOT_RULED_OUT_BY_CONVERSE,D1,,NO_IDENTIFYING_INFORMATION_CHANNEL,23.089213427456734,decisive,ACQUIRE_DECISION_RELEVANT_EVIDENCE_BUDGET_NOT_RULED_OUT_BY_CONVERSE,True,,1,205318
REPLICATION,1,decisive,ACQUIRE_DECISION_RELEVANT_EVIDENCE_BUDGET_NOT_RULED_OUT_BY_CONVERSE,D1,,NO_IDENTIFYING_INFORMATION_CHANNEL,15.23580004662819,decisive,ACQUIRE_DECISION_RELEVANT_EVIDENCE_BUDGET_NOT_RULED_OUT_BY_CONVERSE,True,,1,205319
REPLICATION,1,decisive,ACQUIRE_DECISION_RELEVANT_EVIDENCE_BUDGET_NOT_RULED_OUT_BY_CONVERSE,D1,,NO_IDENTIFYING_INFORMATION_CHANNEL,16.548556970801137,decisive,ACQUIRE_DECISION_RELEVANT_EVIDENCE_BUDGET_NOT_RULED_OUT_BY_CONVERSE,True,,1,205320
REPLICATION,1,decisive,ACQUIRE_DECISION_RELEVANT_EVIDENCE_BUDGET_NOT_RULED_OUT_BY_CONVERSE,D1,,NO_IDENTIFYING_INFORMATION_CHANNEL,16.881840083610136,decisive,ACQUIRE_DECISION_RELEVANT_EVIDENCE_BUDGET_NOT_RULED_OUT_BY_CONVERSE,True,,1,205321
REPLICATION,1,decisive,ACQUIRE_DECISION_RELEVANT_EVIDENCE_BUDGET_NOT_RULED_OUT_BY_CONVERSE,D1,,NO_IDENTIFYING_INFORMATION_CHANNEL,19.443601567505233,decisive,ACQUIRE_DECISION_RELEVANT_EVIDENCE_BUDGET_NOT_RULED_OUT_BY_CONVERSE,True,,1,205322
REPLICATION,1,decisive,ACQUIRE_DECISION_RELEVANT_EVIDENCE_BUDGET_NOT_RULED_OUT_BY_CONVERSE,D1,,NO_IDENTIFYING_INFORMATION_CHANNEL,15.571998878091554,decisive,ACQUIRE_DECISION_RELEVANT_EVIDENCE_BUDGET_NOT_RULED_OUT_BY_CONVERSE,True,,1,205323
REPLICATION,1,decisive,ACQUIRE_DECISION_RELEVANT_EVIDENCE_BUDGET_NOT_RULED_OUT_BY_CONVERSE,D1,,NO_IDENTIFYING_INFORMATION_CHANNEL,15.218057520762718,decisive,ACQUIRE_DECISION_RELEVANT_EVIDENCE_BUDGET_NOT_RULED_OUT_BY_CONVERSE,True,,1,205324
REPLICATION,1,decisive,ACQUIRE_DECISION_RELEVANT_EVIDENCE_BUDGET_NOT_RULED_OUT_BY_CONVERSE,D1,,NO_IDENTIFYING_INFORMATION_CHANNEL,25.137306412564527,decisive,ACQUIRE_DECISION_RELEVANT_EVIDENCE_BUDGET_NOT_RULED_OUT_BY_CONVERSE,True,,1,205325
REPLICATION,1,decisive,ACQUIRE_DECISION_RELEVANT_EVIDENCE_BUDGET_NOT_RULED_OUT_BY_CONVERSE,D1,,NO_IDENTIFYING_INFORMATION_CHANNEL,21.498335100505415,decisive,ACQUIRE_DECISION_RELEVANT_EVIDENCE_BUDGET_NOT_RULED_OUT_BY_CONVERSE,True,,1,205326
REPLICATION,1,decisive,ACQUIRE_DECISION_RELEVANT_EVIDENCE_BUDGET_NOT_RULED_OUT_BY_CONVERSE,D1,,NO_IDENTIFYING_INFORMATION_CHANNEL,19.88888020338153,decisive,ACQUIRE_DECISION_RELEVANT_EVIDENCE_BUDGET_NOT_RULED_OUT_BY_CONVERSE,True,,1,205327
REPLICATION,1,decisive,ACQUIRE_DECISION_RELEVANT_EVIDENCE_BUDGET_NOT_RULED_OUT_BY_CONVERSE,D1,,NO_IDENTIFYING_INFORMATION_CHANNEL,17.84011572190027,decisive,ACQUIRE_DECISION_RELEVANT_EVIDENCE_BUDGET_NOT_RULED_OUT_BY_CONVERSE,True,,1,205328
REPLICATION,1,q1,NO_DECISION_IDENTIFYING_INFORMATION_CHANNEL,D2,,,inf,q1,NO_DECISION_IDENTIFYING_INFORMATION_CHANNEL,True,,1,206201
REPLICATION,1,q1,NO_DECISION_IDENTIFYING_INFORMATION_CHANNEL,D2,,,inf,q1,NO_DECISION_IDENTIFYING_INFORMATION_CHANNEL,True,,1,206202
REPLICATION,1,q1,NO_DECISION_IDENTIFYING_INFORMATION_CHANNEL,D2,,,inf,q1,NO_DECISION_IDENTIFYING_INFORMATION_CHANNEL,True,,1,206203
REPLICATION,1,q1,NO_DECISION_IDENTIFYING_INFORMATION_CHANNEL,D2,,,inf,q1,NO_DECISION_IDENTIFYING_INFORMATION_CHANNEL,True,,1,206204
REPLICATION,1,q1,NO_DECISION_IDENTIFYING_INFORMATION_CHANNEL,D2,,,inf,q1,NO_DECISION_IDENTIFYING_INFORMATION_CHANNEL,True,,1,206205
REPLICATION,1,q1,NO_DECISION_IDENTIFYING_INFORMATION_CHANNEL,D2,,,inf,q1,NO_DECISION_IDENTIFYING_INFORMATION_CHANNEL,True,,1,206206
REPLICATION,1,q1,NO_DECISION_IDENTIFYING_INFORMATION_CHANNEL,D2,,,inf,q1,NO_DECISION_IDENTIFYING_INFORMATION_CHANNEL,True,,1,206207
REPLICATION,1,q1,NO_DECISION_IDENTIFYING_INFORMATION_CHANNEL,D2,,,inf,q1,NO_DECISION_IDENTIFYING_INFORMATION_CHANNEL,True,,1,206208
REPLICATION,1,q1,NO_DECISION_IDENTIFYING_INFORMATION_CHANNEL,D2,,,inf,q1,NO_DECISION_IDENTIFYING_INFORMATION_CHANNEL,True,,1,206209
REPLICATION,1,q1,NO_DECISION_IDENTIFYING_INFORMATION_CHANNEL,D2,,,inf,q1,NO_DECISION_IDENTIFYING_INFORMATION_CHANNEL,True,,1,206210
REPLICATION,1,q1,NO_DECISION_IDENTIFYING_INFORMATION_CHANNEL,D2,,,inf,q1,NO_DECISION_IDENTIFYING_INFORMATION_CHANNEL,True,,1,206211
REPLICATION,1,q1,NO_DECISION_IDENTIFYING_INFORMATION_CHANNEL,D2,,,inf,q1,NO_DECISION_IDENTIFYING_INFORMATION_CHANNEL,True,,1,206212
REPLICATION,1,q1,NO_DECISION_IDENTIFYING_INFORMATION_CHANNEL,D2,,,inf,q1,NO_DECISION_IDENTIFYING_INFORMATION_CHANNEL,True,,1,206213
REPLICATION,1,q1,NO_DECISION_IDENTIFYING_INFORMATION_CHANNEL,D2,,,inf,q1,NO_DECISION_IDENTIFYING_INFORMATION_CHANNEL,True,,1,206214
REPLICATION,1,q1,NO_DECISION_IDENTIFYING_INFORMATION_CHANNEL,D2,,,inf,q1,NO_DECISION_IDENTIFYING_INFORMATION_CHANNEL,True,,1,206215
REPLICATION,1,q1,NO_DECISION_IDENTIFYING_INFORMATION_CHANNEL,D2,,,inf,q1,NO_DECISION_IDENTIFYING_INFORMATION_CHANNEL,True,,1,206216
REPLICATION,1,q1,NO_DECISION_IDENTIFYING_INFORMATION_CHANNEL,D2,,,inf,q1,NO_DECISION_IDENTIFYING_INFORMATION_CHANNEL,True,,1,206217
REPLICATION,1,q1,NO_DECISION_IDENTIFYING_INFORMATION_CHANNEL,D2,,,inf,q1,NO_DECISION_IDENTIFYING_INFORMATION_CHANNEL,True,,1,206218
REPLICATION,1,q1,NO_DECISION_IDENTIFYING_INFORMATION_CHANNEL,D2,,,inf,q1,NO_DECISION_IDENTIFYING_INFORMATION_CHANNEL,True,,1,206219
REPLICATION,1,q1,NO_DECISION_IDENTIFYING_INFORMATION_CHANNEL,D2,,,inf,q1,NO_DECISION_IDENTIFYING_INFORMATION_CHANNEL,True,,1,206220
REPLICATION,1,q1,NO_DECISION_IDENTIFYING_INFORMATION_CHANNEL,D2,,,inf,q1,NO_DECISION_IDENTIFYING_INFORMATION_CHANNEL,True,,1,206221
REPLICATION,1,q1,NO_DECISION_IDENTIFYING_INFORMATION_CHANNEL,D2,,,inf,q1,NO_DECISION_IDENTIFYING_INFORMATION_CHANNEL,True,,1,206222
REPLICATION,1,q1,NO_DECISION_IDENTIFYING_INFORMATION_CHANNEL,D2,,,inf,q1,NO_DECISION_IDENTIFYING_INFORMATION_CHANNEL,True,,1,206223
REPLICATION,1,q1,NO_DECISION_IDENTIFYING_INFORMATION_CHANNEL,D2,,,inf,q1,NO_DECISION_IDENTIFYING_INFORMATION_CHANNEL,True,,1,206224
REPLICATION,1,q1,NO_DECISION_IDENTIFYING_INFORMATION_CHANNEL,D2,,,inf,q1,NO_DECISION_IDENTIFYING_INFORMATION_CHANNEL,True,,1,206225
REPLICATION,1,q1,NO_DECISION_IDENTIFYING_INFORMATION_CHANNEL,D2,,,inf,q1,NO_DECISION_IDENTIFYING_INFORMATION_CHANNEL,True,,1,206226
REPLICATION,1,q1,NO_DECISION_IDENTIFYING_INFORMATION_CHANNEL,D2,,,inf,q1,NO_DECISION_IDENTIFYING_INFORMATION_CHANNEL,True,,1,206227
REPLICATION,1,q1,NO_DECISION_IDENTIFYING_INFORMATION_CHANNEL,D2,,,inf,q1,NO_DECISION_IDENTIFYING_INFORMATION_CHANNEL,True,,1,206228
REPLICATION,1,q1,NO_DECISION_IDENTIFYING_INFORMATION_CHANNEL,D2,,,inf,q1,NO_DECISION_IDENTIFYING_INFORMATION_CHANNEL,True,,1,206229
REPLICATION,1,q1,NO_DECISION_IDENTIFYING_INFORMATION_CHANNEL,D2,,,inf,q1,NO_DECISION_IDENTIFYING_INFORMATION_CHANNEL,True,,1,206230
REPLICATION,1,q1,NO_DECISION_IDENTIFYING_INFORMATION_CHANNEL,D2,,,inf,q1,NO_DECISION_IDENTIFYING_INFORMATION_CHANNEL,True,,1,206231
REPLICATION,1,q1,NO_DECISION_IDENTIFYING_INFORMATION_CHANNEL,D2,,,inf,q1,NO_DECISION_IDENTIFYING_INFORMATION_CHANNEL,True,,1,206232
REPLICATION,1,q1,NO_DECISION_IDENTIFYING_INFORMATION_CHANNEL,D2,,,inf,q1,NO_DECISION_IDENTIFYING_INFORMATION_CHANNEL,True,,1,206233
REPLICATION,1,q1,NO_DECISION_IDENTIFYING_INFORMATION_CHANNEL,D2,,,inf,q1,NO_DECISION_IDENTIFYING_INFORMATION_CHANNEL,True,,1,206234
REPLICATION,1,q1,NO_DECISION_IDENTIFYING_INFORMATION_CHANNEL,D2,,,inf,q1,NO_DECISION_IDENTIFYING_INFORMATION_CHANNEL,True,,1,206235
REPLICATION,1,q1,NO_DECISION_IDENTIFYING_INFORMATION_CHANNEL,D2,,,inf,q1,NO_DECISION_IDENTIFYING_INFORMATION_CHANNEL,True,,1,206236
REPLICATION,1,q1,NO_DECISION_IDENTIFYING_INFORMATION_CHANNEL,D2,,,inf,q1,NO_DECISION_IDENTIFYING_INFORMATION_CHANNEL,True,,1,206237
REPLICATION,1,q1,NO_DECISION_IDENTIFYING_INFORMATION_CHANNEL,D2,,,inf,q1,NO_DECISION_IDENTIFYING_INFORMATION_CHANNEL,True,,1,206238
REPLICATION,1,q1,NO_DECISION_IDENTIFYING_INFORMATION_CHANNEL,D2,,,inf,q1,NO_DECISION_IDENTIFYING_INFORMATION_CHANNEL,True,,1,206239
REPLICATION,1,q1,NO_DECISION_IDENTIFYING_INFORMATION_CHANNEL,D2,,,inf,q1,NO_DECISION_IDENTIFYING_INFORMATION_CHANNEL,True,,1,206240
REPLICATION,1,q1,NO_DECISION_IDENTIFYING_INFORMATION_CHANNEL,D2,,,inf,q1,NO_DECISION_IDENTIFYING_INFORMATION_CHANNEL,True,,1,206241
REPLICATION,1,q1,NO_DECISION_IDENTIFYING_INFORMATION_CHANNEL,D2,,,inf,q1,NO_DECISION_IDENTIFYING_INFORMATION_CHANNEL,True,,1,206242
REPLICATION,1,q1,NO_DECISION_IDENTIFYING_INFORMATION_CHANNEL,D2,,,inf,q1,NO_DECISION_IDENTIFYING_INFORMATION_CHANNEL,True,,1,206243
REPLICATION,1,q1,NO_DECISION_IDENTIFYING_INFORMATION_CHANNEL,D2,,,inf,q1,NO_DECISION_IDENTIFYING_INFORMATION_CHANNEL,True,,1,206244
REPLICATION,1,q1,NO_DECISION_IDENTIFYING_INFORMATION_CHANNEL,D2,,,inf,q1,NO_DECISION_IDENTIFYING_INFORMATION_CHANNEL,True,,1,206245
REPLICATION,1,q1,NO_DECISION_IDENTIFYING_INFORMATION_CHANNEL,D2,,,inf,q1,NO_DECISION_IDENTIFYING_INFORMATION_CHANNEL,True,,1,206246
REPLICATION,1,q1,NO_DECISION_IDENTIFYING_INFORMATION_CHANNEL,D2,,,inf,q1,NO_DECISION_IDENTIFYING_INFORMATION_CHANNEL,True,,1,206247
REPLICATION,1,q1,NO_DECISION_IDENTIFYING_INFORMATION_CHANNEL,D2,,,inf,q1,NO_DECISION_IDENTIFYING_INFORMATION_CHANNEL,True,,1,206248
REPLICATION,1,q1,NO_DECISION_IDENTIFYING_INFORMATION_CHANNEL,D2,,,inf,q1,NO_DECISION_IDENTIFYING_INFORMATION_CHANNEL,True,,1,206249
REPLICATION,1,q1,NO_DECISION_IDENTIFYING_INFORMATION_CHANNEL,D2,,,inf,q1,NO_DECISION_IDENTIFYING_INFORMATION_CHANNEL,True,,1,206250
REPLICATION,1,q1,NO_DECISION_IDENTIFYING_INFORMATION_CHANNEL,D2,,,inf,q1,NO_DECISION_IDENTIFYING_INFORMATION_CHANNEL,True,,1,206251
REPLICATION,1,q1,NO_DECISION_IDENTIFYING_INFORMATION_CHANNEL,D2,,,inf,q1,NO_DECISION_IDENTIFYING_INFORMATION_CHANNEL,True,,1,206252
REPLICATION,1,q1,NO_DECISION_IDENTIFYING_INFORMATION_CHANNEL,D2,,,inf,q1,NO_DECISION_IDENTIFYING_INFORMATION_CHANNEL,True,,1,206253
REPLICATION,1,q1,NO_DECISION_IDENTIFYING_INFORMATION_CHANNEL,D2,,,inf,q1,NO_DECISION_IDENTIFYING_INFORMATION_CHANNEL,True,,1,206254
REPLICATION,1,q1,NO_DECISION_IDENTIFYING_INFORMATION_CHANNEL,D2,,,inf,q1,NO_DECISION_IDENTIFYING_INFORMATION_CHANNEL,True,,1,206255
REPLICATION,1,q1,NO_DECISION_IDENTIFYING_INFORMATION_CHANNEL,D2,,,inf,q1,NO_DECISION_IDENTIFYING_INFORMATION_CHANNEL,True,,1,206256
REPLICATION,1,q1,NO_DECISION_IDENTIFYING_INFORMATION_CHANNEL,D2,,,inf,q1,NO_DECISION_IDENTIFYING_INFORMATION_CHANNEL,True,,1,206257
REPLICATION,1,q1,NO_DECISION_IDENTIFYING_INFORMATION_CHANNEL,D2,,,inf,q1,NO_DECISION_IDENTIFYING_INFORMATION_CHANNEL,True,,1,206258
REPLICATION,1,q1,NO_DECISION_IDENTIFYING_INFORMATION_CHANNEL,D2,,,inf,q1,NO_DECISION_IDENTIFYING_INFORMATION_CHANNEL,True,,1,206259
REPLICATION,1,q1,NO_DECISION_IDENTIFYING_INFORMATION_CHANNEL,D2,,,inf,q1,NO_DECISION_IDENTIFYING_INFORMATION_CHANNEL,True,,1,206260
REPLICATION,1,q1,NO_DECISION_IDENTIFYING_INFORMATION_CHANNEL,D2,,,inf,q1,NO_DECISION_IDENTIFYING_INFORMATION_CHANNEL,True,,1,206261
REPLICATION,1,q1,NO_DECISION_IDENTIFYING_INFORMATION_CHANNEL,D2,,,inf,q1,NO_DECISION_IDENTIFYING_INFORMATION_CHANNEL,True,,1,206262
REPLICATION,1,q1,NO_DECISION_IDENTIFYING_INFORMATION_CHANNEL,D2,,,inf,q1,NO_DECISION_IDENTIFYING_INFORMATION_CHANNEL,True,,1,206263
REPLICATION,1,q1,NO_DECISION_IDENTIFYING_INFORMATION_CHANNEL,D2,,,inf,q1,NO_DECISION_IDENTIFYING_INFORMATION_CHANNEL,True,,1,206264
REPLICATION,1,q1,NO_DECISION_IDENTIFYING_INFORMATION_CHANNEL,D2,,,inf,q1,NO_DECISION_IDENTIFYING_INFORMATION_CHANNEL,True,,1,206265
REPLICATION,1,q1,NO_DECISION_IDENTIFYING_INFORMATION_CHANNEL,D2,,,inf,q1,NO_DECISION_IDENTIFYING_INFORMATION_CHANNEL,True,,1,206266
REPLICATION,1,q1,NO_DECISION_IDENTIFYING_INFORMATION_CHANNEL,D2,,,inf,q1,NO_DECISION_IDENTIFYING_INFORMATION_CHANNEL,True,,1,206267
REPLICATION,1,q1,NO_DECISION_IDENTIFYING_INFORMATION_CHANNEL,D2,,,inf,q1,NO_DECISION_IDENTIFYING_INFORMATION_CHANNEL,True,,1,206268
REPLICATION,1,q1,NO_DECISION_IDENTIFYING_INFORMATION_CHANNEL,D2,,,inf,q1,NO_DECISION_IDENTIFYING_INFORMATION_CHANNEL,True,,1,206269
REPLICATION,1,q1,NO_DECISION_IDENTIFYING_INFORMATION_CHANNEL,D2,,,inf,q1,NO_DECISION_IDENTIFYING_INFORMATION_CHANNEL,True,,1,206270
REPLICATION,1,q1,NO_DECISION_IDENTIFYING_INFORMATION_CHANNEL,D2,,,inf,q1,NO_DECISION_IDENTIFYING_INFORMATION_CHANNEL,True,,1,206271
REPLICATION,1,q1,NO_DECISION_IDENTIFYING_INFORMATION_CHANNEL,D2,,,inf,q1,NO_DECISION_IDENTIFYING_INFORMATION_CHANNEL,True,,1,206272
REPLICATION,1,q1,NO_DECISION_IDENTIFYING_INFORMATION_CHANNEL,D2,,,inf,q1,NO_DECISION_IDENTIFYING_INFORMATION_CHANNEL,True,,1,206273
REPLICATION,1,q1,NO_DECISION_IDENTIFYING_INFORMATION_CHANNEL,D2,,,inf,q1,NO_DECISION_IDENTIFYING_INFORMATION_CHANNEL,True,,1,206274
REPLICATION,1,q1,NO_DECISION_IDENTIFYING_INFORMATION_CHANNEL,D2,,,inf,q1,NO_DECISION_IDENTIFYING_INFORMATION_CHANNEL,True,,1,206275
REPLICATION,1,q1,NO_DECISION_IDENTIFYING_INFORMATION_CHANNEL,D2,,,inf,q1,NO_DECISION_IDENTIFYING_INFORMATION_CHANNEL,True,,1,206276
REPLICATION,1,q1,NO_DECISION_IDENTIFYING_INFORMATION_CHANNEL,D2,,,inf,q1,NO_DECISION_IDENTIFYING_INFORMATION_CHANNEL,True,,1,206277
REPLICATION,1,q1,NO_DECISION_IDENTIFYING_INFORMATION_CHANNEL,D2,,,inf,q1,NO_DECISION_IDENTIFYING_INFORMATION_CHANNEL,True,,1,206278
REPLICATION,1,q1,NO_DECISION_IDENTIFYING_INFORMATION_CHANNEL,D2,,,inf,q1,NO_DECISION_IDENTIFYING_INFORMATION_CHANNEL,True,,1,206279
REPLICATION,1,q1,NO_DECISION_IDENTIFYING_INFORMATION_CHANNEL,D2,,,inf,q1,NO_DECISION_IDENTIFYING_INFORMATION_CHANNEL,True,,1,206280
REPLICATION,1,q1,NO_DECISION_IDENTIFYING_INFORMATION_CHANNEL,D2,,,inf,q1,NO_DECISION_IDENTIFYING_INFORMATION_CHANNEL,True,,1,206281
REPLICATION,1,q1,NO_DECISION_IDENTIFYING_INFORMATION_CHANNEL,D2,,,inf,q1,NO_DECISION_IDENTIFYING_INFORMATION_CHANNEL,True,,1,206282
REPLICATION,1,q1,NO_DECISION_IDENTIFYING_INFORMATION_CHANNEL,D2,,,inf,q1,NO_DECISION_IDENTIFYING_INFORMATION_CHANNEL,True,,1,206283
REPLICATION,1,q1,NO_DECISION_IDENTIFYING_INFORMATION_CHANNEL,D2,,,inf,q1,NO_DECISION_IDENTIFYING_INFORMATION_CHANNEL,True,,1,206284
REPLICATION,1,q1,NO_DECISION_IDENTIFYING_INFORMATION_CHANNEL,D2,,,inf,q1,NO_DECISION_IDENTIFYING_INFORMATION_CHANNEL,True,,1,206285
REPLICATION,1,q1,NO_DECISION_IDENTIFYING_INFORMATION_CHANNEL,D2,,,inf,q1,NO_DECISION_IDENTIFYING_INFORMATION_CHANNEL,True,,1,206286
REPLICATION,1,q1,NO_DECISION_IDENTIFYING_INFORMATION_CHANNEL,D2,,,inf,q1,NO_DECISION_IDENTIFYING_INFORMATION_CHANNEL,True,,1,206287
REPLICATION,1,q1,NO_DECISION_IDENTIFYING_INFORMATION_CHANNEL,D2,,,inf,q1,NO_DECISION_IDENTIFYING_INFORMATION_CHANNEL,True,,1,206288
REPLICATION,1,q1,NO_DECISION_IDENTIFYING_INFORMATION_CHANNEL,D2,,,inf,q1,NO_DECISION_IDENTIFYING_INFORMATION_CHANNEL,True,,1,206289
REPLICATION,1,q1,NO_DECISION_IDENTIFYING_INFORMATION_CHANNEL,D2,,,inf,q1,NO_DECISION_IDENTIFYING_INFORMATION_CHANNEL,True,,1,206290
REPLICATION,1,q1,NO_DECISION_IDENTIFYING_INFORMATION_CHANNEL,D2,,,inf,q1,NO_DECISION_IDENTIFYING_INFORMATION_CHANNEL,True,,1,206291
REPLICATION,1,q1,NO_DECISION_IDENTIFYING_INFORMATION_CHANNEL,D2,,,inf,q1,NO_DECISION_IDENTIFYING_INFORMATION_CHANNEL,True,,1,206292
REPLICATION,1,q1,NO_DECISION_IDENTIFYING_INFORMATION_CHANNEL,D2,,,inf,q1,NO_DECISION_IDENTIFYING_INFORMATION_CHANNEL,True,,1,206293
REPLICATION,1,q1,NO_DECISION_IDENTIFYING_INFORMATION_CHANNEL,D2,,,inf,q1,NO_DECISION_IDENTIFYING_INFORMATION_CHANNEL,True,,1,206294
REPLICATION,1,q1,NO_DECISION_IDENTIFYING_INFORMATION_CHANNEL,D2,,,inf,q1,NO_DECISION_IDENTIFYING_INFORMATION_CHANNEL,True,,1,206295
REPLICATION,1,q1,NO_DECISION_IDENTIFYING_INFORMATION_CHANNEL,D2,,,inf,q1,NO_DECISION_IDENTIFYING_INFORMATION_CHANNEL,True,,1,206296
REPLICATION,1,q1,NO_DECISION_IDENTIFYING_INFORMATION_CHANNEL,D2,,,inf,q1,NO_DECISION_IDENTIFYING_INFORMATION_CHANNEL,True,,1,206297
REPLICATION,1,q1,NO_DECISION_IDENTIFYING_INFORMATION_CHANNEL,D2,,,inf,q1,NO_DECISION_IDENTIFYING_INFORMATION_CHANNEL,True,,1,206298
REPLICATION,1,q1,NO_DECISION_IDENTIFYING_INFORMATION_CHANNEL,D2,,,inf,q1,NO_DECISION_IDENTIFYING_INFORMATION_CHANNEL,True,,1,206299
REPLICATION,1,q1,NO_DECISION_IDENTIFYING_INFORMATION_CHANNEL,D2,,,inf,q1,NO_DECISION_IDENTIFYING_INFORMATION_CHANNEL,True,,1,206300
REPLICATION,1,q1,NO_DECISION_IDENTIFYING_INFORMATION_CHANNEL,D2,,,inf,q1,NO_DECISION_IDENTIFYING_INFORMATION_CHANNEL,True,,1,206301
REPLICATION,1,q1,NO_DECISION_IDENTIFYING_INFORMATION_CHANNEL,D2,,,inf,q1,NO_DECISION_IDENTIFYING_INFORMATION_CHANNEL,True,,1,206302
REPLICATION,1,q1,NO_DECISION_IDENTIFYING_INFORMATION_CHANNEL,D2,,,inf,q1,NO_DECISION_IDENTIFYING_INFORMATION_CHANNEL,True,,1,206303
REPLICATION,1,q1,NO_DECISION_IDENTIFYING_INFORMATION_CHANNEL,D2,,,inf,q1,NO_DECISION_IDENTIFYING_INFORMATION_CHANNEL,True,,1,206304
REPLICATION,1,q1,NO_DECISION_IDENTIFYING_INFORMATION_CHANNEL,D2,,,inf,q1,NO_DECISION_IDENTIFYING_INFORMATION_CHANNEL,True,,1,206305
REPLICATION,1,q1,NO_DECISION_IDENTIFYING_INFORMATION_CHANNEL,D2,,,inf,q1,NO_DECISION_IDENTIFYING_INFORMATION_CHANNEL,True,,1,206306
REPLICATION,1,q1,NO_DECISION_IDENTIFYING_INFORMATION_CHANNEL,D2,,,inf,q1,NO_DECISION_IDENTIFYING_INFORMATION_CHANNEL,True,,1,206307
REPLICATION,1,q1,NO_DECISION_IDENTIFYING_INFORMATION_CHANNEL,D2,,,inf,q1,NO_DECISION_IDENTIFYING_INFORMATION_CHANNEL,True,,1,206308
REPLICATION,1,q1,NO_DECISION_IDENTIFYING_INFORMATION_CHANNEL,D2,,,inf,q1,NO_DECISION_IDENTIFYING_INFORMATION_CHANNEL,True,,1,206309
REPLICATION,1,q1,NO_DECISION_IDENTIFYING_INFORMATION_CHANNEL,D2,,,inf,q1,NO_DECISION_IDENTIFYING_INFORMATION_CHANNEL,True,,1,206310
REPLICATION,1,q1,NO_DECISION_IDENTIFYING_INFORMATION_CHANNEL,D2,,,inf,q1,NO_DECISION_IDENTIFYING_INFORMATION_CHANNEL,True,,1,206311
REPLICATION,1,q1,NO_DECISION_IDENTIFYING_INFORMATION_CHANNEL,D2,,,inf,q1,NO_DECISION_IDENTIFYING_INFORMATION_CHANNEL,True,,1,206312
REPLICATION,1,q1,NO_DECISION_IDENTIFYING_INFORMATION_CHANNEL,D2,,,inf,q1,NO_DECISION_IDENTIFYING_INFORMATION_CHANNEL,True,,1,206313
REPLICATION,1,q1,NO_DECISION_IDENTIFYING_INFORMATION_CHANNEL,D2,,,inf,q1,NO_DECISION_IDENTIFYING_INFORMATION_CHANNEL,True,,1,206314
REPLICATION,1,q1,NO_DECISION_IDENTIFYING_INFORMATION_CHANNEL,D2,,,inf,q1,NO_DECISION_IDENTIFYING_INFORMATION_CHANNEL,True,,1,206315
REPLICATION,1,q1,NO_DECISION_IDENTIFYING_INFORMATION_CHANNEL,D2,,,inf,q1,NO_DECISION_IDENTIFYING_INFORMATION_CHANNEL,True,,1,206316
REPLICATION,1,q1,NO_DECISION_IDENTIFYING_INFORMATION_CHANNEL,D2,,,inf,q1,NO_DECISION_IDENTIFYING_INFORMATION_CHANNEL,True,,1,206317
REPLICATION,1,q1,NO_DECISION_IDENTIFYING_INFORMATION_CHANNEL,D2,,,inf,q1,NO_DECISION_IDENTIFYING_INFORMATION_CHANNEL,True,,1,206318
REPLICATION,1,q1,NO_DECISION_IDENTIFYING_INFORMATION_CHANNEL,D2,,,inf,q1,NO_DECISION_IDENTIFYING_INFORMATION_CHANNEL,True,,1,206319
REPLICATION,1,q1,NO_DECISION_IDENTIFYING_INFORMATION_CHANNEL,D2,,,inf,q1,NO_DECISION_IDENTIFYING_INFORMATION_CHANNEL,True,,1,206320
REPLICATION,1,q1,NO_DECISION_IDENTIFYING_INFORMATION_CHANNEL,D2,,,inf,q1,NO_DECISION_IDENTIFYING_INFORMATION_CHANNEL,True,,1,206321
REPLICATION,1,q1,NO_DECISION_IDENTIFYING_INFORMATION_CHANNEL,D2,,,inf,q1,NO_DECISION_IDENTIFYING_INFORMATION_CHANNEL,True,,1,206322
REPLICATION,1,q1,NO_DECISION_IDENTIFYING_INFORMATION_CHANNEL,D2,,,inf,q1,NO_DECISION_IDENTIFYING_INFORMATION_CHANNEL,True,,1,206323
REPLICATION,1,q1,NO_DECISION_IDENTIFYING_INFORMATION_CHANNEL,D2,,,inf,q1,NO_DECISION_IDENTIFYING_INFORMATION_CHANNEL,True,,1,206324
REPLICATION,1,q1,NO_DECISION_IDENTIFYING_INFORMATION_CHANNEL,D2,,,inf,q1,NO_DECISION_IDENTIFYING_INFORMATION_CHANNEL,True,,1,206325
REPLICATION,1,q1,NO_DECISION_IDENTIFYING_INFORMATION_CHANNEL,D2,,,inf,q1,NO_DECISION_IDENTIFYING_INFORMATION_CHANNEL,True,,1,206326
REPLICATION,1,q1,NO_DECISION_IDENTIFYING_INFORMATION_CHANNEL,D2,,,inf,q1,NO_DECISION_IDENTIFYING_INFORMATION_CHANNEL,True,,1,206327
REPLICATION,1,q1,NO_DECISION_IDENTIFYING_INFORMATION_CHANNEL,D2,,,inf,q1,NO_DECISION_IDENTIFYING_INFORMATION_CHANNEL,True,,1,206328
REPLICATION,1,q1,ACQUIRE_DECISION_RELEVANT_EVIDENCE_BUDGET_NOT_RULED_OUT_BY_CONVERSE,D3,,,27.71961815389439,q1,ACQUIRE_DECISION_RELEVANT_EVIDENCE_BUDGET_NOT_RULED_OUT_BY_CONVERSE,True,,0,207201
REPLICATION,1,q1,ACQUIRE_DECISION_RELEVANT_EVIDENCE_BUDGET_NOT_RULED_OUT_BY_CONVERSE,D3,,,37.73166470357292,q1,ACQUIRE_DECISION_RELEVANT_EVIDENCE_BUDGET_NOT_RULED_OUT_BY_CONVERSE,True,,0,207202
REPLICATION,1,q2,ACQUIRE_DECISION_RELEVANT_EVIDENCE_BUDGET_NOT_RULED_OUT_BY_CONVERSE,D3,,,46.649438802686724,q2,ACQUIRE_DECISION_RELEVANT_EVIDENCE_BUDGET_NOT_RULED_OUT_BY_CONVERSE,True,,0,207203
REPLICATION,1,q1,ACQUIRE_DECISION_RELEVANT_EVIDENCE_BUDGET_NOT_RULED_OUT_BY_CONVERSE,D3,,,33.584334043198446,q1,ACQUIRE_DECISION_RELEVANT_EVIDENCE_BUDGET_NOT_RULED_OUT_BY_CONVERSE,True,,0,207204
REPLICATION,1,q1,ACQUIRE_DECISION_RELEVANT_EVIDENCE_BUDGET_NOT_RULED_OUT_BY_CONVERSE,D3,,,32.78588373844081,q1,ACQUIRE_DECISION_RELEVANT_EVIDENCE_BUDGET_NOT_RULED_OUT_BY_CONVERSE,True,,0,207205
REPLICATION,1,q1,ACQUIRE_DECISION_RELEVANT_EVIDENCE_BUDGET_NOT_RULED_OUT_BY_CONVERSE,D3,,,27.318473849059345,q1,ACQUIRE_DECISION_RELEVANT_EVIDENCE_BUDGET_NOT_RULED_OUT_BY_CONVERSE,True,,0,207206
REPLICATION,1,q1,ACQUIRE_DECISION_RELEVANT_EVIDENCE_BUDGET_NOT_RULED_OUT_BY_CONVERSE,D3,,,45.60927514144065,q1,ACQUIRE_DECISION_RELEVANT_EVIDENCE_BUDGET_NOT_RULED_OUT_BY_CONVERSE,True,,0,207207
REPLICATION,1,q1,ACQUIRE_DECISION_RELEVANT_EVIDENCE_BUDGET_NOT_RULED_OUT_BY_CONVERSE,D3,,,30.94791082077334,q1,ACQUIRE_DECISION_RELEVANT_EVIDENCE_BUDGET_NOT_RULED_OUT_BY_CONVERSE,True,,0,207208
REPLICATION,1,q1,ACQUIRE_DECISION_RELEVANT_EVIDENCE_BUDGET_NOT_RULED_OUT_BY_CONVERSE,D3,,,42.37158187284441,q1,ACQUIRE_DECISION_RELEVANT_EVIDENCE_BUDGET_NOT_RULED_OUT_BY_CONVERSE,True,,0,207209
REPLICATION,1,q1,ACQUIRE_DECISION_RELEVANT_EVIDENCE_BUDGET_NOT_RULED_OUT_BY_CONVERSE,D3,,,26.361729992307083,q1,ACQUIRE_DECISION_RELEVANT_EVIDENCE_BUDGET_NOT_RULED_OUT_BY_CONVERSE,True,,0,207210
REPLICATION,1,q2,ACQUIRE_DECISION_RELEVANT_EVIDENCE_BUDGET_NOT_RULED_OUT_BY_CONVERSE,D3,,,49.04926350831775,q2,ACQUIRE_DECISION_RELEVANT_EVIDENCE_BUDGET_NOT_RULED_OUT_BY_CONVERSE,True,,0,207211
REPLICATION,1,q1,ACQUIRE_DECISION_RELEVANT_EVIDENCE_BUDGET_NOT_RULED_OUT_BY_CONVERSE,D3,,,39.44417162867033,q1,ACQUIRE_DECISION_RELEVANT_EVIDENCE_BUDGET_NOT_RULED_OUT_BY_CONVERSE,True,,0,207212
REPLICATION,1,q1,ACQUIRE_DECISION_RELEVANT_EVIDENCE_BUDGET_NOT_RULED_OUT_BY_CONVERSE,D3,,,28.026351117857924,q1,ACQUIRE_DECISION_RELEVANT_EVIDENCE_BUDGET_NOT_RULED_OUT_BY_CONVERSE,True,,0,207213
REPLICATION,1,q1,ACQUIRE_DECISION_RELEVANT_EVIDENCE_BUDGET_NOT_RULED_OUT_BY_CONVERSE,D3,,,39.53714211375689,q1,ACQUIRE_DECISION_RELEVANT_EVIDENCE_BUDGET_NOT_RULED_OUT_BY_CONVERSE,True,,0,207214
REPLICATION,1,q1,ACQUIRE_DECISION_RELEVANT_EVIDENCE_BUDGET_NOT_RULED_OUT_BY_CONVERSE,D3,,,47.659180443269655,q1,ACQUIRE_DECISION_RELEVANT_EVIDENCE_BUDGET_NOT_RULED_OUT_BY_CONVERSE,True,,0,207215
REPLICATION,1,q1,ACQUIRE_DECISION_RELEVANT_EVIDENCE_BUDGET_NOT_RULED_OUT_BY_CONVERSE,D3,,,55.92138107458544,q1,ACQUIRE_DECISION_RELEVANT_EVIDENCE_BUDGET_NOT_RULED_OUT_BY_CONVERSE,True,,0,207216
REPLICATION,1,q1,ACQUIRE_DECISION_RELEVANT_EVIDENCE_BUDGET_NOT_RULED_OUT_BY_CONVERSE,D3,,,42.922112398528625,q1,ACQUIRE_DECISION_RELEVANT_EVIDENCE_BUDGET_NOT_RULED_OUT_BY_CONVERSE,True,,0,207217
REPLICATION,1,q2,ACQUIRE_DECISION_RELEVANT_EVIDENCE_BUDGET_NOT_RULED_OUT_BY_CONVERSE,D3,,,43.52171897049155,q2,ACQUIRE_DECISION_RELEVANT_EVIDENCE_BUDGET_NOT_RULED_OUT_BY_CONVERSE,True,,0,207218
REPLICATION,1,q2,ACQUIRE_DECISION_RELEVANT_EVIDENCE_BUDGET_NOT_RULED_OUT_BY_CONVERSE,D3,,,37.55839915228578,q2,ACQUIRE_DECISION_RELEVANT_EVIDENCE_BUDGET_NOT_RULED_OUT_BY_CONVERSE,True,,0,207219
REPLICATION,1,q1,ACQUIRE_DECISION_RELEVANT_EVIDENCE_BUDGET_NOT_RULED_OUT_BY_CONVERSE,D3,,,48.336564444603354,q1,ACQUIRE_DECISION_RELEVANT_EVIDENCE_BUDGET_NOT_RULED_OUT_BY_CONVERSE,True,,0,207220
REPLICATION,1,q1,ACQUIRE_DECISION_RELEVANT_EVIDENCE_BUDGET_NOT_RULED_OUT_BY_CONVERSE,D3,,,33.00625993069782,q1,ACQUIRE_DECISION_RELEVANT_EVIDENCE_BUDGET_NOT_RULED_OUT_BY_CONVERSE,True,,0,207221
REPLICATION,1,q1,ACQUIRE_DECISION_RELEVANT_EVIDENCE_BUDGET_NOT_RULED_OUT_BY_CONVERSE,D3,,,34.92982124337757,q1,ACQUIRE_DECISION_RELEVANT_EVIDENCE_BUDGET_NOT_RULED_OUT_BY_CONVERSE,True,,0,207222
REPLICATION,1,q1,ACQUIRE_DECISION_RELEVANT_EVIDENCE_BUDGET_NOT_RULED_OUT_BY_CONVERSE,D3,,,33.97837009263544,q1,ACQUIRE_DECISION_RELEVANT_EVIDENCE_BUDGET_NOT_RULED_OUT_BY_CONVERSE,True,,0,207223
REPLICATION,1,q1,ACQUIRE_DECISION_RELEVANT_EVIDENCE_BUDGET_NOT_RULED_OUT_BY_CONVERSE,D3,,,38.414068581004756,q1,ACQUIRE_DECISION_RELEVANT_EVIDENCE_BUDGET_NOT_RULED_OUT_BY_CONVERSE,True,,0,207224
REPLICATION,1,q1,ACQUIRE_DECISION_RELEVANT_EVIDENCE_BUDGET_NOT_RULED_OUT_BY_CONVERSE,D3,,,34.514098964470115,q1,ACQUIRE_DECISION_RELEVANT_EVIDENCE_BUDGET_NOT_RULED_OUT_BY_CONVERSE,True,,0,207225
REPLICATION,1,q1,ACQUIRE_DECISION_RELEVANT_EVIDENCE_BUDGET_NOT_RULED_OUT_BY_CONVERSE,D3,,,36.22798253694038,q1,ACQUIRE_DECISION_RELEVANT_EVIDENCE_BUDGET_NOT_RULED_OUT_BY_CONVERSE,True,,0,207226
REPLICATION,1,q1,ACQUIRE_DECISION_RELEVANT_EVIDENCE_BUDGET_NOT_RULED_OUT_BY_CONVERSE,D3,,,38.10667996226952,q1,ACQUIRE_DECISION_RELEVANT_EVIDENCE_BUDGET_NOT_RULED_OUT_BY_CONVERSE,True,,0,207227
REPLICATION,1,q1,ACQUIRE_DECISION_RELEVANT_EVIDENCE_BUDGET_NOT_RULED_OUT_BY_CONVERSE,D3,,,48.0891584788139,q1,ACQUIRE_DECISION_RELEVANT_EVIDENCE_BUDGET_NOT_RULED_OUT_BY_CONVERSE,True,,0,207228
REPLICATION,1,q2,ACQUIRE_DECISION_RELEVANT_EVIDENCE_BUDGET_NOT_RULED_OUT_BY_CONVERSE,D3,,,38.333018185205496,q2,ACQUIRE_DECISION_RELEVANT_EVIDENCE_BUDGET_NOT_RULED_OUT_BY_CONVERSE,True,,0,207229
REPLICATION,1,q1,ACQUIRE_DECISION_RELEVANT_EVIDENCE_BUDGET_NOT_RULED_OUT_BY_CONVERSE,D3,,,34.56052645466671,q1,ACQUIRE_DECISION_RELEVANT_EVIDENCE_BUDGET_NOT_RULED_OUT_BY_CONVERSE,True,,0,207230
REPLICATION,1,q1,ACQUIRE_DECISION_RELEVANT_EVIDENCE_BUDGET_NOT_RULED_OUT_BY_CONVERSE,D3,,,25.513182352175058,q1,ACQUIRE_DECISION_RELEVANT_EVIDENCE_BUDGET_NOT_RULED_OUT_BY_CONVERSE,True,,0,207231
REPLICATION,1,q1,ACQUIRE_DECISION_RELEVANT_EVIDENCE_BUDGET_NOT_RULED_OUT_BY_CONVERSE,D3,,,37.99681710504204,q1,ACQUIRE_DECISION_RELEVANT_EVIDENCE_BUDGET_NOT_RULED_OUT_BY_CONVERSE,True,,0,207232
REPLICATION,1,q2,ACQUIRE_DECISION_RELEVANT_EVIDENCE_BUDGET_NOT_RULED_OUT_BY_CONVERSE,D3,,,34.97760491701216,q2,ACQUIRE_DECISION_RELEVANT_EVIDENCE_BUDGET_NOT_RULED_OUT_BY_CONVERSE,True,,0,207233
REPLICATION,1,q1,ACQUIRE_DECISION_RELEVANT_EVIDENCE_BUDGET_NOT_RULED_OUT_BY_CONVERSE,D3,,,41.686113485540886,q1,ACQUIRE_DECISION_RELEVANT_EVIDENCE_BUDGET_NOT_RULED_OUT_BY_CONVERSE,True,,0,207234
REPLICATION,1,q1,ACQUIRE_DECISION_RELEVANT_EVIDENCE_BUDGET_NOT_RULED_OUT_BY_CONVERSE,D3,,,41.66808712492517,q1,ACQUIRE_DECISION_RELEVANT_EVIDENCE_BUDGET_NOT_RULED_OUT_BY_CONVERSE,True,,0,207235
REPLICATION,1,q1,ACQUIRE_DECISION_RELEVANT_EVIDENCE_BUDGET_NOT_RULED_OUT_BY_CONVERSE,D3,,,36.56180060625876,q1,ACQUIRE_DECISION_RELEVANT_EVIDENCE_BUDGET_NOT_RULED_OUT_BY_CONVERSE,True,,0,207236
REPLICATION,1,q1,ACQUIRE_DECISION_RELEVANT_EVIDENCE_BUDGET_NOT_RULED_OUT_BY_CONVERSE,D3,,,35.36033148960739,q1,ACQUIRE_DECISION_RELEVANT_EVIDENCE_BUDGET_NOT_RULED_OUT_BY_CONVERSE,True,,0,207237
REPLICATION,1,q1,ACQUIRE_DECISION_RELEVANT_EVIDENCE_BUDGET_NOT_RULED_OUT_BY_CONVERSE,D3,,,39.65485061155874,q1,ACQUIRE_DECISION_RELEVANT_EVIDENCE_BUDGET_NOT_RULED_OUT_BY_CONVERSE,True,,0,207238
REPLICATION,1,q1,ACQUIRE_DECISION_RELEVANT_EVIDENCE_BUDGET_NOT_RULED_OUT_BY_CONVERSE,D3,,,37.764687892064046,q1,ACQUIRE_DECISION_RELEVANT_EVIDENCE_BUDGET_NOT_RULED_OUT_BY_CONVERSE,True,,0,207239
REPLICATION,1,q1,ACQUIRE_DECISION_RELEVANT_EVIDENCE_BUDGET_NOT_RULED_OUT_BY_CONVERSE,D3,,,39.83436825753932,q1,ACQUIRE_DECISION_RELEVANT_EVIDENCE_BUDGET_NOT_RULED_OUT_BY_CONVERSE,True,,0,207240
REPLICATION,1,q1,ACQUIRE_DECISION_RELEVANT_EVIDENCE_BUDGET_NOT_RULED_OUT_BY_CONVERSE,D3,,,39.1838221154022,q1,ACQUIRE_DECISION_RELEVANT_EVIDENCE_BUDGET_NOT_RULED_OUT_BY_CONVERSE,True,,0,207241
REPLICATION,1,q1,ACQUIRE_DECISION_RELEVANT_EVIDENCE_BUDGET_NOT_RULED_OUT_BY_CONVERSE,D3,,,36.21036115318162,q1,ACQUIRE_DECISION_RELEVANT_EVIDENCE_BUDGET_NOT_RULED_OUT_BY_CONVERSE,True,,0,207242
REPLICATION,1,q1,ACQUIRE_DECISION_RELEVANT_EVIDENCE_BUDGET_NOT_RULED_OUT_BY_CONVERSE,D3,,,36.437509972889174,q1,ACQUIRE_DECISION_RELEVANT_EVIDENCE_BUDGET_NOT_RULED_OUT_BY_CONVERSE,True,,0,207243
REPLICATION,1,q1,ACQUIRE_DECISION_RELEVANT_EVIDENCE_BUDGET_NOT_RULED_OUT_BY_CONVERSE,D3,,,41.764531423373924,q1,ACQUIRE_DECISION_RELEVANT_EVIDENCE_BUDGET_NOT_RULED_OUT_BY_CONVERSE,True,,0,207244
REPLICATION,1,q1,ACQUIRE_DECISION_RELEVANT_EVIDENCE_BUDGET_NOT_RULED_OUT_BY_CONVERSE,D3,,,47.09843102147943,q1,ACQUIRE_DECISION_RELEVANT_EVIDENCE_BUDGET_NOT_RULED_OUT_BY_CONVERSE,True,,0,207245
REPLICATION,1,q1,ACQUIRE_DECISION_RELEVANT_EVIDENCE_BUDGET_NOT_RULED_OUT_BY_CONVERSE,D3,,,45.47840106033474,q1,ACQUIRE_DECISION_RELEVANT_EVIDENCE_BUDGET_NOT_RULED_OUT_BY_CONVERSE,True,,0,207246
REPLICATION,1,q1,ACQUIRE_DECISION_RELEVANT_EVIDENCE_BUDGET_NOT_RULED_OUT_BY_CONVERSE,D3,,,42.03592992553291,q1,ACQUIRE_DECISION_RELEVANT_EVIDENCE_BUDGET_NOT_RULED_OUT_BY_CONVERSE,True,,0,207247
REPLICATION,1,q1,ACQUIRE_DECISION_RELEVANT_EVIDENCE_BUDGET_NOT_RULED_OUT_BY_CONVERSE,D3,,,37.51333355161077,q1,ACQUIRE_DECISION_RELEVANT_EVIDENCE_BUDGET_NOT_RULED_OUT_BY_CONVERSE,True,,0,207248
REPLICATION,1,q1,ACQUIRE_DECISION_RELEVANT_EVIDENCE_BUDGET_NOT_RULED_OUT_BY_CONVERSE,D3,,,36.35392196112918,q1,ACQUIRE_DECISION_RELEVANT_EVIDENCE_BUDGET_NOT_RULED_OUT_BY_CONVERSE,True,,0,207249
REPLICATION,1,q1,ACQUIRE_DECISION_RELEVANT_EVIDENCE_BUDGET_NOT_RULED_OUT_BY_CONVERSE,D3,,,54.84705616230013,q1,ACQUIRE_DECISION_RELEVANT_EVIDENCE_BUDGET_NOT_RULED_OUT_BY_CONVERSE,True,,0,207250
REPLICATION,1,q1,ACQUIRE_DECISION_RELEVANT_EVIDENCE_BUDGET_NOT_RULED_OUT_BY_CONVERSE,D3,,,30.06409880060347,q1,ACQUIRE_DECISION_RELEVANT_EVIDENCE_BUDGET_NOT_RULED_OUT_BY_CONVERSE,True,,0,207251
REPLICATION,1,q1,ACQUIRE_DECISION_RELEVANT_EVIDENCE_BUDGET_NOT_RULED_OUT_BY_CONVERSE,D3,,,42.632144122828294,q1,ACQUIRE_DECISION_RELEVANT_EVIDENCE_BUDGET_NOT_RULED_OUT_BY_CONVERSE,True,,0,207252
REPLICATION,1,q1,ACQUIRE_DECISION_RELEVANT_EVIDENCE_BUDGET_NOT_RULED_OUT_BY_CONVERSE,D3,,,32.264386357829586,q1,ACQUIRE_DECISION_RELEVANT_EVIDENCE_BUDGET_NOT_RULED_OUT_BY_CONVERSE,True,,0,207253
REPLICATION,1,q1,ACQUIRE_DECISION_RELEVANT_EVIDENCE_BUDGET_NOT_RULED_OUT_BY_CONVERSE,D3,,,37.58814293551873,q1,ACQUIRE_DECISION_RELEVANT_EVIDENCE_BUDGET_NOT_RULED_OUT_BY_CONVERSE,True,,0,207254
REPLICATION,1,q1,ACQUIRE_DECISION_RELEVANT_EVIDENCE_BUDGET_NOT_RULED_OUT_BY_CONVERSE,D3,,,50.5840941577046,q1,ACQUIRE_DECISION_RELEVANT_EVIDENCE_BUDGET_NOT_RULED_OUT_BY_CONVERSE,True,,0,207255
REPLICATION,1,q1,ACQUIRE_DECISION_RELEVANT_EVIDENCE_BUDGET_NOT_RULED_OUT_BY_CONVERSE,D3,,,42.16942139392395,q1,ACQUIRE_DECISION_RELEVANT_EVIDENCE_BUDGET_NOT_RULED_OUT_BY_CONVERSE,True,,0,207256
REPLICATION,1,q1,ACQUIRE_DECISION_RELEVANT_EVIDENCE_BUDGET_NOT_RULED_OUT_BY_CONVERSE,D3,,,30.95978530712824,q1,ACQUIRE_DECISION_RELEVANT_EVIDENCE_BUDGET_NOT_RULED_OUT_BY_CONVERSE,True,,0,207257
REPLICATION,1,q1,ACQUIRE_DECISION_RELEVANT_EVIDENCE_BUDGET_NOT_RULED_OUT_BY_CONVERSE,D3,,,51.00995304798475,q1,ACQUIRE_DECISION_RELEVANT_EVIDENCE_BUDGET_NOT_RULED_OUT_BY_CONVERSE,True,,0,207258
REPLICATION,1,q2,ACQUIRE_DECISION_RELEVANT_EVIDENCE_BUDGET_NOT_RULED_OUT_BY_CONVERSE,D3,,,38.62596961117859,q2,ACQUIRE_DECISION_RELEVANT_EVIDENCE_BUDGET_NOT_RULED_OUT_BY_CONVERSE,True,,0,207259
REPLICATION,1,q1,ACQUIRE_DECISION_RELEVANT_EVIDENCE_BUDGET_NOT_RULED_OUT_BY_CONVERSE,D3,,,48.59999419635568,q1,ACQUIRE_DECISION_RELEVANT_EVIDENCE_BUDGET_NOT_RULED_OUT_BY_CONVERSE,True,,0,207260
REPLICATION,1,q1,ACQUIRE_DECISION_RELEVANT_EVIDENCE_BUDGET_NOT_RULED_OUT_BY_CONVERSE,D3,,,44.11282860221699,q1,ACQUIRE_DECISION_RELEVANT_EVIDENCE_BUDGET_NOT_RULED_OUT_BY_CONVERSE,True,,0,207261
REPLICATION,1,q1,ACQUIRE_DECISION_RELEVANT_EVIDENCE_BUDGET_NOT_RULED_OUT_BY_CONVERSE,D3,,,53.328333037683656,q1,ACQUIRE_DECISION_RELEVANT_EVIDENCE_BUDGET_NOT_RULED_OUT_BY_CONVERSE,True,,0,207262
REPLICATION,1,q1,ACQUIRE_DECISION_RELEVANT_EVIDENCE_BUDGET_NOT_RULED_OUT_BY_CONVERSE,D3,,,44.50160885352694,q1,ACQUIRE_DECISION_RELEVANT_EVIDENCE_BUDGET_NOT_RULED_OUT_BY_CONVERSE,True,,0,207263
REPLICATION,1,q1,ACQUIRE_DECISION_RELEVANT_EVIDENCE_BUDGET_NOT_RULED_OUT_BY_CONVERSE,D3,,,41.5960871298633,q1,ACQUIRE_DECISION_RELEVANT_EVIDENCE_BUDGET_NOT_RULED_OUT_BY_CONVERSE,True,,0,207264
REPLICATION,1,q1,ACQUIRE_DECISION_RELEVANT_EVIDENCE_BUDGET_NOT_RULED_OUT_BY_CONVERSE,D3,,,32.58775772024135,q1,ACQUIRE_DECISION_RELEVANT_EVIDENCE_BUDGET_NOT_RULED_OUT_BY_CONVERSE,True,,0,207265
REPLICATION,1,q1,ACQUIRE_DECISION_RELEVANT_EVIDENCE_BUDGET_NOT_RULED_OUT_BY_CONVERSE,D3,,,44.023276552940686,q1,ACQUIRE_DECISION_RELEVANT_EVIDENCE_BUDGET_NOT_RULED_OUT_BY_CONVERSE,True,,0,207266
REPLICATION,1,q1,ACQUIRE_DECISION_RELEVANT_EVIDENCE_BUDGET_NOT_RULED_OUT_BY_CONVERSE,D3,,,43.8204993409597,q1,ACQUIRE_DECISION_RELEVANT_EVIDENCE_BUDGET_NOT_RULED_OUT_BY_CONVERSE,True,,0,207267
REPLICATION,1,q1,ACQUIRE_DECISION_RELEVANT_EVIDENCE_BUDGET_NOT_RULED_OUT_BY_CONVERSE,D3,,,45.69060786767904,q1,ACQUIRE_DECISION_RELEVANT_EVIDENCE_BUDGET_NOT_RULED_OUT_BY_CONVERSE,True,,0,207268
REPLICATION,1,q1,ACQUIRE_DECISION_RELEVANT_EVIDENCE_BUDGET_NOT_RULED_OUT_BY_CONVERSE,D3,,,36.25145905221809,q1,ACQUIRE_DECISION_RELEVANT_EVIDENCE_BUDGET_NOT_RULED_OUT_BY_CONVERSE,True,,0,207269
REPLICATION,1,q1,ACQUIRE_DECISION_RELEVANT_EVIDENCE_BUDGET_NOT_RULED_OUT_BY_CONVERSE,D3,,,46.587130355538065,q1,ACQUIRE_DECISION_RELEVANT_EVIDENCE_BUDGET_NOT_RULED_OUT_BY_CONVERSE,True,,0,207270
REPLICATION,1,q2,ACQUIRE_DECISION_RELEVANT_EVIDENCE_BUDGET_NOT_RULED_OUT_BY_CONVERSE,D3,,,34.26154756555317,q2,ACQUIRE_DECISION_RELEVANT_EVIDENCE_BUDGET_NOT_RULED_OUT_BY_CONVERSE,True,,0,207271
REPLICATION,1,q1,ACQUIRE_DECISION_RELEVANT_EVIDENCE_BUDGET_NOT_RULED_OUT_BY_CONVERSE,D3,,,37.63668594864538,q1,ACQUIRE_DECISION_RELEVANT_EVIDENCE_BUDGET_NOT_RULED_OUT_BY_CONVERSE,True,,0,207272
REPLICATION,1,q1,ACQUIRE_DECISION_RELEVANT_EVIDENCE_BUDGET_NOT_RULED_OUT_BY_CONVERSE,D3,,,28.966742056569093,q1,ACQUIRE_DECISION_RELEVANT_EVIDENCE_BUDGET_NOT_RULED_OUT_BY_CONVERSE,True,,0,207273
REPLICATION,1,q2,ACQUIRE_DECISION_RELEVANT_EVIDENCE_BUDGET_NOT_RULED_OUT_BY_CONVERSE,D3,,,40.267052769338456,q2,ACQUIRE_DECISION_RELEVANT_EVIDENCE_BUDGET_NOT_RULED_OUT_BY_CONVERSE,True,,0,207274
REPLICATION,1,q1,ACQUIRE_DECISION_RELEVANT_EVIDENCE_BUDGET_NOT_RULED_OUT_BY_CONVERSE,D3,,,44.25299388098799,q1,ACQUIRE_DECISION_RELEVANT_EVIDENCE_BUDGET_NOT_RULED_OUT_BY_CONVERSE,True,,0,207275
REPLICATION,1,q1,ACQUIRE_DECISION_RELEVANT_EVIDENCE_BUDGET_NOT_RULED_OUT_BY_CONVERSE,D3,,,35.06512431874233,q1,ACQUIRE_DECISION_RELEVANT_EVIDENCE_BUDGET_NOT_RULED_OUT_BY_CONVERSE,True,,0,207276
REPLICATION,1,q2,ACQUIRE_DECISION_RELEVANT_EVIDENCE_BUDGET_NOT_RULED_OUT_BY_CONVERSE,D3,,,43.08826629453411,q2,ACQUIRE_DECISION_RELEVANT_EVIDENCE_BUDGET_NOT_RULED_OUT_BY_CONVERSE,True,,0,207277
REPLICATION,1,q1,ACQUIRE_DECISION_RELEVANT_EVIDENCE_BUDGET_NOT_RULED_OUT_BY_CONVERSE,D3,,,34.69848441824007,q1,ACQUIRE_DECISION_RELEVANT_EVIDENCE_BUDGET_NOT_RULED_OUT_BY_CONVERSE,True,,0,207278
REPLICATION,1,q1,ACQUIRE_DECISION_RELEVANT_EVIDENCE_BUDGET_NOT_RULED_OUT_BY_CONVERSE,D3,,,40.475216310959105,q1,ACQUIRE_DECISION_RELEVANT_EVIDENCE_BUDGET_NOT_RULED_OUT_BY_CONVERSE,True,,0,207279
REPLICATION,1,q1,ACQUIRE_DECISION_RELEVANT_EVIDENCE_BUDGET_NOT_RULED_OUT_BY_CONVERSE,D3,,,32.28891647963692,q1,ACQUIRE_DECISION_RELEVANT_EVIDENCE_BUDGET_NOT_RULED_OUT_BY_CONVERSE,True,,0,207280
REPLICATION,1,q2,ACQUIRE_DECISION_RELEVANT_EVIDENCE_BUDGET_NOT_RULED_OUT_BY_CONVERSE,D3,,,37.77856847519086,q2,ACQUIRE_DECISION_RELEVANT_EVIDENCE_BUDGET_NOT_RULED_OUT_BY_CONVERSE,True,,0,207281
REPLICATION,1,q1,ACQUIRE_DECISION_RELEVANT_EVIDENCE_BUDGET_NOT_RULED_OUT_BY_CONVERSE,D3,,,46.18506646355357,q1,ACQUIRE_DECISION_RELEVANT_EVIDENCE_BUDGET_NOT_RULED_OUT_BY_CONVERSE,True,,0,207282
REPLICATION,1,q1,ACQUIRE_DECISION_RELEVANT_EVIDENCE_BUDGET_NOT_RULED_OUT_BY_CONVERSE,D3,,,36.52844381531214,q1,ACQUIRE_DECISION_RELEVANT_EVIDENCE_BUDGET_NOT_RULED_OUT_BY_CONVERSE,True,,0,207283
REPLICATION,1,q1,ACQUIRE_DECISION_RELEVANT_EVIDENCE_BUDGET_NOT_RULED_OUT_BY_CONVERSE,D3,,,41.82430809093423,q1,ACQUIRE_DECISION_RELEVANT_EVIDENCE_BUDGET_NOT_RULED_OUT_BY_CONVERSE,True,,0,207284
REPLICATION,1,q1,ACQUIRE_DECISION_RELEVANT_EVIDENCE_BUDGET_NOT_RULED_OUT_BY_CONVERSE,D3,,,26.734561719813936,q1,ACQUIRE_DECISION_RELEVANT_EVIDENCE_BUDGET_NOT_RULED_OUT_BY_CONVERSE,True,,0,207285
REPLICATION,1,q1,ACQUIRE_DECISION_RELEVANT_EVIDENCE_BUDGET_NOT_RULED_OUT_BY_CONVERSE,D3,,,32.1074322940473,q1,ACQUIRE_DECISION_RELEVANT_EVIDENCE_BUDGET_NOT_RULED_OUT_BY_CONVERSE,True,,0,207286
REPLICATION,1,q1,ACQUIRE_DECISION_RELEVANT_EVIDENCE_BUDGET_NOT_RULED_OUT_BY_CONVERSE,D3,,,37.51560259996907,q1,ACQUIRE_DECISION_RELEVANT_EVIDENCE_BUDGET_NOT_RULED_OUT_BY_CONVERSE,True,,0,207287
REPLICATION,1,q1,ACQUIRE_DECISION_RELEVANT_EVIDENCE_BUDGET_NOT_RULED_OUT_BY_CONVERSE,D3,,,26.466433541551993,q1,ACQUIRE_DECISION_RELEVANT_EVIDENCE_BUDGET_NOT_RULED_OUT_BY_CONVERSE,True,,0,207288
REPLICATION,1,q1,ACQUIRE_DECISION_RELEVANT_EVIDENCE_BUDGET_NOT_RULED_OUT_BY_CONVERSE,D3,,,39.2369192649628,q1,ACQUIRE_DECISION_RELEVANT_EVIDENCE_BUDGET_NOT_RULED_OUT_BY_CONVERSE,True,,0,207289
REPLICATION,1,q1,ACQUIRE_DECISION_RELEVANT_EVIDENCE_BUDGET_NOT_RULED_OUT_BY_CONVERSE,D3,,,29.014583583505093,q1,ACQUIRE_DECISION_RELEVANT_EVIDENCE_BUDGET_NOT_RULED_OUT_BY_CONVERSE,True,,0,207290
REPLICATION,1,q1,ACQUIRE_DECISION_RELEVANT_EVIDENCE_BUDGET_NOT_RULED_OUT_BY_CONVERSE,D3,,,54.76779437262609,q1,ACQUIRE_DECISION_RELEVANT_EVIDENCE_BUDGET_NOT_RULED_OUT_BY_CONVERSE,True,,0,207291
REPLICATION,1,q1,ACQUIRE_DECISION_RELEVANT_EVIDENCE_BUDGET_NOT_RULED_OUT_BY_CONVERSE,D3,,,44.06201455643128,q1,ACQUIRE_DECISION_RELEVANT_EVIDENCE_BUDGET_NOT_RULED_OUT_BY_CONVERSE,True,,0,207292
REPLICATION,1,q1,ACQUIRE_DECISION_RELEVANT_EVIDENCE_BUDGET_NOT_RULED_OUT_BY_CONVERSE,D3,,,45.477466408835646,q1,ACQUIRE_DECISION_RELEVANT_EVIDENCE_BUDGET_NOT_RULED_OUT_BY_CONVERSE,True,,0,207293
REPLICATION,1,q1,ACQUIRE_DECISION_RELEVANT_EVIDENCE_BUDGET_NOT_RULED_OUT_BY_CONVERSE,D3,,,32.48227325308881,q1,ACQUIRE_DECISION_RELEVANT_EVIDENCE_BUDGET_NOT_RULED_OUT_BY_CONVERSE,True,,0,207294
REPLICATION,1,q1,ACQUIRE_DECISION_RELEVANT_EVIDENCE_BUDGET_NOT_RULED_OUT_BY_CONVERSE,D3,,,36.34421355066988,q1,ACQUIRE_DECISION_RELEVANT_EVIDENCE_BUDGET_NOT_RULED_OUT_BY_CONVERSE,True,,0,207295
REPLICATION,1,q2,ACQUIRE_DECISION_RELEVANT_EVIDENCE_BUDGET_NOT_RULED_OUT_BY_CONVERSE,D3,,,40.73285794874409,q2,ACQUIRE_DECISION_RELEVANT_EVIDENCE_BUDGET_NOT_RULED_OUT_BY_CONVERSE,True,,0,207296
REPLICATION,1,q1,ACQUIRE_DECISION_RELEVANT_EVIDENCE_BUDGET_NOT_RULED_OUT_BY_CONVERSE,D3,,,57.59012301733028,q1,ACQUIRE_DECISION_RELEVANT_EVIDENCE_BUDGET_NOT_RULED_OUT_BY_CONVERSE,True,,0,207297
REPLICATION,1,q1,ACQUIRE_DECISION_RELEVANT_EVIDENCE_BUDGET_NOT_RULED_OUT_BY_CONVERSE,D3,,,31.792157991186997,q1,ACQUIRE_DECISION_RELEVANT_EVIDENCE_BUDGET_NOT_RULED_OUT_BY_CONVERSE,True,,0,207298
REPLICATION,1,q1,ACQUIRE_DECISION_RELEVANT_EVIDENCE_BUDGET_NOT_RULED_OUT_BY_CONVERSE,D3,,,34.26879870464657,q1,ACQUIRE_DECISION_RELEVANT_EVIDENCE_BUDGET_NOT_RULED_OUT_BY_CONVERSE,True,,0,207299
REPLICATION,1,q1,ACQUIRE_DECISION_RELEVANT_EVIDENCE_BUDGET_NOT_RULED_OUT_BY_CONVERSE,D3,,,46.33549219727862,q1,ACQUIRE_DECISION_RELEVANT_EVIDENCE_BUDGET_NOT_RULED_OUT_BY_CONVERSE,True,,0,207300
REPLICATION,1,q1,ACQUIRE_DECISION_RELEVANT_EVIDENCE_BUDGET_NOT_RULED_OUT_BY_CONVERSE,D3,,,42.53731320754071,q1,ACQUIRE_DECISION_RELEVANT_EVIDENCE_BUDGET_NOT_RULED_OUT_BY_CONVERSE,True,,0,207301
REPLICATION,1,q1,ACQUIRE_DECISION_RELEVANT_EVIDENCE_BUDGET_NOT_RULED_OUT_BY_CONVERSE,D3,,,52.337232239025504,q1,ACQUIRE_DECISION_RELEVANT_EVIDENCE_BUDGET_NOT_RULED_OUT_BY_CONVERSE,True,,0,207302
REPLICATION,1,q1,ACQUIRE_DECISION_RELEVANT_EVIDENCE_BUDGET_NOT_RULED_OUT_BY_CONVERSE,D3,,,38.692998192499175,q1,ACQUIRE_DECISION_RELEVANT_EVIDENCE_BUDGET_NOT_RULED_OUT_BY_CONVERSE,True,,0,207303
REPLICATION,1,q1,ACQUIRE_DECISION_RELEVANT_EVIDENCE_BUDGET_NOT_RULED_OUT_BY_CONVERSE,D3,,,44.586219996535235,q1,ACQUIRE_DECISION_RELEVANT_EVIDENCE_BUDGET_NOT_RULED_OUT_BY_CONVERSE,True,,0,207304
REPLICATION,1,q1,ACQUIRE_DECISION_RELEVANT_EVIDENCE_BUDGET_NOT_RULED_OUT_BY_CONVERSE,D3,,,42.37285500467218,q1,ACQUIRE_DECISION_RELEVANT_EVIDENCE_BUDGET_NOT_RULED_OUT_BY_CONVERSE,True,,0,207305
REPLICATION,1,q1,ACQUIRE_DECISION_RELEVANT_EVIDENCE_BUDGET_NOT_RULED_OUT_BY_CONVERSE,D3,,,32.052033796511296,q1,ACQUIRE_DECISION_RELEVANT_EVIDENCE_BUDGET_NOT_RULED_OUT_BY_CONVERSE,True,,0,207306
REPLICATION,1,q2,ACQUIRE_DECISION_RELEVANT_EVIDENCE_BUDGET_NOT_RULED_OUT_BY_CONVERSE,D3,,,46.05453767911245,q2,ACQUIRE_DECISION_RELEVANT_EVIDENCE_BUDGET_NOT_RULED_OUT_BY_CONVERSE,True,,0,207307
REPLICATION,1,q2,ACQUIRE_DECISION_RELEVANT_EVIDENCE_BUDGET_NOT_RULED_OUT_BY_CONVERSE,D3,,,38.7478469650319,q2,ACQUIRE_DECISION_RELEVANT_EVIDENCE_BUDGET_NOT_RULED_OUT_BY_CONVERSE,True,,0,207308
REPLICATION,1,q1,ACQUIRE_DECISION_RELEVANT_EVIDENCE_BUDGET_NOT_RULED_OUT_BY_CONVERSE,D3,,,37.07081793588391,q1,ACQUIRE_DECISION_RELEVANT_EVIDENCE_BUDGET_NOT_RULED_OUT_BY_CONVERSE,True,,0,207309
REPLICATION,1,q1,ACQUIRE_DECISION_RELEVANT_EVIDENCE_BUDGET_NOT_RULED_OUT_BY_CONVERSE,D3,,,34.163011893954746,q1,ACQUIRE_DECISION_RELEVANT_EVIDENCE_BUDGET_NOT_RULED_OUT_BY_CONVERSE,True,,0,207310
REPLICATION,1,q1,ACQUIRE_DECISION_RELEVANT_EVIDENCE_BUDGET_NOT_RULED_OUT_BY_CONVERSE,D3,,,37.64538776730559,q1,ACQUIRE_DECISION_RELEVANT_EVIDENCE_BUDGET_NOT_RULED_OUT_BY_CONVERSE,True,,0,207311
REPLICATION,1,q1,ACQUIRE_DECISION_RELEVANT_EVIDENCE_BUDGET_NOT_RULED_OUT_BY_CONVERSE,D3,,,32.23792115280972,q1,ACQUIRE_DECISION_RELEVANT_EVIDENCE_BUDGET_NOT_RULED_OUT_BY_CONVERSE,True,,0,207312
REPLICATION,1,q1,ACQUIRE_DECISION_RELEVANT_EVIDENCE_BUDGET_NOT_RULED_OUT_BY_CONVERSE,D3,,,42.53465086159835,q1,ACQUIRE_DECISION_RELEVANT_EVIDENCE_BUDGET_NOT_RULED_OUT_BY_CONVERSE,True,,0,207313
REPLICATION,1,q1,ACQUIRE_DECISION_RELEVANT_EVIDENCE_BUDGET_NOT_RULED_OUT_BY_CONVERSE,D3,,,37.35395900254101,q1,ACQUIRE_DECISION_RELEVANT_EVIDENCE_BUDGET_NOT_RULED_OUT_BY_CONVERSE,True,,0,207314
REPLICATION,1,q2,ACQUIRE_DECISION_RELEVANT_EVIDENCE_BUDGET_NOT_RULED_OUT_BY_CONVERSE,D3,,,49.04298465792148,q2,ACQUIRE_DECISION_RELEVANT_EVIDENCE_BUDGET_NOT_RULED_OUT_BY_CONVERSE,True,,0,207315
REPLICATION,1,q1,ACQUIRE_DECISION_RELEVANT_EVIDENCE_BUDGET_NOT_RULED_OUT_BY_CONVERSE,D3,,,43.02327748169901,q1,ACQUIRE_DECISION_RELEVANT_EVIDENCE_BUDGET_NOT_RULED_OUT_BY_CONVERSE,True,,0,207316
REPLICATION,1,q1,ACQUIRE_DECISION_RELEVANT_EVIDENCE_BUDGET_NOT_RULED_OUT_BY_CONVERSE,D3,,,43.36930559595572,q1,ACQUIRE_DECISION_RELEVANT_EVIDENCE_BUDGET_NOT_RULED_OUT_BY_CONVERSE,True,,0,207317
REPLICATION,1,q1,ACQUIRE_DECISION_RELEVANT_EVIDENCE_BUDGET_NOT_RULED_OUT_BY_CONVERSE,D3,,,34.42414420669441,q1,ACQUIRE_DECISION_RELEVANT_EVIDENCE_BUDGET_NOT_RULED_OUT_BY_CONVERSE,True,,0,207318
REPLICATION,1,q1,ACQUIRE_DECISION_RELEVANT_EVIDENCE_BUDGET_NOT_RULED_OUT_BY_CONVERSE,D3,,,36.37179244345312,q1,ACQUIRE_DECISION_RELEVANT_EVIDENCE_BUDGET_NOT_RULED_OUT_BY_CONVERSE,True,,0,207319
REPLICATION,1,q2,ACQUIRE_DECISION_RELEVANT_EVIDENCE_BUDGET_NOT_RULED_OUT_BY_CONVERSE,D3,,,38.19301537480103,q2,ACQUIRE_DECISION_RELEVANT_EVIDENCE_BUDGET_NOT_RULED_OUT_BY_CONVERSE,True,,0,207320
REPLICATION,1,q1,ACQUIRE_DECISION_RELEVANT_EVIDENCE_BUDGET_NOT_RULED_OUT_BY_CONVERSE,D3,,,25.86415039541773,q1,ACQUIRE_DECISION_RELEVANT_EVIDENCE_BUDGET_NOT_RULED_OUT_BY_CONVERSE,True,,0,207321
REPLICATION,1,q1,ACQUIRE_DECISION_RELEVANT_EVIDENCE_BUDGET_NOT_RULED_OUT_BY_CONVERSE,D3,,,48.528566367900304,q1,ACQUIRE_DECISION_RELEVANT_EVIDENCE_BUDGET_NOT_RULED_OUT_BY_CONVERSE,True,,0,207322
REPLICATION,1,q1,ACQUIRE_DECISION_RELEVANT_EVIDENCE_BUDGET_NOT_RULED_OUT_BY_CONVERSE,D3,,,41.46055362633005,q1,ACQUIRE_DECISION_RELEVANT_EVIDENCE_BUDGET_NOT_RULED_OUT_BY_CONVERSE,True,,0,207323
REPLICATION,1,q1,ACQUIRE_DECISION_RELEVANT_EVIDENCE_BUDGET_NOT_RULED_OUT_BY_CONVERSE,D3,,,36.404913733394274,q1,ACQUIRE_DECISION_RELEVANT_EVIDENCE_BUDGET_NOT_RULED_OUT_BY_CONVERSE,True,,0,207324
REPLICATION,1,q1,ACQUIRE_DECISION_RELEVANT_EVIDENCE_BUDGET_NOT_RULED_OUT_BY_CONVERSE,D3,,,36.776835718596416,q1,ACQUIRE_DECISION_RELEVANT_EVIDENCE_BUDGET_NOT_RULED_OUT_BY_CONVERSE,True,,0,207325
REPLICATION,1,q1,ACQUIRE_DECISION_RELEVANT_EVIDENCE_BUDGET_NOT_RULED_OUT_BY_CONVERSE,D3,,,31.340906893385185,q1,ACQUIRE_DECISION_RELEVANT_EVIDENCE_BUDGET_NOT_RULED_OUT_BY_CONVERSE,True,,0,207326
REPLICATION,1,q1,ACQUIRE_DECISION_RELEVANT_EVIDENCE_BUDGET_NOT_RULED_OUT_BY_CONVERSE,D3,,,32.12056235615641,q1,ACQUIRE_DECISION_RELEVANT_EVIDENCE_BUDGET_NOT_RULED_OUT_BY_CONVERSE,True,,0,207327
REPLICATION,1,q1,ACQUIRE_DECISION_RELEVANT_EVIDENCE_BUDGET_NOT_RULED_OUT_BY_CONVERSE,D3,,,32.08972783120773,q1,ACQUIRE_DECISION_RELEVANT_EVIDENCE_BUDGET_NOT_RULED_OUT_BY_CONVERSE,True,,0,207328
REPLICATION,1,decision,ACQUIRE_DECISION_RELEVANT_EVIDENCE_BUDGET_NOT_RULED_OUT_BY_CONVERSE,D4,,,34.60423111835047,decision,ACQUIRE_DECISION_RELEVANT_EVIDENCE_BUDGET_NOT_RULED_OUT_BY_CONVERSE,True,,1,208201
REPLICATION,1,decision,ACQUIRE_DECISION_RELEVANT_EVIDENCE_BUDGET_NOT_RULED_OUT_BY_CONVERSE,D4,,,35.354743002983916,decision,ACQUIRE_DECISION_RELEVANT_EVIDENCE_BUDGET_NOT_RULED_OUT_BY_CONVERSE,True,,1,208202
REPLICATION,1,decision,ACQUIRE_DECISION_RELEVANT_EVIDENCE_BUDGET_NOT_RULED_OUT_BY_CONVERSE,D4,,,34.057756170137935,decision,ACQUIRE_DECISION_RELEVANT_EVIDENCE_BUDGET_NOT_RULED_OUT_BY_CONVERSE,True,,1,208203
REPLICATION,1,decision,ACQUIRE_DECISION_RELEVANT_EVIDENCE_BUDGET_NOT_RULED_OUT_BY_CONVERSE,D4,,,31.096461498109242,decision,ACQUIRE_DECISION_RELEVANT_EVIDENCE_BUDGET_NOT_RULED_OUT_BY_CONVERSE,True,,1,208204
REPLICATION,1,decision,ACQUIRE_DECISION_RELEVANT_EVIDENCE_BUDGET_NOT_RULED_OUT_BY_CONVERSE,D4,,,31.60758764557548,decision,ACQUIRE_DECISION_RELEVANT_EVIDENCE_BUDGET_NOT_RULED_OUT_BY_CONVERSE,True,,1,208205
REPLICATION,1,decision,ACQUIRE_DECISION_RELEVANT_EVIDENCE_BUDGET_NOT_RULED_OUT_BY_CONVERSE,D4,,,25.440309834599113,decision,ACQUIRE_DECISION_RELEVANT_EVIDENCE_BUDGET_NOT_RULED_OUT_BY_CONVERSE,True,,1,208206
REPLICATION,1,decision,ACQUIRE_DECISION_RELEVANT_EVIDENCE_BUDGET_NOT_RULED_OUT_BY_CONVERSE,D4,,,24.83985185211288,decision,ACQUIRE_DECISION_RELEVANT_EVIDENCE_BUDGET_NOT_RULED_OUT_BY_CONVERSE,True,,1,208207
REPLICATION,1,decision,ACQUIRE_DECISION_RELEVANT_EVIDENCE_BUDGET_NOT_RULED_OUT_BY_CONVERSE,D4,,,29.728064300445325,decision,ACQUIRE_DECISION_RELEVANT_EVIDENCE_BUDGET_NOT_RULED_OUT_BY_CONVERSE,True,,1,208208
REPLICATION,1,decision,ACQUIRE_DECISION_RELEVANT_EVIDENCE_BUDGET_NOT_RULED_OUT_BY_CONVERSE,D4,,,23.236307048186738,decision,ACQUIRE_DECISION_RELEVANT_EVIDENCE_BUDGET_NOT_RULED_OUT_BY_CONVERSE,True,,1,208209
REPLICATION,1,decision,ACQUIRE_DECISION_RELEVANT_EVIDENCE_BUDGET_NOT_RULED_OUT_BY_CONVERSE,D4,,,27.137329716407532,decision,ACQUIRE_DECISION_RELEVANT_EVIDENCE_BUDGET_NOT_RULED_OUT_BY_CONVERSE,True,,1,208210
REPLICATION,1,decision,ACQUIRE_DECISION_RELEVANT_EVIDENCE_BUDGET_NOT_RULED_OUT_BY_CONVERSE,D4,,,24.3704620442607,decision,ACQUIRE_DECISION_RELEVANT_EVIDENCE_BUDGET_NOT_RULED_OUT_BY_CONVERSE,True,,1,208211
REPLICATION,1,decision,ACQUIRE_DECISION_RELEVANT_EVIDENCE_BUDGET_NOT_RULED_OUT_BY_CONVERSE,D4,,,32.74680015427793,decision,ACQUIRE_DECISION_RELEVANT_EVIDENCE_BUDGET_NOT_RULED_OUT_BY_CONVERSE,True,,1,208212
REPLICATION,1,decision,ACQUIRE_DECISION_RELEVANT_EVIDENCE_BUDGET_NOT_RULED_OUT_BY_CONVERSE,D4,,,39.37926785195431,decision,ACQUIRE_DECISION_RELEVANT_EVIDENCE_BUDGET_NOT_RULED_OUT_BY_CONVERSE,True,,1,208213
REPLICATION,1,decision,ACQUIRE_DECISION_RELEVANT_EVIDENCE_BUDGET_NOT_RULED_OUT_BY_CONVERSE,D4,,,29.157234054788344,decision,ACQUIRE_DECISION_RELEVANT_EVIDENCE_BUDGET_NOT_RULED_OUT_BY_CONVERSE,True,,1,208214
REPLICATION,1,decision,ACQUIRE_DECISION_RELEVANT_EVIDENCE_BUDGET_NOT_RULED_OUT_BY_CONVERSE,D4,,,24.976945621803086,decision,ACQUIRE_DECISION_RELEVANT_EVIDENCE_BUDGET_NOT_RULED_OUT_BY_CONVERSE,True,,1,208215
REPLICATION,1,decision,ACQUIRE_DECISION_RELEVANT_EVIDENCE_BUDGET_NOT_RULED_OUT_BY_CONVERSE,D4,,,31.267914807575416,decision,ACQUIRE_DECISION_RELEVANT_EVIDENCE_BUDGET_NOT_RULED_OUT_BY_CONVERSE,True,,1,208216
REPLICATION,1,decision,ACQUIRE_DECISION_RELEVANT_EVIDENCE_BUDGET_NOT_RULED_OUT_BY_CONVERSE,D4,,,27.162047904183712,decision,ACQUIRE_DECISION_RELEVANT_EVIDENCE_BUDGET_NOT_RULED_OUT_BY_CONVERSE,True,,1,208217
REPLICATION,1,decision,ACQUIRE_DECISION_RELEVANT_EVIDENCE_BUDGET_NOT_RULED_OUT_BY_CONVERSE,D4,,,30.62304406377766,decision,ACQUIRE_DECISION_RELEVANT_EVIDENCE_BUDGET_NOT_RULED_OUT_BY_CONVERSE,True,,1,208218
REPLICATION,1,decision,ACQUIRE_DECISION_RELEVANT_EVIDENCE_BUDGET_NOT_RULED_OUT_BY_CONVERSE,D4,,,35.08846000201373,decision,ACQUIRE_DECISION_RELEVANT_EVIDENCE_BUDGET_NOT_RULED_OUT_BY_CONVERSE,True,,1,208219
REPLICATION,1,decision,ACQUIRE_DECISION_RELEVANT_EVIDENCE_BUDGET_NOT_RULED_OUT_BY_CONVERSE,D4,,,39.26568071343456,decision,ACQUIRE_DECISION_RELEVANT_EVIDENCE_BUDGET_NOT_RULED_OUT_BY_CONVERSE,True,,1,208220
REPLICATION,1,decision,ACQUIRE_DECISION_RELEVANT_EVIDENCE_BUDGET_NOT_RULED_OUT_BY_CONVERSE,D4,,,25.04861043510166,decision,ACQUIRE_DECISION_RELEVANT_EVIDENCE_BUDGET_NOT_RULED_OUT_BY_CONVERSE,True,,1,208221
REPLICATION,1,decision,ACQUIRE_DECISION_RELEVANT_EVIDENCE_BUDGET_NOT_RULED_OUT_BY_CONVERSE,D4,,,31.06395391326436,decision,ACQUIRE_DECISION_RELEVANT_EVIDENCE_BUDGET_NOT_RULED_OUT_BY_CONVERSE,True,,1,208222
REPLICATION,1,decision,ACQUIRE_DECISION_RELEVANT_EVIDENCE_BUDGET_NOT_RULED_OUT_BY_CONVERSE,D4,,,34.19526406573992,decision,ACQUIRE_DECISION_RELEVANT_EVIDENCE_BUDGET_NOT_RULED_OUT_BY_CONVERSE,True,,1,208223
REPLICATION,1,decision,ACQUIRE_DECISION_RELEVANT_EVIDENCE_BUDGET_NOT_RULED_OUT_BY_CONVERSE,D4,,,27.953915085088994,decision,ACQUIRE_DECISION_RELEVANT_EVIDENCE_BUDGET_NOT_RULED_OUT_BY_CONVERSE,True,,1,208224
REPLICATION,1,decision,ACQUIRE_DECISION_RELEVANT_EVIDENCE_BUDGET_NOT_RULED_OUT_BY_CONVERSE,D4,,,36.96883353916989,decision,ACQUIRE_DECISION_RELEVANT_EVIDENCE_BUDGET_NOT_RULED_OUT_BY_CONVERSE,True,,1,208225
REPLICATION,1,decision,ACQUIRE_DECISION_RELEVANT_EVIDENCE_BUDGET_NOT_RULED_OUT_BY_CONVERSE,D4,,,25.938598696691418,decision,ACQUIRE_DECISION_RELEVANT_EVIDENCE_BUDGET_NOT_RULED_OUT_BY_CONVERSE,True,,1,208226
REPLICATION,1,decision,ACQUIRE_DECISION_RELEVANT_EVIDENCE_BUDGET_NOT_RULED_OUT_BY_CONVERSE,D4,,,30.042473688580564,decision,ACQUIRE_DECISION_RELEVANT_EVIDENCE_BUDGET_NOT_RULED_OUT_BY_CONVERSE,True,,1,208227
REPLICATION,1,decision,ACQUIRE_DECISION_RELEVANT_EVIDENCE_BUDGET_NOT_RULED_OUT_BY_CONVERSE,D4,,,31.70962782778547,decision,ACQUIRE_DECISION_RELEVANT_EVIDENCE_BUDGET_NOT_RULED_OUT_BY_CONVERSE,True,,1,208228
REPLICATION,1,decision,ACQUIRE_DECISION_RELEVANT_EVIDENCE_BUDGET_NOT_RULED_OUT_BY_CONVERSE,D4,,,28.325685893186016,decision,ACQUIRE_DECISION_RELEVANT_EVIDENCE_BUDGET_NOT_RULED_OUT_BY_CONVERSE,True,,1,208229
REPLICATION,1,decision,ACQUIRE_DECISION_RELEVANT_EVIDENCE_BUDGET_NOT_RULED_OUT_BY_CONVERSE,D4,,,29.099309494424343,decision,ACQUIRE_DECISION_RELEVANT_EVIDENCE_BUDGET_NOT_RULED_OUT_BY_CONVERSE,True,,1,208230
REPLICATION,1,decision,ACQUIRE_DECISION_RELEVANT_EVIDENCE_BUDGET_NOT_RULED_OUT_BY_CONVERSE,D4,,,27.700243140464714,decision,ACQUIRE_DECISION_RELEVANT_EVIDENCE_BUDGET_NOT_RULED_OUT_BY_CONVERSE,True,,1,208231
REPLICATION,1,decision,ACQUIRE_DECISION_RELEVANT_EVIDENCE_BUDGET_NOT_RULED_OUT_BY_CONVERSE,D4,,,33.602609097852046,decision,ACQUIRE_DECISION_RELEVANT_EVIDENCE_BUDGET_NOT_RULED_OUT_BY_CONVERSE,True,,1,208232
REPLICATION,1,decision,ACQUIRE_DECISION_RELEVANT_EVIDENCE_BUDGET_NOT_RULED_OUT_BY_CONVERSE,D4,,,29.221991333665088,decision,ACQUIRE_DECISION_RELEVANT_EVIDENCE_BUDGET_NOT_RULED_OUT_BY_CONVERSE,True,,1,208233
REPLICATION,1,decision,ACQUIRE_DECISION_RELEVANT_EVIDENCE_BUDGET_NOT_RULED_OUT_BY_CONVERSE,D4,,,33.767809723105266,decision,ACQUIRE_DECISION_RELEVANT_EVIDENCE_BUDGET_NOT_RULED_OUT_BY_CONVERSE,True,,1,208234
REPLICATION,1,decision,ACQUIRE_DECISION_RELEVANT_EVIDENCE_BUDGET_NOT_RULED_OUT_BY_CONVERSE,D4,,,23.45190788065872,decision,ACQUIRE_DECISION_RELEVANT_EVIDENCE_BUDGET_NOT_RULED_OUT_BY_CONVERSE,True,,1,208235
REPLICATION,1,decision,ACQUIRE_DECISION_RELEVANT_EVIDENCE_BUDGET_NOT_RULED_OUT_BY_CONVERSE,D4,,,29.74028612345367,decision,ACQUIRE_DECISION_RELEVANT_EVIDENCE_BUDGET_NOT_RULED_OUT_BY_CONVERSE,True,,1,208236
REPLICATION,1,decision,ACQUIRE_DECISION_RELEVANT_EVIDENCE_BUDGET_NOT_RULED_OUT_BY_CONVERSE,D4,,,30.69912002967182,decision,ACQUIRE_DECISION_RELEVANT_EVIDENCE_BUDGET_NOT_RULED_OUT_BY_CONVERSE,True,,1,208237
REPLICATION,1,decision,ACQUIRE_DECISION_RELEVANT_EVIDENCE_BUDGET_NOT_RULED_OUT_BY_CONVERSE,D4,,,34.30263440929257,decision,ACQUIRE_DECISION_RELEVANT_EVIDENCE_BUDGET_NOT_RULED_OUT_BY_CONVERSE,True,,1,208238
REPLICATION,1,decision,ACQUIRE_DECISION_RELEVANT_EVIDENCE_BUDGET_NOT_RULED_OUT_BY_CONVERSE,D4,,,26.296515597923538,decision,ACQUIRE_DECISION_RELEVANT_EVIDENCE_BUDGET_NOT_RULED_OUT_BY_CONVERSE,True,,1,208239
REPLICATION,1,decision,ACQUIRE_DECISION_RELEVANT_EVIDENCE_BUDGET_NOT_RULED_OUT_BY_CONVERSE,D4,,,25.042341497481335,decision,ACQUIRE_DECISION_RELEVANT_EVIDENCE_BUDGET_NOT_RULED_OUT_BY_CONVERSE,True,,1,208240
REPLICATION,1,decision,ACQUIRE_DECISION_RELEVANT_EVIDENCE_BUDGET_NOT_RULED_OUT_BY_CONVERSE,D4,,,35.22805692620962,decision,ACQUIRE_DECISION_RELEVANT_EVIDENCE_BUDGET_NOT_RULED_OUT_BY_CONVERSE,True,,1,208241
REPLICATION,1,decision,ACQUIRE_DECISION_RELEVANT_EVIDENCE_BUDGET_NOT_RULED_OUT_BY_CONVERSE,D4,,,33.288300663207025,decision,ACQUIRE_DECISION_RELEVANT_EVIDENCE_BUDGET_NOT_RULED_OUT_BY_CONVERSE,True,,1,208242
REPLICATION,1,decision,ACQUIRE_DECISION_RELEVANT_EVIDENCE_BUDGET_NOT_RULED_OUT_BY_CONVERSE,D4,,,38.93874435288283,decision,ACQUIRE_DECISION_RELEVANT_EVIDENCE_BUDGET_NOT_RULED_OUT_BY_CONVERSE,True,,1,208243
REPLICATION,1,decision,ACQUIRE_DECISION_RELEVANT_EVIDENCE_BUDGET_NOT_RULED_OUT_BY_CONVERSE,D4,,,28.43320775959438,decision,ACQUIRE_DECISION_RELEVANT_EVIDENCE_BUDGET_NOT_RULED_OUT_BY_CONVERSE,True,,1,208244
REPLICATION,1,decision,ACQUIRE_DECISION_RELEVANT_EVIDENCE_BUDGET_NOT_RULED_OUT_BY_CONVERSE,D4,,,25.340779188514894,decision,ACQUIRE_DECISION_RELEVANT_EVIDENCE_BUDGET_NOT_RULED_OUT_BY_CONVERSE,True,,1,208245
REPLICATION,1,decision,ACQUIRE_DECISION_RELEVANT_EVIDENCE_BUDGET_NOT_RULED_OUT_BY_CONVERSE,D4,,,34.44116135411209,decision,ACQUIRE_DECISION_RELEVANT_EVIDENCE_BUDGET_NOT_RULED_OUT_BY_CONVERSE,True,,1,208246
REPLICATION,1,decision,ACQUIRE_DECISION_RELEVANT_EVIDENCE_BUDGET_NOT_RULED_OUT_BY_CONVERSE,D4,,,24.425994063469087,decision,ACQUIRE_DECISION_RELEVANT_EVIDENCE_BUDGET_NOT_RULED_OUT_BY_CONVERSE,True,,1,208247
REPLICATION,1,decision,ACQUIRE_DECISION_RELEVANT_EVIDENCE_BUDGET_NOT_RULED_OUT_BY_CONVERSE,D4,,,25.89301820814189,decision,ACQUIRE_DECISION_RELEVANT_EVIDENCE_BUDGET_NOT_RULED_OUT_BY_CONVERSE,True,,1,208248
REPLICATION,1,decision,ACQUIRE_DECISION_RELEVANT_EVIDENCE_BUDGET_NOT_RULED_OUT_BY_CONVERSE,D4,,,30.91696568847978,decision,ACQUIRE_DECISION_RELEVANT_EVIDENCE_BUDGET_NOT_RULED_OUT_BY_CONVERSE,True,,1,208249
REPLICATION,1,decision,ACQUIRE_DECISION_RELEVANT_EVIDENCE_BUDGET_NOT_RULED_OUT_BY_CONVERSE,D4,,,40.84241827576062,decision,ACQUIRE_DECISION_RELEVANT_EVIDENCE_BUDGET_NOT_RULED_OUT_BY_CONVERSE,True,,1,208250
REPLICATION,1,decision,ACQUIRE_DECISION_RELEVANT_EVIDENCE_BUDGET_NOT_RULED_OUT_BY_CONVERSE,D4,,,25.338542378564643,decision,ACQUIRE_DECISION_RELEVANT_EVIDENCE_BUDGET_NOT_RULED_OUT_BY_CONVERSE,True,,1,208251
REPLICATION,1,decision,ACQUIRE_DECISION_RELEVANT_EVIDENCE_BUDGET_NOT_RULED_OUT_BY_CONVERSE,D4,,,33.75301826882014,decision,ACQUIRE_DECISION_RELEVANT_EVIDENCE_BUDGET_NOT_RULED_OUT_BY_CONVERSE,True,,1,208252
REPLICATION,1,decision,ACQUIRE_DECISION_RELEVANT_EVIDENCE_BUDGET_NOT_RULED_OUT_BY_CONVERSE,D4,,,31.330052883397368,decision,ACQUIRE_DECISION_RELEVANT_EVIDENCE_BUDGET_NOT_RULED_OUT_BY_CONVERSE,True,,1,208253
REPLICATION,1,decision,ACQUIRE_DECISION_RELEVANT_EVIDENCE_BUDGET_NOT_RULED_OUT_BY_CONVERSE,D4,,,25.6440114704405,decision,ACQUIRE_DECISION_RELEVANT_EVIDENCE_BUDGET_NOT_RULED_OUT_BY_CONVERSE,True,,1,208254
REPLICATION,1,decision,ACQUIRE_DECISION_RELEVANT_EVIDENCE_BUDGET_NOT_RULED_OUT_BY_CONVERSE,D4,,,34.46956345228861,decision,ACQUIRE_DECISION_RELEVANT_EVIDENCE_BUDGET_NOT_RULED_OUT_BY_CONVERSE,True,,1,208255
REPLICATION,1,decision,ACQUIRE_DECISION_RELEVANT_EVIDENCE_BUDGET_NOT_RULED_OUT_BY_CONVERSE,D4,,,40.89546093475209,decision,ACQUIRE_DECISION_RELEVANT_EVIDENCE_BUDGET_NOT_RULED_OUT_BY_CONVERSE,True,,1,208256
REPLICATION,1,decision,ACQUIRE_DECISION_RELEVANT_EVIDENCE_BUDGET_NOT_RULED_OUT_BY_CONVERSE,D4,,,24.399964111636848,decision,ACQUIRE_DECISION_RELEVANT_EVIDENCE_BUDGET_NOT_RULED_OUT_BY_CONVERSE,True,,1,208257
REPLICATION,1,decision,ACQUIRE_DECISION_RELEVANT_EVIDENCE_BUDGET_NOT_RULED_OUT_BY_CONVERSE,D4,,,23.923187906337514,decision,ACQUIRE_DECISION_RELEVANT_EVIDENCE_BUDGET_NOT_RULED_OUT_BY_CONVERSE,True,,1,208258
REPLICATION,1,decision,ACQUIRE_DECISION_RELEVANT_EVIDENCE_BUDGET_NOT_RULED_OUT_BY_CONVERSE,D4,,,27.74893013002713,decision,ACQUIRE_DECISION_RELEVANT_EVIDENCE_BUDGET_NOT_RULED_OUT_BY_CONVERSE,True,,1,208259
REPLICATION,1,decision,ACQUIRE_DECISION_RELEVANT_EVIDENCE_BUDGET_NOT_RULED_OUT_BY_CONVERSE,D4,,,37.601817646095704,decision,ACQUIRE_DECISION_RELEVANT_EVIDENCE_BUDGET_NOT_RULED_OUT_BY_CONVERSE,True,,1,208260
REPLICATION,1,decision,ACQUIRE_DECISION_RELEVANT_EVIDENCE_BUDGET_NOT_RULED_OUT_BY_CONVERSE,D4,,,32.254534748095104,decision,ACQUIRE_DECISION_RELEVANT_EVIDENCE_BUDGET_NOT_RULED_OUT_BY_CONVERSE,True,,1,208261
REPLICATION,1,decision,ACQUIRE_DECISION_RELEVANT_EVIDENCE_BUDGET_NOT_RULED_OUT_BY_CONVERSE,D4,,,28.567732274664788,decision,ACQUIRE_DECISION_RELEVANT_EVIDENCE_BUDGET_NOT_RULED_OUT_BY_CONVERSE,True,,1,208262
REPLICATION,1,decision,ACQUIRE_DECISION_RELEVANT_EVIDENCE_BUDGET_NOT_RULED_OUT_BY_CONVERSE,D4,,,23.942767540792715,decision,ACQUIRE_DECISION_RELEVANT_EVIDENCE_BUDGET_NOT_RULED_OUT_BY_CONVERSE,True,,1,208263
REPLICATION,1,decision,ACQUIRE_DECISION_RELEVANT_EVIDENCE_BUDGET_NOT_RULED_OUT_BY_CONVERSE,D4,,,33.064584765319594,decision,ACQUIRE_DECISION_RELEVANT_EVIDENCE_BUDGET_NOT_RULED_OUT_BY_CONVERSE,True,,1,208264
REPLICATION,1,decision,ACQUIRE_DECISION_RELEVANT_EVIDENCE_BUDGET_NOT_RULED_OUT_BY_CONVERSE,D4,,,23.943021137340068,decision,ACQUIRE_DECISION_RELEVANT_EVIDENCE_BUDGET_NOT_RULED_OUT_BY_CONVERSE,True,,1,208265
REPLICATION,1,decision,ACQUIRE_DECISION_RELEVANT_EVIDENCE_BUDGET_NOT_RULED_OUT_BY_CONVERSE,D4,,,38.39894848726156,decision,ACQUIRE_DECISION_RELEVANT_EVIDENCE_BUDGET_NOT_RULED_OUT_BY_CONVERSE,True,,1,208266
REPLICATION,1,decision,ACQUIRE_DECISION_RELEVANT_EVIDENCE_BUDGET_NOT_RULED_OUT_BY_CONVERSE,D4,,,30.957571779709163,decision,ACQUIRE_DECISION_RELEVANT_EVIDENCE_BUDGET_NOT_RULED_OUT_BY_CONVERSE,True,,1,208267
REPLICATION,1,decision,ACQUIRE_DECISION_RELEVANT_EVIDENCE_BUDGET_NOT_RULED_OUT_BY_CONVERSE,D4,,,26.362690205144116,decision,ACQUIRE_DECISION_RELEVANT_EVIDENCE_BUDGET_NOT_RULED_OUT_BY_CONVERSE,True,,1,208268
REPLICATION,1,decision,ACQUIRE_DECISION_RELEVANT_EVIDENCE_BUDGET_NOT_RULED_OUT_BY_CONVERSE,D4,,,40.83081338686777,decision,ACQUIRE_DECISION_RELEVANT_EVIDENCE_BUDGET_NOT_RULED_OUT_BY_CONVERSE,True,,1,208269
REPLICATION,1,decision,ACQUIRE_DECISION_RELEVANT_EVIDENCE_BUDGET_NOT_RULED_OUT_BY_CONVERSE,D4,,,30.300313805133698,decision,ACQUIRE_DECISION_RELEVANT_EVIDENCE_BUDGET_NOT_RULED_OUT_BY_CONVERSE,True,,1,208270
REPLICATION,1,decision,ACQUIRE_DECISION_RELEVANT_EVIDENCE_BUDGET_NOT_RULED_OUT_BY_CONVERSE,D4,,,41.58592260776075,decision,ACQUIRE_DECISION_RELEVANT_EVIDENCE_BUDGET_NOT_RULED_OUT_BY_CONVERSE,True,,1,208271
REPLICATION,1,decision,ACQUIRE_DECISION_RELEVANT_EVIDENCE_BUDGET_NOT_RULED_OUT_BY_CONVERSE,D4,,,37.162195000169135,decision,ACQUIRE_DECISION_RELEVANT_EVIDENCE_BUDGET_NOT_RULED_OUT_BY_CONVERSE,True,,1,208272
REPLICATION,1,decision,ACQUIRE_DECISION_RELEVANT_EVIDENCE_BUDGET_NOT_RULED_OUT_BY_CONVERSE,D4,,,26.772791887284026,decision,ACQUIRE_DECISION_RELEVANT_EVIDENCE_BUDGET_NOT_RULED_OUT_BY_CONVERSE,True,,1,208273
REPLICATION,1,decision,ACQUIRE_DECISION_RELEVANT_EVIDENCE_BUDGET_NOT_RULED_OUT_BY_CONVERSE,D4,,,25.529087570991244,decision,ACQUIRE_DECISION_RELEVANT_EVIDENCE_BUDGET_NOT_RULED_OUT_BY_CONVERSE,True,,1,208274
REPLICATION,1,decision,ACQUIRE_DECISION_RELEVANT_EVIDENCE_BUDGET_NOT_RULED_OUT_BY_CONVERSE,D4,,,38.112697854385374,decision,ACQUIRE_DECISION_RELEVANT_EVIDENCE_BUDGET_NOT_RULED_OUT_BY_CONVERSE,True,,1,208275
REPLICATION,1,decision,ACQUIRE_DECISION_RELEVANT_EVIDENCE_BUDGET_NOT_RULED_OUT_BY_CONVERSE,D4,,,32.540608975856806,decision,ACQUIRE_DECISION_RELEVANT_EVIDENCE_BUDGET_NOT_RULED_OUT_BY_CONVERSE,True,,1,208276
REPLICATION,1,decision,ACQUIRE_DECISION_RELEVANT_EVIDENCE_BUDGET_NOT_RULED_OUT_BY_CONVERSE,D4,,,29.789609435812928,decision,ACQUIRE_DECISION_RELEVANT_EVIDENCE_BUDGET_NOT_RULED_OUT_BY_CONVERSE,True,,1,208277
REPLICATION,1,decision,ACQUIRE_DECISION_RELEVANT_EVIDENCE_BUDGET_NOT_RULED_OUT_BY_CONVERSE,D4,,,40.37107659628237,decision,ACQUIRE_DECISION_RELEVANT_EVIDENCE_BUDGET_NOT_RULED_OUT_BY_CONVERSE,True,,1,208278
REPLICATION,1,decision,ACQUIRE_DECISION_RELEVANT_EVIDENCE_BUDGET_NOT_RULED_OUT_BY_CONVERSE,D4,,,35.533620458026455,decision,ACQUIRE_DECISION_RELEVANT_EVIDENCE_BUDGET_NOT_RULED_OUT_BY_CONVERSE,True,,1,208279
REPLICATION,1,decision,ACQUIRE_DECISION_RELEVANT_EVIDENCE_BUDGET_NOT_RULED_OUT_BY_CONVERSE,D4,,,23.341708938886782,decision,ACQUIRE_DECISION_RELEVANT_EVIDENCE_BUDGET_NOT_RULED_OUT_BY_CONVERSE,True,,1,208280
REPLICATION,1,decision,ACQUIRE_DECISION_RELEVANT_EVIDENCE_BUDGET_NOT_RULED_OUT_BY_CONVERSE,D4,,,40.22221549793632,decision,ACQUIRE_DECISION_RELEVANT_EVIDENCE_BUDGET_NOT_RULED_OUT_BY_CONVERSE,True,,1,208281
REPLICATION,1,decision,ACQUIRE_DECISION_RELEVANT_EVIDENCE_BUDGET_NOT_RULED_OUT_BY_CONVERSE,D4,,,25.701575157826284,decision,ACQUIRE_DECISION_RELEVANT_EVIDENCE_BUDGET_NOT_RULED_OUT_BY_CONVERSE,True,,1,208282
REPLICATION,1,decision,ACQUIRE_DECISION_RELEVANT_EVIDENCE_BUDGET_NOT_RULED_OUT_BY_CONVERSE,D4,,,38.19157578319338,decision,ACQUIRE_DECISION_RELEVANT_EVIDENCE_BUDGET_NOT_RULED_OUT_BY_CONVERSE,True,,1,208283
REPLICATION,1,decision,ACQUIRE_DECISION_RELEVANT_EVIDENCE_BUDGET_NOT_RULED_OUT_BY_CONVERSE,D4,,,26.09388752346832,decision,ACQUIRE_DECISION_RELEVANT_EVIDENCE_BUDGET_NOT_RULED_OUT_BY_CONVERSE,True,,1,208284
REPLICATION,1,decision,ACQUIRE_DECISION_RELEVANT_EVIDENCE_BUDGET_NOT_RULED_OUT_BY_CONVERSE,D4,,,32.528668927951614,decision,ACQUIRE_DECISION_RELEVANT_EVIDENCE_BUDGET_NOT_RULED_OUT_BY_CONVERSE,True,,1,208285
REPLICATION,1,decision,ACQUIRE_DECISION_RELEVANT_EVIDENCE_BUDGET_NOT_RULED_OUT_BY_CONVERSE,D4,,,31.600831700319237,decision,ACQUIRE_DECISION_RELEVANT_EVIDENCE_BUDGET_NOT_RULED_OUT_BY_CONVERSE,True,,1,208286
REPLICATION,1,decision,ACQUIRE_DECISION_RELEVANT_EVIDENCE_BUDGET_NOT_RULED_OUT_BY_CONVERSE,D4,,,23.32904136093474,decision,ACQUIRE_DECISION_RELEVANT_EVIDENCE_BUDGET_NOT_RULED_OUT_BY_CONVERSE,True,,1,208287
REPLICATION,1,decision,ACQUIRE_DECISION_RELEVANT_EVIDENCE_BUDGET_NOT_RULED_OUT_BY_CONVERSE,D4,,,32.95392023389011,decision,ACQUIRE_DECISION_RELEVANT_EVIDENCE_BUDGET_NOT_RULED_OUT_BY_CONVERSE,True,,1,208288
REPLICATION,1,decision,ACQUIRE_DECISION_RELEVANT_EVIDENCE_BUDGET_NOT_RULED_OUT_BY_CONVERSE,D4,,,33.17802933243628,decision,ACQUIRE_DECISION_RELEVANT_EVIDENCE_BUDGET_NOT_RULED_OUT_BY_CONVERSE,True,,1,208289
REPLICATION,1,decision,ACQUIRE_DECISION_RELEVANT_EVIDENCE_BUDGET_NOT_RULED_OUT_BY_CONVERSE,D4,,,37.9902626347822,decision,ACQUIRE_DECISION_RELEVANT_EVIDENCE_BUDGET_NOT_RULED_OUT_BY_CONVERSE,True,,1,208290
REPLICATION,1,decision,ACQUIRE_DECISION_RELEVANT_EVIDENCE_BUDGET_NOT_RULED_OUT_BY_CONVERSE,D4,,,37.593472268313036,decision,ACQUIRE_DECISION_RELEVANT_EVIDENCE_BUDGET_NOT_RULED_OUT_BY_CONVERSE,True,,1,208291
REPLICATION,1,decision,ACQUIRE_DECISION_RELEVANT_EVIDENCE_BUDGET_NOT_RULED_OUT_BY_CONVERSE,D4,,,23.844123688952248,decision,ACQUIRE_DECISION_RELEVANT_EVIDENCE_BUDGET_NOT_RULED_OUT_BY_CONVERSE,True,,1,208292
REPLICATION,1,decision,ACQUIRE_DECISION_RELEVANT_EVIDENCE_BUDGET_NOT_RULED_OUT_BY_CONVERSE,D4,,,25.345940946514226,decision,ACQUIRE_DECISION_RELEVANT_EVIDENCE_BUDGET_NOT_RULED_OUT_BY_CONVERSE,True,,1,208293
REPLICATION,1,decision,ACQUIRE_DECISION_RELEVANT_EVIDENCE_BUDGET_NOT_RULED_OUT_BY_CONVERSE,D4,,,32.15055203800154,decision,ACQUIRE_DECISION_RELEVANT_EVIDENCE_BUDGET_NOT_RULED_OUT_BY_CONVERSE,True,,1,208294
REPLICATION,1,decision,ACQUIRE_DECISION_RELEVANT_EVIDENCE_BUDGET_NOT_RULED_OUT_BY_CONVERSE,D4,,,24.82674140031571,decision,ACQUIRE_DECISION_RELEVANT_EVIDENCE_BUDGET_NOT_RULED_OUT_BY_CONVERSE,True,,1,208295
REPLICATION,1,decision,ACQUIRE_DECISION_RELEVANT_EVIDENCE_BUDGET_NOT_RULED_OUT_BY_CONVERSE,D4,,,25.64038370962431,decision,ACQUIRE_DECISION_RELEVANT_EVIDENCE_BUDGET_NOT_RULED_OUT_BY_CONVERSE,True,,1,208296
REPLICATION,1,decision,ACQUIRE_DECISION_RELEVANT_EVIDENCE_BUDGET_NOT_RULED_OUT_BY_CONVERSE,D4,,,28.201806468903794,decision,ACQUIRE_DECISION_RELEVANT_EVIDENCE_BUDGET_NOT_RULED_OUT_BY_CONVERSE,True,,1,208297
REPLICATION,1,decision,ACQUIRE_DECISION_RELEVANT_EVIDENCE_BUDGET_NOT_RULED_OUT_BY_CONVERSE,D4,,,28.621145311223646,decision,ACQUIRE_DECISION_RELEVANT_EVIDENCE_BUDGET_NOT_RULED_OUT_BY_CONVERSE,True,,1,208298
REPLICATION,1,decision,ACQUIRE_DECISION_RELEVANT_EVIDENCE_BUDGET_NOT_RULED_OUT_BY_CONVERSE,D4,,,25.922012826875616,decision,ACQUIRE_DECISION_RELEVANT_EVIDENCE_BUDGET_NOT_RULED_OUT_BY_CONVERSE,True,,1,208299
REPLICATION,1,decision,ACQUIRE_DECISION_RELEVANT_EVIDENCE_BUDGET_NOT_RULED_OUT_BY_CONVERSE,D4,,,28.63033381385177,decision,ACQUIRE_DECISION_RELEVANT_EVIDENCE_BUDGET_NOT_RULED_OUT_BY_CONVERSE,True,,1,208300
REPLICATION,1,decision,ACQUIRE_DECISION_RELEVANT_EVIDENCE_BUDGET_NOT_RULED_OUT_BY_CONVERSE,D4,,,25.807532715381093,decision,ACQUIRE_DECISION_RELEVANT_EVIDENCE_BUDGET_NOT_RULED_OUT_BY_CONVERSE,True,,1,208301
REPLICATION,1,decision,ACQUIRE_DECISION_RELEVANT_EVIDENCE_BUDGET_NOT_RULED_OUT_BY_CONVERSE,D4,,,24.636175675916192,decision,ACQUIRE_DECISION_RELEVANT_EVIDENCE_BUDGET_NOT_RULED_OUT_BY_CONVERSE,True,,1,208302
REPLICATION,1,decision,ACQUIRE_DECISION_RELEVANT_EVIDENCE_BUDGET_NOT_RULED_OUT_BY_CONVERSE,D4,,,36.465262749464294,decision,ACQUIRE_DECISION_RELEVANT_EVIDENCE_BUDGET_NOT_RULED_OUT_BY_CONVERSE,True,,1,208303
REPLICATION,1,decision,ACQUIRE_DECISION_RELEVANT_EVIDENCE_BUDGET_NOT_RULED_OUT_BY_CONVERSE,D4,,,31.341259316920482,decision,ACQUIRE_DECISION_RELEVANT_EVIDENCE_BUDGET_NOT_RULED_OUT_BY_CONVERSE,True,,1,208304
REPLICATION,1,decision,ACQUIRE_DECISION_RELEVANT_EVIDENCE_BUDGET_NOT_RULED_OUT_BY_CONVERSE,D4,,,23.58131229614436,decision,ACQUIRE_DECISION_RELEVANT_EVIDENCE_BUDGET_NOT_RULED_OUT_BY_CONVERSE,True,,1,208305
REPLICATION,1,decision,ACQUIRE_DECISION_RELEVANT_EVIDENCE_BUDGET_NOT_RULED_OUT_BY_CONVERSE,D4,,,34.38695061600141,decision,ACQUIRE_DECISION_RELEVANT_EVIDENCE_BUDGET_NOT_RULED_OUT_BY_CONVERSE,True,,1,208306
REPLICATION,1,decision,ACQUIRE_DECISION_RELEVANT_EVIDENCE_BUDGET_NOT_RULED_OUT_BY_CONVERSE,D4,,,29.373799140107845,decision,ACQUIRE_DECISION_RELEVANT_EVIDENCE_BUDGET_NOT_RULED_OUT_BY_CONVERSE,True,,1,208307
REPLICATION,1,decision,ACQUIRE_DECISION_RELEVANT_EVIDENCE_BUDGET_NOT_RULED_OUT_BY_CONVERSE,D4,,,30.249244288746084,decision,ACQUIRE_DECISION_RELEVANT_EVIDENCE_BUDGET_NOT_RULED_OUT_BY_CONVERSE,True,,1,208308
REPLICATION,1,decision,ACQUIRE_DECISION_RELEVANT_EVIDENCE_BUDGET_NOT_RULED_OUT_BY_CONVERSE,D4,,,39.32947547355509,decision,ACQUIRE_DECISION_RELEVANT_EVIDENCE_BUDGET_NOT_RULED_OUT_BY_CONVERSE,True,,1,208309
REPLICATION,1,decision,ACQUIRE_DECISION_RELEVANT_EVIDENCE_BUDGET_NOT_RULED_OUT_BY_CONVERSE,D4,,,41.16374312950622,decision,ACQUIRE_DECISION_RELEVANT_EVIDENCE_BUDGET_NOT_RULED_OUT_BY_CONVERSE,True,,1,208310
REPLICATION,1,decision,ACQUIRE_DECISION_RELEVANT_EVIDENCE_BUDGET_NOT_RULED_OUT_BY_CONVERSE,D4,,,32.06408867136251,decision,ACQUIRE_DECISION_RELEVANT_EVIDENCE_BUDGET_NOT_RULED_OUT_BY_CONVERSE,True,,1,208311
REPLICATION,1,decision,ACQUIRE_DECISION_RELEVANT_EVIDENCE_BUDGET_NOT_RULED_OUT_BY_CONVERSE,D4,,,32.78227395620716,decision,ACQUIRE_DECISION_RELEVANT_EVIDENCE_BUDGET_NOT_RULED_OUT_BY_CONVERSE,True,,1,208312
REPLICATION,1,decision,ACQUIRE_DECISION_RELEVANT_EVIDENCE_BUDGET_NOT_RULED_OUT_BY_CONVERSE,D4,,,34.41877251989854,decision,ACQUIRE_DECISION_RELEVANT_EVIDENCE_BUDGET_NOT_RULED_OUT_BY_CONVERSE,True,,1,208313
REPLICATION,1,decision,ACQUIRE_DECISION_RELEVANT_EVIDENCE_BUDGET_NOT_RULED_OUT_BY_CONVERSE,D4,,,23.624903633893968,decision,ACQUIRE_DECISION_RELEVANT_EVIDENCE_BUDGET_NOT_RULED_OUT_BY_CONVERSE,True,,1,208314
REPLICATION,1,decision,ACQUIRE_DECISION_RELEVANT_EVIDENCE_BUDGET_NOT_RULED_OUT_BY_CONVERSE,D4,,,27.85867192343446,decision,ACQUIRE_DECISION_RELEVANT_EVIDENCE_BUDGET_NOT_RULED_OUT_BY_CONVERSE,True,,1,208315
REPLICATION,1,decision,ACQUIRE_DECISION_RELEVANT_EVIDENCE_BUDGET_NOT_RULED_OUT_BY_CONVERSE,D4,,,31.881238532765238,decision,ACQUIRE_DECISION_RELEVANT_EVIDENCE_BUDGET_NOT_RULED_OUT_BY_CONVERSE,True,,1,208316
REPLICATION,1,decision,ACQUIRE_DECISION_RELEVANT_EVIDENCE_BUDGET_NOT_RULED_OUT_BY_CONVERSE,D4,,,27.892196682269436,decision,ACQUIRE_DECISION_RELEVANT_EVIDENCE_BUDGET_NOT_RULED_OUT_BY_CONVERSE,True,,1,208317
REPLICATION,1,decision,ACQUIRE_DECISION_RELEVANT_EVIDENCE_BUDGET_NOT_RULED_OUT_BY_CONVERSE,D4,,,28.206709468850395,decision,ACQUIRE_DECISION_RELEVANT_EVIDENCE_BUDGET_NOT_RULED_OUT_BY_CONVERSE,True,,1,208318
REPLICATION,1,decision,ACQUIRE_DECISION_RELEVANT_EVIDENCE_BUDGET_NOT_RULED_OUT_BY_CONVERSE,D4,,,29.345876023053382,decision,ACQUIRE_DECISION_RELEVANT_EVIDENCE_BUDGET_NOT_RULED_OUT_BY_CONVERSE,True,,1,208319
REPLICATION,1,decision,ACQUIRE_DECISION_RELEVANT_EVIDENCE_BUDGET_NOT_RULED_OUT_BY_CONVERSE,D4,,,34.787731078192635,decision,ACQUIRE_DECISION_RELEVANT_EVIDENCE_BUDGET_NOT_RULED_OUT_BY_CONVERSE,True,,1,208320
REPLICATION,1,decision,ACQUIRE_DECISION_RELEVANT_EVIDENCE_BUDGET_NOT_RULED_OUT_BY_CONVERSE,D4,,,34.93428611845367,decision,ACQUIRE_DECISION_RELEVANT_EVIDENCE_BUDGET_NOT_RULED_OUT_BY_CONVERSE,True,,1,208321
REPLICATION,1,decision,ACQUIRE_DECISION_RELEVANT_EVIDENCE_BUDGET_NOT_RULED_OUT_BY_CONVERSE,D4,,,41.22157980972309,decision,ACQUIRE_DECISION_RELEVANT_EVIDENCE_BUDGET_NOT_RULED_OUT_BY_CONVERSE,True,,1,208322
REPLICATION,1,decision,ACQUIRE_DECISION_RELEVANT_EVIDENCE_BUDGET_NOT_RULED_OUT_BY_CONVERSE,D4,,,23.9188669760944,decision,ACQUIRE_DECISION_RELEVANT_EVIDENCE_BUDGET_NOT_RULED_OUT_BY_CONVERSE,True,,1,208323
REPLICATION,1,decision,ACQUIRE_DECISION_RELEVANT_EVIDENCE_BUDGET_NOT_RULED_OUT_BY_CONVERSE,D4,,,23.472390848197165,decision,ACQUIRE_DECISION_RELEVANT_EVIDENCE_BUDGET_NOT_RULED_OUT_BY_CONVERSE,True,,1,208324
REPLICATION,1,decision,ACQUIRE_DECISION_RELEVANT_EVIDENCE_BUDGET_NOT_RULED_OUT_BY_CONVERSE,D4,,,40.40330560755242,decision,ACQUIRE_DECISION_RELEVANT_EVIDENCE_BUDGET_NOT_RULED_OUT_BY_CONVERSE,True,,1,208325
REPLICATION,1,decision,ACQUIRE_DECISION_RELEVANT_EVIDENCE_BUDGET_NOT_RULED_OUT_BY_CONVERSE,D4,,,28.888430322789464,decision,ACQUIRE_DECISION_RELEVANT_EVIDENCE_BUDGET_NOT_RULED_OUT_BY_CONVERSE,True,,1,208326
REPLICATION,1,decision,ACQUIRE_DECISION_RELEVANT_EVIDENCE_BUDGET_NOT_RULED_OUT_BY_CONVERSE,D4,,,31.4893765672865,decision,ACQUIRE_DECISION_RELEVANT_EVIDENCE_BUDGET_NOT_RULED_OUT_BY_CONVERSE,True,,1,208327
REPLICATION,1,decision,ACQUIRE_DECISION_RELEVANT_EVIDENCE_BUDGET_NOT_RULED_OUT_BY_CONVERSE,D4,,,35.71257501691784,decision,ACQUIRE_DECISION_RELEVANT_EVIDENCE_BUDGET_NOT_RULED_OUT_BY_CONVERSE,True,,1,208328
REPLICATION,1,capacity,DECISION_ACTION_CAPACITY_BELOW_NECESSARY_BOUND,D5,,,23.556718710945876,capacity,DECISION_ACTION_CAPACITY_BELOW_NECESSARY_BOUND,True,,0,209201
REPLICATION,1,capacity,DECISION_ACTION_CAPACITY_BELOW_NECESSARY_BOUND,D5,,,19.79306755196636,capacity,DECISION_ACTION_CAPACITY_BELOW_NECESSARY_BOUND,True,,0,209202
REPLICATION,1,capacity,DECISION_ACTION_CAPACITY_BELOW_NECESSARY_BOUND,D5,,,20.31330887026336,capacity,DECISION_ACTION_CAPACITY_BELOW_NECESSARY_BOUND,True,,0,209203
REPLICATION,1,capacity,DECISION_ACTION_CAPACITY_BELOW_NECESSARY_BOUND,D5,,,17.665152455009174,capacity,DECISION_ACTION_CAPACITY_BELOW_NECESSARY_BOUND,True,,0,209204
REPLICATION,1,capacity,DECISION_ACTION_CAPACITY_BELOW_NECESSARY_BOUND,D5,,,19.08636919544287,capacity,DECISION_ACTION_CAPACITY_BELOW_NECESSARY_BOUND,True,,0,209205
REPLICATION,1,capacity,DECISION_ACTION_CAPACITY_BELOW_NECESSARY_BOUND,D5,,,25.80436005650267,capacity,DECISION_ACTION_CAPACITY_BELOW_NECESSARY_BOUND,True,,0,209206
REPLICATION,1,capacity,DECISION_ACTION_CAPACITY_BELOW_NECESSARY_BOUND,D5,,,23.890122487495734,capacity,DECISION_ACTION_CAPACITY_BELOW_NECESSARY_BOUND,True,,0,209207
REPLICATION,1,capacity,DECISION_ACTION_CAPACITY_BELOW_NECESSARY_BOUND,D5,,,17.834926261540392,capacity,DECISION_ACTION_CAPACITY_BELOW_NECESSARY_BOUND,True,,0,209208
REPLICATION,1,capacity,DECISION_ACTION_CAPACITY_BELOW_NECESSARY_BOUND,D5,,,21.517514500534336,capacity,DECISION_ACTION_CAPACITY_BELOW_NECESSARY_BOUND,True,,0,209209
REPLICATION,1,capacity,DECISION_ACTION_CAPACITY_BELOW_NECESSARY_BOUND,D5,,,18.263670196000422,capacity,DECISION_ACTION_CAPACITY_BELOW_NECESSARY_BOUND,True,,0,209210
REPLICATION,1,capacity,DECISION_ACTION_CAPACITY_BELOW_NECESSARY_BOUND,D5,,,22.98843174115453,capacity,DECISION_ACTION_CAPACITY_BELOW_NECESSARY_BOUND,True,,0,209211
REPLICATION,1,capacity,DECISION_ACTION_CAPACITY_BELOW_NECESSARY_BOUND,D5,,,22.869661128661537,capacity,DECISION_ACTION_CAPACITY_BELOW_NECESSARY_BOUND,True,,0,209212
REPLICATION,1,capacity,DECISION_ACTION_CAPACITY_BELOW_NECESSARY_BOUND,D5,,,21.04852668391276,capacity,DECISION_ACTION_CAPACITY_BELOW_NECESSARY_BOUND,True,,0,209213
REPLICATION,1,capacity,DECISION_ACTION_CAPACITY_BELOW_NECESSARY_BOUND,D5,,,24.256431939759683,capacity,DECISION_ACTION_CAPACITY_BELOW_NECESSARY_BOUND,True,,0,209214
REPLICATION,1,capacity,DECISION_ACTION_CAPACITY_BELOW_NECESSARY_BOUND,D5,,,18.431712861157024,capacity,DECISION_ACTION_CAPACITY_BELOW_NECESSARY_BOUND,True,,0,209215
REPLICATION,1,capacity,DECISION_ACTION_CAPACITY_BELOW_NECESSARY_BOUND,D5,,,23.80533552902126,capacity,DECISION_ACTION_CAPACITY_BELOW_NECESSARY_BOUND,True,,0,209216
REPLICATION,1,capacity,DECISION_ACTION_CAPACITY_BELOW_NECESSARY_BOUND,D5,,,17.726824763354784,capacity,DECISION_ACTION_CAPACITY_BELOW_NECESSARY_BOUND,True,,0,209217
REPLICATION,1,capacity,DECISION_ACTION_CAPACITY_BELOW_NECESSARY_BOUND,D5,,,23.575852705222456,capacity,DECISION_ACTION_CAPACITY_BELOW_NECESSARY_BOUND,True,,0,209218
REPLICATION,1,capacity,DECISION_ACTION_CAPACITY_BELOW_NECESSARY_BOUND,D5,,,19.48386645727262,capacity,DECISION_ACTION_CAPACITY_BELOW_NECESSARY_BOUND,True,,0,209219
REPLICATION,1,capacity,DECISION_ACTION_CAPACITY_BELOW_NECESSARY_BOUND,D5,,,24.394126223098866,capacity,DECISION_ACTION_CAPACITY_BELOW_NECESSARY_BOUND,True,,0,209220
REPLICATION,1,capacity,DECISION_ACTION_CAPACITY_BELOW_NECESSARY_BOUND,D5,,,20.113337512679802,capacity,DECISION_ACTION_CAPACITY_BELOW_NECESSARY_BOUND,True,,0,209221
REPLICATION,1,capacity,DECISION_ACTION_CAPACITY_BELOW_NECESSARY_BOUND,D5,,,21.897724251773408,capacity,DECISION_ACTION_CAPACITY_BELOW_NECESSARY_BOUND,True,,0,209222
REPLICATION,1,capacity,DECISION_ACTION_CAPACITY_BELOW_NECESSARY_BOUND,D5,,,22.09251157827347,capacity,DECISION_ACTION_CAPACITY_BELOW_NECESSARY_BOUND,True,,0,209223
REPLICATION,1,capacity,DECISION_ACTION_CAPACITY_BELOW_NECESSARY_BOUND,D5,,,23.258890956819275,capacity,DECISION_ACTION_CAPACITY_BELOW_NECESSARY_BOUND,True,,0,209224
REPLICATION,1,capacity,DECISION_ACTION_CAPACITY_BELOW_NECESSARY_BOUND,D5,,,19.06185364678469,capacity,DECISION_ACTION_CAPACITY_BELOW_NECESSARY_BOUND,True,,0,209225
REPLICATION,1,capacity,DECISION_ACTION_CAPACITY_BELOW_NECESSARY_BOUND,D5,,,26.095518141908606,capacity,DECISION_ACTION_CAPACITY_BELOW_NECESSARY_BOUND,True,,0,209226
REPLICATION,1,capacity,DECISION_ACTION_CAPACITY_BELOW_NECESSARY_BOUND,D5,,,17.72097026132631,capacity,DECISION_ACTION_CAPACITY_BELOW_NECESSARY_BOUND,True,,0,209227
REPLICATION,1,capacity,DECISION_ACTION_CAPACITY_BELOW_NECESSARY_BOUND,D5,,,22.708632424839415,capacity,DECISION_ACTION_CAPACITY_BELOW_NECESSARY_BOUND,True,,0,209228
REPLICATION,1,capacity,DECISION_ACTION_CAPACITY_BELOW_NECESSARY_BOUND,D5,,,26.072279458114537,capacity,DECISION_ACTION_CAPACITY_BELOW_NECESSARY_BOUND,True,,0,209229
REPLICATION,1,capacity,DECISION_ACTION_CAPACITY_BELOW_NECESSARY_BOUND,D5,,,22.162703893073655,capacity,DECISION_ACTION_CAPACITY_BELOW_NECESSARY_BOUND,True,,0,209230
REPLICATION,1,capacity,DECISION_ACTION_CAPACITY_BELOW_NECESSARY_BOUND,D5,,,23.729286289973434,capacity,DECISION_ACTION_CAPACITY_BELOW_NECESSARY_BOUND,True,,0,209231
REPLICATION,1,capacity,DECISION_ACTION_CAPACITY_BELOW_NECESSARY_BOUND,D5,,,18.989477828227134,capacity,DECISION_ACTION_CAPACITY_BELOW_NECESSARY_BOUND,True,,0,209232
REPLICATION,1,capacity,DECISION_ACTION_CAPACITY_BELOW_NECESSARY_BOUND,D5,,,25.219294022459536,capacity,DECISION_ACTION_CAPACITY_BELOW_NECESSARY_BOUND,True,,0,209233
REPLICATION,1,capacity,DECISION_ACTION_CAPACITY_BELOW_NECESSARY_BOUND,D5,,,17.428446861518502,capacity,DECISION_ACTION_CAPACITY_BELOW_NECESSARY_BOUND,True,,0,209234
REPLICATION,1,capacity,DECISION_ACTION_CAPACITY_BELOW_NECESSARY_BOUND,D5,,,19.191803059703915,capacity,DECISION_ACTION_CAPACITY_BELOW_NECESSARY_BOUND,True,,0,209235
REPLICATION,1,capacity,DECISION_ACTION_CAPACITY_BELOW_NECESSARY_BOUND,D5,,,18.928841210433664,capacity,DECISION_ACTION_CAPACITY_BELOW_NECESSARY_BOUND,True,,0,209236
REPLICATION,1,capacity,DECISION_ACTION_CAPACITY_BELOW_NECESSARY_BOUND,D5,,,19.89427133748122,capacity,DECISION_ACTION_CAPACITY_BELOW_NECESSARY_BOUND,True,,0,209237
REPLICATION,1,capacity,DECISION_ACTION_CAPACITY_BELOW_NECESSARY_BOUND,D5,,,22.799305566726762,capacity,DECISION_ACTION_CAPACITY_BELOW_NECESSARY_BOUND,True,,0,209238
REPLICATION,1,capacity,DECISION_ACTION_CAPACITY_BELOW_NECESSARY_BOUND,D5,,,18.489877599235367,capacity,DECISION_ACTION_CAPACITY_BELOW_NECESSARY_BOUND,True,,0,209239
REPLICATION,1,capacity,DECISION_ACTION_CAPACITY_BELOW_NECESSARY_BOUND,D5,,,19.394779299620023,capacity,DECISION_ACTION_CAPACITY_BELOW_NECESSARY_BOUND,True,,0,209240
REPLICATION,1,capacity,DECISION_ACTION_CAPACITY_BELOW_NECESSARY_BOUND,D5,,,18.39284369581175,capacity,DECISION_ACTION_CAPACITY_BELOW_NECESSARY_BOUND,True,,0,209241
REPLICATION,1,capacity,DECISION_ACTION_CAPACITY_BELOW_NECESSARY_BOUND,D5,,,23.5630676239098,capacity,DECISION_ACTION_CAPACITY_BELOW_NECESSARY_BOUND,True,,0,209242
REPLICATION,1,capacity,DECISION_ACTION_CAPACITY_BELOW_NECESSARY_BOUND,D5,,,18.41123916394621,capacity,DECISION_ACTION_CAPACITY_BELOW_NECESSARY_BOUND,True,,0,209243
REPLICATION,1,capacity,DECISION_ACTION_CAPACITY_BELOW_NECESSARY_BOUND,D5,,,18.223635067716216,capacity,DECISION_ACTION_CAPACITY_BELOW_NECESSARY_BOUND,True,,0,209244
REPLICATION,1,capacity,DECISION_ACTION_CAPACITY_BELOW_NECESSARY_BOUND,D5,,,23.749210473096298,capacity,DECISION_ACTION_CAPACITY_BELOW_NECESSARY_BOUND,True,,0,209245
REPLICATION,1,capacity,DECISION_ACTION_CAPACITY_BELOW_NECESSARY_BOUND,D5,,,21.428458532122832,capacity,DECISION_ACTION_CAPACITY_BELOW_NECESSARY_BOUND,True,,0,209246
REPLICATION,1,capacity,DECISION_ACTION_CAPACITY_BELOW_NECESSARY_BOUND,D5,,,19.178505837882085,capacity,DECISION_ACTION_CAPACITY_BELOW_NECESSARY_BOUND,True,,0,209247
REPLICATION,1,capacity,DECISION_ACTION_CAPACITY_BELOW_NECESSARY_BOUND,D5,,,25.390448873689326,capacity,DECISION_ACTION_CAPACITY_BELOW_NECESSARY_BOUND,True,,0,209248
REPLICATION,1,capacity,DECISION_ACTION_CAPACITY_BELOW_NECESSARY_BOUND,D5,,,20.73326560923834,capacity,DECISION_ACTION_CAPACITY_BELOW_NECESSARY_BOUND,True,,0,209249
REPLICATION,1,capacity,DECISION_ACTION_CAPACITY_BELOW_NECESSARY_BOUND,D5,,,19.22959250811512,capacity,DECISION_ACTION_CAPACITY_BELOW_NECESSARY_BOUND,True,,0,209250
REPLICATION,1,capacity,DECISION_ACTION_CAPACITY_BELOW_NECESSARY_BOUND,D5,,,20.412612905914845,capacity,DECISION_ACTION_CAPACITY_BELOW_NECESSARY_BOUND,True,,0,209251
REPLICATION,1,capacity,DECISION_ACTION_CAPACITY_BELOW_NECESSARY_BOUND,D5,,,21.185668935520393,capacity,DECISION_ACTION_CAPACITY_BELOW_NECESSARY_BOUND,True,,0,209252
REPLICATION,1,capacity,DECISION_ACTION_CAPACITY_BELOW_NECESSARY_BOUND,D5,,,23.62310000792663,capacity,DECISION_ACTION_CAPACITY_BELOW_NECESSARY_BOUND,True,,0,209253
REPLICATION,1,capacity,DECISION_ACTION_CAPACITY_BELOW_NECESSARY_BOUND,D5,,,19.394129371360062,capacity,DECISION_ACTION_CAPACITY_BELOW_NECESSARY_BOUND,True,,0,209254
REPLICATION,1,capacity,DECISION_ACTION_CAPACITY_BELOW_NECESSARY_BOUND,D5,,,19.667539309967264,capacity,DECISION_ACTION_CAPACITY_BELOW_NECESSARY_BOUND,True,,0,209255
REPLICATION,1,capacity,DECISION_ACTION_CAPACITY_BELOW_NECESSARY_BOUND,D5,,,21.64863806811526,capacity,DECISION_ACTION_CAPACITY_BELOW_NECESSARY_BOUND,True,,0,209256
REPLICATION,1,capacity,DECISION_ACTION_CAPACITY_BELOW_NECESSARY_BOUND,D5,,,21.360901853937886,capacity,DECISION_ACTION_CAPACITY_BELOW_NECESSARY_BOUND,True,,0,209257
REPLICATION,1,capacity,DECISION_ACTION_CAPACITY_BELOW_NECESSARY_BOUND,D5,,,20.797176660615868,capacity,DECISION_ACTION_CAPACITY_BELOW_NECESSARY_BOUND,True,,0,209258
REPLICATION,1,capacity,DECISION_ACTION_CAPACITY_BELOW_NECESSARY_BOUND,D5,,,20.267445927926232,capacity,DECISION_ACTION_CAPACITY_BELOW_NECESSARY_BOUND,True,,0,209259
REPLICATION,1,capacity,DECISION_ACTION_CAPACITY_BELOW_NECESSARY_BOUND,D5,,,22.04021487653823,capacity,DECISION_ACTION_CAPACITY_BELOW_NECESSARY_BOUND,True,,0,209260
REPLICATION,1,capacity,DECISION_ACTION_CAPACITY_BELOW_NECESSARY_BOUND,D5,,,21.44592713028599,capacity,DECISION_ACTION_CAPACITY_BELOW_NECESSARY_BOUND,True,,0,209261
REPLICATION,1,capacity,DECISION_ACTION_CAPACITY_BELOW_NECESSARY_BOUND,D5,,,19.486183559670213,capacity,DECISION_ACTION_CAPACITY_BELOW_NECESSARY_BOUND,True,,0,209262
REPLICATION,1,capacity,DECISION_ACTION_CAPACITY_BELOW_NECESSARY_BOUND,D5,,,21.10932369126309,capacity,DECISION_ACTION_CAPACITY_BELOW_NECESSARY_BOUND,True,,0,209263
REPLICATION,1,capacity,DECISION_ACTION_CAPACITY_BELOW_NECESSARY_BOUND,D5,,,24.410403075196186,capacity,DECISION_ACTION_CAPACITY_BELOW_NECESSARY_BOUND,True,,0,209264
REPLICATION,1,capacity,DECISION_ACTION_CAPACITY_BELOW_NECESSARY_BOUND,D5,,,20.783267652411347,capacity,DECISION_ACTION_CAPACITY_BELOW_NECESSARY_BOUND,True,,0,209265
REPLICATION,1,capacity,DECISION_ACTION_CAPACITY_BELOW_NECESSARY_BOUND,D5,,,21.462054400340108,capacity,DECISION_ACTION_CAPACITY_BELOW_NECESSARY_BOUND,True,,0,209266
REPLICATION,1,capacity,DECISION_ACTION_CAPACITY_BELOW_NECESSARY_BOUND,D5,,,21.152708254643052,capacity,DECISION_ACTION_CAPACITY_BELOW_NECESSARY_BOUND,True,,0,209267
REPLICATION,1,capacity,DECISION_ACTION_CAPACITY_BELOW_NECESSARY_BOUND,D5,,,19.363166691553023,capacity,DECISION_ACTION_CAPACITY_BELOW_NECESSARY_BOUND,True,,0,209268
REPLICATION,1,capacity,DECISION_ACTION_CAPACITY_BELOW_NECESSARY_BOUND,D5,,,18.02975420163082,capacity,DECISION_ACTION_CAPACITY_BELOW_NECESSARY_BOUND,True,,0,209269
REPLICATION,1,capacity,DECISION_ACTION_CAPACITY_BELOW_NECESSARY_BOUND,D5,,,18.85953676527458,capacity,DECISION_ACTION_CAPACITY_BELOW_NECESSARY_BOUND,True,,0,209270
REPLICATION,1,capacity,DECISION_ACTION_CAPACITY_BELOW_NECESSARY_BOUND,D5,,,25.488794482257806,capacity,DECISION_ACTION_CAPACITY_BELOW_NECESSARY_BOUND,True,,0,209271
REPLICATION,1,capacity,DECISION_ACTION_CAPACITY_BELOW_NECESSARY_BOUND,D5,,,21.45009066924155,capacity,DECISION_ACTION_CAPACITY_BELOW_NECESSARY_BOUND,True,,0,209272
REPLICATION,1,capacity,DECISION_ACTION_CAPACITY_BELOW_NECESSARY_BOUND,D5,,,23.66829844670116,capacity,DECISION_ACTION_CAPACITY_BELOW_NECESSARY_BOUND,True,,0,209273
REPLICATION,1,capacity,DECISION_ACTION_CAPACITY_BELOW_NECESSARY_BOUND,D5,,,24.029417673806613,capacity,DECISION_ACTION_CAPACITY_BELOW_NECESSARY_BOUND,True,,0,209274
REPLICATION,1,capacity,DECISION_ACTION_CAPACITY_BELOW_NECESSARY_BOUND,D5,,,22.074193275019997,capacity,DECISION_ACTION_CAPACITY_BELOW_NECESSARY_BOUND,True,,0,209275
REPLICATION,1,capacity,DECISION_ACTION_CAPACITY_BELOW_NECESSARY_BOUND,D5,,,24.191555220955042,capacity,DECISION_ACTION_CAPACITY_BELOW_NECESSARY_BOUND,True,,0,209276
REPLICATION,1,capacity,DECISION_ACTION_CAPACITY_BELOW_NECESSARY_BOUND,D5,,,18.518356423817217,capacity,DECISION_ACTION_CAPACITY_BELOW_NECESSARY_BOUND,True,,0,209277
REPLICATION,1,capacity,DECISION_ACTION_CAPACITY_BELOW_NECESSARY_BOUND,D5,,,20.51866128008662,capacity,DECISION_ACTION_CAPACITY_BELOW_NECESSARY_BOUND,True,,0,209278
REPLICATION,1,capacity,DECISION_ACTION_CAPACITY_BELOW_NECESSARY_BOUND,D5,,,24.522765813992873,capacity,DECISION_ACTION_CAPACITY_BELOW_NECESSARY_BOUND,True,,0,209279
REPLICATION,1,capacity,DECISION_ACTION_CAPACITY_BELOW_NECESSARY_BOUND,D5,,,20.22864929823307,capacity,DECISION_ACTION_CAPACITY_BELOW_NECESSARY_BOUND,True,,0,209280
REPLICATION,1,capacity,DECISION_ACTION_CAPACITY_BELOW_NECESSARY_BOUND,D5,,,21.617445829568602,capacity,DECISION_ACTION_CAPACITY_BELOW_NECESSARY_BOUND,True,,0,209281
REPLICATION,1,capacity,DECISION_ACTION_CAPACITY_BELOW_NECESSARY_BOUND,D5,,,17.6123534107005,capacity,DECISION_ACTION_CAPACITY_BELOW_NECESSARY_BOUND,True,,0,209282
REPLICATION,1,capacity,DECISION_ACTION_CAPACITY_BELOW_NECESSARY_BOUND,D5,,,19.189930602722228,capacity,DECISION_ACTION_CAPACITY_BELOW_NECESSARY_BOUND,True,,0,209283
REPLICATION,1,capacity,DECISION_ACTION_CAPACITY_BELOW_NECESSARY_BOUND,D5,,,21.00970273148106,capacity,DECISION_ACTION_CAPACITY_BELOW_NECESSARY_BOUND,True,,0,209284
REPLICATION,1,capacity,DECISION_ACTION_CAPACITY_BELOW_NECESSARY_BOUND,D5,,,18.408223265763247,capacity,DECISION_ACTION_CAPACITY_BELOW_NECESSARY_BOUND,True,,0,209285
REPLICATION,1,capacity,DECISION_ACTION_CAPACITY_BELOW_NECESSARY_BOUND,D5,,,22.3835675003522,capacity,DECISION_ACTION_CAPACITY_BELOW_NECESSARY_BOUND,True,,0,209286
REPLICATION,1,capacity,DECISION_ACTION_CAPACITY_BELOW_NECESSARY_BOUND,D5,,,24.057439179713636,capacity,DECISION_ACTION_CAPACITY_BELOW_NECESSARY_BOUND,True,,0,209287
REPLICATION,1,capacity,DECISION_ACTION_CAPACITY_BELOW_NECESSARY_BOUND,D5,,,18.30447650387041,capacity,DECISION_ACTION_CAPACITY_BELOW_NECESSARY_BOUND,True,,0,209288
REPLICATION,1,capacity,DECISION_ACTION_CAPACITY_BELOW_NECESSARY_BOUND,D5,,,24.167134986920352,capacity,DECISION_ACTION_CAPACITY_BELOW_NECESSARY_BOUND,True,,0,209289
REPLICATION,1,capacity,DECISION_ACTION_CAPACITY_BELOW_NECESSARY_BOUND,D5,,,20.384925823633502,capacity,DECISION_ACTION_CAPACITY_BELOW_NECESSARY_BOUND,True,,0,209290
REPLICATION,1,capacity,DECISION_ACTION_CAPACITY_BELOW_NECESSARY_BOUND,D5,,,19.516694252406754,capacity,DECISION_ACTION_CAPACITY_BELOW_NECESSARY_BOUND,True,,0,209291
REPLICATION,1,capacity,DECISION_ACTION_CAPACITY_BELOW_NECESSARY_BOUND,D5,,,21.67807680302353,capacity,DECISION_ACTION_CAPACITY_BELOW_NECESSARY_BOUND,True,,0,209292
REPLICATION,1,capacity,DECISION_ACTION_CAPACITY_BELOW_NECESSARY_BOUND,D5,,,19.745384075253256,capacity,DECISION_ACTION_CAPACITY_BELOW_NECESSARY_BOUND,True,,0,209293
REPLICATION,1,capacity,DECISION_ACTION_CAPACITY_BELOW_NECESSARY_BOUND,D5,,,22.130371340242284,capacity,DECISION_ACTION_CAPACITY_BELOW_NECESSARY_BOUND,True,,0,209294
REPLICATION,1,capacity,DECISION_ACTION_CAPACITY_BELOW_NECESSARY_BOUND,D5,,,24.403608421092347,capacity,DECISION_ACTION_CAPACITY_BELOW_NECESSARY_BOUND,True,,0,209295
REPLICATION,1,capacity,DECISION_ACTION_CAPACITY_BELOW_NECESSARY_BOUND,D5,,,24.445808633338835,capacity,DECISION_ACTION_CAPACITY_BELOW_NECESSARY_BOUND,True,,0,209296
REPLICATION,1,capacity,DECISION_ACTION_CAPACITY_BELOW_NECESSARY_BOUND,D5,,,24.561851632012274,capacity,DECISION_ACTION_CAPACITY_BELOW_NECESSARY_BOUND,True,,0,209297
REPLICATION,1,capacity,DECISION_ACTION_CAPACITY_BELOW_NECESSARY_BOUND,D5,,,24.267139687899213,capacity,DECISION_ACTION_CAPACITY_BELOW_NECESSARY_BOUND,True,,0,209298
REPLICATION,1,capacity,DECISION_ACTION_CAPACITY_BELOW_NECESSARY_BOUND,D5,,,20.88899952945583,capacity,DECISION_ACTION_CAPACITY_BELOW_NECESSARY_BOUND,True,,0,209299
REPLICATION,1,capacity,DECISION_ACTION_CAPACITY_BELOW_NECESSARY_BOUND,D5,,,20.920230825653483,capacity,DECISION_ACTION_CAPACITY_BELOW_NECESSARY_BOUND,True,,0,209300
REPLICATION,1,capacity,DECISION_ACTION_CAPACITY_BELOW_NECESSARY_BOUND,D5,,,22.30698678899106,capacity,DECISION_ACTION_CAPACITY_BELOW_NECESSARY_BOUND,True,,0,209301
REPLICATION,1,capacity,DECISION_ACTION_CAPACITY_BELOW_NECESSARY_BOUND,D5,,,18.74535571573407,capacity,DECISION_ACTION_CAPACITY_BELOW_NECESSARY_BOUND,True,,0,209302
REPLICATION,1,capacity,DECISION_ACTION_CAPACITY_BELOW_NECESSARY_BOUND,D5,,,19.195954704612607,capacity,DECISION_ACTION_CAPACITY_BELOW_NECESSARY_BOUND,True,,0,209303
REPLICATION,1,capacity,DECISION_ACTION_CAPACITY_BELOW_NECESSARY_BOUND,D5,,,21.17752652158712,capacity,DECISION_ACTION_CAPACITY_BELOW_NECESSARY_BOUND,True,,0,209304
REPLICATION,1,capacity,DECISION_ACTION_CAPACITY_BELOW_NECESSARY_BOUND,D5,,,18.555571988383953,capacity,DECISION_ACTION_CAPACITY_BELOW_NECESSARY_BOUND,True,,0,209305
REPLICATION,1,capacity,DECISION_ACTION_CAPACITY_BELOW_NECESSARY_BOUND,D5,,,25.177561448159274,capacity,DECISION_ACTION_CAPACITY_BELOW_NECESSARY_BOUND,True,,0,209306
REPLICATION,1,capacity,DECISION_ACTION_CAPACITY_BELOW_NECESSARY_BOUND,D5,,,19.72968533881319,capacity,DECISION_ACTION_CAPACITY_BELOW_NECESSARY_BOUND,True,,0,209307
REPLICATION,1,capacity,DECISION_ACTION_CAPACITY_BELOW_NECESSARY_BOUND,D5,,,24.42726567825996,capacity,DECISION_ACTION_CAPACITY_BELOW_NECESSARY_BOUND,True,,0,209308
REPLICATION,1,capacity,DECISION_ACTION_CAPACITY_BELOW_NECESSARY_BOUND,D5,,,18.05583133020585,capacity,DECISION_ACTION_CAPACITY_BELOW_NECESSARY_BOUND,True,,0,209309
REPLICATION,1,capacity,DECISION_ACTION_CAPACITY_BELOW_NECESSARY_BOUND,D5,,,17.639416122143537,capacity,DECISION_ACTION_CAPACITY_BELOW_NECESSARY_BOUND,True,,0,209310
REPLICATION,1,capacity,DECISION_ACTION_CAPACITY_BELOW_NECESSARY_BOUND,D5,,,25.508923154573083,capacity,DECISION_ACTION_CAPACITY_BELOW_NECESSARY_BOUND,True,,0,209311
REPLICATION,1,capacity,DECISION_ACTION_CAPACITY_BELOW_NECESSARY_BOUND,D5,,,23.564701425672947,capacity,DECISION_ACTION_CAPACITY_BELOW_NECESSARY_BOUND,True,,0,209312
REPLICATION,1,capacity,DECISION_ACTION_CAPACITY_BELOW_NECESSARY_BOUND,D5,,,17.733916932832535,capacity,DECISION_ACTION_CAPACITY_BELOW_NECESSARY_BOUND,True,,0,209313
REPLICATION,1,capacity,DECISION_ACTION_CAPACITY_BELOW_NECESSARY_BOUND,D5,,,21.8748954904153,capacity,DECISION_ACTION_CAPACITY_BELOW_NECESSARY_BOUND,True,,0,209314
REPLICATION,1,capacity,DECISION_ACTION_CAPACITY_BELOW_NECESSARY_BOUND,D5,,,21.99200253786534,capacity,DECISION_ACTION_CAPACITY_BELOW_NECESSARY_BOUND,True,,0,209315
REPLICATION,1,capacity,DECISION_ACTION_CAPACITY_BELOW_NECESSARY_BOUND,D5,,,25.873318179409846,capacity,DECISION_ACTION_CAPACITY_BELOW_NECESSARY_BOUND,True,,0,209316
REPLICATION,1,capacity,DECISION_ACTION_CAPACITY_BELOW_NECESSARY_BOUND,D5,,,24.154422803542193,capacity,DECISION_ACTION_CAPACITY_BELOW_NECESSARY_BOUND,True,,0,209317
REPLICATION,1,capacity,DECISION_ACTION_CAPACITY_BELOW_NECESSARY_BOUND,D5,,,23.907179601611542,capacity,DECISION_ACTION_CAPACITY_BELOW_NECESSARY_BOUND,True,,0,209318
REPLICATION,1,capacity,DECISION_ACTION_CAPACITY_BELOW_NECESSARY_BOUND,D5,,,23.1561489976847,capacity,DECISION_ACTION_CAPACITY_BELOW_NECESSARY_BOUND,True,,0,209319
REPLICATION,1,capacity,DECISION_ACTION_CAPACITY_BELOW_NECESSARY_BOUND,D5,,,21.81345844520498,capacity,DECISION_ACTION_CAPACITY_BELOW_NECESSARY_BOUND,True,,0,209320
REPLICATION,1,capacity,DECISION_ACTION_CAPACITY_BELOW_NECESSARY_BOUND,D5,,,24.721709795795213,capacity,DECISION_ACTION_CAPACITY_BELOW_NECESSARY_BOUND,True,,0,209321
REPLICATION,1,capacity,DECISION_ACTION_CAPACITY_BELOW_NECESSARY_BOUND,D5,,,21.494628136805463,capacity,DECISION_ACTION_CAPACITY_BELOW_NECESSARY_BOUND,True,,0,209322
REPLICATION,1,capacity,DECISION_ACTION_CAPACITY_BELOW_NECESSARY_BOUND,D5,,,19.563456589647057,capacity,DECISION_ACTION_CAPACITY_BELOW_NECESSARY_BOUND,True,,0,209323
REPLICATION,1,capacity,DECISION_ACTION_CAPACITY_BELOW_NECESSARY_BOUND,D5,,,19.824373049404677,capacity,DECISION_ACTION_CAPACITY_BELOW_NECESSARY_BOUND,True,,0,209324
REPLICATION,1,capacity,DECISION_ACTION_CAPACITY_BELOW_NECESSARY_BOUND,D5,,,23.687482884536816,capacity,DECISION_ACTION_CAPACITY_BELOW_NECESSARY_BOUND,True,,0,209325
REPLICATION,1,capacity,DECISION_ACTION_CAPACITY_BELOW_NECESSARY_BOUND,D5,,,24.153519206371215,capacity,DECISION_ACTION_CAPACITY_BELOW_NECESSARY_BOUND,True,,0,209326
REPLICATION,1,capacity,DECISION_ACTION_CAPACITY_BELOW_NECESSARY_BOUND,D5,,,17.51963232091952,capacity,DECISION_ACTION_CAPACITY_BELOW_NECESSARY_BOUND,True,,0,209327
REPLICATION,1,capacity,DECISION_ACTION_CAPACITY_BELOW_NECESSARY_BOUND,D5,,,22.26755150888856,capacity,DECISION_ACTION_CAPACITY_BELOW_NECESSARY_BOUND,True,,0,209328
REPLICATION,1,budget,INSUFFICIENT_DECISION_INFORMATION_BUDGET,D6,,,26.07456918063864,budget,INSUFFICIENT_DECISION_INFORMATION_BUDGET,True,,0,210201
REPLICATION,1,budget,INSUFFICIENT_DECISION_INFORMATION_BUDGET,D6,,,17.670228759415256,budget,INSUFFICIENT_DECISION_INFORMATION_BUDGET,True,,0,210202
REPLICATION,1,budget,INSUFFICIENT_DECISION_INFORMATION_BUDGET,D6,,,22.41529775352934,budget,INSUFFICIENT_DECISION_INFORMATION_BUDGET,True,,0,210203
REPLICATION,1,budget,INSUFFICIENT_DECISION_INFORMATION_BUDGET,D6,,,17.748325782379066,budget,INSUFFICIENT_DECISION_INFORMATION_BUDGET,True,,0,210204
REPLICATION,1,budget,INSUFFICIENT_DECISION_INFORMATION_BUDGET,D6,,,17.967381000252846,budget,INSUFFICIENT_DECISION_INFORMATION_BUDGET,True,,0,210205
REPLICATION,1,budget,INSUFFICIENT_DECISION_INFORMATION_BUDGET,D6,,,25.139693270721708,budget,INSUFFICIENT_DECISION_INFORMATION_BUDGET,True,,0,210206
REPLICATION,1,budget,INSUFFICIENT_DECISION_INFORMATION_BUDGET,D6,,,21.046631311515736,budget,INSUFFICIENT_DECISION_INFORMATION_BUDGET,True,,0,210207
REPLICATION,1,budget,INSUFFICIENT_DECISION_INFORMATION_BUDGET,D6,,,21.190915950367522,budget,INSUFFICIENT_DECISION_INFORMATION_BUDGET,True,,0,210208
REPLICATION,1,budget,INSUFFICIENT_DECISION_INFORMATION_BUDGET,D6,,,17.930043958339873,budget,INSUFFICIENT_DECISION_INFORMATION_BUDGET,True,,0,210209
REPLICATION,1,budget,INSUFFICIENT_DECISION_INFORMATION_BUDGET,D6,,,19.03563133328849,budget,INSUFFICIENT_DECISION_INFORMATION_BUDGET,True,,0,210210
REPLICATION,1,budget,INSUFFICIENT_DECISION_INFORMATION_BUDGET,D6,,,18.060434640098258,budget,INSUFFICIENT_DECISION_INFORMATION_BUDGET,True,,0,210211
REPLICATION,1,budget,INSUFFICIENT_DECISION_INFORMATION_BUDGET,D6,,,19.160317864243012,budget,INSUFFICIENT_DECISION_INFORMATION_BUDGET,True,,0,210212
REPLICATION,1,budget,INSUFFICIENT_DECISION_INFORMATION_BUDGET,D6,,,18.07994352693592,budget,INSUFFICIENT_DECISION_INFORMATION_BUDGET,True,,0,210213
REPLICATION,1,budget,INSUFFICIENT_DECISION_INFORMATION_BUDGET,D6,,,24.438263400705623,budget,INSUFFICIENT_DECISION_INFORMATION_BUDGET,True,,0,210214
REPLICATION,1,budget,INSUFFICIENT_DECISION_INFORMATION_BUDGET,D6,,,21.784617014092035,budget,INSUFFICIENT_DECISION_INFORMATION_BUDGET,True,,0,210215
REPLICATION,1,budget,INSUFFICIENT_DECISION_INFORMATION_BUDGET,D6,,,22.880788133108577,budget,INSUFFICIENT_DECISION_INFORMATION_BUDGET,True,,0,210216
REPLICATION,1,budget,INSUFFICIENT_DECISION_INFORMATION_BUDGET,D6,,,22.999215257316397,budget,INSUFFICIENT_DECISION_INFORMATION_BUDGET,True,,0,210217
REPLICATION,1,budget,INSUFFICIENT_DECISION_INFORMATION_BUDGET,D6,,,22.852057414667453,budget,INSUFFICIENT_DECISION_INFORMATION_BUDGET,True,,0,210218
REPLICATION,1,budget,INSUFFICIENT_DECISION_INFORMATION_BUDGET,D6,,,25.134326660627142,budget,INSUFFICIENT_DECISION_INFORMATION_BUDGET,True,,0,210219
REPLICATION,1,budget,INSUFFICIENT_DECISION_INFORMATION_BUDGET,D6,,,20.628158019393783,budget,INSUFFICIENT_DECISION_INFORMATION_BUDGET,True,,0,210220
REPLICATION,1,budget,INSUFFICIENT_DECISION_INFORMATION_BUDGET,D6,,,18.379907703428806,budget,INSUFFICIENT_DECISION_INFORMATION_BUDGET,True,,0,210221
REPLICATION,1,budget,INSUFFICIENT_DECISION_INFORMATION_BUDGET,D6,,,26.096502468977505,budget,INSUFFICIENT_DECISION_INFORMATION_BUDGET,True,,0,210222
REPLICATION,1,budget,INSUFFICIENT_DECISION_INFORMATION_BUDGET,D6,,,18.046683331837198,budget,INSUFFICIENT_DECISION_INFORMATION_BUDGET,True,,0,210223
REPLICATION,1,budget,INSUFFICIENT_DECISION_INFORMATION_BUDGET,D6,,,18.315738356148586,budget,INSUFFICIENT_DECISION_INFORMATION_BUDGET,True,,0,210224
REPLICATION,1,budget,INSUFFICIENT_DECISION_INFORMATION_BUDGET,D6,,,19.965034815038862,budget,INSUFFICIENT_DECISION_INFORMATION_BUDGET,True,,0,210225
REPLICATION,1,budget,INSUFFICIENT_DECISION_INFORMATION_BUDGET,D6,,,21.97679513619601,budget,INSUFFICIENT_DECISION_INFORMATION_BUDGET,True,,0,210226
REPLICATION,1,budget,INSUFFICIENT_DECISION_INFORMATION_BUDGET,D6,,,21.8076248276365,budget,INSUFFICIENT_DECISION_INFORMATION_BUDGET,True,,0,210227
REPLICATION,1,budget,INSUFFICIENT_DECISION_INFORMATION_BUDGET,D6,,,20.698905368862555,budget,INSUFFICIENT_DECISION_INFORMATION_BUDGET,True,,0,210228
REPLICATION,1,budget,INSUFFICIENT_DECISION_INFORMATION_BUDGET,D6,,,21.920568282126343,budget,INSUFFICIENT_DECISION_INFORMATION_BUDGET,True,,0,210229
REPLICATION,1,budget,INSUFFICIENT_DECISION_INFORMATION_BUDGET,D6,,,22.39105994478031,budget,INSUFFICIENT_DECISION_INFORMATION_BUDGET,True,,0,210230
REPLICATION,1,budget,INSUFFICIENT_DECISION_INFORMATION_BUDGET,D6,,,20.013419500721994,budget,INSUFFICIENT_DECISION_INFORMATION_BUDGET,True,,0,210231
REPLICATION,1,budget,INSUFFICIENT_DECISION_INFORMATION_BUDGET,D6,,,23.046424784237153,budget,INSUFFICIENT_DECISION_INFORMATION_BUDGET,True,,0,210232
REPLICATION,1,budget,INSUFFICIENT_DECISION_INFORMATION_BUDGET,D6,,,25.32074793522256,budget,INSUFFICIENT_DECISION_INFORMATION_BUDGET,True,,0,210233
REPLICATION,1,budget,INSUFFICIENT_DECISION_INFORMATION_BUDGET,D6,,,23.059640988374387,budget,INSUFFICIENT_DECISION_INFORMATION_BUDGET,True,,0,210234
REPLICATION,1,budget,INSUFFICIENT_DECISION_INFORMATION_BUDGET,D6,,,18.168223646872242,budget,INSUFFICIENT_DECISION_INFORMATION_BUDGET,True,,0,210235
REPLICATION,1,budget,INSUFFICIENT_DECISION_INFORMATION_BUDGET,D6,,,22.344447582557525,budget,INSUFFICIENT_DECISION_INFORMATION_BUDGET,True,,0,210236
REPLICATION,1,budget,INSUFFICIENT_DECISION_INFORMATION_BUDGET,D6,,,17.94337974161709,budget,INSUFFICIENT_DECISION_INFORMATION_BUDGET,True,,0,210237
REPLICATION,1,budget,INSUFFICIENT_DECISION_INFORMATION_BUDGET,D6,,,17.75419922550677,budget,INSUFFICIENT_DECISION_INFORMATION_BUDGET,True,,0,210238
REPLICATION,1,budget,INSUFFICIENT_DECISION_INFORMATION_BUDGET,D6,,,23.088762239471354,budget,INSUFFICIENT_DECISION_INFORMATION_BUDGET,True,,0,210239
REPLICATION,1,budget,INSUFFICIENT_DECISION_INFORMATION_BUDGET,D6,,,18.772969202640727,budget,INSUFFICIENT_DECISION_INFORMATION_BUDGET,True,,0,210240
REPLICATION,1,budget,INSUFFICIENT_DECISION_INFORMATION_BUDGET,D6,,,20.23145840408502,budget,INSUFFICIENT_DECISION_INFORMATION_BUDGET,True,,0,210241
REPLICATION,1,budget,INSUFFICIENT_DECISION_INFORMATION_BUDGET,D6,,,19.82682328480377,budget,INSUFFICIENT_DECISION_INFORMATION_BUDGET,True,,0,210242
REPLICATION,1,budget,INSUFFICIENT_DECISION_INFORMATION_BUDGET,D6,,,21.451266525552825,budget,INSUFFICIENT_DECISION_INFORMATION_BUDGET,True,,0,210243
REPLICATION,1,budget,INSUFFICIENT_DECISION_INFORMATION_BUDGET,D6,,,17.716730192864542,budget,INSUFFICIENT_DECISION_INFORMATION_BUDGET,True,,0,210244
REPLICATION,1,budget,INSUFFICIENT_DECISION_INFORMATION_BUDGET,D6,,,22.802641774974752,budget,INSUFFICIENT_DECISION_INFORMATION_BUDGET,True,,0,210245
REPLICATION,1,budget,INSUFFICIENT_DECISION_INFORMATION_BUDGET,D6,,,17.735563843764673,budget,INSUFFICIENT_DECISION_INFORMATION_BUDGET,True,,0,210246
REPLICATION,1,budget,INSUFFICIENT_DECISION_INFORMATION_BUDGET,D6,,,25.1918002793763,budget,INSUFFICIENT_DECISION_INFORMATION_BUDGET,True,,0,210247
REPLICATION,1,budget,INSUFFICIENT_DECISION_INFORMATION_BUDGET,D6,,,19.676128187591626,budget,INSUFFICIENT_DECISION_INFORMATION_BUDGET,True,,0,210248
REPLICATION,1,budget,INSUFFICIENT_DECISION_INFORMATION_BUDGET,D6,,,18.941072762553496,budget,INSUFFICIENT_DECISION_INFORMATION_BUDGET,True,,0,210249
REPLICATION,1,budget,INSUFFICIENT_DECISION_INFORMATION_BUDGET,D6,,,18.68998838265448,budget,INSUFFICIENT_DECISION_INFORMATION_BUDGET,True,,0,210250
REPLICATION,1,budget,INSUFFICIENT_DECISION_INFORMATION_BUDGET,D6,,,18.6088638038549,budget,INSUFFICIENT_DECISION_INFORMATION_BUDGET,True,,0,210251
REPLICATION,1,budget,INSUFFICIENT_DECISION_INFORMATION_BUDGET,D6,,,19.476606067284806,budget,INSUFFICIENT_DECISION_INFORMATION_BUDGET,True,,0,210252
REPLICATION,1,budget,INSUFFICIENT_DECISION_INFORMATION_BUDGET,D6,,,25.270256688515,budget,INSUFFICIENT_DECISION_INFORMATION_BUDGET,True,,0,210253
REPLICATION,1,budget,INSUFFICIENT_DECISION_INFORMATION_BUDGET,D6,,,25.529334886188458,budget,INSUFFICIENT_DECISION_INFORMATION_BUDGET,True,,0,210254
REPLICATION,1,budget,INSUFFICIENT_DECISION_INFORMATION_BUDGET,D6,,,23.59921802983304,budget,INSUFFICIENT_DECISION_INFORMATION_BUDGET,True,,0,210255
REPLICATION,1,budget,INSUFFICIENT_DECISION_INFORMATION_BUDGET,D6,,,18.934188084212277,budget,INSUFFICIENT_DECISION_INFORMATION_BUDGET,True,,0,210256
REPLICATION,1,budget,INSUFFICIENT_DECISION_INFORMATION_BUDGET,D6,,,19.692434701423327,budget,INSUFFICIENT_DECISION_INFORMATION_BUDGET,True,,0,210257
REPLICATION,1,budget,INSUFFICIENT_DECISION_INFORMATION_BUDGET,D6,,,18.671710217729405,budget,INSUFFICIENT_DECISION_INFORMATION_BUDGET,True,,0,210258
REPLICATION,1,budget,INSUFFICIENT_DECISION_INFORMATION_BUDGET,D6,,,17.796276553805736,budget,INSUFFICIENT_DECISION_INFORMATION_BUDGET,True,,0,210259
REPLICATION,1,budget,INSUFFICIENT_DECISION_INFORMATION_BUDGET,D6,,,24.29143037870317,budget,INSUFFICIENT_DECISION_INFORMATION_BUDGET,True,,0,210260
REPLICATION,1,budget,INSUFFICIENT_DECISION_INFORMATION_BUDGET,D6,,,25.560308273036373,budget,INSUFFICIENT_DECISION_INFORMATION_BUDGET,True,,0,210261
REPLICATION,1,budget,INSUFFICIENT_DECISION_INFORMATION_BUDGET,D6,,,18.09705414616143,budget,INSUFFICIENT_DECISION_INFORMATION_BUDGET,True,,0,210262
REPLICATION,1,budget,INSUFFICIENT_DECISION_INFORMATION_BUDGET,D6,,,25.935804815333206,budget,INSUFFICIENT_DECISION_INFORMATION_BUDGET,True,,0,210263
REPLICATION,1,budget,INSUFFICIENT_DECISION_INFORMATION_BUDGET,D6,,,19.06461320828636,budget,INSUFFICIENT_DECISION_INFORMATION_BUDGET,True,,0,210264
REPLICATION,1,budget,INSUFFICIENT_DECISION_INFORMATION_BUDGET,D6,,,19.546818066870937,budget,INSUFFICIENT_DECISION_INFORMATION_BUDGET,True,,0,210265
REPLICATION,1,budget,INSUFFICIENT_DECISION_INFORMATION_BUDGET,D6,,,17.7547420537677,budget,INSUFFICIENT_DECISION_INFORMATION_BUDGET,True,,0,210266
REPLICATION,1,budget,INSUFFICIENT_DECISION_INFORMATION_BUDGET,D6,,,25.593536935030784,budget,INSUFFICIENT_DECISION_INFORMATION_BUDGET,True,,0,210267
REPLICATION,1,budget,INSUFFICIENT_DECISION_INFORMATION_BUDGET,D6,,,20.487333214447286,budget,INSUFFICIENT_DECISION_INFORMATION_BUDGET,True,,0,210268
REPLICATION,1,budget,INSUFFICIENT_DECISION_INFORMATION_BUDGET,D6,,,18.26351047589495,budget,INSUFFICIENT_DECISION_INFORMATION_BUDGET,True,,0,210269
REPLICATION,1,budget,INSUFFICIENT_DECISION_INFORMATION_BUDGET,D6,,,22.650375058270694,budget,INSUFFICIENT_DECISION_INFORMATION_BUDGET,True,,0,210270
REPLICATION,1,budget,INSUFFICIENT_DECISION_INFORMATION_BUDGET,D6,,,21.031017919466407,budget,INSUFFICIENT_DECISION_INFORMATION_BUDGET,True,,0,210271
REPLICATION,1,budget,INSUFFICIENT_DECISION_INFORMATION_BUDGET,D6,,,18.722875219805992,budget,INSUFFICIENT_DECISION_INFORMATION_BUDGET,True,,0,210272
REPLICATION,1,budget,INSUFFICIENT_DECISION_INFORMATION_BUDGET,D6,,,21.019233137362004,budget,INSUFFICIENT_DECISION_INFORMATION_BUDGET,True,,0,210273
REPLICATION,1,budget,INSUFFICIENT_DECISION_INFORMATION_BUDGET,D6,,,20.65889815131699,budget,INSUFFICIENT_DECISION_INFORMATION_BUDGET,True,,0,210274
REPLICATION,1,budget,INSUFFICIENT_DECISION_INFORMATION_BUDGET,D6,,,20.894412218735425,budget,INSUFFICIENT_DECISION_INFORMATION_BUDGET,True,,0,210275
REPLICATION,1,budget,INSUFFICIENT_DECISION_INFORMATION_BUDGET,D6,,,23.013720266600398,budget,INSUFFICIENT_DECISION_INFORMATION_BUDGET,True,,0,210276
REPLICATION,1,budget,INSUFFICIENT_DECISION_INFORMATION_BUDGET,D6,,,25.243899244246958,budget,INSUFFICIENT_DECISION_INFORMATION_BUDGET,True,,0,210277
REPLICATION,1,budget,INSUFFICIENT_DECISION_INFORMATION_BUDGET,D6,,,19.956799706942483,budget,INSUFFICIENT_DECISION_INFORMATION_BUDGET,True,,0,210278
REPLICATION,1,budget,INSUFFICIENT_DECISION_INFORMATION_BUDGET,D6,,,21.337578952799785,budget,INSUFFICIENT_DECISION_INFORMATION_BUDGET,True,,0,210279
REPLICATION,1,budget,INSUFFICIENT_DECISION_INFORMATION_BUDGET,D6,,,18.80983751050224,budget,INSUFFICIENT_DECISION_INFORMATION_BUDGET,True,,0,210280
REPLICATION,1,budget,INSUFFICIENT_DECISION_INFORMATION_BUDGET,D6,,,18.553090848335145,budget,INSUFFICIENT_DECISION_INFORMATION_BUDGET,True,,0,210281
REPLICATION,1,budget,INSUFFICIENT_DECISION_INFORMATION_BUDGET,D6,,,19.47889207432566,budget,INSUFFICIENT_DECISION_INFORMATION_BUDGET,True,,0,210282
REPLICATION,1,budget,INSUFFICIENT_DECISION_INFORMATION_BUDGET,D6,,,19.11870166564578,budget,INSUFFICIENT_DECISION_INFORMATION_BUDGET,True,,0,210283
REPLICATION,1,budget,INSUFFICIENT_DECISION_INFORMATION_BUDGET,D6,,,18.271374641648087,budget,INSUFFICIENT_DECISION_INFORMATION_BUDGET,True,,0,210284
REPLICATION,1,budget,INSUFFICIENT_DECISION_INFORMATION_BUDGET,D6,,,17.94422615356513,budget,INSUFFICIENT_DECISION_INFORMATION_BUDGET,True,,0,210285
REPLICATION,1,budget,INSUFFICIENT_DECISION_INFORMATION_BUDGET,D6,,,20.591505440712584,budget,INSUFFICIENT_DECISION_INFORMATION_BUDGET,True,,0,210286
REPLICATION,1,budget,INSUFFICIENT_DECISION_INFORMATION_BUDGET,D6,,,19.41687143910985,budget,INSUFFICIENT_DECISION_INFORMATION_BUDGET,True,,0,210287
REPLICATION,1,budget,INSUFFICIENT_DECISION_INFORMATION_BUDGET,D6,,,17.54577069659182,budget,INSUFFICIENT_DECISION_INFORMATION_BUDGET,True,,0,210288
REPLICATION,1,budget,INSUFFICIENT_DECISION_INFORMATION_BUDGET,D6,,,19.983049969041403,budget,INSUFFICIENT_DECISION_INFORMATION_BUDGET,True,,0,210289
REPLICATION,1,budget,INSUFFICIENT_DECISION_INFORMATION_BUDGET,D6,,,21.702552768696147,budget,INSUFFICIENT_DECISION_INFORMATION_BUDGET,True,,0,210290
REPLICATION,1,budget,INSUFFICIENT_DECISION_INFORMATION_BUDGET,D6,,,25.914042198970325,budget,INSUFFICIENT_DECISION_INFORMATION_BUDGET,True,,0,210291
REPLICATION,1,budget,INSUFFICIENT_DECISION_INFORMATION_BUDGET,D6,,,22.563995186818953,budget,INSUFFICIENT_DECISION_INFORMATION_BUDGET,True,,0,210292
REPLICATION,1,budget,INSUFFICIENT_DECISION_INFORMATION_BUDGET,D6,,,20.270603470731917,budget,INSUFFICIENT_DECISION_INFORMATION_BUDGET,True,,0,210293
REPLICATION,1,budget,INSUFFICIENT_DECISION_INFORMATION_BUDGET,D6,,,25.13826838637884,budget,INSUFFICIENT_DECISION_INFORMATION_BUDGET,True,,0,210294
REPLICATION,1,budget,INSUFFICIENT_DECISION_INFORMATION_BUDGET,D6,,,22.29187358449897,budget,INSUFFICIENT_DECISION_INFORMATION_BUDGET,True,,0,210295
REPLICATION,1,budget,INSUFFICIENT_DECISION_INFORMATION_BUDGET,D6,,,18.09301728085705,budget,INSUFFICIENT_DECISION_INFORMATION_BUDGET,True,,0,210296
REPLICATION,1,budget,INSUFFICIENT_DECISION_INFORMATION_BUDGET,D6,,,24.624407790804945,budget,INSUFFICIENT_DECISION_INFORMATION_BUDGET,True,,0,210297
REPLICATION,1,budget,INSUFFICIENT_DECISION_INFORMATION_BUDGET,D6,,,19.800546796945188,budget,INSUFFICIENT_DECISION_INFORMATION_BUDGET,True,,0,210298
REPLICATION,1,budget,INSUFFICIENT_DECISION_INFORMATION_BUDGET,D6,,,22.636117685296327,budget,INSUFFICIENT_DECISION_INFORMATION_BUDGET,True,,0,210299
REPLICATION,1,budget,INSUFFICIENT_DECISION_INFORMATION_BUDGET,D6,,,22.09903241777399,budget,INSUFFICIENT_DECISION_INFORMATION_BUDGET,True,,0,210300
REPLICATION,1,budget,INSUFFICIENT_DECISION_INFORMATION_BUDGET,D6,,,21.89797536428972,budget,INSUFFICIENT_DECISION_INFORMATION_BUDGET,True,,0,210301
REPLICATION,1,budget,INSUFFICIENT_DECISION_INFORMATION_BUDGET,D6,,,23.58997912310736,budget,INSUFFICIENT_DECISION_INFORMATION_BUDGET,True,,0,210302
REPLICATION,1,budget,INSUFFICIENT_DECISION_INFORMATION_BUDGET,D6,,,21.13796088072298,budget,INSUFFICIENT_DECISION_INFORMATION_BUDGET,True,,0,210303
REPLICATION,1,budget,INSUFFICIENT_DECISION_INFORMATION_BUDGET,D6,,,18.47884927895166,budget,INSUFFICIENT_DECISION_INFORMATION_BUDGET,True,,0,210304
REPLICATION,1,budget,INSUFFICIENT_DECISION_INFORMATION_BUDGET,D6,,,24.736850524154477,budget,INSUFFICIENT_DECISION_INFORMATION_BUDGET,True,,0,210305
REPLICATION,1,budget,INSUFFICIENT_DECISION_INFORMATION_BUDGET,D6,,,19.182268553068788,budget,INSUFFICIENT_DECISION_INFORMATION_BUDGET,True,,0,210306
REPLICATION,1,budget,INSUFFICIENT_DECISION_INFORMATION_BUDGET,D6,,,21.866426102801274,budget,INSUFFICIENT_DECISION_INFORMATION_BUDGET,True,,0,210307
REPLICATION,1,budget,INSUFFICIENT_DECISION_INFORMATION_BUDGET,D6,,,23.52157401978534,budget,INSUFFICIENT_DECISION_INFORMATION_BUDGET,True,,0,210308
REPLICATION,1,budget,INSUFFICIENT_DECISION_INFORMATION_BUDGET,D6,,,22.651982486492777,budget,INSUFFICIENT_DECISION_INFORMATION_BUDGET,True,,0,210309
REPLICATION,1,budget,INSUFFICIENT_DECISION_INFORMATION_BUDGET,D6,,,21.55271065466084,budget,INSUFFICIENT_DECISION_INFORMATION_BUDGET,True,,0,210310
REPLICATION,1,budget,INSUFFICIENT_DECISION_INFORMATION_BUDGET,D6,,,19.329473204534136,budget,INSUFFICIENT_DECISION_INFORMATION_BUDGET,True,,0,210311
REPLICATION,1,budget,INSUFFICIENT_DECISION_INFORMATION_BUDGET,D6,,,24.529223768784853,budget,INSUFFICIENT_DECISION_INFORMATION_BUDGET,True,,0,210312
REPLICATION,1,budget,INSUFFICIENT_DECISION_INFORMATION_BUDGET,D6,,,18.62164200438873,budget,INSUFFICIENT_DECISION_INFORMATION_BUDGET,True,,0,210313
REPLICATION,1,budget,INSUFFICIENT_DECISION_INFORMATION_BUDGET,D6,,,18.167012975879228,budget,INSUFFICIENT_DECISION_INFORMATION_BUDGET,True,,0,210314
REPLICATION,1,budget,INSUFFICIENT_DECISION_INFORMATION_BUDGET,D6,,,18.338924153797052,budget,INSUFFICIENT_DECISION_INFORMATION_BUDGET,True,,0,210315
REPLICATION,1,budget,INSUFFICIENT_DECISION_INFORMATION_BUDGET,D6,,,19.461426601861866,budget,INSUFFICIENT_DECISION_INFORMATION_BUDGET,True,,0,210316
REPLICATION,1,budget,INSUFFICIENT_DECISION_INFORMATION_BUDGET,D6,,,18.69947782858008,budget,INSUFFICIENT_DECISION_INFORMATION_BUDGET,True,,0,210317
REPLICATION,1,budget,INSUFFICIENT_DECISION_INFORMATION_BUDGET,D6,,,19.917543611109437,budget,INSUFFICIENT_DECISION_INFORMATION_BUDGET,True,,0,210318
REPLICATION,1,budget,INSUFFICIENT_DECISION_INFORMATION_BUDGET,D6,,,20.04318524683473,budget,INSUFFICIENT_DECISION_INFORMATION_BUDGET,True,,0,210319
REPLICATION,1,budget,INSUFFICIENT_DECISION_INFORMATION_BUDGET,D6,,,18.7697965910987,budget,INSUFFICIENT_DECISION_INFORMATION_BUDGET,True,,0,210320
REPLICATION,1,budget,INSUFFICIENT_DECISION_INFORMATION_BUDGET,D6,,,21.744529594743312,budget,INSUFFICIENT_DECISION_INFORMATION_BUDGET,True,,0,210321
REPLICATION,1,budget,INSUFFICIENT_DECISION_INFORMATION_BUDGET,D6,,,24.756595126491675,budget,INSUFFICIENT_DECISION_INFORMATION_BUDGET,True,,0,210322
REPLICATION,1,budget,INSUFFICIENT_DECISION_INFORMATION_BUDGET,D6,,,23.439660962632807,budget,INSUFFICIENT_DECISION_INFORMATION_BUDGET,True,,0,210323
REPLICATION,1,budget,INSUFFICIENT_DECISION_INFORMATION_BUDGET,D6,,,20.77273107048112,budget,INSUFFICIENT_DECISION_INFORMATION_BUDGET,True,,0,210324
REPLICATION,1,budget,INSUFFICIENT_DECISION_INFORMATION_BUDGET,D6,,,22.9206950681083,budget,INSUFFICIENT_DECISION_INFORMATION_BUDGET,True,,0,210325
REPLICATION,1,budget,INSUFFICIENT_DECISION_INFORMATION_BUDGET,D6,,,23.63959121499836,budget,INSUFFICIENT_DECISION_INFORMATION_BUDGET,True,,0,210326
REPLICATION,1,budget,INSUFFICIENT_DECISION_INFORMATION_BUDGET,D6,,,25.224890977716434,budget,INSUFFICIENT_DECISION_INFORMATION_BUDGET,True,,0,210327
REPLICATION,1,budget,INSUFFICIENT_DECISION_INFORMATION_BUDGET,D6,,,23.904664218174155,budget,INSUFFICIENT_DECISION_INFORMATION_BUDGET,True,,0,210328
REPLICATION,2,balanced,ACQUIRE_DECISION_RELEVANT_EVIDENCE_BUDGET_NOT_RULED_OUT_BY_CONVERSE,D7,,,39.44354890982915,balanced,ACQUIRE_DECISION_RELEVANT_EVIDENCE_BUDGET_NOT_RULED_OUT_BY_CONVERSE,True,,0,211201
REPLICATION,2,balanced,ACQUIRE_DECISION_RELEVANT_EVIDENCE_BUDGET_NOT_RULED_OUT_BY_CONVERSE,D7,,,32.247691838962176,balanced,ACQUIRE_DECISION_RELEVANT_EVIDENCE_BUDGET_NOT_RULED_OUT_BY_CONVERSE,True,,0,211202
REPLICATION,2,balanced,ACQUIRE_DECISION_RELEVANT_EVIDENCE_BUDGET_NOT_RULED_OUT_BY_CONVERSE,D7,,,40.68465384281429,balanced,ACQUIRE_DECISION_RELEVANT_EVIDENCE_BUDGET_NOT_RULED_OUT_BY_CONVERSE,True,,0,211203
REPLICATION,2,balanced,ACQUIRE_DECISION_RELEVANT_EVIDENCE_BUDGET_NOT_RULED_OUT_BY_CONVERSE,D7,,,33.52909501269289,balanced,ACQUIRE_DECISION_RELEVANT_EVIDENCE_BUDGET_NOT_RULED_OUT_BY_CONVERSE,True,,0,211204
REPLICATION,2,balanced,ACQUIRE_DECISION_RELEVANT_EVIDENCE_BUDGET_NOT_RULED_OUT_BY_CONVERSE,D7,,,41.12962070819417,balanced,ACQUIRE_DECISION_RELEVANT_EVIDENCE_BUDGET_NOT_RULED_OUT_BY_CONVERSE,True,,0,211205
REPLICATION,2,balanced,ACQUIRE_DECISION_RELEVANT_EVIDENCE_BUDGET_NOT_RULED_OUT_BY_CONVERSE,D7,,,34.676072012342075,balanced,ACQUIRE_DECISION_RELEVANT_EVIDENCE_BUDGET_NOT_RULED_OUT_BY_CONVERSE,True,,0,211206
REPLICATION,2,balanced,ACQUIRE_DECISION_RELEVANT_EVIDENCE_BUDGET_NOT_RULED_OUT_BY_CONVERSE,D7,,,37.14499795188469,balanced,ACQUIRE_DECISION_RELEVANT_EVIDENCE_BUDGET_NOT_RULED_OUT_BY_CONVERSE,True,,0,211207
REPLICATION,2,balanced,ACQUIRE_DECISION_RELEVANT_EVIDENCE_BUDGET_NOT_RULED_OUT_BY_CONVERSE,D7,,,32.80181744796674,balanced,ACQUIRE_DECISION_RELEVANT_EVIDENCE_BUDGET_NOT_RULED_OUT_BY_CONVERSE,True,,0,211208
REPLICATION,2,balanced,ACQUIRE_DECISION_RELEVANT_EVIDENCE_BUDGET_NOT_RULED_OUT_BY_CONVERSE,D7,,,37.64087883708273,balanced,ACQUIRE_DECISION_RELEVANT_EVIDENCE_BUDGET_NOT_RULED_OUT_BY_CONVERSE,True,,0,211209
REPLICATION,2,balanced,ACQUIRE_DECISION_RELEVANT_EVIDENCE_BUDGET_NOT_RULED_OUT_BY_CONVERSE,D7,,,40.76544506708705,balanced,ACQUIRE_DECISION_RELEVANT_EVIDENCE_BUDGET_NOT_RULED_OUT_BY_CONVERSE,True,,0,211210
REPLICATION,2,balanced,ACQUIRE_DECISION_RELEVANT_EVIDENCE_BUDGET_NOT_RULED_OUT_BY_CONVERSE,D7,,,38.01754628955552,balanced,ACQUIRE_DECISION_RELEVANT_EVIDENCE_BUDGET_NOT_RULED_OUT_BY_CONVERSE,True,,0,211211
REPLICATION,2,balanced,ACQUIRE_DECISION_RELEVANT_EVIDENCE_BUDGET_NOT_RULED_OUT_BY_CONVERSE,D7,,,41.51337588130737,balanced,ACQUIRE_DECISION_RELEVANT_EVIDENCE_BUDGET_NOT_RULED_OUT_BY_CONVERSE,True,,0,211212
REPLICATION,2,balanced,ACQUIRE_DECISION_RELEVANT_EVIDENCE_BUDGET_NOT_RULED_OUT_BY_CONVERSE,D7,,,34.66285049550856,balanced,ACQUIRE_DECISION_RELEVANT_EVIDENCE_BUDGET_NOT_RULED_OUT_BY_CONVERSE,True,,0,211213
REPLICATION,2,balanced,ACQUIRE_DECISION_RELEVANT_EVIDENCE_BUDGET_NOT_RULED_OUT_BY_CONVERSE,D7,,,41.6762896751225,balanced,ACQUIRE_DECISION_RELEVANT_EVIDENCE_BUDGET_NOT_RULED_OUT_BY_CONVERSE,True,,0,211214
REPLICATION,2,balanced,ACQUIRE_DECISION_RELEVANT_EVIDENCE_BUDGET_NOT_RULED_OUT_BY_CONVERSE,D7,,,39.15442212804816,balanced,ACQUIRE_DECISION_RELEVANT_EVIDENCE_BUDGET_NOT_RULED_OUT_BY_CONVERSE,True,,0,211215
REPLICATION,2,balanced,ACQUIRE_DECISION_RELEVANT_EVIDENCE_BUDGET_NOT_RULED_OUT_BY_CONVERSE,D7,,,38.649662805489434,balanced,ACQUIRE_DECISION_RELEVANT_EVIDENCE_BUDGET_NOT_RULED_OUT_BY_CONVERSE,True,,0,211216
REPLICATION,2,balanced,ACQUIRE_DECISION_RELEVANT_EVIDENCE_BUDGET_NOT_RULED_OUT_BY_CONVERSE,D7,,,33.36294010743724,balanced,ACQUIRE_DECISION_RELEVANT_EVIDENCE_BUDGET_NOT_RULED_OUT_BY_CONVERSE,True,,0,211217
REPLICATION,2,balanced,ACQUIRE_DECISION_RELEVANT_EVIDENCE_BUDGET_NOT_RULED_OUT_BY_CONVERSE,D7,,,36.26593105533736,balanced,ACQUIRE_DECISION_RELEVANT_EVIDENCE_BUDGET_NOT_RULED_OUT_BY_CONVERSE,True,,0,211218
REPLICATION,2,balanced,ACQUIRE_DECISION_RELEVANT_EVIDENCE_BUDGET_NOT_RULED_OUT_BY_CONVERSE,D7,,,31.488942980261278,balanced,ACQUIRE_DECISION_RELEVANT_EVIDENCE_BUDGET_NOT_RULED_OUT_BY_CONVERSE,True,,0,211219
REPLICATION,2,balanced,ACQUIRE_DECISION_RELEVANT_EVIDENCE_BUDGET_NOT_RULED_OUT_BY_CONVERSE,D7,,,37.265044171475914,balanced,ACQUIRE_DECISION_RELEVANT_EVIDENCE_BUDGET_NOT_RULED_OUT_BY_CONVERSE,True,,0,211220
REPLICATION,2,balanced,ACQUIRE_DECISION_RELEVANT_EVIDENCE_BUDGET_NOT_RULED_OUT_BY_CONVERSE,D7,,,40.01228261031775,balanced,ACQUIRE_DECISION_RELEVANT_EVIDENCE_BUDGET_NOT_RULED_OUT_BY_CONVERSE,True,,0,211221
REPLICATION,2,balanced,ACQUIRE_DECISION_RELEVANT_EVIDENCE_BUDGET_NOT_RULED_OUT_BY_CONVERSE,D7,,,40.84372104182415,balanced,ACQUIRE_DECISION_RELEVANT_EVIDENCE_BUDGET_NOT_RULED_OUT_BY_CONVERSE,True,,0,211222
REPLICATION,2,balanced,ACQUIRE_DECISION_RELEVANT_EVIDENCE_BUDGET_NOT_RULED_OUT_BY_CONVERSE,D7,,,38.245464809043895,balanced,ACQUIRE_DECISION_RELEVANT_EVIDENCE_BUDGET_NOT_RULED_OUT_BY_CONVERSE,True,,0,211223
REPLICATION,2,balanced,ACQUIRE_DECISION_RELEVANT_EVIDENCE_BUDGET_NOT_RULED_OUT_BY_CONVERSE,D7,,,34.54661173987347,balanced,ACQUIRE_DECISION_RELEVANT_EVIDENCE_BUDGET_NOT_RULED_OUT_BY_CONVERSE,True,,0,211224
REPLICATION,2,balanced,ACQUIRE_DECISION_RELEVANT_EVIDENCE_BUDGET_NOT_RULED_OUT_BY_CONVERSE,D7,,,37.38789079482028,balanced,ACQUIRE_DECISION_RELEVANT_EVIDENCE_BUDGET_NOT_RULED_OUT_BY_CONVERSE,True,,0,211225
REPLICATION,2,balanced,ACQUIRE_DECISION_RELEVANT_EVIDENCE_BUDGET_NOT_RULED_OUT_BY_CONVERSE,D7,,,37.592024272392024,balanced,ACQUIRE_DECISION_RELEVANT_EVIDENCE_BUDGET_NOT_RULED_OUT_BY_CONVERSE,True,,0,211226
REPLICATION,2,balanced,ACQUIRE_DECISION_RELEVANT_EVIDENCE_BUDGET_NOT_RULED_OUT_BY_CONVERSE,D7,,,40.62975833878269,balanced,ACQUIRE_DECISION_RELEVANT_EVIDENCE_BUDGET_NOT_RULED_OUT_BY_CONVERSE,True,,0,211227
REPLICATION,2,balanced,ACQUIRE_DECISION_RELEVANT_EVIDENCE_BUDGET_NOT_RULED_OUT_BY_CONVERSE,D7,,,33.500475539464006,balanced,ACQUIRE_DECISION_RELEVANT_EVIDENCE_BUDGET_NOT_RULED_OUT_BY_CONVERSE,True,,0,211228
REPLICATION,2,balanced,ACQUIRE_DECISION_RELEVANT_EVIDENCE_BUDGET_NOT_RULED_OUT_BY_CONVERSE,D7,,,40.69602806159964,balanced,ACQUIRE_DECISION_RELEVANT_EVIDENCE_BUDGET_NOT_RULED_OUT_BY_CONVERSE,True,,0,211229
REPLICATION,2,balanced,ACQUIRE_DECISION_RELEVANT_EVIDENCE_BUDGET_NOT_RULED_OUT_BY_CONVERSE,D7,,,38.40084018332368,balanced,ACQUIRE_DECISION_RELEVANT_EVIDENCE_BUDGET_NOT_RULED_OUT_BY_CONVERSE,True,,0,211230
REPLICATION,2,balanced,ACQUIRE_DECISION_RELEVANT_EVIDENCE_BUDGET_NOT_RULED_OUT_BY_CONVERSE,D7,,,37.940809728110814,balanced,ACQUIRE_DECISION_RELEVANT_EVIDENCE_BUDGET_NOT_RULED_OUT_BY_CONVERSE,True,,0,211231
REPLICATION,2,balanced,ACQUIRE_DECISION_RELEVANT_EVIDENCE_BUDGET_NOT_RULED_OUT_BY_CONVERSE,D7,,,37.0717339423477,balanced,ACQUIRE_DECISION_RELEVANT_EVIDENCE_BUDGET_NOT_RULED_OUT_BY_CONVERSE,True,,0,211232
REPLICATION,2,balanced,ACQUIRE_DECISION_RELEVANT_EVIDENCE_BUDGET_NOT_RULED_OUT_BY_CONVERSE,D7,,,37.13205226155318,balanced,ACQUIRE_DECISION_RELEVANT_EVIDENCE_BUDGET_NOT_RULED_OUT_BY_CONVERSE,True,,0,211233
REPLICATION,2,balanced,ACQUIRE_DECISION_RELEVANT_EVIDENCE_BUDGET_NOT_RULED_OUT_BY_CONVERSE,D7,,,38.53476087466002,balanced,ACQUIRE_DECISION_RELEVANT_EVIDENCE_BUDGET_NOT_RULED_OUT_BY_CONVERSE,True,,0,211234
REPLICATION,2,balanced,ACQUIRE_DECISION_RELEVANT_EVIDENCE_BUDGET_NOT_RULED_OUT_BY_CONVERSE,D7,,,39.0932629024065,balanced,ACQUIRE_DECISION_RELEVANT_EVIDENCE_BUDGET_NOT_RULED_OUT_BY_CONVERSE,True,,0,211235
REPLICATION,2,balanced,ACQUIRE_DECISION_RELEVANT_EVIDENCE_BUDGET_NOT_RULED_OUT_BY_CONVERSE,D7,,,37.84819953693596,balanced,ACQUIRE_DECISION_RELEVANT_EVIDENCE_BUDGET_NOT_RULED_OUT_BY_CONVERSE,True,,0,211236
REPLICATION,2,balanced,ACQUIRE_DECISION_RELEVANT_EVIDENCE_BUDGET_NOT_RULED_OUT_BY_CONVERSE,D7,,,33.701537759720765,balanced,ACQUIRE_DECISION_RELEVANT_EVIDENCE_BUDGET_NOT_RULED_OUT_BY_CONVERSE,True,,0,211237
REPLICATION,2,balanced,ACQUIRE_DECISION_RELEVANT_EVIDENCE_BUDGET_NOT_RULED_OUT_BY_CONVERSE,D7,,,35.7424236516656,balanced,ACQUIRE_DECISION_RELEVANT_EVIDENCE_BUDGET_NOT_RULED_OUT_BY_CONVERSE,True,,0,211238
REPLICATION,2,balanced,ACQUIRE_DECISION_RELEVANT_EVIDENCE_BUDGET_NOT_RULED_OUT_BY_CONVERSE,D7,,,37.509839872053924,balanced,ACQUIRE_DECISION_RELEVANT_EVIDENCE_BUDGET_NOT_RULED_OUT_BY_CONVERSE,True,,0,211239
REPLICATION,2,balanced,ACQUIRE_DECISION_RELEVANT_EVIDENCE_BUDGET_NOT_RULED_OUT_BY_CONVERSE,D7,,,37.471463088358085,balanced,ACQUIRE_DECISION_RELEVANT_EVIDENCE_BUDGET_NOT_RULED_OUT_BY_CONVERSE,True,,0,211240
REPLICATION,2,balanced,ACQUIRE_DECISION_RELEVANT_EVIDENCE_BUDGET_NOT_RULED_OUT_BY_CONVERSE,D7,,,41.70400681111808,balanced,ACQUIRE_DECISION_RELEVANT_EVIDENCE_BUDGET_NOT_RULED_OUT_BY_CONVERSE,True,,0,211241
REPLICATION,2,balanced,ACQUIRE_DECISION_RELEVANT_EVIDENCE_BUDGET_NOT_RULED_OUT_BY_CONVERSE,D7,,,35.41502527501358,balanced,ACQUIRE_DECISION_RELEVANT_EVIDENCE_BUDGET_NOT_RULED_OUT_BY_CONVERSE,True,,0,211242
REPLICATION,2,balanced,ACQUIRE_DECISION_RELEVANT_EVIDENCE_BUDGET_NOT_RULED_OUT_BY_CONVERSE,D7,,,40.05639642620742,balanced,ACQUIRE_DECISION_RELEVANT_EVIDENCE_BUDGET_NOT_RULED_OUT_BY_CONVERSE,True,,0,211243
REPLICATION,2,balanced,ACQUIRE_DECISION_RELEVANT_EVIDENCE_BUDGET_NOT_RULED_OUT_BY_CONVERSE,D7,,,39.399388317319186,balanced,ACQUIRE_DECISION_RELEVANT_EVIDENCE_BUDGET_NOT_RULED_OUT_BY_CONVERSE,True,,0,211244
REPLICATION,2,balanced,ACQUIRE_DECISION_RELEVANT_EVIDENCE_BUDGET_NOT_RULED_OUT_BY_CONVERSE,D7,,,37.896206015610595,balanced,ACQUIRE_DECISION_RELEVANT_EVIDENCE_BUDGET_NOT_RULED_OUT_BY_CONVERSE,True,,0,211245
REPLICATION,2,balanced,ACQUIRE_DECISION_RELEVANT_EVIDENCE_BUDGET_NOT_RULED_OUT_BY_CONVERSE,D7,,,39.861637650816775,balanced,ACQUIRE_DECISION_RELEVANT_EVIDENCE_BUDGET_NOT_RULED_OUT_BY_CONVERSE,True,,0,211246
REPLICATION,2,balanced,ACQUIRE_DECISION_RELEVANT_EVIDENCE_BUDGET_NOT_RULED_OUT_BY_CONVERSE,D7,,,35.1742254557394,balanced,ACQUIRE_DECISION_RELEVANT_EVIDENCE_BUDGET_NOT_RULED_OUT_BY_CONVERSE,True,,0,211247
REPLICATION,2,balanced,ACQUIRE_DECISION_RELEVANT_EVIDENCE_BUDGET_NOT_RULED_OUT_BY_CONVERSE,D7,,,41.2713552251169,balanced,ACQUIRE_DECISION_RELEVANT_EVIDENCE_BUDGET_NOT_RULED_OUT_BY_CONVERSE,True,,0,211248
REPLICATION,2,balanced,ACQUIRE_DECISION_RELEVANT_EVIDENCE_BUDGET_NOT_RULED_OUT_BY_CONVERSE,D7,,,41.0470494346477,balanced,ACQUIRE_DECISION_RELEVANT_EVIDENCE_BUDGET_NOT_RULED_OUT_BY_CONVERSE,True,,0,211249
REPLICATION,2,balanced,ACQUIRE_DECISION_RELEVANT_EVIDENCE_BUDGET_NOT_RULED_OUT_BY_CONVERSE,D7,,,33.60956675069018,balanced,ACQUIRE_DECISION_RELEVANT_EVIDENCE_BUDGET_NOT_RULED_OUT_BY_CONVERSE,True,,0,211250
REPLICATION,2,balanced,ACQUIRE_DECISION_RELEVANT_EVIDENCE_BUDGET_NOT_RULED_OUT_BY_CONVERSE,D7,,,37.898717606908434,balanced,ACQUIRE_DECISION_RELEVANT_EVIDENCE_BUDGET_NOT_RULED_OUT_BY_CONVERSE,True,,0,211251
REPLICATION,2,balanced,ACQUIRE_DECISION_RELEVANT_EVIDENCE_BUDGET_NOT_RULED_OUT_BY_CONVERSE,D7,,,38.133373968329686,balanced,ACQUIRE_DECISION_RELEVANT_EVIDENCE_BUDGET_NOT_RULED_OUT_BY_CONVERSE,True,,0,211252
REPLICATION,2,balanced,ACQUIRE_DECISION_RELEVANT_EVIDENCE_BUDGET_NOT_RULED_OUT_BY_CONVERSE,D7,,,37.31282477128252,balanced,ACQUIRE_DECISION_RELEVANT_EVIDENCE_BUDGET_NOT_RULED_OUT_BY_CONVERSE,True,,0,211253
REPLICATION,2,balanced,ACQUIRE_DECISION_RELEVANT_EVIDENCE_BUDGET_NOT_RULED_OUT_BY_CONVERSE,D7,,,37.37746046682267,balanced,ACQUIRE_DECISION_RELEVANT_EVIDENCE_BUDGET_NOT_RULED_OUT_BY_CONVERSE,True,,0,211254
REPLICATION,2,balanced,ACQUIRE_DECISION_RELEVANT_EVIDENCE_BUDGET_NOT_RULED_OUT_BY_CONVERSE,D7,,,40.89297465591479,balanced,ACQUIRE_DECISION_RELEVANT_EVIDENCE_BUDGET_NOT_RULED_OUT_BY_CONVERSE,True,,0,211255
REPLICATION,2,balanced,ACQUIRE_DECISION_RELEVANT_EVIDENCE_BUDGET_NOT_RULED_OUT_BY_CONVERSE,D7,,,38.012009314466226,balanced,ACQUIRE_DECISION_RELEVANT_EVIDENCE_BUDGET_NOT_RULED_OUT_BY_CONVERSE,True,,0,211256
REPLICATION,2,balanced,ACQUIRE_DECISION_RELEVANT_EVIDENCE_BUDGET_NOT_RULED_OUT_BY_CONVERSE,D7,,,39.27747310042621,balanced,ACQUIRE_DECISION_RELEVANT_EVIDENCE_BUDGET_NOT_RULED_OUT_BY_CONVERSE,True,,0,211257
REPLICATION,2,balanced,ACQUIRE_DECISION_RELEVANT_EVIDENCE_BUDGET_NOT_RULED_OUT_BY_CONVERSE,D7,,,37.65753047435403,balanced,ACQUIRE_DECISION_RELEVANT_EVIDENCE_BUDGET_NOT_RULED_OUT_BY_CONVERSE,True,,0,211258
REPLICATION,2,balanced,ACQUIRE_DECISION_RELEVANT_EVIDENCE_BUDGET_NOT_RULED_OUT_BY_CONVERSE,D7,,,35.182481564606704,balanced,ACQUIRE_DECISION_RELEVANT_EVIDENCE_BUDGET_NOT_RULED_OUT_BY_CONVERSE,True,,0,211259
REPLICATION,2,balanced,ACQUIRE_DECISION_RELEVANT_EVIDENCE_BUDGET_NOT_RULED_OUT_BY_CONVERSE,D7,,,35.49861567649839,balanced,ACQUIRE_DECISION_RELEVANT_EVIDENCE_BUDGET_NOT_RULED_OUT_BY_CONVERSE,True,,0,211260
REPLICATION,2,balanced,ACQUIRE_DECISION_RELEVANT_EVIDENCE_BUDGET_NOT_RULED_OUT_BY_CONVERSE,D7,,,40.714514671157914,balanced,ACQUIRE_DECISION_RELEVANT_EVIDENCE_BUDGET_NOT_RULED_OUT_BY_CONVERSE,True,,0,211261
REPLICATION,2,balanced,ACQUIRE_DECISION_RELEVANT_EVIDENCE_BUDGET_NOT_RULED_OUT_BY_CONVERSE,D7,,,40.94388662391553,balanced,ACQUIRE_DECISION_RELEVANT_EVIDENCE_BUDGET_NOT_RULED_OUT_BY_CONVERSE,True,,0,211262
REPLICATION,2,balanced,ACQUIRE_DECISION_RELEVANT_EVIDENCE_BUDGET_NOT_RULED_OUT_BY_CONVERSE,D7,,,39.905904625940266,balanced,ACQUIRE_DECISION_RELEVANT_EVIDENCE_BUDGET_NOT_RULED_OUT_BY_CONVERSE,True,,0,211263
REPLICATION,2,balanced,ACQUIRE_DECISION_RELEVANT_EVIDENCE_BUDGET_NOT_RULED_OUT_BY_CONVERSE,D7,,,40.0423257481314,balanced,ACQUIRE_DECISION_RELEVANT_EVIDENCE_BUDGET_NOT_RULED_OUT_BY_CONVERSE,True,,0,211264
REPLICATION,2,balanced,ACQUIRE_DECISION_RELEVANT_EVIDENCE_BUDGET_NOT_RULED_OUT_BY_CONVERSE,D7,,,40.569436960265,balanced,ACQUIRE_DECISION_RELEVANT_EVIDENCE_BUDGET_NOT_RULED_OUT_BY_CONVERSE,True,,0,211265
REPLICATION,2,balanced,ACQUIRE_DECISION_RELEVANT_EVIDENCE_BUDGET_NOT_RULED_OUT_BY_CONVERSE,D7,,,40.26711152747755,balanced,ACQUIRE_DECISION_RELEVANT_EVIDENCE_BUDGET_NOT_RULED_OUT_BY_CONVERSE,True,,0,211266
REPLICATION,2,balanced,ACQUIRE_DECISION_RELEVANT_EVIDENCE_BUDGET_NOT_RULED_OUT_BY_CONVERSE,D7,,,39.88615049858371,balanced,ACQUIRE_DECISION_RELEVANT_EVIDENCE_BUDGET_NOT_RULED_OUT_BY_CONVERSE,True,,0,211267
REPLICATION,2,balanced,ACQUIRE_DECISION_RELEVANT_EVIDENCE_BUDGET_NOT_RULED_OUT_BY_CONVERSE,D7,,,36.64737356398318,balanced,ACQUIRE_DECISION_RELEVANT_EVIDENCE_BUDGET_NOT_RULED_OUT_BY_CONVERSE,True,,0,211268
REPLICATION,2,balanced,ACQUIRE_DECISION_RELEVANT_EVIDENCE_BUDGET_NOT_RULED_OUT_BY_CONVERSE,D7,,,36.76409343126024,balanced,ACQUIRE_DECISION_RELEVANT_EVIDENCE_BUDGET_NOT_RULED_OUT_BY_CONVERSE,True,,0,211269
REPLICATION,2,balanced,ACQUIRE_DECISION_RELEVANT_EVIDENCE_BUDGET_NOT_RULED_OUT_BY_CONVERSE,D7,,,37.019707617853584,balanced,ACQUIRE_DECISION_RELEVANT_EVIDENCE_BUDGET_NOT_RULED_OUT_BY_CONVERSE,True,,0,211270
REPLICATION,2,balanced,ACQUIRE_DECISION_RELEVANT_EVIDENCE_BUDGET_NOT_RULED_OUT_BY_CONVERSE,D7,,,40.68601383660109,balanced,ACQUIRE_DECISION_RELEVANT_EVIDENCE_BUDGET_NOT_RULED_OUT_BY_CONVERSE,True,,0,211271
REPLICATION,2,balanced,ACQUIRE_DECISION_RELEVANT_EVIDENCE_BUDGET_NOT_RULED_OUT_BY_CONVERSE,D7,,,41.29647543809876,balanced,ACQUIRE_DECISION_RELEVANT_EVIDENCE_BUDGET_NOT_RULED_OUT_BY_CONVERSE,True,,0,211272
REPLICATION,2,balanced,ACQUIRE_DECISION_RELEVANT_EVIDENCE_BUDGET_NOT_RULED_OUT_BY_CONVERSE,D7,,,32.12022039535746,balanced,ACQUIRE_DECISION_RELEVANT_EVIDENCE_BUDGET_NOT_RULED_OUT_BY_CONVERSE,True,,0,211273
REPLICATION,2,balanced,ACQUIRE_DECISION_RELEVANT_EVIDENCE_BUDGET_NOT_RULED_OUT_BY_CONVERSE,D7,,,41.48994287702681,balanced,ACQUIRE_DECISION_RELEVANT_EVIDENCE_BUDGET_NOT_RULED_OUT_BY_CONVERSE,True,,0,211274
REPLICATION,2,balanced,ACQUIRE_DECISION_RELEVANT_EVIDENCE_BUDGET_NOT_RULED_OUT_BY_CONVERSE,D7,,,35.188521453210186,balanced,ACQUIRE_DECISION_RELEVANT_EVIDENCE_BUDGET_NOT_RULED_OUT_BY_CONVERSE,True,,0,211275
REPLICATION,2,balanced,ACQUIRE_DECISION_RELEVANT_EVIDENCE_BUDGET_NOT_RULED_OUT_BY_CONVERSE,D7,,,38.78184264792226,balanced,ACQUIRE_DECISION_RELEVANT_EVIDENCE_BUDGET_NOT_RULED_OUT_BY_CONVERSE,True,,0,211276
REPLICATION,2,balanced,ACQUIRE_DECISION_RELEVANT_EVIDENCE_BUDGET_NOT_RULED_OUT_BY_CONVERSE,D7,,,36.314686930259484,balanced,ACQUIRE_DECISION_RELEVANT_EVIDENCE_BUDGET_NOT_RULED_OUT_BY_CONVERSE,True,,0,211277
REPLICATION,2,balanced,ACQUIRE_DECISION_RELEVANT_EVIDENCE_BUDGET_NOT_RULED_OUT_BY_CONVERSE,D7,,,40.616721229045126,balanced,ACQUIRE_DECISION_RELEVANT_EVIDENCE_BUDGET_NOT_RULED_OUT_BY_CONVERSE,True,,0,211278
REPLICATION,2,balanced,ACQUIRE_DECISION_RELEVANT_EVIDENCE_BUDGET_NOT_RULED_OUT_BY_CONVERSE,D7,,,40.837800178051836,balanced,ACQUIRE_DECISION_RELEVANT_EVIDENCE_BUDGET_NOT_RULED_OUT_BY_CONVERSE,True,,0,211279
REPLICATION,2,balanced,ACQUIRE_DECISION_RELEVANT_EVIDENCE_BUDGET_NOT_RULED_OUT_BY_CONVERSE,D7,,,41.199099481433166,balanced,ACQUIRE_DECISION_RELEVANT_EVIDENCE_BUDGET_NOT_RULED_OUT_BY_CONVERSE,True,,0,211280
REPLICATION,2,balanced,ACQUIRE_DECISION_RELEVANT_EVIDENCE_BUDGET_NOT_RULED_OUT_BY_CONVERSE,D7,,,40.51081472421077,balanced,ACQUIRE_DECISION_RELEVANT_EVIDENCE_BUDGET_NOT_RULED_OUT_BY_CONVERSE,True,,0,211281
REPLICATION,2,balanced,ACQUIRE_DECISION_RELEVANT_EVIDENCE_BUDGET_NOT_RULED_OUT_BY_CONVERSE,D7,,,33.80264542094662,balanced,ACQUIRE_DECISION_RELEVANT_EVIDENCE_BUDGET_NOT_RULED_OUT_BY_CONVERSE,True,,0,211282
REPLICATION,2,balanced,ACQUIRE_DECISION_RELEVANT_EVIDENCE_BUDGET_NOT_RULED_OUT_BY_CONVERSE,D7,,,35.66673998895204,balanced,ACQUIRE_DECISION_RELEVANT_EVIDENCE_BUDGET_NOT_RULED_OUT_BY_CONVERSE,True,,0,211283
REPLICATION,2,balanced,ACQUIRE_DECISION_RELEVANT_EVIDENCE_BUDGET_NOT_RULED_OUT_BY_CONVERSE,D7,,,30.726768440686214,balanced,ACQUIRE_DECISION_RELEVANT_EVIDENCE_BUDGET_NOT_RULED_OUT_BY_CONVERSE,True,,0,211284
REPLICATION,2,balanced,ACQUIRE_DECISION_RELEVANT_EVIDENCE_BUDGET_NOT_RULED_OUT_BY_CONVERSE,D7,,,39.636846172628594,balanced,ACQUIRE_DECISION_RELEVANT_EVIDENCE_BUDGET_NOT_RULED_OUT_BY_CONVERSE,True,,0,211285
REPLICATION,2,balanced,ACQUIRE_DECISION_RELEVANT_EVIDENCE_BUDGET_NOT_RULED_OUT_BY_CONVERSE,D7,,,40.59618436894885,balanced,ACQUIRE_DECISION_RELEVANT_EVIDENCE_BUDGET_NOT_RULED_OUT_BY_CONVERSE,True,,0,211286
REPLICATION,2,balanced,ACQUIRE_DECISION_RELEVANT_EVIDENCE_BUDGET_NOT_RULED_OUT_BY_CONVERSE,D7,,,38.816905902638375,balanced,ACQUIRE_DECISION_RELEVANT_EVIDENCE_BUDGET_NOT_RULED_OUT_BY_CONVERSE,True,,0,211287
REPLICATION,2,balanced,ACQUIRE_DECISION_RELEVANT_EVIDENCE_BUDGET_NOT_RULED_OUT_BY_CONVERSE,D7,,,40.22164708367903,balanced,ACQUIRE_DECISION_RELEVANT_EVIDENCE_BUDGET_NOT_RULED_OUT_BY_CONVERSE,True,,0,211288
REPLICATION,2,balanced,ACQUIRE_DECISION_RELEVANT_EVIDENCE_BUDGET_NOT_RULED_OUT_BY_CONVERSE,D7,,,36.09881292138022,balanced,ACQUIRE_DECISION_RELEVANT_EVIDENCE_BUDGET_NOT_RULED_OUT_BY_CONVERSE,True,,0,211289
REPLICATION,2,balanced,ACQUIRE_DECISION_RELEVANT_EVIDENCE_BUDGET_NOT_RULED_OUT_BY_CONVERSE,D7,,,33.150539378050276,balanced,ACQUIRE_DECISION_RELEVANT_EVIDENCE_BUDGET_NOT_RULED_OUT_BY_CONVERSE,True,,0,211290
REPLICATION,2,balanced,ACQUIRE_DECISION_RELEVANT_EVIDENCE_BUDGET_NOT_RULED_OUT_BY_CONVERSE,D7,,,38.80692637401599,balanced,ACQUIRE_DECISION_RELEVANT_EVIDENCE_BUDGET_NOT_RULED_OUT_BY_CONVERSE,True,,0,211291
REPLICATION,2,balanced,ACQUIRE_DECISION_RELEVANT_EVIDENCE_BUDGET_NOT_RULED_OUT_BY_CONVERSE,D7,,,39.37188944650738,balanced,ACQUIRE_DECISION_RELEVANT_EVIDENCE_BUDGET_NOT_RULED_OUT_BY_CONVERSE,True,,0,211292
REPLICATION,2,balanced,ACQUIRE_DECISION_RELEVANT_EVIDENCE_BUDGET_NOT_RULED_OUT_BY_CONVERSE,D7,,,31.793258836133823,balanced,ACQUIRE_DECISION_RELEVANT_EVIDENCE_BUDGET_NOT_RULED_OUT_BY_CONVERSE,True,,0,211293
REPLICATION,2,balanced,ACQUIRE_DECISION_RELEVANT_EVIDENCE_BUDGET_NOT_RULED_OUT_BY_CONVERSE,D7,,,31.699928127639648,balanced,ACQUIRE_DECISION_RELEVANT_EVIDENCE_BUDGET_NOT_RULED_OUT_BY_CONVERSE,True,,0,211294
REPLICATION,2,balanced,ACQUIRE_DECISION_RELEVANT_EVIDENCE_BUDGET_NOT_RULED_OUT_BY_CONVERSE,D7,,,35.917835434375746,balanced,ACQUIRE_DECISION_RELEVANT_EVIDENCE_BUDGET_NOT_RULED_OUT_BY_CONVERSE,True,,0,211295
REPLICATION,2,balanced,ACQUIRE_DECISION_RELEVANT_EVIDENCE_BUDGET_NOT_RULED_OUT_BY_CONVERSE,D7,,,37.932322580601614,balanced,ACQUIRE_DECISION_RELEVANT_EVIDENCE_BUDGET_NOT_RULED_OUT_BY_CONVERSE,True,,0,211296
REPLICATION,2,balanced,ACQUIRE_DECISION_RELEVANT_EVIDENCE_BUDGET_NOT_RULED_OUT_BY_CONVERSE,D7,,,35.56843613118693,balanced,ACQUIRE_DECISION_RELEVANT_EVIDENCE_BUDGET_NOT_RULED_OUT_BY_CONVERSE,True,,0,211297
REPLICATION,2,balanced,ACQUIRE_DECISION_RELEVANT_EVIDENCE_BUDGET_NOT_RULED_OUT_BY_CONVERSE,D7,,,38.20640885365413,balanced,ACQUIRE_DECISION_RELEVANT_EVIDENCE_BUDGET_NOT_RULED_OUT_BY_CONVERSE,True,,0,211298
REPLICATION,2,balanced,ACQUIRE_DECISION_RELEVANT_EVIDENCE_BUDGET_NOT_RULED_OUT_BY_CONVERSE,D7,,,37.996948440187765,balanced,ACQUIRE_DECISION_RELEVANT_EVIDENCE_BUDGET_NOT_RULED_OUT_BY_CONVERSE,True,,0,211299
REPLICATION,2,balanced,ACQUIRE_DECISION_RELEVANT_EVIDENCE_BUDGET_NOT_RULED_OUT_BY_CONVERSE,D7,,,34.372760607949836,balanced,ACQUIRE_DECISION_RELEVANT_EVIDENCE_BUDGET_NOT_RULED_OUT_BY_CONVERSE,True,,0,211300
REPLICATION,2,balanced,ACQUIRE_DECISION_RELEVANT_EVIDENCE_BUDGET_NOT_RULED_OUT_BY_CONVERSE,D7,,,37.44905840592642,balanced,ACQUIRE_DECISION_RELEVANT_EVIDENCE_BUDGET_NOT_RULED_OUT_BY_CONVERSE,True,,0,211301
REPLICATION,2,balanced,ACQUIRE_DECISION_RELEVANT_EVIDENCE_BUDGET_NOT_RULED_OUT_BY_CONVERSE,D7,,,36.52768074304622,balanced,ACQUIRE_DECISION_RELEVANT_EVIDENCE_BUDGET_NOT_RULED_OUT_BY_CONVERSE,True,,0,211302
REPLICATION,2,balanced,ACQUIRE_DECISION_RELEVANT_EVIDENCE_BUDGET_NOT_RULED_OUT_BY_CONVERSE,D7,,,35.81582134325988,balanced,ACQUIRE_DECISION_RELEVANT_EVIDENCE_BUDGET_NOT_RULED_OUT_BY_CONVERSE,True,,0,211303
REPLICATION,2,balanced,ACQUIRE_DECISION_RELEVANT_EVIDENCE_BUDGET_NOT_RULED_OUT_BY_CONVERSE,D7,,,32.466435446362716,balanced,ACQUIRE_DECISION_RELEVANT_EVIDENCE_BUDGET_NOT_RULED_OUT_BY_CONVERSE,True,,0,211304
REPLICATION,2,balanced,ACQUIRE_DECISION_RELEVANT_EVIDENCE_BUDGET_NOT_RULED_OUT_BY_CONVERSE,D7,,,31.655297377934247,balanced,ACQUIRE_DECISION_RELEVANT_EVIDENCE_BUDGET_NOT_RULED_OUT_BY_CONVERSE,True,,0,211305
REPLICATION,2,balanced,ACQUIRE_DECISION_RELEVANT_EVIDENCE_BUDGET_NOT_RULED_OUT_BY_CONVERSE,D7,,,40.301404622395786,balanced,ACQUIRE_DECISION_RELEVANT_EVIDENCE_BUDGET_NOT_RULED_OUT_BY_CONVERSE,True,,0,211306
REPLICATION,2,balanced,ACQUIRE_DECISION_RELEVANT_EVIDENCE_BUDGET_NOT_RULED_OUT_BY_CONVERSE,D7,,,33.8125228189275,balanced,ACQUIRE_DECISION_RELEVANT_EVIDENCE_BUDGET_NOT_RULED_OUT_BY_CONVERSE,True,,0,211307
REPLICATION,2,balanced,ACQUIRE_DECISION_RELEVANT_EVIDENCE_BUDGET_NOT_RULED_OUT_BY_CONVERSE,D7,,,41.52321074133846,balanced,ACQUIRE_DECISION_RELEVANT_EVIDENCE_BUDGET_NOT_RULED_OUT_BY_CONVERSE,True,,0,211308
REPLICATION,2,balanced,ACQUIRE_DECISION_RELEVANT_EVIDENCE_BUDGET_NOT_RULED_OUT_BY_CONVERSE,D7,,,34.34624606860532,balanced,ACQUIRE_DECISION_RELEVANT_EVIDENCE_BUDGET_NOT_RULED_OUT_BY_CONVERSE,True,,0,211309
REPLICATION,2,balanced,ACQUIRE_DECISION_RELEVANT_EVIDENCE_BUDGET_NOT_RULED_OUT_BY_CONVERSE,D7,,,33.805461355656945,balanced,ACQUIRE_DECISION_RELEVANT_EVIDENCE_BUDGET_NOT_RULED_OUT_BY_CONVERSE,True,,0,211310
REPLICATION,2,balanced,ACQUIRE_DECISION_RELEVANT_EVIDENCE_BUDGET_NOT_RULED_OUT_BY_CONVERSE,D7,,,39.20283067304034,balanced,ACQUIRE_DECISION_RELEVANT_EVIDENCE_BUDGET_NOT_RULED_OUT_BY_CONVERSE,True,,0,211311
REPLICATION,2,balanced,ACQUIRE_DECISION_RELEVANT_EVIDENCE_BUDGET_NOT_RULED_OUT_BY_CONVERSE,D7,,,32.79235673524447,balanced,ACQUIRE_DECISION_RELEVANT_EVIDENCE_BUDGET_NOT_RULED_OUT_BY_CONVERSE,True,,0,211312
REPLICATION,2,balanced,ACQUIRE_DECISION_RELEVANT_EVIDENCE_BUDGET_NOT_RULED_OUT_BY_CONVERSE,D7,,,40.47268758700714,balanced,ACQUIRE_DECISION_RELEVANT_EVIDENCE_BUDGET_NOT_RULED_OUT_BY_CONVERSE,True,,0,211313
REPLICATION,2,balanced,ACQUIRE_DECISION_RELEVANT_EVIDENCE_BUDGET_NOT_RULED_OUT_BY_CONVERSE,D7,,,34.455345326301625,balanced,ACQUIRE_DECISION_RELEVANT_EVIDENCE_BUDGET_NOT_RULED_OUT_BY_CONVERSE,True,,0,211314
REPLICATION,2,balanced,ACQUIRE_DECISION_RELEVANT_EVIDENCE_BUDGET_NOT_RULED_OUT_BY_CONVERSE,D7,,,37.44952248240101,balanced,ACQUIRE_DECISION_RELEVANT_EVIDENCE_BUDGET_NOT_RULED_OUT_BY_CONVERSE,True,,0,211315
REPLICATION,2,balanced,ACQUIRE_DECISION_RELEVANT_EVIDENCE_BUDGET_NOT_RULED_OUT_BY_CONVERSE,D7,,,34.9945317453297,balanced,ACQUIRE_DECISION_RELEVANT_EVIDENCE_BUDGET_NOT_RULED_OUT_BY_CONVERSE,True,,0,211316
REPLICATION,2,balanced,ACQUIRE_DECISION_RELEVANT_EVIDENCE_BUDGET_NOT_RULED_OUT_BY_CONVERSE,D7,,,40.12815763375188,balanced,ACQUIRE_DECISION_RELEVANT_EVIDENCE_BUDGET_NOT_RULED_OUT_BY_CONVERSE,True,,0,211317
REPLICATION,2,balanced,ACQUIRE_DECISION_RELEVANT_EVIDENCE_BUDGET_NOT_RULED_OUT_BY_CONVERSE,D7,,,40.639517830558674,balanced,ACQUIRE_DECISION_RELEVANT_EVIDENCE_BUDGET_NOT_RULED_OUT_BY_CONVERSE,True,,0,211318
REPLICATION,2,balanced,ACQUIRE_DECISION_RELEVANT_EVIDENCE_BUDGET_NOT_RULED_OUT_BY_CONVERSE,D7,,,31.828634631716923,balanced,ACQUIRE_DECISION_RELEVANT_EVIDENCE_BUDGET_NOT_RULED_OUT_BY_CONVERSE,True,,0,211319
REPLICATION,2,balanced,ACQUIRE_DECISION_RELEVANT_EVIDENCE_BUDGET_NOT_RULED_OUT_BY_CONVERSE,D7,,,38.130293688209186,balanced,ACQUIRE_DECISION_RELEVANT_EVIDENCE_BUDGET_NOT_RULED_OUT_BY_CONVERSE,True,,0,211320
REPLICATION,2,balanced,ACQUIRE_DECISION_RELEVANT_EVIDENCE_BUDGET_NOT_RULED_OUT_BY_CONVERSE,D7,,,37.92256851479708,balanced,ACQUIRE_DECISION_RELEVANT_EVIDENCE_BUDGET_NOT_RULED_OUT_BY_CONVERSE,True,,0,211321
REPLICATION,2,balanced,ACQUIRE_DECISION_RELEVANT_EVIDENCE_BUDGET_NOT_RULED_OUT_BY_CONVERSE,D7,,,32.91899618942887,balanced,ACQUIRE_DECISION_RELEVANT_EVIDENCE_BUDGET_NOT_RULED_OUT_BY_CONVERSE,True,,0,211322
REPLICATION,2,balanced,ACQUIRE_DECISION_RELEVANT_EVIDENCE_BUDGET_NOT_RULED_OUT_BY_CONVERSE,D7,,,34.241525412079184,balanced,ACQUIRE_DECISION_RELEVANT_EVIDENCE_BUDGET_NOT_RULED_OUT_BY_CONVERSE,True,,0,211323
REPLICATION,2,balanced,ACQUIRE_DECISION_RELEVANT_EVIDENCE_BUDGET_NOT_RULED_OUT_BY_CONVERSE,D7,,,32.65706419963379,balanced,ACQUIRE_DECISION_RELEVANT_EVIDENCE_BUDGET_NOT_RULED_OUT_BY_CONVERSE,True,,0,211324
REPLICATION,2,balanced,ACQUIRE_DECISION_RELEVANT_EVIDENCE_BUDGET_NOT_RULED_OUT_BY_CONVERSE,D7,,,36.49565121765295,balanced,ACQUIRE_DECISION_RELEVANT_EVIDENCE_BUDGET_NOT_RULED_OUT_BY_CONVERSE,True,,0,211325
REPLICATION,2,balanced,ACQUIRE_DECISION_RELEVANT_EVIDENCE_BUDGET_NOT_RULED_OUT_BY_CONVERSE,D7,,,40.183135041802366,balanced,ACQUIRE_DECISION_RELEVANT_EVIDENCE_BUDGET_NOT_RULED_OUT_BY_CONVERSE,True,,0,211326
REPLICATION,2,balanced,ACQUIRE_DECISION_RELEVANT_EVIDENCE_BUDGET_NOT_RULED_OUT_BY_CONVERSE,D7,,,32.38278865431648,balanced,ACQUIRE_DECISION_RELEVANT_EVIDENCE_BUDGET_NOT_RULED_OUT_BY_CONVERSE,True,,0,211327
REPLICATION,2,balanced,ACQUIRE_DECISION_RELEVANT_EVIDENCE_BUDGET_NOT_RULED_OUT_BY_CONVERSE,D7,,,33.95388200792155,balanced,ACQUIRE_DECISION_RELEVANT_EVIDENCE_BUDGET_NOT_RULED_OUT_BY_CONVERSE,True,,0,211328
REPLICATION,1,cert,ACQUIRE_DECISION_RELEVANT_EVIDENCE_BUDGET_NOT_RULED_OUT_BY_CONVERSE,D8,,,24.502653796641233,cert,ACQUIRE_DECISION_RELEVANT_EVIDENCE_BUDGET_NOT_RULED_OUT_BY_CONVERSE,True,,0,212201
REPLICATION,1,cert,ACQUIRE_DECISION_RELEVANT_EVIDENCE_BUDGET_NOT_RULED_OUT_BY_CONVERSE,D8,,,21.606718697375392,cert,ACQUIRE_DECISION_RELEVANT_EVIDENCE_BUDGET_NOT_RULED_OUT_BY_CONVERSE,True,,0,212202
REPLICATION,1,cert,ACQUIRE_DECISION_RELEVANT_EVIDENCE_BUDGET_NOT_RULED_OUT_BY_CONVERSE,D8,,,21.800824024112014,cert,ACQUIRE_DECISION_RELEVANT_EVIDENCE_BUDGET_NOT_RULED_OUT_BY_CONVERSE,True,,0,212203
REPLICATION,1,cert,ACQUIRE_DECISION_RELEVANT_EVIDENCE_BUDGET_NOT_RULED_OUT_BY_CONVERSE,D8,,,25.046140454363517,cert,ACQUIRE_DECISION_RELEVANT_EVIDENCE_BUDGET_NOT_RULED_OUT_BY_CONVERSE,True,,0,212204
REPLICATION,1,cert,ACQUIRE_DECISION_RELEVANT_EVIDENCE_BUDGET_NOT_RULED_OUT_BY_CONVERSE,D8,,,23.13751548622292,cert,ACQUIRE_DECISION_RELEVANT_EVIDENCE_BUDGET_NOT_RULED_OUT_BY_CONVERSE,True,,0,212205
REPLICATION,1,cert,ACQUIRE_DECISION_RELEVANT_EVIDENCE_BUDGET_NOT_RULED_OUT_BY_CONVERSE,D8,,,30.50297774578604,cert,ACQUIRE_DECISION_RELEVANT_EVIDENCE_BUDGET_NOT_RULED_OUT_BY_CONVERSE,True,,0,212206
REPLICATION,1,cert,ACQUIRE_DECISION_RELEVANT_EVIDENCE_BUDGET_NOT_RULED_OUT_BY_CONVERSE,D8,,,29.165597934371107,cert,ACQUIRE_DECISION_RELEVANT_EVIDENCE_BUDGET_NOT_RULED_OUT_BY_CONVERSE,True,,0,212207
REPLICATION,1,cert,ACQUIRE_DECISION_RELEVANT_EVIDENCE_BUDGET_NOT_RULED_OUT_BY_CONVERSE,D8,,,22.72905021766745,cert,ACQUIRE_DECISION_RELEVANT_EVIDENCE_BUDGET_NOT_RULED_OUT_BY_CONVERSE,True,,0,212208
REPLICATION,1,cert,ACQUIRE_DECISION_RELEVANT_EVIDENCE_BUDGET_NOT_RULED_OUT_BY_CONVERSE,D8,,,32.42060760462748,cert,ACQUIRE_DECISION_RELEVANT_EVIDENCE_BUDGET_NOT_RULED_OUT_BY_CONVERSE,True,,0,212209
REPLICATION,1,cert,ACQUIRE_DECISION_RELEVANT_EVIDENCE_BUDGET_NOT_RULED_OUT_BY_CONVERSE,D8,,,27.079425527556968,cert,ACQUIRE_DECISION_RELEVANT_EVIDENCE_BUDGET_NOT_RULED_OUT_BY_CONVERSE,True,,0,212210
REPLICATION,1,cert,ACQUIRE_DECISION_RELEVANT_EVIDENCE_BUDGET_NOT_RULED_OUT_BY_CONVERSE,D8,,,32.44880796081192,cert,ACQUIRE_DECISION_RELEVANT_EVIDENCE_BUDGET_NOT_RULED_OUT_BY_CONVERSE,True,,0,212211
REPLICATION,1,cert,ACQUIRE_DECISION_RELEVANT_EVIDENCE_BUDGET_NOT_RULED_OUT_BY_CONVERSE,D8,,,22.454825023368237,cert,ACQUIRE_DECISION_RELEVANT_EVIDENCE_BUDGET_NOT_RULED_OUT_BY_CONVERSE,True,,0,212212
REPLICATION,1,cert,ACQUIRE_DECISION_RELEVANT_EVIDENCE_BUDGET_NOT_RULED_OUT_BY_CONVERSE,D8,,,21.470046722534374,cert,ACQUIRE_DECISION_RELEVANT_EVIDENCE_BUDGET_NOT_RULED_OUT_BY_CONVERSE,True,,0,212213
REPLICATION,1,cert,ACQUIRE_DECISION_RELEVANT_EVIDENCE_BUDGET_NOT_RULED_OUT_BY_CONVERSE,D8,,,25.763599354434238,cert,ACQUIRE_DECISION_RELEVANT_EVIDENCE_BUDGET_NOT_RULED_OUT_BY_CONVERSE,True,,0,212214
REPLICATION,1,cert,ACQUIRE_DECISION_RELEVANT_EVIDENCE_BUDGET_NOT_RULED_OUT_BY_CONVERSE,D8,,,30.10976717476346,cert,ACQUIRE_DECISION_RELEVANT_EVIDENCE_BUDGET_NOT_RULED_OUT_BY_CONVERSE,True,,0,212215
REPLICATION,1,cert,ACQUIRE_DECISION_RELEVANT_EVIDENCE_BUDGET_NOT_RULED_OUT_BY_CONVERSE,D8,,,30.710248321309507,cert,ACQUIRE_DECISION_RELEVANT_EVIDENCE_BUDGET_NOT_RULED_OUT_BY_CONVERSE,True,,0,212216
REPLICATION,1,cert,ACQUIRE_DECISION_RELEVANT_EVIDENCE_BUDGET_NOT_RULED_OUT_BY_CONVERSE,D8,,,26.03894520175138,cert,ACQUIRE_DECISION_RELEVANT_EVIDENCE_BUDGET_NOT_RULED_OUT_BY_CONVERSE,True,,0,212217
REPLICATION,1,cert,ACQUIRE_DECISION_RELEVANT_EVIDENCE_BUDGET_NOT_RULED_OUT_BY_CONVERSE,D8,,,21.981383417779057,cert,ACQUIRE_DECISION_RELEVANT_EVIDENCE_BUDGET_NOT_RULED_OUT_BY_CONVERSE,True,,0,212218
REPLICATION,1,cert,ACQUIRE_DECISION_RELEVANT_EVIDENCE_BUDGET_NOT_RULED_OUT_BY_CONVERSE,D8,,,32.106639487178285,cert,ACQUIRE_DECISION_RELEVANT_EVIDENCE_BUDGET_NOT_RULED_OUT_BY_CONVERSE,True,,0,212219
REPLICATION,1,cert,ACQUIRE_DECISION_RELEVANT_EVIDENCE_BUDGET_NOT_RULED_OUT_BY_CONVERSE,D8,,,33.6916045996664,cert,ACQUIRE_DECISION_RELEVANT_EVIDENCE_BUDGET_NOT_RULED_OUT_BY_CONVERSE,True,,0,212220
REPLICATION,1,cert,ACQUIRE_DECISION_RELEVANT_EVIDENCE_BUDGET_NOT_RULED_OUT_BY_CONVERSE,D8,,,25.99055118723331,cert,ACQUIRE_DECISION_RELEVANT_EVIDENCE_BUDGET_NOT_RULED_OUT_BY_CONVERSE,True,,0,212221
REPLICATION,1,cert,ACQUIRE_DECISION_RELEVANT_EVIDENCE_BUDGET_NOT_RULED_OUT_BY_CONVERSE,D8,,,25.855012209529686,cert,ACQUIRE_DECISION_RELEVANT_EVIDENCE_BUDGET_NOT_RULED_OUT_BY_CONVERSE,True,,0,212222
REPLICATION,1,cert,ACQUIRE_DECISION_RELEVANT_EVIDENCE_BUDGET_NOT_RULED_OUT_BY_CONVERSE,D8,,,23.189227710102752,cert,ACQUIRE_DECISION_RELEVANT_EVIDENCE_BUDGET_NOT_RULED_OUT_BY_CONVERSE,True,,0,212223
REPLICATION,1,cert,ACQUIRE_DECISION_RELEVANT_EVIDENCE_BUDGET_NOT_RULED_OUT_BY_CONVERSE,D8,,,26.83279504574431,cert,ACQUIRE_DECISION_RELEVANT_EVIDENCE_BUDGET_NOT_RULED_OUT_BY_CONVERSE,True,,0,212224
REPLICATION,1,cert,ACQUIRE_DECISION_RELEVANT_EVIDENCE_BUDGET_NOT_RULED_OUT_BY_CONVERSE,D8,,,29.18307625359393,cert,ACQUIRE_DECISION_RELEVANT_EVIDENCE_BUDGET_NOT_RULED_OUT_BY_CONVERSE,True,,0,212225
REPLICATION,1,cert,ACQUIRE_DECISION_RELEVANT_EVIDENCE_BUDGET_NOT_RULED_OUT_BY_CONVERSE,D8,,,24.321029240281515,cert,ACQUIRE_DECISION_RELEVANT_EVIDENCE_BUDGET_NOT_RULED_OUT_BY_CONVERSE,True,,0,212226
REPLICATION,1,cert,ACQUIRE_DECISION_RELEVANT_EVIDENCE_BUDGET_NOT_RULED_OUT_BY_CONVERSE,D8,,,29.225230956920306,cert,ACQUIRE_DECISION_RELEVANT_EVIDENCE_BUDGET_NOT_RULED_OUT_BY_CONVERSE,True,,0,212227
REPLICATION,1,cert,ACQUIRE_DECISION_RELEVANT_EVIDENCE_BUDGET_NOT_RULED_OUT_BY_CONVERSE,D8,,,21.87651020171224,cert,ACQUIRE_DECISION_RELEVANT_EVIDENCE_BUDGET_NOT_RULED_OUT_BY_CONVERSE,True,,0,212228
REPLICATION,1,cert,ACQUIRE_DECISION_RELEVANT_EVIDENCE_BUDGET_NOT_RULED_OUT_BY_CONVERSE,D8,,,21.73966099135108,cert,ACQUIRE_DECISION_RELEVANT_EVIDENCE_BUDGET_NOT_RULED_OUT_BY_CONVERSE,True,,0,212229
REPLICATION,1,cert,ACQUIRE_DECISION_RELEVANT_EVIDENCE_BUDGET_NOT_RULED_OUT_BY_CONVERSE,D8,,,23.78923522091065,cert,ACQUIRE_DECISION_RELEVANT_EVIDENCE_BUDGET_NOT_RULED_OUT_BY_CONVERSE,True,,0,212230
REPLICATION,1,cert,ACQUIRE_DECISION_RELEVANT_EVIDENCE_BUDGET_NOT_RULED_OUT_BY_CONVERSE,D8,,,30.812025193032884,cert,ACQUIRE_DECISION_RELEVANT_EVIDENCE_BUDGET_NOT_RULED_OUT_BY_CONVERSE,True,,0,212231
REPLICATION,1,cert,ACQUIRE_DECISION_RELEVANT_EVIDENCE_BUDGET_NOT_RULED_OUT_BY_CONVERSE,D8,,,27.361366179037915,cert,ACQUIRE_DECISION_RELEVANT_EVIDENCE_BUDGET_NOT_RULED_OUT_BY_CONVERSE,True,,0,212232
REPLICATION,1,cert,ACQUIRE_DECISION_RELEVANT_EVIDENCE_BUDGET_NOT_RULED_OUT_BY_CONVERSE,D8,,,30.79532583084293,cert,ACQUIRE_DECISION_RELEVANT_EVIDENCE_BUDGET_NOT_RULED_OUT_BY_CONVERSE,True,,0,212233
REPLICATION,1,cert,ACQUIRE_DECISION_RELEVANT_EVIDENCE_BUDGET_NOT_RULED_OUT_BY_CONVERSE,D8,,,22.79732361178646,cert,ACQUIRE_DECISION_RELEVANT_EVIDENCE_BUDGET_NOT_RULED_OUT_BY_CONVERSE,True,,0,212234
REPLICATION,1,cert,ACQUIRE_DECISION_RELEVANT_EVIDENCE_BUDGET_NOT_RULED_OUT_BY_CONVERSE,D8,,,31.665370175128583,cert,ACQUIRE_DECISION_RELEVANT_EVIDENCE_BUDGET_NOT_RULED_OUT_BY_CONVERSE,True,,0,212235
REPLICATION,1,cert,ACQUIRE_DECISION_RELEVANT_EVIDENCE_BUDGET_NOT_RULED_OUT_BY_CONVERSE,D8,,,22.60403274437553,cert,ACQUIRE_DECISION_RELEVANT_EVIDENCE_BUDGET_NOT_RULED_OUT_BY_CONVERSE,True,,0,212236
REPLICATION,1,cert,ACQUIRE_DECISION_RELEVANT_EVIDENCE_BUDGET_NOT_RULED_OUT_BY_CONVERSE,D8,,,26.28041190538411,cert,ACQUIRE_DECISION_RELEVANT_EVIDENCE_BUDGET_NOT_RULED_OUT_BY_CONVERSE,True,,0,212237
REPLICATION,1,cert,ACQUIRE_DECISION_RELEVANT_EVIDENCE_BUDGET_NOT_RULED_OUT_BY_CONVERSE,D8,,,24.652706908806866,cert,ACQUIRE_DECISION_RELEVANT_EVIDENCE_BUDGET_NOT_RULED_OUT_BY_CONVERSE,True,,0,212238
REPLICATION,1,cert,ACQUIRE_DECISION_RELEVANT_EVIDENCE_BUDGET_NOT_RULED_OUT_BY_CONVERSE,D8,,,33.29675529402611,cert,ACQUIRE_DECISION_RELEVANT_EVIDENCE_BUDGET_NOT_RULED_OUT_BY_CONVERSE,True,,0,212239
REPLICATION,1,cert,ACQUIRE_DECISION_RELEVANT_EVIDENCE_BUDGET_NOT_RULED_OUT_BY_CONVERSE,D8,,,27.266416147012322,cert,ACQUIRE_DECISION_RELEVANT_EVIDENCE_BUDGET_NOT_RULED_OUT_BY_CONVERSE,True,,0,212240
REPLICATION,1,cert,ACQUIRE_DECISION_RELEVANT_EVIDENCE_BUDGET_NOT_RULED_OUT_BY_CONVERSE,D8,,,24.165490949040326,cert,ACQUIRE_DECISION_RELEVANT_EVIDENCE_BUDGET_NOT_RULED_OUT_BY_CONVERSE,True,,0,212241
REPLICATION,1,cert,ACQUIRE_DECISION_RELEVANT_EVIDENCE_BUDGET_NOT_RULED_OUT_BY_CONVERSE,D8,,,31.528401824994532,cert,ACQUIRE_DECISION_RELEVANT_EVIDENCE_BUDGET_NOT_RULED_OUT_BY_CONVERSE,True,,0,212242
REPLICATION,1,cert,ACQUIRE_DECISION_RELEVANT_EVIDENCE_BUDGET_NOT_RULED_OUT_BY_CONVERSE,D8,,,30.20889704915937,cert,ACQUIRE_DECISION_RELEVANT_EVIDENCE_BUDGET_NOT_RULED_OUT_BY_CONVERSE,True,,0,212243
REPLICATION,1,cert,ACQUIRE_DECISION_RELEVANT_EVIDENCE_BUDGET_NOT_RULED_OUT_BY_CONVERSE,D8,,,22.767628738680568,cert,ACQUIRE_DECISION_RELEVANT_EVIDENCE_BUDGET_NOT_RULED_OUT_BY_CONVERSE,True,,0,212244
REPLICATION,1,cert,ACQUIRE_DECISION_RELEVANT_EVIDENCE_BUDGET_NOT_RULED_OUT_BY_CONVERSE,D8,,,26.658734346866048,cert,ACQUIRE_DECISION_RELEVANT_EVIDENCE_BUDGET_NOT_RULED_OUT_BY_CONVERSE,True,,0,212245
REPLICATION,1,cert,ACQUIRE_DECISION_RELEVANT_EVIDENCE_BUDGET_NOT_RULED_OUT_BY_CONVERSE,D8,,,21.18845427429278,cert,ACQUIRE_DECISION_RELEVANT_EVIDENCE_BUDGET_NOT_RULED_OUT_BY_CONVERSE,True,,0,212246
REPLICATION,1,cert,ACQUIRE_DECISION_RELEVANT_EVIDENCE_BUDGET_NOT_RULED_OUT_BY_CONVERSE,D8,,,24.932993767898292,cert,ACQUIRE_DECISION_RELEVANT_EVIDENCE_BUDGET_NOT_RULED_OUT_BY_CONVERSE,True,,0,212247
REPLICATION,1,cert,ACQUIRE_DECISION_RELEVANT_EVIDENCE_BUDGET_NOT_RULED_OUT_BY_CONVERSE,D8,,,21.777695926514884,cert,ACQUIRE_DECISION_RELEVANT_EVIDENCE_BUDGET_NOT_RULED_OUT_BY_CONVERSE,True,,0,212248
REPLICATION,1,cert,ACQUIRE_DECISION_RELEVANT_EVIDENCE_BUDGET_NOT_RULED_OUT_BY_CONVERSE,D8,,,27.411452954079117,cert,ACQUIRE_DECISION_RELEVANT_EVIDENCE_BUDGET_NOT_RULED_OUT_BY_CONVERSE,True,,0,212249
REPLICATION,1,cert,ACQUIRE_DECISION_RELEVANT_EVIDENCE_BUDGET_NOT_RULED_OUT_BY_CONVERSE,D8,,,23.407400631853307,cert,ACQUIRE_DECISION_RELEVANT_EVIDENCE_BUDGET_NOT_RULED_OUT_BY_CONVERSE,True,,0,212250
REPLICATION,1,cert,ACQUIRE_DECISION_RELEVANT_EVIDENCE_BUDGET_NOT_RULED_OUT_BY_CONVERSE,D8,,,28.66157567084604,cert,ACQUIRE_DECISION_RELEVANT_EVIDENCE_BUDGET_NOT_RULED_OUT_BY_CONVERSE,True,,0,212251
REPLICATION,1,cert,ACQUIRE_DECISION_RELEVANT_EVIDENCE_BUDGET_NOT_RULED_OUT_BY_CONVERSE,D8,,,25.680872988149197,cert,ACQUIRE_DECISION_RELEVANT_EVIDENCE_BUDGET_NOT_RULED_OUT_BY_CONVERSE,True,,0,212252
REPLICATION,1,cert,ACQUIRE_DECISION_RELEVANT_EVIDENCE_BUDGET_NOT_RULED_OUT_BY_CONVERSE,D8,,,25.75137907248974,cert,ACQUIRE_DECISION_RELEVANT_EVIDENCE_BUDGET_NOT_RULED_OUT_BY_CONVERSE,True,,0,212253
REPLICATION,1,cert,ACQUIRE_DECISION_RELEVANT_EVIDENCE_BUDGET_NOT_RULED_OUT_BY_CONVERSE,D8,,,22.136452655706027,cert,ACQUIRE_DECISION_RELEVANT_EVIDENCE_BUDGET_NOT_RULED_OUT_BY_CONVERSE,True,,0,212254
REPLICATION,1,cert,ACQUIRE_DECISION_RELEVANT_EVIDENCE_BUDGET_NOT_RULED_OUT_BY_CONVERSE,D8,,,22.10964692782432,cert,ACQUIRE_DECISION_RELEVANT_EVIDENCE_BUDGET_NOT_RULED_OUT_BY_CONVERSE,True,,0,212255
REPLICATION,1,cert,ACQUIRE_DECISION_RELEVANT_EVIDENCE_BUDGET_NOT_RULED_OUT_BY_CONVERSE,D8,,,22.13019488514983,cert,ACQUIRE_DECISION_RELEVANT_EVIDENCE_BUDGET_NOT_RULED_OUT_BY_CONVERSE,True,,0,212256
REPLICATION,1,cert,ACQUIRE_DECISION_RELEVANT_EVIDENCE_BUDGET_NOT_RULED_OUT_BY_CONVERSE,D8,,,31.158522990415634,cert,ACQUIRE_DECISION_RELEVANT_EVIDENCE_BUDGET_NOT_RULED_OUT_BY_CONVERSE,True,,0,212257
REPLICATION,1,cert,ACQUIRE_DECISION_RELEVANT_EVIDENCE_BUDGET_NOT_RULED_OUT_BY_CONVERSE,D8,,,26.224560895945476,cert,ACQUIRE_DECISION_RELEVANT_EVIDENCE_BUDGET_NOT_RULED_OUT_BY_CONVERSE,True,,0,212258
REPLICATION,1,cert,ACQUIRE_DECISION_RELEVANT_EVIDENCE_BUDGET_NOT_RULED_OUT_BY_CONVERSE,D8,,,27.252544617124766,cert,ACQUIRE_DECISION_RELEVANT_EVIDENCE_BUDGET_NOT_RULED_OUT_BY_CONVERSE,True,,0,212259
REPLICATION,1,cert,ACQUIRE_DECISION_RELEVANT_EVIDENCE_BUDGET_NOT_RULED_OUT_BY_CONVERSE,D8,,,30.54173042129009,cert,ACQUIRE_DECISION_RELEVANT_EVIDENCE_BUDGET_NOT_RULED_OUT_BY_CONVERSE,True,,0,212260
REPLICATION,1,cert,ACQUIRE_DECISION_RELEVANT_EVIDENCE_BUDGET_NOT_RULED_OUT_BY_CONVERSE,D8,,,26.09253531787971,cert,ACQUIRE_DECISION_RELEVANT_EVIDENCE_BUDGET_NOT_RULED_OUT_BY_CONVERSE,True,,0,212261
REPLICATION,1,cert,ACQUIRE_DECISION_RELEVANT_EVIDENCE_BUDGET_NOT_RULED_OUT_BY_CONVERSE,D8,,,24.653091322170912,cert,ACQUIRE_DECISION_RELEVANT_EVIDENCE_BUDGET_NOT_RULED_OUT_BY_CONVERSE,True,,0,212262
REPLICATION,1,cert,ACQUIRE_DECISION_RELEVANT_EVIDENCE_BUDGET_NOT_RULED_OUT_BY_CONVERSE,D8,,,34.79589418913283,cert,ACQUIRE_DECISION_RELEVANT_EVIDENCE_BUDGET_NOT_RULED_OUT_BY_CONVERSE,True,,0,212263
REPLICATION,1,cert,ACQUIRE_DECISION_RELEVANT_EVIDENCE_BUDGET_NOT_RULED_OUT_BY_CONVERSE,D8,,,26.46315860330055,cert,ACQUIRE_DECISION_RELEVANT_EVIDENCE_BUDGET_NOT_RULED_OUT_BY_CONVERSE,True,,0,212264
REPLICATION,1,cert,ACQUIRE_DECISION_RELEVANT_EVIDENCE_BUDGET_NOT_RULED_OUT_BY_CONVERSE,D8,,,25.56328354850955,cert,ACQUIRE_DECISION_RELEVANT_EVIDENCE_BUDGET_NOT_RULED_OUT_BY_CONVERSE,True,,0,212265
REPLICATION,1,cert,ACQUIRE_DECISION_RELEVANT_EVIDENCE_BUDGET_NOT_RULED_OUT_BY_CONVERSE,D8,,,24.895094911431222,cert,ACQUIRE_DECISION_RELEVANT_EVIDENCE_BUDGET_NOT_RULED_OUT_BY_CONVERSE,True,,0,212266
REPLICATION,1,cert,ACQUIRE_DECISION_RELEVANT_EVIDENCE_BUDGET_NOT_RULED_OUT_BY_CONVERSE,D8,,,34.59149130825035,cert,ACQUIRE_DECISION_RELEVANT_EVIDENCE_BUDGET_NOT_RULED_OUT_BY_CONVERSE,True,,0,212267
REPLICATION,1,cert,ACQUIRE_DECISION_RELEVANT_EVIDENCE_BUDGET_NOT_RULED_OUT_BY_CONVERSE,D8,,,28.540886280214558,cert,ACQUIRE_DECISION_RELEVANT_EVIDENCE_BUDGET_NOT_RULED_OUT_BY_CONVERSE,True,,0,212268
REPLICATION,1,cert,ACQUIRE_DECISION_RELEVANT_EVIDENCE_BUDGET_NOT_RULED_OUT_BY_CONVERSE,D8,,,29.54176953864039,cert,ACQUIRE_DECISION_RELEVANT_EVIDENCE_BUDGET_NOT_RULED_OUT_BY_CONVERSE,True,,0,212269
REPLICATION,1,cert,ACQUIRE_DECISION_RELEVANT_EVIDENCE_BUDGET_NOT_RULED_OUT_BY_CONVERSE,D8,,,21.393305001180913,cert,ACQUIRE_DECISION_RELEVANT_EVIDENCE_BUDGET_NOT_RULED_OUT_BY_CONVERSE,True,,0,212270
REPLICATION,1,cert,ACQUIRE_DECISION_RELEVANT_EVIDENCE_BUDGET_NOT_RULED_OUT_BY_CONVERSE,D8,,,32.74332571863327,cert,ACQUIRE_DECISION_RELEVANT_EVIDENCE_BUDGET_NOT_RULED_OUT_BY_CONVERSE,True,,0,212271
REPLICATION,1,cert,ACQUIRE_DECISION_RELEVANT_EVIDENCE_BUDGET_NOT_RULED_OUT_BY_CONVERSE,D8,,,28.82239763738745,cert,ACQUIRE_DECISION_RELEVANT_EVIDENCE_BUDGET_NOT_RULED_OUT_BY_CONVERSE,True,,0,212272
REPLICATION,1,cert,ACQUIRE_DECISION_RELEVANT_EVIDENCE_BUDGET_NOT_RULED_OUT_BY_CONVERSE,D8,,,27.036898230070527,cert,ACQUIRE_DECISION_RELEVANT_EVIDENCE_BUDGET_NOT_RULED_OUT_BY_CONVERSE,True,,0,212273
REPLICATION,1,cert,ACQUIRE_DECISION_RELEVANT_EVIDENCE_BUDGET_NOT_RULED_OUT_BY_CONVERSE,D8,,,21.382253304878144,cert,ACQUIRE_DECISION_RELEVANT_EVIDENCE_BUDGET_NOT_RULED_OUT_BY_CONVERSE,True,,0,212274
REPLICATION,1,cert,ACQUIRE_DECISION_RELEVANT_EVIDENCE_BUDGET_NOT_RULED_OUT_BY_CONVERSE,D8,,,30.482517786538395,cert,ACQUIRE_DECISION_RELEVANT_EVIDENCE_BUDGET_NOT_RULED_OUT_BY_CONVERSE,True,,0,212275
REPLICATION,1,cert,ACQUIRE_DECISION_RELEVANT_EVIDENCE_BUDGET_NOT_RULED_OUT_BY_CONVERSE,D8,,,21.605397545740903,cert,ACQUIRE_DECISION_RELEVANT_EVIDENCE_BUDGET_NOT_RULED_OUT_BY_CONVERSE,True,,0,212276
REPLICATION,1,cert,ACQUIRE_DECISION_RELEVANT_EVIDENCE_BUDGET_NOT_RULED_OUT_BY_CONVERSE,D8,,,28.311884508102267,cert,ACQUIRE_DECISION_RELEVANT_EVIDENCE_BUDGET_NOT_RULED_OUT_BY_CONVERSE,True,,0,212277
REPLICATION,1,cert,ACQUIRE_DECISION_RELEVANT_EVIDENCE_BUDGET_NOT_RULED_OUT_BY_CONVERSE,D8,,,25.927231318547754,cert,ACQUIRE_DECISION_RELEVANT_EVIDENCE_BUDGET_NOT_RULED_OUT_BY_CONVERSE,True,,0,212278
REPLICATION,1,cert,ACQUIRE_DECISION_RELEVANT_EVIDENCE_BUDGET_NOT_RULED_OUT_BY_CONVERSE,D8,,,25.65183176681386,cert,ACQUIRE_DECISION_RELEVANT_EVIDENCE_BUDGET_NOT_RULED_OUT_BY_CONVERSE,True,,0,212279
REPLICATION,1,cert,ACQUIRE_DECISION_RELEVANT_EVIDENCE_BUDGET_NOT_RULED_OUT_BY_CONVERSE,D8,,,31.81076471061625,cert,ACQUIRE_DECISION_RELEVANT_EVIDENCE_BUDGET_NOT_RULED_OUT_BY_CONVERSE,True,,0,212280
REPLICATION,1,cert,ACQUIRE_DECISION_RELEVANT_EVIDENCE_BUDGET_NOT_RULED_OUT_BY_CONVERSE,D8,,,32.919338601914866,cert,ACQUIRE_DECISION_RELEVANT_EVIDENCE_BUDGET_NOT_RULED_OUT_BY_CONVERSE,True,,0,212281
REPLICATION,1,cert,ACQUIRE_DECISION_RELEVANT_EVIDENCE_BUDGET_NOT_RULED_OUT_BY_CONVERSE,D8,,,21.77756697968903,cert,ACQUIRE_DECISION_RELEVANT_EVIDENCE_BUDGET_NOT_RULED_OUT_BY_CONVERSE,True,,0,212282
REPLICATION,1,cert,ACQUIRE_DECISION_RELEVANT_EVIDENCE_BUDGET_NOT_RULED_OUT_BY_CONVERSE,D8,,,26.48102022377172,cert,ACQUIRE_DECISION_RELEVANT_EVIDENCE_BUDGET_NOT_RULED_OUT_BY_CONVERSE,True,,0,212283
REPLICATION,1,cert,ACQUIRE_DECISION_RELEVANT_EVIDENCE_BUDGET_NOT_RULED_OUT_BY_CONVERSE,D8,,,27.045804796322603,cert,ACQUIRE_DECISION_RELEVANT_EVIDENCE_BUDGET_NOT_RULED_OUT_BY_CONVERSE,True,,0,212284
REPLICATION,1,cert,ACQUIRE_DECISION_RELEVANT_EVIDENCE_BUDGET_NOT_RULED_OUT_BY_CONVERSE,D8,,,25.442127319895302,cert,ACQUIRE_DECISION_RELEVANT_EVIDENCE_BUDGET_NOT_RULED_OUT_BY_CONVERSE,True,,0,212285
REPLICATION,1,cert,ACQUIRE_DECISION_RELEVANT_EVIDENCE_BUDGET_NOT_RULED_OUT_BY_CONVERSE,D8,,,21.010220829276427,cert,ACQUIRE_DECISION_RELEVANT_EVIDENCE_BUDGET_NOT_RULED_OUT_BY_CONVERSE,True,,0,212286
REPLICATION,1,cert,ACQUIRE_DECISION_RELEVANT_EVIDENCE_BUDGET_NOT_RULED_OUT_BY_CONVERSE,D8,,,33.045571777595725,cert,ACQUIRE_DECISION_RELEVANT_EVIDENCE_BUDGET_NOT_RULED_OUT_BY_CONVERSE,True,,0,212287
REPLICATION,1,cert,ACQUIRE_DECISION_RELEVANT_EVIDENCE_BUDGET_NOT_RULED_OUT_BY_CONVERSE,D8,,,26.631585864072548,cert,ACQUIRE_DECISION_RELEVANT_EVIDENCE_BUDGET_NOT_RULED_OUT_BY_CONVERSE,True,,0,212288
REPLICATION,1,cert,ACQUIRE_DECISION_RELEVANT_EVIDENCE_BUDGET_NOT_RULED_OUT_BY_CONVERSE,D8,,,22.98279669249892,cert,ACQUIRE_DECISION_RELEVANT_EVIDENCE_BUDGET_NOT_RULED_OUT_BY_CONVERSE,True,,0,212289
REPLICATION,1,cert,ACQUIRE_DECISION_RELEVANT_EVIDENCE_BUDGET_NOT_RULED_OUT_BY_CONVERSE,D8,,,21.787269661765823,cert,ACQUIRE_DECISION_RELEVANT_EVIDENCE_BUDGET_NOT_RULED_OUT_BY_CONVERSE,True,,0,212290
REPLICATION,1,cert,ACQUIRE_DECISION_RELEVANT_EVIDENCE_BUDGET_NOT_RULED_OUT_BY_CONVERSE,D8,,,29.15973201203681,cert,ACQUIRE_DECISION_RELEVANT_EVIDENCE_BUDGET_NOT_RULED_OUT_BY_CONVERSE,True,,0,212291
REPLICATION,1,cert,ACQUIRE_DECISION_RELEVANT_EVIDENCE_BUDGET_NOT_RULED_OUT_BY_CONVERSE,D8,,,25.596123652353704,cert,ACQUIRE_DECISION_RELEVANT_EVIDENCE_BUDGET_NOT_RULED_OUT_BY_CONVERSE,True,,0,212292
REPLICATION,1,cert,ACQUIRE_DECISION_RELEVANT_EVIDENCE_BUDGET_NOT_RULED_OUT_BY_CONVERSE,D8,,,31.036216935206056,cert,ACQUIRE_DECISION_RELEVANT_EVIDENCE_BUDGET_NOT_RULED_OUT_BY_CONVERSE,True,,0,212293
REPLICATION,1,cert,ACQUIRE_DECISION_RELEVANT_EVIDENCE_BUDGET_NOT_RULED_OUT_BY_CONVERSE,D8,,,34.330893881562005,cert,ACQUIRE_DECISION_RELEVANT_EVIDENCE_BUDGET_NOT_RULED_OUT_BY_CONVERSE,True,,0,212294
REPLICATION,1,cert,ACQUIRE_DECISION_RELEVANT_EVIDENCE_BUDGET_NOT_RULED_OUT_BY_CONVERSE,D8,,,23.37950206690586,cert,ACQUIRE_DECISION_RELEVANT_EVIDENCE_BUDGET_NOT_RULED_OUT_BY_CONVERSE,True,,0,212295
REPLICATION,1,cert,ACQUIRE_DECISION_RELEVANT_EVIDENCE_BUDGET_NOT_RULED_OUT_BY_CONVERSE,D8,,,34.7580850803753,cert,ACQUIRE_DECISION_RELEVANT_EVIDENCE_BUDGET_NOT_RULED_OUT_BY_CONVERSE,True,,0,212296
REPLICATION,1,cert,ACQUIRE_DECISION_RELEVANT_EVIDENCE_BUDGET_NOT_RULED_OUT_BY_CONVERSE,D8,,,22.8108639110343,cert,ACQUIRE_DECISION_RELEVANT_EVIDENCE_BUDGET_NOT_RULED_OUT_BY_CONVERSE,True,,0,212297
REPLICATION,1,cert,ACQUIRE_DECISION_RELEVANT_EVIDENCE_BUDGET_NOT_RULED_OUT_BY_CONVERSE,D8,,,22.430570687881502,cert,ACQUIRE_DECISION_RELEVANT_EVIDENCE_BUDGET_NOT_RULED_OUT_BY_CONVERSE,True,,0,212298
REPLICATION,1,cert,ACQUIRE_DECISION_RELEVANT_EVIDENCE_BUDGET_NOT_RULED_OUT_BY_CONVERSE,D8,,,32.395389770669304,cert,ACQUIRE_DECISION_RELEVANT_EVIDENCE_BUDGET_NOT_RULED_OUT_BY_CONVERSE,True,,0,212299
REPLICATION,1,cert,ACQUIRE_DECISION_RELEVANT_EVIDENCE_BUDGET_NOT_RULED_OUT_BY_CONVERSE,D8,,,21.643609389734888,cert,ACQUIRE_DECISION_RELEVANT_EVIDENCE_BUDGET_NOT_RULED_OUT_BY_CONVERSE,True,,0,212300
REPLICATION,1,cert,ACQUIRE_DECISION_RELEVANT_EVIDENCE_BUDGET_NOT_RULED_OUT_BY_CONVERSE,D8,,,24.445000946489845,cert,ACQUIRE_DECISION_RELEVANT_EVIDENCE_BUDGET_NOT_RULED_OUT_BY_CONVERSE,True,,0,212301
REPLICATION,1,cert,ACQUIRE_DECISION_RELEVANT_EVIDENCE_BUDGET_NOT_RULED_OUT_BY_CONVERSE,D8,,,21.009379362619345,cert,ACQUIRE_DECISION_RELEVANT_EVIDENCE_BUDGET_NOT_RULED_OUT_BY_CONVERSE,True,,0,212302
REPLICATION,1,cert,ACQUIRE_DECISION_RELEVANT_EVIDENCE_BUDGET_NOT_RULED_OUT_BY_CONVERSE,D8,,,21.544617985972202,cert,ACQUIRE_DECISION_RELEVANT_EVIDENCE_BUDGET_NOT_RULED_OUT_BY_CONVERSE,True,,0,212303
REPLICATION,1,cert,ACQUIRE_DECISION_RELEVANT_EVIDENCE_BUDGET_NOT_RULED_OUT_BY_CONVERSE,D8,,,24.755442575457334,cert,ACQUIRE_DECISION_RELEVANT_EVIDENCE_BUDGET_NOT_RULED_OUT_BY_CONVERSE,True,,0,212304
REPLICATION,1,cert,ACQUIRE_DECISION_RELEVANT_EVIDENCE_BUDGET_NOT_RULED_OUT_BY_CONVERSE,D8,,,23.394798125668867,cert,ACQUIRE_DECISION_RELEVANT_EVIDENCE_BUDGET_NOT_RULED_OUT_BY_CONVERSE,True,,0,212305
REPLICATION,1,cert,ACQUIRE_DECISION_RELEVANT_EVIDENCE_BUDGET_NOT_RULED_OUT_BY_CONVERSE,D8,,,26.03953845221979,cert,ACQUIRE_DECISION_RELEVANT_EVIDENCE_BUDGET_NOT_RULED_OUT_BY_CONVERSE,True,,0,212306
REPLICATION,1,cert,ACQUIRE_DECISION_RELEVANT_EVIDENCE_BUDGET_NOT_RULED_OUT_BY_CONVERSE,D8,,,28.839157604459633,cert,ACQUIRE_DECISION_RELEVANT_EVIDENCE_BUDGET_NOT_RULED_OUT_BY_CONVERSE,True,,0,212307
REPLICATION,1,cert,ACQUIRE_DECISION_RELEVANT_EVIDENCE_BUDGET_NOT_RULED_OUT_BY_CONVERSE,D8,,,27.363628420860657,cert,ACQUIRE_DECISION_RELEVANT_EVIDENCE_BUDGET_NOT_RULED_OUT_BY_CONVERSE,True,,0,212308
REPLICATION,1,cert,ACQUIRE_DECISION_RELEVANT_EVIDENCE_BUDGET_NOT_RULED_OUT_BY_CONVERSE,D8,,,27.314425618017722,cert,ACQUIRE_DECISION_RELEVANT_EVIDENCE_BUDGET_NOT_RULED_OUT_BY_CONVERSE,True,,0,212309
REPLICATION,1,cert,ACQUIRE_DECISION_RELEVANT_EVIDENCE_BUDGET_NOT_RULED_OUT_BY_CONVERSE,D8,,,22.658731575684815,cert,ACQUIRE_DECISION_RELEVANT_EVIDENCE_BUDGET_NOT_RULED_OUT_BY_CONVERSE,True,,0,212310
REPLICATION,1,cert,ACQUIRE_DECISION_RELEVANT_EVIDENCE_BUDGET_NOT_RULED_OUT_BY_CONVERSE,D8,,,28.38834571603848,cert,ACQUIRE_DECISION_RELEVANT_EVIDENCE_BUDGET_NOT_RULED_OUT_BY_CONVERSE,True,,0,212311
REPLICATION,1,cert,ACQUIRE_DECISION_RELEVANT_EVIDENCE_BUDGET_NOT_RULED_OUT_BY_CONVERSE,D8,,,28.125356358608254,cert,ACQUIRE_DECISION_RELEVANT_EVIDENCE_BUDGET_NOT_RULED_OUT_BY_CONVERSE,True,,0,212312
REPLICATION,1,cert,ACQUIRE_DECISION_RELEVANT_EVIDENCE_BUDGET_NOT_RULED_OUT_BY_CONVERSE,D8,,,25.91101755926694,cert,ACQUIRE_DECISION_RELEVANT_EVIDENCE_BUDGET_NOT_RULED_OUT_BY_CONVERSE,True,,0,212313
REPLICATION,1,cert,ACQUIRE_DECISION_RELEVANT_EVIDENCE_BUDGET_NOT_RULED_OUT_BY_CONVERSE,D8,,,24.714893677475597,cert,ACQUIRE_DECISION_RELEVANT_EVIDENCE_BUDGET_NOT_RULED_OUT_BY_CONVERSE,True,,0,212314
REPLICATION,1,cert,ACQUIRE_DECISION_RELEVANT_EVIDENCE_BUDGET_NOT_RULED_OUT_BY_CONVERSE,D8,,,28.999053496094245,cert,ACQUIRE_DECISION_RELEVANT_EVIDENCE_BUDGET_NOT_RULED_OUT_BY_CONVERSE,True,,0,212315
REPLICATION,1,cert,ACQUIRE_DECISION_RELEVANT_EVIDENCE_BUDGET_NOT_RULED_OUT_BY_CONVERSE,D8,,,21.83209857373136,cert,ACQUIRE_DECISION_RELEVANT_EVIDENCE_BUDGET_NOT_RULED_OUT_BY_CONVERSE,True,,0,212316
REPLICATION,1,cert,ACQUIRE_DECISION_RELEVANT_EVIDENCE_BUDGET_NOT_RULED_OUT_BY_CONVERSE,D8,,,23.796317621298826,cert,ACQUIRE_DECISION_RELEVANT_EVIDENCE_BUDGET_NOT_RULED_OUT_BY_CONVERSE,True,,0,212317
REPLICATION,1,cert,ACQUIRE_DECISION_RELEVANT_EVIDENCE_BUDGET_NOT_RULED_OUT_BY_CONVERSE,D8,,,27.504178886207725,cert,ACQUIRE_DECISION_RELEVANT_EVIDENCE_BUDGET_NOT_RULED_OUT_BY_CONVERSE,True,,0,212318
REPLICATION,1,cert,ACQUIRE_DECISION_RELEVANT_EVIDENCE_BUDGET_NOT_RULED_OUT_BY_CONVERSE,D8,,,23.386426113312666,cert,ACQUIRE_DECISION_RELEVANT_EVIDENCE_BUDGET_NOT_RULED_OUT_BY_CONVERSE,True,,0,212319
REPLICATION,1,cert,ACQUIRE_DECISION_RELEVANT_EVIDENCE_BUDGET_NOT_RULED_OUT_BY_CONVERSE,D8,,,24.035402219688482,cert,ACQUIRE_DECISION_RELEVANT_EVIDENCE_BUDGET_NOT_RULED_OUT_BY_CONVERSE,True,,0,212320
REPLICATION,1,cert,ACQUIRE_DECISION_RELEVANT_EVIDENCE_BUDGET_NOT_RULED_OUT_BY_CONVERSE,D8,,,21.311565295125263,cert,ACQUIRE_DECISION_RELEVANT_EVIDENCE_BUDGET_NOT_RULED_OUT_BY_CONVERSE,True,,0,212321
REPLICATION,1,cert,ACQUIRE_DECISION_RELEVANT_EVIDENCE_BUDGET_NOT_RULED_OUT_BY_CONVERSE,D8,,,33.89244584643601,cert,ACQUIRE_DECISION_RELEVANT_EVIDENCE_BUDGET_NOT_RULED_OUT_BY_CONVERSE,True,,0,212322
REPLICATION,1,cert,ACQUIRE_DECISION_RELEVANT_EVIDENCE_BUDGET_NOT_RULED_OUT_BY_CONVERSE,D8,,,21.818343329754622,cert,ACQUIRE_DECISION_RELEVANT_EVIDENCE_BUDGET_NOT_RULED_OUT_BY_CONVERSE,True,,0,212323
REPLICATION,1,cert,ACQUIRE_DECISION_RELEVANT_EVIDENCE_BUDGET_NOT_RULED_OUT_BY_CONVERSE,D8,,,34.49768000501573,cert,ACQUIRE_DECISION_RELEVANT_EVIDENCE_BUDGET_NOT_RULED_OUT_BY_CONVERSE,True,,0,212324
REPLICATION,1,cert,ACQUIRE_DECISION_RELEVANT_EVIDENCE_BUDGET_NOT_RULED_OUT_BY_CONVERSE,D8,,,29.18733568427673,cert,ACQUIRE_DECISION_RELEVANT_EVIDENCE_BUDGET_NOT_RULED_OUT_BY_CONVERSE,True,,0,212325
REPLICATION,1,cert,ACQUIRE_DECISION_RELEVANT_EVIDENCE_BUDGET_NOT_RULED_OUT_BY_CONVERSE,D8,,,23.496077273308146,cert,ACQUIRE_DECISION_RELEVANT_EVIDENCE_BUDGET_NOT_RULED_OUT_BY_CONVERSE,True,,0,212326
REPLICATION,1,cert,ACQUIRE_DECISION_RELEVANT_EVIDENCE_BUDGET_NOT_RULED_OUT_BY_CONVERSE,D8,,,26.159976025610643,cert,ACQUIRE_DECISION_RELEVANT_EVIDENCE_BUDGET_NOT_RULED_OUT_BY_CONVERSE,True,,0,212327
REPLICATION,1,cert,ACQUIRE_DECISION_RELEVANT_EVIDENCE_BUDGET_NOT_RULED_OUT_BY_CONVERSE,D8,,,26.233168619582617,cert,ACQUIRE_DECISION_RELEVANT_EVIDENCE_BUDGET_NOT_RULED_OUT_BY_CONVERSE,True,,0,212328
REPLICATION,2,complete,ACQUIRE_DECISION_RELEVANT_EVIDENCE_BUDGET_NOT_RULED_OUT_BY_CONVERSE,D9,,,34.30296590839625,complete,ACQUIRE_DECISION_RELEVANT_EVIDENCE_BUDGET_NOT_RULED_OUT_BY_CONVERSE,True,,0,213201
REPLICATION,2,complete,ACQUIRE_DECISION_RELEVANT_EVIDENCE_BUDGET_NOT_RULED_OUT_BY_CONVERSE,D9,,,34.11307597003112,complete,ACQUIRE_DECISION_RELEVANT_EVIDENCE_BUDGET_NOT_RULED_OUT_BY_CONVERSE,True,,0,213202
REPLICATION,2,complete,ACQUIRE_DECISION_RELEVANT_EVIDENCE_BUDGET_NOT_RULED_OUT_BY_CONVERSE,D9,,,26.178476899677314,complete,ACQUIRE_DECISION_RELEVANT_EVIDENCE_BUDGET_NOT_RULED_OUT_BY_CONVERSE,True,,0,213203
REPLICATION,2,complete,ACQUIRE_DECISION_RELEVANT_EVIDENCE_BUDGET_NOT_RULED_OUT_BY_CONVERSE,D9,,,30.231659659735605,complete,ACQUIRE_DECISION_RELEVANT_EVIDENCE_BUDGET_NOT_RULED_OUT_BY_CONVERSE,True,,0,213204
REPLICATION,2,complete,ACQUIRE_DECISION_RELEVANT_EVIDENCE_BUDGET_NOT_RULED_OUT_BY_CONVERSE,D9,,,27.423792803515123,complete,ACQUIRE_DECISION_RELEVANT_EVIDENCE_BUDGET_NOT_RULED_OUT_BY_CONVERSE,True,,0,213205
REPLICATION,2,complete,ACQUIRE_DECISION_RELEVANT_EVIDENCE_BUDGET_NOT_RULED_OUT_BY_CONVERSE,D9,,,28.849137921560423,complete,ACQUIRE_DECISION_RELEVANT_EVIDENCE_BUDGET_NOT_RULED_OUT_BY_CONVERSE,True,,0,213206
REPLICATION,2,complete,ACQUIRE_DECISION_RELEVANT_EVIDENCE_BUDGET_NOT_RULED_OUT_BY_CONVERSE,D9,,,31.392147926418012,complete,ACQUIRE_DECISION_RELEVANT_EVIDENCE_BUDGET_NOT_RULED_OUT_BY_CONVERSE,True,,0,213207
REPLICATION,2,complete,ACQUIRE_DECISION_RELEVANT_EVIDENCE_BUDGET_NOT_RULED_OUT_BY_CONVERSE,D9,,,28.3148907629555,complete,ACQUIRE_DECISION_RELEVANT_EVIDENCE_BUDGET_NOT_RULED_OUT_BY_CONVERSE,True,,0,213208
REPLICATION,2,complete,ACQUIRE_DECISION_RELEVANT_EVIDENCE_BUDGET_NOT_RULED_OUT_BY_CONVERSE,D9,,,30.121249438584506,complete,ACQUIRE_DECISION_RELEVANT_EVIDENCE_BUDGET_NOT_RULED_OUT_BY_CONVERSE,True,,0,213209
REPLICATION,2,complete,ACQUIRE_DECISION_RELEVANT_EVIDENCE_BUDGET_NOT_RULED_OUT_BY_CONVERSE,D9,,,30.69524469609213,complete,ACQUIRE_DECISION_RELEVANT_EVIDENCE_BUDGET_NOT_RULED_OUT_BY_CONVERSE,True,,0,213210
REPLICATION,2,complete,ACQUIRE_DECISION_RELEVANT_EVIDENCE_BUDGET_NOT_RULED_OUT_BY_CONVERSE,D9,,,28.58021824496801,complete,ACQUIRE_DECISION_RELEVANT_EVIDENCE_BUDGET_NOT_RULED_OUT_BY_CONVERSE,True,,0,213211
REPLICATION,2,complete,ACQUIRE_DECISION_RELEVANT_EVIDENCE_BUDGET_NOT_RULED_OUT_BY_CONVERSE,D9,,,31.489311347649394,complete,ACQUIRE_DECISION_RELEVANT_EVIDENCE_BUDGET_NOT_RULED_OUT_BY_CONVERSE,True,,0,213212
REPLICATION,2,complete,ACQUIRE_DECISION_RELEVANT_EVIDENCE_BUDGET_NOT_RULED_OUT_BY_CONVERSE,D9,,,33.50455833942787,complete,ACQUIRE_DECISION_RELEVANT_EVIDENCE_BUDGET_NOT_RULED_OUT_BY_CONVERSE,True,,0,213213
REPLICATION,2,complete,ACQUIRE_DECISION_RELEVANT_EVIDENCE_BUDGET_NOT_RULED_OUT_BY_CONVERSE,D9,,,32.83253845890852,complete,ACQUIRE_DECISION_RELEVANT_EVIDENCE_BUDGET_NOT_RULED_OUT_BY_CONVERSE,True,,0,213214
REPLICATION,2,complete,ACQUIRE_DECISION_RELEVANT_EVIDENCE_BUDGET_NOT_RULED_OUT_BY_CONVERSE,D9,,,32.22635368629708,complete,ACQUIRE_DECISION_RELEVANT_EVIDENCE_BUDGET_NOT_RULED_OUT_BY_CONVERSE,True,,0,213215
REPLICATION,2,complete,ACQUIRE_DECISION_RELEVANT_EVIDENCE_BUDGET_NOT_RULED_OUT_BY_CONVERSE,D9,,,33.31116073455964,complete,ACQUIRE_DECISION_RELEVANT_EVIDENCE_BUDGET_NOT_RULED_OUT_BY_CONVERSE,True,,0,213216
REPLICATION,2,complete,ACQUIRE_DECISION_RELEVANT_EVIDENCE_BUDGET_NOT_RULED_OUT_BY_CONVERSE,D9,,,26.171236341407255,complete,ACQUIRE_DECISION_RELEVANT_EVIDENCE_BUDGET_NOT_RULED_OUT_BY_CONVERSE,True,,0,213217
REPLICATION,2,complete,ACQUIRE_DECISION_RELEVANT_EVIDENCE_BUDGET_NOT_RULED_OUT_BY_CONVERSE,D9,,,31.338002207059535,complete,ACQUIRE_DECISION_RELEVANT_EVIDENCE_BUDGET_NOT_RULED_OUT_BY_CONVERSE,True,,0,213218
REPLICATION,2,complete,ACQUIRE_DECISION_RELEVANT_EVIDENCE_BUDGET_NOT_RULED_OUT_BY_CONVERSE,D9,,,29.775190429195458,complete,ACQUIRE_DECISION_RELEVANT_EVIDENCE_BUDGET_NOT_RULED_OUT_BY_CONVERSE,True,,0,213219
REPLICATION,2,complete,ACQUIRE_DECISION_RELEVANT_EVIDENCE_BUDGET_NOT_RULED_OUT_BY_CONVERSE,D9,,,31.80773111882262,complete,ACQUIRE_DECISION_RELEVANT_EVIDENCE_BUDGET_NOT_RULED_OUT_BY_CONVERSE,True,,0,213220
REPLICATION,2,complete,ACQUIRE_DECISION_RELEVANT_EVIDENCE_BUDGET_NOT_RULED_OUT_BY_CONVERSE,D9,,,34.032536682269686,complete,ACQUIRE_DECISION_RELEVANT_EVIDENCE_BUDGET_NOT_RULED_OUT_BY_CONVERSE,True,,0,213221
REPLICATION,2,complete,ACQUIRE_DECISION_RELEVANT_EVIDENCE_BUDGET_NOT_RULED_OUT_BY_CONVERSE,D9,,,33.18283552732846,complete,ACQUIRE_DECISION_RELEVANT_EVIDENCE_BUDGET_NOT_RULED_OUT_BY_CONVERSE,True,,0,213222
REPLICATION,2,complete,ACQUIRE_DECISION_RELEVANT_EVIDENCE_BUDGET_NOT_RULED_OUT_BY_CONVERSE,D9,,,34.01283207958467,complete,ACQUIRE_DECISION_RELEVANT_EVIDENCE_BUDGET_NOT_RULED_OUT_BY_CONVERSE,True,,0,213223
REPLICATION,2,complete,ACQUIRE_DECISION_RELEVANT_EVIDENCE_BUDGET_NOT_RULED_OUT_BY_CONVERSE,D9,,,28.03545319031956,complete,ACQUIRE_DECISION_RELEVANT_EVIDENCE_BUDGET_NOT_RULED_OUT_BY_CONVERSE,True,,0,213224
REPLICATION,2,complete,ACQUIRE_DECISION_RELEVANT_EVIDENCE_BUDGET_NOT_RULED_OUT_BY_CONVERSE,D9,,,27.047587408013683,complete,ACQUIRE_DECISION_RELEVANT_EVIDENCE_BUDGET_NOT_RULED_OUT_BY_CONVERSE,True,,0,213225
REPLICATION,2,complete,ACQUIRE_DECISION_RELEVANT_EVIDENCE_BUDGET_NOT_RULED_OUT_BY_CONVERSE,D9,,,31.89134678168595,complete,ACQUIRE_DECISION_RELEVANT_EVIDENCE_BUDGET_NOT_RULED_OUT_BY_CONVERSE,True,,0,213226
REPLICATION,2,complete,ACQUIRE_DECISION_RELEVANT_EVIDENCE_BUDGET_NOT_RULED_OUT_BY_CONVERSE,D9,,,32.33343960630912,complete,ACQUIRE_DECISION_RELEVANT_EVIDENCE_BUDGET_NOT_RULED_OUT_BY_CONVERSE,True,,0,213227
REPLICATION,2,complete,ACQUIRE_DECISION_RELEVANT_EVIDENCE_BUDGET_NOT_RULED_OUT_BY_CONVERSE,D9,,,30.441045715272686,complete,ACQUIRE_DECISION_RELEVANT_EVIDENCE_BUDGET_NOT_RULED_OUT_BY_CONVERSE,True,,0,213228
REPLICATION,2,complete,ACQUIRE_DECISION_RELEVANT_EVIDENCE_BUDGET_NOT_RULED_OUT_BY_CONVERSE,D9,,,33.00585321364005,complete,ACQUIRE_DECISION_RELEVANT_EVIDENCE_BUDGET_NOT_RULED_OUT_BY_CONVERSE,True,,0,213229
REPLICATION,2,complete,ACQUIRE_DECISION_RELEVANT_EVIDENCE_BUDGET_NOT_RULED_OUT_BY_CONVERSE,D9,,,24.94576805815187,complete,ACQUIRE_DECISION_RELEVANT_EVIDENCE_BUDGET_NOT_RULED_OUT_BY_CONVERSE,True,,0,213230
REPLICATION,2,complete,ACQUIRE_DECISION_RELEVANT_EVIDENCE_BUDGET_NOT_RULED_OUT_BY_CONVERSE,D9,,,30.21819868479702,complete,ACQUIRE_DECISION_RELEVANT_EVIDENCE_BUDGET_NOT_RULED_OUT_BY_CONVERSE,True,,0,213231
REPLICATION,2,complete,ACQUIRE_DECISION_RELEVANT_EVIDENCE_BUDGET_NOT_RULED_OUT_BY_CONVERSE,D9,,,33.10704489037359,complete,ACQUIRE_DECISION_RELEVANT_EVIDENCE_BUDGET_NOT_RULED_OUT_BY_CONVERSE,True,,0,213232
REPLICATION,2,complete,ACQUIRE_DECISION_RELEVANT_EVIDENCE_BUDGET_NOT_RULED_OUT_BY_CONVERSE,D9,,,25.446394215592637,complete,ACQUIRE_DECISION_RELEVANT_EVIDENCE_BUDGET_NOT_RULED_OUT_BY_CONVERSE,True,,0,213233
REPLICATION,2,complete,ACQUIRE_DECISION_RELEVANT_EVIDENCE_BUDGET_NOT_RULED_OUT_BY_CONVERSE,D9,,,27.447425597361637,complete,ACQUIRE_DECISION_RELEVANT_EVIDENCE_BUDGET_NOT_RULED_OUT_BY_CONVERSE,True,,0,213234
REPLICATION,2,complete,ACQUIRE_DECISION_RELEVANT_EVIDENCE_BUDGET_NOT_RULED_OUT_BY_CONVERSE,D9,,,33.17986599976572,complete,ACQUIRE_DECISION_RELEVANT_EVIDENCE_BUDGET_NOT_RULED_OUT_BY_CONVERSE,True,,0,213235
REPLICATION,2,complete,ACQUIRE_DECISION_RELEVANT_EVIDENCE_BUDGET_NOT_RULED_OUT_BY_CONVERSE,D9,,,28.33907639483933,complete,ACQUIRE_DECISION_RELEVANT_EVIDENCE_BUDGET_NOT_RULED_OUT_BY_CONVERSE,True,,0,213236
REPLICATION,2,complete,ACQUIRE_DECISION_RELEVANT_EVIDENCE_BUDGET_NOT_RULED_OUT_BY_CONVERSE,D9,,,28.671554778896617,complete,ACQUIRE_DECISION_RELEVANT_EVIDENCE_BUDGET_NOT_RULED_OUT_BY_CONVERSE,True,,0,213237
REPLICATION,2,complete,ACQUIRE_DECISION_RELEVANT_EVIDENCE_BUDGET_NOT_RULED_OUT_BY_CONVERSE,D9,,,33.64403268095129,complete,ACQUIRE_DECISION_RELEVANT_EVIDENCE_BUDGET_NOT_RULED_OUT_BY_CONVERSE,True,,0,213238
REPLICATION,2,complete,ACQUIRE_DECISION_RELEVANT_EVIDENCE_BUDGET_NOT_RULED_OUT_BY_CONVERSE,D9,,,32.93927776058975,complete,ACQUIRE_DECISION_RELEVANT_EVIDENCE_BUDGET_NOT_RULED_OUT_BY_CONVERSE,True,,0,213239
REPLICATION,2,complete,ACQUIRE_DECISION_RELEVANT_EVIDENCE_BUDGET_NOT_RULED_OUT_BY_CONVERSE,D9,,,32.64580635682597,complete,ACQUIRE_DECISION_RELEVANT_EVIDENCE_BUDGET_NOT_RULED_OUT_BY_CONVERSE,True,,0,213240
REPLICATION,2,complete,ACQUIRE_DECISION_RELEVANT_EVIDENCE_BUDGET_NOT_RULED_OUT_BY_CONVERSE,D9,,,28.915823581856095,complete,ACQUIRE_DECISION_RELEVANT_EVIDENCE_BUDGET_NOT_RULED_OUT_BY_CONVERSE,True,,0,213241
REPLICATION,2,complete,ACQUIRE_DECISION_RELEVANT_EVIDENCE_BUDGET_NOT_RULED_OUT_BY_CONVERSE,D9,,,26.184426562317856,complete,ACQUIRE_DECISION_RELEVANT_EVIDENCE_BUDGET_NOT_RULED_OUT_BY_CONVERSE,True,,0,213242
REPLICATION,2,complete,ACQUIRE_DECISION_RELEVANT_EVIDENCE_BUDGET_NOT_RULED_OUT_BY_CONVERSE,D9,,,34.730337318883414,complete,ACQUIRE_DECISION_RELEVANT_EVIDENCE_BUDGET_NOT_RULED_OUT_BY_CONVERSE,True,,0,213243
REPLICATION,2,complete,ACQUIRE_DECISION_RELEVANT_EVIDENCE_BUDGET_NOT_RULED_OUT_BY_CONVERSE,D9,,,25.934618082764963,complete,ACQUIRE_DECISION_RELEVANT_EVIDENCE_BUDGET_NOT_RULED_OUT_BY_CONVERSE,True,,0,213244
REPLICATION,2,complete,ACQUIRE_DECISION_RELEVANT_EVIDENCE_BUDGET_NOT_RULED_OUT_BY_CONVERSE,D9,,,30.144259994373105,complete,ACQUIRE_DECISION_RELEVANT_EVIDENCE_BUDGET_NOT_RULED_OUT_BY_CONVERSE,True,,0,213245
REPLICATION,2,complete,ACQUIRE_DECISION_RELEVANT_EVIDENCE_BUDGET_NOT_RULED_OUT_BY_CONVERSE,D9,,,31.85259994149854,complete,ACQUIRE_DECISION_RELEVANT_EVIDENCE_BUDGET_NOT_RULED_OUT_BY_CONVERSE,True,,0,213246
REPLICATION,2,complete,ACQUIRE_DECISION_RELEVANT_EVIDENCE_BUDGET_NOT_RULED_OUT_BY_CONVERSE,D9,,,32.655837379047405,complete,ACQUIRE_DECISION_RELEVANT_EVIDENCE_BUDGET_NOT_RULED_OUT_BY_CONVERSE,True,,0,213247
REPLICATION,2,complete,ACQUIRE_DECISION_RELEVANT_EVIDENCE_BUDGET_NOT_RULED_OUT_BY_CONVERSE,D9,,,29.74518549593823,complete,ACQUIRE_DECISION_RELEVANT_EVIDENCE_BUDGET_NOT_RULED_OUT_BY_CONVERSE,True,,0,213248
REPLICATION,2,complete,ACQUIRE_DECISION_RELEVANT_EVIDENCE_BUDGET_NOT_RULED_OUT_BY_CONVERSE,D9,,,26.997507470640052,complete,ACQUIRE_DECISION_RELEVANT_EVIDENCE_BUDGET_NOT_RULED_OUT_BY_CONVERSE,True,,0,213249
REPLICATION,2,complete,ACQUIRE_DECISION_RELEVANT_EVIDENCE_BUDGET_NOT_RULED_OUT_BY_CONVERSE,D9,,,34.67101947188878,complete,ACQUIRE_DECISION_RELEVANT_EVIDENCE_BUDGET_NOT_RULED_OUT_BY_CONVERSE,True,,0,213250
REPLICATION,2,complete,ACQUIRE_DECISION_RELEVANT_EVIDENCE_BUDGET_NOT_RULED_OUT_BY_CONVERSE,D9,,,26.557318351303394,complete,ACQUIRE_DECISION_RELEVANT_EVIDENCE_BUDGET_NOT_RULED_OUT_BY_CONVERSE,True,,0,213251
REPLICATION,2,complete,ACQUIRE_DECISION_RELEVANT_EVIDENCE_BUDGET_NOT_RULED_OUT_BY_CONVERSE,D9,,,31.10511083070773,complete,ACQUIRE_DECISION_RELEVANT_EVIDENCE_BUDGET_NOT_RULED_OUT_BY_CONVERSE,True,,0,213252
REPLICATION,2,complete,ACQUIRE_DECISION_RELEVANT_EVIDENCE_BUDGET_NOT_RULED_OUT_BY_CONVERSE,D9,,,27.87898833997662,complete,ACQUIRE_DECISION_RELEVANT_EVIDENCE_BUDGET_NOT_RULED_OUT_BY_CONVERSE,True,,0,213253
REPLICATION,2,complete,ACQUIRE_DECISION_RELEVANT_EVIDENCE_BUDGET_NOT_RULED_OUT_BY_CONVERSE,D9,,,27.557684935880808,complete,ACQUIRE_DECISION_RELEVANT_EVIDENCE_BUDGET_NOT_RULED_OUT_BY_CONVERSE,True,,0,213254
REPLICATION,2,complete,ACQUIRE_DECISION_RELEVANT_EVIDENCE_BUDGET_NOT_RULED_OUT_BY_CONVERSE,D9,,,30.678848267719435,complete,ACQUIRE_DECISION_RELEVANT_EVIDENCE_BUDGET_NOT_RULED_OUT_BY_CONVERSE,True,,0,213255
REPLICATION,2,complete,ACQUIRE_DECISION_RELEVANT_EVIDENCE_BUDGET_NOT_RULED_OUT_BY_CONVERSE,D9,,,31.56674375168874,complete,ACQUIRE_DECISION_RELEVANT_EVIDENCE_BUDGET_NOT_RULED_OUT_BY_CONVERSE,True,,0,213256
REPLICATION,2,complete,ACQUIRE_DECISION_RELEVANT_EVIDENCE_BUDGET_NOT_RULED_OUT_BY_CONVERSE,D9,,,32.523314038843615,complete,ACQUIRE_DECISION_RELEVANT_EVIDENCE_BUDGET_NOT_RULED_OUT_BY_CONVERSE,True,,0,213257
REPLICATION,2,complete,ACQUIRE_DECISION_RELEVANT_EVIDENCE_BUDGET_NOT_RULED_OUT_BY_CONVERSE,D9,,,30.671981335783187,complete,ACQUIRE_DECISION_RELEVANT_EVIDENCE_BUDGET_NOT_RULED_OUT_BY_CONVERSE,True,,0,213258
REPLICATION,2,complete,ACQUIRE_DECISION_RELEVANT_EVIDENCE_BUDGET_NOT_RULED_OUT_BY_CONVERSE,D9,,,31.224890073904014,complete,ACQUIRE_DECISION_RELEVANT_EVIDENCE_BUDGET_NOT_RULED_OUT_BY_CONVERSE,True,,0,213259
REPLICATION,2,complete,ACQUIRE_DECISION_RELEVANT_EVIDENCE_BUDGET_NOT_RULED_OUT_BY_CONVERSE,D9,,,34.355365885641945,complete,ACQUIRE_DECISION_RELEVANT_EVIDENCE_BUDGET_NOT_RULED_OUT_BY_CONVERSE,True,,0,213260
REPLICATION,2,complete,ACQUIRE_DECISION_RELEVANT_EVIDENCE_BUDGET_NOT_RULED_OUT_BY_CONVERSE,D9,,,33.64408215656118,complete,ACQUIRE_DECISION_RELEVANT_EVIDENCE_BUDGET_NOT_RULED_OUT_BY_CONVERSE,True,,0,213261
REPLICATION,2,complete,ACQUIRE_DECISION_RELEVANT_EVIDENCE_BUDGET_NOT_RULED_OUT_BY_CONVERSE,D9,,,31.733475528910393,complete,ACQUIRE_DECISION_RELEVANT_EVIDENCE_BUDGET_NOT_RULED_OUT_BY_CONVERSE,True,,0,213262
REPLICATION,2,complete,ACQUIRE_DECISION_RELEVANT_EVIDENCE_BUDGET_NOT_RULED_OUT_BY_CONVERSE,D9,,,34.321165927443445,complete,ACQUIRE_DECISION_RELEVANT_EVIDENCE_BUDGET_NOT_RULED_OUT_BY_CONVERSE,True,,0,213263
REPLICATION,2,complete,ACQUIRE_DECISION_RELEVANT_EVIDENCE_BUDGET_NOT_RULED_OUT_BY_CONVERSE,D9,,,27.567325586525577,complete,ACQUIRE_DECISION_RELEVANT_EVIDENCE_BUDGET_NOT_RULED_OUT_BY_CONVERSE,True,,0,213264
REPLICATION,2,complete,ACQUIRE_DECISION_RELEVANT_EVIDENCE_BUDGET_NOT_RULED_OUT_BY_CONVERSE,D9,,,30.594376389934467,complete,ACQUIRE_DECISION_RELEVANT_EVIDENCE_BUDGET_NOT_RULED_OUT_BY_CONVERSE,True,,0,213265
REPLICATION,2,complete,ACQUIRE_DECISION_RELEVANT_EVIDENCE_BUDGET_NOT_RULED_OUT_BY_CONVERSE,D9,,,33.68400513514493,complete,ACQUIRE_DECISION_RELEVANT_EVIDENCE_BUDGET_NOT_RULED_OUT_BY_CONVERSE,True,,0,213266
REPLICATION,2,complete,ACQUIRE_DECISION_RELEVANT_EVIDENCE_BUDGET_NOT_RULED_OUT_BY_CONVERSE,D9,,,24.849825193755112,complete,ACQUIRE_DECISION_RELEVANT_EVIDENCE_BUDGET_NOT_RULED_OUT_BY_CONVERSE,True,,0,213267
REPLICATION,2,complete,ACQUIRE_DECISION_RELEVANT_EVIDENCE_BUDGET_NOT_RULED_OUT_BY_CONVERSE,D9,,,30.56872578813633,complete,ACQUIRE_DECISION_RELEVANT_EVIDENCE_BUDGET_NOT_RULED_OUT_BY_CONVERSE,True,,0,213268
REPLICATION,2,complete,ACQUIRE_DECISION_RELEVANT_EVIDENCE_BUDGET_NOT_RULED_OUT_BY_CONVERSE,D9,,,28.123431373599985,complete,ACQUIRE_DECISION_RELEVANT_EVIDENCE_BUDGET_NOT_RULED_OUT_BY_CONVERSE,True,,0,213269
REPLICATION,2,complete,ACQUIRE_DECISION_RELEVANT_EVIDENCE_BUDGET_NOT_RULED_OUT_BY_CONVERSE,D9,,,28.889699189025837,complete,ACQUIRE_DECISION_RELEVANT_EVIDENCE_BUDGET_NOT_RULED_OUT_BY_CONVERSE,True,,0,213270
REPLICATION,2,complete,ACQUIRE_DECISION_RELEVANT_EVIDENCE_BUDGET_NOT_RULED_OUT_BY_CONVERSE,D9,,,26.482073506463582,complete,ACQUIRE_DECISION_RELEVANT_EVIDENCE_BUDGET_NOT_RULED_OUT_BY_CONVERSE,True,,0,213271
REPLICATION,2,complete,ACQUIRE_DECISION_RELEVANT_EVIDENCE_BUDGET_NOT_RULED_OUT_BY_CONVERSE,D9,,,26.021831050009222,complete,ACQUIRE_DECISION_RELEVANT_EVIDENCE_BUDGET_NOT_RULED_OUT_BY_CONVERSE,True,,0,213272
REPLICATION,2,complete,ACQUIRE_DECISION_RELEVANT_EVIDENCE_BUDGET_NOT_RULED_OUT_BY_CONVERSE,D9,,,33.78802601746878,complete,ACQUIRE_DECISION_RELEVANT_EVIDENCE_BUDGET_NOT_RULED_OUT_BY_CONVERSE,True,,0,213273
REPLICATION,2,complete,ACQUIRE_DECISION_RELEVANT_EVIDENCE_BUDGET_NOT_RULED_OUT_BY_CONVERSE,D9,,,30.82740633633113,complete,ACQUIRE_DECISION_RELEVANT_EVIDENCE_BUDGET_NOT_RULED_OUT_BY_CONVERSE,True,,0,213274
REPLICATION,2,complete,ACQUIRE_DECISION_RELEVANT_EVIDENCE_BUDGET_NOT_RULED_OUT_BY_CONVERSE,D9,,,33.70848552301497,complete,ACQUIRE_DECISION_RELEVANT_EVIDENCE_BUDGET_NOT_RULED_OUT_BY_CONVERSE,True,,0,213275
REPLICATION,2,complete,ACQUIRE_DECISION_RELEVANT_EVIDENCE_BUDGET_NOT_RULED_OUT_BY_CONVERSE,D9,,,27.402894247514293,complete,ACQUIRE_DECISION_RELEVANT_EVIDENCE_BUDGET_NOT_RULED_OUT_BY_CONVERSE,True,,0,213276
REPLICATION,2,complete,ACQUIRE_DECISION_RELEVANT_EVIDENCE_BUDGET_NOT_RULED_OUT_BY_CONVERSE,D9,,,33.915762990063826,complete,ACQUIRE_DECISION_RELEVANT_EVIDENCE_BUDGET_NOT_RULED_OUT_BY_CONVERSE,True,,0,213277
REPLICATION,2,complete,ACQUIRE_DECISION_RELEVANT_EVIDENCE_BUDGET_NOT_RULED_OUT_BY_CONVERSE,D9,,,25.27110003272615,complete,ACQUIRE_DECISION_RELEVANT_EVIDENCE_BUDGET_NOT_RULED_OUT_BY_CONVERSE,True,,0,213278
REPLICATION,2,complete,ACQUIRE_DECISION_RELEVANT_EVIDENCE_BUDGET_NOT_RULED_OUT_BY_CONVERSE,D9,,,29.41967788681631,complete,ACQUIRE_DECISION_RELEVANT_EVIDENCE_BUDGET_NOT_RULED_OUT_BY_CONVERSE,True,,0,213279
REPLICATION,2,complete,ACQUIRE_DECISION_RELEVANT_EVIDENCE_BUDGET_NOT_RULED_OUT_BY_CONVERSE,D9,,,34.37115935506149,complete,ACQUIRE_DECISION_RELEVANT_EVIDENCE_BUDGET_NOT_RULED_OUT_BY_CONVERSE,True,,0,213280
REPLICATION,2,complete,ACQUIRE_DECISION_RELEVANT_EVIDENCE_BUDGET_NOT_RULED_OUT_BY_CONVERSE,D9,,,32.82132451353533,complete,ACQUIRE_DECISION_RELEVANT_EVIDENCE_BUDGET_NOT_RULED_OUT_BY_CONVERSE,True,,0,213281
REPLICATION,2,complete,ACQUIRE_DECISION_RELEVANT_EVIDENCE_BUDGET_NOT_RULED_OUT_BY_CONVERSE,D9,,,30.16330698814966,complete,ACQUIRE_DECISION_RELEVANT_EVIDENCE_BUDGET_NOT_RULED_OUT_BY_CONVERSE,True,,0,213282
REPLICATION,2,complete,ACQUIRE_DECISION_RELEVANT_EVIDENCE_BUDGET_NOT_RULED_OUT_BY_CONVERSE,D9,,,26.054689690501405,complete,ACQUIRE_DECISION_RELEVANT_EVIDENCE_BUDGET_NOT_RULED_OUT_BY_CONVERSE,True,,0,213283
REPLICATION,2,complete,ACQUIRE_DECISION_RELEVANT_EVIDENCE_BUDGET_NOT_RULED_OUT_BY_CONVERSE,D9,,,33.26506240068237,complete,ACQUIRE_DECISION_RELEVANT_EVIDENCE_BUDGET_NOT_RULED_OUT_BY_CONVERSE,True,,0,213284
REPLICATION,2,complete,ACQUIRE_DECISION_RELEVANT_EVIDENCE_BUDGET_NOT_RULED_OUT_BY_CONVERSE,D9,,,28.089236988765848,complete,ACQUIRE_DECISION_RELEVANT_EVIDENCE_BUDGET_NOT_RULED_OUT_BY_CONVERSE,True,,0,213285
REPLICATION,2,complete,ACQUIRE_DECISION_RELEVANT_EVIDENCE_BUDGET_NOT_RULED_OUT_BY_CONVERSE,D9,,,32.26962613387222,complete,ACQUIRE_DECISION_RELEVANT_EVIDENCE_BUDGET_NOT_RULED_OUT_BY_CONVERSE,True,,0,213286
REPLICATION,2,complete,ACQUIRE_DECISION_RELEVANT_EVIDENCE_BUDGET_NOT_RULED_OUT_BY_CONVERSE,D9,,,29.820815235064945,complete,ACQUIRE_DECISION_RELEVANT_EVIDENCE_BUDGET_NOT_RULED_OUT_BY_CONVERSE,True,,0,213287
REPLICATION,2,complete,ACQUIRE_DECISION_RELEVANT_EVIDENCE_BUDGET_NOT_RULED_OUT_BY_CONVERSE,D9,,,28.786777302204783,complete,ACQUIRE_DECISION_RELEVANT_EVIDENCE_BUDGET_NOT_RULED_OUT_BY_CONVERSE,True,,0,213288
REPLICATION,2,complete,ACQUIRE_DECISION_RELEVANT_EVIDENCE_BUDGET_NOT_RULED_OUT_BY_CONVERSE,D9,,,31.20133463096708,complete,ACQUIRE_DECISION_RELEVANT_EVIDENCE_BUDGET_NOT_RULED_OUT_BY_CONVERSE,True,,0,213289
REPLICATION,2,complete,ACQUIRE_DECISION_RELEVANT_EVIDENCE_BUDGET_NOT_RULED_OUT_BY_CONVERSE,D9,,,33.18546623655612,complete,ACQUIRE_DECISION_RELEVANT_EVIDENCE_BUDGET_NOT_RULED_OUT_BY_CONVERSE,True,,0,213290
REPLICATION,2,complete,ACQUIRE_DECISION_RELEVANT_EVIDENCE_BUDGET_NOT_RULED_OUT_BY_CONVERSE,D9,,,29.85233914313612,complete,ACQUIRE_DECISION_RELEVANT_EVIDENCE_BUDGET_NOT_RULED_OUT_BY_CONVERSE,True,,0,213291
REPLICATION,2,complete,ACQUIRE_DECISION_RELEVANT_EVIDENCE_BUDGET_NOT_RULED_OUT_BY_CONVERSE,D9,,,31.608107959763085,complete,ACQUIRE_DECISION_RELEVANT_EVIDENCE_BUDGET_NOT_RULED_OUT_BY_CONVERSE,True,,0,213292
REPLICATION,2,complete,ACQUIRE_DECISION_RELEVANT_EVIDENCE_BUDGET_NOT_RULED_OUT_BY_CONVERSE,D9,,,26.31455611058207,complete,ACQUIRE_DECISION_RELEVANT_EVIDENCE_BUDGET_NOT_RULED_OUT_BY_CONVERSE,True,,0,213293
REPLICATION,2,complete,ACQUIRE_DECISION_RELEVANT_EVIDENCE_BUDGET_NOT_RULED_OUT_BY_CONVERSE,D9,,,33.84005229427324,complete,ACQUIRE_DECISION_RELEVANT_EVIDENCE_BUDGET_NOT_RULED_OUT_BY_CONVERSE,True,,0,213294
REPLICATION,2,complete,ACQUIRE_DECISION_RELEVANT_EVIDENCE_BUDGET_NOT_RULED_OUT_BY_CONVERSE,D9,,,27.169841172412223,complete,ACQUIRE_DECISION_RELEVANT_EVIDENCE_BUDGET_NOT_RULED_OUT_BY_CONVERSE,True,,0,213295
REPLICATION,2,complete,ACQUIRE_DECISION_RELEVANT_EVIDENCE_BUDGET_NOT_RULED_OUT_BY_CONVERSE,D9,,,28.357667115119614,complete,ACQUIRE_DECISION_RELEVANT_EVIDENCE_BUDGET_NOT_RULED_OUT_BY_CONVERSE,True,,0,213296
REPLICATION,2,complete,ACQUIRE_DECISION_RELEVANT_EVIDENCE_BUDGET_NOT_RULED_OUT_BY_CONVERSE,D9,,,26.193885115048115,complete,ACQUIRE_DECISION_RELEVANT_EVIDENCE_BUDGET_NOT_RULED_OUT_BY_CONVERSE,True,,0,213297
REPLICATION,2,complete,ACQUIRE_DECISION_RELEVANT_EVIDENCE_BUDGET_NOT_RULED_OUT_BY_CONVERSE,D9,,,29.738394223165077,complete,ACQUIRE_DECISION_RELEVANT_EVIDENCE_BUDGET_NOT_RULED_OUT_BY_CONVERSE,True,,0,213298
REPLICATION,2,complete,ACQUIRE_DECISION_RELEVANT_EVIDENCE_BUDGET_NOT_RULED_OUT_BY_CONVERSE,D9,,,25.636291258867153,complete,ACQUIRE_DECISION_RELEVANT_EVIDENCE_BUDGET_NOT_RULED_OUT_BY_CONVERSE,True,,0,213299
REPLICATION,2,complete,ACQUIRE_DECISION_RELEVANT_EVIDENCE_BUDGET_NOT_RULED_OUT_BY_CONVERSE,D9,,,26.996301752151556,complete,ACQUIRE_DECISION_RELEVANT_EVIDENCE_BUDGET_NOT_RULED_OUT_BY_CONVERSE,True,,0,213300
REPLICATION,2,complete,ACQUIRE_DECISION_RELEVANT_EVIDENCE_BUDGET_NOT_RULED_OUT_BY_CONVERSE,D9,,,32.467581599404106,complete,ACQUIRE_DECISION_RELEVANT_EVIDENCE_BUDGET_NOT_RULED_OUT_BY_CONVERSE,True,,0,213301
REPLICATION,2,complete,ACQUIRE_DECISION_RELEVANT_EVIDENCE_BUDGET_NOT_RULED_OUT_BY_CONVERSE,D9,,,26.609499730205684,complete,ACQUIRE_DECISION_RELEVANT_EVIDENCE_BUDGET_NOT_RULED_OUT_BY_CONVERSE,True,,0,213302
REPLICATION,2,complete,ACQUIRE_DECISION_RELEVANT_EVIDENCE_BUDGET_NOT_RULED_OUT_BY_CONVERSE,D9,,,27.711351641375863,complete,ACQUIRE_DECISION_RELEVANT_EVIDENCE_BUDGET_NOT_RULED_OUT_BY_CONVERSE,True,,0,213303
REPLICATION,2,complete,ACQUIRE_DECISION_RELEVANT_EVIDENCE_BUDGET_NOT_RULED_OUT_BY_CONVERSE,D9,,,32.283203020337204,complete,ACQUIRE_DECISION_RELEVANT_EVIDENCE_BUDGET_NOT_RULED_OUT_BY_CONVERSE,True,,0,213304
REPLICATION,2,complete,ACQUIRE_DECISION_RELEVANT_EVIDENCE_BUDGET_NOT_RULED_OUT_BY_CONVERSE,D9,,,29.75307463595585,complete,ACQUIRE_DECISION_RELEVANT_EVIDENCE_BUDGET_NOT_RULED_OUT_BY_CONVERSE,True,,0,213305
REPLICATION,2,complete,ACQUIRE_DECISION_RELEVANT_EVIDENCE_BUDGET_NOT_RULED_OUT_BY_CONVERSE,D9,,,28.045808894866042,complete,ACQUIRE_DECISION_RELEVANT_EVIDENCE_BUDGET_NOT_RULED_OUT_BY_CONVERSE,True,,0,213306
REPLICATION,2,complete,ACQUIRE_DECISION_RELEVANT_EVIDENCE_BUDGET_NOT_RULED_OUT_BY_CONVERSE,D9,,,33.429132913419934,complete,ACQUIRE_DECISION_RELEVANT_EVIDENCE_BUDGET_NOT_RULED_OUT_BY_CONVERSE,True,,0,213307
REPLICATION,2,complete,ACQUIRE_DECISION_RELEVANT_EVIDENCE_BUDGET_NOT_RULED_OUT_BY_CONVERSE,D9,,,29.108978197089563,complete,ACQUIRE_DECISION_RELEVANT_EVIDENCE_BUDGET_NOT_RULED_OUT_BY_CONVERSE,True,,0,213308
REPLICATION,2,complete,ACQUIRE_DECISION_RELEVANT_EVIDENCE_BUDGET_NOT_RULED_OUT_BY_CONVERSE,D9,,,33.68085065113572,complete,ACQUIRE_DECISION_RELEVANT_EVIDENCE_BUDGET_NOT_RULED_OUT_BY_CONVERSE,True,,0,213309
REPLICATION,2,complete,ACQUIRE_DECISION_RELEVANT_EVIDENCE_BUDGET_NOT_RULED_OUT_BY_CONVERSE,D9,,,30.207628980314396,complete,ACQUIRE_DECISION_RELEVANT_EVIDENCE_BUDGET_NOT_RULED_OUT_BY_CONVERSE,True,,0,213310
REPLICATION,2,complete,ACQUIRE_DECISION_RELEVANT_EVIDENCE_BUDGET_NOT_RULED_OUT_BY_CONVERSE,D9,,,29.24727047764736,complete,ACQUIRE_DECISION_RELEVANT_EVIDENCE_BUDGET_NOT_RULED_OUT_BY_CONVERSE,True,,0,213311
REPLICATION,2,complete,ACQUIRE_DECISION_RELEVANT_EVIDENCE_BUDGET_NOT_RULED_OUT_BY_CONVERSE,D9,,,24.431586700195535,complete,ACQUIRE_DECISION_RELEVANT_EVIDENCE_BUDGET_NOT_RULED_OUT_BY_CONVERSE,True,,0,213312
REPLICATION,2,complete,ACQUIRE_DECISION_RELEVANT_EVIDENCE_BUDGET_NOT_RULED_OUT_BY_CONVERSE,D9,,,30.302947707354527,complete,ACQUIRE_DECISION_RELEVANT_EVIDENCE_BUDGET_NOT_RULED_OUT_BY_CONVERSE,True,,0,213313
REPLICATION,2,complete,ACQUIRE_DECISION_RELEVANT_EVIDENCE_BUDGET_NOT_RULED_OUT_BY_CONVERSE,D9,,,27.42984370398236,complete,ACQUIRE_DECISION_RELEVANT_EVIDENCE_BUDGET_NOT_RULED_OUT_BY_CONVERSE,True,,0,213314
REPLICATION,2,complete,ACQUIRE_DECISION_RELEVANT_EVIDENCE_BUDGET_NOT_RULED_OUT_BY_CONVERSE,D9,,,34.034460382920514,complete,ACQUIRE_DECISION_RELEVANT_EVIDENCE_BUDGET_NOT_RULED_OUT_BY_CONVERSE,True,,0,213315
REPLICATION,2,complete,ACQUIRE_DECISION_RELEVANT_EVIDENCE_BUDGET_NOT_RULED_OUT_BY_CONVERSE,D9,,,32.022790586143934,complete,ACQUIRE_DECISION_RELEVANT_EVIDENCE_BUDGET_NOT_RULED_OUT_BY_CONVERSE,True,,0,213316
REPLICATION,2,complete,ACQUIRE_DECISION_RELEVANT_EVIDENCE_BUDGET_NOT_RULED_OUT_BY_CONVERSE,D9,,,28.827331899401777,complete,ACQUIRE_DECISION_RELEVANT_EVIDENCE_BUDGET_NOT_RULED_OUT_BY_CONVERSE,True,,0,213317
REPLICATION,2,complete,ACQUIRE_DECISION_RELEVANT_EVIDENCE_BUDGET_NOT_RULED_OUT_BY_CONVERSE,D9,,,32.640335000251866,complete,ACQUIRE_DECISION_RELEVANT_EVIDENCE_BUDGET_NOT_RULED_OUT_BY_CONVERSE,True,,0,213318
REPLICATION,2,complete,ACQUIRE_DECISION_RELEVANT_EVIDENCE_BUDGET_NOT_RULED_OUT_BY_CONVERSE,D9,,,30.403636138702325,complete,ACQUIRE_DECISION_RELEVANT_EVIDENCE_BUDGET_NOT_RULED_OUT_BY_CONVERSE,True,,0,213319
REPLICATION,2,complete,ACQUIRE_DECISION_RELEVANT_EVIDENCE_BUDGET_NOT_RULED_OUT_BY_CONVERSE,D9,,,31.824045753177177,complete,ACQUIRE_DECISION_RELEVANT_EVIDENCE_BUDGET_NOT_RULED_OUT_BY_CONVERSE,True,,0,213320
REPLICATION,2,complete,ACQUIRE_DECISION_RELEVANT_EVIDENCE_BUDGET_NOT_RULED_OUT_BY_CONVERSE,D9,,,27.102760568040534,complete,ACQUIRE_DECISION_RELEVANT_EVIDENCE_BUDGET_NOT_RULED_OUT_BY_CONVERSE,True,,0,213321
REPLICATION,2,complete,ACQUIRE_DECISION_RELEVANT_EVIDENCE_BUDGET_NOT_RULED_OUT_BY_CONVERSE,D9,,,30.77456301005811,complete,ACQUIRE_DECISION_RELEVANT_EVIDENCE_BUDGET_NOT_RULED_OUT_BY_CONVERSE,True,,0,213322
REPLICATION,2,complete,ACQUIRE_DECISION_RELEVANT_EVIDENCE_BUDGET_NOT_RULED_OUT_BY_CONVERSE,D9,,,25.556794919271955,complete,ACQUIRE_DECISION_RELEVANT_EVIDENCE_BUDGET_NOT_RULED_OUT_BY_CONVERSE,True,,0,213323
REPLICATION,2,complete,ACQUIRE_DECISION_RELEVANT_EVIDENCE_BUDGET_NOT_RULED_OUT_BY_CONVERSE,D9,,,33.33737905603765,complete,ACQUIRE_DECISION_RELEVANT_EVIDENCE_BUDGET_NOT_RULED_OUT_BY_CONVERSE,True,,0,213324
REPLICATION,2,complete,ACQUIRE_DECISION_RELEVANT_EVIDENCE_BUDGET_NOT_RULED_OUT_BY_CONVERSE,D9,,,34.50652109062849,complete,ACQUIRE_DECISION_RELEVANT_EVIDENCE_BUDGET_NOT_RULED_OUT_BY_CONVERSE,True,,0,213325
REPLICATION,2,complete,ACQUIRE_DECISION_RELEVANT_EVIDENCE_BUDGET_NOT_RULED_OUT_BY_CONVERSE,D9,,,33.17664373624138,complete,ACQUIRE_DECISION_RELEVANT_EVIDENCE_BUDGET_NOT_RULED_OUT_BY_CONVERSE,True,,0,213326
REPLICATION,2,complete,ACQUIRE_DECISION_RELEVANT_EVIDENCE_BUDGET_NOT_RULED_OUT_BY_CONVERSE,D9,,,27.11761314726332,complete,ACQUIRE_DECISION_RELEVANT_EVIDENCE_BUDGET_NOT_RULED_OUT_BY_CONVERSE,True,,0,213327
REPLICATION,2,complete,ACQUIRE_DECISION_RELEVANT_EVIDENCE_BUDGET_NOT_RULED_OUT_BY_CONVERSE,D9,,,27.607078309799626,complete,ACQUIRE_DECISION_RELEVANT_EVIDENCE_BUDGET_NOT_RULED_OUT_BY_CONVERSE,True,,0,213328
REPLICATION,2,a,ACQUIRE_DECISION_RELEVANT_EVIDENCE_BUDGET_NOT_RULED_OUT_BY_CONVERSE,D10,,,36.784639787327855,a,ACQUIRE_DECISION_RELEVANT_EVIDENCE_BUDGET_NOT_RULED_OUT_BY_CONVERSE,True,True,1,214201
REPLICATION,2,z,ACQUIRE_DECISION_RELEVANT_EVIDENCE_BUDGET_NOT_RULED_OUT_BY_CONVERSE,D10,,,40.37815763015527,z,ACQUIRE_DECISION_RELEVANT_EVIDENCE_BUDGET_NOT_RULED_OUT_BY_CONVERSE,True,True,1,214202
REPLICATION,2,a,ACQUIRE_DECISION_RELEVANT_EVIDENCE_BUDGET_NOT_RULED_OUT_BY_CONVERSE,D10,,,39.2400966335908,a,ACQUIRE_DECISION_RELEVANT_EVIDENCE_BUDGET_NOT_RULED_OUT_BY_CONVERSE,True,True,1,214203
REPLICATION,2,z,ACQUIRE_DECISION_RELEVANT_EVIDENCE_BUDGET_NOT_RULED_OUT_BY_CONVERSE,D10,,,37.10168514385806,z,ACQUIRE_DECISION_RELEVANT_EVIDENCE_BUDGET_NOT_RULED_OUT_BY_CONVERSE,True,True,1,214204
REPLICATION,2,z,ACQUIRE_DECISION_RELEVANT_EVIDENCE_BUDGET_NOT_RULED_OUT_BY_CONVERSE,D10,,,36.016633852630704,z,ACQUIRE_DECISION_RELEVANT_EVIDENCE_BUDGET_NOT_RULED_OUT_BY_CONVERSE,True,True,1,214205
REPLICATION,2,z,ACQUIRE_DECISION_RELEVANT_EVIDENCE_BUDGET_NOT_RULED_OUT_BY_CONVERSE,D10,,,35.83531572923567,z,ACQUIRE_DECISION_RELEVANT_EVIDENCE_BUDGET_NOT_RULED_OUT_BY_CONVERSE,True,True,1,214206
REPLICATION,2,a,ACQUIRE_DECISION_RELEVANT_EVIDENCE_BUDGET_NOT_RULED_OUT_BY_CONVERSE,D10,,,38.67279886844961,a,ACQUIRE_DECISION_RELEVANT_EVIDENCE_BUDGET_NOT_RULED_OUT_BY_CONVERSE,True,True,1,214207
REPLICATION,2,z,ACQUIRE_DECISION_RELEVANT_EVIDENCE_BUDGET_NOT_RULED_OUT_BY_CONVERSE,D10,,,39.14277125031988,z,ACQUIRE_DECISION_RELEVANT_EVIDENCE_BUDGET_NOT_RULED_OUT_BY_CONVERSE,True,True,1,214208
REPLICATION,2,z,ACQUIRE_DECISION_RELEVANT_EVIDENCE_BUDGET_NOT_RULED_OUT_BY_CONVERSE,D10,,,34.90188900434795,z,ACQUIRE_DECISION_RELEVANT_EVIDENCE_BUDGET_NOT_RULED_OUT_BY_CONVERSE,True,True,1,214209
REPLICATION,2,a,ACQUIRE_DECISION_RELEVANT_EVIDENCE_BUDGET_NOT_RULED_OUT_BY_CONVERSE,D10,,,37.50449289081772,a,ACQUIRE_DECISION_RELEVANT_EVIDENCE_BUDGET_NOT_RULED_OUT_BY_CONVERSE,True,True,1,214210
REPLICATION,2,z,ACQUIRE_DECISION_RELEVANT_EVIDENCE_BUDGET_NOT_RULED_OUT_BY_CONVERSE,D10,,,37.47793789070875,z,ACQUIRE_DECISION_RELEVANT_EVIDENCE_BUDGET_NOT_RULED_OUT_BY_CONVERSE,True,True,1,214211
REPLICATION,2,z,ACQUIRE_DECISION_RELEVANT_EVIDENCE_BUDGET_NOT_RULED_OUT_BY_CONVERSE,D10,,,38.31121352874004,z,ACQUIRE_DECISION_RELEVANT_EVIDENCE_BUDGET_NOT_RULED_OUT_BY_CONVERSE,True,True,1,214212
REPLICATION,2,a,ACQUIRE_DECISION_RELEVANT_EVIDENCE_BUDGET_NOT_RULED_OUT_BY_CONVERSE,D10,,,37.328332002443325,a,ACQUIRE_DECISION_RELEVANT_EVIDENCE_BUDGET_NOT_RULED_OUT_BY_CONVERSE,True,True,1,214213
REPLICATION,2,z,ACQUIRE_DECISION_RELEVANT_EVIDENCE_BUDGET_NOT_RULED_OUT_BY_CONVERSE,D10,,,40.37518816796164,z,ACQUIRE_DECISION_RELEVANT_EVIDENCE_BUDGET_NOT_RULED_OUT_BY_CONVERSE,True,True,1,214214
REPLICATION,2,z,ACQUIRE_DECISION_RELEVANT_EVIDENCE_BUDGET_NOT_RULED_OUT_BY_CONVERSE,D10,,,35.75645649582085,z,ACQUIRE_DECISION_RELEVANT_EVIDENCE_BUDGET_NOT_RULED_OUT_BY_CONVERSE,True,True,1,214215
REPLICATION,2,a,ACQUIRE_DECISION_RELEVANT_EVIDENCE_BUDGET_NOT_RULED_OUT_BY_CONVERSE,D10,,,37.99050486931811,a,ACQUIRE_DECISION_RELEVANT_EVIDENCE_BUDGET_NOT_RULED_OUT_BY_CONVERSE,True,True,1,214216
REPLICATION,2,z,ACQUIRE_DECISION_RELEVANT_EVIDENCE_BUDGET_NOT_RULED_OUT_BY_CONVERSE,D10,,,36.38963249234778,z,ACQUIRE_DECISION_RELEVANT_EVIDENCE_BUDGET_NOT_RULED_OUT_BY_CONVERSE,True,True,1,214217
REPLICATION,2,a,ACQUIRE_DECISION_RELEVANT_EVIDENCE_BUDGET_NOT_RULED_OUT_BY_CONVERSE,D10,,,37.74888508153567,a,ACQUIRE_DECISION_RELEVANT_EVIDENCE_BUDGET_NOT_RULED_OUT_BY_CONVERSE,True,True,1,214218
REPLICATION,2,a,ACQUIRE_DECISION_RELEVANT_EVIDENCE_BUDGET_NOT_RULED_OUT_BY_CONVERSE,D10,,,37.16184335526847,a,ACQUIRE_DECISION_RELEVANT_EVIDENCE_BUDGET_NOT_RULED_OUT_BY_CONVERSE,True,True,1,214219
REPLICATION,2,z,ACQUIRE_DECISION_RELEVANT_EVIDENCE_BUDGET_NOT_RULED_OUT_BY_CONVERSE,D10,,,36.31286945504087,z,ACQUIRE_DECISION_RELEVANT_EVIDENCE_BUDGET_NOT_RULED_OUT_BY_CONVERSE,True,True,1,214220
REPLICATION,2,z,ACQUIRE_DECISION_RELEVANT_EVIDENCE_BUDGET_NOT_RULED_OUT_BY_CONVERSE,D10,,,38.33324746491776,z,ACQUIRE_DECISION_RELEVANT_EVIDENCE_BUDGET_NOT_RULED_OUT_BY_CONVERSE,True,True,1,214221
REPLICATION,2,z,ACQUIRE_DECISION_RELEVANT_EVIDENCE_BUDGET_NOT_RULED_OUT_BY_CONVERSE,D10,,,37.587367183882705,z,ACQUIRE_DECISION_RELEVANT_EVIDENCE_BUDGET_NOT_RULED_OUT_BY_CONVERSE,True,True,1,214222
REPLICATION,2,a,ACQUIRE_DECISION_RELEVANT_EVIDENCE_BUDGET_NOT_RULED_OUT_BY_CONVERSE,D10,,,36.9780831455153,a,ACQUIRE_DECISION_RELEVANT_EVIDENCE_BUDGET_NOT_RULED_OUT_BY_CONVERSE,True,True,1,214223
REPLICATION,2,z,ACQUIRE_DECISION_RELEVANT_EVIDENCE_BUDGET_NOT_RULED_OUT_BY_CONVERSE,D10,,,36.08475207491302,z,ACQUIRE_DECISION_RELEVANT_EVIDENCE_BUDGET_NOT_RULED_OUT_BY_CONVERSE,True,True,1,214224
REPLICATION,2,z,ACQUIRE_DECISION_RELEVANT_EVIDENCE_BUDGET_NOT_RULED_OUT_BY_CONVERSE,D10,,,36.149697034963125,z,ACQUIRE_DECISION_RELEVANT_EVIDENCE_BUDGET_NOT_RULED_OUT_BY_CONVERSE,True,True,1,214225
REPLICATION,2,a,ACQUIRE_DECISION_RELEVANT_EVIDENCE_BUDGET_NOT_RULED_OUT_BY_CONVERSE,D10,,,39.41561551758074,a,ACQUIRE_DECISION_RELEVANT_EVIDENCE_BUDGET_NOT_RULED_OUT_BY_CONVERSE,True,True,1,214226
REPLICATION,2,z,ACQUIRE_DECISION_RELEVANT_EVIDENCE_BUDGET_NOT_RULED_OUT_BY_CONVERSE,D10,,,36.78812549320199,z,ACQUIRE_DECISION_RELEVANT_EVIDENCE_BUDGET_NOT_RULED_OUT_BY_CONVERSE,True,True,1,214227
REPLICATION,2,a,ACQUIRE_DECISION_RELEVANT_EVIDENCE_BUDGET_NOT_RULED_OUT_BY_CONVERSE,D10,,,38.453307508673156,a,ACQUIRE_DECISION_RELEVANT_EVIDENCE_BUDGET_NOT_RULED_OUT_BY_CONVERSE,True,True,1,214228
REPLICATION,2,z,ACQUIRE_DECISION_RELEVANT_EVIDENCE_BUDGET_NOT_RULED_OUT_BY_CONVERSE,D10,,,40.110497011869185,z,ACQUIRE_DECISION_RELEVANT_EVIDENCE_BUDGET_NOT_RULED_OUT_BY_CONVERSE,True,True,1,214229
REPLICATION,2,a,ACQUIRE_DECISION_RELEVANT_EVIDENCE_BUDGET_NOT_RULED_OUT_BY_CONVERSE,D10,,,37.13811411414572,a,ACQUIRE_DECISION_RELEVANT_EVIDENCE_BUDGET_NOT_RULED_OUT_BY_CONVERSE,True,True,1,214230
REPLICATION,2,z,ACQUIRE_DECISION_RELEVANT_EVIDENCE_BUDGET_NOT_RULED_OUT_BY_CONVERSE,D10,,,35.814351551377484,z,ACQUIRE_DECISION_RELEVANT_EVIDENCE_BUDGET_NOT_RULED_OUT_BY_CONVERSE,True,True,1,214231
REPLICATION,2,z,ACQUIRE_DECISION_RELEVANT_EVIDENCE_BUDGET_NOT_RULED_OUT_BY_CONVERSE,D10,,,36.667208972632274,z,ACQUIRE_DECISION_RELEVANT_EVIDENCE_BUDGET_NOT_RULED_OUT_BY_CONVERSE,True,True,1,214232
REPLICATION,2,z,ACQUIRE_DECISION_RELEVANT_EVIDENCE_BUDGET_NOT_RULED_OUT_BY_CONVERSE,D10,,,37.43833352759816,z,ACQUIRE_DECISION_RELEVANT_EVIDENCE_BUDGET_NOT_RULED_OUT_BY_CONVERSE,True,True,1,214233
REPLICATION,2,z,ACQUIRE_DECISION_RELEVANT_EVIDENCE_BUDGET_NOT_RULED_OUT_BY_CONVERSE,D10,,,35.01346732187895,z,ACQUIRE_DECISION_RELEVANT_EVIDENCE_BUDGET_NOT_RULED_OUT_BY_CONVERSE,True,True,1,214234
REPLICATION,2,a,ACQUIRE_DECISION_RELEVANT_EVIDENCE_BUDGET_NOT_RULED_OUT_BY_CONVERSE,D10,,,39.070121374854395,a,ACQUIRE_DECISION_RELEVANT_EVIDENCE_BUDGET_NOT_RULED_OUT_BY_CONVERSE,True,True,1,214235
REPLICATION,2,a,ACQUIRE_DECISION_RELEVANT_EVIDENCE_BUDGET_NOT_RULED_OUT_BY_CONVERSE,D10,,,40.31781028983006,a,ACQUIRE_DECISION_RELEVANT_EVIDENCE_BUDGET_NOT_RULED_OUT_BY_CONVERSE,True,True,1,214236
REPLICATION,2,z,ACQUIRE_DECISION_RELEVANT_EVIDENCE_BUDGET_NOT_RULED_OUT_BY_CONVERSE,D10,,,37.1071537132831,z,ACQUIRE_DECISION_RELEVANT_EVIDENCE_BUDGET_NOT_RULED_OUT_BY_CONVERSE,True,True,1,214237
REPLICATION,2,z,ACQUIRE_DECISION_RELEVANT_EVIDENCE_BUDGET_NOT_RULED_OUT_BY_CONVERSE,D10,,,35.76527360108403,z,ACQUIRE_DECISION_RELEVANT_EVIDENCE_BUDGET_NOT_RULED_OUT_BY_CONVERSE,True,True,1,214238
REPLICATION,2,a,ACQUIRE_DECISION_RELEVANT_EVIDENCE_BUDGET_NOT_RULED_OUT_BY_CONVERSE,D10,,,36.01595248423117,a,ACQUIRE_DECISION_RELEVANT_EVIDENCE_BUDGET_NOT_RULED_OUT_BY_CONVERSE,True,True,1,214239
REPLICATION,2,z,ACQUIRE_DECISION_RELEVANT_EVIDENCE_BUDGET_NOT_RULED_OUT_BY_CONVERSE,D10,,,37.77101913942657,z,ACQUIRE_DECISION_RELEVANT_EVIDENCE_BUDGET_NOT_RULED_OUT_BY_CONVERSE,True,True,1,214240
REPLICATION,2,a,ACQUIRE_DECISION_RELEVANT_EVIDENCE_BUDGET_NOT_RULED_OUT_BY_CONVERSE,D10,,,39.826155870761056,a,ACQUIRE_DECISION_RELEVANT_EVIDENCE_BUDGET_NOT_RULED_OUT_BY_CONVERSE,True,True,1,214241
REPLICATION,2,z,ACQUIRE_DECISION_RELEVANT_EVIDENCE_BUDGET_NOT_RULED_OUT_BY_CONVERSE,D10,,,40.51883140431888,z,ACQUIRE_DECISION_RELEVANT_EVIDENCE_BUDGET_NOT_RULED_OUT_BY_CONVERSE,True,True,1,214242
REPLICATION,2,z,ACQUIRE_DECISION_RELEVANT_EVIDENCE_BUDGET_NOT_RULED_OUT_BY_CONVERSE,D10,,,38.9629747846741,z,ACQUIRE_DECISION_RELEVANT_EVIDENCE_BUDGET_NOT_RULED_OUT_BY_CONVERSE,True,True,1,214243
REPLICATION,2,z,ACQUIRE_DECISION_RELEVANT_EVIDENCE_BUDGET_NOT_RULED_OUT_BY_CONVERSE,D10,,,39.26625774578206,z,ACQUIRE_DECISION_RELEVANT_EVIDENCE_BUDGET_NOT_RULED_OUT_BY_CONVERSE,True,True,1,214244
REPLICATION,2,a,ACQUIRE_DECISION_RELEVANT_EVIDENCE_BUDGET_NOT_RULED_OUT_BY_CONVERSE,D10,,,38.64465493507963,a,ACQUIRE_DECISION_RELEVANT_EVIDENCE_BUDGET_NOT_RULED_OUT_BY_CONVERSE,True,True,1,214245
REPLICATION,2,z,ACQUIRE_DECISION_RELEVANT_EVIDENCE_BUDGET_NOT_RULED_OUT_BY_CONVERSE,D10,,,35.94760663503216,z,ACQUIRE_DECISION_RELEVANT_EVIDENCE_BUDGET_NOT_RULED_OUT_BY_CONVERSE,True,True,1,214246
REPLICATION,2,a,ACQUIRE_DECISION_RELEVANT_EVIDENCE_BUDGET_NOT_RULED_OUT_BY_CONVERSE,D10,,,38.97132572247531,a,ACQUIRE_DECISION_RELEVANT_EVIDENCE_BUDGET_NOT_RULED_OUT_BY_CONVERSE,True,True,1,214247
REPLICATION,2,z,ACQUIRE_DECISION_RELEVANT_EVIDENCE_BUDGET_NOT_RULED_OUT_BY_CONVERSE,D10,,,35.202351748718336,z,ACQUIRE_DECISION_RELEVANT_EVIDENCE_BUDGET_NOT_RULED_OUT_BY_CONVERSE,True,True,1,214248
REPLICATION,2,z,ACQUIRE_DECISION_RELEVANT_EVIDENCE_BUDGET_NOT_RULED_OUT_BY_CONVERSE,D10,,,35.66364516405375,z,ACQUIRE_DECISION_RELEVANT_EVIDENCE_BUDGET_NOT_RULED_OUT_BY_CONVERSE,True,True,1,214249
REPLICATION,2,z,ACQUIRE_DECISION_RELEVANT_EVIDENCE_BUDGET_NOT_RULED_OUT_BY_CONVERSE,D10,,,38.74106969880926,z,ACQUIRE_DECISION_RELEVANT_EVIDENCE_BUDGET_NOT_RULED_OUT_BY_CONVERSE,True,True,1,214250
REPLICATION,2,a,ACQUIRE_DECISION_RELEVANT_EVIDENCE_BUDGET_NOT_RULED_OUT_BY_CONVERSE,D10,,,38.32011712649933,a,ACQUIRE_DECISION_RELEVANT_EVIDENCE_BUDGET_NOT_RULED_OUT_BY_CONVERSE,True,True,1,214251
REPLICATION,2,z,ACQUIRE_DECISION_RELEVANT_EVIDENCE_BUDGET_NOT_RULED_OUT_BY_CONVERSE,D10,,,35.96867554358332,z,ACQUIRE_DECISION_RELEVANT_EVIDENCE_BUDGET_NOT_RULED_OUT_BY_CONVERSE,True,True,1,214252
REPLICATION,2,z,ACQUIRE_DECISION_RELEVANT_EVIDENCE_BUDGET_NOT_RULED_OUT_BY_CONVERSE,D10,,,35.7362009263275,z,ACQUIRE_DECISION_RELEVANT_EVIDENCE_BUDGET_NOT_RULED_OUT_BY_CONVERSE,True,True,1,214253
REPLICATION,2,z,ACQUIRE_DECISION_RELEVANT_EVIDENCE_BUDGET_NOT_RULED_OUT_BY_CONVERSE,D10,,,35.051528651627116,z,ACQUIRE_DECISION_RELEVANT_EVIDENCE_BUDGET_NOT_RULED_OUT_BY_CONVERSE,True,True,1,214254
REPLICATION,2,z,ACQUIRE_DECISION_RELEVANT_EVIDENCE_BUDGET_NOT_RULED_OUT_BY_CONVERSE,D10,,,35.491566984639114,z,ACQUIRE_DECISION_RELEVANT_EVIDENCE_BUDGET_NOT_RULED_OUT_BY_CONVERSE,True,True,1,214255
REPLICATION,2,z,ACQUIRE_DECISION_RELEVANT_EVIDENCE_BUDGET_NOT_RULED_OUT_BY_CONVERSE,D10,,,35.310278871748686,z,ACQUIRE_DECISION_RELEVANT_EVIDENCE_BUDGET_NOT_RULED_OUT_BY_CONVERSE,True,True,1,214256
REPLICATION,2,a,ACQUIRE_DECISION_RELEVANT_EVIDENCE_BUDGET_NOT_RULED_OUT_BY_CONVERSE,D10,,,36.023253801766664,a,ACQUIRE_DECISION_RELEVANT_EVIDENCE_BUDGET_NOT_RULED_OUT_BY_CONVERSE,True,True,1,214257
REPLICATION,2,z,ACQUIRE_DECISION_RELEVANT_EVIDENCE_BUDGET_NOT_RULED_OUT_BY_CONVERSE,D10,,,39.943737035146526,z,ACQUIRE_DECISION_RELEVANT_EVIDENCE_BUDGET_NOT_RULED_OUT_BY_CONVERSE,True,True,1,214258
REPLICATION,2,z,ACQUIRE_DECISION_RELEVANT_EVIDENCE_BUDGET_NOT_RULED_OUT_BY_CONVERSE,D10,,,38.13021302676318,z,ACQUIRE_DECISION_RELEVANT_EVIDENCE_BUDGET_NOT_RULED_OUT_BY_CONVERSE,True,True,1,214259
REPLICATION,2,z,ACQUIRE_DECISION_RELEVANT_EVIDENCE_BUDGET_NOT_RULED_OUT_BY_CONVERSE,D10,,,38.79570690278383,z,ACQUIRE_DECISION_RELEVANT_EVIDENCE_BUDGET_NOT_RULED_OUT_BY_CONVERSE,True,True,1,214260
REPLICATION,2,z,ACQUIRE_DECISION_RELEVANT_EVIDENCE_BUDGET_NOT_RULED_OUT_BY_CONVERSE,D10,,,35.10637782744271,z,ACQUIRE_DECISION_RELEVANT_EVIDENCE_BUDGET_NOT_RULED_OUT_BY_CONVERSE,True,True,1,214261
REPLICATION,2,z,ACQUIRE_DECISION_RELEVANT_EVIDENCE_BUDGET_NOT_RULED_OUT_BY_CONVERSE,D10,,,36.402773791216845,z,ACQUIRE_DECISION_RELEVANT_EVIDENCE_BUDGET_NOT_RULED_OUT_BY_CONVERSE,True,True,1,214262
REPLICATION,2,a,ACQUIRE_DECISION_RELEVANT_EVIDENCE_BUDGET_NOT_RULED_OUT_BY_CONVERSE,D10,,,40.79032723949861,a,ACQUIRE_DECISION_RELEVANT_EVIDENCE_BUDGET_NOT_RULED_OUT_BY_CONVERSE,True,True,1,214263
REPLICATION,2,a,ACQUIRE_DECISION_RELEVANT_EVIDENCE_BUDGET_NOT_RULED_OUT_BY_CONVERSE,D10,,,39.70020820445307,a,ACQUIRE_DECISION_RELEVANT_EVIDENCE_BUDGET_NOT_RULED_OUT_BY_CONVERSE,True,True,1,214264
REPLICATION,2,z,ACQUIRE_DECISION_RELEVANT_EVIDENCE_BUDGET_NOT_RULED_OUT_BY_CONVERSE,D10,,,35.49073831784164,z,ACQUIRE_DECISION_RELEVANT_EVIDENCE_BUDGET_NOT_RULED_OUT_BY_CONVERSE,True,True,1,214265
REPLICATION,2,z,ACQUIRE_DECISION_RELEVANT_EVIDENCE_BUDGET_NOT_RULED_OUT_BY_CONVERSE,D10,,,38.8615693248565,z,ACQUIRE_DECISION_RELEVANT_EVIDENCE_BUDGET_NOT_RULED_OUT_BY_CONVERSE,True,True,1,214266
REPLICATION,2,z,ACQUIRE_DECISION_RELEVANT_EVIDENCE_BUDGET_NOT_RULED_OUT_BY_CONVERSE,D10,,,35.29737853669901,z,ACQUIRE_DECISION_RELEVANT_EVIDENCE_BUDGET_NOT_RULED_OUT_BY_CONVERSE,True,True,1,214267
REPLICATION,2,z,ACQUIRE_DECISION_RELEVANT_EVIDENCE_BUDGET_NOT_RULED_OUT_BY_CONVERSE,D10,,,34.818493802358425,z,ACQUIRE_DECISION_RELEVANT_EVIDENCE_BUDGET_NOT_RULED_OUT_BY_CONVERSE,True,True,1,214268
REPLICATION,2,z,ACQUIRE_DECISION_RELEVANT_EVIDENCE_BUDGET_NOT_RULED_OUT_BY_CONVERSE,D10,,,36.204515815696475,z,ACQUIRE_DECISION_RELEVANT_EVIDENCE_BUDGET_NOT_RULED_OUT_BY_CONVERSE,True,True,1,214269
REPLICATION,2,z,ACQUIRE_DECISION_RELEVANT_EVIDENCE_BUDGET_NOT_RULED_OUT_BY_CONVERSE,D10,,,34.89175647431741,z,ACQUIRE_DECISION_RELEVANT_EVIDENCE_BUDGET_NOT_RULED_OUT_BY_CONVERSE,True,True,1,214270
REPLICATION,2,a,ACQUIRE_DECISION_RELEVANT_EVIDENCE_BUDGET_NOT_RULED_OUT_BY_CONVERSE,D10,,,37.54067712096498,a,ACQUIRE_DECISION_RELEVANT_EVIDENCE_BUDGET_NOT_RULED_OUT_BY_CONVERSE,True,True,1,214271
REPLICATION,2,z,ACQUIRE_DECISION_RELEVANT_EVIDENCE_BUDGET_NOT_RULED_OUT_BY_CONVERSE,D10,,,34.93194883767944,z,ACQUIRE_DECISION_RELEVANT_EVIDENCE_BUDGET_NOT_RULED_OUT_BY_CONVERSE,True,True,1,214272
REPLICATION,2,a,ACQUIRE_DECISION_RELEVANT_EVIDENCE_BUDGET_NOT_RULED_OUT_BY_CONVERSE,D10,,,38.72333814589739,a,ACQUIRE_DECISION_RELEVANT_EVIDENCE_BUDGET_NOT_RULED_OUT_BY_CONVERSE,True,True,1,214273
REPLICATION,2,a,ACQUIRE_DECISION_RELEVANT_EVIDENCE_BUDGET_NOT_RULED_OUT_BY_CONVERSE,D10,,,37.35115554584842,a,ACQUIRE_DECISION_RELEVANT_EVIDENCE_BUDGET_NOT_RULED_OUT_BY_CONVERSE,True,True,1,214274
REPLICATION,2,z,ACQUIRE_DECISION_RELEVANT_EVIDENCE_BUDGET_NOT_RULED_OUT_BY_CONVERSE,D10,,,37.702715769368396,z,ACQUIRE_DECISION_RELEVANT_EVIDENCE_BUDGET_NOT_RULED_OUT_BY_CONVERSE,True,True,1,214275
REPLICATION,2,z,ACQUIRE_DECISION_RELEVANT_EVIDENCE_BUDGET_NOT_RULED_OUT_BY_CONVERSE,D10,,,36.87321934702243,z,ACQUIRE_DECISION_RELEVANT_EVIDENCE_BUDGET_NOT_RULED_OUT_BY_CONVERSE,True,True,1,214276
REPLICATION,2,z,ACQUIRE_DECISION_RELEVANT_EVIDENCE_BUDGET_NOT_RULED_OUT_BY_CONVERSE,D10,,,39.90443846604333,z,ACQUIRE_DECISION_RELEVANT_EVIDENCE_BUDGET_NOT_RULED_OUT_BY_CONVERSE,True,True,1,214277
REPLICATION,2,a,ACQUIRE_DECISION_RELEVANT_EVIDENCE_BUDGET_NOT_RULED_OUT_BY_CONVERSE,D10,,,37.882465923729335,a,ACQUIRE_DECISION_RELEVANT_EVIDENCE_BUDGET_NOT_RULED_OUT_BY_CONVERSE,True,True,1,214278
REPLICATION,2,z,ACQUIRE_DECISION_RELEVANT_EVIDENCE_BUDGET_NOT_RULED_OUT_BY_CONVERSE,D10,,,39.482373730753025,z,ACQUIRE_DECISION_RELEVANT_EVIDENCE_BUDGET_NOT_RULED_OUT_BY_CONVERSE,True,True,1,214279
REPLICATION,2,z,ACQUIRE_DECISION_RELEVANT_EVIDENCE_BUDGET_NOT_RULED_OUT_BY_CONVERSE,D10,,,39.55212088556229,z,ACQUIRE_DECISION_RELEVANT_EVIDENCE_BUDGET_NOT_RULED_OUT_BY_CONVERSE,True,True,1,214280
REPLICATION,2,a,ACQUIRE_DECISION_RELEVANT_EVIDENCE_BUDGET_NOT_RULED_OUT_BY_CONVERSE,D10,,,37.67253933638134,a,ACQUIRE_DECISION_RELEVANT_EVIDENCE_BUDGET_NOT_RULED_OUT_BY_CONVERSE,True,True,1,214281
REPLICATION,2,z,ACQUIRE_DECISION_RELEVANT_EVIDENCE_BUDGET_NOT_RULED_OUT_BY_CONVERSE,D10,,,38.729988003065806,z,ACQUIRE_DECISION_RELEVANT_EVIDENCE_BUDGET_NOT_RULED_OUT_BY_CONVERSE,True,True,1,214282
REPLICATION,2,z,ACQUIRE_DECISION_RELEVANT_EVIDENCE_BUDGET_NOT_RULED_OUT_BY_CONVERSE,D10,,,37.031868201054934,z,ACQUIRE_DECISION_RELEVANT_EVIDENCE_BUDGET_NOT_RULED_OUT_BY_CONVERSE,True,True,1,214283
REPLICATION,2,z,ACQUIRE_DECISION_RELEVANT_EVIDENCE_BUDGET_NOT_RULED_OUT_BY_CONVERSE,D10,,,38.39110217234915,z,ACQUIRE_DECISION_RELEVANT_EVIDENCE_BUDGET_NOT_RULED_OUT_BY_CONVERSE,True,True,1,214284
REPLICATION,2,z,ACQUIRE_DECISION_RELEVANT_EVIDENCE_BUDGET_NOT_RULED_OUT_BY_CONVERSE,D10,,,38.4200454867255,z,ACQUIRE_DECISION_RELEVANT_EVIDENCE_BUDGET_NOT_RULED_OUT_BY_CONVERSE,True,True,1,214285
REPLICATION,2,z,ACQUIRE_DECISION_RELEVANT_EVIDENCE_BUDGET_NOT_RULED_OUT_BY_CONVERSE,D10,,,39.91883806388548,z,ACQUIRE_DECISION_RELEVANT_EVIDENCE_BUDGET_NOT_RULED_OUT_BY_CONVERSE,True,True,1,214286
REPLICATION,2,a,ACQUIRE_DECISION_RELEVANT_EVIDENCE_BUDGET_NOT_RULED_OUT_BY_CONVERSE,D10,,,39.39078023040443,a,ACQUIRE_DECISION_RELEVANT_EVIDENCE_BUDGET_NOT_RULED_OUT_BY_CONVERSE,True,True,1,214287
REPLICATION,2,z,ACQUIRE_DECISION_RELEVANT_EVIDENCE_BUDGET_NOT_RULED_OUT_BY_CONVERSE,D10,,,35.36505603351504,z,ACQUIRE_DECISION_RELEVANT_EVIDENCE_BUDGET_NOT_RULED_OUT_BY_CONVERSE,True,True,1,214288
REPLICATION,2,z,ACQUIRE_DECISION_RELEVANT_EVIDENCE_BUDGET_NOT_RULED_OUT_BY_CONVERSE,D10,,,38.46078810672645,z,ACQUIRE_DECISION_RELEVANT_EVIDENCE_BUDGET_NOT_RULED_OUT_BY_CONVERSE,True,True,1,214289
REPLICATION,2,a,ACQUIRE_DECISION_RELEVANT_EVIDENCE_BUDGET_NOT_RULED_OUT_BY_CONVERSE,D10,,,37.37905409998537,a,ACQUIRE_DECISION_RELEVANT_EVIDENCE_BUDGET_NOT_RULED_OUT_BY_CONVERSE,True,True,1,214290
REPLICATION,2,z,ACQUIRE_DECISION_RELEVANT_EVIDENCE_BUDGET_NOT_RULED_OUT_BY_CONVERSE,D10,,,35.65253755870841,z,ACQUIRE_DECISION_RELEVANT_EVIDENCE_BUDGET_NOT_RULED_OUT_BY_CONVERSE,True,True,1,214291
REPLICATION,2,a,ACQUIRE_DECISION_RELEVANT_EVIDENCE_BUDGET_NOT_RULED_OUT_BY_CONVERSE,D10,,,39.49627168427429,a,ACQUIRE_DECISION_RELEVANT_EVIDENCE_BUDGET_NOT_RULED_OUT_BY_CONVERSE,True,True,1,214292
REPLICATION,2,a,ACQUIRE_DECISION_RELEVANT_EVIDENCE_BUDGET_NOT_RULED_OUT_BY_CONVERSE,D10,,,40.39062380328023,a,ACQUIRE_DECISION_RELEVANT_EVIDENCE_BUDGET_NOT_RULED_OUT_BY_CONVERSE,True,True,1,214293
REPLICATION,2,z,ACQUIRE_DECISION_RELEVANT_EVIDENCE_BUDGET_NOT_RULED_OUT_BY_CONVERSE,D10,,,35.53726376198959,z,ACQUIRE_DECISION_RELEVANT_EVIDENCE_BUDGET_NOT_RULED_OUT_BY_CONVERSE,True,True,1,214294
REPLICATION,2,z,ACQUIRE_DECISION_RELEVANT_EVIDENCE_BUDGET_NOT_RULED_OUT_BY_CONVERSE,D10,,,39.21847167389943,z,ACQUIRE_DECISION_RELEVANT_EVIDENCE_BUDGET_NOT_RULED_OUT_BY_CONVERSE,True,True,1,214295
REPLICATION,2,z,ACQUIRE_DECISION_RELEVANT_EVIDENCE_BUDGET_NOT_RULED_OUT_BY_CONVERSE,D10,,,34.96420215697408,z,ACQUIRE_DECISION_RELEVANT_EVIDENCE_BUDGET_NOT_RULED_OUT_BY_CONVERSE,True,True,1,214296
REPLICATION,2,a,ACQUIRE_DECISION_RELEVANT_EVIDENCE_BUDGET_NOT_RULED_OUT_BY_CONVERSE,D10,,,37.64696694460677,a,ACQUIRE_DECISION_RELEVANT_EVIDENCE_BUDGET_NOT_RULED_OUT_BY_CONVERSE,True,True,1,214297
REPLICATION,2,a,ACQUIRE_DECISION_RELEVANT_EVIDENCE_BUDGET_NOT_RULED_OUT_BY_CONVERSE,D10,,,39.873810700673495,a,ACQUIRE_DECISION_RELEVANT_EVIDENCE_BUDGET_NOT_RULED_OUT_BY_CONVERSE,True,True,1,214298
REPLICATION,2,a,ACQUIRE_DECISION_RELEVANT_EVIDENCE_BUDGET_NOT_RULED_OUT_BY_CONVERSE,D10,,,38.7682782544667,a,ACQUIRE_DECISION_RELEVANT_EVIDENCE_BUDGET_NOT_RULED_OUT_BY_CONVERSE,True,True,1,214299
REPLICATION,2,z,ACQUIRE_DECISION_RELEVANT_EVIDENCE_BUDGET_NOT_RULED_OUT_BY_CONVERSE,D10,,,35.64630873894191,z,ACQUIRE_DECISION_RELEVANT_EVIDENCE_BUDGET_NOT_RULED_OUT_BY_CONVERSE,True,True,1,214300
REPLICATION,2,a,ACQUIRE_DECISION_RELEVANT_EVIDENCE_BUDGET_NOT_RULED_OUT_BY_CONVERSE,D10,,,35.285020907997854,a,ACQUIRE_DECISION_RELEVANT_EVIDENCE_BUDGET_NOT_RULED_OUT_BY_CONVERSE,True,True,1,214301
REPLICATION,2,z,ACQUIRE_DECISION_RELEVANT_EVIDENCE_BUDGET_NOT_RULED_OUT_BY_CONVERSE,D10,,,35.30143440876531,z,ACQUIRE_DECISION_RELEVANT_EVIDENCE_BUDGET_NOT_RULED_OUT_BY_CONVERSE,True,True,1,214302
REPLICATION,2,z,ACQUIRE_DECISION_RELEVANT_EVIDENCE_BUDGET_NOT_RULED_OUT_BY_CONVERSE,D10,,,36.54873686860328,z,ACQUIRE_DECISION_RELEVANT_EVIDENCE_BUDGET_NOT_RULED_OUT_BY_CONVERSE,True,True,1,214303
REPLICATION,2,z,ACQUIRE_DECISION_RELEVANT_EVIDENCE_BUDGET_NOT_RULED_OUT_BY_CONVERSE,D10,,,39.54780059512956,z,ACQUIRE_DECISION_RELEVANT_EVIDENCE_BUDGET_NOT_RULED_OUT_BY_CONVERSE,True,True,1,214304
REPLICATION,2,z,ACQUIRE_DECISION_RELEVANT_EVIDENCE_BUDGET_NOT_RULED_OUT_BY_CONVERSE,D10,,,34.91634111757836,z,ACQUIRE_DECISION_RELEVANT_EVIDENCE_BUDGET_NOT_RULED_OUT_BY_CONVERSE,True,True,1,214305
REPLICATION,2,z,ACQUIRE_DECISION_RELEVANT_EVIDENCE_BUDGET_NOT_RULED_OUT_BY_CONVERSE,D10,,,36.64659676293361,z,ACQUIRE_DECISION_RELEVANT_EVIDENCE_BUDGET_NOT_RULED_OUT_BY_CONVERSE,True,True,1,214306
REPLICATION,2,z,ACQUIRE_DECISION_RELEVANT_EVIDENCE_BUDGET_NOT_RULED_OUT_BY_CONVERSE,D10,,,35.76639823558226,z,ACQUIRE_DECISION_RELEVANT_EVIDENCE_BUDGET_NOT_RULED_OUT_BY_CONVERSE,True,True,1,214307
REPLICATION,2,z,ACQUIRE_DECISION_RELEVANT_EVIDENCE_BUDGET_NOT_RULED_OUT_BY_CONVERSE,D10,,,37.90026804413426,z,ACQUIRE_DECISION_RELEVANT_EVIDENCE_BUDGET_NOT_RULED_OUT_BY_CONVERSE,True,True,1,214308
REPLICATION,2,a,ACQUIRE_DECISION_RELEVANT_EVIDENCE_BUDGET_NOT_RULED_OUT_BY_CONVERSE,D10,,,37.952813083587905,a,ACQUIRE_DECISION_RELEVANT_EVIDENCE_BUDGET_NOT_RULED_OUT_BY_CONVERSE,True,True,1,214309
REPLICATION,2,a,ACQUIRE_DECISION_RELEVANT_EVIDENCE_BUDGET_NOT_RULED_OUT_BY_CONVERSE,D10,,,35.99360557116589,a,ACQUIRE_DECISION_RELEVANT_EVIDENCE_BUDGET_NOT_RULED_OUT_BY_CONVERSE,True,True,1,214310
REPLICATION,2,z,ACQUIRE_DECISION_RELEVANT_EVIDENCE_BUDGET_NOT_RULED_OUT_BY_CONVERSE,D10,,,35.44830591492664,z,ACQUIRE_DECISION_RELEVANT_EVIDENCE_BUDGET_NOT_RULED_OUT_BY_CONVERSE,True,True,1,214311
REPLICATION,2,z,ACQUIRE_DECISION_RELEVANT_EVIDENCE_BUDGET_NOT_RULED_OUT_BY_CONVERSE,D10,,,37.68630085734433,z,ACQUIRE_DECISION_RELEVANT_EVIDENCE_BUDGET_NOT_RULED_OUT_BY_CONVERSE,True,True,1,214312
REPLICATION,2,z,ACQUIRE_DECISION_RELEVANT_EVIDENCE_BUDGET_NOT_RULED_OUT_BY_CONVERSE,D10,,,35.163038145528624,z,ACQUIRE_DECISION_RELEVANT_EVIDENCE_BUDGET_NOT_RULED_OUT_BY_CONVERSE,True,True,1,214313
REPLICATION,2,z,ACQUIRE_DECISION_RELEVANT_EVIDENCE_BUDGET_NOT_RULED_OUT_BY_CONVERSE,D10,,,37.94416161236246,z,ACQUIRE_DECISION_RELEVANT_EVIDENCE_BUDGET_NOT_RULED_OUT_BY_CONVERSE,True,True,1,214314
REPLICATION,2,a,ACQUIRE_DECISION_RELEVANT_EVIDENCE_BUDGET_NOT_RULED_OUT_BY_CONVERSE,D10,,,36.625390451267805,a,ACQUIRE_DECISION_RELEVANT_EVIDENCE_BUDGET_NOT_RULED_OUT_BY_CONVERSE,True,True,1,214315
REPLICATION,2,z,ACQUIRE_DECISION_RELEVANT_EVIDENCE_BUDGET_NOT_RULED_OUT_BY_CONVERSE,D10,,,37.07017760828397,z,ACQUIRE_DECISION_RELEVANT_EVIDENCE_BUDGET_NOT_RULED_OUT_BY_CONVERSE,True,True,1,214316
REPLICATION,2,z,ACQUIRE_DECISION_RELEVANT_EVIDENCE_BUDGET_NOT_RULED_OUT_BY_CONVERSE,D10,,,41.59690427868383,z,ACQUIRE_DECISION_RELEVANT_EVIDENCE_BUDGET_NOT_RULED_OUT_BY_CONVERSE,True,True,1,214317
REPLICATION,2,a,ACQUIRE_DECISION_RELEVANT_EVIDENCE_BUDGET_NOT_RULED_OUT_BY_CONVERSE,D10,,,40.571967742892554,a,ACQUIRE_DECISION_RELEVANT_EVIDENCE_BUDGET_NOT_RULED_OUT_BY_CONVERSE,True,True,1,214318
REPLICATION,2,z,ACQUIRE_DECISION_RELEVANT_EVIDENCE_BUDGET_NOT_RULED_OUT_BY_CONVERSE,D10,,,38.82399733282006,z,ACQUIRE_DECISION_RELEVANT_EVIDENCE_BUDGET_NOT_RULED_OUT_BY_CONVERSE,True,True,1,214319
REPLICATION,2,z,ACQUIRE_DECISION_RELEVANT_EVIDENCE_BUDGET_NOT_RULED_OUT_BY_CONVERSE,D10,,,35.59438727404529,z,ACQUIRE_DECISION_RELEVANT_EVIDENCE_BUDGET_NOT_RULED_OUT_BY_CONVERSE,True,True,1,214320
REPLICATION,2,z,ACQUIRE_DECISION_RELEVANT_EVIDENCE_BUDGET_NOT_RULED_OUT_BY_CONVERSE,D10,,,35.79016998422186,z,ACQUIRE_DECISION_RELEVANT_EVIDENCE_BUDGET_NOT_RULED_OUT_BY_CONVERSE,True,True,1,214321
REPLICATION,2,a,ACQUIRE_DECISION_RELEVANT_EVIDENCE_BUDGET_NOT_RULED_OUT_BY_CONVERSE,D10,,,36.165938124070074,a,ACQUIRE_DECISION_RELEVANT_EVIDENCE_BUDGET_NOT_RULED_OUT_BY_CONVERSE,True,True,1,214322
REPLICATION,2,a,ACQUIRE_DECISION_RELEVANT_EVIDENCE_BUDGET_NOT_RULED_OUT_BY_CONVERSE,D10,,,36.79283232173652,a,ACQUIRE_DECISION_RELEVANT_EVIDENCE_BUDGET_NOT_RULED_OUT_BY_CONVERSE,True,True,1,214323
REPLICATION,2,a,ACQUIRE_DECISION_RELEVANT_EVIDENCE_BUDGET_NOT_RULED_OUT_BY_CONVERSE,D10,,,38.60351309711316,a,ACQUIRE_DECISION_RELEVANT_EVIDENCE_BUDGET_NOT_RULED_OUT_BY_CONVERSE,True,True,1,214324
REPLICATION,2,z,ACQUIRE_DECISION_RELEVANT_EVIDENCE_BUDGET_NOT_RULED_OUT_BY_CONVERSE,D10,,,40.43758656771799,z,ACQUIRE_DECISION_RELEVANT_EVIDENCE_BUDGET_NOT_RULED_OUT_BY_CONVERSE,True,True,1,214325
REPLICATION,2,z,ACQUIRE_DECISION_RELEVANT_EVIDENCE_BUDGET_NOT_RULED_OUT_BY_CONVERSE,D10,,,40.015165908236014,z,ACQUIRE_DECISION_RELEVANT_EVIDENCE_BUDGET_NOT_RULED_OUT_BY_CONVERSE,True,True,1,214326
REPLICATION,2,a,ACQUIRE_DECISION_RELEVANT_EVIDENCE_BUDGET_NOT_RULED_OUT_BY_CONVERSE,D10,,,38.669616833525254,a,ACQUIRE_DECISION_RELEVANT_EVIDENCE_BUDGET_NOT_RULED_OUT_BY_CONVERSE,True,True,1,214327
REPLICATION,2,a,ACQUIRE_DECISION_RELEVANT_EVIDENCE_BUDGET_NOT_RULED_OUT_BY_CONVERSE,D10,,,40.2931239912562,a,ACQUIRE_DECISION_RELEVANT_EVIDENCE_BUDGET_NOT_RULED_OUT_BY_CONVERSE,True,True,1,214328
REPLICATION,1,q,ACQUIRE_DECISION_RELEVANT_EVIDENCE_BUDGET_NOT_RULED_OUT_BY_CONVERSE,D11,222.12869784851696,ACQUIRE_EVIDENCE_BUDGET_NOT_RULED_OUT_BY_CONVERSE,16.05239593727008,q,ACQUIRE_DECISION_RELEVANT_EVIDENCE_BUDGET_NOT_RULED_OUT_BY_CONVERSE,True,,1,215201
REPLICATION,1,q,ACQUIRE_DECISION_RELEVANT_EVIDENCE_BUDGET_NOT_RULED_OUT_BY_CONVERSE,D11,152.21733169419875,ACQUIRE_EVIDENCE_BUDGET_NOT_RULED_OUT_BY_CONVERSE,19.77431832722049,q,ACQUIRE_DECISION_RELEVANT_EVIDENCE_BUDGET_NOT_RULED_OUT_BY_CONVERSE,True,,1,215202
REPLICATION,1,q,ACQUIRE_DECISION_RELEVANT_EVIDENCE_BUDGET_NOT_RULED_OUT_BY_CONVERSE,D11,156.98131613175528,ACQUIRE_EVIDENCE_BUDGET_NOT_RULED_OUT_BY_CONVERSE,15.418983787275726,q,ACQUIRE_DECISION_RELEVANT_EVIDENCE_BUDGET_NOT_RULED_OUT_BY_CONVERSE,True,,1,215203
REPLICATION,1,q,ACQUIRE_DECISION_RELEVANT_EVIDENCE_BUDGET_NOT_RULED_OUT_BY_CONVERSE,D11,267.2749828893047,ACQUIRE_EVIDENCE_BUDGET_NOT_RULED_OUT_BY_CONVERSE,19.1431461505174,q,ACQUIRE_DECISION_RELEVANT_EVIDENCE_BUDGET_NOT_RULED_OUT_BY_CONVERSE,True,,1,215204
REPLICATION,1,q,ACQUIRE_DECISION_RELEVANT_EVIDENCE_BUDGET_NOT_RULED_OUT_BY_CONVERSE,D11,151.55038112505633,ACQUIRE_EVIDENCE_BUDGET_NOT_RULED_OUT_BY_CONVERSE,15.941767099331743,q,ACQUIRE_DECISION_RELEVANT_EVIDENCE_BUDGET_NOT_RULED_OUT_BY_CONVERSE,True,,1,215205
REPLICATION,1,q,ACQUIRE_DECISION_RELEVANT_EVIDENCE_BUDGET_NOT_RULED_OUT_BY_CONVERSE,D11,167.23031991906356,ACQUIRE_EVIDENCE_BUDGET_NOT_RULED_OUT_BY_CONVERSE,19.139608721775403,q,ACQUIRE_DECISION_RELEVANT_EVIDENCE_BUDGET_NOT_RULED_OUT_BY_CONVERSE,True,,1,215206
REPLICATION,1,q,ACQUIRE_DECISION_RELEVANT_EVIDENCE_BUDGET_NOT_RULED_OUT_BY_CONVERSE,D11,167.78461092618812,ACQUIRE_EVIDENCE_BUDGET_NOT_RULED_OUT_BY_CONVERSE,22.604645208798836,q,ACQUIRE_DECISION_RELEVANT_EVIDENCE_BUDGET_NOT_RULED_OUT_BY_CONVERSE,True,,1,215207
REPLICATION,1,q,ACQUIRE_DECISION_RELEVANT_EVIDENCE_BUDGET_NOT_RULED_OUT_BY_CONVERSE,D11,181.2143366955106,ACQUIRE_EVIDENCE_BUDGET_NOT_RULED_OUT_BY_CONVERSE,23.14215917874861,q,ACQUIRE_DECISION_RELEVANT_EVIDENCE_BUDGET_NOT_RULED_OUT_BY_CONVERSE,True,,1,215208
REPLICATION,1,q,ACQUIRE_DECISION_RELEVANT_EVIDENCE_BUDGET_NOT_RULED_OUT_BY_CONVERSE,D11,175.15218521454156,ACQUIRE_EVIDENCE_BUDGET_NOT_RULED_OUT_BY_CONVERSE,19.791354494153794,q,ACQUIRE_DECISION_RELEVANT_EVIDENCE_BUDGET_NOT_RULED_OUT_BY_CONVERSE,True,,1,215209
REPLICATION,1,q,ACQUIRE_DECISION_RELEVANT_EVIDENCE_BUDGET_NOT_RULED_OUT_BY_CONVERSE,D11,139.5370873080057,ACQUIRE_EVIDENCE_BUDGET_NOT_RULED_OUT_BY_CONVERSE,15.816022112896018,q,ACQUIRE_DECISION_RELEVANT_EVIDENCE_BUDGET_NOT_RULED_OUT_BY_CONVERSE,True,,1,215210
REPLICATION,1,q,ACQUIRE_DECISION_RELEVANT_EVIDENCE_BUDGET_NOT_RULED_OUT_BY_CONVERSE,D11,143.3628675177495,ACQUIRE_EVIDENCE_BUDGET_NOT_RULED_OUT_BY_CONVERSE,16.468449934656654,q,ACQUIRE_DECISION_RELEVANT_EVIDENCE_BUDGET_NOT_RULED_OUT_BY_CONVERSE,True,,1,215211
REPLICATION,1,q,ACQUIRE_DECISION_RELEVANT_EVIDENCE_BUDGET_NOT_RULED_OUT_BY_CONVERSE,D11,145.7335777106025,ACQUIRE_EVIDENCE_BUDGET_NOT_RULED_OUT_BY_CONVERSE,20.356479546210867,q,ACQUIRE_DECISION_RELEVANT_EVIDENCE_BUDGET_NOT_RULED_OUT_BY_CONVERSE,True,,1,215212
REPLICATION,1,q,ACQUIRE_DECISION_RELEVANT_EVIDENCE_BUDGET_NOT_RULED_OUT_BY_CONVERSE,D11,232.68450900891716,ACQUIRE_EVIDENCE_BUDGET_NOT_RULED_OUT_BY_CONVERSE,16.75202509316588,q,ACQUIRE_DECISION_RELEVANT_EVIDENCE_BUDGET_NOT_RULED_OUT_BY_CONVERSE,True,,1,215213
REPLICATION,1,q,ACQUIRE_DECISION_RELEVANT_EVIDENCE_BUDGET_NOT_RULED_OUT_BY_CONVERSE,D11,261.9671287024831,ACQUIRE_EVIDENCE_BUDGET_NOT_RULED_OUT_BY_CONVERSE,16.802838247932975,q,ACQUIRE_DECISION_RELEVANT_EVIDENCE_BUDGET_NOT_RULED_OUT_BY_CONVERSE,True,,1,215214
REPLICATION,1,q,ACQUIRE_DECISION_RELEVANT_EVIDENCE_BUDGET_NOT_RULED_OUT_BY_CONVERSE,D11,178.65927186104264,ACQUIRE_EVIDENCE_BUDGET_NOT_RULED_OUT_BY_CONVERSE,15.886695659831327,q,ACQUIRE_DECISION_RELEVANT_EVIDENCE_BUDGET_NOT_RULED_OUT_BY_CONVERSE,True,,1,215215
REPLICATION,1,q,ACQUIRE_DECISION_RELEVANT_EVIDENCE_BUDGET_NOT_RULED_OUT_BY_CONVERSE,D11,183.52259036271698,ACQUIRE_EVIDENCE_BUDGET_NOT_RULED_OUT_BY_CONVERSE,21.57826143307182,q,ACQUIRE_DECISION_RELEVANT_EVIDENCE_BUDGET_NOT_RULED_OUT_BY_CONVERSE,True,,1,215216
REPLICATION,1,q,ACQUIRE_DECISION_RELEVANT_EVIDENCE_BUDGET_NOT_RULED_OUT_BY_CONVERSE,D11,249.66611472637288,ACQUIRE_EVIDENCE_BUDGET_NOT_RULED_OUT_BY_CONVERSE,22.437560320187416,q,ACQUIRE_DECISION_RELEVANT_EVIDENCE_BUDGET_NOT_RULED_OUT_BY_CONVERSE,True,,1,215217
REPLICATION,1,q,ACQUIRE_DECISION_RELEVANT_EVIDENCE_BUDGET_NOT_RULED_OUT_BY_CONVERSE,D11,246.91785398822884,ACQUIRE_EVIDENCE_BUDGET_NOT_RULED_OUT_BY_CONVERSE,15.96065110120108,q,ACQUIRE_DECISION_RELEVANT_EVIDENCE_BUDGET_NOT_RULED_OUT_BY_CONVERSE,True,,1,215218
REPLICATION,1,q,ACQUIRE_DECISION_RELEVANT_EVIDENCE_BUDGET_NOT_RULED_OUT_BY_CONVERSE,D11,168.42678161472162,ACQUIRE_EVIDENCE_BUDGET_NOT_RULED_OUT_BY_CONVERSE,17.996053940845098,q,ACQUIRE_DECISION_RELEVANT_EVIDENCE_BUDGET_NOT_RULED_OUT_BY_CONVERSE,True,,1,215219
REPLICATION,1,q,ACQUIRE_DECISION_RELEVANT_EVIDENCE_BUDGET_NOT_RULED_OUT_BY_CONVERSE,D11,187.25528133434386,ACQUIRE_EVIDENCE_BUDGET_NOT_RULED_OUT_BY_CONVERSE,17.84796181434299,q,ACQUIRE_DECISION_RELEVANT_EVIDENCE_BUDGET_NOT_RULED_OUT_BY_CONVERSE,True,,1,215220
REPLICATION,1,q,ACQUIRE_DECISION_RELEVANT_EVIDENCE_BUDGET_NOT_RULED_OUT_BY_CONVERSE,D11,230.46043024414539,ACQUIRE_EVIDENCE_BUDGET_NOT_RULED_OUT_BY_CONVERSE,21.536101783342485,q,ACQUIRE_DECISION_RELEVANT_EVIDENCE_BUDGET_NOT_RULED_OUT_BY_CONVERSE,True,,1,215221
REPLICATION,1,q,ACQUIRE_DECISION_RELEVANT_EVIDENCE_BUDGET_NOT_RULED_OUT_BY_CONVERSE,D11,179.35861913303995,ACQUIRE_EVIDENCE_BUDGET_NOT_RULED_OUT_BY_CONVERSE,17.672194760327713,q,ACQUIRE_DECISION_RELEVANT_EVIDENCE_BUDGET_NOT_RULED_OUT_BY_CONVERSE,True,,1,215222
REPLICATION,1,q,ACQUIRE_DECISION_RELEVANT_EVIDENCE_BUDGET_NOT_RULED_OUT_BY_CONVERSE,D11,173.43632716579276,ACQUIRE_EVIDENCE_BUDGET_NOT_RULED_OUT_BY_CONVERSE,19.47065622893255,q,ACQUIRE_DECISION_RELEVANT_EVIDENCE_BUDGET_NOT_RULED_OUT_BY_CONVERSE,True,,1,215223
REPLICATION,1,q,ACQUIRE_DECISION_RELEVANT_EVIDENCE_BUDGET_NOT_RULED_OUT_BY_CONVERSE,D11,145.30163772645864,ACQUIRE_EVIDENCE_BUDGET_NOT_RULED_OUT_BY_CONVERSE,15.45429409248186,q,ACQUIRE_DECISION_RELEVANT_EVIDENCE_BUDGET_NOT_RULED_OUT_BY_CONVERSE,True,,1,215224
REPLICATION,1,q,ACQUIRE_DECISION_RELEVANT_EVIDENCE_BUDGET_NOT_RULED_OUT_BY_CONVERSE,D11,229.897564181138,ACQUIRE_EVIDENCE_BUDGET_NOT_RULED_OUT_BY_CONVERSE,21.433417983460032,q,ACQUIRE_DECISION_RELEVANT_EVIDENCE_BUDGET_NOT_RULED_OUT_BY_CONVERSE,True,,1,215225
REPLICATION,1,q,ACQUIRE_DECISION_RELEVANT_EVIDENCE_BUDGET_NOT_RULED_OUT_BY_CONVERSE,D11,163.2484592886056,ACQUIRE_EVIDENCE_BUDGET_NOT_RULED_OUT_BY_CONVERSE,16.101460459399405,q,ACQUIRE_DECISION_RELEVANT_EVIDENCE_BUDGET_NOT_RULED_OUT_BY_CONVERSE,True,,1,215226
REPLICATION,1,q,ACQUIRE_DECISION_RELEVANT_EVIDENCE_BUDGET_NOT_RULED_OUT_BY_CONVERSE,D11,240.5784817040284,ACQUIRE_EVIDENCE_BUDGET_NOT_RULED_OUT_BY_CONVERSE,21.094510221026855,q,ACQUIRE_DECISION_RELEVANT_EVIDENCE_BUDGET_NOT_RULED_OUT_BY_CONVERSE,True,,1,215227
REPLICATION,1,q,ACQUIRE_DECISION_RELEVANT_EVIDENCE_BUDGET_NOT_RULED_OUT_BY_CONVERSE,D11,225.9636964750811,ACQUIRE_EVIDENCE_BUDGET_NOT_RULED_OUT_BY_CONVERSE,17.182599560116138,q,ACQUIRE_DECISION_RELEVANT_EVIDENCE_BUDGET_NOT_RULED_OUT_BY_CONVERSE,True,,1,215228
REPLICATION,1,q,ACQUIRE_DECISION_RELEVANT_EVIDENCE_BUDGET_NOT_RULED_OUT_BY_CONVERSE,D11,197.4110760358424,ACQUIRE_EVIDENCE_BUDGET_NOT_RULED_OUT_BY_CONVERSE,20.355952559553405,q,ACQUIRE_DECISION_RELEVANT_EVIDENCE_BUDGET_NOT_RULED_OUT_BY_CONVERSE,True,,1,215229
REPLICATION,1,q,ACQUIRE_DECISION_RELEVANT_EVIDENCE_BUDGET_NOT_RULED_OUT_BY_CONVERSE,D11,233.37623901860988,ACQUIRE_EVIDENCE_BUDGET_NOT_RULED_OUT_BY_CONVERSE,15.211161747664159,q,ACQUIRE_DECISION_RELEVANT_EVIDENCE_BUDGET_NOT_RULED_OUT_BY_CONVERSE,True,,1,215230
REPLICATION,1,q,ACQUIRE_DECISION_RELEVANT_EVIDENCE_BUDGET_NOT_RULED_OUT_BY_CONVERSE,D11,264.61102683160505,ACQUIRE_EVIDENCE_BUDGET_NOT_RULED_OUT_BY_CONVERSE,21.815547416907314,q,ACQUIRE_DECISION_RELEVANT_EVIDENCE_BUDGET_NOT_RULED_OUT_BY_CONVERSE,True,,1,215231
REPLICATION,1,q,ACQUIRE_DECISION_RELEVANT_EVIDENCE_BUDGET_NOT_RULED_OUT_BY_CONVERSE,D11,151.99614274951142,ACQUIRE_EVIDENCE_BUDGET_NOT_RULED_OUT_BY_CONVERSE,20.50899496082122,q,ACQUIRE_DECISION_RELEVANT_EVIDENCE_BUDGET_NOT_RULED_OUT_BY_CONVERSE,True,,1,215232
REPLICATION,1,q,ACQUIRE_DECISION_RELEVANT_EVIDENCE_BUDGET_NOT_RULED_OUT_BY_CONVERSE,D11,190.16489140106805,ACQUIRE_EVIDENCE_BUDGET_NOT_RULED_OUT_BY_CONVERSE,18.37017172210406,q,ACQUIRE_DECISION_RELEVANT_EVIDENCE_BUDGET_NOT_RULED_OUT_BY_CONVERSE,True,,1,215233
REPLICATION,1,q,ACQUIRE_DECISION_RELEVANT_EVIDENCE_BUDGET_NOT_RULED_OUT_BY_CONVERSE,D11,168.72958232078363,ACQUIRE_EVIDENCE_BUDGET_NOT_RULED_OUT_BY_CONVERSE,15.178255872949697,q,ACQUIRE_DECISION_RELEVANT_EVIDENCE_BUDGET_NOT_RULED_OUT_BY_CONVERSE,True,,1,215234
REPLICATION,1,q,ACQUIRE_DECISION_RELEVANT_EVIDENCE_BUDGET_NOT_RULED_OUT_BY_CONVERSE,D11,151.30854297855385,ACQUIRE_EVIDENCE_BUDGET_NOT_RULED_OUT_BY_CONVERSE,20.954816704934505,q,ACQUIRE_DECISION_RELEVANT_EVIDENCE_BUDGET_NOT_RULED_OUT_BY_CONVERSE,True,,1,215235
REPLICATION,1,q,ACQUIRE_DECISION_RELEVANT_EVIDENCE_BUDGET_NOT_RULED_OUT_BY_CONVERSE,D11,255.56270952977025,ACQUIRE_EVIDENCE_BUDGET_NOT_RULED_OUT_BY_CONVERSE,17.656819841202278,q,ACQUIRE_DECISION_RELEVANT_EVIDENCE_BUDGET_NOT_RULED_OUT_BY_CONVERSE,True,,1,215236
REPLICATION,1,q,ACQUIRE_DECISION_RELEVANT_EVIDENCE_BUDGET_NOT_RULED_OUT_BY_CONVERSE,D11,196.3202927847159,ACQUIRE_EVIDENCE_BUDGET_NOT_RULED_OUT_BY_CONVERSE,18.293613966212583,q,ACQUIRE_DECISION_RELEVANT_EVIDENCE_BUDGET_NOT_RULED_OUT_BY_CONVERSE,True,,1,215237
REPLICATION,1,q,ACQUIRE_DECISION_RELEVANT_EVIDENCE_BUDGET_NOT_RULED_OUT_BY_CONVERSE,D11,202.51924275966786,ACQUIRE_EVIDENCE_BUDGET_NOT_RULED_OUT_BY_CONVERSE,16.925156385004442,q,ACQUIRE_DECISION_RELEVANT_EVIDENCE_BUDGET_NOT_RULED_OUT_BY_CONVERSE,True,,1,215238
REPLICATION,1,q,ACQUIRE_DECISION_RELEVANT_EVIDENCE_BUDGET_NOT_RULED_OUT_BY_CONVERSE,D11,157.22600705449997,ACQUIRE_EVIDENCE_BUDGET_NOT_RULED_OUT_BY_CONVERSE,15.663848929974058,q,ACQUIRE_DECISION_RELEVANT_EVIDENCE_BUDGET_NOT_RULED_OUT_BY_CONVERSE,True,,1,215239
REPLICATION,1,q,ACQUIRE_DECISION_RELEVANT_EVIDENCE_BUDGET_NOT_RULED_OUT_BY_CONVERSE,D11,167.2215091892855,ACQUIRE_EVIDENCE_BUDGET_NOT_RULED_OUT_BY_CONVERSE,17.907460979006647,q,ACQUIRE_DECISION_RELEVANT_EVIDENCE_BUDGET_NOT_RULED_OUT_BY_CONVERSE,True,,1,215240
REPLICATION,1,q,ACQUIRE_DECISION_RELEVANT_EVIDENCE_BUDGET_NOT_RULED_OUT_BY_CONVERSE,D11,253.45442744032223,ACQUIRE_EVIDENCE_BUDGET_NOT_RULED_OUT_BY_CONVERSE,17.873081691757733,q,ACQUIRE_DECISION_RELEVANT_EVIDENCE_BUDGET_NOT_RULED_OUT_BY_CONVERSE,True,,1,215241
REPLICATION,1,q,ACQUIRE_DECISION_RELEVANT_EVIDENCE_BUDGET_NOT_RULED_OUT_BY_CONVERSE,D11,197.56024289243211,ACQUIRE_EVIDENCE_BUDGET_NOT_RULED_OUT_BY_CONVERSE,18.75217924091619,q,ACQUIRE_DECISION_RELEVANT_EVIDENCE_BUDGET_NOT_RULED_OUT_BY_CONVERSE,True,,1,215242
REPLICATION,1,q,ACQUIRE_DECISION_RELEVANT_EVIDENCE_BUDGET_NOT_RULED_OUT_BY_CONVERSE,D11,237.3539530813769,ACQUIRE_EVIDENCE_BUDGET_NOT_RULED_OUT_BY_CONVERSE,15.062824552363162,q,ACQUIRE_DECISION_RELEVANT_EVIDENCE_BUDGET_NOT_RULED_OUT_BY_CONVERSE,True,,1,215243
REPLICATION,1,q,ACQUIRE_DECISION_RELEVANT_EVIDENCE_BUDGET_NOT_RULED_OUT_BY_CONVERSE,D11,184.51516367872,ACQUIRE_EVIDENCE_BUDGET_NOT_RULED_OUT_BY_CONVERSE,18.21113515205295,q,ACQUIRE_DECISION_RELEVANT_EVIDENCE_BUDGET_NOT_RULED_OUT_BY_CONVERSE,True,,1,215244
REPLICATION,1,q,ACQUIRE_DECISION_RELEVANT_EVIDENCE_BUDGET_NOT_RULED_OUT_BY_CONVERSE,D11,140.2153800709602,ACQUIRE_EVIDENCE_BUDGET_NOT_RULED_OUT_BY_CONVERSE,18.410811210363534,q,ACQUIRE_DECISION_RELEVANT_EVIDENCE_BUDGET_NOT_RULED_OUT_BY_CONVERSE,True,,1,215245
REPLICATION,1,q,ACQUIRE_DECISION_RELEVANT_EVIDENCE_BUDGET_NOT_RULED_OUT_BY_CONVERSE,D11,175.26758218116777,ACQUIRE_EVIDENCE_BUDGET_NOT_RULED_OUT_BY_CONVERSE,14.990399996534034,q,ACQUIRE_DECISION_RELEVANT_EVIDENCE_BUDGET_NOT_RULED_OUT_BY_CONVERSE,True,,1,215246
REPLICATION,1,q,ACQUIRE_DECISION_RELEVANT_EVIDENCE_BUDGET_NOT_RULED_OUT_BY_CONVERSE,D11,149.45542938760286,ACQUIRE_EVIDENCE_BUDGET_NOT_RULED_OUT_BY_CONVERSE,16.201089897093627,q,ACQUIRE_DECISION_RELEVANT_EVIDENCE_BUDGET_NOT_RULED_OUT_BY_CONVERSE,True,,1,215247
REPLICATION,1,q,ACQUIRE_DECISION_RELEVANT_EVIDENCE_BUDGET_NOT_RULED_OUT_BY_CONVERSE,D11,147.07371121461054,ACQUIRE_EVIDENCE_BUDGET_NOT_RULED_OUT_BY_CONVERSE,16.02520950497874,q,ACQUIRE_DECISION_RELEVANT_EVIDENCE_BUDGET_NOT_RULED_OUT_BY_CONVERSE,True,,1,215248
REPLICATION,1,q,ACQUIRE_DECISION_RELEVANT_EVIDENCE_BUDGET_NOT_RULED_OUT_BY_CONVERSE,D11,154.89968213073183,ACQUIRE_EVIDENCE_BUDGET_NOT_RULED_OUT_BY_CONVERSE,22.324540100200764,q,ACQUIRE_DECISION_RELEVANT_EVIDENCE_BUDGET_NOT_RULED_OUT_BY_CONVERSE,True,,1,215249
REPLICATION,1,q,ACQUIRE_DECISION_RELEVANT_EVIDENCE_BUDGET_NOT_RULED_OUT_BY_CONVERSE,D11,173.30811434908352,ACQUIRE_EVIDENCE_BUDGET_NOT_RULED_OUT_BY_CONVERSE,15.943802162631346,q,ACQUIRE_DECISION_RELEVANT_EVIDENCE_BUDGET_NOT_RULED_OUT_BY_CONVERSE,True,,1,215250
REPLICATION,1,q,ACQUIRE_DECISION_RELEVANT_EVIDENCE_BUDGET_NOT_RULED_OUT_BY_CONVERSE,D11,210.14103248657472,ACQUIRE_EVIDENCE_BUDGET_NOT_RULED_OUT_BY_CONVERSE,19.57101511130689,q,ACQUIRE_DECISION_RELEVANT_EVIDENCE_BUDGET_NOT_RULED_OUT_BY_CONVERSE,True,,1,215251
REPLICATION,1,q,ACQUIRE_DECISION_RELEVANT_EVIDENCE_BUDGET_NOT_RULED_OUT_BY_CONVERSE,D11,148.1457664052327,ACQUIRE_EVIDENCE_BUDGET_NOT_RULED_OUT_BY_CONVERSE,16.117300155991252,q,ACQUIRE_DECISION_RELEVANT_EVIDENCE_BUDGET_NOT_RULED_OUT_BY_CONVERSE,True,,1,215252
REPLICATION,1,q,ACQUIRE_DECISION_RELEVANT_EVIDENCE_BUDGET_NOT_RULED_OUT_BY_CONVERSE,D11,188.7963682681938,ACQUIRE_EVIDENCE_BUDGET_NOT_RULED_OUT_BY_CONVERSE,18.436533124311982,q,ACQUIRE_DECISION_RELEVANT_EVIDENCE_BUDGET_NOT_RULED_OUT_BY_CONVERSE,True,,1,215253
REPLICATION,1,q,ACQUIRE_DECISION_RELEVANT_EVIDENCE_BUDGET_NOT_RULED_OUT_BY_CONVERSE,D11,255.4522928952839,ACQUIRE_EVIDENCE_BUDGET_NOT_RULED_OUT_BY_CONVERSE,15.551442647808344,q,ACQUIRE_DECISION_RELEVANT_EVIDENCE_BUDGET_NOT_RULED_OUT_BY_CONVERSE,True,,1,215254
REPLICATION,1,q,ACQUIRE_DECISION_RELEVANT_EVIDENCE_BUDGET_NOT_RULED_OUT_BY_CONVERSE,D11,183.76893630004994,ACQUIRE_EVIDENCE_BUDGET_NOT_RULED_OUT_BY_CONVERSE,15.52336084582002,q,ACQUIRE_DECISION_RELEVANT_EVIDENCE_BUDGET_NOT_RULED_OUT_BY_CONVERSE,True,,1,215255
REPLICATION,1,q,ACQUIRE_DECISION_RELEVANT_EVIDENCE_BUDGET_NOT_RULED_OUT_BY_CONVERSE,D11,170.2550823124272,ACQUIRE_EVIDENCE_BUDGET_NOT_RULED_OUT_BY_CONVERSE,19.540659874445037,q,ACQUIRE_DECISION_RELEVANT_EVIDENCE_BUDGET_NOT_RULED_OUT_BY_CONVERSE,True,,1,215256
REPLICATION,1,q,ACQUIRE_DECISION_RELEVANT_EVIDENCE_BUDGET_NOT_RULED_OUT_BY_CONVERSE,D11,206.706642361028,ACQUIRE_EVIDENCE_BUDGET_NOT_RULED_OUT_BY_CONVERSE,22.280554844749513,q,ACQUIRE_DECISION_RELEVANT_EVIDENCE_BUDGET_NOT_RULED_OUT_BY_CONVERSE,True,,1,215257
REPLICATION,1,q,ACQUIRE_DECISION_RELEVANT_EVIDENCE_BUDGET_NOT_RULED_OUT_BY_CONVERSE,D11,180.15334682478377,ACQUIRE_EVIDENCE_BUDGET_NOT_RULED_OUT_BY_CONVERSE,21.228358846756265,q,ACQUIRE_DECISION_RELEVANT_EVIDENCE_BUDGET_NOT_RULED_OUT_BY_CONVERSE,True,,1,215258
REPLICATION,1,q,ACQUIRE_DECISION_RELEVANT_EVIDENCE_BUDGET_NOT_RULED_OUT_BY_CONVERSE,D11,162.39744561623004,ACQUIRE_EVIDENCE_BUDGET_NOT_RULED_OUT_BY_CONVERSE,21.81746828226531,q,ACQUIRE_DECISION_RELEVANT_EVIDENCE_BUDGET_NOT_RULED_OUT_BY_CONVERSE,True,,1,215259
REPLICATION,1,q,ACQUIRE_DECISION_RELEVANT_EVIDENCE_BUDGET_NOT_RULED_OUT_BY_CONVERSE,D11,145.12069090612337,ACQUIRE_EVIDENCE_BUDGET_NOT_RULED_OUT_BY_CONVERSE,20.340186137660943,q,ACQUIRE_DECISION_RELEVANT_EVIDENCE_BUDGET_NOT_RULED_OUT_BY_CONVERSE,True,,1,215260
REPLICATION,1,q,ACQUIRE_DECISION_RELEVANT_EVIDENCE_BUDGET_NOT_RULED_OUT_BY_CONVERSE,D11,159.18986163146775,ACQUIRE_EVIDENCE_BUDGET_NOT_RULED_OUT_BY_CONVERSE,19.15899105922407,q,ACQUIRE_DECISION_RELEVANT_EVIDENCE_BUDGET_NOT_RULED_OUT_BY_CONVERSE,True,,1,215261
REPLICATION,1,q,ACQUIRE_DECISION_RELEVANT_EVIDENCE_BUDGET_NOT_RULED_OUT_BY_CONVERSE,D11,147.61587609190323,ACQUIRE_EVIDENCE_BUDGET_NOT_RULED_OUT_BY_CONVERSE,17.247843660522523,q,ACQUIRE_DECISION_RELEVANT_EVIDENCE_BUDGET_NOT_RULED_OUT_BY_CONVERSE,True,,1,215262
REPLICATION,1,q,ACQUIRE_DECISION_RELEVANT_EVIDENCE_BUDGET_NOT_RULED_OUT_BY_CONVERSE,D11,150.87148474904703,ACQUIRE_EVIDENCE_BUDGET_NOT_RULED_OUT_BY_CONVERSE,15.538119953623031,q,ACQUIRE_DECISION_RELEVANT_EVIDENCE_BUDGET_NOT_RULED_OUT_BY_CONVERSE,True,,1,215263
REPLICATION,1,q,ACQUIRE_DECISION_RELEVANT_EVIDENCE_BUDGET_NOT_RULED_OUT_BY_CONVERSE,D11,145.92831769169175,ACQUIRE_EVIDENCE_BUDGET_NOT_RULED_OUT_BY_CONVERSE,15.31429530386126,q,ACQUIRE_DECISION_RELEVANT_EVIDENCE_BUDGET_NOT_RULED_OUT_BY_CONVERSE,True,,1,215264
REPLICATION,1,q,ACQUIRE_DECISION_RELEVANT_EVIDENCE_BUDGET_NOT_RULED_OUT_BY_CONVERSE,D11,143.07185287754797,ACQUIRE_EVIDENCE_BUDGET_NOT_RULED_OUT_BY_CONVERSE,20.472297064743426,q,ACQUIRE_DECISION_RELEVANT_EVIDENCE_BUDGET_NOT_RULED_OUT_BY_CONVERSE,True,,1,215265
REPLICATION,1,q,ACQUIRE_DECISION_RELEVANT_EVIDENCE_BUDGET_NOT_RULED_OUT_BY_CONVERSE,D11,161.01934620390253,ACQUIRE_EVIDENCE_BUDGET_NOT_RULED_OUT_BY_CONVERSE,16.307962251573713,q,ACQUIRE_DECISION_RELEVANT_EVIDENCE_BUDGET_NOT_RULED_OUT_BY_CONVERSE,True,,1,215266
REPLICATION,1,q,ACQUIRE_DECISION_RELEVANT_EVIDENCE_BUDGET_NOT_RULED_OUT_BY_CONVERSE,D11,191.33065094509374,ACQUIRE_EVIDENCE_BUDGET_NOT_RULED_OUT_BY_CONVERSE,17.57960165058497,q,ACQUIRE_DECISION_RELEVANT_EVIDENCE_BUDGET_NOT_RULED_OUT_BY_CONVERSE,True,,1,215267
REPLICATION,1,q,ACQUIRE_DECISION_RELEVANT_EVIDENCE_BUDGET_NOT_RULED_OUT_BY_CONVERSE,D11,200.16006204893154,ACQUIRE_EVIDENCE_BUDGET_NOT_RULED_OUT_BY_CONVERSE,21.446798975098723,q,ACQUIRE_DECISION_RELEVANT_EVIDENCE_BUDGET_NOT_RULED_OUT_BY_CONVERSE,True,,1,215268
REPLICATION,1,q,ACQUIRE_DECISION_RELEVANT_EVIDENCE_BUDGET_NOT_RULED_OUT_BY_CONVERSE,D11,232.20929813950127,ACQUIRE_EVIDENCE_BUDGET_NOT_RULED_OUT_BY_CONVERSE,16.70938047182535,q,ACQUIRE_DECISION_RELEVANT_EVIDENCE_BUDGET_NOT_RULED_OUT_BY_CONVERSE,True,,1,215269
REPLICATION,1,q,ACQUIRE_DECISION_RELEVANT_EVIDENCE_BUDGET_NOT_RULED_OUT_BY_CONVERSE,D11,189.96616746115097,ACQUIRE_EVIDENCE_BUDGET_NOT_RULED_OUT_BY_CONVERSE,21.87240005074953,q,ACQUIRE_DECISION_RELEVANT_EVIDENCE_BUDGET_NOT_RULED_OUT_BY_CONVERSE,True,,1,215270
REPLICATION,1,q,ACQUIRE_DECISION_RELEVANT_EVIDENCE_BUDGET_NOT_RULED_OUT_BY_CONVERSE,D11,218.73517779990567,ACQUIRE_EVIDENCE_BUDGET_NOT_RULED_OUT_BY_CONVERSE,19.814775825500227,q,ACQUIRE_DECISION_RELEVANT_EVIDENCE_BUDGET_NOT_RULED_OUT_BY_CONVERSE,True,,1,215271
REPLICATION,1,q,ACQUIRE_DECISION_RELEVANT_EVIDENCE_BUDGET_NOT_RULED_OUT_BY_CONVERSE,D11,243.96415236116374,ACQUIRE_EVIDENCE_BUDGET_NOT_RULED_OUT_BY_CONVERSE,15.725752225396166,q,ACQUIRE_DECISION_RELEVANT_EVIDENCE_BUDGET_NOT_RULED_OUT_BY_CONVERSE,True,,1,215272
REPLICATION,1,q,ACQUIRE_DECISION_RELEVANT_EVIDENCE_BUDGET_NOT_RULED_OUT_BY_CONVERSE,D11,244.68572651294414,ACQUIRE_EVIDENCE_BUDGET_NOT_RULED_OUT_BY_CONVERSE,17.894120886561254,q,ACQUIRE_DECISION_RELEVANT_EVIDENCE_BUDGET_NOT_RULED_OUT_BY_CONVERSE,True,,1,215273
REPLICATION,1,q,ACQUIRE_DECISION_RELEVANT_EVIDENCE_BUDGET_NOT_RULED_OUT_BY_CONVERSE,D11,162.41816687492866,ACQUIRE_EVIDENCE_BUDGET_NOT_RULED_OUT_BY_CONVERSE,15.820110972130363,q,ACQUIRE_DECISION_RELEVANT_EVIDENCE_BUDGET_NOT_RULED_OUT_BY_CONVERSE,True,,1,215274
REPLICATION,1,q,ACQUIRE_DECISION_RELEVANT_EVIDENCE_BUDGET_NOT_RULED_OUT_BY_CONVERSE,D11,146.0850261156886,ACQUIRE_EVIDENCE_BUDGET_NOT_RULED_OUT_BY_CONVERSE,20.31118174021115,q,ACQUIRE_DECISION_RELEVANT_EVIDENCE_BUDGET_NOT_RULED_OUT_BY_CONVERSE,True,,1,215275
REPLICATION,1,q,ACQUIRE_DECISION_RELEVANT_EVIDENCE_BUDGET_NOT_RULED_OUT_BY_CONVERSE,D11,139.5952556128759,ACQUIRE_EVIDENCE_BUDGET_NOT_RULED_OUT_BY_CONVERSE,22.32126216488738,q,ACQUIRE_DECISION_RELEVANT_EVIDENCE_BUDGET_NOT_RULED_OUT_BY_CONVERSE,True,,1,215276
REPLICATION,1,q,ACQUIRE_DECISION_RELEVANT_EVIDENCE_BUDGET_NOT_RULED_OUT_BY_CONVERSE,D11,165.38595838640575,ACQUIRE_EVIDENCE_BUDGET_NOT_RULED_OUT_BY_CONVERSE,17.259079281976746,q,ACQUIRE_DECISION_RELEVANT_EVIDENCE_BUDGET_NOT_RULED_OUT_BY_CONVERSE,True,,1,215277
REPLICATION,1,q,ACQUIRE_DECISION_RELEVANT_EVIDENCE_BUDGET_NOT_RULED_OUT_BY_CONVERSE,D11,143.40196902203616,ACQUIRE_EVIDENCE_BUDGET_NOT_RULED_OUT_BY_CONVERSE,22.277025725087462,q,ACQUIRE_DECISION_RELEVANT_EVIDENCE_BUDGET_NOT_RULED_OUT_BY_CONVERSE,True,,1,215278
REPLICATION,1,q,ACQUIRE_DECISION_RELEVANT_EVIDENCE_BUDGET_NOT_RULED_OUT_BY_CONVERSE,D11,175.28335373267407,ACQUIRE_EVIDENCE_BUDGET_NOT_RULED_OUT_BY_CONVERSE,18.697162592035124,q,ACQUIRE_DECISION_RELEVANT_EVIDENCE_BUDGET_NOT_RULED_OUT_BY_CONVERSE,True,,1,215279
REPLICATION,1,q,ACQUIRE_DECISION_RELEVANT_EVIDENCE_BUDGET_NOT_RULED_OUT_BY_CONVERSE,D11,187.28453960970168,ACQUIRE_EVIDENCE_BUDGET_NOT_RULED_OUT_BY_CONVERSE,17.200192444819578,q,ACQUIRE_DECISION_RELEVANT_EVIDENCE_BUDGET_NOT_RULED_OUT_BY_CONVERSE,True,,1,215280
REPLICATION,1,q,ACQUIRE_DECISION_RELEVANT_EVIDENCE_BUDGET_NOT_RULED_OUT_BY_CONVERSE,D11,176.701251340496,ACQUIRE_EVIDENCE_BUDGET_NOT_RULED_OUT_BY_CONVERSE,16.39312140636581,q,ACQUIRE_DECISION_RELEVANT_EVIDENCE_BUDGET_NOT_RULED_OUT_BY_CONVERSE,True,,1,215281
REPLICATION,1,q,ACQUIRE_DECISION_RELEVANT_EVIDENCE_BUDGET_NOT_RULED_OUT_BY_CONVERSE,D11,185.78154293984346,ACQUIRE_EVIDENCE_BUDGET_NOT_RULED_OUT_BY_CONVERSE,16.90931999047226,q,ACQUIRE_DECISION_RELEVANT_EVIDENCE_BUDGET_NOT_RULED_OUT_BY_CONVERSE,True,,1,215282
REPLICATION,1,q,ACQUIRE_DECISION_RELEVANT_EVIDENCE_BUDGET_NOT_RULED_OUT_BY_CONVERSE,D11,199.76382614971828,ACQUIRE_EVIDENCE_BUDGET_NOT_RULED_OUT_BY_CONVERSE,18.229743119438,q,ACQUIRE_DECISION_RELEVANT_EVIDENCE_BUDGET_NOT_RULED_OUT_BY_CONVERSE,True,,1,215283
REPLICATION,1,q,ACQUIRE_DECISION_RELEVANT_EVIDENCE_BUDGET_NOT_RULED_OUT_BY_CONVERSE,D11,187.2793989795972,ACQUIRE_EVIDENCE_BUDGET_NOT_RULED_OUT_BY_CONVERSE,20.622189425620608,q,ACQUIRE_DECISION_RELEVANT_EVIDENCE_BUDGET_NOT_RULED_OUT_BY_CONVERSE,True,,1,215284
REPLICATION,1,q,ACQUIRE_DECISION_RELEVANT_EVIDENCE_BUDGET_NOT_RULED_OUT_BY_CONVERSE,D11,154.96828918942748,ACQUIRE_EVIDENCE_BUDGET_NOT_RULED_OUT_BY_CONVERSE,15.188324137724933,q,ACQUIRE_DECISION_RELEVANT_EVIDENCE_BUDGET_NOT_RULED_OUT_BY_CONVERSE,True,,1,215285
REPLICATION,1,q,ACQUIRE_DECISION_RELEVANT_EVIDENCE_BUDGET_NOT_RULED_OUT_BY_CONVERSE,D11,168.93519148456122,ACQUIRE_EVIDENCE_BUDGET_NOT_RULED_OUT_BY_CONVERSE,18.315049273198582,q,ACQUIRE_DECISION_RELEVANT_EVIDENCE_BUDGET_NOT_RULED_OUT_BY_CONVERSE,True,,1,215286
REPLICATION,1,q,ACQUIRE_DECISION_RELEVANT_EVIDENCE_BUDGET_NOT_RULED_OUT_BY_CONVERSE,D11,155.9276678733679,ACQUIRE_EVIDENCE_BUDGET_NOT_RULED_OUT_BY_CONVERSE,21.72653698282658,q,ACQUIRE_DECISION_RELEVANT_EVIDENCE_BUDGET_NOT_RULED_OUT_BY_CONVERSE,True,,1,215287
REPLICATION,1,q,ACQUIRE_DECISION_RELEVANT_EVIDENCE_BUDGET_NOT_RULED_OUT_BY_CONVERSE,D11,213.9733867844835,ACQUIRE_EVIDENCE_BUDGET_NOT_RULED_OUT_BY_CONVERSE,16.90559742367677,q,ACQUIRE_DECISION_RELEVANT_EVIDENCE_BUDGET_NOT_RULED_OUT_BY_CONVERSE,True,,1,215288
REPLICATION,1,q,ACQUIRE_DECISION_RELEVANT_EVIDENCE_BUDGET_NOT_RULED_OUT_BY_CONVERSE,D11,189.87951947344328,ACQUIRE_EVIDENCE_BUDGET_NOT_RULED_OUT_BY_CONVERSE,22.247498746939826,q,ACQUIRE_DECISION_RELEVANT_EVIDENCE_BUDGET_NOT_RULED_OUT_BY_CONVERSE,True,,1,215289
REPLICATION,1,q,ACQUIRE_DECISION_RELEVANT_EVIDENCE_BUDGET_NOT_RULED_OUT_BY_CONVERSE,D11,199.5967338320433,ACQUIRE_EVIDENCE_BUDGET_NOT_RULED_OUT_BY_CONVERSE,16.76461966891687,q,ACQUIRE_DECISION_RELEVANT_EVIDENCE_BUDGET_NOT_RULED_OUT_BY_CONVERSE,True,,1,215290
REPLICATION,1,q,ACQUIRE_DECISION_RELEVANT_EVIDENCE_BUDGET_NOT_RULED_OUT_BY_CONVERSE,D11,161.24769197997185,ACQUIRE_EVIDENCE_BUDGET_NOT_RULED_OUT_BY_CONVERSE,22.538228968932295,q,ACQUIRE_DECISION_RELEVANT_EVIDENCE_BUDGET_NOT_RULED_OUT_BY_CONVERSE,True,,1,215291
REPLICATION,1,q,ACQUIRE_DECISION_RELEVANT_EVIDENCE_BUDGET_NOT_RULED_OUT_BY_CONVERSE,D11,151.6251083225474,ACQUIRE_EVIDENCE_BUDGET_NOT_RULED_OUT_BY_CONVERSE,16.428906096707507,q,ACQUIRE_DECISION_RELEVANT_EVIDENCE_BUDGET_NOT_RULED_OUT_BY_CONVERSE,True,,1,215292
REPLICATION,1,q,ACQUIRE_DECISION_RELEVANT_EVIDENCE_BUDGET_NOT_RULED_OUT_BY_CONVERSE,D11,146.0626639037564,ACQUIRE_EVIDENCE_BUDGET_NOT_RULED_OUT_BY_CONVERSE,16.80004415301348,q,ACQUIRE_DECISION_RELEVANT_EVIDENCE_BUDGET_NOT_RULED_OUT_BY_CONVERSE,True,,1,215293
REPLICATION,1,q,ACQUIRE_DECISION_RELEVANT_EVIDENCE_BUDGET_NOT_RULED_OUT_BY_CONVERSE,D11,149.37731512123048,ACQUIRE_EVIDENCE_BUDGET_NOT_RULED_OUT_BY_CONVERSE,19.03558829834105,q,ACQUIRE_DECISION_RELEVANT_EVIDENCE_BUDGET_NOT_RULED_OUT_BY_CONVERSE,True,,1,215294
REPLICATION,1,q,ACQUIRE_DECISION_RELEVANT_EVIDENCE_BUDGET_NOT_RULED_OUT_BY_CONVERSE,D11,242.78299178602498,ACQUIRE_EVIDENCE_BUDGET_NOT_RULED_OUT_BY_CONVERSE,18.215730125088363,q,ACQUIRE_DECISION_RELEVANT_EVIDENCE_BUDGET_NOT_RULED_OUT_BY_CONVERSE,True,,1,215295
REPLICATION,1,q,ACQUIRE_DECISION_RELEVANT_EVIDENCE_BUDGET_NOT_RULED_OUT_BY_CONVERSE,D11,180.7188107798956,ACQUIRE_EVIDENCE_BUDGET_NOT_RULED_OUT_BY_CONVERSE,15.829234082870611,q,ACQUIRE_DECISION_RELEVANT_EVIDENCE_BUDGET_NOT_RULED_OUT_BY_CONVERSE,True,,1,215296
REPLICATION,1,q,ACQUIRE_DECISION_RELEVANT_EVIDENCE_BUDGET_NOT_RULED_OUT_BY_CONVERSE,D11,228.81646767742106,ACQUIRE_EVIDENCE_BUDGET_NOT_RULED_OUT_BY_CONVERSE,15.191846072162681,q,ACQUIRE_DECISION_RELEVANT_EVIDENCE_BUDGET_NOT_RULED_OUT_BY_CONVERSE,True,,1,215297
REPLICATION,1,q,ACQUIRE_DECISION_RELEVANT_EVIDENCE_BUDGET_NOT_RULED_OUT_BY_CONVERSE,D11,157.79765601480239,ACQUIRE_EVIDENCE_BUDGET_NOT_RULED_OUT_BY_CONVERSE,19.642719402937526,q,ACQUIRE_DECISION_RELEVANT_EVIDENCE_BUDGET_NOT_RULED_OUT_BY_CONVERSE,True,,1,215298
REPLICATION,1,q,ACQUIRE_DECISION_RELEVANT_EVIDENCE_BUDGET_NOT_RULED_OUT_BY_CONVERSE,D11,270.70710469611004,ACQUIRE_EVIDENCE_BUDGET_NOT_RULED_OUT_BY_CONVERSE,18.87995975982164,q,ACQUIRE_DECISION_RELEVANT_EVIDENCE_BUDGET_NOT_RULED_OUT_BY_CONVERSE,True,,1,215299
REPLICATION,1,q,ACQUIRE_DECISION_RELEVANT_EVIDENCE_BUDGET_NOT_RULED_OUT_BY_CONVERSE,D11,278.3342870118954,ACQUIRE_EVIDENCE_BUDGET_NOT_RULED_OUT_BY_CONVERSE,19.177631617386563,q,ACQUIRE_DECISION_RELEVANT_EVIDENCE_BUDGET_NOT_RULED_OUT_BY_CONVERSE,True,,1,215300
REPLICATION,1,q,ACQUIRE_DECISION_RELEVANT_EVIDENCE_BUDGET_NOT_RULED_OUT_BY_CONVERSE,D11,141.57433820970851,ACQUIRE_EVIDENCE_BUDGET_NOT_RULED_OUT_BY_CONVERSE,15.849081993023,q,ACQUIRE_DECISION_RELEVANT_EVIDENCE_BUDGET_NOT_RULED_OUT_BY_CONVERSE,True,,1,215301
REPLICATION,1,q,ACQUIRE_DECISION_RELEVANT_EVIDENCE_BUDGET_NOT_RULED_OUT_BY_CONVERSE,D11,180.60595451172395,ACQUIRE_EVIDENCE_BUDGET_NOT_RULED_OUT_BY_CONVERSE,15.874822408027251,q,ACQUIRE_DECISION_RELEVANT_EVIDENCE_BUDGET_NOT_RULED_OUT_BY_CONVERSE,True,,1,215302
REPLICATION,1,q,ACQUIRE_DECISION_RELEVANT_EVIDENCE_BUDGET_NOT_RULED_OUT_BY_CONVERSE,D11,144.53514397838876,ACQUIRE_EVIDENCE_BUDGET_NOT_RULED_OUT_BY_CONVERSE,17.354629374489576,q,ACQUIRE_DECISION_RELEVANT_EVIDENCE_BUDGET_NOT_RULED_OUT_BY_CONVERSE,True,,1,215303
REPLICATION,1,q,ACQUIRE_DECISION_RELEVANT_EVIDENCE_BUDGET_NOT_RULED_OUT_BY_CONVERSE,D11,171.81913988276744,ACQUIRE_EVIDENCE_BUDGET_NOT_RULED_OUT_BY_CONVERSE,15.06374984087814,q,ACQUIRE_DECISION_RELEVANT_EVIDENCE_BUDGET_NOT_RULED_OUT_BY_CONVERSE,True,,1,215304
REPLICATION,1,q,ACQUIRE_DECISION_RELEVANT_EVIDENCE_BUDGET_NOT_RULED_OUT_BY_CONVERSE,D11,172.8560960606118,ACQUIRE_EVIDENCE_BUDGET_NOT_RULED_OUT_BY_CONVERSE,19.49141459376868,q,ACQUIRE_DECISION_RELEVANT_EVIDENCE_BUDGET_NOT_RULED_OUT_BY_CONVERSE,True,,1,215305
REPLICATION,1,q,ACQUIRE_DECISION_RELEVANT_EVIDENCE_BUDGET_NOT_RULED_OUT_BY_CONVERSE,D11,193.40588357471046,ACQUIRE_EVIDENCE_BUDGET_NOT_RULED_OUT_BY_CONVERSE,16.419109200418454,q,ACQUIRE_DECISION_RELEVANT_EVIDENCE_BUDGET_NOT_RULED_OUT_BY_CONVERSE,True,,1,215306
REPLICATION,1,q,ACQUIRE_DECISION_RELEVANT_EVIDENCE_BUDGET_NOT_RULED_OUT_BY_CONVERSE,D11,162.87340936707335,ACQUIRE_EVIDENCE_BUDGET_NOT_RULED_OUT_BY_CONVERSE,21.633009790188055,q,ACQUIRE_DECISION_RELEVANT_EVIDENCE_BUDGET_NOT_RULED_OUT_BY_CONVERSE,True,,1,215307
REPLICATION,1,q,ACQUIRE_DECISION_RELEVANT_EVIDENCE_BUDGET_NOT_RULED_OUT_BY_CONVERSE,D11,140.25087846906848,ACQUIRE_EVIDENCE_BUDGET_NOT_RULED_OUT_BY_CONVERSE,21.29888020300396,q,ACQUIRE_DECISION_RELEVANT_EVIDENCE_BUDGET_NOT_RULED_OUT_BY_CONVERSE,True,,1,215308
REPLICATION,1,q,ACQUIRE_DECISION_RELEVANT_EVIDENCE_BUDGET_NOT_RULED_OUT_BY_CONVERSE,D11,269.5082337405682,ACQUIRE_EVIDENCE_BUDGET_NOT_RULED_OUT_BY_CONVERSE,15.846838165703446,q,ACQUIRE_DECISION_RELEVANT_EVIDENCE_BUDGET_NOT_RULED_OUT_BY_CONVERSE,True,,1,215309
REPLICATION,1,q,ACQUIRE_DECISION_RELEVANT_EVIDENCE_BUDGET_NOT_RULED_OUT_BY_CONVERSE,D11,146.53018454403454,ACQUIRE_EVIDENCE_BUDGET_NOT_RULED_OUT_BY_CONVERSE,19.215772615095755,q,ACQUIRE_DECISION_RELEVANT_EVIDENCE_BUDGET_NOT_RULED_OUT_BY_CONVERSE,True,,1,215310
REPLICATION,1,q,ACQUIRE_DECISION_RELEVANT_EVIDENCE_BUDGET_NOT_RULED_OUT_BY_CONVERSE,D11,238.12828818972537,ACQUIRE_EVIDENCE_BUDGET_NOT_RULED_OUT_BY_CONVERSE,17.840719396964676,q,ACQUIRE_DECISION_RELEVANT_EVIDENCE_BUDGET_NOT_RULED_OUT_BY_CONVERSE,True,,1,215311
REPLICATION,1,q,ACQUIRE_DECISION_RELEVANT_EVIDENCE_BUDGET_NOT_RULED_OUT_BY_CONVERSE,D11,208.35159655846496,ACQUIRE_EVIDENCE_BUDGET_NOT_RULED_OUT_BY_CONVERSE,22.492497410047225,q,ACQUIRE_DECISION_RELEVANT_EVIDENCE_BUDGET_NOT_RULED_OUT_BY_CONVERSE,True,,1,215312
REPLICATION,1,q,ACQUIRE_DECISION_RELEVANT_EVIDENCE_BUDGET_NOT_RULED_OUT_BY_CONVERSE,D11,148.88427752122251,ACQUIRE_EVIDENCE_BUDGET_NOT_RULED_OUT_BY_CONVERSE,21.595460065905705,q,ACQUIRE_DECISION_RELEVANT_EVIDENCE_BUDGET_NOT_RULED_OUT_BY_CONVERSE,True,,1,215313
REPLICATION,1,q,ACQUIRE_DECISION_RELEVANT_EVIDENCE_BUDGET_NOT_RULED_OUT_BY_CONVERSE,D11,176.5267632330122,ACQUIRE_EVIDENCE_BUDGET_NOT_RULED_OUT_BY_CONVERSE,20.13338759795887,q,ACQUIRE_DECISION_RELEVANT_EVIDENCE_BUDGET_NOT_RULED_OUT_BY_CONVERSE,True,,1,215314
REPLICATION,1,q,ACQUIRE_DECISION_RELEVANT_EVIDENCE_BUDGET_NOT_RULED_OUT_BY_CONVERSE,D11,269.40593068532127,ACQUIRE_EVIDENCE_BUDGET_NOT_RULED_OUT_BY_CONVERSE,16.845399870801707,q,ACQUIRE_DECISION_RELEVANT_EVIDENCE_BUDGET_NOT_RULED_OUT_BY_CONVERSE,True,,1,215315
REPLICATION,1,q,ACQUIRE_DECISION_RELEVANT_EVIDENCE_BUDGET_NOT_RULED_OUT_BY_CONVERSE,D11,166.00920865056804,ACQUIRE_EVIDENCE_BUDGET_NOT_RULED_OUT_BY_CONVERSE,15.145034416348924,q,ACQUIRE_DECISION_RELEVANT_EVIDENCE_BUDGET_NOT_RULED_OUT_BY_CONVERSE,True,,1,215316
REPLICATION,1,q,ACQUIRE_DECISION_RELEVANT_EVIDENCE_BUDGET_NOT_RULED_OUT_BY_CONVERSE,D11,169.83322691716296,ACQUIRE_EVIDENCE_BUDGET_NOT_RULED_OUT_BY_CONVERSE,15.948981679815752,q,ACQUIRE_DECISION_RELEVANT_EVIDENCE_BUDGET_NOT_RULED_OUT_BY_CONVERSE,True,,1,215317
REPLICATION,1,q,ACQUIRE_DECISION_RELEVANT_EVIDENCE_BUDGET_NOT_RULED_OUT_BY_CONVERSE,D11,228.1712674338729,ACQUIRE_EVIDENCE_BUDGET_NOT_RULED_OUT_BY_CONVERSE,18.096836466224232,q,ACQUIRE_DECISION_RELEVANT_EVIDENCE_BUDGET_NOT_RULED_OUT_BY_CONVERSE,True,,1,215318
REPLICATION,1,q,ACQUIRE_DECISION_RELEVANT_EVIDENCE_BUDGET_NOT_RULED_OUT_BY_CONVERSE,D11,209.5956761567172,ACQUIRE_EVIDENCE_BUDGET_NOT_RULED_OUT_BY_CONVERSE,22.36709894108447,q,ACQUIRE_DECISION_RELEVANT_EVIDENCE_BUDGET_NOT_RULED_OUT_BY_CONVERSE,True,,1,215319
REPLICATION,1,q,ACQUIRE_DECISION_RELEVANT_EVIDENCE_BUDGET_NOT_RULED_OUT_BY_CONVERSE,D11,142.46403500314247,ACQUIRE_EVIDENCE_BUDGET_NOT_RULED_OUT_BY_CONVERSE,15.361842995708763,q,ACQUIRE_DECISION_RELEVANT_EVIDENCE_BUDGET_NOT_RULED_OUT_BY_CONVERSE,True,,1,215320
REPLICATION,1,q,ACQUIRE_DECISION_RELEVANT_EVIDENCE_BUDGET_NOT_RULED_OUT_BY_CONVERSE,D11,167.26661817055637,ACQUIRE_EVIDENCE_BUDGET_NOT_RULED_OUT_BY_CONVERSE,21.50421723788607,q,ACQUIRE_DECISION_RELEVANT_EVIDENCE_BUDGET_NOT_RULED_OUT_BY_CONVERSE,True,,1,215321
REPLICATION,1,q,ACQUIRE_DECISION_RELEVANT_EVIDENCE_BUDGET_NOT_RULED_OUT_BY_CONVERSE,D11,166.1585486351181,ACQUIRE_EVIDENCE_BUDGET_NOT_RULED_OUT_BY_CONVERSE,16.422165182551105,q,ACQUIRE_DECISION_RELEVANT_EVIDENCE_BUDGET_NOT_RULED_OUT_BY_CONVERSE,True,,1,215322
REPLICATION,1,q,ACQUIRE_DECISION_RELEVANT_EVIDENCE_BUDGET_NOT_RULED_OUT_BY_CONVERSE,D11,208.22041516991789,ACQUIRE_EVIDENCE_BUDGET_NOT_RULED_OUT_BY_CONVERSE,18.51678564765035,q,ACQUIRE_DECISION_RELEVANT_EVIDENCE_BUDGET_NOT_RULED_OUT_BY_CONVERSE,True,,1,215323
REPLICATION,1,q,ACQUIRE_DECISION_RELEVANT_EVIDENCE_BUDGET_NOT_RULED_OUT_BY_CONVERSE,D11,242.87897429545504,ACQUIRE_EVIDENCE_BUDGET_NOT_RULED_OUT_BY_CONVERSE,21.608263419387626,q,ACQUIRE_DECISION_RELEVANT_EVIDENCE_BUDGET_NOT_RULED_OUT_BY_CONVERSE,True,,1,215324
REPLICATION,1,q,ACQUIRE_DECISION_RELEVANT_EVIDENCE_BUDGET_NOT_RULED_OUT_BY_CONVERSE,D11,203.97926073193682,ACQUIRE_EVIDENCE_BUDGET_NOT_RULED_OUT_BY_CONVERSE,16.020167419102926,q,ACQUIRE_DECISION_RELEVANT_EVIDENCE_BUDGET_NOT_RULED_OUT_BY_CONVERSE,True,,1,215325
REPLICATION,1,q,ACQUIRE_DECISION_RELEVANT_EVIDENCE_BUDGET_NOT_RULED_OUT_BY_CONVERSE,D11,159.5686435443756,ACQUIRE_EVIDENCE_BUDGET_NOT_RULED_OUT_BY_CONVERSE,16.846292286793947,q,ACQUIRE_DECISION_RELEVANT_EVIDENCE_BUDGET_NOT_RULED_OUT_BY_CONVERSE,True,,1,215326
REPLICATION,1,q,ACQUIRE_DECISION_RELEVANT_EVIDENCE_BUDGET_NOT_RULED_OUT_BY_CONVERSE,D11,225.11217543474197,ACQUIRE_EVIDENCE_BUDGET_NOT_RULED_OUT_BY_CONVERSE,20.66033739480309,q,ACQUIRE_DECISION_RELEVANT_EVIDENCE_BUDGET_NOT_RULED_OUT_BY_CONVERSE,True,,1,215327
REPLICATION,1,q,ACQUIRE_DECISION_RELEVANT_EVIDENCE_BUDGET_NOT_RULED_OUT_BY_CONVERSE,D11,273.4932031762817,ACQUIRE_EVIDENCE_BUDGET_NOT_RULED_OUT_BY_CONVERSE,22.363881373028633,q,ACQUIRE_DECISION_RELEVANT_EVIDENCE_BUDGET_NOT_RULED_OUT_BY_CONVERSE,True,,1,215328
