seed,context,gamma,method,top1_A,false_credit_mass,score_A,score_C,score_D,score_B,max_efficiency_error,counterfactual_structural_evaluations
1000,TRAIN_CONFOUNDED,2.0,EXACT_CF_SHAPLEY,1,3.056251574788757e-16,0.5,5.09375262464793e-17,5.09375262464793e-17,5.09375262464793e-17,1.1102230246251565e-16,20736
1000,TRAIN_CONFOUNDED,2.0,OBS_ASSOC,0,0.7244793327105087,0.3647318975571966,0.8729726418268468,0.02551442712153195,0.060572461358420766,1.1102230246251565e-16,20736
1000,TRAIN_CONFOUNDED,2.0,RECENCY,0,0.9,0.25,0.5,0.75,1.0,1.1102230246251565e-16,20736
1000,TRAIN_CONFOUNDED,2.0,EQUAL,0,0.75,1.0,1.0,1.0,1.0,1.1102230246251565e-16,20736
1001,TRAIN_CONFOUNDED,2.0,EXACT_CF_SHAPLEY,1,2.8658830374757213e-16,0.5,4.776471729126203e-17,4.776471729126203e-17,4.776471729126203e-17,1.1102230246251565e-16,20736
1001,TRAIN_CONFOUNDED,2.0,OBS_ASSOC,0,0.7022030598308091,0.4235333911230298,0.8756756801785205,0.015760736429622783,0.10725229731262875,1.1102230246251565e-16,20736
1001,TRAIN_CONFOUNDED,2.0,RECENCY,0,0.9,0.25,0.5,0.75,1.0,1.1102230246251565e-16,20736
1001,TRAIN_CONFOUNDED,2.0,EQUAL,0,0.75,1.0,1.0,1.0,1.0,1.1102230246251565e-16,20736
1002,TRAIN_CONFOUNDED,2.0,EXACT_CF_SHAPLEY,1,2.4076826822408757e-16,0.5,4.01280447040146e-17,4.01280447040146e-17,4.01280447040146e-17,1.1102230246251565e-16,20736
1002,TRAIN_CONFOUNDED,2.0,OBS_ASSOC,0,0.7197308222841039,0.4404602291084471,0.8848958304568352,0.07909911532582295,0.16710625294072712,1.1102230246251565e-16,20736
1002,TRAIN_CONFOUNDED,2.0,RECENCY,0,0.9,0.25,0.5,0.75,1.0,1.1102230246251565e-16,20736
1002,TRAIN_CONFOUNDED,2.0,EQUAL,0,0.75,1.0,1.0,1.0,1.0,1.1102230246251565e-16,20736
1003,TRAIN_CONFOUNDED,2.0,EXACT_CF_SHAPLEY,1,2.800358686258497e-16,0.5,4.667264477097495e-17,4.667264477097495e-17,4.667264477097495e-17,1.1102230246251565e-16,20736
1003,TRAIN_CONFOUNDED,2.0,OBS_ASSOC,0,0.7157769719498209,0.42764402152634934,0.8761665295839027,0.06772000876242083,0.13307666516487632,1.1102230246251565e-16,20736
1003,TRAIN_CONFOUNDED,2.0,RECENCY,0,0.9,0.25,0.5,0.75,1.0,1.1102230246251565e-16,20736
1003,TRAIN_CONFOUNDED,2.0,EQUAL,0,0.75,1.0,1.0,1.0,1.0,1.1102230246251565e-16,20736
1004,TRAIN_CONFOUNDED,2.0,EXACT_CF_SHAPLEY,1,2.9800990776658593e-16,0.5,4.9668317961097663e-17,4.9668317961097663e-17,4.9668317961097663e-17,1.1102230246251565e-16,20736
1004,TRAIN_CONFOUNDED,2.0,OBS_ASSOC,0,0.6596549811116275,0.4656994484636384,0.8848845640577113,0.007293649501290141,0.0104380841125488,1.1102230246251565e-16,20736
1004,TRAIN_CONFOUNDED,2.0,RECENCY,0,0.9,0.25,0.5,0.75,1.0,1.1102230246251565e-16,20736
1004,TRAIN_CONFOUNDED,2.0,EQUAL,0,0.75,1.0,1.0,1.0,1.0,1.1102230246251565e-16,20736
1005,TRAIN_CONFOUNDED,2.0,EXACT_CF_SHAPLEY,1,2.6758279023531695e-16,0.5,4.459713170588617e-17,4.459713170588617e-17,4.459713170588617e-17,1.1102230246251565e-16,20736
1005,TRAIN_CONFOUNDED,2.0,OBS_ASSOC,0,0.7106925522106674,0.38366076595026877,0.864234175293901,0.06218171376335175,0.01605846139515812,1.1102230246251565e-16,20736
1005,TRAIN_CONFOUNDED,2.0,RECENCY,0,0.9,0.25,0.5,0.75,1.0,1.1102230246251565e-16,20736
1005,TRAIN_CONFOUNDED,2.0,EQUAL,0,0.75,1.0,1.0,1.0,1.0,1.1102230246251565e-16,20736
1006,TRAIN_CONFOUNDED,2.0,EXACT_CF_SHAPLEY,1,2.735375377336331e-16,0.5,4.558958962227219e-17,4.558958962227219e-17,4.558958962227219e-17,1.1102230246251565e-16,20736
1006,TRAIN_CONFOUNDED,2.0,OBS_ASSOC,0,0.7083220198379213,0.4383591215615027,0.873478971099213,0.11052112587787058,0.0805280454157123,1.1102230246251565e-16,20736
1006,TRAIN_CONFOUNDED,2.0,RECENCY,0,0.9,0.25,0.5,0.75,1.0,1.1102230246251565e-16,20736
1006,TRAIN_CONFOUNDED,2.0,EQUAL,0,0.75,1.0,1.0,1.0,1.0,1.1102230246251565e-16,20736
1007,TRAIN_CONFOUNDED,2.0,EXACT_CF_SHAPLEY,1,2.7149354135279006e-16,0.5,4.524892355879835e-17,4.524892355879835e-17,4.524892355879835e-17,1.1102230246251565e-16,20736
1007,TRAIN_CONFOUNDED,2.0,OBS_ASSOC,0,0.7455353088859791,0.340806077128972,0.8629941341283478,0.061153411501596595,0.07435233610302655,1.1102230246251565e-16,20736
1007,TRAIN_CONFOUNDED,2.0,RECENCY,0,0.9,0.25,0.5,0.75,1.0,1.1102230246251565e-16,20736
1007,TRAIN_CONFOUNDED,2.0,EQUAL,0,0.75,1.0,1.0,1.0,1.0,1.1102230246251565e-16,20736
1008,TRAIN_CONFOUNDED,2.0,EXACT_CF_SHAPLEY,1,2.9799296710764084e-16,0.5,4.9665494517940147e-17,4.9665494517940147e-17,4.9665494517940147e-17,1.1102230246251565e-16,20736
1008,TRAIN_CONFOUNDED,2.0,OBS_ASSOC,0,0.6684000181934016,0.46469508278527466,0.8759679994629773,0.0042718186038499,0.05643756079146465,1.1102230246251565e-16,20736
1008,TRAIN_CONFOUNDED,2.0,RECENCY,0,0.9,0.25,0.5,0.75,1.0,1.1102230246251565e-16,20736
1008,TRAIN_CONFOUNDED,2.0,EQUAL,0,0.75,1.0,1.0,1.0,1.0,1.1102230246251565e-16,20736
1009,TRAIN_CONFOUNDED,2.0,EXACT_CF_SHAPLEY,1,2.4541932613746093e-16,0.5,4.0903221022910163e-17,4.0903221022910163e-17,4.0903221022910163e-17,1.1102230246251565e-16,20736
1009,TRAIN_CONFOUNDED,2.0,OBS_ASSOC,0,0.7086011072950235,0.42221062967428574,0.8857668848443596,0.07236209646133733,0.06856990873376623,1.1102230246251565e-16,20736
1009,TRAIN_CONFOUNDED,2.0,RECENCY,0,0.9,0.25,0.5,0.75,1.0,1.1102230246251565e-16,20736
1009,TRAIN_CONFOUNDED,2.0,EQUAL,0,0.75,1.0,1.0,1.0,1.0,1.1102230246251565e-16,20736
1010,TRAIN_CONFOUNDED,2.0,EXACT_CF_SHAPLEY,1,2.8400675908257784e-16,0.5,4.733445984709632e-17,4.733445984709632e-17,4.733445984709632e-17,1.1102230246251565e-16,20736
1010,TRAIN_CONFOUNDED,2.0,OBS_ASSOC,0,0.7325236931420182,0.38540383024462666,0.8811297877140007,0.028223798511399573,0.1461321889381229,1.1102230246251565e-16,20736
1010,TRAIN_CONFOUNDED,2.0,RECENCY,0,0.9,0.25,0.5,0.75,1.0,1.1102230246251565e-16,20736
1010,TRAIN_CONFOUNDED,2.0,EQUAL,0,0.75,1.0,1.0,1.0,1.0,1.1102230246251565e-16,20736
1011,TRAIN_CONFOUNDED,2.0,EXACT_CF_SHAPLEY,1,2.887107565551546e-16,0.5,4.811845942585911e-17,4.811845942585911e-17,4.811845942585911e-17,1.1102230246251565e-16,20736
1011,TRAIN_CONFOUNDED,2.0,OBS_ASSOC,0,0.6619047184011677,0.5208010609338526,0.8764720120344666,0.08545411493605481,0.057670118059245254,1.1102230246251565e-16,20736
1011,TRAIN_CONFOUNDED,2.0,RECENCY,0,0.9,0.25,0.5,0.75,1.0,1.1102230246251565e-16,20736
1011,TRAIN_CONFOUNDED,2.0,EQUAL,0,0.75,1.0,1.0,1.0,1.0,1.1102230246251565e-16,20736
1012,TRAIN_CONFOUNDED,2.0,EXACT_CF_SHAPLEY,1,2.9412117950574144e-16,0.5,4.9020196584290244e-17,4.9020196584290244e-17,4.9020196584290244e-17,1.1102230246251565e-16,20736
1012,TRAIN_CONFOUNDED,2.0,OBS_ASSOC,0,0.6692364903609098,0.5218103811107752,0.897611299923605,0.0559430294241324,0.10222884476813304,1.1102230246251565e-16,20736
1012,TRAIN_CONFOUNDED,2.0,RECENCY,0,0.9,0.25,0.5,0.75,1.0,1.1102230246251565e-16,20736
1012,TRAIN_CONFOUNDED,2.0,EQUAL,0,0.75,1.0,1.0,1.0,1.0,1.1102230246251565e-16,20736
1013,TRAIN_CONFOUNDED,2.0,EXACT_CF_SHAPLEY,1,2.7598281597323785e-16,0.5,4.599713599553965e-17,4.599713599553965e-17,4.599713599553965e-17,1.1102230246251565e-16,20736
1013,TRAIN_CONFOUNDED,2.0,OBS_ASSOC,0,0.7169978514654981,0.3898672489722062,0.8750633083349555,0.03178158352302221,0.08090018823196064,1.1102230246251565e-16,20736
1013,TRAIN_CONFOUNDED,2.0,RECENCY,0,0.9,0.25,0.5,0.75,1.0,1.1102230246251565e-16,20736
1013,TRAIN_CONFOUNDED,2.0,EQUAL,0,0.75,1.0,1.0,1.0,1.0,1.1102230246251565e-16,20736
1014,TRAIN_CONFOUNDED,2.0,EXACT_CF_SHAPLEY,1,3.2121352832367023e-16,0.5,5.3535588053945045e-17,5.3535588053945045e-17,5.3535588053945045e-17,1.1102230246251565e-16,20736
1014,TRAIN_CONFOUNDED,2.0,OBS_ASSOC,0,0.6694919591459455,0.5094197214494275,0.8778947324561723,0.016436633360583177,0.13757214388139696,1.1102230246251565e-16,20736
1014,TRAIN_CONFOUNDED,2.0,RECENCY,0,0.9,0.25,0.5,0.75,1.0,1.1102230246251565e-16,20736
1014,TRAIN_CONFOUNDED,2.0,EQUAL,0,0.75,1.0,1.0,1.0,1.0,1.1102230246251565e-16,20736
1015,TRAIN_CONFOUNDED,2.0,EXACT_CF_SHAPLEY,1,2.795229901762872e-16,0.5,4.6587165029381206e-17,4.6587165029381206e-17,4.6587165029381206e-17,1.1102230246251565e-16,20736
1015,TRAIN_CONFOUNDED,2.0,OBS_ASSOC,0,0.6449381129096382,0.5161027881494709,0.8913942193168222,0.03594447948400313,0.01011578549816795,1.1102230246251565e-16,20736
1015,TRAIN_CONFOUNDED,2.0,RECENCY,0,0.9,0.25,0.5,0.75,1.0,1.1102230246251565e-16,20736
1015,TRAIN_CONFOUNDED,2.0,EQUAL,0,0.75,1.0,1.0,1.0,1.0,1.1102230246251565e-16,20736
1016,TRAIN_CONFOUNDED,2.0,EXACT_CF_SHAPLEY,1,2.8837744909041003e-16,0.5,4.8062908181735017e-17,4.8062908181735017e-17,4.8062908181735017e-17,1.1102230246251565e-16,20736
1016,TRAIN_CONFOUNDED,2.0,OBS_ASSOC,0,0.6952477638949469,0.47913530754039846,0.8943633101835541,0.16158605344807114,0.03712793558054012,1.1102230246251565e-16,20736
1016,TRAIN_CONFOUNDED,2.0,RECENCY,0,0.9,0.25,0.5,0.75,1.0,1.1102230246251565e-16,20736
1016,TRAIN_CONFOUNDED,2.0,EQUAL,0,0.75,1.0,1.0,1.0,1.0,1.1102230246251565e-16,20736
1017,TRAIN_CONFOUNDED,2.0,EXACT_CF_SHAPLEY,1,3.161059196517268e-16,0.5,5.2684319941954473e-17,5.2684319941954473e-17,5.2684319941954473e-17,1.1102230246251565e-16,20736
1017,TRAIN_CONFOUNDED,2.0,OBS_ASSOC,0,0.6880277418157711,0.4147221635137928,0.8671313459384732,0.030312967655048543,0.01718942757343741,1.1102230246251565e-16,20736
1017,TRAIN_CONFOUNDED,2.0,RECENCY,0,0.9,0.25,0.5,0.75,1.0,1.1102230246251565e-16,20736
1017,TRAIN_CONFOUNDED,2.0,EQUAL,0,0.75,1.0,1.0,1.0,1.0,1.1102230246251565e-16,20736
1018,TRAIN_CONFOUNDED,2.0,EXACT_CF_SHAPLEY,1,2.955196309016583e-16,0.5,4.9253271816943056e-17,4.9253271816943056e-17,4.9253271816943056e-17,1.1102230246251565e-16,20736
1018,TRAIN_CONFOUNDED,2.0,OBS_ASSOC,0,0.6962243972362618,0.4865307260449922,0.8807690342219915,0.10139523529579021,0.13291725248662603,1.1102230246251565e-16,20736
1018,TRAIN_CONFOUNDED,2.0,RECENCY,0,0.9,0.25,0.5,0.75,1.0,1.1102230246251565e-16,20736
1018,TRAIN_CONFOUNDED,2.0,EQUAL,0,0.75,1.0,1.0,1.0,1.0,1.1102230246251565e-16,20736
1019,TRAIN_CONFOUNDED,2.0,EXACT_CF_SHAPLEY,1,2.9584489155340394e-16,0.5,4.930748192556733e-17,4.930748192556733e-17,4.930748192556733e-17,1.1102230246251565e-16,20736
1019,TRAIN_CONFOUNDED,2.0,OBS_ASSOC,0,0.6693864526311424,0.4565890689443872,0.883503084634255,0.026606590055166506,0.014336826681105712,1.1102230246251565e-16,20736
1019,TRAIN_CONFOUNDED,2.0,RECENCY,0,0.9,0.25,0.5,0.75,1.0,1.1102230246251565e-16,20736
1019,TRAIN_CONFOUNDED,2.0,EQUAL,0,0.75,1.0,1.0,1.0,1.0,1.1102230246251565e-16,20736
1020,TRAIN_CONFOUNDED,2.0,EXACT_CF_SHAPLEY,1,2.9472341993123925e-16,0.5,4.912056998853988e-17,4.912056998853988e-17,4.912056998853988e-17,1.1102230246251565e-16,20736
1020,TRAIN_CONFOUNDED,2.0,OBS_ASSOC,0,0.6766225553599264,0.46315657376978125,0.8828104832926885,0.01969785863050244,0.06658269911914,1.1102230246251565e-16,20736
1020,TRAIN_CONFOUNDED,2.0,RECENCY,0,0.9,0.25,0.5,0.75,1.0,1.1102230246251565e-16,20736
1020,TRAIN_CONFOUNDED,2.0,EQUAL,0,0.75,1.0,1.0,1.0,1.0,1.1102230246251565e-16,20736
1021,TRAIN_CONFOUNDED,2.0,EXACT_CF_SHAPLEY,1,3.161093077835158e-16,0.5,5.2684884630585974e-17,5.2684884630585974e-17,5.2684884630585974e-17,1.1102230246251565e-16,20736
1021,TRAIN_CONFOUNDED,2.0,OBS_ASSOC,0,0.6996495234832941,0.3971926074296108,0.8756847316774558,0.016222514675755053,0.033330568289502045,1.1102230246251565e-16,20736
1021,TRAIN_CONFOUNDED,2.0,RECENCY,0,0.9,0.25,0.5,0.75,1.0,1.1102230246251565e-16,20736
1021,TRAIN_CONFOUNDED,2.0,EQUAL,0,0.75,1.0,1.0,1.0,1.0,1.1102230246251565e-16,20736
1022,TRAIN_CONFOUNDED,2.0,EXACT_CF_SHAPLEY,1,2.995506606976415e-16,0.5,4.9925110116273596e-17,4.9925110116273596e-17,4.9925110116273596e-17,1.1102230246251565e-16,20736
1022,TRAIN_CONFOUNDED,2.0,OBS_ASSOC,0,0.6957236668630141,0.4644493958029532,0.8874219524908424,0.048938300178631634,0.12559692746674392,1.1102230246251565e-16,20736
1022,TRAIN_CONFOUNDED,2.0,RECENCY,0,0.9,0.25,0.5,0.75,1.0,1.1102230246251565e-16,20736
1022,TRAIN_CONFOUNDED,2.0,EQUAL,0,0.75,1.0,1.0,1.0,1.0,1.1102230246251565e-16,20736
1023,TRAIN_CONFOUNDED,2.0,EXACT_CF_SHAPLEY,1,2.7881910579711887e-16,0.5,4.646985096618649e-17,4.646985096618649e-17,4.646985096618649e-17,1.1102230246251565e-16,20736
1023,TRAIN_CONFOUNDED,2.0,OBS_ASSOC,0,0.6937721682202789,0.4283748805657758,0.8781499434146582,0.054800699145616916,0.03755085618985235,1.1102230246251565e-16,20736
1023,TRAIN_CONFOUNDED,2.0,RECENCY,0,0.9,0.25,0.5,0.75,1.0,1.1102230246251565e-16,20736
1023,TRAIN_CONFOUNDED,2.0,EQUAL,0,0.75,1.0,1.0,1.0,1.0,1.1102230246251565e-16,20736
1024,TRAIN_CONFOUNDED,2.0,EXACT_CF_SHAPLEY,1,2.9395261994923783e-16,0.5,4.899210332487298e-17,4.899210332487298e-17,4.899210332487298e-17,1.1102230246251565e-16,20736
1024,TRAIN_CONFOUNDED,2.0,OBS_ASSOC,0,0.6480343666785933,0.5492253512198544,0.8844084695315046,0.0901324281964758,0.036685395256628325,1.1102230246251565e-16,20736
1024,TRAIN_CONFOUNDED,2.0,RECENCY,0,0.9,0.25,0.5,0.75,1.0,1.1102230246251565e-16,20736
1024,TRAIN_CONFOUNDED,2.0,EQUAL,0,0.75,1.0,1.0,1.0,1.0,1.1102230246251565e-16,20736
1025,TRAIN_CONFOUNDED,2.0,EXACT_CF_SHAPLEY,1,3.227195529038884e-16,0.5,5.378659215064807e-17,5.378659215064807e-17,5.378659215064807e-17,1.1102230246251565e-16,20736
1025,TRAIN_CONFOUNDED,2.0,OBS_ASSOC,0,0.6912212241857922,0.4495354842096445,0.8782142682036194,0.047774243020923236,0.08032569185173631,1.1102230246251565e-16,20736
1025,TRAIN_CONFOUNDED,2.0,RECENCY,0,0.9,0.25,0.5,0.75,1.0,1.1102230246251565e-16,20736
1025,TRAIN_CONFOUNDED,2.0,EQUAL,0,0.75,1.0,1.0,1.0,1.0,1.1102230246251565e-16,20736
1026,TRAIN_CONFOUNDED,2.0,EXACT_CF_SHAPLEY,1,2.6655449223735023e-16,0.5,4.442574870622505e-17,4.442574870622505e-17,4.442574870622505e-17,1.1102230246251565e-16,20736
1026,TRAIN_CONFOUNDED,2.0,OBS_ASSOC,0,0.6807085109180211,0.44110413326549713,0.890521516792804,0.02816395770173389,0.021719603568308567,1.1102230246251565e-16,20736
1026,TRAIN_CONFOUNDED,2.0,RECENCY,0,0.9,0.25,0.5,0.75,1.0,1.1102230246251565e-16,20736
1026,TRAIN_CONFOUNDED,2.0,EQUAL,0,0.75,1.0,1.0,1.0,1.0,1.1102230246251565e-16,20736
1027,TRAIN_CONFOUNDED,2.0,EXACT_CF_SHAPLEY,1,2.963293943992334e-16,0.5,4.9388232399872243e-17,4.9388232399872243e-17,4.9388232399872243e-17,1.1102230246251565e-16,20736
1027,TRAIN_CONFOUNDED,2.0,OBS_ASSOC,0,0.6718259703530528,0.46348678646089975,0.8879262079151355,0.018121336452969587,0.042785793830229554,1.1102230246251565e-16,20736
1027,TRAIN_CONFOUNDED,2.0,RECENCY,0,0.9,0.25,0.5,0.75,1.0,1.1102230246251565e-16,20736
1027,TRAIN_CONFOUNDED,2.0,EQUAL,0,0.75,1.0,1.0,1.0,1.0,1.1102230246251565e-16,20736
1028,TRAIN_CONFOUNDED,2.0,EXACT_CF_SHAPLEY,1,2.974169847035079e-16,0.5,4.956949745058466e-17,4.956949745058466e-17,4.956949745058466e-17,1.1102230246251565e-16,20736
1028,TRAIN_CONFOUNDED,2.0,OBS_ASSOC,0,0.6940145477726452,0.45583330686800505,0.8724348997694987,0.006024888252434245,0.1554290587283642,1.1102230246251565e-16,20736
1028,TRAIN_CONFOUNDED,2.0,RECENCY,0,0.9,0.25,0.5,0.75,1.0,1.1102230246251565e-16,20736
1028,TRAIN_CONFOUNDED,2.0,EQUAL,0,0.75,1.0,1.0,1.0,1.0,1.1102230246251565e-16,20736
1029,TRAIN_CONFOUNDED,2.0,EXACT_CF_SHAPLEY,1,2.5392607802673587e-16,0.5,4.232101300445599e-17,4.232101300445599e-17,4.232101300445599e-17,1.1102230246251565e-16,20736
1029,TRAIN_CONFOUNDED,2.0,OBS_ASSOC,0,0.7385533004089767,0.3708490660316917,0.873781692641411,0.05011856690127949,0.12370065528903902,1.1102230246251565e-16,20736
1029,TRAIN_CONFOUNDED,2.0,RECENCY,0,0.9,0.25,0.5,0.75,1.0,1.1102230246251565e-16,20736
1029,TRAIN_CONFOUNDED,2.0,EQUAL,0,0.75,1.0,1.0,1.0,1.0,1.1102230246251565e-16,20736
1030,TRAIN_CONFOUNDED,2.0,EXACT_CF_SHAPLEY,1,3.1684453238173255e-16,0.5,5.28074220636221e-17,5.28074220636221e-17,5.28074220636221e-17,1.1102230246251565e-16,20736
1030,TRAIN_CONFOUNDED,2.0,OBS_ASSOC,0,0.753383962680772,0.3551897678852185,0.8670949813493476,0.12477493826039869,0.09319444904137485,1.1102230246251565e-16,20736
1030,TRAIN_CONFOUNDED,2.0,RECENCY,0,0.9,0.25,0.5,0.75,1.0,1.1102230246251565e-16,20736
1030,TRAIN_CONFOUNDED,2.0,EQUAL,0,0.75,1.0,1.0,1.0,1.0,1.1102230246251565e-16,20736
1031,TRAIN_CONFOUNDED,2.0,EXACT_CF_SHAPLEY,1,2.5562776721776976e-16,0.5,4.2604627869628305e-17,4.2604627869628305e-17,4.2604627869628305e-17,1.1102230246251565e-16,20736
1031,TRAIN_CONFOUNDED,2.0,OBS_ASSOC,0,0.6623322138434703,0.4924480643997075,0.8924999905938598,0.04255887750187239,0.03087341821834674,1.1102230246251565e-16,20736
1031,TRAIN_CONFOUNDED,2.0,RECENCY,0,0.9,0.25,0.5,0.75,1.0,1.1102230246251565e-16,20736
1031,TRAIN_CONFOUNDED,2.0,EQUAL,0,0.75,1.0,1.0,1.0,1.0,1.1102230246251565e-16,20736
1032,TRAIN_CONFOUNDED,2.0,EXACT_CF_SHAPLEY,1,2.5903622779752106e-16,0.5,4.317270463292018e-17,4.317270463292018e-17,4.317270463292018e-17,1.1102230246251565e-16,20736
1032,TRAIN_CONFOUNDED,2.0,OBS_ASSOC,0,0.7085004575429639,0.41706215616771863,0.8718394422328255,0.08496450795470306,0.05688110049221816,1.1102230246251565e-16,20736
1032,TRAIN_CONFOUNDED,2.0,RECENCY,0,0.9,0.25,0.5,0.75,1.0,1.1102230246251565e-16,20736
1032,TRAIN_CONFOUNDED,2.0,EQUAL,0,0.75,1.0,1.0,1.0,1.0,1.1102230246251565e-16,20736
1033,TRAIN_CONFOUNDED,2.0,EXACT_CF_SHAPLEY,1,2.754017513714214e-16,0.5,4.590029189523691e-17,4.590029189523691e-17,4.590029189523691e-17,1.1102230246251565e-16,20736
1033,TRAIN_CONFOUNDED,2.0,OBS_ASSOC,0,0.6895238607583475,0.4060987808837088,0.8688080958884655,0.01624019251702103,0.016840017498270524,1.1102230246251565e-16,20736
1033,TRAIN_CONFOUNDED,2.0,RECENCY,0,0.9,0.25,0.5,0.75,1.0,1.1102230246251565e-16,20736
1033,TRAIN_CONFOUNDED,2.0,EQUAL,0,0.75,1.0,1.0,1.0,1.0,1.1102230246251565e-16,20736
1034,TRAIN_CONFOUNDED,2.0,EXACT_CF_SHAPLEY,1,2.6744726496375627e-16,0.5,4.4574544160626055e-17,4.4574544160626055e-17,4.4574544160626055e-17,1.1102230246251565e-16,20736
1034,TRAIN_CONFOUNDED,2.0,OBS_ASSOC,0,0.7030064022496828,0.4157127911598559,0.8798972358354249,0.013265149349130501,0.09086136447269415,1.1102230246251565e-16,20736
1034,TRAIN_CONFOUNDED,2.0,RECENCY,0,0.9,0.25,0.5,0.75,1.0,1.1102230246251565e-16,20736
1034,TRAIN_CONFOUNDED,2.0,EQUAL,0,0.75,1.0,1.0,1.0,1.0,1.1102230246251565e-16,20736
1035,TRAIN_CONFOUNDED,2.0,EXACT_CF_SHAPLEY,1,2.803916224636965e-16,0.5,4.673193707728275e-17,4.673193707728275e-17,4.673193707728275e-17,1.1102230246251565e-16,20736
1035,TRAIN_CONFOUNDED,2.0,OBS_ASSOC,0,0.6526892902280035,0.49486775693466173,0.8809438198392253,0.03337160400902303,0.015672842976143454,1.1102230246251565e-16,20736
1035,TRAIN_CONFOUNDED,2.0,RECENCY,0,0.9,0.25,0.5,0.75,1.0,1.1102230246251565e-16,20736
1035,TRAIN_CONFOUNDED,2.0,EQUAL,0,0.75,1.0,1.0,1.0,1.0,1.1102230246251565e-16,20736
1036,TRAIN_CONFOUNDED,2.0,EXACT_CF_SHAPLEY,1,2.5197451411626196e-16,0.5,4.199575235271033e-17,4.199575235271033e-17,4.199575235271033e-17,1.1102230246251565e-16,20736
1036,TRAIN_CONFOUNDED,2.0,OBS_ASSOC,0,0.725237753915913,0.35429986118966145,0.8687728763274062,0.06023895827516749,0.0061662664793105774,1.1102230246251565e-16,20736
1036,TRAIN_CONFOUNDED,2.0,RECENCY,0,0.9,0.25,0.5,0.75,1.0,1.1102230246251565e-16,20736
1036,TRAIN_CONFOUNDED,2.0,EQUAL,0,0.75,1.0,1.0,1.0,1.0,1.1102230246251565e-16,20736
1037,TRAIN_CONFOUNDED,2.0,EXACT_CF_SHAPLEY,1,2.971662629511206e-16,0.5,4.9527710491853443e-17,4.9527710491853443e-17,4.9527710491853443e-17,1.1102230246251565e-16,20736
1037,TRAIN_CONFOUNDED,2.0,OBS_ASSOC,0,0.7144191353664464,0.41680687910020736,0.8875305300064708,0.08849537964666186,0.06667283896103082,1.1102230246251565e-16,20736
1037,TRAIN_CONFOUNDED,2.0,RECENCY,0,0.9,0.25,0.5,0.75,1.0,1.1102230246251565e-16,20736
1037,TRAIN_CONFOUNDED,2.0,EQUAL,0,0.75,1.0,1.0,1.0,1.0,1.1102230246251565e-16,20736
1038,TRAIN_CONFOUNDED,2.0,EXACT_CF_SHAPLEY,1,2.5975535876973996e-16,0.5,4.329255979495667e-17,4.329255979495667e-17,4.329255979495667e-17,1.1102230246251565e-16,20736
1038,TRAIN_CONFOUNDED,2.0,OBS_ASSOC,0,0.6483724575951969,0.5021891247784174,0.8737724370085217,0.0043215529554336395,0.047901723521188856,1.1102230246251565e-16,20736
1038,TRAIN_CONFOUNDED,2.0,RECENCY,0,0.9,0.25,0.5,0.75,1.0,1.1102230246251565e-16,20736
1038,TRAIN_CONFOUNDED,2.0,EQUAL,0,0.75,1.0,1.0,1.0,1.0,1.1102230246251565e-16,20736
1039,TRAIN_CONFOUNDED,2.0,EXACT_CF_SHAPLEY,1,3.1997855428657346e-16,0.5,5.332975904776225e-17,5.332975904776225e-17,5.332975904776225e-17,1.1102230246251565e-16,20736
1039,TRAIN_CONFOUNDED,2.0,OBS_ASSOC,0,0.6913554490514292,0.4466411757451933,0.8913852104805068,0.03549460591507879,0.07358434107346817,1.1102230246251565e-16,20736
1039,TRAIN_CONFOUNDED,2.0,RECENCY,0,0.9,0.25,0.5,0.75,1.0,1.1102230246251565e-16,20736
1039,TRAIN_CONFOUNDED,2.0,EQUAL,0,0.75,1.0,1.0,1.0,1.0,1.1102230246251565e-16,20736
1040,TRAIN_CONFOUNDED,2.0,EXACT_CF_SHAPLEY,1,3.383642514396752e-16,0.5,5.639404190661256e-17,5.639404190661256e-17,5.639404190661256e-17,1.1102230246251565e-16,20736
1040,TRAIN_CONFOUNDED,2.0,OBS_ASSOC,0,0.6640205310167595,0.516060697079269,0.8782803091985528,0.017642617735459144,0.12400516316172228,1.1102230246251565e-16,20736
1040,TRAIN_CONFOUNDED,2.0,RECENCY,0,0.9,0.25,0.5,0.75,1.0,1.1102230246251565e-16,20736
1040,TRAIN_CONFOUNDED,2.0,EQUAL,0,0.75,1.0,1.0,1.0,1.0,1.1102230246251565e-16,20736
1041,TRAIN_CONFOUNDED,2.0,EXACT_CF_SHAPLEY,1,3.0806080071870546e-16,0.5,5.134346678645092e-17,5.134346678645092e-17,5.134346678645092e-17,1.1102230246251565e-16,20736
1041,TRAIN_CONFOUNDED,2.0,OBS_ASSOC,0,0.716524335927799,0.38911073740692514,0.8704887271520851,0.03523930009185726,0.07780371131073362,1.1102230246251565e-16,20736
1041,TRAIN_CONFOUNDED,2.0,RECENCY,0,0.9,0.25,0.5,0.75,1.0,1.1102230246251565e-16,20736
1041,TRAIN_CONFOUNDED,2.0,EQUAL,0,0.75,1.0,1.0,1.0,1.0,1.1102230246251565e-16,20736
1042,TRAIN_CONFOUNDED,2.0,EXACT_CF_SHAPLEY,1,2.839254439196414e-16,0.5,4.7320907319940244e-17,4.7320907319940244e-17,4.7320907319940244e-17,1.1102230246251565e-16,20736
1042,TRAIN_CONFOUNDED,2.0,OBS_ASSOC,0,0.6944090089850012,0.4046251113974279,0.8836764093428917,0.03471628490417523,0.0010562779974811875,1.1102230246251565e-16,20736
1042,TRAIN_CONFOUNDED,2.0,RECENCY,0,0.9,0.25,0.5,0.75,1.0,1.1102230246251565e-16,20736
1042,TRAIN_CONFOUNDED,2.0,EQUAL,0,0.75,1.0,1.0,1.0,1.0,1.1102230246251565e-16,20736
1043,TRAIN_CONFOUNDED,2.0,EXACT_CF_SHAPLEY,1,2.660691423585735e-16,0.5,4.4344857059762265e-17,4.4344857059762265e-17,4.4344857059762265e-17,1.1102230246251565e-16,20736
1043,TRAIN_CONFOUNDED,2.0,OBS_ASSOC,0,0.6612854953225928,0.4799614758823817,0.8745303132128254,0.05909161707085162,0.0034255180295512614,1.1102230246251565e-16,20736
1043,TRAIN_CONFOUNDED,2.0,RECENCY,0,0.9,0.25,0.5,0.75,1.0,1.1102230246251565e-16,20736
1043,TRAIN_CONFOUNDED,2.0,EQUAL,0,0.75,1.0,1.0,1.0,1.0,1.1102230246251565e-16,20736
1044,TRAIN_CONFOUNDED,2.0,EXACT_CF_SHAPLEY,1,2.97037513943138e-16,0.5,4.9506252323856345e-17,4.9506252323856345e-17,4.9506252323856345e-17,1.1102230246251565e-16,20736
1044,TRAIN_CONFOUNDED,2.0,OBS_ASSOC,0,0.7160654583192615,0.3961545422548132,0.882905246371533,0.049558494358173326,0.06661365994779611,1.1102230246251565e-16,20736
1044,TRAIN_CONFOUNDED,2.0,RECENCY,0,0.9,0.25,0.5,0.75,1.0,1.1102230246251565e-16,20736
1044,TRAIN_CONFOUNDED,2.0,EQUAL,0,0.75,1.0,1.0,1.0,1.0,1.1102230246251565e-16,20736
1045,TRAIN_CONFOUNDED,2.0,EXACT_CF_SHAPLEY,1,2.8439046500768404e-16,0.5,4.739841083461402e-17,4.739841083461402e-17,4.739841083461402e-17,1.1102230246251565e-16,20736
1045,TRAIN_CONFOUNDED,2.0,OBS_ASSOC,0,0.6790567506712825,0.4535805019073665,0.8690039046615818,0.02109323917747663,0.06959558201602846,1.1102230246251565e-16,20736
1045,TRAIN_CONFOUNDED,2.0,RECENCY,0,0.9,0.25,0.5,0.75,1.0,1.1102230246251565e-16,20736
1045,TRAIN_CONFOUNDED,2.0,EQUAL,0,0.75,1.0,1.0,1.0,1.0,1.1102230246251565e-16,20736
1046,TRAIN_CONFOUNDED,2.0,EXACT_CF_SHAPLEY,1,3.2038523598037393e-16,0.5,5.339753933006233e-17,5.339753933006233e-17,5.339753933006233e-17,1.1102230246251565e-16,20736
1046,TRAIN_CONFOUNDED,2.0,OBS_ASSOC,0,0.7127291434830652,0.4300333486233475,0.8767978202051463,0.11488082190798789,0.0752492876798576,1.1102230246251565e-16,20736
1046,TRAIN_CONFOUNDED,2.0,RECENCY,0,0.9,0.25,0.5,0.75,1.0,1.1102230246251565e-16,20736
1046,TRAIN_CONFOUNDED,2.0,EQUAL,0,0.75,1.0,1.0,1.0,1.0,1.1102230246251565e-16,20736
1047,TRAIN_CONFOUNDED,2.0,EXACT_CF_SHAPLEY,1,2.8343924700791746e-16,0.5,4.7239874501319584e-17,4.7239874501319584e-17,4.7239874501319584e-17,1.1102230246251565e-16,20736
1047,TRAIN_CONFOUNDED,2.0,OBS_ASSOC,0,0.7043450949610877,0.40663337948932987,0.8814304089957771,0.016209304828879216,0.07109180866797545,1.1102230246251565e-16,20736
1047,TRAIN_CONFOUNDED,2.0,RECENCY,0,0.9,0.25,0.5,0.75,1.0,1.1102230246251565e-16,20736
1047,TRAIN_CONFOUNDED,2.0,EQUAL,0,0.75,1.0,1.0,1.0,1.0,1.1102230246251565e-16,20736
1048,TRAIN_CONFOUNDED,2.0,EXACT_CF_SHAPLEY,1,3.301056802039459e-16,0.5,5.5017613367324323e-17,5.5017613367324323e-17,5.5017613367324323e-17,1.1102230246251565e-16,20736
1048,TRAIN_CONFOUNDED,2.0,OBS_ASSOC,0,0.7011970988452705,0.41788792581163786,0.8820378362967678,0.03781752880455264,0.06079709874424387,1.1102230246251565e-16,20736
1048,TRAIN_CONFOUNDED,2.0,RECENCY,0,0.9,0.25,0.5,0.75,1.0,1.1102230246251565e-16,20736
1048,TRAIN_CONFOUNDED,2.0,EQUAL,0,0.75,1.0,1.0,1.0,1.0,1.1102230246251565e-16,20736
1049,TRAIN_CONFOUNDED,2.0,EXACT_CF_SHAPLEY,1,2.579757425475587e-16,0.5,4.299595709125979e-17,4.299595709125979e-17,4.299595709125979e-17,1.1102230246251565e-16,20736
1049,TRAIN_CONFOUNDED,2.0,OBS_ASSOC,0,0.6851161345366689,0.43935571598894024,0.8817726708019674,0.015631281332929403,0.05853480129096385,1.1102230246251565e-16,20736
1049,TRAIN_CONFOUNDED,2.0,RECENCY,0,0.9,0.25,0.5,0.75,1.0,1.1102230246251565e-16,20736
1049,TRAIN_CONFOUNDED,2.0,EQUAL,0,0.75,1.0,1.0,1.0,1.0,1.1102230246251565e-16,20736
1050,TRAIN_CONFOUNDED,2.0,EXACT_CF_SHAPLEY,1,2.7228721122436734e-16,0.5,4.53812018707279e-17,4.53812018707279e-17,4.53812018707279e-17,1.1102230246251565e-16,20736
1050,TRAIN_CONFOUNDED,2.0,OBS_ASSOC,0,0.7019302386960138,0.4292668041774479,0.87840675406721,0.07005645763090411,0.06242547758846798,1.1102230246251565e-16,20736
1050,TRAIN_CONFOUNDED,2.0,RECENCY,0,0.9,0.25,0.5,0.75,1.0,1.1102230246251565e-16,20736
1050,TRAIN_CONFOUNDED,2.0,EQUAL,0,0.75,1.0,1.0,1.0,1.0,1.1102230246251565e-16,20736
1051,TRAIN_CONFOUNDED,2.0,EXACT_CF_SHAPLEY,1,2.853755643253408e-16,0.5,4.756259405422347e-17,4.756259405422347e-17,4.756259405422347e-17,1.1102230246251565e-16,20736
1051,TRAIN_CONFOUNDED,2.0,OBS_ASSOC,0,0.7153515603001592,0.35575659231496276,0.8661875576269268,0.013956246152621827,0.013910046183355514,1.1102230246251565e-16,20736
1051,TRAIN_CONFOUNDED,2.0,RECENCY,0,0.9,0.25,0.5,0.75,1.0,1.1102230246251565e-16,20736
1051,TRAIN_CONFOUNDED,2.0,EQUAL,0,0.75,1.0,1.0,1.0,1.0,1.1102230246251565e-16,20736
1052,TRAIN_CONFOUNDED,2.0,EXACT_CF_SHAPLEY,1,2.852214043289405e-16,0.5,4.753690072149009e-17,4.753690072149009e-17,4.753690072149009e-17,1.1102230246251565e-16,20736
1052,TRAIN_CONFOUNDED,2.0,OBS_ASSOC,0,0.7031957866240294,0.43509019852478503,0.8788494176041851,0.10074442170625497,0.051232478564235365,1.1102230246251565e-16,20736
1052,TRAIN_CONFOUNDED,2.0,RECENCY,0,0.9,0.25,0.5,0.75,1.0,1.1102230246251565e-16,20736
1052,TRAIN_CONFOUNDED,2.0,EQUAL,0,0.75,1.0,1.0,1.0,1.0,1.1102230246251565e-16,20736
1053,TRAIN_CONFOUNDED,2.0,EXACT_CF_SHAPLEY,1,2.9627857242239814e-16,0.5,4.9379762070399694e-17,4.9379762070399694e-17,4.9379762070399694e-17,1.1102230246251565e-16,20736
1053,TRAIN_CONFOUNDED,2.0,OBS_ASSOC,0,0.6918371517056733,0.4160305253573063,0.8799058865290351,0.02715683265740978,0.026941412975882508,1.1102230246251565e-16,20736
1053,TRAIN_CONFOUNDED,2.0,RECENCY,0,0.9,0.25,0.5,0.75,1.0,1.1102230246251565e-16,20736
1053,TRAIN_CONFOUNDED,2.0,EQUAL,0,0.75,1.0,1.0,1.0,1.0,1.1102230246251565e-16,20736
1054,TRAIN_CONFOUNDED,2.0,EXACT_CF_SHAPLEY,1,3.062803374635769e-16,0.5,5.1046722910596163e-17,5.1046722910596163e-17,5.1046722910596163e-17,1.1102230246251565e-16,20736
1054,TRAIN_CONFOUNDED,2.0,OBS_ASSOC,0,0.695324955652997,0.41206717312095825,0.8850742945679266,0.05271475399380925,0.0026246616929831855,1.1102230246251565e-16,20736
1054,TRAIN_CONFOUNDED,2.0,RECENCY,0,0.9,0.25,0.5,0.75,1.0,1.1102230246251565e-16,20736
1054,TRAIN_CONFOUNDED,2.0,EQUAL,0,0.75,1.0,1.0,1.0,1.0,1.1102230246251565e-16,20736
1055,TRAIN_CONFOUNDED,2.0,EXACT_CF_SHAPLEY,1,2.674726759521739e-16,0.5,4.4578779325362326e-17,4.4578779325362326e-17,4.4578779325362326e-17,1.1102230246251565e-16,20736
1055,TRAIN_CONFOUNDED,2.0,OBS_ASSOC,0,0.6858787868190636,0.46326172786232517,0.8848070031337989,0.07199941491002208,0.05471836459762751,1.1102230246251565e-16,20736
1055,TRAIN_CONFOUNDED,2.0,RECENCY,0,0.9,0.25,0.5,0.75,1.0,1.1102230246251565e-16,20736
1055,TRAIN_CONFOUNDED,2.0,EQUAL,0,0.75,1.0,1.0,1.0,1.0,1.1102230246251565e-16,20736
1056,TRAIN_CONFOUNDED,2.0,EXACT_CF_SHAPLEY,1,2.616654180657984e-16,0.5,4.3610903010966414e-17,4.3610903010966414e-17,4.3610903010966414e-17,1.1102230246251565e-16,20736
1056,TRAIN_CONFOUNDED,2.0,OBS_ASSOC,0,0.680024083679696,0.4340404424670112,0.8781885637742293,0.0017960413921200458,0.04245342567938008,1.1102230246251565e-16,20736
1056,TRAIN_CONFOUNDED,2.0,RECENCY,0,0.9,0.25,0.5,0.75,1.0,1.1102230246251565e-16,20736
1056,TRAIN_CONFOUNDED,2.0,EQUAL,0,0.75,1.0,1.0,1.0,1.0,1.1102230246251565e-16,20736
1057,TRAIN_CONFOUNDED,2.0,EXACT_CF_SHAPLEY,1,3.3625175126922293e-16,0.5,5.604195854487051e-17,5.604195854487051e-17,5.604195854487051e-17,1.1102230246251565e-16,20736
1057,TRAIN_CONFOUNDED,2.0,OBS_ASSOC,0,0.6702115758569667,0.46353665182895937,0.8781649238417754,0.013564871453201986,0.05029123135879169,1.1102230246251565e-16,20736
1057,TRAIN_CONFOUNDED,2.0,RECENCY,0,0.9,0.25,0.5,0.75,1.0,1.1102230246251565e-16,20736
1057,TRAIN_CONFOUNDED,2.0,EQUAL,0,0.75,1.0,1.0,1.0,1.0,1.1102230246251565e-16,20736
1058,TRAIN_CONFOUNDED,2.0,EXACT_CF_SHAPLEY,1,2.978049257933504e-16,0.5,4.9634154298891744e-17,4.9634154298891744e-17,4.9634154298891744e-17,1.1102230246251565e-16,20736
1058,TRAIN_CONFOUNDED,2.0,OBS_ASSOC,0,0.6671601676138119,0.5285866134700087,0.8889290413342593,0.10130098199782266,0.06929440652008881,1.1102230246251565e-16,20736
1058,TRAIN_CONFOUNDED,2.0,RECENCY,0,0.9,0.25,0.5,0.75,1.0,1.1102230246251565e-16,20736
1058,TRAIN_CONFOUNDED,2.0,EQUAL,0,0.75,1.0,1.0,1.0,1.0,1.1102230246251565e-16,20736
1059,TRAIN_CONFOUNDED,2.0,EXACT_CF_SHAPLEY,1,2.903256248690949e-16,0.5,4.838760414484916e-17,4.838760414484916e-17,4.838760414484916e-17,1.1102230246251565e-16,20736
1059,TRAIN_CONFOUNDED,2.0,OBS_ASSOC,0,0.6623863564255255,0.4666373659690335,0.8802176387348727,0.026952915877626316,0.00835590736251645,1.1102230246251565e-16,20736
1059,TRAIN_CONFOUNDED,2.0,RECENCY,0,0.9,0.25,0.5,0.75,1.0,1.1102230246251565e-16,20736
1059,TRAIN_CONFOUNDED,2.0,EQUAL,0,0.75,1.0,1.0,1.0,1.0,1.1102230246251565e-16,20736
1060,TRAIN_CONFOUNDED,2.0,EXACT_CF_SHAPLEY,1,2.53210335186306e-16,0.5,4.2201722531051006e-17,4.2201722531051006e-17,4.2201722531051006e-17,1.1102230246251565e-16,20736
1060,TRAIN_CONFOUNDED,2.0,OBS_ASSOC,0,0.652883871645543,0.5049497346553664,0.8901490390155744,0.030147808598309588,0.029453137530971556,1.1102230246251565e-16,20736
1060,TRAIN_CONFOUNDED,2.0,RECENCY,0,0.9,0.25,0.5,0.75,1.0,1.1102230246251565e-16,20736
1060,TRAIN_CONFOUNDED,2.0,EQUAL,0,0.75,1.0,1.0,1.0,1.0,1.1102230246251565e-16,20736
1061,TRAIN_CONFOUNDED,2.0,EXACT_CF_SHAPLEY,1,3.149260027562015e-16,0.5,5.2487667126033596e-17,5.2487667126033596e-17,5.2487667126033596e-17,1.1102230246251565e-16,20736
1061,TRAIN_CONFOUNDED,2.0,OBS_ASSOC,0,0.6942377676408279,0.3949924806190971,0.8736818980829625,0.015857266271797982,0.007297229938032044,1.1102230246251565e-16,20736
1061,TRAIN_CONFOUNDED,2.0,RECENCY,0,0.9,0.25,0.5,0.75,1.0,1.1102230246251565e-16,20736
1061,TRAIN_CONFOUNDED,2.0,EQUAL,0,0.75,1.0,1.0,1.0,1.0,1.1102230246251565e-16,20736
1062,TRAIN_CONFOUNDED,2.0,EXACT_CF_SHAPLEY,1,2.7200938441766793e-16,0.5,4.533489740294466e-17,4.533489740294466e-17,4.533489740294466e-17,1.1102230246251565e-16,20736
1062,TRAIN_CONFOUNDED,2.0,OBS_ASSOC,0,0.6929001222309735,0.40093563756661166,0.8736336865376841,0.023363732982932848,0.007621476113074919,1.1102230246251565e-16,20736
1062,TRAIN_CONFOUNDED,2.0,RECENCY,0,0.9,0.25,0.5,0.75,1.0,1.1102230246251565e-16,20736
1062,TRAIN_CONFOUNDED,2.0,EQUAL,0,0.75,1.0,1.0,1.0,1.0,1.1102230246251565e-16,20736
1063,TRAIN_CONFOUNDED,2.0,EXACT_CF_SHAPLEY,1,3.0231114107274327e-16,0.5,5.0385190178790555e-17,5.0385190178790555e-17,5.0385190178790555e-17,1.1102230246251565e-16,20736
1063,TRAIN_CONFOUNDED,2.0,OBS_ASSOC,0,0.6928678847715863,0.41463021515331,0.8763495100219543,0.038432673242305766,0.020593656289376403,1.1102230246251565e-16,20736
1063,TRAIN_CONFOUNDED,2.0,RECENCY,0,0.9,0.25,0.5,0.75,1.0,1.1102230246251565e-16,20736
1063,TRAIN_CONFOUNDED,2.0,EQUAL,0,0.75,1.0,1.0,1.0,1.0,1.1102230246251565e-16,20736
1064,TRAIN_CONFOUNDED,2.0,EXACT_CF_SHAPLEY,1,2.846877735721703e-16,0.5,4.7447962262028395e-17,4.7447962262028395e-17,4.7447962262028395e-17,1.1102230246251565e-16,20736
1064,TRAIN_CONFOUNDED,2.0,OBS_ASSOC,0,0.6665497529529607,0.5080065686002696,0.8858238394014082,0.06519942475841312,0.06445552404819423,1.1102230246251565e-16,20736
1064,TRAIN_CONFOUNDED,2.0,RECENCY,0,0.9,0.25,0.5,0.75,1.0,1.1102230246251565e-16,20736
1064,TRAIN_CONFOUNDED,2.0,EQUAL,0,0.75,1.0,1.0,1.0,1.0,1.1102230246251565e-16,20736
1065,TRAIN_CONFOUNDED,2.0,EXACT_CF_SHAPLEY,1,2.538329044025379e-16,0.5,4.230548406708966e-17,4.230548406708966e-17,4.230548406708966e-17,1.1102230246251565e-16,20736
1065,TRAIN_CONFOUNDED,2.0,OBS_ASSOC,0,0.6834929577300484,0.4574468038625706,0.881868583357629,0.03202985993433591,0.07395214838464542,1.1102230246251565e-16,20736
1065,TRAIN_CONFOUNDED,2.0,RECENCY,0,0.9,0.25,0.5,0.75,1.0,1.1102230246251565e-16,20736
1065,TRAIN_CONFOUNDED,2.0,EQUAL,0,0.75,1.0,1.0,1.0,1.0,1.1102230246251565e-16,20736
1066,TRAIN_CONFOUNDED,2.0,EXACT_CF_SHAPLEY,1,3.129210757700506e-16,0.5,5.2153512628341774e-17,5.2153512628341774e-17,5.2153512628341774e-17,1.1102230246251565e-16,20736
1066,TRAIN_CONFOUNDED,2.0,OBS_ASSOC,0,0.7062145799853989,0.444573881561669,0.881668492394512,0.01637173495695351,0.17064642504928526,1.1102230246251565e-16,20736
1066,TRAIN_CONFOUNDED,2.0,RECENCY,0,0.9,0.25,0.5,0.75,1.0,1.1102230246251565e-16,20736
1066,TRAIN_CONFOUNDED,2.0,EQUAL,0,0.75,1.0,1.0,1.0,1.0,1.1102230246251565e-16,20736
1067,TRAIN_CONFOUNDED,2.0,EXACT_CF_SHAPLEY,1,2.4254449631447984e-16,0.5,4.0424082719079977e-17,4.0424082719079977e-17,4.0424082719079977e-17,1.1102230246251565e-16,20736
1067,TRAIN_CONFOUNDED,2.0,OBS_ASSOC,0,0.6802244313153972,0.47592049561069366,0.8876559670812127,0.01408768165405014,0.11063121720525051,1.1102230246251565e-16,20736
1067,TRAIN_CONFOUNDED,2.0,RECENCY,0,0.9,0.25,0.5,0.75,1.0,1.1102230246251565e-16,20736
1067,TRAIN_CONFOUNDED,2.0,EQUAL,0,0.75,1.0,1.0,1.0,1.0,1.1102230246251565e-16,20736
1068,TRAIN_CONFOUNDED,2.0,EXACT_CF_SHAPLEY,1,3.086926872973571e-16,0.5,5.1448781216226196e-17,5.1448781216226196e-17,5.1448781216226196e-17,1.1102230246251565e-16,20736
1068,TRAIN_CONFOUNDED,2.0,OBS_ASSOC,0,0.670959263059612,0.46637511799472775,0.8837220145856873,0.018830326795815717,0.04845059031863196,1.1102230246251565e-16,20736
1068,TRAIN_CONFOUNDED,2.0,RECENCY,0,0.9,0.25,0.5,0.75,1.0,1.1102230246251565e-16,20736
1068,TRAIN_CONFOUNDED,2.0,EQUAL,0,0.75,1.0,1.0,1.0,1.0,1.1102230246251565e-16,20736
1069,TRAIN_CONFOUNDED,2.0,EXACT_CF_SHAPLEY,1,2.867968856108335e-16,0.5,4.7799480935138923e-17,4.7799480935138923e-17,4.7799480935138923e-17,1.1102230246251565e-16,20736
1069,TRAIN_CONFOUNDED,2.0,OBS_ASSOC,0,0.7066223762714069,0.4176214340762449,0.8745598582304797,0.008206330099458937,0.12310687853295817,1.1102230246251565e-16,20736
1069,TRAIN_CONFOUNDED,2.0,RECENCY,0,0.9,0.25,0.5,0.75,1.0,1.1102230246251565e-16,20736
1069,TRAIN_CONFOUNDED,2.0,EQUAL,0,0.75,1.0,1.0,1.0,1.0,1.1102230246251565e-16,20736
1070,TRAIN_CONFOUNDED,2.0,EXACT_CF_SHAPLEY,1,3.130701535687674e-16,0.5,5.217835892812791e-17,5.217835892812791e-17,5.217835892812791e-17,1.1102230246251565e-16,20736
1070,TRAIN_CONFOUNDED,2.0,OBS_ASSOC,0,0.6838213256102618,0.44862423710084876,0.8850665482491319,0.08431470481537705,0.000889183761484078,1.1102230246251565e-16,20736
1070,TRAIN_CONFOUNDED,2.0,RECENCY,0,0.9,0.25,0.5,0.75,1.0,1.1102230246251565e-16,20736
1070,TRAIN_CONFOUNDED,2.0,EQUAL,0,0.75,1.0,1.0,1.0,1.0,1.1102230246251565e-16,20736
1071,TRAIN_CONFOUNDED,2.0,EXACT_CF_SHAPLEY,1,2.8170113540015163e-16,0.5,4.6950189233358613e-17,4.6950189233358613e-17,4.6950189233358613e-17,1.1102230246251565e-16,20736
1071,TRAIN_CONFOUNDED,2.0,OBS_ASSOC,0,0.6914076662579511,0.40462109565126414,0.8829918355211452,0.02332293207959586,0.00024737563391367013,1.1102230246251565e-16,20736
1071,TRAIN_CONFOUNDED,2.0,RECENCY,0,0.9,0.25,0.5,0.75,1.0,1.1102230246251565e-16,20736
1071,TRAIN_CONFOUNDED,2.0,EQUAL,0,0.75,1.0,1.0,1.0,1.0,1.1102230246251565e-16,20736
1072,TRAIN_CONFOUNDED,2.0,EXACT_CF_SHAPLEY,1,2.842507045713871e-16,0.5,4.7375117428564525e-17,4.7375117428564525e-17,4.7375117428564525e-17,1.1102230246251565e-16,20736
1072,TRAIN_CONFOUNDED,2.0,OBS_ASSOC,0,0.6924229543150967,0.42099796025271813,0.8681893941149722,0.06190261389745731,0.017666140680669837,1.1102230246251565e-16,20736
1072,TRAIN_CONFOUNDED,2.0,RECENCY,0,0.9,0.25,0.5,0.75,1.0,1.1102230246251565e-16,20736
1072,TRAIN_CONFOUNDED,2.0,EQUAL,0,0.75,1.0,1.0,1.0,1.0,1.1102230246251565e-16,20736
1073,TRAIN_CONFOUNDED,2.0,EXACT_CF_SHAPLEY,1,2.4605629491379616e-16,0.5,4.10093824856327e-17,4.10093824856327e-17,4.10093824856327e-17,1.1102230246251565e-16,20736
1073,TRAIN_CONFOUNDED,2.0,OBS_ASSOC,0,0.7106781173651905,0.3719055282939976,0.8730497751399767,0.018236610756210934,0.022246729119859646,1.1102230246251565e-16,20736
1073,TRAIN_CONFOUNDED,2.0,RECENCY,0,0.9,0.25,0.5,0.75,1.0,1.1102230246251565e-16,20736
1073,TRAIN_CONFOUNDED,2.0,EQUAL,0,0.75,1.0,1.0,1.0,1.0,1.1102230246251565e-16,20736
1074,TRAIN_CONFOUNDED,2.0,EXACT_CF_SHAPLEY,1,3.3410796381928155e-16,0.5,5.568466063654695e-17,5.568466063654695e-17,5.568466063654695e-17,1.1102230246251565e-16,20736
1074,TRAIN_CONFOUNDED,2.0,OBS_ASSOC,0,0.7431261507972575,0.393667154063033,0.8740268222245992,0.0238732560872986,0.24096383407988706,1.1102230246251565e-16,20736
1074,TRAIN_CONFOUNDED,2.0,RECENCY,0,0.9,0.25,0.5,0.75,1.0,1.1102230246251565e-16,20736
1074,TRAIN_CONFOUNDED,2.0,EQUAL,0,0.75,1.0,1.0,1.0,1.0,1.1102230246251565e-16,20736
1075,TRAIN_CONFOUNDED,2.0,EXACT_CF_SHAPLEY,1,2.965962097776185e-16,0.5,4.943270162960309e-17,4.943270162960309e-17,4.943270162960309e-17,1.1102230246251565e-16,20736
1075,TRAIN_CONFOUNDED,2.0,OBS_ASSOC,0,0.6601915474471507,0.5476933588659939,0.8908108210591409,0.12784428614922283,0.04542238527258763,1.1102230246251565e-16,20736
1075,TRAIN_CONFOUNDED,2.0,RECENCY,0,0.9,0.25,0.5,0.75,1.0,1.1102230246251565e-16,20736
1075,TRAIN_CONFOUNDED,2.0,EQUAL,0,0.75,1.0,1.0,1.0,1.0,1.1102230246251565e-16,20736
1076,TRAIN_CONFOUNDED,2.0,EXACT_CF_SHAPLEY,1,2.6325275780895297e-16,0.5,4.3875459634825503e-17,4.3875459634825503e-17,4.3875459634825503e-17,1.1102230246251565e-16,20736
1076,TRAIN_CONFOUNDED,2.0,OBS_ASSOC,0,0.695304422119254,0.44117235372238034,0.8761489351271164,0.006907130933121742,0.12368348228984852,1.1102230246251565e-16,20736
1076,TRAIN_CONFOUNDED,2.0,RECENCY,0,0.9,0.25,0.5,0.75,1.0,1.1102230246251565e-16,20736
1076,TRAIN_CONFOUNDED,2.0,EQUAL,0,0.75,1.0,1.0,1.0,1.0,1.1102230246251565e-16,20736
1077,TRAIN_CONFOUNDED,2.0,EXACT_CF_SHAPLEY,1,2.558247023780064e-16,0.5,4.2637450396334403e-17,4.2637450396334403e-17,4.2637450396334403e-17,1.1102230246251565e-16,20736
1077,TRAIN_CONFOUNDED,2.0,OBS_ASSOC,0,0.721266179474853,0.3723286381720101,0.8793773442423037,0.0005029494710092572,0.08357672006938506,1.1102230246251565e-16,20736
1077,TRAIN_CONFOUNDED,2.0,RECENCY,0,0.9,0.25,0.5,0.75,1.0,1.1102230246251565e-16,20736
1077,TRAIN_CONFOUNDED,2.0,EQUAL,0,0.75,1.0,1.0,1.0,1.0,1.1102230246251565e-16,20736
1078,TRAIN_CONFOUNDED,2.0,EXACT_CF_SHAPLEY,1,2.8055509982251656e-16,0.5,4.675918330375277e-17,4.675918330375277e-17,4.675918330375277e-17,1.1102230246251565e-16,20736
1078,TRAIN_CONFOUNDED,2.0,OBS_ASSOC,0,0.7033420199483743,0.40128491222093055,0.869290327708737,0.021554959931252844,0.060555179278711214,1.1102230246251565e-16,20736
1078,TRAIN_CONFOUNDED,2.0,RECENCY,0,0.9,0.25,0.5,0.75,1.0,1.1102230246251565e-16,20736
1078,TRAIN_CONFOUNDED,2.0,EQUAL,0,0.75,1.0,1.0,1.0,1.0,1.1102230246251565e-16,20736
1079,TRAIN_CONFOUNDED,2.0,EXACT_CF_SHAPLEY,1,2.494545910981804e-16,0.5,4.157576518303008e-17,4.157576518303008e-17,4.157576518303008e-17,1.1102230246251565e-16,20736
1079,TRAIN_CONFOUNDED,2.0,OBS_ASSOC,0,0.6845390357220634,0.4457160359031144,0.8908638754066004,0.04816790768204121,0.028156110099187365,1.1102230246251565e-16,20736
1079,TRAIN_CONFOUNDED,2.0,RECENCY,0,0.9,0.25,0.5,0.75,1.0,1.1102230246251565e-16,20736
1079,TRAIN_CONFOUNDED,2.0,EQUAL,0,0.75,1.0,1.0,1.0,1.0,1.1102230246251565e-16,20736
1080,TRAIN_CONFOUNDED,2.0,EXACT_CF_SHAPLEY,1,2.863445700169997e-16,0.5,4.7724095002833297e-17,4.7724095002833297e-17,4.7724095002833297e-17,1.1102230246251565e-16,20736
1080,TRAIN_CONFOUNDED,2.0,OBS_ASSOC,0,0.6809453471555243,0.48917497359879164,0.8914200275110724,0.03962305031966236,0.11298313914280375,1.1102230246251565e-16,20736
1080,TRAIN_CONFOUNDED,2.0,RECENCY,0,0.9,0.25,0.5,0.75,1.0,1.1102230246251565e-16,20736
1080,TRAIN_CONFOUNDED,2.0,EQUAL,0,0.75,1.0,1.0,1.0,1.0,1.1102230246251565e-16,20736
1081,TRAIN_CONFOUNDED,2.0,EXACT_CF_SHAPLEY,1,2.816384549620548e-16,0.5,4.6939742493675815e-17,4.6939742493675815e-17,4.6939742493675815e-17,1.1102230246251565e-16,20736
1081,TRAIN_CONFOUNDED,2.0,OBS_ASSOC,0,0.7027865865901344,0.3907903630077774,0.8821686182211134,0.02596624379824901,0.01592244124849563,1.1102230246251565e-16,20736
1081,TRAIN_CONFOUNDED,2.0,RECENCY,0,0.9,0.25,0.5,0.75,1.0,1.1102230246251565e-16,20736
1081,TRAIN_CONFOUNDED,2.0,EQUAL,0,0.75,1.0,1.0,1.0,1.0,1.1102230246251565e-16,20736
1082,TRAIN_CONFOUNDED,2.0,EXACT_CF_SHAPLEY,1,2.7829606295218934e-16,0.5,4.638267715869823e-17,4.638267715869823e-17,4.638267715869823e-17,1.1102230246251565e-16,20736
1082,TRAIN_CONFOUNDED,2.0,OBS_ASSOC,0,0.6516746096491045,0.4956562443088905,0.8926018198275208,0.0206160034530773,0.014094966650527747,1.1102230246251565e-16,20736
1082,TRAIN_CONFOUNDED,2.0,RECENCY,0,0.9,0.25,0.5,0.75,1.0,1.1102230246251565e-16,20736
1082,TRAIN_CONFOUNDED,2.0,EQUAL,0,0.75,1.0,1.0,1.0,1.0,1.1102230246251565e-16,20736
1083,TRAIN_CONFOUNDED,2.0,EXACT_CF_SHAPLEY,1,2.5425218571142877e-16,0.5,4.237536428523814e-17,4.237536428523814e-17,4.237536428523814e-17,1.1102230246251565e-16,20736
1083,TRAIN_CONFOUNDED,2.0,OBS_ASSOC,0,0.6790144433441406,0.45076361978036805,0.8798472847289383,0.026969393306357465,0.04673092564430216,1.1102230246251565e-16,20736
1083,TRAIN_CONFOUNDED,2.0,RECENCY,0,0.9,0.25,0.5,0.75,1.0,1.1102230246251565e-16,20736
1083,TRAIN_CONFOUNDED,2.0,EQUAL,0,0.75,1.0,1.0,1.0,1.0,1.1102230246251565e-16,20736
1084,TRAIN_CONFOUNDED,2.0,EXACT_CF_SHAPLEY,1,2.536211461657243e-16,0.5,4.2270191027620724e-17,4.2270191027620724e-17,4.2270191027620724e-17,1.1102230246251565e-16,20736
1084,TRAIN_CONFOUNDED,2.0,OBS_ASSOC,0,0.6880317227060037,0.43304362155001896,0.8792837305957957,0.06449453962724606,0.011279569395448663,1.1102230246251565e-16,20736
1084,TRAIN_CONFOUNDED,2.0,RECENCY,0,0.9,0.25,0.5,0.75,1.0,1.1102230246251565e-16,20736
1084,TRAIN_CONFOUNDED,2.0,EQUAL,0,0.75,1.0,1.0,1.0,1.0,1.1102230246251565e-16,20736
1085,TRAIN_CONFOUNDED,2.0,EXACT_CF_SHAPLEY,1,2.499035185602252e-16,0.5,4.165058642670421e-17,4.165058642670421e-17,4.165058642670421e-17,1.1102230246251565e-16,20736
1085,TRAIN_CONFOUNDED,2.0,OBS_ASSOC,0,0.7017623965147406,0.41533331938434526,0.8793040229401091,0.023933572551723504,0.07405467804263523,1.1102230246251565e-16,20736
1085,TRAIN_CONFOUNDED,2.0,RECENCY,0,0.9,0.25,0.5,0.75,1.0,1.1102230246251565e-16,20736
1085,TRAIN_CONFOUNDED,2.0,EQUAL,0,0.75,1.0,1.0,1.0,1.0,1.1102230246251565e-16,20736
1086,TRAIN_CONFOUNDED,2.0,EXACT_CF_SHAPLEY,1,2.6394224262801797e-16,0.5,4.399037377133634e-17,4.399037377133634e-17,4.399037377133634e-17,1.1102230246251565e-16,20736
1086,TRAIN_CONFOUNDED,2.0,OBS_ASSOC,0,0.6990322812602806,0.43660755459837075,0.8877520115415646,0.030588104389350106,0.09573134722927483,1.1102230246251565e-16,20736
1086,TRAIN_CONFOUNDED,2.0,RECENCY,0,0.9,0.25,0.5,0.75,1.0,1.1102230246251565e-16,20736
1086,TRAIN_CONFOUNDED,2.0,EQUAL,0,0.75,1.0,1.0,1.0,1.0,1.1102230246251565e-16,20736
1087,TRAIN_CONFOUNDED,2.0,EXACT_CF_SHAPLEY,1,3.080929879707011e-16,0.5,5.1348831328450195e-17,5.1348831328450195e-17,5.1348831328450195e-17,1.1102230246251565e-16,20736
1087,TRAIN_CONFOUNDED,2.0,OBS_ASSOC,0,0.7189582506505615,0.36518999843705635,0.8807575179803172,0.0306497586342026,0.022818200700357314,1.1102230246251565e-16,20736
1087,TRAIN_CONFOUNDED,2.0,RECENCY,0,0.9,0.25,0.5,0.75,1.0,1.1102230246251565e-16,20736
1087,TRAIN_CONFOUNDED,2.0,EQUAL,0,0.75,1.0,1.0,1.0,1.0,1.1102230246251565e-16,20736
1088,TRAIN_CONFOUNDED,2.0,EXACT_CF_SHAPLEY,1,2.34354534747478e-16,0.5,3.905908912457967e-17,3.905908912457967e-17,3.905908912457967e-17,1.1102230246251565e-16,20736
1088,TRAIN_CONFOUNDED,2.0,OBS_ASSOC,0,0.7039245644012865,0.40487732344275135,0.8718037731718791,0.020397522064789925,0.07040167438853473,1.1102230246251565e-16,20736
1088,TRAIN_CONFOUNDED,2.0,RECENCY,0,0.9,0.25,0.5,0.75,1.0,1.1102230246251565e-16,20736
1088,TRAIN_CONFOUNDED,2.0,EQUAL,0,0.75,1.0,1.0,1.0,1.0,1.1102230246251565e-16,20736
1089,TRAIN_CONFOUNDED,2.0,EXACT_CF_SHAPLEY,1,3.13385249825146e-16,0.5,5.223087497085767e-17,5.223087497085767e-17,5.223087497085767e-17,1.1102230246251565e-16,20736
1089,TRAIN_CONFOUNDED,2.0,OBS_ASSOC,0,0.6772766252082866,0.4280940678925518,0.8701906809818204,0.027096870641410607,0.001123063229447283,1.1102230246251565e-16,20736
1089,TRAIN_CONFOUNDED,2.0,RECENCY,0,0.9,0.25,0.5,0.75,1.0,1.1102230246251565e-16,20736
1089,TRAIN_CONFOUNDED,2.0,EQUAL,0,0.75,1.0,1.0,1.0,1.0,1.1102230246251565e-16,20736
1090,TRAIN_CONFOUNDED,2.0,EXACT_CF_SHAPLEY,1,2.812869362889443e-16,0.5,4.688115604815739e-17,4.688115604815739e-17,4.688115604815739e-17,1.1102230246251565e-16,20736
1090,TRAIN_CONFOUNDED,2.0,OBS_ASSOC,0,0.6891820977318077,0.41501774106718087,0.8781776803519799,0.012804220125703347,0.029244364796439843,1.1102230246251565e-16,20736
1090,TRAIN_CONFOUNDED,2.0,RECENCY,0,0.9,0.25,0.5,0.75,1.0,1.1102230246251565e-16,20736
1090,TRAIN_CONFOUNDED,2.0,EQUAL,0,0.75,1.0,1.0,1.0,1.0,1.1102230246251565e-16,20736
1091,TRAIN_CONFOUNDED,2.0,EXACT_CF_SHAPLEY,1,2.6264120002103537e-16,0.5,4.3773533336839234e-17,4.3773533336839234e-17,4.3773533336839234e-17,1.1102230246251565e-16,20736
1091,TRAIN_CONFOUNDED,2.0,OBS_ASSOC,0,0.7000244456377238,0.41025160833070373,0.8761726083586342,0.04557936652229415,0.03561321877366806,1.1102230246251565e-16,20736
1091,TRAIN_CONFOUNDED,2.0,RECENCY,0,0.9,0.25,0.5,0.75,1.0,1.1102230246251565e-16,20736
1091,TRAIN_CONFOUNDED,2.0,EQUAL,0,0.75,1.0,1.0,1.0,1.0,1.1102230246251565e-16,20736
1092,TRAIN_CONFOUNDED,2.0,EXACT_CF_SHAPLEY,1,2.6746854666655603e-16,0.5,4.457809111109268e-17,4.457809111109268e-17,4.457809111109268e-17,1.1102230246251565e-16,20736
1092,TRAIN_CONFOUNDED,2.0,OBS_ASSOC,0,0.706143659503206,0.4075242633009076,0.8773542129549076,0.06131578137943664,0.04062034235584076,1.1102230246251565e-16,20736
1092,TRAIN_CONFOUNDED,2.0,RECENCY,0,0.9,0.25,0.5,0.75,1.0,1.1102230246251565e-16,20736
1092,TRAIN_CONFOUNDED,2.0,EQUAL,0,0.75,1.0,1.0,1.0,1.0,1.1102230246251565e-16,20736
1093,TRAIN_CONFOUNDED,2.0,EXACT_CF_SHAPLEY,1,3.0632438317683414e-16,0.5,5.10540638628057e-17,5.10540638628057e-17,5.10540638628057e-17,1.1102230246251565e-16,20736
1093,TRAIN_CONFOUNDED,2.0,OBS_ASSOC,0,0.6745605110420471,0.46334533626993996,0.8774228223837267,0.02836276542085884,0.05462173038531661,1.1102230246251565e-16,20736
1093,TRAIN_CONFOUNDED,2.0,RECENCY,0,0.9,0.25,0.5,0.75,1.0,1.1102230246251565e-16,20736
1093,TRAIN_CONFOUNDED,2.0,EQUAL,0,0.75,1.0,1.0,1.0,1.0,1.1102230246251565e-16,20736
1094,TRAIN_CONFOUNDED,2.0,EXACT_CF_SHAPLEY,1,3.0256863908870857e-16,0.5,5.042810651478477e-17,5.042810651478477e-17,5.042810651478477e-17,1.1102230246251565e-16,20736
1094,TRAIN_CONFOUNDED,2.0,OBS_ASSOC,0,0.693831134102577,0.43496570059956563,0.8823556228922509,0.09129764918724224,0.012053568026938096,1.1102230246251565e-16,20736
1094,TRAIN_CONFOUNDED,2.0,RECENCY,0,0.9,0.25,0.5,0.75,1.0,1.1102230246251565e-16,20736
1094,TRAIN_CONFOUNDED,2.0,EQUAL,0,0.75,1.0,1.0,1.0,1.0,1.1102230246251565e-16,20736
1095,TRAIN_CONFOUNDED,2.0,EXACT_CF_SHAPLEY,1,2.5334077826018315e-16,0.5,4.222346304336387e-17,4.222346304336387e-17,4.222346304336387e-17,1.1102230246251565e-16,20736
1095,TRAIN_CONFOUNDED,2.0,OBS_ASSOC,0,0.7302103360519575,0.36257996356550826,0.8812608563654446,0.037086121476299486,0.06300876858101367,1.1102230246251565e-16,20736
1095,TRAIN_CONFOUNDED,2.0,RECENCY,0,0.9,0.25,0.5,0.75,1.0,1.1102230246251565e-16,20736
1095,TRAIN_CONFOUNDED,2.0,EQUAL,0,0.75,1.0,1.0,1.0,1.0,1.1102230246251565e-16,20736
1096,TRAIN_CONFOUNDED,2.0,EXACT_CF_SHAPLEY,1,3.172789544045556e-16,0.5,5.2879825734092606e-17,5.2879825734092606e-17,5.2879825734092606e-17,1.1102230246251565e-16,20736
1096,TRAIN_CONFOUNDED,2.0,OBS_ASSOC,0,0.7151217251261615,0.40494042581718337,0.8900552830925856,0.12218817967772555,0.004266820479441753,1.1102230246251565e-16,20736
1096,TRAIN_CONFOUNDED,2.0,RECENCY,0,0.9,0.25,0.5,0.75,1.0,1.1102230246251565e-16,20736
1096,TRAIN_CONFOUNDED,2.0,EQUAL,0,0.75,1.0,1.0,1.0,1.0,1.1102230246251565e-16,20736
1097,TRAIN_CONFOUNDED,2.0,EXACT_CF_SHAPLEY,1,2.535457602334187e-16,0.5,4.225762670556979e-17,4.225762670556979e-17,4.225762670556979e-17,1.1102230246251565e-16,20736
1097,TRAIN_CONFOUNDED,2.0,OBS_ASSOC,0,0.7266560221785465,0.3589311797666137,0.8695907320097496,0.03435594406933346,0.05023386012217902,1.1102230246251565e-16,20736
1097,TRAIN_CONFOUNDED,2.0,RECENCY,0,0.9,0.25,0.5,0.75,1.0,1.1102230246251565e-16,20736
1097,TRAIN_CONFOUNDED,2.0,EQUAL,0,0.75,1.0,1.0,1.0,1.0,1.1102230246251565e-16,20736
1098,TRAIN_CONFOUNDED,2.0,EXACT_CF_SHAPLEY,1,2.8793042745249657e-16,0.5,4.7988404575416105e-17,4.7988404575416105e-17,4.7988404575416105e-17,1.1102230246251565e-16,20736
1098,TRAIN_CONFOUNDED,2.0,OBS_ASSOC,0,0.6980418891330641,0.47109411102709725,0.8832513872903492,0.1749921266011065,0.030793049083095506,1.1102230246251565e-16,20736
1098,TRAIN_CONFOUNDED,2.0,RECENCY,0,0.9,0.25,0.5,0.75,1.0,1.1102230246251565e-16,20736
1098,TRAIN_CONFOUNDED,2.0,EQUAL,0,0.75,1.0,1.0,1.0,1.0,1.1102230246251565e-16,20736
1099,TRAIN_CONFOUNDED,2.0,EXACT_CF_SHAPLEY,1,3.1405271178758233e-16,0.5,5.234211863126373e-17,5.234211863126373e-17,5.234211863126373e-17,1.1102230246251565e-16,20736
1099,TRAIN_CONFOUNDED,2.0,OBS_ASSOC,0,0.6916811228936447,0.44139692850170226,0.8732145877338332,0.072526109053342,0.04448710247451976,1.1102230246251565e-16,20736
1099,TRAIN_CONFOUNDED,2.0,RECENCY,0,0.9,0.25,0.5,0.75,1.0,1.1102230246251565e-16,20736
1099,TRAIN_CONFOUNDED,2.0,EQUAL,0,0.75,1.0,1.0,1.0,1.0,1.1102230246251565e-16,20736
1100,TRAIN_CONFOUNDED,2.0,EXACT_CF_SHAPLEY,1,2.837001331556718e-16,0.5,4.72833555259453e-17,4.72833555259453e-17,4.72833555259453e-17,1.1102230246251565e-16,20736
1100,TRAIN_CONFOUNDED,2.0,OBS_ASSOC,0,0.7222405567587865,0.4348552613006541,0.8781381777977035,0.16558600713032168,0.08700282966540972,1.1102230246251565e-16,20736
1100,TRAIN_CONFOUNDED,2.0,RECENCY,0,0.9,0.25,0.5,0.75,1.0,1.1102230246251565e-16,20736
1100,TRAIN_CONFOUNDED,2.0,EQUAL,0,0.75,1.0,1.0,1.0,1.0,1.1102230246251565e-16,20736
1101,TRAIN_CONFOUNDED,2.0,EXACT_CF_SHAPLEY,1,3.11328627359433e-16,0.5,5.188810455990551e-17,5.188810455990551e-17,5.188810455990551e-17,1.1102230246251565e-16,20736
1101,TRAIN_CONFOUNDED,2.0,OBS_ASSOC,0,0.6780484802579437,0.4778756230819294,0.8919523142592028,0.042552849946200066,0.07192847599801462,1.1102230246251565e-16,20736
1101,TRAIN_CONFOUNDED,2.0,RECENCY,0,0.9,0.25,0.5,0.75,1.0,1.1102230246251565e-16,20736
1101,TRAIN_CONFOUNDED,2.0,EQUAL,0,0.75,1.0,1.0,1.0,1.0,1.1102230246251565e-16,20736
1102,TRAIN_CONFOUNDED,2.0,EXACT_CF_SHAPLEY,1,3.550440242370069e-16,0.5,5.917400403950117e-17,5.917400403950117e-17,5.917400403950117e-17,1.1102230246251565e-16,20736
1102,TRAIN_CONFOUNDED,2.0,OBS_ASSOC,0,0.6499896634242746,0.5058074454499559,0.8884302963695911,0.02389531965366736,0.026988389505772266,1.1102230246251565e-16,20736
1102,TRAIN_CONFOUNDED,2.0,RECENCY,0,0.9,0.25,0.5,0.75,1.0,1.1102230246251565e-16,20736
1102,TRAIN_CONFOUNDED,2.0,EQUAL,0,0.75,1.0,1.0,1.0,1.0,1.1102230246251565e-16,20736
1103,TRAIN_CONFOUNDED,2.0,EXACT_CF_SHAPLEY,1,2.9466920982261497e-16,0.5,4.9111534970435834e-17,4.9111534970435834e-17,4.9111534970435834e-17,1.1102230246251565e-16,20736
1103,TRAIN_CONFOUNDED,2.0,OBS_ASSOC,0,0.692935600638993,0.48603424754652125,0.8803222204501552,0.11549056274901054,0.10099438153768374,1.1102230246251565e-16,20736
1103,TRAIN_CONFOUNDED,2.0,RECENCY,0,0.9,0.25,0.5,0.75,1.0,1.1102230246251565e-16,20736
1103,TRAIN_CONFOUNDED,2.0,EQUAL,0,0.75,1.0,1.0,1.0,1.0,1.1102230246251565e-16,20736
1104,TRAIN_CONFOUNDED,2.0,EXACT_CF_SHAPLEY,1,2.6421371668761297e-16,0.5,4.4035619447935506e-17,4.4035619447935506e-17,4.4035619447935506e-17,1.1102230246251565e-16,20736
1104,TRAIN_CONFOUNDED,2.0,OBS_ASSOC,0,0.7038371564153006,0.40886739618086454,0.8774439589928388,0.05082241032010095,0.043415500011653445,1.1102230246251565e-16,20736
1104,TRAIN_CONFOUNDED,2.0,RECENCY,0,0.9,0.25,0.5,0.75,1.0,1.1102230246251565e-16,20736
1104,TRAIN_CONFOUNDED,2.0,EQUAL,0,0.75,1.0,1.0,1.0,1.0,1.1102230246251565e-16,20736
1105,TRAIN_CONFOUNDED,2.0,EXACT_CF_SHAPLEY,1,2.553101298625494e-16,0.5,4.2551688310424905e-17,4.2551688310424905e-17,4.2551688310424905e-17,1.1102230246251565e-16,20736
1105,TRAIN_CONFOUNDED,2.0,OBS_ASSOC,0,0.7187827486815223,0.40124692642653514,0.8750313522493376,0.14301679072926105,0.007526807792308115,1.1102230246251565e-16,20736
1105,TRAIN_CONFOUNDED,2.0,RECENCY,0,0.9,0.25,0.5,0.75,1.0,1.1102230246251565e-16,20736
1105,TRAIN_CONFOUNDED,2.0,EQUAL,0,0.75,1.0,1.0,1.0,1.0,1.1102230246251565e-16,20736
1106,TRAIN_CONFOUNDED,2.0,EXACT_CF_SHAPLEY,1,3.027278812827924e-16,0.5,5.04546468804654e-17,5.04546468804654e-17,5.04546468804654e-17,1.1102230246251565e-16,20736
1106,TRAIN_CONFOUNDED,2.0,OBS_ASSOC,0,0.7168727313924403,0.34829019194906974,0.8762410278370253,0.004988130797023129,0.0006348258831263126,1.1102230246251565e-16,20736
1106,TRAIN_CONFOUNDED,2.0,RECENCY,0,0.9,0.25,0.5,0.75,1.0,1.1102230246251565e-16,20736
1106,TRAIN_CONFOUNDED,2.0,EQUAL,0,0.75,1.0,1.0,1.0,1.0,1.1102230246251565e-16,20736
1107,TRAIN_CONFOUNDED,2.0,EXACT_CF_SHAPLEY,1,2.858295739850691e-16,0.5,4.763826233084485e-17,4.763826233084485e-17,4.763826233084485e-17,1.1102230246251565e-16,20736
1107,TRAIN_CONFOUNDED,2.0,OBS_ASSOC,0,0.6763684487210504,0.45451672993541264,0.8790215370470771,0.013097031627940028,0.05779121091628947,1.1102230246251565e-16,20736
1107,TRAIN_CONFOUNDED,2.0,RECENCY,0,0.9,0.25,0.5,0.75,1.0,1.1102230246251565e-16,20736
1107,TRAIN_CONFOUNDED,2.0,EQUAL,0,0.75,1.0,1.0,1.0,1.0,1.1102230246251565e-16,20736
1108,TRAIN_CONFOUNDED,2.0,EXACT_CF_SHAPLEY,1,3.2757474575755003e-16,0.5,5.4595790959591676e-17,5.4595790959591676e-17,5.4595790959591676e-17,1.1102230246251565e-16,20736
1108,TRAIN_CONFOUNDED,2.0,OBS_ASSOC,0,0.6814103811677569,0.4327631644071449,0.8664058310222026,0.05447819779824176,0.004724639456077565,1.1102230246251565e-16,20736
1108,TRAIN_CONFOUNDED,2.0,RECENCY,0,0.9,0.25,0.5,0.75,1.0,1.1102230246251565e-16,20736
1108,TRAIN_CONFOUNDED,2.0,EQUAL,0,0.75,1.0,1.0,1.0,1.0,1.1102230246251565e-16,20736
1109,TRAIN_CONFOUNDED,2.0,EXACT_CF_SHAPLEY,1,2.7445900370112736e-16,0.5,4.5743167283521236e-17,4.5743167283521236e-17,4.5743167283521236e-17,1.1102230246251565e-16,20736
1109,TRAIN_CONFOUNDED,2.0,OBS_ASSOC,0,0.6689931212799504,0.45142868995296276,0.8784399533487085,0.01141415576928648,0.022521759005191207,1.1102230246251565e-16,20736
1109,TRAIN_CONFOUNDED,2.0,RECENCY,0,0.9,0.25,0.5,0.75,1.0,1.1102230246251565e-16,20736
1109,TRAIN_CONFOUNDED,2.0,EQUAL,0,0.75,1.0,1.0,1.0,1.0,1.1102230246251565e-16,20736
1110,TRAIN_CONFOUNDED,2.0,EXACT_CF_SHAPLEY,1,3.002697916698604e-16,0.5,5.0044965278310073e-17,5.0044965278310073e-17,5.0044965278310073e-17,1.1102230246251565e-16,20736
1110,TRAIN_CONFOUNDED,2.0,OBS_ASSOC,0,0.7065982212199095,0.41010948771201783,0.8800876523268876,0.010174232402538655,0.09740300171939438,1.1102230246251565e-16,20736
1110,TRAIN_CONFOUNDED,2.0,RECENCY,0,0.9,0.25,0.5,0.75,1.0,1.1102230246251565e-16,20736
1110,TRAIN_CONFOUNDED,2.0,EQUAL,0,0.75,1.0,1.0,1.0,1.0,1.1102230246251565e-16,20736
1111,TRAIN_CONFOUNDED,2.0,EXACT_CF_SHAPLEY,1,2.840340758951268e-16,0.5,4.7339012649187804e-17,4.7339012649187804e-17,4.7339012649187804e-17,1.1102230246251565e-16,20736
1111,TRAIN_CONFOUNDED,2.0,OBS_ASSOC,0,0.7092730807849476,0.4130637615796248,0.8779908620854795,0.09425667605681456,0.0354851050103139,1.1102230246251565e-16,20736
1111,TRAIN_CONFOUNDED,2.0,RECENCY,0,0.9,0.25,0.5,0.75,1.0,1.1102230246251565e-16,20736
1111,TRAIN_CONFOUNDED,2.0,EQUAL,0,0.75,1.0,1.0,1.0,1.0,1.1102230246251565e-16,20736
1112,TRAIN_CONFOUNDED,2.0,EXACT_CF_SHAPLEY,1,2.8549796058621903e-16,0.5,4.7582993431036516e-17,4.7582993431036516e-17,4.7582993431036516e-17,1.1102230246251565e-16,20736
1112,TRAIN_CONFOUNDED,2.0,OBS_ASSOC,0,0.6865627713619853,0.4775522527385449,0.8823569422795492,0.09626476537874028,0.06742377817960228,1.1102230246251565e-16,20736
1112,TRAIN_CONFOUNDED,2.0,RECENCY,0,0.9,0.25,0.5,0.75,1.0,1.1102230246251565e-16,20736
1112,TRAIN_CONFOUNDED,2.0,EQUAL,0,0.75,1.0,1.0,1.0,1.0,1.1102230246251565e-16,20736
1113,TRAIN_CONFOUNDED,2.0,EXACT_CF_SHAPLEY,1,2.5097925040323816e-16,0.5,4.182987506720637e-17,4.182987506720637e-17,4.182987506720637e-17,1.1102230246251565e-16,20736
1113,TRAIN_CONFOUNDED,2.0,OBS_ASSOC,0,0.6610593741913928,0.5170892716578408,0.8931470915520895,0.06708048832116374,0.0482874351318759,1.1102230246251565e-16,20736
1113,TRAIN_CONFOUNDED,2.0,RECENCY,0,0.9,0.25,0.5,0.75,1.0,1.1102230246251565e-16,20736
1113,TRAIN_CONFOUNDED,2.0,EQUAL,0,0.75,1.0,1.0,1.0,1.0,1.1102230246251565e-16,20736
1114,TRAIN_CONFOUNDED,2.0,EXACT_CF_SHAPLEY,1,3.369973520210436e-16,0.5,5.616622533684062e-17,5.616622533684062e-17,5.616622533684062e-17,1.1102230246251565e-16,20736
1114,TRAIN_CONFOUNDED,2.0,OBS_ASSOC,0,0.708981233718678,0.4215618367225561,0.8691781553106809,0.10123393843972373,0.05659875818671475,1.1102230246251565e-16,20736
1114,TRAIN_CONFOUNDED,2.0,RECENCY,0,0.9,0.25,0.5,0.75,1.0,1.1102230246251565e-16,20736
1114,TRAIN_CONFOUNDED,2.0,EQUAL,0,0.75,1.0,1.0,1.0,1.0,1.1102230246251565e-16,20736
1115,TRAIN_CONFOUNDED,2.0,EXACT_CF_SHAPLEY,1,2.538718679181116e-16,0.5,4.231197798635194e-17,4.231197798635194e-17,4.231197798635194e-17,1.1102230246251565e-16,20736
1115,TRAIN_CONFOUNDED,2.0,OBS_ASSOC,0,0.7040225421396662,0.4398538629598529,0.8744340568654596,0.11787891224142147,0.053939123905803806,1.1102230246251565e-16,20736
1115,TRAIN_CONFOUNDED,2.0,RECENCY,0,0.9,0.25,0.5,0.75,1.0,1.1102230246251565e-16,20736
1115,TRAIN_CONFOUNDED,2.0,EQUAL,0,0.75,1.0,1.0,1.0,1.0,1.1102230246251565e-16,20736
1116,TRAIN_CONFOUNDED,2.0,EXACT_CF_SHAPLEY,1,3.2564096953896846e-16,0.5,5.427349492316142e-17,5.427349492316142e-17,5.427349492316142e-17,1.1102230246251565e-16,20736
1116,TRAIN_CONFOUNDED,2.0,OBS_ASSOC,0,0.7320845342133967,0.33837452425746734,0.8591681049101755,0.0468462157165992,0.018601043601647098,1.1102230246251565e-16,20736
1116,TRAIN_CONFOUNDED,2.0,RECENCY,0,0.9,0.25,0.5,0.75,1.0,1.1102230246251565e-16,20736
1116,TRAIN_CONFOUNDED,2.0,EQUAL,0,0.75,1.0,1.0,1.0,1.0,1.1102230246251565e-16,20736
1117,TRAIN_CONFOUNDED,2.0,EXACT_CF_SHAPLEY,1,2.512342073203617e-16,0.5,4.1872367886726957e-17,4.1872367886726957e-17,4.1872367886726957e-17,1.1102230246251565e-16,20736
1117,TRAIN_CONFOUNDED,2.0,OBS_ASSOC,0,0.6626050335623529,0.5100038892048545,0.8805768129187973,0.10086916128439821,0.020143194987818937,1.1102230246251565e-16,20736
1117,TRAIN_CONFOUNDED,2.0,RECENCY,0,0.9,0.25,0.5,0.75,1.0,1.1102230246251565e-16,20736
1117,TRAIN_CONFOUNDED,2.0,EQUAL,0,0.75,1.0,1.0,1.0,1.0,1.1102230246251565e-16,20736
1118,TRAIN_CONFOUNDED,2.0,EXACT_CF_SHAPLEY,1,3.1435764364859393e-16,0.5,5.2392940608098994e-17,5.2392940608098994e-17,5.2392940608098994e-17,1.1102230246251565e-16,20736
1118,TRAIN_CONFOUNDED,2.0,OBS_ASSOC,0,0.7132639572165377,0.43239082259952927,0.8885692347202645,0.10923781043019619,0.07777726646103388,1.1102230246251565e-16,20736
1118,TRAIN_CONFOUNDED,2.0,RECENCY,0,0.9,0.25,0.5,0.75,1.0,1.1102230246251565e-16,20736
1118,TRAIN_CONFOUNDED,2.0,EQUAL,0,0.75,1.0,1.0,1.0,1.0,1.1102230246251565e-16,20736
1119,TRAIN_CONFOUNDED,2.0,EXACT_CF_SHAPLEY,1,3.0940080684126176e-16,0.5,5.15668011402103e-17,5.15668011402103e-17,5.15668011402103e-17,1.1102230246251565e-16,20736
1119,TRAIN_CONFOUNDED,2.0,OBS_ASSOC,0,0.656989478588061,0.5106463803344254,0.8808680162295972,0.06964743254850565,0.027557462157152404,1.1102230246251565e-16,20736
1119,TRAIN_CONFOUNDED,2.0,RECENCY,0,0.9,0.25,0.5,0.75,1.0,1.1102230246251565e-16,20736
1119,TRAIN_CONFOUNDED,2.0,EQUAL,0,0.75,1.0,1.0,1.0,1.0,1.1102230246251565e-16,20736
1120,TRAIN_CONFOUNDED,2.0,EXACT_CF_SHAPLEY,1,2.6216029706523174e-16,0.5,4.36933828442053e-17,4.36933828442053e-17,4.36933828442053e-17,1.1102230246251565e-16,20736
1120,TRAIN_CONFOUNDED,2.0,OBS_ASSOC,0,0.6941251845710457,0.4406230828357751,0.8865820955989141,0.006038681505256301,0.10729017754807636,1.1102230246251565e-16,20736
1120,TRAIN_CONFOUNDED,2.0,RECENCY,0,0.9,0.25,0.5,0.75,1.0,1.1102230246251565e-16,20736
1120,TRAIN_CONFOUNDED,2.0,EQUAL,0,0.75,1.0,1.0,1.0,1.0,1.1102230246251565e-16,20736
1121,TRAIN_CONFOUNDED,2.0,EXACT_CF_SHAPLEY,1,2.5438093471941143e-16,0.5,4.239682245323525e-17,4.239682245323525e-17,4.239682245323525e-17,1.1102230246251565e-16,20736
1121,TRAIN_CONFOUNDED,2.0,OBS_ASSOC,0,0.6991887100806901,0.4297423252107888,0.870366785315534,0.06889989421726873,0.05960202021515732,1.1102230246251565e-16,20736
1121,TRAIN_CONFOUNDED,2.0,RECENCY,0,0.9,0.25,0.5,0.75,1.0,1.1102230246251565e-16,20736
1121,TRAIN_CONFOUNDED,2.0,EQUAL,0,0.75,1.0,1.0,1.0,1.0,1.1102230246251565e-16,20736
1122,TRAIN_CONFOUNDED,2.0,EXACT_CF_SHAPLEY,1,2.79707219842315e-16,0.5,4.661786997371918e-17,4.661786997371918e-17,4.661786997371918e-17,1.1102230246251565e-16,20736
1122,TRAIN_CONFOUNDED,2.0,OBS_ASSOC,0,0.6683991991013505,0.458212445337131,0.876213472003729,0.01280757012358508,0.03458598973633292,1.1102230246251565e-16,20736
1122,TRAIN_CONFOUNDED,2.0,RECENCY,0,0.9,0.25,0.5,0.75,1.0,1.1102230246251565e-16,20736
1122,TRAIN_CONFOUNDED,2.0,EQUAL,0,0.75,1.0,1.0,1.0,1.0,1.1102230246251565e-16,20736
1123,TRAIN_CONFOUNDED,2.0,EXACT_CF_SHAPLEY,1,2.6857805394834076e-16,0.5,4.476300899139013e-17,4.476300899139013e-17,4.476300899139013e-17,1.1102230246251565e-16,20736
1123,TRAIN_CONFOUNDED,2.0,OBS_ASSOC,0,0.6971243466183061,0.4082492834955456,0.8710862499683856,0.031979384434116055,0.036595615475384764,1.1102230246251565e-16,20736
1123,TRAIN_CONFOUNDED,2.0,RECENCY,0,0.9,0.25,0.5,0.75,1.0,1.1102230246251565e-16,20736
1123,TRAIN_CONFOUNDED,2.0,EQUAL,0,0.75,1.0,1.0,1.0,1.0,1.1102230246251565e-16,20736
1124,TRAIN_CONFOUNDED,2.0,EXACT_CF_SHAPLEY,1,2.7924431633664053e-16,0.5,4.654071938944009e-17,4.654071938944009e-17,4.654071938944009e-17,1.1102230246251565e-16,20736
1124,TRAIN_CONFOUNDED,2.0,OBS_ASSOC,0,0.7064076279948491,0.38443551325821496,0.8791139176220082,0.026289071682938318,0.019580780480985178,1.1102230246251565e-16,20736
1124,TRAIN_CONFOUNDED,2.0,RECENCY,0,0.9,0.25,0.5,0.75,1.0,1.1102230246251565e-16,20736
1124,TRAIN_CONFOUNDED,2.0,EQUAL,0,0.75,1.0,1.0,1.0,1.0,1.1102230246251565e-16,20736
1125,TRAIN_CONFOUNDED,2.0,EXACT_CF_SHAPLEY,1,2.767934265037602e-16,0.5,4.6132237750626707e-17,4.6132237750626707e-17,4.6132237750626707e-17,1.1102230246251565e-16,20736
1125,TRAIN_CONFOUNDED,2.0,OBS_ASSOC,0,0.6609460244542968,0.4936173394563609,0.8848464472978494,0.0708495031055281,0.006553253695428669,1.1102230246251565e-16,20736
1125,TRAIN_CONFOUNDED,2.0,RECENCY,0,0.9,0.25,0.5,0.75,1.0,1.1102230246251565e-16,20736
1125,TRAIN_CONFOUNDED,2.0,EQUAL,0,0.75,1.0,1.0,1.0,1.0,1.1102230246251565e-16,20736
1126,TRAIN_CONFOUNDED,2.0,EXACT_CF_SHAPLEY,1,2.7878564799570233e-16,0.5,4.646427466595039e-17,4.646427466595039e-17,4.646427466595039e-17,1.1102230246251565e-16,20736
1126,TRAIN_CONFOUNDED,2.0,OBS_ASSOC,0,0.7189870190150294,0.40716728928708884,0.87811358533864,0.1491490945942319,0.014497008672442191,1.1102230246251565e-16,20736
1126,TRAIN_CONFOUNDED,2.0,RECENCY,0,0.9,0.25,0.5,0.75,1.0,1.1102230246251565e-16,20736
1126,TRAIN_CONFOUNDED,2.0,EQUAL,0,0.75,1.0,1.0,1.0,1.0,1.1102230246251565e-16,20736
1127,TRAIN_CONFOUNDED,2.0,EXACT_CF_SHAPLEY,1,3.149683544035643e-16,0.5,5.249472573392739e-17,5.249472573392739e-17,5.249472573392739e-17,1.1102230246251565e-16,20736
1127,TRAIN_CONFOUNDED,2.0,OBS_ASSOC,0,0.6911560019457702,0.48287413413704205,0.8903899136207425,0.11745771576820631,0.07276704370106195,1.1102230246251565e-16,20736
1127,TRAIN_CONFOUNDED,2.0,RECENCY,0,0.9,0.25,0.5,0.75,1.0,1.1102230246251565e-16,20736
1127,TRAIN_CONFOUNDED,2.0,EQUAL,0,0.75,1.0,1.0,1.0,1.0,1.1102230246251565e-16,20736
1000,OOD_WEAK_CONFOUNDER,0.2,EXACT_CF_SHAPLEY,1,1.1521215093610903e-16,0.5,1.9202025156018175e-17,1.9202025156018175e-17,1.9202025156018175e-17,1.1102230246251565e-16,20736
1000,OOD_WEAK_CONFOUNDER,0.2,OBS_ASSOC,1,0.18014715320991,0.9164088884172439,0.09375635592885116,0.06486066259764926,0.042746498196022796,1.1102230246251565e-16,20736
1000,OOD_WEAK_CONFOUNDER,0.2,RECENCY,0,0.9,0.25,0.5,0.75,1.0,1.1102230246251565e-16,20736
1000,OOD_WEAK_CONFOUNDER,0.2,EQUAL,0,0.75,1.0,1.0,1.0,1.0,1.1102230246251565e-16,20736
1001,OOD_WEAK_CONFOUNDER,0.2,EXACT_CF_SHAPLEY,1,1.0942966876344073e-16,0.5,1.8238278127240122e-17,1.8238278127240122e-17,1.8238278127240122e-17,1.1102230246251565e-16,20736
1001,OOD_WEAK_CONFOUNDER,0.2,OBS_ASSOC,1,0.17081941438932222,0.9109693544590581,0.16649851763643006,0.008405601299845526,0.012764592024570276,1.1102230246251565e-16,20736
1001,OOD_WEAK_CONFOUNDER,0.2,RECENCY,0,0.9,0.25,0.5,0.75,1.0,1.1102230246251565e-16,20736
1001,OOD_WEAK_CONFOUNDER,0.2,EQUAL,0,0.75,1.0,1.0,1.0,1.0,1.1102230246251565e-16,20736
1002,OOD_WEAK_CONFOUNDER,0.2,EXACT_CF_SHAPLEY,1,1.1039295698270571e-16,0.5,1.8398826163784285e-17,1.8398826163784285e-17,1.8398826163784285e-17,1.1102230246251565e-16,20736
1002,OOD_WEAK_CONFOUNDER,0.2,OBS_ASSOC,1,0.34304531084244405,0.9100723655558709,0.19178550216547177,0.11034845624295833,0.17308307357832065,1.1102230246251565e-16,20736
1002,OOD_WEAK_CONFOUNDER,0.2,RECENCY,0,0.9,0.25,0.5,0.75,1.0,1.1102230246251565e-16,20736
1002,OOD_WEAK_CONFOUNDER,0.2,EQUAL,0,0.75,1.0,1.0,1.0,1.0,1.1102230246251565e-16,20736
1003,OOD_WEAK_CONFOUNDER,0.2,EXACT_CF_SHAPLEY,1,1.0753930298340597e-16,0.5,1.7923217163900995e-17,1.7923217163900995e-17,1.7923217163900995e-17,1.1102230246251565e-16,20736
1003,OOD_WEAK_CONFOUNDER,0.2,OBS_ASSOC,1,0.22633800901879908,0.9169954500995379,0.15013102753905533,0.0263268354736912,0.09181294112951127,1.1102230246251565e-16,20736
1003,OOD_WEAK_CONFOUNDER,0.2,RECENCY,0,0.9,0.25,0.5,0.75,1.0,1.1102230246251565e-16,20736
1003,OOD_WEAK_CONFOUNDER,0.2,EQUAL,0,0.75,1.0,1.0,1.0,1.0,1.1102230246251565e-16,20736
1004,OOD_WEAK_CONFOUNDER,0.2,EXACT_CF_SHAPLEY,1,1.2071574751089384e-16,0.5,2.0119291251815642e-17,2.0119291251815642e-17,2.0119291251815642e-17,1.1102230246251565e-16,20736
1004,OOD_WEAK_CONFOUNDER,0.2,OBS_ASSOC,1,0.20428300540440203,0.9085054829725401,0.2093701858998541,0.01197797562999209,0.011890831414285433,1.1102230246251565e-16,20736
1004,OOD_WEAK_CONFOUNDER,0.2,RECENCY,0,0.9,0.25,0.5,0.75,1.0,1.1102230246251565e-16,20736
1004,OOD_WEAK_CONFOUNDER,0.2,EQUAL,0,0.75,1.0,1.0,1.0,1.0,1.1102230246251565e-16,20736
1005,OOD_WEAK_CONFOUNDER,0.2,EXACT_CF_SHAPLEY,1,1.0259432463733537e-16,0.5,1.709905410622256e-17,1.709905410622256e-17,1.709905410622256e-17,1.1102230246251565e-16,20736
1005,OOD_WEAK_CONFOUNDER,0.2,OBS_ASSOC,1,0.15357058487302597,0.9105883552916451,0.09104013962207741,0.042070943726463535,0.03210007756051979,1.1102230246251565e-16,20736
1005,OOD_WEAK_CONFOUNDER,0.2,RECENCY,0,0.9,0.25,0.5,0.75,1.0,1.1102230246251565e-16,20736
1005,OOD_WEAK_CONFOUNDER,0.2,EQUAL,0,0.75,1.0,1.0,1.0,1.0,1.1102230246251565e-16,20736
1006,OOD_WEAK_CONFOUNDER,0.2,EXACT_CF_SHAPLEY,1,1.065975082251776e-16,0.5,1.7766251370862933e-17,1.7766251370862933e-17,1.7766251370862933e-17,1.1102230246251565e-16,20736
1006,OOD_WEAK_CONFOUNDER,0.2,OBS_ASSOC,1,0.19829847459200428,0.9133365301238979,0.16084467524560894,0.015099984877244163,0.04996639900922521,1.1102230246251565e-16,20736
1006,OOD_WEAK_CONFOUNDER,0.2,RECENCY,0,0.9,0.25,0.5,0.75,1.0,1.1102230246251565e-16,20736
1006,OOD_WEAK_CONFOUNDER,0.2,EQUAL,0,0.75,1.0,1.0,1.0,1.0,1.1102230246251565e-16,20736
1007,OOD_WEAK_CONFOUNDER,0.2,EXACT_CF_SHAPLEY,1,1.0688454651517838e-16,0.5,1.7814091085863064e-17,1.7814091085863064e-17,1.7814091085863064e-17,1.1102230246251565e-16,20736
1007,OOD_WEAK_CONFOUNDER,0.2,OBS_ASSOC,1,0.10773530686246903,0.9176400736816213,0.009757533287376007,0.07158884059747699,0.029452849358814936,1.1102230246251565e-16,20736
1007,OOD_WEAK_CONFOUNDER,0.2,RECENCY,0,0.9,0.25,0.5,0.75,1.0,1.1102230246251565e-16,20736
1007,OOD_WEAK_CONFOUNDER,0.2,EQUAL,0,0.75,1.0,1.0,1.0,1.0,1.1102230246251565e-16,20736
1008,OOD_WEAK_CONFOUNDER,0.2,EXACT_CF_SHAPLEY,1,1.0495077029659682e-16,0.5,1.7491795049432803e-17,1.7491795049432803e-17,1.7491795049432803e-17,1.1102230246251565e-16,20736
1008,OOD_WEAK_CONFOUNDER,0.2,OBS_ASSOC,1,0.20835922949256125,0.920922548409451,0.17775137137532251,0.010432352619688534,0.05420236797688554,1.1102230246251565e-16,20736
1008,OOD_WEAK_CONFOUNDER,0.2,RECENCY,0,0.9,0.25,0.5,0.75,1.0,1.1102230246251565e-16,20736
1008,OOD_WEAK_CONFOUNDER,0.2,EQUAL,0,0.75,1.0,1.0,1.0,1.0,1.1102230246251565e-16,20736
1009,OOD_WEAK_CONFOUNDER,0.2,EXACT_CF_SHAPLEY,1,1.000007097528427e-16,0.5,1.6666784958807117e-17,1.6666784958807117e-17,1.6666784958807117e-17,1.1102230246251565e-16,20736
1009,OOD_WEAK_CONFOUNDER,0.2,OBS_ASSOC,1,0.2572181431444887,0.908661477817965,0.20006017637712822,0.03517314710041565,0.07942732138622656,1.1102230246251565e-16,20736
1009,OOD_WEAK_CONFOUNDER,0.2,RECENCY,0,0.9,0.25,0.5,0.75,1.0,1.1102230246251565e-16,20736
1009,OOD_WEAK_CONFOUNDER,0.2,EQUAL,0,0.75,1.0,1.0,1.0,1.0,1.1102230246251565e-16,20736
1010,OOD_WEAK_CONFOUNDER,0.2,EXACT_CF_SHAPLEY,1,1.225961606537984e-16,0.5,2.0432693442299734e-17,2.0432693442299734e-17,2.0432693442299734e-17,1.1102230246251565e-16,20736
1010,OOD_WEAK_CONFOUNDER,0.2,OBS_ASSOC,1,0.24052251526445037,0.8919589304629688,0.14641672828797017,0.0007461746926629526,0.13531578767106386,1.1102230246251565e-16,20736
1010,OOD_WEAK_CONFOUNDER,0.2,RECENCY,0,0.9,0.25,0.5,0.75,1.0,1.1102230246251565e-16,20736
1010,OOD_WEAK_CONFOUNDER,0.2,EQUAL,0,0.75,1.0,1.0,1.0,1.0,1.1102230246251565e-16,20736
1011,OOD_WEAK_CONFOUNDER,0.2,EXACT_CF_SHAPLEY,1,1.0461322766711599e-16,0.5,1.7435537944519332e-17,1.7435537944519332e-17,1.7435537944519332e-17,1.1102230246251565e-16,20736
1011,OOD_WEAK_CONFOUNDER,0.2,OBS_ASSOC,1,0.2296860852800849,0.9256183621402349,0.20937056829038622,0.017358302725274357,0.04926466097273158,1.1102230246251565e-16,20736
1011,OOD_WEAK_CONFOUNDER,0.2,RECENCY,0,0.9,0.25,0.5,0.75,1.0,1.1102230246251565e-16,20736
1011,OOD_WEAK_CONFOUNDER,0.2,EQUAL,0,0.75,1.0,1.0,1.0,1.0,1.1102230246251565e-16,20736
1012,OOD_WEAK_CONFOUNDER,0.2,EXACT_CF_SHAPLEY,1,1.125444206687316e-16,0.5,1.8757403444788607e-17,1.8757403444788607e-17,1.8757403444788607e-17,1.1102230246251565e-16,20736
1012,OOD_WEAK_CONFOUNDER,0.2,OBS_ASSOC,1,0.3049058644355404,0.9151077829002057,0.293466076769735,0.02963484786243988,0.07831481939549562,1.1102230246251565e-16,20736
1012,OOD_WEAK_CONFOUNDER,0.2,RECENCY,0,0.9,0.25,0.5,0.75,1.0,1.1102230246251565e-16,20736
1012,OOD_WEAK_CONFOUNDER,0.2,EQUAL,0,0.75,1.0,1.0,1.0,1.0,1.1102230246251565e-16,20736
1013,OOD_WEAK_CONFOUNDER,0.2,EXACT_CF_SHAPLEY,1,1.0874463086734883e-16,0.5,1.8124105144558138e-17,1.8124105144558138e-17,1.8124105144558138e-17,1.1102230246251565e-16,20736
1013,OOD_WEAK_CONFOUNDER,0.2,OBS_ASSOC,1,0.20528301320644776,0.8916658770441283,0.16032908733241444,0.021344946268745578,0.04865180698709315,1.1102230246251565e-16,20736
1013,OOD_WEAK_CONFOUNDER,0.2,RECENCY,0,0.9,0.25,0.5,0.75,1.0,1.1102230246251565e-16,20736
1013,OOD_WEAK_CONFOUNDER,0.2,EQUAL,0,0.75,1.0,1.0,1.0,1.0,1.1102230246251565e-16,20736
1014,OOD_WEAK_CONFOUNDER,0.2,EXACT_CF_SHAPLEY,1,1.0423756855500871e-16,0.5,1.737292809250145e-17,1.737292809250145e-17,1.737292809250145e-17,1.1102230246251565e-16,20736
1014,OOD_WEAK_CONFOUNDER,0.2,OBS_ASSOC,1,0.3058427640626056,0.9248865410992162,0.24019421860806653,0.08596840372589931,0.08133850497488893,1.1102230246251565e-16,20736
1014,OOD_WEAK_CONFOUNDER,0.2,RECENCY,0,0.9,0.25,0.5,0.75,1.0,1.1102230246251565e-16,20736
1014,OOD_WEAK_CONFOUNDER,0.2,EQUAL,0,0.75,1.0,1.0,1.0,1.0,1.1102230246251565e-16,20736
1015,OOD_WEAK_CONFOUNDER,0.2,EXACT_CF_SHAPLEY,1,1.1261006572214382e-16,0.5,1.8768344287023973e-17,1.8768344287023973e-17,1.8768344287023973e-17,1.1102230246251565e-16,20736
1015,OOD_WEAK_CONFOUNDER,0.2,OBS_ASSOC,1,0.2779567816511331,0.9141439511525723,0.3008074853779068,0.026442588035470067,0.024657546755490513,1.1102230246251565e-16,20736
1015,OOD_WEAK_CONFOUNDER,0.2,RECENCY,0,0.9,0.25,0.5,0.75,1.0,1.1102230246251565e-16,20736
1015,OOD_WEAK_CONFOUNDER,0.2,EQUAL,0,0.75,1.0,1.0,1.0,1.0,1.1102230246251565e-16,20736
1016,OOD_WEAK_CONFOUNDER,0.2,EXACT_CF_SHAPLEY,1,1.201363769749719e-16,0.5,2.0022729495828652e-17,2.0022729495828652e-17,2.0022729495828652e-17,1.1102230246251565e-16,20736
1016,OOD_WEAK_CONFOUNDER,0.2,OBS_ASSOC,1,0.27742587954800757,0.9099110008037398,0.2534075216200042,0.0852420613139258,0.01070261854054414,1.1102230246251565e-16,20736
1016,OOD_WEAK_CONFOUNDER,0.2,RECENCY,0,0.9,0.25,0.5,0.75,1.0,1.1102230246251565e-16,20736
1016,OOD_WEAK_CONFOUNDER,0.2,EQUAL,0,0.75,1.0,1.0,1.0,1.0,1.1102230246251565e-16,20736
1017,OOD_WEAK_CONFOUNDER,0.2,EXACT_CF_SHAPLEY,1,1.184016534989951e-16,0.5,1.9733608916499185e-17,1.9733608916499185e-17,1.9733608916499185e-17,1.1102230246251565e-16,20736
1017,OOD_WEAK_CONFOUNDER,0.2,OBS_ASSOC,1,0.16872750078806642,0.9071182801031852,0.12193548519416282,0.038792818124198825,0.02339399167645682,1.1102230246251565e-16,20736
1017,OOD_WEAK_CONFOUNDER,0.2,RECENCY,0,0.9,0.25,0.5,0.75,1.0,1.1102230246251565e-16,20736
1017,OOD_WEAK_CONFOUNDER,0.2,EQUAL,0,0.75,1.0,1.0,1.0,1.0,1.1102230246251565e-16,20736
1018,OOD_WEAK_CONFOUNDER,0.2,EXACT_CF_SHAPLEY,1,9.62974817074469e-17,0.5,1.6049580284574483e-17,1.6049580284574483e-17,1.6049580284574483e-17,1.1102230246251565e-16,20736
1018,OOD_WEAK_CONFOUNDER,0.2,OBS_ASSOC,1,0.3117364296539321,0.9116566462107094,0.229541726060408,0.02611126379776654,0.1572652586219924,1.1102230246251565e-16,20736
1018,OOD_WEAK_CONFOUNDER,0.2,RECENCY,0,0.9,0.25,0.5,0.75,1.0,1.1102230246251565e-16,20736
1018,OOD_WEAK_CONFOUNDER,0.2,EQUAL,0,0.75,1.0,1.0,1.0,1.0,1.1102230246251565e-16,20736
1019,OOD_WEAK_CONFOUNDER,0.2,EXACT_CF_SHAPLEY,1,9.786957485755089e-17,0.5,1.6311595809591815e-17,1.6311595809591815e-17,1.6311595809591815e-17,1.1102230246251565e-16,20736
1019,OOD_WEAK_CONFOUNDER,0.2,OBS_ASSOC,1,0.24111512067205473,0.9088705064994648,0.22823215811006703,0.05441708536173018,0.006119748794801277,1.1102230246251565e-16,20736
1019,OOD_WEAK_CONFOUNDER,0.2,RECENCY,0,0.9,0.25,0.5,0.75,1.0,1.1102230246251565e-16,20736
1019,OOD_WEAK_CONFOUNDER,0.2,EQUAL,0,0.75,1.0,1.0,1.0,1.0,1.1102230246251565e-16,20736
1020,OOD_WEAK_CONFOUNDER,0.2,EXACT_CF_SHAPLEY,1,1.150169098417669e-16,0.5,1.9169484973627824e-17,1.9169484973627824e-17,1.9169484973627824e-17,1.1102230246251565e-16,20736
1020,OOD_WEAK_CONFOUNDER,0.2,OBS_ASSOC,1,0.20799696484516814,0.9229661440681741,0.18766275358256979,0.04526115698692079,0.009466772420125233,1.1102230246251565e-16,20736
1020,OOD_WEAK_CONFOUNDER,0.2,RECENCY,0,0.9,0.25,0.5,0.75,1.0,1.1102230246251565e-16,20736
1020,OOD_WEAK_CONFOUNDER,0.2,EQUAL,0,0.75,1.0,1.0,1.0,1.0,1.1102230246251565e-16,20736
1021,OOD_WEAK_CONFOUNDER,0.2,EXACT_CF_SHAPLEY,1,1.1377007734340858e-16,0.5,1.8961679557234767e-17,1.8961679557234767e-17,1.8961679557234767e-17,1.1102230246251565e-16,20736
1021,OOD_WEAK_CONFOUNDER,0.2,OBS_ASSOC,1,0.15665899356569227,0.9029194920009453,0.14761961838376075,0.015456856339244176,0.004649816075748659,1.1102230246251565e-16,20736
1021,OOD_WEAK_CONFOUNDER,0.2,RECENCY,0,0.9,0.25,0.5,0.75,1.0,1.1102230246251565e-16,20736
1021,OOD_WEAK_CONFOUNDER,0.2,EQUAL,0,0.75,1.0,1.0,1.0,1.0,1.1102230246251565e-16,20736
1022,OOD_WEAK_CONFOUNDER,0.2,EXACT_CF_SHAPLEY,1,1.134473577905047e-16,0.5,1.890789296508412e-17,1.890789296508412e-17,1.890789296508412e-17,1.1102230246251565e-16,20736
1022,OOD_WEAK_CONFOUNDER,0.2,OBS_ASSOC,1,0.21804853930260965,0.9169339073544565,0.22318737459599086,0.024171326112776323,0.008329931111625983,1.1102230246251565e-16,20736
1022,OOD_WEAK_CONFOUNDER,0.2,RECENCY,0,0.9,0.25,0.5,0.75,1.0,1.1102230246251565e-16,20736
1022,OOD_WEAK_CONFOUNDER,0.2,EQUAL,0,0.75,1.0,1.0,1.0,1.0,1.1102230246251565e-16,20736
1023,OOD_WEAK_CONFOUNDER,0.2,EXACT_CF_SHAPLEY,1,1.0428966108126485e-16,0.5,1.7381610180210807e-17,1.7381610180210807e-17,1.7381610180210807e-17,1.1102230246251565e-16,20736
1023,OOD_WEAK_CONFOUNDER,0.2,OBS_ASSOC,1,0.22440533441668636,0.9171533580572504,0.18991972946184743,0.04800506171655645,0.02743818146586298,1.1102230246251565e-16,20736
1023,OOD_WEAK_CONFOUNDER,0.2,RECENCY,0,0.9,0.25,0.5,0.75,1.0,1.1102230246251565e-16,20736
1023,OOD_WEAK_CONFOUNDER,0.2,EQUAL,0,0.75,1.0,1.0,1.0,1.0,1.1102230246251565e-16,20736
1024,OOD_WEAK_CONFOUNDER,0.2,EXACT_CF_SHAPLEY,1,1.0316014264610124e-16,0.5,1.719335710768354e-17,1.719335710768354e-17,1.719335710768354e-17,1.1102230246251565e-16,20736
1024,OOD_WEAK_CONFOUNDER,0.2,OBS_ASSOC,1,0.31573659617927663,0.9293992657784911,0.24831750644067294,0.16379845738972104,0.016732574656258943,1.1102230246251565e-16,20736
1024,OOD_WEAK_CONFOUNDER,0.2,RECENCY,0,0.9,0.25,0.5,0.75,1.0,1.1102230246251565e-16,20736
1024,OOD_WEAK_CONFOUNDER,0.2,EQUAL,0,0.75,1.0,1.0,1.0,1.0,1.1102230246251565e-16,20736
1025,OOD_WEAK_CONFOUNDER,0.2,EXACT_CF_SHAPLEY,1,1.1354984877712246e-16,0.5,1.892497479618708e-17,1.892497479618708e-17,1.892497479618708e-17,1.1102230246251565e-16,20736
1025,OOD_WEAK_CONFOUNDER,0.2,OBS_ASSOC,1,0.21169246278238263,0.9259744205709466,0.1614895002610945,0.029001828132852753,0.0581702615434332,1.1102230246251565e-16,20736
1025,OOD_WEAK_CONFOUNDER,0.2,RECENCY,0,0.9,0.25,0.5,0.75,1.0,1.1102230246251565e-16,20736
1025,OOD_WEAK_CONFOUNDER,0.2,EQUAL,0,0.75,1.0,1.0,1.0,1.0,1.1102230246251565e-16,20736
1026,OOD_WEAK_CONFOUNDER,0.2,EXACT_CF_SHAPLEY,1,1.177206390094026e-16,0.5,1.9620106501567106e-17,1.9620106501567106e-17,1.9620106501567106e-17,1.1102230246251565e-16,20736
1026,OOD_WEAK_CONFOUNDER,0.2,OBS_ASSOC,1,0.2814285955017212,0.9063104807323611,0.22591085856762727,0.0752577014025362,0.0537880721533865,1.1102230246251565e-16,20736
1026,OOD_WEAK_CONFOUNDER,0.2,RECENCY,0,0.9,0.25,0.5,0.75,1.0,1.1102230246251565e-16,20736
1026,OOD_WEAK_CONFOUNDER,0.2,EQUAL,0,0.75,1.0,1.0,1.0,1.0,1.1102230246251565e-16,20736
1027,OOD_WEAK_CONFOUNDER,0.2,EXACT_CF_SHAPLEY,1,1.0995504094897525e-16,0.5,1.832584015816254e-17,1.832584015816254e-17,1.832584015816254e-17,1.1102230246251565e-16,20736
1027,OOD_WEAK_CONFOUNDER,0.2,OBS_ASSOC,1,0.2295514798878457,0.9101197119956279,0.22245476332798658,0.016452176908879176,0.032258908369454956,1.1102230246251565e-16,20736
1027,OOD_WEAK_CONFOUNDER,0.2,RECENCY,0,0.9,0.25,0.5,0.75,1.0,1.1102230246251565e-16,20736
1027,OOD_WEAK_CONFOUNDER,0.2,EQUAL,0,0.75,1.0,1.0,1.0,1.0,1.1102230246251565e-16,20736
1028,OOD_WEAK_CONFOUNDER,0.2,EXACT_CF_SHAPLEY,1,9.738168387993241e-17,0.5,1.6230280646655402e-17,1.6230280646655402e-17,1.6230280646655402e-17,1.1102230246251565e-16,20736
1028,OOD_WEAK_CONFOUNDER,0.2,OBS_ASSOC,1,0.2349031798740211,0.9242660401118328,0.13087792621166291,0.054752046743277674,0.09814199702408741,1.1102230246251565e-16,20736
1028,OOD_WEAK_CONFOUNDER,0.2,RECENCY,0,0.9,0.25,0.5,0.75,1.0,1.1102230246251565e-16,20736
1028,OOD_WEAK_CONFOUNDER,0.2,EQUAL,0,0.75,1.0,1.0,1.0,1.0,1.1102230246251565e-16,20736
1029,OOD_WEAK_CONFOUNDER,0.2,EXACT_CF_SHAPLEY,1,1.0601379664540099e-16,0.5,1.766896610756683e-17,1.766896610756683e-17,1.766896610756683e-17,1.1102230246251565e-16,20736
1029,OOD_WEAK_CONFOUNDER,0.2,OBS_ASSOC,1,0.1592586989184697,0.9222014682411267,0.07865490746708102,0.032576744930386814,0.0634577625079881,1.1102230246251565e-16,20736
1029,OOD_WEAK_CONFOUNDER,0.2,RECENCY,0,0.9,0.25,0.5,0.75,1.0,1.1102230246251565e-16,20736
1029,OOD_WEAK_CONFOUNDER,0.2,EQUAL,0,0.75,1.0,1.0,1.0,1.0,1.1102230246251565e-16,20736
1030,OOD_WEAK_CONFOUNDER,0.2,EXACT_CF_SHAPLEY,1,1.1095453982673531e-16,0.5,1.8492423304455885e-17,1.8492423304455885e-17,1.8492423304455885e-17,1.1102230246251565e-16,20736
1030,OOD_WEAK_CONFOUNDER,0.2,OBS_ASSOC,1,0.1489433544653956,0.9126756870946197,0.07545594517254735,0.08101954200379835,0.003251810751621884,1.1102230246251565e-16,20736
1030,OOD_WEAK_CONFOUNDER,0.2,RECENCY,0,0.9,0.25,0.5,0.75,1.0,1.1102230246251565e-16,20736
1030,OOD_WEAK_CONFOUNDER,0.2,EQUAL,0,0.75,1.0,1.0,1.0,1.0,1.1102230246251565e-16,20736
1031,OOD_WEAK_CONFOUNDER,0.2,EXACT_CF_SHAPLEY,1,1.1750041044311652e-16,0.5,1.9583401740519424e-17,1.9583401740519424e-17,1.9583401740519424e-17,1.1102230246251565e-16,20736
1031,OOD_WEAK_CONFOUNDER,0.2,OBS_ASSOC,1,0.25762748602442215,0.92352797836069,0.24294533033761054,0.05262492014182183,0.024924092804010683,1.1102230246251565e-16,20736
1031,OOD_WEAK_CONFOUNDER,0.2,RECENCY,0,0.9,0.25,0.5,0.75,1.0,1.1102230246251565e-16,20736
1031,OOD_WEAK_CONFOUNDER,0.2,EQUAL,0,0.75,1.0,1.0,1.0,1.0,1.1102230246251565e-16,20736
1032,OOD_WEAK_CONFOUNDER,0.2,EXACT_CF_SHAPLEY,1,1.0391400196915757e-16,0.5,1.731900032819293e-17,1.731900032819293e-17,1.731900032819293e-17,1.1102230246251565e-16,20736
1032,OOD_WEAK_CONFOUNDER,0.2,OBS_ASSOC,1,0.15173244777426598,0.9171510509857093,0.11691245881292131,0.015840818073802592,0.031300592178127154,1.1102230246251565e-16,20736
1032,OOD_WEAK_CONFOUNDER,0.2,RECENCY,0,0.9,0.25,0.5,0.75,1.0,1.1102230246251565e-16,20736
1032,OOD_WEAK_CONFOUNDER,0.2,EQUAL,0,0.75,1.0,1.0,1.0,1.0,1.1102230246251565e-16,20736
1033,OOD_WEAK_CONFOUNDER,0.2,EXACT_CF_SHAPLEY,1,1.140995731598905e-16,0.5,1.901659552664842e-17,1.901659552664842e-17,1.901659552664842e-17,1.1102230246251565e-16,20736
1033,OOD_WEAK_CONFOUNDER,0.2,OBS_ASSOC,1,0.19695055636307537,0.9074637864240946,0.11807781152493278,0.03176897607311378,0.07271173483382253,1.1102230246251565e-16,20736
1033,OOD_WEAK_CONFOUNDER,0.2,RECENCY,0,0.9,0.25,0.5,0.75,1.0,1.1102230246251565e-16,20736
1033,OOD_WEAK_CONFOUNDER,0.2,EQUAL,0,0.75,1.0,1.0,1.0,1.0,1.1102230246251565e-16,20736
1034,OOD_WEAK_CONFOUNDER,0.2,EXACT_CF_SHAPLEY,1,1.251999399336581e-16,0.5,2.086665665560969e-17,2.086665665560969e-17,2.086665665560969e-17,1.1102230246251565e-16,20736
1034,OOD_WEAK_CONFOUNDER,0.2,OBS_ASSOC,1,0.24903656037740168,0.900976983358787,0.17973630616413214,0.012372810587707894,0.10667534741280896,1.1102230246251565e-16,20736
1034,OOD_WEAK_CONFOUNDER,0.2,RECENCY,0,0.9,0.25,0.5,0.75,1.0,1.1102230246251565e-16,20736
1034,OOD_WEAK_CONFOUNDER,0.2,EQUAL,0,0.75,1.0,1.0,1.0,1.0,1.1102230246251565e-16,20736
1035,OOD_WEAK_CONFOUNDER,0.2,EXACT_CF_SHAPLEY,1,1.0895215393942614e-16,0.5,1.815869232323769e-17,1.815869232323769e-17,1.815869232323769e-17,1.1102230246251565e-16,20736
1035,OOD_WEAK_CONFOUNDER,0.2,OBS_ASSOC,1,0.2334166097021842,0.9206348129294547,0.19875361782965914,0.06563250519996502,0.01593753063617342,1.1102230246251565e-16,20736
1035,OOD_WEAK_CONFOUNDER,0.2,RECENCY,0,0.9,0.25,0.5,0.75,1.0,1.1102230246251565e-16,20736
1035,OOD_WEAK_CONFOUNDER,0.2,EQUAL,0,0.75,1.0,1.0,1.0,1.0,1.1102230246251565e-16,20736
1036,OOD_WEAK_CONFOUNDER,0.2,EXACT_CF_SHAPLEY,1,1.0693536849201364e-16,0.5,1.7822561415335607e-17,1.7822561415335607e-17,1.7822561415335607e-17,1.1102230246251565e-16,20736
1036,OOD_WEAK_CONFOUNDER,0.2,OBS_ASSOC,1,0.10423561112504086,0.9130316252467712,0.06009559067966343,0.03579091713989746,0.010358405034829696,1.1102230246251565e-16,20736
1036,OOD_WEAK_CONFOUNDER,0.2,RECENCY,0,0.9,0.25,0.5,0.75,1.0,1.1102230246251565e-16,20736
1036,OOD_WEAK_CONFOUNDER,0.2,EQUAL,0,0.75,1.0,1.0,1.0,1.0,1.1102230246251565e-16,20736
1037,OOD_WEAK_CONFOUNDER,0.2,EXACT_CF_SHAPLEY,1,1.1019559830599544e-16,0.5,1.836593305099924e-17,1.836593305099924e-17,1.836593305099924e-17,1.1102230246251565e-16,20736
1037,OOD_WEAK_CONFOUNDER,0.2,OBS_ASSOC,1,0.2868750937808742,0.8962578579236612,0.21903496393067076,0.047488083501425284,0.09402256638873284,1.1102230246251565e-16,20736
1037,OOD_WEAK_CONFOUNDER,0.2,RECENCY,0,0.9,0.25,0.5,0.75,1.0,1.1102230246251565e-16,20736
1037,OOD_WEAK_CONFOUNDER,0.2,EQUAL,0,0.75,1.0,1.0,1.0,1.0,1.1102230246251565e-16,20736
1038,OOD_WEAK_CONFOUNDER,0.2,EXACT_CF_SHAPLEY,1,1.040097166921973e-16,0.5,1.7334952782032884e-17,1.7334952782032884e-17,1.7334952782032884e-17,1.1102230246251565e-16,20736
1038,OOD_WEAK_CONFOUNDER,0.2,OBS_ASSOC,1,0.2779726109977672,0.9251612293393765,0.2002579814978392,0.10755148438092102,0.04836744157727443,1.1102230246251565e-16,20736
1038,OOD_WEAK_CONFOUNDER,0.2,RECENCY,0,0.9,0.25,0.5,0.75,1.0,1.1102230246251565e-16,20736
1038,OOD_WEAK_CONFOUNDER,0.2,EQUAL,0,0.75,1.0,1.0,1.0,1.0,1.1102230246251565e-16,20736
1039,OOD_WEAK_CONFOUNDER,0.2,EXACT_CF_SHAPLEY,1,1.0690572233885977e-16,0.5,1.781762038980996e-17,1.781762038980996e-17,1.781762038980996e-17,1.1102230246251565e-16,20736
1039,OOD_WEAK_CONFOUNDER,0.2,OBS_ASSOC,1,0.27474145174943965,0.8964419540170233,0.24940427845409008,0.08564179650449624,0.0045428405389720435,1.1102230246251565e-16,20736
1039,OOD_WEAK_CONFOUNDER,0.2,RECENCY,0,0.9,0.25,0.5,0.75,1.0,1.1102230246251565e-16,20736
1039,OOD_WEAK_CONFOUNDER,0.2,EQUAL,0,0.75,1.0,1.0,1.0,1.0,1.1102230246251565e-16,20736
1040,OOD_WEAK_CONFOUNDER,0.2,EXACT_CF_SHAPLEY,1,1.1030232445734949e-16,0.5,1.838372074289158e-17,1.838372074289158e-17,1.838372074289158e-17,1.1102230246251565e-16,20736
1040,OOD_WEAK_CONFOUNDER,0.2,OBS_ASSOC,1,0.2984439646047168,0.9197897019189024,0.22973482025224656,0.06395992167813964,0.09758645500009289,1.1102230246251565e-16,20736
1040,OOD_WEAK_CONFOUNDER,0.2,RECENCY,0,0.9,0.25,0.5,0.75,1.0,1.1102230246251565e-16,20736
1040,OOD_WEAK_CONFOUNDER,0.2,EQUAL,0,0.75,1.0,1.0,1.0,1.0,1.1102230246251565e-16,20736
1041,OOD_WEAK_CONFOUNDER,0.2,EXACT_CF_SHAPLEY,1,1.14937288744725e-16,0.5,1.9156214790787503e-17,1.9156214790787503e-17,1.9156214790787503e-17,1.1102230246251565e-16,20736
1041,OOD_WEAK_CONFOUNDER,0.2,OBS_ASSOC,1,0.2603422985503604,0.9027017769060912,0.09675879069092896,0.0896415356613411,0.13132969260735472,1.1102230246251565e-16,20736
1041,OOD_WEAK_CONFOUNDER,0.2,RECENCY,0,0.9,0.25,0.5,0.75,1.0,1.1102230246251565e-16,20736
1041,OOD_WEAK_CONFOUNDER,0.2,EQUAL,0,0.75,1.0,1.0,1.0,1.0,1.1102230246251565e-16,20736
1042,OOD_WEAK_CONFOUNDER,0.2,EXACT_CF_SHAPLEY,1,1.1679567903100094e-16,0.5,1.9465946505166826e-17,1.9465946505166826e-17,1.9465946505166826e-17,1.1102230246251565e-16,20736
1042,OOD_WEAK_CONFOUNDER,0.2,OBS_ASSOC,1,0.21322102398429435,0.9152241937403729,0.17808308729539102,0.060060661576250944,0.00988656931599986,1.1102230246251565e-16,20736
1042,OOD_WEAK_CONFOUNDER,0.2,RECENCY,0,0.9,0.25,0.5,0.75,1.0,1.1102230246251565e-16,20736
1042,OOD_WEAK_CONFOUNDER,0.2,EQUAL,0,0.75,1.0,1.0,1.0,1.0,1.1102230246251565e-16,20736
1043,OOD_WEAK_CONFOUNDER,0.2,EXACT_CF_SHAPLEY,1,1.0774852012137778e-16,0.5,1.7958086686896298e-17,1.7958086686896298e-17,1.7958086686896298e-17,1.1102230246251565e-16,20736
1043,OOD_WEAK_CONFOUNDER,0.2,OBS_ASSOC,1,0.2004869746461578,0.925351409487993,0.16762466566792136,0.006740153782583889,0.057677559709858314,1.1102230246251565e-16,20736
1043,OOD_WEAK_CONFOUNDER,0.2,RECENCY,0,0.9,0.25,0.5,0.75,1.0,1.1102230246251565e-16,20736
1043,OOD_WEAK_CONFOUNDER,0.2,EQUAL,0,0.75,1.0,1.0,1.0,1.0,1.1102230246251565e-16,20736
1044,OOD_WEAK_CONFOUNDER,0.2,EXACT_CF_SHAPLEY,1,1.0304664023116916e-16,0.5,1.7174440038528194e-17,1.7174440038528194e-17,1.7174440038528194e-17,1.1102230246251565e-16,20736
1044,OOD_WEAK_CONFOUNDER,0.2,OBS_ASSOC,1,0.20032181243710398,0.9132575201875277,0.12466654135468248,0.022212027610923203,0.08189521092618565,1.1102230246251565e-16,20736
1044,OOD_WEAK_CONFOUNDER,0.2,RECENCY,0,0.9,0.25,0.5,0.75,1.0,1.1102230246251565e-16,20736
1044,OOD_WEAK_CONFOUNDER,0.2,EQUAL,0,0.75,1.0,1.0,1.0,1.0,1.1102230246251565e-16,20736
1045,OOD_WEAK_CONFOUNDER,0.2,EXACT_CF_SHAPLEY,1,1.1259863077735588e-16,0.5,1.876643846289265e-17,1.876643846289265e-17,1.876643846289265e-17,1.1102230246251565e-16,20736
1045,OOD_WEAK_CONFOUNDER,0.2,OBS_ASSOC,1,0.17916252326661086,0.9181740538471893,0.14852127646528238,0.041476971305311916,0.010409731820993497,1.1102230246251565e-16,20736
1045,OOD_WEAK_CONFOUNDER,0.2,RECENCY,0,0.9,0.25,0.5,0.75,1.0,1.1102230246251565e-16,20736
1045,OOD_WEAK_CONFOUNDER,0.2,EQUAL,0,0.75,1.0,1.0,1.0,1.0,1.1102230246251565e-16,20736
1046,OOD_WEAK_CONFOUNDER,0.2,EXACT_CF_SHAPLEY,1,1.0652635745760823e-16,0.5,1.7754392909601372e-17,1.7754392909601372e-17,1.7754392909601372e-17,1.1102230246251565e-16,20736
1046,OOD_WEAK_CONFOUNDER,0.2,OBS_ASSOC,1,0.24597668897019212,0.9134327462891912,0.16416576970969265,0.07743090150581602,0.05638239553549616,1.1102230246251565e-16,20736
1046,OOD_WEAK_CONFOUNDER,0.2,RECENCY,0,0.9,0.25,0.5,0.75,1.0,1.1102230246251565e-16,20736
1046,OOD_WEAK_CONFOUNDER,0.2,EQUAL,0,0.75,1.0,1.0,1.0,1.0,1.1102230246251565e-16,20736
1047,OOD_WEAK_CONFOUNDER,0.2,EXACT_CF_SHAPLEY,1,1.1319240087338115e-16,0.5,1.8865400145563528e-17,1.8865400145563528e-17,1.8865400145563528e-17,1.1102230246251565e-16,20736
1047,OOD_WEAK_CONFOUNDER,0.2,OBS_ASSOC,1,0.22752602757721996,0.8965795906581823,0.1877583056013796,0.03280253808019307,0.04351950070784098,1.1102230246251565e-16,20736
1047,OOD_WEAK_CONFOUNDER,0.2,RECENCY,0,0.9,0.25,0.5,0.75,1.0,1.1102230246251565e-16,20736
1047,OOD_WEAK_CONFOUNDER,0.2,EQUAL,0,0.75,1.0,1.0,1.0,1.0,1.1102230246251565e-16,20736
1048,OOD_WEAK_CONFOUNDER,0.2,EXACT_CF_SHAPLEY,1,1.1600285619237092e-16,0.5,1.9333809365395156e-17,1.9333809365395156e-17,1.9333809365395156e-17,1.1102230246251565e-16,20736
1048,OOD_WEAK_CONFOUNDER,0.2,OBS_ASSOC,1,0.23990490901374836,0.9102342953604989,0.16981191507671028,0.009237533309953578,0.10824312644934919,1.1102230246251565e-16,20736
1048,OOD_WEAK_CONFOUNDER,0.2,RECENCY,0,0.9,0.25,0.5,0.75,1.0,1.1102230246251565e-16,20736
1048,OOD_WEAK_CONFOUNDER,0.2,EQUAL,0,0.75,1.0,1.0,1.0,1.0,1.1102230246251565e-16,20736
1049,OOD_WEAK_CONFOUNDER,0.2,EXACT_CF_SHAPLEY,1,1.0637717377977308e-16,0.5,1.7729528963295514e-17,1.7729528963295514e-17,1.7729528963295514e-17,1.1102230246251565e-16,20736
1049,OOD_WEAK_CONFOUNDER,0.2,OBS_ASSOC,1,0.24279080372147507,0.9073827196067409,0.18810452914859574,0.04847036355891308,0.05436740020049201,1.1102230246251565e-16,20736
1049,OOD_WEAK_CONFOUNDER,0.2,RECENCY,0,0.9,0.25,0.5,0.75,1.0,1.1102230246251565e-16,20736
1049,OOD_WEAK_CONFOUNDER,0.2,EQUAL,0,0.75,1.0,1.0,1.0,1.0,1.1102230246251565e-16,20736
1050,OOD_WEAK_CONFOUNDER,0.2,EXACT_CF_SHAPLEY,1,1.0930451964548395e-16,0.5,1.821741994091399e-17,1.821741994091399e-17,1.821741994091399e-17,1.1102230246251565e-16,20736
1050,OOD_WEAK_CONFOUNDER,0.2,OBS_ASSOC,1,0.18931040011281053,0.9045084572795998,0.12942227391462086,0.024665485026315038,0.057131008361432055,1.1102230246251565e-16,20736
1050,OOD_WEAK_CONFOUNDER,0.2,RECENCY,0,0.9,0.25,0.5,0.75,1.0,1.1102230246251565e-16,20736
1050,OOD_WEAK_CONFOUNDER,0.2,EQUAL,0,0.75,1.0,1.0,1.0,1.0,1.1102230246251565e-16,20736
1051,OOD_WEAK_CONFOUNDER,0.2,EXACT_CF_SHAPLEY,1,1.035277549452096e-16,0.5,1.7254625824201602e-17,1.7254625824201602e-17,1.7254625824201602e-17,1.1102230246251565e-16,20736
1051,OOD_WEAK_CONFOUNDER,0.2,OBS_ASSOC,1,0.14293427730090225,0.9007906850356241,0.09067669712889814,0.0489367822973376,0.01061288263089563,1.1102230246251565e-16,20736
1051,OOD_WEAK_CONFOUNDER,0.2,RECENCY,0,0.9,0.25,0.5,0.75,1.0,1.1102230246251565e-16,20736
1051,OOD_WEAK_CONFOUNDER,0.2,EQUAL,0,0.75,1.0,1.0,1.0,1.0,1.1102230246251565e-16,20736
1052,OOD_WEAK_CONFOUNDER,0.2,EXACT_CF_SHAPLEY,1,1.1277904879512105e-16,0.5,1.879650813252018e-17,1.879650813252018e-17,1.879650813252018e-17,1.1102230246251565e-16,20736
1052,OOD_WEAK_CONFOUNDER,0.2,OBS_ASSOC,1,0.2765808288954462,0.9083747267596974,0.17104928571352146,0.12036164071460989,0.05588293155916372,1.1102230246251565e-16,20736
1052,OOD_WEAK_CONFOUNDER,0.2,RECENCY,0,0.9,0.25,0.5,0.75,1.0,1.1102230246251565e-16,20736
1052,OOD_WEAK_CONFOUNDER,0.2,EQUAL,0,0.75,1.0,1.0,1.0,1.0,1.1102230246251565e-16,20736
1053,OOD_WEAK_CONFOUNDER,0.2,EXACT_CF_SHAPLEY,1,1.2001440423056728e-16,0.5,2.000240070509455e-17,2.000240070509455e-17,2.000240070509455e-17,1.1102230246251565e-16,20736
1053,OOD_WEAK_CONFOUNDER,0.2,OBS_ASSOC,1,0.2879947743574332,0.907871218420364,0.18064364973743627,0.07870121371723372,0.10787458561414506,1.1102230246251565e-16,20736
1053,OOD_WEAK_CONFOUNDER,0.2,RECENCY,0,0.9,0.25,0.5,0.75,1.0,1.1102230246251565e-16,20736
1053,OOD_WEAK_CONFOUNDER,0.2,EQUAL,0,0.75,1.0,1.0,1.0,1.0,1.1102230246251565e-16,20736
1054,OOD_WEAK_CONFOUNDER,0.2,EXACT_CF_SHAPLEY,1,1.250017342240006e-16,0.5,2.083362237066677e-17,2.083362237066677e-17,2.083362237066677e-17,1.1102230246251565e-16,20736
1054,OOD_WEAK_CONFOUNDER,0.2,OBS_ASSOC,1,0.24274087456165153,0.9080417997833649,0.1819184726831406,0.06921481223611159,0.039941266992364555,1.1102230246251565e-16,20736
1054,OOD_WEAK_CONFOUNDER,0.2,RECENCY,0,0.9,0.25,0.5,0.75,1.0,1.1102230246251565e-16,20736
1054,OOD_WEAK_CONFOUNDER,0.2,EQUAL,0,0.75,1.0,1.0,1.0,1.0,1.1102230246251565e-16,20736
1055,OOD_WEAK_CONFOUNDER,0.2,EXACT_CF_SHAPLEY,1,1.0660417860963722e-16,0.5,1.7767363101606204e-17,1.7767363101606204e-17,1.7767363101606204e-17,1.1102230246251565e-16,20736
1055,OOD_WEAK_CONFOUNDER,0.2,OBS_ASSOC,1,0.28601723395413803,0.9150206099482439,0.22743719820273395,0.08525088341644362,0.05386371250580012,1.1102230246251565e-16,20736
1055,OOD_WEAK_CONFOUNDER,0.2,RECENCY,0,0.9,0.25,0.5,0.75,1.0,1.1102230246251565e-16,20736
1055,OOD_WEAK_CONFOUNDER,0.2,EQUAL,0,0.75,1.0,1.0,1.0,1.0,1.1102230246251565e-16,20736
1056,OOD_WEAK_CONFOUNDER,0.2,EXACT_CF_SHAPLEY,1,1.14837338856949e-16,0.5,1.913955647615817e-17,1.913955647615817e-17,1.913955647615817e-17,1.1102230246251565e-16,20736
1056,OOD_WEAK_CONFOUNDER,0.2,OBS_ASSOC,1,0.23235022587108708,0.9142936595746547,0.16779889445507273,0.023876530513120414,0.08506058860744425,1.1102230246251565e-16,20736
1056,OOD_WEAK_CONFOUNDER,0.2,RECENCY,0,0.9,0.25,0.5,0.75,1.0,1.1102230246251565e-16,20736
1056,OOD_WEAK_CONFOUNDER,0.2,EQUAL,0,0.75,1.0,1.0,1.0,1.0,1.1102230246251565e-16,20736
1057,OOD_WEAK_CONFOUNDER,0.2,EXACT_CF_SHAPLEY,1,1.1401741096400684e-16,0.5,1.9002901827334475e-17,1.9002901827334475e-17,1.9002901827334475e-17,1.1102230246251565e-16,20736
1057,OOD_WEAK_CONFOUNDER,0.2,OBS_ASSOC,1,0.2772447008490035,0.9134987251030815,0.17685251373581273,0.07926440841423739,0.09429584004574636,1.1102230246251565e-16,20736
1057,OOD_WEAK_CONFOUNDER,0.2,RECENCY,0,0.9,0.25,0.5,0.75,1.0,1.1102230246251565e-16,20736
1057,OOD_WEAK_CONFOUNDER,0.2,EQUAL,0,0.75,1.0,1.0,1.0,1.0,1.1102230246251565e-16,20736
1058,OOD_WEAK_CONFOUNDER,0.2,EXACT_CF_SHAPLEY,1,1.0072407588979787e-16,0.5,1.6787345981632978e-17,1.6787345981632978e-17,1.6787345981632978e-17,1.1102230246251565e-16,20736
1058,OOD_WEAK_CONFOUNDER,0.2,OBS_ASSOC,1,0.2440046941300968,0.9228044190140364,0.25589633561642383,0.009836429940455856,0.0321111605298388,1.1102230246251565e-16,20736
1058,OOD_WEAK_CONFOUNDER,0.2,RECENCY,0,0.9,0.25,0.5,0.75,1.0,1.1102230246251565e-16,20736
1058,OOD_WEAK_CONFOUNDER,0.2,EQUAL,0,0.75,1.0,1.0,1.0,1.0,1.1102230246251565e-16,20736
1059,OOD_WEAK_CONFOUNDER,0.2,EXACT_CF_SHAPLEY,1,1.2495768851074338e-16,0.5,2.0826281418457236e-17,2.0826281418457236e-17,2.0826281418457236e-17,1.1102230246251565e-16,20736
1059,OOD_WEAK_CONFOUNDER,0.2,OBS_ASSOC,1,0.2798580763613864,0.9102044858617243,0.19403726713014738,0.0899366281841843,0.069745376050567,1.1102230246251565e-16,20736
1059,OOD_WEAK_CONFOUNDER,0.2,RECENCY,0,0.9,0.25,0.5,0.75,1.0,1.1102230246251565e-16,20736
1059,OOD_WEAK_CONFOUNDER,0.2,EQUAL,0,0.75,1.0,1.0,1.0,1.0,1.1102230246251565e-16,20736
1060,OOD_WEAK_CONFOUNDER,0.2,EXACT_CF_SHAPLEY,1,1.1782058889717864e-16,0.5,1.9636764816196445e-17,1.9636764816196445e-17,1.9636764816196445e-17,1.1102230246251565e-16,20736
1060,OOD_WEAK_CONFOUNDER,0.2,OBS_ASSOC,1,0.24337848301540982,0.9137129171905144,0.27789766171858027,0.015561686604822253,0.00044990313916353685,1.1102230246251565e-16,20736
1060,OOD_WEAK_CONFOUNDER,0.2,RECENCY,0,0.9,0.25,0.5,0.75,1.0,1.1102230246251565e-16,20736
1060,OOD_WEAK_CONFOUNDER,0.2,EQUAL,0,0.75,1.0,1.0,1.0,1.0,1.1102230246251565e-16,20736
1061,OOD_WEAK_CONFOUNDER,0.2,EXACT_CF_SHAPLEY,1,1.0586471884668422e-16,0.5,1.7644119807780703e-17,1.7644119807780703e-17,1.7644119807780703e-17,1.1102230246251565e-16,20736
1061,OOD_WEAK_CONFOUNDER,0.2,OBS_ASSOC,1,0.17957647367371565,0.9083714790490597,0.1259429646229075,0.03223415211674755,0.040649637685392453,1.1102230246251565e-16,20736
1061,OOD_WEAK_CONFOUNDER,0.2,RECENCY,0,0.9,0.25,0.5,0.75,1.0,1.1102230246251565e-16,20736
1061,OOD_WEAK_CONFOUNDER,0.2,EQUAL,0,0.75,1.0,1.0,1.0,1.0,1.1102230246251565e-16,20736
1062,OOD_WEAK_CONFOUNDER,0.2,EXACT_CF_SHAPLEY,1,1.095958989793394e-16,0.5,1.8265983163223233e-17,1.8265983163223233e-17,1.8265983163223233e-17,1.1102230246251565e-16,20736
1062,OOD_WEAK_CONFOUNDER,0.2,OBS_ASSOC,1,0.2149053298511471,0.9083243704568167,0.12494823459790884,0.0423752425521719,0.08131373294312663,1.1102230246251565e-16,20736
1062,OOD_WEAK_CONFOUNDER,0.2,RECENCY,0,0.9,0.25,0.5,0.75,1.0,1.1102230246251565e-16,20736
1062,OOD_WEAK_CONFOUNDER,0.2,EQUAL,0,0.75,1.0,1.0,1.0,1.0,1.1102230246251565e-16,20736
1063,OOD_WEAK_CONFOUNDER,0.2,EXACT_CF_SHAPLEY,1,1.1032604137987262e-16,0.5,1.8387673563312102e-17,1.8387673563312102e-17,1.8387673563312102e-17,1.1102230246251565e-16,20736
1063,OOD_WEAK_CONFOUNDER,0.2,OBS_ASSOC,1,0.17216068161412384,0.9156623784377685,0.15268531236835703,0.02093246444061877,0.01680692965172375,1.1102230246251565e-16,20736
1063,OOD_WEAK_CONFOUNDER,0.2,RECENCY,0,0.9,0.25,0.5,0.75,1.0,1.1102230246251565e-16,20736
1063,OOD_WEAK_CONFOUNDER,0.2,EQUAL,0,0.75,1.0,1.0,1.0,1.0,1.1102230246251565e-16,20736
1064,OOD_WEAK_CONFOUNDER,0.2,EXACT_CF_SHAPLEY,1,1.1370909097120627e-16,0.5,1.8951515161867716e-17,1.8951515161867716e-17,1.8951515161867716e-17,1.1102230246251565e-16,20736
1064,OOD_WEAK_CONFOUNDER,0.2,OBS_ASSOC,1,0.2968110497903427,0.9195770425425623,0.2561817889530994,0.057171795464594645,0.07479333865153046,1.1102230246251565e-16,20736
1064,OOD_WEAK_CONFOUNDER,0.2,RECENCY,0,0.9,0.25,0.5,0.75,1.0,1.1102230246251565e-16,20736
1064,OOD_WEAK_CONFOUNDER,0.2,EQUAL,0,0.75,1.0,1.0,1.0,1.0,1.1102230246251565e-16,20736
1065,OOD_WEAK_CONFOUNDER,0.2,EXACT_CF_SHAPLEY,1,1.0096039808208182e-16,0.5,1.6826733013680303e-17,1.6826733013680303e-17,1.6826733013680303e-17,1.1102230246251565e-16,20736
1065,OOD_WEAK_CONFOUNDER,0.2,OBS_ASSOC,1,0.2502065273826157,0.9103170886947067,0.21067501397519356,0.003121247709918568,0.08997709177482596,1.1102230246251565e-16,20736
1065,OOD_WEAK_CONFOUNDER,0.2,RECENCY,0,0.9,0.25,0.5,0.75,1.0,1.1102230246251565e-16,20736
1065,OOD_WEAK_CONFOUNDER,0.2,EQUAL,0,0.75,1.0,1.0,1.0,1.0,1.1102230246251565e-16,20736
1066,OOD_WEAK_CONFOUNDER,0.2,EXACT_CF_SHAPLEY,1,9.44272329599094e-17,0.5,1.57378721599849e-17,1.57378721599849e-17,1.57378721599849e-17,1.1102230246251565e-16,20736
1066,OOD_WEAK_CONFOUNDER,0.2,OBS_ASSOC,1,0.2110722469658047,0.9119143532925535,0.19016488343837967,0.045130038785198015,0.00868155198404868,1.1102230246251565e-16,20736
1066,OOD_WEAK_CONFOUNDER,0.2,RECENCY,0,0.9,0.25,0.5,0.75,1.0,1.1102230246251565e-16,20736
1066,OOD_WEAK_CONFOUNDER,0.2,EQUAL,0,0.75,1.0,1.0,1.0,1.0,1.1102230246251565e-16,20736
1067,OOD_WEAK_CONFOUNDER,0.2,EXACT_CF_SHAPLEY,1,9.593325754012756e-17,0.5,1.5988876256687927e-17,1.5988876256687927e-17,1.5988876256687927e-17,1.1102230246251565e-16,20736
1067,OOD_WEAK_CONFOUNDER,0.2,OBS_ASSOC,1,0.25114499500149995,0.9204917131977233,0.21177344689697333,0.013965333452952075,0.08296835943934178,1.1102230246251565e-16,20736
1067,OOD_WEAK_CONFOUNDER,0.2,RECENCY,0,0.9,0.25,0.5,0.75,1.0,1.1102230246251565e-16,20736
1067,OOD_WEAK_CONFOUNDER,0.2,EQUAL,0,0.75,1.0,1.0,1.0,1.0,1.1102230246251565e-16,20736
1068,OOD_WEAK_CONFOUNDER,0.2,EXACT_CF_SHAPLEY,1,1.226164894445325e-16,0.5,2.043608157408875e-17,2.043608157408875e-17,2.043608157408875e-17,1.1102230246251565e-16,20736
1068,OOD_WEAK_CONFOUNDER,0.2,OBS_ASSOC,1,0.28891559809753736,0.9212566878833001,0.22048906051640518,0.09000892731594295,0.06381120284747929,1.1102230246251565e-16,20736
1068,OOD_WEAK_CONFOUNDER,0.2,RECENCY,0,0.9,0.25,0.5,0.75,1.0,1.1102230246251565e-16,20736
1068,OOD_WEAK_CONFOUNDER,0.2,EQUAL,0,0.75,1.0,1.0,1.0,1.0,1.1102230246251565e-16,20736
1069,OOD_WEAK_CONFOUNDER,0.2,EXACT_CF_SHAPLEY,1,1.2080553300330277e-16,0.5,2.0134255500550466e-17,2.0134255500550466e-17,2.0134255500550466e-17,1.1102230246251565e-16,20736
1069,OOD_WEAK_CONFOUNDER,0.2,OBS_ASSOC,1,0.2738549496352329,0.9211503838410794,0.14445648054983753,0.02616902675287547,0.17677284216831166,1.1102230246251565e-16,20736
1069,OOD_WEAK_CONFOUNDER,0.2,RECENCY,0,0.9,0.25,0.5,0.75,1.0,1.1102230246251565e-16,20736
1069,OOD_WEAK_CONFOUNDER,0.2,EQUAL,0,0.75,1.0,1.0,1.0,1.0,1.1102230246251565e-16,20736
1070,OOD_WEAK_CONFOUNDER,0.2,EXACT_CF_SHAPLEY,1,1.157453581764056e-16,0.5,1.929089302940094e-17,1.929089302940094e-17,1.929089302940094e-17,1.1102230246251565e-16,20736
1070,OOD_WEAK_CONFOUNDER,0.2,OBS_ASSOC,1,0.24677850485008096,0.9031957120202253,0.20674223537869948,0.061862666949423564,0.027309763987914935,1.1102230246251565e-16,20736
1070,OOD_WEAK_CONFOUNDER,0.2,RECENCY,0,0.9,0.25,0.5,0.75,1.0,1.1102230246251565e-16,20736
1070,OOD_WEAK_CONFOUNDER,0.2,EQUAL,0,0.75,1.0,1.0,1.0,1.0,1.1102230246251565e-16,20736
1071,OOD_WEAK_CONFOUNDER,0.2,EXACT_CF_SHAPLEY,1,1.1018035171294487e-16,0.5,1.8363391952157478e-17,1.8363391952157478e-17,1.8363391952157478e-17,1.1102230246251565e-16,20736
1071,OOD_WEAK_CONFOUNDER,0.2,OBS_ASSOC,1,0.2648369900194965,0.9081571505880411,0.1776972562857098,0.08161071859715065,0.06784886375187707,1.1102230246251565e-16,20736
1071,OOD_WEAK_CONFOUNDER,0.2,RECENCY,0,0.9,0.25,0.5,0.75,1.0,1.1102230246251565e-16,20736
1071,OOD_WEAK_CONFOUNDER,0.2,EQUAL,0,0.75,1.0,1.0,1.0,1.0,1.1102230246251565e-16,20736
1072,OOD_WEAK_CONFOUNDER,0.2,EXACT_CF_SHAPLEY,1,1.1544042631539406e-16,0.5,1.924007105256568e-17,1.924007105256568e-17,1.924007105256568e-17,1.1102230246251565e-16,20736
1072,OOD_WEAK_CONFOUNDER,0.2,OBS_ASSOC,1,0.16076257025090057,0.9146273323796329,0.13230517587735924,0.010466193571037992,0.032432733184433744,1.1102230246251565e-16,20736
1072,OOD_WEAK_CONFOUNDER,0.2,RECENCY,0,0.9,0.25,0.5,0.75,1.0,1.1102230246251565e-16,20736
1072,OOD_WEAK_CONFOUNDER,0.2,EQUAL,0,0.75,1.0,1.0,1.0,1.0,1.1102230246251565e-16,20736
1073,OOD_WEAK_CONFOUNDER,0.2,EXACT_CF_SHAPLEY,1,1.1204890639458784e-16,0.5,1.8674817732431313e-17,1.8674817732431313e-17,1.8674817732431313e-17,1.1102230246251565e-16,20736
1073,OOD_WEAK_CONFOUNDER,0.2,OBS_ASSOC,1,0.15321733139933325,0.9086841223045307,0.11149661337753845,0.03737179299247674,0.015549408810969632,1.1102230246251565e-16,20736
1073,OOD_WEAK_CONFOUNDER,0.2,RECENCY,0,0.9,0.25,0.5,0.75,1.0,1.1102230246251565e-16,20736
1073,OOD_WEAK_CONFOUNDER,0.2,EQUAL,0,0.75,1.0,1.0,1.0,1.0,1.1102230246251565e-16,20736
1074,OOD_WEAK_CONFOUNDER,0.2,EXACT_CF_SHAPLEY,1,1.165627979100652e-16,0.5,1.9427132985010874e-17,1.9427132985010874e-17,1.9427132985010874e-17,1.1102230246251565e-16,20736
1074,OOD_WEAK_CONFOUNDER,0.2,OBS_ASSOC,1,0.25371098842045703,0.9118619545177177,0.16145561141908193,0.03862018259971072,0.10992394360837954,1.1102230246251565e-16,20736
1074,OOD_WEAK_CONFOUNDER,0.2,RECENCY,0,0.9,0.25,0.5,0.75,1.0,1.1102230246251565e-16,20736
1074,OOD_WEAK_CONFOUNDER,0.2,EQUAL,0,0.75,1.0,1.0,1.0,1.0,1.1102230246251565e-16,20736
1075,OOD_WEAK_CONFOUNDER,0.2,EXACT_CF_SHAPLEY,1,1.0799924187376506e-16,0.5,1.799987364562751e-17,1.799987364562751e-17,1.799987364562751e-17,1.1102230246251565e-16,20736
1075,OOD_WEAK_CONFOUNDER,0.2,OBS_ASSOC,1,0.2970355693032432,0.9312159374082243,0.2891515713002099,0.10211664068534869,0.0022143655584338936,1.1102230246251565e-16,20736
1075,OOD_WEAK_CONFOUNDER,0.2,RECENCY,0,0.9,0.25,0.5,0.75,1.0,1.1102230246251565e-16,20736
1075,OOD_WEAK_CONFOUNDER,0.2,EQUAL,0,0.75,1.0,1.0,1.0,1.0,1.1102230246251565e-16,20736
1076,OOD_WEAK_CONFOUNDER,0.2,EXACT_CF_SHAPLEY,1,1.1216918507309795e-16,0.5,1.8694864178849663e-17,1.8694864178849663e-17,1.8694864178849663e-17,1.1102230246251565e-16,20736
1076,OOD_WEAK_CONFOUNDER,0.2,OBS_ASSOC,1,0.23766197215204768,0.9159513326894766,0.1627803616098696,0.04936660645497994,0.07340457491248022,1.1102230246251565e-16,20736
1076,OOD_WEAK_CONFOUNDER,0.2,RECENCY,0,0.9,0.25,0.5,0.75,1.0,1.1102230246251565e-16,20736
1076,OOD_WEAK_CONFOUNDER,0.2,EQUAL,0,0.75,1.0,1.0,1.0,1.0,1.1102230246251565e-16,20736
1077,OOD_WEAK_CONFOUNDER,0.2,EXACT_CF_SHAPLEY,1,1.2542228608231236e-16,0.5,2.0903714347052064e-17,2.0903714347052064e-17,2.0903714347052064e-17,1.1102230246251565e-16,20736
1077,OOD_WEAK_CONFOUNDER,0.2,OBS_ASSOC,1,0.20373511054118848,0.9027277299667134,0.10570654747285044,0.016957976801477793,0.10831053978804117,1.1102230246251565e-16,20736
1077,OOD_WEAK_CONFOUNDER,0.2,RECENCY,0,0.9,0.25,0.5,0.75,1.0,1.1102230246251565e-16,20736
1077,OOD_WEAK_CONFOUNDER,0.2,EQUAL,0,0.75,1.0,1.0,1.0,1.0,1.1102230246251565e-16,20736
1078,OOD_WEAK_CONFOUNDER,0.2,EXACT_CF_SHAPLEY,1,1.0835668977750637e-16,0.5,1.805944829625106e-17,1.805944829625106e-17,1.805944829625106e-17,1.1102230246251565e-16,20736
1078,OOD_WEAK_CONFOUNDER,0.2,OBS_ASSOC,1,0.1403329797120564,0.9171540189025833,0.12558126242077192,0.021839947361337795,0.002296010129824444,1.1102230246251565e-16,20736
1078,OOD_WEAK_CONFOUNDER,0.2,RECENCY,0,0.9,0.25,0.5,0.75,1.0,1.1102230246251565e-16,20736
1078,OOD_WEAK_CONFOUNDER,0.2,EQUAL,0,0.75,1.0,1.0,1.0,1.0,1.1102230246251565e-16,20736
1079,OOD_WEAK_CONFOUNDER,0.2,EXACT_CF_SHAPLEY,1,1.116253899209607e-16,0.5,1.8604231653493453e-17,1.8604231653493453e-17,1.8604231653493453e-17,1.1102230246251565e-16,20736
1079,OOD_WEAK_CONFOUNDER,0.2,OBS_ASSOC,1,0.2533083300721244,0.9030970882050309,0.22499581226747378,0.05040026843774744,0.030971359189094147,1.1102230246251565e-16,20736
1079,OOD_WEAK_CONFOUNDER,0.2,RECENCY,0,0.9,0.25,0.5,0.75,1.0,1.1102230246251565e-16,20736
1079,OOD_WEAK_CONFOUNDER,0.2,EQUAL,0,0.75,1.0,1.0,1.0,1.0,1.1102230246251565e-16,20736
1080,OOD_WEAK_CONFOUNDER,0.2,EXACT_CF_SHAPLEY,1,1.1495931160135362e-16,0.5,1.9159885266892274e-17,1.9159885266892274e-17,1.9159885266892274e-17,1.1102230246251565e-16,20736
1080,OOD_WEAK_CONFOUNDER,0.2,OBS_ASSOC,1,0.28046058569679627,0.9112821683207668,0.2457888224126374,0.09126494397088576,0.01814391366266194,1.1102230246251565e-16,20736
1080,OOD_WEAK_CONFOUNDER,0.2,RECENCY,0,0.9,0.25,0.5,0.75,1.0,1.1102230246251565e-16,20736
1080,OOD_WEAK_CONFOUNDER,0.2,EQUAL,0,0.75,1.0,1.0,1.0,1.0,1.1102230246251565e-16,20736
1081,OOD_WEAK_CONFOUNDER,0.2,EXACT_CF_SHAPLEY,1,1.196044402840962e-16,0.5,1.9934073380682704e-17,1.9934073380682704e-17,1.9934073380682704e-17,1.1102230246251565e-16,20736
1081,OOD_WEAK_CONFOUNDER,0.2,OBS_ASSOC,1,0.20370136732824595,0.908608208108121,0.1693424879979856,0.05485358902498314,0.008235232994847588,1.1102230246251565e-16,20736
1081,OOD_WEAK_CONFOUNDER,0.2,RECENCY,0,0.9,0.25,0.5,0.75,1.0,1.1102230246251565e-16,20736
1081,OOD_WEAK_CONFOUNDER,0.2,EQUAL,0,0.75,1.0,1.0,1.0,1.0,1.1102230246251565e-16,20736
1082,OOD_WEAK_CONFOUNDER,0.2,EXACT_CF_SHAPLEY,1,1.0943157458757209e-16,0.5,1.8238595764595348e-17,1.8238595764595348e-17,1.8238595764595348e-17,1.1102230246251565e-16,20736
1082,OOD_WEAK_CONFOUNDER,0.2,OBS_ASSOC,1,0.24320256292463308,0.9166942466512867,0.271551104162312,0.01847956351901712,0.004555940679048522,1.1102230246251565e-16,20736
1082,OOD_WEAK_CONFOUNDER,0.2,RECENCY,0,0.9,0.25,0.5,0.75,1.0,1.1102230246251565e-16,20736
1082,OOD_WEAK_CONFOUNDER,0.2,EQUAL,0,0.75,1.0,1.0,1.0,1.0,1.1102230246251565e-16,20736
1083,OOD_WEAK_CONFOUNDER,0.2,EXACT_CF_SHAPLEY,1,1.1449852567804728e-16,0.5,1.9083087613007883e-17,1.9083087613007883e-17,1.9083087613007883e-17,1.1102230246251565e-16,20736
1083,OOD_WEAK_CONFOUNDER,0.2,OBS_ASSOC,1,0.28145462127842996,0.9131881757065222,0.20920648387721708,0.006871194805284395,0.14161863356253618,1.1102230246251565e-16,20736
1083,OOD_WEAK_CONFOUNDER,0.2,RECENCY,0,0.9,0.25,0.5,0.75,1.0,1.1102230246251565e-16,20736
1083,OOD_WEAK_CONFOUNDER,0.2,EQUAL,0,0.75,1.0,1.0,1.0,1.0,1.1102230246251565e-16,20736
1084,OOD_WEAK_CONFOUNDER,0.2,EXACT_CF_SHAPLEY,1,1.110214554295684e-16,0.5,1.8503575904928068e-17,1.8503575904928068e-17,1.8503575904928068e-17,1.1102230246251565e-16,20736
1084,OOD_WEAK_CONFOUNDER,0.2,OBS_ASSOC,1,0.18840995402236857,0.9240474694813922,0.15639370799821056,0.042442721315334914,0.015680422023334462,1.1102230246251565e-16,20736
1084,OOD_WEAK_CONFOUNDER,0.2,RECENCY,0,0.9,0.25,0.5,0.75,1.0,1.1102230246251565e-16,20736
1084,OOD_WEAK_CONFOUNDER,0.2,EQUAL,0,0.75,1.0,1.0,1.0,1.0,1.1102230246251565e-16,20736
1085,OOD_WEAK_CONFOUNDER,0.2,EXACT_CF_SHAPLEY,1,1.0440358701267055e-16,0.5,1.7400597835445092e-17,1.7400597835445092e-17,1.7400597835445092e-17,1.1102230246251565e-16,20736
1085,OOD_WEAK_CONFOUNDER,0.2,OBS_ASSOC,1,0.22370845730122146,0.8988172842257668,0.16580210758609654,0.07834988180008254,0.014865424806933383,1.1102230246251565e-16,20736
1085,OOD_WEAK_CONFOUNDER,0.2,RECENCY,0,0.9,0.25,0.5,0.75,1.0,1.1102230246251565e-16,20736
1085,OOD_WEAK_CONFOUNDER,0.2,EQUAL,0,0.75,1.0,1.0,1.0,1.0,1.1102230246251565e-16,20736
1086,OOD_WEAK_CONFOUNDER,0.2,EXACT_CF_SHAPLEY,1,1.0936211788589721e-16,0.5,1.8227019647649536e-17,1.8227019647649536e-17,1.8227019647649536e-17,1.1102230246251565e-16,20736
1086,OOD_WEAK_CONFOUNDER,0.2,OBS_ASSOC,1,0.22498379184781955,0.9097663889254223,0.21178343156311527,0.018171657316689998,0.03414608697063395,1.1102230246251565e-16,20736
1086,OOD_WEAK_CONFOUNDER,0.2,RECENCY,0,0.9,0.25,0.5,0.75,1.0,1.1102230246251565e-16,20736
1086,OOD_WEAK_CONFOUNDER,0.2,EQUAL,0,0.75,1.0,1.0,1.0,1.0,1.1102230246251565e-16,20736
1087,OOD_WEAK_CONFOUNDER,0.2,EXACT_CF_SHAPLEY,1,1.078408467126285e-16,0.5,1.797347445210475e-17,1.797347445210475e-17,1.797347445210475e-17,1.1102230246251565e-16,20736
1087,OOD_WEAK_CONFOUNDER,0.2,OBS_ASSOC,1,0.20168450745557764,0.8985608587664738,0.1420413621174774,0.005628768772425484,0.07934012496967857,1.1102230246251565e-16,20736
1087,OOD_WEAK_CONFOUNDER,0.2,RECENCY,0,0.9,0.25,0.5,0.75,1.0,1.1102230246251565e-16,20736
1087,OOD_WEAK_CONFOUNDER,0.2,EQUAL,0,0.75,1.0,1.0,1.0,1.0,1.1102230246251565e-16,20736
1088,OOD_WEAK_CONFOUNDER,0.2,EXACT_CF_SHAPLEY,1,9.977794008771483e-17,0.5,1.6629656681285805e-17,1.6629656681285805e-17,1.6629656681285805e-17,1.1102230246251565e-16,20736
1088,OOD_WEAK_CONFOUNDER,0.2,OBS_ASSOC,1,0.15560273595751536,0.9130613649292585,0.11285531989201987,0.01640248696182452,0.038998122588565186,1.1102230246251565e-16,20736
1088,OOD_WEAK_CONFOUNDER,0.2,RECENCY,0,0.9,0.25,0.5,0.75,1.0,1.1102230246251565e-16,20736
1088,OOD_WEAK_CONFOUNDER,0.2,EQUAL,0,0.75,1.0,1.0,1.0,1.0,1.1102230246251565e-16,20736
1089,OOD_WEAK_CONFOUNDER,0.2,EXACT_CF_SHAPLEY,1,1.198822670907956e-16,0.5,1.9980377848465937e-17,1.9980377848465937e-17,1.9980377848465937e-17,1.1102230246251565e-16,20736
1089,OOD_WEAK_CONFOUNDER,0.2,OBS_ASSOC,1,0.20852336909675878,0.9155086663043673,0.1486242879452144,0.07217424182560908,0.020402466040264793,1.1102230246251565e-16,20736
1089,OOD_WEAK_CONFOUNDER,0.2,RECENCY,0,0.9,0.25,0.5,0.75,1.0,1.1102230246251565e-16,20736
1089,OOD_WEAK_CONFOUNDER,0.2,EQUAL,0,0.75,1.0,1.0,1.0,1.0,1.1102230246251565e-16,20736
1090,OOD_WEAK_CONFOUNDER,0.2,EXACT_CF_SHAPLEY,1,1.1223271254414202e-16,0.5,1.870545209069034e-17,1.870545209069034e-17,1.870545209069034e-17,1.1102230246251565e-16,20736
1090,OOD_WEAK_CONFOUNDER,0.2,OBS_ASSOC,1,0.16723013874460727,0.9102236889326919,0.14842548399600167,0.012404320331597649,0.021953988495278406,1.1102230246251565e-16,20736
1090,OOD_WEAK_CONFOUNDER,0.2,RECENCY,0,0.9,0.25,0.5,0.75,1.0,1.1102230246251565e-16,20736
1090,OOD_WEAK_CONFOUNDER,0.2,EQUAL,0,0.75,1.0,1.0,1.0,1.0,1.1102230246251565e-16,20736
1091,OOD_WEAK_CONFOUNDER,0.2,EXACT_CF_SHAPLEY,1,1.260859363964861e-16,0.5,2.1014322732747688e-17,2.1014322732747688e-17,2.1014322732747688e-17,1.1102230246251565e-16,20736
1091,OOD_WEAK_CONFOUNDER,0.2,OBS_ASSOC,1,0.15582198092797286,0.9080377396931502,0.13389436660215284,0.02915907916724494,0.004556034884792568,1.1102230246251565e-16,20736
1091,OOD_WEAK_CONFOUNDER,0.2,RECENCY,0,0.9,0.25,0.5,0.75,1.0,1.1102230246251565e-16,20736
1091,OOD_WEAK_CONFOUNDER,0.2,EQUAL,0,0.75,1.0,1.0,1.0,1.0,1.1102230246251565e-16,20736
1092,OOD_WEAK_CONFOUNDER,0.2,EXACT_CF_SHAPLEY,1,1.139184139882965e-16,0.5,1.8986402331382752e-17,1.8986402331382752e-17,1.8986402331382752e-17,1.1102230246251565e-16,20736
1092,OOD_WEAK_CONFOUNDER,0.2,OBS_ASSOC,1,0.21334612035584777,0.9205543297364296,0.1318376892639886,0.05948946866405551,0.05833371568880802,1.1102230246251565e-16,20736
1092,OOD_WEAK_CONFOUNDER,0.2,RECENCY,0,0.9,0.25,0.5,0.75,1.0,1.1102230246251565e-16,20736
1092,OOD_WEAK_CONFOUNDER,0.2,EQUAL,0,0.75,1.0,1.0,1.0,1.0,1.1102230246251565e-16,20736
1093,OOD_WEAK_CONFOUNDER,0.2,EXACT_CF_SHAPLEY,1,1.1707689396948937e-16,0.5,1.9512815661581563e-17,1.9512815661581563e-17,1.9512815661581563e-17,1.1102230246251565e-16,20736
1093,OOD_WEAK_CONFOUNDER,0.2,OBS_ASSOC,1,0.2397780367612325,0.9256452890740668,0.17442894513871468,0.056238152948495365,0.06128633246864241,1.1102230246251565e-16,20736
1093,OOD_WEAK_CONFOUNDER,0.2,RECENCY,0,0.9,0.25,0.5,0.75,1.0,1.1102230246251565e-16,20736
1093,OOD_WEAK_CONFOUNDER,0.2,EQUAL,0,0.75,1.0,1.0,1.0,1.0,1.1102230246251565e-16,20736
1094,OOD_WEAK_CONFOUNDER,0.2,EXACT_CF_SHAPLEY,1,1.1524560873752557e-16,0.5,1.9207601456254265e-17,1.9207601456254265e-17,1.9207601456254265e-17,1.1102230246251565e-16,20736
1094,OOD_WEAK_CONFOUNDER,0.2,OBS_ASSOC,1,0.22832121465369284,0.9180598511837856,0.17951234578044115,0.07885912156860903,0.013260388194318682,1.1102230246251565e-16,20736
1094,OOD_WEAK_CONFOUNDER,0.2,RECENCY,0,0.9,0.25,0.5,0.75,1.0,1.1102230246251565e-16,20736
1094,OOD_WEAK_CONFOUNDER,0.2,EQUAL,0,0.75,1.0,1.0,1.0,1.0,1.1102230246251565e-16,20736
1095,OOD_WEAK_CONFOUNDER,0.2,EXACT_CF_SHAPLEY,1,1.0377508856580787e-16,0.5,1.7295848094301312e-17,1.7295848094301312e-17,1.7295848094301312e-17,1.1102230246251565e-16,20736
1095,OOD_WEAK_CONFOUNDER,0.2,OBS_ASSOC,1,0.16698231586476656,0.9026449350166211,0.13267854823405043,0.024727471651341742,0.023533406159503233,1.1102230246251565e-16,20736
1095,OOD_WEAK_CONFOUNDER,0.2,RECENCY,0,0.9,0.25,0.5,0.75,1.0,1.1102230246251565e-16,20736
1095,OOD_WEAK_CONFOUNDER,0.2,EQUAL,0,0.75,1.0,1.0,1.0,1.0,1.1102230246251565e-16,20736
1096,OOD_WEAK_CONFOUNDER,0.2,EXACT_CF_SHAPLEY,1,1.193578478173268e-16,0.5,1.9892974636221134e-17,1.9892974636221134e-17,1.9892974636221134e-17,1.1102230246251565e-16,20736
1096,OOD_WEAK_CONFOUNDER,0.2,OBS_ASSOC,1,0.20803428880877506,0.9076522342978849,0.20005087172732855,0.022425828232603383,0.015946232219594854,1.1102230246251565e-16,20736
1096,OOD_WEAK_CONFOUNDER,0.2,RECENCY,0,0.9,0.25,0.5,0.75,1.0,1.1102230246251565e-16,20736
1096,OOD_WEAK_CONFOUNDER,0.2,EQUAL,0,0.75,1.0,1.0,1.0,1.0,1.1102230246251565e-16,20736
1097,OOD_WEAK_CONFOUNDER,0.2,EXACT_CF_SHAPLEY,1,1.0175745608544812e-16,0.5,1.6959576014241352e-17,1.6959576014241352e-17,1.6959576014241352e-17,1.1102230246251565e-16,20736
1097,OOD_WEAK_CONFOUNDER,0.2,OBS_ASSOC,1,0.12801940331561593,0.9132939695658565,0.07714436960934787,0.03685836298998567,0.020082073278394688,1.1102230246251565e-16,20736
1097,OOD_WEAK_CONFOUNDER,0.2,RECENCY,0,0.9,0.25,0.5,0.75,1.0,1.1102230246251565e-16,20736
1097,OOD_WEAK_CONFOUNDER,0.2,EQUAL,0,0.75,1.0,1.0,1.0,1.0,1.1102230246251565e-16,20736
1098,OOD_WEAK_CONFOUNDER,0.2,EXACT_CF_SHAPLEY,1,1.2803771206519683e-16,0.5,2.133961867753281e-17,2.133961867753281e-17,2.133961867753281e-17,1.1102230246251565e-16,20736
1098,OOD_WEAK_CONFOUNDER,0.2,OBS_ASSOC,1,0.32244290371453765,0.9141243583712338,0.23308723240721796,0.13807374795754612,0.06386200749163733,1.1102230246251565e-16,20736
1098,OOD_WEAK_CONFOUNDER,0.2,RECENCY,0,0.9,0.25,0.5,0.75,1.0,1.1102230246251565e-16,20736
1098,OOD_WEAK_CONFOUNDER,0.2,EQUAL,0,0.75,1.0,1.0,1.0,1.0,1.1102230246251565e-16,20736
1099,OOD_WEAK_CONFOUNDER,0.2,EXACT_CF_SHAPLEY,1,1.245883821457405e-16,0.5,2.0764730357623422e-17,2.0764730357623422e-17,2.0764730357623422e-17,1.1102230246251565e-16,20736
1099,OOD_WEAK_CONFOUNDER,0.2,OBS_ASSOC,1,0.22265457326422264,0.9199726630668652,0.15549350005480114,0.07129362663619504,0.03672007829771715,1.1102230246251565e-16,20736
1099,OOD_WEAK_CONFOUNDER,0.2,RECENCY,0,0.9,0.25,0.5,0.75,1.0,1.1102230246251565e-16,20736
1099,OOD_WEAK_CONFOUNDER,0.2,EQUAL,0,0.75,1.0,1.0,1.0,1.0,1.1102230246251565e-16,20736
1100,OOD_WEAK_CONFOUNDER,0.2,EXACT_CF_SHAPLEY,1,1.157843216919793e-16,0.5,1.929738694866322e-17,1.929738694866322e-17,1.929738694866322e-17,1.1102230246251565e-16,20736
1100,OOD_WEAK_CONFOUNDER,0.2,OBS_ASSOC,1,0.26469285355169714,0.9129693727784091,0.17024312962674798,0.1405534473127127,0.01785039685002954,1.1102230246251565e-16,20736
1100,OOD_WEAK_CONFOUNDER,0.2,RECENCY,0,0.9,0.25,0.5,0.75,1.0,1.1102230246251565e-16,20736
1100,OOD_WEAK_CONFOUNDER,0.2,EQUAL,0,0.75,1.0,1.0,1.0,1.0,1.1102230246251565e-16,20736
1101,OOD_WEAK_CONFOUNDER,0.2,EXACT_CF_SHAPLEY,1,1.2468322336605338e-16,0.5,2.0780537227675568e-17,2.0780537227675568e-17,2.0780537227675568e-17,1.1102230246251565e-16,20736
1101,OOD_WEAK_CONFOUNDER,0.2,OBS_ASSOC,1,0.2565651252021535,0.9202714732762365,0.23001310137482164,0.039258670465662227,0.04832103119460433,1.1102230246251565e-16,20736
1101,OOD_WEAK_CONFOUNDER,0.2,RECENCY,0,0.9,0.25,0.5,0.75,1.0,1.1102230246251565e-16,20736
1101,OOD_WEAK_CONFOUNDER,0.2,EQUAL,0,0.75,1.0,1.0,1.0,1.0,1.1102230246251565e-16,20736
1102,OOD_WEAK_CONFOUNDER,0.2,EXACT_CF_SHAPLEY,1,1.1622139069276252e-16,0.5,1.937023178212709e-17,1.937023178212709e-17,1.937023178212709e-17,1.1102230246251565e-16,20736
1102,OOD_WEAK_CONFOUNDER,0.2,OBS_ASSOC,1,0.27476761440182745,0.9186523739763061,0.2673501034442645,0.06540621894714659,0.015292008425823607,1.1102230246251565e-16,20736
1102,OOD_WEAK_CONFOUNDER,0.2,RECENCY,0,0.9,0.25,0.5,0.75,1.0,1.1102230246251565e-16,20736
1102,OOD_WEAK_CONFOUNDER,0.2,EQUAL,0,0.75,1.0,1.0,1.0,1.0,1.1102230246251565e-16,20736
1103,OOD_WEAK_CONFOUNDER,0.2,EXACT_CF_SHAPLEY,1,1.132821863657901e-16,0.5,1.8880364394298355e-17,1.8880364394298355e-17,1.8880364394298355e-17,1.1102230246251565e-16,20736
1103,OOD_WEAK_CONFOUNDER,0.2,OBS_ASSOC,1,0.25645062467592733,0.9266990226430154,0.20332248246059395,0.11046357466808125,0.005832990550294115,1.1102230246251565e-16,20736
1103,OOD_WEAK_CONFOUNDER,0.2,RECENCY,0,0.9,0.25,0.5,0.75,1.0,1.1102230246251565e-16,20736
1103,OOD_WEAK_CONFOUNDER,0.2,EQUAL,0,0.75,1.0,1.0,1.0,1.0,1.1102230246251565e-16,20736
1104,OOD_WEAK_CONFOUNDER,0.2,EXACT_CF_SHAPLEY,1,1.138890854724978e-16,0.5,1.8981514245416304e-17,1.8981514245416304e-17,1.8981514245416304e-17,1.1102230246251565e-16,20736
1104,OOD_WEAK_CONFOUNDER,0.2,OBS_ASSOC,1,0.18856796661113712,0.9072174901258513,0.15813906978963596,0.011692871450620793,0.04099552224134349,1.1102230246251565e-16,20736
1104,OOD_WEAK_CONFOUNDER,0.2,RECENCY,0,0.9,0.25,0.5,0.75,1.0,1.1102230246251565e-16,20736
1104,OOD_WEAK_CONFOUNDER,0.2,EQUAL,0,0.75,1.0,1.0,1.0,1.0,1.1102230246251565e-16,20736
1105,OOD_WEAK_CONFOUNDER,0.2,EXACT_CF_SHAPLEY,1,1.0029632425143445e-16,0.5,1.671605404190574e-17,1.671605404190574e-17,1.671605404190574e-17,1.1102230246251565e-16,20736
1105,OOD_WEAK_CONFOUNDER,0.2,OBS_ASSOC,1,0.2853084570944753,0.9071134735948628,0.1757535247202647,0.10864028760082581,0.0777304469205949,1.1102230246251565e-16,20736
1105,OOD_WEAK_CONFOUNDER,0.2,RECENCY,0,0.9,0.25,0.5,0.75,1.0,1.1102230246251565e-16,20736
1105,OOD_WEAK_CONFOUNDER,0.2,EQUAL,0,0.75,1.0,1.0,1.0,1.0,1.1102230246251565e-16,20736
1106,OOD_WEAK_CONFOUNDER,0.2,EXACT_CF_SHAPLEY,1,1.0456282920675436e-16,0.5,1.7427138201125726e-17,1.7427138201125726e-17,1.7427138201125726e-17,1.1102230246251565e-16,20736
1106,OOD_WEAK_CONFOUNDER,0.2,OBS_ASSOC,1,0.19376360981373897,0.9032607657677534,0.11162763856331961,0.06460942464762857,0.04084451324561463,1.1102230246251565e-16,20736
1106,OOD_WEAK_CONFOUNDER,0.2,RECENCY,0,0.9,0.25,0.5,0.75,1.0,1.1102230246251565e-16,20736
1106,OOD_WEAK_CONFOUNDER,0.2,EQUAL,0,0.75,1.0,1.0,1.0,1.0,1.1102230246251565e-16,20736
1107,OOD_WEAK_CONFOUNDER,0.2,EXACT_CF_SHAPLEY,1,1.1284511736500688e-16,0.5,1.8807519560834485e-17,1.8807519560834485e-17,1.8807519560834485e-17,1.1102230246251565e-16,20736
1107,OOD_WEAK_CONFOUNDER,0.2,OBS_ASSOC,1,0.25263500152660756,0.9164189553308598,0.19142698830758853,0.041832912928264424,0.07652113567641616,1.1102230246251565e-16,20736
1107,OOD_WEAK_CONFOUNDER,0.2,RECENCY,0,0.9,0.25,0.5,0.75,1.0,1.1102230246251565e-16,20736
1107,OOD_WEAK_CONFOUNDER,0.2,EQUAL,0,0.75,1.0,1.0,1.0,1.0,1.1102230246251565e-16,20736
1108,OOD_WEAK_CONFOUNDER,0.2,EXACT_CF_SHAPLEY,1,1.2125107233355856e-16,0.5,2.0208512055593097e-17,2.0208512055593097e-17,2.0208512055593097e-17,1.1102230246251565e-16,20736
1108,OOD_WEAK_CONFOUNDER,0.2,OBS_ASSOC,1,0.19196536542394427,0.9353245622420441,0.11473155922914986,0.07401779297208705,0.03345637227861478,1.1102230246251565e-16,20736
1108,OOD_WEAK_CONFOUNDER,0.2,RECENCY,0,0.9,0.25,0.5,0.75,1.0,1.1102230246251565e-16,20736
1108,OOD_WEAK_CONFOUNDER,0.2,EQUAL,0,0.75,1.0,1.0,1.0,1.0,1.1102230246251565e-16,20736
1109,OOD_WEAK_CONFOUNDER,0.2,EXACT_CF_SHAPLEY,1,1.0979579875489143e-16,0.5,1.8299299792481905e-17,1.8299299792481905e-17,1.8299299792481905e-17,1.1102230246251565e-16,20736
1109,OOD_WEAK_CONFOUNDER,0.2,OBS_ASSOC,1,0.28139189958951044,0.9198516306552003,0.17794356194240174,0.05784358235677352,0.12440751192960837,1.1102230246251565e-16,20736
1109,OOD_WEAK_CONFOUNDER,0.2,RECENCY,0,0.9,0.25,0.5,0.75,1.0,1.1102230246251565e-16,20736
1109,OOD_WEAK_CONFOUNDER,0.2,EQUAL,0,0.75,1.0,1.0,1.0,1.0,1.1102230246251565e-16,20736
1110,OOD_WEAK_CONFOUNDER,0.2,EXACT_CF_SHAPLEY,1,1.1882855810441126e-16,0.5,1.9804759684068547e-17,1.9804759684068547e-17,1.9804759684068547e-17,1.1102230246251565e-16,20736
1110,OOD_WEAK_CONFOUNDER,0.2,OBS_ASSOC,1,0.20308940730565656,0.9043668899078012,0.17970453414777224,0.03923978338382139,0.011529887908766535,1.1102230246251565e-16,20736
1110,OOD_WEAK_CONFOUNDER,0.2,RECENCY,0,0.9,0.25,0.5,0.75,1.0,1.1102230246251565e-16,20736
1110,OOD_WEAK_CONFOUNDER,0.2,EQUAL,0,0.75,1.0,1.0,1.0,1.0,1.1102230246251565e-16,20736
1111,OOD_WEAK_CONFOUNDER,0.2,EXACT_CF_SHAPLEY,1,1.0199653113481064e-16,0.5,1.6999421855801774e-17,1.6999421855801774e-17,1.6999421855801774e-17,1.1102230246251565e-16,20736
1111,OOD_WEAK_CONFOUNDER,0.2,OBS_ASSOC,1,0.28346960294071477,0.9115308919768763,0.14868017812486475,0.138421824967996,0.07351256549675568,1.1102230246251565e-16,20736
1111,OOD_WEAK_CONFOUNDER,0.2,RECENCY,0,0.9,0.25,0.5,0.75,1.0,1.1102230246251565e-16,20736
1111,OOD_WEAK_CONFOUNDER,0.2,EQUAL,0,0.75,1.0,1.0,1.0,1.0,1.1102230246251565e-16,20736
1112,OOD_WEAK_CONFOUNDER,0.2,EXACT_CF_SHAPLEY,1,1.1359770613864233e-16,0.5,1.8932951023107058e-17,1.8932951023107058e-17,1.8932951023107058e-17,1.1102230246251565e-16,20736
1112,OOD_WEAK_CONFOUNDER,0.2,OBS_ASSOC,1,0.27443002820787976,0.9214831035766464,0.21926518211253598,0.0804602913403861,0.04880415696027806,1.1102230246251565e-16,20736
1112,OOD_WEAK_CONFOUNDER,0.2,RECENCY,0,0.9,0.25,0.5,0.75,1.0,1.1102230246251565e-16,20736
1112,OOD_WEAK_CONFOUNDER,0.2,EQUAL,0,0.75,1.0,1.0,1.0,1.0,1.1102230246251565e-16,20736
1113,OOD_WEAK_CONFOUNDER,0.2,EXACT_CF_SHAPLEY,1,1.114695358586659e-16,0.5,1.857825597644432e-17,1.857825597644432e-17,1.857825597644432e-17,1.1102230246251565e-16,20736
1113,OOD_WEAK_CONFOUNDER,0.2,OBS_ASSOC,1,0.3009040058858357,0.9078300958348201,0.26559330553397187,0.07604292746338737,0.049110838649871764,1.1102230246251565e-16,20736
1113,OOD_WEAK_CONFOUNDER,0.2,RECENCY,0,0.9,0.25,0.5,0.75,1.0,1.1102230246251565e-16,20736
1113,OOD_WEAK_CONFOUNDER,0.2,EQUAL,0,0.75,1.0,1.0,1.0,1.0,1.1102230246251565e-16,20736
1114,OOD_WEAK_CONFOUNDER,0.2,EXACT_CF_SHAPLEY,1,1.0728201672567748e-16,0.5,1.7880336120946246e-17,1.7880336120946246e-17,1.7880336120946246e-17,1.1102230246251565e-16,20736
1114,OOD_WEAK_CONFOUNDER,0.2,OBS_ASSOC,1,0.23552549635565606,0.9252471295312059,0.10941824771510993,0.08697939953980047,0.08865998173812371,1.1102230246251565e-16,20736
1114,OOD_WEAK_CONFOUNDER,0.2,RECENCY,0,0.9,0.25,0.5,0.75,1.0,1.1102230246251565e-16,20736
1114,OOD_WEAK_CONFOUNDER,0.2,EQUAL,0,0.75,1.0,1.0,1.0,1.0,1.1102230246251565e-16,20736
1115,OOD_WEAK_CONFOUNDER,0.2,EXACT_CF_SHAPLEY,1,9.65812377447771e-17,0.5,1.609687295746285e-17,1.609687295746285e-17,1.609687295746285e-17,1.1102230246251565e-16,20736
1115,OOD_WEAK_CONFOUNDER,0.2,OBS_ASSOC,1,0.2196434965110792,0.9208096489981342,0.17254246896360503,0.039748002112992335,0.046885751615011406,1.1102230246251565e-16,20736
1115,OOD_WEAK_CONFOUNDER,0.2,RECENCY,0,0.9,0.25,0.5,0.75,1.0,1.1102230246251565e-16,20736
1115,OOD_WEAK_CONFOUNDER,0.2,EQUAL,0,0.75,1.0,1.0,1.0,1.0,1.1102230246251565e-16,20736
1116,OOD_WEAK_CONFOUNDER,0.2,EXACT_CF_SHAPLEY,1,1.0595450433909316e-16,0.5,1.7659084056515527e-17,1.7659084056515527e-17,1.7659084056515527e-17,1.1102230246251565e-16,20736
1116,OOD_WEAK_CONFOUNDER,0.2,OBS_ASSOC,1,0.04393879470356428,0.9200211173095733,0.019801913774604545,0.0013820224274847424,0.021098523092841662,1.1102230246251565e-16,20736
1116,OOD_WEAK_CONFOUNDER,0.2,RECENCY,0,0.9,0.25,0.5,0.75,1.0,1.1102230246251565e-16,20736
1116,OOD_WEAK_CONFOUNDER,0.2,EQUAL,0,0.75,1.0,1.0,1.0,1.0,1.1102230246251565e-16,20736
1117,OOD_WEAK_CONFOUNDER,0.2,EXACT_CF_SHAPLEY,1,1.0340324110196321e-16,0.5,1.7233873516993868e-17,1.7233873516993868e-17,1.7233873516993868e-17,1.1102230246251565e-16,20736
1117,OOD_WEAK_CONFOUNDER,0.2,OBS_ASSOC,1,0.29245318929479075,0.9261466686917234,0.21144505104370317,0.1447395002548081,0.026623402769828924,1.1102230246251565e-16,20736
1117,OOD_WEAK_CONFOUNDER,0.2,RECENCY,0,0.9,0.25,0.5,0.75,1.0,1.1102230246251565e-16,20736
1117,OOD_WEAK_CONFOUNDER,0.2,EQUAL,0,0.75,1.0,1.0,1.0,1.0,1.1102230246251565e-16,20736
1118,OOD_WEAK_CONFOUNDER,0.2,EXACT_CF_SHAPLEY,1,9.995666403958547e-17,0.5,1.665944400659758e-17,1.665944400659758e-17,1.665944400659758e-17,1.1102230246251565e-16,20736
1118,OOD_WEAK_CONFOUNDER,0.2,OBS_ASSOC,1,0.2703799648846079,0.9062557180506821,0.20802103317904966,0.04971286974547641,0.0781030771883701,1.1102230246251565e-16,20736
1118,OOD_WEAK_CONFOUNDER,0.2,RECENCY,0,0.9,0.25,0.5,0.75,1.0,1.1102230246251565e-16,20736
1118,OOD_WEAK_CONFOUNDER,0.2,EQUAL,0,0.75,1.0,1.0,1.0,1.0,1.1102230246251565e-16,20736
1119,OOD_WEAK_CONFOUNDER,0.2,EXACT_CF_SHAPLEY,1,1.0822709373657648e-16,0.5,1.803784895609608e-17,1.803784895609608e-17,1.803784895609608e-17,1.1102230246251565e-16,20736
1119,OOD_WEAK_CONFOUNDER,0.2,OBS_ASSOC,1,0.23675468353073847,0.9116233154630572,0.23814253550837056,0.03629851754797293,0.00833970549468642,1.1102230246251565e-16,20736
1119,OOD_WEAK_CONFOUNDER,0.2,RECENCY,0,0.9,0.25,0.5,0.75,1.0,1.1102230246251565e-16,20736
1119,OOD_WEAK_CONFOUNDER,0.2,EQUAL,0,0.75,1.0,1.0,1.0,1.0,1.1102230246251565e-16,20736
1120,OOD_WEAK_CONFOUNDER,0.2,EXACT_CF_SHAPLEY,1,1.0283678781848688e-16,0.5,1.713946463641448e-17,1.713946463641448e-17,1.713946463641448e-17,1.1102230246251565e-16,20736
1120,OOD_WEAK_CONFOUNDER,0.2,OBS_ASSOC,1,0.2693428213482117,0.9176312507519548,0.1839259366736533,0.05864458322982345,0.09569672396440065,1.1102230246251565e-16,20736
1120,OOD_WEAK_CONFOUNDER,0.2,RECENCY,0,0.9,0.25,0.5,0.75,1.0,1.1102230246251565e-16,20736
1120,OOD_WEAK_CONFOUNDER,0.2,EQUAL,0,0.75,1.0,1.0,1.0,1.0,1.1102230246251565e-16,20736
1121,OOD_WEAK_CONFOUNDER,0.2,EXACT_CF_SHAPLEY,1,1.0852863746579898e-16,0.5,1.808810624429983e-17,1.808810624429983e-17,1.808810624429983e-17,1.1102230246251565e-16,20736
1121,OOD_WEAK_CONFOUNDER,0.2,OBS_ASSOC,1,0.17129597311984568,0.9227047650866901,0.11278464400801498,0.0019817549117029927,0.07595985015243831,1.1102230246251565e-16,20736
1121,OOD_WEAK_CONFOUNDER,0.2,RECENCY,0,0.9,0.25,0.5,0.75,1.0,1.1102230246251565e-16,20736
1121,OOD_WEAK_CONFOUNDER,0.2,EQUAL,0,0.75,1.0,1.0,1.0,1.0,1.1102230246251565e-16,20736
1122,OOD_WEAK_CONFOUNDER,0.2,EXACT_CF_SHAPLEY,1,1.1870319722821762e-16,0.5,1.978386620470294e-17,1.978386620470294e-17,1.978386620470294e-17,1.1102230246251565e-16,20736
1122,OOD_WEAK_CONFOUNDER,0.2,OBS_ASSOC,1,0.19943011317083748,0.925874861971768,0.18433479643406409,0.010732619549128486,0.035577442814083204,1.1102230246251565e-16,20736
1122,OOD_WEAK_CONFOUNDER,0.2,RECENCY,0,0.9,0.25,0.5,0.75,1.0,1.1102230246251565e-16,20736
1122,OOD_WEAK_CONFOUNDER,0.2,EQUAL,0,0.75,1.0,1.0,1.0,1.0,1.1102230246251565e-16,20736
1123,OOD_WEAK_CONFOUNDER,0.2,EXACT_CF_SHAPLEY,1,1.1665422452880947e-16,0.5,1.9442370754801583e-17,1.9442370754801583e-17,1.9442370754801583e-17,1.1102230246251565e-16,20736
1123,OOD_WEAK_CONFOUNDER,0.2,OBS_ASSOC,1,0.17852639849500102,0.9136333633771293,0.13491077898917042,0.06293256069580819,0.0007116395739633674,1.1102230246251565e-16,20736
1123,OOD_WEAK_CONFOUNDER,0.2,RECENCY,0,0.9,0.25,0.5,0.75,1.0,1.1102230246251565e-16,20736
1123,OOD_WEAK_CONFOUNDER,0.2,EQUAL,0,0.75,1.0,1.0,1.0,1.0,1.1102230246251565e-16,20736
1124,OOD_WEAK_CONFOUNDER,0.2,EXACT_CF_SHAPLEY,1,1.029801481448097e-16,0.5,1.716335802413495e-17,1.716335802413495e-17,1.716335802413495e-17,1.1102230246251565e-16,20736
1124,OOD_WEAK_CONFOUNDER,0.2,OBS_ASSOC,1,0.1841240531866671,0.9143213081794492,0.13770340754392416,0.013500154541152465,0.05513729872161288,1.1102230246251565e-16,20736
1124,OOD_WEAK_CONFOUNDER,0.2,RECENCY,0,0.9,0.25,0.5,0.75,1.0,1.1102230246251565e-16,20736
1124,OOD_WEAK_CONFOUNDER,0.2,EQUAL,0,0.75,1.0,1.0,1.0,1.0,1.1102230246251565e-16,20736
1125,OOD_WEAK_CONFOUNDER,0.2,EXACT_CF_SHAPLEY,1,1.0464922656737431e-16,0.5,1.7441537761229052e-17,1.7441537761229052e-17,1.7441537761229052e-17,1.1102230246251565e-16,20736
1125,OOD_WEAK_CONFOUNDER,0.2,OBS_ASSOC,1,0.24789903252757087,0.9195770191385353,0.23901114684642039,0.04395267883503857,0.02013677282613061,1.1102230246251565e-16,20736
1125,OOD_WEAK_CONFOUNDER,0.2,RECENCY,0,0.9,0.25,0.5,0.75,1.0,1.1102230246251565e-16,20736
1125,OOD_WEAK_CONFOUNDER,0.2,EQUAL,0,0.75,1.0,1.0,1.0,1.0,1.1102230246251565e-16,20736
1126,OOD_WEAK_CONFOUNDER,0.2,EXACT_CF_SHAPLEY,1,1.0750880979730482e-16,0.5,1.791813496621747e-17,1.791813496621747e-17,1.791813496621747e-17,1.1102230246251565e-16,20736
1126,OOD_WEAK_CONFOUNDER,0.2,OBS_ASSOC,1,0.2600595887117887,0.8969787444182505,0.13784159699472864,0.14955723053023506,0.02785348171236427,1.1102230246251565e-16,20736
1126,OOD_WEAK_CONFOUNDER,0.2,RECENCY,0,0.9,0.25,0.5,0.75,1.0,1.1102230246251565e-16,20736
1126,OOD_WEAK_CONFOUNDER,0.2,EQUAL,0,0.75,1.0,1.0,1.0,1.0,1.1102230246251565e-16,20736
1127,OOD_WEAK_CONFOUNDER,0.2,EXACT_CF_SHAPLEY,1,1.2141116156058962e-16,0.5,2.0235193593431608e-17,2.0235193593431608e-17,2.0235193593431608e-17,1.1102230246251565e-16,20736
1127,OOD_WEAK_CONFOUNDER,0.2,OBS_ASSOC,1,0.3399051148711497,0.9120364466110379,0.25229449355647837,0.1228970249537616,0.09444680188287581,1.1102230246251565e-16,20736
1127,OOD_WEAK_CONFOUNDER,0.2,RECENCY,0,0.9,0.25,0.5,0.75,1.0,1.1102230246251565e-16,20736
1127,OOD_WEAK_CONFOUNDER,0.2,EQUAL,0,0.75,1.0,1.0,1.0,1.0,1.1102230246251565e-16,20736
1000,OOD_SIGN_FLIP,-1.5,EXACT_CF_SHAPLEY,1,2.56239748522161e-16,0.5,4.270662475369351e-17,4.270662475369351e-17,4.270662475369351e-17,1.1102230246251565e-16,20736
1000,OOD_SIGN_FLIP,-1.5,OBS_ASSOC,0,0.5989475743273199,0.5990721012400037,0.8332705586563338,0.04272187890047962,0.018685561916793502,1.1102230246251565e-16,20736
1000,OOD_SIGN_FLIP,-1.5,RECENCY,0,0.9,0.25,0.5,0.75,1.0,1.1102230246251565e-16,20736
1000,OOD_SIGN_FLIP,-1.5,EQUAL,0,0.75,1.0,1.0,1.0,1.0,1.1102230246251565e-16,20736
1001,OOD_SIGN_FLIP,-1.5,EXACT_CF_SHAPLEY,1,2.3037242110419873e-16,0.5,3.839540351736646e-17,3.839540351736646e-17,3.839540351736646e-17,1.1102230246251565e-16,20736
1001,OOD_SIGN_FLIP,-1.5,OBS_ASSOC,0,0.627887820444805,0.5668796813936062,0.8106153020116804,0.00834386068632012,0.1375718705784342,1.1102230246251565e-16,20736
1001,OOD_SIGN_FLIP,-1.5,RECENCY,0,0.9,0.25,0.5,0.75,1.0,1.1102230246251565e-16,20736
1001,OOD_SIGN_FLIP,-1.5,EQUAL,0,0.75,1.0,1.0,1.0,1.0,1.1102230246251565e-16,20736
1002,OOD_SIGN_FLIP,-1.5,EXACT_CF_SHAPLEY,1,2.1214533087047023e-16,0.5,3.535755514507838e-17,3.535755514507838e-17,3.535755514507838e-17,1.1102230246251565e-16,20736
1002,OOD_SIGN_FLIP,-1.5,OBS_ASSOC,0,0.6187118117361768,0.5253575427552838,0.8165065695196911,0.03362499101336206,0.0023598805668235538,1.1102230246251565e-16,20736
1002,OOD_SIGN_FLIP,-1.5,RECENCY,0,0.9,0.25,0.5,0.75,1.0,1.1102230246251565e-16,20736
1002,OOD_SIGN_FLIP,-1.5,EQUAL,0,0.75,1.0,1.0,1.0,1.0,1.1102230246251565e-16,20736
1003,OOD_SIGN_FLIP,-1.5,EXACT_CF_SHAPLEY,1,2.496239976876313e-16,0.5,4.1603999614605223e-17,4.1603999614605223e-17,4.1603999614605223e-17,1.1102230246251565e-16,20736
1003,OOD_SIGN_FLIP,-1.5,OBS_ASSOC,0,0.6358693601909037,0.5555622285606475,0.81788921855271,0.10613845040488563,0.04613237856353193,1.1102230246251565e-16,20736
1003,OOD_SIGN_FLIP,-1.5,RECENCY,0,0.9,0.25,0.5,0.75,1.0,1.1102230246251565e-16,20736
1003,OOD_SIGN_FLIP,-1.5,EQUAL,0,0.75,1.0,1.0,1.0,1.0,1.1102230246251565e-16,20736
1004,OOD_SIGN_FLIP,-1.5,EXACT_CF_SHAPLEY,1,2.466729348993973e-16,0.5,4.111215581656623e-17,4.111215581656623e-17,4.111215581656623e-17,1.1102230246251565e-16,20736
1004,OOD_SIGN_FLIP,-1.5,OBS_ASSOC,0,0.617012646863547,0.5065418436577505,0.809303399209721,0.005304325308955667,0.0014576654814337016,1.1102230246251565e-16,20736
1004,OOD_SIGN_FLIP,-1.5,RECENCY,0,0.9,0.25,0.5,0.75,1.0,1.1102230246251565e-16,20736
1004,OOD_SIGN_FLIP,-1.5,EQUAL,0,0.75,1.0,1.0,1.0,1.0,1.1102230246251565e-16,20736
1005,OOD_SIGN_FLIP,-1.5,EXACT_CF_SHAPLEY,1,2.614028378521496e-16,0.5,4.356713964202494e-17,4.356713964202494e-17,4.356713964202494e-17,1.1102230246251565e-16,20736
1005,OOD_SIGN_FLIP,-1.5,OBS_ASSOC,0,0.6214399674539383,0.6020109730548727,0.8222311895688773,0.1131925618364338,0.05283081151295758,1.1102230246251565e-16,20736
1005,OOD_SIGN_FLIP,-1.5,RECENCY,0,0.9,0.25,0.5,0.75,1.0,1.1102230246251565e-16,20736
1005,OOD_SIGN_FLIP,-1.5,EQUAL,0,0.75,1.0,1.0,1.0,1.0,1.1102230246251565e-16,20736
1006,OOD_SIGN_FLIP,-1.5,EXACT_CF_SHAPLEY,1,2.367830840863745e-16,0.5,3.946384734772909e-17,3.946384734772909e-17,3.946384734772909e-17,1.1102230246251565e-16,20736
1006,OOD_SIGN_FLIP,-1.5,OBS_ASSOC,0,0.638951995200195,0.5575015025501879,0.809253708224327,0.14342469605223265,0.03394025209592252,1.1102230246251565e-16,20736
1006,OOD_SIGN_FLIP,-1.5,RECENCY,0,0.9,0.25,0.5,0.75,1.0,1.1102230246251565e-16,20736
1006,OOD_SIGN_FLIP,-1.5,EQUAL,0,0.75,1.0,1.0,1.0,1.0,1.1102230246251565e-16,20736
1007,OOD_SIGN_FLIP,-1.5,EXACT_CF_SHAPLEY,1,2.6867461570432775e-16,0.5,4.477910261738797e-17,4.477910261738797e-17,4.477910261738797e-17,1.1102230246251565e-16,20736
1007,OOD_SIGN_FLIP,-1.5,OBS_ASSOC,0,0.5971892736302838,0.6096193389296392,0.8471469028163563,0.013224066029222555,0.04342355889055083,1.1102230246251565e-16,20736
1007,OOD_SIGN_FLIP,-1.5,RECENCY,0,0.9,0.25,0.5,0.75,1.0,1.1102230246251565e-16,20736
1007,OOD_SIGN_FLIP,-1.5,EQUAL,0,0.75,1.0,1.0,1.0,1.0,1.1102230246251565e-16,20736
1008,OOD_SIGN_FLIP,-1.5,EXACT_CF_SHAPLEY,1,2.3391661871374753e-16,0.5,3.8986103118957934e-17,3.8986103118957934e-17,3.8986103118957934e-17,1.1102230246251565e-16,20736
1008,OOD_SIGN_FLIP,-1.5,OBS_ASSOC,0,0.6054656984197414,0.5379767689913633,0.8064516532998545,0.017134281381995076,0.0020114312918927692,1.1102230246251565e-16,20736
1008,OOD_SIGN_FLIP,-1.5,RECENCY,0,0.9,0.25,0.5,0.75,1.0,1.1102230246251565e-16,20736
1008,OOD_SIGN_FLIP,-1.5,EQUAL,0,0.75,1.0,1.0,1.0,1.0,1.1102230246251565e-16,20736
1009,OOD_SIGN_FLIP,-1.5,EXACT_CF_SHAPLEY,1,2.5523135579845475e-16,0.5,4.2538559299742464e-17,4.2538559299742464e-17,4.2538559299742464e-17,1.1102230246251565e-16,20736
1009,OOD_SIGN_FLIP,-1.5,OBS_ASSOC,0,0.6138558416038943,0.5473832223184675,0.8147872348310303,0.04489892073916164,0.010492458582172579,1.1102230246251565e-16,20736
1009,OOD_SIGN_FLIP,-1.5,RECENCY,0,0.9,0.25,0.5,0.75,1.0,1.1102230246251565e-16,20736
1009,OOD_SIGN_FLIP,-1.5,EQUAL,0,0.75,1.0,1.0,1.0,1.0,1.1102230246251565e-16,20736
1010,OOD_SIGN_FLIP,-1.5,EXACT_CF_SHAPLEY,1,2.5007123108378155e-16,0.5,4.16785385139636e-17,4.16785385139636e-17,4.16785385139636e-17,1.1102230246251565e-16,20736
1010,OOD_SIGN_FLIP,-1.5,OBS_ASSOC,0,0.6126765222618171,0.5526703439368471,0.8271822138866619,0.032500247246654734,0.01454325391449921,1.1102230246251565e-16,20736
1010,OOD_SIGN_FLIP,-1.5,RECENCY,0,0.9,0.25,0.5,0.75,1.0,1.1102230246251565e-16,20736
1010,OOD_SIGN_FLIP,-1.5,EQUAL,0,0.75,1.0,1.0,1.0,1.0,1.1102230246251565e-16,20736
1011,OOD_SIGN_FLIP,-1.5,EXACT_CF_SHAPLEY,1,2.3021804934956163e-16,0.5,3.836967489159362e-17,3.836967489159362e-17,3.836967489159362e-17,1.1102230246251565e-16,20736
1011,OOD_SIGN_FLIP,-1.5,OBS_ASSOC,0,0.649903911579078,0.49861546123974343,0.793302251596216,0.12307384879678025,0.009233037644290535,1.1102230246251565e-16,20736
1011,OOD_SIGN_FLIP,-1.5,RECENCY,0,0.9,0.25,0.5,0.75,1.0,1.1102230246251565e-16,20736
1011,OOD_SIGN_FLIP,-1.5,EQUAL,0,0.75,1.0,1.0,1.0,1.0,1.1102230246251565e-16,20736
1012,OOD_SIGN_FLIP,-1.5,EXACT_CF_SHAPLEY,1,2.2890641883073835e-16,0.5,3.815106980512306e-17,3.815106980512306e-17,3.815106980512306e-17,1.1102230246251565e-16,20736
1012,OOD_SIGN_FLIP,-1.5,OBS_ASSOC,0,0.6604380793290684,0.4474731063793007,0.7984810018441635,0.03587301296361913,0.03596818841403516,1.1102230246251565e-16,20736
1012,OOD_SIGN_FLIP,-1.5,RECENCY,0,0.9,0.25,0.5,0.75,1.0,1.1102230246251565e-16,20736
1012,OOD_SIGN_FLIP,-1.5,EQUAL,0,0.75,1.0,1.0,1.0,1.0,1.1102230246251565e-16,20736
1013,OOD_SIGN_FLIP,-1.5,EXACT_CF_SHAPLEY,1,2.468177775333778e-16,0.5,4.113629625556297e-17,4.113629625556297e-17,4.113629625556297e-17,1.1102230246251565e-16,20736
1013,OOD_SIGN_FLIP,-1.5,OBS_ASSOC,0,0.5967608254456708,0.5810665315951112,0.8120884229231905,0.011651610656267488,0.03619065995198635,1.1102230246251565e-16,20736
1013,OOD_SIGN_FLIP,-1.5,RECENCY,0,0.9,0.25,0.5,0.75,1.0,1.1102230246251565e-16,20736
1013,OOD_SIGN_FLIP,-1.5,EQUAL,0,0.75,1.0,1.0,1.0,1.0,1.1102230246251565e-16,20736
1014,OOD_SIGN_FLIP,-1.5,EXACT_CF_SHAPLEY,1,2.5643244851766134e-16,0.5,4.273874141961023e-17,4.273874141961023e-17,4.273874141961023e-17,1.1102230246251565e-16,20736
1014,OOD_SIGN_FLIP,-1.5,OBS_ASSOC,0,0.6483606510505624,0.5295876393568,0.7809528453278515,0.12780363032091477,0.0677092915287226,1.1102230246251565e-16,20736
1014,OOD_SIGN_FLIP,-1.5,RECENCY,0,0.9,0.25,0.5,0.75,1.0,1.1102230246251565e-16,20736
1014,OOD_SIGN_FLIP,-1.5,EQUAL,0,0.75,1.0,1.0,1.0,1.0,1.1102230246251565e-16,20736
1015,OOD_SIGN_FLIP,-1.5,EXACT_CF_SHAPLEY,1,2.409796029444275e-16,0.5,4.016326715740459e-17,4.016326715740459e-17,4.016326715740459e-17,1.1102230246251565e-16,20736
1015,OOD_SIGN_FLIP,-1.5,OBS_ASSOC,0,0.6401092765650437,0.49388494661933896,0.7794465561357656,0.08069840632649873,0.01828928243709563,1.1102230246251565e-16,20736
1015,OOD_SIGN_FLIP,-1.5,RECENCY,0,0.9,0.25,0.5,0.75,1.0,1.1102230246251565e-16,20736
1015,OOD_SIGN_FLIP,-1.5,EQUAL,0,0.75,1.0,1.0,1.0,1.0,1.1102230246251565e-16,20736
1016,OOD_SIGN_FLIP,-1.5,EXACT_CF_SHAPLEY,1,2.3340839894539495e-16,0.5,3.8901399824232504e-17,3.8901399824232504e-17,3.8901399824232504e-17,1.1102230246251565e-16,20736
1016,OOD_SIGN_FLIP,-1.5,OBS_ASSOC,0,0.668526036311557,0.4798921301161622,0.8095177242329543,0.09969213826985138,0.058650116705731975,1.1102230246251565e-16,20736
1016,OOD_SIGN_FLIP,-1.5,RECENCY,0,0.9,0.25,0.5,0.75,1.0,1.1102230246251565e-16,20736
1016,OOD_SIGN_FLIP,-1.5,EQUAL,0,0.75,1.0,1.0,1.0,1.0,1.1102230246251565e-16,20736
1017,OOD_SIGN_FLIP,-1.5,EXACT_CF_SHAPLEY,1,2.758820190525146e-16,0.5,4.598033650875244e-17,4.598033650875244e-17,4.598033650875244e-17,1.1102230246251565e-16,20736
1017,OOD_SIGN_FLIP,-1.5,OBS_ASSOC,0,0.602602206852089,0.5743881128025806,0.8147802062003174,0.010736744387325414,0.04546811861130314,1.1102230246251565e-16,20736
1017,OOD_SIGN_FLIP,-1.5,RECENCY,0,0.9,0.25,0.5,0.75,1.0,1.1102230246251565e-16,20736
1017,OOD_SIGN_FLIP,-1.5,EQUAL,0,0.75,1.0,1.0,1.0,1.0,1.1102230246251565e-16,20736
1018,OOD_SIGN_FLIP,-1.5,EXACT_CF_SHAPLEY,1,2.279196254471871e-16,0.5,3.798660424119786e-17,3.798660424119786e-17,3.798660424119786e-17,1.1102230246251565e-16,20736
1018,OOD_SIGN_FLIP,-1.5,OBS_ASSOC,0,0.6376049910439546,0.5193289850366553,0.792178595614638,0.09157926910096677,0.02995988710179036,1.1102230246251565e-16,20736
1018,OOD_SIGN_FLIP,-1.5,RECENCY,0,0.9,0.25,0.5,0.75,1.0,1.1102230246251565e-16,20736
1018,OOD_SIGN_FLIP,-1.5,EQUAL,0,0.75,1.0,1.0,1.0,1.0,1.1102230246251565e-16,20736
1019,OOD_SIGN_FLIP,-1.5,EXACT_CF_SHAPLEY,1,2.441284479258454e-16,0.5,4.068807465430757e-17,4.068807465430757e-17,4.068807465430757e-17,1.1102230246251565e-16,20736
1019,OOD_SIGN_FLIP,-1.5,OBS_ASSOC,0,0.6096637086799461,0.5387657277677752,0.7983014007344227,0.03314521486554341,0.010048062206531854,1.1102230246251565e-16,20736
1019,OOD_SIGN_FLIP,-1.5,RECENCY,0,0.9,0.25,0.5,0.75,1.0,1.1102230246251565e-16,20736
1019,OOD_SIGN_FLIP,-1.5,EQUAL,0,0.75,1.0,1.0,1.0,1.0,1.1102230246251565e-16,20736
1020,OOD_SIGN_FLIP,-1.5,EXACT_CF_SHAPLEY,1,2.608963121496915e-16,0.5,4.3482718691615255e-17,4.3482718691615255e-17,4.3482718691615255e-17,1.1102230246251565e-16,20736
1020,OOD_SIGN_FLIP,-1.5,OBS_ASSOC,0,0.6419291826142238,0.5198659399033636,0.8144173209097829,0.029011011293933745,0.08855802822510084,1.1102230246251565e-16,20736
1020,OOD_SIGN_FLIP,-1.5,RECENCY,0,0.9,0.25,0.5,0.75,1.0,1.1102230246251565e-16,20736
1020,OOD_SIGN_FLIP,-1.5,EQUAL,0,0.75,1.0,1.0,1.0,1.0,1.1102230246251565e-16,20736
1021,OOD_SIGN_FLIP,-1.5,EXACT_CF_SHAPLEY,1,2.6065236666088227e-16,0.5,4.344206111014705e-17,4.344206111014705e-17,4.344206111014705e-17,1.1102230246251565e-16,20736
1021,OOD_SIGN_FLIP,-1.5,OBS_ASSOC,0,0.5971684050193302,0.5741151554337288,0.8180791900144594,0.0007710953978589654,0.032233482444163644,1.1102230246251565e-16,20736
1021,OOD_SIGN_FLIP,-1.5,RECENCY,0,0.9,0.25,0.5,0.75,1.0,1.1102230246251565e-16,20736
1021,OOD_SIGN_FLIP,-1.5,EQUAL,0,0.75,1.0,1.0,1.0,1.0,1.1102230246251565e-16,20736
1022,OOD_SIGN_FLIP,-1.5,EXACT_CF_SHAPLEY,1,2.4322635783701955e-16,0.5,4.053772630616993e-17,4.053772630616993e-17,4.053772630616993e-17,1.1102230246251565e-16,20736
1022,OOD_SIGN_FLIP,-1.5,OBS_ASSOC,0,0.6675856187755128,0.5165898494000757,0.8083304803355271,0.0874170659399198,0.14171645571669683,1.1102230246251565e-16,20736
1022,OOD_SIGN_FLIP,-1.5,RECENCY,0,0.9,0.25,0.5,0.75,1.0,1.1102230246251565e-16,20736
1022,OOD_SIGN_FLIP,-1.5,EQUAL,0,0.75,1.0,1.0,1.0,1.0,1.1102230246251565e-16,20736
1023,OOD_SIGN_FLIP,-1.5,EXACT_CF_SHAPLEY,1,2.4873249551064613e-16,0.5,4.145541591844103e-17,4.145541591844103e-17,4.145541591844103e-17,1.1102230246251565e-16,20736
1023,OOD_SIGN_FLIP,-1.5,OBS_ASSOC,0,0.5888859894108479,0.5757103046341034,0.805138398356699,0.007778810861097897,0.01173902634232609,1.1102230246251565e-16,20736
1023,OOD_SIGN_FLIP,-1.5,RECENCY,0,0.9,0.25,0.5,0.75,1.0,1.1102230246251565e-16,20736
1023,OOD_SIGN_FLIP,-1.5,EQUAL,0,0.75,1.0,1.0,1.0,1.0,1.1102230246251565e-16,20736
1024,OOD_SIGN_FLIP,-1.5,EXACT_CF_SHAPLEY,1,2.2976785133809597e-16,0.5,3.8294641889682666e-17,3.8294641889682666e-17,3.8294641889682666e-17,1.1102230246251565e-16,20736
1024,OOD_SIGN_FLIP,-1.5,OBS_ASSOC,0,0.662176718819284,0.4617852873640746,0.7906263052547418,0.08964228938377308,0.024889467046956982,1.1102230246251565e-16,20736
1024,OOD_SIGN_FLIP,-1.5,RECENCY,0,0.9,0.25,0.5,0.75,1.0,1.1102230246251565e-16,20736
1024,OOD_SIGN_FLIP,-1.5,EQUAL,0,0.75,1.0,1.0,1.0,1.0,1.1102230246251565e-16,20736
1025,OOD_SIGN_FLIP,-1.5,EXACT_CF_SHAPLEY,1,2.364712700826665e-16,0.5,3.941187834711109e-17,3.941187834711109e-17,3.941187834711109e-17,1.1102230246251565e-16,20736
1025,OOD_SIGN_FLIP,-1.5,OBS_ASSOC,0,0.6151407290901056,0.5403640855211559,0.8168484029330237,0.021457933038126195,0.025385882630531032,1.1102230246251565e-16,20736
1025,OOD_SIGN_FLIP,-1.5,RECENCY,0,0.9,0.25,0.5,0.75,1.0,1.1102230246251565e-16,20736
1025,OOD_SIGN_FLIP,-1.5,EQUAL,0,0.75,1.0,1.0,1.0,1.0,1.1102230246251565e-16,20736
1026,OOD_SIGN_FLIP,-1.5,EXACT_CF_SHAPLEY,1,2.2031326958084347e-16,0.5,3.671887826347392e-17,3.671887826347392e-17,3.671887826347392e-17,1.1102230246251565e-16,20736
1026,OOD_SIGN_FLIP,-1.5,OBS_ASSOC,0,0.6346511808917619,0.5197793372301159,0.8132944996023561,0.05338512198807663,0.0362343962553477,1.1102230246251565e-16,20736
1026,OOD_SIGN_FLIP,-1.5,RECENCY,0,0.9,0.25,0.5,0.75,1.0,1.1102230246251565e-16,20736
1026,OOD_SIGN_FLIP,-1.5,EQUAL,0,0.75,1.0,1.0,1.0,1.0,1.1102230246251565e-16,20736
1027,OOD_SIGN_FLIP,-1.5,EXACT_CF_SHAPLEY,1,2.375114265418948e-16,0.5,3.958523775698247e-17,3.958523775698247e-17,3.958523775698247e-17,1.1102230246251565e-16,20736
1027,OOD_SIGN_FLIP,-1.5,OBS_ASSOC,0,0.6197349957038988,0.5068349133909676,0.8096335838319256,0.002579144355858578,0.013798946103322026,1.1102230246251565e-16,20736
1027,OOD_SIGN_FLIP,-1.5,RECENCY,0,0.9,0.25,0.5,0.75,1.0,1.1102230246251565e-16,20736
1027,OOD_SIGN_FLIP,-1.5,EQUAL,0,0.75,1.0,1.0,1.0,1.0,1.1102230246251565e-16,20736
1028,OOD_SIGN_FLIP,-1.5,EXACT_CF_SHAPLEY,1,2.355090406545856e-16,0.5,3.925150677576428e-17,3.925150677576428e-17,3.925150677576428e-17,1.1102230246251565e-16,20736
1028,OOD_SIGN_FLIP,-1.5,OBS_ASSOC,0,0.6399194772610155,0.5342440571507779,0.8193578618352032,0.06823709106182532,0.06184039889940055,1.1102230246251565e-16,20736
1028,OOD_SIGN_FLIP,-1.5,RECENCY,0,0.9,0.25,0.5,0.75,1.0,1.1102230246251565e-16,20736
1028,OOD_SIGN_FLIP,-1.5,EQUAL,0,0.75,1.0,1.0,1.0,1.0,1.1102230246251565e-16,20736
1029,OOD_SIGN_FLIP,-1.5,EXACT_CF_SHAPLEY,1,2.487761177074297e-16,0.5,4.146268628457163e-17,4.146268628457163e-17,4.146268628457163e-17,1.1102230246251565e-16,20736
1029,OOD_SIGN_FLIP,-1.5,OBS_ASSOC,0,0.6109553383966666,0.5864438587553359,0.839255430038826,0.018373534037430337,0.06332187149085286,1.1102230246251565e-16,20736
1029,OOD_SIGN_FLIP,-1.5,RECENCY,0,0.9,0.25,0.5,0.75,1.0,1.1102230246251565e-16,20736
1029,OOD_SIGN_FLIP,-1.5,EQUAL,0,0.75,1.0,1.0,1.0,1.0,1.1102230246251565e-16,20736
1030,OOD_SIGN_FLIP,-1.5,EXACT_CF_SHAPLEY,1,2.510876706204867e-16,0.5,4.1847945103414456e-17,4.1847945103414456e-17,4.1847945103414456e-17,1.1102230246251565e-16,20736
1030,OOD_SIGN_FLIP,-1.5,OBS_ASSOC,0,0.6121007783443495,0.6145716822418278,0.8315051203251518,0.043650459365837654,0.09463189099015777,1.1102230246251565e-16,20736
1030,OOD_SIGN_FLIP,-1.5,RECENCY,0,0.9,0.25,0.5,0.75,1.0,1.1102230246251565e-16,20736
1030,OOD_SIGN_FLIP,-1.5,EQUAL,0,0.75,1.0,1.0,1.0,1.0,1.1102230246251565e-16,20736
1031,OOD_SIGN_FLIP,-1.5,EXACT_CF_SHAPLEY,1,2.3009480605573613e-16,0.5,3.83491343426227e-17,3.83491343426227e-17,3.83491343426227e-17,1.1102230246251565e-16,20736
1031,OOD_SIGN_FLIP,-1.5,OBS_ASSOC,0,0.6484683510878085,0.48078698392914826,0.8101159747630616,0.009598953617730322,0.06718997380311728,1.1102230246251565e-16,20736
1031,OOD_SIGN_FLIP,-1.5,RECENCY,0,0.9,0.25,0.5,0.75,1.0,1.1102230246251565e-16,20736
1031,OOD_SIGN_FLIP,-1.5,EQUAL,0,0.75,1.0,1.0,1.0,1.0,1.1102230246251565e-16,20736
1032,OOD_SIGN_FLIP,-1.5,EXACT_CF_SHAPLEY,1,2.7069140115174024e-16,0.5,4.5115233525290045e-17,4.5115233525290045e-17,4.5115233525290045e-17,1.1102230246251565e-16,20736
1032,OOD_SIGN_FLIP,-1.5,OBS_ASSOC,0,0.6222877435586469,0.5622983397583814,0.8236204064613245,0.07532723451942673,0.027448998492203808,1.1102230246251565e-16,20736
1032,OOD_SIGN_FLIP,-1.5,RECENCY,0,0.9,0.25,0.5,0.75,1.0,1.1102230246251565e-16,20736
1032,OOD_SIGN_FLIP,-1.5,EQUAL,0,0.75,1.0,1.0,1.0,1.0,1.1102230246251565e-16,20736
1033,OOD_SIGN_FLIP,-1.5,EXACT_CF_SHAPLEY,1,2.603313411738729e-16,0.5,4.3388556862312154e-17,4.3388556862312154e-17,4.3388556862312154e-17,1.1102230246251565e-16,20736
1033,OOD_SIGN_FLIP,-1.5,OBS_ASSOC,0,0.6099475788221034,0.5755212864466671,0.818735996211606,0.01793233351146694,0.063307663679681,1.1102230246251565e-16,20736
1033,OOD_SIGN_FLIP,-1.5,RECENCY,0,0.9,0.25,0.5,0.75,1.0,1.1102230246251565e-16,20736
1033,OOD_SIGN_FLIP,-1.5,EQUAL,0,0.75,1.0,1.0,1.0,1.0,1.1102230246251565e-16,20736
1034,OOD_SIGN_FLIP,-1.5,EXACT_CF_SHAPLEY,1,2.779098159282414e-16,0.5,4.6318302654706905e-17,4.6318302654706905e-17,4.6318302654706905e-17,1.1102230246251565e-16,20736
1034,OOD_SIGN_FLIP,-1.5,OBS_ASSOC,0,0.5989683493893818,0.5565402780595665,0.8124762439512129,0.0011132418530016813,0.0176416931076771,1.1102230246251565e-16,20736
1034,OOD_SIGN_FLIP,-1.5,RECENCY,0,0.9,0.25,0.5,0.75,1.0,1.1102230246251565e-16,20736
1034,OOD_SIGN_FLIP,-1.5,EQUAL,0,0.75,1.0,1.0,1.0,1.0,1.1102230246251565e-16,20736
1035,OOD_SIGN_FLIP,-1.5,EXACT_CF_SHAPLEY,1,2.6168913498832153e-16,0.5,4.361485583138693e-17,4.361485583138693e-17,4.361485583138693e-17,1.1102230246251565e-16,20736
1035,OOD_SIGN_FLIP,-1.5,OBS_ASSOC,0,0.6398366114092736,0.49605772418234745,0.8064464848888857,0.03761558006983475,0.037193230162083035,1.1102230246251565e-16,20736
1035,OOD_SIGN_FLIP,-1.5,RECENCY,0,0.9,0.25,0.5,0.75,1.0,1.1102230246251565e-16,20736
1035,OOD_SIGN_FLIP,-1.5,EQUAL,0,0.75,1.0,1.0,1.0,1.0,1.1102230246251565e-16,20736
1036,OOD_SIGN_FLIP,-1.5,EXACT_CF_SHAPLEY,1,2.6010603040990324e-16,0.5,4.335100506831721e-17,4.335100506831721e-17,4.335100506831721e-17,1.1102230246251565e-16,20736
1036,OOD_SIGN_FLIP,-1.5,OBS_ASSOC,0,0.6110832104500038,0.6006661722236287,0.8386635927887267,0.1005448456197471,0.004584739962252706,1.1102230246251565e-16,20736
1036,OOD_SIGN_FLIP,-1.5,RECENCY,0,0.9,0.25,0.5,0.75,1.0,1.1102230246251565e-16,20736
1036,OOD_SIGN_FLIP,-1.5,EQUAL,0,0.75,1.0,1.0,1.0,1.0,1.1102230246251565e-16,20736
1037,OOD_SIGN_FLIP,-1.5,EXACT_CF_SHAPLEY,1,2.6697123244739935e-16,0.5,4.44952054078999e-17,4.44952054078999e-17,4.44952054078999e-17,1.1102230246251565e-16,20736
1037,OOD_SIGN_FLIP,-1.5,OBS_ASSOC,0,0.6200075944898465,0.545995512697013,0.810306706776315,0.05084311156167518,0.029713681881306096,1.1102230246251565e-16,20736
1037,OOD_SIGN_FLIP,-1.5,RECENCY,0,0.9,0.25,0.5,0.75,1.0,1.1102230246251565e-16,20736
1037,OOD_SIGN_FLIP,-1.5,EQUAL,0,0.75,1.0,1.0,1.0,1.0,1.1102230246251565e-16,20736
1038,OOD_SIGN_FLIP,-1.5,EXACT_CF_SHAPLEY,1,2.266329824003078e-16,0.5,3.777216373338464e-17,3.777216373338464e-17,3.777216373338464e-17,1.1102230246251565e-16,20736
1038,OOD_SIGN_FLIP,-1.5,OBS_ASSOC,0,0.6651731588789759,0.5250456431577881,0.7924861453608321,0.1353004367397998,0.11527874637067004,1.1102230246251565e-16,20736
1038,OOD_SIGN_FLIP,-1.5,RECENCY,0,0.9,0.25,0.5,0.75,1.0,1.1102230246251565e-16,20736
1038,OOD_SIGN_FLIP,-1.5,EQUAL,0,0.75,1.0,1.0,1.0,1.0,1.1102230246251565e-16,20736
1039,OOD_SIGN_FLIP,-1.5,EXACT_CF_SHAPLEY,1,2.3340501081360593e-16,0.5,3.8900835135601e-17,3.8900835135601e-17,3.8900835135601e-17,1.1102230246251565e-16,20736
1039,OOD_SIGN_FLIP,-1.5,OBS_ASSOC,0,0.6503804039295408,0.5157826153412873,0.8049488733378054,0.05814682572115799,0.0963897230278949,1.1102230246251565e-16,20736
1039,OOD_SIGN_FLIP,-1.5,RECENCY,0,0.9,0.25,0.5,0.75,1.0,1.1102230246251565e-16,20736
1039,OOD_SIGN_FLIP,-1.5,EQUAL,0,0.75,1.0,1.0,1.0,1.0,1.1102230246251565e-16,20736
1040,OOD_SIGN_FLIP,-1.5,EXACT_CF_SHAPLEY,1,2.8702727857248667e-16,0.5,4.783787976208112e-17,4.783787976208112e-17,4.783787976208112e-17,1.1102230246251565e-16,20736
1040,OOD_SIGN_FLIP,-1.5,OBS_ASSOC,0,0.6342023521518143,0.5048035529723739,0.7870449160474334,0.05733197346514275,0.03082720912761273,1.1102230246251565e-16,20736
1040,OOD_SIGN_FLIP,-1.5,RECENCY,0,0.9,0.25,0.5,0.75,1.0,1.1102230246251565e-16,20736
1040,OOD_SIGN_FLIP,-1.5,EQUAL,0,0.75,1.0,1.0,1.0,1.0,1.1102230246251565e-16,20736
1041,OOD_SIGN_FLIP,-1.5,EXACT_CF_SHAPLEY,1,2.486465216664998e-16,0.5,4.1441086944416644e-17,4.1441086944416644e-17,4.1441086944416644e-17,1.1102230246251565e-16,20736
1041,OOD_SIGN_FLIP,-1.5,OBS_ASSOC,0,0.625180747840712,0.5689561421821526,0.8288210668250166,0.06015060038496515,0.06002021196606847,1.1102230246251565e-16,20736
1041,OOD_SIGN_FLIP,-1.5,RECENCY,0,0.9,0.25,0.5,0.75,1.0,1.1102230246251565e-16,20736
1041,OOD_SIGN_FLIP,-1.5,EQUAL,0,0.75,1.0,1.0,1.0,1.0,1.1102230246251565e-16,20736
1042,OOD_SIGN_FLIP,-1.5,EXACT_CF_SHAPLEY,1,2.6131982862331866e-16,0.5,4.355330477055312e-17,4.355330477055312e-17,4.355330477055312e-17,1.1102230246251565e-16,20736
1042,OOD_SIGN_FLIP,-1.5,OBS_ASSOC,0,0.6021068941034068,0.5682944350059238,0.819693944410741,0.027859600751732907,0.012411083846688509,1.1102230246251565e-16,20736
1042,OOD_SIGN_FLIP,-1.5,RECENCY,0,0.9,0.25,0.5,0.75,1.0,1.1102230246251565e-16,20736
1042,OOD_SIGN_FLIP,-1.5,EQUAL,0,0.75,1.0,1.0,1.0,1.0,1.1102230246251565e-16,20736
1043,OOD_SIGN_FLIP,-1.5,EXACT_CF_SHAPLEY,1,2.479087559694413e-16,0.5,4.131812599490689e-17,4.131812599490689e-17,4.131812599490689e-17,1.1102230246251565e-16,20736
1043,OOD_SIGN_FLIP,-1.5,OBS_ASSOC,0,0.6397603316254961,0.5243566759028686,0.8082198651912268,0.05993779363131042,0.06306294322653042,1.1102230246251565e-16,20736
1043,OOD_SIGN_FLIP,-1.5,RECENCY,0,0.9,0.25,0.5,0.75,1.0,1.1102230246251565e-16,20736
1043,OOD_SIGN_FLIP,-1.5,EQUAL,0,0.75,1.0,1.0,1.0,1.0,1.1102230246251565e-16,20736
1044,OOD_SIGN_FLIP,-1.5,EXACT_CF_SHAPLEY,1,2.1989652937079435e-16,0.5,3.664942156179907e-17,3.664942156179907e-17,3.664942156179907e-17,1.1102230246251565e-16,20736
1044,OOD_SIGN_FLIP,-1.5,OBS_ASSOC,0,0.6191496385209693,0.542847613356713,0.8373182502893229,0.030698731268307806,0.014492102263431584,1.1102230246251565e-16,20736
1044,OOD_SIGN_FLIP,-1.5,RECENCY,0,0.9,0.25,0.5,0.75,1.0,1.1102230246251565e-16,20736
1044,OOD_SIGN_FLIP,-1.5,EQUAL,0,0.75,1.0,1.0,1.0,1.0,1.1102230246251565e-16,20736
1045,OOD_SIGN_FLIP,-1.5,EXACT_CF_SHAPLEY,1,2.4232342071524646e-16,0.5,4.038723678587442e-17,4.038723678587442e-17,4.038723678587442e-17,1.1102230246251565e-16,20736
1045,OOD_SIGN_FLIP,-1.5,OBS_ASSOC,0,0.6242875567201374,0.5548483440055189,0.8070278373675662,0.024384120992720262,0.09052960419638055,1.1102230246251565e-16,20736
1045,OOD_SIGN_FLIP,-1.5,RECENCY,0,0.9,0.25,0.5,0.75,1.0,1.1102230246251565e-16,20736
1045,OOD_SIGN_FLIP,-1.5,EQUAL,0,0.75,1.0,1.0,1.0,1.0,1.1102230246251565e-16,20736
1046,OOD_SIGN_FLIP,-1.5,EXACT_CF_SHAPLEY,1,2.6541618583535886e-16,0.5,4.423603097255982e-17,4.423603097255982e-17,4.423603097255982e-17,1.1102230246251565e-16,20736
1046,OOD_SIGN_FLIP,-1.5,OBS_ASSOC,0,0.61205509866432,0.556017795990059,0.8134379610958746,0.0424628397159989,0.021320489665527388,1.1102230246251565e-16,20736
1046,OOD_SIGN_FLIP,-1.5,RECENCY,0,0.9,0.25,0.5,0.75,1.0,1.1102230246251565e-16,20736
1046,OOD_SIGN_FLIP,-1.5,EQUAL,0,0.75,1.0,1.0,1.0,1.0,1.1102230246251565e-16,20736
1047,OOD_SIGN_FLIP,-1.5,EXACT_CF_SHAPLEY,1,2.568762937820226e-16,0.5,4.2812715630337104e-17,4.2812715630337104e-17,4.2812715630337104e-17,1.1102230246251565e-16,20736
1047,OOD_SIGN_FLIP,-1.5,OBS_ASSOC,0,0.6060037439662246,0.5614733012282569,0.8119195395605991,0.018987270718946726,0.03269257035068775,1.1102230246251565e-16,20736
1047,OOD_SIGN_FLIP,-1.5,RECENCY,0,0.9,0.25,0.5,0.75,1.0,1.1102230246251565e-16,20736
1047,OOD_SIGN_FLIP,-1.5,EQUAL,0,0.75,1.0,1.0,1.0,1.0,1.1102230246251565e-16,20736
1048,OOD_SIGN_FLIP,-1.5,EXACT_CF_SHAPLEY,1,2.8646654276140433e-16,0.5,4.77444237935674e-17,4.77444237935674e-17,4.77444237935674e-17,1.1102230246251565e-16,20736
1048,OOD_SIGN_FLIP,-1.5,OBS_ASSOC,0,0.6281148815474162,0.5484587811870099,0.8200508156671323,0.05381202094808066,0.052485396442257214,1.1102230246251565e-16,20736
1048,OOD_SIGN_FLIP,-1.5,RECENCY,0,0.9,0.25,0.5,0.75,1.0,1.1102230246251565e-16,20736
1048,OOD_SIGN_FLIP,-1.5,EQUAL,0,0.75,1.0,1.0,1.0,1.0,1.1102230246251565e-16,20736
1049,OOD_SIGN_FLIP,-1.5,EXACT_CF_SHAPLEY,1,2.754856076331996e-16,0.5,4.5914267938866604e-17,4.5914267938866604e-17,4.5914267938866604e-17,1.1102230246251565e-16,20736
1049,OOD_SIGN_FLIP,-1.5,OBS_ASSOC,0,0.6154993604204159,0.534537473701852,0.8123889726149671,0.037705480954975217,0.005580256214608358,1.1102230246251565e-16,20736
1049,OOD_SIGN_FLIP,-1.5,RECENCY,0,0.9,0.25,0.5,0.75,1.0,1.1102230246251565e-16,20736
1049,OOD_SIGN_FLIP,-1.5,EQUAL,0,0.75,1.0,1.0,1.0,1.0,1.1102230246251565e-16,20736
1050,OOD_SIGN_FLIP,-1.5,EXACT_CF_SHAPLEY,1,2.4512794680360545e-16,0.5,4.0854657800600915e-17,4.0854657800600915e-17,4.0854657800600915e-17,1.1102230246251565e-16,20736
1050,OOD_SIGN_FLIP,-1.5,OBS_ASSOC,0,0.6614005917700695,0.517572976203829,0.8289573701848502,0.05038103410547485,0.1316588521282378,1.1102230246251565e-16,20736
1050,OOD_SIGN_FLIP,-1.5,RECENCY,0,0.9,0.25,0.5,0.75,1.0,1.1102230246251565e-16,20736
1050,OOD_SIGN_FLIP,-1.5,EQUAL,0,0.75,1.0,1.0,1.0,1.0,1.1102230246251565e-16,20736
1051,OOD_SIGN_FLIP,-1.5,EXACT_CF_SHAPLEY,1,2.744251223832372e-16,0.5,4.57375203972062e-17,4.57375203972062e-17,4.57375203972062e-17,1.1102230246251565e-16,20736
1051,OOD_SIGN_FLIP,-1.5,OBS_ASSOC,0,0.5998986557944214,0.6139223124684278,0.8250311753835593,0.06889831378641686,0.026565218847746583,1.1102230246251565e-16,20736
1051,OOD_SIGN_FLIP,-1.5,RECENCY,0,0.9,0.25,0.5,0.75,1.0,1.1102230246251565e-16,20736
1051,OOD_SIGN_FLIP,-1.5,EQUAL,0,0.75,1.0,1.0,1.0,1.0,1.1102230246251565e-16,20736
1052,OOD_SIGN_FLIP,-1.5,EXACT_CF_SHAPLEY,1,2.460274957935895e-16,0.5,4.100458263226493e-17,4.100458263226493e-17,4.100458263226493e-17,1.1102230246251565e-16,20736
1052,OOD_SIGN_FLIP,-1.5,OBS_ASSOC,0,0.6087389593965392,0.5408235586646313,0.8141570432848299,0.022127246613957742,0.0051497813567312175,1.1102230246251565e-16,20736
1052,OOD_SIGN_FLIP,-1.5,RECENCY,0,0.9,0.25,0.5,0.75,1.0,1.1102230246251565e-16,20736
1052,OOD_SIGN_FLIP,-1.5,EQUAL,0,0.75,1.0,1.0,1.0,1.0,1.1102230246251565e-16,20736
1053,OOD_SIGN_FLIP,-1.5,EXACT_CF_SHAPLEY,1,2.228780853451295e-16,0.5,3.714634755752159e-17,3.714634755752159e-17,3.714634755752159e-17,1.1102230246251565e-16,20736
1053,OOD_SIGN_FLIP,-1.5,OBS_ASSOC,0,0.6307249172323904,0.5647527663948863,0.8121235541753723,0.05928830299509769,0.09319057192259325,1.1102230246251565e-16,20736
1053,OOD_SIGN_FLIP,-1.5,RECENCY,0,0.9,0.25,0.5,0.75,1.0,1.1102230246251565e-16,20736
1053,OOD_SIGN_FLIP,-1.5,EQUAL,0,0.75,1.0,1.0,1.0,1.0,1.1102230246251565e-16,20736
1054,OOD_SIGN_FLIP,-1.5,EXACT_CF_SHAPLEY,1,2.5147391764443467e-16,0.5,4.191231960740578e-17,4.191231960740578e-17,4.191231960740578e-17,1.1102230246251565e-16,20736
1054,OOD_SIGN_FLIP,-1.5,OBS_ASSOC,0,0.6177179833649069,0.5482623370061614,0.8206576215362031,0.017088121826341424,0.04817483472642047,1.1102230246251565e-16,20736
1054,OOD_SIGN_FLIP,-1.5,RECENCY,0,0.9,0.25,0.5,0.75,1.0,1.1102230246251565e-16,20736
1054,OOD_SIGN_FLIP,-1.5,EQUAL,0,0.75,1.0,1.0,1.0,1.0,1.1102230246251565e-16,20736
1055,OOD_SIGN_FLIP,-1.5,EXACT_CF_SHAPLEY,1,2.699121308402663e-16,0.5,4.498535514004439e-17,4.498535514004439e-17,4.498535514004439e-17,1.1102230246251565e-16,20736
1055,OOD_SIGN_FLIP,-1.5,OBS_ASSOC,0,0.6061633930943828,0.5313518335353713,0.8012757162817266,0.014533771194806267,0.0020068980376511843,1.1102230246251565e-16,20736
1055,OOD_SIGN_FLIP,-1.5,RECENCY,0,0.9,0.25,0.5,0.75,1.0,1.1102230246251565e-16,20736
1055,OOD_SIGN_FLIP,-1.5,EQUAL,0,0.75,1.0,1.0,1.0,1.0,1.1102230246251565e-16,20736
1056,OOD_SIGN_FLIP,-1.5,EXACT_CF_SHAPLEY,1,2.0794320041914167e-16,0.5,3.465720006985695e-17,3.465720006985695e-17,3.465720006985695e-17,1.1102230246251565e-16,20736
1056,OOD_SIGN_FLIP,-1.5,OBS_ASSOC,0,0.6179301199353863,0.5492587786261894,0.8143286508319385,0.025275432799388986,0.04872436271112349,1.1102230246251565e-16,20736
1056,OOD_SIGN_FLIP,-1.5,RECENCY,0,0.9,0.25,0.5,0.75,1.0,1.1102230246251565e-16,20736
1056,OOD_SIGN_FLIP,-1.5,EQUAL,0,0.75,1.0,1.0,1.0,1.0,1.1102230246251565e-16,20736
1057,OOD_SIGN_FLIP,-1.5,EXACT_CF_SHAPLEY,1,2.3065045966913495e-16,0.5,3.8441743278189167e-17,3.8441743278189167e-17,3.8441743278189167e-17,1.1102230246251565e-16,20736
1057,OOD_SIGN_FLIP,-1.5,OBS_ASSOC,0,0.650390100486199,0.5208506373345227,0.8106389506274233,0.10737474542287372,0.050940841064944335,1.1102230246251565e-16,20736
1057,OOD_SIGN_FLIP,-1.5,RECENCY,0,0.9,0.25,0.5,0.75,1.0,1.1102230246251565e-16,20736
1057,OOD_SIGN_FLIP,-1.5,EQUAL,0,0.75,1.0,1.0,1.0,1.0,1.1102230246251565e-16,20736
1058,OOD_SIGN_FLIP,-1.5,EXACT_CF_SHAPLEY,1,2.4977476955224254e-16,0.5,4.16291282587071e-17,4.16291282587071e-17,4.16291282587071e-17,1.1102230246251565e-16,20736
1058,OOD_SIGN_FLIP,-1.5,OBS_ASSOC,0,0.6741858639383175,0.4631127979118324,0.7966890783136339,0.11428259320383258,0.04731732580820681,1.1102230246251565e-16,20736
1058,OOD_SIGN_FLIP,-1.5,RECENCY,0,0.9,0.25,0.5,0.75,1.0,1.1102230246251565e-16,20736
1058,OOD_SIGN_FLIP,-1.5,EQUAL,0,0.75,1.0,1.0,1.0,1.0,1.1102230246251565e-16,20736
1059,OOD_SIGN_FLIP,-1.5,EXACT_CF_SHAPLEY,1,2.4234967873661135e-16,0.5,4.0391613122768566e-17,4.0391613122768566e-17,4.0391613122768566e-17,1.1102230246251565e-16,20736
1059,OOD_SIGN_FLIP,-1.5,OBS_ASSOC,0,0.6528780338205386,0.5168642046906373,0.8071238112241466,0.07357681185214283,0.09143401140022502,1.1102230246251565e-16,20736
1059,OOD_SIGN_FLIP,-1.5,RECENCY,0,0.9,0.25,0.5,0.75,1.0,1.1102230246251565e-16,20736
1059,OOD_SIGN_FLIP,-1.5,EQUAL,0,0.75,1.0,1.0,1.0,1.0,1.1102230246251565e-16,20736
1060,OOD_SIGN_FLIP,-1.5,EXACT_CF_SHAPLEY,1,2.5798082474524216e-16,0.5,4.2996804124207034e-17,4.2996804124207034e-17,4.2996804124207034e-17,1.1102230246251565e-16,20736
1060,OOD_SIGN_FLIP,-1.5,OBS_ASSOC,0,0.6314009890425121,0.4937305279720486,0.788596410427542,0.01905384792480524,0.038097924401153456,1.1102230246251565e-16,20736
1060,OOD_SIGN_FLIP,-1.5,RECENCY,0,0.9,0.25,0.5,0.75,1.0,1.1102230246251565e-16,20736
1060,OOD_SIGN_FLIP,-1.5,EQUAL,0,0.75,1.0,1.0,1.0,1.0,1.1102230246251565e-16,20736
1061,OOD_SIGN_FLIP,-1.5,EXACT_CF_SHAPLEY,1,2.5453594174875897e-16,0.5,4.24226569581265e-17,4.24226569581265e-17,4.24226569581265e-17,1.1102230246251565e-16,20736
1061,OOD_SIGN_FLIP,-1.5,OBS_ASSOC,0,0.6041652590807122,0.5756883864067843,0.8230728760432253,0.018399226818818604,0.03720499939394978,1.1102230246251565e-16,20736
1061,OOD_SIGN_FLIP,-1.5,RECENCY,0,0.9,0.25,0.5,0.75,1.0,1.1102230246251565e-16,20736
1061,OOD_SIGN_FLIP,-1.5,EQUAL,0,0.75,1.0,1.0,1.0,1.0,1.1102230246251565e-16,20736
1062,OOD_SIGN_FLIP,-1.5,EXACT_CF_SHAPLEY,1,2.4371170771579626e-16,0.5,4.061861795263272e-17,4.061861795263272e-17,4.061861795263272e-17,1.1102230246251565e-16,20736
1062,OOD_SIGN_FLIP,-1.5,OBS_ASSOC,0,0.6324145832380202,0.5686123534061617,0.8233629856835688,0.0728663207586123,0.08204330206066447,1.1102230246251565e-16,20736
1062,OOD_SIGN_FLIP,-1.5,RECENCY,0,0.9,0.25,0.5,0.75,1.0,1.1102230246251565e-16,20736
1062,OOD_SIGN_FLIP,-1.5,EQUAL,0,0.75,1.0,1.0,1.0,1.0,1.1102230246251565e-16,20736
1063,OOD_SIGN_FLIP,-1.5,EXACT_CF_SHAPLEY,1,2.47504721253601e-16,0.5,4.125078687560018e-17,4.125078687560018e-17,4.125078687560018e-17,1.1102230246251565e-16,20736
1063,OOD_SIGN_FLIP,-1.5,OBS_ASSOC,0,0.6067806618806988,0.569776853581047,0.8172021757211778,0.019694982170700166,0.042331157769740405,1.1102230246251565e-16,20736
1063,OOD_SIGN_FLIP,-1.5,RECENCY,0,0.9,0.25,0.5,0.75,1.0,1.1102230246251565e-16,20736
1063,OOD_SIGN_FLIP,-1.5,EQUAL,0,0.75,1.0,1.0,1.0,1.0,1.1102230246251565e-16,20736
1064,OOD_SIGN_FLIP,-1.5,EXACT_CF_SHAPLEY,1,2.426207292797327e-16,0.5,4.04367882132888e-17,4.04367882132888e-17,4.04367882132888e-17,1.1102230246251565e-16,20736
1064,OOD_SIGN_FLIP,-1.5,OBS_ASSOC,0,0.6188464865475108,0.5004053851467044,0.7897946992350533,0.010855500484560396,0.011815390961850539,1.1102230246251565e-16,20736
1064,OOD_SIGN_FLIP,-1.5,RECENCY,0,0.9,0.25,0.5,0.75,1.0,1.1102230246251565e-16,20736
1064,OOD_SIGN_FLIP,-1.5,EQUAL,0,0.75,1.0,1.0,1.0,1.0,1.1102230246251565e-16,20736
1065,OOD_SIGN_FLIP,-1.5,EXACT_CF_SHAPLEY,1,2.2656521976452746e-16,0.5,3.776086996075459e-17,3.776086996075459e-17,3.776086996075459e-17,1.1102230246251565e-16,20736
1065,OOD_SIGN_FLIP,-1.5,OBS_ASSOC,0,0.6162364998139674,0.533030328893074,0.80300902309072,0.0345363108206366,0.018379588632152336,1.1102230246251565e-16,20736
1065,OOD_SIGN_FLIP,-1.5,RECENCY,0,0.9,0.25,0.5,0.75,1.0,1.1102230246251565e-16,20736
1065,OOD_SIGN_FLIP,-1.5,EQUAL,0,0.75,1.0,1.0,1.0,1.0,1.1102230246251565e-16,20736
1066,OOD_SIGN_FLIP,-1.5,EXACT_CF_SHAPLEY,1,2.5160944291599536e-16,0.5,4.19349071526659e-17,4.19349071526659e-17,4.19349071526659e-17,1.1102230246251565e-16,20736
1066,OOD_SIGN_FLIP,-1.5,OBS_ASSOC,0,0.6587672873119321,0.5356266170021856,0.8113604650422916,0.033094640523443575,0.18959960365304923,1.1102230246251565e-16,20736
1066,OOD_SIGN_FLIP,-1.5,RECENCY,0,0.9,0.25,0.5,0.75,1.0,1.1102230246251565e-16,20736
1066,OOD_SIGN_FLIP,-1.5,EQUAL,0,0.75,1.0,1.0,1.0,1.0,1.1102230246251565e-16,20736
1067,OOD_SIGN_FLIP,-1.5,EXACT_CF_SHAPLEY,1,2.3885820892802917e-16,0.5,3.980970148800487e-17,3.980970148800487e-17,3.980970148800487e-17,1.1102230246251565e-16,20736
1067,OOD_SIGN_FLIP,-1.5,OBS_ASSOC,0,0.6395525962556341,0.4973522344034201,0.8135638284898543,0.03295637517787753,0.03594672343999297,1.1102230246251565e-16,20736
1067,OOD_SIGN_FLIP,-1.5,RECENCY,0,0.9,0.25,0.5,0.75,1.0,1.1102230246251565e-16,20736
1067,OOD_SIGN_FLIP,-1.5,EQUAL,0,0.75,1.0,1.0,1.0,1.0,1.1102230246251565e-16,20736
1068,OOD_SIGN_FLIP,-1.5,EXACT_CF_SHAPLEY,1,2.8055764092135833e-16,0.5,4.6759606820226396e-17,4.6759606820226396e-17,4.6759606820226396e-17,1.1102230246251565e-16,20736
1068,OOD_SIGN_FLIP,-1.5,OBS_ASSOC,0,0.6563597088300274,0.5345452045983791,0.8022432247111801,0.08443564742490761,0.13431297271466316,1.1102230246251565e-16,20736
1068,OOD_SIGN_FLIP,-1.5,RECENCY,0,0.9,0.25,0.5,0.75,1.0,1.1102230246251565e-16,20736
1068,OOD_SIGN_FLIP,-1.5,EQUAL,0,0.75,1.0,1.0,1.0,1.0,1.1102230246251565e-16,20736
1069,OOD_SIGN_FLIP,-1.5,EXACT_CF_SHAPLEY,1,2.387125192611014e-16,0.5,3.9785419876850234e-17,3.9785419876850234e-17,3.9785419876850234e-17,1.1102230246251565e-16,20736
1069,OOD_SIGN_FLIP,-1.5,OBS_ASSOC,0,0.6153388733027132,0.5740445916685137,0.8175029027359442,0.038821089259906544,0.061969871737354014,1.1102230246251565e-16,20736
1069,OOD_SIGN_FLIP,-1.5,RECENCY,0,0.9,0.25,0.5,0.75,1.0,1.1102230246251565e-16,20736
1069,OOD_SIGN_FLIP,-1.5,EQUAL,0,0.75,1.0,1.0,1.0,1.0,1.1102230246251565e-16,20736
1070,OOD_SIGN_FLIP,-1.5,EXACT_CF_SHAPLEY,1,2.4796381311101285e-16,0.5,4.132730218516882e-17,4.132730218516882e-17,4.132730218516882e-17,1.1102230246251565e-16,20736
1070,OOD_SIGN_FLIP,-1.5,OBS_ASSOC,0,0.6267448392118503,0.5179107085536394,0.8107477174738493,0.028176807759375103,0.030716133111965808,1.1102230246251565e-16,20736
1070,OOD_SIGN_FLIP,-1.5,RECENCY,0,0.9,0.25,0.5,0.75,1.0,1.1102230246251565e-16,20736
1070,OOD_SIGN_FLIP,-1.5,EQUAL,0,0.75,1.0,1.0,1.0,1.0,1.1102230246251565e-16,20736
1071,OOD_SIGN_FLIP,-1.5,EXACT_CF_SHAPLEY,1,2.264610347120152e-16,0.5,3.774350578533587e-17,3.774350578533587e-17,3.774350578533587e-17,1.1102230246251565e-16,20736
1071,OOD_SIGN_FLIP,-1.5,OBS_ASSOC,0,0.630735493104317,0.5629627124201245,0.8186581149025233,0.06565547139506077,0.07727507816065737,1.1102230246251565e-16,20736
1071,OOD_SIGN_FLIP,-1.5,RECENCY,0,0.9,0.25,0.5,0.75,1.0,1.1102230246251565e-16,20736
1071,OOD_SIGN_FLIP,-1.5,EQUAL,0,0.75,1.0,1.0,1.0,1.0,1.1102230246251565e-16,20736
1072,OOD_SIGN_FLIP,-1.5,EXACT_CF_SHAPLEY,1,2.420210299530767e-16,0.5,4.033683832551279e-17,4.033683832551279e-17,4.033683832551279e-17,1.1102230246251565e-16,20736
1072,OOD_SIGN_FLIP,-1.5,OBS_ASSOC,0,0.6212060822324729,0.579110973180275,0.8123164760879931,0.08068584225644407,0.05671530370021491,1.1102230246251565e-16,20736
1072,OOD_SIGN_FLIP,-1.5,RECENCY,0,0.9,0.25,0.5,0.75,1.0,1.1102230246251565e-16,20736
1072,OOD_SIGN_FLIP,-1.5,EQUAL,0,0.75,1.0,1.0,1.0,1.0,1.1102230246251565e-16,20736
1073,OOD_SIGN_FLIP,-1.5,EXACT_CF_SHAPLEY,1,2.490920609967556e-16,0.5,4.1515343499459275e-17,4.1515343499459275e-17,4.1515343499459275e-17,1.1102230246251565e-16,20736
1073,OOD_SIGN_FLIP,-1.5,OBS_ASSOC,0,0.5901945392817681,0.5941341138082256,0.8273128546500387,0.021235300969176505,0.0071132329724935975,1.1102230246251565e-16,20736
1073,OOD_SIGN_FLIP,-1.5,RECENCY,0,0.9,0.25,0.5,0.75,1.0,1.1102230246251565e-16,20736
1073,OOD_SIGN_FLIP,-1.5,EQUAL,0,0.75,1.0,1.0,1.0,1.0,1.1102230246251565e-16,20736
1074,OOD_SIGN_FLIP,-1.5,EXACT_CF_SHAPLEY,1,2.4330603187362065e-16,0.5,4.0551005312270113e-17,4.0551005312270113e-17,4.0551005312270113e-17,1.1102230246251565e-16,20736
1074,OOD_SIGN_FLIP,-1.5,OBS_ASSOC,0,0.6170995136468457,0.604984937933873,0.8099133836468644,0.017413794170925326,0.14769355020063163,1.1102230246251565e-16,20736
1074,OOD_SIGN_FLIP,-1.5,RECENCY,0,0.9,0.25,0.5,0.75,1.0,1.1102230246251565e-16,20736
1074,OOD_SIGN_FLIP,-1.5,EQUAL,0,0.75,1.0,1.0,1.0,1.0,1.1102230246251565e-16,20736
1075,OOD_SIGN_FLIP,-1.5,EXACT_CF_SHAPLEY,1,2.709548283983363e-16,0.5,4.5159138066389395e-17,4.5159138066389395e-17,4.5159138066389395e-17,1.1102230246251565e-16,20736
1075,OOD_SIGN_FLIP,-1.5,OBS_ASSOC,0,0.6522498943310889,0.4671863078883308,0.784312972723753,0.036174483601888116,0.05578034341219126,1.1102230246251565e-16,20736
1075,OOD_SIGN_FLIP,-1.5,RECENCY,0,0.9,0.25,0.5,0.75,1.0,1.1102230246251565e-16,20736
1075,OOD_SIGN_FLIP,-1.5,EQUAL,0,0.75,1.0,1.0,1.0,1.0,1.1102230246251565e-16,20736
1076,OOD_SIGN_FLIP,-1.5,EXACT_CF_SHAPLEY,1,2.341419294777172e-16,0.5,3.902365491295287e-17,3.902365491295287e-17,3.902365491295287e-17,1.1102230246251565e-16,20736
1076,OOD_SIGN_FLIP,-1.5,OBS_ASSOC,0,0.6303684968470467,0.5478669440083448,0.8129084010925486,0.06454128087673675,0.05688102042167483,1.1102230246251565e-16,20736
1076,OOD_SIGN_FLIP,-1.5,RECENCY,0,0.9,0.25,0.5,0.75,1.0,1.1102230246251565e-16,20736
1076,OOD_SIGN_FLIP,-1.5,EQUAL,0,0.75,1.0,1.0,1.0,1.0,1.1102230246251565e-16,20736
1077,OOD_SIGN_FLIP,-1.5,EXACT_CF_SHAPLEY,1,2.3246014556094376e-16,0.5,3.874335759349063e-17,3.874335759349063e-17,3.874335759349063e-17,1.1102230246251565e-16,20736
1077,OOD_SIGN_FLIP,-1.5,OBS_ASSOC,0,0.6114811008522543,0.5597180650873211,0.8383102151707702,0.017534499182598872,0.02508287850572534,1.1102230246251565e-16,20736
1077,OOD_SIGN_FLIP,-1.5,RECENCY,0,0.9,0.25,0.5,0.75,1.0,1.1102230246251565e-16,20736
1077,OOD_SIGN_FLIP,-1.5,EQUAL,0,0.75,1.0,1.0,1.0,1.0,1.1102230246251565e-16,20736
1078,OOD_SIGN_FLIP,-1.5,EXACT_CF_SHAPLEY,1,2.476495638875815e-16,0.5,4.127492731459692e-17,4.127492731459692e-17,4.127492731459692e-17,1.1102230246251565e-16,20736
1078,OOD_SIGN_FLIP,-1.5,OBS_ASSOC,0,0.597077968741085,0.5950096944122313,0.8166068600863464,0.0009357292143743865,0.06418427634345764,1.1102230246251565e-16,20736
1078,OOD_SIGN_FLIP,-1.5,RECENCY,0,0.9,0.25,0.5,0.75,1.0,1.1102230246251565e-16,20736
1078,OOD_SIGN_FLIP,-1.5,EQUAL,0,0.75,1.0,1.0,1.0,1.0,1.1102230246251565e-16,20736
1079,OOD_SIGN_FLIP,-1.5,EXACT_CF_SHAPLEY,1,2.3254103720740655e-16,0.5,3.8756839534567766e-17,3.8756839534567766e-17,3.8756839534567766e-17,1.1102230246251565e-16,20736
1079,OOD_SIGN_FLIP,-1.5,OBS_ASSOC,0,0.6351002508874181,0.5081625064679174,0.8143474443274753,0.0002533862205484827,0.06984520191493847,1.1102230246251565e-16,20736
1079,OOD_SIGN_FLIP,-1.5,RECENCY,0,0.9,0.25,0.5,0.75,1.0,1.1102230246251565e-16,20736
1079,OOD_SIGN_FLIP,-1.5,EQUAL,0,0.75,1.0,1.0,1.0,1.0,1.1102230246251565e-16,20736
1080,OOD_SIGN_FLIP,-1.5,EXACT_CF_SHAPLEY,1,2.244908360767017e-16,0.5,3.7415139346116955e-17,3.7415139346116955e-17,3.7415139346116955e-17,1.1102230246251565e-16,20736
1080,OOD_SIGN_FLIP,-1.5,OBS_ASSOC,0,0.6730260300654937,0.4779021587313256,0.8066276279796366,0.059401197897075826,0.11765985342426948,1.1102230246251565e-16,20736
1080,OOD_SIGN_FLIP,-1.5,RECENCY,0,0.9,0.25,0.5,0.75,1.0,1.1102230246251565e-16,20736
1080,OOD_SIGN_FLIP,-1.5,EQUAL,0,0.75,1.0,1.0,1.0,1.0,1.1102230246251565e-16,20736
1081,OOD_SIGN_FLIP,-1.5,EXACT_CF_SHAPLEY,1,2.1105689353324843e-16,0.5,3.517614892220808e-17,3.517614892220808e-17,3.517614892220808e-17,1.1102230246251565e-16,20736
1081,OOD_SIGN_FLIP,-1.5,OBS_ASSOC,0,0.6040852420110702,0.5768113048729874,0.8204504457694463,0.032100920687742354,0.027545143379564343,1.1102230246251565e-16,20736
1081,OOD_SIGN_FLIP,-1.5,RECENCY,0,0.9,0.25,0.5,0.75,1.0,1.1102230246251565e-16,20736
1081,OOD_SIGN_FLIP,-1.5,EQUAL,0,0.75,1.0,1.0,1.0,1.0,1.1102230246251565e-16,20736
1082,OOD_SIGN_FLIP,-1.5,EXACT_CF_SHAPLEY,1,2.704898073102937e-16,0.5,4.508163455171563e-17,4.508163455171563e-17,4.508163455171563e-17,1.1102230246251565e-16,20736
1082,OOD_SIGN_FLIP,-1.5,OBS_ASSOC,0,0.6234655621280794,0.49109530901848686,0.7973596038916835,0.0035314537894821575,0.012264346180784013,1.1102230246251565e-16,20736
1082,OOD_SIGN_FLIP,-1.5,RECENCY,0,0.9,0.25,0.5,0.75,1.0,1.1102230246251565e-16,20736
1082,OOD_SIGN_FLIP,-1.5,EQUAL,0,0.75,1.0,1.0,1.0,1.0,1.1102230246251565e-16,20736
1083,OOD_SIGN_FLIP,-1.5,EXACT_CF_SHAPLEY,1,2.408080787726085e-16,0.5,4.013467979543476e-17,4.013467979543476e-17,4.013467979543476e-17,1.1102230246251565e-16,20736
1083,OOD_SIGN_FLIP,-1.5,OBS_ASSOC,0,0.6291877565333909,0.552262694194741,0.7998121021317871,0.023968849167318177,0.11328876983259373,1.1102230246251565e-16,20736
1083,OOD_SIGN_FLIP,-1.5,RECENCY,0,0.9,0.25,0.5,0.75,1.0,1.1102230246251565e-16,20736
1083,OOD_SIGN_FLIP,-1.5,EQUAL,0,0.75,1.0,1.0,1.0,1.0,1.1102230246251565e-16,20736
1084,OOD_SIGN_FLIP,-1.5,EXACT_CF_SHAPLEY,1,2.33075514997124e-16,0.5,3.884591916618734e-17,3.884591916618734e-17,3.884591916618734e-17,1.1102230246251565e-16,20736
1084,OOD_SIGN_FLIP,-1.5,OBS_ASSOC,0,0.6148364083674712,0.5489705792451363,0.8205565367855072,0.025337215835240765,0.03042765099860739,1.1102230246251565e-16,20736
1084,OOD_SIGN_FLIP,-1.5,RECENCY,0,0.9,0.25,0.5,0.75,1.0,1.1102230246251565e-16,20736
1084,OOD_SIGN_FLIP,-1.5,EQUAL,0,0.75,1.0,1.0,1.0,1.0,1.1102230246251565e-16,20736
1085,OOD_SIGN_FLIP,-1.5,EXACT_CF_SHAPLEY,1,2.4345251563393645e-16,0.5,4.057541927232275e-17,4.057541927232275e-17,4.057541927232275e-17,1.1102230246251565e-16,20736
1085,OOD_SIGN_FLIP,-1.5,OBS_ASSOC,0,0.6542340850346117,0.5470172044971213,0.8169890789980226,0.11645305441737676,0.10158556825435383,1.1102230246251565e-16,20736
1085,OOD_SIGN_FLIP,-1.5,RECENCY,0,0.9,0.25,0.5,0.75,1.0,1.1102230246251565e-16,20736
1085,OOD_SIGN_FLIP,-1.5,EQUAL,0,0.75,1.0,1.0,1.0,1.0,1.1102230246251565e-16,20736
1086,OOD_SIGN_FLIP,-1.5,EXACT_CF_SHAPLEY,1,2.3689139842450464e-16,0.5,3.948189973741745e-17,3.948189973741745e-17,3.948189973741745e-17,1.1102230246251565e-16,20736
1086,OOD_SIGN_FLIP,-1.5,OBS_ASSOC,0,0.649071465353712,0.531390789716836,0.8137423485444866,0.015462848793123336,0.15364619405642224,1.1102230246251565e-16,20736
1086,OOD_SIGN_FLIP,-1.5,RECENCY,0,0.9,0.25,0.5,0.75,1.0,1.1102230246251565e-16,20736
1086,OOD_SIGN_FLIP,-1.5,EQUAL,0,0.75,1.0,1.0,1.0,1.0,1.1102230246251565e-16,20736
1087,OOD_SIGN_FLIP,-1.5,EXACT_CF_SHAPLEY,1,2.5881599923123495e-16,0.5,4.31359998718725e-17,4.31359998718725e-17,4.31359998718725e-17,1.1102230246251565e-16,20736
1087,OOD_SIGN_FLIP,-1.5,OBS_ASSOC,0,0.6280996273750892,0.5811328052617099,0.8281478044934172,0.04045889463866228,0.11286394544955214,1.1102230246251565e-16,20736
1087,OOD_SIGN_FLIP,-1.5,RECENCY,0,0.9,0.25,0.5,0.75,1.0,1.1102230246251565e-16,20736
1087,OOD_SIGN_FLIP,-1.5,EQUAL,0,0.75,1.0,1.0,1.0,1.0,1.1102230246251565e-16,20736
1088,OOD_SIGN_FLIP,-1.5,EXACT_CF_SHAPLEY,1,2.457928676672001e-16,0.5,4.0965477944533354e-17,4.0965477944533354e-17,4.0965477944533354e-17,1.1102230246251565e-16,20736
1088,OOD_SIGN_FLIP,-1.5,OBS_ASSOC,0,0.6027366356639278,0.56859799802521,0.8250285162545904,0.004084353000072937,0.033576407285404855,1.1102230246251565e-16,20736
1088,OOD_SIGN_FLIP,-1.5,RECENCY,0,0.9,0.25,0.5,0.75,1.0,1.1102230246251565e-16,20736
1088,OOD_SIGN_FLIP,-1.5,EQUAL,0,0.75,1.0,1.0,1.0,1.0,1.1102230246251565e-16,20736
1089,OOD_SIGN_FLIP,-1.5,EXACT_CF_SHAPLEY,1,2.921890973530544e-16,0.5,4.869818289217574e-17,4.869818289217574e-17,4.869818289217574e-17,1.1102230246251565e-16,20736
1089,OOD_SIGN_FLIP,-1.5,OBS_ASSOC,0,0.6062144228769071,0.5759480546802538,0.8088903386914241,0.052901788937800176,0.024852883917066176,1.1102230246251565e-16,20736
1089,OOD_SIGN_FLIP,-1.5,RECENCY,0,0.9,0.25,0.5,0.75,1.0,1.1102230246251565e-16,20736
1089,OOD_SIGN_FLIP,-1.5,EQUAL,0,0.75,1.0,1.0,1.0,1.0,1.1102230246251565e-16,20736
1090,OOD_SIGN_FLIP,-1.5,EXACT_CF_SHAPLEY,1,2.4854403067988204e-16,0.5,4.1424005113313684e-17,4.1424005113313684e-17,4.1424005113313684e-17,1.1102230246251565e-16,20736
1090,OOD_SIGN_FLIP,-1.5,OBS_ASSOC,0,0.6082224596301217,0.5529027141599352,0.8217543585381573,0.028304540490437267,0.008305387053337283,1.1102230246251565e-16,20736
1090,OOD_SIGN_FLIP,-1.5,RECENCY,0,0.9,0.25,0.5,0.75,1.0,1.1102230246251565e-16,20736
1090,OOD_SIGN_FLIP,-1.5,EQUAL,0,0.75,1.0,1.0,1.0,1.0,1.1102230246251565e-16,20736
1091,OOD_SIGN_FLIP,-1.5,EXACT_CF_SHAPLEY,1,2.5217864905655025e-16,0.5,4.202977484275838e-17,4.202977484275838e-17,4.202977484275838e-17,1.1102230246251565e-16,20736
1091,OOD_SIGN_FLIP,-1.5,OBS_ASSOC,0,0.6154472792285405,0.5540745959980661,0.8239592048694272,0.018187503924057796,0.044607393251528925,1.1102230246251565e-16,20736
1091,OOD_SIGN_FLIP,-1.5,RECENCY,0,0.9,0.25,0.5,0.75,1.0,1.1102230246251565e-16,20736
1091,OOD_SIGN_FLIP,-1.5,EQUAL,0,0.75,1.0,1.0,1.0,1.0,1.1102230246251565e-16,20736
1092,OOD_SIGN_FLIP,-1.5,EXACT_CF_SHAPLEY,1,2.6128859428338865e-16,0.5,4.3548099047231447e-17,4.3548099047231447e-17,4.3548099047231447e-17,1.1102230246251565e-16,20736
1092,OOD_SIGN_FLIP,-1.5,OBS_ASSOC,0,0.6002008123949711,0.5649673647305222,0.8265067081682053,0.0022468316587391,0.01940694123662486,1.1102230246251565e-16,20736
1092,OOD_SIGN_FLIP,-1.5,RECENCY,0,0.9,0.25,0.5,0.75,1.0,1.1102230246251565e-16,20736
1092,OOD_SIGN_FLIP,-1.5,EQUAL,0,0.75,1.0,1.0,1.0,1.0,1.1102230246251565e-16,20736
1093,OOD_SIGN_FLIP,-1.5,EXACT_CF_SHAPLEY,1,2.561258225907553e-16,0.5,4.268763709845922e-17,4.268763709845922e-17,4.268763709845922e-17,1.1102230246251565e-16,20736
1093,OOD_SIGN_FLIP,-1.5,OBS_ASSOC,0,0.6306318449354666,0.5365368755068447,0.8103502691289307,0.09779062666407456,0.007902447514911603,1.1102230246251565e-16,20736
1093,OOD_SIGN_FLIP,-1.5,RECENCY,0,0.9,0.25,0.5,0.75,1.0,1.1102230246251565e-16,20736
1093,OOD_SIGN_FLIP,-1.5,EQUAL,0,0.75,1.0,1.0,1.0,1.0,1.1102230246251565e-16,20736
1094,OOD_SIGN_FLIP,-1.5,EXACT_CF_SHAPLEY,1,2.49659573071416e-16,0.5,4.160992884523601e-17,4.160992884523601e-17,4.160992884523601e-17,1.1102230246251565e-16,20736
1094,OOD_SIGN_FLIP,-1.5,OBS_ASSOC,0,0.613362278271142,0.5431830574712009,0.8168480346379712,0.015783909858262567,0.02907393396552955,1.1102230246251565e-16,20736
1094,OOD_SIGN_FLIP,-1.5,RECENCY,0,0.9,0.25,0.5,0.75,1.0,1.1102230246251565e-16,20736
1094,OOD_SIGN_FLIP,-1.5,EQUAL,0,0.75,1.0,1.0,1.0,1.0,1.1102230246251565e-16,20736
1095,OOD_SIGN_FLIP,-1.5,EXACT_CF_SHAPLEY,1,2.348551312193053e-16,0.5,3.914252186988422e-17,3.914252186988422e-17,3.914252186988422e-17,1.1102230246251565e-16,20736
1095,OOD_SIGN_FLIP,-1.5,OBS_ASSOC,0,0.6194484692721276,0.5801721003326092,0.8321719387196698,0.06799400710568312,0.04421790352624234,1.1102230246251565e-16,20736
1095,OOD_SIGN_FLIP,-1.5,RECENCY,0,0.9,0.25,0.5,0.75,1.0,1.1102230246251565e-16,20736
1095,OOD_SIGN_FLIP,-1.5,EQUAL,0,0.75,1.0,1.0,1.0,1.0,1.1102230246251565e-16,20736
1096,OOD_SIGN_FLIP,-1.5,EXACT_CF_SHAPLEY,1,2.56292582202246e-16,0.5,4.271543036704101e-17,4.271543036704101e-17,4.271543036704101e-17,1.1102230246251565e-16,20736
1096,OOD_SIGN_FLIP,-1.5,OBS_ASSOC,0,0.6380159620222269,0.5471067743051512,0.8226665004639332,0.11862057261922779,0.023017477159498714,1.1102230246251565e-16,20736
1096,OOD_SIGN_FLIP,-1.5,RECENCY,0,0.9,0.25,0.5,0.75,1.0,1.1102230246251565e-16,20736
1096,OOD_SIGN_FLIP,-1.5,EQUAL,0,0.75,1.0,1.0,1.0,1.0,1.1102230246251565e-16,20736
1097,OOD_SIGN_FLIP,-1.5,EXACT_CF_SHAPLEY,1,2.4671528654676e-16,0.5,4.111921442446001e-17,4.111921442446001e-17,4.111921442446001e-17,1.1102230246251565e-16,20736
1097,OOD_SIGN_FLIP,-1.5,OBS_ASSOC,0,0.6017900318767864,0.6036125264762429,0.8342195537282794,0.003402520506664384,0.07458010709510761,1.1102230246251565e-16,20736
1097,OOD_SIGN_FLIP,-1.5,RECENCY,0,0.9,0.25,0.5,0.75,1.0,1.1102230246251565e-16,20736
1097,OOD_SIGN_FLIP,-1.5,EQUAL,0,0.75,1.0,1.0,1.0,1.0,1.1102230246251565e-16,20736
1098,OOD_SIGN_FLIP,-1.5,EXACT_CF_SHAPLEY,1,2.272151057933083e-16,0.5,3.786918429888473e-17,3.786918429888473e-17,3.786918429888473e-17,1.1102230246251565e-16,20736
1098,OOD_SIGN_FLIP,-1.5,OBS_ASSOC,0,0.6234096947909562,0.5325614639204397,0.7955334377429029,0.046281176132210125,0.039790608266152785,1.1102230246251565e-16,20736
1098,OOD_SIGN_FLIP,-1.5,RECENCY,0,0.9,0.25,0.5,0.75,1.0,1.1102230246251565e-16,20736
1098,OOD_SIGN_FLIP,-1.5,EQUAL,0,0.75,1.0,1.0,1.0,1.0,1.1102230246251565e-16,20736
1099,OOD_SIGN_FLIP,-1.5,EXACT_CF_SHAPLEY,1,2.525784486076543e-16,0.5,4.2096408101275725e-17,4.2096408101275725e-17,4.2096408101275725e-17,1.1102230246251565e-16,20736
1099,OOD_SIGN_FLIP,-1.5,OBS_ASSOC,0,0.6178762386632634,0.5589848239364711,0.8109961426137646,0.00012891628305428186,0.09272724088035461,1.1102230246251565e-16,20736
1099,OOD_SIGN_FLIP,-1.5,RECENCY,0,0.9,0.25,0.5,0.75,1.0,1.1102230246251565e-16,20736
1099,OOD_SIGN_FLIP,-1.5,EQUAL,0,0.75,1.0,1.0,1.0,1.0,1.1102230246251565e-16,20736
1100,OOD_SIGN_FLIP,-1.5,EXACT_CF_SHAPLEY,1,2.533424723260777e-16,0.5,4.2223745387679624e-17,4.2223745387679624e-17,4.2223745387679624e-17,1.1102230246251565e-16,20736
1100,OOD_SIGN_FLIP,-1.5,OBS_ASSOC,0,0.6267758502405749,0.5487491471969087,0.8132690645098276,0.028828789610086867,0.07944678205872877,1.1102230246251565e-16,20736
1100,OOD_SIGN_FLIP,-1.5,RECENCY,0,0.9,0.25,0.5,0.75,1.0,1.1102230246251565e-16,20736
1100,OOD_SIGN_FLIP,-1.5,EQUAL,0,0.75,1.0,1.0,1.0,1.0,1.1102230246251565e-16,20736
1101,OOD_SIGN_FLIP,-1.5,EXACT_CF_SHAPLEY,1,2.482280609207766e-16,0.5,4.13713434867961e-17,4.13713434867961e-17,4.13713434867961e-17,1.1102230246251565e-16,20736
1101,OOD_SIGN_FLIP,-1.5,OBS_ASSOC,0,0.6358756767503291,0.4876927005894946,0.8144408987209342,0.006062623289822237,0.03116143479825252,1.1102230246251565e-16,20736
1101,OOD_SIGN_FLIP,-1.5,RECENCY,0,0.9,0.25,0.5,0.75,1.0,1.1102230246251565e-16,20736
1101,OOD_SIGN_FLIP,-1.5,EQUAL,0,0.75,1.0,1.0,1.0,1.0,1.1102230246251565e-16,20736
1102,OOD_SIGN_FLIP,-1.5,EXACT_CF_SHAPLEY,1,2.6478419337758875e-16,0.5,4.41306988962648e-17,4.41306988962648e-17,4.41306988962648e-17,1.1102230246251565e-16,20736
1102,OOD_SIGN_FLIP,-1.5,OBS_ASSOC,0,0.6419592259915189,0.4984667338797283,0.7899989829320562,0.05077573202480395,0.05296516578747888,1.1102230246251565e-16,20736
1102,OOD_SIGN_FLIP,-1.5,RECENCY,0,0.9,0.25,0.5,0.75,1.0,1.1102230246251565e-16,20736
1102,OOD_SIGN_FLIP,-1.5,EQUAL,0,0.75,1.0,1.0,1.0,1.0,1.1102230246251565e-16,20736
1103,OOD_SIGN_FLIP,-1.5,EXACT_CF_SHAPLEY,1,2.37748595767126e-16,0.5,3.962476596118767e-17,3.962476596118767e-17,3.962476596118767e-17,1.1102230246251565e-16,20736
1103,OOD_SIGN_FLIP,-1.5,OBS_ASSOC,0,0.6396200121093993,0.519737926749512,0.8033179286191952,0.006288857086056982,0.11284948315436383,1.1102230246251565e-16,20736
1103,OOD_SIGN_FLIP,-1.5,RECENCY,0,0.9,0.25,0.5,0.75,1.0,1.1102230246251565e-16,20736
1103,OOD_SIGN_FLIP,-1.5,EQUAL,0,0.75,1.0,1.0,1.0,1.0,1.1102230246251565e-16,20736
1104,OOD_SIGN_FLIP,-1.5,EXACT_CF_SHAPLEY,1,2.354823591167471e-16,0.5,3.924705985279119e-17,3.924705985279119e-17,3.924705985279119e-17,1.1102230246251565e-16,20736
1104,OOD_SIGN_FLIP,-1.5,OBS_ASSOC,0,0.611372035343384,0.5661351998776706,0.8168775319767049,0.07100000664224046,0.002740895735281063,1.1102230246251565e-16,20736
1104,OOD_SIGN_FLIP,-1.5,RECENCY,0,0.9,0.25,0.5,0.75,1.0,1.1102230246251565e-16,20736
1104,OOD_SIGN_FLIP,-1.5,EQUAL,0,0.75,1.0,1.0,1.0,1.0,1.1102230246251565e-16,20736
1105,OOD_SIGN_FLIP,-1.5,EXACT_CF_SHAPLEY,1,2.0597893101445894e-16,0.5,3.4329821835743166e-17,3.4329821835743166e-17,3.4329821835743166e-17,1.1102230246251565e-16,20736
1105,OOD_SIGN_FLIP,-1.5,OBS_ASSOC,0,0.6077906396258919,0.5976132631731904,0.8056709639401209,0.03817768636010075,0.08224793017529171,1.1102230246251565e-16,20736
1105,OOD_SIGN_FLIP,-1.5,RECENCY,0,0.9,0.25,0.5,0.75,1.0,1.1102230246251565e-16,20736
1105,OOD_SIGN_FLIP,-1.5,EQUAL,0,0.75,1.0,1.0,1.0,1.0,1.1102230246251565e-16,20736
1106,OOD_SIGN_FLIP,-1.5,EXACT_CF_SHAPLEY,1,2.4678304918254035e-16,0.5,4.1130508197090063e-17,4.1130508197090063e-17,4.1130508197090063e-17,1.1102230246251565e-16,20736
1106,OOD_SIGN_FLIP,-1.5,OBS_ASSOC,0,0.6096648769795083,0.602002464319232,0.8318734954357586,0.06473286593250857,0.04366197910407536,1.1102230246251565e-16,20736
1106,OOD_SIGN_FLIP,-1.5,RECENCY,0,0.9,0.25,0.5,0.75,1.0,1.1102230246251565e-16,20736
1106,OOD_SIGN_FLIP,-1.5,EQUAL,0,0.75,1.0,1.0,1.0,1.0,1.1102230246251565e-16,20736
1107,OOD_SIGN_FLIP,-1.5,EXACT_CF_SHAPLEY,1,2.1438065081827437e-16,0.5,3.5730108469712404e-17,3.5730108469712404e-17,3.5730108469712404e-17,1.1102230246251565e-16,20736
1107,OOD_SIGN_FLIP,-1.5,OBS_ASSOC,0,0.6140527590042569,0.5416158909667576,0.8060656044494734,0.03369315883960863,0.021967133003449213,1.1102230246251565e-16,20736
1107,OOD_SIGN_FLIP,-1.5,RECENCY,0,0.9,0.25,0.5,0.75,1.0,1.1102230246251565e-16,20736
1107,OOD_SIGN_FLIP,-1.5,EQUAL,0,0.75,1.0,1.0,1.0,1.0,1.1102230246251565e-16,20736
1108,OOD_SIGN_FLIP,-1.5,EXACT_CF_SHAPLEY,1,2.5075902183695204e-16,0.5,4.1793170306158686e-17,4.1793170306158686e-17,4.1793170306158686e-17,1.1102230246251565e-16,20736
1108,OOD_SIGN_FLIP,-1.5,OBS_ASSOC,0,0.5990720262095578,0.5844476767498558,0.8164812104217342,0.02415783777392211,0.032650611824448374,1.1102230246251565e-16,20736
1108,OOD_SIGN_FLIP,-1.5,RECENCY,0,0.9,0.25,0.5,0.75,1.0,1.1102230246251565e-16,20736
1108,OOD_SIGN_FLIP,-1.5,EQUAL,0,0.75,1.0,1.0,1.0,1.0,1.1102230246251565e-16,20736
1109,OOD_SIGN_FLIP,-1.5,EXACT_CF_SHAPLEY,1,2.706100859888038e-16,0.5,4.5101680998133977e-17,4.5101680998133977e-17,4.5101680998133977e-17,1.1102230246251565e-16,20736
1109,OOD_SIGN_FLIP,-1.5,OBS_ASSOC,0,0.6444923016368014,0.5418193466619992,0.8106692707381417,0.053713242443309536,0.11787019023198365,1.1102230246251565e-16,20736
1109,OOD_SIGN_FLIP,-1.5,RECENCY,0,0.9,0.25,0.5,0.75,1.0,1.1102230246251565e-16,20736
1109,OOD_SIGN_FLIP,-1.5,EQUAL,0,0.75,1.0,1.0,1.0,1.0,1.1102230246251565e-16,20736
1110,OOD_SIGN_FLIP,-1.5,EXACT_CF_SHAPLEY,1,2.5863642824641703e-16,0.5,4.310607137440285e-17,4.310607137440285e-17,4.310607137440285e-17,1.1102230246251565e-16,20736
1110,OOD_SIGN_FLIP,-1.5,OBS_ASSOC,0,0.6255642266304158,0.5661128977746899,0.8128212031255427,0.03339241709239076,0.09958270125794251,1.1102230246251565e-16,20736
1110,OOD_SIGN_FLIP,-1.5,RECENCY,0,0.9,0.25,0.5,0.75,1.0,1.1102230246251565e-16,20736
1110,OOD_SIGN_FLIP,-1.5,EQUAL,0,0.75,1.0,1.0,1.0,1.0,1.1102230246251565e-16,20736
1111,OOD_SIGN_FLIP,-1.5,EXACT_CF_SHAPLEY,1,2.1762669283038964e-16,0.5,3.6271115471731615e-17,3.6271115471731615e-17,3.6271115471731615e-17,1.1102230246251565e-16,20736
1111,OOD_SIGN_FLIP,-1.5,OBS_ASSOC,0,0.6208933930373548,0.5574921328504169,0.821361027987077,0.049173537883252606,0.04251515576439205,1.1102230246251565e-16,20736
1111,OOD_SIGN_FLIP,-1.5,RECENCY,0,0.9,0.25,0.5,0.75,1.0,1.1102230246251565e-16,20736
1111,OOD_SIGN_FLIP,-1.5,EQUAL,0,0.75,1.0,1.0,1.0,1.0,1.1102230246251565e-16,20736
1112,OOD_SIGN_FLIP,-1.5,EXACT_CF_SHAPLEY,1,2.4299723542478726e-16,0.5,4.0499539237464556e-17,4.0499539237464556e-17,4.0499539237464556e-17,1.1102230246251565e-16,20736
1112,OOD_SIGN_FLIP,-1.5,OBS_ASSOC,0,0.615375707230808,0.5266758800790303,0.8001194977930225,0.019703814110005068,0.022826381000098022,1.1102230246251565e-16,20736
1112,OOD_SIGN_FLIP,-1.5,RECENCY,0,0.9,0.25,0.5,0.75,1.0,1.1102230246251565e-16,20736
1112,OOD_SIGN_FLIP,-1.5,EQUAL,0,0.75,1.0,1.0,1.0,1.0,1.1102230246251565e-16,20736
1113,OOD_SIGN_FLIP,-1.5,EXACT_CF_SHAPLEY,1,2.4577507997530774e-16,0.5,4.0962513329217964e-17,4.0962513329217964e-17,4.0962513329217964e-17,1.1102230246251565e-16,20736
1113,OOD_SIGN_FLIP,-1.5,OBS_ASSOC,0,0.6451312801680474,0.44571234715881547,0.8013939668750711,0.00748246488751351,0.001403429605408559,1.1102230246251565e-16,20736
1113,OOD_SIGN_FLIP,-1.5,RECENCY,0,0.9,0.25,0.5,0.75,1.0,1.1102230246251565e-16,20736
1113,OOD_SIGN_FLIP,-1.5,EQUAL,0,0.75,1.0,1.0,1.0,1.0,1.1102230246251565e-16,20736
1114,OOD_SIGN_FLIP,-1.5,EXACT_CF_SHAPLEY,1,2.5145380061193743e-16,0.5,4.1908966768656244e-17,4.1908966768656244e-17,4.1908966768656244e-17,1.1102230246251565e-16,20736
1114,OOD_SIGN_FLIP,-1.5,OBS_ASSOC,0,0.6043021574411168,0.5715355425826691,0.8224790665519817,0.013195268058564946,0.03716378652626714,1.1102230246251565e-16,20736
1114,OOD_SIGN_FLIP,-1.5,RECENCY,0,0.9,0.25,0.5,0.75,1.0,1.1102230246251565e-16,20736
1114,OOD_SIGN_FLIP,-1.5,EQUAL,0,0.75,1.0,1.0,1.0,1.0,1.1102230246251565e-16,20736
1115,OOD_SIGN_FLIP,-1.5,EXACT_CF_SHAPLEY,1,2.5023979064028515e-16,0.5,4.170663177338087e-17,4.170663177338087e-17,4.170663177338087e-17,1.1102230246251565e-16,20736
1115,OOD_SIGN_FLIP,-1.5,OBS_ASSOC,0,0.6133464471796616,0.5690974559801818,0.8059994476657774,0.08938744377563698,0.007369336138418577,1.1102230246251565e-16,20736
1115,OOD_SIGN_FLIP,-1.5,RECENCY,0,0.9,0.25,0.5,0.75,1.0,1.1102230246251565e-16,20736
1115,OOD_SIGN_FLIP,-1.5,EQUAL,0,0.75,1.0,1.0,1.0,1.0,1.1102230246251565e-16,20736
1116,OOD_SIGN_FLIP,-1.5,EXACT_CF_SHAPLEY,1,2.6763615331099397e-16,0.5,4.460602555183234e-17,4.460602555183234e-17,4.460602555183234e-17,1.1102230246251565e-16,20736
1116,OOD_SIGN_FLIP,-1.5,OBS_ASSOC,0,0.584392521593177,0.6322187212896597,0.8398616980400279,0.045474385965030464,0.0036370743923072562,1.1102230246251565e-16,20736
1116,OOD_SIGN_FLIP,-1.5,RECENCY,0,0.9,0.25,0.5,0.75,1.0,1.1102230246251565e-16,20736
1116,OOD_SIGN_FLIP,-1.5,EQUAL,0,0.75,1.0,1.0,1.0,1.0,1.1102230246251565e-16,20736
1117,OOD_SIGN_FLIP,-1.5,EXACT_CF_SHAPLEY,1,2.415848079852407e-16,0.5,4.0264134664206794e-17,4.0264134664206794e-17,4.0264134664206794e-17,1.1102230246251565e-16,20736
1117,OOD_SIGN_FLIP,-1.5,OBS_ASSOC,0,0.6344820682621773,0.495448019705131,0.8001982031433008,0.052132518586043924,0.00768969577616199,1.1102230246251565e-16,20736
1117,OOD_SIGN_FLIP,-1.5,RECENCY,0,0.9,0.25,0.5,0.75,1.0,1.1102230246251565e-16,20736
1117,OOD_SIGN_FLIP,-1.5,EQUAL,0,0.75,1.0,1.0,1.0,1.0,1.1102230246251565e-16,20736
1118,OOD_SIGN_FLIP,-1.5,EXACT_CF_SHAPLEY,1,2.7603109685123135e-16,0.5,4.600518280853856e-17,4.600518280853856e-17,4.600518280853856e-17,1.1102230246251565e-16,20736
1118,OOD_SIGN_FLIP,-1.5,OBS_ASSOC,0,0.6292390802572202,0.5257869159999732,0.8168065933613623,0.07273096471915177,0.002804805469106737,1.1102230246251565e-16,20736
1118,OOD_SIGN_FLIP,-1.5,RECENCY,0,0.9,0.25,0.5,0.75,1.0,1.1102230246251565e-16,20736
1118,OOD_SIGN_FLIP,-1.5,EQUAL,0,0.75,1.0,1.0,1.0,1.0,1.1102230246251565e-16,20736
1119,OOD_SIGN_FLIP,-1.5,EXACT_CF_SHAPLEY,1,2.539438657186282e-16,0.5,4.232397761977137e-17,4.232397761977137e-17,4.232397761977137e-17,1.1102230246251565e-16,20736
1119,OOD_SIGN_FLIP,-1.5,OBS_ASSOC,0,0.6321019053304097,0.4962044816054361,0.7881929185184934,0.040795688904371234,0.023562147258198055,1.1102230246251565e-16,20736
1119,OOD_SIGN_FLIP,-1.5,RECENCY,0,0.9,0.25,0.5,0.75,1.0,1.1102230246251565e-16,20736
1119,OOD_SIGN_FLIP,-1.5,EQUAL,0,0.75,1.0,1.0,1.0,1.0,1.1102230246251565e-16,20736
1120,OOD_SIGN_FLIP,-1.5,EXACT_CF_SHAPLEY,1,2.500172327333941e-16,0.5,4.1669538788899025e-17,4.1669538788899025e-17,4.1669538788899025e-17,1.1102230246251565e-16,20736
1120,OOD_SIGN_FLIP,-1.5,OBS_ASSOC,0,0.6330727310807062,0.5207226397553363,0.822537282193628,0.05896449699874831,0.016919601852414742,1.1102230246251565e-16,20736
1120,OOD_SIGN_FLIP,-1.5,RECENCY,0,0.9,0.25,0.5,0.75,1.0,1.1102230246251565e-16,20736
1120,OOD_SIGN_FLIP,-1.5,EQUAL,0,0.75,1.0,1.0,1.0,1.0,1.1102230246251565e-16,20736
1121,OOD_SIGN_FLIP,-1.5,EXACT_CF_SHAPLEY,1,2.4402680397217486e-16,0.5,4.0671133995362485e-17,4.0671133995362485e-17,4.0671133995362485e-17,1.1102230246251565e-16,20736
1121,OOD_SIGN_FLIP,-1.5,OBS_ASSOC,0,0.6214699015967947,0.5575246856458305,0.8229702587682667,0.07287032400914278,0.01950224725833349,1.1102230246251565e-16,20736
1121,OOD_SIGN_FLIP,-1.5,RECENCY,0,0.9,0.25,0.5,0.75,1.0,1.1102230246251565e-16,20736
1121,OOD_SIGN_FLIP,-1.5,EQUAL,0,0.75,1.0,1.0,1.0,1.0,1.1102230246251565e-16,20736
1122,OOD_SIGN_FLIP,-1.5,EXACT_CF_SHAPLEY,1,2.521684846611832e-16,0.5,4.2028080776863874e-17,4.2028080776863874e-17,4.2028080776863874e-17,1.1102230246251565e-16,20736
1122,OOD_SIGN_FLIP,-1.5,OBS_ASSOC,0,0.62208029916797,0.5551211617256266,0.8040778095584081,0.027545700218784944,0.08214186842476004,1.1102230246251565e-16,20736
1122,OOD_SIGN_FLIP,-1.5,RECENCY,0,0.9,0.25,0.5,0.75,1.0,1.1102230246251565e-16,20736
1122,OOD_SIGN_FLIP,-1.5,EQUAL,0,0.75,1.0,1.0,1.0,1.0,1.1102230246251565e-16,20736
1123,OOD_SIGN_FLIP,-1.5,EXACT_CF_SHAPLEY,1,2.4141878952757887e-16,0.5,4.023646492126315e-17,4.023646492126315e-17,4.023646492126315e-17,1.1102230246251565e-16,20736
1123,OOD_SIGN_FLIP,-1.5,OBS_ASSOC,0,0.6050740212943874,0.5829344134182078,0.8157518353131276,0.03586178059052791,0.04151190304521284,1.1102230246251565e-16,20736
1123,OOD_SIGN_FLIP,-1.5,RECENCY,0,0.9,0.25,0.5,0.75,1.0,1.1102230246251565e-16,20736
1123,OOD_SIGN_FLIP,-1.5,EQUAL,0,0.75,1.0,1.0,1.0,1.0,1.1102230246251565e-16,20736
1124,OOD_SIGN_FLIP,-1.5,EXACT_CF_SHAPLEY,1,2.4633878040170547e-16,0.5,4.105646340028425e-17,4.105646340028425e-17,4.105646340028425e-17,1.1102230246251565e-16,20736
1124,OOD_SIGN_FLIP,-1.5,OBS_ASSOC,0,0.610555468391798,0.5806533033949149,0.8271245541433316,0.04417280602036216,0.03902752785961628,1.1102230246251565e-16,20736
1124,OOD_SIGN_FLIP,-1.5,RECENCY,0,0.9,0.25,0.5,0.75,1.0,1.1102230246251565e-16,20736
1124,OOD_SIGN_FLIP,-1.5,EQUAL,0,0.75,1.0,1.0,1.0,1.0,1.1102230246251565e-16,20736
1125,OOD_SIGN_FLIP,-1.5,EXACT_CF_SHAPLEY,1,2.5348307979532187e-16,0.5,4.2247179965886985e-17,4.2247179965886985e-17,4.2247179965886985e-17,1.1102230246251565e-16,20736
1125,OOD_SIGN_FLIP,-1.5,OBS_ASSOC,0,0.6288238987280699,0.5088898926569924,0.7960222516106866,0.033660537767428854,0.032447410350017816,1.1102230246251565e-16,20736
1125,OOD_SIGN_FLIP,-1.5,RECENCY,0,0.9,0.25,0.5,0.75,1.0,1.1102230246251565e-16,20736
1125,OOD_SIGN_FLIP,-1.5,EQUAL,0,0.75,1.0,1.0,1.0,1.0,1.1102230246251565e-16,20736
1126,OOD_SIGN_FLIP,-1.5,EXACT_CF_SHAPLEY,1,2.3606808239977346e-16,0.5,3.934468039996225e-17,3.934468039996225e-17,3.934468039996225e-17,1.1102230246251565e-16,20736
1126,OOD_SIGN_FLIP,-1.5,OBS_ASSOC,0,0.6087976249371977,0.5402123397825613,0.8255253298740424,0.0004546373756821793,0.014710198214103215,1.1102230246251565e-16,20736
1126,OOD_SIGN_FLIP,-1.5,RECENCY,0,0.9,0.25,0.5,0.75,1.0,1.1102230246251565e-16,20736
1126,OOD_SIGN_FLIP,-1.5,EQUAL,0,0.75,1.0,1.0,1.0,1.0,1.1102230246251565e-16,20736
1127,OOD_SIGN_FLIP,-1.5,EXACT_CF_SHAPLEY,1,2.7100395630927707e-16,0.5,4.5167326051546185e-17,4.5167326051546185e-17,4.5167326051546185e-17,1.1102230246251565e-16,20736
1127,OOD_SIGN_FLIP,-1.5,OBS_ASSOC,0,0.6246203915210968,0.4968073238363396,0.8015196755447691,0.0019460803986228845,0.023206706054881104,1.1102230246251565e-16,20736
1127,OOD_SIGN_FLIP,-1.5,RECENCY,0,0.9,0.25,0.5,0.75,1.0,1.1102230246251565e-16,20736
1127,OOD_SIGN_FLIP,-1.5,EQUAL,0,0.75,1.0,1.0,1.0,1.0,1.1102230246251565e-16,20736
