seed,context,mode,method,top1_A,false_credit_mass,score_A,score_C,score_D,score_B,structural_evaluations,max_efficiency_error
22000,TRAIN_CONFOUNDED,NORMAL,EXACT_CF_SHAPLEY,True,3.007576826474789e-16,1.0,1.0025256088249297e-16,1.0025256088249297e-16,1.0025256088249297e-16,10368,2.220446049250313e-16
22000,TRAIN_CONFOUNDED,NORMAL,OBS_ASSOC,False,0.6490630210118203,0.5406818391849053,0.8138456582292268,0.11196520187899979,0.07418802561593096,0,
22000,TRAIN_CONFOUNDED,NORMAL,RECENCY,False,0.9,0.25,0.5,0.75,1.0,0,
22000,TRAIN_CONFOUNDED,NORMAL,UNIFORM,False,0.75,1.0,1.0,1.0,1.0,0,
22000,TRAIN_CONFOUNDED,NORMAL,MC_CF_SHAPLEY_4,True,0.5037735849056604,1.02734375,0.33203125,0.34375,0.3671875,2560,
22000,TRAIN_CONFOUNDED,NORMAL,MC_CF_SHAPLEY_16,True,0.3800360793746242,1.0068359375,0.19921875,0.2119140625,0.2060546875,10240,
22000,TRAIN_CONFOUNDED,NORMAL,MC_CF_SHAPLEY_64,True,0.2234062441577865,1.01416015625,0.10205078125,0.09228515625,0.097412109375,40960,
22000,TRAIN_CONFOUNDED,NORMAL,TD_ELIGIBILITY_PROXY,False,0.7130417681131916,0.6507337835074014,1.2311609894305013,0.21089247314633508,0.1749078788428117,0,
22000,TRAIN_CONFOUNDED,NORMAL,RANDOM,False,0.9321687609823779,0.1626581872048527,0.9004360432084355,0.6652286737600905,0.6696605258889181,0,
22000,OOD_WEAK_CONFOUNDER,NORMAL,EXACT_CF_SHAPLEY,True,7.990570011218168e-17,1.0,2.6635233370727225e-17,2.6635233370727225e-17,2.6635233370727225e-17,10368,2.220446049250313e-16
22000,OOD_WEAK_CONFOUNDER,NORMAL,OBS_ASSOC,True,0.5059468462867759,0.9520112671272195,0.3540783448512092,0.061594960211451714,0.5592564056625142,0,
22000,OOD_WEAK_CONFOUNDER,NORMAL,RECENCY,False,0.9,0.25,0.5,0.75,1.0,0,
22000,OOD_WEAK_CONFOUNDER,NORMAL,UNIFORM,False,0.75,1.0,1.0,1.0,1.0,0,
22000,OOD_WEAK_CONFOUNDER,NORMAL,MC_CF_SHAPLEY_4,True,0.5236294896030246,0.984375,0.32421875,0.40625,0.3515625,2560,
22000,OOD_WEAK_CONFOUNDER,NORMAL,MC_CF_SHAPLEY_16,True,0.3667083854818523,0.98828125,0.2041015625,0.1826171875,0.185546875,10240,
22000,OOD_WEAK_CONFOUNDER,NORMAL,MC_CF_SHAPLEY_64,True,0.2496276991809382,0.984130859375,0.111572265625,0.105712890625,0.110107421875,40960,
22000,OOD_WEAK_CONFOUNDER,NORMAL,TD_ELIGIBILITY_PROXY,False,0.6309249842060177,0.5276937056862343,0.24593269552650174,0.05278500662197937,0.6033621696344051,0,
22000,OOD_WEAK_CONFOUNDER,NORMAL,RANDOM,False,0.9473357779128702,0.08784852047045344,0.35575611984159505,0.3778923389508342,0.8465903291400251,0,
22000,OOD_SIGN_INVERSION,NORMAL,EXACT_CF_SHAPLEY,True,2.6405743910884456e-16,1.0,8.801914636961487e-17,8.801914636961487e-17,8.801914636961487e-17,10368,2.220446049250313e-16
22000,OOD_SIGN_INVERSION,NORMAL,OBS_ASSOC,False,0.6487778182907834,0.5993044494179424,0.6827923568517953,0.047340062185476886,0.3769031084261931,0,
22000,OOD_SIGN_INVERSION,NORMAL,RECENCY,False,0.9,0.25,0.5,0.75,1.0,0,
22000,OOD_SIGN_INVERSION,NORMAL,UNIFORM,False,0.75,1.0,1.0,1.0,1.0,0,
22000,OOD_SIGN_INVERSION,NORMAL,MC_CF_SHAPLEY_4,True,0.4836852207293666,1.05078125,0.34765625,0.296875,0.33984375,2560,
22000,OOD_SIGN_INVERSION,NORMAL,MC_CF_SHAPLEY_16,True,0.39357186173438446,0.9765625,0.2294921875,0.2275390625,0.1767578125,10240,
22000,OOD_SIGN_INVERSION,NORMAL,MC_CF_SHAPLEY_64,True,0.2224548049476689,0.99755859375,0.10205078125,0.090087890625,0.09326171875,40960,
22000,OOD_SIGN_INVERSION,NORMAL,TD_ELIGIBILITY_PROXY,False,0.7358453786120432,0.5716735035671964,0.8154468138437525,0.07094970956365572,0.7060923888235082,0,
22000,OOD_SIGN_INVERSION,NORMAL,RANDOM,False,0.8636325016242208,0.28150428046561404,0.4647746071342217,0.5194291145675838,0.7985982571575886,0,
22001,TRAIN_CONFOUNDED,NORMAL,EXACT_CF_SHAPLEY,True,2.9143354396410354e-16,1.0,9.71445146547012e-17,9.71445146547012e-17,9.71445146547012e-17,10368,2.220446049250313e-16
22001,TRAIN_CONFOUNDED,NORMAL,OBS_ASSOC,False,0.6603082850262918,0.510727409751423,0.6724168936519147,0.050675353750164985,0.2696830402583334,0,
22001,TRAIN_CONFOUNDED,NORMAL,RECENCY,False,0.9,0.25,0.5,0.75,1.0,0,
22001,TRAIN_CONFOUNDED,NORMAL,UNIFORM,False,0.75,1.0,1.0,1.0,1.0,0,
22001,TRAIN_CONFOUNDED,NORMAL,MC_CF_SHAPLEY_4,True,0.49906191369606,1.04296875,0.35546875,0.31640625,0.3671875,2560,
22001,TRAIN_CONFOUNDED,NORMAL,MC_CF_SHAPLEY_16,True,0.37053020961775585,0.9970703125,0.1845703125,0.1962890625,0.2060546875,10240,
22001,TRAIN_CONFOUNDED,NORMAL,MC_CF_SHAPLEY_64,True,0.23017950635751683,1.005126953125,0.098876953125,0.096435546875,0.105224609375,40960,
22001,TRAIN_CONFOUNDED,NORMAL,TD_ELIGIBILITY_PROXY,False,0.73898754760481,0.6075959654413318,0.9993298282564987,0.09405996206912089,0.6268570726717154,0,
22001,TRAIN_CONFOUNDED,NORMAL,RANDOM,False,0.6708987292146585,0.5305094511951751,0.9315425192525584,0.14633519109716042,0.0036073771854147063,0,
22001,OOD_WEAK_CONFOUNDER,NORMAL,EXACT_CF_SHAPLEY,True,8.164042358815848e-17,1.0,2.721347452938616e-17,2.721347452938616e-17,2.721347452938616e-17,10368,2.220446049250313e-16
22001,OOD_WEAK_CONFOUNDER,NORMAL,OBS_ASSOC,True,0.48560731585171474,0.9543811286228489,0.28332153657091136,0.04866035757080285,0.5689921524418693,0,
22001,OOD_WEAK_CONFOUNDER,NORMAL,RECENCY,False,0.9,0.25,0.5,0.75,1.0,0,
22001,OOD_WEAK_CONFOUNDER,NORMAL,UNIFORM,False,0.75,1.0,1.0,1.0,1.0,0,
22001,OOD_WEAK_CONFOUNDER,NORMAL,MC_CF_SHAPLEY_4,True,0.503731343283582,1.0390625,0.33203125,0.35546875,0.3671875,2560,
22001,OOD_WEAK_CONFOUNDER,NORMAL,MC_CF_SHAPLEY_16,True,0.33780332056194123,1.0126953125,0.1630859375,0.169921875,0.18359375,10240,
22001,OOD_WEAK_CONFOUNDER,NORMAL,MC_CF_SHAPLEY_64,True,0.2169110645591316,1.00390625,0.099853515625,0.087158203125,0.091064453125,40960,
22001,OOD_WEAK_CONFOUNDER,NORMAL,TD_ELIGIBILITY_PROXY,False,0.6170304063223285,0.5216347395779558,0.19335553545500284,0.04153630156027817,0.6055521580882233,0,
22001,OOD_WEAK_CONFOUNDER,NORMAL,RANDOM,False,0.9218102317028951,0.14282233208420692,0.6375814946087536,0.42269548037883387,0.6235122201744787,0,
22001,OOD_SIGN_INVERSION,NORMAL,EXACT_CF_SHAPLEY,True,2.5093859282176995e-16,1.0,8.364619760725667e-17,8.364619760725667e-17,8.364619760725667e-17,10368,2.220446049250313e-16
22001,OOD_SIGN_INVERSION,NORMAL,OBS_ASSOC,False,0.6555426451720963,0.5528359103327056,0.6035391533056677,0.047367643629746936,0.4012046180950183,0,
22001,OOD_SIGN_INVERSION,NORMAL,RECENCY,False,0.9,0.25,0.5,0.75,1.0,0,
22001,OOD_SIGN_INVERSION,NORMAL,UNIFORM,False,0.75,1.0,1.0,1.0,1.0,0,
22001,OOD_SIGN_INVERSION,NORMAL,MC_CF_SHAPLEY_4,True,0.5037174721189591,1.04296875,0.31640625,0.3515625,0.390625,2560,
22001,OOD_SIGN_INVERSION,NORMAL,MC_CF_SHAPLEY_16,True,0.3670115642118077,1.015625,0.2080078125,0.1845703125,0.1962890625,10240,
22001,OOD_SIGN_INVERSION,NORMAL,MC_CF_SHAPLEY_64,True,0.2292104760084114,0.984375,0.1064453125,0.09326171875,0.093017578125,40960,
22001,OOD_SIGN_INVERSION,NORMAL,TD_ELIGIBILITY_PROXY,False,0.7442311780429985,0.5083202864763897,0.6909583400018825,0.06807727193120318,0.720064939623105,0,
22001,OOD_SIGN_INVERSION,NORMAL,RANDOM,False,0.7287462785035616,0.49284872862617624,0.06589796979201612,0.6794927885096386,0.5786894234194776,0,
22002,TRAIN_CONFOUNDED,NORMAL,EXACT_CF_SHAPLEY,True,3.1571967262777884e-16,0.9999999999999999,1.0523989087592629e-16,1.0523989087592629e-16,1.0523989087592629e-16,10368,2.220446049250313e-16
22002,TRAIN_CONFOUNDED,NORMAL,OBS_ASSOC,False,0.6701198628216247,0.5676522287955329,0.7583649272853086,0.10052175515272278,0.29424438190720337,0,
22002,TRAIN_CONFOUNDED,NORMAL,RECENCY,False,0.9,0.25,0.5,0.75,1.0,0,
22002,TRAIN_CONFOUNDED,NORMAL,UNIFORM,False,0.75,1.0,1.0,1.0,1.0,0,
22002,TRAIN_CONFOUNDED,NORMAL,MC_CF_SHAPLEY_4,True,0.532258064516129,1.01953125,0.41015625,0.359375,0.390625,2560,
22002,TRAIN_CONFOUNDED,NORMAL,MC_CF_SHAPLEY_16,True,0.3796825396825397,0.9541015625,0.181640625,0.19921875,0.203125,10240,
22002,TRAIN_CONFOUNDED,NORMAL,MC_CF_SHAPLEY_64,True,0.22175492257694512,0.993896484375,0.0947265625,0.09228515625,0.09619140625,40960,
22002,TRAIN_CONFOUNDED,NORMAL,TD_ELIGIBILITY_PROXY,False,0.7473041951054108,0.6843678624265866,1.1421680796049034,0.18861774698350958,0.6931139164249375,0,
22002,TRAIN_CONFOUNDED,NORMAL,RANDOM,False,0.7456238738562585,0.5010126021105777,0.9012900378917639,0.522606092671332,0.04466525882373751,0,
22002,OOD_WEAK_CONFOUNDER,NORMAL,EXACT_CF_SHAPLEY,True,8.164042358815848e-17,1.0,2.721347452938616e-17,2.721347452938616e-17,2.721347452938616e-17,10368,2.220446049250313e-16
22002,OOD_WEAK_CONFOUNDER,NORMAL,OBS_ASSOC,True,0.43703510757510683,0.9533130841897933,0.11804307017056535,0.1267020011390684,0.49532112448289894,0,
22002,OOD_WEAK_CONFOUNDER,NORMAL,RECENCY,False,0.9,0.25,0.5,0.75,1.0,0,
22002,OOD_WEAK_CONFOUNDER,NORMAL,UNIFORM,False,0.75,1.0,1.0,1.0,1.0,0,
22002,OOD_WEAK_CONFOUNDER,NORMAL,MC_CF_SHAPLEY_4,True,0.5284090909090909,0.97265625,0.37890625,0.33203125,0.37890625,2560,
22002,OOD_WEAK_CONFOUNDER,NORMAL,MC_CF_SHAPLEY_16,True,0.3638071383844709,0.9921875,0.201171875,0.1865234375,0.1796875,10240,
22002,OOD_WEAK_CONFOUNDER,NORMAL,MC_CF_SHAPLEY_64,True,0.22970445192667416,1.00537109375,0.100341796875,0.096435546875,0.10302734375,40960,
22002,OOD_WEAK_CONFOUNDER,NORMAL,TD_ELIGIBILITY_PROXY,False,0.5777125540697511,0.5095611154391465,0.07699734077403038,0.10585792252023435,0.5142524918427532,0,
22002,OOD_WEAK_CONFOUNDER,NORMAL,RANDOM,False,0.9674186750430809,0.06442245091574594,0.9355404853379995,0.2833889956814515,0.693929562937375,0,
22002,OOD_SIGN_INVERSION,NORMAL,EXACT_CF_SHAPLEY,True,2.7912784930639307e-16,0.9999999999999999,9.304261643546437e-17,9.304261643546437e-17,9.304261643546437e-17,10368,2.220446049250313e-16
22002,OOD_SIGN_INVERSION,NORMAL,OBS_ASSOC,False,0.6672865310748666,0.5627490131684184,0.6912665441220891,0.13302380273258904,0.3043529812200741,0,
22002,OOD_SIGN_INVERSION,NORMAL,RECENCY,False,0.9,0.25,0.5,0.75,1.0,0,
22002,OOD_SIGN_INVERSION,NORMAL,UNIFORM,False,0.75,1.0,1.0,1.0,1.0,0,
22002,OOD_SIGN_INVERSION,NORMAL,MC_CF_SHAPLEY_4,True,0.5289719626168224,0.984375,0.390625,0.34375,0.37109375,2560,
22002,OOD_SIGN_INVERSION,NORMAL,MC_CF_SHAPLEY_16,True,0.35425730267246736,1.0146484375,0.1796875,0.1982421875,0.1787109375,10240,
22002,OOD_SIGN_INVERSION,NORMAL,MC_CF_SHAPLEY_64,True,0.23735119047619047,1.0009765625,0.1162109375,0.09228515625,0.10302734375,40960,
22002,OOD_SIGN_INVERSION,NORMAL,TD_ELIGIBILITY_PROXY,False,0.7481042766935069,0.5225995757076749,0.8048951026046904,0.19351781724903366,0.553653834012621,0,
22002,OOD_SIGN_INVERSION,NORMAL,RANDOM,False,0.5925935935030757,0.578829967746085,0.0005431797055192034,0.1751053686342311,0.6662894407147039,0,
22003,TRAIN_CONFOUNDED,NORMAL,EXACT_CF_SHAPLEY,True,3.0693763503064626e-16,1.0,1.0231254501021543e-16,1.0231254501021543e-16,1.0231254501021543e-16,10368,2.220446049250313e-16
22003,TRAIN_CONFOUNDED,NORMAL,OBS_ASSOC,False,0.6523969110288546,0.5566392695720606,0.7156357406558055,0.03269299909955504,0.29639655627420186,0,
22003,TRAIN_CONFOUNDED,NORMAL,RECENCY,False,0.9,0.25,0.5,0.75,1.0,0,
22003,TRAIN_CONFOUNDED,NORMAL,UNIFORM,False,0.75,1.0,1.0,1.0,1.0,0,
22003,TRAIN_CONFOUNDED,NORMAL,MC_CF_SHAPLEY_4,True,0.5114068441064639,1.00390625,0.39453125,0.3046875,0.3515625,2560,
22003,TRAIN_CONFOUNDED,NORMAL,MC_CF_SHAPLEY_16,True,0.374375,0.9775390625,0.1806640625,0.1806640625,0.2236328125,10240,
22003,TRAIN_CONFOUNDED,NORMAL,MC_CF_SHAPLEY_64,True,0.2314523589269195,1.01416015625,0.09228515625,0.1103515625,0.102783203125,40960,
22003,TRAIN_CONFOUNDED,NORMAL,TD_ELIGIBILITY_PROXY,False,0.7319047161472955,0.6788466846482754,1.0862654306812907,0.06229779113445236,0.7046998527708492,0,
22003,TRAIN_CONFOUNDED,NORMAL,RANDOM,True,0.4144624354282584,0.8871535613213412,0.20324067623818332,0.3216702239664505,0.10304509761938829,0,
22003,OOD_WEAK_CONFOUNDER,NORMAL,EXACT_CF_SHAPLEY,True,7.990570011218168e-17,1.0,2.6635233370727225e-17,2.6635233370727225e-17,2.6635233370727225e-17,10368,2.220446049250313e-16
22003,OOD_WEAK_CONFOUNDER,NORMAL,OBS_ASSOC,True,0.49258191248493893,0.9572030949867169,0.2793074255365375,0.028692676885816792,0.621215750867591,0,
22003,OOD_WEAK_CONFOUNDER,NORMAL,RECENCY,False,0.9,0.25,0.5,0.75,1.0,0,
22003,OOD_WEAK_CONFOUNDER,NORMAL,UNIFORM,False,0.75,1.0,1.0,1.0,1.0,0,
22003,OOD_WEAK_CONFOUNDER,NORMAL,MC_CF_SHAPLEY_4,True,0.49615384615384617,1.0234375,0.30859375,0.36328125,0.3359375,2560,
22003,OOD_WEAK_CONFOUNDER,NORMAL,MC_CF_SHAPLEY_16,True,0.35509456985967053,1.0322265625,0.1826171875,0.189453125,0.1962890625,10240,
22003,OOD_WEAK_CONFOUNDER,NORMAL,MC_CF_SHAPLEY_64,True,0.23151244890375325,1.009765625,0.10791015625,0.10498046875,0.09130859375,40960,
22003,OOD_WEAK_CONFOUNDER,NORMAL,TD_ELIGIBILITY_PROXY,False,0.6268695668370864,0.5186832572924265,0.18902462834804062,0.024272638716252307,0.6581051164625128,0,
22003,OOD_WEAK_CONFOUNDER,NORMAL,RANDOM,False,0.8711425467567356,0.30758994385405647,0.9776851808082079,0.491308595009614,0.6104721790146392,0,
22003,OOD_SIGN_INVERSION,NORMAL,EXACT_CF_SHAPLEY,True,3.085639382893745e-16,0.9999999999999999,1.0285464609645818e-16,1.0285464609645818e-16,1.0285464609645818e-16,10368,2.220446049250313e-16
22003,OOD_SIGN_INVERSION,NORMAL,OBS_ASSOC,False,0.700794974946167,0.47879011624159046,0.7311779843441836,0.0629083350768872,0.32733103463449215,0,
22003,OOD_SIGN_INVERSION,NORMAL,RECENCY,False,0.9,0.25,0.5,0.75,1.0,0,
22003,OOD_SIGN_INVERSION,NORMAL,UNIFORM,False,0.75,1.0,1.0,1.0,1.0,0,
22003,OOD_SIGN_INVERSION,NORMAL,MC_CF_SHAPLEY_4,True,0.5,1.01953125,0.3359375,0.36328125,0.3203125,2560,
22003,OOD_SIGN_INVERSION,NORMAL,MC_CF_SHAPLEY_16,True,0.3618059792556437,1.021484375,0.2001953125,0.1826171875,0.1962890625,10240,
22003,OOD_SIGN_INVERSION,NORMAL,MC_CF_SHAPLEY_64,True,0.23766568483063327,1.010986328125,0.10107421875,0.102783203125,0.111328125,40960,
22003,OOD_SIGN_INVERSION,NORMAL,TD_ELIGIBILITY_PROXY,False,0.774502869342008,0.42051981723903303,0.7968321694827388,0.0859933191440063,0.5615113156440926,0,
22003,OOD_SIGN_INVERSION,NORMAL,RANDOM,False,0.6920829461715207,0.9207914684641448,0.9921379439175675,0.08888455405557416,0.9885740520745371,0,
22004,TRAIN_CONFOUNDED,NORMAL,EXACT_CF_SHAPLEY,True,2.6823161747291375e-16,1.0,8.941053915763793e-17,8.941053915763793e-17,8.941053915763793e-17,10368,2.220446049250313e-16
22004,TRAIN_CONFOUNDED,NORMAL,OBS_ASSOC,False,0.6915906818044062,0.5110945043625746,0.7488245481582196,0.01654786883292838,0.38072848166726303,0,
22004,TRAIN_CONFOUNDED,NORMAL,RECENCY,False,0.9,0.25,0.5,0.75,1.0,0,
22004,TRAIN_CONFOUNDED,NORMAL,UNIFORM,False,0.75,1.0,1.0,1.0,1.0,0,
22004,TRAIN_CONFOUNDED,NORMAL,MC_CF_SHAPLEY_4,True,0.525089605734767,1.03515625,0.41015625,0.375,0.359375,2560,
22004,TRAIN_CONFOUNDED,NORMAL,MC_CF_SHAPLEY_16,True,0.3786057692307692,1.009765625,0.236328125,0.1962890625,0.1826171875,10240,
22004,TRAIN_CONFOUNDED,NORMAL,MC_CF_SHAPLEY_64,True,0.22010463378176381,1.01904296875,0.099365234375,0.094970703125,0.09326171875,40960,
22004,TRAIN_CONFOUNDED,NORMAL,TD_ELIGIBILITY_PROXY,False,0.7680915187795964,0.5893718217091757,1.0598564664711756,0.029879115676672632,0.8622909038186769,0,
22004,TRAIN_CONFOUNDED,NORMAL,RANDOM,False,0.7064096149291206,0.8999826631349447,0.905287925728249,0.7385844376047229,0.5215814077588656,0,
22004,OOD_WEAK_CONFOUNDER,NORMAL,EXACT_CF_SHAPLEY,True,7.535205098774256e-17,1.0,2.5117350329247518e-17,2.5117350329247518e-17,2.5117350329247518e-17,10368,2.220446049250313e-16
22004,OOD_WEAK_CONFOUNDER,NORMAL,OBS_ASSOC,True,0.48703188611844306,0.9566425158758685,0.24004317613169857,0.11224098097534302,0.555989468952483,0,
22004,OOD_WEAK_CONFOUNDER,NORMAL,RECENCY,False,0.9,0.25,0.5,0.75,1.0,0,
22004,OOD_WEAK_CONFOUNDER,NORMAL,UNIFORM,False,0.75,1.0,1.0,1.0,1.0,0,
22004,OOD_WEAK_CONFOUNDER,NORMAL,MC_CF_SHAPLEY_4,True,0.48698884758364314,1.078125,0.3203125,0.35546875,0.34765625,2560,
22004,OOD_WEAK_CONFOUNDER,NORMAL,MC_CF_SHAPLEY_16,True,0.36693800876643706,0.9873046875,0.1904296875,0.1943359375,0.1875,10240,
22004,OOD_WEAK_CONFOUNDER,NORMAL,MC_CF_SHAPLEY_64,True,0.228,0.989501953125,0.0986328125,0.09765625,0.095947265625,40960,
22004,OOD_WEAK_CONFOUNDER,NORMAL,TD_ELIGIBILITY_PROXY,False,0.6212061322757171,0.5211523846824777,0.164447698745022,0.09536306267196794,0.594857396649696,0,
22004,OOD_WEAK_CONFOUNDER,NORMAL,RANDOM,False,0.8131922005906796,0.20337632324589128,0.07309658399586505,0.4132725624067811,0.398947421595618,0,
22004,OOD_SIGN_INVERSION,NORMAL,EXACT_CF_SHAPLEY,True,2.8400675908257784e-16,1.0,9.466891969419262e-17,9.466891969419262e-17,9.466891969419262e-17,10368,2.220446049250313e-16
22004,OOD_SIGN_INVERSION,NORMAL,OBS_ASSOC,False,0.6637684736425516,0.5799421109630258,0.6833907885523226,0.09701888410680606,0.3644778813584228,0,
22004,OOD_SIGN_INVERSION,NORMAL,RECENCY,False,0.9,0.25,0.5,0.75,1.0,0,
22004,OOD_SIGN_INVERSION,NORMAL,UNIFORM,False,0.75,1.0,1.0,1.0,1.0,0,
22004,OOD_SIGN_INVERSION,NORMAL,MC_CF_SHAPLEY_4,True,0.533066132264529,0.91015625,0.359375,0.37109375,0.30859375,2560,
22004,OOD_SIGN_INVERSION,NORMAL,MC_CF_SHAPLEY_16,True,0.35498108448928123,0.9990234375,0.1767578125,0.181640625,0.19140625,10240,
22004,OOD_SIGN_INVERSION,NORMAL,MC_CF_SHAPLEY_64,True,0.23988919667590028,1.0048828125,0.10791015625,0.10498046875,0.104248046875,40960,
22004,OOD_SIGN_INVERSION,NORMAL,TD_ELIGIBILITY_PROXY,False,0.7470903479076694,0.553147948154327,0.8111829936695378,0.14457058585321864,0.6782350389905552,0,
22004,OOD_SIGN_INVERSION,NORMAL,RANDOM,False,0.6604899451655006,0.6891323255749342,0.17402312381588814,0.3178987807128649,0.8487305016353036,0,
22005,TRAIN_CONFOUNDED,NORMAL,EXACT_CF_SHAPLEY,True,3.079134169858832e-16,0.9999999999999999,1.0263780566196108e-16,1.0263780566196108e-16,1.0263780566196108e-16,10368,2.220446049250313e-16
22005,TRAIN_CONFOUNDED,NORMAL,OBS_ASSOC,False,0.7025330598193188,0.5334276259598018,0.756599063276068,0.09294617118888411,0.41026045026112723,0,
22005,TRAIN_CONFOUNDED,NORMAL,RECENCY,False,0.9,0.25,0.5,0.75,1.0,0,
22005,TRAIN_CONFOUNDED,NORMAL,UNIFORM,False,0.75,1.0,1.0,1.0,1.0,0,
22005,TRAIN_CONFOUNDED,NORMAL,MC_CF_SHAPLEY_4,True,0.5089463220675944,0.96484375,0.30859375,0.3359375,0.35546875,2560,
22005,TRAIN_CONFOUNDED,NORMAL,MC_CF_SHAPLEY_16,True,0.3468244084682441,1.0244140625,0.1728515625,0.1923828125,0.1787109375,10240,
22005,TRAIN_CONFOUNDED,NORMAL,MC_CF_SHAPLEY_64,True,0.22031710914454278,1.032470703125,0.1044921875,0.101318359375,0.0859375,40960,
22005,TRAIN_CONFOUNDED,NORMAL,TD_ELIGIBILITY_PROXY,False,0.7784299055742219,0.6332608421119129,1.1094326885293324,0.17291595292160258,0.9424515004931174,0,
22005,TRAIN_CONFOUNDED,NORMAL,RANDOM,False,0.8407503616808579,0.5257836501330233,0.9905361454588307,0.9112089317906038,0.8741029477823804,0,
22005,OOD_WEAK_CONFOUNDER,NORMAL,EXACT_CF_SHAPLEY,True,8.630249292984615e-17,1.0,2.876749764328205e-17,2.876749764328205e-17,2.876749764328205e-17,10368,2.220446049250313e-16
22005,OOD_WEAK_CONFOUNDER,NORMAL,OBS_ASSOC,True,0.4476580467189041,0.9637148609270084,0.2605549313929881,0.038723055031294605,0.4817865509946426,0,
22005,OOD_WEAK_CONFOUNDER,NORMAL,RECENCY,False,0.9,0.25,0.5,0.75,1.0,0,
22005,OOD_WEAK_CONFOUNDER,NORMAL,UNIFORM,False,0.75,1.0,1.0,1.0,1.0,0,
22005,OOD_WEAK_CONFOUNDER,NORMAL,MC_CF_SHAPLEY_4,True,0.5271317829457365,0.953125,0.36328125,0.3359375,0.36328125,2560,
22005,OOD_WEAK_CONFOUNDER,NORMAL,MC_CF_SHAPLEY_16,True,0.3627760252365931,0.986328125,0.19921875,0.1806640625,0.181640625,10240,
22005,OOD_WEAK_CONFOUNDER,NORMAL,MC_CF_SHAPLEY_64,True,0.249305941143809,0.990234375,0.109619140625,0.11865234375,0.1005859375,40960,
22005,OOD_WEAK_CONFOUNDER,NORMAL,TD_ELIGIBILITY_PROXY,True,0.5788238186538608,0.512169519037809,0.1730909983142091,0.031978169603433956,0.4988070955976878,0,
22005,OOD_WEAK_CONFOUNDER,NORMAL,RANDOM,True,0.653848962882859,0.9402843675709928,0.8203285258646316,0.27828287134781104,0.6775033406532784,0,
22005,OOD_SIGN_INVERSION,NORMAL,EXACT_CF_SHAPLEY,True,2.9165038439860064e-16,1.0,9.721679479953356e-17,9.721679479953356e-17,9.721679479953356e-17,10368,2.220446049250313e-16
22005,OOD_SIGN_INVERSION,NORMAL,OBS_ASSOC,False,0.7027287174182777,0.5007984118906168,0.6833682144922903,0.20129652398328055,0.2991880125087304,0,
22005,OOD_SIGN_INVERSION,NORMAL,RECENCY,False,0.9,0.25,0.5,0.75,1.0,0,
22005,OOD_SIGN_INVERSION,NORMAL,UNIFORM,False,0.75,1.0,1.0,1.0,1.0,0,
22005,OOD_SIGN_INVERSION,NORMAL,MC_CF_SHAPLEY_4,True,0.4816955684007707,1.05078125,0.2890625,0.28515625,0.40234375,2560,
22005,OOD_SIGN_INVERSION,NORMAL,MC_CF_SHAPLEY_16,True,0.3711598746081505,0.9794921875,0.20703125,0.1953125,0.17578125,10240,
22005,OOD_SIGN_INVERSION,NORMAL,MC_CF_SHAPLEY_64,True,0.2462238398544131,1.01123046875,0.11376953125,0.113525390625,0.10302734375,40960,
22005,OOD_SIGN_INVERSION,NORMAL,TD_ELIGIBILITY_PROXY,False,0.7774891329998133,0.4519428807708744,0.7693671276720858,0.28244974788580235,0.5273450021210577,0,
22005,OOD_SIGN_INVERSION,NORMAL,RANDOM,False,0.6617146871071319,0.5549231534730956,0.18262391830696223,0.5736023316814242,0.32925037839022,0,
22006,TRAIN_CONFOUNDED,NORMAL,EXACT_CF_SHAPLEY,True,3.123586458930738e-16,0.9999999999999999,1.0411954863102461e-16,1.0411954863102461e-16,1.0411954863102461e-16,10368,2.220446049250313e-16
22006,TRAIN_CONFOUNDED,NORMAL,OBS_ASSOC,False,0.7477134693306445,0.3400529341906195,0.7032877535065001,0.09545410501422312,0.20908903322421507,0,
22006,TRAIN_CONFOUNDED,NORMAL,RECENCY,False,0.9,0.25,0.5,0.75,1.0,0,
22006,TRAIN_CONFOUNDED,NORMAL,UNIFORM,False,0.75,1.0,1.0,1.0,1.0,0,
22006,TRAIN_CONFOUNDED,NORMAL,MC_CF_SHAPLEY_4,True,0.5230769230769231,0.96875,0.34765625,0.36328125,0.3515625,2560,
22006,TRAIN_CONFOUNDED,NORMAL,MC_CF_SHAPLEY_16,True,0.35301429459291483,1.0166015625,0.1962890625,0.1884765625,0.169921875,10240,
22006,TRAIN_CONFOUNDED,NORMAL,MC_CF_SHAPLEY_64,True,0.23029162746942616,0.998779296875,0.09814453125,0.104736328125,0.095947265625,40960,
22006,TRAIN_CONFOUNDED,NORMAL,TD_ELIGIBILITY_PROXY,False,0.8088668397882453,0.3652575288227183,0.9442689691403616,0.16067608268227201,0.4408081953919028,0,
22006,TRAIN_CONFOUNDED,NORMAL,RANDOM,False,0.748931110278424,0.47883773946231334,0.5778170933892001,0.480107050563342,0.37043474295061174,0,
22006,OOD_WEAK_CONFOUNDER,NORMAL,EXACT_CF_SHAPLEY,True,7.632783294297951e-17,1.0,2.544261098099317e-17,2.544261098099317e-17,2.544261098099317e-17,10368,2.220446049250313e-16
22006,OOD_WEAK_CONFOUNDER,NORMAL,OBS_ASSOC,True,0.4566615165547851,0.9483452114306603,0.16477902669363192,0.046459925072545746,0.5858199271178551,0,
22006,OOD_WEAK_CONFOUNDER,NORMAL,RECENCY,False,0.9,0.25,0.5,0.75,1.0,0,
22006,OOD_WEAK_CONFOUNDER,NORMAL,UNIFORM,False,0.75,1.0,1.0,1.0,1.0,0,
22006,OOD_WEAK_CONFOUNDER,NORMAL,MC_CF_SHAPLEY_4,True,0.5109489051094891,1.046875,0.375,0.390625,0.328125,2560,
22006,OOD_WEAK_CONFOUNDER,NORMAL,MC_CF_SHAPLEY_16,True,0.35864978902953587,1.0390625,0.1865234375,0.1953125,0.19921875,10240,
22006,OOD_WEAK_CONFOUNDER,NORMAL,MC_CF_SHAPLEY_64,True,0.215701366172792,0.9951171875,0.086181640625,0.087646484375,0.099853515625,40960,
22006,OOD_WEAK_CONFOUNDER,NORMAL,TD_ELIGIBILITY_PROXY,False,0.5950446857595639,0.49561365580293826,0.10504952796048896,0.03764511674025375,0.5855641574551624,0,
22006,OOD_WEAK_CONFOUNDER,NORMAL,RANDOM,False,0.8492007425987778,0.3572288684710445,0.8593339231921022,0.5494374472224252,0.6029031272668745,0,
22006,OOD_SIGN_INVERSION,NORMAL,EXACT_CF_SHAPLEY,True,2.9289721689695897e-16,1.0,9.763240563231967e-17,9.763240563231967e-17,9.763240563231967e-17,10368,2.220446049250313e-16
22006,OOD_SIGN_INVERSION,NORMAL,OBS_ASSOC,False,0.694255831612934,0.5841062721414279,0.7219970999312854,0.15856151403130778,0.4457763668652298,0,
22006,OOD_SIGN_INVERSION,NORMAL,RECENCY,False,0.9,0.25,0.5,0.75,1.0,0,
22006,OOD_SIGN_INVERSION,NORMAL,UNIFORM,False,0.75,1.0,1.0,1.0,1.0,0,
22006,OOD_SIGN_INVERSION,NORMAL,MC_CF_SHAPLEY_4,True,0.5233463035019456,0.95703125,0.359375,0.31640625,0.375,2560,
22006,OOD_SIGN_INVERSION,NORMAL,MC_CF_SHAPLEY_16,True,0.3839611178614824,0.990234375,0.2138671875,0.1875,0.2158203125,10240,
22006,OOD_SIGN_INVERSION,NORMAL,MC_CF_SHAPLEY_64,True,0.22746133534515278,1.0,0.097900390625,0.102783203125,0.09375,40960,
22006,OOD_SIGN_INVERSION,NORMAL,TD_ELIGIBILITY_PROXY,False,0.7753811441110015,0.5608981564596563,0.866637762756772,0.235659480088452,0.8339153362997888,0,
22006,OOD_SIGN_INVERSION,NORMAL,RANDOM,True,0.6554751481253056,0.6820352801555056,0.6013296582760781,0.17143305911353302,0.5248422996476256,0,
22007,TRAIN_CONFOUNDED,NORMAL,EXACT_CF_SHAPLEY,True,2.438370685919899e-16,1.0,8.127902286399664e-17,8.127902286399664e-17,8.127902286399664e-17,10368,2.220446049250313e-16
22007,TRAIN_CONFOUNDED,NORMAL,OBS_ASSOC,False,0.7284963684253549,0.4213703916043719,0.7615436779596148,0.07247120360852728,0.2966027763446933,0,
22007,TRAIN_CONFOUNDED,NORMAL,RECENCY,False,0.9,0.25,0.5,0.75,1.0,0,
22007,TRAIN_CONFOUNDED,NORMAL,UNIFORM,False,0.75,1.0,1.0,1.0,1.0,0,
22007,TRAIN_CONFOUNDED,NORMAL,MC_CF_SHAPLEY_4,True,0.5298969072164949,0.890625,0.34765625,0.3671875,0.2890625,2560,
22007,TRAIN_CONFOUNDED,NORMAL,MC_CF_SHAPLEY_16,True,0.35151890886546805,1.021484375,0.173828125,0.189453125,0.1904296875,10240,
22007,TRAIN_CONFOUNDED,NORMAL,MC_CF_SHAPLEY_64,True,0.23427702831084932,0.98388671875,0.09521484375,0.109375,0.096435546875,40960,
22007,TRAIN_CONFOUNDED,NORMAL,TD_ELIGIBILITY_PROXY,False,0.7947655789819233,0.4744319613081916,1.059155389040964,0.12749566634033135,0.6505758120525231,0,
22007,TRAIN_CONFOUNDED,NORMAL,RANDOM,True,0.6455260311551451,0.8968097421690193,0.17566438017179375,0.684369521551661,0.7731298407374575,0,
22007,OOD_WEAK_CONFOUNDER,NORMAL,EXACT_CF_SHAPLEY,True,9.248244531301353e-17,1.0,3.082748177100451e-17,3.082748177100451e-17,3.082748177100451e-17,10368,2.220446049250313e-16
22007,OOD_WEAK_CONFOUNDER,NORMAL,OBS_ASSOC,True,0.5105280306768042,0.9556489101406492,0.2582093087935158,0.04545538194171406,0.6930942386619948,0,
22007,OOD_WEAK_CONFOUNDER,NORMAL,RECENCY,False,0.9,0.25,0.5,0.75,1.0,0,
22007,OOD_WEAK_CONFOUNDER,NORMAL,UNIFORM,False,0.75,1.0,1.0,1.0,1.0,0,
22007,OOD_WEAK_CONFOUNDER,NORMAL,MC_CF_SHAPLEY_4,True,0.5295202952029521,0.99609375,0.35546875,0.40234375,0.36328125,2560,
22007,OOD_WEAK_CONFOUNDER,NORMAL,MC_CF_SHAPLEY_16,True,0.36689314391599753,1.0009765625,0.171875,0.22265625,0.185546875,10240,
22007,OOD_WEAK_CONFOUNDER,NORMAL,MC_CF_SHAPLEY_64,True,0.24379859311366162,0.997314453125,0.1162109375,0.09521484375,0.110107421875,40960,
22007,OOD_WEAK_CONFOUNDER,NORMAL,TD_ELIGIBILITY_PROXY,False,0.6461296294605985,0.5110717711429764,0.17097806394702142,0.03788537589746431,0.7242992140760266,0,
22007,OOD_WEAK_CONFOUNDER,NORMAL,RANDOM,False,0.6711539289636622,0.5485480056378499,0.26452585147849916,0.8460981413434688,0.008927620030788508,0,
22007,OOD_SIGN_INVERSION,NORMAL,EXACT_CF_SHAPLEY,True,2.8042889191337567e-16,0.9999999999999999,9.347629730445857e-17,9.347629730445857e-17,9.347629730445857e-17,10368,2.220446049250313e-16
22007,OOD_SIGN_INVERSION,NORMAL,OBS_ASSOC,False,0.6662256443384876,0.5160983875653092,0.6369093290452685,0.061094704139433235,0.33214695045301673,0,
22007,OOD_SIGN_INVERSION,NORMAL,RECENCY,False,0.9,0.25,0.5,0.75,1.0,0,
22007,OOD_SIGN_INVERSION,NORMAL,UNIFORM,False,0.75,1.0,1.0,1.0,1.0,0,
22007,OOD_SIGN_INVERSION,NORMAL,MC_CF_SHAPLEY_4,True,0.4828897338403042,1.0625,0.3359375,0.34375,0.3125,2560,
22007,OOD_SIGN_INVERSION,NORMAL,MC_CF_SHAPLEY_16,True,0.35353535353535354,1.0,0.166015625,0.19140625,0.189453125,10240,
22007,OOD_SIGN_INVERSION,NORMAL,MC_CF_SHAPLEY_64,True,0.2227331248850469,1.03173828125,0.09619140625,0.0927734375,0.106689453125,40960,
22007,OOD_SIGN_INVERSION,NORMAL,TD_ELIGIBILITY_PROXY,False,0.7495324410991311,0.4604760237195196,0.7124240056811203,0.08526634405462995,0.5802993573572727,0,
22007,OOD_SIGN_INVERSION,NORMAL,RANDOM,False,0.7777845434464785,0.5401650766627148,0.20752428334776196,0.8481265210262056,0.8350009714022653,0,
22008,TRAIN_CONFOUNDED,NORMAL,EXACT_CF_SHAPLEY,True,2.827599265842195e-16,1.0,9.425330886140652e-17,9.425330886140652e-17,9.425330886140652e-17,10368,2.220446049250313e-16
22008,TRAIN_CONFOUNDED,NORMAL,OBS_ASSOC,False,0.7374098958217022,0.39945176402722354,0.7796822813987732,0.09541436682541361,0.24665043595803016,0,
22008,TRAIN_CONFOUNDED,NORMAL,RECENCY,False,0.9,0.25,0.5,0.75,1.0,0,
22008,TRAIN_CONFOUNDED,NORMAL,UNIFORM,False,0.75,1.0,1.0,1.0,1.0,0,
22008,TRAIN_CONFOUNDED,NORMAL,MC_CF_SHAPLEY_4,True,0.5059288537549407,0.9765625,0.375,0.33203125,0.29296875,2560,
22008,TRAIN_CONFOUNDED,NORMAL,MC_CF_SHAPLEY_16,True,0.37135771853688776,0.990234375,0.1904296875,0.19921875,0.1953125,10240,
22008,TRAIN_CONFOUNDED,NORMAL,MC_CF_SHAPLEY_64,True,0.21956684092606424,1.0205078125,0.08544921875,0.095458984375,0.106201171875,40960,
22008,TRAIN_CONFOUNDED,NORMAL,TD_ELIGIBILITY_PROXY,False,0.8006672879535786,0.4453750170670832,1.0867814260162085,0.16524752228473175,0.5369258267403696,0,
22008,TRAIN_CONFOUNDED,NORMAL,RANDOM,False,0.7868181896659383,0.45335049470328315,0.8533499951325141,0.30561573625044247,0.5142746589093915,0,
22008,OOD_WEAK_CONFOUNDER,NORMAL,EXACT_CF_SHAPLEY,True,1.0755285551056204e-16,1.0,3.5850951836854015e-17,3.5850951836854015e-17,3.5850951836854015e-17,10368,2.220446049250313e-16
22008,OOD_WEAK_CONFOUNDER,NORMAL,OBS_ASSOC,True,0.4801568994071825,0.9483836177462991,0.2886455525007864,0.043261240985101285,0.5440747032894515,0,
22008,OOD_WEAK_CONFOUNDER,NORMAL,RECENCY,False,0.9,0.25,0.5,0.75,1.0,0,
22008,OOD_WEAK_CONFOUNDER,NORMAL,UNIFORM,False,0.75,1.0,1.0,1.0,1.0,0,
22008,OOD_WEAK_CONFOUNDER,NORMAL,MC_CF_SHAPLEY_4,True,0.5175600739371534,1.01953125,0.3203125,0.40625,0.3671875,2560,
22008,OOD_WEAK_CONFOUNDER,NORMAL,MC_CF_SHAPLEY_16,True,0.36589805825242716,1.0205078125,0.2060546875,0.2021484375,0.1806640625,10240,
22008,OOD_WEAK_CONFOUNDER,NORMAL,MC_CF_SHAPLEY_64,True,0.2264257481648786,1.00341796875,0.09765625,0.091064453125,0.10498046875,40960,
22008,OOD_WEAK_CONFOUNDER,NORMAL,TD_ELIGIBILITY_PROXY,False,0.610860855674896,0.5065994125646678,0.193110289130294,0.03589465785352919,0.5662420878020543,0,
22008,OOD_WEAK_CONFOUNDER,NORMAL,RANDOM,False,0.7497527019305341,0.41253368506123667,0.022423637871529456,0.6583266402621376,0.5552200895710211,0,
22008,OOD_SIGN_INVERSION,NORMAL,EXACT_CF_SHAPLEY,True,2.753873518113181e-16,1.0,9.179578393710604e-17,9.179578393710604e-17,9.179578393710604e-17,10368,2.220446049250313e-16
22008,OOD_SIGN_INVERSION,NORMAL,OBS_ASSOC,False,0.6942199210907217,0.5259877556433673,0.7725772816910891,0.049017830489218615,0.37256763223366246,0,
22008,OOD_SIGN_INVERSION,NORMAL,RECENCY,False,0.9,0.25,0.5,0.75,1.0,0,
22008,OOD_SIGN_INVERSION,NORMAL,UNIFORM,False,0.75,1.0,1.0,1.0,1.0,0,
22008,OOD_SIGN_INVERSION,NORMAL,MC_CF_SHAPLEY_4,True,0.5533453887884268,0.96484375,0.3828125,0.41796875,0.39453125,2560,
22008,OOD_SIGN_INVERSION,NORMAL,MC_CF_SHAPLEY_16,True,0.37507562008469447,1.0087890625,0.19921875,0.1865234375,0.2197265625,10240,
22008,OOD_SIGN_INVERSION,NORMAL,MC_CF_SHAPLEY_64,True,0.2378935739274535,1.010498046875,0.104248046875,0.109130859375,0.10205078125,40960,
22008,OOD_SIGN_INVERSION,NORMAL,TD_ELIGIBILITY_PROXY,False,0.7703667864436023,0.4814215782088096,0.8804345327858946,0.06958513572837065,0.6650393570750032,0,
22008,OOD_SIGN_INVERSION,NORMAL,RANDOM,False,0.7362544064291374,0.8052273387170383,0.9476161259695299,0.8614217546114171,0.4387804366124394,0,
22009,TRAIN_CONFOUNDED,NORMAL,EXACT_CF_SHAPLEY,True,3.0086610286472743e-16,1.0,1.0028870095490916e-16,1.0028870095490916e-16,1.0028870095490916e-16,10368,2.220446049250313e-16
22009,TRAIN_CONFOUNDED,NORMAL,OBS_ASSOC,False,0.6609465308272658,0.5734095624303231,0.7424924702794249,0.07299391331259851,0.3023109418747178,0,
22009,TRAIN_CONFOUNDED,NORMAL,RECENCY,False,0.9,0.25,0.5,0.75,1.0,0,
22009,TRAIN_CONFOUNDED,NORMAL,UNIFORM,False,0.75,1.0,1.0,1.0,1.0,0,
22009,TRAIN_CONFOUNDED,NORMAL,MC_CF_SHAPLEY_4,True,0.5237154150197628,0.94140625,0.328125,0.33984375,0.3671875,2560,
22009,TRAIN_CONFOUNDED,NORMAL,MC_CF_SHAPLEY_16,True,0.3683241252302026,1.0048828125,0.22265625,0.185546875,0.177734375,10240,
22009,TRAIN_CONFOUNDED,NORMAL,MC_CF_SHAPLEY_64,True,0.22625959917587563,1.008544921875,0.10205078125,0.10205078125,0.0908203125,40960,
22009,TRAIN_CONFOUNDED,NORMAL,TD_ELIGIBILITY_PROXY,False,0.7433451505563311,0.6967619379797108,1.1512215639837902,0.13980041154521858,0.7269979793330806,0,
22009,TRAIN_CONFOUNDED,NORMAL,RANDOM,False,0.8279798833937556,0.4599847828879321,0.8989591855495005,0.6927879126174942,0.6222855069279052,0,
22009,OOD_WEAK_CONFOUNDER,NORMAL,EXACT_CF_SHAPLEY,True,7.600257229123386e-17,1.0,2.533419076374462e-17,2.533419076374462e-17,2.533419076374462e-17,10368,2.220446049250313e-16
22009,OOD_WEAK_CONFOUNDER,NORMAL,OBS_ASSOC,True,0.41975233469355494,0.942847276105947,0.13117188511247047,0.04302630398319225,0.5078594374454399,0,
22009,OOD_WEAK_CONFOUNDER,NORMAL,RECENCY,False,0.9,0.25,0.5,0.75,1.0,0,
22009,OOD_WEAK_CONFOUNDER,NORMAL,UNIFORM,False,0.75,1.0,1.0,1.0,1.0,0,
22009,OOD_WEAK_CONFOUNDER,NORMAL,MC_CF_SHAPLEY_4,True,0.5319148936170213,0.9453125,0.38671875,0.33203125,0.35546875,2560,
22009,OOD_WEAK_CONFOUNDER,NORMAL,MC_CF_SHAPLEY_16,True,0.37072243346007605,0.9697265625,0.1875,0.1923828125,0.19140625,10240,
22009,OOD_WEAK_CONFOUNDER,NORMAL,MC_CF_SHAPLEY_64,True,0.22846299810246679,0.99267578125,0.0927734375,0.10107421875,0.10009765625,40960,
22009,OOD_WEAK_CONFOUNDER,NORMAL,TD_ELIGIBILITY_PROXY,False,0.5661524103806226,0.4831101427115466,0.0844805607739304,0.034638580186343124,0.511318778529904,0,
22009,OOD_WEAK_CONFOUNDER,NORMAL,RANDOM,True,0.6642650350240061,0.8581906262872058,0.5589217250155195,0.7985619428480952,0.34048075615372286,0,
22009,OOD_SIGN_INVERSION,NORMAL,EXACT_CF_SHAPLEY,True,2.6996634094889055e-16,0.9999999999999999,8.998878031629687e-17,8.998878031629687e-17,8.998878031629687e-17,10368,2.220446049250313e-16
22009,OOD_SIGN_INVERSION,NORMAL,OBS_ASSOC,False,0.6709064139511152,0.6048609676769361,0.7317119210472797,0.06601759859498946,0.4353698781164424,0,
22009,OOD_SIGN_INVERSION,NORMAL,RECENCY,False,0.9,0.25,0.5,0.75,1.0,0,
22009,OOD_SIGN_INVERSION,NORMAL,UNIFORM,False,0.75,1.0,1.0,1.0,1.0,0,
22009,OOD_SIGN_INVERSION,NORMAL,MC_CF_SHAPLEY_4,True,0.5285171102661597,0.96875,0.36328125,0.34375,0.37890625,2560,
22009,OOD_SIGN_INVERSION,NORMAL,MC_CF_SHAPLEY_16,True,0.3904933814681107,0.9892578125,0.18359375,0.2294921875,0.220703125,10240,
22009,OOD_SIGN_INVERSION,NORMAL,MC_CF_SHAPLEY_64,True,0.22096371664426953,0.99072265625,0.096923828125,0.091552734375,0.092529296875,40960,
22009,OOD_SIGN_INVERSION,NORMAL,TD_ELIGIBILITY_PROXY,False,0.7552797661247916,0.5901692819823735,0.8928599568910108,0.09859693801137318,0.8299818566517003,0,
22009,OOD_SIGN_INVERSION,NORMAL,RANDOM,False,0.8931540210435694,0.2900107611945715,0.9853273683805646,0.6953559836217471,0.7435939117444332,0,
22010,TRAIN_CONFOUNDED,NORMAL,EXACT_CF_SHAPLEY,True,2.9728823569552527e-16,0.9999999999999999,9.90960785651751e-17,9.90960785651751e-17,9.90960785651751e-17,10368,2.220446049250313e-16
22010,TRAIN_CONFOUNDED,NORMAL,OBS_ASSOC,False,0.6936170419554663,0.475381191800111,0.777922136705661,0.07397916467197789,0.22430900144778668,0,
22010,TRAIN_CONFOUNDED,NORMAL,RECENCY,False,0.9,0.25,0.5,0.75,1.0,0,
22010,TRAIN_CONFOUNDED,NORMAL,UNIFORM,False,0.75,1.0,1.0,1.0,1.0,0,
22010,TRAIN_CONFOUNDED,NORMAL,MC_CF_SHAPLEY_4,True,0.5442043222003929,0.90625,0.36328125,0.3515625,0.3671875,2560,
22010,TRAIN_CONFOUNDED,NORMAL,MC_CF_SHAPLEY_16,True,0.36235595390524966,0.97265625,0.1806640625,0.1796875,0.1923828125,10240,
22010,TRAIN_CONFOUNDED,NORMAL,MC_CF_SHAPLEY_64,True,0.23760905884536848,1.002685546875,0.099365234375,0.10693359375,0.106201171875,40960,
22010,TRAIN_CONFOUNDED,NORMAL,TD_ELIGIBILITY_PROXY,False,0.7625263557581395,0.555321245534128,1.136338124231798,0.13483232152904115,0.5119625287807071,0,
22010,TRAIN_CONFOUNDED,NORMAL,RANDOM,True,0.6119038430087588,0.9528044926457901,0.20100223324162614,0.5625721307835946,0.7386943912387678,0,
22010,OOD_WEAK_CONFOUNDER,NORMAL,EXACT_CF_SHAPLEY,True,8.792879618857441e-17,1.0,2.93095987295248e-17,2.93095987295248e-17,2.93095987295248e-17,10368,2.220446049250313e-16
22010,OOD_WEAK_CONFOUNDER,NORMAL,OBS_ASSOC,True,0.5139907605772667,0.9498539093426185,0.15014697613055827,0.22314879195300258,0.6312450794941323,0,
22010,OOD_WEAK_CONFOUNDER,NORMAL,RECENCY,False,0.9,0.25,0.5,0.75,1.0,0,
22010,OOD_WEAK_CONFOUNDER,NORMAL,UNIFORM,False,0.75,1.0,1.0,1.0,1.0,0,
22010,OOD_WEAK_CONFOUNDER,NORMAL,MC_CF_SHAPLEY_4,True,0.5190114068441065,0.98828125,0.3828125,0.28515625,0.3984375,2560,
22010,OOD_WEAK_CONFOUNDER,NORMAL,MC_CF_SHAPLEY_16,True,0.3679185232336092,0.9697265625,0.1650390625,0.21875,0.1806640625,10240,
22010,OOD_WEAK_CONFOUNDER,NORMAL,MC_CF_SHAPLEY_64,True,0.23494088947269656,0.995361328125,0.09765625,0.094970703125,0.113037109375,40960,
22010,OOD_WEAK_CONFOUNDER,NORMAL,TD_ELIGIBILITY_PROXY,False,0.6507860333378239,0.4969943818965151,0.09826226299659188,0.18243544947544807,0.6454880454375349,0,
22010,OOD_WEAK_CONFOUNDER,NORMAL,RANDOM,False,0.8982219279757917,0.17096590806951695,0.7127094818337898,0.47776192248737603,0.3183538712038737,0,
22010,OOD_SIGN_INVERSION,NORMAL,EXACT_CF_SHAPLEY,True,2.726768463801043e-16,1.0,9.089228212670146e-17,9.089228212670146e-17,9.089228212670146e-17,10368,2.220446049250313e-16
22010,OOD_SIGN_INVERSION,NORMAL,OBS_ASSOC,False,0.6481543353199396,0.5390206188130724,0.7479666087201715,0.012123369964988851,0.2328696794314647,0,
22010,OOD_SIGN_INVERSION,NORMAL,RECENCY,False,0.9,0.25,0.5,0.75,1.0,0,
22010,OOD_SIGN_INVERSION,NORMAL,UNIFORM,False,0.75,1.0,1.0,1.0,1.0,0,
22010,OOD_SIGN_INVERSION,NORMAL,MC_CF_SHAPLEY_4,True,0.5105973025048169,0.9921875,0.35546875,0.31640625,0.36328125,2560,
22010,OOD_SIGN_INVERSION,NORMAL,MC_CF_SHAPLEY_16,True,0.353904282115869,1.001953125,0.173828125,0.1767578125,0.1982421875,10240,
22010,OOD_SIGN_INVERSION,NORMAL,MC_CF_SHAPLEY_64,True,0.22585580416905718,0.98828125,0.100341796875,0.096435546875,0.091552734375,40960,
22010,OOD_SIGN_INVERSION,NORMAL,TD_ELIGIBILITY_PROXY,False,0.7243749498497566,0.4942553664460217,0.862379827697677,0.017474420068238093,0.41910680852105736,0,
22010,OOD_SIGN_INVERSION,NORMAL,RANDOM,False,0.8809212719220313,0.23333850861340633,0.6649179693727574,0.762362995646618,0.2989119420926545,0,
22011,TRAIN_CONFOUNDED,NORMAL,EXACT_CF_SHAPLEY,True,3.087807787238716e-16,1.0,1.0292692624129056e-16,1.0292692624129056e-16,1.0292692624129056e-16,10368,2.220446049250313e-16
22011,TRAIN_CONFOUNDED,NORMAL,OBS_ASSOC,False,0.7268544356492533,0.43066489424100507,0.7344630901826555,0.09323336948163936,0.3183250377067115,0,
22011,TRAIN_CONFOUNDED,NORMAL,RECENCY,False,0.9,0.25,0.5,0.75,1.0,0,
22011,TRAIN_CONFOUNDED,NORMAL,UNIFORM,False,0.75,1.0,1.0,1.0,1.0,0,
22011,TRAIN_CONFOUNDED,NORMAL,MC_CF_SHAPLEY_4,True,0.5088408644400786,0.9765625,0.3203125,0.3671875,0.32421875,2560,
22011,TRAIN_CONFOUNDED,NORMAL,MC_CF_SHAPLEY_16,True,0.36537276648182376,1.005859375,0.216796875,0.1865234375,0.17578125,10240,
22011,TRAIN_CONFOUNDED,NORMAL,MC_CF_SHAPLEY_64,True,0.2360747663551402,0.997802734375,0.1015625,0.10107421875,0.105712890625,40960,
22011,TRAIN_CONFOUNDED,NORMAL,TD_ELIGIBILITY_PROXY,False,0.7976928566219432,0.4859112709301026,1.0439127000594728,0.16534030222347318,0.7066850278868492,0,
22011,TRAIN_CONFOUNDED,NORMAL,RANDOM,True,0.6405827089378644,0.8519467601657272,0.5321636793247609,0.2110427011788466,0.7752023802019297,0,
22011,OOD_WEAK_CONFOUNDER,NORMAL,EXACT_CF_SHAPLEY,True,8.59772322781005e-17,1.0,2.86590774260335e-17,2.86590774260335e-17,2.86590774260335e-17,10368,2.220446049250313e-16
22011,OOD_WEAK_CONFOUNDER,NORMAL,OBS_ASSOC,True,0.46381011602139355,0.9606932013434907,0.2825695728734575,0.04914103027316162,0.499299526827908,0,
22011,OOD_WEAK_CONFOUNDER,NORMAL,RECENCY,False,0.9,0.25,0.5,0.75,1.0,0,
22011,OOD_WEAK_CONFOUNDER,NORMAL,UNIFORM,False,0.75,1.0,1.0,1.0,1.0,0,
22011,OOD_WEAK_CONFOUNDER,NORMAL,MC_CF_SHAPLEY_4,True,0.5330812854442344,0.96484375,0.40625,0.41015625,0.28515625,2560,
22011,OOD_WEAK_CONFOUNDER,NORMAL,MC_CF_SHAPLEY_16,True,0.3693915181315304,1.001953125,0.1943359375,0.181640625,0.2109375,10240,
22011,OOD_WEAK_CONFOUNDER,NORMAL,MC_CF_SHAPLEY_64,True,0.23252364175783424,1.010498046875,0.095703125,0.113525390625,0.096923828125,40960,
22011,OOD_WEAK_CONFOUNDER,NORMAL,TD_ELIGIBILITY_PROXY,False,0.5937244311277239,0.5107444909570951,0.18780510907830575,0.04032450489876165,0.5182639808601661,0,
22011,OOD_WEAK_CONFOUNDER,NORMAL,RANDOM,False,0.8882235103138776,0.1299699645493716,0.1434908190631765,0.10940067981069579,0.7799050979022909,0,
22011,OOD_SIGN_INVERSION,NORMAL,EXACT_CF_SHAPLEY,True,2.512638534735156e-16,0.9999999999999999,8.375461782450522e-17,8.375461782450522e-17,8.375461782450522e-17,10368,2.220446049250313e-16
22011,OOD_SIGN_INVERSION,NORMAL,OBS_ASSOC,False,0.6162780808099636,0.5642294679343761,0.6686067705516506,0.14335701549356575,0.09421914551365672,0,
22011,OOD_SIGN_INVERSION,NORMAL,RECENCY,False,0.9,0.25,0.5,0.75,1.0,0,
22011,OOD_SIGN_INVERSION,NORMAL,UNIFORM,False,0.75,1.0,1.0,1.0,1.0,0,
22011,OOD_SIGN_INVERSION,NORMAL,MC_CF_SHAPLEY_4,True,0.5371428571428571,0.94921875,0.3828125,0.37890625,0.33984375,2560,
22011,OOD_SIGN_INVERSION,NORMAL,MC_CF_SHAPLEY_16,True,0.3848899464604402,1.009765625,0.2177734375,0.2236328125,0.1904296875,10240,
22011,OOD_SIGN_INVERSION,NORMAL,MC_CF_SHAPLEY_64,True,0.23973880597014927,0.994873046875,0.107666015625,0.10498046875,0.10107421875,40960,
22011,OOD_SIGN_INVERSION,NORMAL,TD_ELIGIBILITY_PROXY,False,0.6874846985194987,0.5231908559833138,0.772293551949703,0.2085966329631165,0.1700477249747341,0,
22011,OOD_SIGN_INVERSION,NORMAL,RANDOM,False,0.8180682160035546,0.5959542951954784,0.7674368167965918,0.9290639947363358,0.9832468190391237,0,
22012,TRAIN_CONFOUNDED,NORMAL,EXACT_CF_SHAPLEY,True,2.862293735361731e-16,1.0,9.540979117872439e-17,9.540979117872439e-17,9.540979117872439e-17,10368,2.220446049250313e-16
22012,TRAIN_CONFOUNDED,NORMAL,OBS_ASSOC,False,0.6725979465584809,0.5051499700711354,0.7263603405589268,0.04236830738317266,0.26902548036123053,0,
22012,TRAIN_CONFOUNDED,NORMAL,RECENCY,False,0.9,0.25,0.5,0.75,1.0,0,
22012,TRAIN_CONFOUNDED,NORMAL,UNIFORM,False,0.75,1.0,1.0,1.0,1.0,0,
22012,TRAIN_CONFOUNDED,NORMAL,MC_CF_SHAPLEY_4,True,0.5402504472271914,1.00390625,0.37890625,0.40625,0.39453125,2560,
22012,TRAIN_CONFOUNDED,NORMAL,MC_CF_SHAPLEY_16,True,0.35709857408555484,1.0126953125,0.20703125,0.1689453125,0.1865234375,10240,
22012,TRAIN_CONFOUNDED,NORMAL,MC_CF_SHAPLEY_64,True,0.23075460938984985,0.988037109375,0.098388671875,0.09375,0.104248046875,40960,
22012,TRAIN_CONFOUNDED,NORMAL,TD_ELIGIBILITY_PROXY,False,0.7480085314499608,0.6047957955755106,1.085853006139268,0.07917171300550635,0.6302440551459495,0,
22012,TRAIN_CONFOUNDED,NORMAL,RANDOM,False,0.8387009337740753,0.30070413118469097,0.7484617735759953,0.6707133578140556,0.1443852878691374,0,
22012,OOD_WEAK_CONFOUNDER,NORMAL,EXACT_CF_SHAPLEY,True,7.32920668600201e-17,1.0,2.4430688953340034e-17,2.4430688953340034e-17,2.4430688953340034e-17,10368,2.220446049250313e-16
22012,OOD_WEAK_CONFOUNDER,NORMAL,OBS_ASSOC,True,0.4813296780078717,0.9533443369868342,0.14956796748077586,0.03979951731733032,0.695342712211132,0,
22012,OOD_WEAK_CONFOUNDER,NORMAL,RECENCY,False,0.9,0.25,0.5,0.75,1.0,0,
22012,OOD_WEAK_CONFOUNDER,NORMAL,UNIFORM,False,0.75,1.0,1.0,1.0,1.0,0,
22012,OOD_WEAK_CONFOUNDER,NORMAL,MC_CF_SHAPLEY_4,True,0.49407114624505927,1.0,0.375,0.32421875,0.27734375,2560,
22012,OOD_WEAK_CONFOUNDER,NORMAL,MC_CF_SHAPLEY_16,True,0.3454653937947494,1.0712890625,0.1845703125,0.197265625,0.18359375,10240,
22012,OOD_WEAK_CONFOUNDER,NORMAL,MC_CF_SHAPLEY_64,True,0.23550724637681159,0.978759765625,0.097900390625,0.1103515625,0.09326171875,40960,
22012,OOD_WEAK_CONFOUNDER,NORMAL,TD_ELIGIBILITY_PROXY,False,0.6274447962745924,0.5225429036183996,0.10165610401263075,0.03400187992576889,0.7443909925006339,0,
22012,OOD_WEAK_CONFOUNDER,NORMAL,RANDOM,True,0.6158122602231682,0.8103586633259733,0.21458361651206637,0.5657802834952079,0.5185552178804296,0,
22012,OOD_SIGN_INVERSION,NORMAL,EXACT_CF_SHAPLEY,True,2.6888213877640505e-16,0.9999999999999999,8.962737959213503e-17,8.962737959213503e-17,8.962737959213503e-17,10368,2.220446049250313e-16
22012,OOD_SIGN_INVERSION,NORMAL,OBS_ASSOC,False,0.650368714348719,0.587690668098646,0.6796071077758046,0.07905861208417694,0.3345305698658599,0,
22012,OOD_SIGN_INVERSION,NORMAL,RECENCY,False,0.9,0.25,0.5,0.75,1.0,0,
22012,OOD_SIGN_INVERSION,NORMAL,UNIFORM,False,0.75,1.0,1.0,1.0,1.0,0,
22012,OOD_SIGN_INVERSION,NORMAL,MC_CF_SHAPLEY_4,True,0.48828125,1.0234375,0.31640625,0.3125,0.34765625,2560,
22012,OOD_SIGN_INVERSION,NORMAL,MC_CF_SHAPLEY_16,True,0.36797583081570995,1.021484375,0.2021484375,0.2119140625,0.1806640625,10240,
22012,OOD_SIGN_INVERSION,NORMAL,MC_CF_SHAPLEY_64,True,0.23346449316095186,0.998779296875,0.1083984375,0.088623046875,0.107177734375,40960,
22012,OOD_SIGN_INVERSION,NORMAL,TD_ELIGIBILITY_PROXY,False,0.7355009557115554,0.5556624330486775,0.8080598689385572,0.11748753831677983,0.6196009000278481,0,
22012,OOD_SIGN_INVERSION,NORMAL,RANDOM,False,0.9509216872801034,0.10228035430170279,0.8725742841265134,0.7895799564286434,0.3195888491731872,0,
22013,TRAIN_CONFOUNDED,NORMAL,EXACT_CF_SHAPLEY,True,2.6541269182445144e-16,0.9999999999999999,8.847089727481716e-17,8.847089727481716e-17,8.847089727481716e-17,10368,2.220446049250313e-16
22013,TRAIN_CONFOUNDED,NORMAL,OBS_ASSOC,False,0.7549783825678119,0.3669149619954094,0.777151376922611,0.024105656827046594,0.3293079647606882,0,
22013,TRAIN_CONFOUNDED,NORMAL,RECENCY,False,0.9,0.25,0.5,0.75,1.0,0,
22013,TRAIN_CONFOUNDED,NORMAL,UNIFORM,False,0.75,1.0,1.0,1.0,1.0,0,
22013,TRAIN_CONFOUNDED,NORMAL,MC_CF_SHAPLEY_4,True,0.5288640595903166,0.98828125,0.34765625,0.359375,0.40234375,2560,
22013,TRAIN_CONFOUNDED,NORMAL,MC_CF_SHAPLEY_16,True,0.36790123456790125,1.0,0.205078125,0.1826171875,0.1943359375,10240,
22013,TRAIN_CONFOUNDED,NORMAL,MC_CF_SHAPLEY_64,True,0.22741844239109937,1.000244140625,0.09130859375,0.101318359375,0.101806640625,40960,
22013,TRAIN_CONFOUNDED,NORMAL,TD_ELIGIBILITY_PROXY,False,0.8178285684376666,0.39983565222141304,1.0540659690406435,0.040727560630259244,0.7002026245679716,0,
22013,TRAIN_CONFOUNDED,NORMAL,RANDOM,False,0.971724916741245,0.04197346240610078,0.24532503201018807,0.8058227000145568,0.39134702170091307,0,
22013,OOD_WEAK_CONFOUNDER,NORMAL,EXACT_CF_SHAPLEY,True,7.383416794626285e-17,1.0,2.461138931542095e-17,2.461138931542095e-17,2.461138931542095e-17,10368,2.220446049250313e-16
22013,OOD_WEAK_CONFOUNDER,NORMAL,OBS_ASSOC,True,0.47754794880863755,0.9515818411363005,0.19843261182523658,0.023151389556923665,0.6482105669843463,0,
22013,OOD_WEAK_CONFOUNDER,NORMAL,RECENCY,False,0.9,0.25,0.5,0.75,1.0,0,
22013,OOD_WEAK_CONFOUNDER,NORMAL,UNIFORM,False,0.75,1.0,1.0,1.0,1.0,0,
22013,OOD_WEAK_CONFOUNDER,NORMAL,MC_CF_SHAPLEY_4,True,0.5301204819277109,0.9140625,0.29296875,0.36328125,0.375,2560,
22013,OOD_WEAK_CONFOUNDER,NORMAL,MC_CF_SHAPLEY_16,True,0.37948717948717947,0.9453125,0.1650390625,0.1982421875,0.21484375,10240,
22013,OOD_WEAK_CONFOUNDER,NORMAL,MC_CF_SHAPLEY_64,True,0.23105636431504292,1.005859375,0.102783203125,0.102294921875,0.09716796875,40960,
22013,OOD_WEAK_CONFOUNDER,NORMAL,TD_ELIGIBILITY_PROXY,False,0.619273499110147,0.5098581490615414,0.13298166753959537,0.01931794858170298,0.6770139180855308,0,
22013,OOD_WEAK_CONFOUNDER,NORMAL,RANDOM,False,0.9252394740511676,0.11674750913196519,0.05745475860866123,0.8176615892096227,0.5697558300469968,0,
22013,OOD_SIGN_INVERSION,NORMAL,EXACT_CF_SHAPLEY,True,3.0981077078773284e-16,1.0,1.032702569292443e-16,1.032702569292443e-16,1.032702569292443e-16,10368,2.220446049250313e-16
22013,OOD_SIGN_INVERSION,NORMAL,OBS_ASSOC,False,0.682110007821685,0.502105272590178,0.7231770767738589,0.009838378643515885,0.34437307470558975,0,
22013,OOD_SIGN_INVERSION,NORMAL,RECENCY,False,0.9,0.25,0.5,0.75,1.0,0,
22013,OOD_SIGN_INVERSION,NORMAL,UNIFORM,False,0.75,1.0,1.0,1.0,1.0,0,
22013,OOD_SIGN_INVERSION,NORMAL,MC_CF_SHAPLEY_4,True,0.5342465753424658,0.9296875,0.3671875,0.359375,0.33984375,2560,
22013,OOD_SIGN_INVERSION,NORMAL,MC_CF_SHAPLEY_16,True,0.3596889176928062,0.96484375,0.1982421875,0.1689453125,0.1748046875,10240,
22013,OOD_SIGN_INVERSION,NORMAL,MC_CF_SHAPLEY_64,True,0.233138106933686,0.990966796875,0.094970703125,0.101318359375,0.10498046875,40960,
22013,OOD_SIGN_INVERSION,NORMAL,TD_ELIGIBILITY_PROXY,False,0.7597908794338288,0.45467641149842647,0.8185822179511313,0.013865847041063606,0.6057112760684716,0,
22013,OOD_SIGN_INVERSION,NORMAL,RANDOM,True,0.6446496501323834,0.8532092756858733,0.5318173224830451,0.2679179168344107,0.7480923096507929,0,
22014,TRAIN_CONFOUNDED,NORMAL,EXACT_CF_SHAPLEY,True,2.77338915721792e-16,1.0,9.244630524059734e-17,9.244630524059734e-17,9.244630524059734e-17,10368,2.220446049250313e-16
22014,TRAIN_CONFOUNDED,NORMAL,OBS_ASSOC,False,0.7023524341368286,0.5445150029178899,0.8602730871820342,0.026896123086497303,0.39771090159910816,0,
22014,TRAIN_CONFOUNDED,NORMAL,RECENCY,False,0.9,0.25,0.5,0.75,1.0,0,
22014,TRAIN_CONFOUNDED,NORMAL,UNIFORM,False,0.75,1.0,1.0,1.0,1.0,0,
22014,TRAIN_CONFOUNDED,NORMAL,MC_CF_SHAPLEY_4,True,0.5576923076923077,0.98828125,0.390625,0.5,0.35546875,2560,
22014,TRAIN_CONFOUNDED,NORMAL,MC_CF_SHAPLEY_16,True,0.36623215394165115,0.9970703125,0.1875,0.189453125,0.19921875,10240,
22014,TRAIN_CONFOUNDED,NORMAL,MC_CF_SHAPLEY_64,True,0.22943889315910837,0.97900390625,0.09521484375,0.1005859375,0.095703125,40960,
22014,TRAIN_CONFOUNDED,NORMAL,TD_ELIGIBILITY_PROXY,False,0.7766811028012847,0.6590845897274248,1.3011234859988574,0.05077432343793908,0.9403334007743438,0,
22014,TRAIN_CONFOUNDED,NORMAL,RANDOM,False,0.8993393014680277,0.200378721071657,0.7015032414617922,0.3469504812530747,0.7418026699566166,0,
22014,OOD_WEAK_CONFOUNDER,NORMAL,EXACT_CF_SHAPLEY,True,9.627715291671279e-17,1.0,3.209238430557093e-17,3.209238430557093e-17,3.209238430557093e-17,10368,2.220446049250313e-16
22014,OOD_WEAK_CONFOUNDER,NORMAL,OBS_ASSOC,True,0.43645932098940105,0.9521840064211311,0.047264259044365736,0.10870336506304486,0.5814939299177212,0,
22014,OOD_WEAK_CONFOUNDER,NORMAL,RECENCY,False,0.9,0.25,0.5,0.75,1.0,0,
22014,OOD_WEAK_CONFOUNDER,NORMAL,UNIFORM,False,0.75,1.0,1.0,1.0,1.0,0,
22014,OOD_WEAK_CONFOUNDER,NORMAL,MC_CF_SHAPLEY_4,True,0.4753787878787879,1.08203125,0.35546875,0.3125,0.3125,2560,
22014,OOD_WEAK_CONFOUNDER,NORMAL,MC_CF_SHAPLEY_16,True,0.3713212273011897,0.98046875,0.1982421875,0.1826171875,0.1982421875,10240,
22014,OOD_WEAK_CONFOUNDER,NORMAL,MC_CF_SHAPLEY_64,True,0.2395287958115183,0.992919921875,0.103515625,0.1083984375,0.100830078125,40960,
22014,OOD_WEAK_CONFOUNDER,NORMAL,TD_ELIGIBILITY_PROXY,False,0.5900549677709142,0.5018946986236758,0.031017783863608973,0.08979221592953503,0.6015928516586415,0,
22014,OOD_WEAK_CONFOUNDER,NORMAL,RANDOM,False,0.8849425933251004,0.26832645459950266,0.6155451156197195,0.5165823623695289,0.9316554235492044,0,
22014,OOD_SIGN_INVERSION,NORMAL,EXACT_CF_SHAPLEY,True,2.713758037731217e-16,1.0,9.045860125770726e-17,9.045860125770726e-17,9.045860125770726e-17,10368,2.220446049250313e-16
22014,OOD_SIGN_INVERSION,NORMAL,OBS_ASSOC,False,0.6429744949204804,0.583330046510066,0.6011635948933813,0.06639536499530327,0.3829719873141274,0,
22014,OOD_SIGN_INVERSION,NORMAL,RECENCY,False,0.9,0.25,0.5,0.75,1.0,0,
22014,OOD_SIGN_INVERSION,NORMAL,UNIFORM,False,0.75,1.0,1.0,1.0,1.0,0,
22014,OOD_SIGN_INVERSION,NORMAL,MC_CF_SHAPLEY_4,True,0.5364963503649635,0.9921875,0.37890625,0.40234375,0.3671875,2560,
22014,OOD_SIGN_INVERSION,NORMAL,MC_CF_SHAPLEY_16,True,0.3735456215554195,0.9990234375,0.1884765625,0.189453125,0.2177734375,10240,
22014,OOD_SIGN_INVERSION,NORMAL,MC_CF_SHAPLEY_64,True,0.2323496451251401,1.00341796875,0.104248046875,0.091552734375,0.10791015625,40960,
22014,OOD_SIGN_INVERSION,NORMAL,TD_ELIGIBILITY_PROXY,False,0.7334903064896932,0.5530984256782132,0.7142624612980274,0.09875308231214913,0.7092267749567079,0,
22014,OOD_SIGN_INVERSION,NORMAL,RANDOM,False,0.9574175503192666,0.06672696096529995,0.16840069821813897,0.5544533179539527,0.7774251830434474,0,
22015,TRAIN_CONFOUNDED,NORMAL,EXACT_CF_SHAPLEY,True,2.9143354396410354e-16,1.0,9.71445146547012e-17,9.71445146547012e-17,9.71445146547012e-17,10368,2.220446049250313e-16
22015,TRAIN_CONFOUNDED,NORMAL,OBS_ASSOC,False,0.693407691730526,0.5081176339342479,0.7704432628821863,0.0761892435526012,0.3025570399782508,0,
22015,TRAIN_CONFOUNDED,NORMAL,RECENCY,False,0.9,0.25,0.5,0.75,1.0,0,
22015,TRAIN_CONFOUNDED,NORMAL,UNIFORM,False,0.75,1.0,1.0,1.0,1.0,0,
22015,TRAIN_CONFOUNDED,NORMAL,MC_CF_SHAPLEY_4,True,0.5161290322580645,0.99609375,0.41015625,0.3515625,0.30078125,2560,
22015,TRAIN_CONFOUNDED,NORMAL,MC_CF_SHAPLEY_16,True,0.3774630541871921,0.9873046875,0.2041015625,0.189453125,0.205078125,10240,
22015,TRAIN_CONFOUNDED,NORMAL,MC_CF_SHAPLEY_64,True,0.24484389782403027,0.974365234375,0.114990234375,0.094482421875,0.1064453125,40960,
22015,TRAIN_CONFOUNDED,NORMAL,TD_ELIGIBILITY_PROXY,False,0.7668947655053635,0.6053200273503923,1.1456018855847587,0.14161091620915914,0.7042343719985714,0,
22015,TRAIN_CONFOUNDED,NORMAL,RANDOM,False,0.9161815369017441,0.23877839733274386,0.7212652433022158,0.9337089101566237,0.9550040179471764,0,
22015,OOD_WEAK_CONFOUNDER,NORMAL,EXACT_CF_SHAPLEY,True,8.131516293641283e-17,1.0,2.710505431213761e-17,2.710505431213761e-17,2.710505431213761e-17,10368,2.220446049250313e-16
22015,OOD_WEAK_CONFOUNDER,NORMAL,OBS_ASSOC,True,0.47664378325484846,0.9546751572827876,0.23229318515360226,0.062396648499679803,0.5747752919865023,0,
22015,OOD_WEAK_CONFOUNDER,NORMAL,RECENCY,False,0.9,0.25,0.5,0.75,1.0,0,
22015,OOD_WEAK_CONFOUNDER,NORMAL,UNIFORM,False,0.75,1.0,1.0,1.0,1.0,0,
22015,OOD_WEAK_CONFOUNDER,NORMAL,MC_CF_SHAPLEY_4,True,0.5096899224806202,0.98828125,0.36328125,0.34765625,0.31640625,2560,
22015,OOD_WEAK_CONFOUNDER,NORMAL,MC_CF_SHAPLEY_16,True,0.3783946891973446,1.005859375,0.189453125,0.216796875,0.2060546875,10240,
22015,OOD_WEAK_CONFOUNDER,NORMAL,MC_CF_SHAPLEY_64,True,0.23862788963460105,0.9970703125,0.096923828125,0.107177734375,0.1083984375,40960,
22015,OOD_WEAK_CONFOUNDER,NORMAL,TD_ELIGIBILITY_PROXY,False,0.6124863747140871,0.5147460192675559,0.15638899982712218,0.052567662325095035,0.6046274357155124,0,
22015,OOD_WEAK_CONFOUNDER,NORMAL,RANDOM,True,0.5565794176729949,0.9480684631428445,0.9202029648110162,0.19912854877660346,0.07067953723238085,0,
22015,OOD_SIGN_INVERSION,NORMAL,EXACT_CF_SHAPLEY,True,2.524022657546254e-16,1.0,8.413408858487514e-17,8.413408858487514e-17,8.413408858487514e-17,10368,2.220446049250313e-16
22015,OOD_SIGN_INVERSION,NORMAL,OBS_ASSOC,False,0.6683244792863917,0.5287125114452578,0.6936211355616685,0.072176281301843,0.29955559183489233,0,
22015,OOD_SIGN_INVERSION,NORMAL,RECENCY,False,0.9,0.25,0.5,0.75,1.0,0,
22015,OOD_SIGN_INVERSION,NORMAL,UNIFORM,False,0.75,1.0,1.0,1.0,1.0,0,
22015,OOD_SIGN_INVERSION,NORMAL,MC_CF_SHAPLEY_4,True,0.5116696588868941,1.0625,0.36328125,0.35546875,0.39453125,2560,
22015,OOD_SIGN_INVERSION,NORMAL,MC_CF_SHAPLEY_16,True,0.3752357008170962,0.970703125,0.1845703125,0.1943359375,0.2041015625,10240,
22015,OOD_SIGN_INVERSION,NORMAL,MC_CF_SHAPLEY_64,True,0.2357473035439137,0.96875,0.096435546875,0.09130859375,0.111083984375,40960,
22015,OOD_SIGN_INVERSION,NORMAL,TD_ELIGIBILITY_PROXY,False,0.7474172474974018,0.4792595170957465,0.7856413782207967,0.10218956395935536,0.5303451824978467,0,
22015,OOD_SIGN_INVERSION,NORMAL,RANDOM,False,0.681018387139425,0.48600985106028227,0.7642074002449288,0.1644392186885283,0.10897320477599237,0,
22016,TRAIN_CONFOUNDED,NORMAL,EXACT_CF_SHAPLEY,True,2.9793875699901657e-16,1.0,9.93129189996722e-17,9.93129189996722e-17,9.93129189996722e-17,10368,2.220446049250313e-16
22016,TRAIN_CONFOUNDED,NORMAL,OBS_ASSOC,False,0.6840750586177698,0.48912620910217175,0.6997213783665899,0.09107201574433477,0.2683158952637061,0,
22016,TRAIN_CONFOUNDED,NORMAL,RECENCY,False,0.9,0.25,0.5,0.75,1.0,0,
22016,TRAIN_CONFOUNDED,NORMAL,UNIFORM,False,0.75,1.0,1.0,1.0,1.0,0,
22016,TRAIN_CONFOUNDED,NORMAL,MC_CF_SHAPLEY_4,True,0.4952561669829222,1.0390625,0.34375,0.33203125,0.34375,2560,
22016,TRAIN_CONFOUNDED,NORMAL,MC_CF_SHAPLEY_16,True,0.38451935081148564,0.962890625,0.1943359375,0.2021484375,0.205078125,10240,
22016,TRAIN_CONFOUNDED,NORMAL,MC_CF_SHAPLEY_64,True,0.22351834430856068,1.007568359375,0.094970703125,0.091796875,0.103271484375,40960,
22016,TRAIN_CONFOUNDED,NORMAL,TD_ELIGIBILITY_PROXY,False,0.7636093014219775,0.5570830110934526,1.0245885618153854,0.16466644483757506,0.6102818257775193,0,
22016,TRAIN_CONFOUNDED,NORMAL,RANDOM,False,0.851333785050742,0.15318613375310786,0.0012547581994808432,0.3230874376988617,0.5528748040086925,0,
22016,OOD_WEAK_CONFOUNDER,NORMAL,EXACT_CF_SHAPLEY,True,8.380882793312949e-17,1.0,2.793627597770983e-17,2.793627597770983e-17,2.793627597770983e-17,10368,2.220446049250313e-16
22016,OOD_WEAK_CONFOUNDER,NORMAL,OBS_ASSOC,True,0.4644488193877369,0.9434943306838425,0.245725122998064,0.05783819118353593,0.5146681524807659,0,
22016,OOD_WEAK_CONFOUNDER,NORMAL,RECENCY,False,0.9,0.25,0.5,0.75,1.0,0,
22016,OOD_WEAK_CONFOUNDER,NORMAL,UNIFORM,False,0.75,1.0,1.0,1.0,1.0,0,
22016,OOD_WEAK_CONFOUNDER,NORMAL,MC_CF_SHAPLEY_4,True,0.5263157894736842,1.01953125,0.40234375,0.40234375,0.328125,2560,
22016,OOD_WEAK_CONFOUNDER,NORMAL,MC_CF_SHAPLEY_16,True,0.3701622971285893,0.9853515625,0.18359375,0.19140625,0.2041015625,10240,
22016,OOD_WEAK_CONFOUNDER,NORMAL,MC_CF_SHAPLEY_64,True,0.23029395244336268,1.003662109375,0.0966796875,0.106201171875,0.097412109375,40960,
22016,OOD_WEAK_CONFOUNDER,NORMAL,TD_ELIGIBILITY_PROXY,False,0.596100890952007,0.5083408182489108,0.1654913363371962,0.048762745322124004,0.5359887583897316,0,
22016,OOD_WEAK_CONFOUNDER,NORMAL,RANDOM,False,0.7945343214711208,0.4285576436726859,0.7548862416880588,0.40978087537342966,0.492562251194682,0,
22016,OOD_SIGN_INVERSION,NORMAL,EXACT_CF_SHAPLEY,True,2.630816571536076e-16,1.0,8.769388571786922e-17,8.769388571786922e-17,8.769388571786922e-17,10368,2.220446049250313e-16
22016,OOD_SIGN_INVERSION,NORMAL,OBS_ASSOC,False,0.7085149308798686,0.5851332007928299,0.7456280012016736,0.23577094681628416,0.4408886860165214,0,
22016,OOD_SIGN_INVERSION,NORMAL,RECENCY,False,0.9,0.25,0.5,0.75,1.0,0,
22016,OOD_SIGN_INVERSION,NORMAL,UNIFORM,False,0.75,1.0,1.0,1.0,1.0,0,
22016,OOD_SIGN_INVERSION,NORMAL,MC_CF_SHAPLEY_4,True,0.5229885057471264,0.97265625,0.36328125,0.34765625,0.35546875,2560,
22016,OOD_SIGN_INVERSION,NORMAL,MC_CF_SHAPLEY_16,True,0.3453968253968254,1.0068359375,0.1669921875,0.1826171875,0.181640625,10240,
22016,OOD_SIGN_INVERSION,NORMAL,MC_CF_SHAPLEY_64,True,0.2285768214420536,0.997802734375,0.09521484375,0.093994140625,0.1064453125,40960,
22016,OOD_SIGN_INVERSION,NORMAL,TD_ELIGIBILITY_PROXY,False,0.7863774000475273,0.5430714566837205,0.8591963062908381,0.34023331235119714,0.799699313605679,0,
22016,OOD_SIGN_INVERSION,NORMAL,RANDOM,False,0.8705184918818549,0.2414109564038478,0.3760343498973935,0.740964063761112,0.5060341316581624,0,
22017,TRAIN_CONFOUNDED,NORMAL,EXACT_CF_SHAPLEY,True,2.6996634094889055e-16,1.0,8.998878031629687e-17,8.998878031629687e-17,8.998878031629687e-17,10368,2.220446049250313e-16
22017,TRAIN_CONFOUNDED,NORMAL,OBS_ASSOC,False,0.6745549271018343,0.5409183925612709,0.7401654308980063,0.034379389172454165,0.3466249171539313,0,
22017,TRAIN_CONFOUNDED,NORMAL,RECENCY,False,0.9,0.25,0.5,0.75,1.0,0,
22017,TRAIN_CONFOUNDED,NORMAL,UNIFORM,False,0.75,1.0,1.0,1.0,1.0,0,
22017,TRAIN_CONFOUNDED,NORMAL,MC_CF_SHAPLEY_4,True,0.504708097928437,1.02734375,0.34375,0.33984375,0.36328125,2560,
22017,TRAIN_CONFOUNDED,NORMAL,MC_CF_SHAPLEY_16,True,0.3763769889840881,0.9951171875,0.19140625,0.2099609375,0.19921875,10240,
22017,TRAIN_CONFOUNDED,NORMAL,MC_CF_SHAPLEY_64,True,0.23724112426035504,1.007080078125,0.1005859375,0.10302734375,0.109619140625,40960,
22017,TRAIN_CONFOUNDED,NORMAL,TD_ELIGIBILITY_PROXY,False,0.7538762677260031,0.6547157101994607,1.1209453978081059,0.06501883679395941,0.8194280592108594,0,
22017,TRAIN_CONFOUNDED,NORMAL,RANDOM,True,0.6648419236426163,0.8014084112533851,0.5334477049986068,0.42671889264420904,0.6295606007939324,0,
22017,OOD_WEAK_CONFOUNDER,NORMAL,EXACT_CF_SHAPLEY,True,8.250778532614689e-17,1.0,2.7502595108715628e-17,2.7502595108715628e-17,2.7502595108715628e-17,10368,2.220446049250313e-16
22017,OOD_WEAK_CONFOUNDER,NORMAL,OBS_ASSOC,True,0.4828993440713017,0.9500539293674038,0.20331545107434348,0.13044266053087025,0.5534587465902673,0,
22017,OOD_WEAK_CONFOUNDER,NORMAL,RECENCY,False,0.9,0.25,0.5,0.75,1.0,0,
22017,OOD_WEAK_CONFOUNDER,NORMAL,UNIFORM,False,0.75,1.0,1.0,1.0,1.0,0,
22017,OOD_WEAK_CONFOUNDER,NORMAL,MC_CF_SHAPLEY_4,True,0.5170454545454546,0.99609375,0.32421875,0.359375,0.3828125,2560,
22017,OOD_WEAK_CONFOUNDER,NORMAL,MC_CF_SHAPLEY_16,True,0.37034700315457414,0.974609375,0.1845703125,0.212890625,0.17578125,10240,
22017,OOD_WEAK_CONFOUNDER,NORMAL,MC_CF_SHAPLEY_64,True,0.23092706584592426,1.006591796875,0.099609375,0.103515625,0.09912109375,40960,
22017,OOD_WEAK_CONFOUNDER,NORMAL,TD_ELIGIBILITY_PROXY,False,0.618110993733432,0.5099289011880379,0.13605813218591023,0.10944935442314901,0.5798440021078558,0,
22017,OOD_WEAK_CONFOUNDER,NORMAL,RANDOM,False,0.750675469332112,0.4619334068267925,0.8186319725343044,0.2183962094485744,0.35377791335391473,0,
22017,OOD_SIGN_INVERSION,NORMAL,EXACT_CF_SHAPLEY,True,2.945777302643115e-16,0.9999999999999999,9.819257675477051e-17,9.819257675477051e-17,9.819257675477051e-17,10368,2.220446049250313e-16
22017,OOD_SIGN_INVERSION,NORMAL,OBS_ASSOC,False,0.6624036921193176,0.5472554737470527,0.6530018339387308,0.07213441831961889,0.34864340077824335,0,
22017,OOD_SIGN_INVERSION,NORMAL,RECENCY,False,0.9,0.25,0.5,0.75,1.0,0,
22017,OOD_SIGN_INVERSION,NORMAL,UNIFORM,False,0.75,1.0,1.0,1.0,1.0,0,
22017,OOD_SIGN_INVERSION,NORMAL,MC_CF_SHAPLEY_4,True,0.5028462998102466,1.0234375,0.3359375,0.359375,0.33984375,2560,
22017,OOD_SIGN_INVERSION,NORMAL,MC_CF_SHAPLEY_16,True,0.34399052693901716,1.08203125,0.22265625,0.17578125,0.1689453125,10240,
22017,OOD_SIGN_INVERSION,NORMAL,MC_CF_SHAPLEY_64,True,0.22636909227306826,1.007080078125,0.092529296875,0.101806640625,0.100341796875,40960,
22017,OOD_SIGN_INVERSION,NORMAL,TD_ELIGIBILITY_PROXY,False,0.7460510010752273,0.4857743744330901,0.7231312557262816,0.09916250816433217,0.6048134894435743,0,
22017,OOD_SIGN_INVERSION,NORMAL,RANDOM,True,0.6846539542653057,0.8998117192435378,0.6550493422136657,0.8398391128209133,0.45871032956109714,0,
22018,TRAIN_CONFOUNDED,NORMAL,EXACT_CF_SHAPLEY,True,2.6562953225894854e-16,1.0,8.854317741964952e-17,8.854317741964952e-17,8.854317741964952e-17,10368,2.220446049250313e-16
22018,TRAIN_CONFOUNDED,NORMAL,OBS_ASSOC,False,0.7018050552566538,0.46708442449376,0.8435272719821034,0.0014125651254579905,0.2543484510406571,0,
22018,TRAIN_CONFOUNDED,NORMAL,RECENCY,False,0.9,0.25,0.5,0.75,1.0,0,
22018,TRAIN_CONFOUNDED,NORMAL,UNIFORM,False,0.75,1.0,1.0,1.0,1.0,0,
22018,TRAIN_CONFOUNDED,NORMAL,MC_CF_SHAPLEY_4,True,0.4899598393574297,0.9921875,0.27734375,0.33203125,0.34375,2560,
22018,TRAIN_CONFOUNDED,NORMAL,MC_CF_SHAPLEY_16,True,0.34212218649517684,0.9990234375,0.171875,0.16796875,0.1796875,10240,
22018,TRAIN_CONFOUNDED,NORMAL,MC_CF_SHAPLEY_64,True,0.23200453429057247,0.992431640625,0.097900390625,0.10498046875,0.096923828125,40960,
22018,TRAIN_CONFOUNDED,NORMAL,TD_ELIGIBILITY_PROXY,False,0.7686753317563676,0.545221704765783,1.2307983127059317,0.002545957701576895,0.5783884685765327,0,
22018,TRAIN_CONFOUNDED,NORMAL,RANDOM,False,0.7331015560970425,0.9015713959437107,0.8639910185395404,0.6937206441179941,0.9186736756520124,0,
22018,OOD_WEAK_CONFOUNDER,NORMAL,EXACT_CF_SHAPLEY,True,6.678685382510707e-17,1.0,2.2262284608369025e-17,2.2262284608369025e-17,2.2262284608369025e-17,10368,2.220446049250313e-16
22018,OOD_WEAK_CONFOUNDER,NORMAL,OBS_ASSOC,True,0.48610427492416625,0.9524384109289541,0.20533115243420424,0.08169956628310344,0.613899879773706,0,
22018,OOD_WEAK_CONFOUNDER,NORMAL,RECENCY,False,0.9,0.25,0.5,0.75,1.0,0,
22018,OOD_WEAK_CONFOUNDER,NORMAL,UNIFORM,False,0.75,1.0,1.0,1.0,1.0,0,
22018,OOD_WEAK_CONFOUNDER,NORMAL,MC_CF_SHAPLEY_4,True,0.4875239923224568,1.04296875,0.3125,0.328125,0.3515625,2560,
22018,OOD_WEAK_CONFOUNDER,NORMAL,MC_CF_SHAPLEY_16,True,0.3722257450856056,0.966796875,0.2080078125,0.1826171875,0.1826171875,10240,
22018,OOD_WEAK_CONFOUNDER,NORMAL,MC_CF_SHAPLEY_64,True,0.23819263666790627,1.000244140625,0.106689453125,0.10546875,0.1005859375,40960,
22018,OOD_WEAK_CONFOUNDER,NORMAL,TD_ELIGIBILITY_PROXY,False,0.618803680101369,0.5022814368690626,0.1337497870326701,0.06749432595734094,0.6141194814534822,0,
22018,OOD_WEAK_CONFOUNDER,NORMAL,RANDOM,False,0.8634212726807895,0.16859442033336358,0.44406744145743515,0.21573420997565618,0.4060159310583079,0,
22018,OOD_SIGN_INVERSION,NORMAL,EXACT_CF_SHAPLEY,True,2.9121670352960644e-16,1.0,9.707223450986883e-17,9.707223450986883e-17,9.707223450986883e-17,10368,2.220446049250313e-16
22018,OOD_SIGN_INVERSION,NORMAL,OBS_ASSOC,False,0.6544463110157722,0.5372321563679631,0.6577175242217423,0.0016674603049144,0.35808238480624505,0,
22018,OOD_SIGN_INVERSION,NORMAL,RECENCY,False,0.9,0.25,0.5,0.75,1.0,0,
22018,OOD_SIGN_INVERSION,NORMAL,UNIFORM,False,0.75,1.0,1.0,1.0,1.0,0,
22018,OOD_SIGN_INVERSION,NORMAL,MC_CF_SHAPLEY_4,True,0.5263157894736842,1.01953125,0.37890625,0.375,0.37890625,2560,
22018,OOD_SIGN_INVERSION,NORMAL,MC_CF_SHAPLEY_16,True,0.3737745098039216,0.998046875,0.208984375,0.1953125,0.19140625,10240,
22018,OOD_SIGN_INVERSION,NORMAL,MC_CF_SHAPLEY_64,True,0.2337228714524207,1.008544921875,0.10546875,0.1005859375,0.1015625,40960,
22018,OOD_SIGN_INVERSION,NORMAL,TD_ELIGIBILITY_PROXY,False,0.7393007239680293,0.49604952263529567,0.7568825866085624,0.0024024316015185125,0.647430707242473,0,
22018,OOD_SIGN_INVERSION,NORMAL,RANDOM,False,0.64890938513135,0.7050577597429681,0.11205985515580918,0.9357842412395967,0.25529127088880244,0,
22019,TRAIN_CONFOUNDED,NORMAL,EXACT_CF_SHAPLEY,True,2.851451713636876e-16,1.0,9.504839045456255e-17,9.504839045456255e-17,9.504839045456255e-17,10368,2.220446049250313e-16
22019,TRAIN_CONFOUNDED,NORMAL,OBS_ASSOC,False,0.6827270717009403,0.489306248341211,0.7441568127401038,0.03622165411533686,0.27254030527529255,0,
22019,TRAIN_CONFOUNDED,NORMAL,RECENCY,False,0.9,0.25,0.5,0.75,1.0,0,
22019,TRAIN_CONFOUNDED,NORMAL,UNIFORM,False,0.75,1.0,1.0,1.0,1.0,0,
22019,TRAIN_CONFOUNDED,NORMAL,MC_CF_SHAPLEY_4,True,0.5183673469387755,0.921875,0.33203125,0.3671875,0.29296875,2560,
22019,TRAIN_CONFOUNDED,NORMAL,MC_CF_SHAPLEY_16,True,0.38898862956313585,0.9970703125,0.20703125,0.20703125,0.220703125,10240,
22019,TRAIN_CONFOUNDED,NORMAL,MC_CF_SHAPLEY_64,True,0.22398063675293242,1.017578125,0.09716796875,0.096923828125,0.099609375,40960,
22019,TRAIN_CONFOUNDED,NORMAL,TD_ELIGIBILITY_PROXY,False,0.7561230195108748,0.5774119240397875,1.09768937778806,0.06645957734493733,0.6260751432255446,0,
22019,TRAIN_CONFOUNDED,NORMAL,RANDOM,False,0.7833846422435239,0.3857087260225296,0.5420765308746354,0.8172608153820652,0.03556971608122439,0,
22019,OOD_WEAK_CONFOUNDER,NORMAL,EXACT_CF_SHAPLEY,True,9.80118763926896e-17,1.0,3.2670625464229865e-17,3.2670625464229865e-17,3.2670625464229865e-17,10368,2.220446049250313e-16
22019,OOD_WEAK_CONFOUNDER,NORMAL,OBS_ASSOC,True,0.4650426613812006,0.9421224954815843,0.20257843924761262,0.09717519146961139,0.5192409339279679,0,
22019,OOD_WEAK_CONFOUNDER,NORMAL,RECENCY,False,0.9,0.25,0.5,0.75,1.0,0,
22019,OOD_WEAK_CONFOUNDER,NORMAL,UNIFORM,False,0.75,1.0,1.0,1.0,1.0,0,
22019,OOD_WEAK_CONFOUNDER,NORMAL,MC_CF_SHAPLEY_4,True,0.5190114068441065,0.98828125,0.40625,0.2890625,0.37109375,2560,
22019,OOD_WEAK_CONFOUNDER,NORMAL,MC_CF_SHAPLEY_16,True,0.3682288496652465,1.013671875,0.2119140625,0.1982421875,0.1806640625,10240,
22019,OOD_WEAK_CONFOUNDER,NORMAL,MC_CF_SHAPLEY_64,True,0.2457089552238806,0.987060546875,0.1142578125,0.103515625,0.103759765625,40960,
22019,OOD_WEAK_CONFOUNDER,NORMAL,TD_ELIGIBILITY_PROXY,False,0.600307356706036,0.5052342431025485,0.1341858289053099,0.08151553167925889,0.5431212949807954,0,
22019,OOD_WEAK_CONFOUNDER,NORMAL,RANDOM,False,0.6506312351414246,0.5168568837955648,0.3582287884503125,0.06364231511070662,0.5406741108956414,0,
22019,OOD_SIGN_INVERSION,NORMAL,EXACT_CF_SHAPLEY,True,2.8351886810495936e-16,1.0,9.45062893683198e-17,9.45062893683198e-17,9.45062893683198e-17,10368,2.220446049250313e-16
22019,OOD_SIGN_INVERSION,NORMAL,OBS_ASSOC,False,0.6659836359086179,0.5157356579435844,0.6152857749957061,0.02888650362913854,0.38413515050166025,0,
22019,OOD_SIGN_INVERSION,NORMAL,RECENCY,False,0.9,0.25,0.5,0.75,1.0,0,
22019,OOD_SIGN_INVERSION,NORMAL,UNIFORM,False,0.75,1.0,1.0,1.0,1.0,0,
22019,OOD_SIGN_INVERSION,NORMAL,MC_CF_SHAPLEY_4,True,0.512,0.953125,0.3203125,0.34765625,0.33203125,2560,
22019,OOD_SIGN_INVERSION,NORMAL,MC_CF_SHAPLEY_16,True,0.37363304981774,1.0068359375,0.201171875,0.19921875,0.2001953125,10240,
22019,OOD_SIGN_INVERSION,NORMAL,MC_CF_SHAPLEY_64,True,0.22964786065884135,0.993408203125,0.096923828125,0.093994140625,0.105224609375,40960,
22019,OOD_SIGN_INVERSION,NORMAL,TD_ELIGIBILITY_PROXY,False,0.7517302694883921,0.4627487750910215,0.6894144338146492,0.03978456720904268,0.6719474886742639,0,
22019,OOD_SIGN_INVERSION,NORMAL,RANDOM,False,0.6873685698382263,0.7901188625030671,0.6603804570281359,0.2405833188398382,0.8362347912751512,0,
22020,TRAIN_CONFOUNDED,NORMAL,EXACT_CF_SHAPLEY,True,2.81675724411734e-16,1.0,9.389190813724468e-17,9.389190813724468e-17,9.389190813724468e-17,10368,2.220446049250313e-16
22020,TRAIN_CONFOUNDED,NORMAL,OBS_ASSOC,False,0.7462319302036221,0.3779201930806437,0.7513062098508136,0.04542615048129521,0.31458205905793685,0,
22020,TRAIN_CONFOUNDED,NORMAL,RECENCY,False,0.9,0.25,0.5,0.75,1.0,0,
22020,TRAIN_CONFOUNDED,NORMAL,UNIFORM,False,0.75,1.0,1.0,1.0,1.0,0,
22020,TRAIN_CONFOUNDED,NORMAL,MC_CF_SHAPLEY_4,True,0.5087719298245614,0.984375,0.33203125,0.3515625,0.3359375,2560,
22020,TRAIN_CONFOUNDED,NORMAL,MC_CF_SHAPLEY_16,True,0.37453416149068325,0.9833984375,0.2041015625,0.1865234375,0.1982421875,10240,
22020,TRAIN_CONFOUNDED,NORMAL,MC_CF_SHAPLEY_64,True,0.24824139207700852,0.991455078125,0.11767578125,0.1015625,0.108154296875,40960,
22020,TRAIN_CONFOUNDED,NORMAL,TD_ELIGIBILITY_PROXY,False,0.8110093789369421,0.4173049053726635,1.032801604950392,0.07851926484581176,0.6794462604980624,0,
22020,TRAIN_CONFOUNDED,NORMAL,RANDOM,True,0.6541346386306163,0.961189947915369,0.7367751595968275,0.12089616575704853,0.9602257798826888,0,
22020,OOD_WEAK_CONFOUNDER,NORMAL,EXACT_CF_SHAPLEY,True,7.827939685345342e-17,1.0,2.6093132284484472e-17,2.6093132284484472e-17,2.6093132284484472e-17,10368,2.220446049250313e-16
22020,OOD_WEAK_CONFOUNDER,NORMAL,OBS_ASSOC,True,0.46314206241151296,0.9531482390942082,0.11034228738164524,0.04247490168847007,0.6694544219652212,0,
22020,OOD_WEAK_CONFOUNDER,NORMAL,RECENCY,False,0.9,0.25,0.5,0.75,1.0,0,
22020,OOD_WEAK_CONFOUNDER,NORMAL,UNIFORM,False,0.75,1.0,1.0,1.0,1.0,0,
22020,OOD_WEAK_CONFOUNDER,NORMAL,MC_CF_SHAPLEY_4,True,0.5391156462585034,1.05859375,0.375,0.46484375,0.3984375,2560,
22020,OOD_WEAK_CONFOUNDER,NORMAL,MC_CF_SHAPLEY_16,True,0.3767246550689862,1.0146484375,0.2236328125,0.1904296875,0.19921875,10240,
22020,OOD_WEAK_CONFOUNDER,NORMAL,MC_CF_SHAPLEY_64,True,0.22165532879818595,1.005615234375,0.105224609375,0.095947265625,0.085205078125,40960,
22020,OOD_WEAK_CONFOUNDER,NORMAL,TD_ELIGIBILITY_PROXY,False,0.6134172669533475,0.5042674111619857,0.07261339315027988,0.035111781140280685,0.692430421720749,0,
22020,OOD_WEAK_CONFOUNDER,NORMAL,RANDOM,False,0.6533111329174053,0.6864813394355521,0.03341760021707396,0.4078708877543843,0.8523380001454843,0,
22020,OOD_SIGN_INVERSION,NORMAL,EXACT_CF_SHAPLEY,True,3.0433554981668105e-16,1.0,1.0144518327222703e-16,1.0144518327222703e-16,1.0144518327222703e-16,10368,2.220446049250313e-16
22020,OOD_SIGN_INVERSION,NORMAL,OBS_ASSOC,False,0.6607431785014909,0.5673739927231309,0.6793265706988183,0.007671351186260905,0.41803069241092217,0,
22020,OOD_SIGN_INVERSION,NORMAL,RECENCY,False,0.9,0.25,0.5,0.75,1.0,0,
22020,OOD_SIGN_INVERSION,NORMAL,UNIFORM,False,0.75,1.0,1.0,1.0,1.0,0,
22020,OOD_SIGN_INVERSION,NORMAL,MC_CF_SHAPLEY_4,True,0.5086705202312138,0.99609375,0.3515625,0.3359375,0.34375,2560,
22020,OOD_SIGN_INVERSION,NORMAL,MC_CF_SHAPLEY_16,True,0.360625,0.9990234375,0.185546875,0.201171875,0.1767578125,10240,
22020,OOD_SIGN_INVERSION,NORMAL,MC_CF_SHAPLEY_64,True,0.22187742435996896,0.9794921875,0.095947265625,0.09521484375,0.088134765625,40960,
22020,OOD_SIGN_INVERSION,NORMAL,TD_ELIGIBILITY_PROXY,False,0.7472430365512709,0.5338265687472495,0.7996346635396517,0.01121121887140547,0.7673428281182012,0,
22020,OOD_SIGN_INVERSION,NORMAL,RANDOM,False,0.9452859900557812,0.09836894269612728,0.4336107504258879,0.6368047006794451,0.6290904612204065,0,
22021,TRAIN_CONFOUNDED,NORMAL,EXACT_CF_SHAPLEY,True,2.6281060661048623e-16,1.0,8.760353553682876e-17,8.760353553682876e-17,8.760353553682876e-17,10368,2.220446049250313e-16
22021,TRAIN_CONFOUNDED,NORMAL,OBS_ASSOC,False,0.7152765553884385,0.3750979766637424,0.7260449304622095,0.04312705733138708,0.17314166343117537,0,
22021,TRAIN_CONFOUNDED,NORMAL,RECENCY,False,0.9,0.25,0.5,0.75,1.0,0,
22021,TRAIN_CONFOUNDED,NORMAL,UNIFORM,False,0.75,1.0,1.0,1.0,1.0,0,
22021,TRAIN_CONFOUNDED,NORMAL,MC_CF_SHAPLEY_4,True,0.5018587360594795,1.046875,0.35546875,0.3359375,0.36328125,2560,
22021,TRAIN_CONFOUNDED,NORMAL,MC_CF_SHAPLEY_16,True,0.38661710037174724,0.966796875,0.22265625,0.201171875,0.185546875,10240,
22021,TRAIN_CONFOUNDED,NORMAL,MC_CF_SHAPLEY_64,True,0.22538908681792613,1.008544921875,0.09716796875,0.08935546875,0.10693359375,40960,
22021,TRAIN_CONFOUNDED,NORMAL,TD_ELIGIBILITY_PROXY,False,0.7776614837081871,0.4130688021960665,1.0013893120742634,0.074425871334225,0.3689533746750537,0,
22021,TRAIN_CONFOUNDED,NORMAL,RANDOM,False,0.9864372329121959,0.029293852840031387,0.9869615087814229,0.9140349357764318,0.2295825847644164,0,
22021,OOD_WEAK_CONFOUNDER,NORMAL,EXACT_CF_SHAPLEY,True,8.955509944730267e-17,1.0,2.9851699815767553e-17,2.9851699815767553e-17,2.9851699815767553e-17,10368,2.220446049250313e-16
22021,OOD_WEAK_CONFOUNDER,NORMAL,OBS_ASSOC,True,0.5058347976189831,0.9545989714164832,0.2651271009282601,0.10970311663983122,0.6023113844450723,0,
22021,OOD_WEAK_CONFOUNDER,NORMAL,RECENCY,False,0.9,0.25,0.5,0.75,1.0,0,
22021,OOD_WEAK_CONFOUNDER,NORMAL,UNIFORM,False,0.75,1.0,1.0,1.0,1.0,0,
22021,OOD_WEAK_CONFOUNDER,NORMAL,MC_CF_SHAPLEY_4,True,0.5294117647058824,1.0,0.36328125,0.390625,0.37109375,2560,
22021,OOD_WEAK_CONFOUNDER,NORMAL,MC_CF_SHAPLEY_16,True,0.36681222707423583,0.9912109375,0.2080078125,0.2138671875,0.15234375,10240,
22021,OOD_WEAK_CONFOUNDER,NORMAL,MC_CF_SHAPLEY_64,True,0.21866717152593715,1.007568359375,0.09375,0.092529296875,0.095703125,40960,
22021,OOD_WEAK_CONFOUNDER,NORMAL,TD_ELIGIBILITY_PROXY,False,0.6376210655060573,0.5213084994048686,0.18104941261643961,0.09355076472066412,0.6426641810674059,0,
22021,OOD_WEAK_CONFOUNDER,NORMAL,RANDOM,False,0.881325465520232,0.22591090436476435,0.8943341345451566,0.14454472642003313,0.6388275975279434,0,
22021,OOD_SIGN_INVERSION,NORMAL,EXACT_CF_SHAPLEY,True,2.197677803628117e-16,1.0,7.325592678760391e-17,7.325592678760391e-17,7.325592678760391e-17,10368,2.220446049250313e-16
22021,OOD_SIGN_INVERSION,NORMAL,OBS_ASSOC,False,0.643303121223467,0.6681944702104798,0.71987914290317,0.02920846230035533,0.45600168446183315,0,
22021,OOD_SIGN_INVERSION,NORMAL,RECENCY,False,0.9,0.25,0.5,0.75,1.0,0,
22021,OOD_SIGN_INVERSION,NORMAL,UNIFORM,False,0.75,1.0,1.0,1.0,1.0,0,
22021,OOD_SIGN_INVERSION,NORMAL,MC_CF_SHAPLEY_4,True,0.49298597194388777,0.98828125,0.2890625,0.33984375,0.33203125,2560,
22021,OOD_SIGN_INVERSION,NORMAL,MC_CF_SHAPLEY_16,True,0.3538260300850229,0.96484375,0.1708984375,0.1923828125,0.1650390625,10240,
22021,OOD_SIGN_INVERSION,NORMAL,MC_CF_SHAPLEY_64,True,0.23183720045644732,0.986083984375,0.1103515625,0.09521484375,0.092041015625,40960,
22021,OOD_SIGN_INVERSION,NORMAL,TD_ELIGIBILITY_PROXY,False,0.7334480855676593,0.6650655994937402,0.8942002699623822,0.04542451794562591,0.8903792912763798,0,
22021,OOD_SIGN_INVERSION,NORMAL,RANDOM,False,0.7801487445889425,0.5384422726586773,0.051565572020130124,0.9220228879329255,0.9370900224730975,0,
22022,TRAIN_CONFOUNDED,NORMAL,EXACT_CF_SHAPLEY,True,3.2092384305570926e-16,1.0,1.069746143519031e-16,1.069746143519031e-16,1.069746143519031e-16,10368,2.220446049250313e-16
22022,TRAIN_CONFOUNDED,NORMAL,OBS_ASSOC,False,0.7170543585500055,0.39934923065533895,0.7092746602675684,0.10884112827192974,0.19393410541728928,0,
22022,TRAIN_CONFOUNDED,NORMAL,RECENCY,False,0.9,0.25,0.5,0.75,1.0,0,
22022,TRAIN_CONFOUNDED,NORMAL,UNIFORM,False,0.75,1.0,1.0,1.0,1.0,0,
22022,TRAIN_CONFOUNDED,NORMAL,MC_CF_SHAPLEY_4,True,0.4732824427480916,1.078125,0.28125,0.3671875,0.3203125,2560,
22022,TRAIN_CONFOUNDED,NORMAL,MC_CF_SHAPLEY_16,True,0.3707377557346559,0.9912109375,0.1806640625,0.2021484375,0.201171875,10240,
22022,TRAIN_CONFOUNDED,NORMAL,MC_CF_SHAPLEY_64,True,0.22276392274517157,1.011962890625,0.091552734375,0.100341796875,0.09814453125,40960,
22022,TRAIN_CONFOUNDED,NORMAL,TD_ELIGIBILITY_PROXY,False,0.7816289004397684,0.44258648085511626,0.9777639764128337,0.18868440562198313,0.41772821036665886,0,
22022,TRAIN_CONFOUNDED,NORMAL,RANDOM,False,0.7740227378693633,0.3397926578285636,0.5265281267161221,0.3398867073219116,0.2974511268139426,0,
22022,OOD_WEAK_CONFOUNDER,NORMAL,EXACT_CF_SHAPLEY,True,8.023096076392733e-17,1.0,2.6743653587975775e-17,2.6743653587975775e-17,2.6743653587975775e-17,10368,2.220446049250313e-16
22022,OOD_WEAK_CONFOUNDER,NORMAL,OBS_ASSOC,True,0.4803133414670286,0.9542106122808139,0.15151837260855225,0.18644496418291748,0.5439528719903631,0,
22022,OOD_WEAK_CONFOUNDER,NORMAL,RECENCY,False,0.9,0.25,0.5,0.75,1.0,0,
22022,OOD_WEAK_CONFOUNDER,NORMAL,UNIFORM,False,0.75,1.0,1.0,1.0,1.0,0,
22022,OOD_WEAK_CONFOUNDER,NORMAL,MC_CF_SHAPLEY_4,True,0.5273722627737226,1.01171875,0.328125,0.421875,0.37890625,2560,
22022,OOD_WEAK_CONFOUNDER,NORMAL,MC_CF_SHAPLEY_16,True,0.3522167487684729,1.02734375,0.171875,0.1962890625,0.1904296875,10240,
22022,OOD_WEAK_CONFOUNDER,NORMAL,MC_CF_SHAPLEY_64,True,0.22971948445792267,0.9921875,0.0986328125,0.100341796875,0.096923828125,40960,
22022,OOD_WEAK_CONFOUNDER,NORMAL,TD_ELIGIBILITY_PROXY,False,0.6173695608411632,0.4940013308676881,0.09799269304021048,0.14939275031367386,0.5496796970024255,0,
22022,OOD_WEAK_CONFOUNDER,NORMAL,RANDOM,False,0.7381533297888672,0.6317026923481824,0.3701344500928566,0.6123688154406097,0.7982848782203593,0,
22022,OOD_SIGN_INVERSION,NORMAL,EXACT_CF_SHAPLEY,True,2.9837243786801077e-16,0.9999999999999999,9.945747928933694e-17,9.945747928933694e-17,9.945747928933694e-17,10368,2.220446049250313e-16
22022,OOD_SIGN_INVERSION,NORMAL,OBS_ASSOC,False,0.6241755794342093,0.6524335599527983,0.6943589131858673,0.008443854058723735,0.38076996789802275,0,
22022,OOD_SIGN_INVERSION,NORMAL,RECENCY,False,0.9,0.25,0.5,0.75,1.0,0,
22022,OOD_SIGN_INVERSION,NORMAL,UNIFORM,False,0.75,1.0,1.0,1.0,1.0,0,
22022,OOD_SIGN_INVERSION,NORMAL,MC_CF_SHAPLEY_4,True,0.5056818181818182,1.01953125,0.34765625,0.328125,0.3671875,2560,
22022,OOD_SIGN_INVERSION,NORMAL,MC_CF_SHAPLEY_16,True,0.3646341463414634,1.017578125,0.1875,0.2001953125,0.1962890625,10240,
22022,OOD_SIGN_INVERSION,NORMAL,MC_CF_SHAPLEY_64,True,0.231478068558791,1.01806640625,0.10546875,0.102294921875,0.098876953125,40960,
22022,OOD_SIGN_INVERSION,NORMAL,TD_ELIGIBILITY_PROXY,False,0.7133268510069297,0.6522636964252181,0.8677226677939001,0.013165907152277185,0.7421347539962486,0,
22022,OOD_SIGN_INVERSION,NORMAL,RANDOM,False,0.8200340780889103,0.2803451127506408,0.8838239062692619,0.38592103825316615,0.007677712166871853,0,
22023,TRAIN_CONFOUNDED,NORMAL,EXACT_CF_SHAPLEY,True,3.218996250109462e-16,1.0,1.0729987500364875e-16,1.0729987500364875e-16,1.0729987500364875e-16,10368,2.220446049250313e-16
22023,TRAIN_CONFOUNDED,NORMAL,OBS_ASSOC,False,0.7274977579688661,0.44625773387866674,0.7086103322886517,0.21958849547694964,0.26317302463884523,0,
22023,TRAIN_CONFOUNDED,NORMAL,RECENCY,False,0.9,0.25,0.5,0.75,1.0,0,
22023,TRAIN_CONFOUNDED,NORMAL,UNIFORM,False,0.75,1.0,1.0,1.0,1.0,0,
22023,TRAIN_CONFOUNDED,NORMAL,MC_CF_SHAPLEY_4,True,0.5386064030131826,0.95703125,0.36328125,0.375,0.37890625,2560,
22023,TRAIN_CONFOUNDED,NORMAL,MC_CF_SHAPLEY_16,True,0.36961869618696186,1.0009765625,0.1787109375,0.2001953125,0.2080078125,10240,
22023,TRAIN_CONFOUNDED,NORMAL,MC_CF_SHAPLEY_64,True,0.22271632388363907,1.024169921875,0.092529296875,0.103271484375,0.09765625,40960,
22023,TRAIN_CONFOUNDED,NORMAL,TD_ELIGIBILITY_PROXY,False,0.7969987722558529,0.5011675250232711,0.9968553551108302,0.38800252453115763,0.5827652060738965,0,
22023,TRAIN_CONFOUNDED,NORMAL,RANDOM,True,0.4801301997044073,0.2567992286910168,0.09659952349543288,0.05663138736465956,0.08393821280365987,0,
22023,OOD_WEAK_CONFOUNDER,NORMAL,EXACT_CF_SHAPLEY,True,9.93129189996722e-17,1.0,3.3104306333224067e-17,3.3104306333224067e-17,3.3104306333224067e-17,10368,2.220446049250313e-16
22023,OOD_WEAK_CONFOUNDER,NORMAL,OBS_ASSOC,True,0.4695899488980949,0.9528789931239289,0.07170739174956671,0.15498853803046392,0.6169200551688767,0,
22023,OOD_WEAK_CONFOUNDER,NORMAL,RECENCY,False,0.9,0.25,0.5,0.75,1.0,0,
22023,OOD_WEAK_CONFOUNDER,NORMAL,UNIFORM,False,0.75,1.0,1.0,1.0,1.0,0,
22023,OOD_WEAK_CONFOUNDER,NORMAL,MC_CF_SHAPLEY_4,True,0.512241054613936,1.01171875,0.34765625,0.34375,0.37109375,2560,
22023,OOD_WEAK_CONFOUNDER,NORMAL,MC_CF_SHAPLEY_16,True,0.3743811881188119,0.9873046875,0.1923828125,0.1767578125,0.2216796875,10240,
22023,OOD_WEAK_CONFOUNDER,NORMAL,MC_CF_SHAPLEY_64,True,0.23485274807728382,0.995849609375,0.098876953125,0.101806640625,0.10498046875,40960,
22023,OOD_WEAK_CONFOUNDER,NORMAL,TD_ELIGIBILITY_PROXY,False,0.6175163226827766,0.5007936059921103,0.04556386346867427,0.12751080006407206,0.635451933378242,0,
22023,OOD_WEAK_CONFOUNDER,NORMAL,RANDOM,False,0.9789734896944222,0.03854103601020076,0.34227773257867256,0.5044338835598753,0.9477208394142604,0,
22023,OOD_SIGN_INVERSION,NORMAL,EXACT_CF_SHAPLEY,True,2.5858221813779276e-16,0.9999999999999999,8.61940727125976e-17,8.61940727125976e-17,8.61940727125976e-17,10368,2.220446049250313e-16
22023,OOD_SIGN_INVERSION,NORMAL,OBS_ASSOC,False,0.6356880821375843,0.5879968368190314,0.6766192757813263,0.054568212337299256,0.2948085421337174,0,
22023,OOD_SIGN_INVERSION,NORMAL,RECENCY,False,0.9,0.25,0.5,0.75,1.0,0,
22023,OOD_SIGN_INVERSION,NORMAL,UNIFORM,False,0.75,1.0,1.0,1.0,1.0,0,
22023,OOD_SIGN_INVERSION,NORMAL,MC_CF_SHAPLEY_4,True,0.5188679245283019,0.99609375,0.36328125,0.375,0.3359375,2560,
22023,OOD_SIGN_INVERSION,NORMAL,MC_CF_SHAPLEY_16,True,0.37002487562189057,0.9892578125,0.2109375,0.1826171875,0.1875,10240,
22023,OOD_SIGN_INVERSION,NORMAL,MC_CF_SHAPLEY_64,True,0.22119205298013245,1.0048828125,0.09228515625,0.100341796875,0.0927734375,40960,
22023,OOD_SIGN_INVERSION,NORMAL,TD_ELIGIBILITY_PROXY,False,0.7192368324207411,0.5539162150874393,0.7966552948454976,0.08016392055307393,0.5421594469414915,0,
22023,OOD_SIGN_INVERSION,NORMAL,RANDOM,False,0.8984129978508734,0.2131541513539953,0.42789185461559776,0.6002434222700551,0.8569529339189612,0,
22024,TRAIN_CONFOUNDED,NORMAL,EXACT_CF_SHAPLEY,True,3.2222488566269187e-16,1.0,1.074082952208973e-16,1.074082952208973e-16,1.074082952208973e-16,10368,2.220446049250313e-16
22024,TRAIN_CONFOUNDED,NORMAL,OBS_ASSOC,False,0.7260531458662554,0.3990192719646898,0.7145774613388431,0.03572267337359077,0.3072378267557636,0,
22024,TRAIN_CONFOUNDED,NORMAL,RECENCY,False,0.9,0.25,0.5,0.75,1.0,0,
22024,TRAIN_CONFOUNDED,NORMAL,UNIFORM,False,0.75,1.0,1.0,1.0,1.0,0,
22024,TRAIN_CONFOUNDED,NORMAL,MC_CF_SHAPLEY_4,True,0.5207920792079208,0.9453125,0.30859375,0.40625,0.3125,2560,
22024,TRAIN_CONFOUNDED,NORMAL,MC_CF_SHAPLEY_16,True,0.37355973317161917,1.0087890625,0.205078125,0.19140625,0.205078125,10240,
22024,TRAIN_CONFOUNDED,NORMAL,MC_CF_SHAPLEY_64,True,0.22413134784268804,0.9921875,0.091552734375,0.08642578125,0.108642578125,40960,
22024,TRAIN_CONFOUNDED,NORMAL,TD_ELIGIBILITY_PROXY,False,0.7947024024088128,0.43371568237395947,0.9647542897557436,0.06084980369821376,0.6532995994734216,0,
22024,TRAIN_CONFOUNDED,NORMAL,RANDOM,False,0.732149614912501,0.49336128669014945,0.08763050060573807,0.45954524408298025,0.8013915756268026,0,
22024,OOD_WEAK_CONFOUNDER,NORMAL,EXACT_CF_SHAPLEY,True,8.738669510233166e-17,1.0,2.912889836744389e-17,2.912889836744389e-17,2.912889836744389e-17,10368,2.220446049250313e-16
22024,OOD_WEAK_CONFOUNDER,NORMAL,OBS_ASSOC,True,0.5232873632113093,0.9545696240718516,0.3098624352648884,0.037496565997802274,0.7004718784619985,0,
22024,OOD_WEAK_CONFOUNDER,NORMAL,RECENCY,False,0.9,0.25,0.5,0.75,1.0,0,
22024,OOD_WEAK_CONFOUNDER,NORMAL,UNIFORM,False,0.75,1.0,1.0,1.0,1.0,0,
22024,OOD_WEAK_CONFOUNDER,NORMAL,MC_CF_SHAPLEY_4,True,0.5234521575984991,0.9921875,0.37890625,0.3203125,0.390625,2560,
22024,OOD_WEAK_CONFOUNDER,NORMAL,MC_CF_SHAPLEY_16,True,0.36203759854457246,1.02734375,0.208984375,0.1708984375,0.203125,10240,
22024,OOD_WEAK_CONFOUNDER,NORMAL,MC_CF_SHAPLEY_64,True,0.22652248150256118,0.995361328125,0.086181640625,0.1015625,0.103759765625,40960,
22024,OOD_WEAK_CONFOUNDER,NORMAL,TD_ELIGIBILITY_PROXY,False,0.6555080169295303,0.5148564410843033,0.21226534523487842,0.03185109511429957,0.7355653556986833,0,
22024,OOD_WEAK_CONFOUNDER,NORMAL,RANDOM,False,0.925446301834053,0.15291326847479736,0.44600010644705157,0.6162083986285668,0.8359269636219757,0,
22024,OOD_SIGN_INVERSION,NORMAL,EXACT_CF_SHAPLEY,True,2.492580794544174e-16,1.0,8.308602648480583e-17,8.308602648480583e-17,8.308602648480583e-17,10368,2.220446049250313e-16
22024,OOD_SIGN_INVERSION,NORMAL,OBS_ASSOC,False,0.6633811827610735,0.6359677410293273,0.7527495733711982,0.0028142879013649488,0.49775000781655954,0,
22024,OOD_SIGN_INVERSION,NORMAL,RECENCY,False,0.9,0.25,0.5,0.75,1.0,0,
22024,OOD_SIGN_INVERSION,NORMAL,UNIFORM,False,0.75,1.0,1.0,1.0,1.0,0,
22024,OOD_SIGN_INVERSION,NORMAL,MC_CF_SHAPLEY_4,True,0.5249537892791127,1.00390625,0.33203125,0.34375,0.43359375,2560,
22024,OOD_SIGN_INVERSION,NORMAL,MC_CF_SHAPLEY_16,True,0.38316582914572866,0.958984375,0.2099609375,0.193359375,0.1923828125,10240,
22024,OOD_SIGN_INVERSION,NORMAL,MC_CF_SHAPLEY_64,True,0.22955442752397068,1.00048828125,0.110107421875,0.097900390625,0.090087890625,40960,
22024,OOD_SIGN_INVERSION,NORMAL,TD_ELIGIBILITY_PROXY,False,0.7497407409741205,0.6293057622830377,0.9227607573494118,0.004375386086652488,0.9581733965581282,0,
22024,OOD_SIGN_INVERSION,NORMAL,RANDOM,True,0.643234287473087,0.9877767897954696,0.39779078780801913,0.7567638939145718,0.6263672994462472,0,
22025,TRAIN_CONFOUNDED,NORMAL,EXACT_CF_SHAPLEY,True,2.728936868146014e-16,1.0,9.096456227153382e-17,9.096456227153382e-17,9.096456227153382e-17,10368,2.220446049250313e-16
22025,TRAIN_CONFOUNDED,NORMAL,OBS_ASSOC,False,0.735679020710345,0.4205666473047193,0.7543921708422624,0.0894900237973059,0.32667210666510443,0,
22025,TRAIN_CONFOUNDED,NORMAL,RECENCY,False,0.9,0.25,0.5,0.75,1.0,0,
22025,TRAIN_CONFOUNDED,NORMAL,UNIFORM,False,0.75,1.0,1.0,1.0,1.0,0,
22025,TRAIN_CONFOUNDED,NORMAL,MC_CF_SHAPLEY_4,True,0.5100806451612904,0.94921875,0.2890625,0.33203125,0.3671875,2560,
22025,TRAIN_CONFOUNDED,NORMAL,MC_CF_SHAPLEY_16,True,0.36507936507936506,1.015625,0.1962890625,0.205078125,0.1826171875,10240,
22025,TRAIN_CONFOUNDED,NORMAL,MC_CF_SHAPLEY_64,True,0.23562359970126961,0.99951171875,0.10498046875,0.1044921875,0.0986328125,40960,
22025,TRAIN_CONFOUNDED,NORMAL,TD_ELIGIBILITY_PROXY,False,0.8038559122599722,0.47254375999873627,1.061089753765966,0.15724400297967475,0.7182889559410124,0,
22025,TRAIN_CONFOUNDED,NORMAL,RANDOM,False,0.8112336374138557,0.25542556439003705,0.37031869812445783,0.29900058166988963,0.4283858772569027,0,
22025,OOD_WEAK_CONFOUNDER,NORMAL,EXACT_CF_SHAPLEY,True,7.892991815694472e-17,1.0,2.6309972718981573e-17,2.6309972718981573e-17,2.6309972718981573e-17,10368,2.220446049250313e-16
22025,OOD_WEAK_CONFOUNDER,NORMAL,OBS_ASSOC,True,0.41997641665800794,0.9620948340258654,0.17243417234633182,0.04127821664220198,0.4829095286087799,0,
22025,OOD_WEAK_CONFOUNDER,NORMAL,RECENCY,False,0.9,0.25,0.5,0.75,1.0,0,
22025,OOD_WEAK_CONFOUNDER,NORMAL,UNIFORM,False,0.75,1.0,1.0,1.0,1.0,0,
22025,OOD_WEAK_CONFOUNDER,NORMAL,MC_CF_SHAPLEY_4,True,0.51171875,0.9765625,0.37890625,0.26953125,0.375,2560,
22025,OOD_WEAK_CONFOUNDER,NORMAL,MC_CF_SHAPLEY_16,True,0.3710247349823322,1.04296875,0.203125,0.216796875,0.1953125,10240,
22025,OOD_WEAK_CONFOUNDER,NORMAL,MC_CF_SHAPLEY_64,True,0.22203130966017565,0.994873046875,0.093994140625,0.0927734375,0.09716796875,40960,
22025,OOD_WEAK_CONFOUNDER,NORMAL,TD_ELIGIBILITY_PROXY,True,0.5596298035359367,0.5045820888651829,0.11304394301517462,0.03382633142241235,0.49436107483792774,0,
22025,OOD_WEAK_CONFOUNDER,NORMAL,RANDOM,False,0.7514329179627743,0.4274432684157514,0.7460679929382329,0.17058964518339392,0.37552851869655945,0,
22025,OOD_SIGN_INVERSION,NORMAL,EXACT_CF_SHAPLEY,True,2.672016254090525e-16,1.0,8.906720846968419e-17,8.906720846968419e-17,8.906720846968419e-17,10368,2.220446049250313e-16
22025,OOD_SIGN_INVERSION,NORMAL,OBS_ASSOC,False,0.6520362297021698,0.6242798992501379,0.6827198454999566,0.059149543210563704,0.42794524870849654,0,
22025,OOD_SIGN_INVERSION,NORMAL,RECENCY,False,0.9,0.25,0.5,0.75,1.0,0,
22025,OOD_SIGN_INVERSION,NORMAL,UNIFORM,False,0.75,1.0,1.0,1.0,1.0,0,
22025,OOD_SIGN_INVERSION,NORMAL,MC_CF_SHAPLEY_4,True,0.4931506849315068,1.01171875,0.30859375,0.3359375,0.33984375,2560,
22025,OOD_SIGN_INVERSION,NORMAL,MC_CF_SHAPLEY_16,True,0.38366336633663367,0.97265625,0.203125,0.201171875,0.201171875,10240,
22025,OOD_SIGN_INVERSION,NORMAL,MC_CF_SHAPLEY_64,True,0.23229026684584372,0.976318359375,0.099853515625,0.093017578125,0.1025390625,40960,
22025,OOD_SIGN_INVERSION,NORMAL,TD_ELIGIBILITY_PROXY,False,0.7403328320013033,0.6245383142093536,0.8541702411138958,0.09026422280443169,0.8361765483073342,0,
22025,OOD_SIGN_INVERSION,NORMAL,RANDOM,False,0.9780330719558473,0.022342370400493916,0.3877651543483376,0.5365035489948791,0.07048018069053019,0,
22026,TRAIN_CONFOUNDED,NORMAL,EXACT_CF_SHAPLEY,True,2.9381878874357165e-16,1.0,9.793959624785724e-17,9.793959624785724e-17,9.793959624785724e-17,10368,2.220446049250313e-16
22026,TRAIN_CONFOUNDED,NORMAL,OBS_ASSOC,False,0.7239846494535789,0.4488955793178884,0.8021861093239696,0.07332424623548946,0.3019368697138474,0,
22026,TRAIN_CONFOUNDED,NORMAL,RECENCY,False,0.9,0.25,0.5,0.75,1.0,0,
22026,TRAIN_CONFOUNDED,NORMAL,UNIFORM,False,0.75,1.0,1.0,1.0,1.0,0,
22026,TRAIN_CONFOUNDED,NORMAL,MC_CF_SHAPLEY_4,True,0.49063670411985016,1.0625,0.33203125,0.3515625,0.33984375,2560,
22026,TRAIN_CONFOUNDED,NORMAL,MC_CF_SHAPLEY_16,True,0.368,1.0029296875,0.185546875,0.19921875,0.19921875,10240,
22026,TRAIN_CONFOUNDED,NORMAL,MC_CF_SHAPLEY_64,True,0.23272727272727273,0.978759765625,0.09619140625,0.097900390625,0.102783203125,40960,
22026,TRAIN_CONFOUNDED,NORMAL,TD_ELIGIBILITY_PROXY,False,0.791747723931847,0.5158368722006564,1.1512773673164511,0.13154139697955858,0.6783250810242444,0,
22026,TRAIN_CONFOUNDED,NORMAL,RANDOM,True,0.5039010885697864,0.8269578440604689,0.3176515827754076,0.14264444465019488,0.3796674319217822,0,
22026,OOD_WEAK_CONFOUNDER,NORMAL,EXACT_CF_SHAPLEY,True,1.0083080204115191e-16,1.0,3.361026734705064e-17,3.361026734705064e-17,3.361026734705064e-17,10368,2.220446049250313e-16
22026,OOD_WEAK_CONFOUNDER,NORMAL,OBS_ASSOC,True,0.4054054133955362,0.9531293049883899,0.07099418546581887,0.05756298191985122,0.5213037439200391,0,
22026,OOD_WEAK_CONFOUNDER,NORMAL,RECENCY,False,0.9,0.25,0.5,0.75,1.0,0,
22026,OOD_WEAK_CONFOUNDER,NORMAL,UNIFORM,False,0.75,1.0,1.0,1.0,1.0,0,
22026,OOD_WEAK_CONFOUNDER,NORMAL,MC_CF_SHAPLEY_4,True,0.5057915057915058,1.0,0.3046875,0.3359375,0.3828125,2560,
22026,OOD_WEAK_CONFOUNDER,NORMAL,MC_CF_SHAPLEY_16,True,0.3565989847715736,0.990234375,0.169921875,0.1787109375,0.2001953125,10240,
22026,OOD_WEAK_CONFOUNDER,NORMAL,MC_CF_SHAPLEY_64,True,0.23358070500927644,1.008544921875,0.098388671875,0.10205078125,0.10693359375,40960,
22026,OOD_WEAK_CONFOUNDER,NORMAL,TD_ELIGIBILITY_PROXY,False,0.5563973484677941,0.49176343312740195,0.04559038576003609,0.04640531435144149,0.5248082556819224,0,
22026,OOD_WEAK_CONFOUNDER,NORMAL,RANDOM,False,0.9641467100079253,0.029204555813402866,0.20553468530512375,0.33622754522176124,0.24359042221319427,0,
22026,OOD_SIGN_INVERSION,NORMAL,EXACT_CF_SHAPLEY,True,2.7614629333205793e-16,1.0,9.204876444401933e-17,9.204876444401933e-17,9.204876444401933e-17,10368,2.220446049250313e-16
22026,OOD_SIGN_INVERSION,NORMAL,OBS_ASSOC,False,0.6931394348506041,0.5442104154062528,0.7657322765829004,0.13582269962209886,0.3277124586341923,0,
22026,OOD_SIGN_INVERSION,NORMAL,RECENCY,False,0.9,0.25,0.5,0.75,1.0,0,
22026,OOD_SIGN_INVERSION,NORMAL,UNIFORM,False,0.75,1.0,1.0,1.0,1.0,0,
22026,OOD_SIGN_INVERSION,NORMAL,MC_CF_SHAPLEY_4,True,0.5199240986717267,0.98828125,0.37890625,0.30859375,0.3828125,2560,
22026,OOD_SIGN_INVERSION,NORMAL,MC_CF_SHAPLEY_16,True,0.37839433293978747,1.0283203125,0.224609375,0.1982421875,0.203125,10240,
22026,OOD_SIGN_INVERSION,NORMAL,MC_CF_SHAPLEY_64,True,0.221379833206975,1.0029296875,0.091064453125,0.09814453125,0.095947265625,40960,
22026,OOD_SIGN_INVERSION,NORMAL,TD_ELIGIBILITY_PROXY,False,0.7705180356790037,0.49778393727479664,0.8824930071684032,0.19643618280624764,0.5924505312004292,0,
22026,OOD_SIGN_INVERSION,NORMAL,RANDOM,False,0.7962626703602104,0.4197066653557896,0.4045784514580527,0.9025394107224308,0.33321359163332986,0,
22027,TRAIN_CONFOUNDED,NORMAL,EXACT_CF_SHAPLEY,True,2.8926513961913253e-16,1.0,9.642171320637753e-17,9.642171320637753e-17,9.642171320637753e-17,10368,2.220446049250313e-16
22027,TRAIN_CONFOUNDED,NORMAL,OBS_ASSOC,False,0.6802580327227005,0.5376072597277002,0.7354410508722218,0.05349428936442179,0.35483587001127476,0,
22027,TRAIN_CONFOUNDED,NORMAL,RECENCY,False,0.9,0.25,0.5,0.75,1.0,0,
22027,TRAIN_CONFOUNDED,NORMAL,UNIFORM,False,0.75,1.0,1.0,1.0,1.0,0,
22027,TRAIN_CONFOUNDED,NORMAL,MC_CF_SHAPLEY_4,True,0.5220458553791887,1.05859375,0.375,0.41796875,0.36328125,2560,
22027,TRAIN_CONFOUNDED,NORMAL,MC_CF_SHAPLEY_16,True,0.3800251256281407,0.9638671875,0.205078125,0.19921875,0.1865234375,10240,
22027,TRAIN_CONFOUNDED,NORMAL,MC_CF_SHAPLEY_64,True,0.2236223434267444,1.0078125,0.10302734375,0.09375,0.093505859375,40960,
22027,TRAIN_CONFOUNDED,NORMAL,TD_ELIGIBILITY_PROXY,False,0.7595831409063801,0.6515665631511685,1.117040209741449,0.10160089063687781,0.8399457159281578,0,
22027,TRAIN_CONFOUNDED,NORMAL,RANDOM,False,0.9543935334665534,0.08225624399390363,0.6776969393785962,0.2937252435829888,0.7499308031868831,0,
22027,OOD_WEAK_CONFOUNDER,NORMAL,EXACT_CF_SHAPLEY,True,8.012254054667878e-17,1.0,2.670751351555959e-17,2.670751351555959e-17,2.670751351555959e-17,10368,2.220446049250313e-16
22027,OOD_WEAK_CONFOUNDER,NORMAL,OBS_ASSOC,True,0.4751760663894049,0.945520409181403,0.2637589081551371,0.044390375781905425,0.5479257537137355,0,
22027,OOD_WEAK_CONFOUNDER,NORMAL,RECENCY,False,0.9,0.25,0.5,0.75,1.0,0,
22027,OOD_WEAK_CONFOUNDER,NORMAL,UNIFORM,False,0.75,1.0,1.0,1.0,1.0,0,
22027,OOD_WEAK_CONFOUNDER,NORMAL,MC_CF_SHAPLEY_4,True,0.5287569573283859,0.9921875,0.421875,0.3125,0.37890625,2560,
22027,OOD_WEAK_CONFOUNDER,NORMAL,MC_CF_SHAPLEY_16,True,0.3768996960486322,1.0009765625,0.1865234375,0.2060546875,0.212890625,10240,
22027,OOD_WEAK_CONFOUNDER,NORMAL,MC_CF_SHAPLEY_64,True,0.21667907669396871,1.02734375,0.09423828125,0.0859375,0.10400390625,40960,
22027,OOD_WEAK_CONFOUNDER,NORMAL,TD_ELIGIBILITY_PROXY,False,0.6077493068723532,0.5090840379579392,0.17716745814082777,0.03731257168369609,0.5742896948169377,0,
22027,OOD_WEAK_CONFOUNDER,NORMAL,RANDOM,True,0.5227815264420227,0.593998755060422,0.20256806224404855,0.36674520669795985,0.08139828788422199,0,
22027,OOD_SIGN_INVERSION,NORMAL,EXACT_CF_SHAPLEY,True,3.03739238621814e-16,0.9999999999999999,1.0124641287393803e-16,1.0124641287393803e-16,1.0124641287393803e-16,10368,2.220446049250313e-16
22027,OOD_SIGN_INVERSION,NORMAL,OBS_ASSOC,False,0.67417124773217,0.5807835767568067,0.5991267524015567,0.18744446896793585,0.4151262527767981,0,
22027,OOD_SIGN_INVERSION,NORMAL,RECENCY,False,0.9,0.25,0.5,0.75,1.0,0,
22027,OOD_SIGN_INVERSION,NORMAL,UNIFORM,False,0.75,1.0,1.0,1.0,1.0,0,
22027,OOD_SIGN_INVERSION,NORMAL,MC_CF_SHAPLEY_4,True,0.5151515151515151,1.0,0.37109375,0.37890625,0.3125,2560,
22027,OOD_SIGN_INVERSION,NORMAL,MC_CF_SHAPLEY_16,True,0.36330498177399756,1.0234375,0.1875,0.2109375,0.185546875,10240,
22027,OOD_SIGN_INVERSION,NORMAL,MC_CF_SHAPLEY_64,True,0.23889511011571482,0.99560546875,0.100341796875,0.1103515625,0.101806640625,40960,
22027,OOD_SIGN_INVERSION,NORMAL,TD_ELIGIBILITY_PROXY,False,0.761886880133529,0.5472038107174859,0.7079503706936617,0.27713500071155317,0.7657942289230529,0,
22027,OOD_SIGN_INVERSION,NORMAL,RANDOM,False,0.8112732735715329,0.4125962223360008,0.5036184172842937,0.3760731834822373,0.8939219954224918,0,
22028,TRAIN_CONFOUNDED,NORMAL,EXACT_CF_SHAPLEY,True,2.9620403352303976e-16,0.9999999999999999,9.873467784101327e-17,9.873467784101327e-17,9.873467784101327e-17,10368,2.220446049250313e-16
22028,TRAIN_CONFOUNDED,NORMAL,OBS_ASSOC,False,0.6929973960807746,0.47736052694094694,0.7576814780337232,0.03699780263325504,0.28286728714278936,0,
22028,TRAIN_CONFOUNDED,NORMAL,RECENCY,False,0.9,0.25,0.5,0.75,1.0,0,
22028,TRAIN_CONFOUNDED,NORMAL,UNIFORM,False,0.75,1.0,1.0,1.0,1.0,0,
22028,TRAIN_CONFOUNDED,NORMAL,MC_CF_SHAPLEY_4,True,0.5100182149362478,1.05078125,0.3828125,0.37109375,0.33984375,2560,
22028,TRAIN_CONFOUNDED,NORMAL,MC_CF_SHAPLEY_16,True,0.38125,0.966796875,0.1962890625,0.203125,0.1962890625,10240,
22028,TRAIN_CONFOUNDED,NORMAL,MC_CF_SHAPLEY_64,True,0.23639423976061344,0.996826171875,0.099609375,0.10009765625,0.10888671875,40960,
22028,TRAIN_CONFOUNDED,NORMAL,TD_ELIGIBILITY_PROXY,False,0.765425125770056,0.5437069742518802,1.0772774000924086,0.06597298348787649,0.6308824194958483,0,
22028,TRAIN_CONFOUNDED,NORMAL,RANDOM,False,0.7256999490219029,0.5223730354454718,0.27811921097088255,0.21036697608716137,0.8935262618695196,0,
22028,OOD_WEAK_CONFOUNDER,NORMAL,EXACT_CF_SHAPLEY,True,9.334980705100193e-17,1.0,3.111660235033398e-17,3.111660235033398e-17,3.111660235033398e-17,10368,2.220446049250313e-16
22028,OOD_WEAK_CONFOUNDER,NORMAL,OBS_ASSOC,True,0.5166034286435599,0.9586425069239666,0.32501884114471485,0.08482796533581678,0.61464950827551,0,
22028,OOD_WEAK_CONFOUNDER,NORMAL,RECENCY,False,0.9,0.25,0.5,0.75,1.0,0,
22028,OOD_WEAK_CONFOUNDER,NORMAL,UNIFORM,False,0.75,1.0,1.0,1.0,1.0,0,
22028,OOD_WEAK_CONFOUNDER,NORMAL,MC_CF_SHAPLEY_4,True,0.48785046728971965,1.0703125,0.33203125,0.35546875,0.33203125,2560,
22028,OOD_WEAK_CONFOUNDER,NORMAL,MC_CF_SHAPLEY_16,True,0.36134969325153377,1.0166015625,0.2060546875,0.1904296875,0.1787109375,10240,
22028,OOD_WEAK_CONFOUNDER,NORMAL,MC_CF_SHAPLEY_64,True,0.2303422756706753,1.015625,0.094482421875,0.103759765625,0.105712890625,40960,
22028,OOD_WEAK_CONFOUNDER,NORMAL,TD_ELIGIBILITY_PROXY,False,0.645091039315263,0.5179105381338572,0.21973343590951014,0.07179172744929956,0.6498414526671944,0,
22028,OOD_WEAK_CONFOUNDER,NORMAL,RANDOM,True,0.5005455016243552,0.8406775739129136,0.2113176612612755,0.3087708399445487,0.3224254401184147,0,
22028,OOD_SIGN_INVERSION,NORMAL,EXACT_CF_SHAPLEY,True,2.6844845790741085e-16,1.0,8.94828193024703e-17,8.94828193024703e-17,8.94828193024703e-17,10368,2.220446049250313e-16
22028,OOD_SIGN_INVERSION,NORMAL,OBS_ASSOC,False,0.6549681366264904,0.5724872036010027,0.6981091542349943,0.11873302442276676,0.26990057408084644,0,
22028,OOD_SIGN_INVERSION,NORMAL,RECENCY,False,0.9,0.25,0.5,0.75,1.0,0,
22028,OOD_SIGN_INVERSION,NORMAL,UNIFORM,False,0.75,1.0,1.0,1.0,1.0,0,
22028,OOD_SIGN_INVERSION,NORMAL,MC_CF_SHAPLEY_4,True,0.486,1.00390625,0.3515625,0.31640625,0.28125,2560,
22028,OOD_SIGN_INVERSION,NORMAL,MC_CF_SHAPLEY_16,True,0.33840304182509506,1.01953125,0.1826171875,0.18359375,0.1552734375,10240,
22028,OOD_SIGN_INVERSION,NORMAL,MC_CF_SHAPLEY_64,True,0.21485983140560674,0.977783203125,0.0859375,0.099853515625,0.081787109375,40960,
22028,OOD_SIGN_INVERSION,NORMAL,TD_ELIGIBILITY_PROXY,False,0.7343235934306882,0.5364959917275992,0.8176755710817742,0.17172163714601332,0.4934656082104936,0,
22028,OOD_SIGN_INVERSION,NORMAL,RANDOM,False,0.8844221740974333,0.20704919844331127,0.9123048971102297,0.4521650893206157,0.21990747353915963,0,
22029,TRAIN_CONFOUNDED,NORMAL,EXACT_CF_SHAPLEY,True,3.1897227914523536e-16,1.0,1.063240930484118e-16,1.063240930484118e-16,1.063240930484118e-16,10368,2.220446049250313e-16
22029,TRAIN_CONFOUNDED,NORMAL,OBS_ASSOC,False,0.703051091836074,0.45843682300787064,0.6481996132927985,0.11863239643648675,0.31855507233272806,0,
22029,TRAIN_CONFOUNDED,NORMAL,RECENCY,False,0.9,0.25,0.5,0.75,1.0,0,
22029,TRAIN_CONFOUNDED,NORMAL,UNIFORM,False,0.75,1.0,1.0,1.0,1.0,0,
22029,TRAIN_CONFOUNDED,NORMAL,MC_CF_SHAPLEY_4,True,0.5362595419847328,0.94921875,0.328125,0.37109375,0.3984375,2560,
22029,TRAIN_CONFOUNDED,NORMAL,MC_CF_SHAPLEY_16,True,0.3630573248407643,0.9765625,0.181640625,0.212890625,0.162109375,10240,
22029,TRAIN_CONFOUNDED,NORMAL,MC_CF_SHAPLEY_64,True,0.22876429776861054,1.004150390625,0.105224609375,0.0888671875,0.103759765625,40960,
22029,TRAIN_CONFOUNDED,NORMAL,TD_ELIGIBILITY_PROXY,False,0.7784695176488416,0.5251738084411496,0.9207782209622282,0.21064908999323145,0.714060483771266,0,
22029,TRAIN_CONFOUNDED,NORMAL,RANDOM,False,0.7402289376612287,0.5360096357642702,0.7073950994341793,0.2549707489617099,0.5650169158187567,0,
22029,OOD_WEAK_CONFOUNDER,NORMAL,EXACT_CF_SHAPLEY,True,6.570265165262157e-17,1.0,2.190088388420719e-17,2.190088388420719e-17,2.190088388420719e-17,10368,2.220446049250313e-16
22029,OOD_WEAK_CONFOUNDER,NORMAL,OBS_ASSOC,True,0.48709100219091095,0.9485148721215224,0.22529962354816396,0.06963513421069538,0.6058352845452589,0,
22029,OOD_WEAK_CONFOUNDER,NORMAL,RECENCY,False,0.9,0.25,0.5,0.75,1.0,0,
22029,OOD_WEAK_CONFOUNDER,NORMAL,UNIFORM,False,0.75,1.0,1.0,1.0,1.0,0,
22029,OOD_WEAK_CONFOUNDER,NORMAL,MC_CF_SHAPLEY_4,True,0.499001996007984,0.98046875,0.3046875,0.33203125,0.33984375,2560,
22029,OOD_WEAK_CONFOUNDER,NORMAL,MC_CF_SHAPLEY_16,True,0.3848964677222899,0.986328125,0.1953125,0.23046875,0.19140625,10240,
22029,OOD_WEAK_CONFOUNDER,NORMAL,MC_CF_SHAPLEY_64,True,0.23342776203966006,0.990966796875,0.09912109375,0.10205078125,0.1005859375,40960,
22029,OOD_WEAK_CONFOUNDER,NORMAL,TD_ELIGIBILITY_PROXY,False,0.623479812896059,0.5228285741783785,0.1530917886070345,0.06003275129787128,0.6526273447754812,0,
22029,OOD_WEAK_CONFOUNDER,NORMAL,RANDOM,True,0.5112131827532602,0.9221007156196078,0.14706270200777838,0.6533410077213975,0.16400454560435673,0,
22029,OOD_SIGN_INVERSION,NORMAL,EXACT_CF_SHAPLEY,True,2.9186722483309774e-16,1.0,9.728907494436594e-17,9.728907494436594e-17,9.728907494436594e-17,10368,2.220446049250313e-16
22029,OOD_SIGN_INVERSION,NORMAL,OBS_ASSOC,False,0.6543543469216658,0.581284960265688,0.6879478725606,0.02937497222685048,0.38312883791847346,0,
22029,OOD_SIGN_INVERSION,NORMAL,RECENCY,False,0.9,0.25,0.5,0.75,1.0,0,
22029,OOD_SIGN_INVERSION,NORMAL,UNIFORM,False,0.75,1.0,1.0,1.0,1.0,0,
22029,OOD_SIGN_INVERSION,NORMAL,MC_CF_SHAPLEY_4,True,0.5379188712522046,1.0234375,0.3828125,0.41015625,0.3984375,2560,
22029,OOD_SIGN_INVERSION,NORMAL,MC_CF_SHAPLEY_16,True,0.375077495350279,0.984375,0.2021484375,0.201171875,0.1875,10240,
22029,OOD_SIGN_INVERSION,NORMAL,MC_CF_SHAPLEY_64,True,0.22345726331927943,0.9892578125,0.09326171875,0.093994140625,0.097412109375,40960,
22029,OOD_SIGN_INVERSION,NORMAL,TD_ELIGIBILITY_PROXY,False,0.7407462831986288,0.5504662570494618,0.817656023023527,0.043641793087523084,0.7115083097430861,0,
22029,OOD_SIGN_INVERSION,NORMAL,RANDOM,False,0.7535810367115116,0.7454843185463184,0.6369641563781451,0.8631113540197861,0.7797118814701907,0,
22030,TRAIN_CONFOUNDED,NORMAL,EXACT_CF_SHAPLEY,True,2.7983258071850865e-16,1.0,9.327752690616957e-17,9.327752690616957e-17,9.327752690616957e-17,10368,2.220446049250313e-16
22030,TRAIN_CONFOUNDED,NORMAL,OBS_ASSOC,False,0.7364880060970479,0.405379274866061,0.8054055931945476,0.05329069983525159,0.2742956798863448,0,
22030,TRAIN_CONFOUNDED,NORMAL,RECENCY,False,0.9,0.25,0.5,0.75,1.0,0,
22030,TRAIN_CONFOUNDED,NORMAL,UNIFORM,False,0.75,1.0,1.0,1.0,1.0,0,
22030,TRAIN_CONFOUNDED,NORMAL,MC_CF_SHAPLEY_4,True,0.5238970588235294,1.01171875,0.3984375,0.37890625,0.3359375,2560,
22030,TRAIN_CONFOUNDED,NORMAL,MC_CF_SHAPLEY_16,True,0.3645200486026732,1.021484375,0.2080078125,0.1982421875,0.1796875,10240,
22030,TRAIN_CONFOUNDED,NORMAL,MC_CF_SHAPLEY_64,True,0.22619940029985008,1.008056640625,0.0888671875,0.10205078125,0.103759765625,40960,
22030,TRAIN_CONFOUNDED,NORMAL,TD_ELIGIBILITY_PROXY,False,0.8016776749571743,0.4503466241972444,1.1295207215284457,0.09338601801666596,0.5975279217230934,0,
22030,TRAIN_CONFOUNDED,NORMAL,RANDOM,False,0.8561875349356531,0.40946273576458125,0.9051549863181992,0.5528670386752372,0.9797144412122206,0,
22030,OOD_WEAK_CONFOUNDER,NORMAL,EXACT_CF_SHAPLEY,True,8.57603918436034e-17,1.0,2.8586797281201136e-17,2.8586797281201136e-17,2.8586797281201136e-17,10368,2.220446049250313e-16
22030,OOD_WEAK_CONFOUNDER,NORMAL,OBS_ASSOC,True,0.4269681537319627,0.9535350931124053,0.05290622460427992,0.1266275743072859,0.5309487351331528,0,
22030,OOD_WEAK_CONFOUNDER,NORMAL,RECENCY,False,0.9,0.25,0.5,0.75,1.0,0,
22030,OOD_WEAK_CONFOUNDER,NORMAL,UNIFORM,False,0.75,1.0,1.0,1.0,1.0,0,
22030,OOD_WEAK_CONFOUNDER,NORMAL,MC_CF_SHAPLEY_4,True,0.5238938053097345,1.05078125,0.38671875,0.3828125,0.38671875,2560,
22030,OOD_WEAK_CONFOUNDER,NORMAL,MC_CF_SHAPLEY_16,True,0.3761412051125989,1.0009765625,0.19921875,0.2177734375,0.1865234375,10240,
22030,OOD_WEAK_CONFOUNDER,NORMAL,MC_CF_SHAPLEY_64,True,0.24090315357342787,0.9931640625,0.1083984375,0.101806640625,0.10498046875,40960,
22030,OOD_WEAK_CONFOUNDER,NORMAL,TD_ELIGIBILITY_PROXY,False,0.5771610533382578,0.4985834319547099,0.034858223704106836,0.1023144917003235,0.5433770329946576,0,
22030,OOD_WEAK_CONFOUNDER,NORMAL,RANDOM,False,0.8258492843459564,0.2823038370241794,0.45681678744271836,0.08734743665914424,0.7945636754588701,0,
22030,OOD_SIGN_INVERSION,NORMAL,EXACT_CF_SHAPLEY,True,2.980471772162651e-16,1.0,9.934905907208839e-17,9.934905907208839e-17,9.934905907208839e-17,10368,2.220446049250313e-16
22030,OOD_SIGN_INVERSION,NORMAL,OBS_ASSOC,False,0.6366568653211419,0.5577917044035484,0.6482860593189005,0.004240540338535304,0.32484680892939616,0,
22030,OOD_SIGN_INVERSION,NORMAL,RECENCY,False,0.9,0.25,0.5,0.75,1.0,0,
22030,OOD_SIGN_INVERSION,NORMAL,UNIFORM,False,0.75,1.0,1.0,1.0,1.0,0,
22030,OOD_SIGN_INVERSION,NORMAL,MC_CF_SHAPLEY_4,True,0.5327102803738317,0.9765625,0.40234375,0.37109375,0.33984375,2560,
22030,OOD_SIGN_INVERSION,NORMAL,MC_CF_SHAPLEY_16,True,0.35994930291508237,0.986328125,0.1630859375,0.1865234375,0.205078125,10240,
22030,OOD_SIGN_INVERSION,NORMAL,MC_CF_SHAPLEY_64,True,0.22467631378522468,0.994140625,0.09130859375,0.095703125,0.10107421875,40960,
22030,OOD_SIGN_INVERSION,NORMAL,TD_ELIGIBILITY_PROXY,False,0.7217193627396484,0.5088200104393188,0.7348505225523596,0.0060084650110919366,0.5787630217101607,0,
22030,OOD_SIGN_INVERSION,NORMAL,RANDOM,False,0.6672857779458992,0.6462714228108273,0.8176079716381149,0.15853683882312397,0.3200057612579441,0,
22031,TRAIN_CONFOUNDED,NORMAL,EXACT_CF_SHAPLEY,True,2.7473683050782677e-16,1.0,9.157894350260894e-17,9.157894350260894e-17,9.157894350260894e-17,10368,2.220446049250313e-16
22031,TRAIN_CONFOUNDED,NORMAL,OBS_ASSOC,False,0.7385495933791352,0.37957355758398825,0.7736161090765764,0.07159515996755983,0.22701462738617606,0,
22031,TRAIN_CONFOUNDED,NORMAL,RECENCY,False,0.9,0.25,0.5,0.75,1.0,0,
22031,TRAIN_CONFOUNDED,NORMAL,UNIFORM,False,0.75,1.0,1.0,1.0,1.0,0,
22031,TRAIN_CONFOUNDED,NORMAL,MC_CF_SHAPLEY_4,True,0.514760147601476,1.02734375,0.359375,0.375,0.35546875,2560,
22031,TRAIN_CONFOUNDED,NORMAL,MC_CF_SHAPLEY_16,True,0.35766423357664234,1.03125,0.1943359375,0.193359375,0.1865234375,10240,
22031,TRAIN_CONFOUNDED,NORMAL,MC_CF_SHAPLEY_64,True,0.21698473282442748,1.001708984375,0.10302734375,0.091552734375,0.0830078125,40960,
22031,TRAIN_CONFOUNDED,NORMAL,TD_ELIGIBILITY_PROXY,False,0.800397267942056,0.4214434667476669,1.074083471405746,0.12388816030655009,0.4919962154158571,0,
22031,TRAIN_CONFOUNDED,NORMAL,RANDOM,False,0.7259387889619021,0.5785987741520882,0.22889033135115933,0.6740397591911178,0.62967385516684,0,
22031,OOD_WEAK_CONFOUNDER,NORMAL,EXACT_CF_SHAPLEY,True,8.695301423333746e-17,1.0,2.898433807777915e-17,2.898433807777915e-17,2.898433807777915e-17,10368,2.220446049250313e-16
22031,OOD_WEAK_CONFOUNDER,NORMAL,OBS_ASSOC,True,0.4730994636914314,0.9561796512617639,0.22279185995799586,0.0612120404562907,0.5745415916322052,0,
22031,OOD_WEAK_CONFOUNDER,NORMAL,RECENCY,False,0.9,0.25,0.5,0.75,1.0,0,
22031,OOD_WEAK_CONFOUNDER,NORMAL,UNIFORM,False,0.75,1.0,1.0,1.0,1.0,0,
22031,OOD_WEAK_CONFOUNDER,NORMAL,MC_CF_SHAPLEY_4,True,0.5234375,0.953125,0.3359375,0.37890625,0.33203125,2560,
22031,OOD_WEAK_CONFOUNDER,NORMAL,MC_CF_SHAPLEY_16,True,0.3775829680651221,0.970703125,0.2021484375,0.1923828125,0.1943359375,10240,
22031,OOD_WEAK_CONFOUNDER,NORMAL,MC_CF_SHAPLEY_64,True,0.22137687882724066,1.0244140625,0.101318359375,0.09375,0.09619140625,40960,
22031,OOD_WEAK_CONFOUNDER,NORMAL,TD_ELIGIBILITY_PROXY,False,0.6102764690022714,0.5238472259451854,0.1527211260989853,0.05243092595300569,0.6151515989182811,0,
22031,OOD_WEAK_CONFOUNDER,NORMAL,RANDOM,False,0.8100646107434252,0.43268767922344586,0.8816616966161653,0.6035873731276871,0.3601415013104756,0,
22031,OOD_SIGN_INVERSION,NORMAL,EXACT_CF_SHAPLEY,True,2.900240811398724e-16,1.0,9.667469371329081e-17,9.667469371329081e-17,9.667469371329081e-17,10368,2.220446049250313e-16
22031,OOD_SIGN_INVERSION,NORMAL,OBS_ASSOC,False,0.6782159465190529,0.6009950588256447,0.7397675918830146,0.10919175024367818,0.41774243586816673,0,
22031,OOD_SIGN_INVERSION,NORMAL,RECENCY,False,0.9,0.25,0.5,0.75,1.0,0,
22031,OOD_SIGN_INVERSION,NORMAL,UNIFORM,False,0.75,1.0,1.0,1.0,1.0,0,
22031,OOD_SIGN_INVERSION,NORMAL,MC_CF_SHAPLEY_4,True,0.5353159851301115,0.9765625,0.35546875,0.359375,0.41015625,2560,
22031,OOD_SIGN_INVERSION,NORMAL,MC_CF_SHAPLEY_16,True,0.35789473684210527,1.0126953125,0.1806640625,0.1865234375,0.197265625,10240,
22031,OOD_SIGN_INVERSION,NORMAL,MC_CF_SHAPLEY_64,True,0.22649652842934884,1.00634765625,0.101806640625,0.09716796875,0.095703125,40960,
22031,OOD_SIGN_INVERSION,NORMAL,TD_ELIGIBILITY_PROXY,False,0.7605371327987899,0.581268472777415,0.8943575575818807,0.16263592122864345,0.7891226344698258,0,
22031,OOD_SIGN_INVERSION,NORMAL,RANDOM,True,0.5901182182767771,0.4888647756434559,0.3215751573361042,0.058141714165820146,0.324115363168601,0,
