cohort,family,case,forbidden_transition_accepted,exception_type,detail
PRIMARY,F0_DIRECT_CONSTRUCTION_BYPASS,0,0,TypeError,EpistemicRecord can only be constructed by EpistemicMachine
PRIMARY,F0_DIRECT_CONSTRUCTION_BYPASS,1,0,TypeError,EpistemicRecord can only be constructed by EpistemicMachine
PRIMARY,F0_DIRECT_CONSTRUCTION_BYPASS,2,0,TypeError,EpistemicRecord can only be constructed by EpistemicMachine
PRIMARY,F0_DIRECT_CONSTRUCTION_BYPASS,3,0,TypeError,EpistemicRecord can only be constructed by EpistemicMachine
PRIMARY,F0_DIRECT_CONSTRUCTION_BYPASS,4,0,TypeError,EpistemicRecord can only be constructed by EpistemicMachine
PRIMARY,F0_DIRECT_CONSTRUCTION_BYPASS,5,0,TypeError,EpistemicRecord can only be constructed by EpistemicMachine
PRIMARY,F0_DIRECT_CONSTRUCTION_BYPASS,6,0,TypeError,EpistemicRecord can only be constructed by EpistemicMachine
PRIMARY,F0_DIRECT_CONSTRUCTION_BYPASS,7,0,TypeError,EpistemicRecord can only be constructed by EpistemicMachine
PRIMARY,F0_DIRECT_CONSTRUCTION_BYPASS,8,0,TypeError,EpistemicRecord can only be constructed by EpistemicMachine
PRIMARY,F0_DIRECT_CONSTRUCTION_BYPASS,9,0,TypeError,EpistemicRecord can only be constructed by EpistemicMachine
PRIMARY,F0_DIRECT_CONSTRUCTION_BYPASS,10,0,TypeError,EpistemicRecord can only be constructed by EpistemicMachine
PRIMARY,F0_DIRECT_CONSTRUCTION_BYPASS,11,0,TypeError,EpistemicRecord can only be constructed by EpistemicMachine
PRIMARY,F0_DIRECT_CONSTRUCTION_BYPASS,12,0,TypeError,EpistemicRecord can only be constructed by EpistemicMachine
PRIMARY,F0_DIRECT_CONSTRUCTION_BYPASS,13,0,TypeError,EpistemicRecord can only be constructed by EpistemicMachine
PRIMARY,F0_DIRECT_CONSTRUCTION_BYPASS,14,0,TypeError,EpistemicRecord can only be constructed by EpistemicMachine
PRIMARY,F0_DIRECT_CONSTRUCTION_BYPASS,15,0,TypeError,EpistemicRecord can only be constructed by EpistemicMachine
PRIMARY,F0_DIRECT_CONSTRUCTION_BYPASS,16,0,TypeError,EpistemicRecord can only be constructed by EpistemicMachine
PRIMARY,F0_DIRECT_CONSTRUCTION_BYPASS,17,0,TypeError,EpistemicRecord can only be constructed by EpistemicMachine
PRIMARY,F0_DIRECT_CONSTRUCTION_BYPASS,18,0,TypeError,EpistemicRecord can only be constructed by EpistemicMachine
PRIMARY,F0_DIRECT_CONSTRUCTION_BYPASS,19,0,TypeError,EpistemicRecord can only be constructed by EpistemicMachine
PRIMARY,F0_DIRECT_CONSTRUCTION_BYPASS,20,0,TypeError,EpistemicRecord can only be constructed by EpistemicMachine
PRIMARY,F0_DIRECT_CONSTRUCTION_BYPASS,21,0,TypeError,EpistemicRecord can only be constructed by EpistemicMachine
PRIMARY,F0_DIRECT_CONSTRUCTION_BYPASS,22,0,TypeError,EpistemicRecord can only be constructed by EpistemicMachine
PRIMARY,F0_DIRECT_CONSTRUCTION_BYPASS,23,0,TypeError,EpistemicRecord can only be constructed by EpistemicMachine
PRIMARY,F0_DIRECT_CONSTRUCTION_BYPASS,24,0,TypeError,EpistemicRecord can only be constructed by EpistemicMachine
PRIMARY,F0_DIRECT_CONSTRUCTION_BYPASS,25,0,TypeError,EpistemicRecord can only be constructed by EpistemicMachine
PRIMARY,F0_DIRECT_CONSTRUCTION_BYPASS,26,0,TypeError,EpistemicRecord can only be constructed by EpistemicMachine
PRIMARY,F0_DIRECT_CONSTRUCTION_BYPASS,27,0,TypeError,EpistemicRecord can only be constructed by EpistemicMachine
PRIMARY,F0_DIRECT_CONSTRUCTION_BYPASS,28,0,TypeError,EpistemicRecord can only be constructed by EpistemicMachine
PRIMARY,F0_DIRECT_CONSTRUCTION_BYPASS,29,0,TypeError,EpistemicRecord can only be constructed by EpistemicMachine
PRIMARY,F0_DIRECT_CONSTRUCTION_BYPASS,30,0,TypeError,EpistemicRecord can only be constructed by EpistemicMachine
PRIMARY,F0_DIRECT_CONSTRUCTION_BYPASS,31,0,TypeError,EpistemicRecord can only be constructed by EpistemicMachine
PRIMARY,F0_DIRECT_CONSTRUCTION_BYPASS,32,0,TypeError,EpistemicRecord can only be constructed by EpistemicMachine
PRIMARY,F0_DIRECT_CONSTRUCTION_BYPASS,33,0,TypeError,EpistemicRecord can only be constructed by EpistemicMachine
PRIMARY,F0_DIRECT_CONSTRUCTION_BYPASS,34,0,TypeError,EpistemicRecord can only be constructed by EpistemicMachine
PRIMARY,F0_DIRECT_CONSTRUCTION_BYPASS,35,0,TypeError,EpistemicRecord can only be constructed by EpistemicMachine
PRIMARY,F0_DIRECT_CONSTRUCTION_BYPASS,36,0,TypeError,EpistemicRecord can only be constructed by EpistemicMachine
PRIMARY,F0_DIRECT_CONSTRUCTION_BYPASS,37,0,TypeError,EpistemicRecord can only be constructed by EpistemicMachine
PRIMARY,F0_DIRECT_CONSTRUCTION_BYPASS,38,0,TypeError,EpistemicRecord can only be constructed by EpistemicMachine
PRIMARY,F0_DIRECT_CONSTRUCTION_BYPASS,39,0,TypeError,EpistemicRecord can only be constructed by EpistemicMachine
PRIMARY,F0_DIRECT_CONSTRUCTION_BYPASS,40,0,TypeError,EpistemicRecord can only be constructed by EpistemicMachine
PRIMARY,F0_DIRECT_CONSTRUCTION_BYPASS,41,0,TypeError,EpistemicRecord can only be constructed by EpistemicMachine
PRIMARY,F0_DIRECT_CONSTRUCTION_BYPASS,42,0,TypeError,EpistemicRecord can only be constructed by EpistemicMachine
PRIMARY,F0_DIRECT_CONSTRUCTION_BYPASS,43,0,TypeError,EpistemicRecord can only be constructed by EpistemicMachine
PRIMARY,F0_DIRECT_CONSTRUCTION_BYPASS,44,0,TypeError,EpistemicRecord can only be constructed by EpistemicMachine
PRIMARY,F0_DIRECT_CONSTRUCTION_BYPASS,45,0,TypeError,EpistemicRecord can only be constructed by EpistemicMachine
PRIMARY,F0_DIRECT_CONSTRUCTION_BYPASS,46,0,TypeError,EpistemicRecord can only be constructed by EpistemicMachine
PRIMARY,F0_DIRECT_CONSTRUCTION_BYPASS,47,0,TypeError,EpistemicRecord can only be constructed by EpistemicMachine
PRIMARY,F0_DIRECT_CONSTRUCTION_BYPASS,48,0,TypeError,EpistemicRecord can only be constructed by EpistemicMachine
PRIMARY,F0_DIRECT_CONSTRUCTION_BYPASS,49,0,TypeError,EpistemicRecord can only be constructed by EpistemicMachine
PRIMARY,F0_DIRECT_CONSTRUCTION_BYPASS,50,0,TypeError,EpistemicRecord can only be constructed by EpistemicMachine
PRIMARY,F0_DIRECT_CONSTRUCTION_BYPASS,51,0,TypeError,EpistemicRecord can only be constructed by EpistemicMachine
PRIMARY,F0_DIRECT_CONSTRUCTION_BYPASS,52,0,TypeError,EpistemicRecord can only be constructed by EpistemicMachine
PRIMARY,F0_DIRECT_CONSTRUCTION_BYPASS,53,0,TypeError,EpistemicRecord can only be constructed by EpistemicMachine
PRIMARY,F0_DIRECT_CONSTRUCTION_BYPASS,54,0,TypeError,EpistemicRecord can only be constructed by EpistemicMachine
PRIMARY,F0_DIRECT_CONSTRUCTION_BYPASS,55,0,TypeError,EpistemicRecord can only be constructed by EpistemicMachine
PRIMARY,F0_DIRECT_CONSTRUCTION_BYPASS,56,0,TypeError,EpistemicRecord can only be constructed by EpistemicMachine
PRIMARY,F0_DIRECT_CONSTRUCTION_BYPASS,57,0,TypeError,EpistemicRecord can only be constructed by EpistemicMachine
PRIMARY,F0_DIRECT_CONSTRUCTION_BYPASS,58,0,TypeError,EpistemicRecord can only be constructed by EpistemicMachine
PRIMARY,F0_DIRECT_CONSTRUCTION_BYPASS,59,0,TypeError,EpistemicRecord can only be constructed by EpistemicMachine
PRIMARY,F0_DIRECT_CONSTRUCTION_BYPASS,60,0,TypeError,EpistemicRecord can only be constructed by EpistemicMachine
PRIMARY,F0_DIRECT_CONSTRUCTION_BYPASS,61,0,TypeError,EpistemicRecord can only be constructed by EpistemicMachine
PRIMARY,F0_DIRECT_CONSTRUCTION_BYPASS,62,0,TypeError,EpistemicRecord can only be constructed by EpistemicMachine
PRIMARY,F0_DIRECT_CONSTRUCTION_BYPASS,63,0,TypeError,EpistemicRecord can only be constructed by EpistemicMachine
PRIMARY,F0_DIRECT_CONSTRUCTION_BYPASS,64,0,TypeError,EpistemicRecord can only be constructed by EpistemicMachine
PRIMARY,F0_DIRECT_CONSTRUCTION_BYPASS,65,0,TypeError,EpistemicRecord can only be constructed by EpistemicMachine
PRIMARY,F0_DIRECT_CONSTRUCTION_BYPASS,66,0,TypeError,EpistemicRecord can only be constructed by EpistemicMachine
PRIMARY,F0_DIRECT_CONSTRUCTION_BYPASS,67,0,TypeError,EpistemicRecord can only be constructed by EpistemicMachine
PRIMARY,F0_DIRECT_CONSTRUCTION_BYPASS,68,0,TypeError,EpistemicRecord can only be constructed by EpistemicMachine
PRIMARY,F0_DIRECT_CONSTRUCTION_BYPASS,69,0,TypeError,EpistemicRecord can only be constructed by EpistemicMachine
PRIMARY,F0_DIRECT_CONSTRUCTION_BYPASS,70,0,TypeError,EpistemicRecord can only be constructed by EpistemicMachine
PRIMARY,F0_DIRECT_CONSTRUCTION_BYPASS,71,0,TypeError,EpistemicRecord can only be constructed by EpistemicMachine
PRIMARY,F0_DIRECT_CONSTRUCTION_BYPASS,72,0,TypeError,EpistemicRecord can only be constructed by EpistemicMachine
PRIMARY,F0_DIRECT_CONSTRUCTION_BYPASS,73,0,TypeError,EpistemicRecord can only be constructed by EpistemicMachine
PRIMARY,F0_DIRECT_CONSTRUCTION_BYPASS,74,0,TypeError,EpistemicRecord can only be constructed by EpistemicMachine
PRIMARY,F0_DIRECT_CONSTRUCTION_BYPASS,75,0,TypeError,EpistemicRecord can only be constructed by EpistemicMachine
PRIMARY,F0_DIRECT_CONSTRUCTION_BYPASS,76,0,TypeError,EpistemicRecord can only be constructed by EpistemicMachine
PRIMARY,F0_DIRECT_CONSTRUCTION_BYPASS,77,0,TypeError,EpistemicRecord can only be constructed by EpistemicMachine
PRIMARY,F0_DIRECT_CONSTRUCTION_BYPASS,78,0,TypeError,EpistemicRecord can only be constructed by EpistemicMachine
PRIMARY,F0_DIRECT_CONSTRUCTION_BYPASS,79,0,TypeError,EpistemicRecord can only be constructed by EpistemicMachine
PRIMARY,F0_DIRECT_CONSTRUCTION_BYPASS,80,0,TypeError,EpistemicRecord can only be constructed by EpistemicMachine
PRIMARY,F0_DIRECT_CONSTRUCTION_BYPASS,81,0,TypeError,EpistemicRecord can only be constructed by EpistemicMachine
PRIMARY,F0_DIRECT_CONSTRUCTION_BYPASS,82,0,TypeError,EpistemicRecord can only be constructed by EpistemicMachine
PRIMARY,F0_DIRECT_CONSTRUCTION_BYPASS,83,0,TypeError,EpistemicRecord can only be constructed by EpistemicMachine
PRIMARY,F0_DIRECT_CONSTRUCTION_BYPASS,84,0,TypeError,EpistemicRecord can only be constructed by EpistemicMachine
PRIMARY,F0_DIRECT_CONSTRUCTION_BYPASS,85,0,TypeError,EpistemicRecord can only be constructed by EpistemicMachine
PRIMARY,F0_DIRECT_CONSTRUCTION_BYPASS,86,0,TypeError,EpistemicRecord can only be constructed by EpistemicMachine
PRIMARY,F0_DIRECT_CONSTRUCTION_BYPASS,87,0,TypeError,EpistemicRecord can only be constructed by EpistemicMachine
PRIMARY,F0_DIRECT_CONSTRUCTION_BYPASS,88,0,TypeError,EpistemicRecord can only be constructed by EpistemicMachine
PRIMARY,F0_DIRECT_CONSTRUCTION_BYPASS,89,0,TypeError,EpistemicRecord can only be constructed by EpistemicMachine
PRIMARY,F0_DIRECT_CONSTRUCTION_BYPASS,90,0,TypeError,EpistemicRecord can only be constructed by EpistemicMachine
PRIMARY,F0_DIRECT_CONSTRUCTION_BYPASS,91,0,TypeError,EpistemicRecord can only be constructed by EpistemicMachine
PRIMARY,F0_DIRECT_CONSTRUCTION_BYPASS,92,0,TypeError,EpistemicRecord can only be constructed by EpistemicMachine
PRIMARY,F0_DIRECT_CONSTRUCTION_BYPASS,93,0,TypeError,EpistemicRecord can only be constructed by EpistemicMachine
PRIMARY,F0_DIRECT_CONSTRUCTION_BYPASS,94,0,TypeError,EpistemicRecord can only be constructed by EpistemicMachine
PRIMARY,F0_DIRECT_CONSTRUCTION_BYPASS,95,0,TypeError,EpistemicRecord can only be constructed by EpistemicMachine
PRIMARY,F0_DIRECT_CONSTRUCTION_BYPASS,96,0,TypeError,EpistemicRecord can only be constructed by EpistemicMachine
PRIMARY,F0_DIRECT_CONSTRUCTION_BYPASS,97,0,TypeError,EpistemicRecord can only be constructed by EpistemicMachine
PRIMARY,F0_DIRECT_CONSTRUCTION_BYPASS,98,0,TypeError,EpistemicRecord can only be constructed by EpistemicMachine
PRIMARY,F0_DIRECT_CONSTRUCTION_BYPASS,99,0,TypeError,EpistemicRecord can only be constructed by EpistemicMachine
PRIMARY,F0_DIRECT_CONSTRUCTION_BYPASS,100,0,TypeError,EpistemicRecord can only be constructed by EpistemicMachine
PRIMARY,F0_DIRECT_CONSTRUCTION_BYPASS,101,0,TypeError,EpistemicRecord can only be constructed by EpistemicMachine
PRIMARY,F0_DIRECT_CONSTRUCTION_BYPASS,102,0,TypeError,EpistemicRecord can only be constructed by EpistemicMachine
PRIMARY,F0_DIRECT_CONSTRUCTION_BYPASS,103,0,TypeError,EpistemicRecord can only be constructed by EpistemicMachine
PRIMARY,F0_DIRECT_CONSTRUCTION_BYPASS,104,0,TypeError,EpistemicRecord can only be constructed by EpistemicMachine
PRIMARY,F0_DIRECT_CONSTRUCTION_BYPASS,105,0,TypeError,EpistemicRecord can only be constructed by EpistemicMachine
PRIMARY,F0_DIRECT_CONSTRUCTION_BYPASS,106,0,TypeError,EpistemicRecord can only be constructed by EpistemicMachine
PRIMARY,F0_DIRECT_CONSTRUCTION_BYPASS,107,0,TypeError,EpistemicRecord can only be constructed by EpistemicMachine
PRIMARY,F0_DIRECT_CONSTRUCTION_BYPASS,108,0,TypeError,EpistemicRecord can only be constructed by EpistemicMachine
PRIMARY,F0_DIRECT_CONSTRUCTION_BYPASS,109,0,TypeError,EpistemicRecord can only be constructed by EpistemicMachine
PRIMARY,F0_DIRECT_CONSTRUCTION_BYPASS,110,0,TypeError,EpistemicRecord can only be constructed by EpistemicMachine
PRIMARY,F0_DIRECT_CONSTRUCTION_BYPASS,111,0,TypeError,EpistemicRecord can only be constructed by EpistemicMachine
PRIMARY,F0_DIRECT_CONSTRUCTION_BYPASS,112,0,TypeError,EpistemicRecord can only be constructed by EpistemicMachine
PRIMARY,F0_DIRECT_CONSTRUCTION_BYPASS,113,0,TypeError,EpistemicRecord can only be constructed by EpistemicMachine
PRIMARY,F0_DIRECT_CONSTRUCTION_BYPASS,114,0,TypeError,EpistemicRecord can only be constructed by EpistemicMachine
PRIMARY,F0_DIRECT_CONSTRUCTION_BYPASS,115,0,TypeError,EpistemicRecord can only be constructed by EpistemicMachine
PRIMARY,F0_DIRECT_CONSTRUCTION_BYPASS,116,0,TypeError,EpistemicRecord can only be constructed by EpistemicMachine
PRIMARY,F0_DIRECT_CONSTRUCTION_BYPASS,117,0,TypeError,EpistemicRecord can only be constructed by EpistemicMachine
PRIMARY,F0_DIRECT_CONSTRUCTION_BYPASS,118,0,TypeError,EpistemicRecord can only be constructed by EpistemicMachine
PRIMARY,F0_DIRECT_CONSTRUCTION_BYPASS,119,0,TypeError,EpistemicRecord can only be constructed by EpistemicMachine
PRIMARY,F0_DIRECT_CONSTRUCTION_BYPASS,120,0,TypeError,EpistemicRecord can only be constructed by EpistemicMachine
PRIMARY,F0_DIRECT_CONSTRUCTION_BYPASS,121,0,TypeError,EpistemicRecord can only be constructed by EpistemicMachine
PRIMARY,F0_DIRECT_CONSTRUCTION_BYPASS,122,0,TypeError,EpistemicRecord can only be constructed by EpistemicMachine
PRIMARY,F0_DIRECT_CONSTRUCTION_BYPASS,123,0,TypeError,EpistemicRecord can only be constructed by EpistemicMachine
PRIMARY,F0_DIRECT_CONSTRUCTION_BYPASS,124,0,TypeError,EpistemicRecord can only be constructed by EpistemicMachine
PRIMARY,F0_DIRECT_CONSTRUCTION_BYPASS,125,0,TypeError,EpistemicRecord can only be constructed by EpistemicMachine
PRIMARY,F0_DIRECT_CONSTRUCTION_BYPASS,126,0,TypeError,EpistemicRecord can only be constructed by EpistemicMachine
PRIMARY,F0_DIRECT_CONSTRUCTION_BYPASS,127,0,TypeError,EpistemicRecord can only be constructed by EpistemicMachine
PRIMARY,F1_WRONG_CAPABILITY_CLASS,0,0,IllegalTransition,"expected PREDICTIVE, got OBSERVED"
PRIMARY,F1_WRONG_CAPABILITY_CLASS,1,0,IllegalTransition,"expected PREDICTIVE, got OBSERVED"
PRIMARY,F1_WRONG_CAPABILITY_CLASS,2,0,IllegalTransition,"expected PREDICTIVE, got OBSERVED"
PRIMARY,F1_WRONG_CAPABILITY_CLASS,3,0,IllegalTransition,"expected PREDICTIVE, got OBSERVED"
PRIMARY,F1_WRONG_CAPABILITY_CLASS,4,0,IllegalTransition,"expected PREDICTIVE, got OBSERVED"
PRIMARY,F1_WRONG_CAPABILITY_CLASS,5,0,IllegalTransition,"expected PREDICTIVE, got OBSERVED"
PRIMARY,F1_WRONG_CAPABILITY_CLASS,6,0,IllegalTransition,"expected PREDICTIVE, got OBSERVED"
PRIMARY,F1_WRONG_CAPABILITY_CLASS,7,0,IllegalTransition,"expected PREDICTIVE, got OBSERVED"
PRIMARY,F1_WRONG_CAPABILITY_CLASS,8,0,IllegalTransition,"expected PREDICTIVE, got OBSERVED"
PRIMARY,F1_WRONG_CAPABILITY_CLASS,9,0,IllegalTransition,"expected PREDICTIVE, got OBSERVED"
PRIMARY,F1_WRONG_CAPABILITY_CLASS,10,0,IllegalTransition,"expected PREDICTIVE, got OBSERVED"
PRIMARY,F1_WRONG_CAPABILITY_CLASS,11,0,IllegalTransition,"expected PREDICTIVE, got OBSERVED"
PRIMARY,F1_WRONG_CAPABILITY_CLASS,12,0,IllegalTransition,"expected PREDICTIVE, got OBSERVED"
PRIMARY,F1_WRONG_CAPABILITY_CLASS,13,0,IllegalTransition,"expected PREDICTIVE, got OBSERVED"
PRIMARY,F1_WRONG_CAPABILITY_CLASS,14,0,IllegalTransition,"expected PREDICTIVE, got OBSERVED"
PRIMARY,F1_WRONG_CAPABILITY_CLASS,15,0,IllegalTransition,"expected PREDICTIVE, got OBSERVED"
PRIMARY,F1_WRONG_CAPABILITY_CLASS,16,0,IllegalTransition,"expected PREDICTIVE, got OBSERVED"
PRIMARY,F1_WRONG_CAPABILITY_CLASS,17,0,IllegalTransition,"expected PREDICTIVE, got OBSERVED"
PRIMARY,F1_WRONG_CAPABILITY_CLASS,18,0,IllegalTransition,"expected PREDICTIVE, got OBSERVED"
PRIMARY,F1_WRONG_CAPABILITY_CLASS,19,0,IllegalTransition,"expected PREDICTIVE, got OBSERVED"
PRIMARY,F1_WRONG_CAPABILITY_CLASS,20,0,IllegalTransition,"expected PREDICTIVE, got OBSERVED"
PRIMARY,F1_WRONG_CAPABILITY_CLASS,21,0,IllegalTransition,"expected PREDICTIVE, got OBSERVED"
PRIMARY,F1_WRONG_CAPABILITY_CLASS,22,0,IllegalTransition,"expected PREDICTIVE, got OBSERVED"
PRIMARY,F1_WRONG_CAPABILITY_CLASS,23,0,IllegalTransition,"expected PREDICTIVE, got OBSERVED"
PRIMARY,F1_WRONG_CAPABILITY_CLASS,24,0,IllegalTransition,"expected PREDICTIVE, got OBSERVED"
PRIMARY,F1_WRONG_CAPABILITY_CLASS,25,0,IllegalTransition,"expected PREDICTIVE, got OBSERVED"
PRIMARY,F1_WRONG_CAPABILITY_CLASS,26,0,IllegalTransition,"expected PREDICTIVE, got OBSERVED"
PRIMARY,F1_WRONG_CAPABILITY_CLASS,27,0,IllegalTransition,"expected PREDICTIVE, got OBSERVED"
PRIMARY,F1_WRONG_CAPABILITY_CLASS,28,0,IllegalTransition,"expected PREDICTIVE, got OBSERVED"
PRIMARY,F1_WRONG_CAPABILITY_CLASS,29,0,IllegalTransition,"expected PREDICTIVE, got OBSERVED"
PRIMARY,F1_WRONG_CAPABILITY_CLASS,30,0,IllegalTransition,"expected PREDICTIVE, got OBSERVED"
PRIMARY,F1_WRONG_CAPABILITY_CLASS,31,0,IllegalTransition,"expected PREDICTIVE, got OBSERVED"
PRIMARY,F1_WRONG_CAPABILITY_CLASS,32,0,IllegalTransition,"expected PREDICTIVE, got OBSERVED"
PRIMARY,F1_WRONG_CAPABILITY_CLASS,33,0,IllegalTransition,"expected PREDICTIVE, got OBSERVED"
PRIMARY,F1_WRONG_CAPABILITY_CLASS,34,0,IllegalTransition,"expected PREDICTIVE, got OBSERVED"
PRIMARY,F1_WRONG_CAPABILITY_CLASS,35,0,IllegalTransition,"expected PREDICTIVE, got OBSERVED"
PRIMARY,F1_WRONG_CAPABILITY_CLASS,36,0,IllegalTransition,"expected PREDICTIVE, got OBSERVED"
PRIMARY,F1_WRONG_CAPABILITY_CLASS,37,0,IllegalTransition,"expected PREDICTIVE, got OBSERVED"
PRIMARY,F1_WRONG_CAPABILITY_CLASS,38,0,IllegalTransition,"expected PREDICTIVE, got OBSERVED"
PRIMARY,F1_WRONG_CAPABILITY_CLASS,39,0,IllegalTransition,"expected PREDICTIVE, got OBSERVED"
PRIMARY,F1_WRONG_CAPABILITY_CLASS,40,0,IllegalTransition,"expected PREDICTIVE, got OBSERVED"
PRIMARY,F1_WRONG_CAPABILITY_CLASS,41,0,IllegalTransition,"expected PREDICTIVE, got OBSERVED"
PRIMARY,F1_WRONG_CAPABILITY_CLASS,42,0,IllegalTransition,"expected PREDICTIVE, got OBSERVED"
PRIMARY,F1_WRONG_CAPABILITY_CLASS,43,0,IllegalTransition,"expected PREDICTIVE, got OBSERVED"
PRIMARY,F1_WRONG_CAPABILITY_CLASS,44,0,IllegalTransition,"expected PREDICTIVE, got OBSERVED"
PRIMARY,F1_WRONG_CAPABILITY_CLASS,45,0,IllegalTransition,"expected PREDICTIVE, got OBSERVED"
PRIMARY,F1_WRONG_CAPABILITY_CLASS,46,0,IllegalTransition,"expected PREDICTIVE, got OBSERVED"
PRIMARY,F1_WRONG_CAPABILITY_CLASS,47,0,IllegalTransition,"expected PREDICTIVE, got OBSERVED"
PRIMARY,F1_WRONG_CAPABILITY_CLASS,48,0,IllegalTransition,"expected PREDICTIVE, got OBSERVED"
PRIMARY,F1_WRONG_CAPABILITY_CLASS,49,0,IllegalTransition,"expected PREDICTIVE, got OBSERVED"
PRIMARY,F1_WRONG_CAPABILITY_CLASS,50,0,IllegalTransition,"expected PREDICTIVE, got OBSERVED"
PRIMARY,F1_WRONG_CAPABILITY_CLASS,51,0,IllegalTransition,"expected PREDICTIVE, got OBSERVED"
PRIMARY,F1_WRONG_CAPABILITY_CLASS,52,0,IllegalTransition,"expected PREDICTIVE, got OBSERVED"
PRIMARY,F1_WRONG_CAPABILITY_CLASS,53,0,IllegalTransition,"expected PREDICTIVE, got OBSERVED"
PRIMARY,F1_WRONG_CAPABILITY_CLASS,54,0,IllegalTransition,"expected PREDICTIVE, got OBSERVED"
PRIMARY,F1_WRONG_CAPABILITY_CLASS,55,0,IllegalTransition,"expected PREDICTIVE, got OBSERVED"
PRIMARY,F1_WRONG_CAPABILITY_CLASS,56,0,IllegalTransition,"expected PREDICTIVE, got OBSERVED"
PRIMARY,F1_WRONG_CAPABILITY_CLASS,57,0,IllegalTransition,"expected PREDICTIVE, got OBSERVED"
PRIMARY,F1_WRONG_CAPABILITY_CLASS,58,0,IllegalTransition,"expected PREDICTIVE, got OBSERVED"
PRIMARY,F1_WRONG_CAPABILITY_CLASS,59,0,IllegalTransition,"expected PREDICTIVE, got OBSERVED"
PRIMARY,F1_WRONG_CAPABILITY_CLASS,60,0,IllegalTransition,"expected PREDICTIVE, got OBSERVED"
PRIMARY,F1_WRONG_CAPABILITY_CLASS,61,0,IllegalTransition,"expected PREDICTIVE, got OBSERVED"
PRIMARY,F1_WRONG_CAPABILITY_CLASS,62,0,IllegalTransition,"expected PREDICTIVE, got OBSERVED"
PRIMARY,F1_WRONG_CAPABILITY_CLASS,63,0,IllegalTransition,"expected PREDICTIVE, got OBSERVED"
PRIMARY,F1_WRONG_CAPABILITY_CLASS,64,0,IllegalTransition,"expected PREDICTIVE, got OBSERVED"
PRIMARY,F1_WRONG_CAPABILITY_CLASS,65,0,IllegalTransition,"expected PREDICTIVE, got OBSERVED"
PRIMARY,F1_WRONG_CAPABILITY_CLASS,66,0,IllegalTransition,"expected PREDICTIVE, got OBSERVED"
PRIMARY,F1_WRONG_CAPABILITY_CLASS,67,0,IllegalTransition,"expected PREDICTIVE, got OBSERVED"
PRIMARY,F1_WRONG_CAPABILITY_CLASS,68,0,IllegalTransition,"expected PREDICTIVE, got OBSERVED"
PRIMARY,F1_WRONG_CAPABILITY_CLASS,69,0,IllegalTransition,"expected PREDICTIVE, got OBSERVED"
PRIMARY,F1_WRONG_CAPABILITY_CLASS,70,0,IllegalTransition,"expected PREDICTIVE, got OBSERVED"
PRIMARY,F1_WRONG_CAPABILITY_CLASS,71,0,IllegalTransition,"expected PREDICTIVE, got OBSERVED"
PRIMARY,F1_WRONG_CAPABILITY_CLASS,72,0,IllegalTransition,"expected PREDICTIVE, got OBSERVED"
PRIMARY,F1_WRONG_CAPABILITY_CLASS,73,0,IllegalTransition,"expected PREDICTIVE, got OBSERVED"
PRIMARY,F1_WRONG_CAPABILITY_CLASS,74,0,IllegalTransition,"expected PREDICTIVE, got OBSERVED"
PRIMARY,F1_WRONG_CAPABILITY_CLASS,75,0,IllegalTransition,"expected PREDICTIVE, got OBSERVED"
PRIMARY,F1_WRONG_CAPABILITY_CLASS,76,0,IllegalTransition,"expected PREDICTIVE, got OBSERVED"
PRIMARY,F1_WRONG_CAPABILITY_CLASS,77,0,IllegalTransition,"expected PREDICTIVE, got OBSERVED"
PRIMARY,F1_WRONG_CAPABILITY_CLASS,78,0,IllegalTransition,"expected PREDICTIVE, got OBSERVED"
PRIMARY,F1_WRONG_CAPABILITY_CLASS,79,0,IllegalTransition,"expected PREDICTIVE, got OBSERVED"
PRIMARY,F1_WRONG_CAPABILITY_CLASS,80,0,IllegalTransition,"expected PREDICTIVE, got OBSERVED"
PRIMARY,F1_WRONG_CAPABILITY_CLASS,81,0,IllegalTransition,"expected PREDICTIVE, got OBSERVED"
PRIMARY,F1_WRONG_CAPABILITY_CLASS,82,0,IllegalTransition,"expected PREDICTIVE, got OBSERVED"
PRIMARY,F1_WRONG_CAPABILITY_CLASS,83,0,IllegalTransition,"expected PREDICTIVE, got OBSERVED"
PRIMARY,F1_WRONG_CAPABILITY_CLASS,84,0,IllegalTransition,"expected PREDICTIVE, got OBSERVED"
PRIMARY,F1_WRONG_CAPABILITY_CLASS,85,0,IllegalTransition,"expected PREDICTIVE, got OBSERVED"
PRIMARY,F1_WRONG_CAPABILITY_CLASS,86,0,IllegalTransition,"expected PREDICTIVE, got OBSERVED"
PRIMARY,F1_WRONG_CAPABILITY_CLASS,87,0,IllegalTransition,"expected PREDICTIVE, got OBSERVED"
PRIMARY,F1_WRONG_CAPABILITY_CLASS,88,0,IllegalTransition,"expected PREDICTIVE, got OBSERVED"
PRIMARY,F1_WRONG_CAPABILITY_CLASS,89,0,IllegalTransition,"expected PREDICTIVE, got OBSERVED"
PRIMARY,F1_WRONG_CAPABILITY_CLASS,90,0,IllegalTransition,"expected PREDICTIVE, got OBSERVED"
PRIMARY,F1_WRONG_CAPABILITY_CLASS,91,0,IllegalTransition,"expected PREDICTIVE, got OBSERVED"
PRIMARY,F1_WRONG_CAPABILITY_CLASS,92,0,IllegalTransition,"expected PREDICTIVE, got OBSERVED"
PRIMARY,F1_WRONG_CAPABILITY_CLASS,93,0,IllegalTransition,"expected PREDICTIVE, got OBSERVED"
PRIMARY,F1_WRONG_CAPABILITY_CLASS,94,0,IllegalTransition,"expected PREDICTIVE, got OBSERVED"
PRIMARY,F1_WRONG_CAPABILITY_CLASS,95,0,IllegalTransition,"expected PREDICTIVE, got OBSERVED"
PRIMARY,F1_WRONG_CAPABILITY_CLASS,96,0,IllegalTransition,"expected PREDICTIVE, got OBSERVED"
PRIMARY,F1_WRONG_CAPABILITY_CLASS,97,0,IllegalTransition,"expected PREDICTIVE, got OBSERVED"
PRIMARY,F1_WRONG_CAPABILITY_CLASS,98,0,IllegalTransition,"expected PREDICTIVE, got OBSERVED"
PRIMARY,F1_WRONG_CAPABILITY_CLASS,99,0,IllegalTransition,"expected PREDICTIVE, got OBSERVED"
PRIMARY,F1_WRONG_CAPABILITY_CLASS,100,0,IllegalTransition,"expected PREDICTIVE, got OBSERVED"
PRIMARY,F1_WRONG_CAPABILITY_CLASS,101,0,IllegalTransition,"expected PREDICTIVE, got OBSERVED"
PRIMARY,F1_WRONG_CAPABILITY_CLASS,102,0,IllegalTransition,"expected PREDICTIVE, got OBSERVED"
PRIMARY,F1_WRONG_CAPABILITY_CLASS,103,0,IllegalTransition,"expected PREDICTIVE, got OBSERVED"
PRIMARY,F1_WRONG_CAPABILITY_CLASS,104,0,IllegalTransition,"expected PREDICTIVE, got OBSERVED"
PRIMARY,F1_WRONG_CAPABILITY_CLASS,105,0,IllegalTransition,"expected PREDICTIVE, got OBSERVED"
PRIMARY,F1_WRONG_CAPABILITY_CLASS,106,0,IllegalTransition,"expected PREDICTIVE, got OBSERVED"
PRIMARY,F1_WRONG_CAPABILITY_CLASS,107,0,IllegalTransition,"expected PREDICTIVE, got OBSERVED"
PRIMARY,F1_WRONG_CAPABILITY_CLASS,108,0,IllegalTransition,"expected PREDICTIVE, got OBSERVED"
PRIMARY,F1_WRONG_CAPABILITY_CLASS,109,0,IllegalTransition,"expected PREDICTIVE, got OBSERVED"
PRIMARY,F1_WRONG_CAPABILITY_CLASS,110,0,IllegalTransition,"expected PREDICTIVE, got OBSERVED"
PRIMARY,F1_WRONG_CAPABILITY_CLASS,111,0,IllegalTransition,"expected PREDICTIVE, got OBSERVED"
PRIMARY,F1_WRONG_CAPABILITY_CLASS,112,0,IllegalTransition,"expected PREDICTIVE, got OBSERVED"
PRIMARY,F1_WRONG_CAPABILITY_CLASS,113,0,IllegalTransition,"expected PREDICTIVE, got OBSERVED"
PRIMARY,F1_WRONG_CAPABILITY_CLASS,114,0,IllegalTransition,"expected PREDICTIVE, got OBSERVED"
PRIMARY,F1_WRONG_CAPABILITY_CLASS,115,0,IllegalTransition,"expected PREDICTIVE, got OBSERVED"
PRIMARY,F1_WRONG_CAPABILITY_CLASS,116,0,IllegalTransition,"expected PREDICTIVE, got OBSERVED"
PRIMARY,F1_WRONG_CAPABILITY_CLASS,117,0,IllegalTransition,"expected PREDICTIVE, got OBSERVED"
PRIMARY,F1_WRONG_CAPABILITY_CLASS,118,0,IllegalTransition,"expected PREDICTIVE, got OBSERVED"
PRIMARY,F1_WRONG_CAPABILITY_CLASS,119,0,IllegalTransition,"expected PREDICTIVE, got OBSERVED"
PRIMARY,F1_WRONG_CAPABILITY_CLASS,120,0,IllegalTransition,"expected PREDICTIVE, got OBSERVED"
PRIMARY,F1_WRONG_CAPABILITY_CLASS,121,0,IllegalTransition,"expected PREDICTIVE, got OBSERVED"
PRIMARY,F1_WRONG_CAPABILITY_CLASS,122,0,IllegalTransition,"expected PREDICTIVE, got OBSERVED"
PRIMARY,F1_WRONG_CAPABILITY_CLASS,123,0,IllegalTransition,"expected PREDICTIVE, got OBSERVED"
PRIMARY,F1_WRONG_CAPABILITY_CLASS,124,0,IllegalTransition,"expected PREDICTIVE, got OBSERVED"
PRIMARY,F1_WRONG_CAPABILITY_CLASS,125,0,IllegalTransition,"expected PREDICTIVE, got OBSERVED"
PRIMARY,F1_WRONG_CAPABILITY_CLASS,126,0,IllegalTransition,"expected PREDICTIVE, got OBSERVED"
PRIMARY,F1_WRONG_CAPABILITY_CLASS,127,0,IllegalTransition,"expected PREDICTIVE, got OBSERVED"
PRIMARY,F2_UNIDENTIFIED_RESURRECTION,0,0,IllegalTransition,"expected ASSUMPTION_CONDITIONAL, got UNIDENTIFIED"
PRIMARY,F2_UNIDENTIFIED_RESURRECTION,1,0,IllegalTransition,"expected ASSUMPTION_CONDITIONAL, got UNIDENTIFIED"
PRIMARY,F2_UNIDENTIFIED_RESURRECTION,2,0,IllegalTransition,"expected ASSUMPTION_CONDITIONAL, got UNIDENTIFIED"
PRIMARY,F2_UNIDENTIFIED_RESURRECTION,3,0,IllegalTransition,"expected ASSUMPTION_CONDITIONAL, got UNIDENTIFIED"
PRIMARY,F2_UNIDENTIFIED_RESURRECTION,4,0,IllegalTransition,"expected ASSUMPTION_CONDITIONAL, got UNIDENTIFIED"
PRIMARY,F2_UNIDENTIFIED_RESURRECTION,5,0,IllegalTransition,"expected ASSUMPTION_CONDITIONAL, got UNIDENTIFIED"
PRIMARY,F2_UNIDENTIFIED_RESURRECTION,6,0,IllegalTransition,"expected ASSUMPTION_CONDITIONAL, got UNIDENTIFIED"
PRIMARY,F2_UNIDENTIFIED_RESURRECTION,7,0,IllegalTransition,"expected ASSUMPTION_CONDITIONAL, got UNIDENTIFIED"
PRIMARY,F2_UNIDENTIFIED_RESURRECTION,8,0,IllegalTransition,"expected ASSUMPTION_CONDITIONAL, got UNIDENTIFIED"
PRIMARY,F2_UNIDENTIFIED_RESURRECTION,9,0,IllegalTransition,"expected ASSUMPTION_CONDITIONAL, got UNIDENTIFIED"
PRIMARY,F2_UNIDENTIFIED_RESURRECTION,10,0,IllegalTransition,"expected ASSUMPTION_CONDITIONAL, got UNIDENTIFIED"
PRIMARY,F2_UNIDENTIFIED_RESURRECTION,11,0,IllegalTransition,"expected ASSUMPTION_CONDITIONAL, got UNIDENTIFIED"
PRIMARY,F2_UNIDENTIFIED_RESURRECTION,12,0,IllegalTransition,"expected ASSUMPTION_CONDITIONAL, got UNIDENTIFIED"
PRIMARY,F2_UNIDENTIFIED_RESURRECTION,13,0,IllegalTransition,"expected ASSUMPTION_CONDITIONAL, got UNIDENTIFIED"
PRIMARY,F2_UNIDENTIFIED_RESURRECTION,14,0,IllegalTransition,"expected ASSUMPTION_CONDITIONAL, got UNIDENTIFIED"
PRIMARY,F2_UNIDENTIFIED_RESURRECTION,15,0,IllegalTransition,"expected ASSUMPTION_CONDITIONAL, got UNIDENTIFIED"
PRIMARY,F2_UNIDENTIFIED_RESURRECTION,16,0,IllegalTransition,"expected ASSUMPTION_CONDITIONAL, got UNIDENTIFIED"
PRIMARY,F2_UNIDENTIFIED_RESURRECTION,17,0,IllegalTransition,"expected ASSUMPTION_CONDITIONAL, got UNIDENTIFIED"
PRIMARY,F2_UNIDENTIFIED_RESURRECTION,18,0,IllegalTransition,"expected ASSUMPTION_CONDITIONAL, got UNIDENTIFIED"
PRIMARY,F2_UNIDENTIFIED_RESURRECTION,19,0,IllegalTransition,"expected ASSUMPTION_CONDITIONAL, got UNIDENTIFIED"
PRIMARY,F2_UNIDENTIFIED_RESURRECTION,20,0,IllegalTransition,"expected ASSUMPTION_CONDITIONAL, got UNIDENTIFIED"
PRIMARY,F2_UNIDENTIFIED_RESURRECTION,21,0,IllegalTransition,"expected ASSUMPTION_CONDITIONAL, got UNIDENTIFIED"
PRIMARY,F2_UNIDENTIFIED_RESURRECTION,22,0,IllegalTransition,"expected ASSUMPTION_CONDITIONAL, got UNIDENTIFIED"
PRIMARY,F2_UNIDENTIFIED_RESURRECTION,23,0,IllegalTransition,"expected ASSUMPTION_CONDITIONAL, got UNIDENTIFIED"
PRIMARY,F2_UNIDENTIFIED_RESURRECTION,24,0,IllegalTransition,"expected ASSUMPTION_CONDITIONAL, got UNIDENTIFIED"
PRIMARY,F2_UNIDENTIFIED_RESURRECTION,25,0,IllegalTransition,"expected ASSUMPTION_CONDITIONAL, got UNIDENTIFIED"
PRIMARY,F2_UNIDENTIFIED_RESURRECTION,26,0,IllegalTransition,"expected ASSUMPTION_CONDITIONAL, got UNIDENTIFIED"
PRIMARY,F2_UNIDENTIFIED_RESURRECTION,27,0,IllegalTransition,"expected ASSUMPTION_CONDITIONAL, got UNIDENTIFIED"
PRIMARY,F2_UNIDENTIFIED_RESURRECTION,28,0,IllegalTransition,"expected ASSUMPTION_CONDITIONAL, got UNIDENTIFIED"
PRIMARY,F2_UNIDENTIFIED_RESURRECTION,29,0,IllegalTransition,"expected ASSUMPTION_CONDITIONAL, got UNIDENTIFIED"
PRIMARY,F2_UNIDENTIFIED_RESURRECTION,30,0,IllegalTransition,"expected ASSUMPTION_CONDITIONAL, got UNIDENTIFIED"
PRIMARY,F2_UNIDENTIFIED_RESURRECTION,31,0,IllegalTransition,"expected ASSUMPTION_CONDITIONAL, got UNIDENTIFIED"
PRIMARY,F2_UNIDENTIFIED_RESURRECTION,32,0,IllegalTransition,"expected ASSUMPTION_CONDITIONAL, got UNIDENTIFIED"
PRIMARY,F2_UNIDENTIFIED_RESURRECTION,33,0,IllegalTransition,"expected ASSUMPTION_CONDITIONAL, got UNIDENTIFIED"
PRIMARY,F2_UNIDENTIFIED_RESURRECTION,34,0,IllegalTransition,"expected ASSUMPTION_CONDITIONAL, got UNIDENTIFIED"
PRIMARY,F2_UNIDENTIFIED_RESURRECTION,35,0,IllegalTransition,"expected ASSUMPTION_CONDITIONAL, got UNIDENTIFIED"
PRIMARY,F2_UNIDENTIFIED_RESURRECTION,36,0,IllegalTransition,"expected ASSUMPTION_CONDITIONAL, got UNIDENTIFIED"
PRIMARY,F2_UNIDENTIFIED_RESURRECTION,37,0,IllegalTransition,"expected ASSUMPTION_CONDITIONAL, got UNIDENTIFIED"
PRIMARY,F2_UNIDENTIFIED_RESURRECTION,38,0,IllegalTransition,"expected ASSUMPTION_CONDITIONAL, got UNIDENTIFIED"
PRIMARY,F2_UNIDENTIFIED_RESURRECTION,39,0,IllegalTransition,"expected ASSUMPTION_CONDITIONAL, got UNIDENTIFIED"
PRIMARY,F2_UNIDENTIFIED_RESURRECTION,40,0,IllegalTransition,"expected ASSUMPTION_CONDITIONAL, got UNIDENTIFIED"
PRIMARY,F2_UNIDENTIFIED_RESURRECTION,41,0,IllegalTransition,"expected ASSUMPTION_CONDITIONAL, got UNIDENTIFIED"
PRIMARY,F2_UNIDENTIFIED_RESURRECTION,42,0,IllegalTransition,"expected ASSUMPTION_CONDITIONAL, got UNIDENTIFIED"
PRIMARY,F2_UNIDENTIFIED_RESURRECTION,43,0,IllegalTransition,"expected ASSUMPTION_CONDITIONAL, got UNIDENTIFIED"
PRIMARY,F2_UNIDENTIFIED_RESURRECTION,44,0,IllegalTransition,"expected ASSUMPTION_CONDITIONAL, got UNIDENTIFIED"
PRIMARY,F2_UNIDENTIFIED_RESURRECTION,45,0,IllegalTransition,"expected ASSUMPTION_CONDITIONAL, got UNIDENTIFIED"
PRIMARY,F2_UNIDENTIFIED_RESURRECTION,46,0,IllegalTransition,"expected ASSUMPTION_CONDITIONAL, got UNIDENTIFIED"
PRIMARY,F2_UNIDENTIFIED_RESURRECTION,47,0,IllegalTransition,"expected ASSUMPTION_CONDITIONAL, got UNIDENTIFIED"
PRIMARY,F2_UNIDENTIFIED_RESURRECTION,48,0,IllegalTransition,"expected ASSUMPTION_CONDITIONAL, got UNIDENTIFIED"
PRIMARY,F2_UNIDENTIFIED_RESURRECTION,49,0,IllegalTransition,"expected ASSUMPTION_CONDITIONAL, got UNIDENTIFIED"
PRIMARY,F2_UNIDENTIFIED_RESURRECTION,50,0,IllegalTransition,"expected ASSUMPTION_CONDITIONAL, got UNIDENTIFIED"
PRIMARY,F2_UNIDENTIFIED_RESURRECTION,51,0,IllegalTransition,"expected ASSUMPTION_CONDITIONAL, got UNIDENTIFIED"
PRIMARY,F2_UNIDENTIFIED_RESURRECTION,52,0,IllegalTransition,"expected ASSUMPTION_CONDITIONAL, got UNIDENTIFIED"
PRIMARY,F2_UNIDENTIFIED_RESURRECTION,53,0,IllegalTransition,"expected ASSUMPTION_CONDITIONAL, got UNIDENTIFIED"
PRIMARY,F2_UNIDENTIFIED_RESURRECTION,54,0,IllegalTransition,"expected ASSUMPTION_CONDITIONAL, got UNIDENTIFIED"
PRIMARY,F2_UNIDENTIFIED_RESURRECTION,55,0,IllegalTransition,"expected ASSUMPTION_CONDITIONAL, got UNIDENTIFIED"
PRIMARY,F2_UNIDENTIFIED_RESURRECTION,56,0,IllegalTransition,"expected ASSUMPTION_CONDITIONAL, got UNIDENTIFIED"
PRIMARY,F2_UNIDENTIFIED_RESURRECTION,57,0,IllegalTransition,"expected ASSUMPTION_CONDITIONAL, got UNIDENTIFIED"
PRIMARY,F2_UNIDENTIFIED_RESURRECTION,58,0,IllegalTransition,"expected ASSUMPTION_CONDITIONAL, got UNIDENTIFIED"
PRIMARY,F2_UNIDENTIFIED_RESURRECTION,59,0,IllegalTransition,"expected ASSUMPTION_CONDITIONAL, got UNIDENTIFIED"
PRIMARY,F2_UNIDENTIFIED_RESURRECTION,60,0,IllegalTransition,"expected ASSUMPTION_CONDITIONAL, got UNIDENTIFIED"
PRIMARY,F2_UNIDENTIFIED_RESURRECTION,61,0,IllegalTransition,"expected ASSUMPTION_CONDITIONAL, got UNIDENTIFIED"
PRIMARY,F2_UNIDENTIFIED_RESURRECTION,62,0,IllegalTransition,"expected ASSUMPTION_CONDITIONAL, got UNIDENTIFIED"
PRIMARY,F2_UNIDENTIFIED_RESURRECTION,63,0,IllegalTransition,"expected ASSUMPTION_CONDITIONAL, got UNIDENTIFIED"
PRIMARY,F2_UNIDENTIFIED_RESURRECTION,64,0,IllegalTransition,"expected ASSUMPTION_CONDITIONAL, got UNIDENTIFIED"
PRIMARY,F2_UNIDENTIFIED_RESURRECTION,65,0,IllegalTransition,"expected ASSUMPTION_CONDITIONAL, got UNIDENTIFIED"
PRIMARY,F2_UNIDENTIFIED_RESURRECTION,66,0,IllegalTransition,"expected ASSUMPTION_CONDITIONAL, got UNIDENTIFIED"
PRIMARY,F2_UNIDENTIFIED_RESURRECTION,67,0,IllegalTransition,"expected ASSUMPTION_CONDITIONAL, got UNIDENTIFIED"
PRIMARY,F2_UNIDENTIFIED_RESURRECTION,68,0,IllegalTransition,"expected ASSUMPTION_CONDITIONAL, got UNIDENTIFIED"
PRIMARY,F2_UNIDENTIFIED_RESURRECTION,69,0,IllegalTransition,"expected ASSUMPTION_CONDITIONAL, got UNIDENTIFIED"
PRIMARY,F2_UNIDENTIFIED_RESURRECTION,70,0,IllegalTransition,"expected ASSUMPTION_CONDITIONAL, got UNIDENTIFIED"
PRIMARY,F2_UNIDENTIFIED_RESURRECTION,71,0,IllegalTransition,"expected ASSUMPTION_CONDITIONAL, got UNIDENTIFIED"
PRIMARY,F2_UNIDENTIFIED_RESURRECTION,72,0,IllegalTransition,"expected ASSUMPTION_CONDITIONAL, got UNIDENTIFIED"
PRIMARY,F2_UNIDENTIFIED_RESURRECTION,73,0,IllegalTransition,"expected ASSUMPTION_CONDITIONAL, got UNIDENTIFIED"
PRIMARY,F2_UNIDENTIFIED_RESURRECTION,74,0,IllegalTransition,"expected ASSUMPTION_CONDITIONAL, got UNIDENTIFIED"
PRIMARY,F2_UNIDENTIFIED_RESURRECTION,75,0,IllegalTransition,"expected ASSUMPTION_CONDITIONAL, got UNIDENTIFIED"
PRIMARY,F2_UNIDENTIFIED_RESURRECTION,76,0,IllegalTransition,"expected ASSUMPTION_CONDITIONAL, got UNIDENTIFIED"
PRIMARY,F2_UNIDENTIFIED_RESURRECTION,77,0,IllegalTransition,"expected ASSUMPTION_CONDITIONAL, got UNIDENTIFIED"
PRIMARY,F2_UNIDENTIFIED_RESURRECTION,78,0,IllegalTransition,"expected ASSUMPTION_CONDITIONAL, got UNIDENTIFIED"
PRIMARY,F2_UNIDENTIFIED_RESURRECTION,79,0,IllegalTransition,"expected ASSUMPTION_CONDITIONAL, got UNIDENTIFIED"
PRIMARY,F2_UNIDENTIFIED_RESURRECTION,80,0,IllegalTransition,"expected ASSUMPTION_CONDITIONAL, got UNIDENTIFIED"
PRIMARY,F2_UNIDENTIFIED_RESURRECTION,81,0,IllegalTransition,"expected ASSUMPTION_CONDITIONAL, got UNIDENTIFIED"
PRIMARY,F2_UNIDENTIFIED_RESURRECTION,82,0,IllegalTransition,"expected ASSUMPTION_CONDITIONAL, got UNIDENTIFIED"
PRIMARY,F2_UNIDENTIFIED_RESURRECTION,83,0,IllegalTransition,"expected ASSUMPTION_CONDITIONAL, got UNIDENTIFIED"
PRIMARY,F2_UNIDENTIFIED_RESURRECTION,84,0,IllegalTransition,"expected ASSUMPTION_CONDITIONAL, got UNIDENTIFIED"
PRIMARY,F2_UNIDENTIFIED_RESURRECTION,85,0,IllegalTransition,"expected ASSUMPTION_CONDITIONAL, got UNIDENTIFIED"
PRIMARY,F2_UNIDENTIFIED_RESURRECTION,86,0,IllegalTransition,"expected ASSUMPTION_CONDITIONAL, got UNIDENTIFIED"
PRIMARY,F2_UNIDENTIFIED_RESURRECTION,87,0,IllegalTransition,"expected ASSUMPTION_CONDITIONAL, got UNIDENTIFIED"
PRIMARY,F2_UNIDENTIFIED_RESURRECTION,88,0,IllegalTransition,"expected ASSUMPTION_CONDITIONAL, got UNIDENTIFIED"
PRIMARY,F2_UNIDENTIFIED_RESURRECTION,89,0,IllegalTransition,"expected ASSUMPTION_CONDITIONAL, got UNIDENTIFIED"
PRIMARY,F2_UNIDENTIFIED_RESURRECTION,90,0,IllegalTransition,"expected ASSUMPTION_CONDITIONAL, got UNIDENTIFIED"
PRIMARY,F2_UNIDENTIFIED_RESURRECTION,91,0,IllegalTransition,"expected ASSUMPTION_CONDITIONAL, got UNIDENTIFIED"
PRIMARY,F2_UNIDENTIFIED_RESURRECTION,92,0,IllegalTransition,"expected ASSUMPTION_CONDITIONAL, got UNIDENTIFIED"
PRIMARY,F2_UNIDENTIFIED_RESURRECTION,93,0,IllegalTransition,"expected ASSUMPTION_CONDITIONAL, got UNIDENTIFIED"
PRIMARY,F2_UNIDENTIFIED_RESURRECTION,94,0,IllegalTransition,"expected ASSUMPTION_CONDITIONAL, got UNIDENTIFIED"
PRIMARY,F2_UNIDENTIFIED_RESURRECTION,95,0,IllegalTransition,"expected ASSUMPTION_CONDITIONAL, got UNIDENTIFIED"
PRIMARY,F2_UNIDENTIFIED_RESURRECTION,96,0,IllegalTransition,"expected ASSUMPTION_CONDITIONAL, got UNIDENTIFIED"
PRIMARY,F2_UNIDENTIFIED_RESURRECTION,97,0,IllegalTransition,"expected ASSUMPTION_CONDITIONAL, got UNIDENTIFIED"
PRIMARY,F2_UNIDENTIFIED_RESURRECTION,98,0,IllegalTransition,"expected ASSUMPTION_CONDITIONAL, got UNIDENTIFIED"
PRIMARY,F2_UNIDENTIFIED_RESURRECTION,99,0,IllegalTransition,"expected ASSUMPTION_CONDITIONAL, got UNIDENTIFIED"
PRIMARY,F2_UNIDENTIFIED_RESURRECTION,100,0,IllegalTransition,"expected ASSUMPTION_CONDITIONAL, got UNIDENTIFIED"
PRIMARY,F2_UNIDENTIFIED_RESURRECTION,101,0,IllegalTransition,"expected ASSUMPTION_CONDITIONAL, got UNIDENTIFIED"
PRIMARY,F2_UNIDENTIFIED_RESURRECTION,102,0,IllegalTransition,"expected ASSUMPTION_CONDITIONAL, got UNIDENTIFIED"
PRIMARY,F2_UNIDENTIFIED_RESURRECTION,103,0,IllegalTransition,"expected ASSUMPTION_CONDITIONAL, got UNIDENTIFIED"
PRIMARY,F2_UNIDENTIFIED_RESURRECTION,104,0,IllegalTransition,"expected ASSUMPTION_CONDITIONAL, got UNIDENTIFIED"
PRIMARY,F2_UNIDENTIFIED_RESURRECTION,105,0,IllegalTransition,"expected ASSUMPTION_CONDITIONAL, got UNIDENTIFIED"
PRIMARY,F2_UNIDENTIFIED_RESURRECTION,106,0,IllegalTransition,"expected ASSUMPTION_CONDITIONAL, got UNIDENTIFIED"
PRIMARY,F2_UNIDENTIFIED_RESURRECTION,107,0,IllegalTransition,"expected ASSUMPTION_CONDITIONAL, got UNIDENTIFIED"
PRIMARY,F2_UNIDENTIFIED_RESURRECTION,108,0,IllegalTransition,"expected ASSUMPTION_CONDITIONAL, got UNIDENTIFIED"
PRIMARY,F2_UNIDENTIFIED_RESURRECTION,109,0,IllegalTransition,"expected ASSUMPTION_CONDITIONAL, got UNIDENTIFIED"
PRIMARY,F2_UNIDENTIFIED_RESURRECTION,110,0,IllegalTransition,"expected ASSUMPTION_CONDITIONAL, got UNIDENTIFIED"
PRIMARY,F2_UNIDENTIFIED_RESURRECTION,111,0,IllegalTransition,"expected ASSUMPTION_CONDITIONAL, got UNIDENTIFIED"
PRIMARY,F2_UNIDENTIFIED_RESURRECTION,112,0,IllegalTransition,"expected ASSUMPTION_CONDITIONAL, got UNIDENTIFIED"
PRIMARY,F2_UNIDENTIFIED_RESURRECTION,113,0,IllegalTransition,"expected ASSUMPTION_CONDITIONAL, got UNIDENTIFIED"
PRIMARY,F2_UNIDENTIFIED_RESURRECTION,114,0,IllegalTransition,"expected ASSUMPTION_CONDITIONAL, got UNIDENTIFIED"
PRIMARY,F2_UNIDENTIFIED_RESURRECTION,115,0,IllegalTransition,"expected ASSUMPTION_CONDITIONAL, got UNIDENTIFIED"
PRIMARY,F2_UNIDENTIFIED_RESURRECTION,116,0,IllegalTransition,"expected ASSUMPTION_CONDITIONAL, got UNIDENTIFIED"
PRIMARY,F2_UNIDENTIFIED_RESURRECTION,117,0,IllegalTransition,"expected ASSUMPTION_CONDITIONAL, got UNIDENTIFIED"
PRIMARY,F2_UNIDENTIFIED_RESURRECTION,118,0,IllegalTransition,"expected ASSUMPTION_CONDITIONAL, got UNIDENTIFIED"
PRIMARY,F2_UNIDENTIFIED_RESURRECTION,119,0,IllegalTransition,"expected ASSUMPTION_CONDITIONAL, got UNIDENTIFIED"
PRIMARY,F2_UNIDENTIFIED_RESURRECTION,120,0,IllegalTransition,"expected ASSUMPTION_CONDITIONAL, got UNIDENTIFIED"
PRIMARY,F2_UNIDENTIFIED_RESURRECTION,121,0,IllegalTransition,"expected ASSUMPTION_CONDITIONAL, got UNIDENTIFIED"
PRIMARY,F2_UNIDENTIFIED_RESURRECTION,122,0,IllegalTransition,"expected ASSUMPTION_CONDITIONAL, got UNIDENTIFIED"
PRIMARY,F2_UNIDENTIFIED_RESURRECTION,123,0,IllegalTransition,"expected ASSUMPTION_CONDITIONAL, got UNIDENTIFIED"
PRIMARY,F2_UNIDENTIFIED_RESURRECTION,124,0,IllegalTransition,"expected ASSUMPTION_CONDITIONAL, got UNIDENTIFIED"
PRIMARY,F2_UNIDENTIFIED_RESURRECTION,125,0,IllegalTransition,"expected ASSUMPTION_CONDITIONAL, got UNIDENTIFIED"
PRIMARY,F2_UNIDENTIFIED_RESURRECTION,126,0,IllegalTransition,"expected ASSUMPTION_CONDITIONAL, got UNIDENTIFIED"
PRIMARY,F2_UNIDENTIFIED_RESURRECTION,127,0,IllegalTransition,"expected ASSUMPTION_CONDITIONAL, got UNIDENTIFIED"
PRIMARY,F3_FALSIFIED_RESURRECTION,0,0,IllegalTransition,"expected PREDICTIVE, got FALSIFIED"
PRIMARY,F3_FALSIFIED_RESURRECTION,1,0,IllegalTransition,"expected PREDICTIVE, got FALSIFIED"
PRIMARY,F3_FALSIFIED_RESURRECTION,2,0,IllegalTransition,"expected PREDICTIVE, got FALSIFIED"
PRIMARY,F3_FALSIFIED_RESURRECTION,3,0,IllegalTransition,"expected PREDICTIVE, got FALSIFIED"
PRIMARY,F3_FALSIFIED_RESURRECTION,4,0,IllegalTransition,"expected PREDICTIVE, got FALSIFIED"
PRIMARY,F3_FALSIFIED_RESURRECTION,5,0,IllegalTransition,"expected PREDICTIVE, got FALSIFIED"
PRIMARY,F3_FALSIFIED_RESURRECTION,6,0,IllegalTransition,"expected PREDICTIVE, got FALSIFIED"
PRIMARY,F3_FALSIFIED_RESURRECTION,7,0,IllegalTransition,"expected PREDICTIVE, got FALSIFIED"
PRIMARY,F3_FALSIFIED_RESURRECTION,8,0,IllegalTransition,"expected PREDICTIVE, got FALSIFIED"
PRIMARY,F3_FALSIFIED_RESURRECTION,9,0,IllegalTransition,"expected PREDICTIVE, got FALSIFIED"
PRIMARY,F3_FALSIFIED_RESURRECTION,10,0,IllegalTransition,"expected PREDICTIVE, got FALSIFIED"
PRIMARY,F3_FALSIFIED_RESURRECTION,11,0,IllegalTransition,"expected PREDICTIVE, got FALSIFIED"
PRIMARY,F3_FALSIFIED_RESURRECTION,12,0,IllegalTransition,"expected PREDICTIVE, got FALSIFIED"
PRIMARY,F3_FALSIFIED_RESURRECTION,13,0,IllegalTransition,"expected PREDICTIVE, got FALSIFIED"
PRIMARY,F3_FALSIFIED_RESURRECTION,14,0,IllegalTransition,"expected PREDICTIVE, got FALSIFIED"
PRIMARY,F3_FALSIFIED_RESURRECTION,15,0,IllegalTransition,"expected PREDICTIVE, got FALSIFIED"
PRIMARY,F3_FALSIFIED_RESURRECTION,16,0,IllegalTransition,"expected PREDICTIVE, got FALSIFIED"
PRIMARY,F3_FALSIFIED_RESURRECTION,17,0,IllegalTransition,"expected PREDICTIVE, got FALSIFIED"
PRIMARY,F3_FALSIFIED_RESURRECTION,18,0,IllegalTransition,"expected PREDICTIVE, got FALSIFIED"
PRIMARY,F3_FALSIFIED_RESURRECTION,19,0,IllegalTransition,"expected PREDICTIVE, got FALSIFIED"
PRIMARY,F3_FALSIFIED_RESURRECTION,20,0,IllegalTransition,"expected PREDICTIVE, got FALSIFIED"
PRIMARY,F3_FALSIFIED_RESURRECTION,21,0,IllegalTransition,"expected PREDICTIVE, got FALSIFIED"
PRIMARY,F3_FALSIFIED_RESURRECTION,22,0,IllegalTransition,"expected PREDICTIVE, got FALSIFIED"
PRIMARY,F3_FALSIFIED_RESURRECTION,23,0,IllegalTransition,"expected PREDICTIVE, got FALSIFIED"
PRIMARY,F3_FALSIFIED_RESURRECTION,24,0,IllegalTransition,"expected PREDICTIVE, got FALSIFIED"
PRIMARY,F3_FALSIFIED_RESURRECTION,25,0,IllegalTransition,"expected PREDICTIVE, got FALSIFIED"
PRIMARY,F3_FALSIFIED_RESURRECTION,26,0,IllegalTransition,"expected PREDICTIVE, got FALSIFIED"
PRIMARY,F3_FALSIFIED_RESURRECTION,27,0,IllegalTransition,"expected PREDICTIVE, got FALSIFIED"
PRIMARY,F3_FALSIFIED_RESURRECTION,28,0,IllegalTransition,"expected PREDICTIVE, got FALSIFIED"
PRIMARY,F3_FALSIFIED_RESURRECTION,29,0,IllegalTransition,"expected PREDICTIVE, got FALSIFIED"
PRIMARY,F3_FALSIFIED_RESURRECTION,30,0,IllegalTransition,"expected PREDICTIVE, got FALSIFIED"
PRIMARY,F3_FALSIFIED_RESURRECTION,31,0,IllegalTransition,"expected PREDICTIVE, got FALSIFIED"
PRIMARY,F3_FALSIFIED_RESURRECTION,32,0,IllegalTransition,"expected PREDICTIVE, got FALSIFIED"
PRIMARY,F3_FALSIFIED_RESURRECTION,33,0,IllegalTransition,"expected PREDICTIVE, got FALSIFIED"
PRIMARY,F3_FALSIFIED_RESURRECTION,34,0,IllegalTransition,"expected PREDICTIVE, got FALSIFIED"
PRIMARY,F3_FALSIFIED_RESURRECTION,35,0,IllegalTransition,"expected PREDICTIVE, got FALSIFIED"
PRIMARY,F3_FALSIFIED_RESURRECTION,36,0,IllegalTransition,"expected PREDICTIVE, got FALSIFIED"
PRIMARY,F3_FALSIFIED_RESURRECTION,37,0,IllegalTransition,"expected PREDICTIVE, got FALSIFIED"
PRIMARY,F3_FALSIFIED_RESURRECTION,38,0,IllegalTransition,"expected PREDICTIVE, got FALSIFIED"
PRIMARY,F3_FALSIFIED_RESURRECTION,39,0,IllegalTransition,"expected PREDICTIVE, got FALSIFIED"
PRIMARY,F3_FALSIFIED_RESURRECTION,40,0,IllegalTransition,"expected PREDICTIVE, got FALSIFIED"
PRIMARY,F3_FALSIFIED_RESURRECTION,41,0,IllegalTransition,"expected PREDICTIVE, got FALSIFIED"
PRIMARY,F3_FALSIFIED_RESURRECTION,42,0,IllegalTransition,"expected PREDICTIVE, got FALSIFIED"
PRIMARY,F3_FALSIFIED_RESURRECTION,43,0,IllegalTransition,"expected PREDICTIVE, got FALSIFIED"
PRIMARY,F3_FALSIFIED_RESURRECTION,44,0,IllegalTransition,"expected PREDICTIVE, got FALSIFIED"
PRIMARY,F3_FALSIFIED_RESURRECTION,45,0,IllegalTransition,"expected PREDICTIVE, got FALSIFIED"
PRIMARY,F3_FALSIFIED_RESURRECTION,46,0,IllegalTransition,"expected PREDICTIVE, got FALSIFIED"
PRIMARY,F3_FALSIFIED_RESURRECTION,47,0,IllegalTransition,"expected PREDICTIVE, got FALSIFIED"
PRIMARY,F3_FALSIFIED_RESURRECTION,48,0,IllegalTransition,"expected PREDICTIVE, got FALSIFIED"
PRIMARY,F3_FALSIFIED_RESURRECTION,49,0,IllegalTransition,"expected PREDICTIVE, got FALSIFIED"
PRIMARY,F3_FALSIFIED_RESURRECTION,50,0,IllegalTransition,"expected PREDICTIVE, got FALSIFIED"
PRIMARY,F3_FALSIFIED_RESURRECTION,51,0,IllegalTransition,"expected PREDICTIVE, got FALSIFIED"
PRIMARY,F3_FALSIFIED_RESURRECTION,52,0,IllegalTransition,"expected PREDICTIVE, got FALSIFIED"
PRIMARY,F3_FALSIFIED_RESURRECTION,53,0,IllegalTransition,"expected PREDICTIVE, got FALSIFIED"
PRIMARY,F3_FALSIFIED_RESURRECTION,54,0,IllegalTransition,"expected PREDICTIVE, got FALSIFIED"
PRIMARY,F3_FALSIFIED_RESURRECTION,55,0,IllegalTransition,"expected PREDICTIVE, got FALSIFIED"
PRIMARY,F3_FALSIFIED_RESURRECTION,56,0,IllegalTransition,"expected PREDICTIVE, got FALSIFIED"
PRIMARY,F3_FALSIFIED_RESURRECTION,57,0,IllegalTransition,"expected PREDICTIVE, got FALSIFIED"
PRIMARY,F3_FALSIFIED_RESURRECTION,58,0,IllegalTransition,"expected PREDICTIVE, got FALSIFIED"
PRIMARY,F3_FALSIFIED_RESURRECTION,59,0,IllegalTransition,"expected PREDICTIVE, got FALSIFIED"
PRIMARY,F3_FALSIFIED_RESURRECTION,60,0,IllegalTransition,"expected PREDICTIVE, got FALSIFIED"
PRIMARY,F3_FALSIFIED_RESURRECTION,61,0,IllegalTransition,"expected PREDICTIVE, got FALSIFIED"
PRIMARY,F3_FALSIFIED_RESURRECTION,62,0,IllegalTransition,"expected PREDICTIVE, got FALSIFIED"
PRIMARY,F3_FALSIFIED_RESURRECTION,63,0,IllegalTransition,"expected PREDICTIVE, got FALSIFIED"
PRIMARY,F3_FALSIFIED_RESURRECTION,64,0,IllegalTransition,"expected PREDICTIVE, got FALSIFIED"
PRIMARY,F3_FALSIFIED_RESURRECTION,65,0,IllegalTransition,"expected PREDICTIVE, got FALSIFIED"
PRIMARY,F3_FALSIFIED_RESURRECTION,66,0,IllegalTransition,"expected PREDICTIVE, got FALSIFIED"
PRIMARY,F3_FALSIFIED_RESURRECTION,67,0,IllegalTransition,"expected PREDICTIVE, got FALSIFIED"
PRIMARY,F3_FALSIFIED_RESURRECTION,68,0,IllegalTransition,"expected PREDICTIVE, got FALSIFIED"
PRIMARY,F3_FALSIFIED_RESURRECTION,69,0,IllegalTransition,"expected PREDICTIVE, got FALSIFIED"
PRIMARY,F3_FALSIFIED_RESURRECTION,70,0,IllegalTransition,"expected PREDICTIVE, got FALSIFIED"
PRIMARY,F3_FALSIFIED_RESURRECTION,71,0,IllegalTransition,"expected PREDICTIVE, got FALSIFIED"
PRIMARY,F3_FALSIFIED_RESURRECTION,72,0,IllegalTransition,"expected PREDICTIVE, got FALSIFIED"
PRIMARY,F3_FALSIFIED_RESURRECTION,73,0,IllegalTransition,"expected PREDICTIVE, got FALSIFIED"
PRIMARY,F3_FALSIFIED_RESURRECTION,74,0,IllegalTransition,"expected PREDICTIVE, got FALSIFIED"
PRIMARY,F3_FALSIFIED_RESURRECTION,75,0,IllegalTransition,"expected PREDICTIVE, got FALSIFIED"
PRIMARY,F3_FALSIFIED_RESURRECTION,76,0,IllegalTransition,"expected PREDICTIVE, got FALSIFIED"
PRIMARY,F3_FALSIFIED_RESURRECTION,77,0,IllegalTransition,"expected PREDICTIVE, got FALSIFIED"
PRIMARY,F3_FALSIFIED_RESURRECTION,78,0,IllegalTransition,"expected PREDICTIVE, got FALSIFIED"
PRIMARY,F3_FALSIFIED_RESURRECTION,79,0,IllegalTransition,"expected PREDICTIVE, got FALSIFIED"
PRIMARY,F3_FALSIFIED_RESURRECTION,80,0,IllegalTransition,"expected PREDICTIVE, got FALSIFIED"
PRIMARY,F3_FALSIFIED_RESURRECTION,81,0,IllegalTransition,"expected PREDICTIVE, got FALSIFIED"
PRIMARY,F3_FALSIFIED_RESURRECTION,82,0,IllegalTransition,"expected PREDICTIVE, got FALSIFIED"
PRIMARY,F3_FALSIFIED_RESURRECTION,83,0,IllegalTransition,"expected PREDICTIVE, got FALSIFIED"
PRIMARY,F3_FALSIFIED_RESURRECTION,84,0,IllegalTransition,"expected PREDICTIVE, got FALSIFIED"
PRIMARY,F3_FALSIFIED_RESURRECTION,85,0,IllegalTransition,"expected PREDICTIVE, got FALSIFIED"
PRIMARY,F3_FALSIFIED_RESURRECTION,86,0,IllegalTransition,"expected PREDICTIVE, got FALSIFIED"
PRIMARY,F3_FALSIFIED_RESURRECTION,87,0,IllegalTransition,"expected PREDICTIVE, got FALSIFIED"
PRIMARY,F3_FALSIFIED_RESURRECTION,88,0,IllegalTransition,"expected PREDICTIVE, got FALSIFIED"
PRIMARY,F3_FALSIFIED_RESURRECTION,89,0,IllegalTransition,"expected PREDICTIVE, got FALSIFIED"
PRIMARY,F3_FALSIFIED_RESURRECTION,90,0,IllegalTransition,"expected PREDICTIVE, got FALSIFIED"
PRIMARY,F3_FALSIFIED_RESURRECTION,91,0,IllegalTransition,"expected PREDICTIVE, got FALSIFIED"
PRIMARY,F3_FALSIFIED_RESURRECTION,92,0,IllegalTransition,"expected PREDICTIVE, got FALSIFIED"
PRIMARY,F3_FALSIFIED_RESURRECTION,93,0,IllegalTransition,"expected PREDICTIVE, got FALSIFIED"
PRIMARY,F3_FALSIFIED_RESURRECTION,94,0,IllegalTransition,"expected PREDICTIVE, got FALSIFIED"
PRIMARY,F3_FALSIFIED_RESURRECTION,95,0,IllegalTransition,"expected PREDICTIVE, got FALSIFIED"
PRIMARY,F3_FALSIFIED_RESURRECTION,96,0,IllegalTransition,"expected PREDICTIVE, got FALSIFIED"
PRIMARY,F3_FALSIFIED_RESURRECTION,97,0,IllegalTransition,"expected PREDICTIVE, got FALSIFIED"
PRIMARY,F3_FALSIFIED_RESURRECTION,98,0,IllegalTransition,"expected PREDICTIVE, got FALSIFIED"
PRIMARY,F3_FALSIFIED_RESURRECTION,99,0,IllegalTransition,"expected PREDICTIVE, got FALSIFIED"
PRIMARY,F3_FALSIFIED_RESURRECTION,100,0,IllegalTransition,"expected PREDICTIVE, got FALSIFIED"
PRIMARY,F3_FALSIFIED_RESURRECTION,101,0,IllegalTransition,"expected PREDICTIVE, got FALSIFIED"
PRIMARY,F3_FALSIFIED_RESURRECTION,102,0,IllegalTransition,"expected PREDICTIVE, got FALSIFIED"
PRIMARY,F3_FALSIFIED_RESURRECTION,103,0,IllegalTransition,"expected PREDICTIVE, got FALSIFIED"
PRIMARY,F3_FALSIFIED_RESURRECTION,104,0,IllegalTransition,"expected PREDICTIVE, got FALSIFIED"
PRIMARY,F3_FALSIFIED_RESURRECTION,105,0,IllegalTransition,"expected PREDICTIVE, got FALSIFIED"
PRIMARY,F3_FALSIFIED_RESURRECTION,106,0,IllegalTransition,"expected PREDICTIVE, got FALSIFIED"
PRIMARY,F3_FALSIFIED_RESURRECTION,107,0,IllegalTransition,"expected PREDICTIVE, got FALSIFIED"
PRIMARY,F3_FALSIFIED_RESURRECTION,108,0,IllegalTransition,"expected PREDICTIVE, got FALSIFIED"
PRIMARY,F3_FALSIFIED_RESURRECTION,109,0,IllegalTransition,"expected PREDICTIVE, got FALSIFIED"
PRIMARY,F3_FALSIFIED_RESURRECTION,110,0,IllegalTransition,"expected PREDICTIVE, got FALSIFIED"
PRIMARY,F3_FALSIFIED_RESURRECTION,111,0,IllegalTransition,"expected PREDICTIVE, got FALSIFIED"
PRIMARY,F3_FALSIFIED_RESURRECTION,112,0,IllegalTransition,"expected PREDICTIVE, got FALSIFIED"
PRIMARY,F3_FALSIFIED_RESURRECTION,113,0,IllegalTransition,"expected PREDICTIVE, got FALSIFIED"
PRIMARY,F3_FALSIFIED_RESURRECTION,114,0,IllegalTransition,"expected PREDICTIVE, got FALSIFIED"
PRIMARY,F3_FALSIFIED_RESURRECTION,115,0,IllegalTransition,"expected PREDICTIVE, got FALSIFIED"
PRIMARY,F3_FALSIFIED_RESURRECTION,116,0,IllegalTransition,"expected PREDICTIVE, got FALSIFIED"
PRIMARY,F3_FALSIFIED_RESURRECTION,117,0,IllegalTransition,"expected PREDICTIVE, got FALSIFIED"
PRIMARY,F3_FALSIFIED_RESURRECTION,118,0,IllegalTransition,"expected PREDICTIVE, got FALSIFIED"
PRIMARY,F3_FALSIFIED_RESURRECTION,119,0,IllegalTransition,"expected PREDICTIVE, got FALSIFIED"
PRIMARY,F3_FALSIFIED_RESURRECTION,120,0,IllegalTransition,"expected PREDICTIVE, got FALSIFIED"
PRIMARY,F3_FALSIFIED_RESURRECTION,121,0,IllegalTransition,"expected PREDICTIVE, got FALSIFIED"
PRIMARY,F3_FALSIFIED_RESURRECTION,122,0,IllegalTransition,"expected PREDICTIVE, got FALSIFIED"
PRIMARY,F3_FALSIFIED_RESURRECTION,123,0,IllegalTransition,"expected PREDICTIVE, got FALSIFIED"
PRIMARY,F3_FALSIFIED_RESURRECTION,124,0,IllegalTransition,"expected PREDICTIVE, got FALSIFIED"
PRIMARY,F3_FALSIFIED_RESURRECTION,125,0,IllegalTransition,"expected PREDICTIVE, got FALSIFIED"
PRIMARY,F3_FALSIFIED_RESURRECTION,126,0,IllegalTransition,"expected PREDICTIVE, got FALSIFIED"
PRIMARY,F3_FALSIFIED_RESURRECTION,127,0,IllegalTransition,"expected PREDICTIVE, got FALSIFIED"
PRIMARY,F4_NO_DIRECT_INTERVENTION_EVIDENCE,0,0,EvidenceClassError,evidence kind IDENTIFYING_ASSUMPTION cannot license this operation
PRIMARY,F4_NO_DIRECT_INTERVENTION_EVIDENCE,1,0,EvidenceClassError,evidence kind IDENTIFYING_ASSUMPTION cannot license this operation
PRIMARY,F4_NO_DIRECT_INTERVENTION_EVIDENCE,2,0,EvidenceClassError,evidence kind IDENTIFYING_ASSUMPTION cannot license this operation
PRIMARY,F4_NO_DIRECT_INTERVENTION_EVIDENCE,3,0,EvidenceClassError,evidence kind IDENTIFYING_ASSUMPTION cannot license this operation
PRIMARY,F4_NO_DIRECT_INTERVENTION_EVIDENCE,4,0,EvidenceClassError,evidence kind IDENTIFYING_ASSUMPTION cannot license this operation
PRIMARY,F4_NO_DIRECT_INTERVENTION_EVIDENCE,5,0,EvidenceClassError,evidence kind IDENTIFYING_ASSUMPTION cannot license this operation
PRIMARY,F4_NO_DIRECT_INTERVENTION_EVIDENCE,6,0,EvidenceClassError,evidence kind IDENTIFYING_ASSUMPTION cannot license this operation
PRIMARY,F4_NO_DIRECT_INTERVENTION_EVIDENCE,7,0,EvidenceClassError,evidence kind IDENTIFYING_ASSUMPTION cannot license this operation
PRIMARY,F4_NO_DIRECT_INTERVENTION_EVIDENCE,8,0,EvidenceClassError,evidence kind IDENTIFYING_ASSUMPTION cannot license this operation
PRIMARY,F4_NO_DIRECT_INTERVENTION_EVIDENCE,9,0,EvidenceClassError,evidence kind IDENTIFYING_ASSUMPTION cannot license this operation
PRIMARY,F4_NO_DIRECT_INTERVENTION_EVIDENCE,10,0,EvidenceClassError,evidence kind IDENTIFYING_ASSUMPTION cannot license this operation
PRIMARY,F4_NO_DIRECT_INTERVENTION_EVIDENCE,11,0,EvidenceClassError,evidence kind IDENTIFYING_ASSUMPTION cannot license this operation
PRIMARY,F4_NO_DIRECT_INTERVENTION_EVIDENCE,12,0,EvidenceClassError,evidence kind IDENTIFYING_ASSUMPTION cannot license this operation
PRIMARY,F4_NO_DIRECT_INTERVENTION_EVIDENCE,13,0,EvidenceClassError,evidence kind IDENTIFYING_ASSUMPTION cannot license this operation
PRIMARY,F4_NO_DIRECT_INTERVENTION_EVIDENCE,14,0,EvidenceClassError,evidence kind IDENTIFYING_ASSUMPTION cannot license this operation
PRIMARY,F4_NO_DIRECT_INTERVENTION_EVIDENCE,15,0,EvidenceClassError,evidence kind IDENTIFYING_ASSUMPTION cannot license this operation
PRIMARY,F4_NO_DIRECT_INTERVENTION_EVIDENCE,16,0,EvidenceClassError,evidence kind IDENTIFYING_ASSUMPTION cannot license this operation
PRIMARY,F4_NO_DIRECT_INTERVENTION_EVIDENCE,17,0,EvidenceClassError,evidence kind IDENTIFYING_ASSUMPTION cannot license this operation
PRIMARY,F4_NO_DIRECT_INTERVENTION_EVIDENCE,18,0,EvidenceClassError,evidence kind IDENTIFYING_ASSUMPTION cannot license this operation
PRIMARY,F4_NO_DIRECT_INTERVENTION_EVIDENCE,19,0,EvidenceClassError,evidence kind IDENTIFYING_ASSUMPTION cannot license this operation
PRIMARY,F4_NO_DIRECT_INTERVENTION_EVIDENCE,20,0,EvidenceClassError,evidence kind IDENTIFYING_ASSUMPTION cannot license this operation
PRIMARY,F4_NO_DIRECT_INTERVENTION_EVIDENCE,21,0,EvidenceClassError,evidence kind IDENTIFYING_ASSUMPTION cannot license this operation
PRIMARY,F4_NO_DIRECT_INTERVENTION_EVIDENCE,22,0,EvidenceClassError,evidence kind IDENTIFYING_ASSUMPTION cannot license this operation
PRIMARY,F4_NO_DIRECT_INTERVENTION_EVIDENCE,23,0,EvidenceClassError,evidence kind IDENTIFYING_ASSUMPTION cannot license this operation
PRIMARY,F4_NO_DIRECT_INTERVENTION_EVIDENCE,24,0,EvidenceClassError,evidence kind IDENTIFYING_ASSUMPTION cannot license this operation
PRIMARY,F4_NO_DIRECT_INTERVENTION_EVIDENCE,25,0,EvidenceClassError,evidence kind IDENTIFYING_ASSUMPTION cannot license this operation
PRIMARY,F4_NO_DIRECT_INTERVENTION_EVIDENCE,26,0,EvidenceClassError,evidence kind IDENTIFYING_ASSUMPTION cannot license this operation
PRIMARY,F4_NO_DIRECT_INTERVENTION_EVIDENCE,27,0,EvidenceClassError,evidence kind IDENTIFYING_ASSUMPTION cannot license this operation
PRIMARY,F4_NO_DIRECT_INTERVENTION_EVIDENCE,28,0,EvidenceClassError,evidence kind IDENTIFYING_ASSUMPTION cannot license this operation
PRIMARY,F4_NO_DIRECT_INTERVENTION_EVIDENCE,29,0,EvidenceClassError,evidence kind IDENTIFYING_ASSUMPTION cannot license this operation
PRIMARY,F4_NO_DIRECT_INTERVENTION_EVIDENCE,30,0,EvidenceClassError,evidence kind IDENTIFYING_ASSUMPTION cannot license this operation
PRIMARY,F4_NO_DIRECT_INTERVENTION_EVIDENCE,31,0,EvidenceClassError,evidence kind IDENTIFYING_ASSUMPTION cannot license this operation
PRIMARY,F4_NO_DIRECT_INTERVENTION_EVIDENCE,32,0,EvidenceClassError,evidence kind IDENTIFYING_ASSUMPTION cannot license this operation
PRIMARY,F4_NO_DIRECT_INTERVENTION_EVIDENCE,33,0,EvidenceClassError,evidence kind IDENTIFYING_ASSUMPTION cannot license this operation
PRIMARY,F4_NO_DIRECT_INTERVENTION_EVIDENCE,34,0,EvidenceClassError,evidence kind IDENTIFYING_ASSUMPTION cannot license this operation
PRIMARY,F4_NO_DIRECT_INTERVENTION_EVIDENCE,35,0,EvidenceClassError,evidence kind IDENTIFYING_ASSUMPTION cannot license this operation
PRIMARY,F4_NO_DIRECT_INTERVENTION_EVIDENCE,36,0,EvidenceClassError,evidence kind IDENTIFYING_ASSUMPTION cannot license this operation
PRIMARY,F4_NO_DIRECT_INTERVENTION_EVIDENCE,37,0,EvidenceClassError,evidence kind IDENTIFYING_ASSUMPTION cannot license this operation
PRIMARY,F4_NO_DIRECT_INTERVENTION_EVIDENCE,38,0,EvidenceClassError,evidence kind IDENTIFYING_ASSUMPTION cannot license this operation
PRIMARY,F4_NO_DIRECT_INTERVENTION_EVIDENCE,39,0,EvidenceClassError,evidence kind IDENTIFYING_ASSUMPTION cannot license this operation
PRIMARY,F4_NO_DIRECT_INTERVENTION_EVIDENCE,40,0,EvidenceClassError,evidence kind IDENTIFYING_ASSUMPTION cannot license this operation
PRIMARY,F4_NO_DIRECT_INTERVENTION_EVIDENCE,41,0,EvidenceClassError,evidence kind IDENTIFYING_ASSUMPTION cannot license this operation
PRIMARY,F4_NO_DIRECT_INTERVENTION_EVIDENCE,42,0,EvidenceClassError,evidence kind IDENTIFYING_ASSUMPTION cannot license this operation
PRIMARY,F4_NO_DIRECT_INTERVENTION_EVIDENCE,43,0,EvidenceClassError,evidence kind IDENTIFYING_ASSUMPTION cannot license this operation
PRIMARY,F4_NO_DIRECT_INTERVENTION_EVIDENCE,44,0,EvidenceClassError,evidence kind IDENTIFYING_ASSUMPTION cannot license this operation
PRIMARY,F4_NO_DIRECT_INTERVENTION_EVIDENCE,45,0,EvidenceClassError,evidence kind IDENTIFYING_ASSUMPTION cannot license this operation
PRIMARY,F4_NO_DIRECT_INTERVENTION_EVIDENCE,46,0,EvidenceClassError,evidence kind IDENTIFYING_ASSUMPTION cannot license this operation
PRIMARY,F4_NO_DIRECT_INTERVENTION_EVIDENCE,47,0,EvidenceClassError,evidence kind IDENTIFYING_ASSUMPTION cannot license this operation
PRIMARY,F4_NO_DIRECT_INTERVENTION_EVIDENCE,48,0,EvidenceClassError,evidence kind IDENTIFYING_ASSUMPTION cannot license this operation
PRIMARY,F4_NO_DIRECT_INTERVENTION_EVIDENCE,49,0,EvidenceClassError,evidence kind IDENTIFYING_ASSUMPTION cannot license this operation
PRIMARY,F4_NO_DIRECT_INTERVENTION_EVIDENCE,50,0,EvidenceClassError,evidence kind IDENTIFYING_ASSUMPTION cannot license this operation
PRIMARY,F4_NO_DIRECT_INTERVENTION_EVIDENCE,51,0,EvidenceClassError,evidence kind IDENTIFYING_ASSUMPTION cannot license this operation
PRIMARY,F4_NO_DIRECT_INTERVENTION_EVIDENCE,52,0,EvidenceClassError,evidence kind IDENTIFYING_ASSUMPTION cannot license this operation
PRIMARY,F4_NO_DIRECT_INTERVENTION_EVIDENCE,53,0,EvidenceClassError,evidence kind IDENTIFYING_ASSUMPTION cannot license this operation
PRIMARY,F4_NO_DIRECT_INTERVENTION_EVIDENCE,54,0,EvidenceClassError,evidence kind IDENTIFYING_ASSUMPTION cannot license this operation
PRIMARY,F4_NO_DIRECT_INTERVENTION_EVIDENCE,55,0,EvidenceClassError,evidence kind IDENTIFYING_ASSUMPTION cannot license this operation
PRIMARY,F4_NO_DIRECT_INTERVENTION_EVIDENCE,56,0,EvidenceClassError,evidence kind IDENTIFYING_ASSUMPTION cannot license this operation
PRIMARY,F4_NO_DIRECT_INTERVENTION_EVIDENCE,57,0,EvidenceClassError,evidence kind IDENTIFYING_ASSUMPTION cannot license this operation
PRIMARY,F4_NO_DIRECT_INTERVENTION_EVIDENCE,58,0,EvidenceClassError,evidence kind IDENTIFYING_ASSUMPTION cannot license this operation
PRIMARY,F4_NO_DIRECT_INTERVENTION_EVIDENCE,59,0,EvidenceClassError,evidence kind IDENTIFYING_ASSUMPTION cannot license this operation
PRIMARY,F4_NO_DIRECT_INTERVENTION_EVIDENCE,60,0,EvidenceClassError,evidence kind IDENTIFYING_ASSUMPTION cannot license this operation
PRIMARY,F4_NO_DIRECT_INTERVENTION_EVIDENCE,61,0,EvidenceClassError,evidence kind IDENTIFYING_ASSUMPTION cannot license this operation
PRIMARY,F4_NO_DIRECT_INTERVENTION_EVIDENCE,62,0,EvidenceClassError,evidence kind IDENTIFYING_ASSUMPTION cannot license this operation
PRIMARY,F4_NO_DIRECT_INTERVENTION_EVIDENCE,63,0,EvidenceClassError,evidence kind IDENTIFYING_ASSUMPTION cannot license this operation
PRIMARY,F4_NO_DIRECT_INTERVENTION_EVIDENCE,64,0,EvidenceClassError,evidence kind IDENTIFYING_ASSUMPTION cannot license this operation
PRIMARY,F4_NO_DIRECT_INTERVENTION_EVIDENCE,65,0,EvidenceClassError,evidence kind IDENTIFYING_ASSUMPTION cannot license this operation
PRIMARY,F4_NO_DIRECT_INTERVENTION_EVIDENCE,66,0,EvidenceClassError,evidence kind IDENTIFYING_ASSUMPTION cannot license this operation
PRIMARY,F4_NO_DIRECT_INTERVENTION_EVIDENCE,67,0,EvidenceClassError,evidence kind IDENTIFYING_ASSUMPTION cannot license this operation
PRIMARY,F4_NO_DIRECT_INTERVENTION_EVIDENCE,68,0,EvidenceClassError,evidence kind IDENTIFYING_ASSUMPTION cannot license this operation
PRIMARY,F4_NO_DIRECT_INTERVENTION_EVIDENCE,69,0,EvidenceClassError,evidence kind IDENTIFYING_ASSUMPTION cannot license this operation
PRIMARY,F4_NO_DIRECT_INTERVENTION_EVIDENCE,70,0,EvidenceClassError,evidence kind IDENTIFYING_ASSUMPTION cannot license this operation
PRIMARY,F4_NO_DIRECT_INTERVENTION_EVIDENCE,71,0,EvidenceClassError,evidence kind IDENTIFYING_ASSUMPTION cannot license this operation
PRIMARY,F4_NO_DIRECT_INTERVENTION_EVIDENCE,72,0,EvidenceClassError,evidence kind IDENTIFYING_ASSUMPTION cannot license this operation
PRIMARY,F4_NO_DIRECT_INTERVENTION_EVIDENCE,73,0,EvidenceClassError,evidence kind IDENTIFYING_ASSUMPTION cannot license this operation
PRIMARY,F4_NO_DIRECT_INTERVENTION_EVIDENCE,74,0,EvidenceClassError,evidence kind IDENTIFYING_ASSUMPTION cannot license this operation
PRIMARY,F4_NO_DIRECT_INTERVENTION_EVIDENCE,75,0,EvidenceClassError,evidence kind IDENTIFYING_ASSUMPTION cannot license this operation
PRIMARY,F4_NO_DIRECT_INTERVENTION_EVIDENCE,76,0,EvidenceClassError,evidence kind IDENTIFYING_ASSUMPTION cannot license this operation
PRIMARY,F4_NO_DIRECT_INTERVENTION_EVIDENCE,77,0,EvidenceClassError,evidence kind IDENTIFYING_ASSUMPTION cannot license this operation
PRIMARY,F4_NO_DIRECT_INTERVENTION_EVIDENCE,78,0,EvidenceClassError,evidence kind IDENTIFYING_ASSUMPTION cannot license this operation
PRIMARY,F4_NO_DIRECT_INTERVENTION_EVIDENCE,79,0,EvidenceClassError,evidence kind IDENTIFYING_ASSUMPTION cannot license this operation
PRIMARY,F4_NO_DIRECT_INTERVENTION_EVIDENCE,80,0,EvidenceClassError,evidence kind IDENTIFYING_ASSUMPTION cannot license this operation
PRIMARY,F4_NO_DIRECT_INTERVENTION_EVIDENCE,81,0,EvidenceClassError,evidence kind IDENTIFYING_ASSUMPTION cannot license this operation
PRIMARY,F4_NO_DIRECT_INTERVENTION_EVIDENCE,82,0,EvidenceClassError,evidence kind IDENTIFYING_ASSUMPTION cannot license this operation
PRIMARY,F4_NO_DIRECT_INTERVENTION_EVIDENCE,83,0,EvidenceClassError,evidence kind IDENTIFYING_ASSUMPTION cannot license this operation
PRIMARY,F4_NO_DIRECT_INTERVENTION_EVIDENCE,84,0,EvidenceClassError,evidence kind IDENTIFYING_ASSUMPTION cannot license this operation
PRIMARY,F4_NO_DIRECT_INTERVENTION_EVIDENCE,85,0,EvidenceClassError,evidence kind IDENTIFYING_ASSUMPTION cannot license this operation
PRIMARY,F4_NO_DIRECT_INTERVENTION_EVIDENCE,86,0,EvidenceClassError,evidence kind IDENTIFYING_ASSUMPTION cannot license this operation
PRIMARY,F4_NO_DIRECT_INTERVENTION_EVIDENCE,87,0,EvidenceClassError,evidence kind IDENTIFYING_ASSUMPTION cannot license this operation
PRIMARY,F4_NO_DIRECT_INTERVENTION_EVIDENCE,88,0,EvidenceClassError,evidence kind IDENTIFYING_ASSUMPTION cannot license this operation
PRIMARY,F4_NO_DIRECT_INTERVENTION_EVIDENCE,89,0,EvidenceClassError,evidence kind IDENTIFYING_ASSUMPTION cannot license this operation
PRIMARY,F4_NO_DIRECT_INTERVENTION_EVIDENCE,90,0,EvidenceClassError,evidence kind IDENTIFYING_ASSUMPTION cannot license this operation
PRIMARY,F4_NO_DIRECT_INTERVENTION_EVIDENCE,91,0,EvidenceClassError,evidence kind IDENTIFYING_ASSUMPTION cannot license this operation
PRIMARY,F4_NO_DIRECT_INTERVENTION_EVIDENCE,92,0,EvidenceClassError,evidence kind IDENTIFYING_ASSUMPTION cannot license this operation
PRIMARY,F4_NO_DIRECT_INTERVENTION_EVIDENCE,93,0,EvidenceClassError,evidence kind IDENTIFYING_ASSUMPTION cannot license this operation
PRIMARY,F4_NO_DIRECT_INTERVENTION_EVIDENCE,94,0,EvidenceClassError,evidence kind IDENTIFYING_ASSUMPTION cannot license this operation
PRIMARY,F4_NO_DIRECT_INTERVENTION_EVIDENCE,95,0,EvidenceClassError,evidence kind IDENTIFYING_ASSUMPTION cannot license this operation
PRIMARY,F4_NO_DIRECT_INTERVENTION_EVIDENCE,96,0,EvidenceClassError,evidence kind IDENTIFYING_ASSUMPTION cannot license this operation
PRIMARY,F4_NO_DIRECT_INTERVENTION_EVIDENCE,97,0,EvidenceClassError,evidence kind IDENTIFYING_ASSUMPTION cannot license this operation
PRIMARY,F4_NO_DIRECT_INTERVENTION_EVIDENCE,98,0,EvidenceClassError,evidence kind IDENTIFYING_ASSUMPTION cannot license this operation
PRIMARY,F4_NO_DIRECT_INTERVENTION_EVIDENCE,99,0,EvidenceClassError,evidence kind IDENTIFYING_ASSUMPTION cannot license this operation
PRIMARY,F4_NO_DIRECT_INTERVENTION_EVIDENCE,100,0,EvidenceClassError,evidence kind IDENTIFYING_ASSUMPTION cannot license this operation
PRIMARY,F4_NO_DIRECT_INTERVENTION_EVIDENCE,101,0,EvidenceClassError,evidence kind IDENTIFYING_ASSUMPTION cannot license this operation
PRIMARY,F4_NO_DIRECT_INTERVENTION_EVIDENCE,102,0,EvidenceClassError,evidence kind IDENTIFYING_ASSUMPTION cannot license this operation
PRIMARY,F4_NO_DIRECT_INTERVENTION_EVIDENCE,103,0,EvidenceClassError,evidence kind IDENTIFYING_ASSUMPTION cannot license this operation
PRIMARY,F4_NO_DIRECT_INTERVENTION_EVIDENCE,104,0,EvidenceClassError,evidence kind IDENTIFYING_ASSUMPTION cannot license this operation
PRIMARY,F4_NO_DIRECT_INTERVENTION_EVIDENCE,105,0,EvidenceClassError,evidence kind IDENTIFYING_ASSUMPTION cannot license this operation
PRIMARY,F4_NO_DIRECT_INTERVENTION_EVIDENCE,106,0,EvidenceClassError,evidence kind IDENTIFYING_ASSUMPTION cannot license this operation
PRIMARY,F4_NO_DIRECT_INTERVENTION_EVIDENCE,107,0,EvidenceClassError,evidence kind IDENTIFYING_ASSUMPTION cannot license this operation
PRIMARY,F4_NO_DIRECT_INTERVENTION_EVIDENCE,108,0,EvidenceClassError,evidence kind IDENTIFYING_ASSUMPTION cannot license this operation
PRIMARY,F4_NO_DIRECT_INTERVENTION_EVIDENCE,109,0,EvidenceClassError,evidence kind IDENTIFYING_ASSUMPTION cannot license this operation
PRIMARY,F4_NO_DIRECT_INTERVENTION_EVIDENCE,110,0,EvidenceClassError,evidence kind IDENTIFYING_ASSUMPTION cannot license this operation
PRIMARY,F4_NO_DIRECT_INTERVENTION_EVIDENCE,111,0,EvidenceClassError,evidence kind IDENTIFYING_ASSUMPTION cannot license this operation
PRIMARY,F4_NO_DIRECT_INTERVENTION_EVIDENCE,112,0,EvidenceClassError,evidence kind IDENTIFYING_ASSUMPTION cannot license this operation
PRIMARY,F4_NO_DIRECT_INTERVENTION_EVIDENCE,113,0,EvidenceClassError,evidence kind IDENTIFYING_ASSUMPTION cannot license this operation
PRIMARY,F4_NO_DIRECT_INTERVENTION_EVIDENCE,114,0,EvidenceClassError,evidence kind IDENTIFYING_ASSUMPTION cannot license this operation
PRIMARY,F4_NO_DIRECT_INTERVENTION_EVIDENCE,115,0,EvidenceClassError,evidence kind IDENTIFYING_ASSUMPTION cannot license this operation
PRIMARY,F4_NO_DIRECT_INTERVENTION_EVIDENCE,116,0,EvidenceClassError,evidence kind IDENTIFYING_ASSUMPTION cannot license this operation
PRIMARY,F4_NO_DIRECT_INTERVENTION_EVIDENCE,117,0,EvidenceClassError,evidence kind IDENTIFYING_ASSUMPTION cannot license this operation
PRIMARY,F4_NO_DIRECT_INTERVENTION_EVIDENCE,118,0,EvidenceClassError,evidence kind IDENTIFYING_ASSUMPTION cannot license this operation
PRIMARY,F4_NO_DIRECT_INTERVENTION_EVIDENCE,119,0,EvidenceClassError,evidence kind IDENTIFYING_ASSUMPTION cannot license this operation
PRIMARY,F4_NO_DIRECT_INTERVENTION_EVIDENCE,120,0,EvidenceClassError,evidence kind IDENTIFYING_ASSUMPTION cannot license this operation
PRIMARY,F4_NO_DIRECT_INTERVENTION_EVIDENCE,121,0,EvidenceClassError,evidence kind IDENTIFYING_ASSUMPTION cannot license this operation
PRIMARY,F4_NO_DIRECT_INTERVENTION_EVIDENCE,122,0,EvidenceClassError,evidence kind IDENTIFYING_ASSUMPTION cannot license this operation
PRIMARY,F4_NO_DIRECT_INTERVENTION_EVIDENCE,123,0,EvidenceClassError,evidence kind IDENTIFYING_ASSUMPTION cannot license this operation
PRIMARY,F4_NO_DIRECT_INTERVENTION_EVIDENCE,124,0,EvidenceClassError,evidence kind IDENTIFYING_ASSUMPTION cannot license this operation
PRIMARY,F4_NO_DIRECT_INTERVENTION_EVIDENCE,125,0,EvidenceClassError,evidence kind IDENTIFYING_ASSUMPTION cannot license this operation
PRIMARY,F4_NO_DIRECT_INTERVENTION_EVIDENCE,126,0,EvidenceClassError,evidence kind IDENTIFYING_ASSUMPTION cannot license this operation
PRIMARY,F4_NO_DIRECT_INTERVENTION_EVIDENCE,127,0,EvidenceClassError,evidence kind IDENTIFYING_ASSUMPTION cannot license this operation
PRIMARY,F5_SURROGATE_AS_DIRECT_INTERVENTION,0,0,EvidenceClassError,evidence source SURROGATE_MODEL cannot license this operation
PRIMARY,F5_SURROGATE_AS_DIRECT_INTERVENTION,1,0,EvidenceClassError,evidence source SURROGATE_MODEL cannot license this operation
PRIMARY,F5_SURROGATE_AS_DIRECT_INTERVENTION,2,0,EvidenceClassError,evidence source SURROGATE_MODEL cannot license this operation
PRIMARY,F5_SURROGATE_AS_DIRECT_INTERVENTION,3,0,EvidenceClassError,evidence source SURROGATE_MODEL cannot license this operation
PRIMARY,F5_SURROGATE_AS_DIRECT_INTERVENTION,4,0,EvidenceClassError,evidence source SURROGATE_MODEL cannot license this operation
PRIMARY,F5_SURROGATE_AS_DIRECT_INTERVENTION,5,0,EvidenceClassError,evidence source SURROGATE_MODEL cannot license this operation
PRIMARY,F5_SURROGATE_AS_DIRECT_INTERVENTION,6,0,EvidenceClassError,evidence source SURROGATE_MODEL cannot license this operation
PRIMARY,F5_SURROGATE_AS_DIRECT_INTERVENTION,7,0,EvidenceClassError,evidence source SURROGATE_MODEL cannot license this operation
PRIMARY,F5_SURROGATE_AS_DIRECT_INTERVENTION,8,0,EvidenceClassError,evidence source SURROGATE_MODEL cannot license this operation
PRIMARY,F5_SURROGATE_AS_DIRECT_INTERVENTION,9,0,EvidenceClassError,evidence source SURROGATE_MODEL cannot license this operation
PRIMARY,F5_SURROGATE_AS_DIRECT_INTERVENTION,10,0,EvidenceClassError,evidence source SURROGATE_MODEL cannot license this operation
PRIMARY,F5_SURROGATE_AS_DIRECT_INTERVENTION,11,0,EvidenceClassError,evidence source SURROGATE_MODEL cannot license this operation
PRIMARY,F5_SURROGATE_AS_DIRECT_INTERVENTION,12,0,EvidenceClassError,evidence source SURROGATE_MODEL cannot license this operation
PRIMARY,F5_SURROGATE_AS_DIRECT_INTERVENTION,13,0,EvidenceClassError,evidence source SURROGATE_MODEL cannot license this operation
PRIMARY,F5_SURROGATE_AS_DIRECT_INTERVENTION,14,0,EvidenceClassError,evidence source SURROGATE_MODEL cannot license this operation
PRIMARY,F5_SURROGATE_AS_DIRECT_INTERVENTION,15,0,EvidenceClassError,evidence source SURROGATE_MODEL cannot license this operation
PRIMARY,F5_SURROGATE_AS_DIRECT_INTERVENTION,16,0,EvidenceClassError,evidence source SURROGATE_MODEL cannot license this operation
PRIMARY,F5_SURROGATE_AS_DIRECT_INTERVENTION,17,0,EvidenceClassError,evidence source SURROGATE_MODEL cannot license this operation
PRIMARY,F5_SURROGATE_AS_DIRECT_INTERVENTION,18,0,EvidenceClassError,evidence source SURROGATE_MODEL cannot license this operation
PRIMARY,F5_SURROGATE_AS_DIRECT_INTERVENTION,19,0,EvidenceClassError,evidence source SURROGATE_MODEL cannot license this operation
PRIMARY,F5_SURROGATE_AS_DIRECT_INTERVENTION,20,0,EvidenceClassError,evidence source SURROGATE_MODEL cannot license this operation
PRIMARY,F5_SURROGATE_AS_DIRECT_INTERVENTION,21,0,EvidenceClassError,evidence source SURROGATE_MODEL cannot license this operation
PRIMARY,F5_SURROGATE_AS_DIRECT_INTERVENTION,22,0,EvidenceClassError,evidence source SURROGATE_MODEL cannot license this operation
PRIMARY,F5_SURROGATE_AS_DIRECT_INTERVENTION,23,0,EvidenceClassError,evidence source SURROGATE_MODEL cannot license this operation
PRIMARY,F5_SURROGATE_AS_DIRECT_INTERVENTION,24,0,EvidenceClassError,evidence source SURROGATE_MODEL cannot license this operation
PRIMARY,F5_SURROGATE_AS_DIRECT_INTERVENTION,25,0,EvidenceClassError,evidence source SURROGATE_MODEL cannot license this operation
PRIMARY,F5_SURROGATE_AS_DIRECT_INTERVENTION,26,0,EvidenceClassError,evidence source SURROGATE_MODEL cannot license this operation
PRIMARY,F5_SURROGATE_AS_DIRECT_INTERVENTION,27,0,EvidenceClassError,evidence source SURROGATE_MODEL cannot license this operation
PRIMARY,F5_SURROGATE_AS_DIRECT_INTERVENTION,28,0,EvidenceClassError,evidence source SURROGATE_MODEL cannot license this operation
PRIMARY,F5_SURROGATE_AS_DIRECT_INTERVENTION,29,0,EvidenceClassError,evidence source SURROGATE_MODEL cannot license this operation
PRIMARY,F5_SURROGATE_AS_DIRECT_INTERVENTION,30,0,EvidenceClassError,evidence source SURROGATE_MODEL cannot license this operation
PRIMARY,F5_SURROGATE_AS_DIRECT_INTERVENTION,31,0,EvidenceClassError,evidence source SURROGATE_MODEL cannot license this operation
PRIMARY,F5_SURROGATE_AS_DIRECT_INTERVENTION,32,0,EvidenceClassError,evidence source SURROGATE_MODEL cannot license this operation
PRIMARY,F5_SURROGATE_AS_DIRECT_INTERVENTION,33,0,EvidenceClassError,evidence source SURROGATE_MODEL cannot license this operation
PRIMARY,F5_SURROGATE_AS_DIRECT_INTERVENTION,34,0,EvidenceClassError,evidence source SURROGATE_MODEL cannot license this operation
PRIMARY,F5_SURROGATE_AS_DIRECT_INTERVENTION,35,0,EvidenceClassError,evidence source SURROGATE_MODEL cannot license this operation
PRIMARY,F5_SURROGATE_AS_DIRECT_INTERVENTION,36,0,EvidenceClassError,evidence source SURROGATE_MODEL cannot license this operation
PRIMARY,F5_SURROGATE_AS_DIRECT_INTERVENTION,37,0,EvidenceClassError,evidence source SURROGATE_MODEL cannot license this operation
PRIMARY,F5_SURROGATE_AS_DIRECT_INTERVENTION,38,0,EvidenceClassError,evidence source SURROGATE_MODEL cannot license this operation
PRIMARY,F5_SURROGATE_AS_DIRECT_INTERVENTION,39,0,EvidenceClassError,evidence source SURROGATE_MODEL cannot license this operation
PRIMARY,F5_SURROGATE_AS_DIRECT_INTERVENTION,40,0,EvidenceClassError,evidence source SURROGATE_MODEL cannot license this operation
PRIMARY,F5_SURROGATE_AS_DIRECT_INTERVENTION,41,0,EvidenceClassError,evidence source SURROGATE_MODEL cannot license this operation
PRIMARY,F5_SURROGATE_AS_DIRECT_INTERVENTION,42,0,EvidenceClassError,evidence source SURROGATE_MODEL cannot license this operation
PRIMARY,F5_SURROGATE_AS_DIRECT_INTERVENTION,43,0,EvidenceClassError,evidence source SURROGATE_MODEL cannot license this operation
PRIMARY,F5_SURROGATE_AS_DIRECT_INTERVENTION,44,0,EvidenceClassError,evidence source SURROGATE_MODEL cannot license this operation
PRIMARY,F5_SURROGATE_AS_DIRECT_INTERVENTION,45,0,EvidenceClassError,evidence source SURROGATE_MODEL cannot license this operation
PRIMARY,F5_SURROGATE_AS_DIRECT_INTERVENTION,46,0,EvidenceClassError,evidence source SURROGATE_MODEL cannot license this operation
PRIMARY,F5_SURROGATE_AS_DIRECT_INTERVENTION,47,0,EvidenceClassError,evidence source SURROGATE_MODEL cannot license this operation
PRIMARY,F5_SURROGATE_AS_DIRECT_INTERVENTION,48,0,EvidenceClassError,evidence source SURROGATE_MODEL cannot license this operation
PRIMARY,F5_SURROGATE_AS_DIRECT_INTERVENTION,49,0,EvidenceClassError,evidence source SURROGATE_MODEL cannot license this operation
PRIMARY,F5_SURROGATE_AS_DIRECT_INTERVENTION,50,0,EvidenceClassError,evidence source SURROGATE_MODEL cannot license this operation
PRIMARY,F5_SURROGATE_AS_DIRECT_INTERVENTION,51,0,EvidenceClassError,evidence source SURROGATE_MODEL cannot license this operation
PRIMARY,F5_SURROGATE_AS_DIRECT_INTERVENTION,52,0,EvidenceClassError,evidence source SURROGATE_MODEL cannot license this operation
PRIMARY,F5_SURROGATE_AS_DIRECT_INTERVENTION,53,0,EvidenceClassError,evidence source SURROGATE_MODEL cannot license this operation
PRIMARY,F5_SURROGATE_AS_DIRECT_INTERVENTION,54,0,EvidenceClassError,evidence source SURROGATE_MODEL cannot license this operation
PRIMARY,F5_SURROGATE_AS_DIRECT_INTERVENTION,55,0,EvidenceClassError,evidence source SURROGATE_MODEL cannot license this operation
PRIMARY,F5_SURROGATE_AS_DIRECT_INTERVENTION,56,0,EvidenceClassError,evidence source SURROGATE_MODEL cannot license this operation
PRIMARY,F5_SURROGATE_AS_DIRECT_INTERVENTION,57,0,EvidenceClassError,evidence source SURROGATE_MODEL cannot license this operation
PRIMARY,F5_SURROGATE_AS_DIRECT_INTERVENTION,58,0,EvidenceClassError,evidence source SURROGATE_MODEL cannot license this operation
PRIMARY,F5_SURROGATE_AS_DIRECT_INTERVENTION,59,0,EvidenceClassError,evidence source SURROGATE_MODEL cannot license this operation
PRIMARY,F5_SURROGATE_AS_DIRECT_INTERVENTION,60,0,EvidenceClassError,evidence source SURROGATE_MODEL cannot license this operation
PRIMARY,F5_SURROGATE_AS_DIRECT_INTERVENTION,61,0,EvidenceClassError,evidence source SURROGATE_MODEL cannot license this operation
PRIMARY,F5_SURROGATE_AS_DIRECT_INTERVENTION,62,0,EvidenceClassError,evidence source SURROGATE_MODEL cannot license this operation
PRIMARY,F5_SURROGATE_AS_DIRECT_INTERVENTION,63,0,EvidenceClassError,evidence source SURROGATE_MODEL cannot license this operation
PRIMARY,F5_SURROGATE_AS_DIRECT_INTERVENTION,64,0,EvidenceClassError,evidence source SURROGATE_MODEL cannot license this operation
PRIMARY,F5_SURROGATE_AS_DIRECT_INTERVENTION,65,0,EvidenceClassError,evidence source SURROGATE_MODEL cannot license this operation
PRIMARY,F5_SURROGATE_AS_DIRECT_INTERVENTION,66,0,EvidenceClassError,evidence source SURROGATE_MODEL cannot license this operation
PRIMARY,F5_SURROGATE_AS_DIRECT_INTERVENTION,67,0,EvidenceClassError,evidence source SURROGATE_MODEL cannot license this operation
PRIMARY,F5_SURROGATE_AS_DIRECT_INTERVENTION,68,0,EvidenceClassError,evidence source SURROGATE_MODEL cannot license this operation
PRIMARY,F5_SURROGATE_AS_DIRECT_INTERVENTION,69,0,EvidenceClassError,evidence source SURROGATE_MODEL cannot license this operation
PRIMARY,F5_SURROGATE_AS_DIRECT_INTERVENTION,70,0,EvidenceClassError,evidence source SURROGATE_MODEL cannot license this operation
PRIMARY,F5_SURROGATE_AS_DIRECT_INTERVENTION,71,0,EvidenceClassError,evidence source SURROGATE_MODEL cannot license this operation
PRIMARY,F5_SURROGATE_AS_DIRECT_INTERVENTION,72,0,EvidenceClassError,evidence source SURROGATE_MODEL cannot license this operation
PRIMARY,F5_SURROGATE_AS_DIRECT_INTERVENTION,73,0,EvidenceClassError,evidence source SURROGATE_MODEL cannot license this operation
PRIMARY,F5_SURROGATE_AS_DIRECT_INTERVENTION,74,0,EvidenceClassError,evidence source SURROGATE_MODEL cannot license this operation
PRIMARY,F5_SURROGATE_AS_DIRECT_INTERVENTION,75,0,EvidenceClassError,evidence source SURROGATE_MODEL cannot license this operation
PRIMARY,F5_SURROGATE_AS_DIRECT_INTERVENTION,76,0,EvidenceClassError,evidence source SURROGATE_MODEL cannot license this operation
PRIMARY,F5_SURROGATE_AS_DIRECT_INTERVENTION,77,0,EvidenceClassError,evidence source SURROGATE_MODEL cannot license this operation
PRIMARY,F5_SURROGATE_AS_DIRECT_INTERVENTION,78,0,EvidenceClassError,evidence source SURROGATE_MODEL cannot license this operation
PRIMARY,F5_SURROGATE_AS_DIRECT_INTERVENTION,79,0,EvidenceClassError,evidence source SURROGATE_MODEL cannot license this operation
PRIMARY,F5_SURROGATE_AS_DIRECT_INTERVENTION,80,0,EvidenceClassError,evidence source SURROGATE_MODEL cannot license this operation
PRIMARY,F5_SURROGATE_AS_DIRECT_INTERVENTION,81,0,EvidenceClassError,evidence source SURROGATE_MODEL cannot license this operation
PRIMARY,F5_SURROGATE_AS_DIRECT_INTERVENTION,82,0,EvidenceClassError,evidence source SURROGATE_MODEL cannot license this operation
PRIMARY,F5_SURROGATE_AS_DIRECT_INTERVENTION,83,0,EvidenceClassError,evidence source SURROGATE_MODEL cannot license this operation
PRIMARY,F5_SURROGATE_AS_DIRECT_INTERVENTION,84,0,EvidenceClassError,evidence source SURROGATE_MODEL cannot license this operation
PRIMARY,F5_SURROGATE_AS_DIRECT_INTERVENTION,85,0,EvidenceClassError,evidence source SURROGATE_MODEL cannot license this operation
PRIMARY,F5_SURROGATE_AS_DIRECT_INTERVENTION,86,0,EvidenceClassError,evidence source SURROGATE_MODEL cannot license this operation
PRIMARY,F5_SURROGATE_AS_DIRECT_INTERVENTION,87,0,EvidenceClassError,evidence source SURROGATE_MODEL cannot license this operation
PRIMARY,F5_SURROGATE_AS_DIRECT_INTERVENTION,88,0,EvidenceClassError,evidence source SURROGATE_MODEL cannot license this operation
PRIMARY,F5_SURROGATE_AS_DIRECT_INTERVENTION,89,0,EvidenceClassError,evidence source SURROGATE_MODEL cannot license this operation
PRIMARY,F5_SURROGATE_AS_DIRECT_INTERVENTION,90,0,EvidenceClassError,evidence source SURROGATE_MODEL cannot license this operation
PRIMARY,F5_SURROGATE_AS_DIRECT_INTERVENTION,91,0,EvidenceClassError,evidence source SURROGATE_MODEL cannot license this operation
PRIMARY,F5_SURROGATE_AS_DIRECT_INTERVENTION,92,0,EvidenceClassError,evidence source SURROGATE_MODEL cannot license this operation
PRIMARY,F5_SURROGATE_AS_DIRECT_INTERVENTION,93,0,EvidenceClassError,evidence source SURROGATE_MODEL cannot license this operation
PRIMARY,F5_SURROGATE_AS_DIRECT_INTERVENTION,94,0,EvidenceClassError,evidence source SURROGATE_MODEL cannot license this operation
PRIMARY,F5_SURROGATE_AS_DIRECT_INTERVENTION,95,0,EvidenceClassError,evidence source SURROGATE_MODEL cannot license this operation
PRIMARY,F5_SURROGATE_AS_DIRECT_INTERVENTION,96,0,EvidenceClassError,evidence source SURROGATE_MODEL cannot license this operation
PRIMARY,F5_SURROGATE_AS_DIRECT_INTERVENTION,97,0,EvidenceClassError,evidence source SURROGATE_MODEL cannot license this operation
PRIMARY,F5_SURROGATE_AS_DIRECT_INTERVENTION,98,0,EvidenceClassError,evidence source SURROGATE_MODEL cannot license this operation
PRIMARY,F5_SURROGATE_AS_DIRECT_INTERVENTION,99,0,EvidenceClassError,evidence source SURROGATE_MODEL cannot license this operation
PRIMARY,F5_SURROGATE_AS_DIRECT_INTERVENTION,100,0,EvidenceClassError,evidence source SURROGATE_MODEL cannot license this operation
PRIMARY,F5_SURROGATE_AS_DIRECT_INTERVENTION,101,0,EvidenceClassError,evidence source SURROGATE_MODEL cannot license this operation
PRIMARY,F5_SURROGATE_AS_DIRECT_INTERVENTION,102,0,EvidenceClassError,evidence source SURROGATE_MODEL cannot license this operation
PRIMARY,F5_SURROGATE_AS_DIRECT_INTERVENTION,103,0,EvidenceClassError,evidence source SURROGATE_MODEL cannot license this operation
PRIMARY,F5_SURROGATE_AS_DIRECT_INTERVENTION,104,0,EvidenceClassError,evidence source SURROGATE_MODEL cannot license this operation
PRIMARY,F5_SURROGATE_AS_DIRECT_INTERVENTION,105,0,EvidenceClassError,evidence source SURROGATE_MODEL cannot license this operation
PRIMARY,F5_SURROGATE_AS_DIRECT_INTERVENTION,106,0,EvidenceClassError,evidence source SURROGATE_MODEL cannot license this operation
PRIMARY,F5_SURROGATE_AS_DIRECT_INTERVENTION,107,0,EvidenceClassError,evidence source SURROGATE_MODEL cannot license this operation
PRIMARY,F5_SURROGATE_AS_DIRECT_INTERVENTION,108,0,EvidenceClassError,evidence source SURROGATE_MODEL cannot license this operation
PRIMARY,F5_SURROGATE_AS_DIRECT_INTERVENTION,109,0,EvidenceClassError,evidence source SURROGATE_MODEL cannot license this operation
PRIMARY,F5_SURROGATE_AS_DIRECT_INTERVENTION,110,0,EvidenceClassError,evidence source SURROGATE_MODEL cannot license this operation
PRIMARY,F5_SURROGATE_AS_DIRECT_INTERVENTION,111,0,EvidenceClassError,evidence source SURROGATE_MODEL cannot license this operation
PRIMARY,F5_SURROGATE_AS_DIRECT_INTERVENTION,112,0,EvidenceClassError,evidence source SURROGATE_MODEL cannot license this operation
PRIMARY,F5_SURROGATE_AS_DIRECT_INTERVENTION,113,0,EvidenceClassError,evidence source SURROGATE_MODEL cannot license this operation
PRIMARY,F5_SURROGATE_AS_DIRECT_INTERVENTION,114,0,EvidenceClassError,evidence source SURROGATE_MODEL cannot license this operation
PRIMARY,F5_SURROGATE_AS_DIRECT_INTERVENTION,115,0,EvidenceClassError,evidence source SURROGATE_MODEL cannot license this operation
PRIMARY,F5_SURROGATE_AS_DIRECT_INTERVENTION,116,0,EvidenceClassError,evidence source SURROGATE_MODEL cannot license this operation
PRIMARY,F5_SURROGATE_AS_DIRECT_INTERVENTION,117,0,EvidenceClassError,evidence source SURROGATE_MODEL cannot license this operation
PRIMARY,F5_SURROGATE_AS_DIRECT_INTERVENTION,118,0,EvidenceClassError,evidence source SURROGATE_MODEL cannot license this operation
PRIMARY,F5_SURROGATE_AS_DIRECT_INTERVENTION,119,0,EvidenceClassError,evidence source SURROGATE_MODEL cannot license this operation
PRIMARY,F5_SURROGATE_AS_DIRECT_INTERVENTION,120,0,EvidenceClassError,evidence source SURROGATE_MODEL cannot license this operation
PRIMARY,F5_SURROGATE_AS_DIRECT_INTERVENTION,121,0,EvidenceClassError,evidence source SURROGATE_MODEL cannot license this operation
PRIMARY,F5_SURROGATE_AS_DIRECT_INTERVENTION,122,0,EvidenceClassError,evidence source SURROGATE_MODEL cannot license this operation
PRIMARY,F5_SURROGATE_AS_DIRECT_INTERVENTION,123,0,EvidenceClassError,evidence source SURROGATE_MODEL cannot license this operation
PRIMARY,F5_SURROGATE_AS_DIRECT_INTERVENTION,124,0,EvidenceClassError,evidence source SURROGATE_MODEL cannot license this operation
PRIMARY,F5_SURROGATE_AS_DIRECT_INTERVENTION,125,0,EvidenceClassError,evidence source SURROGATE_MODEL cannot license this operation
PRIMARY,F5_SURROGATE_AS_DIRECT_INTERVENTION,126,0,EvidenceClassError,evidence source SURROGATE_MODEL cannot license this operation
PRIMARY,F5_SURROGATE_AS_DIRECT_INTERVENTION,127,0,EvidenceClassError,evidence source SURROGATE_MODEL cannot license this operation
PRIMARY,F6_CROSS_CLAIM_TOKEN_REUSE,0,0,CapabilityBindingError,capability claim id does not match record
PRIMARY,F6_CROSS_CLAIM_TOKEN_REUSE,1,0,CapabilityBindingError,capability claim id does not match record
PRIMARY,F6_CROSS_CLAIM_TOKEN_REUSE,2,0,CapabilityBindingError,capability claim id does not match record
PRIMARY,F6_CROSS_CLAIM_TOKEN_REUSE,3,0,CapabilityBindingError,capability claim id does not match record
PRIMARY,F6_CROSS_CLAIM_TOKEN_REUSE,4,0,CapabilityBindingError,capability claim id does not match record
PRIMARY,F6_CROSS_CLAIM_TOKEN_REUSE,5,0,CapabilityBindingError,capability claim id does not match record
PRIMARY,F6_CROSS_CLAIM_TOKEN_REUSE,6,0,CapabilityBindingError,capability claim id does not match record
PRIMARY,F6_CROSS_CLAIM_TOKEN_REUSE,7,0,CapabilityBindingError,capability claim id does not match record
PRIMARY,F6_CROSS_CLAIM_TOKEN_REUSE,8,0,CapabilityBindingError,capability claim id does not match record
PRIMARY,F6_CROSS_CLAIM_TOKEN_REUSE,9,0,CapabilityBindingError,capability claim id does not match record
PRIMARY,F6_CROSS_CLAIM_TOKEN_REUSE,10,0,CapabilityBindingError,capability claim id does not match record
PRIMARY,F6_CROSS_CLAIM_TOKEN_REUSE,11,0,CapabilityBindingError,capability claim id does not match record
PRIMARY,F6_CROSS_CLAIM_TOKEN_REUSE,12,0,CapabilityBindingError,capability claim id does not match record
PRIMARY,F6_CROSS_CLAIM_TOKEN_REUSE,13,0,CapabilityBindingError,capability claim id does not match record
PRIMARY,F6_CROSS_CLAIM_TOKEN_REUSE,14,0,CapabilityBindingError,capability claim id does not match record
PRIMARY,F6_CROSS_CLAIM_TOKEN_REUSE,15,0,CapabilityBindingError,capability claim id does not match record
PRIMARY,F6_CROSS_CLAIM_TOKEN_REUSE,16,0,CapabilityBindingError,capability claim id does not match record
PRIMARY,F6_CROSS_CLAIM_TOKEN_REUSE,17,0,CapabilityBindingError,capability claim id does not match record
PRIMARY,F6_CROSS_CLAIM_TOKEN_REUSE,18,0,CapabilityBindingError,capability claim id does not match record
PRIMARY,F6_CROSS_CLAIM_TOKEN_REUSE,19,0,CapabilityBindingError,capability claim id does not match record
PRIMARY,F6_CROSS_CLAIM_TOKEN_REUSE,20,0,CapabilityBindingError,capability claim id does not match record
PRIMARY,F6_CROSS_CLAIM_TOKEN_REUSE,21,0,CapabilityBindingError,capability claim id does not match record
PRIMARY,F6_CROSS_CLAIM_TOKEN_REUSE,22,0,CapabilityBindingError,capability claim id does not match record
PRIMARY,F6_CROSS_CLAIM_TOKEN_REUSE,23,0,CapabilityBindingError,capability claim id does not match record
PRIMARY,F6_CROSS_CLAIM_TOKEN_REUSE,24,0,CapabilityBindingError,capability claim id does not match record
PRIMARY,F6_CROSS_CLAIM_TOKEN_REUSE,25,0,CapabilityBindingError,capability claim id does not match record
PRIMARY,F6_CROSS_CLAIM_TOKEN_REUSE,26,0,CapabilityBindingError,capability claim id does not match record
PRIMARY,F6_CROSS_CLAIM_TOKEN_REUSE,27,0,CapabilityBindingError,capability claim id does not match record
PRIMARY,F6_CROSS_CLAIM_TOKEN_REUSE,28,0,CapabilityBindingError,capability claim id does not match record
PRIMARY,F6_CROSS_CLAIM_TOKEN_REUSE,29,0,CapabilityBindingError,capability claim id does not match record
PRIMARY,F6_CROSS_CLAIM_TOKEN_REUSE,30,0,CapabilityBindingError,capability claim id does not match record
PRIMARY,F6_CROSS_CLAIM_TOKEN_REUSE,31,0,CapabilityBindingError,capability claim id does not match record
PRIMARY,F6_CROSS_CLAIM_TOKEN_REUSE,32,0,CapabilityBindingError,capability claim id does not match record
PRIMARY,F6_CROSS_CLAIM_TOKEN_REUSE,33,0,CapabilityBindingError,capability claim id does not match record
PRIMARY,F6_CROSS_CLAIM_TOKEN_REUSE,34,0,CapabilityBindingError,capability claim id does not match record
PRIMARY,F6_CROSS_CLAIM_TOKEN_REUSE,35,0,CapabilityBindingError,capability claim id does not match record
PRIMARY,F6_CROSS_CLAIM_TOKEN_REUSE,36,0,CapabilityBindingError,capability claim id does not match record
PRIMARY,F6_CROSS_CLAIM_TOKEN_REUSE,37,0,CapabilityBindingError,capability claim id does not match record
PRIMARY,F6_CROSS_CLAIM_TOKEN_REUSE,38,0,CapabilityBindingError,capability claim id does not match record
PRIMARY,F6_CROSS_CLAIM_TOKEN_REUSE,39,0,CapabilityBindingError,capability claim id does not match record
PRIMARY,F6_CROSS_CLAIM_TOKEN_REUSE,40,0,CapabilityBindingError,capability claim id does not match record
PRIMARY,F6_CROSS_CLAIM_TOKEN_REUSE,41,0,CapabilityBindingError,capability claim id does not match record
PRIMARY,F6_CROSS_CLAIM_TOKEN_REUSE,42,0,CapabilityBindingError,capability claim id does not match record
PRIMARY,F6_CROSS_CLAIM_TOKEN_REUSE,43,0,CapabilityBindingError,capability claim id does not match record
PRIMARY,F6_CROSS_CLAIM_TOKEN_REUSE,44,0,CapabilityBindingError,capability claim id does not match record
PRIMARY,F6_CROSS_CLAIM_TOKEN_REUSE,45,0,CapabilityBindingError,capability claim id does not match record
PRIMARY,F6_CROSS_CLAIM_TOKEN_REUSE,46,0,CapabilityBindingError,capability claim id does not match record
PRIMARY,F6_CROSS_CLAIM_TOKEN_REUSE,47,0,CapabilityBindingError,capability claim id does not match record
PRIMARY,F6_CROSS_CLAIM_TOKEN_REUSE,48,0,CapabilityBindingError,capability claim id does not match record
PRIMARY,F6_CROSS_CLAIM_TOKEN_REUSE,49,0,CapabilityBindingError,capability claim id does not match record
PRIMARY,F6_CROSS_CLAIM_TOKEN_REUSE,50,0,CapabilityBindingError,capability claim id does not match record
PRIMARY,F6_CROSS_CLAIM_TOKEN_REUSE,51,0,CapabilityBindingError,capability claim id does not match record
PRIMARY,F6_CROSS_CLAIM_TOKEN_REUSE,52,0,CapabilityBindingError,capability claim id does not match record
PRIMARY,F6_CROSS_CLAIM_TOKEN_REUSE,53,0,CapabilityBindingError,capability claim id does not match record
PRIMARY,F6_CROSS_CLAIM_TOKEN_REUSE,54,0,CapabilityBindingError,capability claim id does not match record
PRIMARY,F6_CROSS_CLAIM_TOKEN_REUSE,55,0,CapabilityBindingError,capability claim id does not match record
PRIMARY,F6_CROSS_CLAIM_TOKEN_REUSE,56,0,CapabilityBindingError,capability claim id does not match record
PRIMARY,F6_CROSS_CLAIM_TOKEN_REUSE,57,0,CapabilityBindingError,capability claim id does not match record
PRIMARY,F6_CROSS_CLAIM_TOKEN_REUSE,58,0,CapabilityBindingError,capability claim id does not match record
PRIMARY,F6_CROSS_CLAIM_TOKEN_REUSE,59,0,CapabilityBindingError,capability claim id does not match record
PRIMARY,F6_CROSS_CLAIM_TOKEN_REUSE,60,0,CapabilityBindingError,capability claim id does not match record
PRIMARY,F6_CROSS_CLAIM_TOKEN_REUSE,61,0,CapabilityBindingError,capability claim id does not match record
PRIMARY,F6_CROSS_CLAIM_TOKEN_REUSE,62,0,CapabilityBindingError,capability claim id does not match record
PRIMARY,F6_CROSS_CLAIM_TOKEN_REUSE,63,0,CapabilityBindingError,capability claim id does not match record
PRIMARY,F6_CROSS_CLAIM_TOKEN_REUSE,64,0,CapabilityBindingError,capability claim id does not match record
PRIMARY,F6_CROSS_CLAIM_TOKEN_REUSE,65,0,CapabilityBindingError,capability claim id does not match record
PRIMARY,F6_CROSS_CLAIM_TOKEN_REUSE,66,0,CapabilityBindingError,capability claim id does not match record
PRIMARY,F6_CROSS_CLAIM_TOKEN_REUSE,67,0,CapabilityBindingError,capability claim id does not match record
PRIMARY,F6_CROSS_CLAIM_TOKEN_REUSE,68,0,CapabilityBindingError,capability claim id does not match record
PRIMARY,F6_CROSS_CLAIM_TOKEN_REUSE,69,0,CapabilityBindingError,capability claim id does not match record
PRIMARY,F6_CROSS_CLAIM_TOKEN_REUSE,70,0,CapabilityBindingError,capability claim id does not match record
PRIMARY,F6_CROSS_CLAIM_TOKEN_REUSE,71,0,CapabilityBindingError,capability claim id does not match record
PRIMARY,F6_CROSS_CLAIM_TOKEN_REUSE,72,0,CapabilityBindingError,capability claim id does not match record
PRIMARY,F6_CROSS_CLAIM_TOKEN_REUSE,73,0,CapabilityBindingError,capability claim id does not match record
PRIMARY,F6_CROSS_CLAIM_TOKEN_REUSE,74,0,CapabilityBindingError,capability claim id does not match record
PRIMARY,F6_CROSS_CLAIM_TOKEN_REUSE,75,0,CapabilityBindingError,capability claim id does not match record
PRIMARY,F6_CROSS_CLAIM_TOKEN_REUSE,76,0,CapabilityBindingError,capability claim id does not match record
PRIMARY,F6_CROSS_CLAIM_TOKEN_REUSE,77,0,CapabilityBindingError,capability claim id does not match record
PRIMARY,F6_CROSS_CLAIM_TOKEN_REUSE,78,0,CapabilityBindingError,capability claim id does not match record
PRIMARY,F6_CROSS_CLAIM_TOKEN_REUSE,79,0,CapabilityBindingError,capability claim id does not match record
PRIMARY,F6_CROSS_CLAIM_TOKEN_REUSE,80,0,CapabilityBindingError,capability claim id does not match record
PRIMARY,F6_CROSS_CLAIM_TOKEN_REUSE,81,0,CapabilityBindingError,capability claim id does not match record
PRIMARY,F6_CROSS_CLAIM_TOKEN_REUSE,82,0,CapabilityBindingError,capability claim id does not match record
PRIMARY,F6_CROSS_CLAIM_TOKEN_REUSE,83,0,CapabilityBindingError,capability claim id does not match record
PRIMARY,F6_CROSS_CLAIM_TOKEN_REUSE,84,0,CapabilityBindingError,capability claim id does not match record
PRIMARY,F6_CROSS_CLAIM_TOKEN_REUSE,85,0,CapabilityBindingError,capability claim id does not match record
PRIMARY,F6_CROSS_CLAIM_TOKEN_REUSE,86,0,CapabilityBindingError,capability claim id does not match record
PRIMARY,F6_CROSS_CLAIM_TOKEN_REUSE,87,0,CapabilityBindingError,capability claim id does not match record
PRIMARY,F6_CROSS_CLAIM_TOKEN_REUSE,88,0,CapabilityBindingError,capability claim id does not match record
PRIMARY,F6_CROSS_CLAIM_TOKEN_REUSE,89,0,CapabilityBindingError,capability claim id does not match record
PRIMARY,F6_CROSS_CLAIM_TOKEN_REUSE,90,0,CapabilityBindingError,capability claim id does not match record
PRIMARY,F6_CROSS_CLAIM_TOKEN_REUSE,91,0,CapabilityBindingError,capability claim id does not match record
PRIMARY,F6_CROSS_CLAIM_TOKEN_REUSE,92,0,CapabilityBindingError,capability claim id does not match record
PRIMARY,F6_CROSS_CLAIM_TOKEN_REUSE,93,0,CapabilityBindingError,capability claim id does not match record
PRIMARY,F6_CROSS_CLAIM_TOKEN_REUSE,94,0,CapabilityBindingError,capability claim id does not match record
PRIMARY,F6_CROSS_CLAIM_TOKEN_REUSE,95,0,CapabilityBindingError,capability claim id does not match record
PRIMARY,F6_CROSS_CLAIM_TOKEN_REUSE,96,0,CapabilityBindingError,capability claim id does not match record
PRIMARY,F6_CROSS_CLAIM_TOKEN_REUSE,97,0,CapabilityBindingError,capability claim id does not match record
PRIMARY,F6_CROSS_CLAIM_TOKEN_REUSE,98,0,CapabilityBindingError,capability claim id does not match record
PRIMARY,F6_CROSS_CLAIM_TOKEN_REUSE,99,0,CapabilityBindingError,capability claim id does not match record
PRIMARY,F6_CROSS_CLAIM_TOKEN_REUSE,100,0,CapabilityBindingError,capability claim id does not match record
PRIMARY,F6_CROSS_CLAIM_TOKEN_REUSE,101,0,CapabilityBindingError,capability claim id does not match record
PRIMARY,F6_CROSS_CLAIM_TOKEN_REUSE,102,0,CapabilityBindingError,capability claim id does not match record
PRIMARY,F6_CROSS_CLAIM_TOKEN_REUSE,103,0,CapabilityBindingError,capability claim id does not match record
PRIMARY,F6_CROSS_CLAIM_TOKEN_REUSE,104,0,CapabilityBindingError,capability claim id does not match record
PRIMARY,F6_CROSS_CLAIM_TOKEN_REUSE,105,0,CapabilityBindingError,capability claim id does not match record
PRIMARY,F6_CROSS_CLAIM_TOKEN_REUSE,106,0,CapabilityBindingError,capability claim id does not match record
PRIMARY,F6_CROSS_CLAIM_TOKEN_REUSE,107,0,CapabilityBindingError,capability claim id does not match record
PRIMARY,F6_CROSS_CLAIM_TOKEN_REUSE,108,0,CapabilityBindingError,capability claim id does not match record
PRIMARY,F6_CROSS_CLAIM_TOKEN_REUSE,109,0,CapabilityBindingError,capability claim id does not match record
PRIMARY,F6_CROSS_CLAIM_TOKEN_REUSE,110,0,CapabilityBindingError,capability claim id does not match record
PRIMARY,F6_CROSS_CLAIM_TOKEN_REUSE,111,0,CapabilityBindingError,capability claim id does not match record
PRIMARY,F6_CROSS_CLAIM_TOKEN_REUSE,112,0,CapabilityBindingError,capability claim id does not match record
PRIMARY,F6_CROSS_CLAIM_TOKEN_REUSE,113,0,CapabilityBindingError,capability claim id does not match record
PRIMARY,F6_CROSS_CLAIM_TOKEN_REUSE,114,0,CapabilityBindingError,capability claim id does not match record
PRIMARY,F6_CROSS_CLAIM_TOKEN_REUSE,115,0,CapabilityBindingError,capability claim id does not match record
PRIMARY,F6_CROSS_CLAIM_TOKEN_REUSE,116,0,CapabilityBindingError,capability claim id does not match record
PRIMARY,F6_CROSS_CLAIM_TOKEN_REUSE,117,0,CapabilityBindingError,capability claim id does not match record
PRIMARY,F6_CROSS_CLAIM_TOKEN_REUSE,118,0,CapabilityBindingError,capability claim id does not match record
PRIMARY,F6_CROSS_CLAIM_TOKEN_REUSE,119,0,CapabilityBindingError,capability claim id does not match record
PRIMARY,F6_CROSS_CLAIM_TOKEN_REUSE,120,0,CapabilityBindingError,capability claim id does not match record
PRIMARY,F6_CROSS_CLAIM_TOKEN_REUSE,121,0,CapabilityBindingError,capability claim id does not match record
PRIMARY,F6_CROSS_CLAIM_TOKEN_REUSE,122,0,CapabilityBindingError,capability claim id does not match record
PRIMARY,F6_CROSS_CLAIM_TOKEN_REUSE,123,0,CapabilityBindingError,capability claim id does not match record
PRIMARY,F6_CROSS_CLAIM_TOKEN_REUSE,124,0,CapabilityBindingError,capability claim id does not match record
PRIMARY,F6_CROSS_CLAIM_TOKEN_REUSE,125,0,CapabilityBindingError,capability claim id does not match record
PRIMARY,F6_CROSS_CLAIM_TOKEN_REUSE,126,0,CapabilityBindingError,capability claim id does not match record
PRIMARY,F6_CROSS_CLAIM_TOKEN_REUSE,127,0,CapabilityBindingError,capability claim id does not match record
PRIMARY,F7_STALE_PARENT_TOKEN_REUSE,0,0,CapabilityBindingError,capability parent digest is stale or belongs to another record
PRIMARY,F7_STALE_PARENT_TOKEN_REUSE,1,0,CapabilityBindingError,capability parent digest is stale or belongs to another record
PRIMARY,F7_STALE_PARENT_TOKEN_REUSE,2,0,CapabilityBindingError,capability parent digest is stale or belongs to another record
PRIMARY,F7_STALE_PARENT_TOKEN_REUSE,3,0,CapabilityBindingError,capability parent digest is stale or belongs to another record
PRIMARY,F7_STALE_PARENT_TOKEN_REUSE,4,0,CapabilityBindingError,capability parent digest is stale or belongs to another record
PRIMARY,F7_STALE_PARENT_TOKEN_REUSE,5,0,CapabilityBindingError,capability parent digest is stale or belongs to another record
PRIMARY,F7_STALE_PARENT_TOKEN_REUSE,6,0,CapabilityBindingError,capability parent digest is stale or belongs to another record
PRIMARY,F7_STALE_PARENT_TOKEN_REUSE,7,0,CapabilityBindingError,capability parent digest is stale or belongs to another record
PRIMARY,F7_STALE_PARENT_TOKEN_REUSE,8,0,CapabilityBindingError,capability parent digest is stale or belongs to another record
PRIMARY,F7_STALE_PARENT_TOKEN_REUSE,9,0,CapabilityBindingError,capability parent digest is stale or belongs to another record
PRIMARY,F7_STALE_PARENT_TOKEN_REUSE,10,0,CapabilityBindingError,capability parent digest is stale or belongs to another record
PRIMARY,F7_STALE_PARENT_TOKEN_REUSE,11,0,CapabilityBindingError,capability parent digest is stale or belongs to another record
PRIMARY,F7_STALE_PARENT_TOKEN_REUSE,12,0,CapabilityBindingError,capability parent digest is stale or belongs to another record
PRIMARY,F7_STALE_PARENT_TOKEN_REUSE,13,0,CapabilityBindingError,capability parent digest is stale or belongs to another record
PRIMARY,F7_STALE_PARENT_TOKEN_REUSE,14,0,CapabilityBindingError,capability parent digest is stale or belongs to another record
PRIMARY,F7_STALE_PARENT_TOKEN_REUSE,15,0,CapabilityBindingError,capability parent digest is stale or belongs to another record
PRIMARY,F7_STALE_PARENT_TOKEN_REUSE,16,0,CapabilityBindingError,capability parent digest is stale or belongs to another record
PRIMARY,F7_STALE_PARENT_TOKEN_REUSE,17,0,CapabilityBindingError,capability parent digest is stale or belongs to another record
PRIMARY,F7_STALE_PARENT_TOKEN_REUSE,18,0,CapabilityBindingError,capability parent digest is stale or belongs to another record
PRIMARY,F7_STALE_PARENT_TOKEN_REUSE,19,0,CapabilityBindingError,capability parent digest is stale or belongs to another record
PRIMARY,F7_STALE_PARENT_TOKEN_REUSE,20,0,CapabilityBindingError,capability parent digest is stale or belongs to another record
PRIMARY,F7_STALE_PARENT_TOKEN_REUSE,21,0,CapabilityBindingError,capability parent digest is stale or belongs to another record
PRIMARY,F7_STALE_PARENT_TOKEN_REUSE,22,0,CapabilityBindingError,capability parent digest is stale or belongs to another record
PRIMARY,F7_STALE_PARENT_TOKEN_REUSE,23,0,CapabilityBindingError,capability parent digest is stale or belongs to another record
PRIMARY,F7_STALE_PARENT_TOKEN_REUSE,24,0,CapabilityBindingError,capability parent digest is stale or belongs to another record
PRIMARY,F7_STALE_PARENT_TOKEN_REUSE,25,0,CapabilityBindingError,capability parent digest is stale or belongs to another record
PRIMARY,F7_STALE_PARENT_TOKEN_REUSE,26,0,CapabilityBindingError,capability parent digest is stale or belongs to another record
PRIMARY,F7_STALE_PARENT_TOKEN_REUSE,27,0,CapabilityBindingError,capability parent digest is stale or belongs to another record
PRIMARY,F7_STALE_PARENT_TOKEN_REUSE,28,0,CapabilityBindingError,capability parent digest is stale or belongs to another record
PRIMARY,F7_STALE_PARENT_TOKEN_REUSE,29,0,CapabilityBindingError,capability parent digest is stale or belongs to another record
PRIMARY,F7_STALE_PARENT_TOKEN_REUSE,30,0,CapabilityBindingError,capability parent digest is stale or belongs to another record
PRIMARY,F7_STALE_PARENT_TOKEN_REUSE,31,0,CapabilityBindingError,capability parent digest is stale or belongs to another record
PRIMARY,F7_STALE_PARENT_TOKEN_REUSE,32,0,CapabilityBindingError,capability parent digest is stale or belongs to another record
PRIMARY,F7_STALE_PARENT_TOKEN_REUSE,33,0,CapabilityBindingError,capability parent digest is stale or belongs to another record
PRIMARY,F7_STALE_PARENT_TOKEN_REUSE,34,0,CapabilityBindingError,capability parent digest is stale or belongs to another record
PRIMARY,F7_STALE_PARENT_TOKEN_REUSE,35,0,CapabilityBindingError,capability parent digest is stale or belongs to another record
PRIMARY,F7_STALE_PARENT_TOKEN_REUSE,36,0,CapabilityBindingError,capability parent digest is stale or belongs to another record
PRIMARY,F7_STALE_PARENT_TOKEN_REUSE,37,0,CapabilityBindingError,capability parent digest is stale or belongs to another record
PRIMARY,F7_STALE_PARENT_TOKEN_REUSE,38,0,CapabilityBindingError,capability parent digest is stale or belongs to another record
PRIMARY,F7_STALE_PARENT_TOKEN_REUSE,39,0,CapabilityBindingError,capability parent digest is stale or belongs to another record
PRIMARY,F7_STALE_PARENT_TOKEN_REUSE,40,0,CapabilityBindingError,capability parent digest is stale or belongs to another record
PRIMARY,F7_STALE_PARENT_TOKEN_REUSE,41,0,CapabilityBindingError,capability parent digest is stale or belongs to another record
PRIMARY,F7_STALE_PARENT_TOKEN_REUSE,42,0,CapabilityBindingError,capability parent digest is stale or belongs to another record
PRIMARY,F7_STALE_PARENT_TOKEN_REUSE,43,0,CapabilityBindingError,capability parent digest is stale or belongs to another record
PRIMARY,F7_STALE_PARENT_TOKEN_REUSE,44,0,CapabilityBindingError,capability parent digest is stale or belongs to another record
PRIMARY,F7_STALE_PARENT_TOKEN_REUSE,45,0,CapabilityBindingError,capability parent digest is stale or belongs to another record
PRIMARY,F7_STALE_PARENT_TOKEN_REUSE,46,0,CapabilityBindingError,capability parent digest is stale or belongs to another record
PRIMARY,F7_STALE_PARENT_TOKEN_REUSE,47,0,CapabilityBindingError,capability parent digest is stale or belongs to another record
PRIMARY,F7_STALE_PARENT_TOKEN_REUSE,48,0,CapabilityBindingError,capability parent digest is stale or belongs to another record
PRIMARY,F7_STALE_PARENT_TOKEN_REUSE,49,0,CapabilityBindingError,capability parent digest is stale or belongs to another record
PRIMARY,F7_STALE_PARENT_TOKEN_REUSE,50,0,CapabilityBindingError,capability parent digest is stale or belongs to another record
PRIMARY,F7_STALE_PARENT_TOKEN_REUSE,51,0,CapabilityBindingError,capability parent digest is stale or belongs to another record
PRIMARY,F7_STALE_PARENT_TOKEN_REUSE,52,0,CapabilityBindingError,capability parent digest is stale or belongs to another record
PRIMARY,F7_STALE_PARENT_TOKEN_REUSE,53,0,CapabilityBindingError,capability parent digest is stale or belongs to another record
PRIMARY,F7_STALE_PARENT_TOKEN_REUSE,54,0,CapabilityBindingError,capability parent digest is stale or belongs to another record
PRIMARY,F7_STALE_PARENT_TOKEN_REUSE,55,0,CapabilityBindingError,capability parent digest is stale or belongs to another record
PRIMARY,F7_STALE_PARENT_TOKEN_REUSE,56,0,CapabilityBindingError,capability parent digest is stale or belongs to another record
PRIMARY,F7_STALE_PARENT_TOKEN_REUSE,57,0,CapabilityBindingError,capability parent digest is stale or belongs to another record
PRIMARY,F7_STALE_PARENT_TOKEN_REUSE,58,0,CapabilityBindingError,capability parent digest is stale or belongs to another record
PRIMARY,F7_STALE_PARENT_TOKEN_REUSE,59,0,CapabilityBindingError,capability parent digest is stale or belongs to another record
PRIMARY,F7_STALE_PARENT_TOKEN_REUSE,60,0,CapabilityBindingError,capability parent digest is stale or belongs to another record
PRIMARY,F7_STALE_PARENT_TOKEN_REUSE,61,0,CapabilityBindingError,capability parent digest is stale or belongs to another record
PRIMARY,F7_STALE_PARENT_TOKEN_REUSE,62,0,CapabilityBindingError,capability parent digest is stale or belongs to another record
PRIMARY,F7_STALE_PARENT_TOKEN_REUSE,63,0,CapabilityBindingError,capability parent digest is stale or belongs to another record
PRIMARY,F7_STALE_PARENT_TOKEN_REUSE,64,0,CapabilityBindingError,capability parent digest is stale or belongs to another record
PRIMARY,F7_STALE_PARENT_TOKEN_REUSE,65,0,CapabilityBindingError,capability parent digest is stale or belongs to another record
PRIMARY,F7_STALE_PARENT_TOKEN_REUSE,66,0,CapabilityBindingError,capability parent digest is stale or belongs to another record
PRIMARY,F7_STALE_PARENT_TOKEN_REUSE,67,0,CapabilityBindingError,capability parent digest is stale or belongs to another record
PRIMARY,F7_STALE_PARENT_TOKEN_REUSE,68,0,CapabilityBindingError,capability parent digest is stale or belongs to another record
PRIMARY,F7_STALE_PARENT_TOKEN_REUSE,69,0,CapabilityBindingError,capability parent digest is stale or belongs to another record
PRIMARY,F7_STALE_PARENT_TOKEN_REUSE,70,0,CapabilityBindingError,capability parent digest is stale or belongs to another record
PRIMARY,F7_STALE_PARENT_TOKEN_REUSE,71,0,CapabilityBindingError,capability parent digest is stale or belongs to another record
PRIMARY,F7_STALE_PARENT_TOKEN_REUSE,72,0,CapabilityBindingError,capability parent digest is stale or belongs to another record
PRIMARY,F7_STALE_PARENT_TOKEN_REUSE,73,0,CapabilityBindingError,capability parent digest is stale or belongs to another record
PRIMARY,F7_STALE_PARENT_TOKEN_REUSE,74,0,CapabilityBindingError,capability parent digest is stale or belongs to another record
PRIMARY,F7_STALE_PARENT_TOKEN_REUSE,75,0,CapabilityBindingError,capability parent digest is stale or belongs to another record
PRIMARY,F7_STALE_PARENT_TOKEN_REUSE,76,0,CapabilityBindingError,capability parent digest is stale or belongs to another record
PRIMARY,F7_STALE_PARENT_TOKEN_REUSE,77,0,CapabilityBindingError,capability parent digest is stale or belongs to another record
PRIMARY,F7_STALE_PARENT_TOKEN_REUSE,78,0,CapabilityBindingError,capability parent digest is stale or belongs to another record
PRIMARY,F7_STALE_PARENT_TOKEN_REUSE,79,0,CapabilityBindingError,capability parent digest is stale or belongs to another record
PRIMARY,F7_STALE_PARENT_TOKEN_REUSE,80,0,CapabilityBindingError,capability parent digest is stale or belongs to another record
PRIMARY,F7_STALE_PARENT_TOKEN_REUSE,81,0,CapabilityBindingError,capability parent digest is stale or belongs to another record
PRIMARY,F7_STALE_PARENT_TOKEN_REUSE,82,0,CapabilityBindingError,capability parent digest is stale or belongs to another record
PRIMARY,F7_STALE_PARENT_TOKEN_REUSE,83,0,CapabilityBindingError,capability parent digest is stale or belongs to another record
PRIMARY,F7_STALE_PARENT_TOKEN_REUSE,84,0,CapabilityBindingError,capability parent digest is stale or belongs to another record
PRIMARY,F7_STALE_PARENT_TOKEN_REUSE,85,0,CapabilityBindingError,capability parent digest is stale or belongs to another record
PRIMARY,F7_STALE_PARENT_TOKEN_REUSE,86,0,CapabilityBindingError,capability parent digest is stale or belongs to another record
PRIMARY,F7_STALE_PARENT_TOKEN_REUSE,87,0,CapabilityBindingError,capability parent digest is stale or belongs to another record
PRIMARY,F7_STALE_PARENT_TOKEN_REUSE,88,0,CapabilityBindingError,capability parent digest is stale or belongs to another record
PRIMARY,F7_STALE_PARENT_TOKEN_REUSE,89,0,CapabilityBindingError,capability parent digest is stale or belongs to another record
PRIMARY,F7_STALE_PARENT_TOKEN_REUSE,90,0,CapabilityBindingError,capability parent digest is stale or belongs to another record
PRIMARY,F7_STALE_PARENT_TOKEN_REUSE,91,0,CapabilityBindingError,capability parent digest is stale or belongs to another record
PRIMARY,F7_STALE_PARENT_TOKEN_REUSE,92,0,CapabilityBindingError,capability parent digest is stale or belongs to another record
PRIMARY,F7_STALE_PARENT_TOKEN_REUSE,93,0,CapabilityBindingError,capability parent digest is stale or belongs to another record
PRIMARY,F7_STALE_PARENT_TOKEN_REUSE,94,0,CapabilityBindingError,capability parent digest is stale or belongs to another record
PRIMARY,F7_STALE_PARENT_TOKEN_REUSE,95,0,CapabilityBindingError,capability parent digest is stale or belongs to another record
PRIMARY,F7_STALE_PARENT_TOKEN_REUSE,96,0,CapabilityBindingError,capability parent digest is stale or belongs to another record
PRIMARY,F7_STALE_PARENT_TOKEN_REUSE,97,0,CapabilityBindingError,capability parent digest is stale or belongs to another record
PRIMARY,F7_STALE_PARENT_TOKEN_REUSE,98,0,CapabilityBindingError,capability parent digest is stale or belongs to another record
PRIMARY,F7_STALE_PARENT_TOKEN_REUSE,99,0,CapabilityBindingError,capability parent digest is stale or belongs to another record
PRIMARY,F7_STALE_PARENT_TOKEN_REUSE,100,0,CapabilityBindingError,capability parent digest is stale or belongs to another record
PRIMARY,F7_STALE_PARENT_TOKEN_REUSE,101,0,CapabilityBindingError,capability parent digest is stale or belongs to another record
PRIMARY,F7_STALE_PARENT_TOKEN_REUSE,102,0,CapabilityBindingError,capability parent digest is stale or belongs to another record
PRIMARY,F7_STALE_PARENT_TOKEN_REUSE,103,0,CapabilityBindingError,capability parent digest is stale or belongs to another record
PRIMARY,F7_STALE_PARENT_TOKEN_REUSE,104,0,CapabilityBindingError,capability parent digest is stale or belongs to another record
PRIMARY,F7_STALE_PARENT_TOKEN_REUSE,105,0,CapabilityBindingError,capability parent digest is stale or belongs to another record
PRIMARY,F7_STALE_PARENT_TOKEN_REUSE,106,0,CapabilityBindingError,capability parent digest is stale or belongs to another record
PRIMARY,F7_STALE_PARENT_TOKEN_REUSE,107,0,CapabilityBindingError,capability parent digest is stale or belongs to another record
PRIMARY,F7_STALE_PARENT_TOKEN_REUSE,108,0,CapabilityBindingError,capability parent digest is stale or belongs to another record
PRIMARY,F7_STALE_PARENT_TOKEN_REUSE,109,0,CapabilityBindingError,capability parent digest is stale or belongs to another record
PRIMARY,F7_STALE_PARENT_TOKEN_REUSE,110,0,CapabilityBindingError,capability parent digest is stale or belongs to another record
PRIMARY,F7_STALE_PARENT_TOKEN_REUSE,111,0,CapabilityBindingError,capability parent digest is stale or belongs to another record
PRIMARY,F7_STALE_PARENT_TOKEN_REUSE,112,0,CapabilityBindingError,capability parent digest is stale or belongs to another record
PRIMARY,F7_STALE_PARENT_TOKEN_REUSE,113,0,CapabilityBindingError,capability parent digest is stale or belongs to another record
PRIMARY,F7_STALE_PARENT_TOKEN_REUSE,114,0,CapabilityBindingError,capability parent digest is stale or belongs to another record
PRIMARY,F7_STALE_PARENT_TOKEN_REUSE,115,0,CapabilityBindingError,capability parent digest is stale or belongs to another record
PRIMARY,F7_STALE_PARENT_TOKEN_REUSE,116,0,CapabilityBindingError,capability parent digest is stale or belongs to another record
PRIMARY,F7_STALE_PARENT_TOKEN_REUSE,117,0,CapabilityBindingError,capability parent digest is stale or belongs to another record
PRIMARY,F7_STALE_PARENT_TOKEN_REUSE,118,0,CapabilityBindingError,capability parent digest is stale or belongs to another record
PRIMARY,F7_STALE_PARENT_TOKEN_REUSE,119,0,CapabilityBindingError,capability parent digest is stale or belongs to another record
PRIMARY,F7_STALE_PARENT_TOKEN_REUSE,120,0,CapabilityBindingError,capability parent digest is stale or belongs to another record
PRIMARY,F7_STALE_PARENT_TOKEN_REUSE,121,0,CapabilityBindingError,capability parent digest is stale or belongs to another record
PRIMARY,F7_STALE_PARENT_TOKEN_REUSE,122,0,CapabilityBindingError,capability parent digest is stale or belongs to another record
PRIMARY,F7_STALE_PARENT_TOKEN_REUSE,123,0,CapabilityBindingError,capability parent digest is stale or belongs to another record
PRIMARY,F7_STALE_PARENT_TOKEN_REUSE,124,0,CapabilityBindingError,capability parent digest is stale or belongs to another record
PRIMARY,F7_STALE_PARENT_TOKEN_REUSE,125,0,CapabilityBindingError,capability parent digest is stale or belongs to another record
PRIMARY,F7_STALE_PARENT_TOKEN_REUSE,126,0,CapabilityBindingError,capability parent digest is stale or belongs to another record
PRIMARY,F7_STALE_PARENT_TOKEN_REUSE,127,0,CapabilityBindingError,capability parent digest is stale or belongs to another record
PRIMARY,F8_SCOPE_ESCALATION,0,0,CapabilityBindingError,scope escalation/narrowing requires a new record lineage; exact scope binding enforced
PRIMARY,F8_SCOPE_ESCALATION,1,0,CapabilityBindingError,scope escalation/narrowing requires a new record lineage; exact scope binding enforced
PRIMARY,F8_SCOPE_ESCALATION,2,0,CapabilityBindingError,scope escalation/narrowing requires a new record lineage; exact scope binding enforced
PRIMARY,F8_SCOPE_ESCALATION,3,0,CapabilityBindingError,scope escalation/narrowing requires a new record lineage; exact scope binding enforced
PRIMARY,F8_SCOPE_ESCALATION,4,0,CapabilityBindingError,scope escalation/narrowing requires a new record lineage; exact scope binding enforced
PRIMARY,F8_SCOPE_ESCALATION,5,0,CapabilityBindingError,scope escalation/narrowing requires a new record lineage; exact scope binding enforced
PRIMARY,F8_SCOPE_ESCALATION,6,0,CapabilityBindingError,scope escalation/narrowing requires a new record lineage; exact scope binding enforced
PRIMARY,F8_SCOPE_ESCALATION,7,0,CapabilityBindingError,scope escalation/narrowing requires a new record lineage; exact scope binding enforced
PRIMARY,F8_SCOPE_ESCALATION,8,0,CapabilityBindingError,scope escalation/narrowing requires a new record lineage; exact scope binding enforced
PRIMARY,F8_SCOPE_ESCALATION,9,0,CapabilityBindingError,scope escalation/narrowing requires a new record lineage; exact scope binding enforced
PRIMARY,F8_SCOPE_ESCALATION,10,0,CapabilityBindingError,scope escalation/narrowing requires a new record lineage; exact scope binding enforced
PRIMARY,F8_SCOPE_ESCALATION,11,0,CapabilityBindingError,scope escalation/narrowing requires a new record lineage; exact scope binding enforced
PRIMARY,F8_SCOPE_ESCALATION,12,0,CapabilityBindingError,scope escalation/narrowing requires a new record lineage; exact scope binding enforced
PRIMARY,F8_SCOPE_ESCALATION,13,0,CapabilityBindingError,scope escalation/narrowing requires a new record lineage; exact scope binding enforced
PRIMARY,F8_SCOPE_ESCALATION,14,0,CapabilityBindingError,scope escalation/narrowing requires a new record lineage; exact scope binding enforced
PRIMARY,F8_SCOPE_ESCALATION,15,0,CapabilityBindingError,scope escalation/narrowing requires a new record lineage; exact scope binding enforced
PRIMARY,F8_SCOPE_ESCALATION,16,0,CapabilityBindingError,scope escalation/narrowing requires a new record lineage; exact scope binding enforced
PRIMARY,F8_SCOPE_ESCALATION,17,0,CapabilityBindingError,scope escalation/narrowing requires a new record lineage; exact scope binding enforced
PRIMARY,F8_SCOPE_ESCALATION,18,0,CapabilityBindingError,scope escalation/narrowing requires a new record lineage; exact scope binding enforced
PRIMARY,F8_SCOPE_ESCALATION,19,0,CapabilityBindingError,scope escalation/narrowing requires a new record lineage; exact scope binding enforced
PRIMARY,F8_SCOPE_ESCALATION,20,0,CapabilityBindingError,scope escalation/narrowing requires a new record lineage; exact scope binding enforced
PRIMARY,F8_SCOPE_ESCALATION,21,0,CapabilityBindingError,scope escalation/narrowing requires a new record lineage; exact scope binding enforced
PRIMARY,F8_SCOPE_ESCALATION,22,0,CapabilityBindingError,scope escalation/narrowing requires a new record lineage; exact scope binding enforced
PRIMARY,F8_SCOPE_ESCALATION,23,0,CapabilityBindingError,scope escalation/narrowing requires a new record lineage; exact scope binding enforced
PRIMARY,F8_SCOPE_ESCALATION,24,0,CapabilityBindingError,scope escalation/narrowing requires a new record lineage; exact scope binding enforced
PRIMARY,F8_SCOPE_ESCALATION,25,0,CapabilityBindingError,scope escalation/narrowing requires a new record lineage; exact scope binding enforced
PRIMARY,F8_SCOPE_ESCALATION,26,0,CapabilityBindingError,scope escalation/narrowing requires a new record lineage; exact scope binding enforced
PRIMARY,F8_SCOPE_ESCALATION,27,0,CapabilityBindingError,scope escalation/narrowing requires a new record lineage; exact scope binding enforced
PRIMARY,F8_SCOPE_ESCALATION,28,0,CapabilityBindingError,scope escalation/narrowing requires a new record lineage; exact scope binding enforced
PRIMARY,F8_SCOPE_ESCALATION,29,0,CapabilityBindingError,scope escalation/narrowing requires a new record lineage; exact scope binding enforced
PRIMARY,F8_SCOPE_ESCALATION,30,0,CapabilityBindingError,scope escalation/narrowing requires a new record lineage; exact scope binding enforced
PRIMARY,F8_SCOPE_ESCALATION,31,0,CapabilityBindingError,scope escalation/narrowing requires a new record lineage; exact scope binding enforced
PRIMARY,F8_SCOPE_ESCALATION,32,0,CapabilityBindingError,scope escalation/narrowing requires a new record lineage; exact scope binding enforced
PRIMARY,F8_SCOPE_ESCALATION,33,0,CapabilityBindingError,scope escalation/narrowing requires a new record lineage; exact scope binding enforced
PRIMARY,F8_SCOPE_ESCALATION,34,0,CapabilityBindingError,scope escalation/narrowing requires a new record lineage; exact scope binding enforced
PRIMARY,F8_SCOPE_ESCALATION,35,0,CapabilityBindingError,scope escalation/narrowing requires a new record lineage; exact scope binding enforced
PRIMARY,F8_SCOPE_ESCALATION,36,0,CapabilityBindingError,scope escalation/narrowing requires a new record lineage; exact scope binding enforced
PRIMARY,F8_SCOPE_ESCALATION,37,0,CapabilityBindingError,scope escalation/narrowing requires a new record lineage; exact scope binding enforced
PRIMARY,F8_SCOPE_ESCALATION,38,0,CapabilityBindingError,scope escalation/narrowing requires a new record lineage; exact scope binding enforced
PRIMARY,F8_SCOPE_ESCALATION,39,0,CapabilityBindingError,scope escalation/narrowing requires a new record lineage; exact scope binding enforced
PRIMARY,F8_SCOPE_ESCALATION,40,0,CapabilityBindingError,scope escalation/narrowing requires a new record lineage; exact scope binding enforced
PRIMARY,F8_SCOPE_ESCALATION,41,0,CapabilityBindingError,scope escalation/narrowing requires a new record lineage; exact scope binding enforced
PRIMARY,F8_SCOPE_ESCALATION,42,0,CapabilityBindingError,scope escalation/narrowing requires a new record lineage; exact scope binding enforced
PRIMARY,F8_SCOPE_ESCALATION,43,0,CapabilityBindingError,scope escalation/narrowing requires a new record lineage; exact scope binding enforced
PRIMARY,F8_SCOPE_ESCALATION,44,0,CapabilityBindingError,scope escalation/narrowing requires a new record lineage; exact scope binding enforced
PRIMARY,F8_SCOPE_ESCALATION,45,0,CapabilityBindingError,scope escalation/narrowing requires a new record lineage; exact scope binding enforced
PRIMARY,F8_SCOPE_ESCALATION,46,0,CapabilityBindingError,scope escalation/narrowing requires a new record lineage; exact scope binding enforced
PRIMARY,F8_SCOPE_ESCALATION,47,0,CapabilityBindingError,scope escalation/narrowing requires a new record lineage; exact scope binding enforced
PRIMARY,F8_SCOPE_ESCALATION,48,0,CapabilityBindingError,scope escalation/narrowing requires a new record lineage; exact scope binding enforced
PRIMARY,F8_SCOPE_ESCALATION,49,0,CapabilityBindingError,scope escalation/narrowing requires a new record lineage; exact scope binding enforced
PRIMARY,F8_SCOPE_ESCALATION,50,0,CapabilityBindingError,scope escalation/narrowing requires a new record lineage; exact scope binding enforced
PRIMARY,F8_SCOPE_ESCALATION,51,0,CapabilityBindingError,scope escalation/narrowing requires a new record lineage; exact scope binding enforced
PRIMARY,F8_SCOPE_ESCALATION,52,0,CapabilityBindingError,scope escalation/narrowing requires a new record lineage; exact scope binding enforced
PRIMARY,F8_SCOPE_ESCALATION,53,0,CapabilityBindingError,scope escalation/narrowing requires a new record lineage; exact scope binding enforced
PRIMARY,F8_SCOPE_ESCALATION,54,0,CapabilityBindingError,scope escalation/narrowing requires a new record lineage; exact scope binding enforced
PRIMARY,F8_SCOPE_ESCALATION,55,0,CapabilityBindingError,scope escalation/narrowing requires a new record lineage; exact scope binding enforced
PRIMARY,F8_SCOPE_ESCALATION,56,0,CapabilityBindingError,scope escalation/narrowing requires a new record lineage; exact scope binding enforced
PRIMARY,F8_SCOPE_ESCALATION,57,0,CapabilityBindingError,scope escalation/narrowing requires a new record lineage; exact scope binding enforced
PRIMARY,F8_SCOPE_ESCALATION,58,0,CapabilityBindingError,scope escalation/narrowing requires a new record lineage; exact scope binding enforced
PRIMARY,F8_SCOPE_ESCALATION,59,0,CapabilityBindingError,scope escalation/narrowing requires a new record lineage; exact scope binding enforced
PRIMARY,F8_SCOPE_ESCALATION,60,0,CapabilityBindingError,scope escalation/narrowing requires a new record lineage; exact scope binding enforced
PRIMARY,F8_SCOPE_ESCALATION,61,0,CapabilityBindingError,scope escalation/narrowing requires a new record lineage; exact scope binding enforced
PRIMARY,F8_SCOPE_ESCALATION,62,0,CapabilityBindingError,scope escalation/narrowing requires a new record lineage; exact scope binding enforced
PRIMARY,F8_SCOPE_ESCALATION,63,0,CapabilityBindingError,scope escalation/narrowing requires a new record lineage; exact scope binding enforced
PRIMARY,F8_SCOPE_ESCALATION,64,0,CapabilityBindingError,scope escalation/narrowing requires a new record lineage; exact scope binding enforced
PRIMARY,F8_SCOPE_ESCALATION,65,0,CapabilityBindingError,scope escalation/narrowing requires a new record lineage; exact scope binding enforced
PRIMARY,F8_SCOPE_ESCALATION,66,0,CapabilityBindingError,scope escalation/narrowing requires a new record lineage; exact scope binding enforced
PRIMARY,F8_SCOPE_ESCALATION,67,0,CapabilityBindingError,scope escalation/narrowing requires a new record lineage; exact scope binding enforced
PRIMARY,F8_SCOPE_ESCALATION,68,0,CapabilityBindingError,scope escalation/narrowing requires a new record lineage; exact scope binding enforced
PRIMARY,F8_SCOPE_ESCALATION,69,0,CapabilityBindingError,scope escalation/narrowing requires a new record lineage; exact scope binding enforced
PRIMARY,F8_SCOPE_ESCALATION,70,0,CapabilityBindingError,scope escalation/narrowing requires a new record lineage; exact scope binding enforced
PRIMARY,F8_SCOPE_ESCALATION,71,0,CapabilityBindingError,scope escalation/narrowing requires a new record lineage; exact scope binding enforced
PRIMARY,F8_SCOPE_ESCALATION,72,0,CapabilityBindingError,scope escalation/narrowing requires a new record lineage; exact scope binding enforced
PRIMARY,F8_SCOPE_ESCALATION,73,0,CapabilityBindingError,scope escalation/narrowing requires a new record lineage; exact scope binding enforced
PRIMARY,F8_SCOPE_ESCALATION,74,0,CapabilityBindingError,scope escalation/narrowing requires a new record lineage; exact scope binding enforced
PRIMARY,F8_SCOPE_ESCALATION,75,0,CapabilityBindingError,scope escalation/narrowing requires a new record lineage; exact scope binding enforced
PRIMARY,F8_SCOPE_ESCALATION,76,0,CapabilityBindingError,scope escalation/narrowing requires a new record lineage; exact scope binding enforced
PRIMARY,F8_SCOPE_ESCALATION,77,0,CapabilityBindingError,scope escalation/narrowing requires a new record lineage; exact scope binding enforced
PRIMARY,F8_SCOPE_ESCALATION,78,0,CapabilityBindingError,scope escalation/narrowing requires a new record lineage; exact scope binding enforced
PRIMARY,F8_SCOPE_ESCALATION,79,0,CapabilityBindingError,scope escalation/narrowing requires a new record lineage; exact scope binding enforced
PRIMARY,F8_SCOPE_ESCALATION,80,0,CapabilityBindingError,scope escalation/narrowing requires a new record lineage; exact scope binding enforced
PRIMARY,F8_SCOPE_ESCALATION,81,0,CapabilityBindingError,scope escalation/narrowing requires a new record lineage; exact scope binding enforced
PRIMARY,F8_SCOPE_ESCALATION,82,0,CapabilityBindingError,scope escalation/narrowing requires a new record lineage; exact scope binding enforced
PRIMARY,F8_SCOPE_ESCALATION,83,0,CapabilityBindingError,scope escalation/narrowing requires a new record lineage; exact scope binding enforced
PRIMARY,F8_SCOPE_ESCALATION,84,0,CapabilityBindingError,scope escalation/narrowing requires a new record lineage; exact scope binding enforced
PRIMARY,F8_SCOPE_ESCALATION,85,0,CapabilityBindingError,scope escalation/narrowing requires a new record lineage; exact scope binding enforced
PRIMARY,F8_SCOPE_ESCALATION,86,0,CapabilityBindingError,scope escalation/narrowing requires a new record lineage; exact scope binding enforced
PRIMARY,F8_SCOPE_ESCALATION,87,0,CapabilityBindingError,scope escalation/narrowing requires a new record lineage; exact scope binding enforced
PRIMARY,F8_SCOPE_ESCALATION,88,0,CapabilityBindingError,scope escalation/narrowing requires a new record lineage; exact scope binding enforced
PRIMARY,F8_SCOPE_ESCALATION,89,0,CapabilityBindingError,scope escalation/narrowing requires a new record lineage; exact scope binding enforced
PRIMARY,F8_SCOPE_ESCALATION,90,0,CapabilityBindingError,scope escalation/narrowing requires a new record lineage; exact scope binding enforced
PRIMARY,F8_SCOPE_ESCALATION,91,0,CapabilityBindingError,scope escalation/narrowing requires a new record lineage; exact scope binding enforced
PRIMARY,F8_SCOPE_ESCALATION,92,0,CapabilityBindingError,scope escalation/narrowing requires a new record lineage; exact scope binding enforced
PRIMARY,F8_SCOPE_ESCALATION,93,0,CapabilityBindingError,scope escalation/narrowing requires a new record lineage; exact scope binding enforced
PRIMARY,F8_SCOPE_ESCALATION,94,0,CapabilityBindingError,scope escalation/narrowing requires a new record lineage; exact scope binding enforced
PRIMARY,F8_SCOPE_ESCALATION,95,0,CapabilityBindingError,scope escalation/narrowing requires a new record lineage; exact scope binding enforced
PRIMARY,F8_SCOPE_ESCALATION,96,0,CapabilityBindingError,scope escalation/narrowing requires a new record lineage; exact scope binding enforced
PRIMARY,F8_SCOPE_ESCALATION,97,0,CapabilityBindingError,scope escalation/narrowing requires a new record lineage; exact scope binding enforced
PRIMARY,F8_SCOPE_ESCALATION,98,0,CapabilityBindingError,scope escalation/narrowing requires a new record lineage; exact scope binding enforced
PRIMARY,F8_SCOPE_ESCALATION,99,0,CapabilityBindingError,scope escalation/narrowing requires a new record lineage; exact scope binding enforced
PRIMARY,F8_SCOPE_ESCALATION,100,0,CapabilityBindingError,scope escalation/narrowing requires a new record lineage; exact scope binding enforced
PRIMARY,F8_SCOPE_ESCALATION,101,0,CapabilityBindingError,scope escalation/narrowing requires a new record lineage; exact scope binding enforced
PRIMARY,F8_SCOPE_ESCALATION,102,0,CapabilityBindingError,scope escalation/narrowing requires a new record lineage; exact scope binding enforced
PRIMARY,F8_SCOPE_ESCALATION,103,0,CapabilityBindingError,scope escalation/narrowing requires a new record lineage; exact scope binding enforced
PRIMARY,F8_SCOPE_ESCALATION,104,0,CapabilityBindingError,scope escalation/narrowing requires a new record lineage; exact scope binding enforced
PRIMARY,F8_SCOPE_ESCALATION,105,0,CapabilityBindingError,scope escalation/narrowing requires a new record lineage; exact scope binding enforced
PRIMARY,F8_SCOPE_ESCALATION,106,0,CapabilityBindingError,scope escalation/narrowing requires a new record lineage; exact scope binding enforced
PRIMARY,F8_SCOPE_ESCALATION,107,0,CapabilityBindingError,scope escalation/narrowing requires a new record lineage; exact scope binding enforced
PRIMARY,F8_SCOPE_ESCALATION,108,0,CapabilityBindingError,scope escalation/narrowing requires a new record lineage; exact scope binding enforced
PRIMARY,F8_SCOPE_ESCALATION,109,0,CapabilityBindingError,scope escalation/narrowing requires a new record lineage; exact scope binding enforced
PRIMARY,F8_SCOPE_ESCALATION,110,0,CapabilityBindingError,scope escalation/narrowing requires a new record lineage; exact scope binding enforced
PRIMARY,F8_SCOPE_ESCALATION,111,0,CapabilityBindingError,scope escalation/narrowing requires a new record lineage; exact scope binding enforced
PRIMARY,F8_SCOPE_ESCALATION,112,0,CapabilityBindingError,scope escalation/narrowing requires a new record lineage; exact scope binding enforced
PRIMARY,F8_SCOPE_ESCALATION,113,0,CapabilityBindingError,scope escalation/narrowing requires a new record lineage; exact scope binding enforced
PRIMARY,F8_SCOPE_ESCALATION,114,0,CapabilityBindingError,scope escalation/narrowing requires a new record lineage; exact scope binding enforced
PRIMARY,F8_SCOPE_ESCALATION,115,0,CapabilityBindingError,scope escalation/narrowing requires a new record lineage; exact scope binding enforced
PRIMARY,F8_SCOPE_ESCALATION,116,0,CapabilityBindingError,scope escalation/narrowing requires a new record lineage; exact scope binding enforced
PRIMARY,F8_SCOPE_ESCALATION,117,0,CapabilityBindingError,scope escalation/narrowing requires a new record lineage; exact scope binding enforced
PRIMARY,F8_SCOPE_ESCALATION,118,0,CapabilityBindingError,scope escalation/narrowing requires a new record lineage; exact scope binding enforced
PRIMARY,F8_SCOPE_ESCALATION,119,0,CapabilityBindingError,scope escalation/narrowing requires a new record lineage; exact scope binding enforced
PRIMARY,F8_SCOPE_ESCALATION,120,0,CapabilityBindingError,scope escalation/narrowing requires a new record lineage; exact scope binding enforced
PRIMARY,F8_SCOPE_ESCALATION,121,0,CapabilityBindingError,scope escalation/narrowing requires a new record lineage; exact scope binding enforced
PRIMARY,F8_SCOPE_ESCALATION,122,0,CapabilityBindingError,scope escalation/narrowing requires a new record lineage; exact scope binding enforced
PRIMARY,F8_SCOPE_ESCALATION,123,0,CapabilityBindingError,scope escalation/narrowing requires a new record lineage; exact scope binding enforced
PRIMARY,F8_SCOPE_ESCALATION,124,0,CapabilityBindingError,scope escalation/narrowing requires a new record lineage; exact scope binding enforced
PRIMARY,F8_SCOPE_ESCALATION,125,0,CapabilityBindingError,scope escalation/narrowing requires a new record lineage; exact scope binding enforced
PRIMARY,F8_SCOPE_ESCALATION,126,0,CapabilityBindingError,scope escalation/narrowing requires a new record lineage; exact scope binding enforced
PRIMARY,F8_SCOPE_ESCALATION,127,0,CapabilityBindingError,scope escalation/narrowing requires a new record lineage; exact scope binding enforced
PRIMARY,F9_EVIDENCE_HASH_OR_CLASS_MUTATION,0,0,ValueError,both evidence mutations rejected
PRIMARY,F9_EVIDENCE_HASH_OR_CLASS_MUTATION,1,0,ValueError,both evidence mutations rejected
PRIMARY,F9_EVIDENCE_HASH_OR_CLASS_MUTATION,2,0,ValueError,both evidence mutations rejected
PRIMARY,F9_EVIDENCE_HASH_OR_CLASS_MUTATION,3,0,ValueError,both evidence mutations rejected
PRIMARY,F9_EVIDENCE_HASH_OR_CLASS_MUTATION,4,0,ValueError,both evidence mutations rejected
PRIMARY,F9_EVIDENCE_HASH_OR_CLASS_MUTATION,5,0,ValueError,both evidence mutations rejected
PRIMARY,F9_EVIDENCE_HASH_OR_CLASS_MUTATION,6,0,ValueError,both evidence mutations rejected
PRIMARY,F9_EVIDENCE_HASH_OR_CLASS_MUTATION,7,0,ValueError,both evidence mutations rejected
PRIMARY,F9_EVIDENCE_HASH_OR_CLASS_MUTATION,8,0,ValueError,both evidence mutations rejected
PRIMARY,F9_EVIDENCE_HASH_OR_CLASS_MUTATION,9,0,ValueError,both evidence mutations rejected
PRIMARY,F9_EVIDENCE_HASH_OR_CLASS_MUTATION,10,0,ValueError,both evidence mutations rejected
PRIMARY,F9_EVIDENCE_HASH_OR_CLASS_MUTATION,11,0,ValueError,both evidence mutations rejected
PRIMARY,F9_EVIDENCE_HASH_OR_CLASS_MUTATION,12,0,ValueError,both evidence mutations rejected
PRIMARY,F9_EVIDENCE_HASH_OR_CLASS_MUTATION,13,0,ValueError,both evidence mutations rejected
PRIMARY,F9_EVIDENCE_HASH_OR_CLASS_MUTATION,14,0,ValueError,both evidence mutations rejected
PRIMARY,F9_EVIDENCE_HASH_OR_CLASS_MUTATION,15,0,ValueError,both evidence mutations rejected
PRIMARY,F9_EVIDENCE_HASH_OR_CLASS_MUTATION,16,0,ValueError,both evidence mutations rejected
PRIMARY,F9_EVIDENCE_HASH_OR_CLASS_MUTATION,17,0,ValueError,both evidence mutations rejected
PRIMARY,F9_EVIDENCE_HASH_OR_CLASS_MUTATION,18,0,ValueError,both evidence mutations rejected
PRIMARY,F9_EVIDENCE_HASH_OR_CLASS_MUTATION,19,0,ValueError,both evidence mutations rejected
PRIMARY,F9_EVIDENCE_HASH_OR_CLASS_MUTATION,20,0,ValueError,both evidence mutations rejected
PRIMARY,F9_EVIDENCE_HASH_OR_CLASS_MUTATION,21,0,ValueError,both evidence mutations rejected
PRIMARY,F9_EVIDENCE_HASH_OR_CLASS_MUTATION,22,0,ValueError,both evidence mutations rejected
PRIMARY,F9_EVIDENCE_HASH_OR_CLASS_MUTATION,23,0,ValueError,both evidence mutations rejected
PRIMARY,F9_EVIDENCE_HASH_OR_CLASS_MUTATION,24,0,ValueError,both evidence mutations rejected
PRIMARY,F9_EVIDENCE_HASH_OR_CLASS_MUTATION,25,0,ValueError,both evidence mutations rejected
PRIMARY,F9_EVIDENCE_HASH_OR_CLASS_MUTATION,26,0,ValueError,both evidence mutations rejected
PRIMARY,F9_EVIDENCE_HASH_OR_CLASS_MUTATION,27,0,ValueError,both evidence mutations rejected
PRIMARY,F9_EVIDENCE_HASH_OR_CLASS_MUTATION,28,0,ValueError,both evidence mutations rejected
PRIMARY,F9_EVIDENCE_HASH_OR_CLASS_MUTATION,29,0,ValueError,both evidence mutations rejected
PRIMARY,F9_EVIDENCE_HASH_OR_CLASS_MUTATION,30,0,ValueError,both evidence mutations rejected
PRIMARY,F9_EVIDENCE_HASH_OR_CLASS_MUTATION,31,0,ValueError,both evidence mutations rejected
PRIMARY,F9_EVIDENCE_HASH_OR_CLASS_MUTATION,32,0,ValueError,both evidence mutations rejected
PRIMARY,F9_EVIDENCE_HASH_OR_CLASS_MUTATION,33,0,ValueError,both evidence mutations rejected
PRIMARY,F9_EVIDENCE_HASH_OR_CLASS_MUTATION,34,0,ValueError,both evidence mutations rejected
PRIMARY,F9_EVIDENCE_HASH_OR_CLASS_MUTATION,35,0,ValueError,both evidence mutations rejected
PRIMARY,F9_EVIDENCE_HASH_OR_CLASS_MUTATION,36,0,ValueError,both evidence mutations rejected
PRIMARY,F9_EVIDENCE_HASH_OR_CLASS_MUTATION,37,0,ValueError,both evidence mutations rejected
PRIMARY,F9_EVIDENCE_HASH_OR_CLASS_MUTATION,38,0,ValueError,both evidence mutations rejected
PRIMARY,F9_EVIDENCE_HASH_OR_CLASS_MUTATION,39,0,ValueError,both evidence mutations rejected
PRIMARY,F9_EVIDENCE_HASH_OR_CLASS_MUTATION,40,0,ValueError,both evidence mutations rejected
PRIMARY,F9_EVIDENCE_HASH_OR_CLASS_MUTATION,41,0,ValueError,both evidence mutations rejected
PRIMARY,F9_EVIDENCE_HASH_OR_CLASS_MUTATION,42,0,ValueError,both evidence mutations rejected
PRIMARY,F9_EVIDENCE_HASH_OR_CLASS_MUTATION,43,0,ValueError,both evidence mutations rejected
PRIMARY,F9_EVIDENCE_HASH_OR_CLASS_MUTATION,44,0,ValueError,both evidence mutations rejected
PRIMARY,F9_EVIDENCE_HASH_OR_CLASS_MUTATION,45,0,ValueError,both evidence mutations rejected
PRIMARY,F9_EVIDENCE_HASH_OR_CLASS_MUTATION,46,0,ValueError,both evidence mutations rejected
PRIMARY,F9_EVIDENCE_HASH_OR_CLASS_MUTATION,47,0,ValueError,both evidence mutations rejected
PRIMARY,F9_EVIDENCE_HASH_OR_CLASS_MUTATION,48,0,ValueError,both evidence mutations rejected
PRIMARY,F9_EVIDENCE_HASH_OR_CLASS_MUTATION,49,0,ValueError,both evidence mutations rejected
PRIMARY,F9_EVIDENCE_HASH_OR_CLASS_MUTATION,50,0,ValueError,both evidence mutations rejected
PRIMARY,F9_EVIDENCE_HASH_OR_CLASS_MUTATION,51,0,ValueError,both evidence mutations rejected
PRIMARY,F9_EVIDENCE_HASH_OR_CLASS_MUTATION,52,0,ValueError,both evidence mutations rejected
PRIMARY,F9_EVIDENCE_HASH_OR_CLASS_MUTATION,53,0,ValueError,both evidence mutations rejected
PRIMARY,F9_EVIDENCE_HASH_OR_CLASS_MUTATION,54,0,ValueError,both evidence mutations rejected
PRIMARY,F9_EVIDENCE_HASH_OR_CLASS_MUTATION,55,0,ValueError,both evidence mutations rejected
PRIMARY,F9_EVIDENCE_HASH_OR_CLASS_MUTATION,56,0,ValueError,both evidence mutations rejected
PRIMARY,F9_EVIDENCE_HASH_OR_CLASS_MUTATION,57,0,ValueError,both evidence mutations rejected
PRIMARY,F9_EVIDENCE_HASH_OR_CLASS_MUTATION,58,0,ValueError,both evidence mutations rejected
PRIMARY,F9_EVIDENCE_HASH_OR_CLASS_MUTATION,59,0,ValueError,both evidence mutations rejected
PRIMARY,F9_EVIDENCE_HASH_OR_CLASS_MUTATION,60,0,ValueError,both evidence mutations rejected
PRIMARY,F9_EVIDENCE_HASH_OR_CLASS_MUTATION,61,0,ValueError,both evidence mutations rejected
PRIMARY,F9_EVIDENCE_HASH_OR_CLASS_MUTATION,62,0,ValueError,both evidence mutations rejected
PRIMARY,F9_EVIDENCE_HASH_OR_CLASS_MUTATION,63,0,ValueError,both evidence mutations rejected
PRIMARY,F9_EVIDENCE_HASH_OR_CLASS_MUTATION,64,0,ValueError,both evidence mutations rejected
PRIMARY,F9_EVIDENCE_HASH_OR_CLASS_MUTATION,65,0,ValueError,both evidence mutations rejected
PRIMARY,F9_EVIDENCE_HASH_OR_CLASS_MUTATION,66,0,ValueError,both evidence mutations rejected
PRIMARY,F9_EVIDENCE_HASH_OR_CLASS_MUTATION,67,0,ValueError,both evidence mutations rejected
PRIMARY,F9_EVIDENCE_HASH_OR_CLASS_MUTATION,68,0,ValueError,both evidence mutations rejected
PRIMARY,F9_EVIDENCE_HASH_OR_CLASS_MUTATION,69,0,ValueError,both evidence mutations rejected
PRIMARY,F9_EVIDENCE_HASH_OR_CLASS_MUTATION,70,0,ValueError,both evidence mutations rejected
PRIMARY,F9_EVIDENCE_HASH_OR_CLASS_MUTATION,71,0,ValueError,both evidence mutations rejected
PRIMARY,F9_EVIDENCE_HASH_OR_CLASS_MUTATION,72,0,ValueError,both evidence mutations rejected
PRIMARY,F9_EVIDENCE_HASH_OR_CLASS_MUTATION,73,0,ValueError,both evidence mutations rejected
PRIMARY,F9_EVIDENCE_HASH_OR_CLASS_MUTATION,74,0,ValueError,both evidence mutations rejected
PRIMARY,F9_EVIDENCE_HASH_OR_CLASS_MUTATION,75,0,ValueError,both evidence mutations rejected
PRIMARY,F9_EVIDENCE_HASH_OR_CLASS_MUTATION,76,0,ValueError,both evidence mutations rejected
PRIMARY,F9_EVIDENCE_HASH_OR_CLASS_MUTATION,77,0,ValueError,both evidence mutations rejected
PRIMARY,F9_EVIDENCE_HASH_OR_CLASS_MUTATION,78,0,ValueError,both evidence mutations rejected
PRIMARY,F9_EVIDENCE_HASH_OR_CLASS_MUTATION,79,0,ValueError,both evidence mutations rejected
PRIMARY,F9_EVIDENCE_HASH_OR_CLASS_MUTATION,80,0,ValueError,both evidence mutations rejected
PRIMARY,F9_EVIDENCE_HASH_OR_CLASS_MUTATION,81,0,ValueError,both evidence mutations rejected
PRIMARY,F9_EVIDENCE_HASH_OR_CLASS_MUTATION,82,0,ValueError,both evidence mutations rejected
PRIMARY,F9_EVIDENCE_HASH_OR_CLASS_MUTATION,83,0,ValueError,both evidence mutations rejected
PRIMARY,F9_EVIDENCE_HASH_OR_CLASS_MUTATION,84,0,ValueError,both evidence mutations rejected
PRIMARY,F9_EVIDENCE_HASH_OR_CLASS_MUTATION,85,0,ValueError,both evidence mutations rejected
PRIMARY,F9_EVIDENCE_HASH_OR_CLASS_MUTATION,86,0,ValueError,both evidence mutations rejected
PRIMARY,F9_EVIDENCE_HASH_OR_CLASS_MUTATION,87,0,ValueError,both evidence mutations rejected
PRIMARY,F9_EVIDENCE_HASH_OR_CLASS_MUTATION,88,0,ValueError,both evidence mutations rejected
PRIMARY,F9_EVIDENCE_HASH_OR_CLASS_MUTATION,89,0,ValueError,both evidence mutations rejected
PRIMARY,F9_EVIDENCE_HASH_OR_CLASS_MUTATION,90,0,ValueError,both evidence mutations rejected
PRIMARY,F9_EVIDENCE_HASH_OR_CLASS_MUTATION,91,0,ValueError,both evidence mutations rejected
PRIMARY,F9_EVIDENCE_HASH_OR_CLASS_MUTATION,92,0,ValueError,both evidence mutations rejected
PRIMARY,F9_EVIDENCE_HASH_OR_CLASS_MUTATION,93,0,ValueError,both evidence mutations rejected
PRIMARY,F9_EVIDENCE_HASH_OR_CLASS_MUTATION,94,0,ValueError,both evidence mutations rejected
PRIMARY,F9_EVIDENCE_HASH_OR_CLASS_MUTATION,95,0,ValueError,both evidence mutations rejected
PRIMARY,F9_EVIDENCE_HASH_OR_CLASS_MUTATION,96,0,ValueError,both evidence mutations rejected
PRIMARY,F9_EVIDENCE_HASH_OR_CLASS_MUTATION,97,0,ValueError,both evidence mutations rejected
PRIMARY,F9_EVIDENCE_HASH_OR_CLASS_MUTATION,98,0,ValueError,both evidence mutations rejected
PRIMARY,F9_EVIDENCE_HASH_OR_CLASS_MUTATION,99,0,ValueError,both evidence mutations rejected
PRIMARY,F9_EVIDENCE_HASH_OR_CLASS_MUTATION,100,0,ValueError,both evidence mutations rejected
PRIMARY,F9_EVIDENCE_HASH_OR_CLASS_MUTATION,101,0,ValueError,both evidence mutations rejected
PRIMARY,F9_EVIDENCE_HASH_OR_CLASS_MUTATION,102,0,ValueError,both evidence mutations rejected
PRIMARY,F9_EVIDENCE_HASH_OR_CLASS_MUTATION,103,0,ValueError,both evidence mutations rejected
PRIMARY,F9_EVIDENCE_HASH_OR_CLASS_MUTATION,104,0,ValueError,both evidence mutations rejected
PRIMARY,F9_EVIDENCE_HASH_OR_CLASS_MUTATION,105,0,ValueError,both evidence mutations rejected
PRIMARY,F9_EVIDENCE_HASH_OR_CLASS_MUTATION,106,0,ValueError,both evidence mutations rejected
PRIMARY,F9_EVIDENCE_HASH_OR_CLASS_MUTATION,107,0,ValueError,both evidence mutations rejected
PRIMARY,F9_EVIDENCE_HASH_OR_CLASS_MUTATION,108,0,ValueError,both evidence mutations rejected
PRIMARY,F9_EVIDENCE_HASH_OR_CLASS_MUTATION,109,0,ValueError,both evidence mutations rejected
PRIMARY,F9_EVIDENCE_HASH_OR_CLASS_MUTATION,110,0,ValueError,both evidence mutations rejected
PRIMARY,F9_EVIDENCE_HASH_OR_CLASS_MUTATION,111,0,ValueError,both evidence mutations rejected
PRIMARY,F9_EVIDENCE_HASH_OR_CLASS_MUTATION,112,0,ValueError,both evidence mutations rejected
PRIMARY,F9_EVIDENCE_HASH_OR_CLASS_MUTATION,113,0,ValueError,both evidence mutations rejected
PRIMARY,F9_EVIDENCE_HASH_OR_CLASS_MUTATION,114,0,ValueError,both evidence mutations rejected
PRIMARY,F9_EVIDENCE_HASH_OR_CLASS_MUTATION,115,0,ValueError,both evidence mutations rejected
PRIMARY,F9_EVIDENCE_HASH_OR_CLASS_MUTATION,116,0,ValueError,both evidence mutations rejected
PRIMARY,F9_EVIDENCE_HASH_OR_CLASS_MUTATION,117,0,ValueError,both evidence mutations rejected
PRIMARY,F9_EVIDENCE_HASH_OR_CLASS_MUTATION,118,0,ValueError,both evidence mutations rejected
PRIMARY,F9_EVIDENCE_HASH_OR_CLASS_MUTATION,119,0,ValueError,both evidence mutations rejected
PRIMARY,F9_EVIDENCE_HASH_OR_CLASS_MUTATION,120,0,ValueError,both evidence mutations rejected
PRIMARY,F9_EVIDENCE_HASH_OR_CLASS_MUTATION,121,0,ValueError,both evidence mutations rejected
PRIMARY,F9_EVIDENCE_HASH_OR_CLASS_MUTATION,122,0,ValueError,both evidence mutations rejected
PRIMARY,F9_EVIDENCE_HASH_OR_CLASS_MUTATION,123,0,ValueError,both evidence mutations rejected
PRIMARY,F9_EVIDENCE_HASH_OR_CLASS_MUTATION,124,0,ValueError,both evidence mutations rejected
PRIMARY,F9_EVIDENCE_HASH_OR_CLASS_MUTATION,125,0,ValueError,both evidence mutations rejected
PRIMARY,F9_EVIDENCE_HASH_OR_CLASS_MUTATION,126,0,ValueError,both evidence mutations rejected
PRIMARY,F9_EVIDENCE_HASH_OR_CLASS_MUTATION,127,0,ValueError,both evidence mutations rejected
PRIMARY,F10_LEGACY_ASSUMPTION_VIOLATION_PROMOTION,0,0,,UNIDENTIFIED
PRIMARY,F10_LEGACY_ASSUMPTION_VIOLATION_PROMOTION,1,0,,UNIDENTIFIED
PRIMARY,F10_LEGACY_ASSUMPTION_VIOLATION_PROMOTION,2,0,,UNIDENTIFIED
PRIMARY,F10_LEGACY_ASSUMPTION_VIOLATION_PROMOTION,3,0,,UNIDENTIFIED
PRIMARY,F10_LEGACY_ASSUMPTION_VIOLATION_PROMOTION,4,0,,UNIDENTIFIED
PRIMARY,F10_LEGACY_ASSUMPTION_VIOLATION_PROMOTION,5,0,,UNIDENTIFIED
PRIMARY,F10_LEGACY_ASSUMPTION_VIOLATION_PROMOTION,6,0,,UNIDENTIFIED
PRIMARY,F10_LEGACY_ASSUMPTION_VIOLATION_PROMOTION,7,0,,UNIDENTIFIED
PRIMARY,F10_LEGACY_ASSUMPTION_VIOLATION_PROMOTION,8,0,,UNIDENTIFIED
PRIMARY,F10_LEGACY_ASSUMPTION_VIOLATION_PROMOTION,9,0,,UNIDENTIFIED
PRIMARY,F10_LEGACY_ASSUMPTION_VIOLATION_PROMOTION,10,0,,UNIDENTIFIED
PRIMARY,F10_LEGACY_ASSUMPTION_VIOLATION_PROMOTION,11,0,,UNIDENTIFIED
PRIMARY,F10_LEGACY_ASSUMPTION_VIOLATION_PROMOTION,12,0,,UNIDENTIFIED
PRIMARY,F10_LEGACY_ASSUMPTION_VIOLATION_PROMOTION,13,0,,UNIDENTIFIED
PRIMARY,F10_LEGACY_ASSUMPTION_VIOLATION_PROMOTION,14,0,,UNIDENTIFIED
PRIMARY,F10_LEGACY_ASSUMPTION_VIOLATION_PROMOTION,15,0,,UNIDENTIFIED
PRIMARY,F10_LEGACY_ASSUMPTION_VIOLATION_PROMOTION,16,0,,UNIDENTIFIED
PRIMARY,F10_LEGACY_ASSUMPTION_VIOLATION_PROMOTION,17,0,,UNIDENTIFIED
PRIMARY,F10_LEGACY_ASSUMPTION_VIOLATION_PROMOTION,18,0,,UNIDENTIFIED
PRIMARY,F10_LEGACY_ASSUMPTION_VIOLATION_PROMOTION,19,0,,UNIDENTIFIED
PRIMARY,F10_LEGACY_ASSUMPTION_VIOLATION_PROMOTION,20,0,,UNIDENTIFIED
PRIMARY,F10_LEGACY_ASSUMPTION_VIOLATION_PROMOTION,21,0,,UNIDENTIFIED
PRIMARY,F10_LEGACY_ASSUMPTION_VIOLATION_PROMOTION,22,0,,UNIDENTIFIED
PRIMARY,F10_LEGACY_ASSUMPTION_VIOLATION_PROMOTION,23,0,,UNIDENTIFIED
PRIMARY,F10_LEGACY_ASSUMPTION_VIOLATION_PROMOTION,24,0,,UNIDENTIFIED
PRIMARY,F10_LEGACY_ASSUMPTION_VIOLATION_PROMOTION,25,0,,UNIDENTIFIED
PRIMARY,F10_LEGACY_ASSUMPTION_VIOLATION_PROMOTION,26,0,,UNIDENTIFIED
PRIMARY,F10_LEGACY_ASSUMPTION_VIOLATION_PROMOTION,27,0,,UNIDENTIFIED
PRIMARY,F10_LEGACY_ASSUMPTION_VIOLATION_PROMOTION,28,0,,UNIDENTIFIED
PRIMARY,F10_LEGACY_ASSUMPTION_VIOLATION_PROMOTION,29,0,,UNIDENTIFIED
PRIMARY,F10_LEGACY_ASSUMPTION_VIOLATION_PROMOTION,30,0,,UNIDENTIFIED
PRIMARY,F10_LEGACY_ASSUMPTION_VIOLATION_PROMOTION,31,0,,UNIDENTIFIED
PRIMARY,F10_LEGACY_ASSUMPTION_VIOLATION_PROMOTION,32,0,,UNIDENTIFIED
PRIMARY,F10_LEGACY_ASSUMPTION_VIOLATION_PROMOTION,33,0,,UNIDENTIFIED
PRIMARY,F10_LEGACY_ASSUMPTION_VIOLATION_PROMOTION,34,0,,UNIDENTIFIED
PRIMARY,F10_LEGACY_ASSUMPTION_VIOLATION_PROMOTION,35,0,,UNIDENTIFIED
PRIMARY,F10_LEGACY_ASSUMPTION_VIOLATION_PROMOTION,36,0,,UNIDENTIFIED
PRIMARY,F10_LEGACY_ASSUMPTION_VIOLATION_PROMOTION,37,0,,UNIDENTIFIED
PRIMARY,F10_LEGACY_ASSUMPTION_VIOLATION_PROMOTION,38,0,,UNIDENTIFIED
PRIMARY,F10_LEGACY_ASSUMPTION_VIOLATION_PROMOTION,39,0,,UNIDENTIFIED
PRIMARY,F10_LEGACY_ASSUMPTION_VIOLATION_PROMOTION,40,0,,UNIDENTIFIED
PRIMARY,F10_LEGACY_ASSUMPTION_VIOLATION_PROMOTION,41,0,,UNIDENTIFIED
PRIMARY,F10_LEGACY_ASSUMPTION_VIOLATION_PROMOTION,42,0,,UNIDENTIFIED
PRIMARY,F10_LEGACY_ASSUMPTION_VIOLATION_PROMOTION,43,0,,UNIDENTIFIED
PRIMARY,F10_LEGACY_ASSUMPTION_VIOLATION_PROMOTION,44,0,,UNIDENTIFIED
PRIMARY,F10_LEGACY_ASSUMPTION_VIOLATION_PROMOTION,45,0,,UNIDENTIFIED
PRIMARY,F10_LEGACY_ASSUMPTION_VIOLATION_PROMOTION,46,0,,UNIDENTIFIED
PRIMARY,F10_LEGACY_ASSUMPTION_VIOLATION_PROMOTION,47,0,,UNIDENTIFIED
PRIMARY,F10_LEGACY_ASSUMPTION_VIOLATION_PROMOTION,48,0,,UNIDENTIFIED
PRIMARY,F10_LEGACY_ASSUMPTION_VIOLATION_PROMOTION,49,0,,UNIDENTIFIED
PRIMARY,F10_LEGACY_ASSUMPTION_VIOLATION_PROMOTION,50,0,,UNIDENTIFIED
PRIMARY,F10_LEGACY_ASSUMPTION_VIOLATION_PROMOTION,51,0,,UNIDENTIFIED
PRIMARY,F10_LEGACY_ASSUMPTION_VIOLATION_PROMOTION,52,0,,UNIDENTIFIED
PRIMARY,F10_LEGACY_ASSUMPTION_VIOLATION_PROMOTION,53,0,,UNIDENTIFIED
PRIMARY,F10_LEGACY_ASSUMPTION_VIOLATION_PROMOTION,54,0,,UNIDENTIFIED
PRIMARY,F10_LEGACY_ASSUMPTION_VIOLATION_PROMOTION,55,0,,UNIDENTIFIED
PRIMARY,F10_LEGACY_ASSUMPTION_VIOLATION_PROMOTION,56,0,,UNIDENTIFIED
PRIMARY,F10_LEGACY_ASSUMPTION_VIOLATION_PROMOTION,57,0,,UNIDENTIFIED
PRIMARY,F10_LEGACY_ASSUMPTION_VIOLATION_PROMOTION,58,0,,UNIDENTIFIED
PRIMARY,F10_LEGACY_ASSUMPTION_VIOLATION_PROMOTION,59,0,,UNIDENTIFIED
PRIMARY,F10_LEGACY_ASSUMPTION_VIOLATION_PROMOTION,60,0,,UNIDENTIFIED
PRIMARY,F10_LEGACY_ASSUMPTION_VIOLATION_PROMOTION,61,0,,UNIDENTIFIED
PRIMARY,F10_LEGACY_ASSUMPTION_VIOLATION_PROMOTION,62,0,,UNIDENTIFIED
PRIMARY,F10_LEGACY_ASSUMPTION_VIOLATION_PROMOTION,63,0,,UNIDENTIFIED
PRIMARY,F10_LEGACY_ASSUMPTION_VIOLATION_PROMOTION,64,0,,UNIDENTIFIED
PRIMARY,F10_LEGACY_ASSUMPTION_VIOLATION_PROMOTION,65,0,,UNIDENTIFIED
PRIMARY,F10_LEGACY_ASSUMPTION_VIOLATION_PROMOTION,66,0,,UNIDENTIFIED
PRIMARY,F10_LEGACY_ASSUMPTION_VIOLATION_PROMOTION,67,0,,UNIDENTIFIED
PRIMARY,F10_LEGACY_ASSUMPTION_VIOLATION_PROMOTION,68,0,,UNIDENTIFIED
PRIMARY,F10_LEGACY_ASSUMPTION_VIOLATION_PROMOTION,69,0,,UNIDENTIFIED
PRIMARY,F10_LEGACY_ASSUMPTION_VIOLATION_PROMOTION,70,0,,UNIDENTIFIED
PRIMARY,F10_LEGACY_ASSUMPTION_VIOLATION_PROMOTION,71,0,,UNIDENTIFIED
PRIMARY,F10_LEGACY_ASSUMPTION_VIOLATION_PROMOTION,72,0,,UNIDENTIFIED
PRIMARY,F10_LEGACY_ASSUMPTION_VIOLATION_PROMOTION,73,0,,UNIDENTIFIED
PRIMARY,F10_LEGACY_ASSUMPTION_VIOLATION_PROMOTION,74,0,,UNIDENTIFIED
PRIMARY,F10_LEGACY_ASSUMPTION_VIOLATION_PROMOTION,75,0,,UNIDENTIFIED
PRIMARY,F10_LEGACY_ASSUMPTION_VIOLATION_PROMOTION,76,0,,UNIDENTIFIED
PRIMARY,F10_LEGACY_ASSUMPTION_VIOLATION_PROMOTION,77,0,,UNIDENTIFIED
PRIMARY,F10_LEGACY_ASSUMPTION_VIOLATION_PROMOTION,78,0,,UNIDENTIFIED
PRIMARY,F10_LEGACY_ASSUMPTION_VIOLATION_PROMOTION,79,0,,UNIDENTIFIED
PRIMARY,F10_LEGACY_ASSUMPTION_VIOLATION_PROMOTION,80,0,,UNIDENTIFIED
PRIMARY,F10_LEGACY_ASSUMPTION_VIOLATION_PROMOTION,81,0,,UNIDENTIFIED
PRIMARY,F10_LEGACY_ASSUMPTION_VIOLATION_PROMOTION,82,0,,UNIDENTIFIED
PRIMARY,F10_LEGACY_ASSUMPTION_VIOLATION_PROMOTION,83,0,,UNIDENTIFIED
PRIMARY,F10_LEGACY_ASSUMPTION_VIOLATION_PROMOTION,84,0,,UNIDENTIFIED
PRIMARY,F10_LEGACY_ASSUMPTION_VIOLATION_PROMOTION,85,0,,UNIDENTIFIED
PRIMARY,F10_LEGACY_ASSUMPTION_VIOLATION_PROMOTION,86,0,,UNIDENTIFIED
PRIMARY,F10_LEGACY_ASSUMPTION_VIOLATION_PROMOTION,87,0,,UNIDENTIFIED
PRIMARY,F10_LEGACY_ASSUMPTION_VIOLATION_PROMOTION,88,0,,UNIDENTIFIED
PRIMARY,F10_LEGACY_ASSUMPTION_VIOLATION_PROMOTION,89,0,,UNIDENTIFIED
PRIMARY,F10_LEGACY_ASSUMPTION_VIOLATION_PROMOTION,90,0,,UNIDENTIFIED
PRIMARY,F10_LEGACY_ASSUMPTION_VIOLATION_PROMOTION,91,0,,UNIDENTIFIED
PRIMARY,F10_LEGACY_ASSUMPTION_VIOLATION_PROMOTION,92,0,,UNIDENTIFIED
PRIMARY,F10_LEGACY_ASSUMPTION_VIOLATION_PROMOTION,93,0,,UNIDENTIFIED
PRIMARY,F10_LEGACY_ASSUMPTION_VIOLATION_PROMOTION,94,0,,UNIDENTIFIED
PRIMARY,F10_LEGACY_ASSUMPTION_VIOLATION_PROMOTION,95,0,,UNIDENTIFIED
PRIMARY,F10_LEGACY_ASSUMPTION_VIOLATION_PROMOTION,96,0,,UNIDENTIFIED
PRIMARY,F10_LEGACY_ASSUMPTION_VIOLATION_PROMOTION,97,0,,UNIDENTIFIED
PRIMARY,F10_LEGACY_ASSUMPTION_VIOLATION_PROMOTION,98,0,,UNIDENTIFIED
PRIMARY,F10_LEGACY_ASSUMPTION_VIOLATION_PROMOTION,99,0,,UNIDENTIFIED
PRIMARY,F10_LEGACY_ASSUMPTION_VIOLATION_PROMOTION,100,0,,UNIDENTIFIED
PRIMARY,F10_LEGACY_ASSUMPTION_VIOLATION_PROMOTION,101,0,,UNIDENTIFIED
PRIMARY,F10_LEGACY_ASSUMPTION_VIOLATION_PROMOTION,102,0,,UNIDENTIFIED
PRIMARY,F10_LEGACY_ASSUMPTION_VIOLATION_PROMOTION,103,0,,UNIDENTIFIED
PRIMARY,F10_LEGACY_ASSUMPTION_VIOLATION_PROMOTION,104,0,,UNIDENTIFIED
PRIMARY,F10_LEGACY_ASSUMPTION_VIOLATION_PROMOTION,105,0,,UNIDENTIFIED
PRIMARY,F10_LEGACY_ASSUMPTION_VIOLATION_PROMOTION,106,0,,UNIDENTIFIED
PRIMARY,F10_LEGACY_ASSUMPTION_VIOLATION_PROMOTION,107,0,,UNIDENTIFIED
PRIMARY,F10_LEGACY_ASSUMPTION_VIOLATION_PROMOTION,108,0,,UNIDENTIFIED
PRIMARY,F10_LEGACY_ASSUMPTION_VIOLATION_PROMOTION,109,0,,UNIDENTIFIED
PRIMARY,F10_LEGACY_ASSUMPTION_VIOLATION_PROMOTION,110,0,,UNIDENTIFIED
PRIMARY,F10_LEGACY_ASSUMPTION_VIOLATION_PROMOTION,111,0,,UNIDENTIFIED
PRIMARY,F10_LEGACY_ASSUMPTION_VIOLATION_PROMOTION,112,0,,UNIDENTIFIED
PRIMARY,F10_LEGACY_ASSUMPTION_VIOLATION_PROMOTION,113,0,,UNIDENTIFIED
PRIMARY,F10_LEGACY_ASSUMPTION_VIOLATION_PROMOTION,114,0,,UNIDENTIFIED
PRIMARY,F10_LEGACY_ASSUMPTION_VIOLATION_PROMOTION,115,0,,UNIDENTIFIED
PRIMARY,F10_LEGACY_ASSUMPTION_VIOLATION_PROMOTION,116,0,,UNIDENTIFIED
PRIMARY,F10_LEGACY_ASSUMPTION_VIOLATION_PROMOTION,117,0,,UNIDENTIFIED
PRIMARY,F10_LEGACY_ASSUMPTION_VIOLATION_PROMOTION,118,0,,UNIDENTIFIED
PRIMARY,F10_LEGACY_ASSUMPTION_VIOLATION_PROMOTION,119,0,,UNIDENTIFIED
PRIMARY,F10_LEGACY_ASSUMPTION_VIOLATION_PROMOTION,120,0,,UNIDENTIFIED
PRIMARY,F10_LEGACY_ASSUMPTION_VIOLATION_PROMOTION,121,0,,UNIDENTIFIED
PRIMARY,F10_LEGACY_ASSUMPTION_VIOLATION_PROMOTION,122,0,,UNIDENTIFIED
PRIMARY,F10_LEGACY_ASSUMPTION_VIOLATION_PROMOTION,123,0,,UNIDENTIFIED
PRIMARY,F10_LEGACY_ASSUMPTION_VIOLATION_PROMOTION,124,0,,UNIDENTIFIED
PRIMARY,F10_LEGACY_ASSUMPTION_VIOLATION_PROMOTION,125,0,,UNIDENTIFIED
PRIMARY,F10_LEGACY_ASSUMPTION_VIOLATION_PROMOTION,126,0,,UNIDENTIFIED
PRIMARY,F10_LEGACY_ASSUMPTION_VIOLATION_PROMOTION,127,0,,UNIDENTIFIED
PRIMARY,F11_LEGACY_COUNTERMODEL_COLLAPSE,0,0,,UNIDENTIFIED
PRIMARY,F11_LEGACY_COUNTERMODEL_COLLAPSE,1,0,,UNIDENTIFIED
PRIMARY,F11_LEGACY_COUNTERMODEL_COLLAPSE,2,0,,UNIDENTIFIED
PRIMARY,F11_LEGACY_COUNTERMODEL_COLLAPSE,3,0,,UNIDENTIFIED
PRIMARY,F11_LEGACY_COUNTERMODEL_COLLAPSE,4,0,,UNIDENTIFIED
PRIMARY,F11_LEGACY_COUNTERMODEL_COLLAPSE,5,0,,UNIDENTIFIED
PRIMARY,F11_LEGACY_COUNTERMODEL_COLLAPSE,6,0,,UNIDENTIFIED
PRIMARY,F11_LEGACY_COUNTERMODEL_COLLAPSE,7,0,,UNIDENTIFIED
PRIMARY,F11_LEGACY_COUNTERMODEL_COLLAPSE,8,0,,UNIDENTIFIED
PRIMARY,F11_LEGACY_COUNTERMODEL_COLLAPSE,9,0,,UNIDENTIFIED
PRIMARY,F11_LEGACY_COUNTERMODEL_COLLAPSE,10,0,,UNIDENTIFIED
PRIMARY,F11_LEGACY_COUNTERMODEL_COLLAPSE,11,0,,UNIDENTIFIED
PRIMARY,F11_LEGACY_COUNTERMODEL_COLLAPSE,12,0,,UNIDENTIFIED
PRIMARY,F11_LEGACY_COUNTERMODEL_COLLAPSE,13,0,,UNIDENTIFIED
PRIMARY,F11_LEGACY_COUNTERMODEL_COLLAPSE,14,0,,UNIDENTIFIED
PRIMARY,F11_LEGACY_COUNTERMODEL_COLLAPSE,15,0,,UNIDENTIFIED
PRIMARY,F11_LEGACY_COUNTERMODEL_COLLAPSE,16,0,,UNIDENTIFIED
PRIMARY,F11_LEGACY_COUNTERMODEL_COLLAPSE,17,0,,UNIDENTIFIED
PRIMARY,F11_LEGACY_COUNTERMODEL_COLLAPSE,18,0,,UNIDENTIFIED
PRIMARY,F11_LEGACY_COUNTERMODEL_COLLAPSE,19,0,,UNIDENTIFIED
PRIMARY,F11_LEGACY_COUNTERMODEL_COLLAPSE,20,0,,UNIDENTIFIED
PRIMARY,F11_LEGACY_COUNTERMODEL_COLLAPSE,21,0,,UNIDENTIFIED
PRIMARY,F11_LEGACY_COUNTERMODEL_COLLAPSE,22,0,,UNIDENTIFIED
PRIMARY,F11_LEGACY_COUNTERMODEL_COLLAPSE,23,0,,UNIDENTIFIED
PRIMARY,F11_LEGACY_COUNTERMODEL_COLLAPSE,24,0,,UNIDENTIFIED
PRIMARY,F11_LEGACY_COUNTERMODEL_COLLAPSE,25,0,,UNIDENTIFIED
PRIMARY,F11_LEGACY_COUNTERMODEL_COLLAPSE,26,0,,UNIDENTIFIED
PRIMARY,F11_LEGACY_COUNTERMODEL_COLLAPSE,27,0,,UNIDENTIFIED
PRIMARY,F11_LEGACY_COUNTERMODEL_COLLAPSE,28,0,,UNIDENTIFIED
PRIMARY,F11_LEGACY_COUNTERMODEL_COLLAPSE,29,0,,UNIDENTIFIED
PRIMARY,F11_LEGACY_COUNTERMODEL_COLLAPSE,30,0,,UNIDENTIFIED
PRIMARY,F11_LEGACY_COUNTERMODEL_COLLAPSE,31,0,,UNIDENTIFIED
PRIMARY,F11_LEGACY_COUNTERMODEL_COLLAPSE,32,0,,UNIDENTIFIED
PRIMARY,F11_LEGACY_COUNTERMODEL_COLLAPSE,33,0,,UNIDENTIFIED
PRIMARY,F11_LEGACY_COUNTERMODEL_COLLAPSE,34,0,,UNIDENTIFIED
PRIMARY,F11_LEGACY_COUNTERMODEL_COLLAPSE,35,0,,UNIDENTIFIED
PRIMARY,F11_LEGACY_COUNTERMODEL_COLLAPSE,36,0,,UNIDENTIFIED
PRIMARY,F11_LEGACY_COUNTERMODEL_COLLAPSE,37,0,,UNIDENTIFIED
PRIMARY,F11_LEGACY_COUNTERMODEL_COLLAPSE,38,0,,UNIDENTIFIED
PRIMARY,F11_LEGACY_COUNTERMODEL_COLLAPSE,39,0,,UNIDENTIFIED
PRIMARY,F11_LEGACY_COUNTERMODEL_COLLAPSE,40,0,,UNIDENTIFIED
PRIMARY,F11_LEGACY_COUNTERMODEL_COLLAPSE,41,0,,UNIDENTIFIED
PRIMARY,F11_LEGACY_COUNTERMODEL_COLLAPSE,42,0,,UNIDENTIFIED
PRIMARY,F11_LEGACY_COUNTERMODEL_COLLAPSE,43,0,,UNIDENTIFIED
PRIMARY,F11_LEGACY_COUNTERMODEL_COLLAPSE,44,0,,UNIDENTIFIED
PRIMARY,F11_LEGACY_COUNTERMODEL_COLLAPSE,45,0,,UNIDENTIFIED
PRIMARY,F11_LEGACY_COUNTERMODEL_COLLAPSE,46,0,,UNIDENTIFIED
PRIMARY,F11_LEGACY_COUNTERMODEL_COLLAPSE,47,0,,UNIDENTIFIED
PRIMARY,F11_LEGACY_COUNTERMODEL_COLLAPSE,48,0,,UNIDENTIFIED
PRIMARY,F11_LEGACY_COUNTERMODEL_COLLAPSE,49,0,,UNIDENTIFIED
PRIMARY,F11_LEGACY_COUNTERMODEL_COLLAPSE,50,0,,UNIDENTIFIED
PRIMARY,F11_LEGACY_COUNTERMODEL_COLLAPSE,51,0,,UNIDENTIFIED
PRIMARY,F11_LEGACY_COUNTERMODEL_COLLAPSE,52,0,,UNIDENTIFIED
PRIMARY,F11_LEGACY_COUNTERMODEL_COLLAPSE,53,0,,UNIDENTIFIED
PRIMARY,F11_LEGACY_COUNTERMODEL_COLLAPSE,54,0,,UNIDENTIFIED
PRIMARY,F11_LEGACY_COUNTERMODEL_COLLAPSE,55,0,,UNIDENTIFIED
PRIMARY,F11_LEGACY_COUNTERMODEL_COLLAPSE,56,0,,UNIDENTIFIED
PRIMARY,F11_LEGACY_COUNTERMODEL_COLLAPSE,57,0,,UNIDENTIFIED
PRIMARY,F11_LEGACY_COUNTERMODEL_COLLAPSE,58,0,,UNIDENTIFIED
PRIMARY,F11_LEGACY_COUNTERMODEL_COLLAPSE,59,0,,UNIDENTIFIED
PRIMARY,F11_LEGACY_COUNTERMODEL_COLLAPSE,60,0,,UNIDENTIFIED
PRIMARY,F11_LEGACY_COUNTERMODEL_COLLAPSE,61,0,,UNIDENTIFIED
PRIMARY,F11_LEGACY_COUNTERMODEL_COLLAPSE,62,0,,UNIDENTIFIED
PRIMARY,F11_LEGACY_COUNTERMODEL_COLLAPSE,63,0,,UNIDENTIFIED
PRIMARY,F11_LEGACY_COUNTERMODEL_COLLAPSE,64,0,,UNIDENTIFIED
PRIMARY,F11_LEGACY_COUNTERMODEL_COLLAPSE,65,0,,UNIDENTIFIED
PRIMARY,F11_LEGACY_COUNTERMODEL_COLLAPSE,66,0,,UNIDENTIFIED
PRIMARY,F11_LEGACY_COUNTERMODEL_COLLAPSE,67,0,,UNIDENTIFIED
PRIMARY,F11_LEGACY_COUNTERMODEL_COLLAPSE,68,0,,UNIDENTIFIED
PRIMARY,F11_LEGACY_COUNTERMODEL_COLLAPSE,69,0,,UNIDENTIFIED
PRIMARY,F11_LEGACY_COUNTERMODEL_COLLAPSE,70,0,,UNIDENTIFIED
PRIMARY,F11_LEGACY_COUNTERMODEL_COLLAPSE,71,0,,UNIDENTIFIED
PRIMARY,F11_LEGACY_COUNTERMODEL_COLLAPSE,72,0,,UNIDENTIFIED
PRIMARY,F11_LEGACY_COUNTERMODEL_COLLAPSE,73,0,,UNIDENTIFIED
PRIMARY,F11_LEGACY_COUNTERMODEL_COLLAPSE,74,0,,UNIDENTIFIED
PRIMARY,F11_LEGACY_COUNTERMODEL_COLLAPSE,75,0,,UNIDENTIFIED
PRIMARY,F11_LEGACY_COUNTERMODEL_COLLAPSE,76,0,,UNIDENTIFIED
PRIMARY,F11_LEGACY_COUNTERMODEL_COLLAPSE,77,0,,UNIDENTIFIED
PRIMARY,F11_LEGACY_COUNTERMODEL_COLLAPSE,78,0,,UNIDENTIFIED
PRIMARY,F11_LEGACY_COUNTERMODEL_COLLAPSE,79,0,,UNIDENTIFIED
PRIMARY,F11_LEGACY_COUNTERMODEL_COLLAPSE,80,0,,UNIDENTIFIED
PRIMARY,F11_LEGACY_COUNTERMODEL_COLLAPSE,81,0,,UNIDENTIFIED
PRIMARY,F11_LEGACY_COUNTERMODEL_COLLAPSE,82,0,,UNIDENTIFIED
PRIMARY,F11_LEGACY_COUNTERMODEL_COLLAPSE,83,0,,UNIDENTIFIED
PRIMARY,F11_LEGACY_COUNTERMODEL_COLLAPSE,84,0,,UNIDENTIFIED
PRIMARY,F11_LEGACY_COUNTERMODEL_COLLAPSE,85,0,,UNIDENTIFIED
PRIMARY,F11_LEGACY_COUNTERMODEL_COLLAPSE,86,0,,UNIDENTIFIED
PRIMARY,F11_LEGACY_COUNTERMODEL_COLLAPSE,87,0,,UNIDENTIFIED
PRIMARY,F11_LEGACY_COUNTERMODEL_COLLAPSE,88,0,,UNIDENTIFIED
PRIMARY,F11_LEGACY_COUNTERMODEL_COLLAPSE,89,0,,UNIDENTIFIED
PRIMARY,F11_LEGACY_COUNTERMODEL_COLLAPSE,90,0,,UNIDENTIFIED
PRIMARY,F11_LEGACY_COUNTERMODEL_COLLAPSE,91,0,,UNIDENTIFIED
PRIMARY,F11_LEGACY_COUNTERMODEL_COLLAPSE,92,0,,UNIDENTIFIED
PRIMARY,F11_LEGACY_COUNTERMODEL_COLLAPSE,93,0,,UNIDENTIFIED
PRIMARY,F11_LEGACY_COUNTERMODEL_COLLAPSE,94,0,,UNIDENTIFIED
PRIMARY,F11_LEGACY_COUNTERMODEL_COLLAPSE,95,0,,UNIDENTIFIED
PRIMARY,F11_LEGACY_COUNTERMODEL_COLLAPSE,96,0,,UNIDENTIFIED
PRIMARY,F11_LEGACY_COUNTERMODEL_COLLAPSE,97,0,,UNIDENTIFIED
PRIMARY,F11_LEGACY_COUNTERMODEL_COLLAPSE,98,0,,UNIDENTIFIED
PRIMARY,F11_LEGACY_COUNTERMODEL_COLLAPSE,99,0,,UNIDENTIFIED
PRIMARY,F11_LEGACY_COUNTERMODEL_COLLAPSE,100,0,,UNIDENTIFIED
PRIMARY,F11_LEGACY_COUNTERMODEL_COLLAPSE,101,0,,UNIDENTIFIED
PRIMARY,F11_LEGACY_COUNTERMODEL_COLLAPSE,102,0,,UNIDENTIFIED
PRIMARY,F11_LEGACY_COUNTERMODEL_COLLAPSE,103,0,,UNIDENTIFIED
PRIMARY,F11_LEGACY_COUNTERMODEL_COLLAPSE,104,0,,UNIDENTIFIED
PRIMARY,F11_LEGACY_COUNTERMODEL_COLLAPSE,105,0,,UNIDENTIFIED
PRIMARY,F11_LEGACY_COUNTERMODEL_COLLAPSE,106,0,,UNIDENTIFIED
PRIMARY,F11_LEGACY_COUNTERMODEL_COLLAPSE,107,0,,UNIDENTIFIED
PRIMARY,F11_LEGACY_COUNTERMODEL_COLLAPSE,108,0,,UNIDENTIFIED
PRIMARY,F11_LEGACY_COUNTERMODEL_COLLAPSE,109,0,,UNIDENTIFIED
PRIMARY,F11_LEGACY_COUNTERMODEL_COLLAPSE,110,0,,UNIDENTIFIED
PRIMARY,F11_LEGACY_COUNTERMODEL_COLLAPSE,111,0,,UNIDENTIFIED
PRIMARY,F11_LEGACY_COUNTERMODEL_COLLAPSE,112,0,,UNIDENTIFIED
PRIMARY,F11_LEGACY_COUNTERMODEL_COLLAPSE,113,0,,UNIDENTIFIED
PRIMARY,F11_LEGACY_COUNTERMODEL_COLLAPSE,114,0,,UNIDENTIFIED
PRIMARY,F11_LEGACY_COUNTERMODEL_COLLAPSE,115,0,,UNIDENTIFIED
PRIMARY,F11_LEGACY_COUNTERMODEL_COLLAPSE,116,0,,UNIDENTIFIED
PRIMARY,F11_LEGACY_COUNTERMODEL_COLLAPSE,117,0,,UNIDENTIFIED
PRIMARY,F11_LEGACY_COUNTERMODEL_COLLAPSE,118,0,,UNIDENTIFIED
PRIMARY,F11_LEGACY_COUNTERMODEL_COLLAPSE,119,0,,UNIDENTIFIED
PRIMARY,F11_LEGACY_COUNTERMODEL_COLLAPSE,120,0,,UNIDENTIFIED
PRIMARY,F11_LEGACY_COUNTERMODEL_COLLAPSE,121,0,,UNIDENTIFIED
PRIMARY,F11_LEGACY_COUNTERMODEL_COLLAPSE,122,0,,UNIDENTIFIED
PRIMARY,F11_LEGACY_COUNTERMODEL_COLLAPSE,123,0,,UNIDENTIFIED
PRIMARY,F11_LEGACY_COUNTERMODEL_COLLAPSE,124,0,,UNIDENTIFIED
PRIMARY,F11_LEGACY_COUNTERMODEL_COLLAPSE,125,0,,UNIDENTIFIED
PRIMARY,F11_LEGACY_COUNTERMODEL_COLLAPSE,126,0,,UNIDENTIFIED
PRIMARY,F11_LEGACY_COUNTERMODEL_COLLAPSE,127,0,,UNIDENTIFIED
REPLICATION,F0_DIRECT_CONSTRUCTION_BYPASS,0,0,TypeError,EpistemicRecord can only be constructed by EpistemicMachine
REPLICATION,F0_DIRECT_CONSTRUCTION_BYPASS,1,0,TypeError,EpistemicRecord can only be constructed by EpistemicMachine
REPLICATION,F0_DIRECT_CONSTRUCTION_BYPASS,2,0,TypeError,EpistemicRecord can only be constructed by EpistemicMachine
REPLICATION,F0_DIRECT_CONSTRUCTION_BYPASS,3,0,TypeError,EpistemicRecord can only be constructed by EpistemicMachine
REPLICATION,F0_DIRECT_CONSTRUCTION_BYPASS,4,0,TypeError,EpistemicRecord can only be constructed by EpistemicMachine
REPLICATION,F0_DIRECT_CONSTRUCTION_BYPASS,5,0,TypeError,EpistemicRecord can only be constructed by EpistemicMachine
REPLICATION,F0_DIRECT_CONSTRUCTION_BYPASS,6,0,TypeError,EpistemicRecord can only be constructed by EpistemicMachine
REPLICATION,F0_DIRECT_CONSTRUCTION_BYPASS,7,0,TypeError,EpistemicRecord can only be constructed by EpistemicMachine
REPLICATION,F0_DIRECT_CONSTRUCTION_BYPASS,8,0,TypeError,EpistemicRecord can only be constructed by EpistemicMachine
REPLICATION,F0_DIRECT_CONSTRUCTION_BYPASS,9,0,TypeError,EpistemicRecord can only be constructed by EpistemicMachine
REPLICATION,F0_DIRECT_CONSTRUCTION_BYPASS,10,0,TypeError,EpistemicRecord can only be constructed by EpistemicMachine
REPLICATION,F0_DIRECT_CONSTRUCTION_BYPASS,11,0,TypeError,EpistemicRecord can only be constructed by EpistemicMachine
REPLICATION,F0_DIRECT_CONSTRUCTION_BYPASS,12,0,TypeError,EpistemicRecord can only be constructed by EpistemicMachine
REPLICATION,F0_DIRECT_CONSTRUCTION_BYPASS,13,0,TypeError,EpistemicRecord can only be constructed by EpistemicMachine
REPLICATION,F0_DIRECT_CONSTRUCTION_BYPASS,14,0,TypeError,EpistemicRecord can only be constructed by EpistemicMachine
REPLICATION,F0_DIRECT_CONSTRUCTION_BYPASS,15,0,TypeError,EpistemicRecord can only be constructed by EpistemicMachine
REPLICATION,F0_DIRECT_CONSTRUCTION_BYPASS,16,0,TypeError,EpistemicRecord can only be constructed by EpistemicMachine
REPLICATION,F0_DIRECT_CONSTRUCTION_BYPASS,17,0,TypeError,EpistemicRecord can only be constructed by EpistemicMachine
REPLICATION,F0_DIRECT_CONSTRUCTION_BYPASS,18,0,TypeError,EpistemicRecord can only be constructed by EpistemicMachine
REPLICATION,F0_DIRECT_CONSTRUCTION_BYPASS,19,0,TypeError,EpistemicRecord can only be constructed by EpistemicMachine
REPLICATION,F0_DIRECT_CONSTRUCTION_BYPASS,20,0,TypeError,EpistemicRecord can only be constructed by EpistemicMachine
REPLICATION,F0_DIRECT_CONSTRUCTION_BYPASS,21,0,TypeError,EpistemicRecord can only be constructed by EpistemicMachine
REPLICATION,F0_DIRECT_CONSTRUCTION_BYPASS,22,0,TypeError,EpistemicRecord can only be constructed by EpistemicMachine
REPLICATION,F0_DIRECT_CONSTRUCTION_BYPASS,23,0,TypeError,EpistemicRecord can only be constructed by EpistemicMachine
REPLICATION,F0_DIRECT_CONSTRUCTION_BYPASS,24,0,TypeError,EpistemicRecord can only be constructed by EpistemicMachine
REPLICATION,F0_DIRECT_CONSTRUCTION_BYPASS,25,0,TypeError,EpistemicRecord can only be constructed by EpistemicMachine
REPLICATION,F0_DIRECT_CONSTRUCTION_BYPASS,26,0,TypeError,EpistemicRecord can only be constructed by EpistemicMachine
REPLICATION,F0_DIRECT_CONSTRUCTION_BYPASS,27,0,TypeError,EpistemicRecord can only be constructed by EpistemicMachine
REPLICATION,F0_DIRECT_CONSTRUCTION_BYPASS,28,0,TypeError,EpistemicRecord can only be constructed by EpistemicMachine
REPLICATION,F0_DIRECT_CONSTRUCTION_BYPASS,29,0,TypeError,EpistemicRecord can only be constructed by EpistemicMachine
REPLICATION,F0_DIRECT_CONSTRUCTION_BYPASS,30,0,TypeError,EpistemicRecord can only be constructed by EpistemicMachine
REPLICATION,F0_DIRECT_CONSTRUCTION_BYPASS,31,0,TypeError,EpistemicRecord can only be constructed by EpistemicMachine
REPLICATION,F0_DIRECT_CONSTRUCTION_BYPASS,32,0,TypeError,EpistemicRecord can only be constructed by EpistemicMachine
REPLICATION,F0_DIRECT_CONSTRUCTION_BYPASS,33,0,TypeError,EpistemicRecord can only be constructed by EpistemicMachine
REPLICATION,F0_DIRECT_CONSTRUCTION_BYPASS,34,0,TypeError,EpistemicRecord can only be constructed by EpistemicMachine
REPLICATION,F0_DIRECT_CONSTRUCTION_BYPASS,35,0,TypeError,EpistemicRecord can only be constructed by EpistemicMachine
REPLICATION,F0_DIRECT_CONSTRUCTION_BYPASS,36,0,TypeError,EpistemicRecord can only be constructed by EpistemicMachine
REPLICATION,F0_DIRECT_CONSTRUCTION_BYPASS,37,0,TypeError,EpistemicRecord can only be constructed by EpistemicMachine
REPLICATION,F0_DIRECT_CONSTRUCTION_BYPASS,38,0,TypeError,EpistemicRecord can only be constructed by EpistemicMachine
REPLICATION,F0_DIRECT_CONSTRUCTION_BYPASS,39,0,TypeError,EpistemicRecord can only be constructed by EpistemicMachine
REPLICATION,F0_DIRECT_CONSTRUCTION_BYPASS,40,0,TypeError,EpistemicRecord can only be constructed by EpistemicMachine
REPLICATION,F0_DIRECT_CONSTRUCTION_BYPASS,41,0,TypeError,EpistemicRecord can only be constructed by EpistemicMachine
REPLICATION,F0_DIRECT_CONSTRUCTION_BYPASS,42,0,TypeError,EpistemicRecord can only be constructed by EpistemicMachine
REPLICATION,F0_DIRECT_CONSTRUCTION_BYPASS,43,0,TypeError,EpistemicRecord can only be constructed by EpistemicMachine
REPLICATION,F0_DIRECT_CONSTRUCTION_BYPASS,44,0,TypeError,EpistemicRecord can only be constructed by EpistemicMachine
REPLICATION,F0_DIRECT_CONSTRUCTION_BYPASS,45,0,TypeError,EpistemicRecord can only be constructed by EpistemicMachine
REPLICATION,F0_DIRECT_CONSTRUCTION_BYPASS,46,0,TypeError,EpistemicRecord can only be constructed by EpistemicMachine
REPLICATION,F0_DIRECT_CONSTRUCTION_BYPASS,47,0,TypeError,EpistemicRecord can only be constructed by EpistemicMachine
REPLICATION,F0_DIRECT_CONSTRUCTION_BYPASS,48,0,TypeError,EpistemicRecord can only be constructed by EpistemicMachine
REPLICATION,F0_DIRECT_CONSTRUCTION_BYPASS,49,0,TypeError,EpistemicRecord can only be constructed by EpistemicMachine
REPLICATION,F0_DIRECT_CONSTRUCTION_BYPASS,50,0,TypeError,EpistemicRecord can only be constructed by EpistemicMachine
REPLICATION,F0_DIRECT_CONSTRUCTION_BYPASS,51,0,TypeError,EpistemicRecord can only be constructed by EpistemicMachine
REPLICATION,F0_DIRECT_CONSTRUCTION_BYPASS,52,0,TypeError,EpistemicRecord can only be constructed by EpistemicMachine
REPLICATION,F0_DIRECT_CONSTRUCTION_BYPASS,53,0,TypeError,EpistemicRecord can only be constructed by EpistemicMachine
REPLICATION,F0_DIRECT_CONSTRUCTION_BYPASS,54,0,TypeError,EpistemicRecord can only be constructed by EpistemicMachine
REPLICATION,F0_DIRECT_CONSTRUCTION_BYPASS,55,0,TypeError,EpistemicRecord can only be constructed by EpistemicMachine
REPLICATION,F0_DIRECT_CONSTRUCTION_BYPASS,56,0,TypeError,EpistemicRecord can only be constructed by EpistemicMachine
REPLICATION,F0_DIRECT_CONSTRUCTION_BYPASS,57,0,TypeError,EpistemicRecord can only be constructed by EpistemicMachine
REPLICATION,F0_DIRECT_CONSTRUCTION_BYPASS,58,0,TypeError,EpistemicRecord can only be constructed by EpistemicMachine
REPLICATION,F0_DIRECT_CONSTRUCTION_BYPASS,59,0,TypeError,EpistemicRecord can only be constructed by EpistemicMachine
REPLICATION,F0_DIRECT_CONSTRUCTION_BYPASS,60,0,TypeError,EpistemicRecord can only be constructed by EpistemicMachine
REPLICATION,F0_DIRECT_CONSTRUCTION_BYPASS,61,0,TypeError,EpistemicRecord can only be constructed by EpistemicMachine
REPLICATION,F0_DIRECT_CONSTRUCTION_BYPASS,62,0,TypeError,EpistemicRecord can only be constructed by EpistemicMachine
REPLICATION,F0_DIRECT_CONSTRUCTION_BYPASS,63,0,TypeError,EpistemicRecord can only be constructed by EpistemicMachine
REPLICATION,F0_DIRECT_CONSTRUCTION_BYPASS,64,0,TypeError,EpistemicRecord can only be constructed by EpistemicMachine
REPLICATION,F0_DIRECT_CONSTRUCTION_BYPASS,65,0,TypeError,EpistemicRecord can only be constructed by EpistemicMachine
REPLICATION,F0_DIRECT_CONSTRUCTION_BYPASS,66,0,TypeError,EpistemicRecord can only be constructed by EpistemicMachine
REPLICATION,F0_DIRECT_CONSTRUCTION_BYPASS,67,0,TypeError,EpistemicRecord can only be constructed by EpistemicMachine
REPLICATION,F0_DIRECT_CONSTRUCTION_BYPASS,68,0,TypeError,EpistemicRecord can only be constructed by EpistemicMachine
REPLICATION,F0_DIRECT_CONSTRUCTION_BYPASS,69,0,TypeError,EpistemicRecord can only be constructed by EpistemicMachine
REPLICATION,F0_DIRECT_CONSTRUCTION_BYPASS,70,0,TypeError,EpistemicRecord can only be constructed by EpistemicMachine
REPLICATION,F0_DIRECT_CONSTRUCTION_BYPASS,71,0,TypeError,EpistemicRecord can only be constructed by EpistemicMachine
REPLICATION,F0_DIRECT_CONSTRUCTION_BYPASS,72,0,TypeError,EpistemicRecord can only be constructed by EpistemicMachine
REPLICATION,F0_DIRECT_CONSTRUCTION_BYPASS,73,0,TypeError,EpistemicRecord can only be constructed by EpistemicMachine
REPLICATION,F0_DIRECT_CONSTRUCTION_BYPASS,74,0,TypeError,EpistemicRecord can only be constructed by EpistemicMachine
REPLICATION,F0_DIRECT_CONSTRUCTION_BYPASS,75,0,TypeError,EpistemicRecord can only be constructed by EpistemicMachine
REPLICATION,F0_DIRECT_CONSTRUCTION_BYPASS,76,0,TypeError,EpistemicRecord can only be constructed by EpistemicMachine
REPLICATION,F0_DIRECT_CONSTRUCTION_BYPASS,77,0,TypeError,EpistemicRecord can only be constructed by EpistemicMachine
REPLICATION,F0_DIRECT_CONSTRUCTION_BYPASS,78,0,TypeError,EpistemicRecord can only be constructed by EpistemicMachine
REPLICATION,F0_DIRECT_CONSTRUCTION_BYPASS,79,0,TypeError,EpistemicRecord can only be constructed by EpistemicMachine
REPLICATION,F0_DIRECT_CONSTRUCTION_BYPASS,80,0,TypeError,EpistemicRecord can only be constructed by EpistemicMachine
REPLICATION,F0_DIRECT_CONSTRUCTION_BYPASS,81,0,TypeError,EpistemicRecord can only be constructed by EpistemicMachine
REPLICATION,F0_DIRECT_CONSTRUCTION_BYPASS,82,0,TypeError,EpistemicRecord can only be constructed by EpistemicMachine
REPLICATION,F0_DIRECT_CONSTRUCTION_BYPASS,83,0,TypeError,EpistemicRecord can only be constructed by EpistemicMachine
REPLICATION,F0_DIRECT_CONSTRUCTION_BYPASS,84,0,TypeError,EpistemicRecord can only be constructed by EpistemicMachine
REPLICATION,F0_DIRECT_CONSTRUCTION_BYPASS,85,0,TypeError,EpistemicRecord can only be constructed by EpistemicMachine
REPLICATION,F0_DIRECT_CONSTRUCTION_BYPASS,86,0,TypeError,EpistemicRecord can only be constructed by EpistemicMachine
REPLICATION,F0_DIRECT_CONSTRUCTION_BYPASS,87,0,TypeError,EpistemicRecord can only be constructed by EpistemicMachine
REPLICATION,F0_DIRECT_CONSTRUCTION_BYPASS,88,0,TypeError,EpistemicRecord can only be constructed by EpistemicMachine
REPLICATION,F0_DIRECT_CONSTRUCTION_BYPASS,89,0,TypeError,EpistemicRecord can only be constructed by EpistemicMachine
REPLICATION,F0_DIRECT_CONSTRUCTION_BYPASS,90,0,TypeError,EpistemicRecord can only be constructed by EpistemicMachine
REPLICATION,F0_DIRECT_CONSTRUCTION_BYPASS,91,0,TypeError,EpistemicRecord can only be constructed by EpistemicMachine
REPLICATION,F0_DIRECT_CONSTRUCTION_BYPASS,92,0,TypeError,EpistemicRecord can only be constructed by EpistemicMachine
REPLICATION,F0_DIRECT_CONSTRUCTION_BYPASS,93,0,TypeError,EpistemicRecord can only be constructed by EpistemicMachine
REPLICATION,F0_DIRECT_CONSTRUCTION_BYPASS,94,0,TypeError,EpistemicRecord can only be constructed by EpistemicMachine
REPLICATION,F0_DIRECT_CONSTRUCTION_BYPASS,95,0,TypeError,EpistemicRecord can only be constructed by EpistemicMachine
REPLICATION,F0_DIRECT_CONSTRUCTION_BYPASS,96,0,TypeError,EpistemicRecord can only be constructed by EpistemicMachine
REPLICATION,F0_DIRECT_CONSTRUCTION_BYPASS,97,0,TypeError,EpistemicRecord can only be constructed by EpistemicMachine
REPLICATION,F0_DIRECT_CONSTRUCTION_BYPASS,98,0,TypeError,EpistemicRecord can only be constructed by EpistemicMachine
REPLICATION,F0_DIRECT_CONSTRUCTION_BYPASS,99,0,TypeError,EpistemicRecord can only be constructed by EpistemicMachine
REPLICATION,F0_DIRECT_CONSTRUCTION_BYPASS,100,0,TypeError,EpistemicRecord can only be constructed by EpistemicMachine
REPLICATION,F0_DIRECT_CONSTRUCTION_BYPASS,101,0,TypeError,EpistemicRecord can only be constructed by EpistemicMachine
REPLICATION,F0_DIRECT_CONSTRUCTION_BYPASS,102,0,TypeError,EpistemicRecord can only be constructed by EpistemicMachine
REPLICATION,F0_DIRECT_CONSTRUCTION_BYPASS,103,0,TypeError,EpistemicRecord can only be constructed by EpistemicMachine
REPLICATION,F0_DIRECT_CONSTRUCTION_BYPASS,104,0,TypeError,EpistemicRecord can only be constructed by EpistemicMachine
REPLICATION,F0_DIRECT_CONSTRUCTION_BYPASS,105,0,TypeError,EpistemicRecord can only be constructed by EpistemicMachine
REPLICATION,F0_DIRECT_CONSTRUCTION_BYPASS,106,0,TypeError,EpistemicRecord can only be constructed by EpistemicMachine
REPLICATION,F0_DIRECT_CONSTRUCTION_BYPASS,107,0,TypeError,EpistemicRecord can only be constructed by EpistemicMachine
REPLICATION,F0_DIRECT_CONSTRUCTION_BYPASS,108,0,TypeError,EpistemicRecord can only be constructed by EpistemicMachine
REPLICATION,F0_DIRECT_CONSTRUCTION_BYPASS,109,0,TypeError,EpistemicRecord can only be constructed by EpistemicMachine
REPLICATION,F0_DIRECT_CONSTRUCTION_BYPASS,110,0,TypeError,EpistemicRecord can only be constructed by EpistemicMachine
REPLICATION,F0_DIRECT_CONSTRUCTION_BYPASS,111,0,TypeError,EpistemicRecord can only be constructed by EpistemicMachine
REPLICATION,F0_DIRECT_CONSTRUCTION_BYPASS,112,0,TypeError,EpistemicRecord can only be constructed by EpistemicMachine
REPLICATION,F0_DIRECT_CONSTRUCTION_BYPASS,113,0,TypeError,EpistemicRecord can only be constructed by EpistemicMachine
REPLICATION,F0_DIRECT_CONSTRUCTION_BYPASS,114,0,TypeError,EpistemicRecord can only be constructed by EpistemicMachine
REPLICATION,F0_DIRECT_CONSTRUCTION_BYPASS,115,0,TypeError,EpistemicRecord can only be constructed by EpistemicMachine
REPLICATION,F0_DIRECT_CONSTRUCTION_BYPASS,116,0,TypeError,EpistemicRecord can only be constructed by EpistemicMachine
REPLICATION,F0_DIRECT_CONSTRUCTION_BYPASS,117,0,TypeError,EpistemicRecord can only be constructed by EpistemicMachine
REPLICATION,F0_DIRECT_CONSTRUCTION_BYPASS,118,0,TypeError,EpistemicRecord can only be constructed by EpistemicMachine
REPLICATION,F0_DIRECT_CONSTRUCTION_BYPASS,119,0,TypeError,EpistemicRecord can only be constructed by EpistemicMachine
REPLICATION,F0_DIRECT_CONSTRUCTION_BYPASS,120,0,TypeError,EpistemicRecord can only be constructed by EpistemicMachine
REPLICATION,F0_DIRECT_CONSTRUCTION_BYPASS,121,0,TypeError,EpistemicRecord can only be constructed by EpistemicMachine
REPLICATION,F0_DIRECT_CONSTRUCTION_BYPASS,122,0,TypeError,EpistemicRecord can only be constructed by EpistemicMachine
REPLICATION,F0_DIRECT_CONSTRUCTION_BYPASS,123,0,TypeError,EpistemicRecord can only be constructed by EpistemicMachine
REPLICATION,F0_DIRECT_CONSTRUCTION_BYPASS,124,0,TypeError,EpistemicRecord can only be constructed by EpistemicMachine
REPLICATION,F0_DIRECT_CONSTRUCTION_BYPASS,125,0,TypeError,EpistemicRecord can only be constructed by EpistemicMachine
REPLICATION,F0_DIRECT_CONSTRUCTION_BYPASS,126,0,TypeError,EpistemicRecord can only be constructed by EpistemicMachine
REPLICATION,F0_DIRECT_CONSTRUCTION_BYPASS,127,0,TypeError,EpistemicRecord can only be constructed by EpistemicMachine
REPLICATION,F1_WRONG_CAPABILITY_CLASS,0,0,IllegalTransition,"expected PREDICTIVE, got OBSERVED"
REPLICATION,F1_WRONG_CAPABILITY_CLASS,1,0,IllegalTransition,"expected PREDICTIVE, got OBSERVED"
REPLICATION,F1_WRONG_CAPABILITY_CLASS,2,0,IllegalTransition,"expected PREDICTIVE, got OBSERVED"
REPLICATION,F1_WRONG_CAPABILITY_CLASS,3,0,IllegalTransition,"expected PREDICTIVE, got OBSERVED"
REPLICATION,F1_WRONG_CAPABILITY_CLASS,4,0,IllegalTransition,"expected PREDICTIVE, got OBSERVED"
REPLICATION,F1_WRONG_CAPABILITY_CLASS,5,0,IllegalTransition,"expected PREDICTIVE, got OBSERVED"
REPLICATION,F1_WRONG_CAPABILITY_CLASS,6,0,IllegalTransition,"expected PREDICTIVE, got OBSERVED"
REPLICATION,F1_WRONG_CAPABILITY_CLASS,7,0,IllegalTransition,"expected PREDICTIVE, got OBSERVED"
REPLICATION,F1_WRONG_CAPABILITY_CLASS,8,0,IllegalTransition,"expected PREDICTIVE, got OBSERVED"
REPLICATION,F1_WRONG_CAPABILITY_CLASS,9,0,IllegalTransition,"expected PREDICTIVE, got OBSERVED"
REPLICATION,F1_WRONG_CAPABILITY_CLASS,10,0,IllegalTransition,"expected PREDICTIVE, got OBSERVED"
REPLICATION,F1_WRONG_CAPABILITY_CLASS,11,0,IllegalTransition,"expected PREDICTIVE, got OBSERVED"
REPLICATION,F1_WRONG_CAPABILITY_CLASS,12,0,IllegalTransition,"expected PREDICTIVE, got OBSERVED"
REPLICATION,F1_WRONG_CAPABILITY_CLASS,13,0,IllegalTransition,"expected PREDICTIVE, got OBSERVED"
REPLICATION,F1_WRONG_CAPABILITY_CLASS,14,0,IllegalTransition,"expected PREDICTIVE, got OBSERVED"
REPLICATION,F1_WRONG_CAPABILITY_CLASS,15,0,IllegalTransition,"expected PREDICTIVE, got OBSERVED"
REPLICATION,F1_WRONG_CAPABILITY_CLASS,16,0,IllegalTransition,"expected PREDICTIVE, got OBSERVED"
REPLICATION,F1_WRONG_CAPABILITY_CLASS,17,0,IllegalTransition,"expected PREDICTIVE, got OBSERVED"
REPLICATION,F1_WRONG_CAPABILITY_CLASS,18,0,IllegalTransition,"expected PREDICTIVE, got OBSERVED"
REPLICATION,F1_WRONG_CAPABILITY_CLASS,19,0,IllegalTransition,"expected PREDICTIVE, got OBSERVED"
REPLICATION,F1_WRONG_CAPABILITY_CLASS,20,0,IllegalTransition,"expected PREDICTIVE, got OBSERVED"
REPLICATION,F1_WRONG_CAPABILITY_CLASS,21,0,IllegalTransition,"expected PREDICTIVE, got OBSERVED"
REPLICATION,F1_WRONG_CAPABILITY_CLASS,22,0,IllegalTransition,"expected PREDICTIVE, got OBSERVED"
REPLICATION,F1_WRONG_CAPABILITY_CLASS,23,0,IllegalTransition,"expected PREDICTIVE, got OBSERVED"
REPLICATION,F1_WRONG_CAPABILITY_CLASS,24,0,IllegalTransition,"expected PREDICTIVE, got OBSERVED"
REPLICATION,F1_WRONG_CAPABILITY_CLASS,25,0,IllegalTransition,"expected PREDICTIVE, got OBSERVED"
REPLICATION,F1_WRONG_CAPABILITY_CLASS,26,0,IllegalTransition,"expected PREDICTIVE, got OBSERVED"
REPLICATION,F1_WRONG_CAPABILITY_CLASS,27,0,IllegalTransition,"expected PREDICTIVE, got OBSERVED"
REPLICATION,F1_WRONG_CAPABILITY_CLASS,28,0,IllegalTransition,"expected PREDICTIVE, got OBSERVED"
REPLICATION,F1_WRONG_CAPABILITY_CLASS,29,0,IllegalTransition,"expected PREDICTIVE, got OBSERVED"
REPLICATION,F1_WRONG_CAPABILITY_CLASS,30,0,IllegalTransition,"expected PREDICTIVE, got OBSERVED"
REPLICATION,F1_WRONG_CAPABILITY_CLASS,31,0,IllegalTransition,"expected PREDICTIVE, got OBSERVED"
REPLICATION,F1_WRONG_CAPABILITY_CLASS,32,0,IllegalTransition,"expected PREDICTIVE, got OBSERVED"
REPLICATION,F1_WRONG_CAPABILITY_CLASS,33,0,IllegalTransition,"expected PREDICTIVE, got OBSERVED"
REPLICATION,F1_WRONG_CAPABILITY_CLASS,34,0,IllegalTransition,"expected PREDICTIVE, got OBSERVED"
REPLICATION,F1_WRONG_CAPABILITY_CLASS,35,0,IllegalTransition,"expected PREDICTIVE, got OBSERVED"
REPLICATION,F1_WRONG_CAPABILITY_CLASS,36,0,IllegalTransition,"expected PREDICTIVE, got OBSERVED"
REPLICATION,F1_WRONG_CAPABILITY_CLASS,37,0,IllegalTransition,"expected PREDICTIVE, got OBSERVED"
REPLICATION,F1_WRONG_CAPABILITY_CLASS,38,0,IllegalTransition,"expected PREDICTIVE, got OBSERVED"
REPLICATION,F1_WRONG_CAPABILITY_CLASS,39,0,IllegalTransition,"expected PREDICTIVE, got OBSERVED"
REPLICATION,F1_WRONG_CAPABILITY_CLASS,40,0,IllegalTransition,"expected PREDICTIVE, got OBSERVED"
REPLICATION,F1_WRONG_CAPABILITY_CLASS,41,0,IllegalTransition,"expected PREDICTIVE, got OBSERVED"
REPLICATION,F1_WRONG_CAPABILITY_CLASS,42,0,IllegalTransition,"expected PREDICTIVE, got OBSERVED"
REPLICATION,F1_WRONG_CAPABILITY_CLASS,43,0,IllegalTransition,"expected PREDICTIVE, got OBSERVED"
REPLICATION,F1_WRONG_CAPABILITY_CLASS,44,0,IllegalTransition,"expected PREDICTIVE, got OBSERVED"
REPLICATION,F1_WRONG_CAPABILITY_CLASS,45,0,IllegalTransition,"expected PREDICTIVE, got OBSERVED"
REPLICATION,F1_WRONG_CAPABILITY_CLASS,46,0,IllegalTransition,"expected PREDICTIVE, got OBSERVED"
REPLICATION,F1_WRONG_CAPABILITY_CLASS,47,0,IllegalTransition,"expected PREDICTIVE, got OBSERVED"
REPLICATION,F1_WRONG_CAPABILITY_CLASS,48,0,IllegalTransition,"expected PREDICTIVE, got OBSERVED"
REPLICATION,F1_WRONG_CAPABILITY_CLASS,49,0,IllegalTransition,"expected PREDICTIVE, got OBSERVED"
REPLICATION,F1_WRONG_CAPABILITY_CLASS,50,0,IllegalTransition,"expected PREDICTIVE, got OBSERVED"
REPLICATION,F1_WRONG_CAPABILITY_CLASS,51,0,IllegalTransition,"expected PREDICTIVE, got OBSERVED"
REPLICATION,F1_WRONG_CAPABILITY_CLASS,52,0,IllegalTransition,"expected PREDICTIVE, got OBSERVED"
REPLICATION,F1_WRONG_CAPABILITY_CLASS,53,0,IllegalTransition,"expected PREDICTIVE, got OBSERVED"
REPLICATION,F1_WRONG_CAPABILITY_CLASS,54,0,IllegalTransition,"expected PREDICTIVE, got OBSERVED"
REPLICATION,F1_WRONG_CAPABILITY_CLASS,55,0,IllegalTransition,"expected PREDICTIVE, got OBSERVED"
REPLICATION,F1_WRONG_CAPABILITY_CLASS,56,0,IllegalTransition,"expected PREDICTIVE, got OBSERVED"
REPLICATION,F1_WRONG_CAPABILITY_CLASS,57,0,IllegalTransition,"expected PREDICTIVE, got OBSERVED"
REPLICATION,F1_WRONG_CAPABILITY_CLASS,58,0,IllegalTransition,"expected PREDICTIVE, got OBSERVED"
REPLICATION,F1_WRONG_CAPABILITY_CLASS,59,0,IllegalTransition,"expected PREDICTIVE, got OBSERVED"
REPLICATION,F1_WRONG_CAPABILITY_CLASS,60,0,IllegalTransition,"expected PREDICTIVE, got OBSERVED"
REPLICATION,F1_WRONG_CAPABILITY_CLASS,61,0,IllegalTransition,"expected PREDICTIVE, got OBSERVED"
REPLICATION,F1_WRONG_CAPABILITY_CLASS,62,0,IllegalTransition,"expected PREDICTIVE, got OBSERVED"
REPLICATION,F1_WRONG_CAPABILITY_CLASS,63,0,IllegalTransition,"expected PREDICTIVE, got OBSERVED"
REPLICATION,F1_WRONG_CAPABILITY_CLASS,64,0,IllegalTransition,"expected PREDICTIVE, got OBSERVED"
REPLICATION,F1_WRONG_CAPABILITY_CLASS,65,0,IllegalTransition,"expected PREDICTIVE, got OBSERVED"
REPLICATION,F1_WRONG_CAPABILITY_CLASS,66,0,IllegalTransition,"expected PREDICTIVE, got OBSERVED"
REPLICATION,F1_WRONG_CAPABILITY_CLASS,67,0,IllegalTransition,"expected PREDICTIVE, got OBSERVED"
REPLICATION,F1_WRONG_CAPABILITY_CLASS,68,0,IllegalTransition,"expected PREDICTIVE, got OBSERVED"
REPLICATION,F1_WRONG_CAPABILITY_CLASS,69,0,IllegalTransition,"expected PREDICTIVE, got OBSERVED"
REPLICATION,F1_WRONG_CAPABILITY_CLASS,70,0,IllegalTransition,"expected PREDICTIVE, got OBSERVED"
REPLICATION,F1_WRONG_CAPABILITY_CLASS,71,0,IllegalTransition,"expected PREDICTIVE, got OBSERVED"
REPLICATION,F1_WRONG_CAPABILITY_CLASS,72,0,IllegalTransition,"expected PREDICTIVE, got OBSERVED"
REPLICATION,F1_WRONG_CAPABILITY_CLASS,73,0,IllegalTransition,"expected PREDICTIVE, got OBSERVED"
REPLICATION,F1_WRONG_CAPABILITY_CLASS,74,0,IllegalTransition,"expected PREDICTIVE, got OBSERVED"
REPLICATION,F1_WRONG_CAPABILITY_CLASS,75,0,IllegalTransition,"expected PREDICTIVE, got OBSERVED"
REPLICATION,F1_WRONG_CAPABILITY_CLASS,76,0,IllegalTransition,"expected PREDICTIVE, got OBSERVED"
REPLICATION,F1_WRONG_CAPABILITY_CLASS,77,0,IllegalTransition,"expected PREDICTIVE, got OBSERVED"
REPLICATION,F1_WRONG_CAPABILITY_CLASS,78,0,IllegalTransition,"expected PREDICTIVE, got OBSERVED"
REPLICATION,F1_WRONG_CAPABILITY_CLASS,79,0,IllegalTransition,"expected PREDICTIVE, got OBSERVED"
REPLICATION,F1_WRONG_CAPABILITY_CLASS,80,0,IllegalTransition,"expected PREDICTIVE, got OBSERVED"
REPLICATION,F1_WRONG_CAPABILITY_CLASS,81,0,IllegalTransition,"expected PREDICTIVE, got OBSERVED"
REPLICATION,F1_WRONG_CAPABILITY_CLASS,82,0,IllegalTransition,"expected PREDICTIVE, got OBSERVED"
REPLICATION,F1_WRONG_CAPABILITY_CLASS,83,0,IllegalTransition,"expected PREDICTIVE, got OBSERVED"
REPLICATION,F1_WRONG_CAPABILITY_CLASS,84,0,IllegalTransition,"expected PREDICTIVE, got OBSERVED"
REPLICATION,F1_WRONG_CAPABILITY_CLASS,85,0,IllegalTransition,"expected PREDICTIVE, got OBSERVED"
REPLICATION,F1_WRONG_CAPABILITY_CLASS,86,0,IllegalTransition,"expected PREDICTIVE, got OBSERVED"
REPLICATION,F1_WRONG_CAPABILITY_CLASS,87,0,IllegalTransition,"expected PREDICTIVE, got OBSERVED"
REPLICATION,F1_WRONG_CAPABILITY_CLASS,88,0,IllegalTransition,"expected PREDICTIVE, got OBSERVED"
REPLICATION,F1_WRONG_CAPABILITY_CLASS,89,0,IllegalTransition,"expected PREDICTIVE, got OBSERVED"
REPLICATION,F1_WRONG_CAPABILITY_CLASS,90,0,IllegalTransition,"expected PREDICTIVE, got OBSERVED"
REPLICATION,F1_WRONG_CAPABILITY_CLASS,91,0,IllegalTransition,"expected PREDICTIVE, got OBSERVED"
REPLICATION,F1_WRONG_CAPABILITY_CLASS,92,0,IllegalTransition,"expected PREDICTIVE, got OBSERVED"
REPLICATION,F1_WRONG_CAPABILITY_CLASS,93,0,IllegalTransition,"expected PREDICTIVE, got OBSERVED"
REPLICATION,F1_WRONG_CAPABILITY_CLASS,94,0,IllegalTransition,"expected PREDICTIVE, got OBSERVED"
REPLICATION,F1_WRONG_CAPABILITY_CLASS,95,0,IllegalTransition,"expected PREDICTIVE, got OBSERVED"
REPLICATION,F1_WRONG_CAPABILITY_CLASS,96,0,IllegalTransition,"expected PREDICTIVE, got OBSERVED"
REPLICATION,F1_WRONG_CAPABILITY_CLASS,97,0,IllegalTransition,"expected PREDICTIVE, got OBSERVED"
REPLICATION,F1_WRONG_CAPABILITY_CLASS,98,0,IllegalTransition,"expected PREDICTIVE, got OBSERVED"
REPLICATION,F1_WRONG_CAPABILITY_CLASS,99,0,IllegalTransition,"expected PREDICTIVE, got OBSERVED"
REPLICATION,F1_WRONG_CAPABILITY_CLASS,100,0,IllegalTransition,"expected PREDICTIVE, got OBSERVED"
REPLICATION,F1_WRONG_CAPABILITY_CLASS,101,0,IllegalTransition,"expected PREDICTIVE, got OBSERVED"
REPLICATION,F1_WRONG_CAPABILITY_CLASS,102,0,IllegalTransition,"expected PREDICTIVE, got OBSERVED"
REPLICATION,F1_WRONG_CAPABILITY_CLASS,103,0,IllegalTransition,"expected PREDICTIVE, got OBSERVED"
REPLICATION,F1_WRONG_CAPABILITY_CLASS,104,0,IllegalTransition,"expected PREDICTIVE, got OBSERVED"
REPLICATION,F1_WRONG_CAPABILITY_CLASS,105,0,IllegalTransition,"expected PREDICTIVE, got OBSERVED"
REPLICATION,F1_WRONG_CAPABILITY_CLASS,106,0,IllegalTransition,"expected PREDICTIVE, got OBSERVED"
REPLICATION,F1_WRONG_CAPABILITY_CLASS,107,0,IllegalTransition,"expected PREDICTIVE, got OBSERVED"
REPLICATION,F1_WRONG_CAPABILITY_CLASS,108,0,IllegalTransition,"expected PREDICTIVE, got OBSERVED"
REPLICATION,F1_WRONG_CAPABILITY_CLASS,109,0,IllegalTransition,"expected PREDICTIVE, got OBSERVED"
REPLICATION,F1_WRONG_CAPABILITY_CLASS,110,0,IllegalTransition,"expected PREDICTIVE, got OBSERVED"
REPLICATION,F1_WRONG_CAPABILITY_CLASS,111,0,IllegalTransition,"expected PREDICTIVE, got OBSERVED"
REPLICATION,F1_WRONG_CAPABILITY_CLASS,112,0,IllegalTransition,"expected PREDICTIVE, got OBSERVED"
REPLICATION,F1_WRONG_CAPABILITY_CLASS,113,0,IllegalTransition,"expected PREDICTIVE, got OBSERVED"
REPLICATION,F1_WRONG_CAPABILITY_CLASS,114,0,IllegalTransition,"expected PREDICTIVE, got OBSERVED"
REPLICATION,F1_WRONG_CAPABILITY_CLASS,115,0,IllegalTransition,"expected PREDICTIVE, got OBSERVED"
REPLICATION,F1_WRONG_CAPABILITY_CLASS,116,0,IllegalTransition,"expected PREDICTIVE, got OBSERVED"
REPLICATION,F1_WRONG_CAPABILITY_CLASS,117,0,IllegalTransition,"expected PREDICTIVE, got OBSERVED"
REPLICATION,F1_WRONG_CAPABILITY_CLASS,118,0,IllegalTransition,"expected PREDICTIVE, got OBSERVED"
REPLICATION,F1_WRONG_CAPABILITY_CLASS,119,0,IllegalTransition,"expected PREDICTIVE, got OBSERVED"
REPLICATION,F1_WRONG_CAPABILITY_CLASS,120,0,IllegalTransition,"expected PREDICTIVE, got OBSERVED"
REPLICATION,F1_WRONG_CAPABILITY_CLASS,121,0,IllegalTransition,"expected PREDICTIVE, got OBSERVED"
REPLICATION,F1_WRONG_CAPABILITY_CLASS,122,0,IllegalTransition,"expected PREDICTIVE, got OBSERVED"
REPLICATION,F1_WRONG_CAPABILITY_CLASS,123,0,IllegalTransition,"expected PREDICTIVE, got OBSERVED"
REPLICATION,F1_WRONG_CAPABILITY_CLASS,124,0,IllegalTransition,"expected PREDICTIVE, got OBSERVED"
REPLICATION,F1_WRONG_CAPABILITY_CLASS,125,0,IllegalTransition,"expected PREDICTIVE, got OBSERVED"
REPLICATION,F1_WRONG_CAPABILITY_CLASS,126,0,IllegalTransition,"expected PREDICTIVE, got OBSERVED"
REPLICATION,F1_WRONG_CAPABILITY_CLASS,127,0,IllegalTransition,"expected PREDICTIVE, got OBSERVED"
REPLICATION,F2_UNIDENTIFIED_RESURRECTION,0,0,IllegalTransition,"expected ASSUMPTION_CONDITIONAL, got UNIDENTIFIED"
REPLICATION,F2_UNIDENTIFIED_RESURRECTION,1,0,IllegalTransition,"expected ASSUMPTION_CONDITIONAL, got UNIDENTIFIED"
REPLICATION,F2_UNIDENTIFIED_RESURRECTION,2,0,IllegalTransition,"expected ASSUMPTION_CONDITIONAL, got UNIDENTIFIED"
REPLICATION,F2_UNIDENTIFIED_RESURRECTION,3,0,IllegalTransition,"expected ASSUMPTION_CONDITIONAL, got UNIDENTIFIED"
REPLICATION,F2_UNIDENTIFIED_RESURRECTION,4,0,IllegalTransition,"expected ASSUMPTION_CONDITIONAL, got UNIDENTIFIED"
REPLICATION,F2_UNIDENTIFIED_RESURRECTION,5,0,IllegalTransition,"expected ASSUMPTION_CONDITIONAL, got UNIDENTIFIED"
REPLICATION,F2_UNIDENTIFIED_RESURRECTION,6,0,IllegalTransition,"expected ASSUMPTION_CONDITIONAL, got UNIDENTIFIED"
REPLICATION,F2_UNIDENTIFIED_RESURRECTION,7,0,IllegalTransition,"expected ASSUMPTION_CONDITIONAL, got UNIDENTIFIED"
REPLICATION,F2_UNIDENTIFIED_RESURRECTION,8,0,IllegalTransition,"expected ASSUMPTION_CONDITIONAL, got UNIDENTIFIED"
REPLICATION,F2_UNIDENTIFIED_RESURRECTION,9,0,IllegalTransition,"expected ASSUMPTION_CONDITIONAL, got UNIDENTIFIED"
REPLICATION,F2_UNIDENTIFIED_RESURRECTION,10,0,IllegalTransition,"expected ASSUMPTION_CONDITIONAL, got UNIDENTIFIED"
REPLICATION,F2_UNIDENTIFIED_RESURRECTION,11,0,IllegalTransition,"expected ASSUMPTION_CONDITIONAL, got UNIDENTIFIED"
REPLICATION,F2_UNIDENTIFIED_RESURRECTION,12,0,IllegalTransition,"expected ASSUMPTION_CONDITIONAL, got UNIDENTIFIED"
REPLICATION,F2_UNIDENTIFIED_RESURRECTION,13,0,IllegalTransition,"expected ASSUMPTION_CONDITIONAL, got UNIDENTIFIED"
REPLICATION,F2_UNIDENTIFIED_RESURRECTION,14,0,IllegalTransition,"expected ASSUMPTION_CONDITIONAL, got UNIDENTIFIED"
REPLICATION,F2_UNIDENTIFIED_RESURRECTION,15,0,IllegalTransition,"expected ASSUMPTION_CONDITIONAL, got UNIDENTIFIED"
REPLICATION,F2_UNIDENTIFIED_RESURRECTION,16,0,IllegalTransition,"expected ASSUMPTION_CONDITIONAL, got UNIDENTIFIED"
REPLICATION,F2_UNIDENTIFIED_RESURRECTION,17,0,IllegalTransition,"expected ASSUMPTION_CONDITIONAL, got UNIDENTIFIED"
REPLICATION,F2_UNIDENTIFIED_RESURRECTION,18,0,IllegalTransition,"expected ASSUMPTION_CONDITIONAL, got UNIDENTIFIED"
REPLICATION,F2_UNIDENTIFIED_RESURRECTION,19,0,IllegalTransition,"expected ASSUMPTION_CONDITIONAL, got UNIDENTIFIED"
REPLICATION,F2_UNIDENTIFIED_RESURRECTION,20,0,IllegalTransition,"expected ASSUMPTION_CONDITIONAL, got UNIDENTIFIED"
REPLICATION,F2_UNIDENTIFIED_RESURRECTION,21,0,IllegalTransition,"expected ASSUMPTION_CONDITIONAL, got UNIDENTIFIED"
REPLICATION,F2_UNIDENTIFIED_RESURRECTION,22,0,IllegalTransition,"expected ASSUMPTION_CONDITIONAL, got UNIDENTIFIED"
REPLICATION,F2_UNIDENTIFIED_RESURRECTION,23,0,IllegalTransition,"expected ASSUMPTION_CONDITIONAL, got UNIDENTIFIED"
REPLICATION,F2_UNIDENTIFIED_RESURRECTION,24,0,IllegalTransition,"expected ASSUMPTION_CONDITIONAL, got UNIDENTIFIED"
REPLICATION,F2_UNIDENTIFIED_RESURRECTION,25,0,IllegalTransition,"expected ASSUMPTION_CONDITIONAL, got UNIDENTIFIED"
REPLICATION,F2_UNIDENTIFIED_RESURRECTION,26,0,IllegalTransition,"expected ASSUMPTION_CONDITIONAL, got UNIDENTIFIED"
REPLICATION,F2_UNIDENTIFIED_RESURRECTION,27,0,IllegalTransition,"expected ASSUMPTION_CONDITIONAL, got UNIDENTIFIED"
REPLICATION,F2_UNIDENTIFIED_RESURRECTION,28,0,IllegalTransition,"expected ASSUMPTION_CONDITIONAL, got UNIDENTIFIED"
REPLICATION,F2_UNIDENTIFIED_RESURRECTION,29,0,IllegalTransition,"expected ASSUMPTION_CONDITIONAL, got UNIDENTIFIED"
REPLICATION,F2_UNIDENTIFIED_RESURRECTION,30,0,IllegalTransition,"expected ASSUMPTION_CONDITIONAL, got UNIDENTIFIED"
REPLICATION,F2_UNIDENTIFIED_RESURRECTION,31,0,IllegalTransition,"expected ASSUMPTION_CONDITIONAL, got UNIDENTIFIED"
REPLICATION,F2_UNIDENTIFIED_RESURRECTION,32,0,IllegalTransition,"expected ASSUMPTION_CONDITIONAL, got UNIDENTIFIED"
REPLICATION,F2_UNIDENTIFIED_RESURRECTION,33,0,IllegalTransition,"expected ASSUMPTION_CONDITIONAL, got UNIDENTIFIED"
REPLICATION,F2_UNIDENTIFIED_RESURRECTION,34,0,IllegalTransition,"expected ASSUMPTION_CONDITIONAL, got UNIDENTIFIED"
REPLICATION,F2_UNIDENTIFIED_RESURRECTION,35,0,IllegalTransition,"expected ASSUMPTION_CONDITIONAL, got UNIDENTIFIED"
REPLICATION,F2_UNIDENTIFIED_RESURRECTION,36,0,IllegalTransition,"expected ASSUMPTION_CONDITIONAL, got UNIDENTIFIED"
REPLICATION,F2_UNIDENTIFIED_RESURRECTION,37,0,IllegalTransition,"expected ASSUMPTION_CONDITIONAL, got UNIDENTIFIED"
REPLICATION,F2_UNIDENTIFIED_RESURRECTION,38,0,IllegalTransition,"expected ASSUMPTION_CONDITIONAL, got UNIDENTIFIED"
REPLICATION,F2_UNIDENTIFIED_RESURRECTION,39,0,IllegalTransition,"expected ASSUMPTION_CONDITIONAL, got UNIDENTIFIED"
REPLICATION,F2_UNIDENTIFIED_RESURRECTION,40,0,IllegalTransition,"expected ASSUMPTION_CONDITIONAL, got UNIDENTIFIED"
REPLICATION,F2_UNIDENTIFIED_RESURRECTION,41,0,IllegalTransition,"expected ASSUMPTION_CONDITIONAL, got UNIDENTIFIED"
REPLICATION,F2_UNIDENTIFIED_RESURRECTION,42,0,IllegalTransition,"expected ASSUMPTION_CONDITIONAL, got UNIDENTIFIED"
REPLICATION,F2_UNIDENTIFIED_RESURRECTION,43,0,IllegalTransition,"expected ASSUMPTION_CONDITIONAL, got UNIDENTIFIED"
REPLICATION,F2_UNIDENTIFIED_RESURRECTION,44,0,IllegalTransition,"expected ASSUMPTION_CONDITIONAL, got UNIDENTIFIED"
REPLICATION,F2_UNIDENTIFIED_RESURRECTION,45,0,IllegalTransition,"expected ASSUMPTION_CONDITIONAL, got UNIDENTIFIED"
REPLICATION,F2_UNIDENTIFIED_RESURRECTION,46,0,IllegalTransition,"expected ASSUMPTION_CONDITIONAL, got UNIDENTIFIED"
REPLICATION,F2_UNIDENTIFIED_RESURRECTION,47,0,IllegalTransition,"expected ASSUMPTION_CONDITIONAL, got UNIDENTIFIED"
REPLICATION,F2_UNIDENTIFIED_RESURRECTION,48,0,IllegalTransition,"expected ASSUMPTION_CONDITIONAL, got UNIDENTIFIED"
REPLICATION,F2_UNIDENTIFIED_RESURRECTION,49,0,IllegalTransition,"expected ASSUMPTION_CONDITIONAL, got UNIDENTIFIED"
REPLICATION,F2_UNIDENTIFIED_RESURRECTION,50,0,IllegalTransition,"expected ASSUMPTION_CONDITIONAL, got UNIDENTIFIED"
REPLICATION,F2_UNIDENTIFIED_RESURRECTION,51,0,IllegalTransition,"expected ASSUMPTION_CONDITIONAL, got UNIDENTIFIED"
REPLICATION,F2_UNIDENTIFIED_RESURRECTION,52,0,IllegalTransition,"expected ASSUMPTION_CONDITIONAL, got UNIDENTIFIED"
REPLICATION,F2_UNIDENTIFIED_RESURRECTION,53,0,IllegalTransition,"expected ASSUMPTION_CONDITIONAL, got UNIDENTIFIED"
REPLICATION,F2_UNIDENTIFIED_RESURRECTION,54,0,IllegalTransition,"expected ASSUMPTION_CONDITIONAL, got UNIDENTIFIED"
REPLICATION,F2_UNIDENTIFIED_RESURRECTION,55,0,IllegalTransition,"expected ASSUMPTION_CONDITIONAL, got UNIDENTIFIED"
REPLICATION,F2_UNIDENTIFIED_RESURRECTION,56,0,IllegalTransition,"expected ASSUMPTION_CONDITIONAL, got UNIDENTIFIED"
REPLICATION,F2_UNIDENTIFIED_RESURRECTION,57,0,IllegalTransition,"expected ASSUMPTION_CONDITIONAL, got UNIDENTIFIED"
REPLICATION,F2_UNIDENTIFIED_RESURRECTION,58,0,IllegalTransition,"expected ASSUMPTION_CONDITIONAL, got UNIDENTIFIED"
REPLICATION,F2_UNIDENTIFIED_RESURRECTION,59,0,IllegalTransition,"expected ASSUMPTION_CONDITIONAL, got UNIDENTIFIED"
REPLICATION,F2_UNIDENTIFIED_RESURRECTION,60,0,IllegalTransition,"expected ASSUMPTION_CONDITIONAL, got UNIDENTIFIED"
REPLICATION,F2_UNIDENTIFIED_RESURRECTION,61,0,IllegalTransition,"expected ASSUMPTION_CONDITIONAL, got UNIDENTIFIED"
REPLICATION,F2_UNIDENTIFIED_RESURRECTION,62,0,IllegalTransition,"expected ASSUMPTION_CONDITIONAL, got UNIDENTIFIED"
REPLICATION,F2_UNIDENTIFIED_RESURRECTION,63,0,IllegalTransition,"expected ASSUMPTION_CONDITIONAL, got UNIDENTIFIED"
REPLICATION,F2_UNIDENTIFIED_RESURRECTION,64,0,IllegalTransition,"expected ASSUMPTION_CONDITIONAL, got UNIDENTIFIED"
REPLICATION,F2_UNIDENTIFIED_RESURRECTION,65,0,IllegalTransition,"expected ASSUMPTION_CONDITIONAL, got UNIDENTIFIED"
REPLICATION,F2_UNIDENTIFIED_RESURRECTION,66,0,IllegalTransition,"expected ASSUMPTION_CONDITIONAL, got UNIDENTIFIED"
REPLICATION,F2_UNIDENTIFIED_RESURRECTION,67,0,IllegalTransition,"expected ASSUMPTION_CONDITIONAL, got UNIDENTIFIED"
REPLICATION,F2_UNIDENTIFIED_RESURRECTION,68,0,IllegalTransition,"expected ASSUMPTION_CONDITIONAL, got UNIDENTIFIED"
REPLICATION,F2_UNIDENTIFIED_RESURRECTION,69,0,IllegalTransition,"expected ASSUMPTION_CONDITIONAL, got UNIDENTIFIED"
REPLICATION,F2_UNIDENTIFIED_RESURRECTION,70,0,IllegalTransition,"expected ASSUMPTION_CONDITIONAL, got UNIDENTIFIED"
REPLICATION,F2_UNIDENTIFIED_RESURRECTION,71,0,IllegalTransition,"expected ASSUMPTION_CONDITIONAL, got UNIDENTIFIED"
REPLICATION,F2_UNIDENTIFIED_RESURRECTION,72,0,IllegalTransition,"expected ASSUMPTION_CONDITIONAL, got UNIDENTIFIED"
REPLICATION,F2_UNIDENTIFIED_RESURRECTION,73,0,IllegalTransition,"expected ASSUMPTION_CONDITIONAL, got UNIDENTIFIED"
REPLICATION,F2_UNIDENTIFIED_RESURRECTION,74,0,IllegalTransition,"expected ASSUMPTION_CONDITIONAL, got UNIDENTIFIED"
REPLICATION,F2_UNIDENTIFIED_RESURRECTION,75,0,IllegalTransition,"expected ASSUMPTION_CONDITIONAL, got UNIDENTIFIED"
REPLICATION,F2_UNIDENTIFIED_RESURRECTION,76,0,IllegalTransition,"expected ASSUMPTION_CONDITIONAL, got UNIDENTIFIED"
REPLICATION,F2_UNIDENTIFIED_RESURRECTION,77,0,IllegalTransition,"expected ASSUMPTION_CONDITIONAL, got UNIDENTIFIED"
REPLICATION,F2_UNIDENTIFIED_RESURRECTION,78,0,IllegalTransition,"expected ASSUMPTION_CONDITIONAL, got UNIDENTIFIED"
REPLICATION,F2_UNIDENTIFIED_RESURRECTION,79,0,IllegalTransition,"expected ASSUMPTION_CONDITIONAL, got UNIDENTIFIED"
REPLICATION,F2_UNIDENTIFIED_RESURRECTION,80,0,IllegalTransition,"expected ASSUMPTION_CONDITIONAL, got UNIDENTIFIED"
REPLICATION,F2_UNIDENTIFIED_RESURRECTION,81,0,IllegalTransition,"expected ASSUMPTION_CONDITIONAL, got UNIDENTIFIED"
REPLICATION,F2_UNIDENTIFIED_RESURRECTION,82,0,IllegalTransition,"expected ASSUMPTION_CONDITIONAL, got UNIDENTIFIED"
REPLICATION,F2_UNIDENTIFIED_RESURRECTION,83,0,IllegalTransition,"expected ASSUMPTION_CONDITIONAL, got UNIDENTIFIED"
REPLICATION,F2_UNIDENTIFIED_RESURRECTION,84,0,IllegalTransition,"expected ASSUMPTION_CONDITIONAL, got UNIDENTIFIED"
REPLICATION,F2_UNIDENTIFIED_RESURRECTION,85,0,IllegalTransition,"expected ASSUMPTION_CONDITIONAL, got UNIDENTIFIED"
REPLICATION,F2_UNIDENTIFIED_RESURRECTION,86,0,IllegalTransition,"expected ASSUMPTION_CONDITIONAL, got UNIDENTIFIED"
REPLICATION,F2_UNIDENTIFIED_RESURRECTION,87,0,IllegalTransition,"expected ASSUMPTION_CONDITIONAL, got UNIDENTIFIED"
REPLICATION,F2_UNIDENTIFIED_RESURRECTION,88,0,IllegalTransition,"expected ASSUMPTION_CONDITIONAL, got UNIDENTIFIED"
REPLICATION,F2_UNIDENTIFIED_RESURRECTION,89,0,IllegalTransition,"expected ASSUMPTION_CONDITIONAL, got UNIDENTIFIED"
REPLICATION,F2_UNIDENTIFIED_RESURRECTION,90,0,IllegalTransition,"expected ASSUMPTION_CONDITIONAL, got UNIDENTIFIED"
REPLICATION,F2_UNIDENTIFIED_RESURRECTION,91,0,IllegalTransition,"expected ASSUMPTION_CONDITIONAL, got UNIDENTIFIED"
REPLICATION,F2_UNIDENTIFIED_RESURRECTION,92,0,IllegalTransition,"expected ASSUMPTION_CONDITIONAL, got UNIDENTIFIED"
REPLICATION,F2_UNIDENTIFIED_RESURRECTION,93,0,IllegalTransition,"expected ASSUMPTION_CONDITIONAL, got UNIDENTIFIED"
REPLICATION,F2_UNIDENTIFIED_RESURRECTION,94,0,IllegalTransition,"expected ASSUMPTION_CONDITIONAL, got UNIDENTIFIED"
REPLICATION,F2_UNIDENTIFIED_RESURRECTION,95,0,IllegalTransition,"expected ASSUMPTION_CONDITIONAL, got UNIDENTIFIED"
REPLICATION,F2_UNIDENTIFIED_RESURRECTION,96,0,IllegalTransition,"expected ASSUMPTION_CONDITIONAL, got UNIDENTIFIED"
REPLICATION,F2_UNIDENTIFIED_RESURRECTION,97,0,IllegalTransition,"expected ASSUMPTION_CONDITIONAL, got UNIDENTIFIED"
REPLICATION,F2_UNIDENTIFIED_RESURRECTION,98,0,IllegalTransition,"expected ASSUMPTION_CONDITIONAL, got UNIDENTIFIED"
REPLICATION,F2_UNIDENTIFIED_RESURRECTION,99,0,IllegalTransition,"expected ASSUMPTION_CONDITIONAL, got UNIDENTIFIED"
REPLICATION,F2_UNIDENTIFIED_RESURRECTION,100,0,IllegalTransition,"expected ASSUMPTION_CONDITIONAL, got UNIDENTIFIED"
REPLICATION,F2_UNIDENTIFIED_RESURRECTION,101,0,IllegalTransition,"expected ASSUMPTION_CONDITIONAL, got UNIDENTIFIED"
REPLICATION,F2_UNIDENTIFIED_RESURRECTION,102,0,IllegalTransition,"expected ASSUMPTION_CONDITIONAL, got UNIDENTIFIED"
REPLICATION,F2_UNIDENTIFIED_RESURRECTION,103,0,IllegalTransition,"expected ASSUMPTION_CONDITIONAL, got UNIDENTIFIED"
REPLICATION,F2_UNIDENTIFIED_RESURRECTION,104,0,IllegalTransition,"expected ASSUMPTION_CONDITIONAL, got UNIDENTIFIED"
REPLICATION,F2_UNIDENTIFIED_RESURRECTION,105,0,IllegalTransition,"expected ASSUMPTION_CONDITIONAL, got UNIDENTIFIED"
REPLICATION,F2_UNIDENTIFIED_RESURRECTION,106,0,IllegalTransition,"expected ASSUMPTION_CONDITIONAL, got UNIDENTIFIED"
REPLICATION,F2_UNIDENTIFIED_RESURRECTION,107,0,IllegalTransition,"expected ASSUMPTION_CONDITIONAL, got UNIDENTIFIED"
REPLICATION,F2_UNIDENTIFIED_RESURRECTION,108,0,IllegalTransition,"expected ASSUMPTION_CONDITIONAL, got UNIDENTIFIED"
REPLICATION,F2_UNIDENTIFIED_RESURRECTION,109,0,IllegalTransition,"expected ASSUMPTION_CONDITIONAL, got UNIDENTIFIED"
REPLICATION,F2_UNIDENTIFIED_RESURRECTION,110,0,IllegalTransition,"expected ASSUMPTION_CONDITIONAL, got UNIDENTIFIED"
REPLICATION,F2_UNIDENTIFIED_RESURRECTION,111,0,IllegalTransition,"expected ASSUMPTION_CONDITIONAL, got UNIDENTIFIED"
REPLICATION,F2_UNIDENTIFIED_RESURRECTION,112,0,IllegalTransition,"expected ASSUMPTION_CONDITIONAL, got UNIDENTIFIED"
REPLICATION,F2_UNIDENTIFIED_RESURRECTION,113,0,IllegalTransition,"expected ASSUMPTION_CONDITIONAL, got UNIDENTIFIED"
REPLICATION,F2_UNIDENTIFIED_RESURRECTION,114,0,IllegalTransition,"expected ASSUMPTION_CONDITIONAL, got UNIDENTIFIED"
REPLICATION,F2_UNIDENTIFIED_RESURRECTION,115,0,IllegalTransition,"expected ASSUMPTION_CONDITIONAL, got UNIDENTIFIED"
REPLICATION,F2_UNIDENTIFIED_RESURRECTION,116,0,IllegalTransition,"expected ASSUMPTION_CONDITIONAL, got UNIDENTIFIED"
REPLICATION,F2_UNIDENTIFIED_RESURRECTION,117,0,IllegalTransition,"expected ASSUMPTION_CONDITIONAL, got UNIDENTIFIED"
REPLICATION,F2_UNIDENTIFIED_RESURRECTION,118,0,IllegalTransition,"expected ASSUMPTION_CONDITIONAL, got UNIDENTIFIED"
REPLICATION,F2_UNIDENTIFIED_RESURRECTION,119,0,IllegalTransition,"expected ASSUMPTION_CONDITIONAL, got UNIDENTIFIED"
REPLICATION,F2_UNIDENTIFIED_RESURRECTION,120,0,IllegalTransition,"expected ASSUMPTION_CONDITIONAL, got UNIDENTIFIED"
REPLICATION,F2_UNIDENTIFIED_RESURRECTION,121,0,IllegalTransition,"expected ASSUMPTION_CONDITIONAL, got UNIDENTIFIED"
REPLICATION,F2_UNIDENTIFIED_RESURRECTION,122,0,IllegalTransition,"expected ASSUMPTION_CONDITIONAL, got UNIDENTIFIED"
REPLICATION,F2_UNIDENTIFIED_RESURRECTION,123,0,IllegalTransition,"expected ASSUMPTION_CONDITIONAL, got UNIDENTIFIED"
REPLICATION,F2_UNIDENTIFIED_RESURRECTION,124,0,IllegalTransition,"expected ASSUMPTION_CONDITIONAL, got UNIDENTIFIED"
REPLICATION,F2_UNIDENTIFIED_RESURRECTION,125,0,IllegalTransition,"expected ASSUMPTION_CONDITIONAL, got UNIDENTIFIED"
REPLICATION,F2_UNIDENTIFIED_RESURRECTION,126,0,IllegalTransition,"expected ASSUMPTION_CONDITIONAL, got UNIDENTIFIED"
REPLICATION,F2_UNIDENTIFIED_RESURRECTION,127,0,IllegalTransition,"expected ASSUMPTION_CONDITIONAL, got UNIDENTIFIED"
REPLICATION,F3_FALSIFIED_RESURRECTION,0,0,IllegalTransition,"expected PREDICTIVE, got FALSIFIED"
REPLICATION,F3_FALSIFIED_RESURRECTION,1,0,IllegalTransition,"expected PREDICTIVE, got FALSIFIED"
REPLICATION,F3_FALSIFIED_RESURRECTION,2,0,IllegalTransition,"expected PREDICTIVE, got FALSIFIED"
REPLICATION,F3_FALSIFIED_RESURRECTION,3,0,IllegalTransition,"expected PREDICTIVE, got FALSIFIED"
REPLICATION,F3_FALSIFIED_RESURRECTION,4,0,IllegalTransition,"expected PREDICTIVE, got FALSIFIED"
REPLICATION,F3_FALSIFIED_RESURRECTION,5,0,IllegalTransition,"expected PREDICTIVE, got FALSIFIED"
REPLICATION,F3_FALSIFIED_RESURRECTION,6,0,IllegalTransition,"expected PREDICTIVE, got FALSIFIED"
REPLICATION,F3_FALSIFIED_RESURRECTION,7,0,IllegalTransition,"expected PREDICTIVE, got FALSIFIED"
REPLICATION,F3_FALSIFIED_RESURRECTION,8,0,IllegalTransition,"expected PREDICTIVE, got FALSIFIED"
REPLICATION,F3_FALSIFIED_RESURRECTION,9,0,IllegalTransition,"expected PREDICTIVE, got FALSIFIED"
REPLICATION,F3_FALSIFIED_RESURRECTION,10,0,IllegalTransition,"expected PREDICTIVE, got FALSIFIED"
REPLICATION,F3_FALSIFIED_RESURRECTION,11,0,IllegalTransition,"expected PREDICTIVE, got FALSIFIED"
REPLICATION,F3_FALSIFIED_RESURRECTION,12,0,IllegalTransition,"expected PREDICTIVE, got FALSIFIED"
REPLICATION,F3_FALSIFIED_RESURRECTION,13,0,IllegalTransition,"expected PREDICTIVE, got FALSIFIED"
REPLICATION,F3_FALSIFIED_RESURRECTION,14,0,IllegalTransition,"expected PREDICTIVE, got FALSIFIED"
REPLICATION,F3_FALSIFIED_RESURRECTION,15,0,IllegalTransition,"expected PREDICTIVE, got FALSIFIED"
REPLICATION,F3_FALSIFIED_RESURRECTION,16,0,IllegalTransition,"expected PREDICTIVE, got FALSIFIED"
REPLICATION,F3_FALSIFIED_RESURRECTION,17,0,IllegalTransition,"expected PREDICTIVE, got FALSIFIED"
REPLICATION,F3_FALSIFIED_RESURRECTION,18,0,IllegalTransition,"expected PREDICTIVE, got FALSIFIED"
REPLICATION,F3_FALSIFIED_RESURRECTION,19,0,IllegalTransition,"expected PREDICTIVE, got FALSIFIED"
REPLICATION,F3_FALSIFIED_RESURRECTION,20,0,IllegalTransition,"expected PREDICTIVE, got FALSIFIED"
REPLICATION,F3_FALSIFIED_RESURRECTION,21,0,IllegalTransition,"expected PREDICTIVE, got FALSIFIED"
REPLICATION,F3_FALSIFIED_RESURRECTION,22,0,IllegalTransition,"expected PREDICTIVE, got FALSIFIED"
REPLICATION,F3_FALSIFIED_RESURRECTION,23,0,IllegalTransition,"expected PREDICTIVE, got FALSIFIED"
REPLICATION,F3_FALSIFIED_RESURRECTION,24,0,IllegalTransition,"expected PREDICTIVE, got FALSIFIED"
REPLICATION,F3_FALSIFIED_RESURRECTION,25,0,IllegalTransition,"expected PREDICTIVE, got FALSIFIED"
REPLICATION,F3_FALSIFIED_RESURRECTION,26,0,IllegalTransition,"expected PREDICTIVE, got FALSIFIED"
REPLICATION,F3_FALSIFIED_RESURRECTION,27,0,IllegalTransition,"expected PREDICTIVE, got FALSIFIED"
REPLICATION,F3_FALSIFIED_RESURRECTION,28,0,IllegalTransition,"expected PREDICTIVE, got FALSIFIED"
REPLICATION,F3_FALSIFIED_RESURRECTION,29,0,IllegalTransition,"expected PREDICTIVE, got FALSIFIED"
REPLICATION,F3_FALSIFIED_RESURRECTION,30,0,IllegalTransition,"expected PREDICTIVE, got FALSIFIED"
REPLICATION,F3_FALSIFIED_RESURRECTION,31,0,IllegalTransition,"expected PREDICTIVE, got FALSIFIED"
REPLICATION,F3_FALSIFIED_RESURRECTION,32,0,IllegalTransition,"expected PREDICTIVE, got FALSIFIED"
REPLICATION,F3_FALSIFIED_RESURRECTION,33,0,IllegalTransition,"expected PREDICTIVE, got FALSIFIED"
REPLICATION,F3_FALSIFIED_RESURRECTION,34,0,IllegalTransition,"expected PREDICTIVE, got FALSIFIED"
REPLICATION,F3_FALSIFIED_RESURRECTION,35,0,IllegalTransition,"expected PREDICTIVE, got FALSIFIED"
REPLICATION,F3_FALSIFIED_RESURRECTION,36,0,IllegalTransition,"expected PREDICTIVE, got FALSIFIED"
REPLICATION,F3_FALSIFIED_RESURRECTION,37,0,IllegalTransition,"expected PREDICTIVE, got FALSIFIED"
REPLICATION,F3_FALSIFIED_RESURRECTION,38,0,IllegalTransition,"expected PREDICTIVE, got FALSIFIED"
REPLICATION,F3_FALSIFIED_RESURRECTION,39,0,IllegalTransition,"expected PREDICTIVE, got FALSIFIED"
REPLICATION,F3_FALSIFIED_RESURRECTION,40,0,IllegalTransition,"expected PREDICTIVE, got FALSIFIED"
REPLICATION,F3_FALSIFIED_RESURRECTION,41,0,IllegalTransition,"expected PREDICTIVE, got FALSIFIED"
REPLICATION,F3_FALSIFIED_RESURRECTION,42,0,IllegalTransition,"expected PREDICTIVE, got FALSIFIED"
REPLICATION,F3_FALSIFIED_RESURRECTION,43,0,IllegalTransition,"expected PREDICTIVE, got FALSIFIED"
REPLICATION,F3_FALSIFIED_RESURRECTION,44,0,IllegalTransition,"expected PREDICTIVE, got FALSIFIED"
REPLICATION,F3_FALSIFIED_RESURRECTION,45,0,IllegalTransition,"expected PREDICTIVE, got FALSIFIED"
REPLICATION,F3_FALSIFIED_RESURRECTION,46,0,IllegalTransition,"expected PREDICTIVE, got FALSIFIED"
REPLICATION,F3_FALSIFIED_RESURRECTION,47,0,IllegalTransition,"expected PREDICTIVE, got FALSIFIED"
REPLICATION,F3_FALSIFIED_RESURRECTION,48,0,IllegalTransition,"expected PREDICTIVE, got FALSIFIED"
REPLICATION,F3_FALSIFIED_RESURRECTION,49,0,IllegalTransition,"expected PREDICTIVE, got FALSIFIED"
REPLICATION,F3_FALSIFIED_RESURRECTION,50,0,IllegalTransition,"expected PREDICTIVE, got FALSIFIED"
REPLICATION,F3_FALSIFIED_RESURRECTION,51,0,IllegalTransition,"expected PREDICTIVE, got FALSIFIED"
REPLICATION,F3_FALSIFIED_RESURRECTION,52,0,IllegalTransition,"expected PREDICTIVE, got FALSIFIED"
REPLICATION,F3_FALSIFIED_RESURRECTION,53,0,IllegalTransition,"expected PREDICTIVE, got FALSIFIED"
REPLICATION,F3_FALSIFIED_RESURRECTION,54,0,IllegalTransition,"expected PREDICTIVE, got FALSIFIED"
REPLICATION,F3_FALSIFIED_RESURRECTION,55,0,IllegalTransition,"expected PREDICTIVE, got FALSIFIED"
REPLICATION,F3_FALSIFIED_RESURRECTION,56,0,IllegalTransition,"expected PREDICTIVE, got FALSIFIED"
REPLICATION,F3_FALSIFIED_RESURRECTION,57,0,IllegalTransition,"expected PREDICTIVE, got FALSIFIED"
REPLICATION,F3_FALSIFIED_RESURRECTION,58,0,IllegalTransition,"expected PREDICTIVE, got FALSIFIED"
REPLICATION,F3_FALSIFIED_RESURRECTION,59,0,IllegalTransition,"expected PREDICTIVE, got FALSIFIED"
REPLICATION,F3_FALSIFIED_RESURRECTION,60,0,IllegalTransition,"expected PREDICTIVE, got FALSIFIED"
REPLICATION,F3_FALSIFIED_RESURRECTION,61,0,IllegalTransition,"expected PREDICTIVE, got FALSIFIED"
REPLICATION,F3_FALSIFIED_RESURRECTION,62,0,IllegalTransition,"expected PREDICTIVE, got FALSIFIED"
REPLICATION,F3_FALSIFIED_RESURRECTION,63,0,IllegalTransition,"expected PREDICTIVE, got FALSIFIED"
REPLICATION,F3_FALSIFIED_RESURRECTION,64,0,IllegalTransition,"expected PREDICTIVE, got FALSIFIED"
REPLICATION,F3_FALSIFIED_RESURRECTION,65,0,IllegalTransition,"expected PREDICTIVE, got FALSIFIED"
REPLICATION,F3_FALSIFIED_RESURRECTION,66,0,IllegalTransition,"expected PREDICTIVE, got FALSIFIED"
REPLICATION,F3_FALSIFIED_RESURRECTION,67,0,IllegalTransition,"expected PREDICTIVE, got FALSIFIED"
REPLICATION,F3_FALSIFIED_RESURRECTION,68,0,IllegalTransition,"expected PREDICTIVE, got FALSIFIED"
REPLICATION,F3_FALSIFIED_RESURRECTION,69,0,IllegalTransition,"expected PREDICTIVE, got FALSIFIED"
REPLICATION,F3_FALSIFIED_RESURRECTION,70,0,IllegalTransition,"expected PREDICTIVE, got FALSIFIED"
REPLICATION,F3_FALSIFIED_RESURRECTION,71,0,IllegalTransition,"expected PREDICTIVE, got FALSIFIED"
REPLICATION,F3_FALSIFIED_RESURRECTION,72,0,IllegalTransition,"expected PREDICTIVE, got FALSIFIED"
REPLICATION,F3_FALSIFIED_RESURRECTION,73,0,IllegalTransition,"expected PREDICTIVE, got FALSIFIED"
REPLICATION,F3_FALSIFIED_RESURRECTION,74,0,IllegalTransition,"expected PREDICTIVE, got FALSIFIED"
REPLICATION,F3_FALSIFIED_RESURRECTION,75,0,IllegalTransition,"expected PREDICTIVE, got FALSIFIED"
REPLICATION,F3_FALSIFIED_RESURRECTION,76,0,IllegalTransition,"expected PREDICTIVE, got FALSIFIED"
REPLICATION,F3_FALSIFIED_RESURRECTION,77,0,IllegalTransition,"expected PREDICTIVE, got FALSIFIED"
REPLICATION,F3_FALSIFIED_RESURRECTION,78,0,IllegalTransition,"expected PREDICTIVE, got FALSIFIED"
REPLICATION,F3_FALSIFIED_RESURRECTION,79,0,IllegalTransition,"expected PREDICTIVE, got FALSIFIED"
REPLICATION,F3_FALSIFIED_RESURRECTION,80,0,IllegalTransition,"expected PREDICTIVE, got FALSIFIED"
REPLICATION,F3_FALSIFIED_RESURRECTION,81,0,IllegalTransition,"expected PREDICTIVE, got FALSIFIED"
REPLICATION,F3_FALSIFIED_RESURRECTION,82,0,IllegalTransition,"expected PREDICTIVE, got FALSIFIED"
REPLICATION,F3_FALSIFIED_RESURRECTION,83,0,IllegalTransition,"expected PREDICTIVE, got FALSIFIED"
REPLICATION,F3_FALSIFIED_RESURRECTION,84,0,IllegalTransition,"expected PREDICTIVE, got FALSIFIED"
REPLICATION,F3_FALSIFIED_RESURRECTION,85,0,IllegalTransition,"expected PREDICTIVE, got FALSIFIED"
REPLICATION,F3_FALSIFIED_RESURRECTION,86,0,IllegalTransition,"expected PREDICTIVE, got FALSIFIED"
REPLICATION,F3_FALSIFIED_RESURRECTION,87,0,IllegalTransition,"expected PREDICTIVE, got FALSIFIED"
REPLICATION,F3_FALSIFIED_RESURRECTION,88,0,IllegalTransition,"expected PREDICTIVE, got FALSIFIED"
REPLICATION,F3_FALSIFIED_RESURRECTION,89,0,IllegalTransition,"expected PREDICTIVE, got FALSIFIED"
REPLICATION,F3_FALSIFIED_RESURRECTION,90,0,IllegalTransition,"expected PREDICTIVE, got FALSIFIED"
REPLICATION,F3_FALSIFIED_RESURRECTION,91,0,IllegalTransition,"expected PREDICTIVE, got FALSIFIED"
REPLICATION,F3_FALSIFIED_RESURRECTION,92,0,IllegalTransition,"expected PREDICTIVE, got FALSIFIED"
REPLICATION,F3_FALSIFIED_RESURRECTION,93,0,IllegalTransition,"expected PREDICTIVE, got FALSIFIED"
REPLICATION,F3_FALSIFIED_RESURRECTION,94,0,IllegalTransition,"expected PREDICTIVE, got FALSIFIED"
REPLICATION,F3_FALSIFIED_RESURRECTION,95,0,IllegalTransition,"expected PREDICTIVE, got FALSIFIED"
REPLICATION,F3_FALSIFIED_RESURRECTION,96,0,IllegalTransition,"expected PREDICTIVE, got FALSIFIED"
REPLICATION,F3_FALSIFIED_RESURRECTION,97,0,IllegalTransition,"expected PREDICTIVE, got FALSIFIED"
REPLICATION,F3_FALSIFIED_RESURRECTION,98,0,IllegalTransition,"expected PREDICTIVE, got FALSIFIED"
REPLICATION,F3_FALSIFIED_RESURRECTION,99,0,IllegalTransition,"expected PREDICTIVE, got FALSIFIED"
REPLICATION,F3_FALSIFIED_RESURRECTION,100,0,IllegalTransition,"expected PREDICTIVE, got FALSIFIED"
REPLICATION,F3_FALSIFIED_RESURRECTION,101,0,IllegalTransition,"expected PREDICTIVE, got FALSIFIED"
REPLICATION,F3_FALSIFIED_RESURRECTION,102,0,IllegalTransition,"expected PREDICTIVE, got FALSIFIED"
REPLICATION,F3_FALSIFIED_RESURRECTION,103,0,IllegalTransition,"expected PREDICTIVE, got FALSIFIED"
REPLICATION,F3_FALSIFIED_RESURRECTION,104,0,IllegalTransition,"expected PREDICTIVE, got FALSIFIED"
REPLICATION,F3_FALSIFIED_RESURRECTION,105,0,IllegalTransition,"expected PREDICTIVE, got FALSIFIED"
REPLICATION,F3_FALSIFIED_RESURRECTION,106,0,IllegalTransition,"expected PREDICTIVE, got FALSIFIED"
REPLICATION,F3_FALSIFIED_RESURRECTION,107,0,IllegalTransition,"expected PREDICTIVE, got FALSIFIED"
REPLICATION,F3_FALSIFIED_RESURRECTION,108,0,IllegalTransition,"expected PREDICTIVE, got FALSIFIED"
REPLICATION,F3_FALSIFIED_RESURRECTION,109,0,IllegalTransition,"expected PREDICTIVE, got FALSIFIED"
REPLICATION,F3_FALSIFIED_RESURRECTION,110,0,IllegalTransition,"expected PREDICTIVE, got FALSIFIED"
REPLICATION,F3_FALSIFIED_RESURRECTION,111,0,IllegalTransition,"expected PREDICTIVE, got FALSIFIED"
REPLICATION,F3_FALSIFIED_RESURRECTION,112,0,IllegalTransition,"expected PREDICTIVE, got FALSIFIED"
REPLICATION,F3_FALSIFIED_RESURRECTION,113,0,IllegalTransition,"expected PREDICTIVE, got FALSIFIED"
REPLICATION,F3_FALSIFIED_RESURRECTION,114,0,IllegalTransition,"expected PREDICTIVE, got FALSIFIED"
REPLICATION,F3_FALSIFIED_RESURRECTION,115,0,IllegalTransition,"expected PREDICTIVE, got FALSIFIED"
REPLICATION,F3_FALSIFIED_RESURRECTION,116,0,IllegalTransition,"expected PREDICTIVE, got FALSIFIED"
REPLICATION,F3_FALSIFIED_RESURRECTION,117,0,IllegalTransition,"expected PREDICTIVE, got FALSIFIED"
REPLICATION,F3_FALSIFIED_RESURRECTION,118,0,IllegalTransition,"expected PREDICTIVE, got FALSIFIED"
REPLICATION,F3_FALSIFIED_RESURRECTION,119,0,IllegalTransition,"expected PREDICTIVE, got FALSIFIED"
REPLICATION,F3_FALSIFIED_RESURRECTION,120,0,IllegalTransition,"expected PREDICTIVE, got FALSIFIED"
REPLICATION,F3_FALSIFIED_RESURRECTION,121,0,IllegalTransition,"expected PREDICTIVE, got FALSIFIED"
REPLICATION,F3_FALSIFIED_RESURRECTION,122,0,IllegalTransition,"expected PREDICTIVE, got FALSIFIED"
REPLICATION,F3_FALSIFIED_RESURRECTION,123,0,IllegalTransition,"expected PREDICTIVE, got FALSIFIED"
REPLICATION,F3_FALSIFIED_RESURRECTION,124,0,IllegalTransition,"expected PREDICTIVE, got FALSIFIED"
REPLICATION,F3_FALSIFIED_RESURRECTION,125,0,IllegalTransition,"expected PREDICTIVE, got FALSIFIED"
REPLICATION,F3_FALSIFIED_RESURRECTION,126,0,IllegalTransition,"expected PREDICTIVE, got FALSIFIED"
REPLICATION,F3_FALSIFIED_RESURRECTION,127,0,IllegalTransition,"expected PREDICTIVE, got FALSIFIED"
REPLICATION,F4_NO_DIRECT_INTERVENTION_EVIDENCE,0,0,EvidenceClassError,evidence kind IDENTIFYING_ASSUMPTION cannot license this operation
REPLICATION,F4_NO_DIRECT_INTERVENTION_EVIDENCE,1,0,EvidenceClassError,evidence kind IDENTIFYING_ASSUMPTION cannot license this operation
REPLICATION,F4_NO_DIRECT_INTERVENTION_EVIDENCE,2,0,EvidenceClassError,evidence kind IDENTIFYING_ASSUMPTION cannot license this operation
REPLICATION,F4_NO_DIRECT_INTERVENTION_EVIDENCE,3,0,EvidenceClassError,evidence kind IDENTIFYING_ASSUMPTION cannot license this operation
REPLICATION,F4_NO_DIRECT_INTERVENTION_EVIDENCE,4,0,EvidenceClassError,evidence kind IDENTIFYING_ASSUMPTION cannot license this operation
REPLICATION,F4_NO_DIRECT_INTERVENTION_EVIDENCE,5,0,EvidenceClassError,evidence kind IDENTIFYING_ASSUMPTION cannot license this operation
REPLICATION,F4_NO_DIRECT_INTERVENTION_EVIDENCE,6,0,EvidenceClassError,evidence kind IDENTIFYING_ASSUMPTION cannot license this operation
REPLICATION,F4_NO_DIRECT_INTERVENTION_EVIDENCE,7,0,EvidenceClassError,evidence kind IDENTIFYING_ASSUMPTION cannot license this operation
REPLICATION,F4_NO_DIRECT_INTERVENTION_EVIDENCE,8,0,EvidenceClassError,evidence kind IDENTIFYING_ASSUMPTION cannot license this operation
REPLICATION,F4_NO_DIRECT_INTERVENTION_EVIDENCE,9,0,EvidenceClassError,evidence kind IDENTIFYING_ASSUMPTION cannot license this operation
REPLICATION,F4_NO_DIRECT_INTERVENTION_EVIDENCE,10,0,EvidenceClassError,evidence kind IDENTIFYING_ASSUMPTION cannot license this operation
REPLICATION,F4_NO_DIRECT_INTERVENTION_EVIDENCE,11,0,EvidenceClassError,evidence kind IDENTIFYING_ASSUMPTION cannot license this operation
REPLICATION,F4_NO_DIRECT_INTERVENTION_EVIDENCE,12,0,EvidenceClassError,evidence kind IDENTIFYING_ASSUMPTION cannot license this operation
REPLICATION,F4_NO_DIRECT_INTERVENTION_EVIDENCE,13,0,EvidenceClassError,evidence kind IDENTIFYING_ASSUMPTION cannot license this operation
REPLICATION,F4_NO_DIRECT_INTERVENTION_EVIDENCE,14,0,EvidenceClassError,evidence kind IDENTIFYING_ASSUMPTION cannot license this operation
REPLICATION,F4_NO_DIRECT_INTERVENTION_EVIDENCE,15,0,EvidenceClassError,evidence kind IDENTIFYING_ASSUMPTION cannot license this operation
REPLICATION,F4_NO_DIRECT_INTERVENTION_EVIDENCE,16,0,EvidenceClassError,evidence kind IDENTIFYING_ASSUMPTION cannot license this operation
REPLICATION,F4_NO_DIRECT_INTERVENTION_EVIDENCE,17,0,EvidenceClassError,evidence kind IDENTIFYING_ASSUMPTION cannot license this operation
REPLICATION,F4_NO_DIRECT_INTERVENTION_EVIDENCE,18,0,EvidenceClassError,evidence kind IDENTIFYING_ASSUMPTION cannot license this operation
REPLICATION,F4_NO_DIRECT_INTERVENTION_EVIDENCE,19,0,EvidenceClassError,evidence kind IDENTIFYING_ASSUMPTION cannot license this operation
REPLICATION,F4_NO_DIRECT_INTERVENTION_EVIDENCE,20,0,EvidenceClassError,evidence kind IDENTIFYING_ASSUMPTION cannot license this operation
REPLICATION,F4_NO_DIRECT_INTERVENTION_EVIDENCE,21,0,EvidenceClassError,evidence kind IDENTIFYING_ASSUMPTION cannot license this operation
REPLICATION,F4_NO_DIRECT_INTERVENTION_EVIDENCE,22,0,EvidenceClassError,evidence kind IDENTIFYING_ASSUMPTION cannot license this operation
REPLICATION,F4_NO_DIRECT_INTERVENTION_EVIDENCE,23,0,EvidenceClassError,evidence kind IDENTIFYING_ASSUMPTION cannot license this operation
REPLICATION,F4_NO_DIRECT_INTERVENTION_EVIDENCE,24,0,EvidenceClassError,evidence kind IDENTIFYING_ASSUMPTION cannot license this operation
REPLICATION,F4_NO_DIRECT_INTERVENTION_EVIDENCE,25,0,EvidenceClassError,evidence kind IDENTIFYING_ASSUMPTION cannot license this operation
REPLICATION,F4_NO_DIRECT_INTERVENTION_EVIDENCE,26,0,EvidenceClassError,evidence kind IDENTIFYING_ASSUMPTION cannot license this operation
REPLICATION,F4_NO_DIRECT_INTERVENTION_EVIDENCE,27,0,EvidenceClassError,evidence kind IDENTIFYING_ASSUMPTION cannot license this operation
REPLICATION,F4_NO_DIRECT_INTERVENTION_EVIDENCE,28,0,EvidenceClassError,evidence kind IDENTIFYING_ASSUMPTION cannot license this operation
REPLICATION,F4_NO_DIRECT_INTERVENTION_EVIDENCE,29,0,EvidenceClassError,evidence kind IDENTIFYING_ASSUMPTION cannot license this operation
REPLICATION,F4_NO_DIRECT_INTERVENTION_EVIDENCE,30,0,EvidenceClassError,evidence kind IDENTIFYING_ASSUMPTION cannot license this operation
REPLICATION,F4_NO_DIRECT_INTERVENTION_EVIDENCE,31,0,EvidenceClassError,evidence kind IDENTIFYING_ASSUMPTION cannot license this operation
REPLICATION,F4_NO_DIRECT_INTERVENTION_EVIDENCE,32,0,EvidenceClassError,evidence kind IDENTIFYING_ASSUMPTION cannot license this operation
REPLICATION,F4_NO_DIRECT_INTERVENTION_EVIDENCE,33,0,EvidenceClassError,evidence kind IDENTIFYING_ASSUMPTION cannot license this operation
REPLICATION,F4_NO_DIRECT_INTERVENTION_EVIDENCE,34,0,EvidenceClassError,evidence kind IDENTIFYING_ASSUMPTION cannot license this operation
REPLICATION,F4_NO_DIRECT_INTERVENTION_EVIDENCE,35,0,EvidenceClassError,evidence kind IDENTIFYING_ASSUMPTION cannot license this operation
REPLICATION,F4_NO_DIRECT_INTERVENTION_EVIDENCE,36,0,EvidenceClassError,evidence kind IDENTIFYING_ASSUMPTION cannot license this operation
REPLICATION,F4_NO_DIRECT_INTERVENTION_EVIDENCE,37,0,EvidenceClassError,evidence kind IDENTIFYING_ASSUMPTION cannot license this operation
REPLICATION,F4_NO_DIRECT_INTERVENTION_EVIDENCE,38,0,EvidenceClassError,evidence kind IDENTIFYING_ASSUMPTION cannot license this operation
REPLICATION,F4_NO_DIRECT_INTERVENTION_EVIDENCE,39,0,EvidenceClassError,evidence kind IDENTIFYING_ASSUMPTION cannot license this operation
REPLICATION,F4_NO_DIRECT_INTERVENTION_EVIDENCE,40,0,EvidenceClassError,evidence kind IDENTIFYING_ASSUMPTION cannot license this operation
REPLICATION,F4_NO_DIRECT_INTERVENTION_EVIDENCE,41,0,EvidenceClassError,evidence kind IDENTIFYING_ASSUMPTION cannot license this operation
REPLICATION,F4_NO_DIRECT_INTERVENTION_EVIDENCE,42,0,EvidenceClassError,evidence kind IDENTIFYING_ASSUMPTION cannot license this operation
REPLICATION,F4_NO_DIRECT_INTERVENTION_EVIDENCE,43,0,EvidenceClassError,evidence kind IDENTIFYING_ASSUMPTION cannot license this operation
REPLICATION,F4_NO_DIRECT_INTERVENTION_EVIDENCE,44,0,EvidenceClassError,evidence kind IDENTIFYING_ASSUMPTION cannot license this operation
REPLICATION,F4_NO_DIRECT_INTERVENTION_EVIDENCE,45,0,EvidenceClassError,evidence kind IDENTIFYING_ASSUMPTION cannot license this operation
REPLICATION,F4_NO_DIRECT_INTERVENTION_EVIDENCE,46,0,EvidenceClassError,evidence kind IDENTIFYING_ASSUMPTION cannot license this operation
REPLICATION,F4_NO_DIRECT_INTERVENTION_EVIDENCE,47,0,EvidenceClassError,evidence kind IDENTIFYING_ASSUMPTION cannot license this operation
REPLICATION,F4_NO_DIRECT_INTERVENTION_EVIDENCE,48,0,EvidenceClassError,evidence kind IDENTIFYING_ASSUMPTION cannot license this operation
REPLICATION,F4_NO_DIRECT_INTERVENTION_EVIDENCE,49,0,EvidenceClassError,evidence kind IDENTIFYING_ASSUMPTION cannot license this operation
REPLICATION,F4_NO_DIRECT_INTERVENTION_EVIDENCE,50,0,EvidenceClassError,evidence kind IDENTIFYING_ASSUMPTION cannot license this operation
REPLICATION,F4_NO_DIRECT_INTERVENTION_EVIDENCE,51,0,EvidenceClassError,evidence kind IDENTIFYING_ASSUMPTION cannot license this operation
REPLICATION,F4_NO_DIRECT_INTERVENTION_EVIDENCE,52,0,EvidenceClassError,evidence kind IDENTIFYING_ASSUMPTION cannot license this operation
REPLICATION,F4_NO_DIRECT_INTERVENTION_EVIDENCE,53,0,EvidenceClassError,evidence kind IDENTIFYING_ASSUMPTION cannot license this operation
REPLICATION,F4_NO_DIRECT_INTERVENTION_EVIDENCE,54,0,EvidenceClassError,evidence kind IDENTIFYING_ASSUMPTION cannot license this operation
REPLICATION,F4_NO_DIRECT_INTERVENTION_EVIDENCE,55,0,EvidenceClassError,evidence kind IDENTIFYING_ASSUMPTION cannot license this operation
REPLICATION,F4_NO_DIRECT_INTERVENTION_EVIDENCE,56,0,EvidenceClassError,evidence kind IDENTIFYING_ASSUMPTION cannot license this operation
REPLICATION,F4_NO_DIRECT_INTERVENTION_EVIDENCE,57,0,EvidenceClassError,evidence kind IDENTIFYING_ASSUMPTION cannot license this operation
REPLICATION,F4_NO_DIRECT_INTERVENTION_EVIDENCE,58,0,EvidenceClassError,evidence kind IDENTIFYING_ASSUMPTION cannot license this operation
REPLICATION,F4_NO_DIRECT_INTERVENTION_EVIDENCE,59,0,EvidenceClassError,evidence kind IDENTIFYING_ASSUMPTION cannot license this operation
REPLICATION,F4_NO_DIRECT_INTERVENTION_EVIDENCE,60,0,EvidenceClassError,evidence kind IDENTIFYING_ASSUMPTION cannot license this operation
REPLICATION,F4_NO_DIRECT_INTERVENTION_EVIDENCE,61,0,EvidenceClassError,evidence kind IDENTIFYING_ASSUMPTION cannot license this operation
REPLICATION,F4_NO_DIRECT_INTERVENTION_EVIDENCE,62,0,EvidenceClassError,evidence kind IDENTIFYING_ASSUMPTION cannot license this operation
REPLICATION,F4_NO_DIRECT_INTERVENTION_EVIDENCE,63,0,EvidenceClassError,evidence kind IDENTIFYING_ASSUMPTION cannot license this operation
REPLICATION,F4_NO_DIRECT_INTERVENTION_EVIDENCE,64,0,EvidenceClassError,evidence kind IDENTIFYING_ASSUMPTION cannot license this operation
REPLICATION,F4_NO_DIRECT_INTERVENTION_EVIDENCE,65,0,EvidenceClassError,evidence kind IDENTIFYING_ASSUMPTION cannot license this operation
REPLICATION,F4_NO_DIRECT_INTERVENTION_EVIDENCE,66,0,EvidenceClassError,evidence kind IDENTIFYING_ASSUMPTION cannot license this operation
REPLICATION,F4_NO_DIRECT_INTERVENTION_EVIDENCE,67,0,EvidenceClassError,evidence kind IDENTIFYING_ASSUMPTION cannot license this operation
REPLICATION,F4_NO_DIRECT_INTERVENTION_EVIDENCE,68,0,EvidenceClassError,evidence kind IDENTIFYING_ASSUMPTION cannot license this operation
REPLICATION,F4_NO_DIRECT_INTERVENTION_EVIDENCE,69,0,EvidenceClassError,evidence kind IDENTIFYING_ASSUMPTION cannot license this operation
REPLICATION,F4_NO_DIRECT_INTERVENTION_EVIDENCE,70,0,EvidenceClassError,evidence kind IDENTIFYING_ASSUMPTION cannot license this operation
REPLICATION,F4_NO_DIRECT_INTERVENTION_EVIDENCE,71,0,EvidenceClassError,evidence kind IDENTIFYING_ASSUMPTION cannot license this operation
REPLICATION,F4_NO_DIRECT_INTERVENTION_EVIDENCE,72,0,EvidenceClassError,evidence kind IDENTIFYING_ASSUMPTION cannot license this operation
REPLICATION,F4_NO_DIRECT_INTERVENTION_EVIDENCE,73,0,EvidenceClassError,evidence kind IDENTIFYING_ASSUMPTION cannot license this operation
REPLICATION,F4_NO_DIRECT_INTERVENTION_EVIDENCE,74,0,EvidenceClassError,evidence kind IDENTIFYING_ASSUMPTION cannot license this operation
REPLICATION,F4_NO_DIRECT_INTERVENTION_EVIDENCE,75,0,EvidenceClassError,evidence kind IDENTIFYING_ASSUMPTION cannot license this operation
REPLICATION,F4_NO_DIRECT_INTERVENTION_EVIDENCE,76,0,EvidenceClassError,evidence kind IDENTIFYING_ASSUMPTION cannot license this operation
REPLICATION,F4_NO_DIRECT_INTERVENTION_EVIDENCE,77,0,EvidenceClassError,evidence kind IDENTIFYING_ASSUMPTION cannot license this operation
REPLICATION,F4_NO_DIRECT_INTERVENTION_EVIDENCE,78,0,EvidenceClassError,evidence kind IDENTIFYING_ASSUMPTION cannot license this operation
REPLICATION,F4_NO_DIRECT_INTERVENTION_EVIDENCE,79,0,EvidenceClassError,evidence kind IDENTIFYING_ASSUMPTION cannot license this operation
REPLICATION,F4_NO_DIRECT_INTERVENTION_EVIDENCE,80,0,EvidenceClassError,evidence kind IDENTIFYING_ASSUMPTION cannot license this operation
REPLICATION,F4_NO_DIRECT_INTERVENTION_EVIDENCE,81,0,EvidenceClassError,evidence kind IDENTIFYING_ASSUMPTION cannot license this operation
REPLICATION,F4_NO_DIRECT_INTERVENTION_EVIDENCE,82,0,EvidenceClassError,evidence kind IDENTIFYING_ASSUMPTION cannot license this operation
REPLICATION,F4_NO_DIRECT_INTERVENTION_EVIDENCE,83,0,EvidenceClassError,evidence kind IDENTIFYING_ASSUMPTION cannot license this operation
REPLICATION,F4_NO_DIRECT_INTERVENTION_EVIDENCE,84,0,EvidenceClassError,evidence kind IDENTIFYING_ASSUMPTION cannot license this operation
REPLICATION,F4_NO_DIRECT_INTERVENTION_EVIDENCE,85,0,EvidenceClassError,evidence kind IDENTIFYING_ASSUMPTION cannot license this operation
REPLICATION,F4_NO_DIRECT_INTERVENTION_EVIDENCE,86,0,EvidenceClassError,evidence kind IDENTIFYING_ASSUMPTION cannot license this operation
REPLICATION,F4_NO_DIRECT_INTERVENTION_EVIDENCE,87,0,EvidenceClassError,evidence kind IDENTIFYING_ASSUMPTION cannot license this operation
REPLICATION,F4_NO_DIRECT_INTERVENTION_EVIDENCE,88,0,EvidenceClassError,evidence kind IDENTIFYING_ASSUMPTION cannot license this operation
REPLICATION,F4_NO_DIRECT_INTERVENTION_EVIDENCE,89,0,EvidenceClassError,evidence kind IDENTIFYING_ASSUMPTION cannot license this operation
REPLICATION,F4_NO_DIRECT_INTERVENTION_EVIDENCE,90,0,EvidenceClassError,evidence kind IDENTIFYING_ASSUMPTION cannot license this operation
REPLICATION,F4_NO_DIRECT_INTERVENTION_EVIDENCE,91,0,EvidenceClassError,evidence kind IDENTIFYING_ASSUMPTION cannot license this operation
REPLICATION,F4_NO_DIRECT_INTERVENTION_EVIDENCE,92,0,EvidenceClassError,evidence kind IDENTIFYING_ASSUMPTION cannot license this operation
REPLICATION,F4_NO_DIRECT_INTERVENTION_EVIDENCE,93,0,EvidenceClassError,evidence kind IDENTIFYING_ASSUMPTION cannot license this operation
REPLICATION,F4_NO_DIRECT_INTERVENTION_EVIDENCE,94,0,EvidenceClassError,evidence kind IDENTIFYING_ASSUMPTION cannot license this operation
REPLICATION,F4_NO_DIRECT_INTERVENTION_EVIDENCE,95,0,EvidenceClassError,evidence kind IDENTIFYING_ASSUMPTION cannot license this operation
REPLICATION,F4_NO_DIRECT_INTERVENTION_EVIDENCE,96,0,EvidenceClassError,evidence kind IDENTIFYING_ASSUMPTION cannot license this operation
REPLICATION,F4_NO_DIRECT_INTERVENTION_EVIDENCE,97,0,EvidenceClassError,evidence kind IDENTIFYING_ASSUMPTION cannot license this operation
REPLICATION,F4_NO_DIRECT_INTERVENTION_EVIDENCE,98,0,EvidenceClassError,evidence kind IDENTIFYING_ASSUMPTION cannot license this operation
REPLICATION,F4_NO_DIRECT_INTERVENTION_EVIDENCE,99,0,EvidenceClassError,evidence kind IDENTIFYING_ASSUMPTION cannot license this operation
REPLICATION,F4_NO_DIRECT_INTERVENTION_EVIDENCE,100,0,EvidenceClassError,evidence kind IDENTIFYING_ASSUMPTION cannot license this operation
REPLICATION,F4_NO_DIRECT_INTERVENTION_EVIDENCE,101,0,EvidenceClassError,evidence kind IDENTIFYING_ASSUMPTION cannot license this operation
REPLICATION,F4_NO_DIRECT_INTERVENTION_EVIDENCE,102,0,EvidenceClassError,evidence kind IDENTIFYING_ASSUMPTION cannot license this operation
REPLICATION,F4_NO_DIRECT_INTERVENTION_EVIDENCE,103,0,EvidenceClassError,evidence kind IDENTIFYING_ASSUMPTION cannot license this operation
REPLICATION,F4_NO_DIRECT_INTERVENTION_EVIDENCE,104,0,EvidenceClassError,evidence kind IDENTIFYING_ASSUMPTION cannot license this operation
REPLICATION,F4_NO_DIRECT_INTERVENTION_EVIDENCE,105,0,EvidenceClassError,evidence kind IDENTIFYING_ASSUMPTION cannot license this operation
REPLICATION,F4_NO_DIRECT_INTERVENTION_EVIDENCE,106,0,EvidenceClassError,evidence kind IDENTIFYING_ASSUMPTION cannot license this operation
REPLICATION,F4_NO_DIRECT_INTERVENTION_EVIDENCE,107,0,EvidenceClassError,evidence kind IDENTIFYING_ASSUMPTION cannot license this operation
REPLICATION,F4_NO_DIRECT_INTERVENTION_EVIDENCE,108,0,EvidenceClassError,evidence kind IDENTIFYING_ASSUMPTION cannot license this operation
REPLICATION,F4_NO_DIRECT_INTERVENTION_EVIDENCE,109,0,EvidenceClassError,evidence kind IDENTIFYING_ASSUMPTION cannot license this operation
REPLICATION,F4_NO_DIRECT_INTERVENTION_EVIDENCE,110,0,EvidenceClassError,evidence kind IDENTIFYING_ASSUMPTION cannot license this operation
REPLICATION,F4_NO_DIRECT_INTERVENTION_EVIDENCE,111,0,EvidenceClassError,evidence kind IDENTIFYING_ASSUMPTION cannot license this operation
REPLICATION,F4_NO_DIRECT_INTERVENTION_EVIDENCE,112,0,EvidenceClassError,evidence kind IDENTIFYING_ASSUMPTION cannot license this operation
REPLICATION,F4_NO_DIRECT_INTERVENTION_EVIDENCE,113,0,EvidenceClassError,evidence kind IDENTIFYING_ASSUMPTION cannot license this operation
REPLICATION,F4_NO_DIRECT_INTERVENTION_EVIDENCE,114,0,EvidenceClassError,evidence kind IDENTIFYING_ASSUMPTION cannot license this operation
REPLICATION,F4_NO_DIRECT_INTERVENTION_EVIDENCE,115,0,EvidenceClassError,evidence kind IDENTIFYING_ASSUMPTION cannot license this operation
REPLICATION,F4_NO_DIRECT_INTERVENTION_EVIDENCE,116,0,EvidenceClassError,evidence kind IDENTIFYING_ASSUMPTION cannot license this operation
REPLICATION,F4_NO_DIRECT_INTERVENTION_EVIDENCE,117,0,EvidenceClassError,evidence kind IDENTIFYING_ASSUMPTION cannot license this operation
REPLICATION,F4_NO_DIRECT_INTERVENTION_EVIDENCE,118,0,EvidenceClassError,evidence kind IDENTIFYING_ASSUMPTION cannot license this operation
REPLICATION,F4_NO_DIRECT_INTERVENTION_EVIDENCE,119,0,EvidenceClassError,evidence kind IDENTIFYING_ASSUMPTION cannot license this operation
REPLICATION,F4_NO_DIRECT_INTERVENTION_EVIDENCE,120,0,EvidenceClassError,evidence kind IDENTIFYING_ASSUMPTION cannot license this operation
REPLICATION,F4_NO_DIRECT_INTERVENTION_EVIDENCE,121,0,EvidenceClassError,evidence kind IDENTIFYING_ASSUMPTION cannot license this operation
REPLICATION,F4_NO_DIRECT_INTERVENTION_EVIDENCE,122,0,EvidenceClassError,evidence kind IDENTIFYING_ASSUMPTION cannot license this operation
REPLICATION,F4_NO_DIRECT_INTERVENTION_EVIDENCE,123,0,EvidenceClassError,evidence kind IDENTIFYING_ASSUMPTION cannot license this operation
REPLICATION,F4_NO_DIRECT_INTERVENTION_EVIDENCE,124,0,EvidenceClassError,evidence kind IDENTIFYING_ASSUMPTION cannot license this operation
REPLICATION,F4_NO_DIRECT_INTERVENTION_EVIDENCE,125,0,EvidenceClassError,evidence kind IDENTIFYING_ASSUMPTION cannot license this operation
REPLICATION,F4_NO_DIRECT_INTERVENTION_EVIDENCE,126,0,EvidenceClassError,evidence kind IDENTIFYING_ASSUMPTION cannot license this operation
REPLICATION,F4_NO_DIRECT_INTERVENTION_EVIDENCE,127,0,EvidenceClassError,evidence kind IDENTIFYING_ASSUMPTION cannot license this operation
REPLICATION,F5_SURROGATE_AS_DIRECT_INTERVENTION,0,0,EvidenceClassError,evidence source SURROGATE_MODEL cannot license this operation
REPLICATION,F5_SURROGATE_AS_DIRECT_INTERVENTION,1,0,EvidenceClassError,evidence source SURROGATE_MODEL cannot license this operation
REPLICATION,F5_SURROGATE_AS_DIRECT_INTERVENTION,2,0,EvidenceClassError,evidence source SURROGATE_MODEL cannot license this operation
REPLICATION,F5_SURROGATE_AS_DIRECT_INTERVENTION,3,0,EvidenceClassError,evidence source SURROGATE_MODEL cannot license this operation
REPLICATION,F5_SURROGATE_AS_DIRECT_INTERVENTION,4,0,EvidenceClassError,evidence source SURROGATE_MODEL cannot license this operation
REPLICATION,F5_SURROGATE_AS_DIRECT_INTERVENTION,5,0,EvidenceClassError,evidence source SURROGATE_MODEL cannot license this operation
REPLICATION,F5_SURROGATE_AS_DIRECT_INTERVENTION,6,0,EvidenceClassError,evidence source SURROGATE_MODEL cannot license this operation
REPLICATION,F5_SURROGATE_AS_DIRECT_INTERVENTION,7,0,EvidenceClassError,evidence source SURROGATE_MODEL cannot license this operation
REPLICATION,F5_SURROGATE_AS_DIRECT_INTERVENTION,8,0,EvidenceClassError,evidence source SURROGATE_MODEL cannot license this operation
REPLICATION,F5_SURROGATE_AS_DIRECT_INTERVENTION,9,0,EvidenceClassError,evidence source SURROGATE_MODEL cannot license this operation
REPLICATION,F5_SURROGATE_AS_DIRECT_INTERVENTION,10,0,EvidenceClassError,evidence source SURROGATE_MODEL cannot license this operation
REPLICATION,F5_SURROGATE_AS_DIRECT_INTERVENTION,11,0,EvidenceClassError,evidence source SURROGATE_MODEL cannot license this operation
REPLICATION,F5_SURROGATE_AS_DIRECT_INTERVENTION,12,0,EvidenceClassError,evidence source SURROGATE_MODEL cannot license this operation
REPLICATION,F5_SURROGATE_AS_DIRECT_INTERVENTION,13,0,EvidenceClassError,evidence source SURROGATE_MODEL cannot license this operation
REPLICATION,F5_SURROGATE_AS_DIRECT_INTERVENTION,14,0,EvidenceClassError,evidence source SURROGATE_MODEL cannot license this operation
REPLICATION,F5_SURROGATE_AS_DIRECT_INTERVENTION,15,0,EvidenceClassError,evidence source SURROGATE_MODEL cannot license this operation
REPLICATION,F5_SURROGATE_AS_DIRECT_INTERVENTION,16,0,EvidenceClassError,evidence source SURROGATE_MODEL cannot license this operation
REPLICATION,F5_SURROGATE_AS_DIRECT_INTERVENTION,17,0,EvidenceClassError,evidence source SURROGATE_MODEL cannot license this operation
REPLICATION,F5_SURROGATE_AS_DIRECT_INTERVENTION,18,0,EvidenceClassError,evidence source SURROGATE_MODEL cannot license this operation
REPLICATION,F5_SURROGATE_AS_DIRECT_INTERVENTION,19,0,EvidenceClassError,evidence source SURROGATE_MODEL cannot license this operation
REPLICATION,F5_SURROGATE_AS_DIRECT_INTERVENTION,20,0,EvidenceClassError,evidence source SURROGATE_MODEL cannot license this operation
REPLICATION,F5_SURROGATE_AS_DIRECT_INTERVENTION,21,0,EvidenceClassError,evidence source SURROGATE_MODEL cannot license this operation
REPLICATION,F5_SURROGATE_AS_DIRECT_INTERVENTION,22,0,EvidenceClassError,evidence source SURROGATE_MODEL cannot license this operation
REPLICATION,F5_SURROGATE_AS_DIRECT_INTERVENTION,23,0,EvidenceClassError,evidence source SURROGATE_MODEL cannot license this operation
REPLICATION,F5_SURROGATE_AS_DIRECT_INTERVENTION,24,0,EvidenceClassError,evidence source SURROGATE_MODEL cannot license this operation
REPLICATION,F5_SURROGATE_AS_DIRECT_INTERVENTION,25,0,EvidenceClassError,evidence source SURROGATE_MODEL cannot license this operation
REPLICATION,F5_SURROGATE_AS_DIRECT_INTERVENTION,26,0,EvidenceClassError,evidence source SURROGATE_MODEL cannot license this operation
REPLICATION,F5_SURROGATE_AS_DIRECT_INTERVENTION,27,0,EvidenceClassError,evidence source SURROGATE_MODEL cannot license this operation
REPLICATION,F5_SURROGATE_AS_DIRECT_INTERVENTION,28,0,EvidenceClassError,evidence source SURROGATE_MODEL cannot license this operation
REPLICATION,F5_SURROGATE_AS_DIRECT_INTERVENTION,29,0,EvidenceClassError,evidence source SURROGATE_MODEL cannot license this operation
REPLICATION,F5_SURROGATE_AS_DIRECT_INTERVENTION,30,0,EvidenceClassError,evidence source SURROGATE_MODEL cannot license this operation
REPLICATION,F5_SURROGATE_AS_DIRECT_INTERVENTION,31,0,EvidenceClassError,evidence source SURROGATE_MODEL cannot license this operation
REPLICATION,F5_SURROGATE_AS_DIRECT_INTERVENTION,32,0,EvidenceClassError,evidence source SURROGATE_MODEL cannot license this operation
REPLICATION,F5_SURROGATE_AS_DIRECT_INTERVENTION,33,0,EvidenceClassError,evidence source SURROGATE_MODEL cannot license this operation
REPLICATION,F5_SURROGATE_AS_DIRECT_INTERVENTION,34,0,EvidenceClassError,evidence source SURROGATE_MODEL cannot license this operation
REPLICATION,F5_SURROGATE_AS_DIRECT_INTERVENTION,35,0,EvidenceClassError,evidence source SURROGATE_MODEL cannot license this operation
REPLICATION,F5_SURROGATE_AS_DIRECT_INTERVENTION,36,0,EvidenceClassError,evidence source SURROGATE_MODEL cannot license this operation
REPLICATION,F5_SURROGATE_AS_DIRECT_INTERVENTION,37,0,EvidenceClassError,evidence source SURROGATE_MODEL cannot license this operation
REPLICATION,F5_SURROGATE_AS_DIRECT_INTERVENTION,38,0,EvidenceClassError,evidence source SURROGATE_MODEL cannot license this operation
REPLICATION,F5_SURROGATE_AS_DIRECT_INTERVENTION,39,0,EvidenceClassError,evidence source SURROGATE_MODEL cannot license this operation
REPLICATION,F5_SURROGATE_AS_DIRECT_INTERVENTION,40,0,EvidenceClassError,evidence source SURROGATE_MODEL cannot license this operation
REPLICATION,F5_SURROGATE_AS_DIRECT_INTERVENTION,41,0,EvidenceClassError,evidence source SURROGATE_MODEL cannot license this operation
REPLICATION,F5_SURROGATE_AS_DIRECT_INTERVENTION,42,0,EvidenceClassError,evidence source SURROGATE_MODEL cannot license this operation
REPLICATION,F5_SURROGATE_AS_DIRECT_INTERVENTION,43,0,EvidenceClassError,evidence source SURROGATE_MODEL cannot license this operation
REPLICATION,F5_SURROGATE_AS_DIRECT_INTERVENTION,44,0,EvidenceClassError,evidence source SURROGATE_MODEL cannot license this operation
REPLICATION,F5_SURROGATE_AS_DIRECT_INTERVENTION,45,0,EvidenceClassError,evidence source SURROGATE_MODEL cannot license this operation
REPLICATION,F5_SURROGATE_AS_DIRECT_INTERVENTION,46,0,EvidenceClassError,evidence source SURROGATE_MODEL cannot license this operation
REPLICATION,F5_SURROGATE_AS_DIRECT_INTERVENTION,47,0,EvidenceClassError,evidence source SURROGATE_MODEL cannot license this operation
REPLICATION,F5_SURROGATE_AS_DIRECT_INTERVENTION,48,0,EvidenceClassError,evidence source SURROGATE_MODEL cannot license this operation
REPLICATION,F5_SURROGATE_AS_DIRECT_INTERVENTION,49,0,EvidenceClassError,evidence source SURROGATE_MODEL cannot license this operation
REPLICATION,F5_SURROGATE_AS_DIRECT_INTERVENTION,50,0,EvidenceClassError,evidence source SURROGATE_MODEL cannot license this operation
REPLICATION,F5_SURROGATE_AS_DIRECT_INTERVENTION,51,0,EvidenceClassError,evidence source SURROGATE_MODEL cannot license this operation
REPLICATION,F5_SURROGATE_AS_DIRECT_INTERVENTION,52,0,EvidenceClassError,evidence source SURROGATE_MODEL cannot license this operation
REPLICATION,F5_SURROGATE_AS_DIRECT_INTERVENTION,53,0,EvidenceClassError,evidence source SURROGATE_MODEL cannot license this operation
REPLICATION,F5_SURROGATE_AS_DIRECT_INTERVENTION,54,0,EvidenceClassError,evidence source SURROGATE_MODEL cannot license this operation
REPLICATION,F5_SURROGATE_AS_DIRECT_INTERVENTION,55,0,EvidenceClassError,evidence source SURROGATE_MODEL cannot license this operation
REPLICATION,F5_SURROGATE_AS_DIRECT_INTERVENTION,56,0,EvidenceClassError,evidence source SURROGATE_MODEL cannot license this operation
REPLICATION,F5_SURROGATE_AS_DIRECT_INTERVENTION,57,0,EvidenceClassError,evidence source SURROGATE_MODEL cannot license this operation
REPLICATION,F5_SURROGATE_AS_DIRECT_INTERVENTION,58,0,EvidenceClassError,evidence source SURROGATE_MODEL cannot license this operation
REPLICATION,F5_SURROGATE_AS_DIRECT_INTERVENTION,59,0,EvidenceClassError,evidence source SURROGATE_MODEL cannot license this operation
REPLICATION,F5_SURROGATE_AS_DIRECT_INTERVENTION,60,0,EvidenceClassError,evidence source SURROGATE_MODEL cannot license this operation
REPLICATION,F5_SURROGATE_AS_DIRECT_INTERVENTION,61,0,EvidenceClassError,evidence source SURROGATE_MODEL cannot license this operation
REPLICATION,F5_SURROGATE_AS_DIRECT_INTERVENTION,62,0,EvidenceClassError,evidence source SURROGATE_MODEL cannot license this operation
REPLICATION,F5_SURROGATE_AS_DIRECT_INTERVENTION,63,0,EvidenceClassError,evidence source SURROGATE_MODEL cannot license this operation
REPLICATION,F5_SURROGATE_AS_DIRECT_INTERVENTION,64,0,EvidenceClassError,evidence source SURROGATE_MODEL cannot license this operation
REPLICATION,F5_SURROGATE_AS_DIRECT_INTERVENTION,65,0,EvidenceClassError,evidence source SURROGATE_MODEL cannot license this operation
REPLICATION,F5_SURROGATE_AS_DIRECT_INTERVENTION,66,0,EvidenceClassError,evidence source SURROGATE_MODEL cannot license this operation
REPLICATION,F5_SURROGATE_AS_DIRECT_INTERVENTION,67,0,EvidenceClassError,evidence source SURROGATE_MODEL cannot license this operation
REPLICATION,F5_SURROGATE_AS_DIRECT_INTERVENTION,68,0,EvidenceClassError,evidence source SURROGATE_MODEL cannot license this operation
REPLICATION,F5_SURROGATE_AS_DIRECT_INTERVENTION,69,0,EvidenceClassError,evidence source SURROGATE_MODEL cannot license this operation
REPLICATION,F5_SURROGATE_AS_DIRECT_INTERVENTION,70,0,EvidenceClassError,evidence source SURROGATE_MODEL cannot license this operation
REPLICATION,F5_SURROGATE_AS_DIRECT_INTERVENTION,71,0,EvidenceClassError,evidence source SURROGATE_MODEL cannot license this operation
REPLICATION,F5_SURROGATE_AS_DIRECT_INTERVENTION,72,0,EvidenceClassError,evidence source SURROGATE_MODEL cannot license this operation
REPLICATION,F5_SURROGATE_AS_DIRECT_INTERVENTION,73,0,EvidenceClassError,evidence source SURROGATE_MODEL cannot license this operation
REPLICATION,F5_SURROGATE_AS_DIRECT_INTERVENTION,74,0,EvidenceClassError,evidence source SURROGATE_MODEL cannot license this operation
REPLICATION,F5_SURROGATE_AS_DIRECT_INTERVENTION,75,0,EvidenceClassError,evidence source SURROGATE_MODEL cannot license this operation
REPLICATION,F5_SURROGATE_AS_DIRECT_INTERVENTION,76,0,EvidenceClassError,evidence source SURROGATE_MODEL cannot license this operation
REPLICATION,F5_SURROGATE_AS_DIRECT_INTERVENTION,77,0,EvidenceClassError,evidence source SURROGATE_MODEL cannot license this operation
REPLICATION,F5_SURROGATE_AS_DIRECT_INTERVENTION,78,0,EvidenceClassError,evidence source SURROGATE_MODEL cannot license this operation
REPLICATION,F5_SURROGATE_AS_DIRECT_INTERVENTION,79,0,EvidenceClassError,evidence source SURROGATE_MODEL cannot license this operation
REPLICATION,F5_SURROGATE_AS_DIRECT_INTERVENTION,80,0,EvidenceClassError,evidence source SURROGATE_MODEL cannot license this operation
REPLICATION,F5_SURROGATE_AS_DIRECT_INTERVENTION,81,0,EvidenceClassError,evidence source SURROGATE_MODEL cannot license this operation
REPLICATION,F5_SURROGATE_AS_DIRECT_INTERVENTION,82,0,EvidenceClassError,evidence source SURROGATE_MODEL cannot license this operation
REPLICATION,F5_SURROGATE_AS_DIRECT_INTERVENTION,83,0,EvidenceClassError,evidence source SURROGATE_MODEL cannot license this operation
REPLICATION,F5_SURROGATE_AS_DIRECT_INTERVENTION,84,0,EvidenceClassError,evidence source SURROGATE_MODEL cannot license this operation
REPLICATION,F5_SURROGATE_AS_DIRECT_INTERVENTION,85,0,EvidenceClassError,evidence source SURROGATE_MODEL cannot license this operation
REPLICATION,F5_SURROGATE_AS_DIRECT_INTERVENTION,86,0,EvidenceClassError,evidence source SURROGATE_MODEL cannot license this operation
REPLICATION,F5_SURROGATE_AS_DIRECT_INTERVENTION,87,0,EvidenceClassError,evidence source SURROGATE_MODEL cannot license this operation
REPLICATION,F5_SURROGATE_AS_DIRECT_INTERVENTION,88,0,EvidenceClassError,evidence source SURROGATE_MODEL cannot license this operation
REPLICATION,F5_SURROGATE_AS_DIRECT_INTERVENTION,89,0,EvidenceClassError,evidence source SURROGATE_MODEL cannot license this operation
REPLICATION,F5_SURROGATE_AS_DIRECT_INTERVENTION,90,0,EvidenceClassError,evidence source SURROGATE_MODEL cannot license this operation
REPLICATION,F5_SURROGATE_AS_DIRECT_INTERVENTION,91,0,EvidenceClassError,evidence source SURROGATE_MODEL cannot license this operation
REPLICATION,F5_SURROGATE_AS_DIRECT_INTERVENTION,92,0,EvidenceClassError,evidence source SURROGATE_MODEL cannot license this operation
REPLICATION,F5_SURROGATE_AS_DIRECT_INTERVENTION,93,0,EvidenceClassError,evidence source SURROGATE_MODEL cannot license this operation
REPLICATION,F5_SURROGATE_AS_DIRECT_INTERVENTION,94,0,EvidenceClassError,evidence source SURROGATE_MODEL cannot license this operation
REPLICATION,F5_SURROGATE_AS_DIRECT_INTERVENTION,95,0,EvidenceClassError,evidence source SURROGATE_MODEL cannot license this operation
REPLICATION,F5_SURROGATE_AS_DIRECT_INTERVENTION,96,0,EvidenceClassError,evidence source SURROGATE_MODEL cannot license this operation
REPLICATION,F5_SURROGATE_AS_DIRECT_INTERVENTION,97,0,EvidenceClassError,evidence source SURROGATE_MODEL cannot license this operation
REPLICATION,F5_SURROGATE_AS_DIRECT_INTERVENTION,98,0,EvidenceClassError,evidence source SURROGATE_MODEL cannot license this operation
REPLICATION,F5_SURROGATE_AS_DIRECT_INTERVENTION,99,0,EvidenceClassError,evidence source SURROGATE_MODEL cannot license this operation
REPLICATION,F5_SURROGATE_AS_DIRECT_INTERVENTION,100,0,EvidenceClassError,evidence source SURROGATE_MODEL cannot license this operation
REPLICATION,F5_SURROGATE_AS_DIRECT_INTERVENTION,101,0,EvidenceClassError,evidence source SURROGATE_MODEL cannot license this operation
REPLICATION,F5_SURROGATE_AS_DIRECT_INTERVENTION,102,0,EvidenceClassError,evidence source SURROGATE_MODEL cannot license this operation
REPLICATION,F5_SURROGATE_AS_DIRECT_INTERVENTION,103,0,EvidenceClassError,evidence source SURROGATE_MODEL cannot license this operation
REPLICATION,F5_SURROGATE_AS_DIRECT_INTERVENTION,104,0,EvidenceClassError,evidence source SURROGATE_MODEL cannot license this operation
REPLICATION,F5_SURROGATE_AS_DIRECT_INTERVENTION,105,0,EvidenceClassError,evidence source SURROGATE_MODEL cannot license this operation
REPLICATION,F5_SURROGATE_AS_DIRECT_INTERVENTION,106,0,EvidenceClassError,evidence source SURROGATE_MODEL cannot license this operation
REPLICATION,F5_SURROGATE_AS_DIRECT_INTERVENTION,107,0,EvidenceClassError,evidence source SURROGATE_MODEL cannot license this operation
REPLICATION,F5_SURROGATE_AS_DIRECT_INTERVENTION,108,0,EvidenceClassError,evidence source SURROGATE_MODEL cannot license this operation
REPLICATION,F5_SURROGATE_AS_DIRECT_INTERVENTION,109,0,EvidenceClassError,evidence source SURROGATE_MODEL cannot license this operation
REPLICATION,F5_SURROGATE_AS_DIRECT_INTERVENTION,110,0,EvidenceClassError,evidence source SURROGATE_MODEL cannot license this operation
REPLICATION,F5_SURROGATE_AS_DIRECT_INTERVENTION,111,0,EvidenceClassError,evidence source SURROGATE_MODEL cannot license this operation
REPLICATION,F5_SURROGATE_AS_DIRECT_INTERVENTION,112,0,EvidenceClassError,evidence source SURROGATE_MODEL cannot license this operation
REPLICATION,F5_SURROGATE_AS_DIRECT_INTERVENTION,113,0,EvidenceClassError,evidence source SURROGATE_MODEL cannot license this operation
REPLICATION,F5_SURROGATE_AS_DIRECT_INTERVENTION,114,0,EvidenceClassError,evidence source SURROGATE_MODEL cannot license this operation
REPLICATION,F5_SURROGATE_AS_DIRECT_INTERVENTION,115,0,EvidenceClassError,evidence source SURROGATE_MODEL cannot license this operation
REPLICATION,F5_SURROGATE_AS_DIRECT_INTERVENTION,116,0,EvidenceClassError,evidence source SURROGATE_MODEL cannot license this operation
REPLICATION,F5_SURROGATE_AS_DIRECT_INTERVENTION,117,0,EvidenceClassError,evidence source SURROGATE_MODEL cannot license this operation
REPLICATION,F5_SURROGATE_AS_DIRECT_INTERVENTION,118,0,EvidenceClassError,evidence source SURROGATE_MODEL cannot license this operation
REPLICATION,F5_SURROGATE_AS_DIRECT_INTERVENTION,119,0,EvidenceClassError,evidence source SURROGATE_MODEL cannot license this operation
REPLICATION,F5_SURROGATE_AS_DIRECT_INTERVENTION,120,0,EvidenceClassError,evidence source SURROGATE_MODEL cannot license this operation
REPLICATION,F5_SURROGATE_AS_DIRECT_INTERVENTION,121,0,EvidenceClassError,evidence source SURROGATE_MODEL cannot license this operation
REPLICATION,F5_SURROGATE_AS_DIRECT_INTERVENTION,122,0,EvidenceClassError,evidence source SURROGATE_MODEL cannot license this operation
REPLICATION,F5_SURROGATE_AS_DIRECT_INTERVENTION,123,0,EvidenceClassError,evidence source SURROGATE_MODEL cannot license this operation
REPLICATION,F5_SURROGATE_AS_DIRECT_INTERVENTION,124,0,EvidenceClassError,evidence source SURROGATE_MODEL cannot license this operation
REPLICATION,F5_SURROGATE_AS_DIRECT_INTERVENTION,125,0,EvidenceClassError,evidence source SURROGATE_MODEL cannot license this operation
REPLICATION,F5_SURROGATE_AS_DIRECT_INTERVENTION,126,0,EvidenceClassError,evidence source SURROGATE_MODEL cannot license this operation
REPLICATION,F5_SURROGATE_AS_DIRECT_INTERVENTION,127,0,EvidenceClassError,evidence source SURROGATE_MODEL cannot license this operation
REPLICATION,F6_CROSS_CLAIM_TOKEN_REUSE,0,0,CapabilityBindingError,capability claim id does not match record
REPLICATION,F6_CROSS_CLAIM_TOKEN_REUSE,1,0,CapabilityBindingError,capability claim id does not match record
REPLICATION,F6_CROSS_CLAIM_TOKEN_REUSE,2,0,CapabilityBindingError,capability claim id does not match record
REPLICATION,F6_CROSS_CLAIM_TOKEN_REUSE,3,0,CapabilityBindingError,capability claim id does not match record
REPLICATION,F6_CROSS_CLAIM_TOKEN_REUSE,4,0,CapabilityBindingError,capability claim id does not match record
REPLICATION,F6_CROSS_CLAIM_TOKEN_REUSE,5,0,CapabilityBindingError,capability claim id does not match record
REPLICATION,F6_CROSS_CLAIM_TOKEN_REUSE,6,0,CapabilityBindingError,capability claim id does not match record
REPLICATION,F6_CROSS_CLAIM_TOKEN_REUSE,7,0,CapabilityBindingError,capability claim id does not match record
REPLICATION,F6_CROSS_CLAIM_TOKEN_REUSE,8,0,CapabilityBindingError,capability claim id does not match record
REPLICATION,F6_CROSS_CLAIM_TOKEN_REUSE,9,0,CapabilityBindingError,capability claim id does not match record
REPLICATION,F6_CROSS_CLAIM_TOKEN_REUSE,10,0,CapabilityBindingError,capability claim id does not match record
REPLICATION,F6_CROSS_CLAIM_TOKEN_REUSE,11,0,CapabilityBindingError,capability claim id does not match record
REPLICATION,F6_CROSS_CLAIM_TOKEN_REUSE,12,0,CapabilityBindingError,capability claim id does not match record
REPLICATION,F6_CROSS_CLAIM_TOKEN_REUSE,13,0,CapabilityBindingError,capability claim id does not match record
REPLICATION,F6_CROSS_CLAIM_TOKEN_REUSE,14,0,CapabilityBindingError,capability claim id does not match record
REPLICATION,F6_CROSS_CLAIM_TOKEN_REUSE,15,0,CapabilityBindingError,capability claim id does not match record
REPLICATION,F6_CROSS_CLAIM_TOKEN_REUSE,16,0,CapabilityBindingError,capability claim id does not match record
REPLICATION,F6_CROSS_CLAIM_TOKEN_REUSE,17,0,CapabilityBindingError,capability claim id does not match record
REPLICATION,F6_CROSS_CLAIM_TOKEN_REUSE,18,0,CapabilityBindingError,capability claim id does not match record
REPLICATION,F6_CROSS_CLAIM_TOKEN_REUSE,19,0,CapabilityBindingError,capability claim id does not match record
REPLICATION,F6_CROSS_CLAIM_TOKEN_REUSE,20,0,CapabilityBindingError,capability claim id does not match record
REPLICATION,F6_CROSS_CLAIM_TOKEN_REUSE,21,0,CapabilityBindingError,capability claim id does not match record
REPLICATION,F6_CROSS_CLAIM_TOKEN_REUSE,22,0,CapabilityBindingError,capability claim id does not match record
REPLICATION,F6_CROSS_CLAIM_TOKEN_REUSE,23,0,CapabilityBindingError,capability claim id does not match record
REPLICATION,F6_CROSS_CLAIM_TOKEN_REUSE,24,0,CapabilityBindingError,capability claim id does not match record
REPLICATION,F6_CROSS_CLAIM_TOKEN_REUSE,25,0,CapabilityBindingError,capability claim id does not match record
REPLICATION,F6_CROSS_CLAIM_TOKEN_REUSE,26,0,CapabilityBindingError,capability claim id does not match record
REPLICATION,F6_CROSS_CLAIM_TOKEN_REUSE,27,0,CapabilityBindingError,capability claim id does not match record
REPLICATION,F6_CROSS_CLAIM_TOKEN_REUSE,28,0,CapabilityBindingError,capability claim id does not match record
REPLICATION,F6_CROSS_CLAIM_TOKEN_REUSE,29,0,CapabilityBindingError,capability claim id does not match record
REPLICATION,F6_CROSS_CLAIM_TOKEN_REUSE,30,0,CapabilityBindingError,capability claim id does not match record
REPLICATION,F6_CROSS_CLAIM_TOKEN_REUSE,31,0,CapabilityBindingError,capability claim id does not match record
REPLICATION,F6_CROSS_CLAIM_TOKEN_REUSE,32,0,CapabilityBindingError,capability claim id does not match record
REPLICATION,F6_CROSS_CLAIM_TOKEN_REUSE,33,0,CapabilityBindingError,capability claim id does not match record
REPLICATION,F6_CROSS_CLAIM_TOKEN_REUSE,34,0,CapabilityBindingError,capability claim id does not match record
REPLICATION,F6_CROSS_CLAIM_TOKEN_REUSE,35,0,CapabilityBindingError,capability claim id does not match record
REPLICATION,F6_CROSS_CLAIM_TOKEN_REUSE,36,0,CapabilityBindingError,capability claim id does not match record
REPLICATION,F6_CROSS_CLAIM_TOKEN_REUSE,37,0,CapabilityBindingError,capability claim id does not match record
REPLICATION,F6_CROSS_CLAIM_TOKEN_REUSE,38,0,CapabilityBindingError,capability claim id does not match record
REPLICATION,F6_CROSS_CLAIM_TOKEN_REUSE,39,0,CapabilityBindingError,capability claim id does not match record
REPLICATION,F6_CROSS_CLAIM_TOKEN_REUSE,40,0,CapabilityBindingError,capability claim id does not match record
REPLICATION,F6_CROSS_CLAIM_TOKEN_REUSE,41,0,CapabilityBindingError,capability claim id does not match record
REPLICATION,F6_CROSS_CLAIM_TOKEN_REUSE,42,0,CapabilityBindingError,capability claim id does not match record
REPLICATION,F6_CROSS_CLAIM_TOKEN_REUSE,43,0,CapabilityBindingError,capability claim id does not match record
REPLICATION,F6_CROSS_CLAIM_TOKEN_REUSE,44,0,CapabilityBindingError,capability claim id does not match record
REPLICATION,F6_CROSS_CLAIM_TOKEN_REUSE,45,0,CapabilityBindingError,capability claim id does not match record
REPLICATION,F6_CROSS_CLAIM_TOKEN_REUSE,46,0,CapabilityBindingError,capability claim id does not match record
REPLICATION,F6_CROSS_CLAIM_TOKEN_REUSE,47,0,CapabilityBindingError,capability claim id does not match record
REPLICATION,F6_CROSS_CLAIM_TOKEN_REUSE,48,0,CapabilityBindingError,capability claim id does not match record
REPLICATION,F6_CROSS_CLAIM_TOKEN_REUSE,49,0,CapabilityBindingError,capability claim id does not match record
REPLICATION,F6_CROSS_CLAIM_TOKEN_REUSE,50,0,CapabilityBindingError,capability claim id does not match record
REPLICATION,F6_CROSS_CLAIM_TOKEN_REUSE,51,0,CapabilityBindingError,capability claim id does not match record
REPLICATION,F6_CROSS_CLAIM_TOKEN_REUSE,52,0,CapabilityBindingError,capability claim id does not match record
REPLICATION,F6_CROSS_CLAIM_TOKEN_REUSE,53,0,CapabilityBindingError,capability claim id does not match record
REPLICATION,F6_CROSS_CLAIM_TOKEN_REUSE,54,0,CapabilityBindingError,capability claim id does not match record
REPLICATION,F6_CROSS_CLAIM_TOKEN_REUSE,55,0,CapabilityBindingError,capability claim id does not match record
REPLICATION,F6_CROSS_CLAIM_TOKEN_REUSE,56,0,CapabilityBindingError,capability claim id does not match record
REPLICATION,F6_CROSS_CLAIM_TOKEN_REUSE,57,0,CapabilityBindingError,capability claim id does not match record
REPLICATION,F6_CROSS_CLAIM_TOKEN_REUSE,58,0,CapabilityBindingError,capability claim id does not match record
REPLICATION,F6_CROSS_CLAIM_TOKEN_REUSE,59,0,CapabilityBindingError,capability claim id does not match record
REPLICATION,F6_CROSS_CLAIM_TOKEN_REUSE,60,0,CapabilityBindingError,capability claim id does not match record
REPLICATION,F6_CROSS_CLAIM_TOKEN_REUSE,61,0,CapabilityBindingError,capability claim id does not match record
REPLICATION,F6_CROSS_CLAIM_TOKEN_REUSE,62,0,CapabilityBindingError,capability claim id does not match record
REPLICATION,F6_CROSS_CLAIM_TOKEN_REUSE,63,0,CapabilityBindingError,capability claim id does not match record
REPLICATION,F6_CROSS_CLAIM_TOKEN_REUSE,64,0,CapabilityBindingError,capability claim id does not match record
REPLICATION,F6_CROSS_CLAIM_TOKEN_REUSE,65,0,CapabilityBindingError,capability claim id does not match record
REPLICATION,F6_CROSS_CLAIM_TOKEN_REUSE,66,0,CapabilityBindingError,capability claim id does not match record
REPLICATION,F6_CROSS_CLAIM_TOKEN_REUSE,67,0,CapabilityBindingError,capability claim id does not match record
REPLICATION,F6_CROSS_CLAIM_TOKEN_REUSE,68,0,CapabilityBindingError,capability claim id does not match record
REPLICATION,F6_CROSS_CLAIM_TOKEN_REUSE,69,0,CapabilityBindingError,capability claim id does not match record
REPLICATION,F6_CROSS_CLAIM_TOKEN_REUSE,70,0,CapabilityBindingError,capability claim id does not match record
REPLICATION,F6_CROSS_CLAIM_TOKEN_REUSE,71,0,CapabilityBindingError,capability claim id does not match record
REPLICATION,F6_CROSS_CLAIM_TOKEN_REUSE,72,0,CapabilityBindingError,capability claim id does not match record
REPLICATION,F6_CROSS_CLAIM_TOKEN_REUSE,73,0,CapabilityBindingError,capability claim id does not match record
REPLICATION,F6_CROSS_CLAIM_TOKEN_REUSE,74,0,CapabilityBindingError,capability claim id does not match record
REPLICATION,F6_CROSS_CLAIM_TOKEN_REUSE,75,0,CapabilityBindingError,capability claim id does not match record
REPLICATION,F6_CROSS_CLAIM_TOKEN_REUSE,76,0,CapabilityBindingError,capability claim id does not match record
REPLICATION,F6_CROSS_CLAIM_TOKEN_REUSE,77,0,CapabilityBindingError,capability claim id does not match record
REPLICATION,F6_CROSS_CLAIM_TOKEN_REUSE,78,0,CapabilityBindingError,capability claim id does not match record
REPLICATION,F6_CROSS_CLAIM_TOKEN_REUSE,79,0,CapabilityBindingError,capability claim id does not match record
REPLICATION,F6_CROSS_CLAIM_TOKEN_REUSE,80,0,CapabilityBindingError,capability claim id does not match record
REPLICATION,F6_CROSS_CLAIM_TOKEN_REUSE,81,0,CapabilityBindingError,capability claim id does not match record
REPLICATION,F6_CROSS_CLAIM_TOKEN_REUSE,82,0,CapabilityBindingError,capability claim id does not match record
REPLICATION,F6_CROSS_CLAIM_TOKEN_REUSE,83,0,CapabilityBindingError,capability claim id does not match record
REPLICATION,F6_CROSS_CLAIM_TOKEN_REUSE,84,0,CapabilityBindingError,capability claim id does not match record
REPLICATION,F6_CROSS_CLAIM_TOKEN_REUSE,85,0,CapabilityBindingError,capability claim id does not match record
REPLICATION,F6_CROSS_CLAIM_TOKEN_REUSE,86,0,CapabilityBindingError,capability claim id does not match record
REPLICATION,F6_CROSS_CLAIM_TOKEN_REUSE,87,0,CapabilityBindingError,capability claim id does not match record
REPLICATION,F6_CROSS_CLAIM_TOKEN_REUSE,88,0,CapabilityBindingError,capability claim id does not match record
REPLICATION,F6_CROSS_CLAIM_TOKEN_REUSE,89,0,CapabilityBindingError,capability claim id does not match record
REPLICATION,F6_CROSS_CLAIM_TOKEN_REUSE,90,0,CapabilityBindingError,capability claim id does not match record
REPLICATION,F6_CROSS_CLAIM_TOKEN_REUSE,91,0,CapabilityBindingError,capability claim id does not match record
REPLICATION,F6_CROSS_CLAIM_TOKEN_REUSE,92,0,CapabilityBindingError,capability claim id does not match record
REPLICATION,F6_CROSS_CLAIM_TOKEN_REUSE,93,0,CapabilityBindingError,capability claim id does not match record
REPLICATION,F6_CROSS_CLAIM_TOKEN_REUSE,94,0,CapabilityBindingError,capability claim id does not match record
REPLICATION,F6_CROSS_CLAIM_TOKEN_REUSE,95,0,CapabilityBindingError,capability claim id does not match record
REPLICATION,F6_CROSS_CLAIM_TOKEN_REUSE,96,0,CapabilityBindingError,capability claim id does not match record
REPLICATION,F6_CROSS_CLAIM_TOKEN_REUSE,97,0,CapabilityBindingError,capability claim id does not match record
REPLICATION,F6_CROSS_CLAIM_TOKEN_REUSE,98,0,CapabilityBindingError,capability claim id does not match record
REPLICATION,F6_CROSS_CLAIM_TOKEN_REUSE,99,0,CapabilityBindingError,capability claim id does not match record
REPLICATION,F6_CROSS_CLAIM_TOKEN_REUSE,100,0,CapabilityBindingError,capability claim id does not match record
REPLICATION,F6_CROSS_CLAIM_TOKEN_REUSE,101,0,CapabilityBindingError,capability claim id does not match record
REPLICATION,F6_CROSS_CLAIM_TOKEN_REUSE,102,0,CapabilityBindingError,capability claim id does not match record
REPLICATION,F6_CROSS_CLAIM_TOKEN_REUSE,103,0,CapabilityBindingError,capability claim id does not match record
REPLICATION,F6_CROSS_CLAIM_TOKEN_REUSE,104,0,CapabilityBindingError,capability claim id does not match record
REPLICATION,F6_CROSS_CLAIM_TOKEN_REUSE,105,0,CapabilityBindingError,capability claim id does not match record
REPLICATION,F6_CROSS_CLAIM_TOKEN_REUSE,106,0,CapabilityBindingError,capability claim id does not match record
REPLICATION,F6_CROSS_CLAIM_TOKEN_REUSE,107,0,CapabilityBindingError,capability claim id does not match record
REPLICATION,F6_CROSS_CLAIM_TOKEN_REUSE,108,0,CapabilityBindingError,capability claim id does not match record
REPLICATION,F6_CROSS_CLAIM_TOKEN_REUSE,109,0,CapabilityBindingError,capability claim id does not match record
REPLICATION,F6_CROSS_CLAIM_TOKEN_REUSE,110,0,CapabilityBindingError,capability claim id does not match record
REPLICATION,F6_CROSS_CLAIM_TOKEN_REUSE,111,0,CapabilityBindingError,capability claim id does not match record
REPLICATION,F6_CROSS_CLAIM_TOKEN_REUSE,112,0,CapabilityBindingError,capability claim id does not match record
REPLICATION,F6_CROSS_CLAIM_TOKEN_REUSE,113,0,CapabilityBindingError,capability claim id does not match record
REPLICATION,F6_CROSS_CLAIM_TOKEN_REUSE,114,0,CapabilityBindingError,capability claim id does not match record
REPLICATION,F6_CROSS_CLAIM_TOKEN_REUSE,115,0,CapabilityBindingError,capability claim id does not match record
REPLICATION,F6_CROSS_CLAIM_TOKEN_REUSE,116,0,CapabilityBindingError,capability claim id does not match record
REPLICATION,F6_CROSS_CLAIM_TOKEN_REUSE,117,0,CapabilityBindingError,capability claim id does not match record
REPLICATION,F6_CROSS_CLAIM_TOKEN_REUSE,118,0,CapabilityBindingError,capability claim id does not match record
REPLICATION,F6_CROSS_CLAIM_TOKEN_REUSE,119,0,CapabilityBindingError,capability claim id does not match record
REPLICATION,F6_CROSS_CLAIM_TOKEN_REUSE,120,0,CapabilityBindingError,capability claim id does not match record
REPLICATION,F6_CROSS_CLAIM_TOKEN_REUSE,121,0,CapabilityBindingError,capability claim id does not match record
REPLICATION,F6_CROSS_CLAIM_TOKEN_REUSE,122,0,CapabilityBindingError,capability claim id does not match record
REPLICATION,F6_CROSS_CLAIM_TOKEN_REUSE,123,0,CapabilityBindingError,capability claim id does not match record
REPLICATION,F6_CROSS_CLAIM_TOKEN_REUSE,124,0,CapabilityBindingError,capability claim id does not match record
REPLICATION,F6_CROSS_CLAIM_TOKEN_REUSE,125,0,CapabilityBindingError,capability claim id does not match record
REPLICATION,F6_CROSS_CLAIM_TOKEN_REUSE,126,0,CapabilityBindingError,capability claim id does not match record
REPLICATION,F6_CROSS_CLAIM_TOKEN_REUSE,127,0,CapabilityBindingError,capability claim id does not match record
REPLICATION,F7_STALE_PARENT_TOKEN_REUSE,0,0,CapabilityBindingError,capability parent digest is stale or belongs to another record
REPLICATION,F7_STALE_PARENT_TOKEN_REUSE,1,0,CapabilityBindingError,capability parent digest is stale or belongs to another record
REPLICATION,F7_STALE_PARENT_TOKEN_REUSE,2,0,CapabilityBindingError,capability parent digest is stale or belongs to another record
REPLICATION,F7_STALE_PARENT_TOKEN_REUSE,3,0,CapabilityBindingError,capability parent digest is stale or belongs to another record
REPLICATION,F7_STALE_PARENT_TOKEN_REUSE,4,0,CapabilityBindingError,capability parent digest is stale or belongs to another record
REPLICATION,F7_STALE_PARENT_TOKEN_REUSE,5,0,CapabilityBindingError,capability parent digest is stale or belongs to another record
REPLICATION,F7_STALE_PARENT_TOKEN_REUSE,6,0,CapabilityBindingError,capability parent digest is stale or belongs to another record
REPLICATION,F7_STALE_PARENT_TOKEN_REUSE,7,0,CapabilityBindingError,capability parent digest is stale or belongs to another record
REPLICATION,F7_STALE_PARENT_TOKEN_REUSE,8,0,CapabilityBindingError,capability parent digest is stale or belongs to another record
REPLICATION,F7_STALE_PARENT_TOKEN_REUSE,9,0,CapabilityBindingError,capability parent digest is stale or belongs to another record
REPLICATION,F7_STALE_PARENT_TOKEN_REUSE,10,0,CapabilityBindingError,capability parent digest is stale or belongs to another record
REPLICATION,F7_STALE_PARENT_TOKEN_REUSE,11,0,CapabilityBindingError,capability parent digest is stale or belongs to another record
REPLICATION,F7_STALE_PARENT_TOKEN_REUSE,12,0,CapabilityBindingError,capability parent digest is stale or belongs to another record
REPLICATION,F7_STALE_PARENT_TOKEN_REUSE,13,0,CapabilityBindingError,capability parent digest is stale or belongs to another record
REPLICATION,F7_STALE_PARENT_TOKEN_REUSE,14,0,CapabilityBindingError,capability parent digest is stale or belongs to another record
REPLICATION,F7_STALE_PARENT_TOKEN_REUSE,15,0,CapabilityBindingError,capability parent digest is stale or belongs to another record
REPLICATION,F7_STALE_PARENT_TOKEN_REUSE,16,0,CapabilityBindingError,capability parent digest is stale or belongs to another record
REPLICATION,F7_STALE_PARENT_TOKEN_REUSE,17,0,CapabilityBindingError,capability parent digest is stale or belongs to another record
REPLICATION,F7_STALE_PARENT_TOKEN_REUSE,18,0,CapabilityBindingError,capability parent digest is stale or belongs to another record
REPLICATION,F7_STALE_PARENT_TOKEN_REUSE,19,0,CapabilityBindingError,capability parent digest is stale or belongs to another record
REPLICATION,F7_STALE_PARENT_TOKEN_REUSE,20,0,CapabilityBindingError,capability parent digest is stale or belongs to another record
REPLICATION,F7_STALE_PARENT_TOKEN_REUSE,21,0,CapabilityBindingError,capability parent digest is stale or belongs to another record
REPLICATION,F7_STALE_PARENT_TOKEN_REUSE,22,0,CapabilityBindingError,capability parent digest is stale or belongs to another record
REPLICATION,F7_STALE_PARENT_TOKEN_REUSE,23,0,CapabilityBindingError,capability parent digest is stale or belongs to another record
REPLICATION,F7_STALE_PARENT_TOKEN_REUSE,24,0,CapabilityBindingError,capability parent digest is stale or belongs to another record
REPLICATION,F7_STALE_PARENT_TOKEN_REUSE,25,0,CapabilityBindingError,capability parent digest is stale or belongs to another record
REPLICATION,F7_STALE_PARENT_TOKEN_REUSE,26,0,CapabilityBindingError,capability parent digest is stale or belongs to another record
REPLICATION,F7_STALE_PARENT_TOKEN_REUSE,27,0,CapabilityBindingError,capability parent digest is stale or belongs to another record
REPLICATION,F7_STALE_PARENT_TOKEN_REUSE,28,0,CapabilityBindingError,capability parent digest is stale or belongs to another record
REPLICATION,F7_STALE_PARENT_TOKEN_REUSE,29,0,CapabilityBindingError,capability parent digest is stale or belongs to another record
REPLICATION,F7_STALE_PARENT_TOKEN_REUSE,30,0,CapabilityBindingError,capability parent digest is stale or belongs to another record
REPLICATION,F7_STALE_PARENT_TOKEN_REUSE,31,0,CapabilityBindingError,capability parent digest is stale or belongs to another record
REPLICATION,F7_STALE_PARENT_TOKEN_REUSE,32,0,CapabilityBindingError,capability parent digest is stale or belongs to another record
REPLICATION,F7_STALE_PARENT_TOKEN_REUSE,33,0,CapabilityBindingError,capability parent digest is stale or belongs to another record
REPLICATION,F7_STALE_PARENT_TOKEN_REUSE,34,0,CapabilityBindingError,capability parent digest is stale or belongs to another record
REPLICATION,F7_STALE_PARENT_TOKEN_REUSE,35,0,CapabilityBindingError,capability parent digest is stale or belongs to another record
REPLICATION,F7_STALE_PARENT_TOKEN_REUSE,36,0,CapabilityBindingError,capability parent digest is stale or belongs to another record
REPLICATION,F7_STALE_PARENT_TOKEN_REUSE,37,0,CapabilityBindingError,capability parent digest is stale or belongs to another record
REPLICATION,F7_STALE_PARENT_TOKEN_REUSE,38,0,CapabilityBindingError,capability parent digest is stale or belongs to another record
REPLICATION,F7_STALE_PARENT_TOKEN_REUSE,39,0,CapabilityBindingError,capability parent digest is stale or belongs to another record
REPLICATION,F7_STALE_PARENT_TOKEN_REUSE,40,0,CapabilityBindingError,capability parent digest is stale or belongs to another record
REPLICATION,F7_STALE_PARENT_TOKEN_REUSE,41,0,CapabilityBindingError,capability parent digest is stale or belongs to another record
REPLICATION,F7_STALE_PARENT_TOKEN_REUSE,42,0,CapabilityBindingError,capability parent digest is stale or belongs to another record
REPLICATION,F7_STALE_PARENT_TOKEN_REUSE,43,0,CapabilityBindingError,capability parent digest is stale or belongs to another record
REPLICATION,F7_STALE_PARENT_TOKEN_REUSE,44,0,CapabilityBindingError,capability parent digest is stale or belongs to another record
REPLICATION,F7_STALE_PARENT_TOKEN_REUSE,45,0,CapabilityBindingError,capability parent digest is stale or belongs to another record
REPLICATION,F7_STALE_PARENT_TOKEN_REUSE,46,0,CapabilityBindingError,capability parent digest is stale or belongs to another record
REPLICATION,F7_STALE_PARENT_TOKEN_REUSE,47,0,CapabilityBindingError,capability parent digest is stale or belongs to another record
REPLICATION,F7_STALE_PARENT_TOKEN_REUSE,48,0,CapabilityBindingError,capability parent digest is stale or belongs to another record
REPLICATION,F7_STALE_PARENT_TOKEN_REUSE,49,0,CapabilityBindingError,capability parent digest is stale or belongs to another record
REPLICATION,F7_STALE_PARENT_TOKEN_REUSE,50,0,CapabilityBindingError,capability parent digest is stale or belongs to another record
REPLICATION,F7_STALE_PARENT_TOKEN_REUSE,51,0,CapabilityBindingError,capability parent digest is stale or belongs to another record
REPLICATION,F7_STALE_PARENT_TOKEN_REUSE,52,0,CapabilityBindingError,capability parent digest is stale or belongs to another record
REPLICATION,F7_STALE_PARENT_TOKEN_REUSE,53,0,CapabilityBindingError,capability parent digest is stale or belongs to another record
REPLICATION,F7_STALE_PARENT_TOKEN_REUSE,54,0,CapabilityBindingError,capability parent digest is stale or belongs to another record
REPLICATION,F7_STALE_PARENT_TOKEN_REUSE,55,0,CapabilityBindingError,capability parent digest is stale or belongs to another record
REPLICATION,F7_STALE_PARENT_TOKEN_REUSE,56,0,CapabilityBindingError,capability parent digest is stale or belongs to another record
REPLICATION,F7_STALE_PARENT_TOKEN_REUSE,57,0,CapabilityBindingError,capability parent digest is stale or belongs to another record
REPLICATION,F7_STALE_PARENT_TOKEN_REUSE,58,0,CapabilityBindingError,capability parent digest is stale or belongs to another record
REPLICATION,F7_STALE_PARENT_TOKEN_REUSE,59,0,CapabilityBindingError,capability parent digest is stale or belongs to another record
REPLICATION,F7_STALE_PARENT_TOKEN_REUSE,60,0,CapabilityBindingError,capability parent digest is stale or belongs to another record
REPLICATION,F7_STALE_PARENT_TOKEN_REUSE,61,0,CapabilityBindingError,capability parent digest is stale or belongs to another record
REPLICATION,F7_STALE_PARENT_TOKEN_REUSE,62,0,CapabilityBindingError,capability parent digest is stale or belongs to another record
REPLICATION,F7_STALE_PARENT_TOKEN_REUSE,63,0,CapabilityBindingError,capability parent digest is stale or belongs to another record
REPLICATION,F7_STALE_PARENT_TOKEN_REUSE,64,0,CapabilityBindingError,capability parent digest is stale or belongs to another record
REPLICATION,F7_STALE_PARENT_TOKEN_REUSE,65,0,CapabilityBindingError,capability parent digest is stale or belongs to another record
REPLICATION,F7_STALE_PARENT_TOKEN_REUSE,66,0,CapabilityBindingError,capability parent digest is stale or belongs to another record
REPLICATION,F7_STALE_PARENT_TOKEN_REUSE,67,0,CapabilityBindingError,capability parent digest is stale or belongs to another record
REPLICATION,F7_STALE_PARENT_TOKEN_REUSE,68,0,CapabilityBindingError,capability parent digest is stale or belongs to another record
REPLICATION,F7_STALE_PARENT_TOKEN_REUSE,69,0,CapabilityBindingError,capability parent digest is stale or belongs to another record
REPLICATION,F7_STALE_PARENT_TOKEN_REUSE,70,0,CapabilityBindingError,capability parent digest is stale or belongs to another record
REPLICATION,F7_STALE_PARENT_TOKEN_REUSE,71,0,CapabilityBindingError,capability parent digest is stale or belongs to another record
REPLICATION,F7_STALE_PARENT_TOKEN_REUSE,72,0,CapabilityBindingError,capability parent digest is stale or belongs to another record
REPLICATION,F7_STALE_PARENT_TOKEN_REUSE,73,0,CapabilityBindingError,capability parent digest is stale or belongs to another record
REPLICATION,F7_STALE_PARENT_TOKEN_REUSE,74,0,CapabilityBindingError,capability parent digest is stale or belongs to another record
REPLICATION,F7_STALE_PARENT_TOKEN_REUSE,75,0,CapabilityBindingError,capability parent digest is stale or belongs to another record
REPLICATION,F7_STALE_PARENT_TOKEN_REUSE,76,0,CapabilityBindingError,capability parent digest is stale or belongs to another record
REPLICATION,F7_STALE_PARENT_TOKEN_REUSE,77,0,CapabilityBindingError,capability parent digest is stale or belongs to another record
REPLICATION,F7_STALE_PARENT_TOKEN_REUSE,78,0,CapabilityBindingError,capability parent digest is stale or belongs to another record
REPLICATION,F7_STALE_PARENT_TOKEN_REUSE,79,0,CapabilityBindingError,capability parent digest is stale or belongs to another record
REPLICATION,F7_STALE_PARENT_TOKEN_REUSE,80,0,CapabilityBindingError,capability parent digest is stale or belongs to another record
REPLICATION,F7_STALE_PARENT_TOKEN_REUSE,81,0,CapabilityBindingError,capability parent digest is stale or belongs to another record
REPLICATION,F7_STALE_PARENT_TOKEN_REUSE,82,0,CapabilityBindingError,capability parent digest is stale or belongs to another record
REPLICATION,F7_STALE_PARENT_TOKEN_REUSE,83,0,CapabilityBindingError,capability parent digest is stale or belongs to another record
REPLICATION,F7_STALE_PARENT_TOKEN_REUSE,84,0,CapabilityBindingError,capability parent digest is stale or belongs to another record
REPLICATION,F7_STALE_PARENT_TOKEN_REUSE,85,0,CapabilityBindingError,capability parent digest is stale or belongs to another record
REPLICATION,F7_STALE_PARENT_TOKEN_REUSE,86,0,CapabilityBindingError,capability parent digest is stale or belongs to another record
REPLICATION,F7_STALE_PARENT_TOKEN_REUSE,87,0,CapabilityBindingError,capability parent digest is stale or belongs to another record
REPLICATION,F7_STALE_PARENT_TOKEN_REUSE,88,0,CapabilityBindingError,capability parent digest is stale or belongs to another record
REPLICATION,F7_STALE_PARENT_TOKEN_REUSE,89,0,CapabilityBindingError,capability parent digest is stale or belongs to another record
REPLICATION,F7_STALE_PARENT_TOKEN_REUSE,90,0,CapabilityBindingError,capability parent digest is stale or belongs to another record
REPLICATION,F7_STALE_PARENT_TOKEN_REUSE,91,0,CapabilityBindingError,capability parent digest is stale or belongs to another record
REPLICATION,F7_STALE_PARENT_TOKEN_REUSE,92,0,CapabilityBindingError,capability parent digest is stale or belongs to another record
REPLICATION,F7_STALE_PARENT_TOKEN_REUSE,93,0,CapabilityBindingError,capability parent digest is stale or belongs to another record
REPLICATION,F7_STALE_PARENT_TOKEN_REUSE,94,0,CapabilityBindingError,capability parent digest is stale or belongs to another record
REPLICATION,F7_STALE_PARENT_TOKEN_REUSE,95,0,CapabilityBindingError,capability parent digest is stale or belongs to another record
REPLICATION,F7_STALE_PARENT_TOKEN_REUSE,96,0,CapabilityBindingError,capability parent digest is stale or belongs to another record
REPLICATION,F7_STALE_PARENT_TOKEN_REUSE,97,0,CapabilityBindingError,capability parent digest is stale or belongs to another record
REPLICATION,F7_STALE_PARENT_TOKEN_REUSE,98,0,CapabilityBindingError,capability parent digest is stale or belongs to another record
REPLICATION,F7_STALE_PARENT_TOKEN_REUSE,99,0,CapabilityBindingError,capability parent digest is stale or belongs to another record
REPLICATION,F7_STALE_PARENT_TOKEN_REUSE,100,0,CapabilityBindingError,capability parent digest is stale or belongs to another record
REPLICATION,F7_STALE_PARENT_TOKEN_REUSE,101,0,CapabilityBindingError,capability parent digest is stale or belongs to another record
REPLICATION,F7_STALE_PARENT_TOKEN_REUSE,102,0,CapabilityBindingError,capability parent digest is stale or belongs to another record
REPLICATION,F7_STALE_PARENT_TOKEN_REUSE,103,0,CapabilityBindingError,capability parent digest is stale or belongs to another record
REPLICATION,F7_STALE_PARENT_TOKEN_REUSE,104,0,CapabilityBindingError,capability parent digest is stale or belongs to another record
REPLICATION,F7_STALE_PARENT_TOKEN_REUSE,105,0,CapabilityBindingError,capability parent digest is stale or belongs to another record
REPLICATION,F7_STALE_PARENT_TOKEN_REUSE,106,0,CapabilityBindingError,capability parent digest is stale or belongs to another record
REPLICATION,F7_STALE_PARENT_TOKEN_REUSE,107,0,CapabilityBindingError,capability parent digest is stale or belongs to another record
REPLICATION,F7_STALE_PARENT_TOKEN_REUSE,108,0,CapabilityBindingError,capability parent digest is stale or belongs to another record
REPLICATION,F7_STALE_PARENT_TOKEN_REUSE,109,0,CapabilityBindingError,capability parent digest is stale or belongs to another record
REPLICATION,F7_STALE_PARENT_TOKEN_REUSE,110,0,CapabilityBindingError,capability parent digest is stale or belongs to another record
REPLICATION,F7_STALE_PARENT_TOKEN_REUSE,111,0,CapabilityBindingError,capability parent digest is stale or belongs to another record
REPLICATION,F7_STALE_PARENT_TOKEN_REUSE,112,0,CapabilityBindingError,capability parent digest is stale or belongs to another record
REPLICATION,F7_STALE_PARENT_TOKEN_REUSE,113,0,CapabilityBindingError,capability parent digest is stale or belongs to another record
REPLICATION,F7_STALE_PARENT_TOKEN_REUSE,114,0,CapabilityBindingError,capability parent digest is stale or belongs to another record
REPLICATION,F7_STALE_PARENT_TOKEN_REUSE,115,0,CapabilityBindingError,capability parent digest is stale or belongs to another record
REPLICATION,F7_STALE_PARENT_TOKEN_REUSE,116,0,CapabilityBindingError,capability parent digest is stale or belongs to another record
REPLICATION,F7_STALE_PARENT_TOKEN_REUSE,117,0,CapabilityBindingError,capability parent digest is stale or belongs to another record
REPLICATION,F7_STALE_PARENT_TOKEN_REUSE,118,0,CapabilityBindingError,capability parent digest is stale or belongs to another record
REPLICATION,F7_STALE_PARENT_TOKEN_REUSE,119,0,CapabilityBindingError,capability parent digest is stale or belongs to another record
REPLICATION,F7_STALE_PARENT_TOKEN_REUSE,120,0,CapabilityBindingError,capability parent digest is stale or belongs to another record
REPLICATION,F7_STALE_PARENT_TOKEN_REUSE,121,0,CapabilityBindingError,capability parent digest is stale or belongs to another record
REPLICATION,F7_STALE_PARENT_TOKEN_REUSE,122,0,CapabilityBindingError,capability parent digest is stale or belongs to another record
REPLICATION,F7_STALE_PARENT_TOKEN_REUSE,123,0,CapabilityBindingError,capability parent digest is stale or belongs to another record
REPLICATION,F7_STALE_PARENT_TOKEN_REUSE,124,0,CapabilityBindingError,capability parent digest is stale or belongs to another record
REPLICATION,F7_STALE_PARENT_TOKEN_REUSE,125,0,CapabilityBindingError,capability parent digest is stale or belongs to another record
REPLICATION,F7_STALE_PARENT_TOKEN_REUSE,126,0,CapabilityBindingError,capability parent digest is stale or belongs to another record
REPLICATION,F7_STALE_PARENT_TOKEN_REUSE,127,0,CapabilityBindingError,capability parent digest is stale or belongs to another record
REPLICATION,F8_SCOPE_ESCALATION,0,0,CapabilityBindingError,scope escalation/narrowing requires a new record lineage; exact scope binding enforced
REPLICATION,F8_SCOPE_ESCALATION,1,0,CapabilityBindingError,scope escalation/narrowing requires a new record lineage; exact scope binding enforced
REPLICATION,F8_SCOPE_ESCALATION,2,0,CapabilityBindingError,scope escalation/narrowing requires a new record lineage; exact scope binding enforced
REPLICATION,F8_SCOPE_ESCALATION,3,0,CapabilityBindingError,scope escalation/narrowing requires a new record lineage; exact scope binding enforced
REPLICATION,F8_SCOPE_ESCALATION,4,0,CapabilityBindingError,scope escalation/narrowing requires a new record lineage; exact scope binding enforced
REPLICATION,F8_SCOPE_ESCALATION,5,0,CapabilityBindingError,scope escalation/narrowing requires a new record lineage; exact scope binding enforced
REPLICATION,F8_SCOPE_ESCALATION,6,0,CapabilityBindingError,scope escalation/narrowing requires a new record lineage; exact scope binding enforced
REPLICATION,F8_SCOPE_ESCALATION,7,0,CapabilityBindingError,scope escalation/narrowing requires a new record lineage; exact scope binding enforced
REPLICATION,F8_SCOPE_ESCALATION,8,0,CapabilityBindingError,scope escalation/narrowing requires a new record lineage; exact scope binding enforced
REPLICATION,F8_SCOPE_ESCALATION,9,0,CapabilityBindingError,scope escalation/narrowing requires a new record lineage; exact scope binding enforced
REPLICATION,F8_SCOPE_ESCALATION,10,0,CapabilityBindingError,scope escalation/narrowing requires a new record lineage; exact scope binding enforced
REPLICATION,F8_SCOPE_ESCALATION,11,0,CapabilityBindingError,scope escalation/narrowing requires a new record lineage; exact scope binding enforced
REPLICATION,F8_SCOPE_ESCALATION,12,0,CapabilityBindingError,scope escalation/narrowing requires a new record lineage; exact scope binding enforced
REPLICATION,F8_SCOPE_ESCALATION,13,0,CapabilityBindingError,scope escalation/narrowing requires a new record lineage; exact scope binding enforced
REPLICATION,F8_SCOPE_ESCALATION,14,0,CapabilityBindingError,scope escalation/narrowing requires a new record lineage; exact scope binding enforced
REPLICATION,F8_SCOPE_ESCALATION,15,0,CapabilityBindingError,scope escalation/narrowing requires a new record lineage; exact scope binding enforced
REPLICATION,F8_SCOPE_ESCALATION,16,0,CapabilityBindingError,scope escalation/narrowing requires a new record lineage; exact scope binding enforced
REPLICATION,F8_SCOPE_ESCALATION,17,0,CapabilityBindingError,scope escalation/narrowing requires a new record lineage; exact scope binding enforced
REPLICATION,F8_SCOPE_ESCALATION,18,0,CapabilityBindingError,scope escalation/narrowing requires a new record lineage; exact scope binding enforced
REPLICATION,F8_SCOPE_ESCALATION,19,0,CapabilityBindingError,scope escalation/narrowing requires a new record lineage; exact scope binding enforced
REPLICATION,F8_SCOPE_ESCALATION,20,0,CapabilityBindingError,scope escalation/narrowing requires a new record lineage; exact scope binding enforced
REPLICATION,F8_SCOPE_ESCALATION,21,0,CapabilityBindingError,scope escalation/narrowing requires a new record lineage; exact scope binding enforced
REPLICATION,F8_SCOPE_ESCALATION,22,0,CapabilityBindingError,scope escalation/narrowing requires a new record lineage; exact scope binding enforced
REPLICATION,F8_SCOPE_ESCALATION,23,0,CapabilityBindingError,scope escalation/narrowing requires a new record lineage; exact scope binding enforced
REPLICATION,F8_SCOPE_ESCALATION,24,0,CapabilityBindingError,scope escalation/narrowing requires a new record lineage; exact scope binding enforced
REPLICATION,F8_SCOPE_ESCALATION,25,0,CapabilityBindingError,scope escalation/narrowing requires a new record lineage; exact scope binding enforced
REPLICATION,F8_SCOPE_ESCALATION,26,0,CapabilityBindingError,scope escalation/narrowing requires a new record lineage; exact scope binding enforced
REPLICATION,F8_SCOPE_ESCALATION,27,0,CapabilityBindingError,scope escalation/narrowing requires a new record lineage; exact scope binding enforced
REPLICATION,F8_SCOPE_ESCALATION,28,0,CapabilityBindingError,scope escalation/narrowing requires a new record lineage; exact scope binding enforced
REPLICATION,F8_SCOPE_ESCALATION,29,0,CapabilityBindingError,scope escalation/narrowing requires a new record lineage; exact scope binding enforced
REPLICATION,F8_SCOPE_ESCALATION,30,0,CapabilityBindingError,scope escalation/narrowing requires a new record lineage; exact scope binding enforced
REPLICATION,F8_SCOPE_ESCALATION,31,0,CapabilityBindingError,scope escalation/narrowing requires a new record lineage; exact scope binding enforced
REPLICATION,F8_SCOPE_ESCALATION,32,0,CapabilityBindingError,scope escalation/narrowing requires a new record lineage; exact scope binding enforced
REPLICATION,F8_SCOPE_ESCALATION,33,0,CapabilityBindingError,scope escalation/narrowing requires a new record lineage; exact scope binding enforced
REPLICATION,F8_SCOPE_ESCALATION,34,0,CapabilityBindingError,scope escalation/narrowing requires a new record lineage; exact scope binding enforced
REPLICATION,F8_SCOPE_ESCALATION,35,0,CapabilityBindingError,scope escalation/narrowing requires a new record lineage; exact scope binding enforced
REPLICATION,F8_SCOPE_ESCALATION,36,0,CapabilityBindingError,scope escalation/narrowing requires a new record lineage; exact scope binding enforced
REPLICATION,F8_SCOPE_ESCALATION,37,0,CapabilityBindingError,scope escalation/narrowing requires a new record lineage; exact scope binding enforced
REPLICATION,F8_SCOPE_ESCALATION,38,0,CapabilityBindingError,scope escalation/narrowing requires a new record lineage; exact scope binding enforced
REPLICATION,F8_SCOPE_ESCALATION,39,0,CapabilityBindingError,scope escalation/narrowing requires a new record lineage; exact scope binding enforced
REPLICATION,F8_SCOPE_ESCALATION,40,0,CapabilityBindingError,scope escalation/narrowing requires a new record lineage; exact scope binding enforced
REPLICATION,F8_SCOPE_ESCALATION,41,0,CapabilityBindingError,scope escalation/narrowing requires a new record lineage; exact scope binding enforced
REPLICATION,F8_SCOPE_ESCALATION,42,0,CapabilityBindingError,scope escalation/narrowing requires a new record lineage; exact scope binding enforced
REPLICATION,F8_SCOPE_ESCALATION,43,0,CapabilityBindingError,scope escalation/narrowing requires a new record lineage; exact scope binding enforced
REPLICATION,F8_SCOPE_ESCALATION,44,0,CapabilityBindingError,scope escalation/narrowing requires a new record lineage; exact scope binding enforced
REPLICATION,F8_SCOPE_ESCALATION,45,0,CapabilityBindingError,scope escalation/narrowing requires a new record lineage; exact scope binding enforced
REPLICATION,F8_SCOPE_ESCALATION,46,0,CapabilityBindingError,scope escalation/narrowing requires a new record lineage; exact scope binding enforced
REPLICATION,F8_SCOPE_ESCALATION,47,0,CapabilityBindingError,scope escalation/narrowing requires a new record lineage; exact scope binding enforced
REPLICATION,F8_SCOPE_ESCALATION,48,0,CapabilityBindingError,scope escalation/narrowing requires a new record lineage; exact scope binding enforced
REPLICATION,F8_SCOPE_ESCALATION,49,0,CapabilityBindingError,scope escalation/narrowing requires a new record lineage; exact scope binding enforced
REPLICATION,F8_SCOPE_ESCALATION,50,0,CapabilityBindingError,scope escalation/narrowing requires a new record lineage; exact scope binding enforced
REPLICATION,F8_SCOPE_ESCALATION,51,0,CapabilityBindingError,scope escalation/narrowing requires a new record lineage; exact scope binding enforced
REPLICATION,F8_SCOPE_ESCALATION,52,0,CapabilityBindingError,scope escalation/narrowing requires a new record lineage; exact scope binding enforced
REPLICATION,F8_SCOPE_ESCALATION,53,0,CapabilityBindingError,scope escalation/narrowing requires a new record lineage; exact scope binding enforced
REPLICATION,F8_SCOPE_ESCALATION,54,0,CapabilityBindingError,scope escalation/narrowing requires a new record lineage; exact scope binding enforced
REPLICATION,F8_SCOPE_ESCALATION,55,0,CapabilityBindingError,scope escalation/narrowing requires a new record lineage; exact scope binding enforced
REPLICATION,F8_SCOPE_ESCALATION,56,0,CapabilityBindingError,scope escalation/narrowing requires a new record lineage; exact scope binding enforced
REPLICATION,F8_SCOPE_ESCALATION,57,0,CapabilityBindingError,scope escalation/narrowing requires a new record lineage; exact scope binding enforced
REPLICATION,F8_SCOPE_ESCALATION,58,0,CapabilityBindingError,scope escalation/narrowing requires a new record lineage; exact scope binding enforced
REPLICATION,F8_SCOPE_ESCALATION,59,0,CapabilityBindingError,scope escalation/narrowing requires a new record lineage; exact scope binding enforced
REPLICATION,F8_SCOPE_ESCALATION,60,0,CapabilityBindingError,scope escalation/narrowing requires a new record lineage; exact scope binding enforced
REPLICATION,F8_SCOPE_ESCALATION,61,0,CapabilityBindingError,scope escalation/narrowing requires a new record lineage; exact scope binding enforced
REPLICATION,F8_SCOPE_ESCALATION,62,0,CapabilityBindingError,scope escalation/narrowing requires a new record lineage; exact scope binding enforced
REPLICATION,F8_SCOPE_ESCALATION,63,0,CapabilityBindingError,scope escalation/narrowing requires a new record lineage; exact scope binding enforced
REPLICATION,F8_SCOPE_ESCALATION,64,0,CapabilityBindingError,scope escalation/narrowing requires a new record lineage; exact scope binding enforced
REPLICATION,F8_SCOPE_ESCALATION,65,0,CapabilityBindingError,scope escalation/narrowing requires a new record lineage; exact scope binding enforced
REPLICATION,F8_SCOPE_ESCALATION,66,0,CapabilityBindingError,scope escalation/narrowing requires a new record lineage; exact scope binding enforced
REPLICATION,F8_SCOPE_ESCALATION,67,0,CapabilityBindingError,scope escalation/narrowing requires a new record lineage; exact scope binding enforced
REPLICATION,F8_SCOPE_ESCALATION,68,0,CapabilityBindingError,scope escalation/narrowing requires a new record lineage; exact scope binding enforced
REPLICATION,F8_SCOPE_ESCALATION,69,0,CapabilityBindingError,scope escalation/narrowing requires a new record lineage; exact scope binding enforced
REPLICATION,F8_SCOPE_ESCALATION,70,0,CapabilityBindingError,scope escalation/narrowing requires a new record lineage; exact scope binding enforced
REPLICATION,F8_SCOPE_ESCALATION,71,0,CapabilityBindingError,scope escalation/narrowing requires a new record lineage; exact scope binding enforced
REPLICATION,F8_SCOPE_ESCALATION,72,0,CapabilityBindingError,scope escalation/narrowing requires a new record lineage; exact scope binding enforced
REPLICATION,F8_SCOPE_ESCALATION,73,0,CapabilityBindingError,scope escalation/narrowing requires a new record lineage; exact scope binding enforced
REPLICATION,F8_SCOPE_ESCALATION,74,0,CapabilityBindingError,scope escalation/narrowing requires a new record lineage; exact scope binding enforced
REPLICATION,F8_SCOPE_ESCALATION,75,0,CapabilityBindingError,scope escalation/narrowing requires a new record lineage; exact scope binding enforced
REPLICATION,F8_SCOPE_ESCALATION,76,0,CapabilityBindingError,scope escalation/narrowing requires a new record lineage; exact scope binding enforced
REPLICATION,F8_SCOPE_ESCALATION,77,0,CapabilityBindingError,scope escalation/narrowing requires a new record lineage; exact scope binding enforced
REPLICATION,F8_SCOPE_ESCALATION,78,0,CapabilityBindingError,scope escalation/narrowing requires a new record lineage; exact scope binding enforced
REPLICATION,F8_SCOPE_ESCALATION,79,0,CapabilityBindingError,scope escalation/narrowing requires a new record lineage; exact scope binding enforced
REPLICATION,F8_SCOPE_ESCALATION,80,0,CapabilityBindingError,scope escalation/narrowing requires a new record lineage; exact scope binding enforced
REPLICATION,F8_SCOPE_ESCALATION,81,0,CapabilityBindingError,scope escalation/narrowing requires a new record lineage; exact scope binding enforced
REPLICATION,F8_SCOPE_ESCALATION,82,0,CapabilityBindingError,scope escalation/narrowing requires a new record lineage; exact scope binding enforced
REPLICATION,F8_SCOPE_ESCALATION,83,0,CapabilityBindingError,scope escalation/narrowing requires a new record lineage; exact scope binding enforced
REPLICATION,F8_SCOPE_ESCALATION,84,0,CapabilityBindingError,scope escalation/narrowing requires a new record lineage; exact scope binding enforced
REPLICATION,F8_SCOPE_ESCALATION,85,0,CapabilityBindingError,scope escalation/narrowing requires a new record lineage; exact scope binding enforced
REPLICATION,F8_SCOPE_ESCALATION,86,0,CapabilityBindingError,scope escalation/narrowing requires a new record lineage; exact scope binding enforced
REPLICATION,F8_SCOPE_ESCALATION,87,0,CapabilityBindingError,scope escalation/narrowing requires a new record lineage; exact scope binding enforced
REPLICATION,F8_SCOPE_ESCALATION,88,0,CapabilityBindingError,scope escalation/narrowing requires a new record lineage; exact scope binding enforced
REPLICATION,F8_SCOPE_ESCALATION,89,0,CapabilityBindingError,scope escalation/narrowing requires a new record lineage; exact scope binding enforced
REPLICATION,F8_SCOPE_ESCALATION,90,0,CapabilityBindingError,scope escalation/narrowing requires a new record lineage; exact scope binding enforced
REPLICATION,F8_SCOPE_ESCALATION,91,0,CapabilityBindingError,scope escalation/narrowing requires a new record lineage; exact scope binding enforced
REPLICATION,F8_SCOPE_ESCALATION,92,0,CapabilityBindingError,scope escalation/narrowing requires a new record lineage; exact scope binding enforced
REPLICATION,F8_SCOPE_ESCALATION,93,0,CapabilityBindingError,scope escalation/narrowing requires a new record lineage; exact scope binding enforced
REPLICATION,F8_SCOPE_ESCALATION,94,0,CapabilityBindingError,scope escalation/narrowing requires a new record lineage; exact scope binding enforced
REPLICATION,F8_SCOPE_ESCALATION,95,0,CapabilityBindingError,scope escalation/narrowing requires a new record lineage; exact scope binding enforced
REPLICATION,F8_SCOPE_ESCALATION,96,0,CapabilityBindingError,scope escalation/narrowing requires a new record lineage; exact scope binding enforced
REPLICATION,F8_SCOPE_ESCALATION,97,0,CapabilityBindingError,scope escalation/narrowing requires a new record lineage; exact scope binding enforced
REPLICATION,F8_SCOPE_ESCALATION,98,0,CapabilityBindingError,scope escalation/narrowing requires a new record lineage; exact scope binding enforced
REPLICATION,F8_SCOPE_ESCALATION,99,0,CapabilityBindingError,scope escalation/narrowing requires a new record lineage; exact scope binding enforced
REPLICATION,F8_SCOPE_ESCALATION,100,0,CapabilityBindingError,scope escalation/narrowing requires a new record lineage; exact scope binding enforced
REPLICATION,F8_SCOPE_ESCALATION,101,0,CapabilityBindingError,scope escalation/narrowing requires a new record lineage; exact scope binding enforced
REPLICATION,F8_SCOPE_ESCALATION,102,0,CapabilityBindingError,scope escalation/narrowing requires a new record lineage; exact scope binding enforced
REPLICATION,F8_SCOPE_ESCALATION,103,0,CapabilityBindingError,scope escalation/narrowing requires a new record lineage; exact scope binding enforced
REPLICATION,F8_SCOPE_ESCALATION,104,0,CapabilityBindingError,scope escalation/narrowing requires a new record lineage; exact scope binding enforced
REPLICATION,F8_SCOPE_ESCALATION,105,0,CapabilityBindingError,scope escalation/narrowing requires a new record lineage; exact scope binding enforced
REPLICATION,F8_SCOPE_ESCALATION,106,0,CapabilityBindingError,scope escalation/narrowing requires a new record lineage; exact scope binding enforced
REPLICATION,F8_SCOPE_ESCALATION,107,0,CapabilityBindingError,scope escalation/narrowing requires a new record lineage; exact scope binding enforced
REPLICATION,F8_SCOPE_ESCALATION,108,0,CapabilityBindingError,scope escalation/narrowing requires a new record lineage; exact scope binding enforced
REPLICATION,F8_SCOPE_ESCALATION,109,0,CapabilityBindingError,scope escalation/narrowing requires a new record lineage; exact scope binding enforced
REPLICATION,F8_SCOPE_ESCALATION,110,0,CapabilityBindingError,scope escalation/narrowing requires a new record lineage; exact scope binding enforced
REPLICATION,F8_SCOPE_ESCALATION,111,0,CapabilityBindingError,scope escalation/narrowing requires a new record lineage; exact scope binding enforced
REPLICATION,F8_SCOPE_ESCALATION,112,0,CapabilityBindingError,scope escalation/narrowing requires a new record lineage; exact scope binding enforced
REPLICATION,F8_SCOPE_ESCALATION,113,0,CapabilityBindingError,scope escalation/narrowing requires a new record lineage; exact scope binding enforced
REPLICATION,F8_SCOPE_ESCALATION,114,0,CapabilityBindingError,scope escalation/narrowing requires a new record lineage; exact scope binding enforced
REPLICATION,F8_SCOPE_ESCALATION,115,0,CapabilityBindingError,scope escalation/narrowing requires a new record lineage; exact scope binding enforced
REPLICATION,F8_SCOPE_ESCALATION,116,0,CapabilityBindingError,scope escalation/narrowing requires a new record lineage; exact scope binding enforced
REPLICATION,F8_SCOPE_ESCALATION,117,0,CapabilityBindingError,scope escalation/narrowing requires a new record lineage; exact scope binding enforced
REPLICATION,F8_SCOPE_ESCALATION,118,0,CapabilityBindingError,scope escalation/narrowing requires a new record lineage; exact scope binding enforced
REPLICATION,F8_SCOPE_ESCALATION,119,0,CapabilityBindingError,scope escalation/narrowing requires a new record lineage; exact scope binding enforced
REPLICATION,F8_SCOPE_ESCALATION,120,0,CapabilityBindingError,scope escalation/narrowing requires a new record lineage; exact scope binding enforced
REPLICATION,F8_SCOPE_ESCALATION,121,0,CapabilityBindingError,scope escalation/narrowing requires a new record lineage; exact scope binding enforced
REPLICATION,F8_SCOPE_ESCALATION,122,0,CapabilityBindingError,scope escalation/narrowing requires a new record lineage; exact scope binding enforced
REPLICATION,F8_SCOPE_ESCALATION,123,0,CapabilityBindingError,scope escalation/narrowing requires a new record lineage; exact scope binding enforced
REPLICATION,F8_SCOPE_ESCALATION,124,0,CapabilityBindingError,scope escalation/narrowing requires a new record lineage; exact scope binding enforced
REPLICATION,F8_SCOPE_ESCALATION,125,0,CapabilityBindingError,scope escalation/narrowing requires a new record lineage; exact scope binding enforced
REPLICATION,F8_SCOPE_ESCALATION,126,0,CapabilityBindingError,scope escalation/narrowing requires a new record lineage; exact scope binding enforced
REPLICATION,F8_SCOPE_ESCALATION,127,0,CapabilityBindingError,scope escalation/narrowing requires a new record lineage; exact scope binding enforced
REPLICATION,F9_EVIDENCE_HASH_OR_CLASS_MUTATION,0,0,ValueError,both evidence mutations rejected
REPLICATION,F9_EVIDENCE_HASH_OR_CLASS_MUTATION,1,0,ValueError,both evidence mutations rejected
REPLICATION,F9_EVIDENCE_HASH_OR_CLASS_MUTATION,2,0,ValueError,both evidence mutations rejected
REPLICATION,F9_EVIDENCE_HASH_OR_CLASS_MUTATION,3,0,ValueError,both evidence mutations rejected
REPLICATION,F9_EVIDENCE_HASH_OR_CLASS_MUTATION,4,0,ValueError,both evidence mutations rejected
REPLICATION,F9_EVIDENCE_HASH_OR_CLASS_MUTATION,5,0,ValueError,both evidence mutations rejected
REPLICATION,F9_EVIDENCE_HASH_OR_CLASS_MUTATION,6,0,ValueError,both evidence mutations rejected
REPLICATION,F9_EVIDENCE_HASH_OR_CLASS_MUTATION,7,0,ValueError,both evidence mutations rejected
REPLICATION,F9_EVIDENCE_HASH_OR_CLASS_MUTATION,8,0,ValueError,both evidence mutations rejected
REPLICATION,F9_EVIDENCE_HASH_OR_CLASS_MUTATION,9,0,ValueError,both evidence mutations rejected
REPLICATION,F9_EVIDENCE_HASH_OR_CLASS_MUTATION,10,0,ValueError,both evidence mutations rejected
REPLICATION,F9_EVIDENCE_HASH_OR_CLASS_MUTATION,11,0,ValueError,both evidence mutations rejected
REPLICATION,F9_EVIDENCE_HASH_OR_CLASS_MUTATION,12,0,ValueError,both evidence mutations rejected
REPLICATION,F9_EVIDENCE_HASH_OR_CLASS_MUTATION,13,0,ValueError,both evidence mutations rejected
REPLICATION,F9_EVIDENCE_HASH_OR_CLASS_MUTATION,14,0,ValueError,both evidence mutations rejected
REPLICATION,F9_EVIDENCE_HASH_OR_CLASS_MUTATION,15,0,ValueError,both evidence mutations rejected
REPLICATION,F9_EVIDENCE_HASH_OR_CLASS_MUTATION,16,0,ValueError,both evidence mutations rejected
REPLICATION,F9_EVIDENCE_HASH_OR_CLASS_MUTATION,17,0,ValueError,both evidence mutations rejected
REPLICATION,F9_EVIDENCE_HASH_OR_CLASS_MUTATION,18,0,ValueError,both evidence mutations rejected
REPLICATION,F9_EVIDENCE_HASH_OR_CLASS_MUTATION,19,0,ValueError,both evidence mutations rejected
REPLICATION,F9_EVIDENCE_HASH_OR_CLASS_MUTATION,20,0,ValueError,both evidence mutations rejected
REPLICATION,F9_EVIDENCE_HASH_OR_CLASS_MUTATION,21,0,ValueError,both evidence mutations rejected
REPLICATION,F9_EVIDENCE_HASH_OR_CLASS_MUTATION,22,0,ValueError,both evidence mutations rejected
REPLICATION,F9_EVIDENCE_HASH_OR_CLASS_MUTATION,23,0,ValueError,both evidence mutations rejected
REPLICATION,F9_EVIDENCE_HASH_OR_CLASS_MUTATION,24,0,ValueError,both evidence mutations rejected
REPLICATION,F9_EVIDENCE_HASH_OR_CLASS_MUTATION,25,0,ValueError,both evidence mutations rejected
REPLICATION,F9_EVIDENCE_HASH_OR_CLASS_MUTATION,26,0,ValueError,both evidence mutations rejected
REPLICATION,F9_EVIDENCE_HASH_OR_CLASS_MUTATION,27,0,ValueError,both evidence mutations rejected
REPLICATION,F9_EVIDENCE_HASH_OR_CLASS_MUTATION,28,0,ValueError,both evidence mutations rejected
REPLICATION,F9_EVIDENCE_HASH_OR_CLASS_MUTATION,29,0,ValueError,both evidence mutations rejected
REPLICATION,F9_EVIDENCE_HASH_OR_CLASS_MUTATION,30,0,ValueError,both evidence mutations rejected
REPLICATION,F9_EVIDENCE_HASH_OR_CLASS_MUTATION,31,0,ValueError,both evidence mutations rejected
REPLICATION,F9_EVIDENCE_HASH_OR_CLASS_MUTATION,32,0,ValueError,both evidence mutations rejected
REPLICATION,F9_EVIDENCE_HASH_OR_CLASS_MUTATION,33,0,ValueError,both evidence mutations rejected
REPLICATION,F9_EVIDENCE_HASH_OR_CLASS_MUTATION,34,0,ValueError,both evidence mutations rejected
REPLICATION,F9_EVIDENCE_HASH_OR_CLASS_MUTATION,35,0,ValueError,both evidence mutations rejected
REPLICATION,F9_EVIDENCE_HASH_OR_CLASS_MUTATION,36,0,ValueError,both evidence mutations rejected
REPLICATION,F9_EVIDENCE_HASH_OR_CLASS_MUTATION,37,0,ValueError,both evidence mutations rejected
REPLICATION,F9_EVIDENCE_HASH_OR_CLASS_MUTATION,38,0,ValueError,both evidence mutations rejected
REPLICATION,F9_EVIDENCE_HASH_OR_CLASS_MUTATION,39,0,ValueError,both evidence mutations rejected
REPLICATION,F9_EVIDENCE_HASH_OR_CLASS_MUTATION,40,0,ValueError,both evidence mutations rejected
REPLICATION,F9_EVIDENCE_HASH_OR_CLASS_MUTATION,41,0,ValueError,both evidence mutations rejected
REPLICATION,F9_EVIDENCE_HASH_OR_CLASS_MUTATION,42,0,ValueError,both evidence mutations rejected
REPLICATION,F9_EVIDENCE_HASH_OR_CLASS_MUTATION,43,0,ValueError,both evidence mutations rejected
REPLICATION,F9_EVIDENCE_HASH_OR_CLASS_MUTATION,44,0,ValueError,both evidence mutations rejected
REPLICATION,F9_EVIDENCE_HASH_OR_CLASS_MUTATION,45,0,ValueError,both evidence mutations rejected
REPLICATION,F9_EVIDENCE_HASH_OR_CLASS_MUTATION,46,0,ValueError,both evidence mutations rejected
REPLICATION,F9_EVIDENCE_HASH_OR_CLASS_MUTATION,47,0,ValueError,both evidence mutations rejected
REPLICATION,F9_EVIDENCE_HASH_OR_CLASS_MUTATION,48,0,ValueError,both evidence mutations rejected
REPLICATION,F9_EVIDENCE_HASH_OR_CLASS_MUTATION,49,0,ValueError,both evidence mutations rejected
REPLICATION,F9_EVIDENCE_HASH_OR_CLASS_MUTATION,50,0,ValueError,both evidence mutations rejected
REPLICATION,F9_EVIDENCE_HASH_OR_CLASS_MUTATION,51,0,ValueError,both evidence mutations rejected
REPLICATION,F9_EVIDENCE_HASH_OR_CLASS_MUTATION,52,0,ValueError,both evidence mutations rejected
REPLICATION,F9_EVIDENCE_HASH_OR_CLASS_MUTATION,53,0,ValueError,both evidence mutations rejected
REPLICATION,F9_EVIDENCE_HASH_OR_CLASS_MUTATION,54,0,ValueError,both evidence mutations rejected
REPLICATION,F9_EVIDENCE_HASH_OR_CLASS_MUTATION,55,0,ValueError,both evidence mutations rejected
REPLICATION,F9_EVIDENCE_HASH_OR_CLASS_MUTATION,56,0,ValueError,both evidence mutations rejected
REPLICATION,F9_EVIDENCE_HASH_OR_CLASS_MUTATION,57,0,ValueError,both evidence mutations rejected
REPLICATION,F9_EVIDENCE_HASH_OR_CLASS_MUTATION,58,0,ValueError,both evidence mutations rejected
REPLICATION,F9_EVIDENCE_HASH_OR_CLASS_MUTATION,59,0,ValueError,both evidence mutations rejected
REPLICATION,F9_EVIDENCE_HASH_OR_CLASS_MUTATION,60,0,ValueError,both evidence mutations rejected
REPLICATION,F9_EVIDENCE_HASH_OR_CLASS_MUTATION,61,0,ValueError,both evidence mutations rejected
REPLICATION,F9_EVIDENCE_HASH_OR_CLASS_MUTATION,62,0,ValueError,both evidence mutations rejected
REPLICATION,F9_EVIDENCE_HASH_OR_CLASS_MUTATION,63,0,ValueError,both evidence mutations rejected
REPLICATION,F9_EVIDENCE_HASH_OR_CLASS_MUTATION,64,0,ValueError,both evidence mutations rejected
REPLICATION,F9_EVIDENCE_HASH_OR_CLASS_MUTATION,65,0,ValueError,both evidence mutations rejected
REPLICATION,F9_EVIDENCE_HASH_OR_CLASS_MUTATION,66,0,ValueError,both evidence mutations rejected
REPLICATION,F9_EVIDENCE_HASH_OR_CLASS_MUTATION,67,0,ValueError,both evidence mutations rejected
REPLICATION,F9_EVIDENCE_HASH_OR_CLASS_MUTATION,68,0,ValueError,both evidence mutations rejected
REPLICATION,F9_EVIDENCE_HASH_OR_CLASS_MUTATION,69,0,ValueError,both evidence mutations rejected
REPLICATION,F9_EVIDENCE_HASH_OR_CLASS_MUTATION,70,0,ValueError,both evidence mutations rejected
REPLICATION,F9_EVIDENCE_HASH_OR_CLASS_MUTATION,71,0,ValueError,both evidence mutations rejected
REPLICATION,F9_EVIDENCE_HASH_OR_CLASS_MUTATION,72,0,ValueError,both evidence mutations rejected
REPLICATION,F9_EVIDENCE_HASH_OR_CLASS_MUTATION,73,0,ValueError,both evidence mutations rejected
REPLICATION,F9_EVIDENCE_HASH_OR_CLASS_MUTATION,74,0,ValueError,both evidence mutations rejected
REPLICATION,F9_EVIDENCE_HASH_OR_CLASS_MUTATION,75,0,ValueError,both evidence mutations rejected
REPLICATION,F9_EVIDENCE_HASH_OR_CLASS_MUTATION,76,0,ValueError,both evidence mutations rejected
REPLICATION,F9_EVIDENCE_HASH_OR_CLASS_MUTATION,77,0,ValueError,both evidence mutations rejected
REPLICATION,F9_EVIDENCE_HASH_OR_CLASS_MUTATION,78,0,ValueError,both evidence mutations rejected
REPLICATION,F9_EVIDENCE_HASH_OR_CLASS_MUTATION,79,0,ValueError,both evidence mutations rejected
REPLICATION,F9_EVIDENCE_HASH_OR_CLASS_MUTATION,80,0,ValueError,both evidence mutations rejected
REPLICATION,F9_EVIDENCE_HASH_OR_CLASS_MUTATION,81,0,ValueError,both evidence mutations rejected
REPLICATION,F9_EVIDENCE_HASH_OR_CLASS_MUTATION,82,0,ValueError,both evidence mutations rejected
REPLICATION,F9_EVIDENCE_HASH_OR_CLASS_MUTATION,83,0,ValueError,both evidence mutations rejected
REPLICATION,F9_EVIDENCE_HASH_OR_CLASS_MUTATION,84,0,ValueError,both evidence mutations rejected
REPLICATION,F9_EVIDENCE_HASH_OR_CLASS_MUTATION,85,0,ValueError,both evidence mutations rejected
REPLICATION,F9_EVIDENCE_HASH_OR_CLASS_MUTATION,86,0,ValueError,both evidence mutations rejected
REPLICATION,F9_EVIDENCE_HASH_OR_CLASS_MUTATION,87,0,ValueError,both evidence mutations rejected
REPLICATION,F9_EVIDENCE_HASH_OR_CLASS_MUTATION,88,0,ValueError,both evidence mutations rejected
REPLICATION,F9_EVIDENCE_HASH_OR_CLASS_MUTATION,89,0,ValueError,both evidence mutations rejected
REPLICATION,F9_EVIDENCE_HASH_OR_CLASS_MUTATION,90,0,ValueError,both evidence mutations rejected
REPLICATION,F9_EVIDENCE_HASH_OR_CLASS_MUTATION,91,0,ValueError,both evidence mutations rejected
REPLICATION,F9_EVIDENCE_HASH_OR_CLASS_MUTATION,92,0,ValueError,both evidence mutations rejected
REPLICATION,F9_EVIDENCE_HASH_OR_CLASS_MUTATION,93,0,ValueError,both evidence mutations rejected
REPLICATION,F9_EVIDENCE_HASH_OR_CLASS_MUTATION,94,0,ValueError,both evidence mutations rejected
REPLICATION,F9_EVIDENCE_HASH_OR_CLASS_MUTATION,95,0,ValueError,both evidence mutations rejected
REPLICATION,F9_EVIDENCE_HASH_OR_CLASS_MUTATION,96,0,ValueError,both evidence mutations rejected
REPLICATION,F9_EVIDENCE_HASH_OR_CLASS_MUTATION,97,0,ValueError,both evidence mutations rejected
REPLICATION,F9_EVIDENCE_HASH_OR_CLASS_MUTATION,98,0,ValueError,both evidence mutations rejected
REPLICATION,F9_EVIDENCE_HASH_OR_CLASS_MUTATION,99,0,ValueError,both evidence mutations rejected
REPLICATION,F9_EVIDENCE_HASH_OR_CLASS_MUTATION,100,0,ValueError,both evidence mutations rejected
REPLICATION,F9_EVIDENCE_HASH_OR_CLASS_MUTATION,101,0,ValueError,both evidence mutations rejected
REPLICATION,F9_EVIDENCE_HASH_OR_CLASS_MUTATION,102,0,ValueError,both evidence mutations rejected
REPLICATION,F9_EVIDENCE_HASH_OR_CLASS_MUTATION,103,0,ValueError,both evidence mutations rejected
REPLICATION,F9_EVIDENCE_HASH_OR_CLASS_MUTATION,104,0,ValueError,both evidence mutations rejected
REPLICATION,F9_EVIDENCE_HASH_OR_CLASS_MUTATION,105,0,ValueError,both evidence mutations rejected
REPLICATION,F9_EVIDENCE_HASH_OR_CLASS_MUTATION,106,0,ValueError,both evidence mutations rejected
REPLICATION,F9_EVIDENCE_HASH_OR_CLASS_MUTATION,107,0,ValueError,both evidence mutations rejected
REPLICATION,F9_EVIDENCE_HASH_OR_CLASS_MUTATION,108,0,ValueError,both evidence mutations rejected
REPLICATION,F9_EVIDENCE_HASH_OR_CLASS_MUTATION,109,0,ValueError,both evidence mutations rejected
REPLICATION,F9_EVIDENCE_HASH_OR_CLASS_MUTATION,110,0,ValueError,both evidence mutations rejected
REPLICATION,F9_EVIDENCE_HASH_OR_CLASS_MUTATION,111,0,ValueError,both evidence mutations rejected
REPLICATION,F9_EVIDENCE_HASH_OR_CLASS_MUTATION,112,0,ValueError,both evidence mutations rejected
REPLICATION,F9_EVIDENCE_HASH_OR_CLASS_MUTATION,113,0,ValueError,both evidence mutations rejected
REPLICATION,F9_EVIDENCE_HASH_OR_CLASS_MUTATION,114,0,ValueError,both evidence mutations rejected
REPLICATION,F9_EVIDENCE_HASH_OR_CLASS_MUTATION,115,0,ValueError,both evidence mutations rejected
REPLICATION,F9_EVIDENCE_HASH_OR_CLASS_MUTATION,116,0,ValueError,both evidence mutations rejected
REPLICATION,F9_EVIDENCE_HASH_OR_CLASS_MUTATION,117,0,ValueError,both evidence mutations rejected
REPLICATION,F9_EVIDENCE_HASH_OR_CLASS_MUTATION,118,0,ValueError,both evidence mutations rejected
REPLICATION,F9_EVIDENCE_HASH_OR_CLASS_MUTATION,119,0,ValueError,both evidence mutations rejected
REPLICATION,F9_EVIDENCE_HASH_OR_CLASS_MUTATION,120,0,ValueError,both evidence mutations rejected
REPLICATION,F9_EVIDENCE_HASH_OR_CLASS_MUTATION,121,0,ValueError,both evidence mutations rejected
REPLICATION,F9_EVIDENCE_HASH_OR_CLASS_MUTATION,122,0,ValueError,both evidence mutations rejected
REPLICATION,F9_EVIDENCE_HASH_OR_CLASS_MUTATION,123,0,ValueError,both evidence mutations rejected
REPLICATION,F9_EVIDENCE_HASH_OR_CLASS_MUTATION,124,0,ValueError,both evidence mutations rejected
REPLICATION,F9_EVIDENCE_HASH_OR_CLASS_MUTATION,125,0,ValueError,both evidence mutations rejected
REPLICATION,F9_EVIDENCE_HASH_OR_CLASS_MUTATION,126,0,ValueError,both evidence mutations rejected
REPLICATION,F9_EVIDENCE_HASH_OR_CLASS_MUTATION,127,0,ValueError,both evidence mutations rejected
REPLICATION,F10_LEGACY_ASSUMPTION_VIOLATION_PROMOTION,0,0,,UNIDENTIFIED
REPLICATION,F10_LEGACY_ASSUMPTION_VIOLATION_PROMOTION,1,0,,UNIDENTIFIED
REPLICATION,F10_LEGACY_ASSUMPTION_VIOLATION_PROMOTION,2,0,,UNIDENTIFIED
REPLICATION,F10_LEGACY_ASSUMPTION_VIOLATION_PROMOTION,3,0,,UNIDENTIFIED
REPLICATION,F10_LEGACY_ASSUMPTION_VIOLATION_PROMOTION,4,0,,UNIDENTIFIED
REPLICATION,F10_LEGACY_ASSUMPTION_VIOLATION_PROMOTION,5,0,,UNIDENTIFIED
REPLICATION,F10_LEGACY_ASSUMPTION_VIOLATION_PROMOTION,6,0,,UNIDENTIFIED
REPLICATION,F10_LEGACY_ASSUMPTION_VIOLATION_PROMOTION,7,0,,UNIDENTIFIED
REPLICATION,F10_LEGACY_ASSUMPTION_VIOLATION_PROMOTION,8,0,,UNIDENTIFIED
REPLICATION,F10_LEGACY_ASSUMPTION_VIOLATION_PROMOTION,9,0,,UNIDENTIFIED
REPLICATION,F10_LEGACY_ASSUMPTION_VIOLATION_PROMOTION,10,0,,UNIDENTIFIED
REPLICATION,F10_LEGACY_ASSUMPTION_VIOLATION_PROMOTION,11,0,,UNIDENTIFIED
REPLICATION,F10_LEGACY_ASSUMPTION_VIOLATION_PROMOTION,12,0,,UNIDENTIFIED
REPLICATION,F10_LEGACY_ASSUMPTION_VIOLATION_PROMOTION,13,0,,UNIDENTIFIED
REPLICATION,F10_LEGACY_ASSUMPTION_VIOLATION_PROMOTION,14,0,,UNIDENTIFIED
REPLICATION,F10_LEGACY_ASSUMPTION_VIOLATION_PROMOTION,15,0,,UNIDENTIFIED
REPLICATION,F10_LEGACY_ASSUMPTION_VIOLATION_PROMOTION,16,0,,UNIDENTIFIED
REPLICATION,F10_LEGACY_ASSUMPTION_VIOLATION_PROMOTION,17,0,,UNIDENTIFIED
REPLICATION,F10_LEGACY_ASSUMPTION_VIOLATION_PROMOTION,18,0,,UNIDENTIFIED
REPLICATION,F10_LEGACY_ASSUMPTION_VIOLATION_PROMOTION,19,0,,UNIDENTIFIED
REPLICATION,F10_LEGACY_ASSUMPTION_VIOLATION_PROMOTION,20,0,,UNIDENTIFIED
REPLICATION,F10_LEGACY_ASSUMPTION_VIOLATION_PROMOTION,21,0,,UNIDENTIFIED
REPLICATION,F10_LEGACY_ASSUMPTION_VIOLATION_PROMOTION,22,0,,UNIDENTIFIED
REPLICATION,F10_LEGACY_ASSUMPTION_VIOLATION_PROMOTION,23,0,,UNIDENTIFIED
REPLICATION,F10_LEGACY_ASSUMPTION_VIOLATION_PROMOTION,24,0,,UNIDENTIFIED
REPLICATION,F10_LEGACY_ASSUMPTION_VIOLATION_PROMOTION,25,0,,UNIDENTIFIED
REPLICATION,F10_LEGACY_ASSUMPTION_VIOLATION_PROMOTION,26,0,,UNIDENTIFIED
REPLICATION,F10_LEGACY_ASSUMPTION_VIOLATION_PROMOTION,27,0,,UNIDENTIFIED
REPLICATION,F10_LEGACY_ASSUMPTION_VIOLATION_PROMOTION,28,0,,UNIDENTIFIED
REPLICATION,F10_LEGACY_ASSUMPTION_VIOLATION_PROMOTION,29,0,,UNIDENTIFIED
REPLICATION,F10_LEGACY_ASSUMPTION_VIOLATION_PROMOTION,30,0,,UNIDENTIFIED
REPLICATION,F10_LEGACY_ASSUMPTION_VIOLATION_PROMOTION,31,0,,UNIDENTIFIED
REPLICATION,F10_LEGACY_ASSUMPTION_VIOLATION_PROMOTION,32,0,,UNIDENTIFIED
REPLICATION,F10_LEGACY_ASSUMPTION_VIOLATION_PROMOTION,33,0,,UNIDENTIFIED
REPLICATION,F10_LEGACY_ASSUMPTION_VIOLATION_PROMOTION,34,0,,UNIDENTIFIED
REPLICATION,F10_LEGACY_ASSUMPTION_VIOLATION_PROMOTION,35,0,,UNIDENTIFIED
REPLICATION,F10_LEGACY_ASSUMPTION_VIOLATION_PROMOTION,36,0,,UNIDENTIFIED
REPLICATION,F10_LEGACY_ASSUMPTION_VIOLATION_PROMOTION,37,0,,UNIDENTIFIED
REPLICATION,F10_LEGACY_ASSUMPTION_VIOLATION_PROMOTION,38,0,,UNIDENTIFIED
REPLICATION,F10_LEGACY_ASSUMPTION_VIOLATION_PROMOTION,39,0,,UNIDENTIFIED
REPLICATION,F10_LEGACY_ASSUMPTION_VIOLATION_PROMOTION,40,0,,UNIDENTIFIED
REPLICATION,F10_LEGACY_ASSUMPTION_VIOLATION_PROMOTION,41,0,,UNIDENTIFIED
REPLICATION,F10_LEGACY_ASSUMPTION_VIOLATION_PROMOTION,42,0,,UNIDENTIFIED
REPLICATION,F10_LEGACY_ASSUMPTION_VIOLATION_PROMOTION,43,0,,UNIDENTIFIED
REPLICATION,F10_LEGACY_ASSUMPTION_VIOLATION_PROMOTION,44,0,,UNIDENTIFIED
REPLICATION,F10_LEGACY_ASSUMPTION_VIOLATION_PROMOTION,45,0,,UNIDENTIFIED
REPLICATION,F10_LEGACY_ASSUMPTION_VIOLATION_PROMOTION,46,0,,UNIDENTIFIED
REPLICATION,F10_LEGACY_ASSUMPTION_VIOLATION_PROMOTION,47,0,,UNIDENTIFIED
REPLICATION,F10_LEGACY_ASSUMPTION_VIOLATION_PROMOTION,48,0,,UNIDENTIFIED
REPLICATION,F10_LEGACY_ASSUMPTION_VIOLATION_PROMOTION,49,0,,UNIDENTIFIED
REPLICATION,F10_LEGACY_ASSUMPTION_VIOLATION_PROMOTION,50,0,,UNIDENTIFIED
REPLICATION,F10_LEGACY_ASSUMPTION_VIOLATION_PROMOTION,51,0,,UNIDENTIFIED
REPLICATION,F10_LEGACY_ASSUMPTION_VIOLATION_PROMOTION,52,0,,UNIDENTIFIED
REPLICATION,F10_LEGACY_ASSUMPTION_VIOLATION_PROMOTION,53,0,,UNIDENTIFIED
REPLICATION,F10_LEGACY_ASSUMPTION_VIOLATION_PROMOTION,54,0,,UNIDENTIFIED
REPLICATION,F10_LEGACY_ASSUMPTION_VIOLATION_PROMOTION,55,0,,UNIDENTIFIED
REPLICATION,F10_LEGACY_ASSUMPTION_VIOLATION_PROMOTION,56,0,,UNIDENTIFIED
REPLICATION,F10_LEGACY_ASSUMPTION_VIOLATION_PROMOTION,57,0,,UNIDENTIFIED
REPLICATION,F10_LEGACY_ASSUMPTION_VIOLATION_PROMOTION,58,0,,UNIDENTIFIED
REPLICATION,F10_LEGACY_ASSUMPTION_VIOLATION_PROMOTION,59,0,,UNIDENTIFIED
REPLICATION,F10_LEGACY_ASSUMPTION_VIOLATION_PROMOTION,60,0,,UNIDENTIFIED
REPLICATION,F10_LEGACY_ASSUMPTION_VIOLATION_PROMOTION,61,0,,UNIDENTIFIED
REPLICATION,F10_LEGACY_ASSUMPTION_VIOLATION_PROMOTION,62,0,,UNIDENTIFIED
REPLICATION,F10_LEGACY_ASSUMPTION_VIOLATION_PROMOTION,63,0,,UNIDENTIFIED
REPLICATION,F10_LEGACY_ASSUMPTION_VIOLATION_PROMOTION,64,0,,UNIDENTIFIED
REPLICATION,F10_LEGACY_ASSUMPTION_VIOLATION_PROMOTION,65,0,,UNIDENTIFIED
REPLICATION,F10_LEGACY_ASSUMPTION_VIOLATION_PROMOTION,66,0,,UNIDENTIFIED
REPLICATION,F10_LEGACY_ASSUMPTION_VIOLATION_PROMOTION,67,0,,UNIDENTIFIED
REPLICATION,F10_LEGACY_ASSUMPTION_VIOLATION_PROMOTION,68,0,,UNIDENTIFIED
REPLICATION,F10_LEGACY_ASSUMPTION_VIOLATION_PROMOTION,69,0,,UNIDENTIFIED
REPLICATION,F10_LEGACY_ASSUMPTION_VIOLATION_PROMOTION,70,0,,UNIDENTIFIED
REPLICATION,F10_LEGACY_ASSUMPTION_VIOLATION_PROMOTION,71,0,,UNIDENTIFIED
REPLICATION,F10_LEGACY_ASSUMPTION_VIOLATION_PROMOTION,72,0,,UNIDENTIFIED
REPLICATION,F10_LEGACY_ASSUMPTION_VIOLATION_PROMOTION,73,0,,UNIDENTIFIED
REPLICATION,F10_LEGACY_ASSUMPTION_VIOLATION_PROMOTION,74,0,,UNIDENTIFIED
REPLICATION,F10_LEGACY_ASSUMPTION_VIOLATION_PROMOTION,75,0,,UNIDENTIFIED
REPLICATION,F10_LEGACY_ASSUMPTION_VIOLATION_PROMOTION,76,0,,UNIDENTIFIED
REPLICATION,F10_LEGACY_ASSUMPTION_VIOLATION_PROMOTION,77,0,,UNIDENTIFIED
REPLICATION,F10_LEGACY_ASSUMPTION_VIOLATION_PROMOTION,78,0,,UNIDENTIFIED
REPLICATION,F10_LEGACY_ASSUMPTION_VIOLATION_PROMOTION,79,0,,UNIDENTIFIED
REPLICATION,F10_LEGACY_ASSUMPTION_VIOLATION_PROMOTION,80,0,,UNIDENTIFIED
REPLICATION,F10_LEGACY_ASSUMPTION_VIOLATION_PROMOTION,81,0,,UNIDENTIFIED
REPLICATION,F10_LEGACY_ASSUMPTION_VIOLATION_PROMOTION,82,0,,UNIDENTIFIED
REPLICATION,F10_LEGACY_ASSUMPTION_VIOLATION_PROMOTION,83,0,,UNIDENTIFIED
REPLICATION,F10_LEGACY_ASSUMPTION_VIOLATION_PROMOTION,84,0,,UNIDENTIFIED
REPLICATION,F10_LEGACY_ASSUMPTION_VIOLATION_PROMOTION,85,0,,UNIDENTIFIED
REPLICATION,F10_LEGACY_ASSUMPTION_VIOLATION_PROMOTION,86,0,,UNIDENTIFIED
REPLICATION,F10_LEGACY_ASSUMPTION_VIOLATION_PROMOTION,87,0,,UNIDENTIFIED
REPLICATION,F10_LEGACY_ASSUMPTION_VIOLATION_PROMOTION,88,0,,UNIDENTIFIED
REPLICATION,F10_LEGACY_ASSUMPTION_VIOLATION_PROMOTION,89,0,,UNIDENTIFIED
REPLICATION,F10_LEGACY_ASSUMPTION_VIOLATION_PROMOTION,90,0,,UNIDENTIFIED
REPLICATION,F10_LEGACY_ASSUMPTION_VIOLATION_PROMOTION,91,0,,UNIDENTIFIED
REPLICATION,F10_LEGACY_ASSUMPTION_VIOLATION_PROMOTION,92,0,,UNIDENTIFIED
REPLICATION,F10_LEGACY_ASSUMPTION_VIOLATION_PROMOTION,93,0,,UNIDENTIFIED
REPLICATION,F10_LEGACY_ASSUMPTION_VIOLATION_PROMOTION,94,0,,UNIDENTIFIED
REPLICATION,F10_LEGACY_ASSUMPTION_VIOLATION_PROMOTION,95,0,,UNIDENTIFIED
REPLICATION,F10_LEGACY_ASSUMPTION_VIOLATION_PROMOTION,96,0,,UNIDENTIFIED
REPLICATION,F10_LEGACY_ASSUMPTION_VIOLATION_PROMOTION,97,0,,UNIDENTIFIED
REPLICATION,F10_LEGACY_ASSUMPTION_VIOLATION_PROMOTION,98,0,,UNIDENTIFIED
REPLICATION,F10_LEGACY_ASSUMPTION_VIOLATION_PROMOTION,99,0,,UNIDENTIFIED
REPLICATION,F10_LEGACY_ASSUMPTION_VIOLATION_PROMOTION,100,0,,UNIDENTIFIED
REPLICATION,F10_LEGACY_ASSUMPTION_VIOLATION_PROMOTION,101,0,,UNIDENTIFIED
REPLICATION,F10_LEGACY_ASSUMPTION_VIOLATION_PROMOTION,102,0,,UNIDENTIFIED
REPLICATION,F10_LEGACY_ASSUMPTION_VIOLATION_PROMOTION,103,0,,UNIDENTIFIED
REPLICATION,F10_LEGACY_ASSUMPTION_VIOLATION_PROMOTION,104,0,,UNIDENTIFIED
REPLICATION,F10_LEGACY_ASSUMPTION_VIOLATION_PROMOTION,105,0,,UNIDENTIFIED
REPLICATION,F10_LEGACY_ASSUMPTION_VIOLATION_PROMOTION,106,0,,UNIDENTIFIED
REPLICATION,F10_LEGACY_ASSUMPTION_VIOLATION_PROMOTION,107,0,,UNIDENTIFIED
REPLICATION,F10_LEGACY_ASSUMPTION_VIOLATION_PROMOTION,108,0,,UNIDENTIFIED
REPLICATION,F10_LEGACY_ASSUMPTION_VIOLATION_PROMOTION,109,0,,UNIDENTIFIED
REPLICATION,F10_LEGACY_ASSUMPTION_VIOLATION_PROMOTION,110,0,,UNIDENTIFIED
REPLICATION,F10_LEGACY_ASSUMPTION_VIOLATION_PROMOTION,111,0,,UNIDENTIFIED
REPLICATION,F10_LEGACY_ASSUMPTION_VIOLATION_PROMOTION,112,0,,UNIDENTIFIED
REPLICATION,F10_LEGACY_ASSUMPTION_VIOLATION_PROMOTION,113,0,,UNIDENTIFIED
REPLICATION,F10_LEGACY_ASSUMPTION_VIOLATION_PROMOTION,114,0,,UNIDENTIFIED
REPLICATION,F10_LEGACY_ASSUMPTION_VIOLATION_PROMOTION,115,0,,UNIDENTIFIED
REPLICATION,F10_LEGACY_ASSUMPTION_VIOLATION_PROMOTION,116,0,,UNIDENTIFIED
REPLICATION,F10_LEGACY_ASSUMPTION_VIOLATION_PROMOTION,117,0,,UNIDENTIFIED
REPLICATION,F10_LEGACY_ASSUMPTION_VIOLATION_PROMOTION,118,0,,UNIDENTIFIED
REPLICATION,F10_LEGACY_ASSUMPTION_VIOLATION_PROMOTION,119,0,,UNIDENTIFIED
REPLICATION,F10_LEGACY_ASSUMPTION_VIOLATION_PROMOTION,120,0,,UNIDENTIFIED
REPLICATION,F10_LEGACY_ASSUMPTION_VIOLATION_PROMOTION,121,0,,UNIDENTIFIED
REPLICATION,F10_LEGACY_ASSUMPTION_VIOLATION_PROMOTION,122,0,,UNIDENTIFIED
REPLICATION,F10_LEGACY_ASSUMPTION_VIOLATION_PROMOTION,123,0,,UNIDENTIFIED
REPLICATION,F10_LEGACY_ASSUMPTION_VIOLATION_PROMOTION,124,0,,UNIDENTIFIED
REPLICATION,F10_LEGACY_ASSUMPTION_VIOLATION_PROMOTION,125,0,,UNIDENTIFIED
REPLICATION,F10_LEGACY_ASSUMPTION_VIOLATION_PROMOTION,126,0,,UNIDENTIFIED
REPLICATION,F10_LEGACY_ASSUMPTION_VIOLATION_PROMOTION,127,0,,UNIDENTIFIED
REPLICATION,F11_LEGACY_COUNTERMODEL_COLLAPSE,0,0,,UNIDENTIFIED
REPLICATION,F11_LEGACY_COUNTERMODEL_COLLAPSE,1,0,,UNIDENTIFIED
REPLICATION,F11_LEGACY_COUNTERMODEL_COLLAPSE,2,0,,UNIDENTIFIED
REPLICATION,F11_LEGACY_COUNTERMODEL_COLLAPSE,3,0,,UNIDENTIFIED
REPLICATION,F11_LEGACY_COUNTERMODEL_COLLAPSE,4,0,,UNIDENTIFIED
REPLICATION,F11_LEGACY_COUNTERMODEL_COLLAPSE,5,0,,UNIDENTIFIED
REPLICATION,F11_LEGACY_COUNTERMODEL_COLLAPSE,6,0,,UNIDENTIFIED
REPLICATION,F11_LEGACY_COUNTERMODEL_COLLAPSE,7,0,,UNIDENTIFIED
REPLICATION,F11_LEGACY_COUNTERMODEL_COLLAPSE,8,0,,UNIDENTIFIED
REPLICATION,F11_LEGACY_COUNTERMODEL_COLLAPSE,9,0,,UNIDENTIFIED
REPLICATION,F11_LEGACY_COUNTERMODEL_COLLAPSE,10,0,,UNIDENTIFIED
REPLICATION,F11_LEGACY_COUNTERMODEL_COLLAPSE,11,0,,UNIDENTIFIED
REPLICATION,F11_LEGACY_COUNTERMODEL_COLLAPSE,12,0,,UNIDENTIFIED
REPLICATION,F11_LEGACY_COUNTERMODEL_COLLAPSE,13,0,,UNIDENTIFIED
REPLICATION,F11_LEGACY_COUNTERMODEL_COLLAPSE,14,0,,UNIDENTIFIED
REPLICATION,F11_LEGACY_COUNTERMODEL_COLLAPSE,15,0,,UNIDENTIFIED
REPLICATION,F11_LEGACY_COUNTERMODEL_COLLAPSE,16,0,,UNIDENTIFIED
REPLICATION,F11_LEGACY_COUNTERMODEL_COLLAPSE,17,0,,UNIDENTIFIED
REPLICATION,F11_LEGACY_COUNTERMODEL_COLLAPSE,18,0,,UNIDENTIFIED
REPLICATION,F11_LEGACY_COUNTERMODEL_COLLAPSE,19,0,,UNIDENTIFIED
REPLICATION,F11_LEGACY_COUNTERMODEL_COLLAPSE,20,0,,UNIDENTIFIED
REPLICATION,F11_LEGACY_COUNTERMODEL_COLLAPSE,21,0,,UNIDENTIFIED
REPLICATION,F11_LEGACY_COUNTERMODEL_COLLAPSE,22,0,,UNIDENTIFIED
REPLICATION,F11_LEGACY_COUNTERMODEL_COLLAPSE,23,0,,UNIDENTIFIED
REPLICATION,F11_LEGACY_COUNTERMODEL_COLLAPSE,24,0,,UNIDENTIFIED
REPLICATION,F11_LEGACY_COUNTERMODEL_COLLAPSE,25,0,,UNIDENTIFIED
REPLICATION,F11_LEGACY_COUNTERMODEL_COLLAPSE,26,0,,UNIDENTIFIED
REPLICATION,F11_LEGACY_COUNTERMODEL_COLLAPSE,27,0,,UNIDENTIFIED
REPLICATION,F11_LEGACY_COUNTERMODEL_COLLAPSE,28,0,,UNIDENTIFIED
REPLICATION,F11_LEGACY_COUNTERMODEL_COLLAPSE,29,0,,UNIDENTIFIED
REPLICATION,F11_LEGACY_COUNTERMODEL_COLLAPSE,30,0,,UNIDENTIFIED
REPLICATION,F11_LEGACY_COUNTERMODEL_COLLAPSE,31,0,,UNIDENTIFIED
REPLICATION,F11_LEGACY_COUNTERMODEL_COLLAPSE,32,0,,UNIDENTIFIED
REPLICATION,F11_LEGACY_COUNTERMODEL_COLLAPSE,33,0,,UNIDENTIFIED
REPLICATION,F11_LEGACY_COUNTERMODEL_COLLAPSE,34,0,,UNIDENTIFIED
REPLICATION,F11_LEGACY_COUNTERMODEL_COLLAPSE,35,0,,UNIDENTIFIED
REPLICATION,F11_LEGACY_COUNTERMODEL_COLLAPSE,36,0,,UNIDENTIFIED
REPLICATION,F11_LEGACY_COUNTERMODEL_COLLAPSE,37,0,,UNIDENTIFIED
REPLICATION,F11_LEGACY_COUNTERMODEL_COLLAPSE,38,0,,UNIDENTIFIED
REPLICATION,F11_LEGACY_COUNTERMODEL_COLLAPSE,39,0,,UNIDENTIFIED
REPLICATION,F11_LEGACY_COUNTERMODEL_COLLAPSE,40,0,,UNIDENTIFIED
REPLICATION,F11_LEGACY_COUNTERMODEL_COLLAPSE,41,0,,UNIDENTIFIED
REPLICATION,F11_LEGACY_COUNTERMODEL_COLLAPSE,42,0,,UNIDENTIFIED
REPLICATION,F11_LEGACY_COUNTERMODEL_COLLAPSE,43,0,,UNIDENTIFIED
REPLICATION,F11_LEGACY_COUNTERMODEL_COLLAPSE,44,0,,UNIDENTIFIED
REPLICATION,F11_LEGACY_COUNTERMODEL_COLLAPSE,45,0,,UNIDENTIFIED
REPLICATION,F11_LEGACY_COUNTERMODEL_COLLAPSE,46,0,,UNIDENTIFIED
REPLICATION,F11_LEGACY_COUNTERMODEL_COLLAPSE,47,0,,UNIDENTIFIED
REPLICATION,F11_LEGACY_COUNTERMODEL_COLLAPSE,48,0,,UNIDENTIFIED
REPLICATION,F11_LEGACY_COUNTERMODEL_COLLAPSE,49,0,,UNIDENTIFIED
REPLICATION,F11_LEGACY_COUNTERMODEL_COLLAPSE,50,0,,UNIDENTIFIED
REPLICATION,F11_LEGACY_COUNTERMODEL_COLLAPSE,51,0,,UNIDENTIFIED
REPLICATION,F11_LEGACY_COUNTERMODEL_COLLAPSE,52,0,,UNIDENTIFIED
REPLICATION,F11_LEGACY_COUNTERMODEL_COLLAPSE,53,0,,UNIDENTIFIED
REPLICATION,F11_LEGACY_COUNTERMODEL_COLLAPSE,54,0,,UNIDENTIFIED
REPLICATION,F11_LEGACY_COUNTERMODEL_COLLAPSE,55,0,,UNIDENTIFIED
REPLICATION,F11_LEGACY_COUNTERMODEL_COLLAPSE,56,0,,UNIDENTIFIED
REPLICATION,F11_LEGACY_COUNTERMODEL_COLLAPSE,57,0,,UNIDENTIFIED
REPLICATION,F11_LEGACY_COUNTERMODEL_COLLAPSE,58,0,,UNIDENTIFIED
REPLICATION,F11_LEGACY_COUNTERMODEL_COLLAPSE,59,0,,UNIDENTIFIED
REPLICATION,F11_LEGACY_COUNTERMODEL_COLLAPSE,60,0,,UNIDENTIFIED
REPLICATION,F11_LEGACY_COUNTERMODEL_COLLAPSE,61,0,,UNIDENTIFIED
REPLICATION,F11_LEGACY_COUNTERMODEL_COLLAPSE,62,0,,UNIDENTIFIED
REPLICATION,F11_LEGACY_COUNTERMODEL_COLLAPSE,63,0,,UNIDENTIFIED
REPLICATION,F11_LEGACY_COUNTERMODEL_COLLAPSE,64,0,,UNIDENTIFIED
REPLICATION,F11_LEGACY_COUNTERMODEL_COLLAPSE,65,0,,UNIDENTIFIED
REPLICATION,F11_LEGACY_COUNTERMODEL_COLLAPSE,66,0,,UNIDENTIFIED
REPLICATION,F11_LEGACY_COUNTERMODEL_COLLAPSE,67,0,,UNIDENTIFIED
REPLICATION,F11_LEGACY_COUNTERMODEL_COLLAPSE,68,0,,UNIDENTIFIED
REPLICATION,F11_LEGACY_COUNTERMODEL_COLLAPSE,69,0,,UNIDENTIFIED
REPLICATION,F11_LEGACY_COUNTERMODEL_COLLAPSE,70,0,,UNIDENTIFIED
REPLICATION,F11_LEGACY_COUNTERMODEL_COLLAPSE,71,0,,UNIDENTIFIED
REPLICATION,F11_LEGACY_COUNTERMODEL_COLLAPSE,72,0,,UNIDENTIFIED
REPLICATION,F11_LEGACY_COUNTERMODEL_COLLAPSE,73,0,,UNIDENTIFIED
REPLICATION,F11_LEGACY_COUNTERMODEL_COLLAPSE,74,0,,UNIDENTIFIED
REPLICATION,F11_LEGACY_COUNTERMODEL_COLLAPSE,75,0,,UNIDENTIFIED
REPLICATION,F11_LEGACY_COUNTERMODEL_COLLAPSE,76,0,,UNIDENTIFIED
REPLICATION,F11_LEGACY_COUNTERMODEL_COLLAPSE,77,0,,UNIDENTIFIED
REPLICATION,F11_LEGACY_COUNTERMODEL_COLLAPSE,78,0,,UNIDENTIFIED
REPLICATION,F11_LEGACY_COUNTERMODEL_COLLAPSE,79,0,,UNIDENTIFIED
REPLICATION,F11_LEGACY_COUNTERMODEL_COLLAPSE,80,0,,UNIDENTIFIED
REPLICATION,F11_LEGACY_COUNTERMODEL_COLLAPSE,81,0,,UNIDENTIFIED
REPLICATION,F11_LEGACY_COUNTERMODEL_COLLAPSE,82,0,,UNIDENTIFIED
REPLICATION,F11_LEGACY_COUNTERMODEL_COLLAPSE,83,0,,UNIDENTIFIED
REPLICATION,F11_LEGACY_COUNTERMODEL_COLLAPSE,84,0,,UNIDENTIFIED
REPLICATION,F11_LEGACY_COUNTERMODEL_COLLAPSE,85,0,,UNIDENTIFIED
REPLICATION,F11_LEGACY_COUNTERMODEL_COLLAPSE,86,0,,UNIDENTIFIED
REPLICATION,F11_LEGACY_COUNTERMODEL_COLLAPSE,87,0,,UNIDENTIFIED
REPLICATION,F11_LEGACY_COUNTERMODEL_COLLAPSE,88,0,,UNIDENTIFIED
REPLICATION,F11_LEGACY_COUNTERMODEL_COLLAPSE,89,0,,UNIDENTIFIED
REPLICATION,F11_LEGACY_COUNTERMODEL_COLLAPSE,90,0,,UNIDENTIFIED
REPLICATION,F11_LEGACY_COUNTERMODEL_COLLAPSE,91,0,,UNIDENTIFIED
REPLICATION,F11_LEGACY_COUNTERMODEL_COLLAPSE,92,0,,UNIDENTIFIED
REPLICATION,F11_LEGACY_COUNTERMODEL_COLLAPSE,93,0,,UNIDENTIFIED
REPLICATION,F11_LEGACY_COUNTERMODEL_COLLAPSE,94,0,,UNIDENTIFIED
REPLICATION,F11_LEGACY_COUNTERMODEL_COLLAPSE,95,0,,UNIDENTIFIED
REPLICATION,F11_LEGACY_COUNTERMODEL_COLLAPSE,96,0,,UNIDENTIFIED
REPLICATION,F11_LEGACY_COUNTERMODEL_COLLAPSE,97,0,,UNIDENTIFIED
REPLICATION,F11_LEGACY_COUNTERMODEL_COLLAPSE,98,0,,UNIDENTIFIED
REPLICATION,F11_LEGACY_COUNTERMODEL_COLLAPSE,99,0,,UNIDENTIFIED
REPLICATION,F11_LEGACY_COUNTERMODEL_COLLAPSE,100,0,,UNIDENTIFIED
REPLICATION,F11_LEGACY_COUNTERMODEL_COLLAPSE,101,0,,UNIDENTIFIED
REPLICATION,F11_LEGACY_COUNTERMODEL_COLLAPSE,102,0,,UNIDENTIFIED
REPLICATION,F11_LEGACY_COUNTERMODEL_COLLAPSE,103,0,,UNIDENTIFIED
REPLICATION,F11_LEGACY_COUNTERMODEL_COLLAPSE,104,0,,UNIDENTIFIED
REPLICATION,F11_LEGACY_COUNTERMODEL_COLLAPSE,105,0,,UNIDENTIFIED
REPLICATION,F11_LEGACY_COUNTERMODEL_COLLAPSE,106,0,,UNIDENTIFIED
REPLICATION,F11_LEGACY_COUNTERMODEL_COLLAPSE,107,0,,UNIDENTIFIED
REPLICATION,F11_LEGACY_COUNTERMODEL_COLLAPSE,108,0,,UNIDENTIFIED
REPLICATION,F11_LEGACY_COUNTERMODEL_COLLAPSE,109,0,,UNIDENTIFIED
REPLICATION,F11_LEGACY_COUNTERMODEL_COLLAPSE,110,0,,UNIDENTIFIED
REPLICATION,F11_LEGACY_COUNTERMODEL_COLLAPSE,111,0,,UNIDENTIFIED
REPLICATION,F11_LEGACY_COUNTERMODEL_COLLAPSE,112,0,,UNIDENTIFIED
REPLICATION,F11_LEGACY_COUNTERMODEL_COLLAPSE,113,0,,UNIDENTIFIED
REPLICATION,F11_LEGACY_COUNTERMODEL_COLLAPSE,114,0,,UNIDENTIFIED
REPLICATION,F11_LEGACY_COUNTERMODEL_COLLAPSE,115,0,,UNIDENTIFIED
REPLICATION,F11_LEGACY_COUNTERMODEL_COLLAPSE,116,0,,UNIDENTIFIED
REPLICATION,F11_LEGACY_COUNTERMODEL_COLLAPSE,117,0,,UNIDENTIFIED
REPLICATION,F11_LEGACY_COUNTERMODEL_COLLAPSE,118,0,,UNIDENTIFIED
REPLICATION,F11_LEGACY_COUNTERMODEL_COLLAPSE,119,0,,UNIDENTIFIED
REPLICATION,F11_LEGACY_COUNTERMODEL_COLLAPSE,120,0,,UNIDENTIFIED
REPLICATION,F11_LEGACY_COUNTERMODEL_COLLAPSE,121,0,,UNIDENTIFIED
REPLICATION,F11_LEGACY_COUNTERMODEL_COLLAPSE,122,0,,UNIDENTIFIED
REPLICATION,F11_LEGACY_COUNTERMODEL_COLLAPSE,123,0,,UNIDENTIFIED
REPLICATION,F11_LEGACY_COUNTERMODEL_COLLAPSE,124,0,,UNIDENTIFIED
REPLICATION,F11_LEGACY_COUNTERMODEL_COLLAPSE,125,0,,UNIDENTIFIED
REPLICATION,F11_LEGACY_COUNTERMODEL_COLLAPSE,126,0,,UNIDENTIFIED
REPLICATION,F11_LEGACY_COUNTERMODEL_COLLAPSE,127,0,,UNIDENTIFIED
