cohort,family,seed,upstream_state,reference_beta,unrestricted_state,unrestricted_exact_equivalent_count,unrestricted_constrained_survivor_count,unrestricted_frontier_size,unrestricted_frontier_max_path_error,constrained_state,constrained_survivor_count,near_true_beta_countermodel,near_true_beta_path_error,causal_authority_granted_unrestricted,causal_authority_granted_constrained
PRIMARY,C0_VALID,71000,CAUSAL_CANDIDATE_UNDER_ASSUMPTIONS,0.80274067924534,OBSERVATIONALLY_EQUIVALENT_COUNTERMODEL_SURVIVES,62,62,14,1.7763568394002505e-15,ASSUMPTION_CONDITIONAL_IDENTIFICATION_COUNTERMODELS_OUTSIDE_BOUNDS,0,,,False,False
PRIMARY,C0_VALID,71001,CAUSAL_CANDIDATE_UNDER_ASSUMPTIONS,0.8279030323722086,OBSERVATIONALLY_EQUIVALENT_COUNTERMODEL_SURVIVES,62,62,12,1.7763568394002505e-15,ASSUMPTION_CONDITIONAL_IDENTIFICATION_COUNTERMODELS_OUTSIDE_BOUNDS,0,,,False,False
PRIMARY,C0_VALID,71002,CAUSAL_CANDIDATE_UNDER_ASSUMPTIONS,0.7656398682860851,OBSERVATIONALLY_EQUIVALENT_COUNTERMODEL_SURVIVES,62,62,16,1.7763568394002505e-15,ASSUMPTION_CONDITIONAL_IDENTIFICATION_COUNTERMODELS_OUTSIDE_BOUNDS,0,,,False,False
PRIMARY,C0_VALID,71003,CAUSAL_CANDIDATE_UNDER_ASSUMPTIONS,0.8046722258901265,OBSERVATIONALLY_EQUIVALENT_COUNTERMODEL_SURVIVES,62,62,13,1.7763568394002505e-15,ASSUMPTION_CONDITIONAL_IDENTIFICATION_COUNTERMODELS_OUTSIDE_BOUNDS,0,,,False,False
PRIMARY,C0_VALID,71004,CAUSAL_CANDIDATE_UNDER_ASSUMPTIONS,0.792263146913091,OBSERVATIONALLY_EQUIVALENT_COUNTERMODEL_SURVIVES,62,62,13,1.7763568394002505e-15,ASSUMPTION_CONDITIONAL_IDENTIFICATION_COUNTERMODELS_OUTSIDE_BOUNDS,0,,,False,False
PRIMARY,C0_VALID,71005,CAUSAL_CANDIDATE_UNDER_ASSUMPTIONS,0.8086522395455951,OBSERVATIONALLY_EQUIVALENT_COUNTERMODEL_SURVIVES,62,62,14,1.7763568394002505e-15,ASSUMPTION_CONDITIONAL_IDENTIFICATION_COUNTERMODELS_OUTSIDE_BOUNDS,0,,,False,False
PRIMARY,C0_VALID,71006,CAUSAL_CANDIDATE_UNDER_ASSUMPTIONS,0.8355694246873635,OBSERVATIONALLY_EQUIVALENT_COUNTERMODEL_SURVIVES,61,61,12,1.7763568394002505e-15,ASSUMPTION_CONDITIONAL_IDENTIFICATION_COUNTERMODELS_OUTSIDE_BOUNDS,0,,,False,False
PRIMARY,C0_VALID,71007,CAUSAL_CANDIDATE_UNDER_ASSUMPTIONS,0.7830627050125272,OBSERVATIONALLY_EQUIVALENT_COUNTERMODEL_SURVIVES,62,62,14,1.7763568394002505e-15,ASSUMPTION_CONDITIONAL_IDENTIFICATION_COUNTERMODELS_OUTSIDE_BOUNDS,0,,,False,False
PRIMARY,C0_VALID,71008,CAUSAL_CANDIDATE_UNDER_ASSUMPTIONS,0.7671118909575221,OBSERVATIONALLY_EQUIVALENT_COUNTERMODEL_SURVIVES,62,62,14,2.6645352591003757e-15,ASSUMPTION_CONDITIONAL_IDENTIFICATION_COUNTERMODELS_OUTSIDE_BOUNDS,0,,,False,False
PRIMARY,C0_VALID,71009,CAUSAL_CANDIDATE_UNDER_ASSUMPTIONS,0.8018030194580957,OBSERVATIONALLY_EQUIVALENT_COUNTERMODEL_SURVIVES,62,62,14,1.7763568394002505e-15,ASSUMPTION_CONDITIONAL_IDENTIFICATION_COUNTERMODELS_OUTSIDE_BOUNDS,0,,,False,False
PRIMARY,C0_VALID,71010,CAUSAL_CANDIDATE_UNDER_ASSUMPTIONS,0.7817025525836148,OBSERVATIONALLY_EQUIVALENT_COUNTERMODEL_SURVIVES,62,62,15,1.7763568394002505e-15,ASSUMPTION_CONDITIONAL_IDENTIFICATION_COUNTERMODELS_OUTSIDE_BOUNDS,0,,,False,False
PRIMARY,C0_VALID,71011,CAUSAL_CANDIDATE_UNDER_ASSUMPTIONS,0.8166728805593365,OBSERVATIONALLY_EQUIVALENT_COUNTERMODEL_SURVIVES,62,62,13,1.7763568394002505e-15,ASSUMPTION_CONDITIONAL_IDENTIFICATION_COUNTERMODELS_OUTSIDE_BOUNDS,0,,,False,False
PRIMARY,C0_VALID,71012,CAUSAL_CANDIDATE_UNDER_ASSUMPTIONS,0.8040885952757868,OBSERVATIONALLY_EQUIVALENT_COUNTERMODEL_SURVIVES,62,62,13,1.7763568394002505e-15,ASSUMPTION_CONDITIONAL_IDENTIFICATION_COUNTERMODELS_OUTSIDE_BOUNDS,0,,,False,False
PRIMARY,C0_VALID,71013,CAUSAL_CANDIDATE_UNDER_ASSUMPTIONS,0.8279504034725453,OBSERVATIONALLY_EQUIVALENT_COUNTERMODEL_SURVIVES,62,62,12,1.7763568394002505e-15,ASSUMPTION_CONDITIONAL_IDENTIFICATION_COUNTERMODELS_OUTSIDE_BOUNDS,0,,,False,False
PRIMARY,C0_VALID,71014,CAUSAL_CANDIDATE_UNDER_ASSUMPTIONS,0.8057061625372561,OBSERVATIONALLY_EQUIVALENT_COUNTERMODEL_SURVIVES,62,62,13,1.7763568394002505e-15,ASSUMPTION_CONDITIONAL_IDENTIFICATION_COUNTERMODELS_OUTSIDE_BOUNDS,0,,,False,False
PRIMARY,C0_VALID,71015,CAUSAL_CANDIDATE_UNDER_ASSUMPTIONS,0.7912057643197883,OBSERVATIONALLY_EQUIVALENT_COUNTERMODEL_SURVIVES,62,62,14,1.7763568394002505e-15,ASSUMPTION_CONDITIONAL_IDENTIFICATION_COUNTERMODELS_OUTSIDE_BOUNDS,0,,,False,False
PRIMARY,C0_VALID,71016,CAUSAL_CANDIDATE_UNDER_ASSUMPTIONS,0.8100958364126647,OBSERVATIONALLY_EQUIVALENT_COUNTERMODEL_SURVIVES,61,61,13,1.7763568394002505e-15,ASSUMPTION_CONDITIONAL_IDENTIFICATION_COUNTERMODELS_OUTSIDE_BOUNDS,0,,,False,False
PRIMARY,C0_VALID,71017,CAUSAL_CANDIDATE_UNDER_ASSUMPTIONS,0.8056214861178747,OBSERVATIONALLY_EQUIVALENT_COUNTERMODEL_SURVIVES,62,62,13,1.7763568394002505e-15,ASSUMPTION_CONDITIONAL_IDENTIFICATION_COUNTERMODELS_OUTSIDE_BOUNDS,0,,,False,False
PRIMARY,C0_VALID,71018,CAUSAL_CANDIDATE_UNDER_ASSUMPTIONS,0.7798798299858947,OBSERVATIONALLY_EQUIVALENT_COUNTERMODEL_SURVIVES,62,62,14,1.7763568394002505e-15,ASSUMPTION_CONDITIONAL_IDENTIFICATION_COUNTERMODELS_OUTSIDE_BOUNDS,0,,,False,False
PRIMARY,C0_VALID,71019,CAUSAL_CANDIDATE_UNDER_ASSUMPTIONS,0.794668036727221,OBSERVATIONALLY_EQUIVALENT_COUNTERMODEL_SURVIVES,62,62,14,1.7763568394002505e-15,ASSUMPTION_CONDITIONAL_IDENTIFICATION_COUNTERMODELS_OUTSIDE_BOUNDS,0,,,False,False
PRIMARY,C0_VALID,71020,CAUSAL_CANDIDATE_UNDER_ASSUMPTIONS,0.7803203954979081,OBSERVATIONALLY_EQUIVALENT_COUNTERMODEL_SURVIVES,62,62,14,1.7763568394002505e-15,ASSUMPTION_CONDITIONAL_IDENTIFICATION_COUNTERMODELS_OUTSIDE_BOUNDS,0,,,False,False
PRIMARY,C0_VALID,71021,CAUSAL_CANDIDATE_UNDER_ASSUMPTIONS,0.7829856471504308,OBSERVATIONALLY_EQUIVALENT_COUNTERMODEL_SURVIVES,62,62,13,1.7763568394002505e-15,ASSUMPTION_CONDITIONAL_IDENTIFICATION_COUNTERMODELS_OUTSIDE_BOUNDS,0,,,False,False
PRIMARY,C0_VALID,71022,CAUSAL_CANDIDATE_UNDER_ASSUMPTIONS,0.7797530816267815,OBSERVATIONALLY_EQUIVALENT_COUNTERMODEL_SURVIVES,62,62,14,1.7763568394002505e-15,ASSUMPTION_CONDITIONAL_IDENTIFICATION_COUNTERMODELS_OUTSIDE_BOUNDS,0,,,False,False
PRIMARY,C0_VALID,71023,CAUSAL_CANDIDATE_UNDER_ASSUMPTIONS,0.792131801628185,OBSERVATIONALLY_EQUIVALENT_COUNTERMODEL_SURVIVES,62,62,14,1.7763568394002505e-15,ASSUMPTION_CONDITIONAL_IDENTIFICATION_COUNTERMODELS_OUTSIDE_BOUNDS,0,,,False,False
PRIMARY,C0_VALID,71024,CAUSAL_CANDIDATE_UNDER_ASSUMPTIONS,0.8369639527249322,OBSERVATIONALLY_EQUIVALENT_COUNTERMODEL_SURVIVES,61,61,13,1.7763568394002505e-15,ASSUMPTION_CONDITIONAL_IDENTIFICATION_COUNTERMODELS_OUTSIDE_BOUNDS,0,,,False,False
PRIMARY,C0_VALID,71025,CAUSAL_CANDIDATE_UNDER_ASSUMPTIONS,0.805467579805834,OBSERVATIONALLY_EQUIVALENT_COUNTERMODEL_SURVIVES,62,62,13,1.7763568394002505e-15,ASSUMPTION_CONDITIONAL_IDENTIFICATION_COUNTERMODELS_OUTSIDE_BOUNDS,0,,,False,False
PRIMARY,C0_VALID,71026,CAUSAL_CANDIDATE_UNDER_ASSUMPTIONS,0.8134074286061971,OBSERVATIONALLY_EQUIVALENT_COUNTERMODEL_SURVIVES,61,61,12,1.7763568394002505e-15,ASSUMPTION_CONDITIONAL_IDENTIFICATION_COUNTERMODELS_OUTSIDE_BOUNDS,0,,,False,False
PRIMARY,C0_VALID,71027,CAUSAL_CANDIDATE_UNDER_ASSUMPTIONS,0.777462289138838,OBSERVATIONALLY_EQUIVALENT_COUNTERMODEL_SURVIVES,62,62,14,1.7763568394002505e-15,ASSUMPTION_CONDITIONAL_IDENTIFICATION_COUNTERMODELS_OUTSIDE_BOUNDS,0,,,False,False
PRIMARY,C0_VALID,71028,CAUSAL_CANDIDATE_UNDER_ASSUMPTIONS,0.8247641256448802,OBSERVATIONALLY_EQUIVALENT_COUNTERMODEL_SURVIVES,62,62,13,1.7763568394002505e-15,ASSUMPTION_CONDITIONAL_IDENTIFICATION_COUNTERMODELS_OUTSIDE_BOUNDS,0,,,False,False
PRIMARY,C0_VALID,71029,CAUSAL_CANDIDATE_UNDER_ASSUMPTIONS,0.8093516373220621,OBSERVATIONALLY_EQUIVALENT_COUNTERMODEL_SURVIVES,62,62,14,1.7763568394002505e-15,ASSUMPTION_CONDITIONAL_IDENTIFICATION_COUNTERMODELS_OUTSIDE_BOUNDS,0,,,False,False
PRIMARY,C0_VALID,71030,CAUSAL_CANDIDATE_UNDER_ASSUMPTIONS,0.8049026449632247,OBSERVATIONALLY_EQUIVALENT_COUNTERMODEL_SURVIVES,62,62,14,1.7763568394002505e-15,ASSUMPTION_CONDITIONAL_IDENTIFICATION_COUNTERMODELS_OUTSIDE_BOUNDS,0,,,False,False
PRIMARY,C0_VALID,71031,CAUSAL_CANDIDATE_UNDER_ASSUMPTIONS,0.8520457921731714,OBSERVATIONALLY_EQUIVALENT_COUNTERMODEL_SURVIVES,62,62,10,1.7763568394002505e-15,ASSUMPTION_CONDITIONAL_IDENTIFICATION_COUNTERMODELS_OUTSIDE_BOUNDS,0,,,False,False
PRIMARY,C0_VALID,71032,CAUSAL_CANDIDATE_UNDER_ASSUMPTIONS,0.811499571697171,OBSERVATIONALLY_EQUIVALENT_COUNTERMODEL_SURVIVES,61,61,13,1.7763568394002505e-15,ASSUMPTION_CONDITIONAL_IDENTIFICATION_COUNTERMODELS_OUTSIDE_BOUNDS,0,,,False,False
PRIMARY,C0_VALID,71033,CAUSAL_CANDIDATE_UNDER_ASSUMPTIONS,0.8024512891215996,OBSERVATIONALLY_EQUIVALENT_COUNTERMODEL_SURVIVES,62,62,14,1.7763568394002505e-15,ASSUMPTION_CONDITIONAL_IDENTIFICATION_COUNTERMODELS_OUTSIDE_BOUNDS,0,,,False,False
PRIMARY,C0_VALID,71034,CAUSAL_CANDIDATE_UNDER_ASSUMPTIONS,0.8056057813837314,OBSERVATIONALLY_EQUIVALENT_COUNTERMODEL_SURVIVES,62,62,14,1.7763568394002505e-15,ASSUMPTION_CONDITIONAL_IDENTIFICATION_COUNTERMODELS_OUTSIDE_BOUNDS,0,,,False,False
PRIMARY,C0_VALID,71035,CAUSAL_CANDIDATE_UNDER_ASSUMPTIONS,0.7739936952240769,OBSERVATIONALLY_EQUIVALENT_COUNTERMODEL_SURVIVES,62,62,15,1.7763568394002505e-15,ASSUMPTION_CONDITIONAL_IDENTIFICATION_COUNTERMODELS_OUTSIDE_BOUNDS,0,,,False,False
PRIMARY,C0_VALID,71036,CAUSAL_CANDIDATE_UNDER_ASSUMPTIONS,0.8137066439502296,OBSERVATIONALLY_EQUIVALENT_COUNTERMODEL_SURVIVES,61,61,12,1.7763568394002505e-15,ASSUMPTION_CONDITIONAL_IDENTIFICATION_COUNTERMODELS_OUTSIDE_BOUNDS,0,,,False,False
PRIMARY,C0_VALID,71037,CAUSAL_CANDIDATE_UNDER_ASSUMPTIONS,0.8059939169037381,OBSERVATIONALLY_EQUIVALENT_COUNTERMODEL_SURVIVES,62,62,13,1.7763568394002505e-15,ASSUMPTION_CONDITIONAL_IDENTIFICATION_COUNTERMODELS_OUTSIDE_BOUNDS,0,,,False,False
PRIMARY,C0_VALID,71038,CAUSAL_CANDIDATE_UNDER_ASSUMPTIONS,0.8200542689853361,OBSERVATIONALLY_EQUIVALENT_COUNTERMODEL_SURVIVES,62,62,12,1.7763568394002505e-15,ASSUMPTION_CONDITIONAL_IDENTIFICATION_COUNTERMODELS_OUTSIDE_BOUNDS,0,,,False,False
PRIMARY,C0_VALID,71039,CAUSAL_CANDIDATE_UNDER_ASSUMPTIONS,0.7991821792237546,OBSERVATIONALLY_EQUIVALENT_COUNTERMODEL_SURVIVES,62,62,14,1.7763568394002505e-15,ASSUMPTION_CONDITIONAL_IDENTIFICATION_COUNTERMODELS_OUTSIDE_BOUNDS,0,,,False,False
PRIMARY,C0_VALID,71040,CAUSAL_CANDIDATE_UNDER_ASSUMPTIONS,0.7840607710092035,OBSERVATIONALLY_EQUIVALENT_COUNTERMODEL_SURVIVES,62,62,14,1.7763568394002505e-15,ASSUMPTION_CONDITIONAL_IDENTIFICATION_COUNTERMODELS_OUTSIDE_BOUNDS,0,,,False,False
PRIMARY,C0_VALID,71041,CAUSAL_CANDIDATE_UNDER_ASSUMPTIONS,0.7882091703671755,OBSERVATIONALLY_EQUIVALENT_COUNTERMODEL_SURVIVES,61,61,12,1.7763568394002505e-15,ASSUMPTION_CONDITIONAL_IDENTIFICATION_COUNTERMODELS_OUTSIDE_BOUNDS,0,,,False,False
PRIMARY,C0_VALID,71042,CAUSAL_CANDIDATE_UNDER_ASSUMPTIONS,0.8021891995471783,OBSERVATIONALLY_EQUIVALENT_COUNTERMODEL_SURVIVES,62,62,12,1.7763568394002505e-15,ASSUMPTION_CONDITIONAL_IDENTIFICATION_COUNTERMODELS_OUTSIDE_BOUNDS,0,,,False,False
PRIMARY,C0_VALID,71043,CAUSAL_CANDIDATE_UNDER_ASSUMPTIONS,0.7904784959738279,OBSERVATIONALLY_EQUIVALENT_COUNTERMODEL_SURVIVES,62,62,14,1.7763568394002505e-15,ASSUMPTION_CONDITIONAL_IDENTIFICATION_COUNTERMODELS_OUTSIDE_BOUNDS,0,,,False,False
PRIMARY,C0_VALID,71044,CAUSAL_CANDIDATE_UNDER_ASSUMPTIONS,0.7958465504835944,OBSERVATIONALLY_EQUIVALENT_COUNTERMODEL_SURVIVES,62,62,14,1.7763568394002505e-15,ASSUMPTION_CONDITIONAL_IDENTIFICATION_COUNTERMODELS_OUTSIDE_BOUNDS,0,,,False,False
PRIMARY,C0_VALID,71045,CAUSAL_CANDIDATE_UNDER_ASSUMPTIONS,0.8067301870992409,OBSERVATIONALLY_EQUIVALENT_COUNTERMODEL_SURVIVES,62,62,13,1.7763568394002505e-15,ASSUMPTION_CONDITIONAL_IDENTIFICATION_COUNTERMODELS_OUTSIDE_BOUNDS,0,,,False,False
PRIMARY,C0_VALID,71046,CAUSAL_CANDIDATE_UNDER_ASSUMPTIONS,0.7678606371769993,OBSERVATIONALLY_EQUIVALENT_COUNTERMODEL_SURVIVES,62,62,16,1.7763568394002505e-15,ASSUMPTION_CONDITIONAL_IDENTIFICATION_COUNTERMODELS_OUTSIDE_BOUNDS,0,,,False,False
PRIMARY,C0_VALID,71047,CAUSAL_CANDIDATE_UNDER_ASSUMPTIONS,0.8094264067975039,OBSERVATIONALLY_EQUIVALENT_COUNTERMODEL_SURVIVES,62,62,14,1.7763568394002505e-15,ASSUMPTION_CONDITIONAL_IDENTIFICATION_COUNTERMODELS_OUTSIDE_BOUNDS,0,,,False,False
PRIMARY,C0_VALID,71048,CAUSAL_CANDIDATE_UNDER_ASSUMPTIONS,0.8022122509035997,OBSERVATIONALLY_EQUIVALENT_COUNTERMODEL_SURVIVES,62,62,13,1.7763568394002505e-15,ASSUMPTION_CONDITIONAL_IDENTIFICATION_COUNTERMODELS_OUTSIDE_BOUNDS,0,,,False,False
PRIMARY,C0_VALID,71049,CAUSAL_CANDIDATE_UNDER_ASSUMPTIONS,0.8201737843911637,OBSERVATIONALLY_EQUIVALENT_COUNTERMODEL_SURVIVES,62,62,13,1.7763568394002505e-15,ASSUMPTION_CONDITIONAL_IDENTIFICATION_COUNTERMODELS_OUTSIDE_BOUNDS,0,,,False,False
PRIMARY,C0_VALID,71050,CAUSAL_CANDIDATE_UNDER_ASSUMPTIONS,0.7989161611476842,OBSERVATIONALLY_EQUIVALENT_COUNTERMODEL_SURVIVES,62,62,14,1.7763568394002505e-15,ASSUMPTION_CONDITIONAL_IDENTIFICATION_COUNTERMODELS_OUTSIDE_BOUNDS,0,,,False,False
PRIMARY,C0_VALID,71051,CAUSAL_CANDIDATE_UNDER_ASSUMPTIONS,0.8060617963119184,OBSERVATIONALLY_EQUIVALENT_COUNTERMODEL_SURVIVES,62,62,13,1.7763568394002505e-15,ASSUMPTION_CONDITIONAL_IDENTIFICATION_COUNTERMODELS_OUTSIDE_BOUNDS,0,,,False,False
PRIMARY,C0_VALID,71052,CAUSAL_CANDIDATE_UNDER_ASSUMPTIONS,0.7848929045082034,OBSERVATIONALLY_EQUIVALENT_COUNTERMODEL_SURVIVES,62,62,15,1.7763568394002505e-15,ASSUMPTION_CONDITIONAL_IDENTIFICATION_COUNTERMODELS_OUTSIDE_BOUNDS,0,,,False,False
PRIMARY,C0_VALID,71053,CAUSAL_CANDIDATE_UNDER_ASSUMPTIONS,0.8023488905698669,OBSERVATIONALLY_EQUIVALENT_COUNTERMODEL_SURVIVES,62,62,13,1.7763568394002505e-15,ASSUMPTION_CONDITIONAL_IDENTIFICATION_COUNTERMODELS_OUTSIDE_BOUNDS,0,,,False,False
PRIMARY,C0_VALID,71054,CAUSAL_CANDIDATE_UNDER_ASSUMPTIONS,0.7768768347851301,OBSERVATIONALLY_EQUIVALENT_COUNTERMODEL_SURVIVES,62,62,14,1.7763568394002505e-15,ASSUMPTION_CONDITIONAL_IDENTIFICATION_COUNTERMODELS_OUTSIDE_BOUNDS,0,,,False,False
PRIMARY,C0_VALID,71055,CAUSAL_CANDIDATE_UNDER_ASSUMPTIONS,0.7887312346230232,OBSERVATIONALLY_EQUIVALENT_COUNTERMODEL_SURVIVES,61,61,13,1.7763568394002505e-15,ASSUMPTION_CONDITIONAL_IDENTIFICATION_COUNTERMODELS_OUTSIDE_BOUNDS,0,,,False,False
PRIMARY,C0_VALID,71056,CAUSAL_CANDIDATE_UNDER_ASSUMPTIONS,0.8065356542374322,OBSERVATIONALLY_EQUIVALENT_COUNTERMODEL_SURVIVES,62,62,13,1.7763568394002505e-15,ASSUMPTION_CONDITIONAL_IDENTIFICATION_COUNTERMODELS_OUTSIDE_BOUNDS,0,,,False,False
PRIMARY,C0_VALID,71057,CAUSAL_CANDIDATE_UNDER_ASSUMPTIONS,0.8189534763139109,OBSERVATIONALLY_EQUIVALENT_COUNTERMODEL_SURVIVES,62,62,13,1.7763568394002505e-15,ASSUMPTION_CONDITIONAL_IDENTIFICATION_COUNTERMODELS_OUTSIDE_BOUNDS,0,,,False,False
PRIMARY,C0_VALID,71058,CAUSAL_CANDIDATE_UNDER_ASSUMPTIONS,0.8429169846212241,OBSERVATIONALLY_EQUIVALENT_COUNTERMODEL_SURVIVES,62,62,12,1.7763568394002505e-15,ASSUMPTION_CONDITIONAL_IDENTIFICATION_COUNTERMODELS_OUTSIDE_BOUNDS,0,,,False,False
PRIMARY,C0_VALID,71059,CAUSAL_CANDIDATE_UNDER_ASSUMPTIONS,0.8071255438406666,OBSERVATIONALLY_EQUIVALENT_COUNTERMODEL_SURVIVES,62,62,13,1.7763568394002505e-15,ASSUMPTION_CONDITIONAL_IDENTIFICATION_COUNTERMODELS_OUTSIDE_BOUNDS,0,,,False,False
PRIMARY,C0_VALID,71060,CAUSAL_CANDIDATE_UNDER_ASSUMPTIONS,0.8054372942084268,OBSERVATIONALLY_EQUIVALENT_COUNTERMODEL_SURVIVES,62,62,12,3.552713678800501e-15,ASSUMPTION_CONDITIONAL_IDENTIFICATION_COUNTERMODELS_OUTSIDE_BOUNDS,0,,,False,False
PRIMARY,C0_VALID,71061,CAUSAL_CANDIDATE_UNDER_ASSUMPTIONS,0.7861027731120417,OBSERVATIONALLY_EQUIVALENT_COUNTERMODEL_SURVIVES,61,61,14,1.7763568394002505e-15,ASSUMPTION_CONDITIONAL_IDENTIFICATION_COUNTERMODELS_OUTSIDE_BOUNDS,0,,,False,False
PRIMARY,C0_VALID,71062,CAUSAL_CANDIDATE_UNDER_ASSUMPTIONS,0.8176298331673112,OBSERVATIONALLY_EQUIVALENT_COUNTERMODEL_SURVIVES,62,62,13,3.552713678800501e-15,ASSUMPTION_CONDITIONAL_IDENTIFICATION_COUNTERMODELS_OUTSIDE_BOUNDS,0,,,False,False
PRIMARY,C0_VALID,71063,CAUSAL_CANDIDATE_UNDER_ASSUMPTIONS,0.797386875216639,OBSERVATIONALLY_EQUIVALENT_COUNTERMODEL_SURVIVES,62,62,14,1.7763568394002505e-15,ASSUMPTION_CONDITIONAL_IDENTIFICATION_COUNTERMODELS_OUTSIDE_BOUNDS,0,,,False,False
PRIMARY,C1_COORDINATED_EXCLUSION,71000,CAUSAL_CANDIDATE_UNDER_ASSUMPTIONS,1.3125649690204957,OBSERVATIONALLY_EQUIVALENT_COUNTERMODEL_SURVIVES,61,61,1,1.7763568394002505e-15,ASSUMPTION_CONDITIONAL_IDENTIFICATION_COUNTERMODELS_OUTSIDE_BOUNDS,0,,,False,False
PRIMARY,C1_COORDINATED_EXCLUSION,71001,CAUSAL_CANDIDATE_UNDER_ASSUMPTIONS,1.3327435712926454,OBSERVATIONALLY_EQUIVALENT_COUNTERMODEL_SURVIVES,62,62,1,1.1102230246251565e-15,ASSUMPTION_CONDITIONAL_IDENTIFICATION_COUNTERMODELS_OUTSIDE_BOUNDS,0,,,False,False
PRIMARY,C1_COORDINATED_EXCLUSION,71002,CAUSAL_CANDIDATE_UNDER_ASSUMPTIONS,1.2658382636702978,OBSERVATIONALLY_EQUIVALENT_COUNTERMODEL_SURVIVES,62,62,2,1.7763568394002505e-15,ASSUMPTION_CONDITIONAL_IDENTIFICATION_COUNTERMODELS_OUTSIDE_BOUNDS,0,0.7750000000000001,8.881784197001252e-16,False,False
PRIMARY,C1_COORDINATED_EXCLUSION,71003,CAUSAL_CANDIDATE_UNDER_ASSUMPTIONS,1.2924398156089114,OBSERVATIONALLY_EQUIVALENT_COUNTERMODEL_SURVIVES,62,62,2,1.7763568394002505e-15,ASSUMPTION_CONDITIONAL_IDENTIFICATION_COUNTERMODELS_OUTSIDE_BOUNDS,0,0.8,8.881784197001252e-16,False,False
PRIMARY,C1_COORDINATED_EXCLUSION,71004,CAUSAL_CANDIDATE_UNDER_ASSUMPTIONS,1.297501201194354,OBSERVATIONALLY_EQUIVALENT_COUNTERMODEL_SURVIVES,62,62,2,1.3322676295501878e-15,ASSUMPTION_CONDITIONAL_IDENTIFICATION_COUNTERMODELS_OUTSIDE_BOUNDS,0,0.8,8.881784197001252e-16,False,False
PRIMARY,C1_COORDINATED_EXCLUSION,71005,CAUSAL_CANDIDATE_UNDER_ASSUMPTIONS,1.3066304435308882,OBSERVATIONALLY_EQUIVALENT_COUNTERMODEL_SURVIVES,62,62,1,1.7763568394002505e-15,ASSUMPTION_CONDITIONAL_IDENTIFICATION_COUNTERMODELS_OUTSIDE_BOUNDS,0,,,False,False
PRIMARY,C1_COORDINATED_EXCLUSION,71006,CAUSAL_CANDIDATE_UNDER_ASSUMPTIONS,1.3156010695293903,OBSERVATIONALLY_EQUIVALENT_COUNTERMODEL_SURVIVES,62,62,2,1.3322676295501878e-15,ASSUMPTION_CONDITIONAL_IDENTIFICATION_COUNTERMODELS_OUTSIDE_BOUNDS,0,0.8250000000000002,8.881784197001252e-16,False,False
PRIMARY,C1_COORDINATED_EXCLUSION,71007,CAUSAL_CANDIDATE_UNDER_ASSUMPTIONS,1.2919316103656397,OBSERVATIONALLY_EQUIVALENT_COUNTERMODEL_SURVIVES,62,62,2,1.7763568394002505e-15,ASSUMPTION_CONDITIONAL_IDENTIFICATION_COUNTERMODELS_OUTSIDE_BOUNDS,0,0.8,8.881784197001252e-16,False,False
PRIMARY,C1_COORDINATED_EXCLUSION,71008,CAUSAL_CANDIDATE_UNDER_ASSUMPTIONS,1.2840351852924843,OBSERVATIONALLY_EQUIVALENT_COUNTERMODEL_SURVIVES,62,62,1,1.7763568394002505e-15,ASSUMPTION_CONDITIONAL_IDENTIFICATION_COUNTERMODELS_OUTSIDE_BOUNDS,0,,,False,False
PRIMARY,C1_COORDINATED_EXCLUSION,71009,CAUSAL_CANDIDATE_UNDER_ASSUMPTIONS,1.2955568267061102,OBSERVATIONALLY_EQUIVALENT_COUNTERMODEL_SURVIVES,62,62,2,1.7763568394002505e-15,ASSUMPTION_CONDITIONAL_IDENTIFICATION_COUNTERMODELS_OUTSIDE_BOUNDS,0,0.8,8.881784197001252e-16,False,False
PRIMARY,C1_COORDINATED_EXCLUSION,71010,CAUSAL_CANDIDATE_UNDER_ASSUMPTIONS,1.2769897737175526,OBSERVATIONALLY_EQUIVALENT_COUNTERMODEL_SURVIVES,62,62,1,1.7763568394002505e-15,ASSUMPTION_CONDITIONAL_IDENTIFICATION_COUNTERMODELS_OUTSIDE_BOUNDS,0,,,False,False
PRIMARY,C1_COORDINATED_EXCLUSION,71011,CAUSAL_CANDIDATE_UNDER_ASSUMPTIONS,1.2987240772276867,OBSERVATIONALLY_EQUIVALENT_COUNTERMODEL_SURVIVES,62,62,2,1.7763568394002505e-15,ASSUMPTION_CONDITIONAL_IDENTIFICATION_COUNTERMODELS_OUTSIDE_BOUNDS,0,0.8,8.881784197001252e-16,False,False
PRIMARY,C1_COORDINATED_EXCLUSION,71012,CAUSAL_CANDIDATE_UNDER_ASSUMPTIONS,1.296278576172388,OBSERVATIONALLY_EQUIVALENT_COUNTERMODEL_SURVIVES,62,62,2,1.3322676295501878e-15,ASSUMPTION_CONDITIONAL_IDENTIFICATION_COUNTERMODELS_OUTSIDE_BOUNDS,0,0.8,8.881784197001252e-16,False,False
PRIMARY,C1_COORDINATED_EXCLUSION,71013,CAUSAL_CANDIDATE_UNDER_ASSUMPTIONS,1.3255003549873634,OBSERVATIONALLY_EQUIVALENT_COUNTERMODEL_SURVIVES,62,62,1,1.7763568394002505e-15,ASSUMPTION_CONDITIONAL_IDENTIFICATION_COUNTERMODELS_OUTSIDE_BOUNDS,0,,,False,False
PRIMARY,C1_COORDINATED_EXCLUSION,71014,CAUSAL_CANDIDATE_UNDER_ASSUMPTIONS,1.3122275525745066,OBSERVATIONALLY_EQUIVALENT_COUNTERMODEL_SURVIVES,61,61,2,1.7763568394002505e-15,ASSUMPTION_CONDITIONAL_IDENTIFICATION_COUNTERMODELS_OUTSIDE_BOUNDS,0,0.8,8.881784197001252e-16,False,False
PRIMARY,C1_COORDINATED_EXCLUSION,71015,CAUSAL_CANDIDATE_UNDER_ASSUMPTIONS,1.2931892352888057,OBSERVATIONALLY_EQUIVALENT_COUNTERMODEL_SURVIVES,62,62,2,1.7763568394002505e-15,ASSUMPTION_CONDITIONAL_IDENTIFICATION_COUNTERMODELS_OUTSIDE_BOUNDS,0,0.8,8.881784197001252e-16,False,False
PRIMARY,C1_COORDINATED_EXCLUSION,71016,CAUSAL_CANDIDATE_UNDER_ASSUMPTIONS,1.3260116117824057,OBSERVATIONALLY_EQUIVALENT_COUNTERMODEL_SURVIVES,62,62,1,1.7763568394002505e-15,ASSUMPTION_CONDITIONAL_IDENTIFICATION_COUNTERMODELS_OUTSIDE_BOUNDS,0,,,False,False
PRIMARY,C1_COORDINATED_EXCLUSION,71017,CAUSAL_CANDIDATE_UNDER_ASSUMPTIONS,1.305247134037108,OBSERVATIONALLY_EQUIVALENT_COUNTERMODEL_SURVIVES,62,62,1,1.7763568394002505e-15,ASSUMPTION_CONDITIONAL_IDENTIFICATION_COUNTERMODELS_OUTSIDE_BOUNDS,0,,,False,False
PRIMARY,C1_COORDINATED_EXCLUSION,71018,CAUSAL_CANDIDATE_UNDER_ASSUMPTIONS,1.2884854532758638,OBSERVATIONALLY_EQUIVALENT_COUNTERMODEL_SURVIVES,61,61,1,1.7763568394002505e-15,ASSUMPTION_CONDITIONAL_IDENTIFICATION_COUNTERMODELS_OUTSIDE_BOUNDS,0,,,False,False
PRIMARY,C1_COORDINATED_EXCLUSION,71019,CAUSAL_CANDIDATE_UNDER_ASSUMPTIONS,1.2959716811842201,OBSERVATIONALLY_EQUIVALENT_COUNTERMODEL_SURVIVES,62,62,2,1.7763568394002505e-15,ASSUMPTION_CONDITIONAL_IDENTIFICATION_COUNTERMODELS_OUTSIDE_BOUNDS,0,0.8,8.881784197001252e-16,False,False
PRIMARY,C1_COORDINATED_EXCLUSION,71020,CAUSAL_CANDIDATE_UNDER_ASSUMPTIONS,1.2744193817036695,OBSERVATIONALLY_EQUIVALENT_COUNTERMODEL_SURVIVES,62,62,2,1.7763568394002505e-15,ASSUMPTION_CONDITIONAL_IDENTIFICATION_COUNTERMODELS_OUTSIDE_BOUNDS,0,0.7750000000000001,8.881784197001252e-16,False,False
PRIMARY,C1_COORDINATED_EXCLUSION,71021,CAUSAL_CANDIDATE_UNDER_ASSUMPTIONS,1.2859415750492273,OBSERVATIONALLY_EQUIVALENT_COUNTERMODEL_SURVIVES,61,61,2,1.7763568394002505e-15,ASSUMPTION_CONDITIONAL_IDENTIFICATION_COUNTERMODELS_OUTSIDE_BOUNDS,0,0.7750000000000001,8.881784197001252e-16,False,False
PRIMARY,C1_COORDINATED_EXCLUSION,71022,CAUSAL_CANDIDATE_UNDER_ASSUMPTIONS,1.293086988990589,OBSERVATIONALLY_EQUIVALENT_COUNTERMODEL_SURVIVES,62,62,2,1.7763568394002505e-15,ASSUMPTION_CONDITIONAL_IDENTIFICATION_COUNTERMODELS_OUTSIDE_BOUNDS,0,0.8,8.881784197001252e-16,False,False
PRIMARY,C1_COORDINATED_EXCLUSION,71023,CAUSAL_CANDIDATE_UNDER_ASSUMPTIONS,1.2861743863641324,OBSERVATIONALLY_EQUIVALENT_COUNTERMODEL_SURVIVES,61,61,2,1.7763568394002505e-15,ASSUMPTION_CONDITIONAL_IDENTIFICATION_COUNTERMODELS_OUTSIDE_BOUNDS,0,0.7750000000000001,8.881784197001252e-16,False,False
PRIMARY,C1_COORDINATED_EXCLUSION,71024,CAUSAL_CANDIDATE_UNDER_ASSUMPTIONS,1.3332968260871323,OBSERVATIONALLY_EQUIVALENT_COUNTERMODEL_SURVIVES,62,62,1,1.7763568394002505e-15,ASSUMPTION_CONDITIONAL_IDENTIFICATION_COUNTERMODELS_OUTSIDE_BOUNDS,0,,,False,False
PRIMARY,C1_COORDINATED_EXCLUSION,71025,CAUSAL_CANDIDATE_UNDER_ASSUMPTIONS,1.3157728610351798,OBSERVATIONALLY_EQUIVALENT_COUNTERMODEL_SURVIVES,62,62,2,1.7763568394002505e-15,ASSUMPTION_CONDITIONAL_IDENTIFICATION_COUNTERMODELS_OUTSIDE_BOUNDS,0,0.8250000000000002,1.7763568394002505e-15,False,False
PRIMARY,C1_COORDINATED_EXCLUSION,71026,CAUSAL_CANDIDATE_UNDER_ASSUMPTIONS,1.3140450344489467,OBSERVATIONALLY_EQUIVALENT_COUNTERMODEL_SURVIVES,61,61,1,1.7763568394002505e-15,ASSUMPTION_CONDITIONAL_IDENTIFICATION_COUNTERMODELS_OUTSIDE_BOUNDS,0,,,False,False
PRIMARY,C1_COORDINATED_EXCLUSION,71027,CAUSAL_CANDIDATE_UNDER_ASSUMPTIONS,1.282123461097018,OBSERVATIONALLY_EQUIVALENT_COUNTERMODEL_SURVIVES,62,62,1,1.7763568394002505e-15,ASSUMPTION_CONDITIONAL_IDENTIFICATION_COUNTERMODELS_OUTSIDE_BOUNDS,0,,,False,False
PRIMARY,C1_COORDINATED_EXCLUSION,71028,CAUSAL_CANDIDATE_UNDER_ASSUMPTIONS,1.3107703824402486,OBSERVATIONALLY_EQUIVALENT_COUNTERMODEL_SURVIVES,61,61,2,1.7763568394002505e-15,ASSUMPTION_CONDITIONAL_IDENTIFICATION_COUNTERMODELS_OUTSIDE_BOUNDS,0,0.8,8.881784197001252e-16,False,False
PRIMARY,C1_COORDINATED_EXCLUSION,71029,CAUSAL_CANDIDATE_UNDER_ASSUMPTIONS,1.3074601398474515,OBSERVATIONALLY_EQUIVALENT_COUNTERMODEL_SURVIVES,62,62,1,1.7763568394002505e-15,ASSUMPTION_CONDITIONAL_IDENTIFICATION_COUNTERMODELS_OUTSIDE_BOUNDS,0,,,False,False
PRIMARY,C1_COORDINATED_EXCLUSION,71030,CAUSAL_CANDIDATE_UNDER_ASSUMPTIONS,1.3129812638335159,OBSERVATIONALLY_EQUIVALENT_COUNTERMODEL_SURVIVES,61,61,1,1.3322676295501878e-15,ASSUMPTION_CONDITIONAL_IDENTIFICATION_COUNTERMODELS_OUTSIDE_BOUNDS,0,,,False,False
PRIMARY,C1_COORDINATED_EXCLUSION,71031,CAUSAL_CANDIDATE_UNDER_ASSUMPTIONS,1.3442675557144923,OBSERVATIONALLY_EQUIVALENT_COUNTERMODEL_SURVIVES,62,62,2,1.7763568394002505e-15,ASSUMPTION_CONDITIONAL_IDENTIFICATION_COUNTERMODELS_OUTSIDE_BOUNDS,0,,,False,False
PRIMARY,C1_COORDINATED_EXCLUSION,71032,CAUSAL_CANDIDATE_UNDER_ASSUMPTIONS,1.308714925477884,OBSERVATIONALLY_EQUIVALENT_COUNTERMODEL_SURVIVES,62,62,1,1.1102230246251565e-15,ASSUMPTION_CONDITIONAL_IDENTIFICATION_COUNTERMODELS_OUTSIDE_BOUNDS,0,,,False,False
PRIMARY,C1_COORDINATED_EXCLUSION,71033,CAUSAL_CANDIDATE_UNDER_ASSUMPTIONS,1.2991339106405018,OBSERVATIONALLY_EQUIVALENT_COUNTERMODEL_SURVIVES,62,62,2,2.6645352591003757e-15,ASSUMPTION_CONDITIONAL_IDENTIFICATION_COUNTERMODELS_OUTSIDE_BOUNDS,0,0.8,8.881784197001252e-16,False,False
PRIMARY,C1_COORDINATED_EXCLUSION,71034,CAUSAL_CANDIDATE_UNDER_ASSUMPTIONS,1.3028613086423557,OBSERVATIONALLY_EQUIVALENT_COUNTERMODEL_SURVIVES,62,62,1,1.7763568394002505e-15,ASSUMPTION_CONDITIONAL_IDENTIFICATION_COUNTERMODELS_OUTSIDE_BOUNDS,0,,,False,False
PRIMARY,C1_COORDINATED_EXCLUSION,71035,CAUSAL_CANDIDATE_UNDER_ASSUMPTIONS,1.2803966253435477,OBSERVATIONALLY_EQUIVALENT_COUNTERMODEL_SURVIVES,62,62,1,1.7763568394002505e-15,ASSUMPTION_CONDITIONAL_IDENTIFICATION_COUNTERMODELS_OUTSIDE_BOUNDS,0,,,False,False
PRIMARY,C1_COORDINATED_EXCLUSION,71036,CAUSAL_CANDIDATE_UNDER_ASSUMPTIONS,1.297460568260798,OBSERVATIONALLY_EQUIVALENT_COUNTERMODEL_SURVIVES,62,62,2,1.7763568394002505e-15,ASSUMPTION_CONDITIONAL_IDENTIFICATION_COUNTERMODELS_OUTSIDE_BOUNDS,0,0.8,8.881784197001252e-16,False,False
PRIMARY,C1_COORDINATED_EXCLUSION,71037,CAUSAL_CANDIDATE_UNDER_ASSUMPTIONS,1.2966182803434567,OBSERVATIONALLY_EQUIVALENT_COUNTERMODEL_SURVIVES,62,62,2,1.7763568394002505e-15,ASSUMPTION_CONDITIONAL_IDENTIFICATION_COUNTERMODELS_OUTSIDE_BOUNDS,0,0.8,1.7763568394002505e-15,False,False
PRIMARY,C1_COORDINATED_EXCLUSION,71038,CAUSAL_CANDIDATE_UNDER_ASSUMPTIONS,1.3222200925391348,OBSERVATIONALLY_EQUIVALENT_COUNTERMODEL_SURVIVES,62,62,2,1.7763568394002505e-15,ASSUMPTION_CONDITIONAL_IDENTIFICATION_COUNTERMODELS_OUTSIDE_BOUNDS,0,0.8250000000000002,1.7763568394002505e-15,False,False
PRIMARY,C1_COORDINATED_EXCLUSION,71039,CAUSAL_CANDIDATE_UNDER_ASSUMPTIONS,1.3049010237256482,OBSERVATIONALLY_EQUIVALENT_COUNTERMODEL_SURVIVES,62,62,1,1.7763568394002505e-15,ASSUMPTION_CONDITIONAL_IDENTIFICATION_COUNTERMODELS_OUTSIDE_BOUNDS,0,,,False,False
PRIMARY,C1_COORDINATED_EXCLUSION,71040,CAUSAL_CANDIDATE_UNDER_ASSUMPTIONS,1.2935588485711225,OBSERVATIONALLY_EQUIVALENT_COUNTERMODEL_SURVIVES,62,62,2,8.881784197001252e-16,ASSUMPTION_CONDITIONAL_IDENTIFICATION_COUNTERMODELS_OUTSIDE_BOUNDS,0,0.8,8.881784197001252e-16,False,False
PRIMARY,C1_COORDINATED_EXCLUSION,71041,CAUSAL_CANDIDATE_UNDER_ASSUMPTIONS,1.2782199087534474,OBSERVATIONALLY_EQUIVALENT_COUNTERMODEL_SURVIVES,62,62,1,1.7763568394002505e-15,ASSUMPTION_CONDITIONAL_IDENTIFICATION_COUNTERMODELS_OUTSIDE_BOUNDS,0,,,False,False
PRIMARY,C1_COORDINATED_EXCLUSION,71042,CAUSAL_CANDIDATE_UNDER_ASSUMPTIONS,1.2982018499923191,OBSERVATIONALLY_EQUIVALENT_COUNTERMODEL_SURVIVES,62,62,2,8.881784197001252e-16,ASSUMPTION_CONDITIONAL_IDENTIFICATION_COUNTERMODELS_OUTSIDE_BOUNDS,0,0.8,8.881784197001252e-16,False,False
PRIMARY,C1_COORDINATED_EXCLUSION,71043,CAUSAL_CANDIDATE_UNDER_ASSUMPTIONS,1.3005398819768468,OBSERVATIONALLY_EQUIVALENT_COUNTERMODEL_SURVIVES,62,62,1,1.7763568394002505e-15,ASSUMPTION_CONDITIONAL_IDENTIFICATION_COUNTERMODELS_OUTSIDE_BOUNDS,0,,,False,False
PRIMARY,C1_COORDINATED_EXCLUSION,71044,CAUSAL_CANDIDATE_UNDER_ASSUMPTIONS,1.302264805444065,OBSERVATIONALLY_EQUIVALENT_COUNTERMODEL_SURVIVES,62,62,1,8.881784197001252e-16,ASSUMPTION_CONDITIONAL_IDENTIFICATION_COUNTERMODELS_OUTSIDE_BOUNDS,0,,,False,False
PRIMARY,C1_COORDINATED_EXCLUSION,71045,CAUSAL_CANDIDATE_UNDER_ASSUMPTIONS,1.308131359403453,OBSERVATIONALLY_EQUIVALENT_COUNTERMODEL_SURVIVES,62,62,1,1.3322676295501878e-15,ASSUMPTION_CONDITIONAL_IDENTIFICATION_COUNTERMODELS_OUTSIDE_BOUNDS,0,,,False,False
PRIMARY,C1_COORDINATED_EXCLUSION,71046,CAUSAL_CANDIDATE_UNDER_ASSUMPTIONS,1.2758736202690568,OBSERVATIONALLY_EQUIVALENT_COUNTERMODEL_SURVIVES,62,62,1,1.7763568394002505e-15,ASSUMPTION_CONDITIONAL_IDENTIFICATION_COUNTERMODELS_OUTSIDE_BOUNDS,0,,,False,False
PRIMARY,C1_COORDINATED_EXCLUSION,71047,CAUSAL_CANDIDATE_UNDER_ASSUMPTIONS,1.304336396822749,OBSERVATIONALLY_EQUIVALENT_COUNTERMODEL_SURVIVES,62,62,1,1.7763568394002505e-15,ASSUMPTION_CONDITIONAL_IDENTIFICATION_COUNTERMODELS_OUTSIDE_BOUNDS,0,,,False,False
PRIMARY,C1_COORDINATED_EXCLUSION,71048,CAUSAL_CANDIDATE_UNDER_ASSUMPTIONS,1.3153596374881984,OBSERVATIONALLY_EQUIVALENT_COUNTERMODEL_SURVIVES,62,62,2,1.7763568394002505e-15,ASSUMPTION_CONDITIONAL_IDENTIFICATION_COUNTERMODELS_OUTSIDE_BOUNDS,0,0.8250000000000002,8.881784197001252e-16,False,False
PRIMARY,C1_COORDINATED_EXCLUSION,71049,CAUSAL_CANDIDATE_UNDER_ASSUMPTIONS,1.3074230037507226,OBSERVATIONALLY_EQUIVALENT_COUNTERMODEL_SURVIVES,62,62,1,1.7763568394002505e-15,ASSUMPTION_CONDITIONAL_IDENTIFICATION_COUNTERMODELS_OUTSIDE_BOUNDS,0,,,False,False
PRIMARY,C1_COORDINATED_EXCLUSION,71050,CAUSAL_CANDIDATE_UNDER_ASSUMPTIONS,1.29951497573591,OBSERVATIONALLY_EQUIVALENT_COUNTERMODEL_SURVIVES,62,62,2,1.7763568394002505e-15,ASSUMPTION_CONDITIONAL_IDENTIFICATION_COUNTERMODELS_OUTSIDE_BOUNDS,0,0.8,8.881784197001252e-16,False,False
PRIMARY,C1_COORDINATED_EXCLUSION,71051,CAUSAL_CANDIDATE_UNDER_ASSUMPTIONS,1.2951447891147385,OBSERVATIONALLY_EQUIVALENT_COUNTERMODEL_SURVIVES,62,62,2,1.7763568394002505e-15,ASSUMPTION_CONDITIONAL_IDENTIFICATION_COUNTERMODELS_OUTSIDE_BOUNDS,0,0.8,8.881784197001252e-16,False,False
PRIMARY,C1_COORDINATED_EXCLUSION,71052,CAUSAL_CANDIDATE_UNDER_ASSUMPTIONS,1.2838879543508994,OBSERVATIONALLY_EQUIVALENT_COUNTERMODEL_SURVIVES,62,62,1,1.7763568394002505e-15,ASSUMPTION_CONDITIONAL_IDENTIFICATION_COUNTERMODELS_OUTSIDE_BOUNDS,0,,,False,False
PRIMARY,C1_COORDINATED_EXCLUSION,71053,CAUSAL_CANDIDATE_UNDER_ASSUMPTIONS,1.2959415292734384,OBSERVATIONALLY_EQUIVALENT_COUNTERMODEL_SURVIVES,62,62,2,8.881784197001252e-16,ASSUMPTION_CONDITIONAL_IDENTIFICATION_COUNTERMODELS_OUTSIDE_BOUNDS,0,0.8,8.881784197001252e-16,False,False
PRIMARY,C1_COORDINATED_EXCLUSION,71054,CAUSAL_CANDIDATE_UNDER_ASSUMPTIONS,1.2845371172900601,OBSERVATIONALLY_EQUIVALENT_COUNTERMODEL_SURVIVES,62,62,1,1.7763568394002505e-15,ASSUMPTION_CONDITIONAL_IDENTIFICATION_COUNTERMODELS_OUTSIDE_BOUNDS,0,,,False,False
PRIMARY,C1_COORDINATED_EXCLUSION,71055,CAUSAL_CANDIDATE_UNDER_ASSUMPTIONS,1.290259228313564,OBSERVATIONALLY_EQUIVALENT_COUNTERMODEL_SURVIVES,62,62,2,1.7763568394002505e-15,ASSUMPTION_CONDITIONAL_IDENTIFICATION_COUNTERMODELS_OUTSIDE_BOUNDS,0,0.8,1.7763568394002505e-15,False,False
PRIMARY,C1_COORDINATED_EXCLUSION,71056,CAUSAL_CANDIDATE_UNDER_ASSUMPTIONS,1.3189182022585284,OBSERVATIONALLY_EQUIVALENT_COUNTERMODEL_SURVIVES,62,62,2,1.7763568394002505e-15,ASSUMPTION_CONDITIONAL_IDENTIFICATION_COUNTERMODELS_OUTSIDE_BOUNDS,0,0.8250000000000002,8.881784197001252e-16,False,False
PRIMARY,C1_COORDINATED_EXCLUSION,71057,CAUSAL_CANDIDATE_UNDER_ASSUMPTIONS,1.3059420919408156,OBSERVATIONALLY_EQUIVALENT_COUNTERMODEL_SURVIVES,62,62,1,1.7763568394002505e-15,ASSUMPTION_CONDITIONAL_IDENTIFICATION_COUNTERMODELS_OUTSIDE_BOUNDS,0,,,False,False
PRIMARY,C1_COORDINATED_EXCLUSION,71058,CAUSAL_CANDIDATE_UNDER_ASSUMPTIONS,1.3368638403945845,OBSERVATIONALLY_EQUIVALENT_COUNTERMODEL_SURVIVES,61,61,2,1.7763568394002505e-15,ASSUMPTION_CONDITIONAL_IDENTIFICATION_COUNTERMODELS_OUTSIDE_BOUNDS,0,0.8250000000000002,1.7763568394002505e-15,False,False
PRIMARY,C1_COORDINATED_EXCLUSION,71059,CAUSAL_CANDIDATE_UNDER_ASSUMPTIONS,1.3161442551208709,OBSERVATIONALLY_EQUIVALENT_COUNTERMODEL_SURVIVES,62,62,2,1.7763568394002505e-15,ASSUMPTION_CONDITIONAL_IDENTIFICATION_COUNTERMODELS_OUTSIDE_BOUNDS,0,0.8250000000000002,8.881784197001252e-16,False,False
PRIMARY,C1_COORDINATED_EXCLUSION,71060,CAUSAL_CANDIDATE_UNDER_ASSUMPTIONS,1.3015753162244972,OBSERVATIONALLY_EQUIVALENT_COUNTERMODEL_SURVIVES,62,62,1,1.1102230246251565e-15,ASSUMPTION_CONDITIONAL_IDENTIFICATION_COUNTERMODELS_OUTSIDE_BOUNDS,0,,,False,False
PRIMARY,C1_COORDINATED_EXCLUSION,71061,CAUSAL_CANDIDATE_UNDER_ASSUMPTIONS,1.2787197802550587,OBSERVATIONALLY_EQUIVALENT_COUNTERMODEL_SURVIVES,62,62,1,1.7763568394002505e-15,ASSUMPTION_CONDITIONAL_IDENTIFICATION_COUNTERMODELS_OUTSIDE_BOUNDS,0,,,False,False
PRIMARY,C1_COORDINATED_EXCLUSION,71062,CAUSAL_CANDIDATE_UNDER_ASSUMPTIONS,1.3080366795116587,OBSERVATIONALLY_EQUIVALENT_COUNTERMODEL_SURVIVES,62,62,1,1.7763568394002505e-15,ASSUMPTION_CONDITIONAL_IDENTIFICATION_COUNTERMODELS_OUTSIDE_BOUNDS,0,,,False,False
PRIMARY,C1_COORDINATED_EXCLUSION,71063,CAUSAL_CANDIDATE_UNDER_ASSUMPTIONS,1.2940038944990997,OBSERVATIONALLY_EQUIVALENT_COUNTERMODEL_SURVIVES,62,62,2,1.7763568394002505e-15,ASSUMPTION_CONDITIONAL_IDENTIFICATION_COUNTERMODELS_OUTSIDE_BOUNDS,0,0.8,8.881784197001252e-16,False,False
PRIMARY,C2_ALEATORIC_HIGH,71000,CAUSAL_CANDIDATE_UNDER_ASSUMPTIONS,0.8469705854455204,OBSERVATIONALLY_EQUIVALENT_COUNTERMODEL_SURVIVES,62,62,13,1.7763568394002505e-15,ASSUMPTION_CONDITIONAL_IDENTIFICATION_COUNTERMODELS_OUTSIDE_BOUNDS,0,,,False,False
PRIMARY,C2_ALEATORIC_HIGH,71001,CAUSAL_CANDIDATE_UNDER_ASSUMPTIONS,0.8600978570214767,OBSERVATIONALLY_EQUIVALENT_COUNTERMODEL_SURVIVES,61,61,10,1.7763568394002505e-15,ASSUMPTION_CONDITIONAL_IDENTIFICATION_COUNTERMODELS_OUTSIDE_BOUNDS,0,,,False,False
PRIMARY,C2_ALEATORIC_HIGH,71002,CAUSAL_CANDIDATE_UNDER_ASSUMPTIONS,0.7145415078590004,OBSERVATIONALLY_EQUIVALENT_COUNTERMODEL_SURVIVES,61,61,18,1.7763568394002505e-15,ASSUMPTION_CONDITIONAL_IDENTIFICATION_COUNTERMODELS_OUTSIDE_BOUNDS,0,,,False,False
PRIMARY,C2_ALEATORIC_HIGH,71003,CAUSAL_CANDIDATE_UNDER_ASSUMPTIONS,0.7885205587507309,OBSERVATIONALLY_EQUIVALENT_COUNTERMODEL_SURVIVES,61,61,14,1.7763568394002505e-15,ASSUMPTION_CONDITIONAL_IDENTIFICATION_COUNTERMODELS_OUTSIDE_BOUNDS,0,,,False,False
PRIMARY,C2_ALEATORIC_HIGH,71004,CAUSAL_CANDIDATE_UNDER_ASSUMPTIONS,0.7796436272939575,OBSERVATIONALLY_EQUIVALENT_COUNTERMODEL_SURVIVES,62,62,10,1.7763568394002505e-15,ASSUMPTION_CONDITIONAL_IDENTIFICATION_COUNTERMODELS_OUTSIDE_BOUNDS,0,,,False,False
PRIMARY,C2_ALEATORIC_HIGH,71005,CAUSAL_CANDIDATE_UNDER_ASSUMPTIONS,0.8524034241775844,OBSERVATIONALLY_EQUIVALENT_COUNTERMODEL_SURVIVES,62,62,14,1.7763568394002505e-15,ASSUMPTION_CONDITIONAL_IDENTIFICATION_COUNTERMODELS_OUTSIDE_BOUNDS,0,,,False,False
PRIMARY,C2_ALEATORIC_HIGH,71006,CAUSAL_CANDIDATE_UNDER_ASSUMPTIONS,0.8867566247128151,OBSERVATIONALLY_EQUIVALENT_COUNTERMODEL_SURVIVES,61,61,8,1.7763568394002505e-15,ASSUMPTION_CONDITIONAL_IDENTIFICATION_COUNTERMODELS_OUTSIDE_BOUNDS,0,,,False,False
PRIMARY,C2_ALEATORIC_HIGH,71007,CAUSAL_CANDIDATE_UNDER_ASSUMPTIONS,0.7778923531344523,OBSERVATIONALLY_EQUIVALENT_COUNTERMODEL_SURVIVES,62,62,15,1.7763568394002505e-15,ASSUMPTION_CONDITIONAL_IDENTIFICATION_COUNTERMODELS_OUTSIDE_BOUNDS,0,,,False,False
PRIMARY,C2_ALEATORIC_HIGH,71008,CAUSAL_CANDIDATE_UNDER_ASSUMPTIONS,0.7378575857906496,OBSERVATIONALLY_EQUIVALENT_COUNTERMODEL_SURVIVES,61,61,13,1.7763568394002505e-15,ASSUMPTION_CONDITIONAL_IDENTIFICATION_COUNTERMODELS_OUTSIDE_BOUNDS,0,,,False,False
PRIMARY,C2_ALEATORIC_HIGH,71009,CAUSAL_CANDIDATE_UNDER_ASSUMPTIONS,0.7506878003319088,OBSERVATIONALLY_EQUIVALENT_COUNTERMODEL_SURVIVES,62,62,18,1.7763568394002505e-15,ASSUMPTION_CONDITIONAL_IDENTIFICATION_COUNTERMODELS_OUTSIDE_BOUNDS,0,,,False,False
PRIMARY,C2_ALEATORIC_HIGH,71010,CAUSAL_CANDIDATE_UNDER_ASSUMPTIONS,0.7418108534703076,OBSERVATIONALLY_EQUIVALENT_COUNTERMODEL_SURVIVES,62,62,20,1.7763568394002505e-15,ASSUMPTION_CONDITIONAL_IDENTIFICATION_COUNTERMODELS_OUTSIDE_BOUNDS,0,,,False,False
PRIMARY,C2_ALEATORIC_HIGH,71011,CAUSAL_CANDIDATE_UNDER_ASSUMPTIONS,0.7809506114703616,OBSERVATIONALLY_EQUIVALENT_COUNTERMODEL_SURVIVES,62,62,14,1.7763568394002505e-15,ASSUMPTION_CONDITIONAL_IDENTIFICATION_COUNTERMODELS_OUTSIDE_BOUNDS,0,,,False,False
PRIMARY,C2_ALEATORIC_HIGH,71012,CAUSAL_CANDIDATE_UNDER_ASSUMPTIONS,0.7870233438439495,OBSERVATIONALLY_EQUIVALENT_COUNTERMODEL_SURVIVES,61,61,12,1.7763568394002505e-15,ASSUMPTION_CONDITIONAL_IDENTIFICATION_COUNTERMODELS_OUTSIDE_BOUNDS,0,,,False,False
PRIMARY,C2_ALEATORIC_HIGH,71013,CAUSAL_CANDIDATE_UNDER_ASSUMPTIONS,0.8529419154309285,OBSERVATIONALLY_EQUIVALENT_COUNTERMODEL_SURVIVES,62,62,10,1.7763568394002505e-15,ASSUMPTION_CONDITIONAL_IDENTIFICATION_COUNTERMODELS_OUTSIDE_BOUNDS,0,,,False,False
PRIMARY,C2_ALEATORIC_HIGH,71014,CAUSAL_CANDIDATE_UNDER_ASSUMPTIONS,0.862113843329929,OBSERVATIONALLY_EQUIVALENT_COUNTERMODEL_SURVIVES,61,61,11,1.7763568394002505e-15,ASSUMPTION_CONDITIONAL_IDENTIFICATION_COUNTERMODELS_OUTSIDE_BOUNDS,0,,,False,False
PRIMARY,C2_ALEATORIC_HIGH,71015,CAUSAL_CANDIDATE_UNDER_ASSUMPTIONS,0.7923649720880914,OBSERVATIONALLY_EQUIVALENT_COUNTERMODEL_SURVIVES,62,62,15,1.7763568394002505e-15,ASSUMPTION_CONDITIONAL_IDENTIFICATION_COUNTERMODELS_OUTSIDE_BOUNDS,0,,,False,False
PRIMARY,C2_ALEATORIC_HIGH,71016,CAUSAL_CANDIDATE_UNDER_ASSUMPTIONS,0.8836546520684555,OBSERVATIONALLY_EQUIVALENT_COUNTERMODEL_SURVIVES,62,62,12,1.7763568394002505e-15,ASSUMPTION_CONDITIONAL_IDENTIFICATION_COUNTERMODELS_OUTSIDE_BOUNDS,0,,,False,False
PRIMARY,C2_ALEATORIC_HIGH,71017,CAUSAL_CANDIDATE_UNDER_ASSUMPTIONS,0.8333539639716953,OBSERVATIONALLY_EQUIVALENT_COUNTERMODEL_SURVIVES,62,62,11,1.7763568394002505e-15,ASSUMPTION_CONDITIONAL_IDENTIFICATION_COUNTERMODELS_OUTSIDE_BOUNDS,0,,,False,False
PRIMARY,C2_ALEATORIC_HIGH,71018,CAUSAL_CANDIDATE_UNDER_ASSUMPTIONS,0.8058969863866621,OBSERVATIONALLY_EQUIVALENT_COUNTERMODEL_SURVIVES,62,62,11,1.7763568394002505e-15,ASSUMPTION_CONDITIONAL_IDENTIFICATION_COUNTERMODELS_OUTSIDE_BOUNDS,0,,,False,False
PRIMARY,C2_ALEATORIC_HIGH,71019,CAUSAL_CANDIDATE_UNDER_ASSUMPTIONS,0.827534098998803,OBSERVATIONALLY_EQUIVALENT_COUNTERMODEL_SURVIVES,62,62,11,1.7763568394002505e-15,ASSUMPTION_CONDITIONAL_IDENTIFICATION_COUNTERMODELS_OUTSIDE_BOUNDS,0,,,False,False
PRIMARY,C2_ALEATORIC_HIGH,71020,CAUSAL_CANDIDATE_UNDER_ASSUMPTIONS,0.7432977653910267,OBSERVATIONALLY_EQUIVALENT_COUNTERMODEL_SURVIVES,62,62,15,1.7763568394002505e-15,ASSUMPTION_CONDITIONAL_IDENTIFICATION_COUNTERMODELS_OUTSIDE_BOUNDS,0,,,False,False
PRIMARY,C2_ALEATORIC_HIGH,71021,CAUSAL_CANDIDATE_UNDER_ASSUMPTIONS,0.7932159598937858,OBSERVATIONALLY_EQUIVALENT_COUNTERMODEL_SURVIVES,62,62,12,1.7763568394002505e-15,ASSUMPTION_CONDITIONAL_IDENTIFICATION_COUNTERMODELS_OUTSIDE_BOUNDS,0,,,False,False
PRIMARY,C2_ALEATORIC_HIGH,71022,CAUSAL_CANDIDATE_UNDER_ASSUMPTIONS,0.7880791460483442,OBSERVATIONALLY_EQUIVALENT_COUNTERMODEL_SURVIVES,61,61,14,2.6645352591003757e-15,ASSUMPTION_CONDITIONAL_IDENTIFICATION_COUNTERMODELS_OUTSIDE_BOUNDS,0,,,False,False
PRIMARY,C2_ALEATORIC_HIGH,71023,CAUSAL_CANDIDATE_UNDER_ASSUMPTIONS,0.7704892922945497,OBSERVATIONALLY_EQUIVALENT_COUNTERMODEL_SURVIVES,62,62,14,1.7763568394002505e-15,ASSUMPTION_CONDITIONAL_IDENTIFICATION_COUNTERMODELS_OUTSIDE_BOUNDS,0,,,False,False
PRIMARY,C2_ALEATORIC_HIGH,71024,CAUSAL_CANDIDATE_UNDER_ASSUMPTIONS,0.8923515535325588,OBSERVATIONALLY_EQUIVALENT_COUNTERMODEL_SURVIVES,62,62,14,1.7763568394002505e-15,ASSUMPTION_CONDITIONAL_IDENTIFICATION_COUNTERMODELS_OUTSIDE_BOUNDS,0,,,False,False
PRIMARY,C2_ALEATORIC_HIGH,71025,CAUSAL_CANDIDATE_UNDER_ASSUMPTIONS,0.8842992695994363,OBSERVATIONALLY_EQUIVALENT_COUNTERMODEL_SURVIVES,62,62,10,1.7763568394002505e-15,ASSUMPTION_CONDITIONAL_IDENTIFICATION_COUNTERMODELS_OUTSIDE_BOUNDS,0,,,False,False
PRIMARY,C2_ALEATORIC_HIGH,71026,CAUSAL_CANDIDATE_UNDER_ASSUMPTIONS,0.8242772465053768,OBSERVATIONALLY_EQUIVALENT_COUNTERMODEL_SURVIVES,62,62,12,1.7763568394002505e-15,ASSUMPTION_CONDITIONAL_IDENTIFICATION_COUNTERMODELS_OUTSIDE_BOUNDS,0,,,False,False
PRIMARY,C2_ALEATORIC_HIGH,71027,CAUSAL_CANDIDATE_UNDER_ASSUMPTIONS,0.7306892444276927,OBSERVATIONALLY_EQUIVALENT_COUNTERMODEL_SURVIVES,62,62,18,3.552713678800501e-15,ASSUMPTION_CONDITIONAL_IDENTIFICATION_COUNTERMODELS_OUTSIDE_BOUNDS,0,,,False,False
PRIMARY,C2_ALEATORIC_HIGH,71028,CAUSAL_CANDIDATE_UNDER_ASSUMPTIONS,0.8155459023269511,OBSERVATIONALLY_EQUIVALENT_COUNTERMODEL_SURVIVES,62,62,13,1.7763568394002505e-15,ASSUMPTION_CONDITIONAL_IDENTIFICATION_COUNTERMODELS_OUTSIDE_BOUNDS,0,,,False,False
PRIMARY,C2_ALEATORIC_HIGH,71029,CAUSAL_CANDIDATE_UNDER_ASSUMPTIONS,0.8324901582465022,OBSERVATIONALLY_EQUIVALENT_COUNTERMODEL_SURVIVES,62,62,16,3.552713678800501e-15,ASSUMPTION_CONDITIONAL_IDENTIFICATION_COUNTERMODELS_OUTSIDE_BOUNDS,0,,,False,False
PRIMARY,C2_ALEATORIC_HIGH,71030,CAUSAL_CANDIDATE_UNDER_ASSUMPTIONS,0.8018643689977666,OBSERVATIONALLY_EQUIVALENT_COUNTERMODEL_SURVIVES,62,62,15,1.7763568394002505e-15,ASSUMPTION_CONDITIONAL_IDENTIFICATION_COUNTERMODELS_OUTSIDE_BOUNDS,0,,,False,False
PRIMARY,C2_ALEATORIC_HIGH,71031,CAUSAL_CANDIDATE_UNDER_ASSUMPTIONS,0.9314563450661076,OBSERVATIONALLY_EQUIVALENT_COUNTERMODEL_SURVIVES,62,62,6,1.7763568394002505e-15,ASSUMPTION_CONDITIONAL_IDENTIFICATION_COUNTERMODELS_OUTSIDE_BOUNDS,0,,,False,False
PRIMARY,C2_ALEATORIC_HIGH,71032,CAUSAL_CANDIDATE_UNDER_ASSUMPTIONS,0.8317794927314173,OBSERVATIONALLY_EQUIVALENT_COUNTERMODEL_SURVIVES,62,62,13,3.552713678800501e-15,ASSUMPTION_CONDITIONAL_IDENTIFICATION_COUNTERMODELS_OUTSIDE_BOUNDS,0,,,False,False
PRIMARY,C2_ALEATORIC_HIGH,71033,CAUSAL_CANDIDATE_UNDER_ASSUMPTIONS,0.8051919467341777,OBSERVATIONALLY_EQUIVALENT_COUNTERMODEL_SURVIVES,62,62,16,1.7763568394002505e-15,ASSUMPTION_CONDITIONAL_IDENTIFICATION_COUNTERMODELS_OUTSIDE_BOUNDS,0,,,False,False
PRIMARY,C2_ALEATORIC_HIGH,71034,CAUSAL_CANDIDATE_UNDER_ASSUMPTIONS,0.8051607066242522,OBSERVATIONALLY_EQUIVALENT_COUNTERMODEL_SURVIVES,62,62,16,2.220446049250313e-15,ASSUMPTION_CONDITIONAL_IDENTIFICATION_COUNTERMODELS_OUTSIDE_BOUNDS,0,,,False,False
PRIMARY,C2_ALEATORIC_HIGH,71035,CAUSAL_CANDIDATE_UNDER_ASSUMPTIONS,0.754702280743479,OBSERVATIONALLY_EQUIVALENT_COUNTERMODEL_SURVIVES,62,62,14,1.7763568394002505e-15,ASSUMPTION_CONDITIONAL_IDENTIFICATION_COUNTERMODELS_OUTSIDE_BOUNDS,0,,,False,False
PRIMARY,C2_ALEATORIC_HIGH,71036,CAUSAL_CANDIDATE_UNDER_ASSUMPTIONS,0.778481523581633,OBSERVATIONALLY_EQUIVALENT_COUNTERMODEL_SURVIVES,62,62,14,1.7763568394002505e-15,ASSUMPTION_CONDITIONAL_IDENTIFICATION_COUNTERMODELS_OUTSIDE_BOUNDS,0,,,False,False
PRIMARY,C2_ALEATORIC_HIGH,71037,CAUSAL_CANDIDATE_UNDER_ASSUMPTIONS,0.7943121967388007,OBSERVATIONALLY_EQUIVALENT_COUNTERMODEL_SURVIVES,62,62,14,1.7763568394002505e-15,ASSUMPTION_CONDITIONAL_IDENTIFICATION_COUNTERMODELS_OUTSIDE_BOUNDS,0,,,False,False
PRIMARY,C2_ALEATORIC_HIGH,71038,CAUSAL_CANDIDATE_UNDER_ASSUMPTIONS,0.8618998748524258,OBSERVATIONALLY_EQUIVALENT_COUNTERMODEL_SURVIVES,61,61,10,1.7763568394002505e-15,ASSUMPTION_CONDITIONAL_IDENTIFICATION_COUNTERMODELS_OUTSIDE_BOUNDS,0,,,False,False
PRIMARY,C2_ALEATORIC_HIGH,71039,CAUSAL_CANDIDATE_UNDER_ASSUMPTIONS,0.8249348148786552,OBSERVATIONALLY_EQUIVALENT_COUNTERMODEL_SURVIVES,62,62,11,1.7763568394002505e-15,ASSUMPTION_CONDITIONAL_IDENTIFICATION_COUNTERMODELS_OUTSIDE_BOUNDS,0,,,False,False
PRIMARY,C2_ALEATORIC_HIGH,71040,CAUSAL_CANDIDATE_UNDER_ASSUMPTIONS,0.8118814759087549,OBSERVATIONALLY_EQUIVALENT_COUNTERMODEL_SURVIVES,61,61,12,1.7763568394002505e-15,ASSUMPTION_CONDITIONAL_IDENTIFICATION_COUNTERMODELS_OUTSIDE_BOUNDS,0,,,False,False
PRIMARY,C2_ALEATORIC_HIGH,71041,CAUSAL_CANDIDATE_UNDER_ASSUMPTIONS,0.7957433192980118,OBSERVATIONALLY_EQUIVALENT_COUNTERMODEL_SURVIVES,62,62,11,1.7763568394002505e-15,ASSUMPTION_CONDITIONAL_IDENTIFICATION_COUNTERMODELS_OUTSIDE_BOUNDS,0,,,False,False
PRIMARY,C2_ALEATORIC_HIGH,71042,CAUSAL_CANDIDATE_UNDER_ASSUMPTIONS,0.7825399564602337,OBSERVATIONALLY_EQUIVALENT_COUNTERMODEL_SURVIVES,62,62,12,1.7763568394002505e-15,ASSUMPTION_CONDITIONAL_IDENTIFICATION_COUNTERMODELS_OUTSIDE_BOUNDS,0,,,False,False
PRIMARY,C2_ALEATORIC_HIGH,71043,CAUSAL_CANDIDATE_UNDER_ASSUMPTIONS,0.8025525805779945,OBSERVATIONALLY_EQUIVALENT_COUNTERMODEL_SURVIVES,62,62,13,1.7763568394002505e-15,ASSUMPTION_CONDITIONAL_IDENTIFICATION_COUNTERMODELS_OUTSIDE_BOUNDS,0,,,False,False
PRIMARY,C2_ALEATORIC_HIGH,71044,CAUSAL_CANDIDATE_UNDER_ASSUMPTIONS,0.8054861526800507,OBSERVATIONALLY_EQUIVALENT_COUNTERMODEL_SURVIVES,62,62,11,1.7763568394002505e-15,ASSUMPTION_CONDITIONAL_IDENTIFICATION_COUNTERMODELS_OUTSIDE_BOUNDS,0,,,False,False
PRIMARY,C2_ALEATORIC_HIGH,71045,CAUSAL_CANDIDATE_UNDER_ASSUMPTIONS,0.8052345560179358,OBSERVATIONALLY_EQUIVALENT_COUNTERMODEL_SURVIVES,62,62,13,1.7763568394002505e-15,ASSUMPTION_CONDITIONAL_IDENTIFICATION_COUNTERMODELS_OUTSIDE_BOUNDS,0,,,False,False
PRIMARY,C2_ALEATORIC_HIGH,71046,CAUSAL_CANDIDATE_UNDER_ASSUMPTIONS,0.7236470023055576,OBSERVATIONALLY_EQUIVALENT_COUNTERMODEL_SURVIVES,62,62,18,1.7763568394002505e-15,ASSUMPTION_CONDITIONAL_IDENTIFICATION_COUNTERMODELS_OUTSIDE_BOUNDS,0,,,False,False
PRIMARY,C2_ALEATORIC_HIGH,71047,CAUSAL_CANDIDATE_UNDER_ASSUMPTIONS,0.8070091763751324,OBSERVATIONALLY_EQUIVALENT_COUNTERMODEL_SURVIVES,62,62,15,3.552713678800501e-15,ASSUMPTION_CONDITIONAL_IDENTIFICATION_COUNTERMODELS_OUTSIDE_BOUNDS,0,,,False,False
PRIMARY,C2_ALEATORIC_HIGH,71048,CAUSAL_CANDIDATE_UNDER_ASSUMPTIONS,0.83825952626585,OBSERVATIONALLY_EQUIVALENT_COUNTERMODEL_SURVIVES,61,61,13,1.7763568394002505e-15,ASSUMPTION_CONDITIONAL_IDENTIFICATION_COUNTERMODELS_OUTSIDE_BOUNDS,0,,,False,False
PRIMARY,C2_ALEATORIC_HIGH,71049,CAUSAL_CANDIDATE_UNDER_ASSUMPTIONS,0.8025362484924603,OBSERVATIONALLY_EQUIVALENT_COUNTERMODEL_SURVIVES,62,62,11,1.7763568394002505e-15,ASSUMPTION_CONDITIONAL_IDENTIFICATION_COUNTERMODELS_OUTSIDE_BOUNDS,0,,,False,False
PRIMARY,C2_ALEATORIC_HIGH,71050,CAUSAL_CANDIDATE_UNDER_ASSUMPTIONS,0.7654035866291687,OBSERVATIONALLY_EQUIVALENT_COUNTERMODEL_SURVIVES,62,62,14,1.7763568394002505e-15,ASSUMPTION_CONDITIONAL_IDENTIFICATION_COUNTERMODELS_OUTSIDE_BOUNDS,0,,,False,False
PRIMARY,C2_ALEATORIC_HIGH,71051,CAUSAL_CANDIDATE_UNDER_ASSUMPTIONS,0.8131702144534857,OBSERVATIONALLY_EQUIVALENT_COUNTERMODEL_SURVIVES,61,61,13,3.552713678800501e-15,ASSUMPTION_CONDITIONAL_IDENTIFICATION_COUNTERMODELS_OUTSIDE_BOUNDS,0,,,False,False
PRIMARY,C2_ALEATORIC_HIGH,71052,CAUSAL_CANDIDATE_UNDER_ASSUMPTIONS,0.7585227178050016,OBSERVATIONALLY_EQUIVALENT_COUNTERMODEL_SURVIVES,62,62,16,1.7763568394002505e-15,ASSUMPTION_CONDITIONAL_IDENTIFICATION_COUNTERMODELS_OUTSIDE_BOUNDS,0,,,False,False
PRIMARY,C2_ALEATORIC_HIGH,71053,CAUSAL_CANDIDATE_UNDER_ASSUMPTIONS,0.7801119771197805,OBSERVATIONALLY_EQUIVALENT_COUNTERMODEL_SURVIVES,62,62,14,2.6645352591003757e-15,ASSUMPTION_CONDITIONAL_IDENTIFICATION_COUNTERMODELS_OUTSIDE_BOUNDS,0,,,False,False
PRIMARY,C2_ALEATORIC_HIGH,71054,CAUSAL_CANDIDATE_UNDER_ASSUMPTIONS,0.7423195696427142,OBSERVATIONALLY_EQUIVALENT_COUNTERMODEL_SURVIVES,62,62,14,1.7763568394002505e-15,ASSUMPTION_CONDITIONAL_IDENTIFICATION_COUNTERMODELS_OUTSIDE_BOUNDS,0,,,False,False
PRIMARY,C2_ALEATORIC_HIGH,71055,CAUSAL_CANDIDATE_UNDER_ASSUMPTIONS,0.7812285594846129,OBSERVATIONALLY_EQUIVALENT_COUNTERMODEL_SURVIVES,62,62,14,1.7763568394002505e-15,ASSUMPTION_CONDITIONAL_IDENTIFICATION_COUNTERMODELS_OUTSIDE_BOUNDS,0,,,False,False
PRIMARY,C2_ALEATORIC_HIGH,71056,CAUSAL_CANDIDATE_UNDER_ASSUMPTIONS,0.7851382275914051,OBSERVATIONALLY_EQUIVALENT_COUNTERMODEL_SURVIVES,61,61,15,1.7763568394002505e-15,ASSUMPTION_CONDITIONAL_IDENTIFICATION_COUNTERMODELS_OUTSIDE_BOUNDS,0,,,False,False
PRIMARY,C2_ALEATORIC_HIGH,71057,CAUSAL_CANDIDATE_UNDER_ASSUMPTIONS,0.816909594139694,OBSERVATIONALLY_EQUIVALENT_COUNTERMODEL_SURVIVES,62,62,14,1.7763568394002505e-15,ASSUMPTION_CONDITIONAL_IDENTIFICATION_COUNTERMODELS_OUTSIDE_BOUNDS,0,,,False,False
PRIMARY,C2_ALEATORIC_HIGH,71058,CAUSAL_CANDIDATE_UNDER_ASSUMPTIONS,0.8905295730930849,OBSERVATIONALLY_EQUIVALENT_COUNTERMODEL_SURVIVES,62,62,9,1.7763568394002505e-15,ASSUMPTION_CONDITIONAL_IDENTIFICATION_COUNTERMODELS_OUTSIDE_BOUNDS,0,,,False,False
PRIMARY,C2_ALEATORIC_HIGH,71059,CAUSAL_CANDIDATE_UNDER_ASSUMPTIONS,0.8587135972786378,OBSERVATIONALLY_EQUIVALENT_COUNTERMODEL_SURVIVES,62,62,10,1.7763568394002505e-15,ASSUMPTION_CONDITIONAL_IDENTIFICATION_COUNTERMODELS_OUTSIDE_BOUNDS,0,,,False,False
PRIMARY,C2_ALEATORIC_HIGH,71060,CAUSAL_CANDIDATE_UNDER_ASSUMPTIONS,0.798694993935356,OBSERVATIONALLY_EQUIVALENT_COUNTERMODEL_SURVIVES,62,62,11,1.7763568394002505e-15,ASSUMPTION_CONDITIONAL_IDENTIFICATION_COUNTERMODELS_OUTSIDE_BOUNDS,0,,,False,False
PRIMARY,C2_ALEATORIC_HIGH,71061,CAUSAL_CANDIDATE_UNDER_ASSUMPTIONS,0.7460032971463157,OBSERVATIONALLY_EQUIVALENT_COUNTERMODEL_SURVIVES,62,62,17,1.7763568394002505e-15,ASSUMPTION_CONDITIONAL_IDENTIFICATION_COUNTERMODELS_OUTSIDE_BOUNDS,0,,,False,False
PRIMARY,C2_ALEATORIC_HIGH,71062,CAUSAL_CANDIDATE_UNDER_ASSUMPTIONS,0.8152732649987688,OBSERVATIONALLY_EQUIVALENT_COUNTERMODEL_SURVIVES,62,62,14,1.7763568394002505e-15,ASSUMPTION_CONDITIONAL_IDENTIFICATION_COUNTERMODELS_OUTSIDE_BOUNDS,0,,,False,False
PRIMARY,C2_ALEATORIC_HIGH,71063,CAUSAL_CANDIDATE_UNDER_ASSUMPTIONS,0.7634858892512636,OBSERVATIONALLY_EQUIVALENT_COUNTERMODEL_SURVIVES,61,61,14,1.7763568394002505e-15,ASSUMPTION_CONDITIONAL_IDENTIFICATION_COUNTERMODELS_OUTSIDE_BOUNDS,0,,,False,False
PRIMARY,C3_UPSTREAM_INVALID,71000,IDENTIFYING_ASSUMPTION_VIOLATED,1.2177162352026942,UPSTREAM_CANDIDATE_NOT_ELIGIBLE,0,0,0,,UPSTREAM_CANDIDATE_NOT_ELIGIBLE,0,,,False,False
PRIMARY,C3_UPSTREAM_INVALID,71001,IDENTIFYING_ASSUMPTION_VIOLATED,1.1998279849184856,UPSTREAM_CANDIDATE_NOT_ELIGIBLE,0,0,0,,UPSTREAM_CANDIDATE_NOT_ELIGIBLE,0,,,False,False
PRIMARY,C3_UPSTREAM_INVALID,71002,IDENTIFYING_ASSUMPTION_VIOLATED,1.1856190670474624,UPSTREAM_CANDIDATE_NOT_ELIGIBLE,0,0,0,,UPSTREAM_CANDIDATE_NOT_ELIGIBLE,0,,,False,False
PRIMARY,C3_UPSTREAM_INVALID,71003,IDENTIFYING_ASSUMPTION_VIOLATED,1.1777246074772099,UPSTREAM_CANDIDATE_NOT_ELIGIBLE,0,0,0,,UPSTREAM_CANDIDATE_NOT_ELIGIBLE,0,,,False,False
PRIMARY,C3_UPSTREAM_INVALID,71004,IDENTIFYING_ASSUMPTION_VIOLATED,1.1792733675234899,UPSTREAM_CANDIDATE_NOT_ELIGIBLE,0,0,0,,UPSTREAM_CANDIDATE_NOT_ELIGIBLE,0,,,False,False
PRIMARY,C3_UPSTREAM_INVALID,71005,IDENTIFYING_ASSUMPTION_VIOLATED,1.202164059519573,UPSTREAM_CANDIDATE_NOT_ELIGIBLE,0,0,0,,UPSTREAM_CANDIDATE_NOT_ELIGIBLE,0,,,False,False
PRIMARY,C3_UPSTREAM_INVALID,71006,IDENTIFYING_ASSUMPTION_VIOLATED,1.1944131563390874,UPSTREAM_CANDIDATE_NOT_ELIGIBLE,0,0,0,,UPSTREAM_CANDIDATE_NOT_ELIGIBLE,0,,,False,False
PRIMARY,C3_UPSTREAM_INVALID,71007,IDENTIFYING_ASSUMPTION_VIOLATED,1.1815705989410532,UPSTREAM_CANDIDATE_NOT_ELIGIBLE,0,0,0,,UPSTREAM_CANDIDATE_NOT_ELIGIBLE,0,,,False,False
PRIMARY,C3_UPSTREAM_INVALID,71008,IDENTIFYING_ASSUMPTION_VIOLATED,1.1847737249431256,UPSTREAM_CANDIDATE_NOT_ELIGIBLE,0,0,0,,UPSTREAM_CANDIDATE_NOT_ELIGIBLE,0,,,False,False
PRIMARY,C3_UPSTREAM_INVALID,71009,IDENTIFYING_ASSUMPTION_VIOLATED,1.1952778376582582,UPSTREAM_CANDIDATE_NOT_ELIGIBLE,0,0,0,,UPSTREAM_CANDIDATE_NOT_ELIGIBLE,0,,,False,False
PRIMARY,C3_UPSTREAM_INVALID,71010,IDENTIFYING_ASSUMPTION_VIOLATED,1.1872481150435081,UPSTREAM_CANDIDATE_NOT_ELIGIBLE,0,0,0,,UPSTREAM_CANDIDATE_NOT_ELIGIBLE,0,,,False,False
PRIMARY,C3_UPSTREAM_INVALID,71011,IDENTIFYING_ASSUMPTION_VIOLATED,1.184503450989606,UPSTREAM_CANDIDATE_NOT_ELIGIBLE,0,0,0,,UPSTREAM_CANDIDATE_NOT_ELIGIBLE,0,,,False,False
PRIMARY,C3_UPSTREAM_INVALID,71012,IDENTIFYING_ASSUMPTION_VIOLATED,1.1848953704698373,UPSTREAM_CANDIDATE_NOT_ELIGIBLE,0,0,0,,UPSTREAM_CANDIDATE_NOT_ELIGIBLE,0,,,False,False
PRIMARY,C3_UPSTREAM_INVALID,71013,IDENTIFYING_ASSUMPTION_VIOLATED,1.1990614350825295,UPSTREAM_CANDIDATE_NOT_ELIGIBLE,0,0,0,,UPSTREAM_CANDIDATE_NOT_ELIGIBLE,0,,,False,False
PRIMARY,C3_UPSTREAM_INVALID,71014,IDENTIFYING_ASSUMPTION_VIOLATED,1.1978350286200388,UPSTREAM_CANDIDATE_NOT_ELIGIBLE,0,0,0,,UPSTREAM_CANDIDATE_NOT_ELIGIBLE,0,,,False,False
PRIMARY,C3_UPSTREAM_INVALID,71015,IDENTIFYING_ASSUMPTION_VIOLATED,1.1971489970934213,UPSTREAM_CANDIDATE_NOT_ELIGIBLE,0,0,0,,UPSTREAM_CANDIDATE_NOT_ELIGIBLE,0,,,False,False
PRIMARY,C3_UPSTREAM_INVALID,71016,IDENTIFYING_ASSUMPTION_VIOLATED,1.2068211405628009,UPSTREAM_CANDIDATE_NOT_ELIGIBLE,0,0,0,,UPSTREAM_CANDIDATE_NOT_ELIGIBLE,0,,,False,False
PRIMARY,C3_UPSTREAM_INVALID,71017,IDENTIFYING_ASSUMPTION_VIOLATED,1.1883732004342338,UPSTREAM_CANDIDATE_NOT_ELIGIBLE,0,0,0,,UPSTREAM_CANDIDATE_NOT_ELIGIBLE,0,,,False,False
PRIMARY,C3_UPSTREAM_INVALID,71018,IDENTIFYING_ASSUMPTION_VIOLATED,1.1895733311214922,UPSTREAM_CANDIDATE_NOT_ELIGIBLE,0,0,0,,UPSTREAM_CANDIDATE_NOT_ELIGIBLE,0,,,False,False
PRIMARY,C3_UPSTREAM_INVALID,71019,IDENTIFYING_ASSUMPTION_VIOLATED,1.1997186159516915,UPSTREAM_CANDIDATE_NOT_ELIGIBLE,0,0,0,,UPSTREAM_CANDIDATE_NOT_ELIGIBLE,0,,,False,False
PRIMARY,C3_UPSTREAM_INVALID,71020,IDENTIFYING_ASSUMPTION_VIOLATED,1.1829206737813767,UPSTREAM_CANDIDATE_NOT_ELIGIBLE,0,0,0,,UPSTREAM_CANDIDATE_NOT_ELIGIBLE,0,,,False,False
PRIMARY,C3_UPSTREAM_INVALID,71021,IDENTIFYING_ASSUMPTION_VIOLATED,1.1883385518240237,UPSTREAM_CANDIDATE_NOT_ELIGIBLE,0,0,0,,UPSTREAM_CANDIDATE_NOT_ELIGIBLE,0,,,False,False
PRIMARY,C3_UPSTREAM_INVALID,71022,IDENTIFYING_ASSUMPTION_VIOLATED,1.1956753322584275,UPSTREAM_CANDIDATE_NOT_ELIGIBLE,0,0,0,,UPSTREAM_CANDIDATE_NOT_ELIGIBLE,0,,,False,False
PRIMARY,C3_UPSTREAM_INVALID,71023,IDENTIFYING_ASSUMPTION_VIOLATED,1.184765354955334,UPSTREAM_CANDIDATE_NOT_ELIGIBLE,0,0,0,,UPSTREAM_CANDIDATE_NOT_ELIGIBLE,0,,,False,False
PRIMARY,C3_UPSTREAM_INVALID,71024,IDENTIFYING_ASSUMPTION_VIOLATED,1.2013169128338927,UPSTREAM_CANDIDATE_NOT_ELIGIBLE,0,0,0,,UPSTREAM_CANDIDATE_NOT_ELIGIBLE,0,,,False,False
PRIMARY,C3_UPSTREAM_INVALID,71025,IDENTIFYING_ASSUMPTION_VIOLATED,1.1932446964393064,UPSTREAM_CANDIDATE_NOT_ELIGIBLE,0,0,0,,UPSTREAM_CANDIDATE_NOT_ELIGIBLE,0,,,False,False
PRIMARY,C3_UPSTREAM_INVALID,71026,IDENTIFYING_ASSUMPTION_VIOLATED,1.1906885580813549,UPSTREAM_CANDIDATE_NOT_ELIGIBLE,0,0,0,,UPSTREAM_CANDIDATE_NOT_ELIGIBLE,0,,,False,False
PRIMARY,C3_UPSTREAM_INVALID,71027,IDENTIFYING_ASSUMPTION_VIOLATED,1.202900159460543,UPSTREAM_CANDIDATE_NOT_ELIGIBLE,0,0,0,,UPSTREAM_CANDIDATE_NOT_ELIGIBLE,0,,,False,False
PRIMARY,C3_UPSTREAM_INVALID,71028,IDENTIFYING_ASSUMPTION_VIOLATED,1.1852647952171953,UPSTREAM_CANDIDATE_NOT_ELIGIBLE,0,0,0,,UPSTREAM_CANDIDATE_NOT_ELIGIBLE,0,,,False,False
PRIMARY,C3_UPSTREAM_INVALID,71029,IDENTIFYING_ASSUMPTION_VIOLATED,1.2033126384696757,UPSTREAM_CANDIDATE_NOT_ELIGIBLE,0,0,0,,UPSTREAM_CANDIDATE_NOT_ELIGIBLE,0,,,False,False
PRIMARY,C3_UPSTREAM_INVALID,71030,IDENTIFYING_ASSUMPTION_VIOLATED,1.2163686392483009,UPSTREAM_CANDIDATE_NOT_ELIGIBLE,0,0,0,,UPSTREAM_CANDIDATE_NOT_ELIGIBLE,0,,,False,False
PRIMARY,C3_UPSTREAM_INVALID,71031,IDENTIFYING_ASSUMPTION_VIOLATED,1.211374617520076,UPSTREAM_CANDIDATE_NOT_ELIGIBLE,0,0,0,,UPSTREAM_CANDIDATE_NOT_ELIGIBLE,0,,,False,False
PRIMARY,C3_UPSTREAM_INVALID,71032,IDENTIFYING_ASSUMPTION_VIOLATED,1.1928235368616917,UPSTREAM_CANDIDATE_NOT_ELIGIBLE,0,0,0,,UPSTREAM_CANDIDATE_NOT_ELIGIBLE,0,,,False,False
PRIMARY,C3_UPSTREAM_INVALID,71033,IDENTIFYING_ASSUMPTION_VIOLATED,1.1988021688378758,UPSTREAM_CANDIDATE_NOT_ELIGIBLE,0,0,0,,UPSTREAM_CANDIDATE_NOT_ELIGIBLE,0,,,False,False
PRIMARY,C3_UPSTREAM_INVALID,71034,IDENTIFYING_ASSUMPTION_VIOLATED,1.2016353597669587,UPSTREAM_CANDIDATE_NOT_ELIGIBLE,0,0,0,,UPSTREAM_CANDIDATE_NOT_ELIGIBLE,0,,,False,False
PRIMARY,C3_UPSTREAM_INVALID,71035,IDENTIFYING_ASSUMPTION_VIOLATED,1.194791970010085,UPSTREAM_CANDIDATE_NOT_ELIGIBLE,0,0,0,,UPSTREAM_CANDIDATE_NOT_ELIGIBLE,0,,,False,False
PRIMARY,C3_UPSTREAM_INVALID,71036,IDENTIFYING_ASSUMPTION_VIOLATED,1.1833432045561811,UPSTREAM_CANDIDATE_NOT_ELIGIBLE,0,0,0,,UPSTREAM_CANDIDATE_NOT_ELIGIBLE,0,,,False,False
PRIMARY,C3_UPSTREAM_INVALID,71037,IDENTIFYING_ASSUMPTION_VIOLATED,1.1843238567002314,UPSTREAM_CANDIDATE_NOT_ELIGIBLE,0,0,0,,UPSTREAM_CANDIDATE_NOT_ELIGIBLE,0,,,False,False
PRIMARY,C3_UPSTREAM_INVALID,71038,IDENTIFYING_ASSUMPTION_VIOLATED,1.1857267879331728,UPSTREAM_CANDIDATE_NOT_ELIGIBLE,0,0,0,,UPSTREAM_CANDIDATE_NOT_ELIGIBLE,0,,,False,False
PRIMARY,C3_UPSTREAM_INVALID,71039,IDENTIFYING_ASSUMPTION_VIOLATED,1.19852694033936,UPSTREAM_CANDIDATE_NOT_ELIGIBLE,0,0,0,,UPSTREAM_CANDIDATE_NOT_ELIGIBLE,0,,,False,False
PRIMARY,C3_UPSTREAM_INVALID,71040,IDENTIFYING_ASSUMPTION_VIOLATED,1.1903883335883423,UPSTREAM_CANDIDATE_NOT_ELIGIBLE,0,0,0,,UPSTREAM_CANDIDATE_NOT_ELIGIBLE,0,,,False,False
PRIMARY,C3_UPSTREAM_INVALID,71041,IDENTIFYING_ASSUMPTION_VIOLATED,1.1783758652617409,UPSTREAM_CANDIDATE_NOT_ELIGIBLE,0,0,0,,UPSTREAM_CANDIDATE_NOT_ELIGIBLE,0,,,False,False
PRIMARY,C3_UPSTREAM_INVALID,71042,IDENTIFYING_ASSUMPTION_VIOLATED,1.2008440725958105,UPSTREAM_CANDIDATE_NOT_ELIGIBLE,0,0,0,,UPSTREAM_CANDIDATE_NOT_ELIGIBLE,0,,,False,False
PRIMARY,C3_UPSTREAM_INVALID,71043,IDENTIFYING_ASSUMPTION_VIOLATED,1.1953339685110989,UPSTREAM_CANDIDATE_NOT_ELIGIBLE,0,0,0,,UPSTREAM_CANDIDATE_NOT_ELIGIBLE,0,,,False,False
PRIMARY,C3_UPSTREAM_INVALID,71044,IDENTIFYING_ASSUMPTION_VIOLATED,1.1826658088551292,UPSTREAM_CANDIDATE_NOT_ELIGIBLE,0,0,0,,UPSTREAM_CANDIDATE_NOT_ELIGIBLE,0,,,False,False
PRIMARY,C3_UPSTREAM_INVALID,71045,IDENTIFYING_ASSUMPTION_VIOLATED,1.190642164994345,UPSTREAM_CANDIDATE_NOT_ELIGIBLE,0,0,0,,UPSTREAM_CANDIDATE_NOT_ELIGIBLE,0,,,False,False
PRIMARY,C3_UPSTREAM_INVALID,71046,IDENTIFYING_ASSUMPTION_VIOLATED,1.18734818904228,UPSTREAM_CANDIDATE_NOT_ELIGIBLE,0,0,0,,UPSTREAM_CANDIDATE_NOT_ELIGIBLE,0,,,False,False
PRIMARY,C3_UPSTREAM_INVALID,71047,IDENTIFYING_ASSUMPTION_VIOLATED,1.1933822456061085,UPSTREAM_CANDIDATE_NOT_ELIGIBLE,0,0,0,,UPSTREAM_CANDIDATE_NOT_ELIGIBLE,0,,,False,False
PRIMARY,C3_UPSTREAM_INVALID,71048,IDENTIFYING_ASSUMPTION_VIOLATED,1.1970072569744596,UPSTREAM_CANDIDATE_NOT_ELIGIBLE,0,0,0,,UPSTREAM_CANDIDATE_NOT_ELIGIBLE,0,,,False,False
PRIMARY,C3_UPSTREAM_INVALID,71049,IDENTIFYING_ASSUMPTION_VIOLATED,1.1837037126536663,UPSTREAM_CANDIDATE_NOT_ELIGIBLE,0,0,0,,UPSTREAM_CANDIDATE_NOT_ELIGIBLE,0,,,False,False
PRIMARY,C3_UPSTREAM_INVALID,71050,IDENTIFYING_ASSUMPTION_VIOLATED,1.1896941837507207,UPSTREAM_CANDIDATE_NOT_ELIGIBLE,0,0,0,,UPSTREAM_CANDIDATE_NOT_ELIGIBLE,0,,,False,False
PRIMARY,C3_UPSTREAM_INVALID,71051,IDENTIFYING_ASSUMPTION_VIOLATED,1.1878524235196375,UPSTREAM_CANDIDATE_NOT_ELIGIBLE,0,0,0,,UPSTREAM_CANDIDATE_NOT_ELIGIBLE,0,,,False,False
PRIMARY,C3_UPSTREAM_INVALID,71052,IDENTIFYING_ASSUMPTION_VIOLATED,1.1854864702800105,UPSTREAM_CANDIDATE_NOT_ELIGIBLE,0,0,0,,UPSTREAM_CANDIDATE_NOT_ELIGIBLE,0,,,False,False
PRIMARY,C3_UPSTREAM_INVALID,71053,IDENTIFYING_ASSUMPTION_VIOLATED,1.1920155735825886,UPSTREAM_CANDIDATE_NOT_ELIGIBLE,0,0,0,,UPSTREAM_CANDIDATE_NOT_ELIGIBLE,0,,,False,False
PRIMARY,C3_UPSTREAM_INVALID,71054,IDENTIFYING_ASSUMPTION_VIOLATED,1.1925191722115958,UPSTREAM_CANDIDATE_NOT_ELIGIBLE,0,0,0,,UPSTREAM_CANDIDATE_NOT_ELIGIBLE,0,,,False,False
PRIMARY,C3_UPSTREAM_INVALID,71055,IDENTIFYING_ASSUMPTION_VIOLATED,1.176790546908584,UPSTREAM_CANDIDATE_NOT_ELIGIBLE,0,0,0,,UPSTREAM_CANDIDATE_NOT_ELIGIBLE,0,,,False,False
PRIMARY,C3_UPSTREAM_INVALID,71056,IDENTIFYING_ASSUMPTION_VIOLATED,1.1992939281026538,UPSTREAM_CANDIDATE_NOT_ELIGIBLE,0,0,0,,UPSTREAM_CANDIDATE_NOT_ELIGIBLE,0,,,False,False
PRIMARY,C3_UPSTREAM_INVALID,71057,IDENTIFYING_ASSUMPTION_VIOLATED,1.194967520805277,UPSTREAM_CANDIDATE_NOT_ELIGIBLE,0,0,0,,UPSTREAM_CANDIDATE_NOT_ELIGIBLE,0,,,False,False
PRIMARY,C3_UPSTREAM_INVALID,71058,IDENTIFYING_ASSUMPTION_VIOLATED,1.1797827791051796,UPSTREAM_CANDIDATE_NOT_ELIGIBLE,0,0,0,,UPSTREAM_CANDIDATE_NOT_ELIGIBLE,0,,,False,False
PRIMARY,C3_UPSTREAM_INVALID,71059,IDENTIFYING_ASSUMPTION_VIOLATED,1.1870846125932202,UPSTREAM_CANDIDATE_NOT_ELIGIBLE,0,0,0,,UPSTREAM_CANDIDATE_NOT_ELIGIBLE,0,,,False,False
PRIMARY,C3_UPSTREAM_INVALID,71060,IDENTIFYING_ASSUMPTION_VIOLATED,1.1992797151812913,UPSTREAM_CANDIDATE_NOT_ELIGIBLE,0,0,0,,UPSTREAM_CANDIDATE_NOT_ELIGIBLE,0,,,False,False
PRIMARY,C3_UPSTREAM_INVALID,71061,IDENTIFYING_ASSUMPTION_VIOLATED,1.183736572753189,UPSTREAM_CANDIDATE_NOT_ELIGIBLE,0,0,0,,UPSTREAM_CANDIDATE_NOT_ELIGIBLE,0,,,False,False
PRIMARY,C3_UPSTREAM_INVALID,71062,IDENTIFYING_ASSUMPTION_VIOLATED,1.2044892991795695,UPSTREAM_CANDIDATE_NOT_ELIGIBLE,0,0,0,,UPSTREAM_CANDIDATE_NOT_ELIGIBLE,0,,,False,False
PRIMARY,C3_UPSTREAM_INVALID,71063,IDENTIFYING_ASSUMPTION_VIOLATED,1.1921262581041678,UPSTREAM_CANDIDATE_NOT_ELIGIBLE,0,0,0,,UPSTREAM_CANDIDATE_NOT_ELIGIBLE,0,,,False,False
REPLICATION,C0_VALID,81000,CAUSAL_CANDIDATE_UNDER_ASSUMPTIONS,0.7879050306946171,OBSERVATIONALLY_EQUIVALENT_COUNTERMODEL_SURVIVES,61,61,13,1.7763568394002505e-15,ASSUMPTION_CONDITIONAL_IDENTIFICATION_COUNTERMODELS_OUTSIDE_BOUNDS,0,,,False,False
REPLICATION,C0_VALID,81001,CAUSAL_CANDIDATE_UNDER_ASSUMPTIONS,0.8164696363084604,OBSERVATIONALLY_EQUIVALENT_COUNTERMODEL_SURVIVES,62,62,12,1.7763568394002505e-15,ASSUMPTION_CONDITIONAL_IDENTIFICATION_COUNTERMODELS_OUTSIDE_BOUNDS,0,,,False,False
REPLICATION,C0_VALID,81002,CAUSAL_CANDIDATE_UNDER_ASSUMPTIONS,0.7676552246075607,OBSERVATIONALLY_EQUIVALENT_COUNTERMODEL_SURVIVES,62,62,15,1.7763568394002505e-15,ASSUMPTION_CONDITIONAL_IDENTIFICATION_COUNTERMODELS_OUTSIDE_BOUNDS,0,,,False,False
REPLICATION,C0_VALID,81003,CAUSAL_CANDIDATE_UNDER_ASSUMPTIONS,0.7862727250369275,OBSERVATIONALLY_EQUIVALENT_COUNTERMODEL_SURVIVES,61,61,14,1.7763568394002505e-15,ASSUMPTION_CONDITIONAL_IDENTIFICATION_COUNTERMODELS_OUTSIDE_BOUNDS,0,,,False,False
REPLICATION,C0_VALID,81004,CAUSAL_CANDIDATE_UNDER_ASSUMPTIONS,0.8030904498531952,OBSERVATIONALLY_EQUIVALENT_COUNTERMODEL_SURVIVES,62,62,12,1.7763568394002505e-15,ASSUMPTION_CONDITIONAL_IDENTIFICATION_COUNTERMODELS_OUTSIDE_BOUNDS,0,,,False,False
REPLICATION,C0_VALID,81005,CAUSAL_CANDIDATE_UNDER_ASSUMPTIONS,0.792885557380587,OBSERVATIONALLY_EQUIVALENT_COUNTERMODEL_SURVIVES,62,62,15,1.7763568394002505e-15,ASSUMPTION_CONDITIONAL_IDENTIFICATION_COUNTERMODELS_OUTSIDE_BOUNDS,0,,,False,False
REPLICATION,C0_VALID,81006,CAUSAL_CANDIDATE_UNDER_ASSUMPTIONS,0.8149041253560595,OBSERVATIONALLY_EQUIVALENT_COUNTERMODEL_SURVIVES,61,61,12,1.7763568394002505e-15,ASSUMPTION_CONDITIONAL_IDENTIFICATION_COUNTERMODELS_OUTSIDE_BOUNDS,0,,,False,False
REPLICATION,C0_VALID,81007,CAUSAL_CANDIDATE_UNDER_ASSUMPTIONS,0.7873854162168856,OBSERVATIONALLY_EQUIVALENT_COUNTERMODEL_SURVIVES,61,61,13,1.7763568394002505e-15,ASSUMPTION_CONDITIONAL_IDENTIFICATION_COUNTERMODELS_OUTSIDE_BOUNDS,0,,,False,False
REPLICATION,C0_VALID,81008,CAUSAL_CANDIDATE_UNDER_ASSUMPTIONS,0.8185503840427573,OBSERVATIONALLY_EQUIVALENT_COUNTERMODEL_SURVIVES,62,62,13,1.7763568394002505e-15,ASSUMPTION_CONDITIONAL_IDENTIFICATION_COUNTERMODELS_OUTSIDE_BOUNDS,0,,,False,False
REPLICATION,C0_VALID,81009,CAUSAL_CANDIDATE_UNDER_ASSUMPTIONS,0.806463451852503,OBSERVATIONALLY_EQUIVALENT_COUNTERMODEL_SURVIVES,62,62,13,1.7763568394002505e-15,ASSUMPTION_CONDITIONAL_IDENTIFICATION_COUNTERMODELS_OUTSIDE_BOUNDS,0,,,False,False
REPLICATION,C0_VALID,81010,CAUSAL_CANDIDATE_UNDER_ASSUMPTIONS,0.7724018925142224,OBSERVATIONALLY_EQUIVALENT_COUNTERMODEL_SURVIVES,62,62,15,1.7763568394002505e-15,ASSUMPTION_CONDITIONAL_IDENTIFICATION_COUNTERMODELS_OUTSIDE_BOUNDS,0,,,False,False
REPLICATION,C0_VALID,81011,CAUSAL_CANDIDATE_UNDER_ASSUMPTIONS,0.8171286172502429,OBSERVATIONALLY_EQUIVALENT_COUNTERMODEL_SURVIVES,62,62,12,1.7763568394002505e-15,ASSUMPTION_CONDITIONAL_IDENTIFICATION_COUNTERMODELS_OUTSIDE_BOUNDS,0,,,False,False
REPLICATION,C0_VALID,81012,CAUSAL_CANDIDATE_UNDER_ASSUMPTIONS,0.7747147267043063,OBSERVATIONALLY_EQUIVALENT_COUNTERMODEL_SURVIVES,62,62,16,1.7763568394002505e-15,ASSUMPTION_CONDITIONAL_IDENTIFICATION_COUNTERMODELS_OUTSIDE_BOUNDS,0,,,False,False
REPLICATION,C0_VALID,81013,CAUSAL_CANDIDATE_UNDER_ASSUMPTIONS,0.7909268758233636,OBSERVATIONALLY_EQUIVALENT_COUNTERMODEL_SURVIVES,62,62,13,1.7763568394002505e-15,ASSUMPTION_CONDITIONAL_IDENTIFICATION_COUNTERMODELS_OUTSIDE_BOUNDS,0,,,False,False
REPLICATION,C0_VALID,81014,CAUSAL_CANDIDATE_UNDER_ASSUMPTIONS,0.7821212093618637,OBSERVATIONALLY_EQUIVALENT_COUNTERMODEL_SURVIVES,62,62,14,1.7763568394002505e-15,ASSUMPTION_CONDITIONAL_IDENTIFICATION_COUNTERMODELS_OUTSIDE_BOUNDS,0,,,False,False
REPLICATION,C0_VALID,81015,CAUSAL_CANDIDATE_UNDER_ASSUMPTIONS,0.7931025318000375,OBSERVATIONALLY_EQUIVALENT_COUNTERMODEL_SURVIVES,62,62,15,1.7763568394002505e-15,ASSUMPTION_CONDITIONAL_IDENTIFICATION_COUNTERMODELS_OUTSIDE_BOUNDS,0,,,False,False
REPLICATION,C0_VALID,81016,CAUSAL_CANDIDATE_UNDER_ASSUMPTIONS,0.7869270227768813,OBSERVATIONALLY_EQUIVALENT_COUNTERMODEL_SURVIVES,61,61,12,1.7763568394002505e-15,ASSUMPTION_CONDITIONAL_IDENTIFICATION_COUNTERMODELS_OUTSIDE_BOUNDS,0,,,False,False
REPLICATION,C0_VALID,81017,CAUSAL_CANDIDATE_UNDER_ASSUMPTIONS,0.8050558339409806,OBSERVATIONALLY_EQUIVALENT_COUNTERMODEL_SURVIVES,62,62,12,1.7763568394002505e-15,ASSUMPTION_CONDITIONAL_IDENTIFICATION_COUNTERMODELS_OUTSIDE_BOUNDS,0,,,False,False
REPLICATION,C0_VALID,81018,CAUSAL_CANDIDATE_UNDER_ASSUMPTIONS,0.8215157092925868,OBSERVATIONALLY_EQUIVALENT_COUNTERMODEL_SURVIVES,62,62,13,1.7763568394002505e-15,ASSUMPTION_CONDITIONAL_IDENTIFICATION_COUNTERMODELS_OUTSIDE_BOUNDS,0,,,False,False
REPLICATION,C0_VALID,81019,CAUSAL_CANDIDATE_UNDER_ASSUMPTIONS,0.7902172485781848,OBSERVATIONALLY_EQUIVALENT_COUNTERMODEL_SURVIVES,62,62,14,1.7763568394002505e-15,ASSUMPTION_CONDITIONAL_IDENTIFICATION_COUNTERMODELS_OUTSIDE_BOUNDS,0,,,False,False
REPLICATION,C0_VALID,81020,CAUSAL_CANDIDATE_UNDER_ASSUMPTIONS,0.8055284221264721,OBSERVATIONALLY_EQUIVALENT_COUNTERMODEL_SURVIVES,62,62,12,1.7763568394002505e-15,ASSUMPTION_CONDITIONAL_IDENTIFICATION_COUNTERMODELS_OUTSIDE_BOUNDS,0,,,False,False
REPLICATION,C0_VALID,81021,CAUSAL_CANDIDATE_UNDER_ASSUMPTIONS,0.814407267611278,OBSERVATIONALLY_EQUIVALENT_COUNTERMODEL_SURVIVES,61,61,12,1.7763568394002505e-15,ASSUMPTION_CONDITIONAL_IDENTIFICATION_COUNTERMODELS_OUTSIDE_BOUNDS,0,,,False,False
REPLICATION,C0_VALID,81022,CAUSAL_CANDIDATE_UNDER_ASSUMPTIONS,0.7872583853588152,OBSERVATIONALLY_EQUIVALENT_COUNTERMODEL_SURVIVES,61,61,14,1.7763568394002505e-15,ASSUMPTION_CONDITIONAL_IDENTIFICATION_COUNTERMODELS_OUTSIDE_BOUNDS,0,,,False,False
REPLICATION,C0_VALID,81023,CAUSAL_CANDIDATE_UNDER_ASSUMPTIONS,0.766475266659647,OBSERVATIONALLY_EQUIVALENT_COUNTERMODEL_SURVIVES,62,62,15,1.7763568394002505e-15,ASSUMPTION_CONDITIONAL_IDENTIFICATION_COUNTERMODELS_OUTSIDE_BOUNDS,0,,,False,False
REPLICATION,C0_VALID,81024,CAUSAL_CANDIDATE_UNDER_ASSUMPTIONS,0.8091856361943828,OBSERVATIONALLY_EQUIVALENT_COUNTERMODEL_SURVIVES,62,62,12,1.7763568394002505e-15,ASSUMPTION_CONDITIONAL_IDENTIFICATION_COUNTERMODELS_OUTSIDE_BOUNDS,0,,,False,False
REPLICATION,C0_VALID,81025,CAUSAL_CANDIDATE_UNDER_ASSUMPTIONS,0.8076353632144742,OBSERVATIONALLY_EQUIVALENT_COUNTERMODEL_SURVIVES,62,62,13,1.7763568394002505e-15,ASSUMPTION_CONDITIONAL_IDENTIFICATION_COUNTERMODELS_OUTSIDE_BOUNDS,0,,,False,False
REPLICATION,C0_VALID,81026,CAUSAL_CANDIDATE_UNDER_ASSUMPTIONS,0.7766196688428229,OBSERVATIONALLY_EQUIVALENT_COUNTERMODEL_SURVIVES,62,62,15,1.7763568394002505e-15,ASSUMPTION_CONDITIONAL_IDENTIFICATION_COUNTERMODELS_OUTSIDE_BOUNDS,0,,,False,False
REPLICATION,C0_VALID,81027,CAUSAL_CANDIDATE_UNDER_ASSUMPTIONS,0.784469262034317,OBSERVATIONALLY_EQUIVALENT_COUNTERMODEL_SURVIVES,62,62,13,1.7763568394002505e-15,ASSUMPTION_CONDITIONAL_IDENTIFICATION_COUNTERMODELS_OUTSIDE_BOUNDS,0,,,False,False
REPLICATION,C0_VALID,81028,CAUSAL_CANDIDATE_UNDER_ASSUMPTIONS,0.7727245113904199,OBSERVATIONALLY_EQUIVALENT_COUNTERMODEL_SURVIVES,62,62,15,1.7763568394002505e-15,ASSUMPTION_CONDITIONAL_IDENTIFICATION_COUNTERMODELS_OUTSIDE_BOUNDS,0,,,False,False
REPLICATION,C0_VALID,81029,CAUSAL_CANDIDATE_UNDER_ASSUMPTIONS,0.8088177089556532,OBSERVATIONALLY_EQUIVALENT_COUNTERMODEL_SURVIVES,62,62,13,1.7763568394002505e-15,ASSUMPTION_CONDITIONAL_IDENTIFICATION_COUNTERMODELS_OUTSIDE_BOUNDS,0,,,False,False
REPLICATION,C0_VALID,81030,CAUSAL_CANDIDATE_UNDER_ASSUMPTIONS,0.7965808991883726,OBSERVATIONALLY_EQUIVALENT_COUNTERMODEL_SURVIVES,62,62,14,1.7763568394002505e-15,ASSUMPTION_CONDITIONAL_IDENTIFICATION_COUNTERMODELS_OUTSIDE_BOUNDS,0,,,False,False
REPLICATION,C0_VALID,81031,CAUSAL_CANDIDATE_UNDER_ASSUMPTIONS,0.8203441176462352,OBSERVATIONALLY_EQUIVALENT_COUNTERMODEL_SURVIVES,62,62,13,2.220446049250313e-15,ASSUMPTION_CONDITIONAL_IDENTIFICATION_COUNTERMODELS_OUTSIDE_BOUNDS,0,,,False,False
REPLICATION,C0_VALID,81032,CAUSAL_CANDIDATE_UNDER_ASSUMPTIONS,0.7936007877346586,OBSERVATIONALLY_EQUIVALENT_COUNTERMODEL_SURVIVES,62,62,13,1.7763568394002505e-15,ASSUMPTION_CONDITIONAL_IDENTIFICATION_COUNTERMODELS_OUTSIDE_BOUNDS,0,,,False,False
REPLICATION,C0_VALID,81033,CAUSAL_CANDIDATE_UNDER_ASSUMPTIONS,0.8029145283059798,OBSERVATIONALLY_EQUIVALENT_COUNTERMODEL_SURVIVES,62,62,13,1.7763568394002505e-15,ASSUMPTION_CONDITIONAL_IDENTIFICATION_COUNTERMODELS_OUTSIDE_BOUNDS,0,,,False,False
REPLICATION,C0_VALID,81034,CAUSAL_CANDIDATE_UNDER_ASSUMPTIONS,0.8059924490528304,OBSERVATIONALLY_EQUIVALENT_COUNTERMODEL_SURVIVES,62,62,12,1.7763568394002505e-15,ASSUMPTION_CONDITIONAL_IDENTIFICATION_COUNTERMODELS_OUTSIDE_BOUNDS,0,,,False,False
REPLICATION,C0_VALID,81035,CAUSAL_CANDIDATE_UNDER_ASSUMPTIONS,0.7931533258364674,OBSERVATIONALLY_EQUIVALENT_COUNTERMODEL_SURVIVES,62,62,14,1.7763568394002505e-15,ASSUMPTION_CONDITIONAL_IDENTIFICATION_COUNTERMODELS_OUTSIDE_BOUNDS,0,,,False,False
REPLICATION,C0_VALID,81036,CAUSAL_CANDIDATE_UNDER_ASSUMPTIONS,0.7938266561170078,OBSERVATIONALLY_EQUIVALENT_COUNTERMODEL_SURVIVES,62,62,15,1.7763568394002505e-15,ASSUMPTION_CONDITIONAL_IDENTIFICATION_COUNTERMODELS_OUTSIDE_BOUNDS,0,,,False,False
REPLICATION,C0_VALID,81037,CAUSAL_CANDIDATE_UNDER_ASSUMPTIONS,0.8155877126454619,OBSERVATIONALLY_EQUIVALENT_COUNTERMODEL_SURVIVES,62,62,13,1.7763568394002505e-15,ASSUMPTION_CONDITIONAL_IDENTIFICATION_COUNTERMODELS_OUTSIDE_BOUNDS,0,,,False,False
REPLICATION,C0_VALID,81038,CAUSAL_CANDIDATE_UNDER_ASSUMPTIONS,0.7814925014546555,OBSERVATIONALLY_EQUIVALENT_COUNTERMODEL_SURVIVES,62,62,14,1.7763568394002505e-15,ASSUMPTION_CONDITIONAL_IDENTIFICATION_COUNTERMODELS_OUTSIDE_BOUNDS,0,,,False,False
REPLICATION,C0_VALID,81039,CAUSAL_CANDIDATE_UNDER_ASSUMPTIONS,0.8258858132178695,OBSERVATIONALLY_EQUIVALENT_COUNTERMODEL_SURVIVES,62,62,12,1.7763568394002505e-15,ASSUMPTION_CONDITIONAL_IDENTIFICATION_COUNTERMODELS_OUTSIDE_BOUNDS,0,,,False,False
REPLICATION,C0_VALID,81040,CAUSAL_CANDIDATE_UNDER_ASSUMPTIONS,0.7876363496544945,OBSERVATIONALLY_EQUIVALENT_COUNTERMODEL_SURVIVES,61,61,13,1.7763568394002505e-15,ASSUMPTION_CONDITIONAL_IDENTIFICATION_COUNTERMODELS_OUTSIDE_BOUNDS,0,,,False,False
REPLICATION,C0_VALID,81041,CAUSAL_CANDIDATE_UNDER_ASSUMPTIONS,0.823118125657024,OBSERVATIONALLY_EQUIVALENT_COUNTERMODEL_SURVIVES,62,62,13,1.7763568394002505e-15,ASSUMPTION_CONDITIONAL_IDENTIFICATION_COUNTERMODELS_OUTSIDE_BOUNDS,0,,,False,False
REPLICATION,C0_VALID,81042,CAUSAL_CANDIDATE_UNDER_ASSUMPTIONS,0.8029991063289864,OBSERVATIONALLY_EQUIVALENT_COUNTERMODEL_SURVIVES,62,62,13,1.7763568394002505e-15,ASSUMPTION_CONDITIONAL_IDENTIFICATION_COUNTERMODELS_OUTSIDE_BOUNDS,0,,,False,False
REPLICATION,C0_VALID,81043,CAUSAL_CANDIDATE_UNDER_ASSUMPTIONS,0.8048555208544681,OBSERVATIONALLY_EQUIVALENT_COUNTERMODEL_SURVIVES,62,62,13,1.7763568394002505e-15,ASSUMPTION_CONDITIONAL_IDENTIFICATION_COUNTERMODELS_OUTSIDE_BOUNDS,0,,,False,False
REPLICATION,C0_VALID,81044,CAUSAL_CANDIDATE_UNDER_ASSUMPTIONS,0.7805037339829928,OBSERVATIONALLY_EQUIVALENT_COUNTERMODEL_SURVIVES,62,62,14,1.7763568394002505e-15,ASSUMPTION_CONDITIONAL_IDENTIFICATION_COUNTERMODELS_OUTSIDE_BOUNDS,0,,,False,False
REPLICATION,C0_VALID,81045,CAUSAL_CANDIDATE_UNDER_ASSUMPTIONS,0.8221687312236322,OBSERVATIONALLY_EQUIVALENT_COUNTERMODEL_SURVIVES,62,62,12,1.7763568394002505e-15,ASSUMPTION_CONDITIONAL_IDENTIFICATION_COUNTERMODELS_OUTSIDE_BOUNDS,0,,,False,False
REPLICATION,C0_VALID,81046,CAUSAL_CANDIDATE_UNDER_ASSUMPTIONS,0.7969469777904264,OBSERVATIONALLY_EQUIVALENT_COUNTERMODEL_SURVIVES,62,62,13,1.7763568394002505e-15,ASSUMPTION_CONDITIONAL_IDENTIFICATION_COUNTERMODELS_OUTSIDE_BOUNDS,0,,,False,False
REPLICATION,C0_VALID,81047,CAUSAL_CANDIDATE_UNDER_ASSUMPTIONS,0.8265038665426618,OBSERVATIONALLY_EQUIVALENT_COUNTERMODEL_SURVIVES,62,62,11,1.7763568394002505e-15,ASSUMPTION_CONDITIONAL_IDENTIFICATION_COUNTERMODELS_OUTSIDE_BOUNDS,0,,,False,False
REPLICATION,C0_VALID,81048,CAUSAL_CANDIDATE_UNDER_ASSUMPTIONS,0.7997234981201922,OBSERVATIONALLY_EQUIVALENT_COUNTERMODEL_SURVIVES,62,62,13,1.7763568394002505e-15,ASSUMPTION_CONDITIONAL_IDENTIFICATION_COUNTERMODELS_OUTSIDE_BOUNDS,0,,,False,False
REPLICATION,C0_VALID,81049,CAUSAL_CANDIDATE_UNDER_ASSUMPTIONS,0.7814371259228283,OBSERVATIONALLY_EQUIVALENT_COUNTERMODEL_SURVIVES,62,62,14,1.7763568394002505e-15,ASSUMPTION_CONDITIONAL_IDENTIFICATION_COUNTERMODELS_OUTSIDE_BOUNDS,0,,,False,False
REPLICATION,C0_VALID,81050,CAUSAL_CANDIDATE_UNDER_ASSUMPTIONS,0.7788090620762363,OBSERVATIONALLY_EQUIVALENT_COUNTERMODEL_SURVIVES,62,62,13,1.7763568394002505e-15,ASSUMPTION_CONDITIONAL_IDENTIFICATION_COUNTERMODELS_OUTSIDE_BOUNDS,0,,,False,False
REPLICATION,C0_VALID,81051,CAUSAL_CANDIDATE_UNDER_ASSUMPTIONS,0.8258913727838794,OBSERVATIONALLY_EQUIVALENT_COUNTERMODEL_SURVIVES,62,62,13,1.7763568394002505e-15,ASSUMPTION_CONDITIONAL_IDENTIFICATION_COUNTERMODELS_OUTSIDE_BOUNDS,0,,,False,False
REPLICATION,C0_VALID,81052,CAUSAL_CANDIDATE_UNDER_ASSUMPTIONS,0.8138813753957848,OBSERVATIONALLY_EQUIVALENT_COUNTERMODEL_SURVIVES,61,61,12,1.7763568394002505e-15,ASSUMPTION_CONDITIONAL_IDENTIFICATION_COUNTERMODELS_OUTSIDE_BOUNDS,0,,,False,False
REPLICATION,C0_VALID,81053,CAUSAL_CANDIDATE_UNDER_ASSUMPTIONS,0.8212106590047247,OBSERVATIONALLY_EQUIVALENT_COUNTERMODEL_SURVIVES,62,62,12,1.7763568394002505e-15,ASSUMPTION_CONDITIONAL_IDENTIFICATION_COUNTERMODELS_OUTSIDE_BOUNDS,0,,,False,False
REPLICATION,C0_VALID,81054,CAUSAL_CANDIDATE_UNDER_ASSUMPTIONS,0.800071768788104,OBSERVATIONALLY_EQUIVALENT_COUNTERMODEL_SURVIVES,62,62,14,1.7763568394002505e-15,ASSUMPTION_CONDITIONAL_IDENTIFICATION_COUNTERMODELS_OUTSIDE_BOUNDS,0,,,False,False
REPLICATION,C0_VALID,81055,CAUSAL_CANDIDATE_UNDER_ASSUMPTIONS,0.7753792664580327,OBSERVATIONALLY_EQUIVALENT_COUNTERMODEL_SURVIVES,62,62,15,1.7763568394002505e-15,ASSUMPTION_CONDITIONAL_IDENTIFICATION_COUNTERMODELS_OUTSIDE_BOUNDS,0,,,False,False
REPLICATION,C0_VALID,81056,CAUSAL_CANDIDATE_UNDER_ASSUMPTIONS,0.8194268284986036,OBSERVATIONALLY_EQUIVALENT_COUNTERMODEL_SURVIVES,62,62,13,1.7763568394002505e-15,ASSUMPTION_CONDITIONAL_IDENTIFICATION_COUNTERMODELS_OUTSIDE_BOUNDS,0,,,False,False
REPLICATION,C0_VALID,81057,CAUSAL_CANDIDATE_UNDER_ASSUMPTIONS,0.7946178450371382,OBSERVATIONALLY_EQUIVALENT_COUNTERMODEL_SURVIVES,62,62,14,1.7763568394002505e-15,ASSUMPTION_CONDITIONAL_IDENTIFICATION_COUNTERMODELS_OUTSIDE_BOUNDS,0,,,False,False
REPLICATION,C0_VALID,81058,CAUSAL_CANDIDATE_UNDER_ASSUMPTIONS,0.7845276838714613,OBSERVATIONALLY_EQUIVALENT_COUNTERMODEL_SURVIVES,62,62,13,1.7763568394002505e-15,ASSUMPTION_CONDITIONAL_IDENTIFICATION_COUNTERMODELS_OUTSIDE_BOUNDS,0,,,False,False
REPLICATION,C0_VALID,81059,CAUSAL_CANDIDATE_UNDER_ASSUMPTIONS,0.7917516756294419,OBSERVATIONALLY_EQUIVALENT_COUNTERMODEL_SURVIVES,62,62,14,1.7763568394002505e-15,ASSUMPTION_CONDITIONAL_IDENTIFICATION_COUNTERMODELS_OUTSIDE_BOUNDS,0,,,False,False
REPLICATION,C0_VALID,81060,CAUSAL_CANDIDATE_UNDER_ASSUMPTIONS,0.7825492536883761,OBSERVATIONALLY_EQUIVALENT_COUNTERMODEL_SURVIVES,62,62,15,2.220446049250313e-15,ASSUMPTION_CONDITIONAL_IDENTIFICATION_COUNTERMODELS_OUTSIDE_BOUNDS,0,,,False,False
REPLICATION,C0_VALID,81061,CAUSAL_CANDIDATE_UNDER_ASSUMPTIONS,0.8104102380720886,OBSERVATIONALLY_EQUIVALENT_COUNTERMODEL_SURVIVES,61,61,14,1.7763568394002505e-15,ASSUMPTION_CONDITIONAL_IDENTIFICATION_COUNTERMODELS_OUTSIDE_BOUNDS,0,,,False,False
REPLICATION,C0_VALID,81062,CAUSAL_CANDIDATE_UNDER_ASSUMPTIONS,0.8221169740088071,OBSERVATIONALLY_EQUIVALENT_COUNTERMODEL_SURVIVES,62,62,13,1.7763568394002505e-15,ASSUMPTION_CONDITIONAL_IDENTIFICATION_COUNTERMODELS_OUTSIDE_BOUNDS,0,,,False,False
REPLICATION,C0_VALID,81063,CAUSAL_CANDIDATE_UNDER_ASSUMPTIONS,0.8203068202051758,OBSERVATIONALLY_EQUIVALENT_COUNTERMODEL_SURVIVES,62,62,13,1.7763568394002505e-15,ASSUMPTION_CONDITIONAL_IDENTIFICATION_COUNTERMODELS_OUTSIDE_BOUNDS,0,,,False,False
REPLICATION,C1_COORDINATED_EXCLUSION,81000,CAUSAL_CANDIDATE_UNDER_ASSUMPTIONS,1.2955393861722686,OBSERVATIONALLY_EQUIVALENT_COUNTERMODEL_SURVIVES,62,62,2,1.7763568394002505e-15,ASSUMPTION_CONDITIONAL_IDENTIFICATION_COUNTERMODELS_OUTSIDE_BOUNDS,0,0.8,8.881784197001252e-16,False,False
REPLICATION,C1_COORDINATED_EXCLUSION,81001,CAUSAL_CANDIDATE_UNDER_ASSUMPTIONS,1.301915976605549,OBSERVATIONALLY_EQUIVALENT_COUNTERMODEL_SURVIVES,62,62,1,1.7763568394002505e-15,ASSUMPTION_CONDITIONAL_IDENTIFICATION_COUNTERMODELS_OUTSIDE_BOUNDS,0,,,False,False
REPLICATION,C1_COORDINATED_EXCLUSION,81002,CAUSAL_CANDIDATE_UNDER_ASSUMPTIONS,1.2720847487114497,OBSERVATIONALLY_EQUIVALENT_COUNTERMODEL_SURVIVES,62,62,2,1.3322676295501878e-15,ASSUMPTION_CONDITIONAL_IDENTIFICATION_COUNTERMODELS_OUTSIDE_BOUNDS,0,0.7750000000000001,8.881784197001252e-16,False,False
REPLICATION,C1_COORDINATED_EXCLUSION,81003,CAUSAL_CANDIDATE_UNDER_ASSUMPTIONS,1.2933223788100907,OBSERVATIONALLY_EQUIVALENT_COUNTERMODEL_SURVIVES,62,62,2,1.7763568394002505e-15,ASSUMPTION_CONDITIONAL_IDENTIFICATION_COUNTERMODELS_OUTSIDE_BOUNDS,0,0.8,1.7763568394002505e-15,False,False
REPLICATION,C1_COORDINATED_EXCLUSION,81004,CAUSAL_CANDIDATE_UNDER_ASSUMPTIONS,1.3106855967821316,OBSERVATIONALLY_EQUIVALENT_COUNTERMODEL_SURVIVES,61,61,2,1.7763568394002505e-15,ASSUMPTION_CONDITIONAL_IDENTIFICATION_COUNTERMODELS_OUTSIDE_BOUNDS,0,0.8,8.881784197001252e-16,False,False
REPLICATION,C1_COORDINATED_EXCLUSION,81005,CAUSAL_CANDIDATE_UNDER_ASSUMPTIONS,1.280914507613085,OBSERVATIONALLY_EQUIVALENT_COUNTERMODEL_SURVIVES,62,62,1,1.7763568394002505e-15,ASSUMPTION_CONDITIONAL_IDENTIFICATION_COUNTERMODELS_OUTSIDE_BOUNDS,0,,,False,False
REPLICATION,C1_COORDINATED_EXCLUSION,81006,CAUSAL_CANDIDATE_UNDER_ASSUMPTIONS,1.3172748328871187,OBSERVATIONALLY_EQUIVALENT_COUNTERMODEL_SURVIVES,62,62,2,8.881784197001252e-16,ASSUMPTION_CONDITIONAL_IDENTIFICATION_COUNTERMODELS_OUTSIDE_BOUNDS,0,0.8250000000000002,8.881784197001252e-16,False,False
REPLICATION,C1_COORDINATED_EXCLUSION,81007,CAUSAL_CANDIDATE_UNDER_ASSUMPTIONS,1.291128533011192,OBSERVATIONALLY_EQUIVALENT_COUNTERMODEL_SURVIVES,62,62,2,1.7763568394002505e-15,ASSUMPTION_CONDITIONAL_IDENTIFICATION_COUNTERMODELS_OUTSIDE_BOUNDS,0,0.8,8.881784197001252e-16,False,False
REPLICATION,C1_COORDINATED_EXCLUSION,81008,CAUSAL_CANDIDATE_UNDER_ASSUMPTIONS,1.3109860072509354,OBSERVATIONALLY_EQUIVALENT_COUNTERMODEL_SURVIVES,61,61,2,1.7763568394002505e-15,ASSUMPTION_CONDITIONAL_IDENTIFICATION_COUNTERMODELS_OUTSIDE_BOUNDS,0,0.8,8.881784197001252e-16,False,False
REPLICATION,C1_COORDINATED_EXCLUSION,81009,CAUSAL_CANDIDATE_UNDER_ASSUMPTIONS,1.3157258243513605,OBSERVATIONALLY_EQUIVALENT_COUNTERMODEL_SURVIVES,62,62,2,1.3322676295501878e-15,ASSUMPTION_CONDITIONAL_IDENTIFICATION_COUNTERMODELS_OUTSIDE_BOUNDS,0,0.8250000000000002,8.881784197001252e-16,False,False
REPLICATION,C1_COORDINATED_EXCLUSION,81010,CAUSAL_CANDIDATE_UNDER_ASSUMPTIONS,1.2804071418957392,OBSERVATIONALLY_EQUIVALENT_COUNTERMODEL_SURVIVES,62,62,1,1.7763568394002505e-15,ASSUMPTION_CONDITIONAL_IDENTIFICATION_COUNTERMODELS_OUTSIDE_BOUNDS,0,,,False,False
REPLICATION,C1_COORDINATED_EXCLUSION,81011,CAUSAL_CANDIDATE_UNDER_ASSUMPTIONS,1.3114938342187055,OBSERVATIONALLY_EQUIVALENT_COUNTERMODEL_SURVIVES,61,61,2,1.7763568394002505e-15,ASSUMPTION_CONDITIONAL_IDENTIFICATION_COUNTERMODELS_OUTSIDE_BOUNDS,0,0.8,8.881784197001252e-16,False,False
REPLICATION,C1_COORDINATED_EXCLUSION,81012,CAUSAL_CANDIDATE_UNDER_ASSUMPTIONS,1.2783797216846993,OBSERVATIONALLY_EQUIVALENT_COUNTERMODEL_SURVIVES,62,62,1,1.7763568394002505e-15,ASSUMPTION_CONDITIONAL_IDENTIFICATION_COUNTERMODELS_OUTSIDE_BOUNDS,0,,,False,False
REPLICATION,C1_COORDINATED_EXCLUSION,81013,CAUSAL_CANDIDATE_UNDER_ASSUMPTIONS,1.2993226020388868,OBSERVATIONALLY_EQUIVALENT_COUNTERMODEL_SURVIVES,62,62,2,1.7763568394002505e-15,ASSUMPTION_CONDITIONAL_IDENTIFICATION_COUNTERMODELS_OUTSIDE_BOUNDS,0,0.8,8.881784197001252e-16,False,False
REPLICATION,C1_COORDINATED_EXCLUSION,81014,CAUSAL_CANDIDATE_UNDER_ASSUMPTIONS,1.291819279519591,OBSERVATIONALLY_EQUIVALENT_COUNTERMODEL_SURVIVES,62,62,2,1.7763568394002505e-15,ASSUMPTION_CONDITIONAL_IDENTIFICATION_COUNTERMODELS_OUTSIDE_BOUNDS,0,0.8,1.7763568394002505e-15,False,False
REPLICATION,C1_COORDINATED_EXCLUSION,81015,CAUSAL_CANDIDATE_UNDER_ASSUMPTIONS,1.2974077225630471,OBSERVATIONALLY_EQUIVALENT_COUNTERMODEL_SURVIVES,62,62,2,1.7763568394002505e-15,ASSUMPTION_CONDITIONAL_IDENTIFICATION_COUNTERMODELS_OUTSIDE_BOUNDS,0,0.8,8.881784197001252e-16,False,False
REPLICATION,C1_COORDINATED_EXCLUSION,81016,CAUSAL_CANDIDATE_UNDER_ASSUMPTIONS,1.2839244235829426,OBSERVATIONALLY_EQUIVALENT_COUNTERMODEL_SURVIVES,62,62,1,1.7763568394002505e-15,ASSUMPTION_CONDITIONAL_IDENTIFICATION_COUNTERMODELS_OUTSIDE_BOUNDS,0,,,False,False
REPLICATION,C1_COORDINATED_EXCLUSION,81017,CAUSAL_CANDIDATE_UNDER_ASSUMPTIONS,1.3079967461621136,OBSERVATIONALLY_EQUIVALENT_COUNTERMODEL_SURVIVES,62,62,1,1.7763568394002505e-15,ASSUMPTION_CONDITIONAL_IDENTIFICATION_COUNTERMODELS_OUTSIDE_BOUNDS,0,,,False,False
REPLICATION,C1_COORDINATED_EXCLUSION,81018,CAUSAL_CANDIDATE_UNDER_ASSUMPTIONS,1.3147121897796326,OBSERVATIONALLY_EQUIVALENT_COUNTERMODEL_SURVIVES,61,61,1,2.6645352591003757e-15,ASSUMPTION_CONDITIONAL_IDENTIFICATION_COUNTERMODELS_OUTSIDE_BOUNDS,0,,,False,False
REPLICATION,C1_COORDINATED_EXCLUSION,81019,CAUSAL_CANDIDATE_UNDER_ASSUMPTIONS,1.2921557722847041,OBSERVATIONALLY_EQUIVALENT_COUNTERMODEL_SURVIVES,62,62,2,1.7763568394002505e-15,ASSUMPTION_CONDITIONAL_IDENTIFICATION_COUNTERMODELS_OUTSIDE_BOUNDS,0,0.8,8.881784197001252e-16,False,False
REPLICATION,C1_COORDINATED_EXCLUSION,81020,CAUSAL_CANDIDATE_UNDER_ASSUMPTIONS,1.30566966574887,OBSERVATIONALLY_EQUIVALENT_COUNTERMODEL_SURVIVES,62,62,1,1.7763568394002505e-15,ASSUMPTION_CONDITIONAL_IDENTIFICATION_COUNTERMODELS_OUTSIDE_BOUNDS,0,,,False,False
REPLICATION,C1_COORDINATED_EXCLUSION,81021,CAUSAL_CANDIDATE_UNDER_ASSUMPTIONS,1.3143866622435525,OBSERVATIONALLY_EQUIVALENT_COUNTERMODEL_SURVIVES,61,61,1,1.7763568394002505e-15,ASSUMPTION_CONDITIONAL_IDENTIFICATION_COUNTERMODELS_OUTSIDE_BOUNDS,0,,,False,False
REPLICATION,C1_COORDINATED_EXCLUSION,81022,CAUSAL_CANDIDATE_UNDER_ASSUMPTIONS,1.2835452955746374,OBSERVATIONALLY_EQUIVALENT_COUNTERMODEL_SURVIVES,62,62,1,1.7763568394002505e-15,ASSUMPTION_CONDITIONAL_IDENTIFICATION_COUNTERMODELS_OUTSIDE_BOUNDS,0,,,False,False
REPLICATION,C1_COORDINATED_EXCLUSION,81023,CAUSAL_CANDIDATE_UNDER_ASSUMPTIONS,1.2694949768963304,OBSERVATIONALLY_EQUIVALENT_COUNTERMODEL_SURVIVES,62,62,2,1.7763568394002505e-15,ASSUMPTION_CONDITIONAL_IDENTIFICATION_COUNTERMODELS_OUTSIDE_BOUNDS,0,0.7750000000000001,8.881784197001252e-16,False,False
REPLICATION,C1_COORDINATED_EXCLUSION,81024,CAUSAL_CANDIDATE_UNDER_ASSUMPTIONS,1.3016517261380276,OBSERVATIONALLY_EQUIVALENT_COUNTERMODEL_SURVIVES,62,62,1,1.7763568394002505e-15,ASSUMPTION_CONDITIONAL_IDENTIFICATION_COUNTERMODELS_OUTSIDE_BOUNDS,0,,,False,False
REPLICATION,C1_COORDINATED_EXCLUSION,81025,CAUSAL_CANDIDATE_UNDER_ASSUMPTIONS,1.3010381570497036,OBSERVATIONALLY_EQUIVALENT_COUNTERMODEL_SURVIVES,62,62,2,2.6645352591003757e-15,ASSUMPTION_CONDITIONAL_IDENTIFICATION_COUNTERMODELS_OUTSIDE_BOUNDS,0,0.8,8.881784197001252e-16,False,False
REPLICATION,C1_COORDINATED_EXCLUSION,81026,CAUSAL_CANDIDATE_UNDER_ASSUMPTIONS,1.2848419753242197,OBSERVATIONALLY_EQUIVALENT_COUNTERMODEL_SURVIVES,62,62,1,1.7763568394002505e-15,ASSUMPTION_CONDITIONAL_IDENTIFICATION_COUNTERMODELS_OUTSIDE_BOUNDS,0,,,False,False
REPLICATION,C1_COORDINATED_EXCLUSION,81027,CAUSAL_CANDIDATE_UNDER_ASSUMPTIONS,1.2921674239261864,OBSERVATIONALLY_EQUIVALENT_COUNTERMODEL_SURVIVES,62,62,2,1.7763568394002505e-15,ASSUMPTION_CONDITIONAL_IDENTIFICATION_COUNTERMODELS_OUTSIDE_BOUNDS,0,0.8,8.881784197001252e-16,False,False
REPLICATION,C1_COORDINATED_EXCLUSION,81028,CAUSAL_CANDIDATE_UNDER_ASSUMPTIONS,1.2802301908539582,OBSERVATIONALLY_EQUIVALENT_COUNTERMODEL_SURVIVES,62,62,1,1.7763568394002505e-15,ASSUMPTION_CONDITIONAL_IDENTIFICATION_COUNTERMODELS_OUTSIDE_BOUNDS,0,,,False,False
REPLICATION,C1_COORDINATED_EXCLUSION,81029,CAUSAL_CANDIDATE_UNDER_ASSUMPTIONS,1.3199058623443383,OBSERVATIONALLY_EQUIVALENT_COUNTERMODEL_SURVIVES,62,62,2,1.7763568394002505e-15,ASSUMPTION_CONDITIONAL_IDENTIFICATION_COUNTERMODELS_OUTSIDE_BOUNDS,0,0.8250000000000002,8.881784197001252e-16,False,False
REPLICATION,C1_COORDINATED_EXCLUSION,81030,CAUSAL_CANDIDATE_UNDER_ASSUMPTIONS,1.302127038873958,OBSERVATIONALLY_EQUIVALENT_COUNTERMODEL_SURVIVES,62,62,1,1.7763568394002505e-15,ASSUMPTION_CONDITIONAL_IDENTIFICATION_COUNTERMODELS_OUTSIDE_BOUNDS,0,,,False,False
REPLICATION,C1_COORDINATED_EXCLUSION,81031,CAUSAL_CANDIDATE_UNDER_ASSUMPTIONS,1.3190827655899273,OBSERVATIONALLY_EQUIVALENT_COUNTERMODEL_SURVIVES,62,62,2,1.7763568394002505e-15,ASSUMPTION_CONDITIONAL_IDENTIFICATION_COUNTERMODELS_OUTSIDE_BOUNDS,0,0.8250000000000002,8.881784197001252e-16,False,False
REPLICATION,C1_COORDINATED_EXCLUSION,81032,CAUSAL_CANDIDATE_UNDER_ASSUMPTIONS,1.3008202534026236,OBSERVATIONALLY_EQUIVALENT_COUNTERMODEL_SURVIVES,62,62,1,1.7763568394002505e-15,ASSUMPTION_CONDITIONAL_IDENTIFICATION_COUNTERMODELS_OUTSIDE_BOUNDS,0,,,False,False
REPLICATION,C1_COORDINATED_EXCLUSION,81033,CAUSAL_CANDIDATE_UNDER_ASSUMPTIONS,1.2943164097462987,OBSERVATIONALLY_EQUIVALENT_COUNTERMODEL_SURVIVES,62,62,2,1.7763568394002505e-15,ASSUMPTION_CONDITIONAL_IDENTIFICATION_COUNTERMODELS_OUTSIDE_BOUNDS,0,0.8,8.881784197001252e-16,False,False
REPLICATION,C1_COORDINATED_EXCLUSION,81034,CAUSAL_CANDIDATE_UNDER_ASSUMPTIONS,1.302931199037343,OBSERVATIONALLY_EQUIVALENT_COUNTERMODEL_SURVIVES,62,62,1,1.7763568394002505e-15,ASSUMPTION_CONDITIONAL_IDENTIFICATION_COUNTERMODELS_OUTSIDE_BOUNDS,0,,,False,False
REPLICATION,C1_COORDINATED_EXCLUSION,81035,CAUSAL_CANDIDATE_UNDER_ASSUMPTIONS,1.301848761270459,OBSERVATIONALLY_EQUIVALENT_COUNTERMODEL_SURVIVES,62,62,1,1.7763568394002505e-15,ASSUMPTION_CONDITIONAL_IDENTIFICATION_COUNTERMODELS_OUTSIDE_BOUNDS,0,,,False,False
REPLICATION,C1_COORDINATED_EXCLUSION,81036,CAUSAL_CANDIDATE_UNDER_ASSUMPTIONS,1.2995449486458346,OBSERVATIONALLY_EQUIVALENT_COUNTERMODEL_SURVIVES,62,62,2,1.7763568394002505e-15,ASSUMPTION_CONDITIONAL_IDENTIFICATION_COUNTERMODELS_OUTSIDE_BOUNDS,0,0.8,8.881784197001252e-16,False,False
REPLICATION,C1_COORDINATED_EXCLUSION,81037,CAUSAL_CANDIDATE_UNDER_ASSUMPTIONS,1.3157133362414302,OBSERVATIONALLY_EQUIVALENT_COUNTERMODEL_SURVIVES,62,62,2,1.7763568394002505e-15,ASSUMPTION_CONDITIONAL_IDENTIFICATION_COUNTERMODELS_OUTSIDE_BOUNDS,0,0.8250000000000002,1.7763568394002505e-15,False,False
REPLICATION,C1_COORDINATED_EXCLUSION,81038,CAUSAL_CANDIDATE_UNDER_ASSUMPTIONS,1.2945138474020264,OBSERVATIONALLY_EQUIVALENT_COUNTERMODEL_SURVIVES,62,62,2,1.3322676295501878e-15,ASSUMPTION_CONDITIONAL_IDENTIFICATION_COUNTERMODELS_OUTSIDE_BOUNDS,0,0.8,8.881784197001252e-16,False,False
REPLICATION,C1_COORDINATED_EXCLUSION,81039,CAUSAL_CANDIDATE_UNDER_ASSUMPTIONS,1.3214927321111185,OBSERVATIONALLY_EQUIVALENT_COUNTERMODEL_SURVIVES,62,62,2,1.3322676295501878e-15,ASSUMPTION_CONDITIONAL_IDENTIFICATION_COUNTERMODELS_OUTSIDE_BOUNDS,0,0.8250000000000002,8.881784197001252e-16,False,False
REPLICATION,C1_COORDINATED_EXCLUSION,81040,CAUSAL_CANDIDATE_UNDER_ASSUMPTIONS,1.2856732692467379,OBSERVATIONALLY_EQUIVALENT_COUNTERMODEL_SURVIVES,61,61,2,1.7763568394002505e-15,ASSUMPTION_CONDITIONAL_IDENTIFICATION_COUNTERMODELS_OUTSIDE_BOUNDS,0,0.7750000000000001,1.7763568394002505e-15,False,False
REPLICATION,C1_COORDINATED_EXCLUSION,81041,CAUSAL_CANDIDATE_UNDER_ASSUMPTIONS,1.3203804658375584,OBSERVATIONALLY_EQUIVALENT_COUNTERMODEL_SURVIVES,62,62,2,1.3322676295501878e-15,ASSUMPTION_CONDITIONAL_IDENTIFICATION_COUNTERMODELS_OUTSIDE_BOUNDS,0,0.8250000000000002,8.881784197001252e-16,False,False
REPLICATION,C1_COORDINATED_EXCLUSION,81042,CAUSAL_CANDIDATE_UNDER_ASSUMPTIONS,1.2948380274174367,OBSERVATIONALLY_EQUIVALENT_COUNTERMODEL_SURVIVES,62,62,2,1.3322676295501878e-15,ASSUMPTION_CONDITIONAL_IDENTIFICATION_COUNTERMODELS_OUTSIDE_BOUNDS,0,0.8,8.881784197001252e-16,False,False
REPLICATION,C1_COORDINATED_EXCLUSION,81043,CAUSAL_CANDIDATE_UNDER_ASSUMPTIONS,1.30504329875211,OBSERVATIONALLY_EQUIVALENT_COUNTERMODEL_SURVIVES,62,62,1,1.7763568394002505e-15,ASSUMPTION_CONDITIONAL_IDENTIFICATION_COUNTERMODELS_OUTSIDE_BOUNDS,0,,,False,False
REPLICATION,C1_COORDINATED_EXCLUSION,81044,CAUSAL_CANDIDATE_UNDER_ASSUMPTIONS,1.2829427843874304,OBSERVATIONALLY_EQUIVALENT_COUNTERMODEL_SURVIVES,62,62,1,1.7763568394002505e-15,ASSUMPTION_CONDITIONAL_IDENTIFICATION_COUNTERMODELS_OUTSIDE_BOUNDS,0,,,False,False
REPLICATION,C1_COORDINATED_EXCLUSION,81045,CAUSAL_CANDIDATE_UNDER_ASSUMPTIONS,1.3106834095227613,OBSERVATIONALLY_EQUIVALENT_COUNTERMODEL_SURVIVES,61,61,2,1.7763568394002505e-15,ASSUMPTION_CONDITIONAL_IDENTIFICATION_COUNTERMODELS_OUTSIDE_BOUNDS,0,0.8,1.7763568394002505e-15,False,False
REPLICATION,C1_COORDINATED_EXCLUSION,81046,CAUSAL_CANDIDATE_UNDER_ASSUMPTIONS,1.295754412477635,OBSERVATIONALLY_EQUIVALENT_COUNTERMODEL_SURVIVES,62,62,2,1.1102230246251565e-15,ASSUMPTION_CONDITIONAL_IDENTIFICATION_COUNTERMODELS_OUTSIDE_BOUNDS,0,0.8,8.881784197001252e-16,False,False
REPLICATION,C1_COORDINATED_EXCLUSION,81047,CAUSAL_CANDIDATE_UNDER_ASSUMPTIONS,1.3169323095541292,OBSERVATIONALLY_EQUIVALENT_COUNTERMODEL_SURVIVES,62,62,2,1.7763568394002505e-15,ASSUMPTION_CONDITIONAL_IDENTIFICATION_COUNTERMODELS_OUTSIDE_BOUNDS,0,0.8250000000000002,8.881784197001252e-16,False,False
REPLICATION,C1_COORDINATED_EXCLUSION,81048,CAUSAL_CANDIDATE_UNDER_ASSUMPTIONS,1.2954430747496017,OBSERVATIONALLY_EQUIVALENT_COUNTERMODEL_SURVIVES,62,62,2,1.3322676295501878e-15,ASSUMPTION_CONDITIONAL_IDENTIFICATION_COUNTERMODELS_OUTSIDE_BOUNDS,0,0.8,8.881784197001252e-16,False,False
REPLICATION,C1_COORDINATED_EXCLUSION,81049,CAUSAL_CANDIDATE_UNDER_ASSUMPTIONS,1.2728694761567876,OBSERVATIONALLY_EQUIVALENT_COUNTERMODEL_SURVIVES,62,62,2,1.7763568394002505e-15,ASSUMPTION_CONDITIONAL_IDENTIFICATION_COUNTERMODELS_OUTSIDE_BOUNDS,0,0.7750000000000001,8.881784197001252e-16,False,False
REPLICATION,C1_COORDINATED_EXCLUSION,81050,CAUSAL_CANDIDATE_UNDER_ASSUMPTIONS,1.2819780916919667,OBSERVATIONALLY_EQUIVALENT_COUNTERMODEL_SURVIVES,62,62,1,2.6645352591003757e-15,ASSUMPTION_CONDITIONAL_IDENTIFICATION_COUNTERMODELS_OUTSIDE_BOUNDS,0,,,False,False
REPLICATION,C1_COORDINATED_EXCLUSION,81051,CAUSAL_CANDIDATE_UNDER_ASSUMPTIONS,1.3178072866285422,OBSERVATIONALLY_EQUIVALENT_COUNTERMODEL_SURVIVES,62,62,2,1.3322676295501878e-15,ASSUMPTION_CONDITIONAL_IDENTIFICATION_COUNTERMODELS_OUTSIDE_BOUNDS,0,0.8250000000000002,8.881784197001252e-16,False,False
REPLICATION,C1_COORDINATED_EXCLUSION,81052,CAUSAL_CANDIDATE_UNDER_ASSUMPTIONS,1.3094406346610326,OBSERVATIONALLY_EQUIVALENT_COUNTERMODEL_SURVIVES,62,62,1,1.7763568394002505e-15,ASSUMPTION_CONDITIONAL_IDENTIFICATION_COUNTERMODELS_OUTSIDE_BOUNDS,0,,,False,False
REPLICATION,C1_COORDINATED_EXCLUSION,81053,CAUSAL_CANDIDATE_UNDER_ASSUMPTIONS,1.311993803928533,OBSERVATIONALLY_EQUIVALENT_COUNTERMODEL_SURVIVES,61,61,2,1.7763568394002505e-15,ASSUMPTION_CONDITIONAL_IDENTIFICATION_COUNTERMODELS_OUTSIDE_BOUNDS,0,0.8,8.881784197001252e-16,False,False
REPLICATION,C1_COORDINATED_EXCLUSION,81054,CAUSAL_CANDIDATE_UNDER_ASSUMPTIONS,1.2983978795631983,OBSERVATIONALLY_EQUIVALENT_COUNTERMODEL_SURVIVES,62,62,2,1.7763568394002505e-15,ASSUMPTION_CONDITIONAL_IDENTIFICATION_COUNTERMODELS_OUTSIDE_BOUNDS,0,0.8,8.881784197001252e-16,False,False
REPLICATION,C1_COORDINATED_EXCLUSION,81055,CAUSAL_CANDIDATE_UNDER_ASSUMPTIONS,1.2691304677283066,OBSERVATIONALLY_EQUIVALENT_COUNTERMODEL_SURVIVES,62,62,2,1.7763568394002505e-15,ASSUMPTION_CONDITIONAL_IDENTIFICATION_COUNTERMODELS_OUTSIDE_BOUNDS,0,0.7750000000000001,8.881784197001252e-16,False,False
REPLICATION,C1_COORDINATED_EXCLUSION,81056,CAUSAL_CANDIDATE_UNDER_ASSUMPTIONS,1.3149006513417891,OBSERVATIONALLY_EQUIVALENT_COUNTERMODEL_SURVIVES,61,61,1,2.6645352591003757e-15,ASSUMPTION_CONDITIONAL_IDENTIFICATION_COUNTERMODELS_OUTSIDE_BOUNDS,0,,,False,False
REPLICATION,C1_COORDINATED_EXCLUSION,81057,CAUSAL_CANDIDATE_UNDER_ASSUMPTIONS,1.29252946059785,OBSERVATIONALLY_EQUIVALENT_COUNTERMODEL_SURVIVES,62,62,2,1.3322676295501878e-15,ASSUMPTION_CONDITIONAL_IDENTIFICATION_COUNTERMODELS_OUTSIDE_BOUNDS,0,0.8,8.881784197001252e-16,False,False
REPLICATION,C1_COORDINATED_EXCLUSION,81058,CAUSAL_CANDIDATE_UNDER_ASSUMPTIONS,1.2880681818626711,OBSERVATIONALLY_EQUIVALENT_COUNTERMODEL_SURVIVES,61,61,2,1.7763568394002505e-15,ASSUMPTION_CONDITIONAL_IDENTIFICATION_COUNTERMODELS_OUTSIDE_BOUNDS,0,0.7750000000000001,8.881784197001252e-16,False,False
REPLICATION,C1_COORDINATED_EXCLUSION,81059,CAUSAL_CANDIDATE_UNDER_ASSUMPTIONS,1.297250912612871,OBSERVATIONALLY_EQUIVALENT_COUNTERMODEL_SURVIVES,62,62,2,1.7763568394002505e-15,ASSUMPTION_CONDITIONAL_IDENTIFICATION_COUNTERMODELS_OUTSIDE_BOUNDS,0,0.8,8.881784197001252e-16,False,False
REPLICATION,C1_COORDINATED_EXCLUSION,81060,CAUSAL_CANDIDATE_UNDER_ASSUMPTIONS,1.2868179023721273,OBSERVATIONALLY_EQUIVALENT_COUNTERMODEL_SURVIVES,61,61,2,1.7763568394002505e-15,ASSUMPTION_CONDITIONAL_IDENTIFICATION_COUNTERMODELS_OUTSIDE_BOUNDS,0,0.7750000000000001,8.881784197001252e-16,False,False
REPLICATION,C1_COORDINATED_EXCLUSION,81061,CAUSAL_CANDIDATE_UNDER_ASSUMPTIONS,1.3013252157842363,OBSERVATIONALLY_EQUIVALENT_COUNTERMODEL_SURVIVES,62,62,1,1.5543122344752192e-15,ASSUMPTION_CONDITIONAL_IDENTIFICATION_COUNTERMODELS_OUTSIDE_BOUNDS,0,,,False,False
REPLICATION,C1_COORDINATED_EXCLUSION,81062,CAUSAL_CANDIDATE_UNDER_ASSUMPTIONS,1.3108810399908577,OBSERVATIONALLY_EQUIVALENT_COUNTERMODEL_SURVIVES,61,61,2,1.7763568394002505e-15,ASSUMPTION_CONDITIONAL_IDENTIFICATION_COUNTERMODELS_OUTSIDE_BOUNDS,0,0.8,8.881784197001252e-16,False,False
REPLICATION,C1_COORDINATED_EXCLUSION,81063,CAUSAL_CANDIDATE_UNDER_ASSUMPTIONS,1.3212852800794548,OBSERVATIONALLY_EQUIVALENT_COUNTERMODEL_SURVIVES,62,62,2,1.7763568394002505e-15,ASSUMPTION_CONDITIONAL_IDENTIFICATION_COUNTERMODELS_OUTSIDE_BOUNDS,0,0.8250000000000002,8.881784197001252e-16,False,False
REPLICATION,C2_ALEATORIC_HIGH,81000,CAUSAL_CANDIDATE_UNDER_ASSUMPTIONS,0.7410332443855853,OBSERVATIONALLY_EQUIVALENT_COUNTERMODEL_SURVIVES,62,62,15,1.7763568394002505e-15,ASSUMPTION_CONDITIONAL_IDENTIFICATION_COUNTERMODELS_OUTSIDE_BOUNDS,0,,,False,False
REPLICATION,C2_ALEATORIC_HIGH,81001,CAUSAL_CANDIDATE_UNDER_ASSUMPTIONS,0.7975081737315182,OBSERVATIONALLY_EQUIVALENT_COUNTERMODEL_SURVIVES,62,62,12,1.7763568394002505e-15,ASSUMPTION_CONDITIONAL_IDENTIFICATION_COUNTERMODELS_OUTSIDE_BOUNDS,0,,,False,False
REPLICATION,C2_ALEATORIC_HIGH,81002,CAUSAL_CANDIDATE_UNDER_ASSUMPTIONS,0.7202316797652042,OBSERVATIONALLY_EQUIVALENT_COUNTERMODEL_SURVIVES,62,62,17,3.552713678800501e-15,ASSUMPTION_CONDITIONAL_IDENTIFICATION_COUNTERMODELS_OUTSIDE_BOUNDS,0,,,False,False
REPLICATION,C2_ALEATORIC_HIGH,81003,CAUSAL_CANDIDATE_UNDER_ASSUMPTIONS,0.7486434908960713,OBSERVATIONALLY_EQUIVALENT_COUNTERMODEL_SURVIVES,62,62,15,1.7763568394002505e-15,ASSUMPTION_CONDITIONAL_IDENTIFICATION_COUNTERMODELS_OUTSIDE_BOUNDS,0,,,False,False
REPLICATION,C2_ALEATORIC_HIGH,81004,CAUSAL_CANDIDATE_UNDER_ASSUMPTIONS,0.8643064288598239,OBSERVATIONALLY_EQUIVALENT_COUNTERMODEL_SURVIVES,61,61,9,1.7763568394002505e-15,ASSUMPTION_CONDITIONAL_IDENTIFICATION_COUNTERMODELS_OUTSIDE_BOUNDS,0,,,False,False
REPLICATION,C2_ALEATORIC_HIGH,81005,CAUSAL_CANDIDATE_UNDER_ASSUMPTIONS,0.761101594440311,OBSERVATIONALLY_EQUIVALENT_COUNTERMODEL_SURVIVES,61,61,16,1.7763568394002505e-15,ASSUMPTION_CONDITIONAL_IDENTIFICATION_COUNTERMODELS_OUTSIDE_BOUNDS,0,,,False,False
REPLICATION,C2_ALEATORIC_HIGH,81006,CAUSAL_CANDIDATE_UNDER_ASSUMPTIONS,0.8415380507088646,OBSERVATIONALLY_EQUIVALENT_COUNTERMODEL_SURVIVES,62,62,10,1.7763568394002505e-15,ASSUMPTION_CONDITIONAL_IDENTIFICATION_COUNTERMODELS_OUTSIDE_BOUNDS,0,,,False,False
REPLICATION,C2_ALEATORIC_HIGH,81007,CAUSAL_CANDIDATE_UNDER_ASSUMPTIONS,0.7777990968824177,OBSERVATIONALLY_EQUIVALENT_COUNTERMODEL_SURVIVES,62,62,13,1.7763568394002505e-15,ASSUMPTION_CONDITIONAL_IDENTIFICATION_COUNTERMODELS_OUTSIDE_BOUNDS,0,,,False,False
REPLICATION,C2_ALEATORIC_HIGH,81008,CAUSAL_CANDIDATE_UNDER_ASSUMPTIONS,0.833238554204548,OBSERVATIONALLY_EQUIVALENT_COUNTERMODEL_SURVIVES,62,62,12,1.7763568394002505e-15,ASSUMPTION_CONDITIONAL_IDENTIFICATION_COUNTERMODELS_OUTSIDE_BOUNDS,0,,,False,False
REPLICATION,C2_ALEATORIC_HIGH,81009,CAUSAL_CANDIDATE_UNDER_ASSUMPTIONS,0.8209352220874048,OBSERVATIONALLY_EQUIVALENT_COUNTERMODEL_SURVIVES,62,62,12,1.7763568394002505e-15,ASSUMPTION_CONDITIONAL_IDENTIFICATION_COUNTERMODELS_OUTSIDE_BOUNDS,0,,,False,False
REPLICATION,C2_ALEATORIC_HIGH,81010,CAUSAL_CANDIDATE_UNDER_ASSUMPTIONS,0.7219967070926957,OBSERVATIONALLY_EQUIVALENT_COUNTERMODEL_SURVIVES,62,62,17,1.7763568394002505e-15,ASSUMPTION_CONDITIONAL_IDENTIFICATION_COUNTERMODELS_OUTSIDE_BOUNDS,0,,,False,False
REPLICATION,C2_ALEATORIC_HIGH,81011,CAUSAL_CANDIDATE_UNDER_ASSUMPTIONS,0.8283406658056128,OBSERVATIONALLY_EQUIVALENT_COUNTERMODEL_SURVIVES,62,62,9,1.7763568394002505e-15,ASSUMPTION_CONDITIONAL_IDENTIFICATION_COUNTERMODELS_OUTSIDE_BOUNDS,0,,,False,False
REPLICATION,C2_ALEATORIC_HIGH,81012,CAUSAL_CANDIDATE_UNDER_ASSUMPTIONS,0.7580062298348265,OBSERVATIONALLY_EQUIVALENT_COUNTERMODEL_SURVIVES,62,62,18,1.7763568394002505e-15,ASSUMPTION_CONDITIONAL_IDENTIFICATION_COUNTERMODELS_OUTSIDE_BOUNDS,0,,,False,False
REPLICATION,C2_ALEATORIC_HIGH,81013,CAUSAL_CANDIDATE_UNDER_ASSUMPTIONS,0.7956638626325259,OBSERVATIONALLY_EQUIVALENT_COUNTERMODEL_SURVIVES,62,62,10,1.7763568394002505e-15,ASSUMPTION_CONDITIONAL_IDENTIFICATION_COUNTERMODELS_OUTSIDE_BOUNDS,0,,,False,False
REPLICATION,C2_ALEATORIC_HIGH,81014,CAUSAL_CANDIDATE_UNDER_ASSUMPTIONS,0.7687767425889328,OBSERVATIONALLY_EQUIVALENT_COUNTERMODEL_SURVIVES,62,62,15,1.7763568394002505e-15,ASSUMPTION_CONDITIONAL_IDENTIFICATION_COUNTERMODELS_OUTSIDE_BOUNDS,0,,,False,False
REPLICATION,C2_ALEATORIC_HIGH,81015,CAUSAL_CANDIDATE_UNDER_ASSUMPTIONS,0.7916554158208226,OBSERVATIONALLY_EQUIVALENT_COUNTERMODEL_SURVIVES,62,62,18,1.7763568394002505e-15,ASSUMPTION_CONDITIONAL_IDENTIFICATION_COUNTERMODELS_OUTSIDE_BOUNDS,0,,,False,False
REPLICATION,C2_ALEATORIC_HIGH,81016,CAUSAL_CANDIDATE_UNDER_ASSUMPTIONS,0.7937364843817482,OBSERVATIONALLY_EQUIVALENT_COUNTERMODEL_SURVIVES,62,62,10,3.552713678800501e-15,ASSUMPTION_CONDITIONAL_IDENTIFICATION_COUNTERMODELS_OUTSIDE_BOUNDS,0,,,False,False
REPLICATION,C2_ALEATORIC_HIGH,81017,CAUSAL_CANDIDATE_UNDER_ASSUMPTIONS,0.8288576601669243,OBSERVATIONALLY_EQUIVALENT_COUNTERMODEL_SURVIVES,62,62,10,1.7763568394002505e-15,ASSUMPTION_CONDITIONAL_IDENTIFICATION_COUNTERMODELS_OUTSIDE_BOUNDS,0,,,False,False
REPLICATION,C2_ALEATORIC_HIGH,81018,CAUSAL_CANDIDATE_UNDER_ASSUMPTIONS,0.8480510412559923,OBSERVATIONALLY_EQUIVALENT_COUNTERMODEL_SURVIVES,62,62,14,1.7763568394002505e-15,ASSUMPTION_CONDITIONAL_IDENTIFICATION_COUNTERMODELS_OUTSIDE_BOUNDS,0,,,False,False
REPLICATION,C2_ALEATORIC_HIGH,81019,CAUSAL_CANDIDATE_UNDER_ASSUMPTIONS,0.7877148209134206,OBSERVATIONALLY_EQUIVALENT_COUNTERMODEL_SURVIVES,61,61,15,1.7763568394002505e-15,ASSUMPTION_CONDITIONAL_IDENTIFICATION_COUNTERMODELS_OUTSIDE_BOUNDS,0,,,False,False
REPLICATION,C2_ALEATORIC_HIGH,81020,CAUSAL_CANDIDATE_UNDER_ASSUMPTIONS,0.8068929405644099,OBSERVATIONALLY_EQUIVALENT_COUNTERMODEL_SURVIVES,62,62,10,1.7763568394002505e-15,ASSUMPTION_CONDITIONAL_IDENTIFICATION_COUNTERMODELS_OUTSIDE_BOUNDS,0,,,False,False
REPLICATION,C2_ALEATORIC_HIGH,81021,CAUSAL_CANDIDATE_UNDER_ASSUMPTIONS,0.7952803058235618,OBSERVATIONALLY_EQUIVALENT_COUNTERMODEL_SURVIVES,62,62,12,1.7763568394002505e-15,ASSUMPTION_CONDITIONAL_IDENTIFICATION_COUNTERMODELS_OUTSIDE_BOUNDS,0,,,False,False
REPLICATION,C2_ALEATORIC_HIGH,81022,CAUSAL_CANDIDATE_UNDER_ASSUMPTIONS,0.7663497173583513,OBSERVATIONALLY_EQUIVALENT_COUNTERMODEL_SURVIVES,62,62,15,2.6645352591003757e-15,ASSUMPTION_CONDITIONAL_IDENTIFICATION_COUNTERMODELS_OUTSIDE_BOUNDS,0,,,False,False
REPLICATION,C2_ALEATORIC_HIGH,81023,CAUSAL_CANDIDATE_UNDER_ASSUMPTIONS,0.7024973659018754,OBSERVATIONALLY_EQUIVALENT_COUNTERMODEL_SURVIVES,62,62,17,1.7763568394002505e-15,ASSUMPTION_CONDITIONAL_IDENTIFICATION_COUNTERMODELS_OUTSIDE_BOUNDS,0,,,False,False
REPLICATION,C2_ALEATORIC_HIGH,81024,CAUSAL_CANDIDATE_UNDER_ASSUMPTIONS,0.7786988267109378,OBSERVATIONALLY_EQUIVALENT_COUNTERMODEL_SURVIVES,62,62,12,2.220446049250313e-15,ASSUMPTION_CONDITIONAL_IDENTIFICATION_COUNTERMODELS_OUTSIDE_BOUNDS,0,,,False,False
REPLICATION,C2_ALEATORIC_HIGH,81025,CAUSAL_CANDIDATE_UNDER_ASSUMPTIONS,0.7934905309787427,OBSERVATIONALLY_EQUIVALENT_COUNTERMODEL_SURVIVES,62,62,13,1.7763568394002505e-15,ASSUMPTION_CONDITIONAL_IDENTIFICATION_COUNTERMODELS_OUTSIDE_BOUNDS,0,,,False,False
REPLICATION,C2_ALEATORIC_HIGH,81026,CAUSAL_CANDIDATE_UNDER_ASSUMPTIONS,0.7557506589146902,OBSERVATIONALLY_EQUIVALENT_COUNTERMODEL_SURVIVES,62,62,19,1.7763568394002505e-15,ASSUMPTION_CONDITIONAL_IDENTIFICATION_COUNTERMODELS_OUTSIDE_BOUNDS,0,,,False,False
REPLICATION,C2_ALEATORIC_HIGH,81027,CAUSAL_CANDIDATE_UNDER_ASSUMPTIONS,0.8119666513473413,OBSERVATIONALLY_EQUIVALENT_COUNTERMODEL_SURVIVES,61,61,10,1.7763568394002505e-15,ASSUMPTION_CONDITIONAL_IDENTIFICATION_COUNTERMODELS_OUTSIDE_BOUNDS,0,,,False,False
REPLICATION,C2_ALEATORIC_HIGH,81028,CAUSAL_CANDIDATE_UNDER_ASSUMPTIONS,0.758909497086199,OBSERVATIONALLY_EQUIVALENT_COUNTERMODEL_SURVIVES,62,62,15,1.7763568394002505e-15,ASSUMPTION_CONDITIONAL_IDENTIFICATION_COUNTERMODELS_OUTSIDE_BOUNDS,0,,,False,False
REPLICATION,C2_ALEATORIC_HIGH,81029,CAUSAL_CANDIDATE_UNDER_ASSUMPTIONS,0.8323888184422186,OBSERVATIONALLY_EQUIVALENT_COUNTERMODEL_SURVIVES,62,62,12,1.7763568394002505e-15,ASSUMPTION_CONDITIONAL_IDENTIFICATION_COUNTERMODELS_OUTSIDE_BOUNDS,0,,,False,False
REPLICATION,C2_ALEATORIC_HIGH,81030,CAUSAL_CANDIDATE_UNDER_ASSUMPTIONS,0.8191030450854923,OBSERVATIONALLY_EQUIVALENT_COUNTERMODEL_SURVIVES,62,62,12,1.7763568394002505e-15,ASSUMPTION_CONDITIONAL_IDENTIFICATION_COUNTERMODELS_OUTSIDE_BOUNDS,0,,,False,False
REPLICATION,C2_ALEATORIC_HIGH,81031,CAUSAL_CANDIDATE_UNDER_ASSUMPTIONS,0.8429427661154865,OBSERVATIONALLY_EQUIVALENT_COUNTERMODEL_SURVIVES,62,62,12,1.7763568394002505e-15,ASSUMPTION_CONDITIONAL_IDENTIFICATION_COUNTERMODELS_OUTSIDE_BOUNDS,0,,,False,False
REPLICATION,C2_ALEATORIC_HIGH,81032,CAUSAL_CANDIDATE_UNDER_ASSUMPTIONS,0.8072944722089296,OBSERVATIONALLY_EQUIVALENT_COUNTERMODEL_SURVIVES,62,62,11,1.7763568394002505e-15,ASSUMPTION_CONDITIONAL_IDENTIFICATION_COUNTERMODELS_OUTSIDE_BOUNDS,0,,,False,False
REPLICATION,C2_ALEATORIC_HIGH,81033,CAUSAL_CANDIDATE_UNDER_ASSUMPTIONS,0.7657665297235686,OBSERVATIONALLY_EQUIVALENT_COUNTERMODEL_SURVIVES,62,62,13,1.7763568394002505e-15,ASSUMPTION_CONDITIONAL_IDENTIFICATION_COUNTERMODELS_OUTSIDE_BOUNDS,0,,,False,False
REPLICATION,C2_ALEATORIC_HIGH,81034,CAUSAL_CANDIDATE_UNDER_ASSUMPTIONS,0.7889612138884727,OBSERVATIONALLY_EQUIVALENT_COUNTERMODEL_SURVIVES,61,61,9,1.7763568394002505e-15,ASSUMPTION_CONDITIONAL_IDENTIFICATION_COUNTERMODELS_OUTSIDE_BOUNDS,0,,,False,False
REPLICATION,C2_ALEATORIC_HIGH,81035,CAUSAL_CANDIDATE_UNDER_ASSUMPTIONS,0.8035729908588108,OBSERVATIONALLY_EQUIVALENT_COUNTERMODEL_SURVIVES,62,62,14,1.7763568394002505e-15,ASSUMPTION_CONDITIONAL_IDENTIFICATION_COUNTERMODELS_OUTSIDE_BOUNDS,0,,,False,False
REPLICATION,C2_ALEATORIC_HIGH,81036,CAUSAL_CANDIDATE_UNDER_ASSUMPTIONS,0.8067340783850084,OBSERVATIONALLY_EQUIVALENT_COUNTERMODEL_SURVIVES,62,62,15,1.7763568394002505e-15,ASSUMPTION_CONDITIONAL_IDENTIFICATION_COUNTERMODELS_OUTSIDE_BOUNDS,0,,,False,False
REPLICATION,C2_ALEATORIC_HIGH,81037,CAUSAL_CANDIDATE_UNDER_ASSUMPTIONS,0.8562539056135282,OBSERVATIONALLY_EQUIVALENT_COUNTERMODEL_SURVIVES,62,62,10,1.7763568394002505e-15,ASSUMPTION_CONDITIONAL_IDENTIFICATION_COUNTERMODELS_OUTSIDE_BOUNDS,0,,,False,False
REPLICATION,C2_ALEATORIC_HIGH,81038,CAUSAL_CANDIDATE_UNDER_ASSUMPTIONS,0.7915852367306216,OBSERVATIONALLY_EQUIVALENT_COUNTERMODEL_SURVIVES,62,62,15,1.7763568394002505e-15,ASSUMPTION_CONDITIONAL_IDENTIFICATION_COUNTERMODELS_OUTSIDE_BOUNDS,0,,,False,False
REPLICATION,C2_ALEATORIC_HIGH,81039,CAUSAL_CANDIDATE_UNDER_ASSUMPTIONS,0.8681462022633964,OBSERVATIONALLY_EQUIVALENT_COUNTERMODEL_SURVIVES,62,62,9,1.7763568394002505e-15,ASSUMPTION_CONDITIONAL_IDENTIFICATION_COUNTERMODELS_OUTSIDE_BOUNDS,0,,,False,False
REPLICATION,C2_ALEATORIC_HIGH,81040,CAUSAL_CANDIDATE_UNDER_ASSUMPTIONS,0.7625973489486922,OBSERVATIONALLY_EQUIVALENT_COUNTERMODEL_SURVIVES,61,61,13,1.7763568394002505e-15,ASSUMPTION_CONDITIONAL_IDENTIFICATION_COUNTERMODELS_OUTSIDE_BOUNDS,0,,,False,False
REPLICATION,C2_ALEATORIC_HIGH,81041,CAUSAL_CANDIDATE_UNDER_ASSUMPTIONS,0.849382130511342,OBSERVATIONALLY_EQUIVALENT_COUNTERMODEL_SURVIVES,62,62,11,1.7763568394002505e-15,ASSUMPTION_CONDITIONAL_IDENTIFICATION_COUNTERMODELS_OUTSIDE_BOUNDS,0,,,False,False
REPLICATION,C2_ALEATORIC_HIGH,81042,CAUSAL_CANDIDATE_UNDER_ASSUMPTIONS,0.7801370359879026,OBSERVATIONALLY_EQUIVALENT_COUNTERMODEL_SURVIVES,62,62,12,1.7763568394002505e-15,ASSUMPTION_CONDITIONAL_IDENTIFICATION_COUNTERMODELS_OUTSIDE_BOUNDS,0,,,False,False
REPLICATION,C2_ALEATORIC_HIGH,81043,CAUSAL_CANDIDATE_UNDER_ASSUMPTIONS,0.8066845199211341,OBSERVATIONALLY_EQUIVALENT_COUNTERMODEL_SURVIVES,62,62,15,1.7763568394002505e-15,ASSUMPTION_CONDITIONAL_IDENTIFICATION_COUNTERMODELS_OUTSIDE_BOUNDS,0,,,False,False
REPLICATION,C2_ALEATORIC_HIGH,81044,CAUSAL_CANDIDATE_UNDER_ASSUMPTIONS,0.7612602183659766,OBSERVATIONALLY_EQUIVALENT_COUNTERMODEL_SURVIVES,61,61,14,2.220446049250313e-15,ASSUMPTION_CONDITIONAL_IDENTIFICATION_COUNTERMODELS_OUTSIDE_BOUNDS,0,,,False,False
REPLICATION,C2_ALEATORIC_HIGH,81045,CAUSAL_CANDIDATE_UNDER_ASSUMPTIONS,0.7916930635798552,OBSERVATIONALLY_EQUIVALENT_COUNTERMODEL_SURVIVES,62,62,10,1.7763568394002505e-15,ASSUMPTION_CONDITIONAL_IDENTIFICATION_COUNTERMODELS_OUTSIDE_BOUNDS,0,,,False,False
REPLICATION,C2_ALEATORIC_HIGH,81046,CAUSAL_CANDIDATE_UNDER_ASSUMPTIONS,0.79638871421527,OBSERVATIONALLY_EQUIVALENT_COUNTERMODEL_SURVIVES,62,62,10,1.7763568394002505e-15,ASSUMPTION_CONDITIONAL_IDENTIFICATION_COUNTERMODELS_OUTSIDE_BOUNDS,0,,,False,False
REPLICATION,C2_ALEATORIC_HIGH,81047,CAUSAL_CANDIDATE_UNDER_ASSUMPTIONS,0.8697449137668439,OBSERVATIONALLY_EQUIVALENT_COUNTERMODEL_SURVIVES,62,62,9,1.7763568394002505e-15,ASSUMPTION_CONDITIONAL_IDENTIFICATION_COUNTERMODELS_OUTSIDE_BOUNDS,0,,,False,False
REPLICATION,C2_ALEATORIC_HIGH,81048,CAUSAL_CANDIDATE_UNDER_ASSUMPTIONS,0.7923720973468088,OBSERVATIONALLY_EQUIVALENT_COUNTERMODEL_SURVIVES,62,62,11,1.7763568394002505e-15,ASSUMPTION_CONDITIONAL_IDENTIFICATION_COUNTERMODELS_OUTSIDE_BOUNDS,0,,,False,False
REPLICATION,C2_ALEATORIC_HIGH,81049,CAUSAL_CANDIDATE_UNDER_ASSUMPTIONS,0.7317238422500333,OBSERVATIONALLY_EQUIVALENT_COUNTERMODEL_SURVIVES,62,62,14,1.7763568394002505e-15,ASSUMPTION_CONDITIONAL_IDENTIFICATION_COUNTERMODELS_OUTSIDE_BOUNDS,0,,,False,False
REPLICATION,C2_ALEATORIC_HIGH,81050,CAUSAL_CANDIDATE_UNDER_ASSUMPTIONS,0.7655305437347453,OBSERVATIONALLY_EQUIVALENT_COUNTERMODEL_SURVIVES,62,62,13,2.6645352591003757e-15,ASSUMPTION_CONDITIONAL_IDENTIFICATION_COUNTERMODELS_OUTSIDE_BOUNDS,0,,,False,False
REPLICATION,C2_ALEATORIC_HIGH,81051,CAUSAL_CANDIDATE_UNDER_ASSUMPTIONS,0.8525406862066313,OBSERVATIONALLY_EQUIVALENT_COUNTERMODEL_SURVIVES,62,62,14,3.552713678800501e-15,ASSUMPTION_CONDITIONAL_IDENTIFICATION_COUNTERMODELS_OUTSIDE_BOUNDS,0,,,False,False
REPLICATION,C2_ALEATORIC_HIGH,81052,CAUSAL_CANDIDATE_UNDER_ASSUMPTIONS,0.7915250561616245,OBSERVATIONALLY_EQUIVALENT_COUNTERMODEL_SURVIVES,62,62,13,1.7763568394002505e-15,ASSUMPTION_CONDITIONAL_IDENTIFICATION_COUNTERMODELS_OUTSIDE_BOUNDS,0,,,False,False
REPLICATION,C2_ALEATORIC_HIGH,81053,CAUSAL_CANDIDATE_UNDER_ASSUMPTIONS,0.8198847578753081,OBSERVATIONALLY_EQUIVALENT_COUNTERMODEL_SURVIVES,62,62,11,1.7763568394002505e-15,ASSUMPTION_CONDITIONAL_IDENTIFICATION_COUNTERMODELS_OUTSIDE_BOUNDS,0,,,False,False
REPLICATION,C2_ALEATORIC_HIGH,81054,CAUSAL_CANDIDATE_UNDER_ASSUMPTIONS,0.7902360682379292,OBSERVATIONALLY_EQUIVALENT_COUNTERMODEL_SURVIVES,62,62,15,1.7763568394002505e-15,ASSUMPTION_CONDITIONAL_IDENTIFICATION_COUNTERMODELS_OUTSIDE_BOUNDS,0,,,False,False
REPLICATION,C2_ALEATORIC_HIGH,81055,CAUSAL_CANDIDATE_UNDER_ASSUMPTIONS,0.7322615350163779,OBSERVATIONALLY_EQUIVALENT_COUNTERMODEL_SURVIVES,62,62,15,1.7763568394002505e-15,ASSUMPTION_CONDITIONAL_IDENTIFICATION_COUNTERMODELS_OUTSIDE_BOUNDS,0,,,False,False
REPLICATION,C2_ALEATORIC_HIGH,81056,CAUSAL_CANDIDATE_UNDER_ASSUMPTIONS,0.8559070343333245,OBSERVATIONALLY_EQUIVALENT_COUNTERMODEL_SURVIVES,62,62,12,3.552713678800501e-15,ASSUMPTION_CONDITIONAL_IDENTIFICATION_COUNTERMODELS_OUTSIDE_BOUNDS,0,,,False,False
REPLICATION,C2_ALEATORIC_HIGH,81057,CAUSAL_CANDIDATE_UNDER_ASSUMPTIONS,0.7725604612154562,OBSERVATIONALLY_EQUIVALENT_COUNTERMODEL_SURVIVES,62,62,15,1.7763568394002505e-15,ASSUMPTION_CONDITIONAL_IDENTIFICATION_COUNTERMODELS_OUTSIDE_BOUNDS,0,,,False,False
REPLICATION,C2_ALEATORIC_HIGH,81058,CAUSAL_CANDIDATE_UNDER_ASSUMPTIONS,0.7505770467910461,OBSERVATIONALLY_EQUIVALENT_COUNTERMODEL_SURVIVES,62,62,15,1.7763568394002505e-15,ASSUMPTION_CONDITIONAL_IDENTIFICATION_COUNTERMODELS_OUTSIDE_BOUNDS,0,,,False,False
REPLICATION,C2_ALEATORIC_HIGH,81059,CAUSAL_CANDIDATE_UNDER_ASSUMPTIONS,0.7660886184115006,OBSERVATIONALLY_EQUIVALENT_COUNTERMODEL_SURVIVES,62,62,15,1.7763568394002505e-15,ASSUMPTION_CONDITIONAL_IDENTIFICATION_COUNTERMODELS_OUTSIDE_BOUNDS,0,,,False,False
REPLICATION,C2_ALEATORIC_HIGH,81060,CAUSAL_CANDIDATE_UNDER_ASSUMPTIONS,0.7421660048538664,OBSERVATIONALLY_EQUIVALENT_COUNTERMODEL_SURVIVES,62,62,20,1.7763568394002505e-15,ASSUMPTION_CONDITIONAL_IDENTIFICATION_COUNTERMODELS_OUTSIDE_BOUNDS,0,,,False,False
REPLICATION,C2_ALEATORIC_HIGH,81061,CAUSAL_CANDIDATE_UNDER_ASSUMPTIONS,0.7842110941967095,OBSERVATIONALLY_EQUIVALENT_COUNTERMODEL_SURVIVES,62,62,16,1.7763568394002505e-15,ASSUMPTION_CONDITIONAL_IDENTIFICATION_COUNTERMODELS_OUTSIDE_BOUNDS,0,,,False,False
REPLICATION,C2_ALEATORIC_HIGH,81062,CAUSAL_CANDIDATE_UNDER_ASSUMPTIONS,0.8245183722155897,OBSERVATIONALLY_EQUIVALENT_COUNTERMODEL_SURVIVES,62,62,13,1.7763568394002505e-15,ASSUMPTION_CONDITIONAL_IDENTIFICATION_COUNTERMODELS_OUTSIDE_BOUNDS,0,,,False,False
REPLICATION,C2_ALEATORIC_HIGH,81063,CAUSAL_CANDIDATE_UNDER_ASSUMPTIONS,0.8618779346317934,OBSERVATIONALLY_EQUIVALENT_COUNTERMODEL_SURVIVES,61,61,10,1.7763568394002505e-15,ASSUMPTION_CONDITIONAL_IDENTIFICATION_COUNTERMODELS_OUTSIDE_BOUNDS,0,,,False,False
REPLICATION,C3_UPSTREAM_INVALID,81000,IDENTIFYING_ASSUMPTION_VIOLATED,1.1941912141444946,UPSTREAM_CANDIDATE_NOT_ELIGIBLE,0,0,0,,UPSTREAM_CANDIDATE_NOT_ELIGIBLE,0,,,False,False
REPLICATION,C3_UPSTREAM_INVALID,81001,IDENTIFYING_ASSUMPTION_VIOLATED,1.1922374260116968,UPSTREAM_CANDIDATE_NOT_ELIGIBLE,0,0,0,,UPSTREAM_CANDIDATE_NOT_ELIGIBLE,0,,,False,False
REPLICATION,C3_UPSTREAM_INVALID,81002,IDENTIFYING_ASSUMPTION_VIOLATED,1.1803493699910912,UPSTREAM_CANDIDATE_NOT_ELIGIBLE,0,0,0,,UPSTREAM_CANDIDATE_NOT_ELIGIBLE,0,,,False,False
REPLICATION,C3_UPSTREAM_INVALID,81003,IDENTIFYING_ASSUMPTION_VIOLATED,1.189933885899145,UPSTREAM_CANDIDATE_NOT_ELIGIBLE,0,0,0,,UPSTREAM_CANDIDATE_NOT_ELIGIBLE,0,,,False,False
REPLICATION,C3_UPSTREAM_INVALID,81004,IDENTIFYING_ASSUMPTION_VIOLATED,1.183199400018469,UPSTREAM_CANDIDATE_NOT_ELIGIBLE,0,0,0,,UPSTREAM_CANDIDATE_NOT_ELIGIBLE,0,,,False,False
REPLICATION,C3_UPSTREAM_INVALID,81005,IDENTIFYING_ASSUMPTION_VIOLATED,1.1910417632324561,UPSTREAM_CANDIDATE_NOT_ELIGIBLE,0,0,0,,UPSTREAM_CANDIDATE_NOT_ELIGIBLE,0,,,False,False
REPLICATION,C3_UPSTREAM_INVALID,81006,IDENTIFYING_ASSUMPTION_VIOLATED,1.1939567757033707,UPSTREAM_CANDIDATE_NOT_ELIGIBLE,0,0,0,,UPSTREAM_CANDIDATE_NOT_ELIGIBLE,0,,,False,False
REPLICATION,C3_UPSTREAM_INVALID,81007,IDENTIFYING_ASSUMPTION_VIOLATED,1.1842214714113528,UPSTREAM_CANDIDATE_NOT_ELIGIBLE,0,0,0,,UPSTREAM_CANDIDATE_NOT_ELIGIBLE,0,,,False,False
REPLICATION,C3_UPSTREAM_INVALID,81008,IDENTIFYING_ASSUMPTION_VIOLATED,1.1970553470379897,UPSTREAM_CANDIDATE_NOT_ELIGIBLE,0,0,0,,UPSTREAM_CANDIDATE_NOT_ELIGIBLE,0,,,False,False
REPLICATION,C3_UPSTREAM_INVALID,81009,IDENTIFYING_ASSUMPTION_VIOLATED,1.1902090741686675,UPSTREAM_CANDIDATE_NOT_ELIGIBLE,0,0,0,,UPSTREAM_CANDIDATE_NOT_ELIGIBLE,0,,,False,False
REPLICATION,C3_UPSTREAM_INVALID,81010,IDENTIFYING_ASSUMPTION_VIOLATED,1.1815517033558796,UPSTREAM_CANDIDATE_NOT_ELIGIBLE,0,0,0,,UPSTREAM_CANDIDATE_NOT_ELIGIBLE,0,,,False,False
REPLICATION,C3_UPSTREAM_INVALID,81011,IDENTIFYING_ASSUMPTION_VIOLATED,1.1797515076413119,UPSTREAM_CANDIDATE_NOT_ELIGIBLE,0,0,0,,UPSTREAM_CANDIDATE_NOT_ELIGIBLE,0,,,False,False
REPLICATION,C3_UPSTREAM_INVALID,81012,IDENTIFYING_ASSUMPTION_VIOLATED,1.1954942501899095,UPSTREAM_CANDIDATE_NOT_ELIGIBLE,0,0,0,,UPSTREAM_CANDIDATE_NOT_ELIGIBLE,0,,,False,False
REPLICATION,C3_UPSTREAM_INVALID,81013,IDENTIFYING_ASSUMPTION_VIOLATED,1.1771879354102146,UPSTREAM_CANDIDATE_NOT_ELIGIBLE,0,0,0,,UPSTREAM_CANDIDATE_NOT_ELIGIBLE,0,,,False,False
REPLICATION,C3_UPSTREAM_INVALID,81014,IDENTIFYING_ASSUMPTION_VIOLATED,1.1885847969545973,UPSTREAM_CANDIDATE_NOT_ELIGIBLE,0,0,0,,UPSTREAM_CANDIDATE_NOT_ELIGIBLE,0,,,False,False
REPLICATION,C3_UPSTREAM_INVALID,81015,IDENTIFYING_ASSUMPTION_VIOLATED,1.2042660751614667,UPSTREAM_CANDIDATE_NOT_ELIGIBLE,0,0,0,,UPSTREAM_CANDIDATE_NOT_ELIGIBLE,0,,,False,False
REPLICATION,C3_UPSTREAM_INVALID,81016,IDENTIFYING_ASSUMPTION_VIOLATED,1.1687906677550113,UPSTREAM_CANDIDATE_NOT_ELIGIBLE,0,0,0,,UPSTREAM_CANDIDATE_NOT_ELIGIBLE,0,,,False,False
REPLICATION,C3_UPSTREAM_INVALID,81017,IDENTIFYING_ASSUMPTION_VIOLATED,1.185186863113518,UPSTREAM_CANDIDATE_NOT_ELIGIBLE,0,0,0,,UPSTREAM_CANDIDATE_NOT_ELIGIBLE,0,,,False,False
REPLICATION,C3_UPSTREAM_INVALID,81018,IDENTIFYING_ASSUMPTION_VIOLATED,1.1972716213414623,UPSTREAM_CANDIDATE_NOT_ELIGIBLE,0,0,0,,UPSTREAM_CANDIDATE_NOT_ELIGIBLE,0,,,False,False
REPLICATION,C3_UPSTREAM_INVALID,81019,IDENTIFYING_ASSUMPTION_VIOLATED,1.1798037213106853,UPSTREAM_CANDIDATE_NOT_ELIGIBLE,0,0,0,,UPSTREAM_CANDIDATE_NOT_ELIGIBLE,0,,,False,False
REPLICATION,C3_UPSTREAM_INVALID,81020,IDENTIFYING_ASSUMPTION_VIOLATED,1.1857960254239766,UPSTREAM_CANDIDATE_NOT_ELIGIBLE,0,0,0,,UPSTREAM_CANDIDATE_NOT_ELIGIBLE,0,,,False,False
REPLICATION,C3_UPSTREAM_INVALID,81021,IDENTIFYING_ASSUMPTION_VIOLATED,1.1938109129464143,UPSTREAM_CANDIDATE_NOT_ELIGIBLE,0,0,0,,UPSTREAM_CANDIDATE_NOT_ELIGIBLE,0,,,False,False
REPLICATION,C3_UPSTREAM_INVALID,81022,IDENTIFYING_ASSUMPTION_VIOLATED,1.1842958360908469,UPSTREAM_CANDIDATE_NOT_ELIGIBLE,0,0,0,,UPSTREAM_CANDIDATE_NOT_ELIGIBLE,0,,,False,False
REPLICATION,C3_UPSTREAM_INVALID,81023,IDENTIFYING_ASSUMPTION_VIOLATED,1.1780931608643042,UPSTREAM_CANDIDATE_NOT_ELIGIBLE,0,0,0,,UPSTREAM_CANDIDATE_NOT_ELIGIBLE,0,,,False,False
REPLICATION,C3_UPSTREAM_INVALID,81024,IDENTIFYING_ASSUMPTION_VIOLATED,1.179640383006529,UPSTREAM_CANDIDATE_NOT_ELIGIBLE,0,0,0,,UPSTREAM_CANDIDATE_NOT_ELIGIBLE,0,,,False,False
REPLICATION,C3_UPSTREAM_INVALID,81025,IDENTIFYING_ASSUMPTION_VIOLATED,1.1904862571880723,UPSTREAM_CANDIDATE_NOT_ELIGIBLE,0,0,0,,UPSTREAM_CANDIDATE_NOT_ELIGIBLE,0,,,False,False
REPLICATION,C3_UPSTREAM_INVALID,81026,IDENTIFYING_ASSUMPTION_VIOLATED,1.189585773631024,UPSTREAM_CANDIDATE_NOT_ELIGIBLE,0,0,0,,UPSTREAM_CANDIDATE_NOT_ELIGIBLE,0,,,False,False
REPLICATION,C3_UPSTREAM_INVALID,81027,IDENTIFYING_ASSUMPTION_VIOLATED,1.2009488085299596,UPSTREAM_CANDIDATE_NOT_ELIGIBLE,0,0,0,,UPSTREAM_CANDIDATE_NOT_ELIGIBLE,0,,,False,False
REPLICATION,C3_UPSTREAM_INVALID,81028,IDENTIFYING_ASSUMPTION_VIOLATED,1.1807439122045011,UPSTREAM_CANDIDATE_NOT_ELIGIBLE,0,0,0,,UPSTREAM_CANDIDATE_NOT_ELIGIBLE,0,,,False,False
REPLICATION,C3_UPSTREAM_INVALID,81029,IDENTIFYING_ASSUMPTION_VIOLATED,1.1969042320660268,UPSTREAM_CANDIDATE_NOT_ELIGIBLE,0,0,0,,UPSTREAM_CANDIDATE_NOT_ELIGIBLE,0,,,False,False
REPLICATION,C3_UPSTREAM_INVALID,81030,IDENTIFYING_ASSUMPTION_VIOLATED,1.1938714680137859,UPSTREAM_CANDIDATE_NOT_ELIGIBLE,0,0,0,,UPSTREAM_CANDIDATE_NOT_ELIGIBLE,0,,,False,False
REPLICATION,C3_UPSTREAM_INVALID,81031,IDENTIFYING_ASSUMPTION_VIOLATED,1.1976651088138919,UPSTREAM_CANDIDATE_NOT_ELIGIBLE,0,0,0,,UPSTREAM_CANDIDATE_NOT_ELIGIBLE,0,,,False,False
REPLICATION,C3_UPSTREAM_INVALID,81032,IDENTIFYING_ASSUMPTION_VIOLATED,1.1738648023180054,UPSTREAM_CANDIDATE_NOT_ELIGIBLE,0,0,0,,UPSTREAM_CANDIDATE_NOT_ELIGIBLE,0,,,False,False
REPLICATION,C3_UPSTREAM_INVALID,81033,IDENTIFYING_ASSUMPTION_VIOLATED,1.1843097540860188,UPSTREAM_CANDIDATE_NOT_ELIGIBLE,0,0,0,,UPSTREAM_CANDIDATE_NOT_ELIGIBLE,0,,,False,False
REPLICATION,C3_UPSTREAM_INVALID,81034,IDENTIFYING_ASSUMPTION_VIOLATED,1.1772888503174674,UPSTREAM_CANDIDATE_NOT_ELIGIBLE,0,0,0,,UPSTREAM_CANDIDATE_NOT_ELIGIBLE,0,,,False,False
REPLICATION,C3_UPSTREAM_INVALID,81035,IDENTIFYING_ASSUMPTION_VIOLATED,1.1939834797148143,UPSTREAM_CANDIDATE_NOT_ELIGIBLE,0,0,0,,UPSTREAM_CANDIDATE_NOT_ELIGIBLE,0,,,False,False
REPLICATION,C3_UPSTREAM_INVALID,81036,IDENTIFYING_ASSUMPTION_VIOLATED,1.2096146071417666,UPSTREAM_CANDIDATE_NOT_ELIGIBLE,0,0,0,,UPSTREAM_CANDIDATE_NOT_ELIGIBLE,0,,,False,False
REPLICATION,C3_UPSTREAM_INVALID,81037,IDENTIFYING_ASSUMPTION_VIOLATED,1.196476785918938,UPSTREAM_CANDIDATE_NOT_ELIGIBLE,0,0,0,,UPSTREAM_CANDIDATE_NOT_ELIGIBLE,0,,,False,False
REPLICATION,C3_UPSTREAM_INVALID,81038,IDENTIFYING_ASSUMPTION_VIOLATED,1.1907439130869912,UPSTREAM_CANDIDATE_NOT_ELIGIBLE,0,0,0,,UPSTREAM_CANDIDATE_NOT_ELIGIBLE,0,,,False,False
REPLICATION,C3_UPSTREAM_INVALID,81039,IDENTIFYING_ASSUMPTION_VIOLATED,1.1884558165142438,UPSTREAM_CANDIDATE_NOT_ELIGIBLE,0,0,0,,UPSTREAM_CANDIDATE_NOT_ELIGIBLE,0,,,False,False
REPLICATION,C3_UPSTREAM_INVALID,81040,IDENTIFYING_ASSUMPTION_VIOLATED,1.1884724407964165,UPSTREAM_CANDIDATE_NOT_ELIGIBLE,0,0,0,,UPSTREAM_CANDIDATE_NOT_ELIGIBLE,0,,,False,False
REPLICATION,C3_UPSTREAM_INVALID,81041,IDENTIFYING_ASSUMPTION_VIOLATED,1.1995336245494392,UPSTREAM_CANDIDATE_NOT_ELIGIBLE,0,0,0,,UPSTREAM_CANDIDATE_NOT_ELIGIBLE,0,,,False,False
REPLICATION,C3_UPSTREAM_INVALID,81042,IDENTIFYING_ASSUMPTION_VIOLATED,1.1875666563706166,UPSTREAM_CANDIDATE_NOT_ELIGIBLE,0,0,0,,UPSTREAM_CANDIDATE_NOT_ELIGIBLE,0,,,False,False
REPLICATION,C3_UPSTREAM_INVALID,81043,IDENTIFYING_ASSUMPTION_VIOLATED,1.1981049416501204,UPSTREAM_CANDIDATE_NOT_ELIGIBLE,0,0,0,,UPSTREAM_CANDIDATE_NOT_ELIGIBLE,0,,,False,False
REPLICATION,C3_UPSTREAM_INVALID,81044,IDENTIFYING_ASSUMPTION_VIOLATED,1.1836527989406511,UPSTREAM_CANDIDATE_NOT_ELIGIBLE,0,0,0,,UPSTREAM_CANDIDATE_NOT_ELIGIBLE,0,,,False,False
REPLICATION,C3_UPSTREAM_INVALID,81045,IDENTIFYING_ASSUMPTION_VIOLATED,1.1860129966781383,UPSTREAM_CANDIDATE_NOT_ELIGIBLE,0,0,0,,UPSTREAM_CANDIDATE_NOT_ELIGIBLE,0,,,False,False
REPLICATION,C3_UPSTREAM_INVALID,81046,IDENTIFYING_ASSUMPTION_VIOLATED,1.1720148590693769,UPSTREAM_CANDIDATE_NOT_ELIGIBLE,0,0,0,,UPSTREAM_CANDIDATE_NOT_ELIGIBLE,0,,,False,False
REPLICATION,C3_UPSTREAM_INVALID,81047,IDENTIFYING_ASSUMPTION_VIOLATED,1.1830295451694826,UPSTREAM_CANDIDATE_NOT_ELIGIBLE,0,0,0,,UPSTREAM_CANDIDATE_NOT_ELIGIBLE,0,,,False,False
REPLICATION,C3_UPSTREAM_INVALID,81048,IDENTIFYING_ASSUMPTION_VIOLATED,1.1902565548761552,UPSTREAM_CANDIDATE_NOT_ELIGIBLE,0,0,0,,UPSTREAM_CANDIDATE_NOT_ELIGIBLE,0,,,False,False
REPLICATION,C3_UPSTREAM_INVALID,81049,IDENTIFYING_ASSUMPTION_VIOLATED,1.1913533521037727,UPSTREAM_CANDIDATE_NOT_ELIGIBLE,0,0,0,,UPSTREAM_CANDIDATE_NOT_ELIGIBLE,0,,,False,False
REPLICATION,C3_UPSTREAM_INVALID,81050,IDENTIFYING_ASSUMPTION_VIOLATED,1.1794882345732833,UPSTREAM_CANDIDATE_NOT_ELIGIBLE,0,0,0,,UPSTREAM_CANDIDATE_NOT_ELIGIBLE,0,,,False,False
REPLICATION,C3_UPSTREAM_INVALID,81051,IDENTIFYING_ASSUMPTION_VIOLATED,1.2051794971372893,UPSTREAM_CANDIDATE_NOT_ELIGIBLE,0,0,0,,UPSTREAM_CANDIDATE_NOT_ELIGIBLE,0,,,False,False
REPLICATION,C3_UPSTREAM_INVALID,81052,IDENTIFYING_ASSUMPTION_VIOLATED,1.1739252630422703,UPSTREAM_CANDIDATE_NOT_ELIGIBLE,0,0,0,,UPSTREAM_CANDIDATE_NOT_ELIGIBLE,0,,,False,False
REPLICATION,C3_UPSTREAM_INVALID,81053,IDENTIFYING_ASSUMPTION_VIOLATED,1.1790706441113343,UPSTREAM_CANDIDATE_NOT_ELIGIBLE,0,0,0,,UPSTREAM_CANDIDATE_NOT_ELIGIBLE,0,,,False,False
REPLICATION,C3_UPSTREAM_INVALID,81054,IDENTIFYING_ASSUMPTION_VIOLATED,1.1955398136732853,UPSTREAM_CANDIDATE_NOT_ELIGIBLE,0,0,0,,UPSTREAM_CANDIDATE_NOT_ELIGIBLE,0,,,False,False
REPLICATION,C3_UPSTREAM_INVALID,81055,IDENTIFYING_ASSUMPTION_VIOLATED,1.1783230482928433,UPSTREAM_CANDIDATE_NOT_ELIGIBLE,0,0,0,,UPSTREAM_CANDIDATE_NOT_ELIGIBLE,0,,,False,False
REPLICATION,C3_UPSTREAM_INVALID,81056,IDENTIFYING_ASSUMPTION_VIOLATED,1.201864972405022,UPSTREAM_CANDIDATE_NOT_ELIGIBLE,0,0,0,,UPSTREAM_CANDIDATE_NOT_ELIGIBLE,0,,,False,False
REPLICATION,C3_UPSTREAM_INVALID,81057,IDENTIFYING_ASSUMPTION_VIOLATED,1.1997942566236615,UPSTREAM_CANDIDATE_NOT_ELIGIBLE,0,0,0,,UPSTREAM_CANDIDATE_NOT_ELIGIBLE,0,,,False,False
REPLICATION,C3_UPSTREAM_INVALID,81058,IDENTIFYING_ASSUMPTION_VIOLATED,1.192692760068578,UPSTREAM_CANDIDATE_NOT_ELIGIBLE,0,0,0,,UPSTREAM_CANDIDATE_NOT_ELIGIBLE,0,,,False,False
REPLICATION,C3_UPSTREAM_INVALID,81059,IDENTIFYING_ASSUMPTION_VIOLATED,1.1865507903283135,UPSTREAM_CANDIDATE_NOT_ELIGIBLE,0,0,0,,UPSTREAM_CANDIDATE_NOT_ELIGIBLE,0,,,False,False
REPLICATION,C3_UPSTREAM_INVALID,81060,IDENTIFYING_ASSUMPTION_VIOLATED,1.1875953738241551,UPSTREAM_CANDIDATE_NOT_ELIGIBLE,0,0,0,,UPSTREAM_CANDIDATE_NOT_ELIGIBLE,0,,,False,False
REPLICATION,C3_UPSTREAM_INVALID,81061,IDENTIFYING_ASSUMPTION_VIOLATED,1.1907769080791213,UPSTREAM_CANDIDATE_NOT_ELIGIBLE,0,0,0,,UPSTREAM_CANDIDATE_NOT_ELIGIBLE,0,,,False,False
REPLICATION,C3_UPSTREAM_INVALID,81062,IDENTIFYING_ASSUMPTION_VIOLATED,1.1882088507346666,UPSTREAM_CANDIDATE_NOT_ELIGIBLE,0,0,0,,UPSTREAM_CANDIDATE_NOT_ELIGIBLE,0,,,False,False
REPLICATION,C3_UPSTREAM_INVALID,81063,IDENTIFYING_ASSUMPTION_VIOLATED,1.1881230265045022,UPSTREAM_CANDIDATE_NOT_ELIGIBLE,0,0,0,,UPSTREAM_CANDIDATE_NOT_ELIGIBLE,0,,,False,False
