cohort,family,seed,upstream_state,reference_beta,unrestricted_state,unrestricted_beta_set_kind,unrestricted_exact_equivalent_count,unrestricted_finite_grid_beta_min,unrestricted_finite_grid_beta_max,unrestricted_finite_grid_beta_diameter,unrestricted_frontier_size,unrestricted_frontier_max_path_error,constrained_state,direct_interval_exists,direct_interval_lower,direct_interval_upper,direct_interval_width,material_countermodel_within_bound,causal_authority_granted_unrestricted,causal_authority_granted_constrained
PRIMARY,R0_VALID,91000,CAUSAL_CANDIDATE_UNDER_ASSUMPTIONS,0.7948915555887469,OBSERVATIONALLY_EQUIVALENT_COUNTERMODEL_SURVIVES,ALL_REAL_BETA_UNDER_UNRESTRICTED_REPARAMETERIZATION,69,-0.5,2.0,2.5,18,1.7763568394002505e-15,ASSUMPTION_CONDITIONAL_IDENTIFICATION_COUNTERMODELS_OUTSIDE_BOUNDS,True,0.6534517170759708,0.9342039716834376,0.2807522546074668,False,False,False
PRIMARY,R0_VALID,91001,CAUSAL_CANDIDATE_UNDER_ASSUMPTIONS,0.8180047208316853,OBSERVATIONALLY_EQUIVALENT_COUNTERMODEL_SURVIVES,ALL_REAL_BETA_UNDER_UNRESTRICTED_REPARAMETERIZATION,69,-0.5,2.0,2.5,15,1.7763568394002505e-15,ASSUMPTION_CONDITIONAL_IDENTIFICATION_COUNTERMODELS_OUTSIDE_BOUNDS,True,0.6724151188804012,0.9633430439783084,0.2909279250979072,False,False,False
PRIMARY,R0_VALID,91002,CAUSAL_CANDIDATE_UNDER_ASSUMPTIONS,0.7748020534021526,OBSERVATIONALLY_EQUIVALENT_COUNTERMODEL_SURVIVES,ALL_REAL_BETA_UNDER_UNRESTRICTED_REPARAMETERIZATION,69,-0.5,2.0,2.5,19,1.7763568394002505e-15,ASSUMPTION_CONDITIONAL_IDENTIFICATION_COUNTERMODELS_OUTSIDE_BOUNDS,True,0.6320121873959849,0.9134158855591517,0.2814036981631668,False,False,False
PRIMARY,R0_VALID,91003,CAUSAL_CANDIDATE_UNDER_ASSUMPTIONS,0.8140822386086529,OBSERVATIONALLY_EQUIVALENT_COUNTERMODEL_SURVIVES,ALL_REAL_BETA_UNDER_UNRESTRICTED_REPARAMETERIZATION,69,-0.5,2.0,2.5,17,1.7763568394002505e-15,ASSUMPTION_CONDITIONAL_IDENTIFICATION_COUNTERMODELS_OUTSIDE_BOUNDS,True,0.6691170422213891,0.956944900167623,0.2878278579462339,False,False,False
PRIMARY,R0_VALID,91004,CAUSAL_CANDIDATE_UNDER_ASSUMPTIONS,0.7637618753807789,OBSERVATIONALLY_EQUIVALENT_COUNTERMODEL_SURVIVES,ALL_REAL_BETA_UNDER_UNRESTRICTED_REPARAMETERIZATION,69,-0.5,2.0,2.5,18,1.7763568394002505e-15,ASSUMPTION_CONDITIONAL_IDENTIFICATION_COUNTERMODELS_OUTSIDE_BOUNDS,True,0.6141433294965543,0.9134177028771004,0.2992743733805462,False,False,False
PRIMARY,R0_VALID,91005,CAUSAL_CANDIDATE_UNDER_ASSUMPTIONS,0.8217386814624067,OBSERVATIONALLY_EQUIVALENT_COUNTERMODEL_SURVIVES,ALL_REAL_BETA_UNDER_UNRESTRICTED_REPARAMETERIZATION,69,-0.5,2.0,2.5,16,1.7763568394002505e-15,ASSUMPTION_CONDITIONAL_IDENTIFICATION_COUNTERMODELS_OUTSIDE_BOUNDS,True,0.6755011632341161,0.9680029637789487,0.29250180054483255,False,False,False
PRIMARY,R0_VALID,91006,CAUSAL_CANDIDATE_UNDER_ASSUMPTIONS,0.8221975992236924,OBSERVATIONALLY_EQUIVALENT_COUNTERMODEL_SURVIVES,ALL_REAL_BETA_UNDER_UNRESTRICTED_REPARAMETERIZATION,69,-0.5,2.0,2.5,17,1.7763568394002505e-15,ASSUMPTION_CONDITIONAL_IDENTIFICATION_COUNTERMODELS_OUTSIDE_BOUNDS,True,0.6788038396873595,0.964293373062636,0.2854895333752765,False,False,False
PRIMARY,R0_VALID,91007,CAUSAL_CANDIDATE_UNDER_ASSUMPTIONS,0.7814725581480949,OBSERVATIONALLY_EQUIVALENT_COUNTERMODEL_SURVIVES,ALL_REAL_BETA_UNDER_UNRESTRICTED_REPARAMETERIZATION,69,-0.5,2.0,2.5,18,1.7763568394002505e-15,ASSUMPTION_CONDITIONAL_IDENTIFICATION_COUNTERMODELS_OUTSIDE_BOUNDS,True,0.6340977632136781,0.9271353350542051,0.29303757184052703,False,False,False
PRIMARY,R0_VALID,91008,CAUSAL_CANDIDATE_UNDER_ASSUMPTIONS,0.7820010418360515,OBSERVATIONALLY_EQUIVALENT_COUNTERMODEL_SURVIVES,ALL_REAL_BETA_UNDER_UNRESTRICTED_REPARAMETERIZATION,69,-0.5,2.0,2.5,19,1.7763568394002505e-15,ASSUMPTION_CONDITIONAL_IDENTIFICATION_COUNTERMODELS_OUTSIDE_BOUNDS,True,0.6331626750763419,0.9308333918077724,0.2976707167314304,False,False,False
PRIMARY,R0_VALID,91009,CAUSAL_CANDIDATE_UNDER_ASSUMPTIONS,0.791645782102526,OBSERVATIONALLY_EQUIVALENT_COUNTERMODEL_SURVIVES,ALL_REAL_BETA_UNDER_UNRESTRICTED_REPARAMETERIZATION,69,-0.5,2.0,2.5,16,1.7763568394002505e-15,ASSUMPTION_CONDITIONAL_IDENTIFICATION_COUNTERMODELS_OUTSIDE_BOUNDS,True,0.6425841271891279,0.9405155810719944,0.29793145388286646,False,False,False
PRIMARY,R0_VALID,91010,CAUSAL_CANDIDATE_UNDER_ASSUMPTIONS,0.7876816530072418,OBSERVATIONALLY_EQUIVALENT_COUNTERMODEL_SURVIVES,ALL_REAL_BETA_UNDER_UNRESTRICTED_REPARAMETERIZATION,69,-0.5,2.0,2.5,17,1.7763568394002505e-15,ASSUMPTION_CONDITIONAL_IDENTIFICATION_COUNTERMODELS_OUTSIDE_BOUNDS,True,0.6434254219047846,0.9317348272190126,0.288309405314228,False,False,False
PRIMARY,R0_VALID,91011,CAUSAL_CANDIDATE_UNDER_ASSUMPTIONS,0.8227383931609752,OBSERVATIONALLY_EQUIVALENT_COUNTERMODEL_SURVIVES,ALL_REAL_BETA_UNDER_UNRESTRICTED_REPARAMETERIZATION,69,-0.5,2.0,2.5,16,1.7763568394002505e-15,ASSUMPTION_CONDITIONAL_IDENTIFICATION_COUNTERMODELS_OUTSIDE_BOUNDS,True,0.6828320719506343,0.9628659834804035,0.2800339115297692,False,False,False
PRIMARY,R0_VALID,91012,CAUSAL_CANDIDATE_UNDER_ASSUMPTIONS,0.7950722036114659,OBSERVATIONALLY_EQUIVALENT_COUNTERMODEL_SURVIVES,ALL_REAL_BETA_UNDER_UNRESTRICTED_REPARAMETERIZATION,69,-0.5,2.0,2.5,17,1.7763568394002505e-15,ASSUMPTION_CONDITIONAL_IDENTIFICATION_COUNTERMODELS_OUTSIDE_BOUNDS,True,0.6512631094752145,0.9389976382402097,0.28773452876499517,False,False,False
PRIMARY,R0_VALID,91013,CAUSAL_CANDIDATE_UNDER_ASSUMPTIONS,0.8080025480579117,OBSERVATIONALLY_EQUIVALENT_COUNTERMODEL_SURVIVES,ALL_REAL_BETA_UNDER_UNRESTRICTED_REPARAMETERIZATION,69,-0.5,2.0,2.5,18,1.7763568394002505e-15,ASSUMPTION_CONDITIONAL_IDENTIFICATION_COUNTERMODELS_OUTSIDE_BOUNDS,True,0.6645124743119243,0.9515322852150498,0.28701981090312556,False,False,False
PRIMARY,R0_VALID,91014,CAUSAL_CANDIDATE_UNDER_ASSUMPTIONS,0.8217835403275215,OBSERVATIONALLY_EQUIVALENT_COUNTERMODEL_SURVIVES,ALL_REAL_BETA_UNDER_UNRESTRICTED_REPARAMETERIZATION,69,-0.5,2.0,2.5,16,1.7763568394002505e-15,ASSUMPTION_CONDITIONAL_IDENTIFICATION_COUNTERMODELS_OUTSIDE_BOUNDS,True,0.6779742743819535,0.9654585682352932,0.28748429385333973,False,False,False
PRIMARY,R0_VALID,91015,CAUSAL_CANDIDATE_UNDER_ASSUMPTIONS,0.8163190089982577,OBSERVATIONALLY_EQUIVALENT_COUNTERMODEL_SURVIVES,ALL_REAL_BETA_UNDER_UNRESTRICTED_REPARAMETERIZATION,69,-0.5,2.0,2.5,15,1.7763568394002505e-15,ASSUMPTION_CONDITIONAL_IDENTIFICATION_COUNTERMODELS_OUTSIDE_BOUNDS,True,0.6715059287675251,0.9611855741313856,0.2896796453638605,False,False,False
PRIMARY,R0_VALID,91016,CAUSAL_CANDIDATE_UNDER_ASSUMPTIONS,0.8322533285884913,OBSERVATIONALLY_EQUIVALENT_COUNTERMODEL_SURVIVES,ALL_REAL_BETA_UNDER_UNRESTRICTED_REPARAMETERIZATION,69,-0.5,2.0,2.5,17,2.6645352591003757e-15,ASSUMPTION_CONDITIONAL_IDENTIFICATION_COUNTERMODELS_OUTSIDE_BOUNDS,True,0.6922694808094312,0.9722301120978194,0.2799606312883882,False,False,False
PRIMARY,R0_VALID,91017,CAUSAL_CANDIDATE_UNDER_ASSUMPTIONS,0.7975735648977378,OBSERVATIONALLY_EQUIVALENT_COUNTERMODEL_SURVIVES,ALL_REAL_BETA_UNDER_UNRESTRICTED_REPARAMETERIZATION,69,-0.5,2.0,2.5,17,1.7763568394002505e-15,ASSUMPTION_CONDITIONAL_IDENTIFICATION_COUNTERMODELS_OUTSIDE_BOUNDS,True,0.6499768772229293,0.944949592225075,0.2949727150021457,False,False,False
PRIMARY,R0_VALID,91018,CAUSAL_CANDIDATE_UNDER_ASSUMPTIONS,0.7490134618639444,OBSERVATIONALLY_EQUIVALENT_COUNTERMODEL_SURVIVES,ALL_REAL_BETA_UNDER_UNRESTRICTED_REPARAMETERIZATION,69,-0.5,2.0,2.5,20,1.7763568394002505e-15,ASSUMPTION_CONDITIONAL_IDENTIFICATION_COUNTERMODELS_OUTSIDE_BOUNDS,True,0.6037939156486666,0.8940177112084815,0.2902237955598149,False,False,False
PRIMARY,R0_VALID,91019,CAUSAL_CANDIDATE_UNDER_ASSUMPTIONS,0.7732663568463536,OBSERVATIONALLY_EQUIVALENT_COUNTERMODEL_SURVIVES,ALL_REAL_BETA_UNDER_UNRESTRICTED_REPARAMETERIZATION,69,-0.5,2.0,2.5,18,1.7763568394002505e-15,ASSUMPTION_CONDITIONAL_IDENTIFICATION_COUNTERMODELS_OUTSIDE_BOUNDS,True,0.6266660530037292,0.9192899038185078,0.2926238508147786,False,False,False
PRIMARY,R0_VALID,91020,CAUSAL_CANDIDATE_UNDER_ASSUMPTIONS,0.807938992870996,OBSERVATIONALLY_EQUIVALENT_COUNTERMODEL_SURVIVES,ALL_REAL_BETA_UNDER_UNRESTRICTED_REPARAMETERIZATION,69,-0.5,2.0,2.5,17,1.7763568394002505e-15,ASSUMPTION_CONDITIONAL_IDENTIFICATION_COUNTERMODELS_OUTSIDE_BOUNDS,True,0.6621340798852748,0.9537772021918145,0.29164312230653966,False,False,False
PRIMARY,R0_VALID,91021,CAUSAL_CANDIDATE_UNDER_ASSUMPTIONS,0.798996992300933,OBSERVATIONALLY_EQUIVALENT_COUNTERMODEL_SURVIVES,ALL_REAL_BETA_UNDER_UNRESTRICTED_REPARAMETERIZATION,69,-0.5,2.0,2.5,16,1.7763568394002505e-15,ASSUMPTION_CONDITIONAL_IDENTIFICATION_COUNTERMODELS_OUTSIDE_BOUNDS,True,0.6526811593601831,0.9452639463916015,0.2925827870314184,False,False,False
PRIMARY,R0_VALID,91022,CAUSAL_CANDIDATE_UNDER_ASSUMPTIONS,0.7805087666157869,OBSERVATIONALLY_EQUIVALENT_COUNTERMODEL_SURVIVES,ALL_REAL_BETA_UNDER_UNRESTRICTED_REPARAMETERIZATION,69,-0.5,2.0,2.5,18,1.7763568394002505e-15,ASSUMPTION_CONDITIONAL_IDENTIFICATION_COUNTERMODELS_OUTSIDE_BOUNDS,True,0.6359307666772398,0.9250438407391991,0.2891130740619593,False,False,False
PRIMARY,R0_VALID,91023,CAUSAL_CANDIDATE_UNDER_ASSUMPTIONS,0.8133715008313653,OBSERVATIONALLY_EQUIVALENT_COUNTERMODEL_SURVIVES,ALL_REAL_BETA_UNDER_UNRESTRICTED_REPARAMETERIZATION,69,-0.5,2.0,2.5,17,1.7763568394002505e-15,ASSUMPTION_CONDITIONAL_IDENTIFICATION_COUNTERMODELS_OUTSIDE_BOUNDS,True,0.6742382157406124,0.9495661773961881,0.2753279616555757,False,False,False
PRIMARY,R0_VALID,91024,CAUSAL_CANDIDATE_UNDER_ASSUMPTIONS,0.8189261237068687,OBSERVATIONALLY_EQUIVALENT_COUNTERMODEL_SURVIVES,ALL_REAL_BETA_UNDER_UNRESTRICTED_REPARAMETERIZATION,69,-0.5,2.0,2.5,16,1.7763568394002505e-15,ASSUMPTION_CONDITIONAL_IDENTIFICATION_COUNTERMODELS_OUTSIDE_BOUNDS,True,0.6753357375360255,0.9599838636275076,0.28464812609148216,False,False,False
PRIMARY,R0_VALID,91025,CAUSAL_CANDIDATE_UNDER_ASSUMPTIONS,0.8006139765666165,OBSERVATIONALLY_EQUIVALENT_COUNTERMODEL_SURVIVES,ALL_REAL_BETA_UNDER_UNRESTRICTED_REPARAMETERIZATION,69,-0.5,2.0,2.5,17,1.7763568394002505e-15,ASSUMPTION_CONDITIONAL_IDENTIFICATION_COUNTERMODELS_OUTSIDE_BOUNDS,True,0.6543378604457,0.9467542360580321,0.29241637561233214,False,False,False
PRIMARY,R0_VALID,91026,CAUSAL_CANDIDATE_UNDER_ASSUMPTIONS,0.7506635632642558,OBSERVATIONALLY_EQUIVALENT_COUNTERMODEL_SURVIVES,ALL_REAL_BETA_UNDER_UNRESTRICTED_REPARAMETERIZATION,69,-0.5,2.0,2.5,18,1.7763568394002505e-15,ASSUMPTION_CONDITIONAL_IDENTIFICATION_COUNTERMODELS_OUTSIDE_BOUNDS,True,0.6031857159243632,0.8979995403794048,0.29481382445504156,False,False,False
PRIMARY,R0_VALID,91027,CAUSAL_CANDIDATE_UNDER_ASSUMPTIONS,0.7498310268377243,OBSERVATIONALLY_EQUIVALENT_COUNTERMODEL_SURVIVES,ALL_REAL_BETA_UNDER_UNRESTRICTED_REPARAMETERIZATION,69,-0.5,2.0,2.5,20,1.7763568394002505e-15,ASSUMPTION_CONDITIONAL_IDENTIFICATION_COUNTERMODELS_OUTSIDE_BOUNDS,True,0.6001544762679962,0.8995053798854264,0.2993509036174302,False,False,False
PRIMARY,R0_VALID,91028,CAUSAL_CANDIDATE_UNDER_ASSUMPTIONS,0.8210541756213415,OBSERVATIONALLY_EQUIVALENT_COUNTERMODEL_SURVIVES,ALL_REAL_BETA_UNDER_UNRESTRICTED_REPARAMETERIZATION,69,-0.5,2.0,2.5,17,1.7763568394002505e-15,ASSUMPTION_CONDITIONAL_IDENTIFICATION_COUNTERMODELS_OUTSIDE_BOUNDS,True,0.6786943186925578,0.9586836369179833,0.2799893182254255,False,False,False
PRIMARY,R0_VALID,91029,CAUSAL_CANDIDATE_UNDER_ASSUMPTIONS,0.8188034750835751,OBSERVATIONALLY_EQUIVALENT_COUNTERMODEL_SURVIVES,ALL_REAL_BETA_UNDER_UNRESTRICTED_REPARAMETERIZATION,69,-0.5,2.0,2.5,17,1.7763568394002505e-15,ASSUMPTION_CONDITIONAL_IDENTIFICATION_COUNTERMODELS_OUTSIDE_BOUNDS,True,0.6732285655615172,0.9633521350502539,0.29012356948873663,False,False,False
PRIMARY,R0_VALID,91030,CAUSAL_CANDIDATE_UNDER_ASSUMPTIONS,0.7938613337316487,OBSERVATIONALLY_EQUIVALENT_COUNTERMODEL_SURVIVES,ALL_REAL_BETA_UNDER_UNRESTRICTED_REPARAMETERIZATION,69,-0.5,2.0,2.5,16,1.7763568394002505e-15,ASSUMPTION_CONDITIONAL_IDENTIFICATION_COUNTERMODELS_OUTSIDE_BOUNDS,True,0.6474345604924627,0.9402536752823343,0.29281911478987155,False,False,False
PRIMARY,R0_VALID,91031,CAUSAL_CANDIDATE_UNDER_ASSUMPTIONS,0.7901893055276114,OBSERVATIONALLY_EQUIVALENT_COUNTERMODEL_SURVIVES,ALL_REAL_BETA_UNDER_UNRESTRICTED_REPARAMETERIZATION,69,-0.5,2.0,2.5,18,1.7763568394002505e-15,ASSUMPTION_CONDITIONAL_IDENTIFICATION_COUNTERMODELS_OUTSIDE_BOUNDS,True,0.6416233223433341,0.9359042744085894,0.2942809520652553,False,False,False
PRIMARY,R0_VALID,91032,CAUSAL_CANDIDATE_UNDER_ASSUMPTIONS,0.8286840392190282,OBSERVATIONALLY_EQUIVALENT_COUNTERMODEL_SURVIVES,ALL_REAL_BETA_UNDER_UNRESTRICTED_REPARAMETERIZATION,69,-0.5,2.0,2.5,17,1.7763568394002505e-15,ASSUMPTION_CONDITIONAL_IDENTIFICATION_COUNTERMODELS_OUTSIDE_BOUNDS,True,0.686281174683057,0.9710824446669416,0.28480126998388455,False,False,False
PRIMARY,R0_VALID,91033,CAUSAL_CANDIDATE_UNDER_ASSUMPTIONS,0.7955802218542194,OBSERVATIONALLY_EQUIVALENT_COUNTERMODEL_SURVIVES,ALL_REAL_BETA_UNDER_UNRESTRICTED_REPARAMETERIZATION,69,-0.5,2.0,2.5,17,1.7763568394002505e-15,ASSUMPTION_CONDITIONAL_IDENTIFICATION_COUNTERMODELS_OUTSIDE_BOUNDS,True,0.649669494553022,0.9414300337449576,0.29176053919193556,False,False,False
PRIMARY,R0_VALID,91034,CAUSAL_CANDIDATE_UNDER_ASSUMPTIONS,0.8096865989109531,OBSERVATIONALLY_EQUIVALENT_COUNTERMODEL_SURVIVES,ALL_REAL_BETA_UNDER_UNRESTRICTED_REPARAMETERIZATION,69,-0.5,2.0,2.5,17,1.7763568394002505e-15,ASSUMPTION_CONDITIONAL_IDENTIFICATION_COUNTERMODELS_OUTSIDE_BOUNDS,True,0.6661339159739096,0.9533046653115196,0.28717074933761,False,False,False
PRIMARY,R0_VALID,91035,CAUSAL_CANDIDATE_UNDER_ASSUMPTIONS,0.8173938835919169,OBSERVATIONALLY_EQUIVALENT_COUNTERMODEL_SURVIVES,ALL_REAL_BETA_UNDER_UNRESTRICTED_REPARAMETERIZATION,69,-0.5,2.0,2.5,16,1.7763568394002505e-15,ASSUMPTION_CONDITIONAL_IDENTIFICATION_COUNTERMODELS_OUTSIDE_BOUNDS,True,0.674131163198577,0.9606539117632569,0.28652274856467985,False,False,False
PRIMARY,R0_VALID,91036,CAUSAL_CANDIDATE_UNDER_ASSUMPTIONS,0.8165995170282969,OBSERVATIONALLY_EQUIVALENT_COUNTERMODEL_SURVIVES,ALL_REAL_BETA_UNDER_UNRESTRICTED_REPARAMETERIZATION,69,-0.5,2.0,2.5,15,1.7763568394002505e-15,ASSUMPTION_CONDITIONAL_IDENTIFICATION_COUNTERMODELS_OUTSIDE_BOUNDS,True,0.6761779387634299,0.9549818030989787,0.2788038643355488,False,False,False
PRIMARY,R0_VALID,91037,CAUSAL_CANDIDATE_UNDER_ASSUMPTIONS,0.7706352394605875,OBSERVATIONALLY_EQUIVALENT_COUNTERMODEL_SURVIVES,ALL_REAL_BETA_UNDER_UNRESTRICTED_REPARAMETERIZATION,69,-0.5,2.0,2.5,18,1.7763568394002505e-15,ASSUMPTION_CONDITIONAL_IDENTIFICATION_COUNTERMODELS_OUTSIDE_BOUNDS,True,0.6262923830587674,0.913910759797047,0.2876183767382795,False,False,False
PRIMARY,R0_VALID,91038,CAUSAL_CANDIDATE_UNDER_ASSUMPTIONS,0.7868885343887051,OBSERVATIONALLY_EQUIVALENT_COUNTERMODEL_SURVIVES,ALL_REAL_BETA_UNDER_UNRESTRICTED_REPARAMETERIZATION,69,-0.5,2.0,2.5,18,1.7763568394002505e-15,ASSUMPTION_CONDITIONAL_IDENTIFICATION_COUNTERMODELS_OUTSIDE_BOUNDS,True,0.6408085276471424,0.9328620573787625,0.29205352973162013,False,False,False
PRIMARY,R0_VALID,91039,CAUSAL_CANDIDATE_UNDER_ASSUMPTIONS,0.7982382758623933,OBSERVATIONALLY_EQUIVALENT_COUNTERMODEL_SURVIVES,ALL_REAL_BETA_UNDER_UNRESTRICTED_REPARAMETERIZATION,69,-0.5,2.0,2.5,18,1.7763568394002505e-15,ASSUMPTION_CONDITIONAL_IDENTIFICATION_COUNTERMODELS_OUTSIDE_BOUNDS,True,0.6504581546465836,0.9458279460289362,0.29536979138235253,False,False,False
PRIMARY,R0_VALID,91040,CAUSAL_CANDIDATE_UNDER_ASSUMPTIONS,0.8307295120998343,OBSERVATIONALLY_EQUIVALENT_COUNTERMODEL_SURVIVES,ALL_REAL_BETA_UNDER_UNRESTRICTED_REPARAMETERIZATION,69,-0.5,2.0,2.5,17,1.7763568394002505e-15,ASSUMPTION_CONDITIONAL_IDENTIFICATION_COUNTERMODELS_OUTSIDE_BOUNDS,True,0.6875888995539869,0.9738924634134807,0.28630356385949374,False,False,False
PRIMARY,R0_VALID,91041,CAUSAL_CANDIDATE_UNDER_ASSUMPTIONS,0.7809497379882511,OBSERVATIONALLY_EQUIVALENT_COUNTERMODEL_SURVIVES,ALL_REAL_BETA_UNDER_UNRESTRICTED_REPARAMETERIZATION,69,-0.5,2.0,2.5,18,1.7763568394002505e-15,ASSUMPTION_CONDITIONAL_IDENTIFICATION_COUNTERMODELS_OUTSIDE_BOUNDS,True,0.6349694611196857,0.9252491172851823,0.29027965616549667,False,False,False
PRIMARY,R0_VALID,91042,CAUSAL_CANDIDATE_UNDER_ASSUMPTIONS,0.8134709964009654,OBSERVATIONALLY_EQUIVALENT_COUNTERMODEL_SURVIVES,ALL_REAL_BETA_UNDER_UNRESTRICTED_REPARAMETERIZATION,69,-0.5,2.0,2.5,16,1.7763568394002505e-15,ASSUMPTION_CONDITIONAL_IDENTIFICATION_COUNTERMODELS_OUTSIDE_BOUNDS,True,0.6688125210661169,0.957716145262381,0.28890362419626414,False,False,False
PRIMARY,R0_VALID,91043,CAUSAL_CANDIDATE_UNDER_ASSUMPTIONS,0.7797465204431424,OBSERVATIONALLY_EQUIVALENT_COUNTERMODEL_SURVIVES,ALL_REAL_BETA_UNDER_UNRESTRICTED_REPARAMETERIZATION,69,-0.5,2.0,2.5,18,1.7763568394002505e-15,ASSUMPTION_CONDITIONAL_IDENTIFICATION_COUNTERMODELS_OUTSIDE_BOUNDS,True,0.635351774109687,0.9226798067136077,0.2873280326039207,False,False,False
PRIMARY,R0_VALID,91044,CAUSAL_CANDIDATE_UNDER_ASSUMPTIONS,0.8159354481354855,OBSERVATIONALLY_EQUIVALENT_COUNTERMODEL_SURVIVES,ALL_REAL_BETA_UNDER_UNRESTRICTED_REPARAMETERIZATION,69,-0.5,2.0,2.5,15,1.7763568394002505e-15,ASSUMPTION_CONDITIONAL_IDENTIFICATION_COUNTERMODELS_OUTSIDE_BOUNDS,True,0.6712376705847695,0.9604753859439901,0.2892377153592206,False,False,False
PRIMARY,R0_VALID,91045,CAUSAL_CANDIDATE_UNDER_ASSUMPTIONS,0.8112046378493232,OBSERVATIONALLY_EQUIVALENT_COUNTERMODEL_SURVIVES,ALL_REAL_BETA_UNDER_UNRESTRICTED_REPARAMETERIZATION,69,-0.5,2.0,2.5,17,1.7763568394002505e-15,ASSUMPTION_CONDITIONAL_IDENTIFICATION_COUNTERMODELS_OUTSIDE_BOUNDS,True,0.6723761740447638,0.9473539692142321,0.2749777951694683,False,False,False
PRIMARY,R0_VALID,91046,CAUSAL_CANDIDATE_UNDER_ASSUMPTIONS,0.8123768072587368,OBSERVATIONALLY_EQUIVALENT_COUNTERMODEL_SURVIVES,ALL_REAL_BETA_UNDER_UNRESTRICTED_REPARAMETERIZATION,69,-0.5,2.0,2.5,17,1.7763568394002505e-15,ASSUMPTION_CONDITIONAL_IDENTIFICATION_COUNTERMODELS_OUTSIDE_BOUNDS,True,0.6635438501340793,0.9612104280929769,0.2976665779588975,False,False,False
PRIMARY,R0_VALID,91047,CAUSAL_CANDIDATE_UNDER_ASSUMPTIONS,0.7943847907037593,OBSERVATIONALLY_EQUIVALENT_COUNTERMODEL_SURVIVES,ALL_REAL_BETA_UNDER_UNRESTRICTED_REPARAMETERIZATION,69,-0.5,2.0,2.5,17,1.7763568394002505e-15,ASSUMPTION_CONDITIONAL_IDENTIFICATION_COUNTERMODELS_OUTSIDE_BOUNDS,True,0.6494930941880298,0.9384861195402439,0.28899302535221405,False,False,False
PRIMARY,R0_VALID,91048,CAUSAL_CANDIDATE_UNDER_ASSUMPTIONS,0.8124641592104365,OBSERVATIONALLY_EQUIVALENT_COUNTERMODEL_SURVIVES,ALL_REAL_BETA_UNDER_UNRESTRICTED_REPARAMETERIZATION,69,-0.5,2.0,2.5,17,1.7763568394002505e-15,ASSUMPTION_CONDITIONAL_IDENTIFICATION_COUNTERMODELS_OUTSIDE_BOUNDS,True,0.6634139649118378,0.9615138910540614,0.2980999261422236,False,False,False
PRIMARY,R0_VALID,91049,CAUSAL_CANDIDATE_UNDER_ASSUMPTIONS,0.8139841315298034,OBSERVATIONALLY_EQUIVALENT_COUNTERMODEL_SURVIVES,ALL_REAL_BETA_UNDER_UNRESTRICTED_REPARAMETERIZATION,69,-0.5,2.0,2.5,17,1.7763568394002505e-15,ASSUMPTION_CONDITIONAL_IDENTIFICATION_COUNTERMODELS_OUTSIDE_BOUNDS,True,0.6716321219358774,0.9565153911239288,0.2848832691880514,False,False,False
PRIMARY,R0_VALID,91050,CAUSAL_CANDIDATE_UNDER_ASSUMPTIONS,0.793658823900354,OBSERVATIONALLY_EQUIVALENT_COUNTERMODEL_SURVIVES,ALL_REAL_BETA_UNDER_UNRESTRICTED_REPARAMETERIZATION,69,-0.5,2.0,2.5,16,1.7763568394002505e-15,ASSUMPTION_CONDITIONAL_IDENTIFICATION_COUNTERMODELS_OUTSIDE_BOUNDS,True,0.6494641210973497,0.9356116765512053,0.2861475554538555,False,False,False
PRIMARY,R0_VALID,91051,CAUSAL_CANDIDATE_UNDER_ASSUMPTIONS,0.8331518133309449,OBSERVATIONALLY_EQUIVALENT_COUNTERMODEL_SURVIVES,ALL_REAL_BETA_UNDER_UNRESTRICTED_REPARAMETERIZATION,69,-0.5,2.0,2.5,16,1.7763568394002505e-15,ASSUMPTION_CONDITIONAL_IDENTIFICATION_COUNTERMODELS_OUTSIDE_BOUNDS,True,0.6919349340644373,0.9738883793296302,0.28195344526519295,False,False,False
PRIMARY,R0_VALID,91052,CAUSAL_CANDIDATE_UNDER_ASSUMPTIONS,0.7978530333108186,OBSERVATIONALLY_EQUIVALENT_COUNTERMODEL_SURVIVES,ALL_REAL_BETA_UNDER_UNRESTRICTED_REPARAMETERIZATION,69,-0.5,2.0,2.5,16,1.7763568394002505e-15,ASSUMPTION_CONDITIONAL_IDENTIFICATION_COUNTERMODELS_OUTSIDE_BOUNDS,True,0.6567579157139992,0.9390099909781646,0.2822520752641654,False,False,False
PRIMARY,R0_VALID,91053,CAUSAL_CANDIDATE_UNDER_ASSUMPTIONS,0.8134083303152728,OBSERVATIONALLY_EQUIVALENT_COUNTERMODEL_SURVIVES,ALL_REAL_BETA_UNDER_UNRESTRICTED_REPARAMETERIZATION,69,-0.5,2.0,2.5,16,1.7763568394002505e-15,ASSUMPTION_CONDITIONAL_IDENTIFICATION_COUNTERMODELS_OUTSIDE_BOUNDS,True,0.6697834933010363,0.9560626749433816,0.28627918164234534,False,False,False
PRIMARY,R0_VALID,91054,CAUSAL_CANDIDATE_UNDER_ASSUMPTIONS,0.7662129933604089,OBSERVATIONALLY_EQUIVALENT_COUNTERMODEL_SURVIVES,ALL_REAL_BETA_UNDER_UNRESTRICTED_REPARAMETERIZATION,69,-0.5,2.0,2.5,18,1.7763568394002505e-15,ASSUMPTION_CONDITIONAL_IDENTIFICATION_COUNTERMODELS_OUTSIDE_BOUNDS,True,0.6197594548188725,0.9128846889863746,0.29312523416750214,False,False,False
PRIMARY,R0_VALID,91055,CAUSAL_CANDIDATE_UNDER_ASSUMPTIONS,0.764960126460888,OBSERVATIONALLY_EQUIVALENT_COUNTERMODEL_SURVIVES,ALL_REAL_BETA_UNDER_UNRESTRICTED_REPARAMETERIZATION,69,-0.5,2.0,2.5,18,2.6645352591003757e-15,ASSUMPTION_CONDITIONAL_IDENTIFICATION_COUNTERMODELS_OUTSIDE_BOUNDS,True,0.61568964769501,0.9141875154892116,0.2984978677942016,False,False,False
PRIMARY,R0_VALID,91056,CAUSAL_CANDIDATE_UNDER_ASSUMPTIONS,0.7750575262124908,OBSERVATIONALLY_EQUIVALENT_COUNTERMODEL_SURVIVES,ALL_REAL_BETA_UNDER_UNRESTRICTED_REPARAMETERIZATION,69,-0.5,2.0,2.5,18,1.7763568394002505e-15,ASSUMPTION_CONDITIONAL_IDENTIFICATION_COUNTERMODELS_OUTSIDE_BOUNDS,True,0.6290257016170354,0.9211095860677346,0.2920838844506992,False,False,False
PRIMARY,R0_VALID,91057,CAUSAL_CANDIDATE_UNDER_ASSUMPTIONS,0.8184655787004339,OBSERVATIONALLY_EQUIVALENT_COUNTERMODEL_SURVIVES,ALL_REAL_BETA_UNDER_UNRESTRICTED_REPARAMETERIZATION,69,-0.5,2.0,2.5,16,1.7763568394002505e-15,ASSUMPTION_CONDITIONAL_IDENTIFICATION_COUNTERMODELS_OUTSIDE_BOUNDS,True,0.6746132793461121,0.9625377405464214,0.28792446120030923,False,False,False
PRIMARY,R0_VALID,91058,CAUSAL_CANDIDATE_UNDER_ASSUMPTIONS,0.7648656610086698,OBSERVATIONALLY_EQUIVALENT_COUNTERMODEL_SURVIVES,ALL_REAL_BETA_UNDER_UNRESTRICTED_REPARAMETERIZATION,69,-0.5,2.0,2.5,18,1.7763568394002505e-15,ASSUMPTION_CONDITIONAL_IDENTIFICATION_COUNTERMODELS_OUTSIDE_BOUNDS,True,0.621152701398259,0.9079748262005731,0.28682212480231417,False,False,False
PRIMARY,R0_VALID,91059,CAUSAL_CANDIDATE_UNDER_ASSUMPTIONS,0.7737738443401508,OBSERVATIONALLY_EQUIVALENT_COUNTERMODEL_SURVIVES,ALL_REAL_BETA_UNDER_UNRESTRICTED_REPARAMETERIZATION,69,-0.5,2.0,2.5,18,1.7763568394002505e-15,ASSUMPTION_CONDITIONAL_IDENTIFICATION_COUNTERMODELS_OUTSIDE_BOUNDS,True,0.6261461823473985,0.9213392694033627,0.29519308705596425,False,False,False
PRIMARY,R0_VALID,91060,CAUSAL_CANDIDATE_UNDER_ASSUMPTIONS,0.7908695089264975,OBSERVATIONALLY_EQUIVALENT_COUNTERMODEL_SURVIVES,ALL_REAL_BETA_UNDER_UNRESTRICTED_REPARAMETERIZATION,69,-0.5,2.0,2.5,18,1.7763568394002505e-15,ASSUMPTION_CONDITIONAL_IDENTIFICATION_COUNTERMODELS_OUTSIDE_BOUNDS,True,0.6448155139377355,0.936057400181208,0.29124188624347247,False,False,False
PRIMARY,R0_VALID,91061,CAUSAL_CANDIDATE_UNDER_ASSUMPTIONS,0.8330882498619387,OBSERVATIONALLY_EQUIVALENT_COUNTERMODEL_SURVIVES,ALL_REAL_BETA_UNDER_UNRESTRICTED_REPARAMETERIZATION,69,-0.5,2.0,2.5,16,1.7763568394002505e-15,ASSUMPTION_CONDITIONAL_IDENTIFICATION_COUNTERMODELS_OUTSIDE_BOUNDS,True,0.6938325687685087,0.9706336007435084,0.2768010319749996,False,False,False
PRIMARY,R0_VALID,91062,CAUSAL_CANDIDATE_UNDER_ASSUMPTIONS,0.8205931296327271,OBSERVATIONALLY_EQUIVALENT_COUNTERMODEL_SURVIVES,ALL_REAL_BETA_UNDER_UNRESTRICTED_REPARAMETERIZATION,69,-0.5,2.0,2.5,16,1.7763568394002505e-15,ASSUMPTION_CONDITIONAL_IDENTIFICATION_COUNTERMODELS_OUTSIDE_BOUNDS,True,0.6766375931160692,0.9645450412990656,0.2879074481829964,False,False,False
PRIMARY,R0_VALID,91063,CAUSAL_CANDIDATE_UNDER_ASSUMPTIONS,0.7961560777390687,OBSERVATIONALLY_EQUIVALENT_COUNTERMODEL_SURVIVES,ALL_REAL_BETA_UNDER_UNRESTRICTED_REPARAMETERIZATION,69,-0.5,2.0,2.5,18,1.7763568394002505e-15,ASSUMPTION_CONDITIONAL_IDENTIFICATION_COUNTERMODELS_OUTSIDE_BOUNDS,True,0.6503474675615522,0.9411852921224685,0.29083782456091634,False,False,False
PRIMARY,R1_COORDINATED_EXCLUSION,91000,CAUSAL_CANDIDATE_UNDER_ASSUMPTIONS,1.2947847282863556,OBSERVATIONALLY_EQUIVALENT_COUNTERMODEL_SURVIVES,ALL_REAL_BETA_UNDER_UNRESTRICTED_REPARAMETERIZATION,69,-0.5,2.0,2.5,1,1.3322676295501878e-15,ASSUMPTION_CONDITIONAL_IDENTIFICATION_COUNTERMODELS_OUTSIDE_BOUNDS,True,1.1537878376885076,1.43519385964146,0.2814060219529524,False,False,False
PRIMARY,R1_COORDINATED_EXCLUSION,91001,CAUSAL_CANDIDATE_UNDER_ASSUMPTIONS,1.317328431796052,OBSERVATIONALLY_EQUIVALENT_COUNTERMODEL_SURVIVES,ALL_REAL_BETA_UNDER_UNRESTRICTED_REPARAMETERIZATION,69,-0.5,2.0,2.5,1,1.7763568394002505e-15,ASSUMPTION_CONDITIONAL_IDENTIFICATION_COUNTERMODELS_OUTSIDE_BOUNDS,True,1.1717801648712756,1.4628357184333307,0.29105555356205515,False,False,False
PRIMARY,R1_COORDINATED_EXCLUSION,91002,CAUSAL_CANDIDATE_UNDER_ASSUMPTIONS,1.2756344929330263,OBSERVATIONALLY_EQUIVALENT_COUNTERMODEL_SURVIVES,ALL_REAL_BETA_UNDER_UNRESTRICTED_REPARAMETERIZATION,69,-0.5,2.0,2.5,2,1.7763568394002505e-15,ASSUMPTION_CONDITIONAL_IDENTIFICATION_COUNTERMODELS_OUTSIDE_BOUNDS,True,1.1317192815867065,1.4175668857086268,0.28584760412192023,False,False,False
PRIMARY,R1_COORDINATED_EXCLUSION,91003,CAUSAL_CANDIDATE_UNDER_ASSUMPTIONS,1.3142398044317278,OBSERVATIONALLY_EQUIVALENT_COUNTERMODEL_SURVIVES,ALL_REAL_BETA_UNDER_UNRESTRICTED_REPARAMETERIZATION,69,-0.5,2.0,2.5,1,1.3322676295501878e-15,ASSUMPTION_CONDITIONAL_IDENTIFICATION_COUNTERMODELS_OUTSIDE_BOUNDS,True,1.1683655391957275,1.4595187858712588,0.29115324667553133,False,False,False
PRIMARY,R1_COORDINATED_EXCLUSION,91004,CAUSAL_CANDIDATE_UNDER_ASSUMPTIONS,1.278328465020988,OBSERVATIONALLY_EQUIVALENT_COUNTERMODEL_SURVIVES,ALL_REAL_BETA_UNDER_UNRESTRICTED_REPARAMETERIZATION,69,-0.5,2.0,2.5,2,1.7763568394002505e-15,ASSUMPTION_CONDITIONAL_IDENTIFICATION_COUNTERMODELS_OUTSIDE_BOUNDS,True,1.1288778223309863,1.4278860168066236,0.2990081944756373,False,False,False
PRIMARY,R1_COORDINATED_EXCLUSION,91005,CAUSAL_CANDIDATE_UNDER_ASSUMPTIONS,1.32576607578824,OBSERVATIONALLY_EQUIVALENT_COUNTERMODEL_SURVIVES,ALL_REAL_BETA_UNDER_UNRESTRICTED_REPARAMETERIZATION,69,-0.5,2.0,2.5,2,1.7763568394002505e-15,ASSUMPTION_CONDITIONAL_IDENTIFICATION_COUNTERMODELS_OUTSIDE_BOUNDS,True,1.1799380467836096,1.4718194728877942,0.29188142610418466,False,False,False
PRIMARY,R1_COORDINATED_EXCLUSION,91006,CAUSAL_CANDIDATE_UNDER_ASSUMPTIONS,1.315255337292426,OBSERVATIONALLY_EQUIVALENT_COUNTERMODEL_SURVIVES,ALL_REAL_BETA_UNDER_UNRESTRICTED_REPARAMETERIZATION,69,-0.5,2.0,2.5,1,1.7763568394002505e-15,ASSUMPTION_CONDITIONAL_IDENTIFICATION_COUNTERMODELS_OUTSIDE_BOUNDS,True,1.1720141374899158,1.457379407065604,0.2853652695756883,False,False,False
PRIMARY,R1_COORDINATED_EXCLUSION,91007,CAUSAL_CANDIDATE_UNDER_ASSUMPTIONS,1.2917999179937139,OBSERVATIONALLY_EQUIVALENT_COUNTERMODEL_SURVIVES,ALL_REAL_BETA_UNDER_UNRESTRICTED_REPARAMETERIZATION,69,-0.5,2.0,2.5,1,1.7763568394002505e-15,ASSUMPTION_CONDITIONAL_IDENTIFICATION_COUNTERMODELS_OUTSIDE_BOUNDS,True,1.142978452777998,1.4404277284177305,0.29744927563973245,False,False,False
PRIMARY,R1_COORDINATED_EXCLUSION,91008,CAUSAL_CANDIDATE_UNDER_ASSUMPTIONS,1.2928640699745062,OBSERVATIONALLY_EQUIVALENT_COUNTERMODEL_SURVIVES,ALL_REAL_BETA_UNDER_UNRESTRICTED_REPARAMETERIZATION,69,-0.5,2.0,2.5,1,1.7763568394002505e-15,ASSUMPTION_CONDITIONAL_IDENTIFICATION_COUNTERMODELS_OUTSIDE_BOUNDS,True,1.1442642407314676,1.4413918325065362,0.29712759177506864,False,False,False
PRIMARY,R1_COORDINATED_EXCLUSION,91009,CAUSAL_CANDIDATE_UNDER_ASSUMPTIONS,1.303628587015796,OBSERVATIONALLY_EQUIVALENT_COUNTERMODEL_SURVIVES,ALL_REAL_BETA_UNDER_UNRESTRICTED_REPARAMETERIZATION,69,-0.5,2.0,2.5,2,1.7763568394002505e-15,ASSUMPTION_CONDITIONAL_IDENTIFICATION_COUNTERMODELS_OUTSIDE_BOUNDS,True,1.1544577798083997,1.4527652028163065,0.2983074230079068,False,False,False
PRIMARY,R1_COORDINATED_EXCLUSION,91010,CAUSAL_CANDIDATE_UNDER_ASSUMPTIONS,1.284534516145745,OBSERVATIONALLY_EQUIVALENT_COUNTERMODEL_SURVIVES,ALL_REAL_BETA_UNDER_UNRESTRICTED_REPARAMETERIZATION,69,-0.5,2.0,2.5,2,1.3322676295501878e-15,ASSUMPTION_CONDITIONAL_IDENTIFICATION_COUNTERMODELS_OUTSIDE_BOUNDS,True,1.1399970952549388,1.4290972949020087,0.2891001996470699,False,False,False
PRIMARY,R1_COORDINATED_EXCLUSION,91011,CAUSAL_CANDIDATE_UNDER_ASSUMPTIONS,1.3059378753990036,OBSERVATIONALLY_EQUIVALENT_COUNTERMODEL_SURVIVES,ALL_REAL_BETA_UNDER_UNRESTRICTED_REPARAMETERIZATION,69,-0.5,2.0,2.5,2,1.7763568394002505e-15,ASSUMPTION_CONDITIONAL_IDENTIFICATION_COUNTERMODELS_OUTSIDE_BOUNDS,True,1.1652059150546472,1.4467890172447506,0.2815831021901034,False,False,False
PRIMARY,R1_COORDINATED_EXCLUSION,91012,CAUSAL_CANDIDATE_UNDER_ASSUMPTIONS,1.289253801492521,OBSERVATIONALLY_EQUIVALENT_COUNTERMODEL_SURVIVES,ALL_REAL_BETA_UNDER_UNRESTRICTED_REPARAMETERIZATION,69,-0.5,2.0,2.5,1,1.7763568394002505e-15,ASSUMPTION_CONDITIONAL_IDENTIFICATION_COUNTERMODELS_OUTSIDE_BOUNDS,True,1.1453560774124811,1.4332531100245391,0.287897032612058,False,False,False
PRIMARY,R1_COORDINATED_EXCLUSION,91013,CAUSAL_CANDIDATE_UNDER_ASSUMPTIONS,1.3014500183026936,OBSERVATIONALLY_EQUIVALENT_COUNTERMODEL_SURVIVES,ALL_REAL_BETA_UNDER_UNRESTRICTED_REPARAMETERIZATION,69,-0.5,2.0,2.5,2,1.7763568394002505e-15,ASSUMPTION_CONDITIONAL_IDENTIFICATION_COUNTERMODELS_OUTSIDE_BOUNDS,True,1.1582766451149134,1.4446993349922266,0.28642268987731323,False,False,False
PRIMARY,R1_COORDINATED_EXCLUSION,91014,CAUSAL_CANDIDATE_UNDER_ASSUMPTIONS,1.318037598426196,OBSERVATIONALLY_EQUIVALENT_COUNTERMODEL_SURVIVES,ALL_REAL_BETA_UNDER_UNRESTRICTED_REPARAMETERIZATION,69,-0.5,2.0,2.5,1,1.7763568394002505e-15,ASSUMPTION_CONDITIONAL_IDENTIFICATION_COUNTERMODELS_OUTSIDE_BOUNDS,True,1.1738349180141852,1.4623850486113235,0.2885501305971383,False,False,False
PRIMARY,R1_COORDINATED_EXCLUSION,91015,CAUSAL_CANDIDATE_UNDER_ASSUMPTIONS,1.3155204234317,OBSERVATIONALLY_EQUIVALENT_COUNTERMODEL_SURVIVES,ALL_REAL_BETA_UNDER_UNRESTRICTED_REPARAMETERIZATION,69,-0.5,2.0,2.5,1,1.7763568394002505e-15,ASSUMPTION_CONDITIONAL_IDENTIFICATION_COUNTERMODELS_OUTSIDE_BOUNDS,True,1.170073715502734,1.4610367126805708,0.2909629971778367,False,False,False
PRIMARY,R1_COORDINATED_EXCLUSION,91016,CAUSAL_CANDIDATE_UNDER_ASSUMPTIONS,1.3126466393454914,OBSERVATIONALLY_EQUIVALENT_COUNTERMODEL_SURVIVES,ALL_REAL_BETA_UNDER_UNRESTRICTED_REPARAMETERIZATION,69,-0.5,2.0,2.5,2,1.7763568394002505e-15,ASSUMPTION_CONDITIONAL_IDENTIFICATION_COUNTERMODELS_OUTSIDE_BOUNDS,True,1.1732991974815214,1.451523108904311,0.27822391142278957,False,False,False
PRIMARY,R1_COORDINATED_EXCLUSION,91017,CAUSAL_CANDIDATE_UNDER_ASSUMPTIONS,1.3056464288819987,OBSERVATIONALLY_EQUIVALENT_COUNTERMODEL_SURVIVES,ALL_REAL_BETA_UNDER_UNRESTRICTED_REPARAMETERIZATION,69,-0.5,2.0,2.5,2,1.7763568394002505e-15,ASSUMPTION_CONDITIONAL_IDENTIFICATION_COUNTERMODELS_OUTSIDE_BOUNDS,True,1.1581035330974117,1.4531320090363555,0.2950284759389439,False,False,False
PRIMARY,R1_COORDINATED_EXCLUSION,91018,CAUSAL_CANDIDATE_UNDER_ASSUMPTIONS,1.248441077293655,OBSERVATIONALLY_EQUIVALENT_COUNTERMODEL_SURVIVES,ALL_REAL_BETA_UNDER_UNRESTRICTED_REPARAMETERIZATION,69,-0.5,2.0,2.5,1,1.7763568394002505e-15,ASSUMPTION_CONDITIONAL_IDENTIFICATION_COUNTERMODELS_OUTSIDE_BOUNDS,True,1.1038903228823487,1.3925866028417009,0.2886962799593522,False,False,False
PRIMARY,R1_COORDINATED_EXCLUSION,91019,CAUSAL_CANDIDATE_UNDER_ASSUMPTIONS,1.2761681641276585,OBSERVATIONALLY_EQUIVALENT_COUNTERMODEL_SURVIVES,ALL_REAL_BETA_UNDER_UNRESTRICTED_REPARAMETERIZATION,69,-0.5,2.0,2.5,2,1.7763568394002505e-15,ASSUMPTION_CONDITIONAL_IDENTIFICATION_COUNTERMODELS_OUTSIDE_BOUNDS,True,1.1295598202618053,1.4228697177501635,0.2933098974883581,False,False,False
PRIMARY,R1_COORDINATED_EXCLUSION,91020,CAUSAL_CANDIDATE_UNDER_ASSUMPTIONS,1.3083534145825875,OBSERVATIONALLY_EQUIVALENT_COUNTERMODEL_SURVIVES,ALL_REAL_BETA_UNDER_UNRESTRICTED_REPARAMETERIZATION,69,-0.5,2.0,2.5,2,1.7763568394002505e-15,ASSUMPTION_CONDITIONAL_IDENTIFICATION_COUNTERMODELS_OUTSIDE_BOUNDS,True,1.1629009585993038,1.4538873082947237,0.2909863496954199,False,False,False
PRIMARY,R1_COORDINATED_EXCLUSION,91021,CAUSAL_CANDIDATE_UNDER_ASSUMPTIONS,1.3024642977576086,OBSERVATIONALLY_EQUIVALENT_COUNTERMODEL_SURVIVES,ALL_REAL_BETA_UNDER_UNRESTRICTED_REPARAMETERIZATION,69,-0.5,2.0,2.5,2,1.7763568394002505e-15,ASSUMPTION_CONDITIONAL_IDENTIFICATION_COUNTERMODELS_OUTSIDE_BOUNDS,True,1.156358413261719,1.4486060633519964,0.2922476500902773,False,False,False
PRIMARY,R1_COORDINATED_EXCLUSION,91022,CAUSAL_CANDIDATE_UNDER_ASSUMPTIONS,1.284661200449313,OBSERVATIONALLY_EQUIVALENT_COUNTERMODEL_SURVIVES,ALL_REAL_BETA_UNDER_UNRESTRICTED_REPARAMETERIZATION,69,-0.5,2.0,2.5,2,1.7763568394002505e-15,ASSUMPTION_CONDITIONAL_IDENTIFICATION_COUNTERMODELS_OUTSIDE_BOUNDS,True,1.1394556791168728,1.4303601325220219,0.29090445340514903,False,False,False
PRIMARY,R1_COORDINATED_EXCLUSION,91023,CAUSAL_CANDIDATE_UNDER_ASSUMPTIONS,1.306744741643162,OBSERVATIONALLY_EQUIVALENT_COUNTERMODEL_SURVIVES,ALL_REAL_BETA_UNDER_UNRESTRICTED_REPARAMETERIZATION,69,-0.5,2.0,2.5,2,1.7763568394002505e-15,ASSUMPTION_CONDITIONAL_IDENTIFICATION_COUNTERMODELS_OUTSIDE_BOUNDS,True,1.1665950268330647,1.4458006830793906,0.2792056562463259,False,False,False
PRIMARY,R1_COORDINATED_EXCLUSION,91024,CAUSAL_CANDIDATE_UNDER_ASSUMPTIONS,1.3158601731466748,OBSERVATIONALLY_EQUIVALENT_COUNTERMODEL_SURVIVES,ALL_REAL_BETA_UNDER_UNRESTRICTED_REPARAMETERIZATION,69,-0.5,2.0,2.5,1,1.7763568394002505e-15,ASSUMPTION_CONDITIONAL_IDENTIFICATION_COUNTERMODELS_OUTSIDE_BOUNDS,True,1.1721568571248409,1.458028532550042,0.2858716754252011,False,False,False
PRIMARY,R1_COORDINATED_EXCLUSION,91025,CAUSAL_CANDIDATE_UNDER_ASSUMPTIONS,1.3025566677502778,OBSERVATIONALLY_EQUIVALENT_COUNTERMODEL_SURVIVES,ALL_REAL_BETA_UNDER_UNRESTRICTED_REPARAMETERIZATION,69,-0.5,2.0,2.5,2,1.7763568394002505e-15,ASSUMPTION_CONDITIONAL_IDENTIFICATION_COUNTERMODELS_OUTSIDE_BOUNDS,True,1.1563075040963573,1.4485774285055224,0.2922699244091651,False,False,False
PRIMARY,R1_COORDINATED_EXCLUSION,91026,CAUSAL_CANDIDATE_UNDER_ASSUMPTIONS,1.2567502194242994,OBSERVATIONALLY_EQUIVALENT_COUNTERMODEL_SURVIVES,ALL_REAL_BETA_UNDER_UNRESTRICTED_REPARAMETERIZATION,69,-0.5,2.0,2.5,2,1.7763568394002505e-15,ASSUMPTION_CONDITIONAL_IDENTIFICATION_COUNTERMODELS_OUTSIDE_BOUNDS,True,1.1092771758526807,1.4042543247392836,0.29497714888660287,False,False,False
PRIMARY,R1_COORDINATED_EXCLUSION,91027,CAUSAL_CANDIDATE_UNDER_ASSUMPTIONS,1.26352553434189,OBSERVATIONALLY_EQUIVALENT_COUNTERMODEL_SURVIVES,ALL_REAL_BETA_UNDER_UNRESTRICTED_REPARAMETERIZATION,69,-0.5,2.0,2.5,1,1.3322676295501878e-15,ASSUMPTION_CONDITIONAL_IDENTIFICATION_COUNTERMODELS_OUTSIDE_BOUNDS,True,1.1138862883407712,1.413122513032485,0.29923622469171374,False,False,False
PRIMARY,R1_COORDINATED_EXCLUSION,91028,CAUSAL_CANDIDATE_UNDER_ASSUMPTIONS,1.315794661631627,OBSERVATIONALLY_EQUIVALENT_COUNTERMODEL_SURVIVES,ALL_REAL_BETA_UNDER_UNRESTRICTED_REPARAMETERIZATION,69,-0.5,2.0,2.5,1,1.7763568394002505e-15,ASSUMPTION_CONDITIONAL_IDENTIFICATION_COUNTERMODELS_OUTSIDE_BOUNDS,True,1.1733357246207072,1.4549989887737067,0.28166326415299947,False,False,False
PRIMARY,R1_COORDINATED_EXCLUSION,91029,CAUSAL_CANDIDATE_UNDER_ASSUMPTIONS,1.3212125183177963,OBSERVATIONALLY_EQUIVALENT_COUNTERMODEL_SURVIVES,ALL_REAL_BETA_UNDER_UNRESTRICTED_REPARAMETERIZATION,69,-0.5,2.0,2.5,1,1.3322676295501878e-15,ASSUMPTION_CONDITIONAL_IDENTIFICATION_COUNTERMODELS_OUTSIDE_BOUNDS,True,1.1751219013791367,1.4670028284499042,0.2918809270707674,False,False,False
PRIMARY,R1_COORDINATED_EXCLUSION,91030,CAUSAL_CANDIDATE_UNDER_ASSUMPTIONS,1.296459950808799,OBSERVATIONALLY_EQUIVALENT_COUNTERMODEL_SURVIVES,ALL_REAL_BETA_UNDER_UNRESTRICTED_REPARAMETERIZATION,69,-0.5,2.0,2.5,1,1.7763568394002505e-15,ASSUMPTION_CONDITIONAL_IDENTIFICATION_COUNTERMODELS_OUTSIDE_BOUNDS,True,1.1500003804874401,1.4429197433935732,0.2929193629061331,False,False,False
PRIMARY,R1_COORDINATED_EXCLUSION,91031,CAUSAL_CANDIDATE_UNDER_ASSUMPTIONS,1.3022501860555815,OBSERVATIONALLY_EQUIVALENT_COUNTERMODEL_SURVIVES,ALL_REAL_BETA_UNDER_UNRESTRICTED_REPARAMETERIZATION,69,-0.5,2.0,2.5,2,2.6645352591003757e-15,ASSUMPTION_CONDITIONAL_IDENTIFICATION_COUNTERMODELS_OUTSIDE_BOUNDS,True,1.1535953050564614,1.4489152601589326,0.2953199551024712,False,False,False
PRIMARY,R1_COORDINATED_EXCLUSION,91032,CAUSAL_CANDIDATE_UNDER_ASSUMPTIONS,1.3174918163768876,OBSERVATIONALLY_EQUIVALENT_COUNTERMODEL_SURVIVES,ALL_REAL_BETA_UNDER_UNRESTRICTED_REPARAMETERIZATION,69,-0.5,2.0,2.5,1,1.7763568394002505e-15,ASSUMPTION_CONDITIONAL_IDENTIFICATION_COUNTERMODELS_OUTSIDE_BOUNDS,True,1.1750570435063707,1.4599271462877832,0.28487010278141245,False,False,False
PRIMARY,R1_COORDINATED_EXCLUSION,91033,CAUSAL_CANDIDATE_UNDER_ASSUMPTIONS,1.2981919874664298,OBSERVATIONALLY_EQUIVALENT_COUNTERMODEL_SURVIVES,ALL_REAL_BETA_UNDER_UNRESTRICTED_REPARAMETERIZATION,69,-0.5,2.0,2.5,1,1.7763568394002505e-15,ASSUMPTION_CONDITIONAL_IDENTIFICATION_COUNTERMODELS_OUTSIDE_BOUNDS,True,1.1529717605860375,1.4434500485907713,0.29047828800473385,False,False,False
PRIMARY,R1_COORDINATED_EXCLUSION,91034,CAUSAL_CANDIDATE_UNDER_ASSUMPTIONS,1.3047357065334757,OBSERVATIONALLY_EQUIVALENT_COUNTERMODEL_SURVIVES,ALL_REAL_BETA_UNDER_UNRESTRICTED_REPARAMETERIZATION,69,-0.5,2.0,2.5,2,1.7763568394002505e-15,ASSUMPTION_CONDITIONAL_IDENTIFICATION_COUNTERMODELS_OUTSIDE_BOUNDS,True,1.161479068231873,1.4482527865520738,0.2867737183202008,False,False,False
PRIMARY,R1_COORDINATED_EXCLUSION,91035,CAUSAL_CANDIDATE_UNDER_ASSUMPTIONS,1.309111536008628,OBSERVATIONALLY_EQUIVALENT_COUNTERMODEL_SURVIVES,ALL_REAL_BETA_UNDER_UNRESTRICTED_REPARAMETERIZATION,69,-0.5,2.0,2.5,2,1.7763568394002505e-15,ASSUMPTION_CONDITIONAL_IDENTIFICATION_COUNTERMODELS_OUTSIDE_BOUNDS,True,1.165872636789591,1.452349000520998,0.28647636373140695,False,False,False
PRIMARY,R1_COORDINATED_EXCLUSION,91036,CAUSAL_CANDIDATE_UNDER_ASSUMPTIONS,1.308517905984736,OBSERVATIONALLY_EQUIVALENT_COUNTERMODEL_SURVIVES,ALL_REAL_BETA_UNDER_UNRESTRICTED_REPARAMETERIZATION,69,-0.5,2.0,2.5,2,1.7763568394002505e-15,ASSUMPTION_CONDITIONAL_IDENTIFICATION_COUNTERMODELS_OUTSIDE_BOUNDS,True,1.1664611034234322,1.450229238610266,0.28376813518683375,False,False,False
PRIMARY,R1_COORDINATED_EXCLUSION,91037,CAUSAL_CANDIDATE_UNDER_ASSUMPTIONS,1.2672503293204886,OBSERVATIONALLY_EQUIVALENT_COUNTERMODEL_SURVIVES,ALL_REAL_BETA_UNDER_UNRESTRICTED_REPARAMETERIZATION,69,-0.5,2.0,2.5,1,1.3322676295501878e-15,ASSUMPTION_CONDITIONAL_IDENTIFICATION_COUNTERMODELS_OUTSIDE_BOUNDS,True,1.1235997373870794,1.4094061676628646,0.28580643027578523,False,False,False
PRIMARY,R1_COORDINATED_EXCLUSION,91038,CAUSAL_CANDIDATE_UNDER_ASSUMPTIONS,1.2893844382778268,OBSERVATIONALLY_EQUIVALENT_COUNTERMODEL_SURVIVES,ALL_REAL_BETA_UNDER_UNRESTRICTED_REPARAMETERIZATION,69,-0.5,2.0,2.5,1,1.3322676295501878e-15,ASSUMPTION_CONDITIONAL_IDENTIFICATION_COUNTERMODELS_OUTSIDE_BOUNDS,True,1.1434232820109884,1.435323084975131,0.29189980296414264,False,False,False
PRIMARY,R1_COORDINATED_EXCLUSION,91039,CAUSAL_CANDIDATE_UNDER_ASSUMPTIONS,1.305546682903636,OBSERVATIONALLY_EQUIVALENT_COUNTERMODEL_SURVIVES,ALL_REAL_BETA_UNDER_UNRESTRICTED_REPARAMETERIZATION,69,-0.5,2.0,2.5,2,1.7763568394002505e-15,ASSUMPTION_CONDITIONAL_IDENTIFICATION_COUNTERMODELS_OUTSIDE_BOUNDS,True,1.157881055274974,1.4529508050316802,0.2950697497567061,False,False,False
PRIMARY,R1_COORDINATED_EXCLUSION,91040,CAUSAL_CANDIDATE_UNDER_ASSUMPTIONS,1.322002099474705,OBSERVATIONALLY_EQUIVALENT_COUNTERMODEL_SURVIVES,ALL_REAL_BETA_UNDER_UNRESTRICTED_REPARAMETERIZATION,69,-0.5,2.0,2.5,1,1.7763568394002505e-15,ASSUMPTION_CONDITIONAL_IDENTIFICATION_COUNTERMODELS_OUTSIDE_BOUNDS,True,1.179232037199506,1.4648081329809528,0.2855760957814468,False,False,False
PRIMARY,R1_COORDINATED_EXCLUSION,91041,CAUSAL_CANDIDATE_UNDER_ASSUMPTIONS,1.2849081198814438,OBSERVATIONALLY_EQUIVALENT_COUNTERMODEL_SURVIVES,ALL_REAL_BETA_UNDER_UNRESTRICTED_REPARAMETERIZATION,69,-0.5,2.0,2.5,2,1.7763568394002505e-15,ASSUMPTION_CONDITIONAL_IDENTIFICATION_COUNTERMODELS_OUTSIDE_BOUNDS,True,1.1383788354382063,1.4307378418518135,0.29235900641360724,False,False,False
PRIMARY,R1_COORDINATED_EXCLUSION,91042,CAUSAL_CANDIDATE_UNDER_ASSUMPTIONS,1.3159907335891106,OBSERVATIONALLY_EQUIVALENT_COUNTERMODEL_SURVIVES,ALL_REAL_BETA_UNDER_UNRESTRICTED_REPARAMETERIZATION,69,-0.5,2.0,2.5,1,1.7763568394002505e-15,ASSUMPTION_CONDITIONAL_IDENTIFICATION_COUNTERMODELS_OUTSIDE_BOUNDS,True,1.1719213424929553,1.4600465389930506,0.28812519650009527,False,False,False
PRIMARY,R1_COORDINATED_EXCLUSION,91043,CAUSAL_CANDIDATE_UNDER_ASSUMPTIONS,1.2803256082678462,OBSERVATIONALLY_EQUIVALENT_COUNTERMODEL_SURVIVES,ALL_REAL_BETA_UNDER_UNRESTRICTED_REPARAMETERIZATION,69,-0.5,2.0,2.5,2,1.7763568394002505e-15,ASSUMPTION_CONDITIONAL_IDENTIFICATION_COUNTERMODELS_OUTSIDE_BOUNDS,True,1.134763324867203,1.4256288695656882,0.29086554469848513,False,False,False
PRIMARY,R1_COORDINATED_EXCLUSION,91044,CAUSAL_CANDIDATE_UNDER_ASSUMPTIONS,1.3129877775175895,OBSERVATIONALLY_EQUIVALENT_COUNTERMODEL_SURVIVES,ALL_REAL_BETA_UNDER_UNRESTRICTED_REPARAMETERIZATION,69,-0.5,2.0,2.5,1,1.7763568394002505e-15,ASSUMPTION_CONDITIONAL_IDENTIFICATION_COUNTERMODELS_OUTSIDE_BOUNDS,True,1.168345552972437,1.4575166336947172,0.28917108072228026,False,False,False
PRIMARY,R1_COORDINATED_EXCLUSION,91045,CAUSAL_CANDIDATE_UNDER_ASSUMPTIONS,1.3053109670434164,OBSERVATIONALLY_EQUIVALENT_COUNTERMODEL_SURVIVES,ALL_REAL_BETA_UNDER_UNRESTRICTED_REPARAMETERIZATION,69,-0.5,2.0,2.5,2,8.881784197001252e-16,ASSUMPTION_CONDITIONAL_IDENTIFICATION_COUNTERMODELS_OUTSIDE_BOUNDS,True,1.1653033287190593,1.4449688141486503,0.279665485429591,False,False,False
PRIMARY,R1_COORDINATED_EXCLUSION,91046,CAUSAL_CANDIDATE_UNDER_ASSUMPTIONS,1.3232844332848606,OBSERVATIONALLY_EQUIVALENT_COUNTERMODEL_SURVIVES,ALL_REAL_BETA_UNDER_UNRESTRICTED_REPARAMETERIZATION,69,-0.5,2.0,2.5,1,1.7763568394002505e-15,ASSUMPTION_CONDITIONAL_IDENTIFICATION_COUNTERMODELS_OUTSIDE_BOUNDS,True,1.1744113571910466,1.4721595240420855,0.2977481668510389,False,False,False
PRIMARY,R1_COORDINATED_EXCLUSION,91047,CAUSAL_CANDIDATE_UNDER_ASSUMPTIONS,1.2979414254338868,OBSERVATIONALLY_EQUIVALENT_COUNTERMODEL_SURVIVES,ALL_REAL_BETA_UNDER_UNRESTRICTED_REPARAMETERIZATION,69,-0.5,2.0,2.5,1,1.7763568394002505e-15,ASSUMPTION_CONDITIONAL_IDENTIFICATION_COUNTERMODELS_OUTSIDE_BOUNDS,True,1.1523749417416134,1.443554898339746,0.29117995659813256,False,False,False
PRIMARY,R1_COORDINATED_EXCLUSION,91048,CAUSAL_CANDIDATE_UNDER_ASSUMPTIONS,1.3239744861752396,OBSERVATIONALLY_EQUIVALENT_COUNTERMODEL_SURVIVES,ALL_REAL_BETA_UNDER_UNRESTRICTED_REPARAMETERIZATION,69,-0.5,2.0,2.5,1,1.7763568394002505e-15,ASSUMPTION_CONDITIONAL_IDENTIFICATION_COUNTERMODELS_OUTSIDE_BOUNDS,True,1.1749750422387506,1.4729573585346365,0.2979823162958859,False,False,False
PRIMARY,R1_COORDINATED_EXCLUSION,91049,CAUSAL_CANDIDATE_UNDER_ASSUMPTIONS,1.3087482895700564,OBSERVATIONALLY_EQUIVALENT_COUNTERMODEL_SURVIVES,ALL_REAL_BETA_UNDER_UNRESTRICTED_REPARAMETERIZATION,69,-0.5,2.0,2.5,2,1.3322676295501878e-15,ASSUMPTION_CONDITIONAL_IDENTIFICATION_COUNTERMODELS_OUTSIDE_BOUNDS,True,1.165784038769477,1.4523198325386222,0.2865357937691453,False,False,False
PRIMARY,R1_COORDINATED_EXCLUSION,91050,CAUSAL_CANDIDATE_UNDER_ASSUMPTIONS,1.2953996684202216,OBSERVATIONALLY_EQUIVALENT_COUNTERMODEL_SURVIVES,ALL_REAL_BETA_UNDER_UNRESTRICTED_REPARAMETERIZATION,69,-0.5,2.0,2.5,1,1.7763568394002505e-15,ASSUMPTION_CONDITIONAL_IDENTIFICATION_COUNTERMODELS_OUTSIDE_BOUNDS,True,1.1511828808037026,1.4383394386405908,0.2871565578368882,False,False,False
PRIMARY,R1_COORDINATED_EXCLUSION,91051,CAUSAL_CANDIDATE_UNDER_ASSUMPTIONS,1.3235432109736651,OBSERVATIONALLY_EQUIVALENT_COUNTERMODEL_SURVIVES,ALL_REAL_BETA_UNDER_UNRESTRICTED_REPARAMETERIZATION,69,-0.5,2.0,2.5,1,1.7763568394002505e-15,ASSUMPTION_CONDITIONAL_IDENTIFICATION_COUNTERMODELS_OUTSIDE_BOUNDS,True,1.182050692849111,1.4651810949837123,0.2831304021346013,False,False,False
PRIMARY,R1_COORDINATED_EXCLUSION,91052,CAUSAL_CANDIDATE_UNDER_ASSUMPTIONS,1.2840597109680942,OBSERVATIONALLY_EQUIVALENT_COUNTERMODEL_SURVIVES,ALL_REAL_BETA_UNDER_UNRESTRICTED_REPARAMETERIZATION,69,-0.5,2.0,2.5,2,1.7763568394002505e-15,ASSUMPTION_CONDITIONAL_IDENTIFICATION_COUNTERMODELS_OUTSIDE_BOUNDS,True,1.1427033213917919,1.425580558171437,0.28287723677964505,False,False,False
PRIMARY,R1_COORDINATED_EXCLUSION,91053,CAUSAL_CANDIDATE_UNDER_ASSUMPTIONS,1.3062401273769806,OBSERVATIONALLY_EQUIVALENT_COUNTERMODEL_SURVIVES,ALL_REAL_BETA_UNDER_UNRESTRICTED_REPARAMETERIZATION,69,-0.5,2.0,2.5,2,1.7763568394002505e-15,ASSUMPTION_CONDITIONAL_IDENTIFICATION_COUNTERMODELS_OUTSIDE_BOUNDS,True,1.162758273597252,1.44868600649338,0.28592773289612805,False,False,False
PRIMARY,R1_COORDINATED_EXCLUSION,91054,CAUSAL_CANDIDATE_UNDER_ASSUMPTIONS,1.2697536164963366,OBSERVATIONALLY_EQUIVALENT_COUNTERMODEL_SURVIVES,ALL_REAL_BETA_UNDER_UNRESTRICTED_REPARAMETERIZATION,69,-0.5,2.0,2.5,1,1.7763568394002505e-15,ASSUMPTION_CONDITIONAL_IDENTIFICATION_COUNTERMODELS_OUTSIDE_BOUNDS,True,1.1231897210467363,1.416498181185287,0.2933084601385507,False,False,False
PRIMARY,R1_COORDINATED_EXCLUSION,91055,CAUSAL_CANDIDATE_UNDER_ASSUMPTIONS,1.2779396327024375,OBSERVATIONALLY_EQUIVALENT_COUNTERMODEL_SURVIVES,ALL_REAL_BETA_UNDER_UNRESTRICTED_REPARAMETERIZATION,69,-0.5,2.0,2.5,2,1.7763568394002505e-15,ASSUMPTION_CONDITIONAL_IDENTIFICATION_COUNTERMODELS_OUTSIDE_BOUNDS,True,1.1286267861656951,1.427273762241056,0.29864697607536095,False,False,False
PRIMARY,R1_COORDINATED_EXCLUSION,91056,CAUSAL_CANDIDATE_UNDER_ASSUMPTIONS,1.2762924485066338,OBSERVATIONALLY_EQUIVALENT_COUNTERMODEL_SURVIVES,ALL_REAL_BETA_UNDER_UNRESTRICTED_REPARAMETERIZATION,69,-0.5,2.0,2.5,2,1.7763568394002505e-15,ASSUMPTION_CONDITIONAL_IDENTIFICATION_COUNTERMODELS_OUTSIDE_BOUNDS,True,1.1304446998848676,1.4218953448646598,0.29145064497979223,False,False,False
PRIMARY,R1_COORDINATED_EXCLUSION,91057,CAUSAL_CANDIDATE_UNDER_ASSUMPTIONS,1.313428838797871,OBSERVATIONALLY_EQUIVALENT_COUNTERMODEL_SURVIVES,ALL_REAL_BETA_UNDER_UNRESTRICTED_REPARAMETERIZATION,69,-0.5,2.0,2.5,1,1.7763568394002505e-15,ASSUMPTION_CONDITIONAL_IDENTIFICATION_COUNTERMODELS_OUTSIDE_BOUNDS,True,1.1694717986149454,1.4576253700846065,0.28815357146966103,False,False,False
PRIMARY,R1_COORDINATED_EXCLUSION,91058,CAUSAL_CANDIDATE_UNDER_ASSUMPTIONS,1.2637443326267184,OBSERVATIONALLY_EQUIVALENT_COUNTERMODEL_SURVIVES,ALL_REAL_BETA_UNDER_UNRESTRICTED_REPARAMETERIZATION,69,-0.5,2.0,2.5,1,1.7763568394002505e-15,ASSUMPTION_CONDITIONAL_IDENTIFICATION_COUNTERMODELS_OUTSIDE_BOUNDS,True,1.1196801797064635,1.407857896053253,0.28817771634678957,False,False,False
PRIMARY,R1_COORDINATED_EXCLUSION,91059,CAUSAL_CANDIDATE_UNDER_ASSUMPTIONS,1.2807357050281258,OBSERVATIONALLY_EQUIVALENT_COUNTERMODEL_SURVIVES,ALL_REAL_BETA_UNDER_UNRESTRICTED_REPARAMETERIZATION,69,-0.5,2.0,2.5,2,1.7763568394002505e-15,ASSUMPTION_CONDITIONAL_IDENTIFICATION_COUNTERMODELS_OUTSIDE_BOUNDS,True,1.1330150761731546,1.4284556112115816,0.29544053503842704,False,False,False
PRIMARY,R1_COORDINATED_EXCLUSION,91060,CAUSAL_CANDIDATE_UNDER_ASSUMPTIONS,1.2921140259578097,OBSERVATIONALLY_EQUIVALENT_COUNTERMODEL_SURVIVES,ALL_REAL_BETA_UNDER_UNRESTRICTED_REPARAMETERIZATION,69,-0.5,2.0,2.5,1,1.7763568394002505e-15,ASSUMPTION_CONDITIONAL_IDENTIFICATION_COUNTERMODELS_OUTSIDE_BOUNDS,True,1.1461083062228146,1.4373639668445173,0.2912556606217027,False,False,False
PRIMARY,R1_COORDINATED_EXCLUSION,91061,CAUSAL_CANDIDATE_UNDER_ASSUMPTIONS,1.317615384622438,OBSERVATIONALLY_EQUIVALENT_COUNTERMODEL_SURVIVES,ALL_REAL_BETA_UNDER_UNRESTRICTED_REPARAMETERIZATION,69,-0.5,2.0,2.5,1,2.6645352591003757e-15,ASSUMPTION_CONDITIONAL_IDENTIFICATION_COUNTERMODELS_OUTSIDE_BOUNDS,True,1.1774604661905914,1.457243069644003,0.27978260345341166,False,False,False
PRIMARY,R1_COORDINATED_EXCLUSION,91062,CAUSAL_CANDIDATE_UNDER_ASSUMPTIONS,1.3145884930090919,OBSERVATIONALLY_EQUIVALENT_COUNTERMODEL_SURVIVES,ALL_REAL_BETA_UNDER_UNRESTRICTED_REPARAMETERIZATION,69,-0.5,2.0,2.5,1,1.7763568394002505e-15,ASSUMPTION_CONDITIONAL_IDENTIFICATION_COUNTERMODELS_OUTSIDE_BOUNDS,True,1.1707056856028746,1.458505631499862,0.2877999458969873,False,False,False
PRIMARY,R1_COORDINATED_EXCLUSION,91063,CAUSAL_CANDIDATE_UNDER_ASSUMPTIONS,1.2978751021284525,OBSERVATIONALLY_EQUIVALENT_COUNTERMODEL_SURVIVES,ALL_REAL_BETA_UNDER_UNRESTRICTED_REPARAMETERIZATION,69,-0.5,2.0,2.5,1,1.7763568394002505e-15,ASSUMPTION_CONDITIONAL_IDENTIFICATION_COUNTERMODELS_OUTSIDE_BOUNDS,True,1.1515462155963019,1.4441291919057173,0.29258297630941543,False,False,False
PRIMARY,R2_ALEATORIC_HIGH,91000,CAUSAL_CANDIDATE_UNDER_ASSUMPTIONS,0.7890071935104872,OBSERVATIONALLY_EQUIVALENT_COUNTERMODEL_SURVIVES,ALL_REAL_BETA_UNDER_UNRESTRICTED_REPARAMETERIZATION,69,-0.5,2.0,2.5,20,1.7763568394002505e-15,ASSUMPTION_CONDITIONAL_IDENTIFICATION_COUNTERMODELS_OUTSIDE_BOUNDS,True,0.6771530769398192,0.9004755998895292,0.22332252294971,False,False,False
PRIMARY,R2_ALEATORIC_HIGH,91001,CAUSAL_CANDIDATE_UNDER_ASSUMPTIONS,0.8566970158310794,OBSERVATIONALLY_EQUIVALENT_COUNTERMODEL_SURVIVES,ALL_REAL_BETA_UNDER_UNRESTRICTED_REPARAMETERIZATION,69,-0.5,2.0,2.5,13,1.7763568394002505e-15,ASSUMPTION_CONDITIONAL_IDENTIFICATION_COUNTERMODELS_OUTSIDE_BOUNDS,True,0.7138914615372596,0.9975893616239797,0.28369790008672013,False,False,False
PRIMARY,R2_ALEATORIC_HIGH,91002,CAUSAL_CANDIDATE_UNDER_ASSUMPTIONS,0.735409415758005,OBSERVATIONALLY_EQUIVALENT_COUNTERMODEL_SURVIVES,ALL_REAL_BETA_UNDER_UNRESTRICTED_REPARAMETERIZATION,69,-0.5,2.0,2.5,22,1.7763568394002505e-15,ASSUMPTION_CONDITIONAL_IDENTIFICATION_COUNTERMODELS_OUTSIDE_BOUNDS,True,0.6237088527421816,0.8411032260088211,0.21739437326663957,False,False,False
PRIMARY,R2_ALEATORIC_HIGH,91003,CAUSAL_CANDIDATE_UNDER_ASSUMPTIONS,0.8647517123244902,OBSERVATIONALLY_EQUIVALENT_COUNTERMODEL_SURVIVES,ALL_REAL_BETA_UNDER_UNRESTRICTED_REPARAMETERIZATION,69,-0.5,2.0,2.5,15,1.7763568394002505e-15,ASSUMPTION_CONDITIONAL_IDENTIFICATION_COUNTERMODELS_OUTSIDE_BOUNDS,True,0.7221777945548268,1.0055389053288546,0.2833611107740278,False,False,False
PRIMARY,R2_ALEATORIC_HIGH,91004,CAUSAL_CANDIDATE_UNDER_ASSUMPTIONS,0.7127047053534079,OBSERVATIONALLY_EQUIVALENT_COUNTERMODEL_SURVIVES,ALL_REAL_BETA_UNDER_UNRESTRICTED_REPARAMETERIZATION,69,-0.5,2.0,2.5,18,1.7763568394002505e-15,ASSUMPTION_CONDITIONAL_IDENTIFICATION_COUNTERMODELS_OUTSIDE_BOUNDS,True,0.5737337783649334,0.8518711537604781,0.2781373753955446,False,False,False
PRIMARY,R2_ALEATORIC_HIGH,91005,CAUSAL_CANDIDATE_UNDER_ASSUMPTIONS,0.882009172675897,OBSERVATIONALLY_EQUIVALENT_COUNTERMODEL_SURVIVES,ALL_REAL_BETA_UNDER_UNRESTRICTED_REPARAMETERIZATION,69,-0.5,2.0,2.5,14,1.7763568394002505e-15,ASSUMPTION_CONDITIONAL_IDENTIFICATION_COUNTERMODELS_OUTSIDE_BOUNDS,True,0.7392817742556945,1.0254179344401846,0.28613616018449006,False,False,False
PRIMARY,R2_ALEATORIC_HIGH,91006,CAUSAL_CANDIDATE_UNDER_ASSUMPTIONS,0.8852115917816058,OBSERVATIONALLY_EQUIVALENT_COUNTERMODEL_SURVIVES,ALL_REAL_BETA_UNDER_UNRESTRICTED_REPARAMETERIZATION,69,-0.5,2.0,2.5,17,3.552713678800501e-15,ASSUMPTION_CONDITIONAL_IDENTIFICATION_COUNTERMODELS_OUTSIDE_BOUNDS,True,0.774977922071402,0.9883049817164046,0.21332705964500254,False,False,False
PRIMARY,R2_ALEATORIC_HIGH,91007,CAUSAL_CANDIDATE_UNDER_ASSUMPTIONS,0.768923349642174,OBSERVATIONALLY_EQUIVALENT_COUNTERMODEL_SURVIVES,ALL_REAL_BETA_UNDER_UNRESTRICTED_REPARAMETERIZATION,69,-0.5,2.0,2.5,18,1.7763568394002505e-15,ASSUMPTION_CONDITIONAL_IDENTIFICATION_COUNTERMODELS_OUTSIDE_BOUNDS,True,0.6213642157508871,0.9160979056472661,0.29473368989637905,False,False,False
PRIMARY,R2_ALEATORIC_HIGH,91008,CAUSAL_CANDIDATE_UNDER_ASSUMPTIONS,0.7869275956595037,OBSERVATIONALLY_EQUIVALENT_COUNTERMODEL_SURVIVES,ALL_REAL_BETA_UNDER_UNRESTRICTED_REPARAMETERIZATION,69,-0.5,2.0,2.5,21,1.7763568394002505e-15,ASSUMPTION_CONDITIONAL_IDENTIFICATION_COUNTERMODELS_OUTSIDE_BOUNDS,True,0.6457018058910496,0.9275698875852146,0.281868081694165,False,False,False
PRIMARY,R2_ALEATORIC_HIGH,91009,CAUSAL_CANDIDATE_UNDER_ASSUMPTIONS,0.7858044997899795,OBSERVATIONALLY_EQUIVALENT_COUNTERMODEL_SURVIVES,ALL_REAL_BETA_UNDER_UNRESTRICTED_REPARAMETERIZATION,69,-0.5,2.0,2.5,17,3.552713678800501e-15,ASSUMPTION_CONDITIONAL_IDENTIFICATION_COUNTERMODELS_OUTSIDE_BOUNDS,True,0.6375997456644387,0.9339169357652263,0.2963171901007876,False,False,False
PRIMARY,R2_ALEATORIC_HIGH,91010,CAUSAL_CANDIDATE_UNDER_ASSUMPTIONS,0.751623526564746,OBSERVATIONALLY_EQUIVALENT_COUNTERMODEL_SURVIVES,ALL_REAL_BETA_UNDER_UNRESTRICTED_REPARAMETERIZATION,69,-0.5,2.0,2.5,19,3.552713678800501e-15,ASSUMPTION_CONDITIONAL_IDENTIFICATION_COUNTERMODELS_OUTSIDE_BOUNDS,True,0.6086388610464386,0.8947217247090511,0.2860828636626125,False,False,False
PRIMARY,R2_ALEATORIC_HIGH,91011,CAUSAL_CANDIDATE_UNDER_ASSUMPTIONS,0.804604175722126,OBSERVATIONALLY_EQUIVALENT_COUNTERMODEL_SURVIVES,ALL_REAL_BETA_UNDER_UNRESTRICTED_REPARAMETERIZATION,69,-0.5,2.0,2.5,19,1.7763568394002505e-15,ASSUMPTION_CONDITIONAL_IDENTIFICATION_COUNTERMODELS_OUTSIDE_BOUNDS,True,0.6646844189559727,0.9450239480526498,0.28033952909667703,False,False,False
PRIMARY,R2_ALEATORIC_HIGH,91012,CAUSAL_CANDIDATE_UNDER_ASSUMPTIONS,0.7761423383999155,OBSERVATIONALLY_EQUIVALENT_COUNTERMODEL_SURVIVES,ALL_REAL_BETA_UNDER_UNRESTRICTED_REPARAMETERIZATION,69,-0.5,2.0,2.5,18,1.7763568394002505e-15,ASSUMPTION_CONDITIONAL_IDENTIFICATION_COUNTERMODELS_OUTSIDE_BOUNDS,True,0.6326735461129629,0.9199100489211274,0.2872365028081645,False,False,False
PRIMARY,R2_ALEATORIC_HIGH,91013,CAUSAL_CANDIDATE_UNDER_ASSUMPTIONS,0.7714839618630929,OBSERVATIONALLY_EQUIVALENT_COUNTERMODEL_SURVIVES,ALL_REAL_BETA_UNDER_UNRESTRICTED_REPARAMETERIZATION,69,-0.5,2.0,2.5,22,3.552713678800501e-15,ASSUMPTION_CONDITIONAL_IDENTIFICATION_COUNTERMODELS_OUTSIDE_BOUNDS,True,0.6365078610128316,0.9065768901828333,0.27006902917000164,False,False,False
PRIMARY,R2_ALEATORIC_HIGH,91014,CAUSAL_CANDIDATE_UNDER_ASSUMPTIONS,0.8915692897850507,OBSERVATIONALLY_EQUIVALENT_COUNTERMODEL_SURVIVES,ALL_REAL_BETA_UNDER_UNRESTRICTED_REPARAMETERIZATION,69,-0.5,2.0,2.5,12,1.7763568394002505e-15,ASSUMPTION_CONDITIONAL_IDENTIFICATION_COUNTERMODELS_OUTSIDE_BOUNDS,True,0.7471535547446113,1.0361401992672132,0.2889866445226019,False,False,False
PRIMARY,R2_ALEATORIC_HIGH,91015,CAUSAL_CANDIDATE_UNDER_ASSUMPTIONS,0.8443725087766386,OBSERVATIONALLY_EQUIVALENT_COUNTERMODEL_SURVIVES,ALL_REAL_BETA_UNDER_UNRESTRICTED_REPARAMETERIZATION,69,-0.5,2.0,2.5,14,1.7763568394002505e-15,ASSUMPTION_CONDITIONAL_IDENTIFICATION_COUNTERMODELS_OUTSIDE_BOUNDS,True,0.6995707411660713,0.9895190559829201,0.2899483148168488,False,False,False
PRIMARY,R2_ALEATORIC_HIGH,91016,CAUSAL_CANDIDATE_UNDER_ASSUMPTIONS,0.8116277867545498,OBSERVATIONALLY_EQUIVALENT_COUNTERMODEL_SURVIVES,ALL_REAL_BETA_UNDER_UNRESTRICTED_REPARAMETERIZATION,69,-0.5,2.0,2.5,20,3.552713678800501e-15,ASSUMPTION_CONDITIONAL_IDENTIFICATION_COUNTERMODELS_OUTSIDE_BOUNDS,True,0.68122131491126,0.9405170844558078,0.2592957695445478,False,False,False
PRIMARY,R2_ALEATORIC_HIGH,91017,CAUSAL_CANDIDATE_UNDER_ASSUMPTIONS,0.8077639671291136,OBSERVATIONALLY_EQUIVALENT_COUNTERMODEL_SURVIVES,ALL_REAL_BETA_UNDER_UNRESTRICTED_REPARAMETERIZATION,69,-0.5,2.0,2.5,17,1.7763568394002505e-15,ASSUMPTION_CONDITIONAL_IDENTIFICATION_COUNTERMODELS_OUTSIDE_BOUNDS,True,0.6790537419075375,0.9356323265522706,0.25657858464473304,False,False,False
PRIMARY,R2_ALEATORIC_HIGH,91018,CAUSAL_CANDIDATE_UNDER_ASSUMPTIONS,0.6723352717736428,OBSERVATIONALLY_EQUIVALENT_COUNTERMODEL_SURVIVES,ALL_REAL_BETA_UNDER_UNRESTRICTED_REPARAMETERIZATION,69,-0.5,2.0,2.5,24,1.7763568394002505e-15,ASSUMPTION_CONDITIONAL_IDENTIFICATION_COUNTERMODELS_OUTSIDE_BOUNDS,True,0.5317011534887298,0.8125074503923813,0.28080629690365144,False,False,False
PRIMARY,R2_ALEATORIC_HIGH,91019,CAUSAL_CANDIDATE_UNDER_ASSUMPTIONS,0.7110054756668999,OBSERVATIONALLY_EQUIVALENT_COUNTERMODEL_SURVIVES,ALL_REAL_BETA_UNDER_UNRESTRICTED_REPARAMETERIZATION,69,-0.5,2.0,2.5,22,1.7763568394002505e-15,ASSUMPTION_CONDITIONAL_IDENTIFICATION_COUNTERMODELS_OUTSIDE_BOUNDS,True,0.5664701318920803,0.85611630492386,0.28964617303177975,False,False,False
PRIMARY,R2_ALEATORIC_HIGH,91020,CAUSAL_CANDIDATE_UNDER_ASSUMPTIONS,0.8044933323760641,OBSERVATIONALLY_EQUIVALENT_COUNTERMODEL_SURVIVES,ALL_REAL_BETA_UNDER_UNRESTRICTED_REPARAMETERIZATION,69,-0.5,2.0,2.5,20,2.6645352591003757e-15,ASSUMPTION_CONDITIONAL_IDENTIFICATION_COUNTERMODELS_OUTSIDE_BOUNDS,True,0.6587513095128454,0.9500876212510367,0.2913363117381913,False,False,False
PRIMARY,R2_ALEATORIC_HIGH,91021,CAUSAL_CANDIDATE_UNDER_ASSUMPTIONS,0.8137543914925458,OBSERVATIONALLY_EQUIVALENT_COUNTERMODEL_SURVIVES,ALL_REAL_BETA_UNDER_UNRESTRICTED_REPARAMETERIZATION,69,-0.5,2.0,2.5,13,1.7763568394002505e-15,ASSUMPTION_CONDITIONAL_IDENTIFICATION_COUNTERMODELS_OUTSIDE_BOUNDS,True,0.6788657937768111,0.9485971166099492,0.26973132283313805,False,False,False
PRIMARY,R2_ALEATORIC_HIGH,91022,CAUSAL_CANDIDATE_UNDER_ASSUMPTIONS,0.7754527416522979,OBSERVATIONALLY_EQUIVALENT_COUNTERMODEL_SURVIVES,ALL_REAL_BETA_UNDER_UNRESTRICTED_REPARAMETERIZATION,69,-0.5,2.0,2.5,19,1.7763568394002505e-15,ASSUMPTION_CONDITIONAL_IDENTIFICATION_COUNTERMODELS_OUTSIDE_BOUNDS,True,0.6564683097699502,0.8959648378168327,0.23949652804688248,False,False,False
PRIMARY,R2_ALEATORIC_HIGH,91023,CAUSAL_CANDIDATE_UNDER_ASSUMPTIONS,0.787514158079785,OBSERVATIONALLY_EQUIVALENT_COUNTERMODEL_SURVIVES,ALL_REAL_BETA_UNDER_UNRESTRICTED_REPARAMETERIZATION,69,-0.5,2.0,2.5,19,1.7763568394002505e-15,ASSUMPTION_CONDITIONAL_IDENTIFICATION_COUNTERMODELS_OUTSIDE_BOUNDS,True,0.6797326701652606,0.8929778608381655,0.21324519067290493,False,False,False
PRIMARY,R2_ALEATORIC_HIGH,91024,CAUSAL_CANDIDATE_UNDER_ASSUMPTIONS,0.8246143525616316,OBSERVATIONALLY_EQUIVALENT_COUNTERMODEL_SURVIVES,ALL_REAL_BETA_UNDER_UNRESTRICTED_REPARAMETERIZATION,69,-0.5,2.0,2.5,15,1.7763568394002505e-15,ASSUMPTION_CONDITIONAL_IDENTIFICATION_COUNTERMODELS_OUTSIDE_BOUNDS,True,0.6963392313426304,0.948553183855843,0.25221395251321255,False,False,False
PRIMARY,R2_ALEATORIC_HIGH,91025,CAUSAL_CANDIDATE_UNDER_ASSUMPTIONS,0.8157895913058918,OBSERVATIONALLY_EQUIVALENT_COUNTERMODEL_SURVIVES,ALL_REAL_BETA_UNDER_UNRESTRICTED_REPARAMETERIZATION,69,-0.5,2.0,2.5,16,1.7763568394002505e-15,ASSUMPTION_CONDITIONAL_IDENTIFICATION_COUNTERMODELS_OUTSIDE_BOUNDS,True,0.6720386521168294,0.9581893235235844,0.286150671406755,False,False,False
PRIMARY,R2_ALEATORIC_HIGH,91026,CAUSAL_CANDIDATE_UNDER_ASSUMPTIONS,0.6552460178821342,OBSERVATIONALLY_EQUIVALENT_COUNTERMODEL_SURVIVES,ALL_REAL_BETA_UNDER_UNRESTRICTED_REPARAMETERIZATION,69,-0.5,2.0,2.5,22,1.7763568394002505e-15,ASSUMPTION_CONDITIONAL_IDENTIFICATION_COUNTERMODELS_OUTSIDE_BOUNDS,True,0.5088676601237049,0.8017848815572179,0.29291722143351306,False,False,False
PRIMARY,R2_ALEATORIC_HIGH,91027,CAUSAL_CANDIDATE_UNDER_ASSUMPTIONS,0.7315445832741098,OBSERVATIONALLY_EQUIVALENT_COUNTERMODEL_SURVIVES,ALL_REAL_BETA_UNDER_UNRESTRICTED_REPARAMETERIZATION,69,-0.5,2.0,2.5,25,1.7763568394002505e-15,ASSUMPTION_CONDITIONAL_IDENTIFICATION_COUNTERMODELS_OUTSIDE_BOUNDS,True,0.5818603901277363,0.881223342310413,0.2993629521826767,False,False,False
PRIMARY,R2_ALEATORIC_HIGH,91028,CAUSAL_CANDIDATE_UNDER_ASSUMPTIONS,0.8557535928333037,OBSERVATIONALLY_EQUIVALENT_COUNTERMODEL_SURVIVES,ALL_REAL_BETA_UNDER_UNRESTRICTED_REPARAMETERIZATION,69,-0.5,2.0,2.5,18,1.7763568394002505e-15,ASSUMPTION_CONDITIONAL_IDENTIFICATION_COUNTERMODELS_OUTSIDE_BOUNDS,True,0.7458891990374392,0.9557871402594603,0.2098979412220211,False,False,False
PRIMARY,R2_ALEATORIC_HIGH,91029,CAUSAL_CANDIDATE_UNDER_ASSUMPTIONS,0.8816555335170896,OBSERVATIONALLY_EQUIVALENT_COUNTERMODEL_SURVIVES,ALL_REAL_BETA_UNDER_UNRESTRICTED_REPARAMETERIZATION,69,-0.5,2.0,2.5,15,1.7763568394002505e-15,ASSUMPTION_CONDITIONAL_IDENTIFICATION_COUNTERMODELS_OUTSIDE_BOUNDS,True,0.7381906156251137,1.0245464962690416,0.2863558806439279,False,False,False
PRIMARY,R2_ALEATORIC_HIGH,91030,CAUSAL_CANDIDATE_UNDER_ASSUMPTIONS,0.8040564621871106,OBSERVATIONALLY_EQUIVALENT_COUNTERMODEL_SURVIVES,ALL_REAL_BETA_UNDER_UNRESTRICTED_REPARAMETERIZATION,69,-0.5,2.0,2.5,14,1.7763568394002505e-15,ASSUMPTION_CONDITIONAL_IDENTIFICATION_COUNTERMODELS_OUTSIDE_BOUNDS,True,0.6580002400647704,0.9500898253226847,0.2920895852579143,False,False,False
PRIMARY,R2_ALEATORIC_HIGH,91031,CAUSAL_CANDIDATE_UNDER_ASSUMPTIONS,0.8153687236832418,OBSERVATIONALLY_EQUIVALENT_COUNTERMODEL_SURVIVES,ALL_REAL_BETA_UNDER_UNRESTRICTED_REPARAMETERIZATION,69,-0.5,2.0,2.5,18,1.7763568394002505e-15,ASSUMPTION_CONDITIONAL_IDENTIFICATION_COUNTERMODELS_OUTSIDE_BOUNDS,True,0.6771136493441197,0.9482851567672915,0.27117150742317186,False,False,False
PRIMARY,R2_ALEATORIC_HIGH,91032,CAUSAL_CANDIDATE_UNDER_ASSUMPTIONS,0.8773596620550719,OBSERVATIONALLY_EQUIVALENT_COUNTERMODEL_SURVIVES,ALL_REAL_BETA_UNDER_UNRESTRICTED_REPARAMETERIZATION,69,-0.5,2.0,2.5,15,1.7763568394002505e-15,ASSUMPTION_CONDITIONAL_IDENTIFICATION_COUNTERMODELS_OUTSIDE_BOUNDS,True,0.73706536440767,1.0176119173313505,0.28054655292368047,False,False,False
PRIMARY,R2_ALEATORIC_HIGH,91033,CAUSAL_CANDIDATE_UNDER_ASSUMPTIONS,0.7897105185659845,OBSERVATIONALLY_EQUIVALENT_COUNTERMODEL_SURVIVES,ALL_REAL_BETA_UNDER_UNRESTRICTED_REPARAMETERIZATION,69,-0.5,2.0,2.5,18,1.7763568394002505e-15,ASSUMPTION_CONDITIONAL_IDENTIFICATION_COUNTERMODELS_OUTSIDE_BOUNDS,True,0.6613300622249685,0.9181492329861731,0.25681917076120464,False,False,False
PRIMARY,R2_ALEATORIC_HIGH,91034,CAUSAL_CANDIDATE_UNDER_ASSUMPTIONS,0.8008799919749251,OBSERVATIONALLY_EQUIVALENT_COUNTERMODEL_SURVIVES,ALL_REAL_BETA_UNDER_UNRESTRICTED_REPARAMETERIZATION,69,-0.5,2.0,2.5,18,1.7763568394002505e-15,ASSUMPTION_CONDITIONAL_IDENTIFICATION_COUNTERMODELS_OUTSIDE_BOUNDS,True,0.6616579964720635,0.9408608417597719,0.27920284528770845,False,False,False
PRIMARY,R2_ALEATORIC_HIGH,91035,CAUSAL_CANDIDATE_UNDER_ASSUMPTIONS,0.822828518401027,OBSERVATIONALLY_EQUIVALENT_COUNTERMODEL_SURVIVES,ALL_REAL_BETA_UNDER_UNRESTRICTED_REPARAMETERIZATION,69,-0.5,2.0,2.5,16,1.7763568394002505e-15,ASSUMPTION_CONDITIONAL_IDENTIFICATION_COUNTERMODELS_OUTSIDE_BOUNDS,True,0.680139466456931,0.9654074472462021,0.28526798078927107,False,False,False
PRIMARY,R2_ALEATORIC_HIGH,91036,CAUSAL_CANDIDATE_UNDER_ASSUMPTIONS,0.8443909345748916,OBSERVATIONALLY_EQUIVALENT_COUNTERMODEL_SURVIVES,ALL_REAL_BETA_UNDER_UNRESTRICTED_REPARAMETERIZATION,69,-0.5,2.0,2.5,15,3.552713678800501e-15,ASSUMPTION_CONDITIONAL_IDENTIFICATION_COUNTERMODELS_OUTSIDE_BOUNDS,True,0.7246031059701487,0.9628963711061205,0.23829326513597182,False,False,False
PRIMARY,R2_ALEATORIC_HIGH,91037,CAUSAL_CANDIDATE_UNDER_ASSUMPTIONS,0.7427189012412982,OBSERVATIONALLY_EQUIVALENT_COUNTERMODEL_SURVIVES,ALL_REAL_BETA_UNDER_UNRESTRICTED_REPARAMETERIZATION,69,-0.5,2.0,2.5,19,1.7763568394002505e-15,ASSUMPTION_CONDITIONAL_IDENTIFICATION_COUNTERMODELS_OUTSIDE_BOUNDS,True,0.6036250980153989,0.8795343322592167,0.27590923424381786,False,False,False
PRIMARY,R2_ALEATORIC_HIGH,91038,CAUSAL_CANDIDATE_UNDER_ASSUMPTIONS,0.7590680739374427,OBSERVATIONALLY_EQUIVALENT_COUNTERMODEL_SURVIVES,ALL_REAL_BETA_UNDER_UNRESTRICTED_REPARAMETERIZATION,69,-0.5,2.0,2.5,18,2.6645352591003757e-15,ASSUMPTION_CONDITIONAL_IDENTIFICATION_COUNTERMODELS_OUTSIDE_BOUNDS,True,0.6170131985804995,0.9010735129772205,0.28406031439672097,False,False,False
PRIMARY,R2_ALEATORIC_HIGH,91039,CAUSAL_CANDIDATE_UNDER_ASSUMPTIONS,0.7999881368246234,OBSERVATIONALLY_EQUIVALENT_COUNTERMODEL_SURVIVES,ALL_REAL_BETA_UNDER_UNRESTRICTED_REPARAMETERIZATION,69,-0.5,2.0,2.5,20,3.552713678800501e-15,ASSUMPTION_CONDITIONAL_IDENTIFICATION_COUNTERMODELS_OUTSIDE_BOUNDS,True,0.6542969650290076,0.9459246322457007,0.2916276672166931,False,False,False
PRIMARY,R2_ALEATORIC_HIGH,91040,CAUSAL_CANDIDATE_UNDER_ASSUMPTIONS,0.8864951242767924,OBSERVATIONALLY_EQUIVALENT_COUNTERMODEL_SURVIVES,ALL_REAL_BETA_UNDER_UNRESTRICTED_REPARAMETERIZATION,69,-0.5,2.0,2.5,16,1.7763568394002505e-15,ASSUMPTION_CONDITIONAL_IDENTIFICATION_COUNTERMODELS_OUTSIDE_BOUNDS,True,0.7528616213305739,1.0201123755048158,0.26725075417424193,False,False,False
PRIMARY,R2_ALEATORIC_HIGH,91041,CAUSAL_CANDIDATE_UNDER_ASSUMPTIONS,0.7405705325998698,OBSERVATIONALLY_EQUIVALENT_COUNTERMODEL_SURVIVES,ALL_REAL_BETA_UNDER_UNRESTRICTED_REPARAMETERIZATION,69,-0.5,2.0,2.5,19,1.7763568394002505e-15,ASSUMPTION_CONDITIONAL_IDENTIFICATION_COUNTERMODELS_OUTSIDE_BOUNDS,True,0.6012559100795754,0.8776672788228346,0.2764113687432592,False,False,False
PRIMARY,R2_ALEATORIC_HIGH,91042,CAUSAL_CANDIDATE_UNDER_ASSUMPTIONS,0.8629041509409524,OBSERVATIONALLY_EQUIVALENT_COUNTERMODEL_SURVIVES,ALL_REAL_BETA_UNDER_UNRESTRICTED_REPARAMETERIZATION,69,-0.5,2.0,2.5,13,1.7763568394002505e-15,ASSUMPTION_CONDITIONAL_IDENTIFICATION_COUNTERMODELS_OUTSIDE_BOUNDS,True,0.7375431930913258,0.9886606816551972,0.2511174885638714,False,False,False
PRIMARY,R2_ALEATORIC_HIGH,91043,CAUSAL_CANDIDATE_UNDER_ASSUMPTIONS,0.7223443105680191,OBSERVATIONALLY_EQUIVALENT_COUNTERMODEL_SURVIVES,ALL_REAL_BETA_UNDER_UNRESTRICTED_REPARAMETERIZATION,69,-0.5,2.0,2.5,20,2.6645352591003757e-15,ASSUMPTION_CONDITIONAL_IDENTIFICATION_COUNTERMODELS_OUTSIDE_BOUNDS,True,0.5806532079723163,0.8634891097535247,0.2828359017812083,False,False,False
PRIMARY,R2_ALEATORIC_HIGH,91044,CAUSAL_CANDIDATE_UNDER_ASSUMPTIONS,0.8621761230964234,OBSERVATIONALLY_EQUIVALENT_COUNTERMODEL_SURVIVES,ALL_REAL_BETA_UNDER_UNRESTRICTED_REPARAMETERIZATION,69,-0.5,2.0,2.5,15,2.6645352591003757e-15,ASSUMPTION_CONDITIONAL_IDENTIFICATION_COUNTERMODELS_OUTSIDE_BOUNDS,True,0.7222627946394766,1.0014671143157596,0.279204319676283,False,False,False
PRIMARY,R2_ALEATORIC_HIGH,91045,CAUSAL_CANDIDATE_UNDER_ASSUMPTIONS,0.797459732293001,OBSERVATIONALLY_EQUIVALENT_COUNTERMODEL_SURVIVES,ALL_REAL_BETA_UNDER_UNRESTRICTED_REPARAMETERIZATION,69,-0.5,2.0,2.5,18,1.7763568394002505e-15,ASSUMPTION_CONDITIONAL_IDENTIFICATION_COUNTERMODELS_OUTSIDE_BOUNDS,True,0.6992833050732443,0.8950096971294975,0.1957263920562532,False,False,False
PRIMARY,R2_ALEATORIC_HIGH,91046,CAUSAL_CANDIDATE_UNDER_ASSUMPTIONS,0.8411427513517865,OBSERVATIONALLY_EQUIVALENT_COUNTERMODEL_SURVIVES,ALL_REAL_BETA_UNDER_UNRESTRICTED_REPARAMETERIZATION,69,-0.5,2.0,2.5,16,1.7763568394002505e-15,ASSUMPTION_CONDITIONAL_IDENTIFICATION_COUNTERMODELS_OUTSIDE_BOUNDS,True,0.6946318791060113,0.9871966696554403,0.29256479054942897,False,False,False
PRIMARY,R2_ALEATORIC_HIGH,91047,CAUSAL_CANDIDATE_UNDER_ASSUMPTIONS,0.7582513577582866,OBSERVATIONALLY_EQUIVALENT_COUNTERMODEL_SURVIVES,ALL_REAL_BETA_UNDER_UNRESTRICTED_REPARAMETERIZATION,69,-0.5,2.0,2.5,19,1.7763568394002505e-15,ASSUMPTION_CONDITIONAL_IDENTIFICATION_COUNTERMODELS_OUTSIDE_BOUNDS,True,0.6282618440782582,0.8884044413846898,0.2601425973064315,False,False,False
PRIMARY,R2_ALEATORIC_HIGH,91048,CAUSAL_CANDIDATE_UNDER_ASSUMPTIONS,0.8655629972748496,OBSERVATIONALLY_EQUIVALENT_COUNTERMODEL_SURVIVES,ALL_REAL_BETA_UNDER_UNRESTRICTED_REPARAMETERIZATION,69,-0.5,2.0,2.5,14,1.7763568394002505e-15,ASSUMPTION_CONDITIONAL_IDENTIFICATION_COUNTERMODELS_OUTSIDE_BOUNDS,True,0.7165140727558891,1.0146127064659953,0.29809863371010625,False,False,False
PRIMARY,R2_ALEATORIC_HIGH,91049,CAUSAL_CANDIDATE_UNDER_ASSUMPTIONS,0.8078985909626429,OBSERVATIONALLY_EQUIVALENT_COUNTERMODEL_SURVIVES,ALL_REAL_BETA_UNDER_UNRESTRICTED_REPARAMETERIZATION,69,-0.5,2.0,2.5,20,1.7763568394002505e-15,ASSUMPTION_CONDITIONAL_IDENTIFICATION_COUNTERMODELS_OUTSIDE_BOUNDS,True,0.6768857086532744,0.9409177186585338,0.26403201000525944,False,False,False
PRIMARY,R2_ALEATORIC_HIGH,91050,CAUSAL_CANDIDATE_UNDER_ASSUMPTIONS,0.8257470944253329,OBSERVATIONALLY_EQUIVALENT_COUNTERMODEL_SURVIVES,ALL_REAL_BETA_UNDER_UNRESTRICTED_REPARAMETERIZATION,69,-0.5,2.0,2.5,14,1.7763568394002505e-15,ASSUMPTION_CONDITIONAL_IDENTIFICATION_COUNTERMODELS_OUTSIDE_BOUNDS,True,0.6915502410891862,0.958099427131994,0.26654918604280786,False,False,False
PRIMARY,R2_ALEATORIC_HIGH,91051,CAUSAL_CANDIDATE_UNDER_ASSUMPTIONS,0.8937737532181725,OBSERVATIONALLY_EQUIVALENT_COUNTERMODEL_SURVIVES,ALL_REAL_BETA_UNDER_UNRESTRICTED_REPARAMETERIZATION,69,-0.5,2.0,2.5,13,1.7763568394002505e-15,ASSUMPTION_CONDITIONAL_IDENTIFICATION_COUNTERMODELS_OUTSIDE_BOUNDS,True,0.7634798085444343,1.0246648230552018,0.2611850145107675,False,False,False
PRIMARY,R2_ALEATORIC_HIGH,91052,CAUSAL_CANDIDATE_UNDER_ASSUMPTIONS,0.7268201121206673,OBSERVATIONALLY_EQUIVALENT_COUNTERMODEL_SURVIVES,ALL_REAL_BETA_UNDER_UNRESTRICTED_REPARAMETERIZATION,69,-0.5,2.0,2.5,15,1.7763568394002505e-15,ASSUMPTION_CONDITIONAL_IDENTIFICATION_COUNTERMODELS_OUTSIDE_BOUNDS,True,0.5862220396685667,0.8677865627518713,0.2815645230833046,False,False,False
PRIMARY,R2_ALEATORIC_HIGH,91053,CAUSAL_CANDIDATE_UNDER_ASSUMPTIONS,0.7908702136605333,OBSERVATIONALLY_EQUIVALENT_COUNTERMODEL_SURVIVES,ALL_REAL_BETA_UNDER_UNRESTRICTED_REPARAMETERIZATION,69,-0.5,2.0,2.5,16,1.7763568394002505e-15,ASSUMPTION_CONDITIONAL_IDENTIFICATION_COUNTERMODELS_OUTSIDE_BOUNDS,True,0.6538130936896627,0.9241418623994415,0.27032876870977884,False,False,False
PRIMARY,R2_ALEATORIC_HIGH,91054,CAUSAL_CANDIDATE_UNDER_ASSUMPTIONS,0.7457843598671768,OBSERVATIONALLY_EQUIVALENT_COUNTERMODEL_SURVIVES,ALL_REAL_BETA_UNDER_UNRESTRICTED_REPARAMETERIZATION,69,-0.5,2.0,2.5,19,1.7763568394002505e-15,ASSUMPTION_CONDITIONAL_IDENTIFICATION_COUNTERMODELS_OUTSIDE_BOUNDS,True,0.6004607265494439,0.8917985867331686,0.29133786018372465,False,False,False
PRIMARY,R2_ALEATORIC_HIGH,91055,CAUSAL_CANDIDATE_UNDER_ASSUMPTIONS,0.745060873216001,OBSERVATIONALLY_EQUIVALENT_COUNTERMODEL_SURVIVES,ALL_REAL_BETA_UNDER_UNRESTRICTED_REPARAMETERIZATION,69,-0.5,2.0,2.5,19,1.7763568394002505e-15,ASSUMPTION_CONDITIONAL_IDENTIFICATION_COUNTERMODELS_OUTSIDE_BOUNDS,True,0.5996420867233219,0.8904512412419737,0.29080915451865186,False,False,False
PRIMARY,R2_ALEATORIC_HIGH,91056,CAUSAL_CANDIDATE_UNDER_ASSUMPTIONS,0.7376451258706057,OBSERVATIONALLY_EQUIVALENT_COUNTERMODEL_SURVIVES,ALL_REAL_BETA_UNDER_UNRESTRICTED_REPARAMETERIZATION,69,-0.5,2.0,2.5,21,1.7763568394002505e-15,ASSUMPTION_CONDITIONAL_IDENTIFICATION_COUNTERMODELS_OUTSIDE_BOUNDS,True,0.5947124606985923,0.8797804282728,0.2850679675742077,False,False,False
PRIMARY,R2_ALEATORIC_HIGH,91057,CAUSAL_CANDIDATE_UNDER_ASSUMPTIONS,0.8049154813312035,OBSERVATIONALLY_EQUIVALENT_COUNTERMODEL_SURVIVES,ALL_REAL_BETA_UNDER_UNRESTRICTED_REPARAMETERIZATION,69,-0.5,2.0,2.5,15,1.7763568394002505e-15,ASSUMPTION_CONDITIONAL_IDENTIFICATION_COUNTERMODELS_OUTSIDE_BOUNDS,True,0.6615846001665817,0.9487681853743756,0.28718358520779386,False,False,False
PRIMARY,R2_ALEATORIC_HIGH,91058,CAUSAL_CANDIDATE_UNDER_ASSUMPTIONS,0.7037711641359797,OBSERVATIONALLY_EQUIVALENT_COUNTERMODEL_SURVIVES,ALL_REAL_BETA_UNDER_UNRESTRICTED_REPARAMETERIZATION,69,-0.5,2.0,2.5,21,2.220446049250313e-15,ASSUMPTION_CONDITIONAL_IDENTIFICATION_COUNTERMODELS_OUTSIDE_BOUNDS,True,0.5735301240511977,0.8342476624478954,0.26071753839669765,False,False,False
PRIMARY,R2_ALEATORIC_HIGH,91059,CAUSAL_CANDIDATE_UNDER_ASSUMPTIONS,0.7701983630527269,OBSERVATIONALLY_EQUIVALENT_COUNTERMODEL_SURVIVES,ALL_REAL_BETA_UNDER_UNRESTRICTED_REPARAMETERIZATION,69,-0.5,2.0,2.5,17,1.7763568394002505e-15,ASSUMPTION_CONDITIONAL_IDENTIFICATION_COUNTERMODELS_OUTSIDE_BOUNDS,True,0.626191683722757,0.9137122434360834,0.28752055971332635,False,False,False
PRIMARY,R2_ALEATORIC_HIGH,91060,CAUSAL_CANDIDATE_UNDER_ASSUMPTIONS,0.7730931544992146,OBSERVATIONALLY_EQUIVALENT_COUNTERMODEL_SURVIVES,ALL_REAL_BETA_UNDER_UNRESTRICTED_REPARAMETERIZATION,69,-0.5,2.0,2.5,22,1.7763568394002505e-15,ASSUMPTION_CONDITIONAL_IDENTIFICATION_COUNTERMODELS_OUTSIDE_BOUNDS,True,0.6346049100998162,0.907834020122503,0.2732291100226868,False,False,False
PRIMARY,R2_ALEATORIC_HIGH,91061,CAUSAL_CANDIDATE_UNDER_ASSUMPTIONS,0.8468217733766275,OBSERVATIONALLY_EQUIVALENT_COUNTERMODEL_SURVIVES,ALL_REAL_BETA_UNDER_UNRESTRICTED_REPARAMETERIZATION,69,-0.5,2.0,2.5,16,1.7763568394002505e-15,ASSUMPTION_CONDITIONAL_IDENTIFICATION_COUNTERMODELS_OUTSIDE_BOUNDS,True,0.732110275368002,0.9588604342782278,0.22675015891022576,False,False,False
PRIMARY,R2_ALEATORIC_HIGH,91062,CAUSAL_CANDIDATE_UNDER_ASSUMPTIONS,0.8697120226980861,OBSERVATIONALLY_EQUIVALENT_COUNTERMODEL_SURVIVES,ALL_REAL_BETA_UNDER_UNRESTRICTED_REPARAMETERIZATION,69,-0.5,2.0,2.5,13,1.7763568394002505e-15,ASSUMPTION_CONDITIONAL_IDENTIFICATION_COUNTERMODELS_OUTSIDE_BOUNDS,True,0.7309313210073143,1.0085537490878056,0.2776224280804913,False,False,False
PRIMARY,R2_ALEATORIC_HIGH,91063,CAUSAL_CANDIDATE_UNDER_ASSUMPTIONS,0.8364411527675333,OBSERVATIONALLY_EQUIVALENT_COUNTERMODEL_SURVIVES,ALL_REAL_BETA_UNDER_UNRESTRICTED_REPARAMETERIZATION,69,-0.5,2.0,2.5,17,1.7763568394002505e-15,ASSUMPTION_CONDITIONAL_IDENTIFICATION_COUNTERMODELS_OUTSIDE_BOUNDS,True,0.6914474799317214,0.9809605503642604,0.28951307043253904,False,False,False
PRIMARY,R3_UPSTREAM_INVALID,91000,IDENTIFYING_ASSUMPTION_VIOLATED,1.193284291720113,UPSTREAM_CANDIDATE_NOT_ELIGIBLE,NOT_EVALUATED,0,,,0.0,0,,UPSTREAM_CANDIDATE_NOT_ELIGIBLE,False,,,,False,False,False
PRIMARY,R3_UPSTREAM_INVALID,91001,IDENTIFYING_ASSUMPTION_VIOLATED,1.1990513636986198,UPSTREAM_CANDIDATE_NOT_ELIGIBLE,NOT_EVALUATED,0,,,0.0,0,,UPSTREAM_CANDIDATE_NOT_ELIGIBLE,False,,,,False,False,False
PRIMARY,R3_UPSTREAM_INVALID,91002,IDENTIFYING_ASSUMPTION_VIOLATED,1.1882683757400259,UPSTREAM_CANDIDATE_NOT_ELIGIBLE,NOT_EVALUATED,0,,,0.0,0,,UPSTREAM_CANDIDATE_NOT_ELIGIBLE,False,,,,False,False,False
PRIMARY,R3_UPSTREAM_INVALID,91003,IDENTIFYING_ASSUMPTION_VIOLATED,1.1965301814062546,UPSTREAM_CANDIDATE_NOT_ELIGIBLE,NOT_EVALUATED,0,,,0.0,0,,UPSTREAM_CANDIDATE_NOT_ELIGIBLE,False,,,,False,False,False
PRIMARY,R3_UPSTREAM_INVALID,91004,IDENTIFYING_ASSUMPTION_VIOLATED,1.1941450135197622,UPSTREAM_CANDIDATE_NOT_ELIGIBLE,NOT_EVALUATED,0,,,0.0,0,,UPSTREAM_CANDIDATE_NOT_ELIGIBLE,False,,,,False,False,False
PRIMARY,R3_UPSTREAM_INVALID,91005,IDENTIFYING_ASSUMPTION_VIOLATED,1.1867537116485236,UPSTREAM_CANDIDATE_NOT_ELIGIBLE,NOT_EVALUATED,0,,,0.0,0,,UPSTREAM_CANDIDATE_NOT_ELIGIBLE,False,,,,False,False,False
PRIMARY,R3_UPSTREAM_INVALID,91006,IDENTIFYING_ASSUMPTION_VIOLATED,1.1978755403682653,UPSTREAM_CANDIDATE_NOT_ELIGIBLE,NOT_EVALUATED,0,,,0.0,0,,UPSTREAM_CANDIDATE_NOT_ELIGIBLE,False,,,,False,False,False
PRIMARY,R3_UPSTREAM_INVALID,91007,IDENTIFYING_ASSUMPTION_VIOLATED,1.185623007402451,UPSTREAM_CANDIDATE_NOT_ELIGIBLE,NOT_EVALUATED,0,,,0.0,0,,UPSTREAM_CANDIDATE_NOT_ELIGIBLE,False,,,,False,False,False
PRIMARY,R3_UPSTREAM_INVALID,91008,IDENTIFYING_ASSUMPTION_VIOLATED,1.193174465351708,UPSTREAM_CANDIDATE_NOT_ELIGIBLE,NOT_EVALUATED,0,,,0.0,0,,UPSTREAM_CANDIDATE_NOT_ELIGIBLE,False,,,,False,False,False
PRIMARY,R3_UPSTREAM_INVALID,91009,IDENTIFYING_ASSUMPTION_VIOLATED,1.1777541944088292,UPSTREAM_CANDIDATE_NOT_ELIGIBLE,NOT_EVALUATED,0,,,0.0,0,,UPSTREAM_CANDIDATE_NOT_ELIGIBLE,False,,,,False,False,False
PRIMARY,R3_UPSTREAM_INVALID,91010,IDENTIFYING_ASSUMPTION_VIOLATED,1.1786449011604665,UPSTREAM_CANDIDATE_NOT_ELIGIBLE,NOT_EVALUATED,0,,,0.0,0,,UPSTREAM_CANDIDATE_NOT_ELIGIBLE,False,,,,False,False,False
PRIMARY,R3_UPSTREAM_INVALID,91011,IDENTIFYING_ASSUMPTION_VIOLATED,1.1921582221098173,UPSTREAM_CANDIDATE_NOT_ELIGIBLE,NOT_EVALUATED,0,,,0.0,0,,UPSTREAM_CANDIDATE_NOT_ELIGIBLE,False,,,,False,False,False
PRIMARY,R3_UPSTREAM_INVALID,91012,IDENTIFYING_ASSUMPTION_VIOLATED,1.1962444214423615,UPSTREAM_CANDIDATE_NOT_ELIGIBLE,NOT_EVALUATED,0,,,0.0,0,,UPSTREAM_CANDIDATE_NOT_ELIGIBLE,False,,,,False,False,False
PRIMARY,R3_UPSTREAM_INVALID,91013,IDENTIFYING_ASSUMPTION_VIOLATED,1.195869894596981,UPSTREAM_CANDIDATE_NOT_ELIGIBLE,NOT_EVALUATED,0,,,0.0,0,,UPSTREAM_CANDIDATE_NOT_ELIGIBLE,False,,,,False,False,False
PRIMARY,R3_UPSTREAM_INVALID,91014,IDENTIFYING_ASSUMPTION_VIOLATED,1.1978584046809178,UPSTREAM_CANDIDATE_NOT_ELIGIBLE,NOT_EVALUATED,0,,,0.0,0,,UPSTREAM_CANDIDATE_NOT_ELIGIBLE,False,,,,False,False,False
PRIMARY,R3_UPSTREAM_INVALID,91015,IDENTIFYING_ASSUMPTION_VIOLATED,1.177007611599289,UPSTREAM_CANDIDATE_NOT_ELIGIBLE,NOT_EVALUATED,0,,,0.0,0,,UPSTREAM_CANDIDATE_NOT_ELIGIBLE,False,,,,False,False,False
PRIMARY,R3_UPSTREAM_INVALID,91016,IDENTIFYING_ASSUMPTION_VIOLATED,1.2036654711553625,UPSTREAM_CANDIDATE_NOT_ELIGIBLE,NOT_EVALUATED,0,,,0.0,0,,UPSTREAM_CANDIDATE_NOT_ELIGIBLE,False,,,,False,False,False
PRIMARY,R3_UPSTREAM_INVALID,91017,IDENTIFYING_ASSUMPTION_VIOLATED,1.1848488594868674,UPSTREAM_CANDIDATE_NOT_ELIGIBLE,NOT_EVALUATED,0,,,0.0,0,,UPSTREAM_CANDIDATE_NOT_ELIGIBLE,False,,,,False,False,False
PRIMARY,R3_UPSTREAM_INVALID,91018,IDENTIFYING_ASSUMPTION_VIOLATED,1.18997436562206,UPSTREAM_CANDIDATE_NOT_ELIGIBLE,NOT_EVALUATED,0,,,0.0,0,,UPSTREAM_CANDIDATE_NOT_ELIGIBLE,False,,,,False,False,False
PRIMARY,R3_UPSTREAM_INVALID,91019,IDENTIFYING_ASSUMPTION_VIOLATED,1.172211034899867,UPSTREAM_CANDIDATE_NOT_ELIGIBLE,NOT_EVALUATED,0,,,0.0,0,,UPSTREAM_CANDIDATE_NOT_ELIGIBLE,False,,,,False,False,False
PRIMARY,R3_UPSTREAM_INVALID,91020,IDENTIFYING_ASSUMPTION_VIOLATED,1.1873729293123187,UPSTREAM_CANDIDATE_NOT_ELIGIBLE,NOT_EVALUATED,0,,,0.0,0,,UPSTREAM_CANDIDATE_NOT_ELIGIBLE,False,,,,False,False,False
PRIMARY,R3_UPSTREAM_INVALID,91021,IDENTIFYING_ASSUMPTION_VIOLATED,1.1868832159547074,UPSTREAM_CANDIDATE_NOT_ELIGIBLE,NOT_EVALUATED,0,,,0.0,0,,UPSTREAM_CANDIDATE_NOT_ELIGIBLE,False,,,,False,False,False
PRIMARY,R3_UPSTREAM_INVALID,91022,IDENTIFYING_ASSUMPTION_VIOLATED,1.184355759463842,UPSTREAM_CANDIDATE_NOT_ELIGIBLE,NOT_EVALUATED,0,,,0.0,0,,UPSTREAM_CANDIDATE_NOT_ELIGIBLE,False,,,,False,False,False
PRIMARY,R3_UPSTREAM_INVALID,91023,IDENTIFYING_ASSUMPTION_VIOLATED,1.185084892881617,UPSTREAM_CANDIDATE_NOT_ELIGIBLE,NOT_EVALUATED,0,,,0.0,0,,UPSTREAM_CANDIDATE_NOT_ELIGIBLE,False,,,,False,False,False
PRIMARY,R3_UPSTREAM_INVALID,91024,IDENTIFYING_ASSUMPTION_VIOLATED,1.201099521527197,UPSTREAM_CANDIDATE_NOT_ELIGIBLE,NOT_EVALUATED,0,,,0.0,0,,UPSTREAM_CANDIDATE_NOT_ELIGIBLE,False,,,,False,False,False
PRIMARY,R3_UPSTREAM_INVALID,91025,IDENTIFYING_ASSUMPTION_VIOLATED,1.1924866209928162,UPSTREAM_CANDIDATE_NOT_ELIGIBLE,NOT_EVALUATED,0,,,0.0,0,,UPSTREAM_CANDIDATE_NOT_ELIGIBLE,False,,,,False,False,False
PRIMARY,R3_UPSTREAM_INVALID,91026,IDENTIFYING_ASSUMPTION_VIOLATED,1.1714482581093772,UPSTREAM_CANDIDATE_NOT_ELIGIBLE,NOT_EVALUATED,0,,,0.0,0,,UPSTREAM_CANDIDATE_NOT_ELIGIBLE,False,,,,False,False,False
PRIMARY,R3_UPSTREAM_INVALID,91027,IDENTIFYING_ASSUMPTION_VIOLATED,1.2098382761024415,UPSTREAM_CANDIDATE_NOT_ELIGIBLE,NOT_EVALUATED,0,,,0.0,0,,UPSTREAM_CANDIDATE_NOT_ELIGIBLE,False,,,,False,False,False
PRIMARY,R3_UPSTREAM_INVALID,91028,IDENTIFYING_ASSUMPTION_VIOLATED,1.203361355591359,UPSTREAM_CANDIDATE_NOT_ELIGIBLE,NOT_EVALUATED,0,,,0.0,0,,UPSTREAM_CANDIDATE_NOT_ELIGIBLE,False,,,,False,False,False
PRIMARY,R3_UPSTREAM_INVALID,91029,IDENTIFYING_ASSUMPTION_VIOLATED,1.1959683929420537,UPSTREAM_CANDIDATE_NOT_ELIGIBLE,NOT_EVALUATED,0,,,0.0,0,,UPSTREAM_CANDIDATE_NOT_ELIGIBLE,False,,,,False,False,False
PRIMARY,R3_UPSTREAM_INVALID,91030,IDENTIFYING_ASSUMPTION_VIOLATED,1.1821059356469723,UPSTREAM_CANDIDATE_NOT_ELIGIBLE,NOT_EVALUATED,0,,,0.0,0,,UPSTREAM_CANDIDATE_NOT_ELIGIBLE,False,,,,False,False,False
PRIMARY,R3_UPSTREAM_INVALID,91031,IDENTIFYING_ASSUMPTION_VIOLATED,1.1931110348865093,UPSTREAM_CANDIDATE_NOT_ELIGIBLE,NOT_EVALUATED,0,,,0.0,0,,UPSTREAM_CANDIDATE_NOT_ELIGIBLE,False,,,,False,False,False
PRIMARY,R3_UPSTREAM_INVALID,91032,IDENTIFYING_ASSUMPTION_VIOLATED,1.1965892796792614,UPSTREAM_CANDIDATE_NOT_ELIGIBLE,NOT_EVALUATED,0,,,0.0,0,,UPSTREAM_CANDIDATE_NOT_ELIGIBLE,False,,,,False,False,False
PRIMARY,R3_UPSTREAM_INVALID,91033,IDENTIFYING_ASSUMPTION_VIOLATED,1.1959739073424425,UPSTREAM_CANDIDATE_NOT_ELIGIBLE,NOT_EVALUATED,0,,,0.0,0,,UPSTREAM_CANDIDATE_NOT_ELIGIBLE,False,,,,False,False,False
PRIMARY,R3_UPSTREAM_INVALID,91034,IDENTIFYING_ASSUMPTION_VIOLATED,1.196199879250696,UPSTREAM_CANDIDATE_NOT_ELIGIBLE,NOT_EVALUATED,0,,,0.0,0,,UPSTREAM_CANDIDATE_NOT_ELIGIBLE,False,,,,False,False,False
PRIMARY,R3_UPSTREAM_INVALID,91035,IDENTIFYING_ASSUMPTION_VIOLATED,1.191316684826795,UPSTREAM_CANDIDATE_NOT_ELIGIBLE,NOT_EVALUATED,0,,,0.0,0,,UPSTREAM_CANDIDATE_NOT_ELIGIBLE,False,,,,False,False,False
PRIMARY,R3_UPSTREAM_INVALID,91036,IDENTIFYING_ASSUMPTION_VIOLATED,1.1879866212607388,UPSTREAM_CANDIDATE_NOT_ELIGIBLE,NOT_EVALUATED,0,,,0.0,0,,UPSTREAM_CANDIDATE_NOT_ELIGIBLE,False,,,,False,False,False
PRIMARY,R3_UPSTREAM_INVALID,91037,IDENTIFYING_ASSUMPTION_VIOLATED,1.1815517353529188,UPSTREAM_CANDIDATE_NOT_ELIGIBLE,NOT_EVALUATED,0,,,0.0,0,,UPSTREAM_CANDIDATE_NOT_ELIGIBLE,False,,,,False,False,False
PRIMARY,R3_UPSTREAM_INVALID,91038,IDENTIFYING_ASSUMPTION_VIOLATED,1.1799709081802907,UPSTREAM_CANDIDATE_NOT_ELIGIBLE,NOT_EVALUATED,0,,,0.0,0,,UPSTREAM_CANDIDATE_NOT_ELIGIBLE,False,,,,False,False,False
PRIMARY,R3_UPSTREAM_INVALID,91039,IDENTIFYING_ASSUMPTION_VIOLATED,1.2059953686805016,UPSTREAM_CANDIDATE_NOT_ELIGIBLE,NOT_EVALUATED,0,,,0.0,0,,UPSTREAM_CANDIDATE_NOT_ELIGIBLE,False,,,,False,False,False
PRIMARY,R3_UPSTREAM_INVALID,91040,IDENTIFYING_ASSUMPTION_VIOLATED,1.208132285970239,UPSTREAM_CANDIDATE_NOT_ELIGIBLE,NOT_EVALUATED,0,,,0.0,0,,UPSTREAM_CANDIDATE_NOT_ELIGIBLE,False,,,,False,False,False
PRIMARY,R3_UPSTREAM_INVALID,91041,IDENTIFYING_ASSUMPTION_VIOLATED,1.1878937460117085,UPSTREAM_CANDIDATE_NOT_ELIGIBLE,NOT_EVALUATED,0,,,0.0,0,,UPSTREAM_CANDIDATE_NOT_ELIGIBLE,False,,,,False,False,False
PRIMARY,R3_UPSTREAM_INVALID,91042,IDENTIFYING_ASSUMPTION_VIOLATED,1.1929303760715118,UPSTREAM_CANDIDATE_NOT_ELIGIBLE,NOT_EVALUATED,0,,,0.0,0,,UPSTREAM_CANDIDATE_NOT_ELIGIBLE,False,,,,False,False,False
PRIMARY,R3_UPSTREAM_INVALID,91043,IDENTIFYING_ASSUMPTION_VIOLATED,1.189032599722152,UPSTREAM_CANDIDATE_NOT_ELIGIBLE,NOT_EVALUATED,0,,,0.0,0,,UPSTREAM_CANDIDATE_NOT_ELIGIBLE,False,,,,False,False,False
PRIMARY,R3_UPSTREAM_INVALID,91044,IDENTIFYING_ASSUMPTION_VIOLATED,1.1839976167534974,UPSTREAM_CANDIDATE_NOT_ELIGIBLE,NOT_EVALUATED,0,,,0.0,0,,UPSTREAM_CANDIDATE_NOT_ELIGIBLE,False,,,,False,False,False
PRIMARY,R3_UPSTREAM_INVALID,91045,IDENTIFYING_ASSUMPTION_VIOLATED,1.2015548240059097,UPSTREAM_CANDIDATE_NOT_ELIGIBLE,NOT_EVALUATED,0,,,0.0,0,,UPSTREAM_CANDIDATE_NOT_ELIGIBLE,False,,,,False,False,False
PRIMARY,R3_UPSTREAM_INVALID,91046,IDENTIFYING_ASSUMPTION_VIOLATED,1.1950517330561372,UPSTREAM_CANDIDATE_NOT_ELIGIBLE,NOT_EVALUATED,0,,,0.0,0,,UPSTREAM_CANDIDATE_NOT_ELIGIBLE,False,,,,False,False,False
PRIMARY,R3_UPSTREAM_INVALID,91047,IDENTIFYING_ASSUMPTION_VIOLATED,1.1970336500385865,UPSTREAM_CANDIDATE_NOT_ELIGIBLE,NOT_EVALUATED,0,,,0.0,0,,UPSTREAM_CANDIDATE_NOT_ELIGIBLE,False,,,,False,False,False
PRIMARY,R3_UPSTREAM_INVALID,91048,IDENTIFYING_ASSUMPTION_VIOLATED,1.1931836128118785,UPSTREAM_CANDIDATE_NOT_ELIGIBLE,NOT_EVALUATED,0,,,0.0,0,,UPSTREAM_CANDIDATE_NOT_ELIGIBLE,False,,,,False,False,False
PRIMARY,R3_UPSTREAM_INVALID,91049,IDENTIFYING_ASSUMPTION_VIOLATED,1.2045621075110615,UPSTREAM_CANDIDATE_NOT_ELIGIBLE,NOT_EVALUATED,0,,,0.0,0,,UPSTREAM_CANDIDATE_NOT_ELIGIBLE,False,,,,False,False,False
PRIMARY,R3_UPSTREAM_INVALID,91050,IDENTIFYING_ASSUMPTION_VIOLATED,1.1838436965002705,UPSTREAM_CANDIDATE_NOT_ELIGIBLE,NOT_EVALUATED,0,,,0.0,0,,UPSTREAM_CANDIDATE_NOT_ELIGIBLE,False,,,,False,False,False
PRIMARY,R3_UPSTREAM_INVALID,91051,IDENTIFYING_ASSUMPTION_VIOLATED,1.1979217144062746,UPSTREAM_CANDIDATE_NOT_ELIGIBLE,NOT_EVALUATED,0,,,0.0,0,,UPSTREAM_CANDIDATE_NOT_ELIGIBLE,False,,,,False,False,False
PRIMARY,R3_UPSTREAM_INVALID,91052,IDENTIFYING_ASSUMPTION_VIOLATED,1.1819938440040916,UPSTREAM_CANDIDATE_NOT_ELIGIBLE,NOT_EVALUATED,0,,,0.0,0,,UPSTREAM_CANDIDATE_NOT_ELIGIBLE,False,,,,False,False,False
PRIMARY,R3_UPSTREAM_INVALID,91053,IDENTIFYING_ASSUMPTION_VIOLATED,1.1926073544272706,UPSTREAM_CANDIDATE_NOT_ELIGIBLE,NOT_EVALUATED,0,,,0.0,0,,UPSTREAM_CANDIDATE_NOT_ELIGIBLE,False,,,,False,False,False
PRIMARY,R3_UPSTREAM_INVALID,91054,IDENTIFYING_ASSUMPTION_VIOLATED,1.1912254444892234,UPSTREAM_CANDIDATE_NOT_ELIGIBLE,NOT_EVALUATED,0,,,0.0,0,,UPSTREAM_CANDIDATE_NOT_ELIGIBLE,False,,,,False,False,False
PRIMARY,R3_UPSTREAM_INVALID,91055,IDENTIFYING_ASSUMPTION_VIOLATED,1.178591454135173,UPSTREAM_CANDIDATE_NOT_ELIGIBLE,NOT_EVALUATED,0,,,0.0,0,,UPSTREAM_CANDIDATE_NOT_ELIGIBLE,False,,,,False,False,False
PRIMARY,R3_UPSTREAM_INVALID,91056,IDENTIFYING_ASSUMPTION_VIOLATED,1.181134252833246,UPSTREAM_CANDIDATE_NOT_ELIGIBLE,NOT_EVALUATED,0,,,0.0,0,,UPSTREAM_CANDIDATE_NOT_ELIGIBLE,False,,,,False,False,False
PRIMARY,R3_UPSTREAM_INVALID,91057,IDENTIFYING_ASSUMPTION_VIOLATED,1.200900827654526,UPSTREAM_CANDIDATE_NOT_ELIGIBLE,NOT_EVALUATED,0,,,0.0,0,,UPSTREAM_CANDIDATE_NOT_ELIGIBLE,False,,,,False,False,False
PRIMARY,R3_UPSTREAM_INVALID,91058,IDENTIFYING_ASSUMPTION_VIOLATED,1.1857556817643353,UPSTREAM_CANDIDATE_NOT_ELIGIBLE,NOT_EVALUATED,0,,,0.0,0,,UPSTREAM_CANDIDATE_NOT_ELIGIBLE,False,,,,False,False,False
PRIMARY,R3_UPSTREAM_INVALID,91059,IDENTIFYING_ASSUMPTION_VIOLATED,1.1912201565207245,UPSTREAM_CANDIDATE_NOT_ELIGIBLE,NOT_EVALUATED,0,,,0.0,0,,UPSTREAM_CANDIDATE_NOT_ELIGIBLE,False,,,,False,False,False
PRIMARY,R3_UPSTREAM_INVALID,91060,IDENTIFYING_ASSUMPTION_VIOLATED,1.1962287001039913,UPSTREAM_CANDIDATE_NOT_ELIGIBLE,NOT_EVALUATED,0,,,0.0,0,,UPSTREAM_CANDIDATE_NOT_ELIGIBLE,False,,,,False,False,False
PRIMARY,R3_UPSTREAM_INVALID,91061,IDENTIFYING_ASSUMPTION_VIOLATED,1.1879869705325548,UPSTREAM_CANDIDATE_NOT_ELIGIBLE,NOT_EVALUATED,0,,,0.0,0,,UPSTREAM_CANDIDATE_NOT_ELIGIBLE,False,,,,False,False,False
PRIMARY,R3_UPSTREAM_INVALID,91062,IDENTIFYING_ASSUMPTION_VIOLATED,1.1926213391015592,UPSTREAM_CANDIDATE_NOT_ELIGIBLE,NOT_EVALUATED,0,,,0.0,0,,UPSTREAM_CANDIDATE_NOT_ELIGIBLE,False,,,,False,False,False
PRIMARY,R3_UPSTREAM_INVALID,91063,IDENTIFYING_ASSUMPTION_VIOLATED,1.1965446462582472,UPSTREAM_CANDIDATE_NOT_ELIGIBLE,NOT_EVALUATED,0,,,0.0,0,,UPSTREAM_CANDIDATE_NOT_ELIGIBLE,False,,,,False,False,False
REPLICATION,R0_VALID,101000,CAUSAL_CANDIDATE_UNDER_ASSUMPTIONS,0.7895540430427196,OBSERVATIONALLY_EQUIVALENT_COUNTERMODEL_SURVIVES,ALL_REAL_BETA_UNDER_UNRESTRICTED_REPARAMETERIZATION,69,-0.5,2.0,2.5,17,1.7763568394002505e-15,ASSUMPTION_CONDITIONAL_IDENTIFICATION_COUNTERMODELS_OUTSIDE_BOUNDS,True,0.6434338799625704,0.9338106877828158,0.29037680782024544,False,False,False
REPLICATION,R0_VALID,101001,CAUSAL_CANDIDATE_UNDER_ASSUMPTIONS,0.7697949666240115,OBSERVATIONALLY_EQUIVALENT_COUNTERMODEL_SURVIVES,ALL_REAL_BETA_UNDER_UNRESTRICTED_REPARAMETERIZATION,69,-0.5,2.0,2.5,18,1.7763568394002505e-15,ASSUMPTION_CONDITIONAL_IDENTIFICATION_COUNTERMODELS_OUTSIDE_BOUNDS,True,0.619985758978855,0.9190939605657266,0.29910820158687157,False,False,False
REPLICATION,R0_VALID,101002,CAUSAL_CANDIDATE_UNDER_ASSUMPTIONS,0.8333798164324114,OBSERVATIONALLY_EQUIVALENT_COUNTERMODEL_SURVIVES,ALL_REAL_BETA_UNDER_UNRESTRICTED_REPARAMETERIZATION,69,-0.5,2.0,2.5,15,1.7763568394002505e-15,ASSUMPTION_CONDITIONAL_IDENTIFICATION_COUNTERMODELS_OUTSIDE_BOUNDS,True,0.691938311683743,0.9727931634875105,0.28085485180376757,False,False,False
REPLICATION,R0_VALID,101003,CAUSAL_CANDIDATE_UNDER_ASSUMPTIONS,0.7832432973978213,OBSERVATIONALLY_EQUIVALENT_COUNTERMODEL_SURVIVES,ALL_REAL_BETA_UNDER_UNRESTRICTED_REPARAMETERIZATION,69,-0.5,2.0,2.5,18,1.7763568394002505e-15,ASSUMPTION_CONDITIONAL_IDENTIFICATION_COUNTERMODELS_OUTSIDE_BOUNDS,True,0.6382164384197975,0.9265948134363051,0.28837837501650765,False,False,False
REPLICATION,R0_VALID,101004,CAUSAL_CANDIDATE_UNDER_ASSUMPTIONS,0.8048014260141844,OBSERVATIONALLY_EQUIVALENT_COUNTERMODEL_SURVIVES,ALL_REAL_BETA_UNDER_UNRESTRICTED_REPARAMETERIZATION,69,-0.5,2.0,2.5,18,1.7763568394002505e-15,ASSUMPTION_CONDITIONAL_IDENTIFICATION_COUNTERMODELS_OUTSIDE_BOUNDS,True,0.6597300789546066,0.9499145452969134,0.2901844663423069,False,False,False
REPLICATION,R0_VALID,101005,CAUSAL_CANDIDATE_UNDER_ASSUMPTIONS,0.7941793340898348,OBSERVATIONALLY_EQUIVALENT_COUNTERMODEL_SURVIVES,ALL_REAL_BETA_UNDER_UNRESTRICTED_REPARAMETERIZATION,69,-0.5,2.0,2.5,17,1.7763568394002505e-15,ASSUMPTION_CONDITIONAL_IDENTIFICATION_COUNTERMODELS_OUTSIDE_BOUNDS,True,0.6489053428620244,0.9399845328576663,0.29107918999564186,False,False,False
REPLICATION,R0_VALID,101006,CAUSAL_CANDIDATE_UNDER_ASSUMPTIONS,0.8187722439118007,OBSERVATIONALLY_EQUIVALENT_COUNTERMODEL_SURVIVES,ALL_REAL_BETA_UNDER_UNRESTRICTED_REPARAMETERIZATION,69,-0.5,2.0,2.5,16,1.7763568394002505e-15,ASSUMPTION_CONDITIONAL_IDENTIFICATION_COUNTERMODELS_OUTSIDE_BOUNDS,True,0.6774607473615193,0.9610343144007049,0.28357356703918557,False,False,False
REPLICATION,R0_VALID,101007,CAUSAL_CANDIDATE_UNDER_ASSUMPTIONS,0.7955551702535598,OBSERVATIONALLY_EQUIVALENT_COUNTERMODEL_SURVIVES,ALL_REAL_BETA_UNDER_UNRESTRICTED_REPARAMETERIZATION,69,-0.5,2.0,2.5,17,1.7763568394002505e-15,ASSUMPTION_CONDITIONAL_IDENTIFICATION_COUNTERMODELS_OUTSIDE_BOUNDS,True,0.6488829405066462,0.9422809835541559,0.2933980430475097,False,False,False
REPLICATION,R0_VALID,101008,CAUSAL_CANDIDATE_UNDER_ASSUMPTIONS,0.7746069251777916,OBSERVATIONALLY_EQUIVALENT_COUNTERMODEL_SURVIVES,ALL_REAL_BETA_UNDER_UNRESTRICTED_REPARAMETERIZATION,69,-0.5,2.0,2.5,17,1.7763568394002505e-15,ASSUMPTION_CONDITIONAL_IDENTIFICATION_COUNTERMODELS_OUTSIDE_BOUNDS,True,0.6284926684618937,0.9207674303051816,0.29227476184328793,False,False,False
REPLICATION,R0_VALID,101009,CAUSAL_CANDIDATE_UNDER_ASSUMPTIONS,0.7979691241445848,OBSERVATIONALLY_EQUIVALENT_COUNTERMODEL_SURVIVES,ALL_REAL_BETA_UNDER_UNRESTRICTED_REPARAMETERIZATION,69,-0.5,2.0,2.5,17,1.7763568394002505e-15,ASSUMPTION_CONDITIONAL_IDENTIFICATION_COUNTERMODELS_OUTSIDE_BOUNDS,True,0.6530523849992401,0.9387459320835522,0.28569354708431205,False,False,False
REPLICATION,R0_VALID,101010,CAUSAL_CANDIDATE_UNDER_ASSUMPTIONS,0.8112071922569986,OBSERVATIONALLY_EQUIVALENT_COUNTERMODEL_SURVIVES,ALL_REAL_BETA_UNDER_UNRESTRICTED_REPARAMETERIZATION,69,-0.5,2.0,2.5,16,1.7763568394002505e-15,ASSUMPTION_CONDITIONAL_IDENTIFICATION_COUNTERMODELS_OUTSIDE_BOUNDS,True,0.665377178488125,0.9565825831817883,0.2912054046936633,False,False,False
REPLICATION,R0_VALID,101011,CAUSAL_CANDIDATE_UNDER_ASSUMPTIONS,0.7862780399524796,OBSERVATIONALLY_EQUIVALENT_COUNTERMODEL_SURVIVES,ALL_REAL_BETA_UNDER_UNRESTRICTED_REPARAMETERIZATION,69,-0.5,2.0,2.5,17,1.7763568394002505e-15,ASSUMPTION_CONDITIONAL_IDENTIFICATION_COUNTERMODELS_OUTSIDE_BOUNDS,True,0.6410437086987231,0.9286861835976149,0.28764247489889183,False,False,False
REPLICATION,R0_VALID,101012,CAUSAL_CANDIDATE_UNDER_ASSUMPTIONS,0.8198408557711274,OBSERVATIONALLY_EQUIVALENT_COUNTERMODEL_SURVIVES,ALL_REAL_BETA_UNDER_UNRESTRICTED_REPARAMETERIZATION,69,-0.5,2.0,2.5,17,1.7763568394002505e-15,ASSUMPTION_CONDITIONAL_IDENTIFICATION_COUNTERMODELS_OUTSIDE_BOUNDS,True,0.6734260535137653,0.9662459735635202,0.2928199200497549,False,False,False
REPLICATION,R0_VALID,101013,CAUSAL_CANDIDATE_UNDER_ASSUMPTIONS,0.8115941128364766,OBSERVATIONALLY_EQUIVALENT_COUNTERMODEL_SURVIVES,ALL_REAL_BETA_UNDER_UNRESTRICTED_REPARAMETERIZATION,69,-0.5,2.0,2.5,16,1.7763568394002505e-15,ASSUMPTION_CONDITIONAL_IDENTIFICATION_COUNTERMODELS_OUTSIDE_BOUNDS,True,0.6659203878905621,0.9572781307924424,0.2913577429018803,False,False,False
REPLICATION,R0_VALID,101014,CAUSAL_CANDIDATE_UNDER_ASSUMPTIONS,0.8343630383579109,OBSERVATIONALLY_EQUIVALENT_COUNTERMODEL_SURVIVES,ALL_REAL_BETA_UNDER_UNRESTRICTED_REPARAMETERIZATION,69,-0.5,2.0,2.5,16,1.7763568394002505e-15,ASSUMPTION_CONDITIONAL_IDENTIFICATION_COUNTERMODELS_OUTSIDE_BOUNDS,True,0.6931697270780753,0.9757381503839245,0.2825684233058492,False,False,False
REPLICATION,R0_VALID,101015,CAUSAL_CANDIDATE_UNDER_ASSUMPTIONS,0.8153262569644969,OBSERVATIONALLY_EQUIVALENT_COUNTERMODEL_SURVIVES,ALL_REAL_BETA_UNDER_UNRESTRICTED_REPARAMETERIZATION,69,-0.5,2.0,2.5,17,1.7763568394002505e-15,ASSUMPTION_CONDITIONAL_IDENTIFICATION_COUNTERMODELS_OUTSIDE_BOUNDS,True,0.6721697469000213,0.9559406792407938,0.28377093234077255,False,False,False
REPLICATION,R0_VALID,101016,CAUSAL_CANDIDATE_UNDER_ASSUMPTIONS,0.8133274104540493,OBSERVATIONALLY_EQUIVALENT_COUNTERMODEL_SURVIVES,ALL_REAL_BETA_UNDER_UNRESTRICTED_REPARAMETERIZATION,69,-0.5,2.0,2.5,16,1.7763568394002505e-15,ASSUMPTION_CONDITIONAL_IDENTIFICATION_COUNTERMODELS_OUTSIDE_BOUNDS,True,0.669440479430333,0.9570813455394526,0.28764086610911954,False,False,False
REPLICATION,R0_VALID,101017,CAUSAL_CANDIDATE_UNDER_ASSUMPTIONS,0.8234708148503641,OBSERVATIONALLY_EQUIVALENT_COUNTERMODEL_SURVIVES,ALL_REAL_BETA_UNDER_UNRESTRICTED_REPARAMETERIZATION,69,-0.5,2.0,2.5,16,1.7763568394002505e-15,ASSUMPTION_CONDITIONAL_IDENTIFICATION_COUNTERMODELS_OUTSIDE_BOUNDS,True,0.6779168169467085,0.9687151088863645,0.290798291939656,False,False,False
REPLICATION,R0_VALID,101018,CAUSAL_CANDIDATE_UNDER_ASSUMPTIONS,0.8003988722043375,OBSERVATIONALLY_EQUIVALENT_COUNTERMODEL_SURVIVES,ALL_REAL_BETA_UNDER_UNRESTRICTED_REPARAMETERIZATION,69,-0.5,2.0,2.5,17,1.7763568394002505e-15,ASSUMPTION_CONDITIONAL_IDENTIFICATION_COUNTERMODELS_OUTSIDE_BOUNDS,True,0.655332849461689,0.9454747558868364,0.29014190642514737,False,False,False
REPLICATION,R0_VALID,101019,CAUSAL_CANDIDATE_UNDER_ASSUMPTIONS,0.75348306157096,OBSERVATIONALLY_EQUIVALENT_COUNTERMODEL_SURVIVES,ALL_REAL_BETA_UNDER_UNRESTRICTED_REPARAMETERIZATION,69,-0.5,2.0,2.5,19,1.7763568394002505e-15,ASSUMPTION_CONDITIONAL_IDENTIFICATION_COUNTERMODELS_OUTSIDE_BOUNDS,True,0.603001244095431,0.9026069705142171,0.29960572641878613,False,False,False
REPLICATION,R0_VALID,101020,CAUSAL_CANDIDATE_UNDER_ASSUMPTIONS,0.7902285541442113,OBSERVATIONALLY_EQUIVALENT_COUNTERMODEL_SURVIVES,ALL_REAL_BETA_UNDER_UNRESTRICTED_REPARAMETERIZATION,69,-0.5,2.0,2.5,18,2.6645352591003757e-15,ASSUMPTION_CONDITIONAL_IDENTIFICATION_COUNTERMODELS_OUTSIDE_BOUNDS,True,0.6428619225311315,0.9377797673696553,0.2949178448385238,False,False,False
REPLICATION,R0_VALID,101021,CAUSAL_CANDIDATE_UNDER_ASSUMPTIONS,0.7792944510249464,OBSERVATIONALLY_EQUIVALENT_COUNTERMODEL_SURVIVES,ALL_REAL_BETA_UNDER_UNRESTRICTED_REPARAMETERIZATION,69,-0.5,2.0,2.5,18,1.7763568394002505e-15,ASSUMPTION_CONDITIONAL_IDENTIFICATION_COUNTERMODELS_OUTSIDE_BOUNDS,True,0.635228571028312,0.9219587776492468,0.28673020662093485,False,False,False
REPLICATION,R0_VALID,101022,CAUSAL_CANDIDATE_UNDER_ASSUMPTIONS,0.8024398819256808,OBSERVATIONALLY_EQUIVALENT_COUNTERMODEL_SURVIVES,ALL_REAL_BETA_UNDER_UNRESTRICTED_REPARAMETERIZATION,69,-0.5,2.0,2.5,17,2.6645352591003757e-15,ASSUMPTION_CONDITIONAL_IDENTIFICATION_COUNTERMODELS_OUTSIDE_BOUNDS,True,0.6595511314393725,0.944138581034642,0.2845874495952695,False,False,False
REPLICATION,R0_VALID,101023,CAUSAL_CANDIDATE_UNDER_ASSUMPTIONS,0.7945676087863552,OBSERVATIONALLY_EQUIVALENT_COUNTERMODEL_SURVIVES,ALL_REAL_BETA_UNDER_UNRESTRICTED_REPARAMETERIZATION,69,-0.5,2.0,2.5,17,1.7763568394002505e-15,ASSUMPTION_CONDITIONAL_IDENTIFICATION_COUNTERMODELS_OUTSIDE_BOUNDS,True,0.6468271110848245,0.9422373030722381,0.2954101919874136,False,False,False
REPLICATION,R0_VALID,101024,CAUSAL_CANDIDATE_UNDER_ASSUMPTIONS,0.8399715279419145,OBSERVATIONALLY_EQUIVALENT_COUNTERMODEL_SURVIVES,ALL_REAL_BETA_UNDER_UNRESTRICTED_REPARAMETERIZATION,69,-0.5,2.0,2.5,15,2.6645352591003757e-15,ASSUMPTION_CONDITIONAL_IDENTIFICATION_COUNTERMODELS_OUTSIDE_BOUNDS,True,0.6962087921552955,0.9821256586963564,0.28591686654106085,False,False,False
REPLICATION,R0_VALID,101025,CAUSAL_CANDIDATE_UNDER_ASSUMPTIONS,0.78174918729463,OBSERVATIONALLY_EQUIVALENT_COUNTERMODEL_SURVIVES,ALL_REAL_BETA_UNDER_UNRESTRICTED_REPARAMETERIZATION,69,-0.5,2.0,2.5,19,1.7763568394002505e-15,ASSUMPTION_CONDITIONAL_IDENTIFICATION_COUNTERMODELS_OUTSIDE_BOUNDS,True,0.6319011302934254,0.9309639825951744,0.299062852301749,False,False,False
REPLICATION,R0_VALID,101026,CAUSAL_CANDIDATE_UNDER_ASSUMPTIONS,0.7658049376250666,OBSERVATIONALLY_EQUIVALENT_COUNTERMODEL_SURVIVES,ALL_REAL_BETA_UNDER_UNRESTRICTED_REPARAMETERIZATION,69,-0.5,2.0,2.5,18,1.7763568394002505e-15,ASSUMPTION_CONDITIONAL_IDENTIFICATION_COUNTERMODELS_OUTSIDE_BOUNDS,True,0.6182889610025312,0.9126134299624469,0.2943244689599157,False,False,False
REPLICATION,R0_VALID,101027,CAUSAL_CANDIDATE_UNDER_ASSUMPTIONS,0.7854676166902224,OBSERVATIONALLY_EQUIVALENT_COUNTERMODEL_SURVIVES,ALL_REAL_BETA_UNDER_UNRESTRICTED_REPARAMETERIZATION,69,-0.5,2.0,2.5,18,1.7763568394002505e-15,ASSUMPTION_CONDITIONAL_IDENTIFICATION_COUNTERMODELS_OUTSIDE_BOUNDS,True,0.6392190598791239,0.931310502405192,0.2920914425260681,False,False,False
REPLICATION,R0_VALID,101028,CAUSAL_CANDIDATE_UNDER_ASSUMPTIONS,0.8028029155085533,OBSERVATIONALLY_EQUIVALENT_COUNTERMODEL_SURVIVES,ALL_REAL_BETA_UNDER_UNRESTRICTED_REPARAMETERIZATION,69,-0.5,2.0,2.5,17,1.7763568394002505e-15,ASSUMPTION_CONDITIONAL_IDENTIFICATION_COUNTERMODELS_OUTSIDE_BOUNDS,True,0.6605095669917903,0.9452439778603273,0.284734410868537,False,False,False
REPLICATION,R0_VALID,101029,CAUSAL_CANDIDATE_UNDER_ASSUMPTIONS,0.8237584472648583,OBSERVATIONALLY_EQUIVALENT_COUNTERMODEL_SURVIVES,ALL_REAL_BETA_UNDER_UNRESTRICTED_REPARAMETERIZATION,69,-0.5,2.0,2.5,17,1.7763568394002505e-15,ASSUMPTION_CONDITIONAL_IDENTIFICATION_COUNTERMODELS_OUTSIDE_BOUNDS,True,0.6807224399197661,0.964906086863243,0.28418364694347686,False,False,False
REPLICATION,R0_VALID,101030,CAUSAL_CANDIDATE_UNDER_ASSUMPTIONS,0.7735438499067749,OBSERVATIONALLY_EQUIVALENT_COUNTERMODEL_SURVIVES,ALL_REAL_BETA_UNDER_UNRESTRICTED_REPARAMETERIZATION,69,-0.5,2.0,2.5,17,1.7763568394002505e-15,ASSUMPTION_CONDITIONAL_IDENTIFICATION_COUNTERMODELS_OUTSIDE_BOUNDS,True,0.6264125240330558,0.9199324141322082,0.29351989009915236,False,False,False
REPLICATION,R0_VALID,101031,CAUSAL_CANDIDATE_UNDER_ASSUMPTIONS,0.8090106784330185,OBSERVATIONALLY_EQUIVALENT_COUNTERMODEL_SURVIVES,ALL_REAL_BETA_UNDER_UNRESTRICTED_REPARAMETERIZATION,69,-0.5,2.0,2.5,17,2.220446049250313e-15,ASSUMPTION_CONDITIONAL_IDENTIFICATION_COUNTERMODELS_OUTSIDE_BOUNDS,True,0.6626975495527114,0.9550554431820598,0.2923578936293484,False,False,False
REPLICATION,R0_VALID,101032,CAUSAL_CANDIDATE_UNDER_ASSUMPTIONS,0.8049316683122867,OBSERVATIONALLY_EQUIVALENT_COUNTERMODEL_SURVIVES,ALL_REAL_BETA_UNDER_UNRESTRICTED_REPARAMETERIZATION,69,-0.5,2.0,2.5,16,1.7763568394002505e-15,ASSUMPTION_CONDITIONAL_IDENTIFICATION_COUNTERMODELS_OUTSIDE_BOUNDS,True,0.6611675355739656,0.9490211236855625,0.2878535881115969,False,False,False
REPLICATION,R0_VALID,101033,CAUSAL_CANDIDATE_UNDER_ASSUMPTIONS,0.8165213055192132,OBSERVATIONALLY_EQUIVALENT_COUNTERMODEL_SURVIVES,ALL_REAL_BETA_UNDER_UNRESTRICTED_REPARAMETERIZATION,69,-0.5,2.0,2.5,17,2.220446049250313e-15,ASSUMPTION_CONDITIONAL_IDENTIFICATION_COUNTERMODELS_OUTSIDE_BOUNDS,True,0.6748250815425866,0.9569017786203573,0.2820766970777707,False,False,False
REPLICATION,R0_VALID,101034,CAUSAL_CANDIDATE_UNDER_ASSUMPTIONS,0.7867455679954555,OBSERVATIONALLY_EQUIVALENT_COUNTERMODEL_SURVIVES,ALL_REAL_BETA_UNDER_UNRESTRICTED_REPARAMETERIZATION,69,-0.5,2.0,2.5,17,1.7763568394002505e-15,ASSUMPTION_CONDITIONAL_IDENTIFICATION_COUNTERMODELS_OUTSIDE_BOUNDS,True,0.6449398248864653,0.927483218291627,0.28254339340516177,False,False,False
REPLICATION,R0_VALID,101035,CAUSAL_CANDIDATE_UNDER_ASSUMPTIONS,0.7720450202271921,OBSERVATIONALLY_EQUIVALENT_COUNTERMODEL_SURVIVES,ALL_REAL_BETA_UNDER_UNRESTRICTED_REPARAMETERIZATION,69,-0.5,2.0,2.5,19,1.7763568394002505e-15,ASSUMPTION_CONDITIONAL_IDENTIFICATION_COUNTERMODELS_OUTSIDE_BOUNDS,True,0.6191141933821452,0.9250264474436777,0.30591225406153244,False,False,False
REPLICATION,R0_VALID,101036,CAUSAL_CANDIDATE_UNDER_ASSUMPTIONS,0.7865743423545334,OBSERVATIONALLY_EQUIVALENT_COUNTERMODEL_SURVIVES,ALL_REAL_BETA_UNDER_UNRESTRICTED_REPARAMETERIZATION,69,-0.5,2.0,2.5,18,1.7763568394002505e-15,ASSUMPTION_CONDITIONAL_IDENTIFICATION_COUNTERMODELS_OUTSIDE_BOUNDS,True,0.6407356068692462,0.9323998040146592,0.2916641971454129,False,False,False
REPLICATION,R0_VALID,101037,CAUSAL_CANDIDATE_UNDER_ASSUMPTIONS,0.8057479835817934,OBSERVATIONALLY_EQUIVALENT_COUNTERMODEL_SURVIVES,ALL_REAL_BETA_UNDER_UNRESTRICTED_REPARAMETERIZATION,69,-0.5,2.0,2.5,17,1.7763568394002505e-15,ASSUMPTION_CONDITIONAL_IDENTIFICATION_COUNTERMODELS_OUTSIDE_BOUNDS,True,0.6582638040034413,0.9532879477348833,0.29502414373144203,False,False,False
REPLICATION,R0_VALID,101038,CAUSAL_CANDIDATE_UNDER_ASSUMPTIONS,0.802229811678062,OBSERVATIONALLY_EQUIVALENT_COUNTERMODEL_SURVIVES,ALL_REAL_BETA_UNDER_UNRESTRICTED_REPARAMETERIZATION,69,-0.5,2.0,2.5,17,1.7763568394002505e-15,ASSUMPTION_CONDITIONAL_IDENTIFICATION_COUNTERMODELS_OUTSIDE_BOUNDS,True,0.6570000404769311,0.9475226599296139,0.2905226194526829,False,False,False
REPLICATION,R0_VALID,101039,CAUSAL_CANDIDATE_UNDER_ASSUMPTIONS,0.8076572474932217,OBSERVATIONALLY_EQUIVALENT_COUNTERMODEL_SURVIVES,ALL_REAL_BETA_UNDER_UNRESTRICTED_REPARAMETERIZATION,69,-0.5,2.0,2.5,17,1.7763568394002505e-15,ASSUMPTION_CONDITIONAL_IDENTIFICATION_COUNTERMODELS_OUTSIDE_BOUNDS,True,0.66428329128172,0.9498533359728623,0.2855700446911422,False,False,False
REPLICATION,R0_VALID,101040,CAUSAL_CANDIDATE_UNDER_ASSUMPTIONS,0.8060570413192524,OBSERVATIONALLY_EQUIVALENT_COUNTERMODEL_SURVIVES,ALL_REAL_BETA_UNDER_UNRESTRICTED_REPARAMETERIZATION,69,-0.5,2.0,2.5,17,1.7763568394002505e-15,ASSUMPTION_CONDITIONAL_IDENTIFICATION_COUNTERMODELS_OUTSIDE_BOUNDS,True,0.6638301682234051,0.9484222188582674,0.28459205063486226,False,False,False
REPLICATION,R0_VALID,101041,CAUSAL_CANDIDATE_UNDER_ASSUMPTIONS,0.8037546055485475,OBSERVATIONALLY_EQUIVALENT_COUNTERMODEL_SURVIVES,ALL_REAL_BETA_UNDER_UNRESTRICTED_REPARAMETERIZATION,69,-0.5,2.0,2.5,17,1.7763568394002505e-15,ASSUMPTION_CONDITIONAL_IDENTIFICATION_COUNTERMODELS_OUTSIDE_BOUNDS,True,0.6573075515809286,0.9489209404456725,0.29161338886474397,False,False,False
REPLICATION,R0_VALID,101042,CAUSAL_CANDIDATE_UNDER_ASSUMPTIONS,0.7783071619124422,OBSERVATIONALLY_EQUIVALENT_COUNTERMODEL_SURVIVES,ALL_REAL_BETA_UNDER_UNRESTRICTED_REPARAMETERIZATION,69,-0.5,2.0,2.5,17,1.7763568394002505e-15,ASSUMPTION_CONDITIONAL_IDENTIFICATION_COUNTERMODELS_OUTSIDE_BOUNDS,True,0.634595389807377,0.921109307497461,0.28651391769008405,False,False,False
REPLICATION,R0_VALID,101043,CAUSAL_CANDIDATE_UNDER_ASSUMPTIONS,0.8007010716574894,OBSERVATIONALLY_EQUIVALENT_COUNTERMODEL_SURVIVES,ALL_REAL_BETA_UNDER_UNRESTRICTED_REPARAMETERIZATION,69,-0.5,2.0,2.5,17,1.7763568394002505e-15,ASSUMPTION_CONDITIONAL_IDENTIFICATION_COUNTERMODELS_OUTSIDE_BOUNDS,True,0.6552612568511285,0.9445171520345099,0.28925589518338146,False,False,False
REPLICATION,R0_VALID,101044,CAUSAL_CANDIDATE_UNDER_ASSUMPTIONS,0.7882361721479455,OBSERVATIONALLY_EQUIVALENT_COUNTERMODEL_SURVIVES,ALL_REAL_BETA_UNDER_UNRESTRICTED_REPARAMETERIZATION,69,-0.5,2.0,2.5,17,2.6645352591003757e-15,ASSUMPTION_CONDITIONAL_IDENTIFICATION_COUNTERMODELS_OUTSIDE_BOUNDS,True,0.6421073044531918,0.9343725464661626,0.2922652420129709,False,False,False
REPLICATION,R0_VALID,101045,CAUSAL_CANDIDATE_UNDER_ASSUMPTIONS,0.7843408986901691,OBSERVATIONALLY_EQUIVALENT_COUNTERMODEL_SURVIVES,ALL_REAL_BETA_UNDER_UNRESTRICTED_REPARAMETERIZATION,69,-0.5,2.0,2.5,19,1.7763568394002505e-15,ASSUMPTION_CONDITIONAL_IDENTIFICATION_COUNTERMODELS_OUTSIDE_BOUNDS,True,0.6459109058363548,0.9211787387367937,0.2752678329004389,False,False,False
REPLICATION,R0_VALID,101046,CAUSAL_CANDIDATE_UNDER_ASSUMPTIONS,0.7901064465344967,OBSERVATIONALLY_EQUIVALENT_COUNTERMODEL_SURVIVES,ALL_REAL_BETA_UNDER_UNRESTRICTED_REPARAMETERIZATION,69,-0.5,2.0,2.5,17,1.7763568394002505e-15,ASSUMPTION_CONDITIONAL_IDENTIFICATION_COUNTERMODELS_OUTSIDE_BOUNDS,True,0.6436719183220249,0.9365813886153762,0.29290947029335135,False,False,False
REPLICATION,R0_VALID,101047,CAUSAL_CANDIDATE_UNDER_ASSUMPTIONS,0.8600740095107763,OBSERVATIONALLY_EQUIVALENT_COUNTERMODEL_SURVIVES,ALL_REAL_BETA_UNDER_UNRESTRICTED_REPARAMETERIZATION,69,-0.5,2.0,2.5,15,1.7763568394002505e-15,ASSUMPTION_CONDITIONAL_IDENTIFICATION_COUNTERMODELS_OUTSIDE_BOUNDS,True,0.7206366026947617,0.9992846318012651,0.27864802910650344,False,False,False
REPLICATION,R0_VALID,101048,CAUSAL_CANDIDATE_UNDER_ASSUMPTIONS,0.8184276852521859,OBSERVATIONALLY_EQUIVALENT_COUNTERMODEL_SURVIVES,ALL_REAL_BETA_UNDER_UNRESTRICTED_REPARAMETERIZATION,69,-0.5,2.0,2.5,16,1.7763568394002505e-15,ASSUMPTION_CONDITIONAL_IDENTIFICATION_COUNTERMODELS_OUTSIDE_BOUNDS,True,0.6724507245348652,0.9644510637946128,0.29200033925974755,False,False,False
REPLICATION,R0_VALID,101049,CAUSAL_CANDIDATE_UNDER_ASSUMPTIONS,0.8238238180554308,OBSERVATIONALLY_EQUIVALENT_COUNTERMODEL_SURVIVES,ALL_REAL_BETA_UNDER_UNRESTRICTED_REPARAMETERIZATION,69,-0.5,2.0,2.5,16,1.7763568394002505e-15,ASSUMPTION_CONDITIONAL_IDENTIFICATION_COUNTERMODELS_OUTSIDE_BOUNDS,True,0.6824011910595921,0.9575469055414624,0.2751457144818703,False,False,False
REPLICATION,R0_VALID,101050,CAUSAL_CANDIDATE_UNDER_ASSUMPTIONS,0.8120545118668866,OBSERVATIONALLY_EQUIVALENT_COUNTERMODEL_SURVIVES,ALL_REAL_BETA_UNDER_UNRESTRICTED_REPARAMETERIZATION,69,-0.5,2.0,2.5,17,1.7763568394002505e-15,ASSUMPTION_CONDITIONAL_IDENTIFICATION_COUNTERMODELS_OUTSIDE_BOUNDS,True,0.6664124233108274,0.957870351649123,0.29145792833829565,False,False,False
REPLICATION,R0_VALID,101051,CAUSAL_CANDIDATE_UNDER_ASSUMPTIONS,0.8017539790270957,OBSERVATIONALLY_EQUIVALENT_COUNTERMODEL_SURVIVES,ALL_REAL_BETA_UNDER_UNRESTRICTED_REPARAMETERIZATION,69,-0.5,2.0,2.5,17,1.7763568394002505e-15,ASSUMPTION_CONDITIONAL_IDENTIFICATION_COUNTERMODELS_OUTSIDE_BOUNDS,True,0.6542551810799848,0.9490822435766246,0.2948270624966398,False,False,False
REPLICATION,R0_VALID,101052,CAUSAL_CANDIDATE_UNDER_ASSUMPTIONS,0.8263175463819019,OBSERVATIONALLY_EQUIVALENT_COUNTERMODEL_SURVIVES,ALL_REAL_BETA_UNDER_UNRESTRICTED_REPARAMETERIZATION,69,-0.5,2.0,2.5,15,1.7763568394002505e-15,ASSUMPTION_CONDITIONAL_IDENTIFICATION_COUNTERMODELS_OUTSIDE_BOUNDS,True,0.6800325485727967,0.9724689212920887,0.292436372719292,False,False,False
REPLICATION,R0_VALID,101053,CAUSAL_CANDIDATE_UNDER_ASSUMPTIONS,0.8074612084687774,OBSERVATIONALLY_EQUIVALENT_COUNTERMODEL_SURVIVES,ALL_REAL_BETA_UNDER_UNRESTRICTED_REPARAMETERIZATION,69,-0.5,2.0,2.5,17,1.7763568394002505e-15,ASSUMPTION_CONDITIONAL_IDENTIFICATION_COUNTERMODELS_OUTSIDE_BOUNDS,True,0.661628146658439,0.9532739127820821,0.291645766123643,False,False,False
REPLICATION,R0_VALID,101054,CAUSAL_CANDIDATE_UNDER_ASSUMPTIONS,0.7844410149118018,OBSERVATIONALLY_EQUIVALENT_COUNTERMODEL_SURVIVES,ALL_REAL_BETA_UNDER_UNRESTRICTED_REPARAMETERIZATION,69,-0.5,2.0,2.5,17,1.7763568394002505e-15,ASSUMPTION_CONDITIONAL_IDENTIFICATION_COUNTERMODELS_OUTSIDE_BOUNDS,True,0.637285411142338,0.9310366945099218,0.2937512833675837,False,False,False
REPLICATION,R0_VALID,101055,CAUSAL_CANDIDATE_UNDER_ASSUMPTIONS,0.8113720728331879,OBSERVATIONALLY_EQUIVALENT_COUNTERMODEL_SURVIVES,ALL_REAL_BETA_UNDER_UNRESTRICTED_REPARAMETERIZATION,69,-0.5,2.0,2.5,17,1.7763568394002505e-15,ASSUMPTION_CONDITIONAL_IDENTIFICATION_COUNTERMODELS_OUTSIDE_BOUNDS,True,0.6713846846956327,0.9469217793290968,0.2755370946334641,False,False,False
REPLICATION,R0_VALID,101056,CAUSAL_CANDIDATE_UNDER_ASSUMPTIONS,0.8271669178939999,OBSERVATIONALLY_EQUIVALENT_COUNTERMODEL_SURVIVES,ALL_REAL_BETA_UNDER_UNRESTRICTED_REPARAMETERIZATION,69,-0.5,2.0,2.5,16,1.7763568394002505e-15,ASSUMPTION_CONDITIONAL_IDENTIFICATION_COUNTERMODELS_OUTSIDE_BOUNDS,True,0.6832688144961302,0.9712544163540102,0.28798560185788,False,False,False
REPLICATION,R0_VALID,101057,CAUSAL_CANDIDATE_UNDER_ASSUMPTIONS,0.8128866290806593,OBSERVATIONALLY_EQUIVALENT_COUNTERMODEL_SURVIVES,ALL_REAL_BETA_UNDER_UNRESTRICTED_REPARAMETERIZATION,69,-0.5,2.0,2.5,17,1.7763568394002505e-15,ASSUMPTION_CONDITIONAL_IDENTIFICATION_COUNTERMODELS_OUTSIDE_BOUNDS,True,0.6709560908185327,0.9506180985160713,0.2796620076975386,False,False,False
REPLICATION,R0_VALID,101058,CAUSAL_CANDIDATE_UNDER_ASSUMPTIONS,0.7921469790578909,OBSERVATIONALLY_EQUIVALENT_COUNTERMODEL_SURVIVES,ALL_REAL_BETA_UNDER_UNRESTRICTED_REPARAMETERIZATION,69,-0.5,2.0,2.5,17,1.7763568394002505e-15,ASSUMPTION_CONDITIONAL_IDENTIFICATION_COUNTERMODELS_OUTSIDE_BOUNDS,True,0.646071318860224,0.9373843433257256,0.29131302446550167,False,False,False
REPLICATION,R0_VALID,101059,CAUSAL_CANDIDATE_UNDER_ASSUMPTIONS,0.7875712135710032,OBSERVATIONALLY_EQUIVALENT_COUNTERMODEL_SURVIVES,ALL_REAL_BETA_UNDER_UNRESTRICTED_REPARAMETERIZATION,69,-0.5,2.0,2.5,19,1.7763568394002505e-15,ASSUMPTION_CONDITIONAL_IDENTIFICATION_COUNTERMODELS_OUTSIDE_BOUNDS,True,0.6427549053351013,0.9320069906590293,0.289252085323928,False,False,False
REPLICATION,R0_VALID,101060,CAUSAL_CANDIDATE_UNDER_ASSUMPTIONS,0.8000307369056285,OBSERVATIONALLY_EQUIVALENT_COUNTERMODEL_SURVIVES,ALL_REAL_BETA_UNDER_UNRESTRICTED_REPARAMETERIZATION,69,-0.5,2.0,2.5,17,1.7763568394002505e-15,ASSUMPTION_CONDITIONAL_IDENTIFICATION_COUNTERMODELS_OUTSIDE_BOUNDS,True,0.6545596768445625,0.9457783174475488,0.2912186406029863,False,False,False
REPLICATION,R0_VALID,101061,CAUSAL_CANDIDATE_UNDER_ASSUMPTIONS,0.8054624714692105,OBSERVATIONALLY_EQUIVALENT_COUNTERMODEL_SURVIVES,ALL_REAL_BETA_UNDER_UNRESTRICTED_REPARAMETERIZATION,69,-0.5,2.0,2.5,18,1.7763568394002505e-15,ASSUMPTION_CONDITIONAL_IDENTIFICATION_COUNTERMODELS_OUTSIDE_BOUNDS,True,0.6577542288490538,0.953164068392877,0.29540983954382327,False,False,False
REPLICATION,R0_VALID,101062,CAUSAL_CANDIDATE_UNDER_ASSUMPTIONS,0.7948823553924989,OBSERVATIONALLY_EQUIVALENT_COUNTERMODEL_SURVIVES,ALL_REAL_BETA_UNDER_UNRESTRICTED_REPARAMETERIZATION,69,-0.5,2.0,2.5,16,1.7763568394002505e-15,ASSUMPTION_CONDITIONAL_IDENTIFICATION_COUNTERMODELS_OUTSIDE_BOUNDS,True,0.6478738398009334,0.9416150561512023,0.29374121635026895,False,False,False
REPLICATION,R0_VALID,101063,CAUSAL_CANDIDATE_UNDER_ASSUMPTIONS,0.786779215040978,OBSERVATIONALLY_EQUIVALENT_COUNTERMODEL_SURVIVES,ALL_REAL_BETA_UNDER_UNRESTRICTED_REPARAMETERIZATION,69,-0.5,2.0,2.5,18,1.7763568394002505e-15,ASSUMPTION_CONDITIONAL_IDENTIFICATION_COUNTERMODELS_OUTSIDE_BOUNDS,True,0.640499825395829,0.9315128247698315,0.2910129993740026,False,False,False
REPLICATION,R1_COORDINATED_EXCLUSION,101000,CAUSAL_CANDIDATE_UNDER_ASSUMPTIONS,1.2943600320271278,OBSERVATIONALLY_EQUIVALENT_COUNTERMODEL_SURVIVES,ALL_REAL_BETA_UNDER_UNRESTRICTED_REPARAMETERIZATION,69,-0.5,2.0,2.5,1,1.7763568394002505e-15,ASSUMPTION_CONDITIONAL_IDENTIFICATION_COUNTERMODELS_OUTSIDE_BOUNDS,True,1.1484321097678167,1.4389539790724661,0.2905218693046494,False,False,False
REPLICATION,R1_COORDINATED_EXCLUSION,101001,CAUSAL_CANDIDATE_UNDER_ASSUMPTIONS,1.2853674978168732,OBSERVATIONALLY_EQUIVALENT_COUNTERMODEL_SURVIVES,ALL_REAL_BETA_UNDER_UNRESTRICTED_REPARAMETERIZATION,69,-0.5,2.0,2.5,2,1.7763568394002505e-15,ASSUMPTION_CONDITIONAL_IDENTIFICATION_COUNTERMODELS_OUTSIDE_BOUNDS,True,1.1356756503479537,1.4347089511253768,0.2990333007774231,False,False,False
REPLICATION,R1_COORDINATED_EXCLUSION,101002,CAUSAL_CANDIDATE_UNDER_ASSUMPTIONS,1.3278121524572293,OBSERVATIONALLY_EQUIVALENT_COUNTERMODEL_SURVIVES,ALL_REAL_BETA_UNDER_UNRESTRICTED_REPARAMETERIZATION,69,-0.5,2.0,2.5,2,1.7763568394002505e-15,ASSUMPTION_CONDITIONAL_IDENTIFICATION_COUNTERMODELS_OUTSIDE_BOUNDS,True,1.1837728150305187,1.4718068976648708,0.28803408263435215,False,False,False
REPLICATION,R1_COORDINATED_EXCLUSION,101003,CAUSAL_CANDIDATE_UNDER_ASSUMPTIONS,1.2841076702300218,OBSERVATIONALLY_EQUIVALENT_COUNTERMODEL_SURVIVES,ALL_REAL_BETA_UNDER_UNRESTRICTED_REPARAMETERIZATION,69,-0.5,2.0,2.5,2,1.7763568394002505e-15,ASSUMPTION_CONDITIONAL_IDENTIFICATION_COUNTERMODELS_OUTSIDE_BOUNDS,True,1.1385640205490795,1.4289463890923029,0.2903823685432234,False,False,False
REPLICATION,R1_COORDINATED_EXCLUSION,101004,CAUSAL_CANDIDATE_UNDER_ASSUMPTIONS,1.3027057240993136,OBSERVATIONALLY_EQUIVALENT_COUNTERMODEL_SURVIVES,ALL_REAL_BETA_UNDER_UNRESTRICTED_REPARAMETERIZATION,69,-0.5,2.0,2.5,2,1.7763568394002505e-15,ASSUMPTION_CONDITIONAL_IDENTIFICATION_COUNTERMODELS_OUTSIDE_BOUNDS,True,1.1577007447691559,1.4478341481133796,0.2901334033442238,False,False,False
REPLICATION,R1_COORDINATED_EXCLUSION,101005,CAUSAL_CANDIDATE_UNDER_ASSUMPTIONS,1.2950112172415247,OBSERVATIONALLY_EQUIVALENT_COUNTERMODEL_SURVIVES,ALL_REAL_BETA_UNDER_UNRESTRICTED_REPARAMETERIZATION,69,-0.5,2.0,2.5,1,1.7763568394002505e-15,ASSUMPTION_CONDITIONAL_IDENTIFICATION_COUNTERMODELS_OUTSIDE_BOUNDS,True,1.1490430895167785,1.4404929027748534,0.29144981325807495,False,False,False
REPLICATION,R1_COORDINATED_EXCLUSION,101006,CAUSAL_CANDIDATE_UNDER_ASSUMPTIONS,1.3081891469702491,OBSERVATIONALLY_EQUIVALENT_COUNTERMODEL_SURVIVES,ALL_REAL_BETA_UNDER_UNRESTRICTED_REPARAMETERIZATION,69,-0.5,2.0,2.5,2,1.3322676295501878e-15,ASSUMPTION_CONDITIONAL_IDENTIFICATION_COUNTERMODELS_OUTSIDE_BOUNDS,True,1.1669420150783048,1.4506193503227394,0.2836773352444346,False,False,False
REPLICATION,R1_COORDINATED_EXCLUSION,101007,CAUSAL_CANDIDATE_UNDER_ASSUMPTIONS,1.2994122409357582,OBSERVATIONALLY_EQUIVALENT_COUNTERMODEL_SURVIVES,ALL_REAL_BETA_UNDER_UNRESTRICTED_REPARAMETERIZATION,69,-0.5,2.0,2.5,1,1.7763568394002505e-15,ASSUMPTION_CONDITIONAL_IDENTIFICATION_COUNTERMODELS_OUTSIDE_BOUNDS,True,1.152710780360867,1.4461857572021335,0.29347497684126655,False,False,False
REPLICATION,R1_COORDINATED_EXCLUSION,101008,CAUSAL_CANDIDATE_UNDER_ASSUMPTIONS,1.2764435256605,OBSERVATIONALLY_EQUIVALENT_COUNTERMODEL_SURVIVES,ALL_REAL_BETA_UNDER_UNRESTRICTED_REPARAMETERIZATION,69,-0.5,2.0,2.5,2,1.3322676295501878e-15,ASSUMPTION_CONDITIONAL_IDENTIFICATION_COUNTERMODELS_OUTSIDE_BOUNDS,True,1.1305085689862688,1.4224600370034264,0.29195146801715754,False,False,False
REPLICATION,R1_COORDINATED_EXCLUSION,101009,CAUSAL_CANDIDATE_UNDER_ASSUMPTIONS,1.3118094032251897,OBSERVATIONALLY_EQUIVALENT_COUNTERMODEL_SURVIVES,ALL_REAL_BETA_UNDER_UNRESTRICTED_REPARAMETERIZATION,69,-0.5,2.0,2.5,2,1.7763568394002505e-15,ASSUMPTION_CONDITIONAL_IDENTIFICATION_COUNTERMODELS_OUTSIDE_BOUNDS,True,1.1652684933761526,1.4572460085544998,0.29197751517834725,False,False,False
REPLICATION,R1_COORDINATED_EXCLUSION,101010,CAUSAL_CANDIDATE_UNDER_ASSUMPTIONS,1.3148809857982584,OBSERVATIONALLY_EQUIVALENT_COUNTERMODEL_SURVIVES,ALL_REAL_BETA_UNDER_UNRESTRICTED_REPARAMETERIZATION,69,-0.5,2.0,2.5,1,1.7763568394002505e-15,ASSUMPTION_CONDITIONAL_IDENTIFICATION_COUNTERMODELS_OUTSIDE_BOUNDS,True,1.1689194677950994,1.4607472075990557,0.2918277398039564,False,False,False
REPLICATION,R1_COORDINATED_EXCLUSION,101011,CAUSAL_CANDIDATE_UNDER_ASSUMPTIONS,1.2883959240751748,OBSERVATIONALLY_EQUIVALENT_COUNTERMODEL_SURVIVES,ALL_REAL_BETA_UNDER_UNRESTRICTED_REPARAMETERIZATION,69,-0.5,2.0,2.5,1,1.3322676295501878e-15,ASSUMPTION_CONDITIONAL_IDENTIFICATION_COUNTERMODELS_OUTSIDE_BOUNDS,True,1.1428158183477652,1.4323302611075686,0.2895144427598033,False,False,False
REPLICATION,R1_COORDINATED_EXCLUSION,101012,CAUSAL_CANDIDATE_UNDER_ASSUMPTIONS,1.3222450675655641,OBSERVATIONALLY_EQUIVALENT_COUNTERMODEL_SURVIVES,ALL_REAL_BETA_UNDER_UNRESTRICTED_REPARAMETERIZATION,69,-0.5,2.0,2.5,1,1.7763568394002505e-15,ASSUMPTION_CONDITIONAL_IDENTIFICATION_COUNTERMODELS_OUTSIDE_BOUNDS,True,1.1758993108256344,1.4686829075753913,0.29278359674975696,False,False,False
REPLICATION,R1_COORDINATED_EXCLUSION,101013,CAUSAL_CANDIDATE_UNDER_ASSUMPTIONS,1.3116519626817862,OBSERVATIONALLY_EQUIVALENT_COUNTERMODEL_SURVIVES,ALL_REAL_BETA_UNDER_UNRESTRICTED_REPARAMETERIZATION,69,-0.5,2.0,2.5,2,8.881784197001252e-16,ASSUMPTION_CONDITIONAL_IDENTIFICATION_COUNTERMODELS_OUTSIDE_BOUNDS,True,1.1666444749005003,1.4566187336927865,0.2899742587922862,False,False,False
REPLICATION,R1_COORDINATED_EXCLUSION,101014,CAUSAL_CANDIDATE_UNDER_ASSUMPTIONS,1.3192366432576996,OBSERVATIONALLY_EQUIVALENT_COUNTERMODEL_SURVIVES,ALL_REAL_BETA_UNDER_UNRESTRICTED_REPARAMETERIZATION,69,-0.5,2.0,2.5,1,8.881784197001252e-16,ASSUMPTION_CONDITIONAL_IDENTIFICATION_COUNTERMODELS_OUTSIDE_BOUNDS,True,1.1785952851050026,1.4603398321799848,0.2817445470749822,False,False,False
REPLICATION,R1_COORDINATED_EXCLUSION,101015,CAUSAL_CANDIDATE_UNDER_ASSUMPTIONS,1.3144313680214692,OBSERVATIONALLY_EQUIVALENT_COUNTERMODEL_SURVIVES,ALL_REAL_BETA_UNDER_UNRESTRICTED_REPARAMETERIZATION,69,-0.5,2.0,2.5,1,1.7763568394002505e-15,ASSUMPTION_CONDITIONAL_IDENTIFICATION_COUNTERMODELS_OUTSIDE_BOUNDS,True,1.1712370887342898,1.4562558669704526,0.28501877823616284,False,False,False
REPLICATION,R1_COORDINATED_EXCLUSION,101016,CAUSAL_CANDIDATE_UNDER_ASSUMPTIONS,1.3066854129948238,OBSERVATIONALLY_EQUIVALENT_COUNTERMODEL_SURVIVES,ALL_REAL_BETA_UNDER_UNRESTRICTED_REPARAMETERIZATION,69,-0.5,2.0,2.5,2,1.7763568394002505e-15,ASSUMPTION_CONDITIONAL_IDENTIFICATION_COUNTERMODELS_OUTSIDE_BOUNDS,True,1.1630830909154608,1.4505803593040665,0.2874972683886057,False,False,False
REPLICATION,R1_COORDINATED_EXCLUSION,101017,CAUSAL_CANDIDATE_UNDER_ASSUMPTIONS,1.322424242308145,OBSERVATIONALLY_EQUIVALENT_COUNTERMODEL_SURVIVES,ALL_REAL_BETA_UNDER_UNRESTRICTED_REPARAMETERIZATION,69,-0.5,2.0,2.5,1,1.7763568394002505e-15,ASSUMPTION_CONDITIONAL_IDENTIFICATION_COUNTERMODELS_OUTSIDE_BOUNDS,True,1.1771550870322434,1.4679237852386444,0.29076869820640106,False,False,False
REPLICATION,R1_COORDINATED_EXCLUSION,101018,CAUSAL_CANDIDATE_UNDER_ASSUMPTIONS,1.298193428589197,OBSERVATIONALLY_EQUIVALENT_COUNTERMODEL_SURVIVES,ALL_REAL_BETA_UNDER_UNRESTRICTED_REPARAMETERIZATION,69,-0.5,2.0,2.5,1,1.7763568394002505e-15,ASSUMPTION_CONDITIONAL_IDENTIFICATION_COUNTERMODELS_OUTSIDE_BOUNDS,True,1.1533124265300585,1.443159293881784,0.2898468673517256,False,False,False
REPLICATION,R1_COORDINATED_EXCLUSION,101019,CAUSAL_CANDIDATE_UNDER_ASSUMPTIONS,1.2759657697681477,OBSERVATIONALLY_EQUIVALENT_COUNTERMODEL_SURVIVES,ALL_REAL_BETA_UNDER_UNRESTRICTED_REPARAMETERIZATION,69,-0.5,2.0,2.5,2,9.992007221626409e-16,ASSUMPTION_CONDITIONAL_IDENTIFICATION_COUNTERMODELS_OUTSIDE_BOUNDS,True,1.1246994266137065,1.4269224013287887,0.3022229747150822,False,False,False
REPLICATION,R1_COORDINATED_EXCLUSION,101020,CAUSAL_CANDIDATE_UNDER_ASSUMPTIONS,1.2998532426912575,OBSERVATIONALLY_EQUIVALENT_COUNTERMODEL_SURVIVES,ALL_REAL_BETA_UNDER_UNRESTRICTED_REPARAMETERIZATION,69,-0.5,2.0,2.5,1,1.7763568394002505e-15,ASSUMPTION_CONDITIONAL_IDENTIFICATION_COUNTERMODELS_OUTSIDE_BOUNDS,True,1.152467909407048,1.4477049170953886,0.2952370076883406,False,False,False
REPLICATION,R1_COORDINATED_EXCLUSION,101021,CAUSAL_CANDIDATE_UNDER_ASSUMPTIONS,1.2774015998331552,OBSERVATIONALLY_EQUIVALENT_COUNTERMODEL_SURVIVES,ALL_REAL_BETA_UNDER_UNRESTRICTED_REPARAMETERIZATION,69,-0.5,2.0,2.5,2,1.7763568394002505e-15,ASSUMPTION_CONDITIONAL_IDENTIFICATION_COUNTERMODELS_OUTSIDE_BOUNDS,True,1.133146383440753,1.420956046912635,0.2878096634718821,False,False,False
REPLICATION,R1_COORDINATED_EXCLUSION,101022,CAUSAL_CANDIDATE_UNDER_ASSUMPTIONS,1.2960734645797045,OBSERVATIONALLY_EQUIVALENT_COUNTERMODEL_SURVIVES,ALL_REAL_BETA_UNDER_UNRESTRICTED_REPARAMETERIZATION,69,-0.5,2.0,2.5,1,1.7763568394002505e-15,ASSUMPTION_CONDITIONAL_IDENTIFICATION_COUNTERMODELS_OUTSIDE_BOUNDS,True,1.1530287994761466,1.438433679318939,0.2854048798427924,False,False,False
REPLICATION,R1_COORDINATED_EXCLUSION,101023,CAUSAL_CANDIDATE_UNDER_ASSUMPTIONS,1.301519270648272,OBSERVATIONALLY_EQUIVALENT_COUNTERMODEL_SURVIVES,ALL_REAL_BETA_UNDER_UNRESTRICTED_REPARAMETERIZATION,69,-0.5,2.0,2.5,2,1.7763568394002505e-15,ASSUMPTION_CONDITIONAL_IDENTIFICATION_COUNTERMODELS_OUTSIDE_BOUNDS,True,1.153783879808211,1.4492253868477052,0.29544150703949423,False,False,False
REPLICATION,R1_COORDINATED_EXCLUSION,101024,CAUSAL_CANDIDATE_UNDER_ASSUMPTIONS,1.3348007350371827,OBSERVATIONALLY_EQUIVALENT_COUNTERMODEL_SURVIVES,ALL_REAL_BETA_UNDER_UNRESTRICTED_REPARAMETERIZATION,69,-0.5,2.0,2.5,2,8.881784197001252e-16,ASSUMPTION_CONDITIONAL_IDENTIFICATION_COUNTERMODELS_OUTSIDE_BOUNDS,True,1.1908507828978054,1.4778737332487,0.28702295035089453,False,False,False
REPLICATION,R1_COORDINATED_EXCLUSION,101025,CAUSAL_CANDIDATE_UNDER_ASSUMPTIONS,1.296307060178047,OBSERVATIONALLY_EQUIVALENT_COUNTERMODEL_SURVIVES,ALL_REAL_BETA_UNDER_UNRESTRICTED_REPARAMETERIZATION,69,-0.5,2.0,2.5,1,1.3322676295501878e-15,ASSUMPTION_CONDITIONAL_IDENTIFICATION_COUNTERMODELS_OUTSIDE_BOUNDS,True,1.1463220505095106,1.446055530995792,0.29973348048628146,False,False,False
REPLICATION,R1_COORDINATED_EXCLUSION,101026,CAUSAL_CANDIDATE_UNDER_ASSUMPTIONS,1.2723208425508685,OBSERVATIONALLY_EQUIVALENT_COUNTERMODEL_SURVIVES,ALL_REAL_BETA_UNDER_UNRESTRICTED_REPARAMETERIZATION,69,-0.5,2.0,2.5,1,1.3322676295501878e-15,ASSUMPTION_CONDITIONAL_IDENTIFICATION_COUNTERMODELS_OUTSIDE_BOUNDS,True,1.1249414271914298,1.4189338742313706,0.2939924470399409,False,False,False
REPLICATION,R1_COORDINATED_EXCLUSION,101027,CAUSAL_CANDIDATE_UNDER_ASSUMPTIONS,1.2911572620211758,OBSERVATIONALLY_EQUIVALENT_COUNTERMODEL_SURVIVES,ALL_REAL_BETA_UNDER_UNRESTRICTED_REPARAMETERIZATION,69,-0.5,2.0,2.5,1,1.7763568394002505e-15,ASSUMPTION_CONDITIONAL_IDENTIFICATION_COUNTERMODELS_OUTSIDE_BOUNDS,True,1.145040659444031,1.4371588203801455,0.29211816093611453,False,False,False
REPLICATION,R1_COORDINATED_EXCLUSION,101028,CAUSAL_CANDIDATE_UNDER_ASSUMPTIONS,1.291666102293188,OBSERVATIONALLY_EQUIVALENT_COUNTERMODEL_SURVIVES,ALL_REAL_BETA_UNDER_UNRESTRICTED_REPARAMETERIZATION,69,-0.5,2.0,2.5,1,1.7763568394002505e-15,ASSUMPTION_CONDITIONAL_IDENTIFICATION_COUNTERMODELS_OUTSIDE_BOUNDS,True,1.1497003087181596,1.433901016683612,0.28420070796545227,False,False,False
REPLICATION,R1_COORDINATED_EXCLUSION,101029,CAUSAL_CANDIDATE_UNDER_ASSUMPTIONS,1.3143952534628287,OBSERVATIONALLY_EQUIVALENT_COUNTERMODEL_SURVIVES,ALL_REAL_BETA_UNDER_UNRESTRICTED_REPARAMETERIZATION,69,-0.5,2.0,2.5,1,1.3322676295501878e-15,ASSUMPTION_CONDITIONAL_IDENTIFICATION_COUNTERMODELS_OUTSIDE_BOUNDS,True,1.1710613840648876,1.4573798571495085,0.2863184730846209,False,False,False
REPLICATION,R1_COORDINATED_EXCLUSION,101030,CAUSAL_CANDIDATE_UNDER_ASSUMPTIONS,1.2808570167933095,OBSERVATIONALLY_EQUIVALENT_COUNTERMODEL_SURVIVES,ALL_REAL_BETA_UNDER_UNRESTRICTED_REPARAMETERIZATION,69,-0.5,2.0,2.5,2,1.7763568394002505e-15,ASSUMPTION_CONDITIONAL_IDENTIFICATION_COUNTERMODELS_OUTSIDE_BOUNDS,True,1.1339955518144265,1.4271714999672014,0.2931759481527749,False,False,False
REPLICATION,R1_COORDINATED_EXCLUSION,101031,CAUSAL_CANDIDATE_UNDER_ASSUMPTIONS,1.3131456006943572,OBSERVATIONALLY_EQUIVALENT_COUNTERMODEL_SURVIVES,ALL_REAL_BETA_UNDER_UNRESTRICTED_REPARAMETERIZATION,69,-0.5,2.0,2.5,1,1.7763568394002505e-15,ASSUMPTION_CONDITIONAL_IDENTIFICATION_COUNTERMODELS_OUTSIDE_BOUNDS,True,1.1663815543406164,1.4599352517229807,0.29355369738236425,False,False,False
REPLICATION,R1_COORDINATED_EXCLUSION,101032,CAUSAL_CANDIDATE_UNDER_ASSUMPTIONS,1.3003630144026141,OBSERVATIONALLY_EQUIVALENT_COUNTERMODEL_SURVIVES,ALL_REAL_BETA_UNDER_UNRESTRICTED_REPARAMETERIZATION,69,-0.5,2.0,2.5,2,1.7763568394002505e-15,ASSUMPTION_CONDITIONAL_IDENTIFICATION_COUNTERMODELS_OUTSIDE_BOUNDS,True,1.1562358843323788,1.4447424002597358,0.288506515927357,False,False,False
REPLICATION,R1_COORDINATED_EXCLUSION,101033,CAUSAL_CANDIDATE_UNDER_ASSUMPTIONS,1.3116953632615185,OBSERVATIONALLY_EQUIVALENT_COUNTERMODEL_SURVIVES,ALL_REAL_BETA_UNDER_UNRESTRICTED_REPARAMETERIZATION,69,-0.5,2.0,2.5,2,1.7763568394002505e-15,ASSUMPTION_CONDITIONAL_IDENTIFICATION_COUNTERMODELS_OUTSIDE_BOUNDS,True,1.1685093125162327,1.4548908784857255,0.2863815659694928,False,False,False
REPLICATION,R1_COORDINATED_EXCLUSION,101034,CAUSAL_CANDIDATE_UNDER_ASSUMPTIONS,1.2792411930210033,OBSERVATIONALLY_EQUIVALENT_COUNTERMODEL_SURVIVES,ALL_REAL_BETA_UNDER_UNRESTRICTED_REPARAMETERIZATION,69,-0.5,2.0,2.5,2,1.7763568394002505e-15,ASSUMPTION_CONDITIONAL_IDENTIFICATION_COUNTERMODELS_OUTSIDE_BOUNDS,True,1.1359845267673456,1.422481983623867,0.2864974568565213,False,False,False
REPLICATION,R1_COORDINATED_EXCLUSION,101035,CAUSAL_CANDIDATE_UNDER_ASSUMPTIONS,1.2971132033610266,OBSERVATIONALLY_EQUIVALENT_COUNTERMODEL_SURVIVES,ALL_REAL_BETA_UNDER_UNRESTRICTED_REPARAMETERIZATION,69,-0.5,2.0,2.5,1,1.3322676295501878e-15,ASSUMPTION_CONDITIONAL_IDENTIFICATION_COUNTERMODELS_OUTSIDE_BOUNDS,True,1.1441955150150234,1.4500949572847737,0.3058994422697503,False,False,False
REPLICATION,R1_COORDINATED_EXCLUSION,101036,CAUSAL_CANDIDATE_UNDER_ASSUMPTIONS,1.286739590575286,OBSERVATIONALLY_EQUIVALENT_COUNTERMODEL_SURVIVES,ALL_REAL_BETA_UNDER_UNRESTRICTED_REPARAMETERIZATION,69,-0.5,2.0,2.5,2,1.7763568394002505e-15,ASSUMPTION_CONDITIONAL_IDENTIFICATION_COUNTERMODELS_OUTSIDE_BOUNDS,True,1.1414399276478742,1.4324532087376802,0.29101328108980606,False,False,False
REPLICATION,R1_COORDINATED_EXCLUSION,101037,CAUSAL_CANDIDATE_UNDER_ASSUMPTIONS,1.3122994802318542,OBSERVATIONALLY_EQUIVALENT_COUNTERMODEL_SURVIVES,ALL_REAL_BETA_UNDER_UNRESTRICTED_REPARAMETERIZATION,69,-0.5,2.0,2.5,2,1.3322676295501878e-15,ASSUMPTION_CONDITIONAL_IDENTIFICATION_COUNTERMODELS_OUTSIDE_BOUNDS,True,1.164945004123327,1.459748616602601,0.2948036124792741,False,False,False
REPLICATION,R1_COORDINATED_EXCLUSION,101038,CAUSAL_CANDIDATE_UNDER_ASSUMPTIONS,1.30073640249845,OBSERVATIONALLY_EQUIVALENT_COUNTERMODEL_SURVIVES,ALL_REAL_BETA_UNDER_UNRESTRICTED_REPARAMETERIZATION,69,-0.5,2.0,2.5,2,1.7763568394002505e-15,ASSUMPTION_CONDITIONAL_IDENTIFICATION_COUNTERMODELS_OUTSIDE_BOUNDS,True,1.1555737952831249,1.446035262074976,0.29046146679185103,False,False,False
REPLICATION,R1_COORDINATED_EXCLUSION,101039,CAUSAL_CANDIDATE_UNDER_ASSUMPTIONS,1.3031497171939914,OBSERVATIONALLY_EQUIVALENT_COUNTERMODEL_SURVIVES,ALL_REAL_BETA_UNDER_UNRESTRICTED_REPARAMETERIZATION,69,-0.5,2.0,2.5,2,1.7763568394002505e-15,ASSUMPTION_CONDITIONAL_IDENTIFICATION_COUNTERMODELS_OUTSIDE_BOUNDS,True,1.1596101589261867,1.4461288363328126,0.28651867740662595,False,False,False
REPLICATION,R1_COORDINATED_EXCLUSION,101040,CAUSAL_CANDIDATE_UNDER_ASSUMPTIONS,1.2944298857714738,OBSERVATIONALLY_EQUIVALENT_COUNTERMODEL_SURVIVES,ALL_REAL_BETA_UNDER_UNRESTRICTED_REPARAMETERIZATION,69,-0.5,2.0,2.5,1,1.7763568394002505e-15,ASSUMPTION_CONDITIONAL_IDENTIFICATION_COUNTERMODELS_OUTSIDE_BOUNDS,True,1.1523616322534822,1.436767837117816,0.2844062048643339,False,False,False
REPLICATION,R1_COORDINATED_EXCLUSION,101041,CAUSAL_CANDIDATE_UNDER_ASSUMPTIONS,1.306822250829509,OBSERVATIONALLY_EQUIVALENT_COUNTERMODEL_SURVIVES,ALL_REAL_BETA_UNDER_UNRESTRICTED_REPARAMETERIZATION,69,-0.5,2.0,2.5,2,1.3322676295501878e-15,ASSUMPTION_CONDITIONAL_IDENTIFICATION_COUNTERMODELS_OUTSIDE_BOUNDS,True,1.1601397878763997,1.4529803811410529,0.29284059326465317,False,False,False
REPLICATION,R1_COORDINATED_EXCLUSION,101042,CAUSAL_CANDIDATE_UNDER_ASSUMPTIONS,1.281747433579779,OBSERVATIONALLY_EQUIVALENT_COUNTERMODEL_SURVIVES,ALL_REAL_BETA_UNDER_UNRESTRICTED_REPARAMETERIZATION,69,-0.5,2.0,2.5,2,1.7763568394002505e-15,ASSUMPTION_CONDITIONAL_IDENTIFICATION_COUNTERMODELS_OUTSIDE_BOUNDS,True,1.1361028639477624,1.4277378155376206,0.2916349515898582,False,False,False
REPLICATION,R1_COORDINATED_EXCLUSION,101043,CAUSAL_CANDIDATE_UNDER_ASSUMPTIONS,1.3003951017421571,OBSERVATIONALLY_EQUIVALENT_COUNTERMODEL_SURVIVES,ALL_REAL_BETA_UNDER_UNRESTRICTED_REPARAMETERIZATION,69,-0.5,2.0,2.5,2,1.7763568394002505e-15,ASSUMPTION_CONDITIONAL_IDENTIFICATION_COUNTERMODELS_OUTSIDE_BOUNDS,True,1.154864255454628,1.4448673027707108,0.29000304731608284,False,False,False
REPLICATION,R1_COORDINATED_EXCLUSION,101044,CAUSAL_CANDIDATE_UNDER_ASSUMPTIONS,1.2894982056911994,OBSERVATIONALLY_EQUIVALENT_COUNTERMODEL_SURVIVES,ALL_REAL_BETA_UNDER_UNRESTRICTED_REPARAMETERIZATION,69,-0.5,2.0,2.5,1,1.7763568394002505e-15,ASSUMPTION_CONDITIONAL_IDENTIFICATION_COUNTERMODELS_OUTSIDE_BOUNDS,True,1.144276014827137,1.434727247876449,0.2904512330493121,False,False,False
REPLICATION,R1_COORDINATED_EXCLUSION,101045,CAUSAL_CANDIDATE_UNDER_ASSUMPTIONS,1.2773202802347468,OBSERVATIONALLY_EQUIVALENT_COUNTERMODEL_SURVIVES,ALL_REAL_BETA_UNDER_UNRESTRICTED_REPARAMETERIZATION,69,-0.5,2.0,2.5,2,1.7763568394002505e-15,ASSUMPTION_CONDITIONAL_IDENTIFICATION_COUNTERMODELS_OUTSIDE_BOUNDS,True,1.1351479710240668,1.4198133756828657,0.28466540465879886,False,False,False
REPLICATION,R1_COORDINATED_EXCLUSION,101046,CAUSAL_CANDIDATE_UNDER_ASSUMPTIONS,1.2927508182922811,OBSERVATIONALLY_EQUIVALENT_COUNTERMODEL_SURVIVES,ALL_REAL_BETA_UNDER_UNRESTRICTED_REPARAMETERIZATION,69,-0.5,2.0,2.5,1,1.7763568394002505e-15,ASSUMPTION_CONDITIONAL_IDENTIFICATION_COUNTERMODELS_OUTSIDE_BOUNDS,True,1.14635605681085,1.4392146424123817,0.2928585856015318,False,False,False
REPLICATION,R1_COORDINATED_EXCLUSION,101047,CAUSAL_CANDIDATE_UNDER_ASSUMPTIONS,1.3390229836914689,OBSERVATIONALLY_EQUIVALENT_COUNTERMODEL_SURVIVES,ALL_REAL_BETA_UNDER_UNRESTRICTED_REPARAMETERIZATION,69,-0.5,2.0,2.5,1,8.881784197001252e-16,ASSUMPTION_CONDITIONAL_IDENTIFICATION_COUNTERMODELS_OUTSIDE_BOUNDS,True,1.1997172040491488,1.4781003941730453,0.27838319012389645,False,False,False
REPLICATION,R1_COORDINATED_EXCLUSION,101048,CAUSAL_CANDIDATE_UNDER_ASSUMPTIONS,1.3194770779129321,OBSERVATIONALLY_EQUIVALENT_COUNTERMODEL_SURVIVES,ALL_REAL_BETA_UNDER_UNRESTRICTED_REPARAMETERIZATION,69,-0.5,2.0,2.5,1,1.7763568394002505e-15,ASSUMPTION_CONDITIONAL_IDENTIFICATION_COUNTERMODELS_OUTSIDE_BOUNDS,True,1.1735366893456163,1.465507546979708,0.2919708576340918,False,False,False
REPLICATION,R1_COORDINATED_EXCLUSION,101049,CAUSAL_CANDIDATE_UNDER_ASSUMPTIONS,1.3148422280542238,OBSERVATIONALLY_EQUIVALENT_COUNTERMODEL_SURVIVES,ALL_REAL_BETA_UNDER_UNRESTRICTED_REPARAMETERIZATION,69,-0.5,2.0,2.5,1,1.7763568394002505e-15,ASSUMPTION_CONDITIONAL_IDENTIFICATION_COUNTERMODELS_OUTSIDE_BOUNDS,True,1.1716872479934637,1.454902453848259,0.2832152058547952,False,False,False
REPLICATION,R1_COORDINATED_EXCLUSION,101050,CAUSAL_CANDIDATE_UNDER_ASSUMPTIONS,1.312483005784655,OBSERVATIONALLY_EQUIVALENT_COUNTERMODEL_SURVIVES,ALL_REAL_BETA_UNDER_UNRESTRICTED_REPARAMETERIZATION,69,-0.5,2.0,2.5,2,1.7763568394002505e-15,ASSUMPTION_CONDITIONAL_IDENTIFICATION_COUNTERMODELS_OUTSIDE_BOUNDS,True,1.1671298331123088,1.458137403490698,0.2910075703783892,False,False,False
REPLICATION,R1_COORDINATED_EXCLUSION,101051,CAUSAL_CANDIDATE_UNDER_ASSUMPTIONS,1.3112116600546186,OBSERVATIONALLY_EQUIVALENT_COUNTERMODEL_SURVIVES,ALL_REAL_BETA_UNDER_UNRESTRICTED_REPARAMETERIZATION,69,-0.5,2.0,2.5,2,1.7763568394002505e-15,ASSUMPTION_CONDITIONAL_IDENTIFICATION_COUNTERMODELS_OUTSIDE_BOUNDS,True,1.1630249891619813,1.4595340627780085,0.2965090736160272,False,False,False
REPLICATION,R1_COORDINATED_EXCLUSION,101052,CAUSAL_CANDIDATE_UNDER_ASSUMPTIONS,1.3295483620864341,OBSERVATIONALLY_EQUIVALENT_COUNTERMODEL_SURVIVES,ALL_REAL_BETA_UNDER_UNRESTRICTED_REPARAMETERIZATION,69,-0.5,2.0,2.5,2,1.7763568394002505e-15,ASSUMPTION_CONDITIONAL_IDENTIFICATION_COUNTERMODELS_OUTSIDE_BOUNDS,True,1.1830936494875712,1.4760244745177662,0.29293082503019496,False,False,False
REPLICATION,R1_COORDINATED_EXCLUSION,101053,CAUSAL_CANDIDATE_UNDER_ASSUMPTIONS,1.3084093462229596,OBSERVATIONALLY_EQUIVALENT_COUNTERMODEL_SURVIVES,ALL_REAL_BETA_UNDER_UNRESTRICTED_REPARAMETERIZATION,69,-0.5,2.0,2.5,2,1.7763568394002505e-15,ASSUMPTION_CONDITIONAL_IDENTIFICATION_COUNTERMODELS_OUTSIDE_BOUNDS,True,1.162418863661299,1.4543911165014172,0.2919722528401181,False,False,False
REPLICATION,R1_COORDINATED_EXCLUSION,101054,CAUSAL_CANDIDATE_UNDER_ASSUMPTIONS,1.289420571020521,OBSERVATIONALLY_EQUIVALENT_COUNTERMODEL_SURVIVES,ALL_REAL_BETA_UNDER_UNRESTRICTED_REPARAMETERIZATION,69,-0.5,2.0,2.5,1,1.7763568394002505e-15,ASSUMPTION_CONDITIONAL_IDENTIFICATION_COUNTERMODELS_OUTSIDE_BOUNDS,True,1.1421610678688758,1.4366187537901658,0.29445768592128996,False,False,False
REPLICATION,R1_COORDINATED_EXCLUSION,101055,CAUSAL_CANDIDATE_UNDER_ASSUMPTIONS,1.3103063973955973,OBSERVATIONALLY_EQUIVALENT_COUNTERMODEL_SURVIVES,ALL_REAL_BETA_UNDER_UNRESTRICTED_REPARAMETERIZATION,69,-0.5,2.0,2.5,2,1.7763568394002505e-15,ASSUMPTION_CONDITIONAL_IDENTIFICATION_COUNTERMODELS_OUTSIDE_BOUNDS,True,1.1691222402856818,1.449624455161972,0.2805022148762901,False,False,False
REPLICATION,R1_COORDINATED_EXCLUSION,101056,CAUSAL_CANDIDATE_UNDER_ASSUMPTIONS,1.3234071306777218,OBSERVATIONALLY_EQUIVALENT_COUNTERMODEL_SURVIVES,ALL_REAL_BETA_UNDER_UNRESTRICTED_REPARAMETERIZATION,69,-0.5,2.0,2.5,1,1.7763568394002505e-15,ASSUMPTION_CONDITIONAL_IDENTIFICATION_COUNTERMODELS_OUTSIDE_BOUNDS,True,1.180355047876361,1.4668999813370922,0.2865449334607313,False,False,False
REPLICATION,R1_COORDINATED_EXCLUSION,101057,CAUSAL_CANDIDATE_UNDER_ASSUMPTIONS,1.3160857935148946,OBSERVATIONALLY_EQUIVALENT_COUNTERMODEL_SURVIVES,ALL_REAL_BETA_UNDER_UNRESTRICTED_REPARAMETERIZATION,69,-0.5,2.0,2.5,1,1.3322676295501878e-15,ASSUMPTION_CONDITIONAL_IDENTIFICATION_COUNTERMODELS_OUTSIDE_BOUNDS,True,1.1717514253172308,1.459152385951898,0.28740096063466725,False,False,False
REPLICATION,R1_COORDINATED_EXCLUSION,101058,CAUSAL_CANDIDATE_UNDER_ASSUMPTIONS,1.300149026949459,OBSERVATIONALLY_EQUIVALENT_COUNTERMODEL_SURVIVES,ALL_REAL_BETA_UNDER_UNRESTRICTED_REPARAMETERIZATION,69,-0.5,2.0,2.5,2,1.7763568394002505e-15,ASSUMPTION_CONDITIONAL_IDENTIFICATION_COUNTERMODELS_OUTSIDE_BOUNDS,True,1.154303282919664,1.445888523460799,0.291585240541135,False,False,False
REPLICATION,R1_COORDINATED_EXCLUSION,101059,CAUSAL_CANDIDATE_UNDER_ASSUMPTIONS,1.2849680713012128,OBSERVATIONALLY_EQUIVALENT_COUNTERMODEL_SURVIVES,ALL_REAL_BETA_UNDER_UNRESTRICTED_REPARAMETERIZATION,69,-0.5,2.0,2.5,2,1.7763568394002505e-15,ASSUMPTION_CONDITIONAL_IDENTIFICATION_COUNTERMODELS_OUTSIDE_BOUNDS,True,1.1407476070184959,1.4282904188899832,0.28754281187148734,False,False,False
REPLICATION,R1_COORDINATED_EXCLUSION,101060,CAUSAL_CANDIDATE_UNDER_ASSUMPTIONS,1.3018949635664518,OBSERVATIONALLY_EQUIVALENT_COUNTERMODEL_SURVIVES,ALL_REAL_BETA_UNDER_UNRESTRICTED_REPARAMETERIZATION,69,-0.5,2.0,2.5,2,1.7763568394002505e-15,ASSUMPTION_CONDITIONAL_IDENTIFICATION_COUNTERMODELS_OUTSIDE_BOUNDS,True,1.157182718919476,1.447133033858315,0.28995031493883894,False,False,False
REPLICATION,R1_COORDINATED_EXCLUSION,101061,CAUSAL_CANDIDATE_UNDER_ASSUMPTIONS,1.312498904144947,OBSERVATIONALLY_EQUIVALENT_COUNTERMODEL_SURVIVES,ALL_REAL_BETA_UNDER_UNRESTRICTED_REPARAMETERIZATION,69,-0.5,2.0,2.5,2,1.7763568394002505e-15,ASSUMPTION_CONDITIONAL_IDENTIFICATION_COUNTERMODELS_OUTSIDE_BOUNDS,True,1.1648264839840698,1.4601684018648815,0.29534191788081166,False,False,False
REPLICATION,R1_COORDINATED_EXCLUSION,101062,CAUSAL_CANDIDATE_UNDER_ASSUMPTIONS,1.2988407101932897,OBSERVATIONALLY_EQUIVALENT_COUNTERMODEL_SURVIVES,ALL_REAL_BETA_UNDER_UNRESTRICTED_REPARAMETERIZATION,69,-0.5,2.0,2.5,1,1.7763568394002505e-15,ASSUMPTION_CONDITIONAL_IDENTIFICATION_COUNTERMODELS_OUTSIDE_BOUNDS,True,1.1520390203458257,1.445821197378893,0.2937821770330673,False,False,False
REPLICATION,R1_COORDINATED_EXCLUSION,101063,CAUSAL_CANDIDATE_UNDER_ASSUMPTIONS,1.2969652954447322,OBSERVATIONALLY_EQUIVALENT_COUNTERMODEL_SURVIVES,ALL_REAL_BETA_UNDER_UNRESTRICTED_REPARAMETERIZATION,69,-0.5,2.0,2.5,1,1.7763568394002505e-15,ASSUMPTION_CONDITIONAL_IDENTIFICATION_COUNTERMODELS_OUTSIDE_BOUNDS,True,1.1530970657696418,1.43915095171011,0.2860538859404682,False,False,False
REPLICATION,R2_ALEATORIC_HIGH,101000,CAUSAL_CANDIDATE_UNDER_ASSUMPTIONS,0.7373420516162318,OBSERVATIONALLY_EQUIVALENT_COUNTERMODEL_SURVIVES,ALL_REAL_BETA_UNDER_UNRESTRICTED_REPARAMETERIZATION,69,-0.5,2.0,2.5,20,1.7763568394002505e-15,ASSUMPTION_CONDITIONAL_IDENTIFICATION_COUNTERMODELS_OUTSIDE_BOUNDS,True,0.6075415099140165,0.8631374759461092,0.2555959660320928,False,False,False
REPLICATION,R2_ALEATORIC_HIGH,101001,CAUSAL_CANDIDATE_UNDER_ASSUMPTIONS,0.763781017999366,OBSERVATIONALLY_EQUIVALENT_COUNTERMODEL_SURVIVES,ALL_REAL_BETA_UNDER_UNRESTRICTED_REPARAMETERIZATION,69,-0.5,2.0,2.5,20,1.7763568394002505e-15,ASSUMPTION_CONDITIONAL_IDENTIFICATION_COUNTERMODELS_OUTSIDE_BOUNDS,True,0.6314708250606981,0.8939116147598871,0.26244078969918905,False,False,False
REPLICATION,R2_ALEATORIC_HIGH,101002,CAUSAL_CANDIDATE_UNDER_ASSUMPTIONS,0.9104786654374171,OBSERVATIONALLY_EQUIVALENT_COUNTERMODEL_SURVIVES,ALL_REAL_BETA_UNDER_UNRESTRICTED_REPARAMETERIZATION,69,-0.5,2.0,2.5,11,1.7763568394002505e-15,ASSUMPTION_CONDITIONAL_IDENTIFICATION_COUNTERMODELS_OUTSIDE_BOUNDS,True,0.7778294721957881,1.0426412530313975,0.2648117808356094,False,False,False
REPLICATION,R2_ALEATORIC_HIGH,101003,CAUSAL_CANDIDATE_UNDER_ASSUMPTIONS,0.7696720049918713,OBSERVATIONALLY_EQUIVALENT_COUNTERMODEL_SURVIVES,ALL_REAL_BETA_UNDER_UNRESTRICTED_REPARAMETERIZATION,69,-0.5,2.0,2.5,20,1.7763568394002505e-15,ASSUMPTION_CONDITIONAL_IDENTIFICATION_COUNTERMODELS_OUTSIDE_BOUNDS,True,0.6514806757307273,0.8826554513015542,0.23117477557082688,False,False,False
REPLICATION,R2_ALEATORIC_HIGH,101004,CAUSAL_CANDIDATE_UNDER_ASSUMPTIONS,0.7814636793634249,OBSERVATIONALLY_EQUIVALENT_COUNTERMODEL_SURVIVES,ALL_REAL_BETA_UNDER_UNRESTRICTED_REPARAMETERIZATION,69,-0.5,2.0,2.5,20,1.7763568394002505e-15,ASSUMPTION_CONDITIONAL_IDENTIFICATION_COUNTERMODELS_OUTSIDE_BOUNDS,True,0.636361247139917,0.9265509637224728,0.29018971658255577,False,False,False
REPLICATION,R2_ALEATORIC_HIGH,101005,CAUSAL_CANDIDATE_UNDER_ASSUMPTIONS,0.7593064483505088,OBSERVATIONALLY_EQUIVALENT_COUNTERMODEL_SURVIVES,ALL_REAL_BETA_UNDER_UNRESTRICTED_REPARAMETERIZATION,69,-0.5,2.0,2.5,18,1.7763568394002505e-15,ASSUMPTION_CONDITIONAL_IDENTIFICATION_COUNTERMODELS_OUTSIDE_BOUNDS,True,0.6135468728173208,0.9040785942017361,0.2905317213844153,False,False,False
REPLICATION,R2_ALEATORIC_HIGH,101006,CAUSAL_CANDIDATE_UNDER_ASSUMPTIONS,0.8449903704458399,OBSERVATIONALLY_EQUIVALENT_COUNTERMODEL_SURVIVES,ALL_REAL_BETA_UNDER_UNRESTRICTED_REPARAMETERIZATION,69,-0.5,2.0,2.5,14,1.7763568394002505e-15,ASSUMPTION_CONDITIONAL_IDENTIFICATION_COUNTERMODELS_OUTSIDE_BOUNDS,True,0.7224180234596456,0.9726646541398412,0.2502466306801956,False,False,False
REPLICATION,R2_ALEATORIC_HIGH,101007,CAUSAL_CANDIDATE_UNDER_ASSUMPTIONS,0.804538976920629,OBSERVATIONALLY_EQUIVALENT_COUNTERMODEL_SURVIVES,ALL_REAL_BETA_UNDER_UNRESTRICTED_REPARAMETERIZATION,69,-0.5,2.0,2.5,19,1.7763568394002505e-15,ASSUMPTION_CONDITIONAL_IDENTIFICATION_COUNTERMODELS_OUTSIDE_BOUNDS,True,0.6616944708455386,0.947671202053912,0.2859767312083734,False,False,False
REPLICATION,R2_ALEATORIC_HIGH,101008,CAUSAL_CANDIDATE_UNDER_ASSUMPTIONS,0.7323621234924201,OBSERVATIONALLY_EQUIVALENT_COUNTERMODEL_SURVIVES,ALL_REAL_BETA_UNDER_UNRESTRICTED_REPARAMETERIZATION,69,-0.5,2.0,2.5,18,1.7763568394002505e-15,ASSUMPTION_CONDITIONAL_IDENTIFICATION_COUNTERMODELS_OUTSIDE_BOUNDS,True,0.5861882861122429,0.878595092051393,0.29240680593915,False,False,False
REPLICATION,R2_ALEATORIC_HIGH,101009,CAUSAL_CANDIDATE_UNDER_ASSUMPTIONS,0.8601150384831923,OBSERVATIONALLY_EQUIVALENT_COUNTERMODEL_SURVIVES,ALL_REAL_BETA_UNDER_UNRESTRICTED_REPARAMETERIZATION,69,-0.5,2.0,2.5,13,1.7763568394002505e-15,ASSUMPTION_CONDITIONAL_IDENTIFICATION_COUNTERMODELS_OUTSIDE_BOUNDS,True,0.7484648601460521,0.9693821382724119,0.22091727812635986,False,False,False
REPLICATION,R2_ALEATORIC_HIGH,101010,CAUSAL_CANDIDATE_UNDER_ASSUMPTIONS,0.815796165324034,OBSERVATIONALLY_EQUIVALENT_COUNTERMODEL_SURVIVES,ALL_REAL_BETA_UNDER_UNRESTRICTED_REPARAMETERIZATION,69,-0.5,2.0,2.5,14,1.7763568394002505e-15,ASSUMPTION_CONDITIONAL_IDENTIFICATION_COUNTERMODELS_OUTSIDE_BOUNDS,True,0.6759464934626893,0.9554907546070772,0.2795442611443879,False,False,False
REPLICATION,R2_ALEATORIC_HIGH,101011,CAUSAL_CANDIDATE_UNDER_ASSUMPTIONS,0.7937079531751287,OBSERVATIONALLY_EQUIVALENT_COUNTERMODEL_SURVIVES,ALL_REAL_BETA_UNDER_UNRESTRICTED_REPARAMETERIZATION,69,-0.5,2.0,2.5,16,1.7763568394002505e-15,ASSUMPTION_CONDITIONAL_IDENTIFICATION_COUNTERMODELS_OUTSIDE_BOUNDS,True,0.6553251346900026,0.928539296126616,0.27321416143661337,False,False,False
REPLICATION,R2_ALEATORIC_HIGH,101012,CAUSAL_CANDIDATE_UNDER_ASSUMPTIONS,0.8308944950525887,OBSERVATIONALLY_EQUIVALENT_COUNTERMODEL_SURVIVES,ALL_REAL_BETA_UNDER_UNRESTRICTED_REPARAMETERIZATION,69,-0.5,2.0,2.5,18,3.552713678800501e-15,ASSUMPTION_CONDITIONAL_IDENTIFICATION_COUNTERMODELS_OUTSIDE_BOUNDS,True,0.6846020984763399,0.9767216840375855,0.2921195855612456,False,False,False
REPLICATION,R2_ALEATORIC_HIGH,101013,CAUSAL_CANDIDATE_UNDER_ASSUMPTIONS,0.8255740676461777,OBSERVATIONALLY_EQUIVALENT_COUNTERMODEL_SURVIVES,ALL_REAL_BETA_UNDER_UNRESTRICTED_REPARAMETERIZATION,69,-0.5,2.0,2.5,15,1.7763568394002505e-15,ASSUMPTION_CONDITIONAL_IDENTIFICATION_COUNTERMODELS_OUTSIDE_BOUNDS,True,0.6836609495370448,0.967525769009082,0.28386481947203723,False,False,False
REPLICATION,R2_ALEATORIC_HIGH,101014,CAUSAL_CANDIDATE_UNDER_ASSUMPTIONS,0.8722375673641235,OBSERVATIONALLY_EQUIVALENT_COUNTERMODEL_SURVIVES,ALL_REAL_BETA_UNDER_UNRESTRICTED_REPARAMETERIZATION,69,-0.5,2.0,2.5,15,1.7763568394002505e-15,ASSUMPTION_CONDITIONAL_IDENTIFICATION_COUNTERMODELS_OUTSIDE_BOUNDS,True,0.7380933228180275,1.0080250889309355,0.2699317661129079,False,False,False
REPLICATION,R2_ALEATORIC_HIGH,101015,CAUSAL_CANDIDATE_UNDER_ASSUMPTIONS,0.8337357368056957,OBSERVATIONALLY_EQUIVALENT_COUNTERMODEL_SURVIVES,ALL_REAL_BETA_UNDER_UNRESTRICTED_REPARAMETERIZATION,69,-0.5,2.0,2.5,18,1.7763568394002505e-15,ASSUMPTION_CONDITIONAL_IDENTIFICATION_COUNTERMODELS_OUTSIDE_BOUNDS,True,0.7152347039962329,0.9487011377205253,0.23346643372429243,False,False,False
REPLICATION,R2_ALEATORIC_HIGH,101016,CAUSAL_CANDIDATE_UNDER_ASSUMPTIONS,0.7972594518148175,OBSERVATIONALLY_EQUIVALENT_COUNTERMODEL_SURVIVES,ALL_REAL_BETA_UNDER_UNRESTRICTED_REPARAMETERIZATION,69,-0.5,2.0,2.5,16,1.7763568394002505e-15,ASSUMPTION_CONDITIONAL_IDENTIFICATION_COUNTERMODELS_OUTSIDE_BOUNDS,True,0.6535329729342906,0.9401264046006952,0.2865934316664046,False,False,False
REPLICATION,R2_ALEATORIC_HIGH,101017,CAUSAL_CANDIDATE_UNDER_ASSUMPTIONS,0.874238243371372,OBSERVATIONALLY_EQUIVALENT_COUNTERMODEL_SURVIVES,ALL_REAL_BETA_UNDER_UNRESTRICTED_REPARAMETERIZATION,69,-0.5,2.0,2.5,16,1.7763568394002505e-15,ASSUMPTION_CONDITIONAL_IDENTIFICATION_COUNTERMODELS_OUTSIDE_BOUNDS,True,0.7298950806692681,1.019195319767883,0.2893002390986148,False,False,False
REPLICATION,R2_ALEATORIC_HIGH,101018,CAUSAL_CANDIDATE_UNDER_ASSUMPTIONS,0.7836234658622028,OBSERVATIONALLY_EQUIVALENT_COUNTERMODEL_SURVIVES,ALL_REAL_BETA_UNDER_UNRESTRICTED_REPARAMETERIZATION,69,-0.5,2.0,2.5,17,1.7763568394002505e-15,ASSUMPTION_CONDITIONAL_IDENTIFICATION_COUNTERMODELS_OUTSIDE_BOUNDS,True,0.6397468591720893,0.9269385592906098,0.28719170011852047,False,False,False
REPLICATION,R2_ALEATORIC_HIGH,101019,CAUSAL_CANDIDATE_UNDER_ASSUMPTIONS,0.7487271955271514,OBSERVATIONALLY_EQUIVALENT_COUNTERMODEL_SURVIVES,ALL_REAL_BETA_UNDER_UNRESTRICTED_REPARAMETERIZATION,69,-0.5,2.0,2.5,20,1.7763568394002505e-15,ASSUMPTION_CONDITIONAL_IDENTIFICATION_COUNTERMODELS_OUTSIDE_BOUNDS,True,0.6074456357506787,0.8893162537882857,0.28187061803760705,False,False,False
REPLICATION,R2_ALEATORIC_HIGH,101020,CAUSAL_CANDIDATE_UNDER_ASSUMPTIONS,0.7786611828693855,OBSERVATIONALLY_EQUIVALENT_COUNTERMODEL_SURVIVES,ALL_REAL_BETA_UNDER_UNRESTRICTED_REPARAMETERIZATION,69,-0.5,2.0,2.5,19,1.7763568394002505e-15,ASSUMPTION_CONDITIONAL_IDENTIFICATION_COUNTERMODELS_OUTSIDE_BOUNDS,True,0.6388918679432659,0.91995850174766,0.2810666338043941,False,False,False
REPLICATION,R2_ALEATORIC_HIGH,101021,CAUSAL_CANDIDATE_UNDER_ASSUMPTIONS,0.7681368424918256,OBSERVATIONALLY_EQUIVALENT_COUNTERMODEL_SURVIVES,ALL_REAL_BETA_UNDER_UNRESTRICTED_REPARAMETERIZATION,69,-0.5,2.0,2.5,17,1.7763568394002505e-15,ASSUMPTION_CONDITIONAL_IDENTIFICATION_COUNTERMODELS_OUTSIDE_BOUNDS,True,0.6350111424537777,0.8993377472452418,0.2643266047914642,False,False,False
REPLICATION,R2_ALEATORIC_HIGH,101022,CAUSAL_CANDIDATE_UNDER_ASSUMPTIONS,0.7689386972916752,OBSERVATIONALLY_EQUIVALENT_COUNTERMODEL_SURVIVES,ALL_REAL_BETA_UNDER_UNRESTRICTED_REPARAMETERIZATION,69,-0.5,2.0,2.5,19,1.7763568394002505e-15,ASSUMPTION_CONDITIONAL_IDENTIFICATION_COUNTERMODELS_OUTSIDE_BOUNDS,True,0.6291252377632996,0.9077728611628586,0.27864762339955895,False,False,False
REPLICATION,R2_ALEATORIC_HIGH,101023,CAUSAL_CANDIDATE_UNDER_ASSUMPTIONS,0.804711155627184,OBSERVATIONALLY_EQUIVALENT_COUNTERMODEL_SURVIVES,ALL_REAL_BETA_UNDER_UNRESTRICTED_REPARAMETERIZATION,69,-0.5,2.0,2.5,19,1.7763568394002505e-15,ASSUMPTION_CONDITIONAL_IDENTIFICATION_COUNTERMODELS_OUTSIDE_BOUNDS,True,0.6595926297578381,0.9488124989762498,0.2892198692184117,False,False,False
REPLICATION,R2_ALEATORIC_HIGH,101024,CAUSAL_CANDIDATE_UNDER_ASSUMPTIONS,0.9026490555013685,OBSERVATIONALLY_EQUIVALENT_COUNTERMODEL_SURVIVES,ALL_REAL_BETA_UNDER_UNRESTRICTED_REPARAMETERIZATION,69,-0.5,2.0,2.5,12,1.7763568394002505e-15,ASSUMPTION_CONDITIONAL_IDENTIFICATION_COUNTERMODELS_OUTSIDE_BOUNDS,True,0.76484683357003,1.0377728862959688,0.27292605272593873,False,False,False
REPLICATION,R2_ALEATORIC_HIGH,101025,CAUSAL_CANDIDATE_UNDER_ASSUMPTIONS,0.8051163478445842,OBSERVATIONALLY_EQUIVALENT_COUNTERMODEL_SURVIVES,ALL_REAL_BETA_UNDER_UNRESTRICTED_REPARAMETERIZATION,69,-0.5,2.0,2.5,22,1.7763568394002505e-15,ASSUMPTION_CONDITIONAL_IDENTIFICATION_COUNTERMODELS_OUTSIDE_BOUNDS,True,0.6569832501937056,0.9522069871343131,0.29522373694060744,False,False,False
REPLICATION,R2_ALEATORIC_HIGH,101026,CAUSAL_CANDIDATE_UNDER_ASSUMPTIONS,0.7213272231038859,OBSERVATIONALLY_EQUIVALENT_COUNTERMODEL_SURVIVES,ALL_REAL_BETA_UNDER_UNRESTRICTED_REPARAMETERIZATION,69,-0.5,2.0,2.5,21,1.7763568394002505e-15,ASSUMPTION_CONDITIONAL_IDENTIFICATION_COUNTERMODELS_OUTSIDE_BOUNDS,True,0.5798448976157019,0.8600834518105565,0.28023855419485455,False,False,False
REPLICATION,R2_ALEATORIC_HIGH,101027,CAUSAL_CANDIDATE_UNDER_ASSUMPTIONS,0.776200424597075,OBSERVATIONALLY_EQUIVALENT_COUNTERMODEL_SURVIVES,ALL_REAL_BETA_UNDER_UNRESTRICTED_REPARAMETERIZATION,69,-0.5,2.0,2.5,19,1.7763568394002505e-15,ASSUMPTION_CONDITIONAL_IDENTIFICATION_COUNTERMODELS_OUTSIDE_BOUNDS,True,0.6476222257750341,0.9042221842633168,0.25659995848828265,False,False,False
REPLICATION,R2_ALEATORIC_HIGH,101028,CAUSAL_CANDIDATE_UNDER_ASSUMPTIONS,0.7466028618970498,OBSERVATIONALLY_EQUIVALENT_COUNTERMODEL_SURVIVES,ALL_REAL_BETA_UNDER_UNRESTRICTED_REPARAMETERIZATION,69,-0.5,2.0,2.5,21,1.7763568394002505e-15,ASSUMPTION_CONDITIONAL_IDENTIFICATION_COUNTERMODELS_OUTSIDE_BOUNDS,True,0.6069846453613803,0.8869692529682167,0.2799846076068364,False,False,False
REPLICATION,R2_ALEATORIC_HIGH,101029,CAUSAL_CANDIDATE_UNDER_ASSUMPTIONS,0.8052231822432183,OBSERVATIONALLY_EQUIVALENT_COUNTERMODEL_SURVIVES,ALL_REAL_BETA_UNDER_UNRESTRICTED_REPARAMETERIZATION,69,-0.5,2.0,2.5,20,1.7763568394002505e-15,ASSUMPTION_CONDITIONAL_IDENTIFICATION_COUNTERMODELS_OUTSIDE_BOUNDS,True,0.66226927351769,0.9470690915444668,0.2847998180267768,False,False,False
REPLICATION,R2_ALEATORIC_HIGH,101030,CAUSAL_CANDIDATE_UNDER_ASSUMPTIONS,0.7419441339371092,OBSERVATIONALLY_EQUIVALENT_COUNTERMODEL_SURVIVES,ALL_REAL_BETA_UNDER_UNRESTRICTED_REPARAMETERIZATION,69,-0.5,2.0,2.5,17,1.7763568394002505e-15,ASSUMPTION_CONDITIONAL_IDENTIFICATION_COUNTERMODELS_OUTSIDE_BOUNDS,True,0.6070814940752094,0.8750312772027301,0.2679497831275207,False,False,False
REPLICATION,R2_ALEATORIC_HIGH,101031,CAUSAL_CANDIDATE_UNDER_ASSUMPTIONS,0.8881289160416369,OBSERVATIONALLY_EQUIVALENT_COUNTERMODEL_SURVIVES,ALL_REAL_BETA_UNDER_UNRESTRICTED_REPARAMETERIZATION,69,-0.5,2.0,2.5,12,3.552713678800501e-15,ASSUMPTION_CONDITIONAL_IDENTIFICATION_COUNTERMODELS_OUTSIDE_BOUNDS,True,0.7443080298873442,1.032042939369912,0.28773490948256775,False,False,False
REPLICATION,R2_ALEATORIC_HIGH,101032,CAUSAL_CANDIDATE_UNDER_ASSUMPTIONS,0.7929035906086924,OBSERVATIONALLY_EQUIVALENT_COUNTERMODEL_SURVIVES,ALL_REAL_BETA_UNDER_UNRESTRICTED_REPARAMETERIZATION,69,-0.5,2.0,2.5,15,1.7763568394002505e-15,ASSUMPTION_CONDITIONAL_IDENTIFICATION_COUNTERMODELS_OUTSIDE_BOUNDS,True,0.6485443484210401,0.9372649080234939,0.2887205596024538,False,False,False
REPLICATION,R2_ALEATORIC_HIGH,101033,CAUSAL_CANDIDATE_UNDER_ASSUMPTIONS,0.8250630934837261,OBSERVATIONALLY_EQUIVALENT_COUNTERMODEL_SURVIVES,ALL_REAL_BETA_UNDER_UNRESTRICTED_REPARAMETERIZATION,69,-0.5,2.0,2.5,18,1.7763568394002505e-15,ASSUMPTION_CONDITIONAL_IDENTIFICATION_COUNTERMODELS_OUTSIDE_BOUNDS,True,0.7190975101709964,0.9301461700758098,0.21104865990481336,False,False,False
REPLICATION,R2_ALEATORIC_HIGH,101034,CAUSAL_CANDIDATE_UNDER_ASSUMPTIONS,0.7482794194827465,OBSERVATIONALLY_EQUIVALENT_COUNTERMODEL_SURVIVES,ALL_REAL_BETA_UNDER_UNRESTRICTED_REPARAMETERIZATION,69,-0.5,2.0,2.5,17,1.7763568394002505e-15,ASSUMPTION_CONDITIONAL_IDENTIFICATION_COUNTERMODELS_OUTSIDE_BOUNDS,True,0.6050793905056087,0.8915617589015058,0.28648236839589714,False,False,False
REPLICATION,R2_ALEATORIC_HIGH,101035,CAUSAL_CANDIDATE_UNDER_ASSUMPTIONS,0.7942106589043378,OBSERVATIONALLY_EQUIVALENT_COUNTERMODEL_SURVIVES,ALL_REAL_BETA_UNDER_UNRESTRICTED_REPARAMETERIZATION,69,-0.5,2.0,2.5,22,3.552713678800501e-15,ASSUMPTION_CONDITIONAL_IDENTIFICATION_COUNTERMODELS_OUTSIDE_BOUNDS,True,0.6416685211468112,0.9469358581953056,0.3052673370484944,False,False,False
REPLICATION,R2_ALEATORIC_HIGH,101036,CAUSAL_CANDIDATE_UNDER_ASSUMPTIONS,0.7755585741773953,OBSERVATIONALLY_EQUIVALENT_COUNTERMODEL_SURVIVES,ALL_REAL_BETA_UNDER_UNRESTRICTED_REPARAMETERIZATION,69,-0.5,2.0,2.5,17,3.552713678800501e-15,ASSUMPTION_CONDITIONAL_IDENTIFICATION_COUNTERMODELS_OUTSIDE_BOUNDS,True,0.6304590236649351,0.9212312334484131,0.29077220978347795,False,False,False
REPLICATION,R2_ALEATORIC_HIGH,101037,CAUSAL_CANDIDATE_UNDER_ASSUMPTIONS,0.8277255550390981,OBSERVATIONALLY_EQUIVALENT_COUNTERMODEL_SURVIVES,ALL_REAL_BETA_UNDER_UNRESTRICTED_REPARAMETERIZATION,69,-0.5,2.0,2.5,17,1.7763568394002505e-15,ASSUMPTION_CONDITIONAL_IDENTIFICATION_COUNTERMODELS_OUTSIDE_BOUNDS,True,0.6840161187873974,0.9717654185060943,0.2877492997186969,False,False,False
REPLICATION,R2_ALEATORIC_HIGH,101038,CAUSAL_CANDIDATE_UNDER_ASSUMPTIONS,0.7753893235975912,OBSERVATIONALLY_EQUIVALENT_COUNTERMODEL_SURVIVES,ALL_REAL_BETA_UNDER_UNRESTRICTED_REPARAMETERIZATION,69,-0.5,2.0,2.5,16,1.7763568394002505e-15,ASSUMPTION_CONDITIONAL_IDENTIFICATION_COUNTERMODELS_OUTSIDE_BOUNDS,True,0.6307463355103269,0.9204753174081647,0.2897289818978378,False,False,False
REPLICATION,R2_ALEATORIC_HIGH,101039,CAUSAL_CANDIDATE_UNDER_ASSUMPTIONS,0.8065600252711833,OBSERVATIONALLY_EQUIVALENT_COUNTERMODEL_SURVIVES,ALL_REAL_BETA_UNDER_UNRESTRICTED_REPARAMETERIZATION,69,-0.5,2.0,2.5,17,1.7763568394002505e-15,ASSUMPTION_CONDITIONAL_IDENTIFICATION_COUNTERMODELS_OUTSIDE_BOUNDS,True,0.6846902594612041,0.9258013591421096,0.2411110996809055,False,False,False
REPLICATION,R2_ALEATORIC_HIGH,101040,CAUSAL_CANDIDATE_UNDER_ASSUMPTIONS,0.7794320231549526,OBSERVATIONALLY_EQUIVALENT_COUNTERMODEL_SURVIVES,ALL_REAL_BETA_UNDER_UNRESTRICTED_REPARAMETERIZATION,69,-0.5,2.0,2.5,19,2.6645352591003757e-15,ASSUMPTION_CONDITIONAL_IDENTIFICATION_COUNTERMODELS_OUTSIDE_BOUNDS,True,0.6432520701517077,0.9171073667552221,0.2738552966035144,False,False,False
REPLICATION,R2_ALEATORIC_HIGH,101041,CAUSAL_CANDIDATE_UNDER_ASSUMPTIONS,0.825788595261929,OBSERVATIONALLY_EQUIVALENT_COUNTERMODEL_SURVIVES,ALL_REAL_BETA_UNDER_UNRESTRICTED_REPARAMETERIZATION,69,-0.5,2.0,2.5,17,2.220446049250313e-15,ASSUMPTION_CONDITIONAL_IDENTIFICATION_COUNTERMODELS_OUTSIDE_BOUNDS,True,0.6805106730994902,0.9697224995551726,0.28921182645568244,False,False,False
REPLICATION,R2_ALEATORIC_HIGH,101042,CAUSAL_CANDIDATE_UNDER_ASSUMPTIONS,0.7481420734723163,OBSERVATIONALLY_EQUIVALENT_COUNTERMODEL_SURVIVES,ALL_REAL_BETA_UNDER_UNRESTRICTED_REPARAMETERIZATION,69,-0.5,2.0,2.5,18,1.7763568394002505e-15,ASSUMPTION_CONDITIONAL_IDENTIFICATION_COUNTERMODELS_OUTSIDE_BOUNDS,True,0.6092679010908244,0.8880737852185041,0.2788058841276797,False,False,False
REPLICATION,R2_ALEATORIC_HIGH,101043,CAUSAL_CANDIDATE_UNDER_ASSUMPTIONS,0.8126718500828317,OBSERVATIONALLY_EQUIVALENT_COUNTERMODEL_SURVIVES,ALL_REAL_BETA_UNDER_UNRESTRICTED_REPARAMETERIZATION,69,-0.5,2.0,2.5,16,1.7763568394002505e-15,ASSUMPTION_CONDITIONAL_IDENTIFICATION_COUNTERMODELS_OUTSIDE_BOUNDS,True,0.6696873585509459,0.9532946838475542,0.28360732529660837,False,False,False
REPLICATION,R2_ALEATORIC_HIGH,101044,CAUSAL_CANDIDATE_UNDER_ASSUMPTIONS,0.7333943486972644,OBSERVATIONALLY_EQUIVALENT_COUNTERMODEL_SURVIVES,ALL_REAL_BETA_UNDER_UNRESTRICTED_REPARAMETERIZATION,69,-0.5,2.0,2.5,19,1.7763568394002505e-15,ASSUMPTION_CONDITIONAL_IDENTIFICATION_COUNTERMODELS_OUTSIDE_BOUNDS,True,0.5883168927451482,0.8780056990631815,0.2896888063180333,False,False,False
REPLICATION,R2_ALEATORIC_HIGH,101045,CAUSAL_CANDIDATE_UNDER_ASSUMPTIONS,0.7552098685993699,OBSERVATIONALLY_EQUIVALENT_COUNTERMODEL_SURVIVES,ALL_REAL_BETA_UNDER_UNRESTRICTED_REPARAMETERIZATION,69,-0.5,2.0,2.5,22,1.7763568394002505e-15,ASSUMPTION_CONDITIONAL_IDENTIFICATION_COUNTERMODELS_OUTSIDE_BOUNDS,True,0.6162568519022024,0.8952173616692121,0.2789605097670097,False,False,False
REPLICATION,R2_ALEATORIC_HIGH,101046,CAUSAL_CANDIDATE_UNDER_ASSUMPTIONS,0.7896628510973577,OBSERVATIONALLY_EQUIVALENT_COUNTERMODEL_SURVIVES,ALL_REAL_BETA_UNDER_UNRESTRICTED_REPARAMETERIZATION,69,-0.5,2.0,2.5,17,1.7763568394002505e-15,ASSUMPTION_CONDITIONAL_IDENTIFICATION_COUNTERMODELS_OUTSIDE_BOUNDS,True,0.6448084423533198,0.934881771800084,0.2900733294467642,False,False,False
REPLICATION,R2_ALEATORIC_HIGH,101047,CAUSAL_CANDIDATE_UNDER_ASSUMPTIONS,0.8993481889459949,OBSERVATIONALLY_EQUIVALENT_COUNTERMODEL_SURVIVES,ALL_REAL_BETA_UNDER_UNRESTRICTED_REPARAMETERIZATION,69,-0.5,2.0,2.5,14,1.7763568394002505e-15,ASSUMPTION_CONDITIONAL_IDENTIFICATION_COUNTERMODELS_OUTSIDE_BOUNDS,True,0.7668945513158223,1.0306970864890614,0.26380253517323915,False,False,False
REPLICATION,R2_ALEATORIC_HIGH,101048,CAUSAL_CANDIDATE_UNDER_ASSUMPTIONS,0.8685399275719108,OBSERVATIONALLY_EQUIVALENT_COUNTERMODEL_SURVIVES,ALL_REAL_BETA_UNDER_UNRESTRICTED_REPARAMETERIZATION,69,-0.5,2.0,2.5,14,1.7763568394002505e-15,ASSUMPTION_CONDITIONAL_IDENTIFICATION_COUNTERMODELS_OUTSIDE_BOUNDS,True,0.722548728419711,1.0145566551106315,0.29200792669092057,False,False,False
REPLICATION,R2_ALEATORIC_HIGH,101049,CAUSAL_CANDIDATE_UNDER_ASSUMPTIONS,0.8131990647268691,OBSERVATIONALLY_EQUIVALENT_COUNTERMODEL_SURVIVES,ALL_REAL_BETA_UNDER_UNRESTRICTED_REPARAMETERIZATION,69,-0.5,2.0,2.5,15,1.7763568394002505e-15,ASSUMPTION_CONDITIONAL_IDENTIFICATION_COUNTERMODELS_OUTSIDE_BOUNDS,True,0.7004358221566079,0.9135906627406916,0.21315484058408363,False,False,False
REPLICATION,R2_ALEATORIC_HIGH,101050,CAUSAL_CANDIDATE_UNDER_ASSUMPTIONS,0.8077572199711408,OBSERVATIONALLY_EQUIVALENT_COUNTERMODEL_SURVIVES,ALL_REAL_BETA_UNDER_UNRESTRICTED_REPARAMETERIZATION,69,-0.5,2.0,2.5,17,1.7763568394002505e-15,ASSUMPTION_CONDITIONAL_IDENTIFICATION_COUNTERMODELS_OUTSIDE_BOUNDS,True,0.6635247409903674,0.9526475073135188,0.28912276632315137,False,False,False
REPLICATION,R2_ALEATORIC_HIGH,101051,CAUSAL_CANDIDATE_UNDER_ASSUMPTIONS,0.8409120701835601,OBSERVATIONALLY_EQUIVALENT_COUNTERMODEL_SURVIVES,ALL_REAL_BETA_UNDER_UNRESTRICTED_REPARAMETERIZATION,69,-0.5,2.0,2.5,17,3.552713678800501e-15,ASSUMPTION_CONDITIONAL_IDENTIFICATION_COUNTERMODELS_OUTSIDE_BOUNDS,True,0.6960124511050209,0.986271586862792,0.2902591357577712,False,False,False
REPLICATION,R2_ALEATORIC_HIGH,101052,CAUSAL_CANDIDATE_UNDER_ASSUMPTIONS,0.891472261331069,OBSERVATIONALLY_EQUIVALENT_COUNTERMODEL_SURVIVES,ALL_REAL_BETA_UNDER_UNRESTRICTED_REPARAMETERIZATION,69,-0.5,2.0,2.5,8,1.7763568394002505e-15,ASSUMPTION_CONDITIONAL_IDENTIFICATION_COUNTERMODELS_OUTSIDE_BOUNDS,True,0.7475056691710665,1.0355354388251619,0.2880297696540953,False,False,False
REPLICATION,R2_ALEATORIC_HIGH,101053,CAUSAL_CANDIDATE_UNDER_ASSUMPTIONS,0.848584184824397,OBSERVATIONALLY_EQUIVALENT_COUNTERMODEL_SURVIVES,ALL_REAL_BETA_UNDER_UNRESTRICTED_REPARAMETERIZATION,69,-0.5,2.0,2.5,17,3.552713678800501e-15,ASSUMPTION_CONDITIONAL_IDENTIFICATION_COUNTERMODELS_OUTSIDE_BOUNDS,True,0.7032812468369161,0.9936517391735062,0.2903704923365902,False,False,False
REPLICATION,R2_ALEATORIC_HIGH,101054,CAUSAL_CANDIDATE_UNDER_ASSUMPTIONS,0.752360000666811,OBSERVATIONALLY_EQUIVALENT_COUNTERMODEL_SURVIVES,ALL_REAL_BETA_UNDER_UNRESTRICTED_REPARAMETERIZATION,69,-0.5,2.0,2.5,20,1.7763568394002505e-15,ASSUMPTION_CONDITIONAL_IDENTIFICATION_COUNTERMODELS_OUTSIDE_BOUNDS,True,0.6051258449722517,0.8996018565231272,0.29447601155087544,False,False,False
REPLICATION,R2_ALEATORIC_HIGH,101055,CAUSAL_CANDIDATE_UNDER_ASSUMPTIONS,0.8408637707816061,OBSERVATIONALLY_EQUIVALENT_COUNTERMODEL_SURVIVES,ALL_REAL_BETA_UNDER_UNRESTRICTED_REPARAMETERIZATION,69,-0.5,2.0,2.5,14,1.7763568394002505e-15,ASSUMPTION_CONDITIONAL_IDENTIFICATION_COUNTERMODELS_OUTSIDE_BOUNDS,True,0.7200097451285622,0.95944243474244,0.23943268961387776,False,False,False
REPLICATION,R2_ALEATORIC_HIGH,101056,CAUSAL_CANDIDATE_UNDER_ASSUMPTIONS,0.8819209818340062,OBSERVATIONALLY_EQUIVALENT_COUNTERMODEL_SURVIVES,ALL_REAL_BETA_UNDER_UNRESTRICTED_REPARAMETERIZATION,69,-0.5,2.0,2.5,14,1.7763568394002505e-15,ASSUMPTION_CONDITIONAL_IDENTIFICATION_COUNTERMODELS_OUTSIDE_BOUNDS,True,0.7664341450090366,0.9991645359591236,0.23273039095008696,False,False,False
REPLICATION,R2_ALEATORIC_HIGH,101057,CAUSAL_CANDIDATE_UNDER_ASSUMPTIONS,0.8125109301004791,OBSERVATIONALLY_EQUIVALENT_COUNTERMODEL_SURVIVES,ALL_REAL_BETA_UNDER_UNRESTRICTED_REPARAMETERIZATION,69,-0.5,2.0,2.5,18,1.7763568394002505e-15,ASSUMPTION_CONDITIONAL_IDENTIFICATION_COUNTERMODELS_OUTSIDE_BOUNDS,True,0.6853563461240614,0.937367076024646,0.2520107299005846,False,False,False
REPLICATION,R2_ALEATORIC_HIGH,101058,CAUSAL_CANDIDATE_UNDER_ASSUMPTIONS,0.8032699503626002,OBSERVATIONALLY_EQUIVALENT_COUNTERMODEL_SURVIVES,ALL_REAL_BETA_UNDER_UNRESTRICTED_REPARAMETERIZATION,69,-0.5,2.0,2.5,17,1.7763568394002505e-15,ASSUMPTION_CONDITIONAL_IDENTIFICATION_COUNTERMODELS_OUTSIDE_BOUNDS,True,0.6668881893691294,0.9399670280970419,0.2730788387279125,False,False,False
REPLICATION,R2_ALEATORIC_HIGH,101059,CAUSAL_CANDIDATE_UNDER_ASSUMPTIONS,0.7458496673896589,OBSERVATIONALLY_EQUIVALENT_COUNTERMODEL_SURVIVES,ALL_REAL_BETA_UNDER_UNRESTRICTED_REPARAMETERIZATION,69,-0.5,2.0,2.5,21,1.7763568394002505e-15,ASSUMPTION_CONDITIONAL_IDENTIFICATION_COUNTERMODELS_OUTSIDE_BOUNDS,True,0.6073231843671194,0.8823373810021278,0.27501419663500837,False,False,False
REPLICATION,R2_ALEATORIC_HIGH,101060,CAUSAL_CANDIDATE_UNDER_ASSUMPTIONS,0.7692324380672008,OBSERVATIONALLY_EQUIVALENT_COUNTERMODEL_SURVIVES,ALL_REAL_BETA_UNDER_UNRESTRICTED_REPARAMETERIZATION,69,-0.5,2.0,2.5,17,1.7763568394002505e-15,ASSUMPTION_CONDITIONAL_IDENTIFICATION_COUNTERMODELS_OUTSIDE_BOUNDS,True,0.6444956971757404,0.8958461497728158,0.25135045259707545,False,False,False
REPLICATION,R2_ALEATORIC_HIGH,101061,CAUSAL_CANDIDATE_UNDER_ASSUMPTIONS,0.7964619772277421,OBSERVATIONALLY_EQUIVALENT_COUNTERMODEL_SURVIVES,ALL_REAL_BETA_UNDER_UNRESTRICTED_REPARAMETERIZATION,69,-0.5,2.0,2.5,21,2.6645352591003757e-15,ASSUMPTION_CONDITIONAL_IDENTIFICATION_COUNTERMODELS_OUTSIDE_BOUNDS,True,0.6487789469171188,0.9441164727028243,0.2953375257857055,False,False,False
REPLICATION,R2_ALEATORIC_HIGH,101062,CAUSAL_CANDIDATE_UNDER_ASSUMPTIONS,0.8055469279102802,OBSERVATIONALLY_EQUIVALENT_COUNTERMODEL_SURVIVES,ALL_REAL_BETA_UNDER_UNRESTRICTED_REPARAMETERIZATION,69,-0.5,2.0,2.5,15,1.7763568394002505e-15,ASSUMPTION_CONDITIONAL_IDENTIFICATION_COUNTERMODELS_OUTSIDE_BOUNDS,True,0.6612989392142866,0.9510099937960944,0.2897110545818078,False,False,False
REPLICATION,R2_ALEATORIC_HIGH,101063,CAUSAL_CANDIDATE_UNDER_ASSUMPTIONS,0.7934382143841034,OBSERVATIONALLY_EQUIVALENT_COUNTERMODEL_SURVIVES,ALL_REAL_BETA_UNDER_UNRESTRICTED_REPARAMETERIZATION,69,-0.5,2.0,2.5,17,1.7763568394002505e-15,ASSUMPTION_CONDITIONAL_IDENTIFICATION_COUNTERMODELS_OUTSIDE_BOUNDS,True,0.6841554946989785,0.8999372534809741,0.21578175878199557,False,False,False
REPLICATION,R3_UPSTREAM_INVALID,101000,IDENTIFYING_ASSUMPTION_VIOLATED,1.1845702275735022,UPSTREAM_CANDIDATE_NOT_ELIGIBLE,NOT_EVALUATED,0,,,0.0,0,,UPSTREAM_CANDIDATE_NOT_ELIGIBLE,False,,,,False,False,False
REPLICATION,R3_UPSTREAM_INVALID,101001,IDENTIFYING_ASSUMPTION_VIOLATED,1.1894509944026266,UPSTREAM_CANDIDATE_NOT_ELIGIBLE,NOT_EVALUATED,0,,,0.0,0,,UPSTREAM_CANDIDATE_NOT_ELIGIBLE,False,,,,False,False,False
REPLICATION,R3_UPSTREAM_INVALID,101002,IDENTIFYING_ASSUMPTION_VIOLATED,1.1878969440736233,UPSTREAM_CANDIDATE_NOT_ELIGIBLE,NOT_EVALUATED,0,,,0.0,0,,UPSTREAM_CANDIDATE_NOT_ELIGIBLE,False,,,,False,False,False
REPLICATION,R3_UPSTREAM_INVALID,101003,IDENTIFYING_ASSUMPTION_VIOLATED,1.1835908023674429,UPSTREAM_CANDIDATE_NOT_ELIGIBLE,NOT_EVALUATED,0,,,0.0,0,,UPSTREAM_CANDIDATE_NOT_ELIGIBLE,False,,,,False,False,False
REPLICATION,R3_UPSTREAM_INVALID,101004,IDENTIFYING_ASSUMPTION_VIOLATED,1.2061020240579612,UPSTREAM_CANDIDATE_NOT_ELIGIBLE,NOT_EVALUATED,0,,,0.0,0,,UPSTREAM_CANDIDATE_NOT_ELIGIBLE,False,,,,False,False,False
REPLICATION,R3_UPSTREAM_INVALID,101005,IDENTIFYING_ASSUMPTION_VIOLATED,1.1924626269190144,UPSTREAM_CANDIDATE_NOT_ELIGIBLE,NOT_EVALUATED,0,,,0.0,0,,UPSTREAM_CANDIDATE_NOT_ELIGIBLE,False,,,,False,False,False
REPLICATION,R3_UPSTREAM_INVALID,101006,IDENTIFYING_ASSUMPTION_VIOLATED,1.200299182167897,UPSTREAM_CANDIDATE_NOT_ELIGIBLE,NOT_EVALUATED,0,,,0.0,0,,UPSTREAM_CANDIDATE_NOT_ELIGIBLE,False,,,,False,False,False
REPLICATION,R3_UPSTREAM_INVALID,101007,IDENTIFYING_ASSUMPTION_VIOLATED,1.1949223383387095,UPSTREAM_CANDIDATE_NOT_ELIGIBLE,NOT_EVALUATED,0,,,0.0,0,,UPSTREAM_CANDIDATE_NOT_ELIGIBLE,False,,,,False,False,False
REPLICATION,R3_UPSTREAM_INVALID,101008,IDENTIFYING_ASSUMPTION_VIOLATED,1.1730333051088933,UPSTREAM_CANDIDATE_NOT_ELIGIBLE,NOT_EVALUATED,0,,,0.0,0,,UPSTREAM_CANDIDATE_NOT_ELIGIBLE,False,,,,False,False,False
REPLICATION,R3_UPSTREAM_INVALID,101009,IDENTIFYING_ASSUMPTION_VIOLATED,1.2083434598032572,UPSTREAM_CANDIDATE_NOT_ELIGIBLE,NOT_EVALUATED,0,,,0.0,0,,UPSTREAM_CANDIDATE_NOT_ELIGIBLE,False,,,,False,False,False
REPLICATION,R3_UPSTREAM_INVALID,101010,IDENTIFYING_ASSUMPTION_VIOLATED,1.1954516623389517,UPSTREAM_CANDIDATE_NOT_ELIGIBLE,NOT_EVALUATED,0,,,0.0,0,,UPSTREAM_CANDIDATE_NOT_ELIGIBLE,False,,,,False,False,False
REPLICATION,R3_UPSTREAM_INVALID,101011,IDENTIFYING_ASSUMPTION_VIOLATED,1.1896680886858133,UPSTREAM_CANDIDATE_NOT_ELIGIBLE,NOT_EVALUATED,0,,,0.0,0,,UPSTREAM_CANDIDATE_NOT_ELIGIBLE,False,,,,False,False,False
REPLICATION,R3_UPSTREAM_INVALID,101012,IDENTIFYING_ASSUMPTION_VIOLATED,1.2102795724593267,UPSTREAM_CANDIDATE_NOT_ELIGIBLE,NOT_EVALUATED,0,,,0.0,0,,UPSTREAM_CANDIDATE_NOT_ELIGIBLE,False,,,,False,False,False
REPLICATION,R3_UPSTREAM_INVALID,101013,IDENTIFYING_ASSUMPTION_VIOLATED,1.1870546563120488,UPSTREAM_CANDIDATE_NOT_ELIGIBLE,NOT_EVALUATED,0,,,0.0,0,,UPSTREAM_CANDIDATE_NOT_ELIGIBLE,False,,,,False,False,False
REPLICATION,R3_UPSTREAM_INVALID,101014,IDENTIFYING_ASSUMPTION_VIOLATED,1.200818180390643,UPSTREAM_CANDIDATE_NOT_ELIGIBLE,NOT_EVALUATED,0,,,0.0,0,,UPSTREAM_CANDIDATE_NOT_ELIGIBLE,False,,,,False,False,False
REPLICATION,R3_UPSTREAM_INVALID,101015,IDENTIFYING_ASSUMPTION_VIOLATED,1.1964559393122367,UPSTREAM_CANDIDATE_NOT_ELIGIBLE,NOT_EVALUATED,0,,,0.0,0,,UPSTREAM_CANDIDATE_NOT_ELIGIBLE,False,,,,False,False,False
REPLICATION,R3_UPSTREAM_INVALID,101016,IDENTIFYING_ASSUMPTION_VIOLATED,1.1977355261475044,UPSTREAM_CANDIDATE_NOT_ELIGIBLE,NOT_EVALUATED,0,,,0.0,0,,UPSTREAM_CANDIDATE_NOT_ELIGIBLE,False,,,,False,False,False
REPLICATION,R3_UPSTREAM_INVALID,101017,IDENTIFYING_ASSUMPTION_VIOLATED,1.1880358271843947,UPSTREAM_CANDIDATE_NOT_ELIGIBLE,NOT_EVALUATED,0,,,0.0,0,,UPSTREAM_CANDIDATE_NOT_ELIGIBLE,False,,,,False,False,False
REPLICATION,R3_UPSTREAM_INVALID,101018,IDENTIFYING_ASSUMPTION_VIOLATED,1.176093790894874,UPSTREAM_CANDIDATE_NOT_ELIGIBLE,NOT_EVALUATED,0,,,0.0,0,,UPSTREAM_CANDIDATE_NOT_ELIGIBLE,False,,,,False,False,False
REPLICATION,R3_UPSTREAM_INVALID,101019,IDENTIFYING_ASSUMPTION_VIOLATED,1.1975720789457491,UPSTREAM_CANDIDATE_NOT_ELIGIBLE,NOT_EVALUATED,0,,,0.0,0,,UPSTREAM_CANDIDATE_NOT_ELIGIBLE,False,,,,False,False,False
REPLICATION,R3_UPSTREAM_INVALID,101020,IDENTIFYING_ASSUMPTION_VIOLATED,1.1870630132398632,UPSTREAM_CANDIDATE_NOT_ELIGIBLE,NOT_EVALUATED,0,,,0.0,0,,UPSTREAM_CANDIDATE_NOT_ELIGIBLE,False,,,,False,False,False
REPLICATION,R3_UPSTREAM_INVALID,101021,IDENTIFYING_ASSUMPTION_VIOLATED,1.1922191696618356,UPSTREAM_CANDIDATE_NOT_ELIGIBLE,NOT_EVALUATED,0,,,0.0,0,,UPSTREAM_CANDIDATE_NOT_ELIGIBLE,False,,,,False,False,False
REPLICATION,R3_UPSTREAM_INVALID,101022,IDENTIFYING_ASSUMPTION_VIOLATED,1.2033276586327466,UPSTREAM_CANDIDATE_NOT_ELIGIBLE,NOT_EVALUATED,0,,,0.0,0,,UPSTREAM_CANDIDATE_NOT_ELIGIBLE,False,,,,False,False,False
REPLICATION,R3_UPSTREAM_INVALID,101023,IDENTIFYING_ASSUMPTION_VIOLATED,1.2012366683555087,UPSTREAM_CANDIDATE_NOT_ELIGIBLE,NOT_EVALUATED,0,,,0.0,0,,UPSTREAM_CANDIDATE_NOT_ELIGIBLE,False,,,,False,False,False
REPLICATION,R3_UPSTREAM_INVALID,101024,IDENTIFYING_ASSUMPTION_VIOLATED,1.2087174083993828,UPSTREAM_CANDIDATE_NOT_ELIGIBLE,NOT_EVALUATED,0,,,0.0,0,,UPSTREAM_CANDIDATE_NOT_ELIGIBLE,False,,,,False,False,False
REPLICATION,R3_UPSTREAM_INVALID,101025,IDENTIFYING_ASSUMPTION_VIOLATED,1.2043792801729938,UPSTREAM_CANDIDATE_NOT_ELIGIBLE,NOT_EVALUATED,0,,,0.0,0,,UPSTREAM_CANDIDATE_NOT_ELIGIBLE,False,,,,False,False,False
REPLICATION,R3_UPSTREAM_INVALID,101026,IDENTIFYING_ASSUMPTION_VIOLATED,1.189708187949738,UPSTREAM_CANDIDATE_NOT_ELIGIBLE,NOT_EVALUATED,0,,,0.0,0,,UPSTREAM_CANDIDATE_NOT_ELIGIBLE,False,,,,False,False,False
REPLICATION,R3_UPSTREAM_INVALID,101027,IDENTIFYING_ASSUMPTION_VIOLATED,1.174002806591533,UPSTREAM_CANDIDATE_NOT_ELIGIBLE,NOT_EVALUATED,0,,,0.0,0,,UPSTREAM_CANDIDATE_NOT_ELIGIBLE,False,,,,False,False,False
REPLICATION,R3_UPSTREAM_INVALID,101028,IDENTIFYING_ASSUMPTION_VIOLATED,1.2017302590928092,UPSTREAM_CANDIDATE_NOT_ELIGIBLE,NOT_EVALUATED,0,,,0.0,0,,UPSTREAM_CANDIDATE_NOT_ELIGIBLE,False,,,,False,False,False
REPLICATION,R3_UPSTREAM_INVALID,101029,IDENTIFYING_ASSUMPTION_VIOLATED,1.2032066218020345,UPSTREAM_CANDIDATE_NOT_ELIGIBLE,NOT_EVALUATED,0,,,0.0,0,,UPSTREAM_CANDIDATE_NOT_ELIGIBLE,False,,,,False,False,False
REPLICATION,R3_UPSTREAM_INVALID,101030,IDENTIFYING_ASSUMPTION_VIOLATED,1.1765321053400504,UPSTREAM_CANDIDATE_NOT_ELIGIBLE,NOT_EVALUATED,0,,,0.0,0,,UPSTREAM_CANDIDATE_NOT_ELIGIBLE,False,,,,False,False,False
REPLICATION,R3_UPSTREAM_INVALID,101031,IDENTIFYING_ASSUMPTION_VIOLATED,1.2029147070194897,UPSTREAM_CANDIDATE_NOT_ELIGIBLE,NOT_EVALUATED,0,,,0.0,0,,UPSTREAM_CANDIDATE_NOT_ELIGIBLE,False,,,,False,False,False
REPLICATION,R3_UPSTREAM_INVALID,101032,IDENTIFYING_ASSUMPTION_VIOLATED,1.183653472140474,UPSTREAM_CANDIDATE_NOT_ELIGIBLE,NOT_EVALUATED,0,,,0.0,0,,UPSTREAM_CANDIDATE_NOT_ELIGIBLE,False,,,,False,False,False
REPLICATION,R3_UPSTREAM_INVALID,101033,IDENTIFYING_ASSUMPTION_VIOLATED,1.2121535721902827,UPSTREAM_CANDIDATE_NOT_ELIGIBLE,NOT_EVALUATED,0,,,0.0,0,,UPSTREAM_CANDIDATE_NOT_ELIGIBLE,False,,,,False,False,False
REPLICATION,R3_UPSTREAM_INVALID,101034,IDENTIFYING_ASSUMPTION_VIOLATED,1.1810948798308627,UPSTREAM_CANDIDATE_NOT_ELIGIBLE,NOT_EVALUATED,0,,,0.0,0,,UPSTREAM_CANDIDATE_NOT_ELIGIBLE,False,,,,False,False,False
REPLICATION,R3_UPSTREAM_INVALID,101035,IDENTIFYING_ASSUMPTION_VIOLATED,1.2185226914964717,UPSTREAM_CANDIDATE_NOT_ELIGIBLE,NOT_EVALUATED,0,,,0.0,0,,UPSTREAM_CANDIDATE_NOT_ELIGIBLE,False,,,,False,False,False
REPLICATION,R3_UPSTREAM_INVALID,101036,IDENTIFYING_ASSUMPTION_VIOLATED,1.1751519522898393,UPSTREAM_CANDIDATE_NOT_ELIGIBLE,NOT_EVALUATED,0,,,0.0,0,,UPSTREAM_CANDIDATE_NOT_ELIGIBLE,False,,,,False,False,False
REPLICATION,R3_UPSTREAM_INVALID,101037,IDENTIFYING_ASSUMPTION_VIOLATED,1.1979566405882527,UPSTREAM_CANDIDATE_NOT_ELIGIBLE,NOT_EVALUATED,0,,,0.0,0,,UPSTREAM_CANDIDATE_NOT_ELIGIBLE,False,,,,False,False,False
REPLICATION,R3_UPSTREAM_INVALID,101038,IDENTIFYING_ASSUMPTION_VIOLATED,1.1976334121289178,UPSTREAM_CANDIDATE_NOT_ELIGIBLE,NOT_EVALUATED,0,,,0.0,0,,UPSTREAM_CANDIDATE_NOT_ELIGIBLE,False,,,,False,False,False
REPLICATION,R3_UPSTREAM_INVALID,101039,IDENTIFYING_ASSUMPTION_VIOLATED,1.1938795815714467,UPSTREAM_CANDIDATE_NOT_ELIGIBLE,NOT_EVALUATED,0,,,0.0,0,,UPSTREAM_CANDIDATE_NOT_ELIGIBLE,False,,,,False,False,False
REPLICATION,R3_UPSTREAM_INVALID,101040,IDENTIFYING_ASSUMPTION_VIOLATED,1.1965806787890565,UPSTREAM_CANDIDATE_NOT_ELIGIBLE,NOT_EVALUATED,0,,,0.0,0,,UPSTREAM_CANDIDATE_NOT_ELIGIBLE,False,,,,False,False,False
REPLICATION,R3_UPSTREAM_INVALID,101041,IDENTIFYING_ASSUMPTION_VIOLATED,1.1830693049915972,UPSTREAM_CANDIDATE_NOT_ELIGIBLE,NOT_EVALUATED,0,,,0.0,0,,UPSTREAM_CANDIDATE_NOT_ELIGIBLE,False,,,,False,False,False
REPLICATION,R3_UPSTREAM_INVALID,101042,IDENTIFYING_ASSUMPTION_VIOLATED,1.1740888259599151,UPSTREAM_CANDIDATE_NOT_ELIGIBLE,NOT_EVALUATED,0,,,0.0,0,,UPSTREAM_CANDIDATE_NOT_ELIGIBLE,False,,,,False,False,False
REPLICATION,R3_UPSTREAM_INVALID,101043,IDENTIFYING_ASSUMPTION_VIOLATED,1.1977804242690844,UPSTREAM_CANDIDATE_NOT_ELIGIBLE,NOT_EVALUATED,0,,,0.0,0,,UPSTREAM_CANDIDATE_NOT_ELIGIBLE,False,,,,False,False,False
REPLICATION,R3_UPSTREAM_INVALID,101044,IDENTIFYING_ASSUMPTION_VIOLATED,1.1845028592688955,UPSTREAM_CANDIDATE_NOT_ELIGIBLE,NOT_EVALUATED,0,,,0.0,0,,UPSTREAM_CANDIDATE_NOT_ELIGIBLE,False,,,,False,False,False
REPLICATION,R3_UPSTREAM_INVALID,101045,IDENTIFYING_ASSUMPTION_VIOLATED,1.1864581949787856,UPSTREAM_CANDIDATE_NOT_ELIGIBLE,NOT_EVALUATED,0,,,0.0,0,,UPSTREAM_CANDIDATE_NOT_ELIGIBLE,False,,,,False,False,False
REPLICATION,R3_UPSTREAM_INVALID,101046,IDENTIFYING_ASSUMPTION_VIOLATED,1.1857041913902004,UPSTREAM_CANDIDATE_NOT_ELIGIBLE,NOT_EVALUATED,0,,,0.0,0,,UPSTREAM_CANDIDATE_NOT_ELIGIBLE,False,,,,False,False,False
REPLICATION,R3_UPSTREAM_INVALID,101047,IDENTIFYING_ASSUMPTION_VIOLATED,1.1977893192679876,UPSTREAM_CANDIDATE_NOT_ELIGIBLE,NOT_EVALUATED,0,,,0.0,0,,UPSTREAM_CANDIDATE_NOT_ELIGIBLE,False,,,,False,False,False
REPLICATION,R3_UPSTREAM_INVALID,101048,IDENTIFYING_ASSUMPTION_VIOLATED,1.2034609655338286,UPSTREAM_CANDIDATE_NOT_ELIGIBLE,NOT_EVALUATED,0,,,0.0,0,,UPSTREAM_CANDIDATE_NOT_ELIGIBLE,False,,,,False,False,False
REPLICATION,R3_UPSTREAM_INVALID,101049,IDENTIFYING_ASSUMPTION_VIOLATED,1.2030576030860376,UPSTREAM_CANDIDATE_NOT_ELIGIBLE,NOT_EVALUATED,0,,,0.0,0,,UPSTREAM_CANDIDATE_NOT_ELIGIBLE,False,,,,False,False,False
REPLICATION,R3_UPSTREAM_INVALID,101050,IDENTIFYING_ASSUMPTION_VIOLATED,1.2006892778953377,UPSTREAM_CANDIDATE_NOT_ELIGIBLE,NOT_EVALUATED,0,,,0.0,0,,UPSTREAM_CANDIDATE_NOT_ELIGIBLE,False,,,,False,False,False
REPLICATION,R3_UPSTREAM_INVALID,101051,IDENTIFYING_ASSUMPTION_VIOLATED,1.209694129306399,UPSTREAM_CANDIDATE_NOT_ELIGIBLE,NOT_EVALUATED,0,,,0.0,0,,UPSTREAM_CANDIDATE_NOT_ELIGIBLE,False,,,,False,False,False
REPLICATION,R3_UPSTREAM_INVALID,101052,IDENTIFYING_ASSUMPTION_VIOLATED,1.1808367078811646,UPSTREAM_CANDIDATE_NOT_ELIGIBLE,NOT_EVALUATED,0,,,0.0,0,,UPSTREAM_CANDIDATE_NOT_ELIGIBLE,False,,,,False,False,False
REPLICATION,R3_UPSTREAM_INVALID,101053,IDENTIFYING_ASSUMPTION_VIOLATED,1.1907457933144217,UPSTREAM_CANDIDATE_NOT_ELIGIBLE,NOT_EVALUATED,0,,,0.0,0,,UPSTREAM_CANDIDATE_NOT_ELIGIBLE,False,,,,False,False,False
REPLICATION,R3_UPSTREAM_INVALID,101054,IDENTIFYING_ASSUMPTION_VIOLATED,1.1841461686315617,UPSTREAM_CANDIDATE_NOT_ELIGIBLE,NOT_EVALUATED,0,,,0.0,0,,UPSTREAM_CANDIDATE_NOT_ELIGIBLE,False,,,,False,False,False
REPLICATION,R3_UPSTREAM_INVALID,101055,IDENTIFYING_ASSUMPTION_VIOLATED,1.1789841862277488,UPSTREAM_CANDIDATE_NOT_ELIGIBLE,NOT_EVALUATED,0,,,0.0,0,,UPSTREAM_CANDIDATE_NOT_ELIGIBLE,False,,,,False,False,False
REPLICATION,R3_UPSTREAM_INVALID,101056,IDENTIFYING_ASSUMPTION_VIOLATED,1.1967201021958402,UPSTREAM_CANDIDATE_NOT_ELIGIBLE,NOT_EVALUATED,0,,,0.0,0,,UPSTREAM_CANDIDATE_NOT_ELIGIBLE,False,,,,False,False,False
REPLICATION,R3_UPSTREAM_INVALID,101057,IDENTIFYING_ASSUMPTION_VIOLATED,1.1869702787803365,UPSTREAM_CANDIDATE_NOT_ELIGIBLE,NOT_EVALUATED,0,,,0.0,0,,UPSTREAM_CANDIDATE_NOT_ELIGIBLE,False,,,,False,False,False
REPLICATION,R3_UPSTREAM_INVALID,101058,IDENTIFYING_ASSUMPTION_VIOLATED,1.2029892319979405,UPSTREAM_CANDIDATE_NOT_ELIGIBLE,NOT_EVALUATED,0,,,0.0,0,,UPSTREAM_CANDIDATE_NOT_ELIGIBLE,False,,,,False,False,False
REPLICATION,R3_UPSTREAM_INVALID,101059,IDENTIFYING_ASSUMPTION_VIOLATED,1.185625406268935,UPSTREAM_CANDIDATE_NOT_ELIGIBLE,NOT_EVALUATED,0,,,0.0,0,,UPSTREAM_CANDIDATE_NOT_ELIGIBLE,False,,,,False,False,False
REPLICATION,R3_UPSTREAM_INVALID,101060,IDENTIFYING_ASSUMPTION_VIOLATED,1.197697628864001,UPSTREAM_CANDIDATE_NOT_ELIGIBLE,NOT_EVALUATED,0,,,0.0,0,,UPSTREAM_CANDIDATE_NOT_ELIGIBLE,False,,,,False,False,False
REPLICATION,R3_UPSTREAM_INVALID,101061,IDENTIFYING_ASSUMPTION_VIOLATED,1.2111877254427883,UPSTREAM_CANDIDATE_NOT_ELIGIBLE,NOT_EVALUATED,0,,,0.0,0,,UPSTREAM_CANDIDATE_NOT_ELIGIBLE,False,,,,False,False,False
REPLICATION,R3_UPSTREAM_INVALID,101062,IDENTIFYING_ASSUMPTION_VIOLATED,1.1907216088196695,UPSTREAM_CANDIDATE_NOT_ELIGIBLE,NOT_EVALUATED,0,,,0.0,0,,UPSTREAM_CANDIDATE_NOT_ELIGIBLE,False,,,,False,False,False
REPLICATION,R3_UPSTREAM_INVALID,101063,IDENTIFYING_ASSUMPTION_VIOLATED,1.1904652418585855,UPSTREAM_CANDIDATE_NOT_ELIGIBLE,NOT_EVALUATED,0,,,0.0,0,,UPSTREAM_CANDIDATE_NOT_ELIGIBLE,False,,,,False,False,False
