cohort,family,seed,n_observed,state,beta_hat,beta_se,relevant_instruments,max_overidentification_z,max_negative_control_z,z_critical,causal_authority_granted,has_exclusion_debt,has_measurement_debt
PRIMARY,V0_VALID,50000,4096,CAUSAL_CANDIDATE_UNDER_ASSUMPTIONS,0.8221778489933442,0.019159701272142303,2,1.78473535292486,0.9523917549036539,3.090232306167813,False,True,True
PRIMARY,V0_VALID,50001,4096,CAUSAL_CANDIDATE_UNDER_ASSUMPTIONS,0.8096767264086147,0.019298053291454592,2,0.8039671774346705,0.7112118371271303,3.090232306167813,False,True,True
PRIMARY,V0_VALID,50002,4096,CAUSAL_CANDIDATE_UNDER_ASSUMPTIONS,0.8035986759593685,0.019638418327242398,2,1.2201126926648325,0.026269612996803984,3.090232306167813,False,True,True
PRIMARY,V0_VALID,50003,4096,CAUSAL_CANDIDATE_UNDER_ASSUMPTIONS,0.8353442431262947,0.01807787868576939,2,1.0226269006764976,1.6093873614054695,3.090232306167813,False,True,True
PRIMARY,V0_VALID,50004,4096,CAUSAL_CANDIDATE_UNDER_ASSUMPTIONS,0.8062132712944212,0.018821206025458153,2,0.033265998198494975,0.47835512892400434,3.090232306167813,False,True,True
PRIMARY,V0_VALID,50005,4096,CAUSAL_CANDIDATE_UNDER_ASSUMPTIONS,0.8079190606060282,0.019063841028147344,2,0.058417371804032475,0.4418773139172869,3.090232306167813,False,True,True
PRIMARY,V0_VALID,50006,4096,CAUSAL_CANDIDATE_UNDER_ASSUMPTIONS,0.7940768378786152,0.01999885599230171,2,0.6785638024731598,0.8320078736280064,3.090232306167813,False,True,True
PRIMARY,V0_VALID,50007,4096,CAUSAL_CANDIDATE_UNDER_ASSUMPTIONS,0.7876319581621648,0.020017623972430704,2,0.590140049880191,1.9675385185520735,3.090232306167813,False,True,True
PRIMARY,V0_VALID,50008,4096,CAUSAL_CANDIDATE_UNDER_ASSUMPTIONS,0.8287442182251155,0.01918635315381007,2,0.8338116586582213,0.5934914408808257,3.090232306167813,False,True,True
PRIMARY,V0_VALID,50009,4096,CAUSAL_CANDIDATE_UNDER_ASSUMPTIONS,0.829548912888944,0.019121467219963814,2,1.6539648405332041,2.374267027754244,3.090232306167813,False,True,True
PRIMARY,V0_VALID,50010,4096,CAUSAL_CANDIDATE_UNDER_ASSUMPTIONS,0.8275664731105015,0.019831019865833216,2,0.9223229492455852,0.5823807616871342,3.090232306167813,False,True,True
PRIMARY,V0_VALID,50011,4096,CAUSAL_CANDIDATE_UNDER_ASSUMPTIONS,0.8157075995764856,0.018334890470540495,2,0.3957564334939003,0.9178861934335084,3.090232306167813,False,True,True
PRIMARY,V0_VALID,50012,4096,CAUSAL_CANDIDATE_UNDER_ASSUMPTIONS,0.7585191653191691,0.020204720287664367,2,0.015054526735531733,1.766302392366507,3.090232306167813,False,True,True
PRIMARY,V0_VALID,50013,4096,CAUSAL_CANDIDATE_UNDER_ASSUMPTIONS,0.817126694968763,0.019416575427873048,2,1.0046958427219108,0.9592514467243393,3.090232306167813,False,True,True
PRIMARY,V0_VALID,50014,4096,CAUSAL_CANDIDATE_UNDER_ASSUMPTIONS,0.79216073409066,0.020139069904254032,2,0.28130791228831237,0.3303882193728536,3.090232306167813,False,True,True
PRIMARY,V0_VALID,50015,4096,CAUSAL_CANDIDATE_UNDER_ASSUMPTIONS,0.7882791830374251,0.018958009319192816,2,0.29744981787087355,1.4358519221277068,3.090232306167813,False,True,True
PRIMARY,V0_VALID,50016,4096,CAUSAL_CANDIDATE_UNDER_ASSUMPTIONS,0.8163689278324663,0.01863615314126403,2,0.03679139812461908,1.4373451978034597,3.090232306167813,False,True,True
PRIMARY,V0_VALID,50017,4096,CAUSAL_CANDIDATE_UNDER_ASSUMPTIONS,0.773836907559573,0.02049715909370623,2,1.5095068961058944,1.8554282854735642,3.090232306167813,False,True,True
PRIMARY,V0_VALID,50018,4096,CAUSAL_CANDIDATE_UNDER_ASSUMPTIONS,0.780853858327768,0.02002359098162906,2,0.4230487531227419,0.836904436683388,3.090232306167813,False,True,True
PRIMARY,V0_VALID,50019,4096,CAUSAL_CANDIDATE_UNDER_ASSUMPTIONS,0.8340613385256532,0.018573149645350284,2,0.6759184514064076,0.7205766515333955,3.090232306167813,False,True,True
PRIMARY,V0_VALID,50020,4096,CAUSAL_CANDIDATE_UNDER_ASSUMPTIONS,0.8044250041347302,0.02017674009991523,2,1.8768623121846089,1.9073122656195018,3.090232306167813,False,True,True
PRIMARY,V0_VALID,50021,4096,CAUSAL_CANDIDATE_UNDER_ASSUMPTIONS,0.7837637393061876,0.020094736425722348,2,0.7039219565682483,0.44763727610496606,3.090232306167813,False,True,True
PRIMARY,V0_VALID,50022,4096,CAUSAL_CANDIDATE_UNDER_ASSUMPTIONS,0.7878799811972739,0.019421532152761465,2,0.215749006106139,0.7863623600176028,3.090232306167813,False,True,True
PRIMARY,V0_VALID,50023,4096,CAUSAL_CANDIDATE_UNDER_ASSUMPTIONS,0.7884250016782988,0.019340024736628443,2,0.14449203227648727,0.8039661616134756,3.090232306167813,False,True,True
PRIMARY,V0_VALID,50024,4096,CAUSAL_CANDIDATE_UNDER_ASSUMPTIONS,0.8049112065741566,0.01952544091698683,2,0.11677614768674988,2.101871430724435,3.090232306167813,False,True,True
PRIMARY,V0_VALID,50025,4096,CAUSAL_CANDIDATE_UNDER_ASSUMPTIONS,0.774295738914602,0.019359118026419275,2,0.21337306241160303,1.897301985332083,3.090232306167813,False,True,True
PRIMARY,V0_VALID,50026,4096,CAUSAL_CANDIDATE_UNDER_ASSUMPTIONS,0.8095738553261987,0.018810774530692364,2,0.39275394223272747,0.8342573497298686,3.090232306167813,False,True,True
PRIMARY,V0_VALID,50027,4096,CAUSAL_CANDIDATE_UNDER_ASSUMPTIONS,0.8186471922207336,0.01928213759861073,2,0.06206622037808917,0.293273944939255,3.090232306167813,False,True,True
PRIMARY,V0_VALID,50028,4096,CAUSAL_CANDIDATE_UNDER_ASSUMPTIONS,0.8344626853624754,0.018581683729460702,2,0.3535267821445589,2.63728792395311,3.090232306167813,False,True,True
PRIMARY,V0_VALID,50029,4096,CAUSAL_CANDIDATE_UNDER_ASSUMPTIONS,0.7942765949084222,0.020011658243256673,2,0.34219390228539803,0.46777656989540206,3.090232306167813,False,True,True
PRIMARY,V0_VALID,50030,4096,CAUSAL_CANDIDATE_UNDER_ASSUMPTIONS,0.8093485548625856,0.01962101648448847,2,1.6040720359282337,0.8742791637008955,3.090232306167813,False,True,True
PRIMARY,V0_VALID,50031,4096,CAUSAL_CANDIDATE_UNDER_ASSUMPTIONS,0.8264698679719413,0.018850769893480973,2,2.3230173453763503,2.3987485154747796,3.090232306167813,False,True,True
PRIMARY,V0_VALID,50032,4096,CAUSAL_CANDIDATE_UNDER_ASSUMPTIONS,0.8089715102619565,0.0187515619703892,2,1.010844824381946,1.0792775777303723,3.090232306167813,False,True,True
PRIMARY,V0_VALID,50033,4096,CAUSAL_CANDIDATE_UNDER_ASSUMPTIONS,0.7613368544238519,0.01969131886068604,2,0.18522865844295305,2.2740852760265886,3.090232306167813,False,True,True
PRIMARY,V0_VALID,50034,4096,CAUSAL_CANDIDATE_UNDER_ASSUMPTIONS,0.8039550521226,0.019817275601765504,2,0.4104436511022245,1.1999951954094177,3.090232306167813,False,True,True
PRIMARY,V0_VALID,50035,4096,CAUSAL_CANDIDATE_UNDER_ASSUMPTIONS,0.7793547275596451,0.02054471316150245,2,1.4110711568190126,1.746797920997325,3.090232306167813,False,True,True
PRIMARY,V0_VALID,50036,4096,CAUSAL_CANDIDATE_UNDER_ASSUMPTIONS,0.8157621692409157,0.01906526302673275,2,0.425067999819066,0.8309986955099251,3.090232306167813,False,True,True
PRIMARY,V0_VALID,50037,4096,CAUSAL_CANDIDATE_UNDER_ASSUMPTIONS,0.764064218319996,0.020313511157384133,2,0.5426142643460837,2.5083110486214957,3.090232306167813,False,True,True
PRIMARY,V0_VALID,50038,4096,CAUSAL_CANDIDATE_UNDER_ASSUMPTIONS,0.8077629759484853,0.01956898337799829,2,0.1101798095372527,0.5067594468930083,3.090232306167813,False,True,True
PRIMARY,V0_VALID,50039,4096,CAUSAL_CANDIDATE_UNDER_ASSUMPTIONS,0.7704718455274446,0.01983769233643584,2,0.7826537023315002,1.3419402969914935,3.090232306167813,False,True,True
PRIMARY,V0_VALID,50040,4096,CAUSAL_CANDIDATE_UNDER_ASSUMPTIONS,0.803181354146636,0.019549618025841244,2,0.6479952062384011,0.6800471113068413,3.090232306167813,False,True,True
PRIMARY,V0_VALID,50041,4096,CAUSAL_CANDIDATE_UNDER_ASSUMPTIONS,0.796698222218557,0.019619583264943532,2,1.237732843045165,2.2352121512945757,3.090232306167813,False,True,True
PRIMARY,V0_VALID,50042,4096,CAUSAL_CANDIDATE_UNDER_ASSUMPTIONS,0.804876572369267,0.01924022741743523,2,1.49552322372571,1.2102295998414163,3.090232306167813,False,True,True
PRIMARY,V0_VALID,50043,4096,CAUSAL_CANDIDATE_UNDER_ASSUMPTIONS,0.7875720903246606,0.019596065220269396,2,1.4455454600128177,1.2437220772906257,3.090232306167813,False,True,True
PRIMARY,V0_VALID,50044,4096,CAUSAL_CANDIDATE_UNDER_ASSUMPTIONS,0.777701299164886,0.02006877742989766,2,0.5221961272047002,0.8937721316807892,3.090232306167813,False,True,True
PRIMARY,V0_VALID,50045,4096,CAUSAL_CANDIDATE_UNDER_ASSUMPTIONS,0.8204477952200392,0.019767667474336545,2,2.188676446717688,1.002304963758169,3.090232306167813,False,True,True
PRIMARY,V0_VALID,50046,4096,CAUSAL_CANDIDATE_UNDER_ASSUMPTIONS,0.7873523508500276,0.020743775838393756,2,2.480981626081785,2.7770533567876217,3.090232306167813,False,True,True
PRIMARY,V0_VALID,50047,4096,CAUSAL_CANDIDATE_UNDER_ASSUMPTIONS,0.7847934166615038,0.019573521826618968,2,0.5160457670666273,0.46300717629524213,3.090232306167813,False,True,True
PRIMARY,V0_VALID,50048,4096,CAUSAL_CANDIDATE_UNDER_ASSUMPTIONS,0.7515866540587323,0.020817798234084563,2,0.5654997623158247,1.8115623467763942,3.090232306167813,False,True,True
PRIMARY,V0_VALID,50049,4096,CAUSAL_CANDIDATE_UNDER_ASSUMPTIONS,0.7861531543966805,0.019605872020575565,2,0.2156314707136029,0.17957521379692723,3.090232306167813,False,True,True
PRIMARY,V0_VALID,50050,4096,CAUSAL_CANDIDATE_UNDER_ASSUMPTIONS,0.7943021005741248,0.019428921143157918,2,0.9445114415504385,0.24275612254447684,3.090232306167813,False,True,True
PRIMARY,V0_VALID,50051,4096,CAUSAL_CANDIDATE_UNDER_ASSUMPTIONS,0.820934703173165,0.01946143043334124,2,2.0701606307033673,2.700627428720808,3.090232306167813,False,True,True
PRIMARY,V0_VALID,50052,4096,CAUSAL_CANDIDATE_UNDER_ASSUMPTIONS,0.8149462561080428,0.01857656689890047,2,0.29388246927452855,1.5985709069612803,3.090232306167813,False,True,True
PRIMARY,V0_VALID,50053,4096,CAUSAL_CANDIDATE_UNDER_ASSUMPTIONS,0.8188778478183523,0.019216415438445725,2,1.8158042568369075,2.2977859112891075,3.090232306167813,False,True,True
PRIMARY,V0_VALID,50054,4096,CAUSAL_CANDIDATE_UNDER_ASSUMPTIONS,0.7979709067099575,0.018830307885816935,2,1.1660959693555568,0.780989503283917,3.090232306167813,False,True,True
PRIMARY,V0_VALID,50055,4096,CAUSAL_CANDIDATE_UNDER_ASSUMPTIONS,0.796954877125031,0.020037889513683377,2,0.6313051443816401,1.0657052682553936,3.090232306167813,False,True,True
PRIMARY,V0_VALID,50056,4096,CAUSAL_CANDIDATE_UNDER_ASSUMPTIONS,0.7918626123169902,0.019715156255014105,2,0.008298289521428165,0.6984091802871498,3.090232306167813,False,True,True
PRIMARY,V0_VALID,50057,4096,CAUSAL_CANDIDATE_UNDER_ASSUMPTIONS,0.7909056828339847,0.01930675620265439,2,1.3032152788627138,1.3732988796403969,3.090232306167813,False,True,True
PRIMARY,V0_VALID,50058,4096,CAUSAL_CANDIDATE_UNDER_ASSUMPTIONS,0.7927689543009943,0.019866481356846592,2,0.11595474721454763,0.40417351805985424,3.090232306167813,False,True,True
PRIMARY,V0_VALID,50059,4096,CAUSAL_CANDIDATE_UNDER_ASSUMPTIONS,0.8242449572962552,0.01961570706821925,2,0.25382733655723955,0.5552925172510584,3.090232306167813,False,True,True
PRIMARY,V0_VALID,50060,4096,CAUSAL_CANDIDATE_UNDER_ASSUMPTIONS,0.7754930677727647,0.02005298325230904,2,0.20131904049342875,2.330112977711269,3.090232306167813,False,True,True
PRIMARY,V0_VALID,50061,4096,CAUSAL_CANDIDATE_UNDER_ASSUMPTIONS,0.8448932222462768,0.01871693850944509,2,0.012444386913990559,1.9804463764559073,3.090232306167813,False,True,True
PRIMARY,V0_VALID,50062,4096,CAUSAL_CANDIDATE_UNDER_ASSUMPTIONS,0.7985115892246837,0.019598113381432542,2,0.6788690419268674,0.4983765169492115,3.090232306167813,False,True,True
PRIMARY,V0_VALID,50063,4096,CAUSAL_CANDIDATE_UNDER_ASSUMPTIONS,0.7701969937166623,0.020129624635990908,2,1.1209261695691262,1.8135987653879602,3.090232306167813,False,True,True
PRIMARY,V0_VALID,50064,4096,CAUSAL_CANDIDATE_UNDER_ASSUMPTIONS,0.773140054100756,0.020435629249327642,2,0.08578469009422965,1.3012045894327084,3.090232306167813,False,True,True
PRIMARY,V0_VALID,50065,4096,CAUSAL_CANDIDATE_UNDER_ASSUMPTIONS,0.8257799418236725,0.019331167216782526,2,1.8820842912331457,1.3756722595023219,3.090232306167813,False,True,True
PRIMARY,V0_VALID,50066,4096,CAUSAL_CANDIDATE_UNDER_ASSUMPTIONS,0.7900893580835537,0.02051365031305315,2,0.11053563129351178,1.1455161107507978,3.090232306167813,False,True,True
PRIMARY,V0_VALID,50067,4096,CAUSAL_CANDIDATE_UNDER_ASSUMPTIONS,0.776013514768605,0.019468830137122053,2,0.4270744646629625,1.0814153690774926,3.090232306167813,False,True,True
PRIMARY,V0_VALID,50068,4096,CAUSAL_CANDIDATE_UNDER_ASSUMPTIONS,0.8108012239884359,0.019398277947215454,2,1.478220352433929,1.1443466021242361,3.090232306167813,False,True,True
PRIMARY,V0_VALID,50069,4096,CAUSAL_CANDIDATE_UNDER_ASSUMPTIONS,0.7874272753593733,0.019231784623268546,2,1.414523334988645,2.3380798503125524,3.090232306167813,False,True,True
PRIMARY,V0_VALID,50070,4096,CAUSAL_CANDIDATE_UNDER_ASSUMPTIONS,0.801328438697087,0.019361837797022708,2,0.22461428233977798,0.6960227552635742,3.090232306167813,False,True,True
PRIMARY,V0_VALID,50071,4096,CAUSAL_CANDIDATE_UNDER_ASSUMPTIONS,0.7974786611703365,0.019061273625610355,2,0.07976958431184791,0.1373340914567635,3.090232306167813,False,True,True
PRIMARY,V0_VALID,50072,4096,CAUSAL_CANDIDATE_UNDER_ASSUMPTIONS,0.7870080768011566,0.020063999973561668,2,0.16243277151786814,1.1600395094322227,3.090232306167813,False,True,True
PRIMARY,V0_VALID,50073,4096,CAUSAL_CANDIDATE_UNDER_ASSUMPTIONS,0.792989574938661,0.02000750270223049,2,0.12873637997253998,0.6707860898761142,3.090232306167813,False,True,True
PRIMARY,V0_VALID,50074,4096,CAUSAL_CANDIDATE_UNDER_ASSUMPTIONS,0.8118278547592042,0.01895401999397868,2,0.48739269764686605,1.560581523760029,3.090232306167813,False,True,True
PRIMARY,V0_VALID,50075,4096,CAUSAL_CANDIDATE_UNDER_ASSUMPTIONS,0.789436504973644,0.019221004025426182,2,0.5911220991725369,0.08528772205377638,3.090232306167813,False,True,True
PRIMARY,V0_VALID,50076,4096,CAUSAL_CANDIDATE_UNDER_ASSUMPTIONS,0.7905472344554988,0.019568776355904767,2,1.4313312048177531,1.5657791418173879,3.090232306167813,False,True,True
PRIMARY,V0_VALID,50077,4096,CAUSAL_CANDIDATE_UNDER_ASSUMPTIONS,0.8050556876087995,0.018760568343184868,2,1.1328970203815518,1.9053624329335426,3.090232306167813,False,True,True
PRIMARY,V0_VALID,50078,4096,CAUSAL_CANDIDATE_UNDER_ASSUMPTIONS,0.8056533054782232,0.01916002228674601,2,0.5840827023781837,0.2569278169558081,3.090232306167813,False,True,True
PRIMARY,V0_VALID,50079,4096,CAUSAL_CANDIDATE_UNDER_ASSUMPTIONS,0.793254891963255,0.01923512025682209,2,0.5226972762814194,1.2923541622300683,3.090232306167813,False,True,True
PRIMARY,V0_VALID,50080,4096,CAUSAL_CANDIDATE_UNDER_ASSUMPTIONS,0.806227094145434,0.01899830043903443,2,2.2331019821289035,2.20618325309024,3.090232306167813,False,True,True
PRIMARY,V0_VALID,50081,4096,CAUSAL_CANDIDATE_UNDER_ASSUMPTIONS,0.7885312408647133,0.019830268824283414,2,0.260462896410749,2.278676677219311,3.090232306167813,False,True,True
PRIMARY,V0_VALID,50082,4096,CAUSAL_CANDIDATE_UNDER_ASSUMPTIONS,0.7933450906019445,0.019102768527732353,2,0.2147082556270484,0.3029063547571752,3.090232306167813,False,True,True
PRIMARY,V0_VALID,50083,4096,CAUSAL_CANDIDATE_UNDER_ASSUMPTIONS,0.787735104964202,0.020217859977229396,2,0.26064501085181485,0.5389174393878785,3.090232306167813,False,True,True
PRIMARY,V0_VALID,50084,4096,CAUSAL_CANDIDATE_UNDER_ASSUMPTIONS,0.8115250561879419,0.019587803284808893,2,0.5024868225908443,1.0652414015943386,3.090232306167813,False,True,True
PRIMARY,V0_VALID,50085,4096,CAUSAL_CANDIDATE_UNDER_ASSUMPTIONS,0.8052008606362095,0.019844883219930307,2,0.2857744989053623,0.37688788108385735,3.090232306167813,False,True,True
PRIMARY,V0_VALID,50086,4096,CAUSAL_CANDIDATE_UNDER_ASSUMPTIONS,0.8037993008821318,0.019322910650098536,2,0.8426895062868586,0.668268968461985,3.090232306167813,False,True,True
PRIMARY,V0_VALID,50087,4096,CAUSAL_CANDIDATE_UNDER_ASSUMPTIONS,0.8179393807813593,0.01870564457917877,2,0.4488233313777532,0.8527095045456426,3.090232306167813,False,True,True
PRIMARY,V0_VALID,50088,4096,CAUSAL_CANDIDATE_UNDER_ASSUMPTIONS,0.7863168722728019,0.019943357176796336,2,0.362886993965432,1.399490722798761,3.090232306167813,False,True,True
PRIMARY,V0_VALID,50089,4096,CAUSAL_CANDIDATE_UNDER_ASSUMPTIONS,0.7852739704733738,0.019549315601501412,2,0.22732903574730934,0.20850152341713116,3.090232306167813,False,True,True
PRIMARY,V0_VALID,50090,4096,CAUSAL_CANDIDATE_UNDER_ASSUMPTIONS,0.8262462972325582,0.01795896013439408,2,0.5855295460188106,1.8518112866325567,3.090232306167813,False,True,True
PRIMARY,V0_VALID,50091,4096,CAUSAL_CANDIDATE_UNDER_ASSUMPTIONS,0.8065351386066628,0.019857532128846934,2,1.8240331071353197,1.7052284818671617,3.090232306167813,False,True,True
PRIMARY,V0_VALID,50092,4096,CAUSAL_CANDIDATE_UNDER_ASSUMPTIONS,0.778301901555058,0.01973063251314996,2,1.3464774178517793,0.8838549484028675,3.090232306167813,False,True,True
PRIMARY,V0_VALID,50093,4096,CAUSAL_CANDIDATE_UNDER_ASSUMPTIONS,0.7706537114663361,0.0200223828618943,2,1.024400341064659,1.0593714222720085,3.090232306167813,False,True,True
PRIMARY,V0_VALID,50094,4096,CAUSAL_CANDIDATE_UNDER_ASSUMPTIONS,0.8108393215561325,0.019174653906035066,2,0.7331217028220859,1.4560714391930991,3.090232306167813,False,True,True
PRIMARY,V0_VALID,50095,4096,CAUSAL_CANDIDATE_UNDER_ASSUMPTIONS,0.8021490771153313,0.01913663863212311,2,1.002882356632736,0.47123041058890525,3.090232306167813,False,True,True
PRIMARY,V0_VALID,50096,4096,CAUSAL_CANDIDATE_UNDER_ASSUMPTIONS,0.8097321279781212,0.01926588672266788,2,0.42348914495396983,0.7396811805518193,3.090232306167813,False,True,True
PRIMARY,V0_VALID,50097,4096,CAUSAL_CANDIDATE_UNDER_ASSUMPTIONS,0.7964512735399774,0.018791285588026133,2,1.4959882351464537,1.4244669415023794,3.090232306167813,False,True,True
PRIMARY,V0_VALID,50098,4096,CAUSAL_CANDIDATE_UNDER_ASSUMPTIONS,0.7970927731573324,0.018830935277455555,2,0.12682986635015087,1.0233362381167421,3.090232306167813,False,True,True
PRIMARY,V0_VALID,50099,4096,CAUSAL_CANDIDATE_UNDER_ASSUMPTIONS,0.8221242327968898,0.019317608004324797,2,0.2921009439496005,0.6476414771921472,3.090232306167813,False,True,True
PRIMARY,V0_VALID,50100,4096,CAUSAL_CANDIDATE_UNDER_ASSUMPTIONS,0.7946437182271655,0.01990862963784575,2,0.8428884292427201,0.7168726089962958,3.090232306167813,False,True,True
PRIMARY,V0_VALID,50101,4096,CAUSAL_CANDIDATE_UNDER_ASSUMPTIONS,0.7909181867546934,0.020501028517267383,2,0.5568703019064054,1.4150071455363884,3.090232306167813,False,True,True
PRIMARY,V0_VALID,50102,4096,CAUSAL_CANDIDATE_UNDER_ASSUMPTIONS,0.8062479975592612,0.019479947666716575,2,0.3983287117712254,0.9830017710015113,3.090232306167813,False,True,True
PRIMARY,V0_VALID,50103,4096,CAUSAL_CANDIDATE_UNDER_ASSUMPTIONS,0.7850943073050584,0.019631163555034525,2,0.3848389158498884,1.1303314398727886,3.090232306167813,False,True,True
PRIMARY,V0_VALID,50104,4096,CAUSAL_CANDIDATE_UNDER_ASSUMPTIONS,0.7914038586199964,0.01999837624822495,2,0.7330743764612007,1.627334766381019,3.090232306167813,False,True,True
PRIMARY,V0_VALID,50105,4096,CAUSAL_CANDIDATE_UNDER_ASSUMPTIONS,0.7869480755792012,0.02008958406796658,2,0.7290844498555675,0.8100683002352824,3.090232306167813,False,True,True
PRIMARY,V0_VALID,50106,4096,CAUSAL_CANDIDATE_UNDER_ASSUMPTIONS,0.8232342132973017,0.018778461709519863,2,2.03805483831682,1.014935513466202,3.090232306167813,False,True,True
PRIMARY,V0_VALID,50107,4096,CAUSAL_CANDIDATE_UNDER_ASSUMPTIONS,0.8059671138659724,0.01925556743633436,2,1.8102131151384817,0.7992336059906985,3.090232306167813,False,True,True
PRIMARY,V0_VALID,50108,4096,CAUSAL_CANDIDATE_UNDER_ASSUMPTIONS,0.8563204150082392,0.018083411513657804,2,2.1982738140168943,2.639298724822674,3.090232306167813,False,True,True
PRIMARY,V0_VALID,50109,4096,CAUSAL_CANDIDATE_UNDER_ASSUMPTIONS,0.7841715004291039,0.01909422469122953,2,0.7348683485783668,0.3844378679651383,3.090232306167813,False,True,True
PRIMARY,V0_VALID,50110,4096,CAUSAL_CANDIDATE_UNDER_ASSUMPTIONS,0.7874514058699899,0.019952574602564364,2,0.08352006592064878,0.3519364033914406,3.090232306167813,False,True,True
PRIMARY,V0_VALID,50111,4096,CAUSAL_CANDIDATE_UNDER_ASSUMPTIONS,0.8058571482352869,0.0195500900243373,2,0.6715966907734185,1.3482131584362234,3.090232306167813,False,True,True
PRIMARY,V0_VALID,50112,4096,CAUSAL_CANDIDATE_UNDER_ASSUMPTIONS,0.8002094884735669,0.01964139082887564,2,0.9901875499893766,0.738828296530512,3.090232306167813,False,True,True
PRIMARY,V0_VALID,50113,4096,CAUSAL_CANDIDATE_UNDER_ASSUMPTIONS,0.7957724894504464,0.01943042546703928,2,0.4913454962057547,0.8783729000131467,3.090232306167813,False,True,True
PRIMARY,V0_VALID,50114,4096,CAUSAL_CANDIDATE_UNDER_ASSUMPTIONS,0.8240506089719399,0.01951157484227425,2,0.5687612334489762,0.8489993801904739,3.090232306167813,False,True,True
PRIMARY,V0_VALID,50115,4096,CAUSAL_CANDIDATE_UNDER_ASSUMPTIONS,0.8169713803687764,0.01957146556965664,2,0.6806350617514344,1.2322514645930638,3.090232306167813,False,True,True
PRIMARY,V0_VALID,50116,4096,CAUSAL_CANDIDATE_UNDER_ASSUMPTIONS,0.8004114557795042,0.018945768697596073,2,0.30183316390095455,0.783973039834673,3.090232306167813,False,True,True
PRIMARY,V0_VALID,50117,4096,CAUSAL_CANDIDATE_UNDER_ASSUMPTIONS,0.7728655056091842,0.020116948798060093,2,0.338982928755082,0.16044310820268967,3.090232306167813,False,True,True
PRIMARY,V0_VALID,50118,4096,CAUSAL_CANDIDATE_UNDER_ASSUMPTIONS,0.8314884261860982,0.01905354634903495,2,1.1866141941502417,1.1883059314230533,3.090232306167813,False,True,True
PRIMARY,V0_VALID,50119,4096,CAUSAL_CANDIDATE_UNDER_ASSUMPTIONS,0.7728504260606084,0.019546124668301575,2,1.1733843901806622,2.178289446239775,3.090232306167813,False,True,True
PRIMARY,V0_VALID,50120,4096,CAUSAL_CANDIDATE_UNDER_ASSUMPTIONS,0.8038851445938859,0.019578403574689304,2,0.4724286332433742,0.535266328453301,3.090232306167813,False,True,True
PRIMARY,V0_VALID,50121,4096,CAUSAL_CANDIDATE_UNDER_ASSUMPTIONS,0.7924884008594091,0.019774489332277885,2,0.2916522946588484,0.643302853787972,3.090232306167813,False,True,True
PRIMARY,V0_VALID,50122,4096,CAUSAL_CANDIDATE_UNDER_ASSUMPTIONS,0.7580370287859035,0.019995159799102005,2,1.3799537789390754,0.970785139995719,3.090232306167813,False,True,True
PRIMARY,V0_VALID,50123,4096,CAUSAL_CANDIDATE_UNDER_ASSUMPTIONS,0.8038146823206086,0.01988260409038675,2,1.5901852586238363,1.429325854184569,3.090232306167813,False,True,True
PRIMARY,V0_VALID,50124,4096,CAUSAL_CANDIDATE_UNDER_ASSUMPTIONS,0.7826273548817813,0.01992978156019109,2,1.0874187481125561,0.7575864141769877,3.090232306167813,False,True,True
PRIMARY,V0_VALID,50125,4096,CAUSAL_CANDIDATE_UNDER_ASSUMPTIONS,0.805594132538247,0.019519459479859558,2,0.17352812598380457,1.541444655912241,3.090232306167813,False,True,True
PRIMARY,V0_VALID,50126,4096,CAUSAL_CANDIDATE_UNDER_ASSUMPTIONS,0.7788164727631423,0.01968389576610501,2,0.7054221601958869,1.4980770750823664,3.090232306167813,False,True,True
PRIMARY,V0_VALID,50127,4096,CAUSAL_CANDIDATE_UNDER_ASSUMPTIONS,0.7910699709050201,0.020514308596433665,2,0.017105201623825145,0.946775492168982,3.090232306167813,False,True,True
PRIMARY,V1_DIRECT_NONPROPORTIONAL,50000,4096,IDENTIFYING_ASSUMPTION_VIOLATED,1.2663894921549579,0.016800798061053612,2,10.987691868036382,0.9523917549036539,3.090232306167813,False,True,True
PRIMARY,V1_DIRECT_NONPROPORTIONAL,50001,4096,IDENTIFYING_ASSUMPTION_VIOLATED,1.278591992322074,0.01711873302925255,2,11.966505948537177,0.7112118371271303,3.090232306167813,False,True,True
PRIMARY,V1_DIRECT_NONPROPORTIONAL,50002,4096,IDENTIFYING_ASSUMPTION_VIOLATED,1.2887795048040742,0.017286048527133734,2,12.200975989475268,0.026269612996803984,3.090232306167813,False,True,True
PRIMARY,V1_DIRECT_NONPROPORTIONAL,50003,4096,IDENTIFYING_ASSUMPTION_VIOLATED,1.2823159810375104,0.016001770719444763,2,11.74945576884571,1.6093873614054695,3.090232306167813,False,True,True
PRIMARY,V1_DIRECT_NONPROPORTIONAL,50004,4096,IDENTIFYING_ASSUMPTION_VIOLATED,1.2656281918443868,0.01639860357524053,2,11.467779342444,0.47835512892400434,3.090232306167813,False,True,True
PRIMARY,V1_DIRECT_NONPROPORTIONAL,50005,4096,IDENTIFYING_ASSUMPTION_VIOLATED,1.2714637157864828,0.016809598489740306,2,11.902298593721422,0.4418773139172869,3.090232306167813,False,True,True
PRIMARY,V1_DIRECT_NONPROPORTIONAL,50006,4096,IDENTIFYING_ASSUMPTION_VIOLATED,1.2828249445390667,0.017557356079683364,2,11.65305534308015,0.8320078736280064,3.090232306167813,False,True,True
PRIMARY,V1_DIRECT_NONPROPORTIONAL,50007,4096,IDENTIFYING_ASSUMPTION_VIOLATED,1.274213430084135,0.01750500600161567,2,11.457194235055479,1.9675385185520735,3.090232306167813,False,True,True
PRIMARY,V1_DIRECT_NONPROPORTIONAL,50008,4096,IDENTIFYING_ASSUMPTION_VIOLATED,1.2926333568629957,0.01678854331877435,2,10.712850013615114,0.5934914408808257,3.090232306167813,False,True,True
PRIMARY,V1_DIRECT_NONPROPORTIONAL,50009,4096,IDENTIFYING_ASSUMPTION_VIOLATED,1.311615616210499,0.0169827582314999,2,12.329219174764441,2.374267027754244,3.090232306167813,False,True,True
PRIMARY,V1_DIRECT_NONPROPORTIONAL,50010,4096,IDENTIFYING_ASSUMPTION_VIOLATED,1.305580780265429,0.017431019287850503,2,10.955347214307977,0.5823807616871342,3.090232306167813,False,True,True
PRIMARY,V1_DIRECT_NONPROPORTIONAL,50011,4096,IDENTIFYING_ASSUMPTION_VIOLATED,1.262676295340543,0.016155013577361144,2,11.407020392100035,0.9178861934335084,3.090232306167813,False,True,True
PRIMARY,V1_DIRECT_NONPROPORTIONAL,50012,4096,IDENTIFYING_ASSUMPTION_VIOLATED,1.236233568712641,0.01746012362539348,2,11.224410930152057,1.766302392366507,3.090232306167813,False,True,True
PRIMARY,V1_DIRECT_NONPROPORTIONAL,50013,4096,IDENTIFYING_ASSUMPTION_VIOLATED,1.272293407179369,0.016885208614817734,2,11.100164412681195,0.9592514467243393,3.090232306167813,False,True,True
PRIMARY,V1_DIRECT_NONPROPORTIONAL,50014,4096,IDENTIFYING_ASSUMPTION_VIOLATED,1.2709472717648242,0.017406796918892267,2,10.824317471123168,0.3303882193728536,3.090232306167813,False,True,True
PRIMARY,V1_DIRECT_NONPROPORTIONAL,50015,4096,IDENTIFYING_ASSUMPTION_VIOLATED,1.2492726557248304,0.016606329428554382,2,11.433835065740167,1.4358519221277068,3.090232306167813,False,True,True
PRIMARY,V1_DIRECT_NONPROPORTIONAL,50016,4096,IDENTIFYING_ASSUMPTION_VIOLATED,1.2665218496051083,0.016234671798185565,2,11.47068106846597,1.4373451978034597,3.090232306167813,False,True,True
PRIMARY,V1_DIRECT_NONPROPORTIONAL,50017,4096,IDENTIFYING_ASSUMPTION_VIOLATED,1.2488378363728565,0.01775044619427157,2,11.005650108472148,1.8554282854735642,3.090232306167813,False,True,True
PRIMARY,V1_DIRECT_NONPROPORTIONAL,50018,4096,IDENTIFYING_ASSUMPTION_VIOLATED,1.257268509212063,0.017477107684736554,2,11.121392066063564,0.836904436683388,3.090232306167813,False,True,True
PRIMARY,V1_DIRECT_NONPROPORTIONAL,50019,4096,IDENTIFYING_ASSUMPTION_VIOLATED,1.2868312362560754,0.016365586241448817,2,11.314507632964963,0.7205766515333955,3.090232306167813,False,True,True
PRIMARY,V1_DIRECT_NONPROPORTIONAL,50020,4096,IDENTIFYING_ASSUMPTION_VIOLATED,1.2661172111060204,0.017438067128874586,2,10.887191698990987,1.9073122656195018,3.090232306167813,False,True,True
PRIMARY,V1_DIRECT_NONPROPORTIONAL,50021,4096,IDENTIFYING_ASSUMPTION_VIOLATED,1.2654189465739347,0.01755276894600731,2,11.590268728650559,0.44763727610496606,3.090232306167813,False,True,True
PRIMARY,V1_DIRECT_NONPROPORTIONAL,50022,4096,IDENTIFYING_ASSUMPTION_VIOLATED,1.253893572116306,0.01715196623686172,2,12.090694964418603,0.7863623600176028,3.090232306167813,False,True,True
PRIMARY,V1_DIRECT_NONPROPORTIONAL,50023,4096,IDENTIFYING_ASSUMPTION_VIOLATED,1.2528346667239432,0.016987897941114043,2,11.902121761559581,0.8039661616134756,3.090232306167813,False,True,True
PRIMARY,V1_DIRECT_NONPROPORTIONAL,50024,4096,IDENTIFYING_ASSUMPTION_VIOLATED,1.2795025293164757,0.01692571490412902,2,11.140239499288114,2.101871430724435,3.090232306167813,False,True,True
PRIMARY,V1_DIRECT_NONPROPORTIONAL,50025,4096,IDENTIFYING_ASSUMPTION_VIOLATED,1.242702749576005,0.01697118083215028,2,11.751207058513,1.897301985332083,3.090232306167813,False,True,True
PRIMARY,V1_DIRECT_NONPROPORTIONAL,50026,4096,IDENTIFYING_ASSUMPTION_VIOLATED,1.2640921278564174,0.016460879704577148,2,11.404621278671364,0.8342573497298686,3.090232306167813,False,True,True
PRIMARY,V1_DIRECT_NONPROPORTIONAL,50027,4096,IDENTIFYING_ASSUMPTION_VIOLATED,1.276488573612021,0.01710729349456397,2,11.700964124703573,0.293273944939255,3.090232306167813,False,True,True
PRIMARY,V1_DIRECT_NONPROPORTIONAL,50028,4096,IDENTIFYING_ASSUMPTION_VIOLATED,1.2915732502154742,0.01637493602393507,2,11.540407480715414,2.63728792395311,3.090232306167813,False,True,True
PRIMARY,V1_DIRECT_NONPROPORTIONAL,50029,4096,IDENTIFYING_ASSUMPTION_VIOLATED,1.2668157265336284,0.017375067955425715,2,11.01638145766492,0.46777656989540206,3.090232306167813,False,True,True
PRIMARY,V1_DIRECT_NONPROPORTIONAL,50030,4096,IDENTIFYING_ASSUMPTION_VIOLATED,1.2610381648652946,0.017170039941930275,2,10.531596518915899,0.8742791637008955,3.090232306167813,False,True,True
PRIMARY,V1_DIRECT_NONPROPORTIONAL,50031,4096,IDENTIFYING_ASSUMPTION_VIOLATED,1.2771355645947506,0.01629679880212185,2,10.668598790841871,2.3987485154747796,3.090232306167813,False,True,True
PRIMARY,V1_DIRECT_NONPROPORTIONAL,50032,4096,IDENTIFYING_ASSUMPTION_VIOLATED,1.2493994113207203,0.016468179460229423,2,10.98665429666965,1.0792775777303723,3.090232306167813,False,True,True
PRIMARY,V1_DIRECT_NONPROPORTIONAL,50033,4096,IDENTIFYING_ASSUMPTION_VIOLATED,1.2372873608524062,0.01712872039189922,2,11.43861288827988,2.2740852760265886,3.090232306167813,False,True,True
PRIMARY,V1_DIRECT_NONPROPORTIONAL,50034,4096,IDENTIFYING_ASSUMPTION_VIOLATED,1.282704265646992,0.017393268342519568,2,11.23647812876592,1.1999951954094177,3.090232306167813,False,True,True
PRIMARY,V1_DIRECT_NONPROPORTIONAL,50035,4096,IDENTIFYING_ASSUMPTION_VIOLATED,1.2521053705876863,0.017741057867472574,2,10.834932294961192,1.746797920997325,3.090232306167813,False,True,True
PRIMARY,V1_DIRECT_NONPROPORTIONAL,50036,4096,IDENTIFYING_ASSUMPTION_VIOLATED,1.2748005622957463,0.01680901987025062,2,11.778537478627273,0.8309986955099251,3.090232306167813,False,True,True
PRIMARY,V1_DIRECT_NONPROPORTIONAL,50037,4096,IDENTIFYING_ASSUMPTION_VIOLATED,1.240103174738145,0.01758410143155261,2,11.132213610196933,2.5083110486214957,3.090232306167813,False,True,True
PRIMARY,V1_DIRECT_NONPROPORTIONAL,50038,4096,IDENTIFYING_ASSUMPTION_VIOLATED,1.2817542353268923,0.017140289266936375,2,11.488815299414098,0.5067594468930083,3.090232306167813,False,True,True
PRIMARY,V1_DIRECT_NONPROPORTIONAL,50039,4096,IDENTIFYING_ASSUMPTION_VIOLATED,1.2362547562986415,0.017166501409725664,2,11.148927184028603,1.3419402969914935,3.090232306167813,False,True,True
PRIMARY,V1_DIRECT_NONPROPORTIONAL,50040,4096,IDENTIFYING_ASSUMPTION_VIOLATED,1.2801563277916013,0.017064923848436674,2,12.020049811631674,0.6800471113068413,3.090232306167813,False,True,True
PRIMARY,V1_DIRECT_NONPROPORTIONAL,50041,4096,IDENTIFYING_ASSUMPTION_VIOLATED,1.265200677488491,0.016881542762402817,2,10.695315824712003,2.2352121512945757,3.090232306167813,False,True,True
PRIMARY,V1_DIRECT_NONPROPORTIONAL,50042,4096,IDENTIFYING_ASSUMPTION_VIOLATED,1.2790572988920963,0.017018948408368068,2,12.251717731162646,1.2102295998414163,3.090232306167813,False,True,True
PRIMARY,V1_DIRECT_NONPROPORTIONAL,50043,4096,IDENTIFYING_ASSUMPTION_VIOLATED,1.246703699219819,0.016982854965271174,2,10.776571737699355,1.2437220772906257,3.090232306167813,False,True,True
PRIMARY,V1_DIRECT_NONPROPORTIONAL,50044,4096,IDENTIFYING_ASSUMPTION_VIOLATED,1.2528884863806837,0.01738599134077906,2,11.126405310811135,0.8937721316807892,3.090232306167813,False,True,True
PRIMARY,V1_DIRECT_NONPROPORTIONAL,50045,4096,IDENTIFYING_ASSUMPTION_VIOLATED,1.3131036959084867,0.017801155613367512,2,12.845933830223547,1.002304963758169,3.090232306167813,False,True,True
PRIMARY,V1_DIRECT_NONPROPORTIONAL,50046,4096,IDENTIFYING_ASSUMPTION_VIOLATED,1.2611734162319062,0.017780671700770374,2,10.097842421727876,2.7770533567876217,3.090232306167813,False,True,True
PRIMARY,V1_DIRECT_NONPROPORTIONAL,50047,4096,IDENTIFYING_ASSUMPTION_VIOLATED,1.2577053456777114,0.016938084724693745,2,11.4130217297455,0.46300717629524213,3.090232306167813,False,True,True
PRIMARY,V1_DIRECT_NONPROPORTIONAL,50048,4096,IDENTIFYING_ASSUMPTION_VIOLATED,1.2394222308817546,0.01811074390823616,2,11.344584800485263,1.8115623467763942,3.090232306167813,False,True,True
PRIMARY,V1_DIRECT_NONPROPORTIONAL,50049,4096,IDENTIFYING_ASSUMPTION_VIOLATED,1.2507336066871246,0.01715716526968908,2,11.518177864786441,0.17957521379692723,3.090232306167813,False,True,True
PRIMARY,V1_DIRECT_NONPROPORTIONAL,50050,4096,IDENTIFYING_ASSUMPTION_VIOLATED,1.2487446672127607,0.017026171721023445,2,10.647191291419594,0.24275612254447684,3.090232306167813,False,True,True
PRIMARY,V1_DIRECT_NONPROPORTIONAL,50051,4096,IDENTIFYING_ASSUMPTION_VIOLATED,1.308408055951133,0.017311495677954532,2,12.17401680557234,2.700627428720808,3.090232306167813,False,True,True
PRIMARY,V1_DIRECT_NONPROPORTIONAL,50052,4096,IDENTIFYING_ASSUMPTION_VIOLATED,1.2734598206121661,0.016378191298181688,2,11.876653353888301,1.5985709069612803,3.090232306167813,False,True,True
PRIMARY,V1_DIRECT_NONPROPORTIONAL,50053,4096,IDENTIFYING_ASSUMPTION_VIOLATED,1.3033553946150505,0.0170599897510303,2,11.985220765286913,2.2977859112891075,3.090232306167813,False,True,True
PRIMARY,V1_DIRECT_NONPROPORTIONAL,50054,4096,IDENTIFYING_ASSUMPTION_VIOLATED,1.2427137582519872,0.01631068096432423,2,10.55564509521968,0.780989503283917,3.090232306167813,False,True,True
PRIMARY,V1_DIRECT_NONPROPORTIONAL,50055,4096,IDENTIFYING_ASSUMPTION_VIOLATED,1.2714105230217156,0.017408688181076774,2,10.92821142493001,1.0657052682553936,3.090232306167813,False,True,True
PRIMARY,V1_DIRECT_NONPROPORTIONAL,50056,4096,IDENTIFYING_ASSUMPTION_VIOLATED,1.2609964274790917,0.017354816381967734,2,11.74710233112368,0.6984091802871498,3.090232306167813,False,True,True
PRIMARY,V1_DIRECT_NONPROPORTIONAL,50057,4096,IDENTIFYING_ASSUMPTION_VIOLATED,1.2636646884842906,0.016895149287293274,2,11.662411899955174,1.3732988796403969,3.090232306167813,False,True,True
PRIMARY,V1_DIRECT_NONPROPORTIONAL,50058,4096,IDENTIFYING_ASSUMPTION_VIOLATED,1.2728930076305884,0.01727617653326503,2,11.524984489881113,0.40417351805985424,3.090232306167813,False,True,True
PRIMARY,V1_DIRECT_NONPROPORTIONAL,50059,4096,IDENTIFYING_ASSUMPTION_VIOLATED,1.2944553203445102,0.017269224877972143,2,11.109890142147437,0.5552925172510584,3.090232306167813,False,True,True
PRIMARY,V1_DIRECT_NONPROPORTIONAL,50060,4096,IDENTIFYING_ASSUMPTION_VIOLATED,1.2584790907241687,0.017466013124747208,2,11.493786607940732,2.330112977711269,3.090232306167813,False,True,True
PRIMARY,V1_DIRECT_NONPROPORTIONAL,50061,4096,IDENTIFYING_ASSUMPTION_VIOLATED,1.3119000196421362,0.016645605717779812,2,11.706294301552772,1.9804463764559073,3.090232306167813,False,True,True
PRIMARY,V1_DIRECT_NONPROPORTIONAL,50062,4096,IDENTIFYING_ASSUMPTION_VIOLATED,1.2761966517335155,0.01718472209758312,2,11.715810568465315,0.4983765169492115,3.090232306167813,False,True,True
PRIMARY,V1_DIRECT_NONPROPORTIONAL,50063,4096,IDENTIFYING_ASSUMPTION_VIOLATED,1.2612627643189545,0.017613202133247453,2,11.786178635385205,1.8135987653879602,3.090232306167813,False,True,True
PRIMARY,V1_DIRECT_NONPROPORTIONAL,50064,4096,IDENTIFYING_ASSUMPTION_VIOLATED,1.2548422052632169,0.01754103243621067,2,10.78102628920471,1.3012045894327084,3.090232306167813,False,True,True
PRIMARY,V1_DIRECT_NONPROPORTIONAL,50065,4096,IDENTIFYING_ASSUMPTION_VIOLATED,1.2723659529605633,0.016867708562390265,2,10.910841715228282,1.3756722595023219,3.090232306167813,False,True,True
PRIMARY,V1_DIRECT_NONPROPORTIONAL,50066,4096,IDENTIFYING_ASSUMPTION_VIOLATED,1.275650114170006,0.017762331774008065,2,11.173691715673948,1.1455161107507978,3.090232306167813,False,True,True
PRIMARY,V1_DIRECT_NONPROPORTIONAL,50067,4096,IDENTIFYING_ASSUMPTION_VIOLATED,1.2398666897727724,0.016874248304226885,2,11.325650703799118,1.0814153690774926,3.090232306167813,False,True,True
PRIMARY,V1_DIRECT_NONPROPORTIONAL,50068,4096,IDENTIFYING_ASSUMPTION_VIOLATED,1.2983274416931165,0.017179724139568687,2,12.419324446165168,1.1443466021242361,3.090232306167813,False,True,True
PRIMARY,V1_DIRECT_NONPROPORTIONAL,50069,4096,IDENTIFYING_ASSUMPTION_VIOLATED,1.2344540009174978,0.016791394674685267,2,11.501956011441205,2.3380798503125524,3.090232306167813,False,True,True
PRIMARY,V1_DIRECT_NONPROPORTIONAL,50070,4096,IDENTIFYING_ASSUMPTION_VIOLATED,1.2719638829366742,0.01694797933457998,2,11.834494097695547,0.6960227552635742,3.090232306167813,False,True,True
PRIMARY,V1_DIRECT_NONPROPORTIONAL,50071,4096,IDENTIFYING_ASSUMPTION_VIOLATED,1.2605602856736127,0.01660556548295505,2,11.309005173369698,0.1373340914567635,3.090232306167813,False,True,True
PRIMARY,V1_DIRECT_NONPROPORTIONAL,50072,4096,IDENTIFYING_ASSUMPTION_VIOLATED,1.2575235962329294,0.017647663832053476,2,11.921360957716523,1.1600395094322227,3.090232306167813,False,True,True
PRIMARY,V1_DIRECT_NONPROPORTIONAL,50073,4096,IDENTIFYING_ASSUMPTION_VIOLATED,1.273879055307719,0.01729524773017705,2,11.533356545547871,0.6707860898761142,3.090232306167813,False,True,True
PRIMARY,V1_DIRECT_NONPROPORTIONAL,50074,4096,IDENTIFYING_ASSUMPTION_VIOLATED,1.2647739756147534,0.016700187675393205,2,11.404016541746646,1.560581523760029,3.090232306167813,False,True,True
PRIMARY,V1_DIRECT_NONPROPORTIONAL,50075,4096,IDENTIFYING_ASSUMPTION_VIOLATED,1.2482703737773992,0.01674351431671944,2,11.118349133017741,0.08528772205377638,3.090232306167813,False,True,True
PRIMARY,V1_DIRECT_NONPROPORTIONAL,50076,4096,IDENTIFYING_ASSUMPTION_VIOLATED,1.2456461890107116,0.01703264685992537,2,11.274061276023692,1.5657791418173879,3.090232306167813,False,True,True
PRIMARY,V1_DIRECT_NONPROPORTIONAL,50077,4096,IDENTIFYING_ASSUMPTION_VIOLATED,1.2475244101961704,0.016417067260755938,2,11.10209328629107,1.9053624329335426,3.090232306167813,False,True,True
PRIMARY,V1_DIRECT_NONPROPORTIONAL,50078,4096,IDENTIFYING_ASSUMPTION_VIOLATED,1.2729358215950026,0.01666823574573965,2,11.145995690625044,0.2569278169558081,3.090232306167813,False,True,True
PRIMARY,V1_DIRECT_NONPROPORTIONAL,50079,4096,IDENTIFYING_ASSUMPTION_VIOLATED,1.2677059741953067,0.0166911278599183,2,11.407343965824422,1.2923541622300683,3.090232306167813,False,True,True
PRIMARY,V1_DIRECT_NONPROPORTIONAL,50080,4096,IDENTIFYING_ASSUMPTION_VIOLATED,1.245036494383728,0.016438025995208404,2,10.584772267388606,2.20618325309024,3.090232306167813,False,True,True
PRIMARY,V1_DIRECT_NONPROPORTIONAL,50081,4096,IDENTIFYING_ASSUMPTION_VIOLATED,1.2648919588758893,0.01735029471747566,2,11.49408707691262,2.278676677219311,3.090232306167813,False,True,True
PRIMARY,V1_DIRECT_NONPROPORTIONAL,50082,4096,IDENTIFYING_ASSUMPTION_VIOLATED,1.256288113359261,0.016878319699757564,2,11.537691911985592,0.3029063547571752,3.090232306167813,False,True,True
PRIMARY,V1_DIRECT_NONPROPORTIONAL,50083,4096,IDENTIFYING_ASSUMPTION_VIOLATED,1.2735534575275465,0.017619008715788594,2,11.842559854813373,0.5389174393878785,3.090232306167813,False,True,True
PRIMARY,V1_DIRECT_NONPROPORTIONAL,50084,4096,IDENTIFYING_ASSUMPTION_VIOLATED,1.280318452801308,0.017230277253004134,2,11.576712522784634,1.0652414015943386,3.090232306167813,False,True,True
PRIMARY,V1_DIRECT_NONPROPORTIONAL,50085,4096,IDENTIFYING_ASSUMPTION_VIOLATED,1.2794942114990562,0.017343565943795703,2,11.617807362461413,0.37688788108385735,3.090232306167813,False,True,True
PRIMARY,V1_DIRECT_NONPROPORTIONAL,50086,4096,IDENTIFYING_ASSUMPTION_VIOLATED,1.273787575838137,0.017019502303575927,2,12.007414176826389,0.668268968461985,3.090232306167813,False,True,True
PRIMARY,V1_DIRECT_NONPROPORTIONAL,50087,4096,IDENTIFYING_ASSUMPTION_VIOLATED,1.2817352655141616,0.016611570981284757,2,11.852620280608814,0.8527095045456426,3.090232306167813,False,True,True
PRIMARY,V1_DIRECT_NONPROPORTIONAL,50088,4096,IDENTIFYING_ASSUMPTION_VIOLATED,1.2608803821363663,0.01735784520828467,2,10.976296795300597,1.399490722798761,3.090232306167813,False,True,True
PRIMARY,V1_DIRECT_NONPROPORTIONAL,50089,4096,IDENTIFYING_ASSUMPTION_VIOLATED,1.242912599102734,0.016898223680831746,2,10.765703170967685,0.20850152341713116,3.090232306167813,False,True,True
PRIMARY,V1_DIRECT_NONPROPORTIONAL,50090,4096,IDENTIFYING_ASSUMPTION_VIOLATED,1.2652024753459072,0.015890197435213933,2,11.339869810491574,1.8518112866325567,3.090232306167813,False,True,True
PRIMARY,V1_DIRECT_NONPROPORTIONAL,50091,4096,IDENTIFYING_ASSUMPTION_VIOLATED,1.2942985151067619,0.017412833982267218,2,11.826695316533936,1.7052284818671617,3.090232306167813,False,True,True
PRIMARY,V1_DIRECT_NONPROPORTIONAL,50092,4096,IDENTIFYING_ASSUMPTION_VIOLATED,1.243575452006848,0.017099785727279146,2,10.987507796563255,0.8838549484028675,3.090232306167813,False,True,True
PRIMARY,V1_DIRECT_NONPROPORTIONAL,50093,4096,IDENTIFYING_ASSUMPTION_VIOLATED,1.2538184965123893,0.01742083360071975,2,11.723164042960983,1.0593714222720085,3.090232306167813,False,True,True
PRIMARY,V1_DIRECT_NONPROPORTIONAL,50094,4096,IDENTIFYING_ASSUMPTION_VIOLATED,1.2817759028314681,0.01692295946673225,2,11.653903566671183,1.4560714391930991,3.090232306167813,False,True,True
PRIMARY,V1_DIRECT_NONPROPORTIONAL,50095,4096,IDENTIFYING_ASSUMPTION_VIOLATED,1.2528608025229755,0.016799103857107322,2,11.196165615466429,0.47123041058890525,3.090232306167813,False,True,True
PRIMARY,V1_DIRECT_NONPROPORTIONAL,50096,4096,IDENTIFYING_ASSUMPTION_VIOLATED,1.2701935591192621,0.016736496325791366,2,11.284114540735795,0.7396811805518193,3.090232306167813,False,True,True
PRIMARY,V1_DIRECT_NONPROPORTIONAL,50097,4096,IDENTIFYING_ASSUMPTION_VIOLATED,1.2400358513277485,0.016482487529672598,2,11.33697930532932,1.4244669415023794,3.090232306167813,False,True,True
PRIMARY,V1_DIRECT_NONPROPORTIONAL,50098,4096,IDENTIFYING_ASSUMPTION_VIOLATED,1.2504621793787678,0.01658406862897031,2,11.708339935621492,1.0233362381167421,3.090232306167813,False,True,True
PRIMARY,V1_DIRECT_NONPROPORTIONAL,50099,4096,IDENTIFYING_ASSUMPTION_VIOLATED,1.293538311526524,0.017055307432240333,2,12.099805179069408,0.6476414771921472,3.090232306167813,False,True,True
PRIMARY,V1_DIRECT_NONPROPORTIONAL,50100,4096,IDENTIFYING_ASSUMPTION_VIOLATED,1.26296394091454,0.017171659383909202,2,10.856342699637926,0.7168726089962958,3.090232306167813,False,True,True
PRIMARY,V1_DIRECT_NONPROPORTIONAL,50101,4096,IDENTIFYING_ASSUMPTION_VIOLATED,1.2670343149055832,0.01779427428175204,2,11.28728913618094,1.4150071455363884,3.090232306167813,False,True,True
PRIMARY,V1_DIRECT_NONPROPORTIONAL,50102,4096,IDENTIFYING_ASSUMPTION_VIOLATED,1.2644719936460662,0.017373777067938086,2,11.581390952610468,0.9830017710015113,3.090232306167813,False,True,True
PRIMARY,V1_DIRECT_NONPROPORTIONAL,50103,4096,IDENTIFYING_ASSUMPTION_VIOLATED,1.2549033086502852,0.016867036546875446,2,10.963363819085563,1.1303314398727886,3.090232306167813,False,True,True
PRIMARY,V1_DIRECT_NONPROPORTIONAL,50104,4096,IDENTIFYING_ASSUMPTION_VIOLATED,1.2670042421838215,0.017544534117740436,2,11.251349631574245,1.627334766381019,3.090232306167813,False,True,True
PRIMARY,V1_DIRECT_NONPROPORTIONAL,50105,4096,IDENTIFYING_ASSUMPTION_VIOLATED,1.2763374423452916,0.017442875210033543,2,11.74901510328323,0.8100683002352824,3.090232306167813,False,True,True
PRIMARY,V1_DIRECT_NONPROPORTIONAL,50106,4096,IDENTIFYING_ASSUMPTION_VIOLATED,1.262896139606431,0.016454861004537566,2,11.087341177490266,1.014935513466202,3.090232306167813,False,True,True
PRIMARY,V1_DIRECT_NONPROPORTIONAL,50107,4096,IDENTIFYING_ASSUMPTION_VIOLATED,1.2875407845706626,0.017119912353525557,2,12.591216911469939,0.7992336059906985,3.090232306167813,False,True,True
PRIMARY,V1_DIRECT_NONPROPORTIONAL,50108,4096,IDENTIFYING_ASSUMPTION_VIOLATED,1.3193496490756194,0.016204255433989925,2,12.692123267971006,2.639298724822674,3.090232306167813,False,True,True
PRIMARY,V1_DIRECT_NONPROPORTIONAL,50109,4096,IDENTIFYING_ASSUMPTION_VIOLATED,1.2477038075149043,0.016738146647895084,2,11.813765197809488,0.3844378679651383,3.090232306167813,False,True,True
PRIMARY,V1_DIRECT_NONPROPORTIONAL,50110,4096,IDENTIFYING_ASSUMPTION_VIOLATED,1.2611370035526643,0.017234076061602085,2,11.316297460223078,0.3519364033914406,3.090232306167813,False,True,True
PRIMARY,V1_DIRECT_NONPROPORTIONAL,50111,4096,IDENTIFYING_ASSUMPTION_VIOLATED,1.2899627660046327,0.01708165998278324,2,11.571063685669097,1.3482131584362234,3.090232306167813,False,True,True
PRIMARY,V1_DIRECT_NONPROPORTIONAL,50112,4096,IDENTIFYING_ASSUMPTION_VIOLATED,1.2629929410000675,0.017092299104327576,2,11.01710671217542,0.738828296530512,3.090232306167813,False,True,True
PRIMARY,V1_DIRECT_NONPROPORTIONAL,50113,4096,IDENTIFYING_ASSUMPTION_VIOLATED,1.2597642170539405,0.01700249783357121,2,11.15590236979289,0.8783729000131467,3.090232306167813,False,True,True
PRIMARY,V1_DIRECT_NONPROPORTIONAL,50114,4096,IDENTIFYING_ASSUMPTION_VIOLATED,1.2843928750367342,0.017193664323470595,2,11.202974774534809,0.8489993801904739,3.090232306167813,False,True,True
PRIMARY,V1_DIRECT_NONPROPORTIONAL,50115,4096,IDENTIFYING_ASSUMPTION_VIOLATED,1.2825152610241284,0.01708543232968358,2,11.361521985716594,1.2322514645930638,3.090232306167813,False,True,True
PRIMARY,V1_DIRECT_NONPROPORTIONAL,50116,4096,IDENTIFYING_ASSUMPTION_VIOLATED,1.2557509890411298,0.016773344104072756,2,11.61038068875019,0.783973039834673,3.090232306167813,False,True,True
PRIMARY,V1_DIRECT_NONPROPORTIONAL,50117,4096,IDENTIFYING_ASSUMPTION_VIOLATED,1.2524884406478283,0.01765950624116513,2,11.865949839992965,0.16044310820268967,3.090232306167813,False,True,True
PRIMARY,V1_DIRECT_NONPROPORTIONAL,50118,4096,IDENTIFYING_ASSUMPTION_VIOLATED,1.3010305014469286,0.016898281426916333,2,11.93506488508503,1.1883059314230533,3.090232306167813,False,True,True
PRIMARY,V1_DIRECT_NONPROPORTIONAL,50119,4096,IDENTIFYING_ASSUMPTION_VIOLATED,1.2519948440868787,0.016955315643071806,2,11.379791203292855,2.178289446239775,3.090232306167813,False,True,True
PRIMARY,V1_DIRECT_NONPROPORTIONAL,50120,4096,IDENTIFYING_ASSUMPTION_VIOLATED,1.279594049871301,0.017187368551119075,2,11.980833230238744,0.535266328453301,3.090232306167813,False,True,True
PRIMARY,V1_DIRECT_NONPROPORTIONAL,50121,4096,IDENTIFYING_ASSUMPTION_VIOLATED,1.274743007610338,0.01707803190295185,2,11.043765402672463,0.643302853787972,3.090232306167813,False,True,True
PRIMARY,V1_DIRECT_NONPROPORTIONAL,50122,4096,IDENTIFYING_ASSUMPTION_VIOLATED,1.222208681650715,0.017177343440438867,2,10.067485339420582,0.970785139995719,3.090232306167813,False,True,True
PRIMARY,V1_DIRECT_NONPROPORTIONAL,50123,4096,IDENTIFYING_ASSUMPTION_VIOLATED,1.2627916371373051,0.01725209363021453,2,10.99755715746799,1.429325854184569,3.090232306167813,False,True,True
PRIMARY,V1_DIRECT_NONPROPORTIONAL,50124,4096,IDENTIFYING_ASSUMPTION_VIOLATED,1.2631865128494235,0.01754445394173487,2,11.94589367166221,0.7575864141769877,3.090232306167813,False,True,True
PRIMARY,V1_DIRECT_NONPROPORTIONAL,50125,4096,IDENTIFYING_ASSUMPTION_VIOLATED,1.2715290439847917,0.017156989750718398,2,11.62079725471108,1.541444655912241,3.090232306167813,False,True,True
PRIMARY,V1_DIRECT_NONPROPORTIONAL,50126,4096,IDENTIFYING_ASSUMPTION_VIOLATED,1.2452333291322673,0.016976631252290604,2,11.197937042177832,1.4980770750823664,3.090232306167813,False,True,True
PRIMARY,V1_DIRECT_NONPROPORTIONAL,50127,4096,IDENTIFYING_ASSUMPTION_VIOLATED,1.2717741985963535,0.017840498536192618,2,11.573103683969423,0.946775492168982,3.090232306167813,False,True,True
PRIMARY,V2_R_U_CONFOUNDING,50000,4096,IDENTIFYING_ASSUMPTION_VIOLATED,1.2078932759724803,0.008279950095288804,2,2.8332214109101987,36.293383011593036,3.090232306167813,False,True,True
PRIMARY,V2_R_U_CONFOUNDING,50001,4096,IDENTIFYING_ASSUMPTION_VIOLATED,1.1906212631280784,0.008390473665490283,2,2.0723003791475736,36.47135270964792,3.090232306167813,False,True,True
PRIMARY,V2_R_U_CONFOUNDING,50002,4096,IDENTIFYING_ASSUMPTION_VIOLATED,1.1937230744784313,0.008227732019200837,2,1.1105000973106478,38.16267994734674,3.090232306167813,False,True,True
PRIMARY,V2_R_U_CONFOUNDING,50003,4096,IDENTIFYING_ASSUMPTION_VIOLATED,1.2005310816299546,0.008101585852427835,2,1.9022648872258563,39.40790329886534,3.090232306167813,False,True,True
PRIMARY,V2_R_U_CONFOUNDING,50004,4096,IDENTIFYING_ASSUMPTION_VIOLATED,1.185811002421236,0.008150502288702491,2,2.5247270004625384,38.17988573799611,3.090232306167813,False,True,True
PRIMARY,V2_R_U_CONFOUNDING,50005,4096,IDENTIFYING_ASSUMPTION_VIOLATED,1.1822781295258886,0.00828778740001264,2,2.799881488725344,36.371910502855364,3.090232306167813,False,True,True
PRIMARY,V2_R_U_CONFOUNDING,50006,4096,IDENTIFYING_ASSUMPTION_VIOLATED,1.1860937063171373,0.008589547216084492,2,2.8786249455903414,34.87862116595038,3.090232306167813,False,True,True
PRIMARY,V2_R_U_CONFOUNDING,50007,4096,IDENTIFYING_ASSUMPTION_VIOLATED,1.1917209335389836,0.00836782342201597,2,2.091084196374907,36.89624207818395,3.090232306167813,False,True,True
PRIMARY,V2_R_U_CONFOUNDING,50008,4096,IDENTIFYING_ASSUMPTION_VIOLATED,1.1998549916370478,0.008265665848478166,2,3.4886322564032093,37.453494973824625,3.090232306167813,False,True,True
PRIMARY,V2_R_U_CONFOUNDING,50009,4096,IDENTIFYING_ASSUMPTION_VIOLATED,1.2051916176351567,0.008065900170941337,2,2.1668742079220245,39.075448678930414,3.090232306167813,False,True,True
PRIMARY,V2_R_U_CONFOUNDING,50010,4096,IDENTIFYING_ASSUMPTION_VIOLATED,1.2007507561103092,0.008399037058086114,2,3.854000575073022,36.77389322048303,3.090232306167813,False,True,True
PRIMARY,V2_R_U_CONFOUNDING,50011,4096,IDENTIFYING_ASSUMPTION_VIOLATED,1.1995400837530505,0.008093017442469085,2,0.6239074778462447,39.03368426166883,3.090232306167813,False,True,True
PRIMARY,V2_R_U_CONFOUNDING,50012,4096,IDENTIFYING_ASSUMPTION_VIOLATED,1.1968817727770766,0.00834952790943172,2,2.7637342882126283,37.546718329947105,3.090232306167813,False,True,True
PRIMARY,V2_R_U_CONFOUNDING,50013,4096,IDENTIFYING_ASSUMPTION_VIOLATED,1.2118612810516332,0.008116651014915455,2,1.2034625793575822,38.73207283426068,3.090232306167813,False,True,True
PRIMARY,V2_R_U_CONFOUNDING,50014,4096,IDENTIFYING_ASSUMPTION_VIOLATED,1.198945498817002,0.008167435461570068,2,3.811430808509972,37.72146749501435,3.090232306167813,False,True,True
PRIMARY,V2_R_U_CONFOUNDING,50015,4096,IDENTIFYING_ASSUMPTION_VIOLATED,1.1780451262313991,0.008563882419103074,2,2.8038524567588072,35.25765786017993,3.090232306167813,False,True,True
PRIMARY,V2_R_U_CONFOUNDING,50016,4096,IDENTIFYING_ASSUMPTION_VIOLATED,1.1986377348289547,0.008101205236411033,2,3.4955386760439664,37.56386178066979,3.090232306167813,False,True,True
PRIMARY,V2_R_U_CONFOUNDING,50017,4096,IDENTIFYING_ASSUMPTION_VIOLATED,1.1807572651517542,0.008564875986415475,2,2.0069984535664998,35.20531649436564,3.090232306167813,False,True,True
PRIMARY,V2_R_U_CONFOUNDING,50018,4096,IDENTIFYING_ASSUMPTION_VIOLATED,1.1866543478439509,0.008459041691095426,2,1.013133016886412,37.0772670794736,3.090232306167813,False,True,True
PRIMARY,V2_R_U_CONFOUNDING,50019,4096,IDENTIFYING_ASSUMPTION_VIOLATED,1.1984576167593606,0.008003206589265321,2,2.5597860694318646,39.062977049691646,3.090232306167813,False,True,True
PRIMARY,V2_R_U_CONFOUNDING,50020,4096,IDENTIFYING_ASSUMPTION_VIOLATED,1.1905974722710997,0.008310017522338814,2,1.245025006173337,38.98470059820642,3.090232306167813,False,True,True
PRIMARY,V2_R_U_CONFOUNDING,50021,4096,IDENTIFYING_ASSUMPTION_VIOLATED,1.1887968317392474,0.008461165726794298,2,2.4906171168513933,38.372767000234134,3.090232306167813,False,True,True
PRIMARY,V2_R_U_CONFOUNDING,50022,4096,IDENTIFYING_ASSUMPTION_VIOLATED,1.187874975840655,0.008479801928231775,2,0.7920287245854681,36.158676664749166,3.090232306167813,False,True,True
PRIMARY,V2_R_U_CONFOUNDING,50023,4096,IDENTIFYING_ASSUMPTION_VIOLATED,1.1853101286747931,0.00841887399185061,2,2.6051523702152197,36.058462861856874,3.090232306167813,False,True,True
PRIMARY,V2_R_U_CONFOUNDING,50024,4096,IDENTIFYING_ASSUMPTION_VIOLATED,1.201933853781781,0.008164070799495514,2,2.2891222913267604,38.47255287111258,3.090232306167813,False,True,True
PRIMARY,V2_R_U_CONFOUNDING,50025,4096,IDENTIFYING_ASSUMPTION_VIOLATED,1.184208636355907,0.008432994303273858,2,1.4375780370908735,35.74291433817979,3.090232306167813,False,True,True
PRIMARY,V2_R_U_CONFOUNDING,50026,4096,IDENTIFYING_ASSUMPTION_VIOLATED,1.1903180749362927,0.008167194351282847,2,2.944534314159634,38.50895122928439,3.090232306167813,False,True,True
PRIMARY,V2_R_U_CONFOUNDING,50027,4096,IDENTIFYING_ASSUMPTION_VIOLATED,1.207114709215185,0.008260170410352699,2,1.7060926711936522,38.24621339491048,3.090232306167813,False,True,True
PRIMARY,V2_R_U_CONFOUNDING,50028,4096,IDENTIFYING_ASSUMPTION_VIOLATED,1.1969371023539315,0.008167270654456648,2,1.9685969804046495,38.807825449257386,3.090232306167813,False,True,True
PRIMARY,V2_R_U_CONFOUNDING,50029,4096,IDENTIFYING_ASSUMPTION_VIOLATED,1.196921646536147,0.008510248057192618,2,3.819586761063742,37.87937515495184,3.090232306167813,False,True,True
PRIMARY,V2_R_U_CONFOUNDING,50030,4096,IDENTIFYING_ASSUMPTION_VIOLATED,1.1940518997409773,0.008434745627835487,2,2.479108874080599,37.32605676431148,3.090232306167813,False,True,True
PRIMARY,V2_R_U_CONFOUNDING,50031,4096,IDENTIFYING_ASSUMPTION_VIOLATED,1.1939534615274263,0.008133156983885849,2,4.369281383398735,36.571501955194734,3.090232306167813,False,True,True
PRIMARY,V2_R_U_CONFOUNDING,50032,4096,IDENTIFYING_ASSUMPTION_VIOLATED,1.1927637739328705,0.008306424286571187,2,3.1542691293336182,37.32060887277893,3.090232306167813,False,True,True
PRIMARY,V2_R_U_CONFOUNDING,50033,4096,IDENTIFYING_ASSUMPTION_VIOLATED,1.1807089063676137,0.008294385935778633,2,2.236089853675013,37.35055155452748,3.090232306167813,False,True,True
PRIMARY,V2_R_U_CONFOUNDING,50034,4096,IDENTIFYING_ASSUMPTION_VIOLATED,1.1960432942485248,0.00839111530254262,2,2.6147106540290213,37.14234889436204,3.090232306167813,False,True,True
PRIMARY,V2_R_U_CONFOUNDING,50035,4096,IDENTIFYING_ASSUMPTION_VIOLATED,1.2006190139517081,0.008325551609978766,2,2.8190935743246195,38.082609420392956,3.090232306167813,False,True,True
PRIMARY,V2_R_U_CONFOUNDING,50036,4096,IDENTIFYING_ASSUMPTION_VIOLATED,1.2066665881548206,0.00819326523571026,2,0.9084130520813247,39.476995363590284,3.090232306167813,False,True,True
PRIMARY,V2_R_U_CONFOUNDING,50037,4096,IDENTIFYING_ASSUMPTION_VIOLATED,1.1872656905317487,0.00835479786635528,2,1.232143303497675,36.58033391090148,3.090232306167813,False,True,True
PRIMARY,V2_R_U_CONFOUNDING,50038,4096,IDENTIFYING_ASSUMPTION_VIOLATED,1.1834890258275819,0.0084743247577138,2,2.83470429929916,37.32546729571293,3.090232306167813,False,True,True
PRIMARY,V2_R_U_CONFOUNDING,50039,4096,IDENTIFYING_ASSUMPTION_VIOLATED,1.1789525471796098,0.00849981013663736,2,1.1479142892687,35.53400901874554,3.090232306167813,False,True,True
PRIMARY,V2_R_U_CONFOUNDING,50040,4096,IDENTIFYING_ASSUMPTION_VIOLATED,1.2004721825104436,0.0080278262374538,2,2.4293828265104507,40.095959691225445,3.090232306167813,False,True,True
PRIMARY,V2_R_U_CONFOUNDING,50041,4096,IDENTIFYING_ASSUMPTION_VIOLATED,1.192946231413135,0.008193871624925617,2,3.9473221073729388,35.28697249592693,3.090232306167813,False,True,True
PRIMARY,V2_R_U_CONFOUNDING,50042,4096,IDENTIFYING_ASSUMPTION_VIOLATED,1.1959412817649513,0.008346164922358797,2,2.5343052175556866,36.47550345835187,3.090232306167813,False,True,True
PRIMARY,V2_R_U_CONFOUNDING,50043,4096,IDENTIFYING_ASSUMPTION_VIOLATED,1.1916270385783256,0.00831487766349901,2,2.3378658699049737,37.4766000550798,3.090232306167813,False,True,True
PRIMARY,V2_R_U_CONFOUNDING,50044,4096,IDENTIFYING_ASSUMPTION_VIOLATED,1.1802735201228114,0.008493418202947611,2,2.4728304135304193,35.977720572734555,3.090232306167813,False,True,True
PRIMARY,V2_R_U_CONFOUNDING,50045,4096,IDENTIFYING_ASSUMPTION_VIOLATED,1.1957959079746838,0.008340959677547187,2,0.9337189202204834,39.00792736069659,3.090232306167813,False,True,True
PRIMARY,V2_R_U_CONFOUNDING,50046,4096,IDENTIFYING_ASSUMPTION_VIOLATED,1.2031750012593923,0.008372297447427773,2,3.6676331103816415,36.133213215292805,3.090232306167813,False,True,True
PRIMARY,V2_R_U_CONFOUNDING,50047,4096,IDENTIFYING_ASSUMPTION_VIOLATED,1.1848367889865745,0.008080895582752233,2,2.545498387290416,38.17389022236915,3.090232306167813,False,True,True
PRIMARY,V2_R_U_CONFOUNDING,50048,4096,IDENTIFYING_ASSUMPTION_VIOLATED,1.189814252452277,0.008574588977317518,2,1.7593696658804103,38.34138855919631,3.090232306167813,False,True,True
PRIMARY,V2_R_U_CONFOUNDING,50049,4096,IDENTIFYING_ASSUMPTION_VIOLATED,1.190844990541808,0.0085070646332616,2,1.5739209775069014,37.51200368751192,3.090232306167813,False,True,True
PRIMARY,V2_R_U_CONFOUNDING,50050,4096,IDENTIFYING_ASSUMPTION_VIOLATED,1.1965859923434485,0.00849271849359056,2,3.2675513430132623,35.57820978871415,3.090232306167813,False,True,True
PRIMARY,V2_R_U_CONFOUNDING,50051,4096,IDENTIFYING_ASSUMPTION_VIOLATED,1.2010449127420892,0.00841119822753054,2,1.9169545293882753,37.572542865803904,3.090232306167813,False,True,True
PRIMARY,V2_R_U_CONFOUNDING,50052,4096,IDENTIFYING_ASSUMPTION_VIOLATED,1.1748537906586307,0.008125642114463922,2,1.7626178198175249,37.11800907230274,3.090232306167813,False,True,True
PRIMARY,V2_R_U_CONFOUNDING,50053,4096,IDENTIFYING_ASSUMPTION_VIOLATED,1.1928586146962612,0.00826348065039245,2,2.5127396798946164,38.34373991891045,3.090232306167813,False,True,True
PRIMARY,V2_R_U_CONFOUNDING,50054,4096,IDENTIFYING_ASSUMPTION_VIOLATED,1.1954822902759457,0.008161545923772306,2,3.8905702435840004,37.2571534804992,3.090232306167813,False,True,True
PRIMARY,V2_R_U_CONFOUNDING,50055,4096,IDENTIFYING_ASSUMPTION_VIOLATED,1.190483148772492,0.008461420722162308,2,4.0157810117258705,36.515506611750695,3.090232306167813,False,True,True
PRIMARY,V2_R_U_CONFOUNDING,50056,4096,IDENTIFYING_ASSUMPTION_VIOLATED,1.1827291395159936,0.00848283948598301,2,1.4186009567514726,36.736399137665046,3.090232306167813,False,True,True
PRIMARY,V2_R_U_CONFOUNDING,50057,4096,IDENTIFYING_ASSUMPTION_VIOLATED,1.1964156572232096,0.008390956113350266,2,2.1708672180725292,37.39619839454085,3.090232306167813,False,True,True
PRIMARY,V2_R_U_CONFOUNDING,50058,4096,IDENTIFYING_ASSUMPTION_VIOLATED,1.179051535852354,0.008490596525953454,2,2.0988438264433547,36.22300942282216,3.090232306167813,False,True,True
PRIMARY,V2_R_U_CONFOUNDING,50059,4096,IDENTIFYING_ASSUMPTION_VIOLATED,1.2078424976695117,0.008362636968334093,2,2.68657108047411,37.70493279857928,3.090232306167813,False,True,True
PRIMARY,V2_R_U_CONFOUNDING,50060,4096,IDENTIFYING_ASSUMPTION_VIOLATED,1.1772058899357736,0.008338531285827596,2,2.8588380396416277,36.770620334218876,3.090232306167813,False,True,True
PRIMARY,V2_R_U_CONFOUNDING,50061,4096,IDENTIFYING_ASSUMPTION_VIOLATED,1.194418608654521,0.008164860016171267,2,3.4451211872029117,37.596662247452294,3.090232306167813,False,True,True
PRIMARY,V2_R_U_CONFOUNDING,50062,4096,IDENTIFYING_ASSUMPTION_VIOLATED,1.1918119249703059,0.008410737285938186,2,1.3881119195942382,37.35228539141929,3.090232306167813,False,True,True
PRIMARY,V2_R_U_CONFOUNDING,50063,4096,IDENTIFYING_ASSUMPTION_VIOLATED,1.1873188572436786,0.008420478179152422,2,2.41938644385707,36.63825598310281,3.090232306167813,False,True,True
PRIMARY,V2_R_U_CONFOUNDING,50064,4096,IDENTIFYING_ASSUMPTION_VIOLATED,1.2045632947681668,0.008271877128915235,2,2.6184180668787045,37.68112136355349,3.090232306167813,False,True,True
PRIMARY,V2_R_U_CONFOUNDING,50065,4096,IDENTIFYING_ASSUMPTION_VIOLATED,1.2041818512977542,0.008172705815674646,2,3.7656308680673476,37.01260193765784,3.090232306167813,False,True,True
PRIMARY,V2_R_U_CONFOUNDING,50066,4096,IDENTIFYING_ASSUMPTION_VIOLATED,1.2077440364665308,0.008291724431100218,2,2.100462996005325,38.307851706368275,3.090232306167813,False,True,True
PRIMARY,V2_R_U_CONFOUNDING,50067,4096,IDENTIFYING_ASSUMPTION_VIOLATED,1.1865954994587196,0.008151466491349253,2,3.0395774240035522,38.15024428475404,3.090232306167813,False,True,True
PRIMARY,V2_R_U_CONFOUNDING,50068,4096,IDENTIFYING_ASSUMPTION_VIOLATED,1.1819901185337904,0.008411767060510875,2,0.8826659666460541,36.49148876729645,3.090232306167813,False,True,True
PRIMARY,V2_R_U_CONFOUNDING,50069,4096,IDENTIFYING_ASSUMPTION_VIOLATED,1.169011816814543,0.008247977027950274,2,0.7889255042934787,38.924492961909884,3.090232306167813,False,True,True
PRIMARY,V2_R_U_CONFOUNDING,50070,4096,IDENTIFYING_ASSUMPTION_VIOLATED,1.1869668902435986,0.00836642565317856,2,2.2971075263789262,35.70026072910671,3.090232306167813,False,True,True
PRIMARY,V2_R_U_CONFOUNDING,50071,4096,IDENTIFYING_ASSUMPTION_VIOLATED,1.1798620293813384,0.008162368076819335,2,3.4903872317683082,38.12703132923622,3.090232306167813,False,True,True
PRIMARY,V2_R_U_CONFOUNDING,50072,4096,IDENTIFYING_ASSUMPTION_VIOLATED,1.1974466473972543,0.008679864465490761,2,3.0810075529581127,36.952139444604335,3.090232306167813,False,True,True
PRIMARY,V2_R_U_CONFOUNDING,50073,4096,IDENTIFYING_ASSUMPTION_VIOLATED,1.2018620758506435,0.008228938404255527,2,2.5460744926450016,39.121709901398596,3.090232306167813,False,True,True
PRIMARY,V2_R_U_CONFOUNDING,50074,4096,IDENTIFYING_ASSUMPTION_VIOLATED,1.183667683523229,0.008344056568378137,2,1.7130926710590757,37.832586381376686,3.090232306167813,False,True,True
PRIMARY,V2_R_U_CONFOUNDING,50075,4096,IDENTIFYING_ASSUMPTION_VIOLATED,1.1891583758181,0.008469570425770763,2,2.1663096498084835,37.49408136334298,3.090232306167813,False,True,True
PRIMARY,V2_R_U_CONFOUNDING,50076,4096,IDENTIFYING_ASSUMPTION_VIOLATED,1.1979798433830853,0.008269520723184867,2,1.317755191253462,37.26596888524825,3.090232306167813,False,True,True
PRIMARY,V2_R_U_CONFOUNDING,50077,4096,IDENTIFYING_ASSUMPTION_VIOLATED,1.200519788678721,0.008156589270910284,2,1.8519219808505183,38.09082895590504,3.090232306167813,False,True,True
PRIMARY,V2_R_U_CONFOUNDING,50078,4096,IDENTIFYING_ASSUMPTION_VIOLATED,1.2036996138871312,0.008102562775851222,2,2.1972287638148034,37.01080918940297,3.090232306167813,False,True,True
PRIMARY,V2_R_U_CONFOUNDING,50079,4096,IDENTIFYING_ASSUMPTION_VIOLATED,1.1744579370153079,0.008156064709373996,2,2.2368311462149846,38.67350678284054,3.090232306167813,False,True,True
PRIMARY,V2_R_U_CONFOUNDING,50080,4096,IDENTIFYING_ASSUMPTION_VIOLATED,1.2087825550290445,0.008172193968075697,2,1.8607181834696316,39.02426361585359,3.090232306167813,False,True,True
PRIMARY,V2_R_U_CONFOUNDING,50081,4096,IDENTIFYING_ASSUMPTION_VIOLATED,1.1933032442489973,0.008240188030445796,2,2.59806418910821,39.05582648967717,3.090232306167813,False,True,True
PRIMARY,V2_R_U_CONFOUNDING,50082,4096,IDENTIFYING_ASSUMPTION_VIOLATED,1.189207021898449,0.008583043934056034,2,1.7664168868964145,37.346844077952305,3.090232306167813,False,True,True
PRIMARY,V2_R_U_CONFOUNDING,50083,4096,IDENTIFYING_ASSUMPTION_VIOLATED,1.1857449466188703,0.008577980429693544,2,1.84915913940743,36.70477039525311,3.090232306167813,False,True,True
PRIMARY,V2_R_U_CONFOUNDING,50084,4096,IDENTIFYING_ASSUMPTION_VIOLATED,1.1971824163287477,0.008304643522558646,2,1.7641271988398757,37.127336109862235,3.090232306167813,False,True,True
PRIMARY,V2_R_U_CONFOUNDING,50085,4096,IDENTIFYING_ASSUMPTION_VIOLATED,1.2108358180223862,0.008300931764210711,2,2.9148942783390903,38.27629106588791,3.090232306167813,False,True,True
PRIMARY,V2_R_U_CONFOUNDING,50086,4096,IDENTIFYING_ASSUMPTION_VIOLATED,1.192388324445399,0.008406249803502396,2,0.6497430183088756,37.660479088981816,3.090232306167813,False,True,True
PRIMARY,V2_R_U_CONFOUNDING,50087,4096,IDENTIFYING_ASSUMPTION_VIOLATED,1.177755101343018,0.00817941256681177,2,0.5772632174833466,38.1321219233898,3.090232306167813,False,True,True
PRIMARY,V2_R_U_CONFOUNDING,50088,4096,IDENTIFYING_ASSUMPTION_VIOLATED,1.2005093567045793,0.00837188336293005,2,2.966849696258263,36.860523857615654,3.090232306167813,False,True,True
PRIMARY,V2_R_U_CONFOUNDING,50089,4096,IDENTIFYING_ASSUMPTION_VIOLATED,1.1968341740116009,0.008251743111844147,2,2.3418435222121525,38.85086180493163,3.090232306167813,False,True,True
PRIMARY,V2_R_U_CONFOUNDING,50090,4096,IDENTIFYING_ASSUMPTION_VIOLATED,1.1736127698836234,0.008068650384012452,2,3.7611215822571107,36.90675653583908,3.090232306167813,False,True,True
PRIMARY,V2_R_U_CONFOUNDING,50091,4096,IDENTIFYING_ASSUMPTION_VIOLATED,1.2009262967519219,0.00822487788437357,2,1.033481261227887,36.70092210486953,3.090232306167813,False,True,True
PRIMARY,V2_R_U_CONFOUNDING,50092,4096,IDENTIFYING_ASSUMPTION_VIOLATED,1.1746934350425067,0.008436509321533427,2,3.387607091539774,36.05701584850529,3.090232306167813,False,True,True
PRIMARY,V2_R_U_CONFOUNDING,50093,4096,IDENTIFYING_ASSUMPTION_VIOLATED,1.1837267451421536,0.00831586339720119,2,1.1001145513032171,37.65077714454684,3.090232306167813,False,True,True
PRIMARY,V2_R_U_CONFOUNDING,50094,4096,IDENTIFYING_ASSUMPTION_VIOLATED,1.182898176700219,0.008643996594967281,2,2.1054870993315133,37.624982488726786,3.090232306167813,False,True,True
PRIMARY,V2_R_U_CONFOUNDING,50095,4096,IDENTIFYING_ASSUMPTION_VIOLATED,1.1961385664625606,0.008444741677908554,2,1.7743371245532855,36.03221266770107,3.090232306167813,False,True,True
PRIMARY,V2_R_U_CONFOUNDING,50096,4096,IDENTIFYING_ASSUMPTION_VIOLATED,1.189176739951697,0.00822498820871478,2,3.116118392068484,36.93187649324505,3.090232306167813,False,True,True
PRIMARY,V2_R_U_CONFOUNDING,50097,4096,IDENTIFYING_ASSUMPTION_VIOLATED,1.178795851589413,0.008451850413372954,2,3.903071164813418,36.91219082961685,3.090232306167813,False,True,True
PRIMARY,V2_R_U_CONFOUNDING,50098,4096,IDENTIFYING_ASSUMPTION_VIOLATED,1.1750911333769134,0.008488626209770169,2,2.4042551630618156,36.16657607397001,3.090232306167813,False,True,True
PRIMARY,V2_R_U_CONFOUNDING,50099,4096,IDENTIFYING_ASSUMPTION_VIOLATED,1.2152354019879106,0.008108679066526828,2,0.7442600036792998,38.310426091596554,3.090232306167813,False,True,True
PRIMARY,V2_R_U_CONFOUNDING,50100,4096,IDENTIFYING_ASSUMPTION_VIOLATED,1.2100991206588418,0.008188336579523704,2,4.53838686064362,37.045185114405704,3.090232306167813,False,True,True
PRIMARY,V2_R_U_CONFOUNDING,50101,4096,IDENTIFYING_ASSUMPTION_VIOLATED,1.2057969328888134,0.008710390453988416,2,1.9068259508128753,36.98602168480482,3.090232306167813,False,True,True
PRIMARY,V2_R_U_CONFOUNDING,50102,4096,IDENTIFYING_ASSUMPTION_VIOLATED,1.1975483913096694,0.008488121425480326,2,0.6673257718723289,36.56566390515914,3.090232306167813,False,True,True
PRIMARY,V2_R_U_CONFOUNDING,50103,4096,IDENTIFYING_ASSUMPTION_VIOLATED,1.1963193331979805,0.008174410540955673,2,4.162120345818503,38.20112065142845,3.090232306167813,False,True,True
PRIMARY,V2_R_U_CONFOUNDING,50104,4096,IDENTIFYING_ASSUMPTION_VIOLATED,1.1932395996081293,0.008459888864067334,2,1.9493612129876923,36.55701277389064,3.090232306167813,False,True,True
PRIMARY,V2_R_U_CONFOUNDING,50105,4096,IDENTIFYING_ASSUMPTION_VIOLATED,1.1853812531857268,0.00829945936354697,2,1.068212956149164,37.56801695341975,3.090232306167813,False,True,True
PRIMARY,V2_R_U_CONFOUNDING,50106,4096,IDENTIFYING_ASSUMPTION_VIOLATED,1.2076536767291863,0.008207698523160568,2,1.9649261252490642,38.49688122199531,3.090232306167813,False,True,True
PRIMARY,V2_R_U_CONFOUNDING,50107,4096,IDENTIFYING_ASSUMPTION_VIOLATED,1.18793755311597,0.008038696822075971,2,0.32640723772732383,38.81411680795849,3.090232306167813,False,True,True
PRIMARY,V2_R_U_CONFOUNDING,50108,4096,IDENTIFYING_ASSUMPTION_VIOLATED,1.1971345526432746,0.00824757080233624,2,2.0219669657613544,37.216626834209855,3.090232306167813,False,True,True
PRIMARY,V2_R_U_CONFOUNDING,50109,4096,IDENTIFYING_ASSUMPTION_VIOLATED,1.1809998544307447,0.008313960772091598,2,0.2676373682421916,36.676582185654006,3.090232306167813,False,True,True
PRIMARY,V2_R_U_CONFOUNDING,50110,4096,IDENTIFYING_ASSUMPTION_VIOLATED,1.1971066486301711,0.008309297226259608,2,1.5837447263010005,35.863708157212066,3.090232306167813,False,True,True
PRIMARY,V2_R_U_CONFOUNDING,50111,4096,IDENTIFYING_ASSUMPTION_VIOLATED,1.1928284746942337,0.008255867373776826,2,3.23950144504737,37.720119719631136,3.090232306167813,False,True,True
PRIMARY,V2_R_U_CONFOUNDING,50112,4096,IDENTIFYING_ASSUMPTION_VIOLATED,1.1929829087526176,0.008223154202141746,2,3.5397909932745013,37.79657421439271,3.090232306167813,False,True,True
PRIMARY,V2_R_U_CONFOUNDING,50113,4096,IDENTIFYING_ASSUMPTION_VIOLATED,1.1872535555499288,0.008412630933765004,2,2.2045751900043826,38.38743784249924,3.090232306167813,False,True,True
PRIMARY,V2_R_U_CONFOUNDING,50114,4096,IDENTIFYING_ASSUMPTION_VIOLATED,1.215228254508941,0.008315223647745668,2,2.2632227391881727,37.04002525592145,3.090232306167813,False,True,True
PRIMARY,V2_R_U_CONFOUNDING,50115,4096,IDENTIFYING_ASSUMPTION_VIOLATED,1.203089035046268,0.008288090113036318,2,2.84151052491367,37.73326062477079,3.090232306167813,False,True,True
PRIMARY,V2_R_U_CONFOUNDING,50116,4096,IDENTIFYING_ASSUMPTION_VIOLATED,1.183412231936896,0.008432592767672262,2,0.8256168271146731,38.229569100196976,3.090232306167813,False,True,True
PRIMARY,V2_R_U_CONFOUNDING,50117,4096,IDENTIFYING_ASSUMPTION_VIOLATED,1.1907054199246099,0.008617825646689291,2,2.299938730359813,36.687723490726206,3.090232306167813,False,True,True
PRIMARY,V2_R_U_CONFOUNDING,50118,4096,IDENTIFYING_ASSUMPTION_VIOLATED,1.210381070418742,0.008284440741431861,2,1.5366511995247965,39.074637417027795,3.090232306167813,False,True,True
PRIMARY,V2_R_U_CONFOUNDING,50119,4096,IDENTIFYING_ASSUMPTION_VIOLATED,1.1787215953269743,0.00853843228256014,2,3.309161920915324,36.90776460939518,3.090232306167813,False,True,True
PRIMARY,V2_R_U_CONFOUNDING,50120,4096,IDENTIFYING_ASSUMPTION_VIOLATED,1.200606595546782,0.008325384885946299,2,2.6101244887229544,37.347120214773206,3.090232306167813,False,True,True
PRIMARY,V2_R_U_CONFOUNDING,50121,4096,IDENTIFYING_ASSUMPTION_VIOLATED,1.1857033233603067,0.008291691226833379,2,3.0073044860234948,36.84639113818488,3.090232306167813,False,True,True
PRIMARY,V2_R_U_CONFOUNDING,50122,4096,IDENTIFYING_ASSUMPTION_VIOLATED,1.1888746167748971,0.008449040073027575,2,3.695691745243526,37.895322951277564,3.090232306167813,False,True,True
PRIMARY,V2_R_U_CONFOUNDING,50123,4096,IDENTIFYING_ASSUMPTION_VIOLATED,1.1851350708709456,0.008393911173772726,2,4.742411706948331,36.05608335327762,3.090232306167813,False,True,True
PRIMARY,V2_R_U_CONFOUNDING,50124,4096,IDENTIFYING_ASSUMPTION_VIOLATED,1.1808665088293888,0.008699873615228913,2,1.7355821240607674,35.16075024322059,3.090232306167813,False,True,True
PRIMARY,V2_R_U_CONFOUNDING,50125,4096,IDENTIFYING_ASSUMPTION_VIOLATED,1.1924156213457855,0.008285146758105918,2,0.36670425309632104,38.58746165434447,3.090232306167813,False,True,True
PRIMARY,V2_R_U_CONFOUNDING,50126,4096,IDENTIFYING_ASSUMPTION_VIOLATED,1.1925661135393895,0.008269710420609954,2,1.392551523920816,37.94484589065426,3.090232306167813,False,True,True
PRIMARY,V2_R_U_CONFOUNDING,50127,4096,IDENTIFYING_ASSUMPTION_VIOLATED,1.2031674065753382,0.008320061632121302,2,1.9003150259761794,37.59891317988458,3.090232306167813,False,True,True
PRIMARY,V3_ALEATORIC_HIGH,50000,4096,CAUSAL_CANDIDATE_UNDER_ASSUMPTIONS,0.8586147712481188,0.047418781188571006,2,0.7902282898153195,0.9523917549036539,3.090232306167813,False,True,True
PRIMARY,V3_ALEATORIC_HIGH,50001,4096,CAUSAL_CANDIDATE_UNDER_ASSUMPTIONS,0.8025176970743961,0.04801633215980916,2,0.8039560089706279,0.7112118371271303,3.090232306167813,False,True,True
PRIMARY,V3_ALEATORIC_HIGH,50002,4096,CAUSAL_CANDIDATE_UNDER_ASSUMPTIONS,0.8212736095847838,0.048176194400470794,2,1.4641233603131139,0.026269612996803984,3.090232306167813,False,True,True
PRIMARY,V3_ALEATORIC_HIGH,50003,4096,CAUSAL_CANDIDATE_UNDER_ASSUMPTIONS,0.8694043255535073,0.045317783713160496,2,0.3549667141644941,1.6093873614054695,3.090232306167813,False,True,True
PRIMARY,V3_ALEATORIC_HIGH,50004,4096,CAUSAL_CANDIDATE_UNDER_ASSUMPTIONS,0.7810428537829729,0.04678561398436209,2,0.05098975913541823,0.47835512892400434,3.090232306167813,False,True,True
PRIMARY,V3_ALEATORIC_HIGH,50005,4096,CAUSAL_CANDIDATE_UNDER_ASSUMPTIONS,0.8204287977701926,0.0475481243129267,2,0.04323430396859266,0.4418773139172869,3.090232306167813,False,True,True
PRIMARY,V3_ALEATORIC_HIGH,50006,4096,CAUSAL_CANDIDATE_UNDER_ASSUMPTIONS,0.8323365094265974,0.04979316394540919,2,0.25271663940899824,0.8320078736280064,3.090232306167813,False,True,True
PRIMARY,V3_ALEATORIC_HIGH,50007,4096,CAUSAL_CANDIDATE_UNDER_ASSUMPTIONS,0.8210264677322535,0.04895676783688366,2,0.27986291922253775,1.9675385185520735,3.090232306167813,False,True,True
PRIMARY,V3_ALEATORIC_HIGH,50008,4096,CAUSAL_CANDIDATE_UNDER_ASSUMPTIONS,0.9172461459228828,0.04809293300558169,2,0.24725209417729097,0.5934914408808257,3.090232306167813,False,True,True
PRIMARY,V3_ALEATORIC_HIGH,50009,4096,CAUSAL_CANDIDATE_UNDER_ASSUMPTIONS,0.8619639935574359,0.04780480081763686,2,1.4086479632031352,2.374267027754244,3.090232306167813,False,True,True
PRIMARY,V3_ALEATORIC_HIGH,50010,4096,CAUSAL_CANDIDATE_UNDER_ASSUMPTIONS,0.9109019983072898,0.04971171824636988,2,0.5006397913429569,0.5823807616871342,3.090232306167813,False,True,True
PRIMARY,V3_ALEATORIC_HIGH,50011,4096,CAUSAL_CANDIDATE_UNDER_ASSUMPTIONS,0.8171763724166968,0.04545239025215622,2,0.45872652612715975,0.9178861934335084,3.090232306167813,False,True,True
PRIMARY,V3_ALEATORIC_HIGH,50012,4096,CAUSAL_CANDIDATE_UNDER_ASSUMPTIONS,0.7838994526589106,0.04873981872624604,2,0.833855879914814,1.766302392366507,3.090232306167813,False,True,True
PRIMARY,V3_ALEATORIC_HIGH,50013,4096,CAUSAL_CANDIDATE_UNDER_ASSUMPTIONS,0.8876032010316716,0.04743136653548758,2,0.4074772417244544,0.9592514467243393,3.090232306167813,False,True,True
PRIMARY,V3_ALEATORIC_HIGH,50014,4096,CAUSAL_CANDIDATE_UNDER_ASSUMPTIONS,0.7908970409759581,0.04936773037610529,2,0.24900719454017584,0.3303882193728536,3.090232306167813,False,True,True
PRIMARY,V3_ALEATORIC_HIGH,50015,4096,CAUSAL_CANDIDATE_UNDER_ASSUMPTIONS,0.8173247242943539,0.04721906506038453,2,0.23193088431854378,1.4358519221277068,3.090232306167813,False,True,True
PRIMARY,V3_ALEATORIC_HIGH,50016,4096,CAUSAL_CANDIDATE_UNDER_ASSUMPTIONS,0.8042304836202614,0.0455099366401241,2,0.6290973689824472,1.4373451978034597,3.090232306167813,False,True,True
PRIMARY,V3_ALEATORIC_HIGH,50017,4096,CAUSAL_CANDIDATE_UNDER_ASSUMPTIONS,0.7552580209554697,0.05066712128733355,2,0.850141380648301,1.8554282854735642,3.090232306167813,False,True,True
PRIMARY,V3_ALEATORIC_HIGH,50018,4096,CAUSAL_CANDIDATE_UNDER_ASSUMPTIONS,0.7837916328981768,0.04952076099010645,2,0.11231665788856743,0.836904436683388,3.090232306167813,False,True,True
PRIMARY,V3_ALEATORIC_HIGH,50019,4096,CAUSAL_CANDIDATE_UNDER_ASSUMPTIONS,0.9107496407235783,0.046290241065394144,2,0.850894094832093,0.7205766515333955,3.090232306167813,False,True,True
PRIMARY,V3_ALEATORIC_HIGH,50020,4096,CAUSAL_CANDIDATE_UNDER_ASSUMPTIONS,0.793353800289745,0.04923873502578905,2,0.9600425424474743,1.9073122656195018,3.090232306167813,False,True,True
PRIMARY,V3_ALEATORIC_HIGH,50021,4096,CAUSAL_CANDIDATE_UNDER_ASSUMPTIONS,0.764181554886521,0.04986988225193048,2,0.15331837428962922,0.44763727610496606,3.090232306167813,False,True,True
PRIMARY,V3_ALEATORIC_HIGH,50022,4096,CAUSAL_CANDIDATE_UNDER_ASSUMPTIONS,0.7558147658079494,0.04777690340231471,2,1.1309886645447786,0.7863623600176028,3.090232306167813,False,True,True
PRIMARY,V3_ALEATORIC_HIGH,50023,4096,CAUSAL_CANDIDATE_UNDER_ASSUMPTIONS,0.796655753524352,0.04806135033201631,2,0.17670575809974182,0.8039661616134756,3.090232306167813,False,True,True
PRIMARY,V3_ALEATORIC_HIGH,50024,4096,CAUSAL_CANDIDATE_UNDER_ASSUMPTIONS,0.8588245829032946,0.04785495974363638,2,0.2308855403437306,2.101871430724435,3.090232306167813,False,True,True
PRIMARY,V3_ALEATORIC_HIGH,50025,4096,CAUSAL_CANDIDATE_UNDER_ASSUMPTIONS,0.7672773831790785,0.04785914554613084,2,0.558357801390072,1.897301985332083,3.090232306167813,False,True,True
PRIMARY,V3_ALEATORIC_HIGH,50026,4096,CAUSAL_CANDIDATE_UNDER_ASSUMPTIONS,0.8029236515846403,0.046654578059504716,2,0.7315633803949665,0.8342573497298686,3.090232306167813,False,True,True
PRIMARY,V3_ALEATORIC_HIGH,50027,4096,CAUSAL_CANDIDATE_UNDER_ASSUMPTIONS,0.83830090094127,0.04833577476548358,2,0.47979416171223965,0.293273944939255,3.090232306167813,False,True,True
PRIMARY,V3_ALEATORIC_HIGH,50028,4096,CAUSAL_CANDIDATE_UNDER_ASSUMPTIONS,0.8463591672789984,0.04600541277802594,2,0.1266603358954464,2.63728792395311,3.090232306167813,False,True,True
PRIMARY,V3_ALEATORIC_HIGH,50029,4096,CAUSAL_CANDIDATE_UNDER_ASSUMPTIONS,0.7949174803904511,0.04962095774366292,2,0.2370811123594793,0.46777656989540206,3.090232306167813,False,True,True
PRIMARY,V3_ALEATORIC_HIGH,50030,4096,CAUSAL_CANDIDATE_UNDER_ASSUMPTIONS,0.8146834225304984,0.049143394012720436,2,1.1151802660094254,0.8742791637008955,3.090232306167813,False,True,True
PRIMARY,V3_ALEATORIC_HIGH,50031,4096,CAUSAL_CANDIDATE_UNDER_ASSUMPTIONS,0.8561707285529525,0.046893855236847026,2,2.021877515027341,2.3987485154747796,3.090232306167813,False,True,True
PRIMARY,V3_ALEATORIC_HIGH,50032,4096,CAUSAL_CANDIDATE_UNDER_ASSUMPTIONS,0.7755218876792851,0.046371323562350734,2,0.2767300272037805,1.0792775777303723,3.090232306167813,False,True,True
PRIMARY,V3_ALEATORIC_HIGH,50033,4096,CAUSAL_CANDIDATE_UNDER_ASSUMPTIONS,0.7251659161264792,0.04787252903955345,2,0.35287824133421863,2.2740852760265886,3.090232306167813,False,True,True
PRIMARY,V3_ALEATORIC_HIGH,50034,4096,CAUSAL_CANDIDATE_UNDER_ASSUMPTIONS,0.8703610375611094,0.049403803310437165,2,0.027214898974571643,1.1999951954094177,3.090232306167813,False,True,True
PRIMARY,V3_ALEATORIC_HIGH,50035,4096,CAUSAL_CANDIDATE_UNDER_ASSUMPTIONS,0.7581509712831198,0.05037692563394082,2,1.012415411582461,1.746797920997325,3.090232306167813,False,True,True
PRIMARY,V3_ALEATORIC_HIGH,50036,4096,CAUSAL_CANDIDATE_UNDER_ASSUMPTIONS,0.8198820029605282,0.046782729485966075,2,1.2551980820796302,0.8309986955099251,3.090232306167813,False,True,True
PRIMARY,V3_ALEATORIC_HIGH,50037,4096,CAUSAL_CANDIDATE_UNDER_ASSUMPTIONS,0.761766598716509,0.04957181200764601,2,0.029402159533245813,2.5083110486214957,3.090232306167813,False,True,True
PRIMARY,V3_ALEATORIC_HIGH,50038,4096,CAUSAL_CANDIDATE_UNDER_ASSUMPTIONS,0.8133812216657382,0.04875952430810344,2,0.3914978392678107,0.5067594468930083,3.090232306167813,False,True,True
PRIMARY,V3_ALEATORIC_HIGH,50039,4096,CAUSAL_CANDIDATE_UNDER_ASSUMPTIONS,0.7234975331768556,0.048825224457962176,2,0.11392542221039625,1.3419402969914935,3.090232306167813,False,True,True
PRIMARY,V3_ALEATORIC_HIGH,50040,4096,CAUSAL_CANDIDATE_UNDER_ASSUMPTIONS,0.8387399361244605,0.0481034715074466,2,0.6452121860329404,0.6800471113068413,3.090232306167813,False,True,True
PRIMARY,V3_ALEATORIC_HIGH,50041,4096,CAUSAL_CANDIDATE_UNDER_ASSUMPTIONS,0.8514973469559286,0.04757197350341952,2,0.6138898524517157,2.2352121512945757,3.090232306167813,False,True,True
PRIMARY,V3_ALEATORIC_HIGH,50042,4096,CAUSAL_CANDIDATE_UNDER_ASSUMPTIONS,0.8442764567498324,0.047562604706303045,2,2.223798272125346,1.2102295998414163,3.090232306167813,False,True,True
PRIMARY,V3_ALEATORIC_HIGH,50043,4096,CAUSAL_CANDIDATE_UNDER_ASSUMPTIONS,0.753859048507126,0.04831540547868681,2,0.7277610001197096,1.2437220772906257,3.090232306167813,False,True,True
PRIMARY,V3_ALEATORIC_HIGH,50044,4096,CAUSAL_CANDIDATE_UNDER_ASSUMPTIONS,0.7001781648617851,0.04926215835834837,2,0.03158813758861007,0.8937721316807892,3.090232306167813,False,True,True
PRIMARY,V3_ALEATORIC_HIGH,50045,4096,CAUSAL_CANDIDATE_UNDER_ASSUMPTIONS,0.8746118044435993,0.04977150043101506,2,2.061228621698229,1.002304963758169,3.090232306167813,False,True,True
PRIMARY,V3_ALEATORIC_HIGH,50046,4096,CAUSAL_CANDIDATE_UNDER_ASSUMPTIONS,0.8524201811009018,0.050638382898895114,2,2.794235090473924,2.7770533567876217,3.090232306167813,False,True,True
PRIMARY,V3_ALEATORIC_HIGH,50047,4096,CAUSAL_CANDIDATE_UNDER_ASSUMPTIONS,0.725704669660156,0.04829582012022113,2,0.18603207001824976,0.46300717629524213,3.090232306167813,False,True,True
PRIMARY,V3_ALEATORIC_HIGH,50048,4096,CAUSAL_CANDIDATE_UNDER_ASSUMPTIONS,0.7207629711945426,0.0511441348623716,2,0.0013239280492318246,1.8115623467763942,3.090232306167813,False,True,True
PRIMARY,V3_ALEATORIC_HIGH,50049,4096,CAUSAL_CANDIDATE_UNDER_ASSUMPTIONS,0.7596880697271892,0.048239351572512176,2,0.016191401262047003,0.17957521379692723,3.090232306167813,False,True,True
PRIMARY,V3_ALEATORIC_HIGH,50050,4096,CAUSAL_CANDIDATE_UNDER_ASSUMPTIONS,0.7905170958046579,0.04830194951103233,2,1.8649326585192232,0.24275612254447684,3.090232306167813,False,True,True
PRIMARY,V3_ALEATORIC_HIGH,50051,4096,CAUSAL_CANDIDATE_UNDER_ASSUMPTIONS,0.9071255456832215,0.048205897764206515,2,1.3983311716177034,2.700627428720808,3.090232306167813,False,True,True
PRIMARY,V3_ALEATORIC_HIGH,50052,4096,CAUSAL_CANDIDATE_UNDER_ASSUMPTIONS,0.8306883418940952,0.04633287276522105,2,0.0244173106665668,1.5985709069612803,3.090232306167813,False,True,True
PRIMARY,V3_ALEATORIC_HIGH,50053,4096,CAUSAL_CANDIDATE_UNDER_ASSUMPTIONS,0.792078566777128,0.04794430714860922,2,1.1857979443315594,2.2977859112891075,3.090232306167813,False,True,True
PRIMARY,V3_ALEATORIC_HIGH,50054,4096,CAUSAL_CANDIDATE_UNDER_ASSUMPTIONS,0.7973191321840326,0.04639152627809545,2,2.028414729307184,0.780989503283917,3.090232306167813,False,True,True
PRIMARY,V3_ALEATORIC_HIGH,50055,4096,CAUSAL_CANDIDATE_UNDER_ASSUMPTIONS,0.7849553540552668,0.04987349975282231,2,0.7831082225510027,1.0657052682553936,3.090232306167813,False,True,True
PRIMARY,V3_ALEATORIC_HIGH,50056,4096,CAUSAL_CANDIDATE_UNDER_ASSUMPTIONS,0.7832818322310483,0.048722247121457736,2,0.4860358642796537,0.6984091802871498,3.090232306167813,False,True,True
PRIMARY,V3_ALEATORIC_HIGH,50057,4096,CAUSAL_CANDIDATE_UNDER_ASSUMPTIONS,0.7740315548409352,0.04719655018632724,2,0.6639182203561641,1.3732988796403969,3.090232306167813,False,True,True
PRIMARY,V3_ALEATORIC_HIGH,50058,4096,CAUSAL_CANDIDATE_UNDER_ASSUMPTIONS,0.7984475880618352,0.048852784244203,2,0.7328489445969307,0.40417351805985424,3.090232306167813,False,True,True
PRIMARY,V3_ALEATORIC_HIGH,50059,4096,CAUSAL_CANDIDATE_UNDER_ASSUMPTIONS,0.8818460083806302,0.048831709215166365,2,1.188211672445411,0.5552925172510584,3.090232306167813,False,True,True
PRIMARY,V3_ALEATORIC_HIGH,50060,4096,CAUSAL_CANDIDATE_UNDER_ASSUMPTIONS,0.8060441141913729,0.049350375211914696,2,0.6633271938429676,2.330112977711269,3.090232306167813,False,True,True
PRIMARY,V3_ALEATORIC_HIGH,50061,4096,CAUSAL_CANDIDATE_UNDER_ASSUMPTIONS,0.8851729736254592,0.046557701580954285,2,0.4863537953966699,1.9804463764559073,3.090232306167813,False,True,True
PRIMARY,V3_ALEATORIC_HIGH,50062,4096,CAUSAL_CANDIDATE_UNDER_ASSUMPTIONS,0.8183499691334222,0.048673547307748394,2,0.8376645425930747,0.4983765169492115,3.090232306167813,False,True,True
PRIMARY,V3_ALEATORIC_HIGH,50063,4096,CAUSAL_CANDIDATE_UNDER_ASSUMPTIONS,0.7660616054995154,0.0491939787329512,2,1.7799722408112766,1.8135987653879602,3.090232306167813,False,True,True
PRIMARY,V3_ALEATORIC_HIGH,50064,4096,CAUSAL_CANDIDATE_UNDER_ASSUMPTIONS,0.75785211473667,0.05022882595085596,2,0.12965995131484462,1.3012045894327084,3.090232306167813,False,True,True
PRIMARY,V3_ALEATORIC_HIGH,50065,4096,CAUSAL_CANDIDATE_UNDER_ASSUMPTIONS,0.8406151651364874,0.04823492092447542,2,1.3060578773143003,1.3756722595023219,3.090232306167813,False,True,True
PRIMARY,V3_ALEATORIC_HIGH,50066,4096,CAUSAL_CANDIDATE_UNDER_ASSUMPTIONS,0.8400692202989763,0.05010898236074909,2,0.17089735819055282,1.1455161107507978,3.090232306167813,False,True,True
PRIMARY,V3_ALEATORIC_HIGH,50067,4096,CAUSAL_CANDIDATE_UNDER_ASSUMPTIONS,0.7345836008567844,0.04772109573408134,2,0.189703660725736,1.0814153690774926,3.090232306167813,False,True,True
PRIMARY,V3_ALEATORIC_HIGH,50068,4096,CAUSAL_CANDIDATE_UNDER_ASSUMPTIONS,0.8139228193838607,0.04867618895753388,2,1.3027458347196021,1.1443466021242361,3.090232306167813,False,True,True
PRIMARY,V3_ALEATORIC_HIGH,50069,4096,CAUSAL_CANDIDATE_UNDER_ASSUMPTIONS,0.7225756758791038,0.047458565864142245,2,0.43283277330302666,2.3380798503125524,3.090232306167813,False,True,True
PRIMARY,V3_ALEATORIC_HIGH,50070,4096,CAUSAL_CANDIDATE_UNDER_ASSUMPTIONS,0.8268895327608289,0.047957649133633734,2,0.47348622920833905,0.6960227552635742,3.090232306167813,False,True,True
PRIMARY,V3_ALEATORIC_HIGH,50071,4096,CAUSAL_CANDIDATE_UNDER_ASSUMPTIONS,0.8059907574465485,0.04709019936042461,2,0.04003498870588001,0.1373340914567635,3.090232306167813,False,True,True
PRIMARY,V3_ALEATORIC_HIGH,50072,4096,CAUSAL_CANDIDATE_UNDER_ASSUMPTIONS,0.7569510401237853,0.04889906994711023,2,1.1844900166374124,1.1600395094322227,3.090232306167813,False,True,True
PRIMARY,V3_ALEATORIC_HIGH,50073,4096,CAUSAL_CANDIDATE_UNDER_ASSUMPTIONS,0.7884196360667666,0.04899944073288788,2,0.24473351660362527,0.6707860898761142,3.090232306167813,False,True,True
PRIMARY,V3_ALEATORIC_HIGH,50074,4096,CAUSAL_CANDIDATE_UNDER_ASSUMPTIONS,0.7999766718824699,0.047180748894109996,2,0.547930199257716,1.560581523760029,3.090232306167813,False,True,True
PRIMARY,V3_ALEATORIC_HIGH,50075,4096,CAUSAL_CANDIDATE_UNDER_ASSUMPTIONS,0.7540004956225989,0.04718397201588544,2,0.515628572795373,0.08528772205377638,3.090232306167813,False,True,True
PRIMARY,V3_ALEATORIC_HIGH,50076,4096,CAUSAL_CANDIDATE_UNDER_ASSUMPTIONS,0.8076762689080103,0.04780673340233063,2,0.4622237633124783,1.5657791418173879,3.090232306167813,False,True,True
PRIMARY,V3_ALEATORIC_HIGH,50077,4096,CAUSAL_CANDIDATE_UNDER_ASSUMPTIONS,0.7949277214960353,0.04583123635379398,2,0.2742831069641466,1.9053624329335426,3.090232306167813,False,True,True
PRIMARY,V3_ALEATORIC_HIGH,50078,4096,CAUSAL_CANDIDATE_UNDER_ASSUMPTIONS,0.7989591242205031,0.04754219120769574,2,1.007316874702707,0.2569278169558081,3.090232306167813,False,True,True
PRIMARY,V3_ALEATORIC_HIGH,50079,4096,CAUSAL_CANDIDATE_UNDER_ASSUMPTIONS,0.7773123839367756,0.04772404005647303,2,0.19825596333628298,1.2923541622300683,3.090232306167813,False,True,True
PRIMARY,V3_ALEATORIC_HIGH,50080,4096,CAUSAL_CANDIDATE_UNDER_ASSUMPTIONS,0.7956143087268798,0.046671902709627816,2,1.677940064571156,2.20618325309024,3.090232306167813,False,True,True
PRIMARY,V3_ALEATORIC_HIGH,50081,4096,CAUSAL_CANDIDATE_UNDER_ASSUMPTIONS,0.8013432821849747,0.04864300520735854,2,0.19706612916859548,2.278676677219311,3.090232306167813,False,True,True
PRIMARY,V3_ALEATORIC_HIGH,50082,4096,CAUSAL_CANDIDATE_UNDER_ASSUMPTIONS,0.7644707825178214,0.04758708835906666,2,0.14038841024059906,0.3029063547571752,3.090232306167813,False,True,True
PRIMARY,V3_ALEATORIC_HIGH,50083,4096,CAUSAL_CANDIDATE_UNDER_ASSUMPTIONS,0.7687164491327274,0.049643574080158105,2,0.6922218228221211,0.5389174393878785,3.090232306167813,False,True,True
PRIMARY,V3_ALEATORIC_HIGH,50084,4096,CAUSAL_CANDIDATE_UNDER_ASSUMPTIONS,0.8507562645180982,0.048315245543628635,2,0.35878057329347096,1.0652414015943386,3.090232306167813,False,True,True
PRIMARY,V3_ALEATORIC_HIGH,50085,4096,CAUSAL_CANDIDATE_UNDER_ASSUMPTIONS,0.8488342757127865,0.0482240238524435,2,0.07627156409647354,0.37688788108385735,3.090232306167813,False,True,True
PRIMARY,V3_ALEATORIC_HIGH,50086,4096,CAUSAL_CANDIDATE_UNDER_ASSUMPTIONS,0.8127576081286153,0.047951712131593785,2,0.9132277861440894,0.668268968461985,3.090232306167813,False,True,True
PRIMARY,V3_ALEATORIC_HIGH,50087,4096,CAUSAL_CANDIDATE_UNDER_ASSUMPTIONS,0.8306100275471744,0.04687165404460659,2,0.5850912136270284,0.8527095045456426,3.090232306167813,False,True,True
PRIMARY,V3_ALEATORIC_HIGH,50088,4096,CAUSAL_CANDIDATE_UNDER_ASSUMPTIONS,0.7929883355482863,0.04917698474005133,2,0.18235668881376704,1.399490722798761,3.090232306167813,False,True,True
PRIMARY,V3_ALEATORIC_HIGH,50089,4096,CAUSAL_CANDIDATE_UNDER_ASSUMPTIONS,0.7905037645549089,0.04784364923884948,2,0.7069285028252091,0.20850152341713116,3.090232306167813,False,True,True
PRIMARY,V3_ALEATORIC_HIGH,50090,4096,CAUSAL_CANDIDATE_UNDER_ASSUMPTIONS,0.8323990530146518,0.04567204356657476,2,0.11690581910428309,1.8518112866325567,3.090232306167813,False,True,True
PRIMARY,V3_ALEATORIC_HIGH,50091,4096,CAUSAL_CANDIDATE_UNDER_ASSUMPTIONS,0.8008227734841854,0.04889489757979986,2,1.2469054766671017,1.7052284818671617,3.090232306167813,False,True,True
PRIMARY,V3_ALEATORIC_HIGH,50092,4096,CAUSAL_CANDIDATE_UNDER_ASSUMPTIONS,0.7615865188653979,0.04855622387662662,2,1.0517745681483284,0.8838549484028675,3.090232306167813,False,True,True
PRIMARY,V3_ALEATORIC_HIGH,50093,4096,CAUSAL_CANDIDATE_UNDER_ASSUMPTIONS,0.7189772314168765,0.04929856160170456,2,0.4367172616906528,1.0593714222720085,3.090232306167813,False,True,True
PRIMARY,V3_ALEATORIC_HIGH,50094,4096,CAUSAL_CANDIDATE_UNDER_ASSUMPTIONS,0.7996202575353143,0.048049038483088016,2,0.734775752553645,1.4560714391930991,3.090232306167813,False,True,True
PRIMARY,V3_ALEATORIC_HIGH,50095,4096,CAUSAL_CANDIDATE_UNDER_ASSUMPTIONS,0.7999013886949209,0.047583271473974974,2,0.84265312668511,0.47123041058890525,3.090232306167813,False,True,True
PRIMARY,V3_ALEATORIC_HIGH,50096,4096,CAUSAL_CANDIDATE_UNDER_ASSUMPTIONS,0.84810653787259,0.047430460318374036,2,0.48104019030579415,0.7396811805518193,3.090232306167813,False,True,True
PRIMARY,V3_ALEATORIC_HIGH,50097,4096,CAUSAL_CANDIDATE_UNDER_ASSUMPTIONS,0.7648051853793795,0.046787347098141405,2,0.6740959935294916,1.4244669415023794,3.090232306167813,False,True,True
PRIMARY,V3_ALEATORIC_HIGH,50098,4096,CAUSAL_CANDIDATE_UNDER_ASSUMPTIONS,0.7510095613995693,0.04669689426132218,2,1.4182000113144768,1.0233362381167421,3.090232306167813,False,True,True
PRIMARY,V3_ALEATORIC_HIGH,50099,4096,CAUSAL_CANDIDATE_UNDER_ASSUMPTIONS,0.8957684064068926,0.04719735669579348,2,0.9139388187268002,0.6476414771921472,3.090232306167813,False,True,True
PRIMARY,V3_ALEATORIC_HIGH,50100,4096,CAUSAL_CANDIDATE_UNDER_ASSUMPTIONS,0.79290383392073,0.04833976177466466,2,0.1304417026656639,0.7168726089962958,3.090232306167813,False,True,True
PRIMARY,V3_ALEATORIC_HIGH,50101,4096,CAUSAL_CANDIDATE_UNDER_ASSUMPTIONS,0.8035279752525747,0.05023083981286262,2,0.42194264717986374,1.4150071455363884,3.090232306167813,False,True,True
PRIMARY,V3_ALEATORIC_HIGH,50102,4096,CAUSAL_CANDIDATE_UNDER_ASSUMPTIONS,0.846036953864585,0.048507566749452245,2,0.44307685493071275,0.9830017710015113,3.090232306167813,False,True,True
PRIMARY,V3_ALEATORIC_HIGH,50103,4096,CAUSAL_CANDIDATE_UNDER_ASSUMPTIONS,0.793293099869624,0.04770951412077219,2,1.3135206219225688,1.1303314398727886,3.090232306167813,False,True,True
PRIMARY,V3_ALEATORIC_HIGH,50104,4096,CAUSAL_CANDIDATE_UNDER_ASSUMPTIONS,0.7968304992917817,0.049491191167388426,2,0.2605086948197109,1.627334766381019,3.090232306167813,False,True,True
PRIMARY,V3_ALEATORIC_HIGH,50105,4096,CAUSAL_CANDIDATE_UNDER_ASSUMPTIONS,0.7769108619273646,0.04954392006012973,2,1.3042124362804715,0.8100683002352824,3.090232306167813,False,True,True
PRIMARY,V3_ALEATORIC_HIGH,50106,4096,CAUSAL_CANDIDATE_UNDER_ASSUMPTIONS,0.843842523821676,0.04680226950601398,2,1.667746359576798,1.014935513466202,3.090232306167813,False,True,True
PRIMARY,V3_ALEATORIC_HIGH,50107,4096,CAUSAL_CANDIDATE_UNDER_ASSUMPTIONS,0.8021574858647792,0.047557959091627876,2,1.1255972307944988,0.7992336059906985,3.090232306167813,False,True,True
PRIMARY,V3_ALEATORIC_HIGH,50108,4096,CAUSAL_CANDIDATE_UNDER_ASSUMPTIONS,0.9155918405217041,0.04557121804245974,2,2.408241202905744,2.639298724822674,3.090232306167813,False,True,True
PRIMARY,V3_ALEATORIC_HIGH,50109,4096,CAUSAL_CANDIDATE_UNDER_ASSUMPTIONS,0.7256373746922523,0.0470172424959222,2,0.6438823481896198,0.3844378679651383,3.090232306167813,False,True,True
PRIMARY,V3_ALEATORIC_HIGH,50110,4096,CAUSAL_CANDIDATE_UNDER_ASSUMPTIONS,0.7569768704194665,0.04868047823235052,2,0.41463925881559976,0.3519364033914406,3.090232306167813,False,True,True
PRIMARY,V3_ALEATORIC_HIGH,50111,4096,CAUSAL_CANDIDATE_UNDER_ASSUMPTIONS,0.8080352307175418,0.04859991935774659,2,0.28743987421816625,1.3482131584362234,3.090232306167813,False,True,True
PRIMARY,V3_ALEATORIC_HIGH,50112,4096,CAUSAL_CANDIDATE_UNDER_ASSUMPTIONS,0.7795812712310485,0.04850170994155258,2,0.7722727469256179,0.738828296530512,3.090232306167813,False,True,True
PRIMARY,V3_ALEATORIC_HIGH,50113,4096,CAUSAL_CANDIDATE_UNDER_ASSUMPTIONS,0.7508987769687968,0.04780884764378519,2,0.4125410959141062,0.8783729000131467,3.090232306167813,False,True,True
PRIMARY,V3_ALEATORIC_HIGH,50114,4096,CAUSAL_CANDIDATE_UNDER_ASSUMPTIONS,0.8680927123371553,0.0478596757937891,2,0.8105635867349802,0.8489993801904739,3.090232306167813,False,True,True
PRIMARY,V3_ALEATORIC_HIGH,50115,4096,CAUSAL_CANDIDATE_UNDER_ASSUMPTIONS,0.8081443361108414,0.048444377838960974,2,0.300065469581819,1.2322514645930638,3.090232306167813,False,True,True
PRIMARY,V3_ALEATORIC_HIGH,50116,4096,CAUSAL_CANDIDATE_UNDER_ASSUMPTIONS,0.7729539109102201,0.0473664426762963,2,0.4235960783249384,0.783973039834673,3.090232306167813,False,True,True
PRIMARY,V3_ALEATORIC_HIGH,50117,4096,CAUSAL_CANDIDATE_UNDER_ASSUMPTIONS,0.7454787442658232,0.04939752133820839,2,0.8013266695417379,0.16044310820268967,3.090232306167813,False,True,True
PRIMARY,V3_ALEATORIC_HIGH,50118,4096,CAUSAL_CANDIDATE_UNDER_ASSUMPTIONS,0.9144311319847687,0.04713246584722287,2,0.3483083822377999,1.1883059314230533,3.090232306167813,False,True,True
PRIMARY,V3_ALEATORIC_HIGH,50119,4096,CAUSAL_CANDIDATE_UNDER_ASSUMPTIONS,0.7531521676340392,0.04835924757000077,2,0.12320026675393045,2.178289446239775,3.090232306167813,False,True,True
PRIMARY,V3_ALEATORIC_HIGH,50120,4096,CAUSAL_CANDIDATE_UNDER_ASSUMPTIONS,0.8282624691713573,0.047998194665593574,2,0.3837772453266228,0.535266328453301,3.090232306167813,False,True,True
PRIMARY,V3_ALEATORIC_HIGH,50121,4096,CAUSAL_CANDIDATE_UNDER_ASSUMPTIONS,0.7738484724930033,0.04858773253934155,2,1.2960782880646664,0.643302853787972,3.090232306167813,False,True,True
PRIMARY,V3_ALEATORIC_HIGH,50122,4096,CAUSAL_CANDIDATE_UNDER_ASSUMPTIONS,0.6859809581411279,0.0488632951649623,2,2.9998626667505124,0.970785139995719,3.090232306167813,False,True,True
PRIMARY,V3_ALEATORIC_HIGH,50123,4096,CAUSAL_CANDIDATE_UNDER_ASSUMPTIONS,0.7935241915410176,0.04932190560194331,2,1.2687917385170293,1.429325854184569,3.090232306167813,False,True,True
PRIMARY,V3_ALEATORIC_HIGH,50124,4096,CAUSAL_CANDIDATE_UNDER_ASSUMPTIONS,0.7298013392594028,0.04940423371137753,2,1.6584920443589959,0.7575864141769877,3.090232306167813,False,True,True
PRIMARY,V3_ALEATORIC_HIGH,50125,4096,CAUSAL_CANDIDATE_UNDER_ASSUMPTIONS,0.7896870866979189,0.04883372831723279,2,0.31076325804323796,1.541444655912241,3.090232306167813,False,True,True
PRIMARY,V3_ALEATORIC_HIGH,50126,4096,CAUSAL_CANDIDATE_UNDER_ASSUMPTIONS,0.7615036980451786,0.04799808734690172,2,0.0466578087964768,1.4980770750823664,3.090232306167813,False,True,True
PRIMARY,V3_ALEATORIC_HIGH,50127,4096,CAUSAL_CANDIDATE_UNDER_ASSUMPTIONS,0.7950533584955879,0.05018692337392105,2,0.22664532632912718,0.946775492168982,3.090232306167813,False,True,True
PRIMARY,V4_SELECTION_BIAS,50000,2084,IDENTIFYING_ASSUMPTION_VIOLATED,1.108952080940804,0.018022820659810666,2,5.5185311256239045,17.19985082134889,3.090232306167813,False,True,True
PRIMARY,V4_SELECTION_BIAS,50001,2091,IDENTIFYING_ASSUMPTION_VIOLATED,1.1100358324016264,0.01840715254594903,2,5.51192741432852,17.402153495597478,3.090232306167813,False,True,True
PRIMARY,V4_SELECTION_BIAS,50002,2085,IDENTIFYING_ASSUMPTION_VIOLATED,1.1214400017634738,0.018635656036077957,2,5.565387717307352,16.821309933610845,3.090232306167813,False,True,True
PRIMARY,V4_SELECTION_BIAS,50003,2088,IDENTIFYING_ASSUMPTION_VIOLATED,1.1192621965390341,0.017520775183874376,2,6.516968847374787,19.57280687902719,3.090232306167813,False,True,True
PRIMARY,V4_SELECTION_BIAS,50004,1982,IDENTIFYING_ASSUMPTION_VIOLATED,1.1009354324099916,0.0177877157470259,2,5.66520964866711,18.018318641763987,3.090232306167813,False,True,True
PRIMARY,V4_SELECTION_BIAS,50005,2035,IDENTIFYING_ASSUMPTION_VIOLATED,1.0961357230684752,0.017780375091329532,2,5.53514729664511,17.484615194403208,3.090232306167813,False,True,True
PRIMARY,V4_SELECTION_BIAS,50006,2043,IDENTIFYING_ASSUMPTION_VIOLATED,1.1124802603338089,0.018803907296679887,2,5.80429683788535,17.871913483610783,3.090232306167813,False,True,True
PRIMARY,V4_SELECTION_BIAS,50007,1996,IDENTIFYING_ASSUMPTION_VIOLATED,1.1036672997449686,0.018875091618175296,2,5.6933229137424215,18.42013304179504,3.090232306167813,False,True,True
PRIMARY,V4_SELECTION_BIAS,50008,2093,IDENTIFYING_ASSUMPTION_VIOLATED,1.1078262999624922,0.018020537047931797,2,4.250668691630989,17.509054075788598,3.090232306167813,False,True,True
PRIMARY,V4_SELECTION_BIAS,50009,2065,IDENTIFYING_ASSUMPTION_VIOLATED,1.121610899424432,0.01795659804717391,2,6.047954636963833,18.964450252689645,3.090232306167813,False,True,True
PRIMARY,V4_SELECTION_BIAS,50010,2057,IDENTIFYING_ASSUMPTION_VIOLATED,1.1147471879914088,0.019254838081183227,2,4.8062919080550675,17.36889021476697,3.090232306167813,False,True,True
PRIMARY,V4_SELECTION_BIAS,50011,2076,IDENTIFYING_ASSUMPTION_VIOLATED,1.0955727834553002,0.016920463225244434,2,6.240470628596949,19.031410183853758,3.090232306167813,False,True,True
PRIMARY,V4_SELECTION_BIAS,50012,1984,IDENTIFYING_ASSUMPTION_VIOLATED,1.0772896203900004,0.01902503291424553,2,5.028474013598891,16.60142766075988,3.090232306167813,False,True,True
PRIMARY,V4_SELECTION_BIAS,50013,2044,IDENTIFYING_ASSUMPTION_VIOLATED,1.136628453720191,0.017987903166664647,2,5.224029863831124,18.530705307945453,3.090232306167813,False,True,True
PRIMARY,V4_SELECTION_BIAS,50014,2068,IDENTIFYING_ASSUMPTION_VIOLATED,1.1089280246626803,0.018054215323249675,2,5.9857417754978055,18.18743895227527,3.090232306167813,False,True,True
PRIMARY,V4_SELECTION_BIAS,50015,2029,IDENTIFYING_ASSUMPTION_VIOLATED,1.081922370498555,0.018374890538645283,2,6.46977959885568,17.30330190622835,3.090232306167813,False,True,True
PRIMARY,V4_SELECTION_BIAS,50016,2100,IDENTIFYING_ASSUMPTION_VIOLATED,1.0932682457524596,0.017402653201080507,2,5.626007578287881,18.61911139035813,3.090232306167813,False,True,True
PRIMARY,V4_SELECTION_BIAS,50017,2029,IDENTIFYING_ASSUMPTION_VIOLATED,1.0687181635599703,0.01943502662421417,2,5.30729635076476,15.98514277312081,3.090232306167813,False,True,True
PRIMARY,V4_SELECTION_BIAS,50018,2015,IDENTIFYING_ASSUMPTION_VIOLATED,1.073276089026848,0.01920909229441035,2,4.9405885338109385,16.64800285507579,3.090232306167813,False,True,True
PRIMARY,V4_SELECTION_BIAS,50019,2057,IDENTIFYING_ASSUMPTION_VIOLATED,1.1218944582421184,0.018120618343578476,2,4.84180033524572,18.028454605768953,3.090232306167813,False,True,True
PRIMARY,V4_SELECTION_BIAS,50020,2029,IDENTIFYING_ASSUMPTION_VIOLATED,1.1106301116436896,0.018382566776868874,2,5.66591965027229,18.412032685527798,3.090232306167813,False,True,True
PRIMARY,V4_SELECTION_BIAS,50021,2051,IDENTIFYING_ASSUMPTION_VIOLATED,1.0993908894865358,0.01801435382634758,2,5.733518754862956,18.54454818640903,3.090232306167813,False,True,True
PRIMARY,V4_SELECTION_BIAS,50022,2056,IDENTIFYING_ASSUMPTION_VIOLATED,1.08454026725012,0.0186909445536673,2,5.990519615085926,17.450957570850843,3.090232306167813,False,True,True
PRIMARY,V4_SELECTION_BIAS,50023,2065,IDENTIFYING_ASSUMPTION_VIOLATED,1.0769492379533168,0.018193475462996087,2,6.088869793634863,16.886726930958037,3.090232306167813,False,True,True
PRIMARY,V4_SELECTION_BIAS,50024,1986,IDENTIFYING_ASSUMPTION_VIOLATED,1.1070252659734803,0.018652067702192413,2,4.817783100509289,17.890536972749373,3.090232306167813,False,True,True
PRIMARY,V4_SELECTION_BIAS,50025,2038,IDENTIFYING_ASSUMPTION_VIOLATED,1.0916941087832557,0.018569964227082146,2,5.401551500959269,16.038281999726735,3.090232306167813,False,True,True
PRIMARY,V4_SELECTION_BIAS,50026,2012,IDENTIFYING_ASSUMPTION_VIOLATED,1.0918878200896998,0.018036842891570846,2,5.9509625980039855,19.58217550237438,3.090232306167813,False,True,True
PRIMARY,V4_SELECTION_BIAS,50027,2063,IDENTIFYING_ASSUMPTION_VIOLATED,1.1017507615446787,0.018435367418257756,2,5.730616373391877,18.537903325354424,3.090232306167813,False,True,True
PRIMARY,V4_SELECTION_BIAS,50028,2081,IDENTIFYING_ASSUMPTION_VIOLATED,1.1467089390374998,0.017377817543560634,2,5.392815315673364,20.479310343133466,3.090232306167813,False,True,True
PRIMARY,V4_SELECTION_BIAS,50029,2007,IDENTIFYING_ASSUMPTION_VIOLATED,1.0945914201803661,0.018393344408747705,2,5.2584325933128095,18.78652671336269,3.090232306167813,False,True,True
PRIMARY,V4_SELECTION_BIAS,50030,2042,IDENTIFYING_ASSUMPTION_VIOLATED,1.0927237514570933,0.018563107173001765,2,4.002702484957033,18.712442527377107,3.090232306167813,False,True,True
PRIMARY,V4_SELECTION_BIAS,50031,2056,IDENTIFYING_ASSUMPTION_VIOLATED,1.1027773027982026,0.017189429156818096,2,3.303067461957384,18.574092778008847,3.090232306167813,False,True,True
PRIMARY,V4_SELECTION_BIAS,50032,2038,IDENTIFYING_ASSUMPTION_VIOLATED,1.0763278013193993,0.01868361842053534,2,5.918519708237712,17.64313845659299,3.090232306167813,False,True,True
PRIMARY,V4_SELECTION_BIAS,50033,1991,IDENTIFYING_ASSUMPTION_VIOLATED,1.0766034001263107,0.018814402585762023,2,5.236782472364355,16.074517607471883,3.090232306167813,False,True,True
PRIMARY,V4_SELECTION_BIAS,50034,2017,IDENTIFYING_ASSUMPTION_VIOLATED,1.1033116628010033,0.01897362443139052,2,5.189773401465771,16.05475224366676,3.090232306167813,False,True,True
PRIMARY,V4_SELECTION_BIAS,50035,2043,IDENTIFYING_ASSUMPTION_VIOLATED,1.1012384284007637,0.017781506937716043,2,4.969016889569933,18.435942525576053,3.090232306167813,False,True,True
PRIMARY,V4_SELECTION_BIAS,50036,2063,IDENTIFYING_ASSUMPTION_VIOLATED,1.1377660288217584,0.017687197305691654,2,6.065714607410523,19.965967438481247,3.090232306167813,False,True,True
PRIMARY,V4_SELECTION_BIAS,50037,2046,IDENTIFYING_ASSUMPTION_VIOLATED,1.0576718991178125,0.01912674526046779,2,5.069398716856207,15.63765468296761,3.090232306167813,False,True,True
PRIMARY,V4_SELECTION_BIAS,50038,2055,IDENTIFYING_ASSUMPTION_VIOLATED,1.0956506733669447,0.017781633230555267,2,5.180644638126689,18.98424157889359,3.090232306167813,False,True,True
PRIMARY,V4_SELECTION_BIAS,50039,2008,IDENTIFYING_ASSUMPTION_VIOLATED,1.0939892914090985,0.01904128030515356,2,5.462238716810851,16.79198211976752,3.090232306167813,False,True,True
PRIMARY,V4_SELECTION_BIAS,50040,2045,IDENTIFYING_ASSUMPTION_VIOLATED,1.1013330279164748,0.018213432116982037,2,6.4061613446628005,19.09593426471601,3.090232306167813,False,True,True
PRIMARY,V4_SELECTION_BIAS,50041,1993,IDENTIFYING_ASSUMPTION_VIOLATED,1.1162024140686904,0.017938657494757468,2,4.637260119009145,16.407964527373753,3.090232306167813,False,True,True
PRIMARY,V4_SELECTION_BIAS,50042,1994,IDENTIFYING_ASSUMPTION_VIOLATED,1.1041485061927392,0.019012867382916507,2,6.0070757245283595,16.06264878293672,3.090232306167813,False,True,True
PRIMARY,V4_SELECTION_BIAS,50043,2032,IDENTIFYING_ASSUMPTION_VIOLATED,1.0772213723170476,0.018675133420321597,2,4.322717127829328,16.508661824325838,3.090232306167813,False,True,True
PRIMARY,V4_SELECTION_BIAS,50044,2104,IDENTIFYING_ASSUMPTION_VIOLATED,1.0899773829331931,0.017685565137109973,2,5.219930978627959,18.090956044849623,3.090232306167813,False,True,True
PRIMARY,V4_SELECTION_BIAS,50045,2092,IDENTIFYING_ASSUMPTION_VIOLATED,1.134113505911707,0.01844869702463204,2,6.212664200389897,18.900395240707482,3.090232306167813,False,True,True
PRIMARY,V4_SELECTION_BIAS,50046,2025,IDENTIFYING_ASSUMPTION_VIOLATED,1.1324844179221543,0.018173979557684065,2,3.375980656905613,17.75098612092009,3.090232306167813,False,True,True
PRIMARY,V4_SELECTION_BIAS,50047,2116,IDENTIFYING_ASSUMPTION_VIOLATED,1.0726748796345817,0.017960614905712817,2,5.880141126956345,18.732119642901072,3.090232306167813,False,True,True
PRIMARY,V4_SELECTION_BIAS,50048,2031,IDENTIFYING_ASSUMPTION_VIOLATED,1.0827905455107847,0.020122611911986867,2,5.599615130525306,18.16201808237442,3.090232306167813,False,True,True
PRIMARY,V4_SELECTION_BIAS,50049,2081,IDENTIFYING_ASSUMPTION_VIOLATED,1.067306500999761,0.018963900697076243,2,5.011580246247226,16.380648379623242,3.090232306167813,False,True,True
PRIMARY,V4_SELECTION_BIAS,50050,2012,IDENTIFYING_ASSUMPTION_VIOLATED,1.1112113310223024,0.018713842786825526,2,5.049713179784497,18.847861639192715,3.090232306167813,False,True,True
PRIMARY,V4_SELECTION_BIAS,50051,1998,IDENTIFYING_ASSUMPTION_VIOLATED,1.129191165196598,0.019130815560434063,2,6.76254407902004,18.31238248971788,3.090232306167813,False,True,True
PRIMARY,V4_SELECTION_BIAS,50052,2042,IDENTIFYING_ASSUMPTION_VIOLATED,1.0961449697870334,0.017494144707183985,2,3.8287929434948946,18.628555623732638,3.090232306167813,False,True,True
PRIMARY,V4_SELECTION_BIAS,50053,2046,IDENTIFYING_ASSUMPTION_VIOLATED,1.143671564522974,0.017614490569096274,2,6.446008131858412,21.53002636135164,3.090232306167813,False,True,True
PRIMARY,V4_SELECTION_BIAS,50054,2036,IDENTIFYING_ASSUMPTION_VIOLATED,1.0914723127053758,0.017903275343371296,2,5.311370905883363,17.38361881798138,3.090232306167813,False,True,True
PRIMARY,V4_SELECTION_BIAS,50055,1997,IDENTIFYING_ASSUMPTION_VIOLATED,1.0954633916887992,0.018972633243208577,2,4.80337808401079,17.769070714570148,3.090232306167813,False,True,True
PRIMARY,V4_SELECTION_BIAS,50056,2032,IDENTIFYING_ASSUMPTION_VIOLATED,1.0908808972943558,0.01866555640252886,2,5.46262098594444,16.935193307873327,3.090232306167813,False,True,True
PRIMARY,V4_SELECTION_BIAS,50057,2076,IDENTIFYING_ASSUMPTION_VIOLATED,1.0885645386000664,0.018097511248957535,2,6.3622704231970495,17.77123194770516,3.090232306167813,False,True,True
PRIMARY,V4_SELECTION_BIAS,50058,2009,IDENTIFYING_ASSUMPTION_VIOLATED,1.0961569588985771,0.018697682755350085,2,4.957024864063559,17.846920629555463,3.090232306167813,False,True,True
PRIMARY,V4_SELECTION_BIAS,50059,2113,IDENTIFYING_ASSUMPTION_VIOLATED,1.1205491911197436,0.01871470688898752,2,4.584397212000863,19.112571599969353,3.090232306167813,False,True,True
PRIMARY,V4_SELECTION_BIAS,50060,2018,IDENTIFYING_ASSUMPTION_VIOLATED,1.0813179036906118,0.01875887391428825,2,5.332341220665008,15.737032540315237,3.090232306167813,False,True,True
PRIMARY,V4_SELECTION_BIAS,50061,2013,IDENTIFYING_ASSUMPTION_VIOLATED,1.133589232489818,0.017388702986492123,2,5.106104414305064,20.085329203757748,3.090232306167813,False,True,True
PRIMARY,V4_SELECTION_BIAS,50062,2003,IDENTIFYING_ASSUMPTION_VIOLATED,1.1160510321215378,0.017886974147787057,2,5.750014181060734,19.460575490825477,3.090232306167813,False,True,True
PRIMARY,V4_SELECTION_BIAS,50063,2037,IDENTIFYING_ASSUMPTION_VIOLATED,1.0931902389171777,0.0191554633519449,2,5.695233169348055,15.833939926841671,3.090232306167813,False,True,True
PRIMARY,V4_SELECTION_BIAS,50064,2066,IDENTIFYING_ASSUMPTION_VIOLATED,1.1097896947123442,0.018335056561422678,2,5.960609958297563,17.066130519352225,3.090232306167813,False,True,True
PRIMARY,V4_SELECTION_BIAS,50065,2063,IDENTIFYING_ASSUMPTION_VIOLATED,1.1157388279842941,0.01784375368770026,2,5.7096077207628415,18.74954761322666,3.090232306167813,False,True,True
PRIMARY,V4_SELECTION_BIAS,50066,2090,IDENTIFYING_ASSUMPTION_VIOLATED,1.1032703050689308,0.018699726831480426,2,5.420569563317073,16.795877834090767,3.090232306167813,False,True,True
PRIMARY,V4_SELECTION_BIAS,50067,2058,IDENTIFYING_ASSUMPTION_VIOLATED,1.0856707201424662,0.01782613286944385,2,4.916950873983063,16.882336602476858,3.090232306167813,False,True,True
PRIMARY,V4_SELECTION_BIAS,50068,2064,IDENTIFYING_ASSUMPTION_VIOLATED,1.1246521988924134,0.01821636101532093,2,6.495822092983443,18.895337862576667,3.090232306167813,False,True,True
PRIMARY,V4_SELECTION_BIAS,50069,2064,IDENTIFYING_ASSUMPTION_VIOLATED,1.0872482763494487,0.017971094296073416,2,5.507485019172225,18.368735949301463,3.090232306167813,False,True,True
PRIMARY,V4_SELECTION_BIAS,50070,2066,IDENTIFYING_ASSUMPTION_VIOLATED,1.109885914426201,0.01816419587196956,2,5.656438905056674,16.98847687863723,3.090232306167813,False,True,True
PRIMARY,V4_SELECTION_BIAS,50071,2058,IDENTIFYING_ASSUMPTION_VIOLATED,1.1053507001695486,0.01728535325265328,2,4.847933546228446,18.31134305405895,3.090232306167813,False,True,True
PRIMARY,V4_SELECTION_BIAS,50072,1976,IDENTIFYING_ASSUMPTION_VIOLATED,1.1308452013824961,0.018634171349274656,2,6.0259111395442435,17.668608504827688,3.090232306167813,False,True,True
PRIMARY,V4_SELECTION_BIAS,50073,1986,IDENTIFYING_ASSUMPTION_VIOLATED,1.126874378058865,0.018319342817026043,2,5.3234483010746345,19.034964578694584,3.090232306167813,False,True,True
PRIMARY,V4_SELECTION_BIAS,50074,2064,IDENTIFYING_ASSUMPTION_VIOLATED,1.095703776149046,0.018596506490830545,2,5.19390340970135,16.443124996244634,3.090232306167813,False,True,True
PRIMARY,V4_SELECTION_BIAS,50075,2035,IDENTIFYING_ASSUMPTION_VIOLATED,1.074998050383019,0.0181694152042212,2,4.540319729555425,16.497221876289906,3.090232306167813,False,True,True
PRIMARY,V4_SELECTION_BIAS,50076,2022,IDENTIFYING_ASSUMPTION_VIOLATED,1.0797765614489754,0.01771933008030893,2,4.1404266526856,16.1271322012514,3.090232306167813,False,True,True
PRIMARY,V4_SELECTION_BIAS,50077,2055,IDENTIFYING_ASSUMPTION_VIOLATED,1.1108512779262432,0.017469116310180235,2,6.160188665320958,18.75097324001228,3.090232306167813,False,True,True
PRIMARY,V4_SELECTION_BIAS,50078,2028,IDENTIFYING_ASSUMPTION_VIOLATED,1.0908571765339943,0.01815566640064463,2,5.316844997277351,17.028612113585822,3.090232306167813,False,True,True
PRIMARY,V4_SELECTION_BIAS,50079,2047,IDENTIFYING_ASSUMPTION_VIOLATED,1.0886840505525284,0.0185716945073753,2,5.423275751708303,17.482038046225203,3.090232306167813,False,True,True
PRIMARY,V4_SELECTION_BIAS,50080,2022,IDENTIFYING_ASSUMPTION_VIOLATED,1.094919801800377,0.01775827742995856,2,4.250734996821303,17.880516755454906,3.090232306167813,False,True,True
PRIMARY,V4_SELECTION_BIAS,50081,2045,IDENTIFYING_ASSUMPTION_VIOLATED,1.1030661465783493,0.018519015696507334,2,5.339863212805519,17.503112101764508,3.090232306167813,False,True,True
PRIMARY,V4_SELECTION_BIAS,50082,2016,IDENTIFYING_ASSUMPTION_VIOLATED,1.0974732601979127,0.017962458800876095,2,5.802049709387481,18.126094351348065,3.090232306167813,False,True,True
PRIMARY,V4_SELECTION_BIAS,50083,2068,IDENTIFYING_ASSUMPTION_VIOLATED,1.0984955849633262,0.019151026323714952,2,4.939756703879624,17.50267479619075,3.090232306167813,False,True,True
PRIMARY,V4_SELECTION_BIAS,50084,2059,IDENTIFYING_ASSUMPTION_VIOLATED,1.0960542613843889,0.01835210710858404,2,5.544773193279733,16.886011926715348,3.090232306167813,False,True,True
PRIMARY,V4_SELECTION_BIAS,50085,2056,IDENTIFYING_ASSUMPTION_VIOLATED,1.1324255886163983,0.01857618646491949,2,5.543901242226579,17.262608267391133,3.090232306167813,False,True,True
PRIMARY,V4_SELECTION_BIAS,50086,2029,IDENTIFYING_ASSUMPTION_VIOLATED,1.1226401380165094,0.017722503964837332,2,6.281343591928272,19.77314690308929,3.090232306167813,False,True,True
PRIMARY,V4_SELECTION_BIAS,50087,2046,IDENTIFYING_ASSUMPTION_VIOLATED,1.1111082491454474,0.018072959841045812,2,5.637799556105935,17.49025123531312,3.090232306167813,False,True,True
PRIMARY,V4_SELECTION_BIAS,50088,2035,IDENTIFYING_ASSUMPTION_VIOLATED,1.0893984639523513,0.018936066416727643,2,5.48867758810482,16.93899183808523,3.090232306167813,False,True,True
PRIMARY,V4_SELECTION_BIAS,50089,2048,IDENTIFYING_ASSUMPTION_VIOLATED,1.1187890827880231,0.017734861651911845,2,4.812474124219435,18.939938292871886,3.090232306167813,False,True,True
PRIMARY,V4_SELECTION_BIAS,50090,2054,IDENTIFYING_ASSUMPTION_VIOLATED,1.073699116056519,0.01722525191699616,2,4.379370956432544,18.267828033441653,3.090232306167813,False,True,True
PRIMARY,V4_SELECTION_BIAS,50091,2097,IDENTIFYING_ASSUMPTION_VIOLATED,1.1030320195014272,0.018911314504440852,2,5.952527520062367,18.893565934936284,3.090232306167813,False,True,True
PRIMARY,V4_SELECTION_BIAS,50092,1974,IDENTIFYING_ASSUMPTION_VIOLATED,1.093255747342163,0.018434927213006002,2,5.335057353902317,16.92501683366243,3.090232306167813,False,True,True
PRIMARY,V4_SELECTION_BIAS,50093,2083,IDENTIFYING_ASSUMPTION_VIOLATED,1.087185008286269,0.018840131842804714,2,5.924073466025621,18.883709773802934,3.090232306167813,False,True,True
PRIMARY,V4_SELECTION_BIAS,50094,2092,IDENTIFYING_ASSUMPTION_VIOLATED,1.1113077581822655,0.017830830313444054,2,5.615144254578838,19.190990522897717,3.090232306167813,False,True,True
PRIMARY,V4_SELECTION_BIAS,50095,2112,IDENTIFYING_ASSUMPTION_VIOLATED,1.081635196431065,0.018458687960265674,2,5.570542970204223,18.044416296143638,3.090232306167813,False,True,True
PRIMARY,V4_SELECTION_BIAS,50096,1989,IDENTIFYING_ASSUMPTION_VIOLATED,1.1152979838713148,0.018281141021992027,2,5.5228050764936825,17.85465550237589,3.090232306167813,False,True,True
PRIMARY,V4_SELECTION_BIAS,50097,2045,IDENTIFYING_ASSUMPTION_VIOLATED,1.065325574882367,0.018276694426785107,2,5.132989465797381,17.29364546792781,3.090232306167813,False,True,True
PRIMARY,V4_SELECTION_BIAS,50098,2078,IDENTIFYING_ASSUMPTION_VIOLATED,1.0889408954901534,0.017403048197178177,2,6.184949808317465,18.82522723039311,3.090232306167813,False,True,True
PRIMARY,V4_SELECTION_BIAS,50099,2022,IDENTIFYING_ASSUMPTION_VIOLATED,1.1421927786553383,0.017544121197040765,2,5.7444514320019495,19.853402409931615,3.090232306167813,False,True,True
PRIMARY,V4_SELECTION_BIAS,50100,2089,IDENTIFYING_ASSUMPTION_VIOLATED,1.1058531512823333,0.018158911704013476,2,5.289106074854687,17.291840947322672,3.090232306167813,False,True,True
PRIMARY,V4_SELECTION_BIAS,50101,2040,IDENTIFYING_ASSUMPTION_VIOLATED,1.1000789102635504,0.018676441612243806,2,5.259189896035186,16.907015323246007,3.090232306167813,False,True,True
PRIMARY,V4_SELECTION_BIAS,50102,2018,IDENTIFYING_ASSUMPTION_VIOLATED,1.0913148796111716,0.018336984655216777,2,6.033799924188783,16.87117690634235,3.090232306167813,False,True,True
PRIMARY,V4_SELECTION_BIAS,50103,2057,IDENTIFYING_ASSUMPTION_VIOLATED,1.101448011977076,0.018121954979015514,2,5.585693684416365,18.50616186928374,3.090232306167813,False,True,True
PRIMARY,V4_SELECTION_BIAS,50104,2004,IDENTIFYING_ASSUMPTION_VIOLATED,1.1121853246429851,0.01823228135504666,2,5.135603636522974,16.799295473543992,3.090232306167813,False,True,True
PRIMARY,V4_SELECTION_BIAS,50105,2075,IDENTIFYING_ASSUMPTION_VIOLATED,1.1089322652664833,0.018777459008399677,2,6.134595529803763,16.533276544731535,3.090232306167813,False,True,True
PRIMARY,V4_SELECTION_BIAS,50106,1989,IDENTIFYING_ASSUMPTION_VIOLATED,1.0873203956716797,0.01823273227033343,2,3.897730300422519,18.047003557466137,3.090232306167813,False,True,True
PRIMARY,V4_SELECTION_BIAS,50107,2052,IDENTIFYING_ASSUMPTION_VIOLATED,1.1030917258798716,0.01865142495774751,2,5.764467546645056,17.241123392985465,3.090232306167813,False,True,True
PRIMARY,V4_SELECTION_BIAS,50108,2111,IDENTIFYING_ASSUMPTION_VIOLATED,1.1270296329929501,0.017420911362053145,2,6.74376718397282,19.870843890916298,3.090232306167813,False,True,True
PRIMARY,V4_SELECTION_BIAS,50109,2026,IDENTIFYING_ASSUMPTION_VIOLATED,1.073766804342401,0.017793823975694702,2,5.555842985025823,18.098538581977945,3.090232306167813,False,True,True
PRIMARY,V4_SELECTION_BIAS,50110,2082,IDENTIFYING_ASSUMPTION_VIOLATED,1.098197377958451,0.01813046428640786,2,5.751338227559509,16.837557260076373,3.090232306167813,False,True,True
PRIMARY,V4_SELECTION_BIAS,50111,2072,IDENTIFYING_ASSUMPTION_VIOLATED,1.098557095217694,0.018351374218027565,2,5.1080770211670234,17.574971616482213,3.090232306167813,False,True,True
PRIMARY,V4_SELECTION_BIAS,50112,2035,IDENTIFYING_ASSUMPTION_VIOLATED,1.1040867758569848,0.01785905275124361,2,4.095619364299963,17.675331436298848,3.090232306167813,False,True,True
PRIMARY,V4_SELECTION_BIAS,50113,2032,IDENTIFYING_ASSUMPTION_VIOLATED,1.0836645416938533,0.018421164572978984,2,5.174295369560077,17.60112496435681,3.090232306167813,False,True,True
PRIMARY,V4_SELECTION_BIAS,50114,2047,IDENTIFYING_ASSUMPTION_VIOLATED,1.1282389553106176,0.0187454293240509,2,5.265638272999884,18.63771964824377,3.090232306167813,False,True,True
PRIMARY,V4_SELECTION_BIAS,50115,2068,IDENTIFYING_ASSUMPTION_VIOLATED,1.107786870804023,0.0191411160218679,2,3.9359906803276594,18.026494825318085,3.090232306167813,False,True,True
PRIMARY,V4_SELECTION_BIAS,50116,2070,IDENTIFYING_ASSUMPTION_VIOLATED,1.1079768635852187,0.01807317237698708,2,6.189927825169694,19.556925579494205,3.090232306167813,False,True,True
PRIMARY,V4_SELECTION_BIAS,50117,2018,IDENTIFYING_ASSUMPTION_VIOLATED,1.08401342929002,0.018692026671943716,2,5.1928024948659575,17.064751062923705,3.090232306167813,False,True,True
PRIMARY,V4_SELECTION_BIAS,50118,2090,IDENTIFYING_ASSUMPTION_VIOLATED,1.1229931595411284,0.017755718112334895,2,5.8808694385561076,18.49369941831137,3.090232306167813,False,True,True
PRIMARY,V4_SELECTION_BIAS,50119,2023,IDENTIFYING_ASSUMPTION_VIOLATED,1.0586393108872052,0.018754514283456505,2,5.211405421409143,17.53305690707906,3.090232306167813,False,True,True
PRIMARY,V4_SELECTION_BIAS,50120,2040,IDENTIFYING_ASSUMPTION_VIOLATED,1.136275299667737,0.01753078097409276,2,6.254638921101382,19.05009261347126,3.090232306167813,False,True,True
PRIMARY,V4_SELECTION_BIAS,50121,2079,IDENTIFYING_ASSUMPTION_VIOLATED,1.11306699758966,0.01783756565470456,2,4.669381552957087,17.729947637248273,3.090232306167813,False,True,True
PRIMARY,V4_SELECTION_BIAS,50122,2025,IDENTIFYING_ASSUMPTION_VIOLATED,1.0536681584662677,0.018453545863389088,2,5.2078605412837184,19.51745212274887,3.090232306167813,False,True,True
PRIMARY,V4_SELECTION_BIAS,50123,2051,IDENTIFYING_ASSUMPTION_VIOLATED,1.0968971577120077,0.018015411460464436,2,4.990128955597487,17.877064212065136,3.090232306167813,False,True,True
PRIMARY,V4_SELECTION_BIAS,50124,2055,IDENTIFYING_ASSUMPTION_VIOLATED,1.0886229255536912,0.018489009396678656,2,6.616004159992957,18.132421619605545,3.090232306167813,False,True,True
PRIMARY,V4_SELECTION_BIAS,50125,2071,IDENTIFYING_ASSUMPTION_VIOLATED,1.1143127648370272,0.0177078455471582,2,5.311158360355242,17.511924061550108,3.090232306167813,False,True,True
PRIMARY,V4_SELECTION_BIAS,50126,2031,IDENTIFYING_ASSUMPTION_VIOLATED,1.073962986448683,0.017813620441105966,2,5.648704221940943,17.509047202389883,3.090232306167813,False,True,True
PRIMARY,V4_SELECTION_BIAS,50127,2016,IDENTIFYING_ASSUMPTION_VIOLATED,1.1062445806123629,0.019189826649979477,2,4.721725208558532,18.152968487548886,3.090232306167813,False,True,True
PRIMARY,V5_WEAK_RELEVANCE,50000,4096,INSUFFICIENT_INFORMATION_BUDGET,1.6253770962981926,0.3107217354440099,1,0.0,0.9523917549036539,3.090232306167813,False,True,True
PRIMARY,V5_WEAK_RELEVANCE,50001,4096,INSUFFICIENT_INFORMATION_BUDGET,,,0,0.0,0.7112118371271303,3.090232306167813,False,True,True
PRIMARY,V5_WEAK_RELEVANCE,50002,4096,INSUFFICIENT_INFORMATION_BUDGET,,,0,0.0,0.026269612996803984,3.090232306167813,False,True,True
PRIMARY,V5_WEAK_RELEVANCE,50003,4096,INSUFFICIENT_INFORMATION_BUDGET,1.51319500368431,0.25846854752327436,1,0.0,1.6093873614054695,3.090232306167813,False,True,True
PRIMARY,V5_WEAK_RELEVANCE,50004,4096,INSUFFICIENT_INFORMATION_BUDGET,,,0,0.0,0.47835512892400434,3.090232306167813,False,True,True
PRIMARY,V5_WEAK_RELEVANCE,50005,4096,INSUFFICIENT_INFORMATION_BUDGET,,,0,0.0,0.4418773139172869,3.090232306167813,False,True,True
PRIMARY,V5_WEAK_RELEVANCE,50006,4096,INSUFFICIENT_INFORMATION_BUDGET,,,0,0.0,0.8320078736280064,3.090232306167813,False,True,True
PRIMARY,V5_WEAK_RELEVANCE,50007,4096,INSUFFICIENT_INFORMATION_BUDGET,,,0,0.0,1.9675385185520735,3.090232306167813,False,True,True
PRIMARY,V5_WEAK_RELEVANCE,50008,4096,INSUFFICIENT_INFORMATION_BUDGET,,,0,0.0,0.5934914408808257,3.090232306167813,False,True,True
PRIMARY,V5_WEAK_RELEVANCE,50009,4096,INSUFFICIENT_INFORMATION_BUDGET,,,0,0.0,2.374267027754244,3.090232306167813,False,True,True
PRIMARY,V5_WEAK_RELEVANCE,50010,4096,INSUFFICIENT_INFORMATION_BUDGET,,,0,0.0,0.5823807616871342,3.090232306167813,False,True,True
PRIMARY,V5_WEAK_RELEVANCE,50011,4096,INSUFFICIENT_INFORMATION_BUDGET,,,0,0.0,0.9178861934335084,3.090232306167813,False,True,True
PRIMARY,V5_WEAK_RELEVANCE,50012,4096,INSUFFICIENT_INFORMATION_BUDGET,,,0,0.0,1.766302392366507,3.090232306167813,False,True,True
PRIMARY,V5_WEAK_RELEVANCE,50013,4096,INSUFFICIENT_INFORMATION_BUDGET,,,0,0.0,0.9592514467243393,3.090232306167813,False,True,True
PRIMARY,V5_WEAK_RELEVANCE,50014,4096,INSUFFICIENT_INFORMATION_BUDGET,,,0,0.0,0.3303882193728536,3.090232306167813,False,True,True
PRIMARY,V5_WEAK_RELEVANCE,50015,4096,INSUFFICIENT_INFORMATION_BUDGET,,,0,0.0,1.4358519221277068,3.090232306167813,False,True,True
PRIMARY,V5_WEAK_RELEVANCE,50016,4096,INSUFFICIENT_INFORMATION_BUDGET,,,0,0.0,1.4373451978034597,3.090232306167813,False,True,True
PRIMARY,V5_WEAK_RELEVANCE,50017,4096,INSUFFICIENT_INFORMATION_BUDGET,,,0,0.0,1.8554282854735642,3.090232306167813,False,True,True
PRIMARY,V5_WEAK_RELEVANCE,50018,4096,INSUFFICIENT_INFORMATION_BUDGET,,,0,0.0,0.836904436683388,3.090232306167813,False,True,True
PRIMARY,V5_WEAK_RELEVANCE,50019,4096,INSUFFICIENT_INFORMATION_BUDGET,,,0,0.0,0.7205766515333955,3.090232306167813,False,True,True
PRIMARY,V5_WEAK_RELEVANCE,50020,4096,INSUFFICIENT_INFORMATION_BUDGET,,,0,0.0,1.9073122656195018,3.090232306167813,False,True,True
PRIMARY,V5_WEAK_RELEVANCE,50021,4096,INSUFFICIENT_INFORMATION_BUDGET,,,0,0.0,0.44763727610496606,3.090232306167813,False,True,True
PRIMARY,V5_WEAK_RELEVANCE,50022,4096,INSUFFICIENT_INFORMATION_BUDGET,,,0,0.0,0.7863623600176028,3.090232306167813,False,True,True
PRIMARY,V5_WEAK_RELEVANCE,50023,4096,INSUFFICIENT_INFORMATION_BUDGET,,,0,0.0,0.8039661616134756,3.090232306167813,False,True,True
PRIMARY,V5_WEAK_RELEVANCE,50024,4096,INSUFFICIENT_INFORMATION_BUDGET,,,0,0.0,2.101871430724435,3.090232306167813,False,True,True
PRIMARY,V5_WEAK_RELEVANCE,50025,4096,INSUFFICIENT_INFORMATION_BUDGET,,,0,0.0,1.897301985332083,3.090232306167813,False,True,True
PRIMARY,V5_WEAK_RELEVANCE,50026,4096,INSUFFICIENT_INFORMATION_BUDGET,,,0,0.0,0.8342573497298686,3.090232306167813,False,True,True
PRIMARY,V5_WEAK_RELEVANCE,50027,4096,INSUFFICIENT_INFORMATION_BUDGET,,,0,0.0,0.293273944939255,3.090232306167813,False,True,True
PRIMARY,V5_WEAK_RELEVANCE,50028,4096,INSUFFICIENT_INFORMATION_BUDGET,1.4252839223789249,0.27855337065080304,1,0.0,2.63728792395311,3.090232306167813,False,True,True
PRIMARY,V5_WEAK_RELEVANCE,50029,4096,INSUFFICIENT_INFORMATION_BUDGET,,,0,0.0,0.46777656989540206,3.090232306167813,False,True,True
PRIMARY,V5_WEAK_RELEVANCE,50030,4096,INSUFFICIENT_INFORMATION_BUDGET,,,0,0.0,0.8742791637008955,3.090232306167813,False,True,True
PRIMARY,V5_WEAK_RELEVANCE,50031,4096,INSUFFICIENT_INFORMATION_BUDGET,,,0,0.0,2.3987485154747796,3.090232306167813,False,True,True
PRIMARY,V5_WEAK_RELEVANCE,50032,4096,INSUFFICIENT_INFORMATION_BUDGET,,,0,0.0,1.0792775777303723,3.090232306167813,False,True,True
PRIMARY,V5_WEAK_RELEVANCE,50033,4096,INSUFFICIENT_INFORMATION_BUDGET,,,0,0.0,2.2740852760265886,3.090232306167813,False,True,True
PRIMARY,V5_WEAK_RELEVANCE,50034,4096,INSUFFICIENT_INFORMATION_BUDGET,,,0,0.0,1.1999951954094177,3.090232306167813,False,True,True
PRIMARY,V5_WEAK_RELEVANCE,50035,4096,INSUFFICIENT_INFORMATION_BUDGET,,,0,0.0,1.746797920997325,3.090232306167813,False,True,True
PRIMARY,V5_WEAK_RELEVANCE,50036,4096,INSUFFICIENT_INFORMATION_BUDGET,,,0,0.0,0.8309986955099251,3.090232306167813,False,True,True
PRIMARY,V5_WEAK_RELEVANCE,50037,4096,INSUFFICIENT_INFORMATION_BUDGET,,,0,0.0,2.5083110486214957,3.090232306167813,False,True,True
PRIMARY,V5_WEAK_RELEVANCE,50038,4096,INSUFFICIENT_INFORMATION_BUDGET,,,0,0.0,0.5067594468930083,3.090232306167813,False,True,True
PRIMARY,V5_WEAK_RELEVANCE,50039,4096,INSUFFICIENT_INFORMATION_BUDGET,,,0,0.0,1.3419402969914935,3.090232306167813,False,True,True
PRIMARY,V5_WEAK_RELEVANCE,50040,4096,INSUFFICIENT_INFORMATION_BUDGET,,,0,0.0,0.6800471113068413,3.090232306167813,False,True,True
PRIMARY,V5_WEAK_RELEVANCE,50041,4096,INSUFFICIENT_INFORMATION_BUDGET,,,0,0.0,2.2352121512945757,3.090232306167813,False,True,True
PRIMARY,V5_WEAK_RELEVANCE,50042,4096,INSUFFICIENT_INFORMATION_BUDGET,,,0,0.0,1.2102295998414163,3.090232306167813,False,True,True
PRIMARY,V5_WEAK_RELEVANCE,50043,4096,INSUFFICIENT_INFORMATION_BUDGET,,,0,0.0,1.2437220772906257,3.090232306167813,False,True,True
PRIMARY,V5_WEAK_RELEVANCE,50044,4096,INSUFFICIENT_INFORMATION_BUDGET,,,0,0.0,0.8937721316807892,3.090232306167813,False,True,True
PRIMARY,V5_WEAK_RELEVANCE,50045,4096,INSUFFICIENT_INFORMATION_BUDGET,,,0,0.0,1.002304963758169,3.090232306167813,False,True,True
PRIMARY,V5_WEAK_RELEVANCE,50046,4096,INSUFFICIENT_INFORMATION_BUDGET,,,0,0.0,2.7770533567876217,3.090232306167813,False,True,True
PRIMARY,V5_WEAK_RELEVANCE,50047,4096,INSUFFICIENT_INFORMATION_BUDGET,,,0,0.0,0.46300717629524213,3.090232306167813,False,True,True
PRIMARY,V5_WEAK_RELEVANCE,50048,4096,INSUFFICIENT_INFORMATION_BUDGET,,,0,0.0,1.8115623467763942,3.090232306167813,False,True,True
PRIMARY,V5_WEAK_RELEVANCE,50049,4096,INSUFFICIENT_INFORMATION_BUDGET,,,0,0.0,0.17957521379692723,3.090232306167813,False,True,True
PRIMARY,V5_WEAK_RELEVANCE,50050,4096,INSUFFICIENT_INFORMATION_BUDGET,,,0,0.0,0.24275612254447684,3.090232306167813,False,True,True
PRIMARY,V5_WEAK_RELEVANCE,50051,4096,INSUFFICIENT_INFORMATION_BUDGET,,,0,0.0,2.700627428720808,3.090232306167813,False,True,True
PRIMARY,V5_WEAK_RELEVANCE,50052,4096,INSUFFICIENT_INFORMATION_BUDGET,,,0,0.0,1.5985709069612803,3.090232306167813,False,True,True
PRIMARY,V5_WEAK_RELEVANCE,50053,4096,INSUFFICIENT_INFORMATION_BUDGET,,,0,0.0,2.2977859112891075,3.090232306167813,False,True,True
PRIMARY,V5_WEAK_RELEVANCE,50054,4096,INSUFFICIENT_INFORMATION_BUDGET,,,0,0.0,0.780989503283917,3.090232306167813,False,True,True
PRIMARY,V5_WEAK_RELEVANCE,50055,4096,INSUFFICIENT_INFORMATION_BUDGET,,,0,0.0,1.0657052682553936,3.090232306167813,False,True,True
PRIMARY,V5_WEAK_RELEVANCE,50056,4096,INSUFFICIENT_INFORMATION_BUDGET,,,0,0.0,0.6984091802871498,3.090232306167813,False,True,True
PRIMARY,V5_WEAK_RELEVANCE,50057,4096,INSUFFICIENT_INFORMATION_BUDGET,,,0,0.0,1.3732988796403969,3.090232306167813,False,True,True
PRIMARY,V5_WEAK_RELEVANCE,50058,4096,INSUFFICIENT_INFORMATION_BUDGET,,,0,0.0,0.40417351805985424,3.090232306167813,False,True,True
PRIMARY,V5_WEAK_RELEVANCE,50059,4096,INSUFFICIENT_INFORMATION_BUDGET,,,0,0.0,0.5552925172510584,3.090232306167813,False,True,True
PRIMARY,V5_WEAK_RELEVANCE,50060,4096,INSUFFICIENT_INFORMATION_BUDGET,,,0,0.0,2.330112977711269,3.090232306167813,False,True,True
PRIMARY,V5_WEAK_RELEVANCE,50061,4096,INSUFFICIENT_INFORMATION_BUDGET,,,0,0.0,1.9804463764559073,3.090232306167813,False,True,True
PRIMARY,V5_WEAK_RELEVANCE,50062,4096,INSUFFICIENT_INFORMATION_BUDGET,,,0,0.0,0.4983765169492115,3.090232306167813,False,True,True
PRIMARY,V5_WEAK_RELEVANCE,50063,4096,INSUFFICIENT_INFORMATION_BUDGET,,,0,0.0,1.8135987653879602,3.090232306167813,False,True,True
PRIMARY,V5_WEAK_RELEVANCE,50064,4096,INSUFFICIENT_INFORMATION_BUDGET,,,0,0.0,1.3012045894327084,3.090232306167813,False,True,True
PRIMARY,V5_WEAK_RELEVANCE,50065,4096,INSUFFICIENT_INFORMATION_BUDGET,,,0,0.0,1.3756722595023219,3.090232306167813,False,True,True
PRIMARY,V5_WEAK_RELEVANCE,50066,4096,INSUFFICIENT_INFORMATION_BUDGET,,,0,0.0,1.1455161107507978,3.090232306167813,False,True,True
PRIMARY,V5_WEAK_RELEVANCE,50067,4096,INSUFFICIENT_INFORMATION_BUDGET,,,0,0.0,1.0814153690774926,3.090232306167813,False,True,True
PRIMARY,V5_WEAK_RELEVANCE,50068,4096,INSUFFICIENT_INFORMATION_BUDGET,,,0,0.0,1.1443466021242361,3.090232306167813,False,True,True
PRIMARY,V5_WEAK_RELEVANCE,50069,4096,INSUFFICIENT_INFORMATION_BUDGET,1.0737011218470613,0.28977956769354196,1,0.0,2.3380798503125524,3.090232306167813,False,True,True
PRIMARY,V5_WEAK_RELEVANCE,50070,4096,INSUFFICIENT_INFORMATION_BUDGET,,,0,0.0,0.6960227552635742,3.090232306167813,False,True,True
PRIMARY,V5_WEAK_RELEVANCE,50071,4096,INSUFFICIENT_INFORMATION_BUDGET,,,0,0.0,0.1373340914567635,3.090232306167813,False,True,True
PRIMARY,V5_WEAK_RELEVANCE,50072,4096,INSUFFICIENT_INFORMATION_BUDGET,,,0,0.0,1.1600395094322227,3.090232306167813,False,True,True
PRIMARY,V5_WEAK_RELEVANCE,50073,4096,INSUFFICIENT_INFORMATION_BUDGET,,,0,0.0,0.6707860898761142,3.090232306167813,False,True,True
PRIMARY,V5_WEAK_RELEVANCE,50074,4096,INSUFFICIENT_INFORMATION_BUDGET,,,0,0.0,1.560581523760029,3.090232306167813,False,True,True
PRIMARY,V5_WEAK_RELEVANCE,50075,4096,INSUFFICIENT_INFORMATION_BUDGET,,,0,0.0,0.08528772205377638,3.090232306167813,False,True,True
PRIMARY,V5_WEAK_RELEVANCE,50076,4096,INSUFFICIENT_INFORMATION_BUDGET,,,0,0.0,1.5657791418173879,3.090232306167813,False,True,True
PRIMARY,V5_WEAK_RELEVANCE,50077,4096,INSUFFICIENT_INFORMATION_BUDGET,,,0,0.0,1.9053624329335426,3.090232306167813,False,True,True
PRIMARY,V5_WEAK_RELEVANCE,50078,4096,INSUFFICIENT_INFORMATION_BUDGET,,,0,0.0,0.2569278169558081,3.090232306167813,False,True,True
PRIMARY,V5_WEAK_RELEVANCE,50079,4096,INSUFFICIENT_INFORMATION_BUDGET,,,0,0.0,1.2923541622300683,3.090232306167813,False,True,True
PRIMARY,V5_WEAK_RELEVANCE,50080,4096,INSUFFICIENT_INFORMATION_BUDGET,,,0,0.0,2.20618325309024,3.090232306167813,False,True,True
PRIMARY,V5_WEAK_RELEVANCE,50081,4096,INSUFFICIENT_INFORMATION_BUDGET,,,0,0.0,2.278676677219311,3.090232306167813,False,True,True
PRIMARY,V5_WEAK_RELEVANCE,50082,4096,INSUFFICIENT_INFORMATION_BUDGET,,,0,0.0,0.3029063547571752,3.090232306167813,False,True,True
PRIMARY,V5_WEAK_RELEVANCE,50083,4096,INSUFFICIENT_INFORMATION_BUDGET,,,0,0.0,0.5389174393878785,3.090232306167813,False,True,True
PRIMARY,V5_WEAK_RELEVANCE,50084,4096,INSUFFICIENT_INFORMATION_BUDGET,,,0,0.0,1.0652414015943386,3.090232306167813,False,True,True
PRIMARY,V5_WEAK_RELEVANCE,50085,4096,INSUFFICIENT_INFORMATION_BUDGET,,,0,0.0,0.37688788108385735,3.090232306167813,False,True,True
PRIMARY,V5_WEAK_RELEVANCE,50086,4096,INSUFFICIENT_INFORMATION_BUDGET,,,0,0.0,0.668268968461985,3.090232306167813,False,True,True
PRIMARY,V5_WEAK_RELEVANCE,50087,4096,INSUFFICIENT_INFORMATION_BUDGET,,,0,0.0,0.8527095045456426,3.090232306167813,False,True,True
PRIMARY,V5_WEAK_RELEVANCE,50088,4096,INSUFFICIENT_INFORMATION_BUDGET,,,0,0.0,1.399490722798761,3.090232306167813,False,True,True
PRIMARY,V5_WEAK_RELEVANCE,50089,4096,INSUFFICIENT_INFORMATION_BUDGET,,,0,0.0,0.20850152341713116,3.090232306167813,False,True,True
PRIMARY,V5_WEAK_RELEVANCE,50090,4096,INSUFFICIENT_INFORMATION_BUDGET,,,0,0.0,1.8518112866325567,3.090232306167813,False,True,True
PRIMARY,V5_WEAK_RELEVANCE,50091,4096,INSUFFICIENT_INFORMATION_BUDGET,,,0,0.0,1.7052284818671617,3.090232306167813,False,True,True
PRIMARY,V5_WEAK_RELEVANCE,50092,4096,INSUFFICIENT_INFORMATION_BUDGET,,,0,0.0,0.8838549484028675,3.090232306167813,False,True,True
PRIMARY,V5_WEAK_RELEVANCE,50093,4096,INSUFFICIENT_INFORMATION_BUDGET,,,0,0.0,1.0593714222720085,3.090232306167813,False,True,True
PRIMARY,V5_WEAK_RELEVANCE,50094,4096,INSUFFICIENT_INFORMATION_BUDGET,,,0,0.0,1.4560714391930991,3.090232306167813,False,True,True
PRIMARY,V5_WEAK_RELEVANCE,50095,4096,INSUFFICIENT_INFORMATION_BUDGET,,,0,0.0,0.47123041058890525,3.090232306167813,False,True,True
PRIMARY,V5_WEAK_RELEVANCE,50096,4096,INSUFFICIENT_INFORMATION_BUDGET,,,0,0.0,0.7396811805518193,3.090232306167813,False,True,True
PRIMARY,V5_WEAK_RELEVANCE,50097,4096,INSUFFICIENT_INFORMATION_BUDGET,,,0,0.0,1.4244669415023794,3.090232306167813,False,True,True
PRIMARY,V5_WEAK_RELEVANCE,50098,4096,INSUFFICIENT_INFORMATION_BUDGET,,,0,0.0,1.0233362381167421,3.090232306167813,False,True,True
PRIMARY,V5_WEAK_RELEVANCE,50099,4096,INSUFFICIENT_INFORMATION_BUDGET,,,0,0.0,0.6476414771921472,3.090232306167813,False,True,True
PRIMARY,V5_WEAK_RELEVANCE,50100,4096,INSUFFICIENT_INFORMATION_BUDGET,,,0,0.0,0.7168726089962958,3.090232306167813,False,True,True
PRIMARY,V5_WEAK_RELEVANCE,50101,4096,INSUFFICIENT_INFORMATION_BUDGET,,,0,0.0,1.4150071455363884,3.090232306167813,False,True,True
PRIMARY,V5_WEAK_RELEVANCE,50102,4096,INSUFFICIENT_INFORMATION_BUDGET,,,0,0.0,0.9830017710015113,3.090232306167813,False,True,True
PRIMARY,V5_WEAK_RELEVANCE,50103,4096,INSUFFICIENT_INFORMATION_BUDGET,,,0,0.0,1.1303314398727886,3.090232306167813,False,True,True
PRIMARY,V5_WEAK_RELEVANCE,50104,4096,INSUFFICIENT_INFORMATION_BUDGET,,,0,0.0,1.627334766381019,3.090232306167813,False,True,True
PRIMARY,V5_WEAK_RELEVANCE,50105,4096,INSUFFICIENT_INFORMATION_BUDGET,,,0,0.0,0.8100683002352824,3.090232306167813,False,True,True
PRIMARY,V5_WEAK_RELEVANCE,50106,4096,INSUFFICIENT_INFORMATION_BUDGET,1.6149327143670615,0.2769714940852038,1,0.0,1.014935513466202,3.090232306167813,False,True,True
PRIMARY,V5_WEAK_RELEVANCE,50107,4096,INSUFFICIENT_INFORMATION_BUDGET,,,0,0.0,0.7992336059906985,3.090232306167813,False,True,True
PRIMARY,V5_WEAK_RELEVANCE,50108,4096,INSUFFICIENT_INFORMATION_BUDGET,,,0,0.0,2.639298724822674,3.090232306167813,False,True,True
PRIMARY,V5_WEAK_RELEVANCE,50109,4096,INSUFFICIENT_INFORMATION_BUDGET,,,0,0.0,0.3844378679651383,3.090232306167813,False,True,True
PRIMARY,V5_WEAK_RELEVANCE,50110,4096,INSUFFICIENT_INFORMATION_BUDGET,,,0,0.0,0.3519364033914406,3.090232306167813,False,True,True
PRIMARY,V5_WEAK_RELEVANCE,50111,4096,INSUFFICIENT_INFORMATION_BUDGET,,,0,0.0,1.3482131584362234,3.090232306167813,False,True,True
PRIMARY,V5_WEAK_RELEVANCE,50112,4096,INSUFFICIENT_INFORMATION_BUDGET,,,0,0.0,0.738828296530512,3.090232306167813,False,True,True
PRIMARY,V5_WEAK_RELEVANCE,50113,4096,INSUFFICIENT_INFORMATION_BUDGET,,,0,0.0,0.8783729000131467,3.090232306167813,False,True,True
PRIMARY,V5_WEAK_RELEVANCE,50114,4096,INSUFFICIENT_INFORMATION_BUDGET,,,0,0.0,0.8489993801904739,3.090232306167813,False,True,True
PRIMARY,V5_WEAK_RELEVANCE,50115,4096,INSUFFICIENT_INFORMATION_BUDGET,,,0,0.0,1.2322514645930638,3.090232306167813,False,True,True
PRIMARY,V5_WEAK_RELEVANCE,50116,4096,INSUFFICIENT_INFORMATION_BUDGET,,,0,0.0,0.783973039834673,3.090232306167813,False,True,True
PRIMARY,V5_WEAK_RELEVANCE,50117,4096,INSUFFICIENT_INFORMATION_BUDGET,,,0,0.0,0.16044310820268967,3.090232306167813,False,True,True
PRIMARY,V5_WEAK_RELEVANCE,50118,4096,INSUFFICIENT_INFORMATION_BUDGET,,,0,0.0,1.1883059314230533,3.090232306167813,False,True,True
PRIMARY,V5_WEAK_RELEVANCE,50119,4096,INSUFFICIENT_INFORMATION_BUDGET,,,0,0.0,2.178289446239775,3.090232306167813,False,True,True
PRIMARY,V5_WEAK_RELEVANCE,50120,4096,INSUFFICIENT_INFORMATION_BUDGET,,,0,0.0,0.535266328453301,3.090232306167813,False,True,True
PRIMARY,V5_WEAK_RELEVANCE,50121,4096,INSUFFICIENT_INFORMATION_BUDGET,,,0,0.0,0.643302853787972,3.090232306167813,False,True,True
PRIMARY,V5_WEAK_RELEVANCE,50122,4096,INSUFFICIENT_INFORMATION_BUDGET,,,0,0.0,0.970785139995719,3.090232306167813,False,True,True
PRIMARY,V5_WEAK_RELEVANCE,50123,4096,INSUFFICIENT_INFORMATION_BUDGET,,,0,0.0,1.429325854184569,3.090232306167813,False,True,True
PRIMARY,V5_WEAK_RELEVANCE,50124,4096,INSUFFICIENT_INFORMATION_BUDGET,,,0,0.0,0.7575864141769877,3.090232306167813,False,True,True
PRIMARY,V5_WEAK_RELEVANCE,50125,4096,INSUFFICIENT_INFORMATION_BUDGET,,,0,0.0,1.541444655912241,3.090232306167813,False,True,True
PRIMARY,V5_WEAK_RELEVANCE,50126,4096,INSUFFICIENT_INFORMATION_BUDGET,,,0,0.0,1.4980770750823664,3.090232306167813,False,True,True
PRIMARY,V5_WEAK_RELEVANCE,50127,4096,INSUFFICIENT_INFORMATION_BUDGET,,,0,0.0,0.946775492168982,3.090232306167813,False,True,True
PRIMARY,V6_COORDINATED_EXCLUSION,50000,4096,CAUSAL_CANDIDATE_UNDER_ASSUMPTIONS,1.315120829722993,0.01570906480181179,2,0.9489600781806342,0.9523917549036539,3.090232306167813,False,True,True
PRIMARY,V6_COORDINATED_EXCLUSION,50001,4096,CAUSAL_CANDIDATE_UNDER_ASSUMPTIONS,1.305924802045826,0.015888178657352633,2,0.9497770340711349,0.7112118371271303,3.090232306167813,False,True,True
PRIMARY,V6_COORDINATED_EXCLUSION,50002,4096,CAUSAL_CANDIDATE_UNDER_ASSUMPTIONS,1.3087086002626884,0.01599740699262899,2,1.2686948296666747,0.026269612996803984,3.090232306167813,False,True,True
PRIMARY,V6_COORDINATED_EXCLUSION,50003,4096,CAUSAL_CANDIDATE_UNDER_ASSUMPTIONS,1.3167549807041838,0.014898780018848128,2,0.5860152716513484,1.6093873614054695,3.090232306167813,False,True,True
PRIMARY,V6_COORDINATED_EXCLUSION,50004,4096,CAUSAL_CANDIDATE_UNDER_ASSUMPTIONS,1.2960849005234918,0.015293300171237811,2,0.12985438732925175,0.47835512892400434,3.090232306167813,False,True,True
PRIMARY,V6_COORDINATED_EXCLUSION,50005,4096,CAUSAL_CANDIDATE_UNDER_ASSUMPTIONS,1.30709600332201,0.015590473824693737,2,0.4053518829213746,0.4418773139172869,3.090232306167813,False,True,True
PRIMARY,V6_COORDINATED_EXCLUSION,50006,4096,CAUSAL_CANDIDATE_UNDER_ASSUMPTIONS,1.3060559880303981,0.016302982662200545,2,0.6236750052555473,0.8320078736280064,3.090232306167813,False,True,True
PRIMARY,V6_COORDINATED_EXCLUSION,50007,4096,CAUSAL_CANDIDATE_UNDER_ASSUMPTIONS,1.3012852695937063,0.016315948052400157,2,0.2103668616094969,1.9675385185520735,3.090232306167813,False,True,True
PRIMARY,V6_COORDINATED_EXCLUSION,50008,4096,CAUSAL_CANDIDATE_UNDER_ASSUMPTIONS,1.3279631056208663,0.01578770750784571,2,1.3619632728586941,0.5934914408808257,3.090232306167813,False,True,True
PRIMARY,V6_COORDINATED_EXCLUSION,50009,4096,CAUSAL_CANDIDATE_UNDER_ASSUMPTIONS,1.3235805025830816,0.015699114096692852,2,1.6084521191107743,2.374267027754244,3.090232306167813,False,True,True
PRIMARY,V6_COORDINATED_EXCLUSION,50010,4096,CAUSAL_CANDIDATE_UNDER_ASSUMPTIONS,1.3276426829433137,0.016347930582564743,2,1.0436291688410282,0.5823807616871342,3.090232306167813,False,True,True
PRIMARY,V6_COORDINATED_EXCLUSION,50011,4096,CAUSAL_CANDIDATE_UNDER_ASSUMPTIONS,1.3021428654948648,0.015099792103795319,2,0.5033420456506985,0.9178861934335084,3.090232306167813,False,True,True
PRIMARY,V6_COORDINATED_EXCLUSION,50012,4096,CAUSAL_CANDIDATE_UNDER_ASSUMPTIONS,1.279521646444549,0.01626443287201799,2,0.0020197016959840634,1.766302392366507,3.090232306167813,False,True,True
PRIMARY,V6_COORDINATED_EXCLUSION,50013,4096,CAUSAL_CANDIDATE_UNDER_ASSUMPTIONS,1.3189942407421282,0.015779424540550188,2,0.7141097107833241,0.9592514467243393,3.090232306167813,False,True,True
PRIMARY,V6_COORDINATED_EXCLUSION,50014,4096,CAUSAL_CANDIDATE_UNDER_ASSUMPTIONS,1.2924809628789502,0.016328498770675534,2,0.6900342664790206,0.3303882193728536,3.090232306167813,False,True,True
PRIMARY,V6_COORDINATED_EXCLUSION,50015,4096,CAUSAL_CANDIDATE_UNDER_ASSUMPTIONS,1.2911928665271986,0.015492363813352698,2,0.02384276680839926,1.4358519221277068,3.090232306167813,False,True,True
PRIMARY,V6_COORDINATED_EXCLUSION,50016,4096,CAUSAL_CANDIDATE_UNDER_ASSUMPTIONS,1.3004448866504112,0.015146041892137457,2,0.08548085644132997,1.4373451978034597,3.090232306167813,False,True,True
PRIMARY,V6_COORDINATED_EXCLUSION,50017,4096,CAUSAL_CANDIDATE_UNDER_ASSUMPTIONS,1.292532676207329,0.01658534567555026,2,0.9388550332176456,1.8554282854735642,3.090232306167813,False,True,True
PRIMARY,V6_COORDINATED_EXCLUSION,50018,4096,CAUSAL_CANDIDATE_UNDER_ASSUMPTIONS,1.2899685309938125,0.016336956238600518,2,0.46225803578733515,0.836904436683388,3.090232306167813,False,True,True
PRIMARY,V6_COORDINATED_EXCLUSION,50019,4096,CAUSAL_CANDIDATE_UNDER_ASSUMPTIONS,1.331212107947691,0.015299218937207803,2,0.7260342415130396,0.7205766515333955,3.090232306167813,False,True,True
PRIMARY,V6_COORDINATED_EXCLUSION,50020,4096,CAUSAL_CANDIDATE_UNDER_ASSUMPTIONS,1.3068558505412606,0.01629451155200381,2,1.0333608150583338,1.9073122656195018,3.090232306167813,False,True,True
PRIMARY,V6_COORDINATED_EXCLUSION,50021,4096,CAUSAL_CANDIDATE_UNDER_ASSUMPTIONS,1.2889798534746324,0.01637551789117192,2,0.3759604660919572,0.44763727610496606,3.090232306167813,False,True,True
PRIMARY,V6_COORDINATED_EXCLUSION,50022,4096,CAUSAL_CANDIDATE_UNDER_ASSUMPTIONS,1.2825003173897087,0.01587450181933533,2,1.0812957432719725,0.7863623600176028,3.090232306167813,False,True,True
PRIMARY,V6_COORDINATED_EXCLUSION,50023,4096,CAUSAL_CANDIDATE_UNDER_ASSUMPTIONS,1.2927265775411119,0.015765059141507026,2,0.33948911423466965,0.8039661616134756,3.090232306167813,False,True,True
PRIMARY,V6_COORDINATED_EXCLUSION,50024,4096,CAUSAL_CANDIDATE_UNDER_ASSUMPTIONS,1.3097935394124685,0.01583874626925903,2,0.5521615844202428,2.101871430724435,3.090232306167813,False,True,True
PRIMARY,V6_COORDINATED_EXCLUSION,50025,4096,CAUSAL_CANDIDATE_UNDER_ASSUMPTIONS,1.281311140753367,0.015783495010732142,2,0.3012046629795302,1.897301985332083,3.090232306167813,False,True,True
PRIMARY,V6_COORDINATED_EXCLUSION,50026,4096,CAUSAL_CANDIDATE_UNDER_ASSUMPTIONS,1.3025928905811508,0.015370414612770705,2,0.4482076375633412,0.8342573497298686,3.090232306167813,False,True,True
PRIMARY,V6_COORDINATED_EXCLUSION,50027,4096,CAUSAL_CANDIDATE_UNDER_ASSUMPTIONS,1.3082826319465302,0.01591962504727756,2,0.538292585126729,0.293273944939255,3.090232306167813,False,True,True
PRIMARY,V6_COORDINATED_EXCLUSION,50028,4096,CAUSAL_CANDIDATE_UNDER_ASSUMPTIONS,1.3159152377738454,0.015291794979412448,2,0.04521459148503955,2.63728792395311,3.090232306167813,False,True,True
PRIMARY,V6_COORDINATED_EXCLUSION,50029,4096,CAUSAL_CANDIDATE_UNDER_ASSUMPTIONS,1.2997604659709967,0.016261044156384102,2,0.5412055205422107,0.46777656989540206,3.090232306167813,False,True,True
PRIMARY,V6_COORDINATED_EXCLUSION,50030,4096,CAUSAL_CANDIDATE_UNDER_ASSUMPTIONS,1.3048043963907643,0.01617971663654962,2,1.5505541721176606,0.8742791637008955,3.090232306167813,False,True,True
PRIMARY,V6_COORDINATED_EXCLUSION,50031,4096,CAUSAL_CANDIDATE_UNDER_ASSUMPTIONS,1.3273020770401849,0.015324928891220805,2,2.2761500677022224,2.3987485154747796,3.090232306167813,False,True,True
PRIMARY,V6_COORDINATED_EXCLUSION,50032,4096,CAUSAL_CANDIDATE_UNDER_ASSUMPTIONS,1.294571581547725,0.015409774679889368,2,0.6548101145070041,1.0792775777303723,3.090232306167813,False,True,True
PRIMARY,V6_COORDINATED_EXCLUSION,50033,4096,CAUSAL_CANDIDATE_UNDER_ASSUMPTIONS,1.2717433222032977,0.01594418081636674,2,0.11947898692390709,2.2740852760265886,3.090232306167813,False,True,True
PRIMARY,V6_COORDINATED_EXCLUSION,50034,4096,CAUSAL_CANDIDATE_UNDER_ASSUMPTIONS,1.3147706550272802,0.016256191107598527,2,0.5511600579710572,1.1999951954094177,3.090232306167813,False,True,True
PRIMARY,V6_COORDINATED_EXCLUSION,50035,4096,CAUSAL_CANDIDATE_UNDER_ASSUMPTIONS,1.292222936759225,0.016646656724307738,2,1.2301270889074494,1.746797920997325,3.090232306167813,False,True,True
PRIMARY,V6_COORDINATED_EXCLUSION,50036,4096,CAUSAL_CANDIDATE_UNDER_ASSUMPTIONS,1.3082668786904288,0.015627146963899625,2,0.6560454863100204,0.8309986955099251,3.090232306167813,False,True,True
PRIMARY,V6_COORDINATED_EXCLUSION,50037,4096,CAUSAL_CANDIDATE_UNDER_ASSUMPTIONS,1.2796450993778952,0.01642518467119542,2,0.448956667987935,2.5083110486214957,3.090232306167813,False,True,True
PRIMARY,V6_COORDINATED_EXCLUSION,50038,4096,CAUSAL_CANDIDATE_UNDER_ASSUMPTIONS,1.3054943314848566,0.01599297918381723,2,0.0929340510916538,0.5067594468930083,3.090232306167813,False,True,True
PRIMARY,V6_COORDINATED_EXCLUSION,50039,4096,CAUSAL_CANDIDATE_UNDER_ASSUMPTIONS,1.270469372627549,0.016039557010530937,2,0.5829769649509122,1.3419402969914935,3.090232306167813,False,True,True
PRIMARY,V6_COORDINATED_EXCLUSION,50040,4096,CAUSAL_CANDIDATE_UNDER_ASSUMPTIONS,1.3062494470721815,0.015789436654420345,2,0.9563390295393523,0.6800471113068413,3.090232306167813,False,True,True
PRIMARY,V6_COORDINATED_EXCLUSION,50041,4096,CAUSAL_CANDIDATE_UNDER_ASSUMPTIONS,1.3015550540982515,0.01587257497678175,2,1.696466837283006,2.2352121512945757,3.090232306167813,False,True,True
PRIMARY,V6_COORDINATED_EXCLUSION,50042,4096,CAUSAL_CANDIDATE_UNDER_ASSUMPTIONS,1.299987074646792,0.01576811476161647,2,1.4725514799898276,1.2102295998414163,3.090232306167813,False,True,True
PRIMARY,V6_COORDINATED_EXCLUSION,50043,4096,CAUSAL_CANDIDATE_UNDER_ASSUMPTIONS,1.2883107429314309,0.015918209084511747,2,1.231807857754449,1.2437220772906257,3.090232306167813,False,True,True
PRIMARY,V6_COORDINATED_EXCLUSION,50044,4096,CAUSAL_CANDIDATE_UNDER_ASSUMPTIONS,1.2761593600869405,0.016278006481104414,2,0.5571650574098265,0.8937721316807892,3.090232306167813,False,True,True
PRIMARY,V6_COORDINATED_EXCLUSION,50045,4096,CAUSAL_CANDIDATE_UNDER_ASSUMPTIONS,1.3269924725319946,0.016364505428120197,2,2.655776295019807,1.002304963758169,3.090232306167813,False,True,True
PRIMARY,V6_COORDINATED_EXCLUSION,50046,4096,CAUSAL_CANDIDATE_UNDER_ASSUMPTIONS,1.3086487621777976,0.016781667284791257,2,2.436564538895337,2.7770533567876217,3.090232306167813,False,True,True
PRIMARY,V6_COORDINATED_EXCLUSION,50047,4096,CAUSAL_CANDIDATE_UNDER_ASSUMPTIONS,1.2820581565851195,0.015782603808662525,2,0.22588992067059363,0.46300717629524213,3.090232306167813,False,True,True
PRIMARY,V6_COORDINATED_EXCLUSION,50048,4096,CAUSAL_CANDIDATE_UNDER_ASSUMPTIONS,1.2613764684032138,0.016895733021494354,2,0.5466565344431321,1.8115623467763942,3.090232306167813,False,True,True
PRIMARY,V6_COORDINATED_EXCLUSION,50049,4096,CAUSAL_CANDIDATE_UNDER_ASSUMPTIONS,1.2913458203174482,0.01597894853205602,2,0.08702946329666011,0.17957521379692723,3.090232306167813,False,True,True
PRIMARY,V6_COORDINATED_EXCLUSION,50050,4096,CAUSAL_CANDIDATE_UNDER_ASSUMPTIONS,1.2939051215136173,0.01601244686076711,2,1.1214500294951808,0.24275612254447684,3.090232306167813,False,True,True
PRIMARY,V6_COORDINATED_EXCLUSION,50051,4096,CAUSAL_CANDIDATE_UNDER_ASSUMPTIONS,1.3272701754317526,0.016026266399404035,2,1.6764493906826192,2.700627428720808,3.090232306167813,False,True,True
PRIMARY,V6_COORDINATED_EXCLUSION,50052,4096,CAUSAL_CANDIDATE_UNDER_ASSUMPTIONS,1.310620243208467,0.01521086559484314,2,0.0379289112670776,1.5985709069612803,3.090232306167813,False,True,True
PRIMARY,V6_COORDINATED_EXCLUSION,50053,4096,CAUSAL_CANDIDATE_UNDER_ASSUMPTIONS,1.3101251487534435,0.015842016713039097,2,1.301451765469825,2.2977859112891075,3.090232306167813,False,True,True
PRIMARY,V6_COORDINATED_EXCLUSION,50054,4096,CAUSAL_CANDIDATE_UNDER_ASSUMPTIONS,1.2912660428971845,0.015320108411647201,2,1.4096034817300274,0.780989503283917,3.090232306167813,False,True,True
PRIMARY,V6_COORDINATED_EXCLUSION,50055,4096,CAUSAL_CANDIDATE_UNDER_ASSUMPTIONS,1.2994198337428717,0.016333957174739417,2,0.8980588457183747,1.0657052682553936,3.090232306167813,False,True,True
PRIMARY,V6_COORDINATED_EXCLUSION,50056,4096,CAUSAL_CANDIDATE_UNDER_ASSUMPTIONS,1.294953650636267,0.01610682531195902,2,0.5997909090123279,0.6984091802871498,3.090232306167813,False,True,True
PRIMARY,V6_COORDINATED_EXCLUSION,50057,4096,CAUSAL_CANDIDATE_UNDER_ASSUMPTIONS,1.2863516069956253,0.01573874638871434,2,0.7893043360991462,1.3732988796403969,3.090232306167813,False,True,True
PRIMARY,V6_COORDINATED_EXCLUSION,50058,4096,CAUSAL_CANDIDATE_UNDER_ASSUMPTIONS,1.2954030757215882,0.01608328502353899,2,0.15424086738569187,0.40417351805985424,3.090232306167813,False,True,True
PRIMARY,V6_COORDINATED_EXCLUSION,50059,4096,CAUSAL_CANDIDATE_UNDER_ASSUMPTIONS,1.3242544104648395,0.016169901017936392,2,0.4523705555424595,0.5552925172510584,3.090232306167813,False,True,True
PRIMARY,V6_COORDINATED_EXCLUSION,50060,4096,CAUSAL_CANDIDATE_UNDER_ASSUMPTIONS,1.2876113361510193,0.016239538973577723,2,0.007534851362703892,2.330112977711269,3.090232306167813,False,True,True
PRIMARY,V6_COORDINATED_EXCLUSION,50061,4096,CAUSAL_CANDIDATE_UNDER_ASSUMPTIONS,1.3339568822821752,0.015517605868378012,2,0.1965228573500771,1.9804463764559073,3.090232306167813,False,True,True
PRIMARY,V6_COORDINATED_EXCLUSION,50062,4096,CAUSAL_CANDIDATE_UNDER_ASSUMPTIONS,1.3018034189391703,0.01597508741068825,2,0.5761400019976524,0.4983765169492115,3.090232306167813,False,True,True
PRIMARY,V6_COORDINATED_EXCLUSION,50063,4096,CAUSAL_CANDIDATE_UNDER_ASSUMPTIONS,1.2716020101769352,0.016363521855829045,2,1.0752560270933464,1.8135987653879602,3.090232306167813,False,True,True
PRIMARY,V6_COORDINATED_EXCLUSION,50064,4096,CAUSAL_CANDIDATE_UNDER_ASSUMPTIONS,1.2791648470749881,0.016441938949012375,2,0.452440761429765,1.3012045894327084,3.090232306167813,False,True,True
PRIMARY,V6_COORDINATED_EXCLUSION,50065,4096,CAUSAL_CANDIDATE_UNDER_ASSUMPTIONS,1.3184838546587503,0.015810544551203096,2,1.292095152353792,1.3756722595023219,3.090232306167813,False,True,True
PRIMARY,V6_COORDINATED_EXCLUSION,50066,4096,CAUSAL_CANDIDATE_UNDER_ASSUMPTIONS,1.3018263404873907,0.016605430496641815,2,0.28899756835629786,1.1455161107507978,3.090232306167813,False,True,True
PRIMARY,V6_COORDINATED_EXCLUSION,50067,4096,CAUSAL_CANDIDATE_UNDER_ASSUMPTIONS,1.2808630075067242,0.015757174970841566,2,0.5028633595193439,1.0814153690774926,3.090232306167813,False,True,True
PRIMARY,V6_COORDINATED_EXCLUSION,50068,4096,CAUSAL_CANDIDATE_UNDER_ASSUMPTIONS,1.3078184012901088,0.015848696346675475,2,1.7216454401442873,1.1443466021242361,3.090232306167813,False,True,True
PRIMARY,V6_COORDINATED_EXCLUSION,50069,4096,CAUSAL_CANDIDATE_UNDER_ASSUMPTIONS,1.2811471649538615,0.015591687625998931,2,0.12872430026123863,2.3380798503125524,3.090232306167813,False,True,True
PRIMARY,V6_COORDINATED_EXCLUSION,50070,4096,CAUSAL_CANDIDATE_UNDER_ASSUMPTIONS,1.3007125749553836,0.0157655431539197,2,0.2895015846569954,0.6960227552635742,3.090232306167813,False,True,True
PRIMARY,V6_COORDINATED_EXCLUSION,50071,4096,CAUSAL_CANDIDATE_UNDER_ASSUMPTIONS,1.2846306002198904,0.015527842056559733,2,0.33111587426093786,0.1373340914567635,3.090232306167813,False,True,True
PRIMARY,V6_COORDINATED_EXCLUSION,50072,4096,CAUSAL_CANDIDATE_UNDER_ASSUMPTIONS,1.2855292494111212,0.016373776602984315,2,0.7273193655277869,1.1600395094322227,3.090232306167813,False,True,True
PRIMARY,V6_COORDINATED_EXCLUSION,50073,4096,CAUSAL_CANDIDATE_UNDER_ASSUMPTIONS,1.2956366072872973,0.01612187568782993,2,0.06048058457367479,0.6707860898761142,3.090232306167813,False,True,True
PRIMARY,V6_COORDINATED_EXCLUSION,50074,4096,CAUSAL_CANDIDATE_UNDER_ASSUMPTIONS,1.3045233533189278,0.01560409876523462,2,0.3885418614310809,1.560581523760029,3.090232306167813,False,True,True
PRIMARY,V6_COORDINATED_EXCLUSION,50075,4096,CAUSAL_CANDIDATE_UNDER_ASSUMPTIONS,1.2899046831114938,0.015670415483695556,2,0.833334152280203,0.08528772205377638,3.090232306167813,False,True,True
PRIMARY,V6_COORDINATED_EXCLUSION,50076,4096,CAUSAL_CANDIDATE_UNDER_ASSUMPTIONS,1.2976380166308474,0.01588425570590769,2,0.6385314636325247,1.5657791418173879,3.090232306167813,False,True,True
PRIMARY,V6_COORDINATED_EXCLUSION,50077,4096,CAUSAL_CANDIDATE_UNDER_ASSUMPTIONS,1.292541472336482,0.015361209387772197,2,0.8394727609688091,1.9053624329335426,3.090232306167813,False,True,True
PRIMARY,V6_COORDINATED_EXCLUSION,50078,4096,CAUSAL_CANDIDATE_UNDER_ASSUMPTIONS,1.3078612608442057,0.015580420561701187,2,0.7968334673853503,0.2569278169558081,3.090232306167813,False,True,True
PRIMARY,V6_COORDINATED_EXCLUSION,50079,4096,CAUSAL_CANDIDATE_UNDER_ASSUMPTIONS,1.297789804005225,0.015555262232500932,2,0.029188853039042242,1.2923541622300683,3.090232306167813,False,True,True
PRIMARY,V6_COORDINATED_EXCLUSION,50080,4096,CAUSAL_CANDIDATE_UNDER_ASSUMPTIONS,1.301128051045257,0.01545689661890508,2,1.9114367342345508,2.20618325309024,3.090232306167813,False,True,True
PRIMARY,V6_COORDINATED_EXCLUSION,50081,4096,CAUSAL_CANDIDATE_UNDER_ASSUMPTIONS,1.2985746637447575,0.016178467418602103,2,0.09139790157883576,2.278676677219311,3.090232306167813,False,True,True
PRIMARY,V6_COORDINATED_EXCLUSION,50082,4096,CAUSAL_CANDIDATE_UNDER_ASSUMPTIONS,1.2963100359254676,0.015726073947156027,2,0.1376079717728927,0.3029063547571752,3.090232306167813,False,True,True
PRIMARY,V6_COORDINATED_EXCLUSION,50083,4096,CAUSAL_CANDIDATE_UNDER_ASSUMPTIONS,1.3023326231384702,0.016313468719953945,2,0.8014212696806066,0.5389174393878785,3.090232306167813,False,True,True
PRIMARY,V6_COORDINATED_EXCLUSION,50084,4096,CAUSAL_CANDIDATE_UNDER_ASSUMPTIONS,1.3117363573835235,0.01604020110786744,2,0.06913440653527034,1.0652414015943386,3.090232306167813,False,True,True
PRIMARY,V6_COORDINATED_EXCLUSION,50085,4096,CAUSAL_CANDIDATE_UNDER_ASSUMPTIONS,1.3095697725071116,0.01614752900773561,2,0.36506454221688595,0.37688788108385735,3.090232306167813,False,True,True
PRIMARY,V6_COORDINATED_EXCLUSION,50086,4096,CAUSAL_CANDIDATE_UNDER_ASSUMPTIONS,1.3005682580198294,0.01578390094568039,2,1.042933076964295,0.668268968461985,3.090232306167813,False,True,True
PRIMARY,V6_COORDINATED_EXCLUSION,50087,4096,CAUSAL_CANDIDATE_UNDER_ASSUMPTIONS,1.3096879707135722,0.015448043165035568,2,0.34859385778063656,0.8527095045456426,3.090232306167813,False,True,True
PRIMARY,V6_COORDINATED_EXCLUSION,50088,4096,CAUSAL_CANDIDATE_UNDER_ASSUMPTIONS,1.295868688943228,0.016225415988592024,2,0.4925671785671697,1.399490722798761,3.090232306167813,False,True,True
PRIMARY,V6_COORDINATED_EXCLUSION,50089,4096,CAUSAL_CANDIDATE_UNDER_ASSUMPTIONS,1.2899353288177127,0.015839400327755885,2,0.7017308313495109,0.20850152341713116,3.090232306167813,False,True,True
PRIMARY,V6_COORDINATED_EXCLUSION,50090,4096,CAUSAL_CANDIDATE_UNDER_ASSUMPTIONS,1.310175932273162,0.014835900046935883,2,0.46700934320885995,1.8518112866325567,3.090232306167813,False,True,True
PRIMARY,V6_COORDINATED_EXCLUSION,50091,4096,CAUSAL_CANDIDATE_UNDER_ASSUMPTIONS,1.3054340127605548,0.016157169650939805,2,1.5768960003922161,1.7052284818671617,3.090232306167813,False,True,True
PRIMARY,V6_COORDINATED_EXCLUSION,50092,4096,CAUSAL_CANDIDATE_UNDER_ASSUMPTIONS,1.2786463831491772,0.016024572699446096,2,1.1887528809257912,0.8838549484028675,3.090232306167813,False,True,True
PRIMARY,V6_COORDINATED_EXCLUSION,50093,4096,CAUSAL_CANDIDATE_UNDER_ASSUMPTIONS,1.2822014052544122,0.016191560224936986,2,0.8549399588411101,1.0593714222720085,3.090232306167813,False,True,True
PRIMARY,V6_COORDINATED_EXCLUSION,50094,4096,CAUSAL_CANDIDATE_UNDER_ASSUMPTIONS,1.3039134832406067,0.01577730472600985,2,0.3607439809523292,1.4560714391930991,3.090232306167813,False,True,True
PRIMARY,V6_COORDINATED_EXCLUSION,50095,4096,CAUSAL_CANDIDATE_UNDER_ASSUMPTIONS,1.2934011069875078,0.015698949110952497,2,0.5543599077046729,0.47123041058890525,3.090232306167813,False,True,True
PRIMARY,V6_COORDINATED_EXCLUSION,50096,4096,CAUSAL_CANDIDATE_UNDER_ASSUMPTIONS,1.3044118940944038,0.01562858053226114,2,0.4384153789577178,0.7396811805518193,3.090232306167813,False,True,True
PRIMARY,V6_COORDINATED_EXCLUSION,50097,4096,CAUSAL_CANDIDATE_UNDER_ASSUMPTIONS,1.291042159023232,0.015394159600994486,2,0.7939904735324184,1.4244669415023794,3.090232306167813,False,True,True
PRIMARY,V6_COORDINATED_EXCLUSION,50098,4096,CAUSAL_CANDIDATE_UNDER_ASSUMPTIONS,1.2919768258840434,0.015411168299998258,2,0.29198949235283045,1.0233362381167421,3.090232306167813,False,True,True
PRIMARY,V6_COORDINATED_EXCLUSION,50099,4096,CAUSAL_CANDIDATE_UNDER_ASSUMPTIONS,1.3264915392103298,0.015798186619228567,2,0.7489966086970875,0.6476414771921472,3.090232306167813,False,True,True
PRIMARY,V6_COORDINATED_EXCLUSION,50100,4096,CAUSAL_CANDIDATE_UNDER_ASSUMPTIONS,1.3068584224403033,0.016083355833493553,2,0.989372996710928,0.7168726089962958,3.090232306167813,False,True,True
PRIMARY,V6_COORDINATED_EXCLUSION,50101,4096,CAUSAL_CANDIDATE_UNDER_ASSUMPTIONS,1.3032913600578593,0.01658474132120701,2,0.11527130568651518,1.4150071455363884,3.090232306167813,False,True,True
PRIMARY,V6_COORDINATED_EXCLUSION,50102,4096,CAUSAL_CANDIDATE_UNDER_ASSUMPTIONS,1.3057082444597454,0.016182859363881356,2,0.23382746013451786,0.9830017710015113,3.090232306167813,False,True,True
PRIMARY,V6_COORDINATED_EXCLUSION,50103,4096,CAUSAL_CANDIDATE_UNDER_ASSUMPTIONS,1.2867785606091426,0.015793244625334442,2,0.8139104409798462,1.1303314398727886,3.090232306167813,False,True,True
PRIMARY,V6_COORDINATED_EXCLUSION,50104,4096,CAUSAL_CANDIDATE_UNDER_ASSUMPTIONS,1.302588441420251,0.01638200966525639,2,0.5001577644775638,1.627334766381019,3.090232306167813,False,True,True
PRIMARY,V6_COORDINATED_EXCLUSION,50105,4096,CAUSAL_CANDIDATE_UNDER_ASSUMPTIONS,1.2965795352686835,0.01620836418324177,2,0.6236799700278907,0.8100683002352824,3.090232306167813,False,True,True
PRIMARY,V6_COORDINATED_EXCLUSION,50106,4096,CAUSAL_CANDIDATE_UNDER_ASSUMPTIONS,1.3118525397184546,0.015390177115405948,2,1.183455229259162,1.014935513466202,3.090232306167813,False,True,True
PRIMARY,V6_COORDINATED_EXCLUSION,50107,4096,CAUSAL_CANDIDATE_UNDER_ASSUMPTIONS,1.2998541497850407,0.015770676537704833,2,2.103023501952519,0.7992336059906985,3.090232306167813,False,True,True
PRIMARY,V6_COORDINATED_EXCLUSION,50108,4096,CAUSAL_CANDIDATE_UNDER_ASSUMPTIONS,1.345351610399577,0.014918047698111508,2,2.16898703932382,2.639298724822674,3.090232306167813,False,True,True
PRIMARY,V6_COORDINATED_EXCLUSION,50109,4096,CAUSAL_CANDIDATE_UNDER_ASSUMPTIONS,1.2757496187766448,0.015558178450302291,2,0.7466668784587467,0.3844378679651383,3.090232306167813,False,True,True
PRIMARY,V6_COORDINATED_EXCLUSION,50110,4096,CAUSAL_CANDIDATE_UNDER_ASSUMPTIONS,1.2928330663734828,0.016047694754503013,2,0.06526598388986342,0.3519364033914406,3.090232306167813,False,True,True
PRIMARY,V6_COORDINATED_EXCLUSION,50111,4096,CAUSAL_CANDIDATE_UNDER_ASSUMPTIONS,1.3085061433786862,0.015925080945926696,2,0.116853503340599,1.3482131584362234,3.090232306167813,False,True,True
PRIMARY,V6_COORDINATED_EXCLUSION,50112,4096,CAUSAL_CANDIDATE_UNDER_ASSUMPTIONS,1.3012740886888843,0.01600142721171075,2,0.8971125123521629,0.738828296530512,3.090232306167813,False,True,True
PRIMARY,V6_COORDINATED_EXCLUSION,50113,4096,CAUSAL_CANDIDATE_UNDER_ASSUMPTIONS,1.2899436557856836,0.01590647046527104,2,0.46248716152797975,0.8783729000131467,3.090232306167813,False,True,True
PRIMARY,V6_COORDINATED_EXCLUSION,50114,4096,CAUSAL_CANDIDATE_UNDER_ASSUMPTIONS,1.3142154170099665,0.016081898228620294,2,0.3605755411452607,0.8489993801904739,3.090232306167813,False,True,True
PRIMARY,V6_COORDINATED_EXCLUSION,50115,4096,CAUSAL_CANDIDATE_UNDER_ASSUMPTIONS,1.313737525565733,0.015964978130152067,2,0.5292833655257193,1.2322514645930638,3.090232306167813,False,True,True
PRIMARY,V6_COORDINATED_EXCLUSION,50116,4096,CAUSAL_CANDIDATE_UNDER_ASSUMPTIONS,1.2887055624642583,0.015620294124272847,2,0.4594039805063759,0.783973039834673,3.090232306167813,False,True,True
PRIMARY,V6_COORDINATED_EXCLUSION,50117,4096,CAUSAL_CANDIDATE_UNDER_ASSUMPTIONS,1.2765753274412641,0.016404495237971356,2,0.7748073967912911,0.16044310820268967,3.090232306167813,False,True,True
PRIMARY,V6_COORDINATED_EXCLUSION,50118,4096,CAUSAL_CANDIDATE_UNDER_ASSUMPTIONS,1.3266655091879989,0.015716351516097713,2,0.8250762112851145,1.1883059314230533,3.090232306167813,False,True,True
PRIMARY,V6_COORDINATED_EXCLUSION,50119,4096,CAUSAL_CANDIDATE_UNDER_ASSUMPTIONS,1.2793027463512814,0.015831814127246217,2,0.17655204418335527,2.178289446239775,3.090232306167813,False,True,True
PRIMARY,V6_COORDINATED_EXCLUSION,50120,4096,CAUSAL_CANDIDATE_UNDER_ASSUMPTIONS,1.3103354194485335,0.015943568460103374,2,0.7175430159620989,0.535266328453301,3.090232306167813,False,True,True
PRIMARY,V6_COORDINATED_EXCLUSION,50121,4096,CAUSAL_CANDIDATE_UNDER_ASSUMPTIONS,1.3002984200336063,0.01600600781399137,2,0.9678729320073551,0.643302853787972,3.090232306167813,False,True,True
PRIMARY,V6_COORDINATED_EXCLUSION,50122,4096,CAUSAL_CANDIDATE_UNDER_ASSUMPTIONS,1.2613722007189236,0.016251725999724236,2,2.1587290407690745,0.970785139995719,3.090232306167813,False,True,True
PRIMARY,V6_COORDINATED_EXCLUSION,50123,4096,CAUSAL_CANDIDATE_UNDER_ASSUMPTIONS,1.3017592190997571,0.016150208002749505,2,1.087879435480115,1.429325854184569,3.090232306167813,False,True,True
PRIMARY,V6_COORDINATED_EXCLUSION,50124,4096,CAUSAL_CANDIDATE_UNDER_ASSUMPTIONS,1.281770087453712,0.016268470755771737,2,1.3889464711013004,0.7575864141769877,3.090232306167813,False,True,True
PRIMARY,V6_COORDINATED_EXCLUSION,50125,4096,CAUSAL_CANDIDATE_UNDER_ASSUMPTIONS,1.3049692885439657,0.015939853998959953,2,0.3498437151637382,1.541444655912241,3.090232306167813,False,True,True
PRIMARY,V6_COORDINATED_EXCLUSION,50126,4096,CAUSAL_CANDIDATE_UNDER_ASSUMPTIONS,1.2820402115880944,0.015829128766793182,2,0.4881037193109259,1.4980770750823664,3.090232306167813,False,True,True
PRIMARY,V6_COORDINATED_EXCLUSION,50127,4096,CAUSAL_CANDIDATE_UNDER_ASSUMPTIONS,1.3074785426825264,0.01661301841198915,2,0.202069487494022,0.946775492168982,3.090232306167813,False,True,True
PRIMARY,V7_LABEL_CORRUPTION,50000,4096,CAUSAL_CANDIDATE_UNDER_ASSUMPTIONS,0.7649682839370355,0.04079750351416921,2,1.120478949132276,0.7065868718462188,3.090232306167813,False,True,True
PRIMARY,V7_LABEL_CORRUPTION,50001,4096,CAUSAL_CANDIDATE_UNDER_ASSUMPTIONS,0.8208277473232757,0.039105631627704224,2,0.7812420437404315,0.8001173366318513,3.090232306167813,False,True,True
PRIMARY,V7_LABEL_CORRUPTION,50002,4096,CAUSAL_CANDIDATE_UNDER_ASSUMPTIONS,0.772495423283594,0.040590570597678954,2,2.0866956218287895,1.812332723863478,3.090232306167813,False,True,True
PRIMARY,V7_LABEL_CORRUPTION,50003,4096,CAUSAL_CANDIDATE_UNDER_ASSUMPTIONS,0.8472979477398899,0.03857243682031877,2,0.7966115179671318,1.0239509860119458,3.090232306167813,False,True,True
PRIMARY,V7_LABEL_CORRUPTION,50004,4096,CAUSAL_CANDIDATE_UNDER_ASSUMPTIONS,0.7939854808295072,0.03876511346737472,2,0.7323971711416434,1.038960557707815,3.090232306167813,False,True,True
PRIMARY,V7_LABEL_CORRUPTION,50005,4096,CAUSAL_CANDIDATE_UNDER_ASSUMPTIONS,0.8176505689288676,0.03866921258303957,2,0.584359439973996,0.41307806751612625,3.090232306167813,False,True,True
PRIMARY,V7_LABEL_CORRUPTION,50006,4096,CAUSAL_CANDIDATE_UNDER_ASSUMPTIONS,0.7239291954527695,0.04486814784562161,2,0.2576578770899595,1.6811280904464552,3.090232306167813,False,True,True
PRIMARY,V7_LABEL_CORRUPTION,50007,4096,CAUSAL_CANDIDATE_UNDER_ASSUMPTIONS,0.7505789886034766,0.040055190960933046,2,0.837380492068223,1.6467876044166363,3.090232306167813,False,True,True
PRIMARY,V7_LABEL_CORRUPTION,50008,4096,CAUSAL_CANDIDATE_UNDER_ASSUMPTIONS,0.8675161512151324,0.03724171896649664,2,0.6153003717160302,0.5456834094769352,3.090232306167813,False,True,True
PRIMARY,V7_LABEL_CORRUPTION,50009,4096,CAUSAL_CANDIDATE_UNDER_ASSUMPTIONS,0.8584477019795491,0.037404619298598424,2,1.1006716641762153,2.3802851717613285,3.090232306167813,False,True,True
PRIMARY,V7_LABEL_CORRUPTION,50010,4096,CAUSAL_CANDIDATE_UNDER_ASSUMPTIONS,0.858127012430314,0.040173144071443415,2,1.1236430113352052,1.2615707943494014,3.090232306167813,False,True,True
PRIMARY,V7_LABEL_CORRUPTION,50011,4096,CAUSAL_CANDIDATE_UNDER_ASSUMPTIONS,0.8014999319940358,0.03672385608290845,2,0.4580925563783806,0.43631546225928913,3.090232306167813,False,True,True
PRIMARY,V7_LABEL_CORRUPTION,50012,4096,CAUSAL_CANDIDATE_UNDER_ASSUMPTIONS,0.7451894862903785,0.04000726707339118,2,0.5319292044056521,0.590537651599252,3.090232306167813,False,True,True
PRIMARY,V7_LABEL_CORRUPTION,50013,4096,CAUSAL_CANDIDATE_UNDER_ASSUMPTIONS,0.7520636376144151,0.04053611959726451,2,0.49809850668446093,1.4370535575603962,3.090232306167813,False,True,True
PRIMARY,V7_LABEL_CORRUPTION,50014,4096,CAUSAL_CANDIDATE_UNDER_ASSUMPTIONS,0.787959542413788,0.04029677701394294,2,0.9228458451573922,0.13914383650423662,3.090232306167813,False,True,True
PRIMARY,V7_LABEL_CORRUPTION,50015,4096,CAUSAL_CANDIDATE_UNDER_ASSUMPTIONS,0.8099387215267783,0.036176360021273314,2,0.6398066410283028,0.76686123222939,3.090232306167813,False,True,True
PRIMARY,V7_LABEL_CORRUPTION,50016,4096,CAUSAL_CANDIDATE_UNDER_ASSUMPTIONS,0.7826173747504523,0.0392048120346073,2,0.3175239477393077,0.5382686528254947,3.090232306167813,False,True,True
PRIMARY,V7_LABEL_CORRUPTION,50017,4096,CAUSAL_CANDIDATE_UNDER_ASSUMPTIONS,0.7738840352098194,0.03951249655846591,2,0.5730929041494303,0.6897119007795112,3.090232306167813,False,True,True
PRIMARY,V7_LABEL_CORRUPTION,50018,4096,CAUSAL_CANDIDATE_UNDER_ASSUMPTIONS,0.8011071183811929,0.04111823071815269,2,0.5720710616774694,0.6293110829312323,3.090232306167813,False,True,True
PRIMARY,V7_LABEL_CORRUPTION,50019,4096,CAUSAL_CANDIDATE_UNDER_ASSUMPTIONS,0.8264656504910165,0.0370210206792139,2,0.3543870363418112,0.8944043004125636,3.090232306167813,False,True,True
PRIMARY,V7_LABEL_CORRUPTION,50020,4096,CAUSAL_CANDIDATE_UNDER_ASSUMPTIONS,0.7779392167394282,0.04052156482175436,2,0.5874052283911201,0.32489723398068204,3.090232306167813,False,True,True
PRIMARY,V7_LABEL_CORRUPTION,50021,4096,CAUSAL_CANDIDATE_UNDER_ASSUMPTIONS,0.7749832552045395,0.04401370670076447,2,0.940155572989793,0.9537787402708399,3.090232306167813,False,True,True
PRIMARY,V7_LABEL_CORRUPTION,50022,4096,CAUSAL_CANDIDATE_UNDER_ASSUMPTIONS,0.7984339527179196,0.039562665167743656,2,0.3274108664542281,0.45595555981977903,3.090232306167813,False,True,True
PRIMARY,V7_LABEL_CORRUPTION,50023,4096,CAUSAL_CANDIDATE_UNDER_ASSUMPTIONS,0.7726377046490318,0.04129627267053138,2,0.9953062398137219,0.914809806465079,3.090232306167813,False,True,True
PRIMARY,V7_LABEL_CORRUPTION,50024,4096,CAUSAL_CANDIDATE_UNDER_ASSUMPTIONS,0.8124540276329112,0.038525573525890325,2,0.5273757899752132,0.9515817596867246,3.090232306167813,False,True,True
PRIMARY,V7_LABEL_CORRUPTION,50025,4096,CAUSAL_CANDIDATE_UNDER_ASSUMPTIONS,0.7597113055504952,0.03882656605226637,2,0.49026078673856993,0.884522302316772,3.090232306167813,False,True,True
PRIMARY,V7_LABEL_CORRUPTION,50026,4096,CAUSAL_CANDIDATE_UNDER_ASSUMPTIONS,0.831453464902851,0.036322227454623914,2,0.02987908207160025,0.7074194936243831,3.090232306167813,False,True,True
PRIMARY,V7_LABEL_CORRUPTION,50027,4096,CAUSAL_CANDIDATE_UNDER_ASSUMPTIONS,0.8115497163799533,0.04075659808227739,2,1.2077372040348566,2.3604975522574785,3.090232306167813,False,True,True
PRIMARY,V7_LABEL_CORRUPTION,50028,4096,CAUSAL_CANDIDATE_UNDER_ASSUMPTIONS,0.8408199205509989,0.037631678366356384,2,0.8031477677551286,1.2790388395199177,3.090232306167813,False,True,True
PRIMARY,V7_LABEL_CORRUPTION,50029,4096,CAUSAL_CANDIDATE_UNDER_ASSUMPTIONS,0.7973803029966617,0.040893275695621394,2,0.3279163617823563,0.26346360963595106,3.090232306167813,False,True,True
PRIMARY,V7_LABEL_CORRUPTION,50030,4096,CAUSAL_CANDIDATE_UNDER_ASSUMPTIONS,0.7859358960009265,0.03982295040233714,2,1.4299685099504724,1.4751987086218892,3.090232306167813,False,True,True
PRIMARY,V7_LABEL_CORRUPTION,50031,4096,CAUSAL_CANDIDATE_UNDER_ASSUMPTIONS,0.8750169485923747,0.03780565905242764,2,0.9208517610314234,2.084446798545339,3.090232306167813,False,True,True
PRIMARY,V7_LABEL_CORRUPTION,50032,4096,CAUSAL_CANDIDATE_UNDER_ASSUMPTIONS,0.8578074235378382,0.0361531299327123,2,1.0208573898082738,0.903683819039483,3.090232306167813,False,True,True
PRIMARY,V7_LABEL_CORRUPTION,50033,4096,CAUSAL_CANDIDATE_UNDER_ASSUMPTIONS,0.7385347288154833,0.04176538237469676,2,0.866409024374327,2.571659817335221,3.090232306167813,False,True,True
PRIMARY,V7_LABEL_CORRUPTION,50034,4096,CAUSAL_CANDIDATE_UNDER_ASSUMPTIONS,0.7745882671248322,0.038361405728351096,2,0.06308187017680049,0.8995952260072272,3.090232306167813,False,True,True
PRIMARY,V7_LABEL_CORRUPTION,50035,4096,CAUSAL_CANDIDATE_UNDER_ASSUMPTIONS,0.7855293741472129,0.04150860218928491,2,1.0574780866901032,0.8882756170672637,3.090232306167813,False,True,True
PRIMARY,V7_LABEL_CORRUPTION,50036,4096,CAUSAL_CANDIDATE_UNDER_ASSUMPTIONS,0.8147019763700811,0.03871172458050843,2,0.6182831453604706,0.4953052879233952,3.090232306167813,False,True,True
PRIMARY,V7_LABEL_CORRUPTION,50037,4096,CAUSAL_CANDIDATE_UNDER_ASSUMPTIONS,0.8254232722113564,0.03591469668671503,2,1.4589535410964192,0.7403088719318034,3.090232306167813,False,True,True
PRIMARY,V7_LABEL_CORRUPTION,50038,4096,CAUSAL_CANDIDATE_UNDER_ASSUMPTIONS,0.7857447083557761,0.04359182852934794,2,0.5802221300948451,1.4610919825227022,3.090232306167813,False,True,True
PRIMARY,V7_LABEL_CORRUPTION,50039,4096,CAUSAL_CANDIDATE_UNDER_ASSUMPTIONS,0.7324683751315405,0.03855799870343626,2,1.2718472989324625,1.5577338719403118,3.090232306167813,False,True,True
PRIMARY,V7_LABEL_CORRUPTION,50040,4096,CAUSAL_CANDIDATE_UNDER_ASSUMPTIONS,0.8214640559326124,0.038230278476136796,2,0.6865086244660433,1.7196658852297773,3.090232306167813,False,True,True
PRIMARY,V7_LABEL_CORRUPTION,50041,4096,CAUSAL_CANDIDATE_UNDER_ASSUMPTIONS,0.75731372553161,0.04237912490967531,2,2.820440542500216,2.2196573484500264,3.090232306167813,False,True,True
PRIMARY,V7_LABEL_CORRUPTION,50042,4096,CAUSAL_CANDIDATE_UNDER_ASSUMPTIONS,0.8483936569361776,0.035586459261183874,2,2.10318490548205,2.14983545760487,3.090232306167813,False,True,True
PRIMARY,V7_LABEL_CORRUPTION,50043,4096,CAUSAL_CANDIDATE_UNDER_ASSUMPTIONS,0.7939177686216361,0.03987988891392488,2,1.2294122536161896,1.3215865995250098,3.090232306167813,False,True,True
PRIMARY,V7_LABEL_CORRUPTION,50044,4096,CAUSAL_CANDIDATE_UNDER_ASSUMPTIONS,0.7359599785278447,0.04655736599224559,2,0.6007637108810117,1.2119433154547756,3.090232306167813,False,True,True
PRIMARY,V7_LABEL_CORRUPTION,50045,4096,CAUSAL_CANDIDATE_UNDER_ASSUMPTIONS,0.8422406520298552,0.03854230172368704,2,0.008066294445504902,0.9544239755334439,3.090232306167813,False,True,True
PRIMARY,V7_LABEL_CORRUPTION,50046,4096,CAUSAL_CANDIDATE_UNDER_ASSUMPTIONS,0.7413298899534065,0.04301774928988771,2,0.6957005826219901,2.371640207887786,3.090232306167813,False,True,True
PRIMARY,V7_LABEL_CORRUPTION,50047,4096,CAUSAL_CANDIDATE_UNDER_ASSUMPTIONS,0.8349825901218384,0.03866369172015163,2,1.1116327035366567,0.6565350340652312,3.090232306167813,False,True,True
PRIMARY,V7_LABEL_CORRUPTION,50048,4096,CAUSAL_CANDIDATE_UNDER_ASSUMPTIONS,0.7612934461174564,0.0418977003037354,2,1.2907267745796887,1.7429266829585957,3.090232306167813,False,True,True
PRIMARY,V7_LABEL_CORRUPTION,50049,4096,CAUSAL_CANDIDATE_UNDER_ASSUMPTIONS,0.8292777946926218,0.03770144872238892,2,0.09222390451340168,0.7350605580406882,3.090232306167813,False,True,True
PRIMARY,V7_LABEL_CORRUPTION,50050,4096,CAUSAL_CANDIDATE_UNDER_ASSUMPTIONS,0.8214631173202932,0.037252219582519085,2,0.746829970582079,0.42906377938437096,3.090232306167813,False,True,True
PRIMARY,V7_LABEL_CORRUPTION,50051,4096,CAUSAL_CANDIDATE_UNDER_ASSUMPTIONS,0.7772628138104722,0.03751209904598103,2,0.5323294228117809,1.5052789840687872,3.090232306167813,False,True,True
PRIMARY,V7_LABEL_CORRUPTION,50052,4096,CAUSAL_CANDIDATE_UNDER_ASSUMPTIONS,0.841391968186072,0.03600072101178061,2,1.3251992977712463,1.55447018863547,3.090232306167813,False,True,True
PRIMARY,V7_LABEL_CORRUPTION,50053,4096,CAUSAL_CANDIDATE_UNDER_ASSUMPTIONS,0.7501541307777696,0.04140141868212013,2,0.45199278581035834,0.9432505023035591,3.090232306167813,False,True,True
PRIMARY,V7_LABEL_CORRUPTION,50054,4096,CAUSAL_CANDIDATE_UNDER_ASSUMPTIONS,0.7942973154229405,0.036902696603669426,2,1.2260779391732615,0.6719780583701266,3.090232306167813,False,True,True
PRIMARY,V7_LABEL_CORRUPTION,50055,4096,CAUSAL_CANDIDATE_UNDER_ASSUMPTIONS,0.7941507111718639,0.04099251273634266,2,0.46111550643939114,1.3425227861745948,3.090232306167813,False,True,True
PRIMARY,V7_LABEL_CORRUPTION,50056,4096,CAUSAL_CANDIDATE_UNDER_ASSUMPTIONS,0.7831510992810709,0.04013068874890752,2,0.8441838179845842,0.431375333159931,3.090232306167813,False,True,True
PRIMARY,V7_LABEL_CORRUPTION,50057,4096,CAUSAL_CANDIDATE_UNDER_ASSUMPTIONS,0.8118849571764913,0.03876210261374741,2,0.897507577158816,1.0938289311767262,3.090232306167813,False,True,True
PRIMARY,V7_LABEL_CORRUPTION,50058,4096,CAUSAL_CANDIDATE_UNDER_ASSUMPTIONS,0.7974739010635465,0.039415274642816085,2,0.30311758199143296,0.21257903704170591,3.090232306167813,False,True,True
PRIMARY,V7_LABEL_CORRUPTION,50059,4096,CAUSAL_CANDIDATE_UNDER_ASSUMPTIONS,0.8907377486205668,0.03793684127832253,2,0.9281546598653462,1.8205099834856273,3.090232306167813,False,True,True
PRIMARY,V7_LABEL_CORRUPTION,50060,4096,CAUSAL_CANDIDATE_UNDER_ASSUMPTIONS,0.787369426236628,0.03938209282954796,2,1.63953692474576,0.5850403206611987,3.090232306167813,False,True,True
PRIMARY,V7_LABEL_CORRUPTION,50061,4096,CAUSAL_CANDIDATE_UNDER_ASSUMPTIONS,0.8368835441451187,0.03525216329982716,2,0.4213273148388748,1.3286521502667177,3.090232306167813,False,True,True
PRIMARY,V7_LABEL_CORRUPTION,50062,4096,CAUSAL_CANDIDATE_UNDER_ASSUMPTIONS,0.7419231084019199,0.03958446282373392,2,0.22647260935432376,1.2701407851475441,3.090232306167813,False,True,True
PRIMARY,V7_LABEL_CORRUPTION,50063,4096,CAUSAL_CANDIDATE_UNDER_ASSUMPTIONS,0.7634979891797747,0.04009286446904083,2,1.1868528475393236,0.8251612250263868,3.090232306167813,False,True,True
PRIMARY,V7_LABEL_CORRUPTION,50064,4096,CAUSAL_CANDIDATE_UNDER_ASSUMPTIONS,0.7711723032698612,0.04249996090883313,2,1.4434798715485864,2.393664277325058,3.090232306167813,False,True,True
PRIMARY,V7_LABEL_CORRUPTION,50065,4096,CAUSAL_CANDIDATE_UNDER_ASSUMPTIONS,0.7977490290872995,0.03905952494438056,2,0.8341412013748987,0.3840454252930446,3.090232306167813,False,True,True
PRIMARY,V7_LABEL_CORRUPTION,50066,4096,CAUSAL_CANDIDATE_UNDER_ASSUMPTIONS,0.8165150556538547,0.03946603745339777,2,1.7005731619478472,2.3912890117950565,3.090232306167813,False,True,True
PRIMARY,V7_LABEL_CORRUPTION,50067,4096,CAUSAL_CANDIDATE_UNDER_ASSUMPTIONS,0.7006216472547154,0.04336368629766272,2,1.4695242357474645,2.0100157189041843,3.090232306167813,False,True,True
PRIMARY,V7_LABEL_CORRUPTION,50068,4096,CAUSAL_CANDIDATE_UNDER_ASSUMPTIONS,0.7769307884901968,0.03961391419861031,2,1.4150255165989156,0.7824730039876048,3.090232306167813,False,True,True
PRIMARY,V7_LABEL_CORRUPTION,50069,4096,CAUSAL_CANDIDATE_UNDER_ASSUMPTIONS,0.7780321425637363,0.03967153410704804,2,1.5816869588381655,1.6412419533662173,3.090232306167813,False,True,True
PRIMARY,V7_LABEL_CORRUPTION,50070,4096,CAUSAL_CANDIDATE_UNDER_ASSUMPTIONS,0.7941492344823893,0.03745348441323769,2,0.3854929453745711,1.1570249132563248,3.090232306167813,False,True,True
PRIMARY,V7_LABEL_CORRUPTION,50071,4096,CAUSAL_CANDIDATE_UNDER_ASSUMPTIONS,0.7045324999766419,0.04582285570620149,2,0.05182382973430722,2.767347471443366,3.090232306167813,False,True,True
PRIMARY,V7_LABEL_CORRUPTION,50072,4096,CAUSAL_CANDIDATE_UNDER_ASSUMPTIONS,0.7408982125618326,0.03883717087648819,2,0.2984519344603722,0.7116725018663664,3.090232306167813,False,True,True
PRIMARY,V7_LABEL_CORRUPTION,50073,4096,CAUSAL_CANDIDATE_UNDER_ASSUMPTIONS,0.7885895975790531,0.03804387478680726,2,1.379763834830677,0.9443643346478459,3.090232306167813,False,True,True
PRIMARY,V7_LABEL_CORRUPTION,50074,4096,CAUSAL_CANDIDATE_UNDER_ASSUMPTIONS,0.8116740473014854,0.03925259800967137,2,1.1091123535660146,1.650663314244949,3.090232306167813,False,True,True
PRIMARY,V7_LABEL_CORRUPTION,50075,4096,CAUSAL_CANDIDATE_UNDER_ASSUMPTIONS,0.8464178329914016,0.03682971402874267,2,0.20652140131517835,1.086953457257903,3.090232306167813,False,True,True
PRIMARY,V7_LABEL_CORRUPTION,50076,4096,CAUSAL_CANDIDATE_UNDER_ASSUMPTIONS,0.7964854526695887,0.03915168145186012,2,0.7073684395898627,1.5566623486489175,3.090232306167813,False,True,True
PRIMARY,V7_LABEL_CORRUPTION,50077,4096,CAUSAL_CANDIDATE_UNDER_ASSUMPTIONS,0.7840931726464391,0.03725147048197655,2,0.8324425224918245,0.6946613171214879,3.090232306167813,False,True,True
PRIMARY,V7_LABEL_CORRUPTION,50078,4096,CAUSAL_CANDIDATE_UNDER_ASSUMPTIONS,0.7672998228958883,0.04184203346188158,2,0.9558952941653069,1.1558357440864226,3.090232306167813,False,True,True
PRIMARY,V7_LABEL_CORRUPTION,50079,4096,CAUSAL_CANDIDATE_UNDER_ASSUMPTIONS,0.8157381425204184,0.038559494863177605,2,0.30586289944636696,0.41045911998562046,3.090232306167813,False,True,True
PRIMARY,V7_LABEL_CORRUPTION,50080,4096,CAUSAL_CANDIDATE_UNDER_ASSUMPTIONS,0.8201485289416901,0.038868941540938,2,0.7483990258576538,1.0883038446104363,3.090232306167813,False,True,True
PRIMARY,V7_LABEL_CORRUPTION,50081,4096,CAUSAL_CANDIDATE_UNDER_ASSUMPTIONS,0.7464905150089155,0.04312176544385202,2,0.0018547293306284288,1.2920704652354051,3.090232306167813,False,True,True
PRIMARY,V7_LABEL_CORRUPTION,50082,4096,CAUSAL_CANDIDATE_UNDER_ASSUMPTIONS,0.7485145601736242,0.03845676069266392,2,0.9819152346898187,0.48666027504305853,3.090232306167813,False,True,True
PRIMARY,V7_LABEL_CORRUPTION,50083,4096,CAUSAL_CANDIDATE_UNDER_ASSUMPTIONS,0.8008242094784666,0.04146001259512225,2,0.8188446090937046,1.156235285931835,3.090232306167813,False,True,True
PRIMARY,V7_LABEL_CORRUPTION,50084,4096,CAUSAL_CANDIDATE_UNDER_ASSUMPTIONS,0.854403223826317,0.03915120264191951,2,0.23872994684452045,0.6069005919036249,3.090232306167813,False,True,True
PRIMARY,V7_LABEL_CORRUPTION,50085,4096,CAUSAL_CANDIDATE_UNDER_ASSUMPTIONS,0.8146708032690347,0.037728781853350914,2,0.7179358175469275,0.9810009640393359,3.090232306167813,False,True,True
PRIMARY,V7_LABEL_CORRUPTION,50086,4096,CAUSAL_CANDIDATE_UNDER_ASSUMPTIONS,0.804803945712306,0.03783596214184885,2,0.4492628033539234,0.7484490268583813,3.090232306167813,False,True,True
PRIMARY,V7_LABEL_CORRUPTION,50087,4096,CAUSAL_CANDIDATE_UNDER_ASSUMPTIONS,0.8505367654227467,0.03453404420552765,2,0.7837058741295483,2.2927061020381636,3.090232306167813,False,True,True
PRIMARY,V7_LABEL_CORRUPTION,50088,4096,CAUSAL_CANDIDATE_UNDER_ASSUMPTIONS,0.815988355220861,0.04022351423257167,2,0.10311924757144778,0.8664357348231213,3.090232306167813,False,True,True
PRIMARY,V7_LABEL_CORRUPTION,50089,4096,CAUSAL_CANDIDATE_UNDER_ASSUMPTIONS,0.8336720906733374,0.03621085282116723,2,0.4208832436757465,0.8551433891714518,3.090232306167813,False,True,True
PRIMARY,V7_LABEL_CORRUPTION,50090,4096,CAUSAL_CANDIDATE_UNDER_ASSUMPTIONS,0.8508050670804476,0.034136230491295494,2,0.1647589847433734,1.4983736235787273,3.090232306167813,False,True,True
PRIMARY,V7_LABEL_CORRUPTION,50091,4096,CAUSAL_CANDIDATE_UNDER_ASSUMPTIONS,0.8659804177171562,0.03860479959373903,2,0.29606696907944513,0.5753207089504957,3.090232306167813,False,True,True
PRIMARY,V7_LABEL_CORRUPTION,50092,4096,CAUSAL_CANDIDATE_UNDER_ASSUMPTIONS,0.7199229111990806,0.04131025892587356,2,1.9100389616366575,1.5731769452752455,3.090232306167813,False,True,True
PRIMARY,V7_LABEL_CORRUPTION,50093,4096,CAUSAL_CANDIDATE_UNDER_ASSUMPTIONS,0.8157281406588839,0.03803158856243149,2,0.5865054710146013,0.8882961779632493,3.090232306167813,False,True,True
PRIMARY,V7_LABEL_CORRUPTION,50094,4096,CAUSAL_CANDIDATE_UNDER_ASSUMPTIONS,0.6944345055431309,0.046194915610007665,2,0.8864531930040486,1.364692575053773,3.090232306167813,False,True,True
PRIMARY,V7_LABEL_CORRUPTION,50095,4096,CAUSAL_CANDIDATE_UNDER_ASSUMPTIONS,0.8220907323624651,0.042152257957306656,2,0.040218719912494635,0.8491881248104085,3.090232306167813,False,True,True
PRIMARY,V7_LABEL_CORRUPTION,50096,4096,CAUSAL_CANDIDATE_UNDER_ASSUMPTIONS,0.7978805250185765,0.03721040450538865,2,0.03130321408552285,1.0505429274601081,3.090232306167813,False,True,True
PRIMARY,V7_LABEL_CORRUPTION,50097,4096,CAUSAL_CANDIDATE_UNDER_ASSUMPTIONS,0.8225578031892264,0.036142496412661936,2,1.0328911858600556,0.6627838864515178,3.090232306167813,False,True,True
PRIMARY,V7_LABEL_CORRUPTION,50098,4096,CAUSAL_CANDIDATE_UNDER_ASSUMPTIONS,0.7976052080078623,0.03785448070688549,2,0.6949029611404139,0.8071236486597286,3.090232306167813,False,True,True
PRIMARY,V7_LABEL_CORRUPTION,50099,4096,CAUSAL_CANDIDATE_UNDER_ASSUMPTIONS,0.7536081037625728,0.04027385200120574,2,0.005740910847952103,2.1998503331018426,3.090232306167813,False,True,True
PRIMARY,V7_LABEL_CORRUPTION,50100,4096,CAUSAL_CANDIDATE_UNDER_ASSUMPTIONS,0.7898226685338737,0.04017329149010022,2,1.011052010430697,1.7769058970104465,3.090232306167813,False,True,True
PRIMARY,V7_LABEL_CORRUPTION,50101,4096,CAUSAL_CANDIDATE_UNDER_ASSUMPTIONS,0.786815052536922,0.0426191238004134,2,0.32996201080741794,0.7586128039012016,3.090232306167813,False,True,True
PRIMARY,V7_LABEL_CORRUPTION,50102,4096,CAUSAL_CANDIDATE_UNDER_ASSUMPTIONS,0.7805842223979742,0.041625448712272355,2,0.46791249909876553,1.5234903444499663,3.090232306167813,False,True,True
PRIMARY,V7_LABEL_CORRUPTION,50103,4096,CAUSAL_CANDIDATE_UNDER_ASSUMPTIONS,0.8308968906974367,0.036948317531456415,2,0.7910499278008122,0.8048830795072586,3.090232306167813,False,True,True
PRIMARY,V7_LABEL_CORRUPTION,50104,4096,CAUSAL_CANDIDATE_UNDER_ASSUMPTIONS,0.7786340239316503,0.03890545111428976,2,1.6974170756775129,1.5964087562060547,3.090232306167813,False,True,True
PRIMARY,V7_LABEL_CORRUPTION,50105,4096,CAUSAL_CANDIDATE_UNDER_ASSUMPTIONS,0.8171885123430366,0.038808081273489385,2,0.7673771881314664,1.043486307135038,3.090232306167813,False,True,True
PRIMARY,V7_LABEL_CORRUPTION,50106,4096,CAUSAL_CANDIDATE_UNDER_ASSUMPTIONS,0.8350532484852345,0.03866683187047931,2,1.5160688665159672,0.8295684445971647,3.090232306167813,False,True,True
PRIMARY,V7_LABEL_CORRUPTION,50107,4096,CAUSAL_CANDIDATE_UNDER_ASSUMPTIONS,0.8608469836646934,0.03639922573061043,2,1.2449071523255462,1.553253872162614,3.090232306167813,False,True,True
PRIMARY,V7_LABEL_CORRUPTION,50108,4096,CAUSAL_CANDIDATE_UNDER_ASSUMPTIONS,0.8507222154111921,0.036008944024109306,2,2.579057848591398,1.3433152112180073,3.090232306167813,False,True,True
PRIMARY,V7_LABEL_CORRUPTION,50109,4096,CAUSAL_CANDIDATE_UNDER_ASSUMPTIONS,0.7798548173538974,0.03983905167929076,2,1.1820404587018407,0.8089628318000437,3.090232306167813,False,True,True
PRIMARY,V7_LABEL_CORRUPTION,50110,4096,CAUSAL_CANDIDATE_UNDER_ASSUMPTIONS,0.7622129342055953,0.04138915318492015,2,1.2942174983315349,0.7575556250457698,3.090232306167813,False,True,True
PRIMARY,V7_LABEL_CORRUPTION,50111,4096,CAUSAL_CANDIDATE_UNDER_ASSUMPTIONS,0.7905178031417484,0.040666582424834154,2,0.7901702813322319,0.8319410253039673,3.090232306167813,False,True,True
PRIMARY,V7_LABEL_CORRUPTION,50112,4096,CAUSAL_CANDIDATE_UNDER_ASSUMPTIONS,0.7901362497572082,0.03785761709151045,2,0.5912725248798842,1.0605642307137688,3.090232306167813,False,True,True
PRIMARY,V7_LABEL_CORRUPTION,50113,4096,CAUSAL_CANDIDATE_UNDER_ASSUMPTIONS,0.7682999163181312,0.04205736796374049,2,1.1250795721162055,0.9969897129058578,3.090232306167813,False,True,True
PRIMARY,V7_LABEL_CORRUPTION,50114,4096,CAUSAL_CANDIDATE_UNDER_ASSUMPTIONS,0.8596659429941019,0.03854468950763854,2,0.23357360346536632,0.7216828789183646,3.090232306167813,False,True,True
PRIMARY,V7_LABEL_CORRUPTION,50115,4096,CAUSAL_CANDIDATE_UNDER_ASSUMPTIONS,0.8094653571282243,0.038715799519809996,2,0.08727595617250641,1.7605681203145171,3.090232306167813,False,True,True
PRIMARY,V7_LABEL_CORRUPTION,50116,4096,CAUSAL_CANDIDATE_UNDER_ASSUMPTIONS,0.8035320558786923,0.03809996493955629,2,0.9408679142890208,0.6900698247741043,3.090232306167813,False,True,True
PRIMARY,V7_LABEL_CORRUPTION,50117,4096,CAUSAL_CANDIDATE_UNDER_ASSUMPTIONS,0.8329437162047217,0.036124241495073366,2,1.8179751284123924,2.2748643601367022,3.090232306167813,False,True,True
PRIMARY,V7_LABEL_CORRUPTION,50118,4096,CAUSAL_CANDIDATE_UNDER_ASSUMPTIONS,0.8540583174246715,0.04011555506993754,2,0.18656862109561206,0.5742941973271596,3.090232306167813,False,True,True
PRIMARY,V7_LABEL_CORRUPTION,50119,4096,CAUSAL_CANDIDATE_UNDER_ASSUMPTIONS,0.8109181165508967,0.03620642311675255,2,0.7716509431504219,0.6763481492299055,3.090232306167813,False,True,True
PRIMARY,V7_LABEL_CORRUPTION,50120,4096,CAUSAL_CANDIDATE_UNDER_ASSUMPTIONS,0.7932822940736448,0.03837385125006637,2,0.6887952921543512,0.5052380360650816,3.090232306167813,False,True,True
PRIMARY,V7_LABEL_CORRUPTION,50121,4096,CAUSAL_CANDIDATE_UNDER_ASSUMPTIONS,0.81915337752159,0.03750611813926606,2,0.5934468783161287,0.7828509989131862,3.090232306167813,False,True,True
PRIMARY,V7_LABEL_CORRUPTION,50122,4096,CAUSAL_CANDIDATE_UNDER_ASSUMPTIONS,0.7608510525616405,0.03932435261417794,2,0.6072051754150344,1.2862132692760766,3.090232306167813,False,True,True
PRIMARY,V7_LABEL_CORRUPTION,50123,4096,CAUSAL_CANDIDATE_UNDER_ASSUMPTIONS,0.8030964623692602,0.04003655339744588,2,0.7552421337101637,0.8958070189226036,3.090232306167813,False,True,True
PRIMARY,V7_LABEL_CORRUPTION,50124,4096,CAUSAL_CANDIDATE_UNDER_ASSUMPTIONS,0.7884749521402558,0.03880328313201999,2,0.4219911673326991,1.2288834162644555,3.090232306167813,False,True,True
PRIMARY,V7_LABEL_CORRUPTION,50125,4096,CAUSAL_CANDIDATE_UNDER_ASSUMPTIONS,0.7888940326665886,0.04093998604311822,2,0.31200731198712955,0.5044078384756605,3.090232306167813,False,True,True
PRIMARY,V7_LABEL_CORRUPTION,50126,4096,CAUSAL_CANDIDATE_UNDER_ASSUMPTIONS,0.7591205364603296,0.041301354363639554,2,1.8845311789960462,1.184582487551195,3.090232306167813,False,True,True
PRIMARY,V7_LABEL_CORRUPTION,50127,4096,CAUSAL_CANDIDATE_UNDER_ASSUMPTIONS,0.7886850463151011,0.041758483515288186,2,0.2797048516822107,0.7962516911151719,3.090232306167813,False,True,True
REPLICATION,V0_VALID,60000,4096,CAUSAL_CANDIDATE_UNDER_ASSUMPTIONS,0.8120037021275496,0.019485835151150266,2,0.22038776183065129,0.7632117935635024,3.090232306167813,False,True,True
REPLICATION,V0_VALID,60001,4096,CAUSAL_CANDIDATE_UNDER_ASSUMPTIONS,0.8092044081483362,0.019446056486538073,2,1.468880874765928,0.7361976472059614,3.090232306167813,False,True,True
REPLICATION,V0_VALID,60002,4096,CAUSAL_CANDIDATE_UNDER_ASSUMPTIONS,0.7919300689605201,0.019677264807095397,2,0.8999172042121351,0.8167715318812364,3.090232306167813,False,True,True
REPLICATION,V0_VALID,60003,4096,CAUSAL_CANDIDATE_UNDER_ASSUMPTIONS,0.8002963380011974,0.018787149946839745,2,1.7626325327572199,0.8921750903560626,3.090232306167813,False,True,True
REPLICATION,V0_VALID,60004,4096,CAUSAL_CANDIDATE_UNDER_ASSUMPTIONS,0.7966476454310684,0.019342489279242796,2,0.6460147567750846,1.1486354601275073,3.090232306167813,False,True,True
REPLICATION,V0_VALID,60005,4096,CAUSAL_CANDIDATE_UNDER_ASSUMPTIONS,0.7767139096800337,0.01977586622913055,2,0.8023306818483883,0.5326411916564918,3.090232306167813,False,True,True
REPLICATION,V0_VALID,60006,4096,CAUSAL_CANDIDATE_UNDER_ASSUMPTIONS,0.8121786085526246,0.019121244934935448,2,0.7361148729825896,0.2513479725681037,3.090232306167813,False,True,True
REPLICATION,V0_VALID,60007,4096,CAUSAL_CANDIDATE_UNDER_ASSUMPTIONS,0.7900080791560655,0.020073984301484594,2,1.0119130349865537,0.7941675484866123,3.090232306167813,False,True,True
REPLICATION,V0_VALID,60008,4096,CAUSAL_CANDIDATE_UNDER_ASSUMPTIONS,0.7692072857288399,0.02100327271251375,2,0.219685872470521,0.9402564663491808,3.090232306167813,False,True,True
REPLICATION,V0_VALID,60009,4096,CAUSAL_CANDIDATE_UNDER_ASSUMPTIONS,0.7837415502871595,0.01972981608556355,2,0.7751949473103674,0.9480891665693743,3.090232306167813,False,True,True
REPLICATION,V0_VALID,60010,4096,CAUSAL_CANDIDATE_UNDER_ASSUMPTIONS,0.7876826090979995,0.019440712931299967,2,0.15233957412809918,0.5975822893034952,3.090232306167813,False,True,True
REPLICATION,V0_VALID,60011,4096,CAUSAL_CANDIDATE_UNDER_ASSUMPTIONS,0.8095068471672343,0.01942189415602646,2,0.358005400824477,0.16176377167305464,3.090232306167813,False,True,True
REPLICATION,V0_VALID,60012,4096,CAUSAL_CANDIDATE_UNDER_ASSUMPTIONS,0.791793003048159,0.018989341021360216,2,0.3129206470728389,0.6850693214805784,3.090232306167813,False,True,True
REPLICATION,V0_VALID,60013,4096,CAUSAL_CANDIDATE_UNDER_ASSUMPTIONS,0.778593786926472,0.019951698925866863,2,0.3627729088596042,0.2738456041430394,3.090232306167813,False,True,True
REPLICATION,V0_VALID,60014,4096,CAUSAL_CANDIDATE_UNDER_ASSUMPTIONS,0.816859691453655,0.018653701261876824,2,0.4873755188798455,1.6423432057670753,3.090232306167813,False,True,True
REPLICATION,V0_VALID,60015,4096,CAUSAL_CANDIDATE_UNDER_ASSUMPTIONS,0.797590720576713,0.01976564582660064,2,0.1432353819360473,1.6013756057425956,3.090232306167813,False,True,True
REPLICATION,V0_VALID,60016,4096,CAUSAL_CANDIDATE_UNDER_ASSUMPTIONS,0.8043455438592174,0.02010529042431365,2,1.241376436380912,1.931427233800811,3.090232306167813,False,True,True
REPLICATION,V0_VALID,60017,4096,CAUSAL_CANDIDATE_UNDER_ASSUMPTIONS,0.8153926805874804,0.019165711583576613,2,0.36836845784887146,0.442647134167786,3.090232306167813,False,True,True
REPLICATION,V0_VALID,60018,4096,CAUSAL_CANDIDATE_UNDER_ASSUMPTIONS,0.7845898110405685,0.019914152181551462,2,1.3515483247033895,1.6235282273653924,3.090232306167813,False,True,True
REPLICATION,V0_VALID,60019,4096,CAUSAL_CANDIDATE_UNDER_ASSUMPTIONS,0.8183571588962376,0.018445815198955946,2,2.5804011056980367,0.9582529754994425,3.090232306167813,False,True,True
REPLICATION,V0_VALID,60020,4096,CAUSAL_CANDIDATE_UNDER_ASSUMPTIONS,0.8137628650468842,0.019861486563565234,2,0.3171630911694896,0.7991864053505029,3.090232306167813,False,True,True
REPLICATION,V0_VALID,60021,4096,CAUSAL_CANDIDATE_UNDER_ASSUMPTIONS,0.7611724693161948,0.021012959466337782,2,0.8824738992029306,0.9895468443278675,3.090232306167813,False,True,True
REPLICATION,V0_VALID,60022,4096,CAUSAL_CANDIDATE_UNDER_ASSUMPTIONS,0.8066238725721906,0.019404078109579843,2,0.12162808708358239,0.9885428225305843,3.090232306167813,False,True,True
REPLICATION,V0_VALID,60023,4096,CAUSAL_CANDIDATE_UNDER_ASSUMPTIONS,0.8056279864443016,0.01962774315455299,2,1.1999453878673567,1.6202315168770278,3.090232306167813,False,True,True
REPLICATION,V0_VALID,60024,4096,CAUSAL_CANDIDATE_UNDER_ASSUMPTIONS,0.7988009475382316,0.018804152668154325,2,1.0454642480654408,0.6732095202322194,3.090232306167813,False,True,True
REPLICATION,V0_VALID,60025,4096,CAUSAL_CANDIDATE_UNDER_ASSUMPTIONS,0.7775264392100755,0.019961080622819892,2,0.1204919965625596,0.944613746675126,3.090232306167813,False,True,True
REPLICATION,V0_VALID,60026,4096,CAUSAL_CANDIDATE_UNDER_ASSUMPTIONS,0.7989224845532541,0.02009874337039993,2,0.7427324105857639,0.6757409625476717,3.090232306167813,False,True,True
REPLICATION,V0_VALID,60027,4096,CAUSAL_CANDIDATE_UNDER_ASSUMPTIONS,0.8047227218320503,0.01899415405328441,2,0.8526535272014896,0.5240754492306448,3.090232306167813,False,True,True
REPLICATION,V0_VALID,60028,4096,CAUSAL_CANDIDATE_UNDER_ASSUMPTIONS,0.7982467675098344,0.019567984778492406,2,0.3730929727204845,0.44564214848699957,3.090232306167813,False,True,True
REPLICATION,V0_VALID,60029,4096,CAUSAL_CANDIDATE_UNDER_ASSUMPTIONS,0.8023235385989353,0.018778099620063864,2,1.4640022407841125,1.5353342268890982,3.090232306167813,False,True,True
REPLICATION,V0_VALID,60030,4096,CAUSAL_CANDIDATE_UNDER_ASSUMPTIONS,0.7920807151007307,0.019484215311185965,2,0.47416135113519714,0.4537252908730742,3.090232306167813,False,True,True
REPLICATION,V0_VALID,60031,4096,CAUSAL_CANDIDATE_UNDER_ASSUMPTIONS,0.7887660466929917,0.02004906535685861,2,1.523262385310831,1.314875539609527,3.090232306167813,False,True,True
REPLICATION,V0_VALID,60032,4096,CAUSAL_CANDIDATE_UNDER_ASSUMPTIONS,0.8091626890903026,0.020447276882067857,2,0.3471743016695628,0.4554409230527453,3.090232306167813,False,True,True
REPLICATION,V0_VALID,60033,4096,CAUSAL_CANDIDATE_UNDER_ASSUMPTIONS,0.7925624981426762,0.02006558080805311,2,0.7786656448212586,1.1443527179423985,3.090232306167813,False,True,True
REPLICATION,V0_VALID,60034,4096,CAUSAL_CANDIDATE_UNDER_ASSUMPTIONS,0.80626610447199,0.018718341669852,2,1.2628406651684998,1.1197973124365899,3.090232306167813,False,True,True
REPLICATION,V0_VALID,60035,4096,CAUSAL_CANDIDATE_UNDER_ASSUMPTIONS,0.7704534608417393,0.019405071294487864,2,0.2005276512172257,1.0221959837070869,3.090232306167813,False,True,True
REPLICATION,V0_VALID,60036,4096,CAUSAL_CANDIDATE_UNDER_ASSUMPTIONS,0.8121828016897147,0.018577999823202525,2,0.8666028805726999,1.4981646254897711,3.090232306167813,False,True,True
REPLICATION,V0_VALID,60037,4096,CAUSAL_CANDIDATE_UNDER_ASSUMPTIONS,0.7990315681702547,0.01911130940319081,2,0.09818719490677584,0.6900921985224201,3.090232306167813,False,True,True
REPLICATION,V0_VALID,60038,4096,CAUSAL_CANDIDATE_UNDER_ASSUMPTIONS,0.7873474285411937,0.020489312234917782,2,0.2876169516208082,2.3623399251135475,3.090232306167813,False,True,True
REPLICATION,V0_VALID,60039,4096,CAUSAL_CANDIDATE_UNDER_ASSUMPTIONS,0.8070573270582357,0.019216891836203183,2,0.461404356649211,0.572322588133882,3.090232306167813,False,True,True
REPLICATION,V0_VALID,60040,4096,CAUSAL_CANDIDATE_UNDER_ASSUMPTIONS,0.7952603847268038,0.019266918575757852,2,1.695564294541584,1.920091172152058,3.090232306167813,False,True,True
REPLICATION,V0_VALID,60041,4096,CAUSAL_CANDIDATE_UNDER_ASSUMPTIONS,0.7968067038829836,0.019880642571428974,2,0.20332461400609497,1.1451647622603511,3.090232306167813,False,True,True
REPLICATION,V0_VALID,60042,4096,CAUSAL_CANDIDATE_UNDER_ASSUMPTIONS,0.7783035474324524,0.019123368786563223,2,0.3453558837822647,0.7361026938158404,3.090232306167813,False,True,True
REPLICATION,V0_VALID,60043,4096,CAUSAL_CANDIDATE_UNDER_ASSUMPTIONS,0.8201666254447595,0.019204057859593206,2,1.6613932347193021,0.6400179262108214,3.090232306167813,False,True,True
REPLICATION,V0_VALID,60044,4096,CAUSAL_CANDIDATE_UNDER_ASSUMPTIONS,0.7998671622478207,0.01955268087451267,2,1.3418089292786304,1.2584467404025328,3.090232306167813,False,True,True
REPLICATION,V0_VALID,60045,4096,CAUSAL_CANDIDATE_UNDER_ASSUMPTIONS,0.779354459307231,0.019282648433874724,2,1.1869957774009228,1.2576966114300663,3.090232306167813,False,True,True
REPLICATION,V0_VALID,60046,4096,CAUSAL_CANDIDATE_UNDER_ASSUMPTIONS,0.8010937615427286,0.01937276703589017,2,1.0112610877592274,0.6426343172434636,3.090232306167813,False,True,True
REPLICATION,V0_VALID,60047,4096,CAUSAL_CANDIDATE_UNDER_ASSUMPTIONS,0.7894579270621483,0.019469401322166832,2,0.03435405063486478,0.6913903667976852,3.090232306167813,False,True,True
REPLICATION,V0_VALID,60048,4096,CAUSAL_CANDIDATE_UNDER_ASSUMPTIONS,0.8096505418098382,0.018643011573632517,2,0.13898247957377638,0.4720485460773566,3.090232306167813,False,True,True
REPLICATION,V0_VALID,60049,4096,CAUSAL_CANDIDATE_UNDER_ASSUMPTIONS,0.7972413824995498,0.01942426389692288,2,0.9946986580551994,1.915450766516044,3.090232306167813,False,True,True
REPLICATION,V0_VALID,60050,4096,CAUSAL_CANDIDATE_UNDER_ASSUMPTIONS,0.7680893123701238,0.020040862667147687,2,0.8359829617342771,1.4580414163854227,3.090232306167813,False,True,True
REPLICATION,V0_VALID,60051,4096,CAUSAL_CANDIDATE_UNDER_ASSUMPTIONS,0.8093133601904801,0.019923034410509202,2,0.6253720868990625,0.5332220315111819,3.090232306167813,False,True,True
REPLICATION,V0_VALID,60052,4096,CAUSAL_CANDIDATE_UNDER_ASSUMPTIONS,0.8033509984822821,0.019688453611501223,2,2.2991353590839156,1.6231270528821042,3.090232306167813,False,True,True
REPLICATION,V0_VALID,60053,4096,CAUSAL_CANDIDATE_UNDER_ASSUMPTIONS,0.7775842767369937,0.019649321447360694,2,2.191986880903053,1.9843858762785622,3.090232306167813,False,True,True
REPLICATION,V0_VALID,60054,4096,CAUSAL_CANDIDATE_UNDER_ASSUMPTIONS,0.8086938869524052,0.019239980176066106,2,0.07636137146451245,0.8986476751799335,3.090232306167813,False,True,True
REPLICATION,V0_VALID,60055,4096,CAUSAL_CANDIDATE_UNDER_ASSUMPTIONS,0.7727389441189995,0.019984274027348457,2,0.02569091749553245,1.1702788198895613,3.090232306167813,False,True,True
REPLICATION,V0_VALID,60056,4096,CAUSAL_CANDIDATE_UNDER_ASSUMPTIONS,0.8217229211545154,0.019143613790366932,2,0.48094467175820194,1.5914010624410329,3.090232306167813,False,True,True
REPLICATION,V0_VALID,60057,4096,CAUSAL_CANDIDATE_UNDER_ASSUMPTIONS,0.8035687823977361,0.01925227472558839,2,1.30295752083196,0.3259811896803395,3.090232306167813,False,True,True
REPLICATION,V0_VALID,60058,4096,CAUSAL_CANDIDATE_UNDER_ASSUMPTIONS,0.7853320828437922,0.019029451182450065,2,2.122483183969839,1.1168988580035555,3.090232306167813,False,True,True
REPLICATION,V0_VALID,60059,4096,CAUSAL_CANDIDATE_UNDER_ASSUMPTIONS,0.7933536211704508,0.01956710765476461,2,0.35706092699475106,0.6773889069496083,3.090232306167813,False,True,True
REPLICATION,V0_VALID,60060,4096,CAUSAL_CANDIDATE_UNDER_ASSUMPTIONS,0.7976070178832547,0.01915270911269567,2,0.2614249343887794,0.48480073276107644,3.090232306167813,False,True,True
REPLICATION,V0_VALID,60061,4096,CAUSAL_CANDIDATE_UNDER_ASSUMPTIONS,0.8125001682163638,0.019390597555053415,2,0.2503569311662186,1.0787175128374886,3.090232306167813,False,True,True
REPLICATION,V0_VALID,60062,4096,CAUSAL_CANDIDATE_UNDER_ASSUMPTIONS,0.8311263076734237,0.01829480415663229,2,1.1822856945929985,1.5821278766259497,3.090232306167813,False,True,True
REPLICATION,V0_VALID,60063,4096,CAUSAL_CANDIDATE_UNDER_ASSUMPTIONS,0.7920478234921388,0.01930243087029031,2,0.6876508134140038,1.0253808988744446,3.090232306167813,False,True,True
REPLICATION,V0_VALID,60064,4096,CAUSAL_CANDIDATE_UNDER_ASSUMPTIONS,0.8519147643107304,0.01847792860210339,2,0.20725322579799557,2.5275774856831483,3.090232306167813,False,True,True
REPLICATION,V0_VALID,60065,4096,CAUSAL_CANDIDATE_UNDER_ASSUMPTIONS,0.7810394808465715,0.019982589108519896,2,1.5941713651697094,0.9828716259610459,3.090232306167813,False,True,True
REPLICATION,V0_VALID,60066,4096,CAUSAL_CANDIDATE_UNDER_ASSUMPTIONS,0.7619074587251687,0.02048932027207109,2,0.12930974556492658,1.8210193618459523,3.090232306167813,False,True,True
REPLICATION,V0_VALID,60067,4096,CAUSAL_CANDIDATE_UNDER_ASSUMPTIONS,0.8176300759206974,0.019577921329520333,2,1.4959434741940898,0.518781486780927,3.090232306167813,False,True,True
REPLICATION,V0_VALID,60068,4096,CAUSAL_CANDIDATE_UNDER_ASSUMPTIONS,0.7905700931651022,0.019019892820217217,2,0.9627929115969663,1.066285199560978,3.090232306167813,False,True,True
REPLICATION,V0_VALID,60069,4096,CAUSAL_CANDIDATE_UNDER_ASSUMPTIONS,0.8055068635443647,0.019085929900536362,2,0.2647591873068489,0.0784577964379978,3.090232306167813,False,True,True
REPLICATION,V0_VALID,60070,4096,CAUSAL_CANDIDATE_UNDER_ASSUMPTIONS,0.8036749917929794,0.02034912092270425,2,0.07155440463511685,0.717433336382001,3.090232306167813,False,True,True
REPLICATION,V0_VALID,60071,4096,CAUSAL_CANDIDATE_UNDER_ASSUMPTIONS,0.7870014197502782,0.019104231098916926,2,1.2387287802999067,1.5743903854354944,3.090232306167813,False,True,True
REPLICATION,V0_VALID,60072,4096,CAUSAL_CANDIDATE_UNDER_ASSUMPTIONS,0.8098066276098908,0.019415238438604154,2,0.3086010406145942,0.7441208840681279,3.090232306167813,False,True,True
REPLICATION,V0_VALID,60073,4096,CAUSAL_CANDIDATE_UNDER_ASSUMPTIONS,0.8245895178828329,0.019138504600700816,2,2.7355028171865596,2.146175708304973,3.090232306167813,False,True,True
REPLICATION,V0_VALID,60074,4096,CAUSAL_CANDIDATE_UNDER_ASSUMPTIONS,0.8625797620658647,0.0180322055559274,2,1.2556730534115594,2.3708429705555756,3.090232306167813,False,True,True
REPLICATION,V0_VALID,60075,4096,CAUSAL_CANDIDATE_UNDER_ASSUMPTIONS,0.8190154973262186,0.01817695434804299,2,0.7867506342109438,1.6486566101586675,3.090232306167813,False,True,True
REPLICATION,V0_VALID,60076,4096,CAUSAL_CANDIDATE_UNDER_ASSUMPTIONS,0.796186845546992,0.019451003044533295,2,0.8235514896091491,1.8862647620204964,3.090232306167813,False,True,True
REPLICATION,V0_VALID,60077,4096,CAUSAL_CANDIDATE_UNDER_ASSUMPTIONS,0.7838139662964906,0.019713915099977417,2,1.7281209332266485,1.792477600329879,3.090232306167813,False,True,True
REPLICATION,V0_VALID,60078,4096,CAUSAL_CANDIDATE_UNDER_ASSUMPTIONS,0.7758161014492134,0.020252219066032945,2,1.5603271859569754,1.301492117209023,3.090232306167813,False,True,True
REPLICATION,V0_VALID,60079,4096,CAUSAL_CANDIDATE_UNDER_ASSUMPTIONS,0.8103631218912665,0.019090124303825076,2,0.6780981882528339,1.337404529722381,3.090232306167813,False,True,True
REPLICATION,V0_VALID,60080,4096,CAUSAL_CANDIDATE_UNDER_ASSUMPTIONS,0.808520553026361,0.0190396299759611,2,0.1638160450245352,0.4224224127222461,3.090232306167813,False,True,True
REPLICATION,V0_VALID,60081,4096,CAUSAL_CANDIDATE_UNDER_ASSUMPTIONS,0.8014438254744681,0.019424291704499566,2,0.16966853976690904,1.0829850379745718,3.090232306167813,False,True,True
REPLICATION,V0_VALID,60082,4096,CAUSAL_CANDIDATE_UNDER_ASSUMPTIONS,0.8177984676887826,0.01933358473078831,2,0.7898191627746557,1.6546862914668419,3.090232306167813,False,True,True
REPLICATION,V0_VALID,60083,4096,CAUSAL_CANDIDATE_UNDER_ASSUMPTIONS,0.8234871119363677,0.01925145802209636,2,0.20341096411024723,0.6924634725575297,3.090232306167813,False,True,True
REPLICATION,V0_VALID,60084,4096,CAUSAL_CANDIDATE_UNDER_ASSUMPTIONS,0.7971840714054794,0.02013554692343224,2,1.108015630279072,1.0606315632893237,3.090232306167813,False,True,True
REPLICATION,V0_VALID,60085,4096,CAUSAL_CANDIDATE_UNDER_ASSUMPTIONS,0.7861370953226906,0.019081174829699215,2,0.39410832154368974,0.8897173098588208,3.090232306167813,False,True,True
REPLICATION,V0_VALID,60086,4096,CAUSAL_CANDIDATE_UNDER_ASSUMPTIONS,0.7985912978821154,0.019108221513692118,2,0.9820371339834197,2.1000888261633004,3.090232306167813,False,True,True
REPLICATION,V0_VALID,60087,4096,CAUSAL_CANDIDATE_UNDER_ASSUMPTIONS,0.8123662239175509,0.018764028160201087,2,0.10970568490622497,0.6765772345867772,3.090232306167813,False,True,True
REPLICATION,V0_VALID,60088,4096,CAUSAL_CANDIDATE_UNDER_ASSUMPTIONS,0.8082044383686575,0.019499851471965386,2,0.9526701605838911,1.4192104953552995,3.090232306167813,False,True,True
REPLICATION,V0_VALID,60089,4096,CAUSAL_CANDIDATE_UNDER_ASSUMPTIONS,0.815900831597219,0.01896382696962471,2,0.015650909591255396,1.2813901116308009,3.090232306167813,False,True,True
REPLICATION,V0_VALID,60090,4096,CAUSAL_CANDIDATE_UNDER_ASSUMPTIONS,0.7899439641878417,0.018849968207709625,2,0.9351546645321325,1.8398247367603338,3.090232306167813,False,True,True
REPLICATION,V0_VALID,60091,4096,CAUSAL_CANDIDATE_UNDER_ASSUMPTIONS,0.8027892701484663,0.01918613427564564,2,1.9899538644236003,0.7569313565059158,3.090232306167813,False,True,True
REPLICATION,V0_VALID,60092,4096,CAUSAL_CANDIDATE_UNDER_ASSUMPTIONS,0.7792326861209126,0.019097153942498248,2,0.4791803857181448,1.5220595004918258,3.090232306167813,False,True,True
REPLICATION,V0_VALID,60093,4096,CAUSAL_CANDIDATE_UNDER_ASSUMPTIONS,0.7863981486415432,0.01965393969916251,2,1.3958870978954765,1.0074215366147656,3.090232306167813,False,True,True
REPLICATION,V0_VALID,60094,4096,CAUSAL_CANDIDATE_UNDER_ASSUMPTIONS,0.8303309124465289,0.018808603367654185,2,1.5302817011379575,0.8250134937297247,3.090232306167813,False,True,True
REPLICATION,V0_VALID,60095,4096,CAUSAL_CANDIDATE_UNDER_ASSUMPTIONS,0.7826549336348496,0.01996327674097002,2,1.8008810650474731,0.5777531575007228,3.090232306167813,False,True,True
REPLICATION,V0_VALID,60096,4096,CAUSAL_CANDIDATE_UNDER_ASSUMPTIONS,0.8175974588590119,0.01874041703158526,2,1.194019949590159,1.3895784958601314,3.090232306167813,False,True,True
REPLICATION,V0_VALID,60097,4096,CAUSAL_CANDIDATE_UNDER_ASSUMPTIONS,0.807201812730948,0.019232556938639532,2,0.2450746394679237,0.619024065745574,3.090232306167813,False,True,True
REPLICATION,V0_VALID,60098,4096,CAUSAL_CANDIDATE_UNDER_ASSUMPTIONS,0.8076418624616731,0.01942327609035951,2,0.24938607692100634,0.9296426608374941,3.090232306167813,False,True,True
REPLICATION,V0_VALID,60099,4096,CAUSAL_CANDIDATE_UNDER_ASSUMPTIONS,0.827259721103907,0.018200341032362875,2,0.615883601515272,2.1045511030843715,3.090232306167813,False,True,True
REPLICATION,V0_VALID,60100,4096,CAUSAL_CANDIDATE_UNDER_ASSUMPTIONS,0.8162550215089877,0.020099767469041817,2,0.4384411451000638,0.34061334709752494,3.090232306167813,False,True,True
REPLICATION,V0_VALID,60101,4096,CAUSAL_CANDIDATE_UNDER_ASSUMPTIONS,0.7760449046096699,0.019861808012403188,2,0.4766683730879887,0.3060356598100125,3.090232306167813,False,True,True
REPLICATION,V0_VALID,60102,4096,CAUSAL_CANDIDATE_UNDER_ASSUMPTIONS,0.8205119865712239,0.019450995608905928,2,1.089858648789799,1.6482786540539516,3.090232306167813,False,True,True
REPLICATION,V0_VALID,60103,4096,CAUSAL_CANDIDATE_UNDER_ASSUMPTIONS,0.8160592313793441,0.019106088892069467,2,0.6284753562409935,1.8934073617823173,3.090232306167813,False,True,True
REPLICATION,V0_VALID,60104,4096,CAUSAL_CANDIDATE_UNDER_ASSUMPTIONS,0.8355357807600697,0.018372308024655913,2,0.7583614384363315,2.197647091861466,3.090232306167813,False,True,True
REPLICATION,V0_VALID,60105,4096,CAUSAL_CANDIDATE_UNDER_ASSUMPTIONS,0.7946716193043095,0.019936825948959975,2,0.9690312596841243,0.7244252208381324,3.090232306167813,False,True,True
REPLICATION,V0_VALID,60106,4096,CAUSAL_CANDIDATE_UNDER_ASSUMPTIONS,0.7839306598397121,0.019537388660234852,2,0.505093246157006,0.46914958591693906,3.090232306167813,False,True,True
REPLICATION,V0_VALID,60107,4096,CAUSAL_CANDIDATE_UNDER_ASSUMPTIONS,0.8370932334167218,0.018473228116260718,2,0.464992885889896,1.3299381346052923,3.090232306167813,False,True,True
REPLICATION,V0_VALID,60108,4096,CAUSAL_CANDIDATE_UNDER_ASSUMPTIONS,0.8197493538009785,0.019241494559388353,2,0.18405945125377887,1.4465093636481978,3.090232306167813,False,True,True
REPLICATION,V0_VALID,60109,4096,CAUSAL_CANDIDATE_UNDER_ASSUMPTIONS,0.7899764322885501,0.019929566061750312,2,0.1933517997905047,0.46393729124657396,3.090232306167813,False,True,True
REPLICATION,V0_VALID,60110,4096,CAUSAL_CANDIDATE_UNDER_ASSUMPTIONS,0.8053848602407925,0.019931090606958878,2,0.659355798602028,0.7832870181873128,3.090232306167813,False,True,True
REPLICATION,V0_VALID,60111,4096,CAUSAL_CANDIDATE_UNDER_ASSUMPTIONS,0.8108292906882135,0.018970729799190515,2,0.4361824962277366,1.8107484995617695,3.090232306167813,False,True,True
REPLICATION,V0_VALID,60112,4096,CAUSAL_CANDIDATE_UNDER_ASSUMPTIONS,0.8363113207977649,0.018497550474085255,2,0.4878954325263323,1.9123614402370925,3.090232306167813,False,True,True
REPLICATION,V0_VALID,60113,4096,CAUSAL_CANDIDATE_UNDER_ASSUMPTIONS,0.7908445144794362,0.019394606786177753,2,1.0061570792621584,1.0787936860640286,3.090232306167813,False,True,True
REPLICATION,V0_VALID,60114,4096,CAUSAL_CANDIDATE_UNDER_ASSUMPTIONS,0.746818624350045,0.02030831758632634,2,0.690723210090176,1.1251858245472282,3.090232306167813,False,True,True
REPLICATION,V0_VALID,60115,4096,CAUSAL_CANDIDATE_UNDER_ASSUMPTIONS,0.8103375611217508,0.019796227518750306,2,0.5878153509416525,0.6283444418415952,3.090232306167813,False,True,True
REPLICATION,V0_VALID,60116,4096,CAUSAL_CANDIDATE_UNDER_ASSUMPTIONS,0.7627543161051155,0.020549409234913354,2,0.08835669219329995,0.9267078104630325,3.090232306167813,False,True,True
REPLICATION,V0_VALID,60117,4096,CAUSAL_CANDIDATE_UNDER_ASSUMPTIONS,0.8161325921431727,0.01905988257513592,2,0.22938549065963273,0.26243363862566904,3.090232306167813,False,True,True
REPLICATION,V0_VALID,60118,4096,CAUSAL_CANDIDATE_UNDER_ASSUMPTIONS,0.8102690817100285,0.019030907575907016,2,1.083151392163202,0.39654745844695366,3.090232306167813,False,True,True
REPLICATION,V0_VALID,60119,4096,CAUSAL_CANDIDATE_UNDER_ASSUMPTIONS,0.812038894782727,0.018931314837104998,2,1.8019876716331213,1.777203673741724,3.090232306167813,False,True,True
REPLICATION,V0_VALID,60120,4096,CAUSAL_CANDIDATE_UNDER_ASSUMPTIONS,0.8344822306278433,0.019082545946135187,2,0.543030568426043,1.989579047396815,3.090232306167813,False,True,True
REPLICATION,V0_VALID,60121,4096,CAUSAL_CANDIDATE_UNDER_ASSUMPTIONS,0.7695547036581317,0.02025643161090194,2,0.5049647525855664,0.8516796463610369,3.090232306167813,False,True,True
REPLICATION,V0_VALID,60122,4096,CAUSAL_CANDIDATE_UNDER_ASSUMPTIONS,0.7943798456528038,0.020229442242437796,2,0.8893033528880762,1.4315055665193077,3.090232306167813,False,True,True
REPLICATION,V0_VALID,60123,4096,CAUSAL_CANDIDATE_UNDER_ASSUMPTIONS,0.7642641085429566,0.02144432637949866,2,0.6196239087928627,2.220029693193315,3.090232306167813,False,True,True
REPLICATION,V0_VALID,60124,4096,CAUSAL_CANDIDATE_UNDER_ASSUMPTIONS,0.8146582454536361,0.01919756711962808,2,1.1333012674349727,1.6301681788648803,3.090232306167813,False,True,True
REPLICATION,V0_VALID,60125,4096,CAUSAL_CANDIDATE_UNDER_ASSUMPTIONS,0.8111826550920549,0.019055852160529012,2,0.17620540242063296,0.43832920661400276,3.090232306167813,False,True,True
REPLICATION,V0_VALID,60126,4096,CAUSAL_CANDIDATE_UNDER_ASSUMPTIONS,0.7891517652636859,0.01930255782504571,2,0.662480501898699,0.9888251024946724,3.090232306167813,False,True,True
REPLICATION,V0_VALID,60127,4096,CAUSAL_CANDIDATE_UNDER_ASSUMPTIONS,0.8064434059207052,0.01929044352036377,2,0.30947945756586415,1.2022607102090757,3.090232306167813,False,True,True
REPLICATION,V1_DIRECT_NONPROPORTIONAL,60000,4096,IDENTIFYING_ASSUMPTION_VIOLATED,1.2751883598945413,0.01697447306915231,2,10.882956508610217,0.7632117935635024,3.090232306167813,False,True,True
REPLICATION,V1_DIRECT_NONPROPORTIONAL,60001,4096,IDENTIFYING_ASSUMPTION_VIOLATED,1.2906975571257022,0.01713819890315101,2,12.114688650890763,0.7361976472059614,3.090232306167813,False,True,True
REPLICATION,V1_DIRECT_NONPROPORTIONAL,60002,4096,IDENTIFYING_ASSUMPTION_VIOLATED,1.25941017967717,0.017103812568458776,2,10.69253913831014,0.8167715318812364,3.090232306167813,False,True,True
REPLICATION,V1_DIRECT_NONPROPORTIONAL,60003,4096,IDENTIFYING_ASSUMPTION_VIOLATED,1.2709546036196917,0.016559131548147633,2,12.158815085101589,0.8921750903560626,3.090232306167813,False,True,True
REPLICATION,V1_DIRECT_NONPROPORTIONAL,60004,4096,IDENTIFYING_ASSUMPTION_VIOLATED,1.2716712879498224,0.017001766671811823,2,11.993593924830046,1.1486354601275073,3.090232306167813,False,True,True
REPLICATION,V1_DIRECT_NONPROPORTIONAL,60005,4096,IDENTIFYING_ASSUMPTION_VIOLATED,1.2554417420983908,0.017155419688661463,2,11.680452965488358,0.5326411916564918,3.090232306167813,False,True,True
REPLICATION,V1_DIRECT_NONPROPORTIONAL,60006,4096,IDENTIFYING_ASSUMPTION_VIOLATED,1.2662943789077765,0.01660475959711487,2,11.174799372769606,0.2513479725681037,3.090232306167813,False,True,True
REPLICATION,V1_DIRECT_NONPROPORTIONAL,60007,4096,IDENTIFYING_ASSUMPTION_VIOLATED,1.2755787307879527,0.017574961756420548,2,11.571791294131218,0.7941675484866123,3.090232306167813,False,True,True
REPLICATION,V1_DIRECT_NONPROPORTIONAL,60008,4096,IDENTIFYING_ASSUMPTION_VIOLATED,1.2635563132541916,0.018060415404444485,2,11.149005092905863,0.9402564663491808,3.090232306167813,False,True,True
REPLICATION,V1_DIRECT_NONPROPORTIONAL,60009,4096,IDENTIFYING_ASSUMPTION_VIOLATED,1.262649838386888,0.017279571033225735,2,11.648792368153295,0.9480891665693743,3.090232306167813,False,True,True
REPLICATION,V1_DIRECT_NONPROPORTIONAL,60010,4096,IDENTIFYING_ASSUMPTION_VIOLATED,1.256667074197825,0.016882537709621583,2,11.554820265823064,0.5975822893034952,3.090232306167813,False,True,True
REPLICATION,V1_DIRECT_NONPROPORTIONAL,60011,4096,IDENTIFYING_ASSUMPTION_VIOLATED,1.277045862037644,0.016832757777772604,2,11.031337075973177,0.16176377167305464,3.090232306167813,False,True,True
REPLICATION,V1_DIRECT_NONPROPORTIONAL,60012,4096,IDENTIFYING_ASSUMPTION_VIOLATED,1.2486556109005829,0.016552605469808454,2,11.381408032798193,0.6850693214805784,3.090232306167813,False,True,True
REPLICATION,V1_DIRECT_NONPROPORTIONAL,60013,4096,IDENTIFYING_ASSUMPTION_VIOLATED,1.2567012881787525,0.017478763785434486,2,11.923410391811395,0.2738456041430394,3.090232306167813,False,True,True
REPLICATION,V1_DIRECT_NONPROPORTIONAL,60014,4096,IDENTIFYING_ASSUMPTION_VIOLATED,1.2650726645828985,0.016407864270960734,2,11.539616023659551,1.6423432057670753,3.090232306167813,False,True,True
REPLICATION,V1_DIRECT_NONPROPORTIONAL,60015,4096,IDENTIFYING_ASSUMPTION_VIOLATED,1.2755338970603443,0.017357267070505087,2,11.332658092662033,1.6013756057425956,3.090232306167813,False,True,True
REPLICATION,V1_DIRECT_NONPROPORTIONAL,60016,4096,IDENTIFYING_ASSUMPTION_VIOLATED,1.2932370484522888,0.017686282454408064,2,11.53239313840494,1.931427233800811,3.090232306167813,False,True,True
REPLICATION,V1_DIRECT_NONPROPORTIONAL,60017,4096,IDENTIFYING_ASSUMPTION_VIOLATED,1.2883829081029095,0.01675785450567095,2,11.188705511671367,0.442647134167786,3.090232306167813,False,True,True
REPLICATION,V1_DIRECT_NONPROPORTIONAL,60018,4096,IDENTIFYING_ASSUMPTION_VIOLATED,1.2727973428307298,0.017211903633088086,2,11.960074018556918,1.6235282273653924,3.090232306167813,False,True,True
REPLICATION,V1_DIRECT_NONPROPORTIONAL,60019,4096,IDENTIFYING_ASSUMPTION_VIOLATED,1.2493578891612849,0.016031234798529026,2,9.955287693102301,0.9582529754994425,3.090232306167813,False,True,True
REPLICATION,V1_DIRECT_NONPROPORTIONAL,60020,4096,IDENTIFYING_ASSUMPTION_VIOLATED,1.2874416545615064,0.017312584744942544,2,11.635391847400909,0.7991864053505029,3.090232306167813,False,True,True
REPLICATION,V1_DIRECT_NONPROPORTIONAL,60021,4096,IDENTIFYING_ASSUMPTION_VIOLATED,1.2456903890914908,0.018170456351993013,2,10.749087904099486,0.9895468443278675,3.090232306167813,False,True,True
REPLICATION,V1_DIRECT_NONPROPORTIONAL,60022,4096,IDENTIFYING_ASSUMPTION_VIOLATED,1.2746369984640056,0.016927591935325358,2,11.182718165132526,0.9885428225305843,3.090232306167813,False,True,True
REPLICATION,V1_DIRECT_NONPROPORTIONAL,60023,4096,IDENTIFYING_ASSUMPTION_VIOLATED,1.284696979917381,0.017314653885335637,2,11.937013127115518,1.6202315168770278,3.090232306167813,False,True,True
REPLICATION,V1_DIRECT_NONPROPORTIONAL,60024,4096,IDENTIFYING_ASSUMPTION_VIOLATED,1.2517888856554662,0.01646212806914179,2,11.2574540773423,0.6732095202322194,3.090232306167813,False,True,True
REPLICATION,V1_DIRECT_NONPROPORTIONAL,60025,4096,IDENTIFYING_ASSUMPTION_VIOLATED,1.2539610765255904,0.01743258080071597,2,11.444593517440588,0.944613746675126,3.090232306167813,False,True,True
REPLICATION,V1_DIRECT_NONPROPORTIONAL,60026,4096,IDENTIFYING_ASSUMPTION_VIOLATED,1.2845895965377416,0.017658219529750895,2,12.040191804644005,0.6757409625476717,3.090232306167813,False,True,True
REPLICATION,V1_DIRECT_NONPROPORTIONAL,60027,4096,IDENTIFYING_ASSUMPTION_VIOLATED,1.2690057797759149,0.01679001305586617,2,11.497554673735829,0.5240754492306448,3.090232306167813,False,True,True
REPLICATION,V1_DIRECT_NONPROPORTIONAL,60028,4096,IDENTIFYING_ASSUMPTION_VIOLATED,1.2624086364343396,0.01691702973810695,2,10.900257529732876,0.44564214848699957,3.090232306167813,False,True,True
REPLICATION,V1_DIRECT_NONPROPORTIONAL,60029,4096,IDENTIFYING_ASSUMPTION_VIOLATED,1.267748796863722,0.016683092529407754,2,12.133282632144635,1.5353342268890982,3.090232306167813,False,True,True
REPLICATION,V1_DIRECT_NONPROPORTIONAL,60030,4096,IDENTIFYING_ASSUMPTION_VIOLATED,1.2542453235012456,0.016933697539808275,2,11.144912485731615,0.4537252908730742,3.090232306167813,False,True,True
REPLICATION,V1_DIRECT_NONPROPORTIONAL,60031,4096,IDENTIFYING_ASSUMPTION_VIOLATED,1.2545609697956441,0.017447534218275506,2,10.652247705781985,1.314875539609527,3.090232306167813,False,True,True
REPLICATION,V1_DIRECT_NONPROPORTIONAL,60032,4096,IDENTIFYING_ASSUMPTION_VIOLATED,1.2910282482029312,0.017838846721599064,2,11.134347657963303,0.4554409230527453,3.090232306167813,False,True,True
REPLICATION,V1_DIRECT_NONPROPORTIONAL,60033,4096,IDENTIFYING_ASSUMPTION_VIOLATED,1.268719937069616,0.01755628782840533,2,11.392370717730161,1.1443527179423985,3.090232306167813,False,True,True
REPLICATION,V1_DIRECT_NONPROPORTIONAL,60034,4096,IDENTIFYING_ASSUMPTION_VIOLATED,1.2742021487500603,0.016655489676425363,2,12.147306578267422,1.1197973124365899,3.090232306167813,False,True,True
REPLICATION,V1_DIRECT_NONPROPORTIONAL,60035,4096,IDENTIFYING_ASSUMPTION_VIOLATED,1.2350753146552307,0.016888326635122932,2,11.440016069314797,1.0221959837070869,3.090232306167813,False,True,True
REPLICATION,V1_DIRECT_NONPROPORTIONAL,60036,4096,IDENTIFYING_ASSUMPTION_VIOLATED,1.2695460316535145,0.016473783476340192,2,12.180804894691228,1.4981646254897711,3.090232306167813,False,True,True
REPLICATION,V1_DIRECT_NONPROPORTIONAL,60037,4096,IDENTIFYING_ASSUMPTION_VIOLATED,1.2651339732397824,0.016876164730811574,2,12.176753255859275,0.6900921985224201,3.090232306167813,False,True,True
REPLICATION,V1_DIRECT_NONPROPORTIONAL,60038,4096,IDENTIFYING_ASSUMPTION_VIOLATED,1.2754847325190473,0.017629072284818494,2,11.027164862049174,2.3623399251135475,3.090232306167813,False,True,True
REPLICATION,V1_DIRECT_NONPROPORTIONAL,60039,4096,IDENTIFYING_ASSUMPTION_VIOLATED,1.2673106918484798,0.016975081175924424,2,11.458518512044611,0.572322588133882,3.090232306167813,False,True,True
REPLICATION,V1_DIRECT_NONPROPORTIONAL,60040,4096,IDENTIFYING_ASSUMPTION_VIOLATED,1.2735553232762495,0.016847363552660703,2,12.340977382412435,1.920091172152058,3.090232306167813,False,True,True
REPLICATION,V1_DIRECT_NONPROPORTIONAL,60041,4096,IDENTIFYING_ASSUMPTION_VIOLATED,1.2726974211504527,0.017323280860294464,2,10.890326869213116,1.1451647622603511,3.090232306167813,False,True,True
REPLICATION,V1_DIRECT_NONPROPORTIONAL,60042,4096,IDENTIFYING_ASSUMPTION_VIOLATED,1.2428625530811688,0.016763001285011646,2,11.894531773491615,0.7361026938158404,3.090232306167813,False,True,True
REPLICATION,V1_DIRECT_NONPROPORTIONAL,60043,4096,IDENTIFYING_ASSUMPTION_VIOLATED,1.2999018099043953,0.017011410382304776,2,12.523523618467822,0.6400179262108214,3.090232306167813,False,True,True
REPLICATION,V1_DIRECT_NONPROPORTIONAL,60044,4096,IDENTIFYING_ASSUMPTION_VIOLATED,1.2547880031300314,0.01693555940750744,2,10.32636813606157,1.2584467404025328,3.090232306167813,False,True,True
REPLICATION,V1_DIRECT_NONPROPORTIONAL,60045,4096,IDENTIFYING_ASSUMPTION_VIOLATED,1.2316216093844627,0.016505843300196107,2,10.687984388430053,1.2576966114300663,3.090232306167813,False,True,True
REPLICATION,V1_DIRECT_NONPROPORTIONAL,60046,4096,IDENTIFYING_ASSUMPTION_VIOLATED,1.2627071092551823,0.016729715937659352,2,10.728960835162058,0.6426343172434636,3.090232306167813,False,True,True
REPLICATION,V1_DIRECT_NONPROPORTIONAL,60047,4096,IDENTIFYING_ASSUMPTION_VIOLATED,1.2568398851523488,0.016902232469175552,2,11.222398037906059,0.6913903667976852,3.090232306167813,False,True,True
REPLICATION,V1_DIRECT_NONPROPORTIONAL,60048,4096,IDENTIFYING_ASSUMPTION_VIOLATED,1.2633703995876386,0.016350687696753578,2,12.018296131267691,0.4720485460773566,3.090232306167813,False,True,True
REPLICATION,V1_DIRECT_NONPROPORTIONAL,60049,4096,IDENTIFYING_ASSUMPTION_VIOLATED,1.2500786416053677,0.016813165104193634,2,11.281749913383859,1.915450766516044,3.090232306167813,False,True,True
REPLICATION,V1_DIRECT_NONPROPORTIONAL,60050,4096,IDENTIFYING_ASSUMPTION_VIOLATED,1.256896824781954,0.01733267083146979,2,11.331368974788765,1.4580414163854227,3.090232306167813,False,True,True
REPLICATION,V1_DIRECT_NONPROPORTIONAL,60051,4096,IDENTIFYING_ASSUMPTION_VIOLATED,1.2885838959549893,0.017344624252578236,2,11.564038532647661,0.5332220315111819,3.090232306167813,False,True,True
REPLICATION,V1_DIRECT_NONPROPORTIONAL,60052,4096,IDENTIFYING_ASSUMPTION_VIOLATED,1.2605896473971219,0.01699954487730136,2,10.345437303635455,1.6231270528821042,3.090232306167813,False,True,True
REPLICATION,V1_DIRECT_NONPROPORTIONAL,60053,4096,IDENTIFYING_ASSUMPTION_VIOLATED,1.2638823118425446,0.017447640849369214,2,12.437087020370116,1.9843858762785622,3.090232306167813,False,True,True
REPLICATION,V1_DIRECT_NONPROPORTIONAL,60054,4096,IDENTIFYING_ASSUMPTION_VIOLATED,1.273671124665644,0.01681363432811615,2,11.231859160203964,0.8986476751799335,3.090232306167813,False,True,True
REPLICATION,V1_DIRECT_NONPROPORTIONAL,60055,4096,IDENTIFYING_ASSUMPTION_VIOLATED,1.2432519071806758,0.01730211972813555,2,11.364683070888375,1.1702788198895613,3.090232306167813,False,True,True
REPLICATION,V1_DIRECT_NONPROPORTIONAL,60056,4096,IDENTIFYING_ASSUMPTION_VIOLATED,1.2891051668887072,0.01687099085827452,2,11.410504402496983,1.5914010624410329,3.090232306167813,False,True,True
REPLICATION,V1_DIRECT_NONPROPORTIONAL,60057,4096,IDENTIFYING_ASSUMPTION_VIOLATED,1.2580856219731786,0.016794434871917244,2,10.73359313092766,0.3259811896803395,3.090232306167813,False,True,True
REPLICATION,V1_DIRECT_NONPROPORTIONAL,60058,4096,IDENTIFYING_ASSUMPTION_VIOLATED,1.2579671195986732,0.016585757120779303,2,12.267065759795441,1.1168988580035555,3.090232306167813,False,True,True
REPLICATION,V1_DIRECT_NONPROPORTIONAL,60059,4096,IDENTIFYING_ASSUMPTION_VIOLATED,1.2587880953611987,0.016723935901339096,2,10.592813140743903,0.6773889069496083,3.090232306167813,False,True,True
REPLICATION,V1_DIRECT_NONPROPORTIONAL,60060,4096,IDENTIFYING_ASSUMPTION_VIOLATED,1.2647860388775498,0.016595898961052662,2,11.453639415271509,0.48480073276107644,3.090232306167813,False,True,True
REPLICATION,V1_DIRECT_NONPROPORTIONAL,60061,4096,IDENTIFYING_ASSUMPTION_VIOLATED,1.2856577282371537,0.01693299451778346,2,11.898741996467564,1.0787175128374886,3.090232306167813,False,True,True
REPLICATION,V1_DIRECT_NONPROPORTIONAL,60062,4096,IDENTIFYING_ASSUMPTION_VIOLATED,1.276017389467669,0.01606911177669795,2,10.764956507820752,1.5821278766259497,3.090232306167813,False,True,True
REPLICATION,V1_DIRECT_NONPROPORTIONAL,60063,4096,IDENTIFYING_ASSUMPTION_VIOLATED,1.2485185711942783,0.016874460622933306,2,11.188145608240792,1.0253808988744446,3.090232306167813,False,True,True
REPLICATION,V1_DIRECT_NONPROPORTIONAL,60064,4096,IDENTIFYING_ASSUMPTION_VIOLATED,1.3034098162010141,0.0162967421033699,2,11.404465712167678,2.5275774856831483,3.090232306167813,False,True,True
REPLICATION,V1_DIRECT_NONPROPORTIONAL,60065,4096,IDENTIFYING_ASSUMPTION_VIOLATED,1.2745524035677667,0.017491503351276576,2,12.263043321952775,0.9828716259610459,3.090232306167813,False,True,True
REPLICATION,V1_DIRECT_NONPROPORTIONAL,60066,4096,IDENTIFYING_ASSUMPTION_VIOLATED,1.2396076222014107,0.017594262805519647,2,11.102781481726337,1.8210193618459523,3.090232306167813,False,True,True
REPLICATION,V1_DIRECT_NONPROPORTIONAL,60067,4096,IDENTIFYING_ASSUMPTION_VIOLATED,1.269809560488197,0.017064036371175734,2,10.815718325088408,0.518781486780927,3.090232306167813,False,True,True
REPLICATION,V1_DIRECT_NONPROPORTIONAL,60068,4096,IDENTIFYING_ASSUMPTION_VIOLATED,1.2583540786242908,0.016626782055097888,2,12.031987794456994,1.066285199560978,3.090232306167813,False,True,True
REPLICATION,V1_DIRECT_NONPROPORTIONAL,60069,4096,IDENTIFYING_ASSUMPTION_VIOLATED,1.271407097532076,0.01670163722839712,2,11.460057175131727,0.0784577964379978,3.090232306167813,False,True,True
REPLICATION,V1_DIRECT_NONPROPORTIONAL,60070,4096,IDENTIFYING_ASSUMPTION_VIOLATED,1.2940685074494374,0.017795282846355984,2,11.724476762131527,0.717433336382001,3.090232306167813,False,True,True
REPLICATION,V1_DIRECT_NONPROPORTIONAL,60071,4096,IDENTIFYING_ASSUMPTION_VIOLATED,1.257600296633889,0.016743537215894215,2,11.822454287307517,1.5743903854354944,3.090232306167813,False,True,True
REPLICATION,V1_DIRECT_NONPROPORTIONAL,60072,4096,IDENTIFYING_ASSUMPTION_VIOLATED,1.2804989794966426,0.017025486849020794,2,11.569428625172565,0.7441208840681279,3.090232306167813,False,True,True
REPLICATION,V1_DIRECT_NONPROPORTIONAL,60073,4096,IDENTIFYING_ASSUMPTION_VIOLATED,1.2636061413416728,0.016716572840961758,2,10.596946870294554,2.146175708304973,3.090232306167813,False,True,True
REPLICATION,V1_DIRECT_NONPROPORTIONAL,60074,4096,IDENTIFYING_ASSUMPTION_VIOLATED,1.2957638093526023,0.01597970621138315,2,11.156889769594086,2.3708429705555756,3.090232306167813,False,True,True
REPLICATION,V1_DIRECT_NONPROPORTIONAL,60075,4096,IDENTIFYING_ASSUMPTION_VIOLATED,1.271902137876768,0.015933777845096784,2,11.843477100163515,1.6486566101586675,3.090232306167813,False,True,True
REPLICATION,V1_DIRECT_NONPROPORTIONAL,60076,4096,IDENTIFYING_ASSUMPTION_VIOLATED,1.2554863080430385,0.016990057679478157,2,11.046065049077637,1.8862647620204964,3.090232306167813,False,True,True
REPLICATION,V1_DIRECT_NONPROPORTIONAL,60077,4096,IDENTIFYING_ASSUMPTION_VIOLATED,1.2728881478602825,0.017257443333606744,2,12.19439936367985,1.792477600329879,3.090232306167813,False,True,True
REPLICATION,V1_DIRECT_NONPROPORTIONAL,60078,4096,IDENTIFYING_ASSUMPTION_VIOLATED,1.2612631191130834,0.01774173857430949,2,11.92496609967833,1.301492117209023,3.090232306167813,False,True,True
REPLICATION,V1_DIRECT_NONPROPORTIONAL,60079,4096,IDENTIFYING_ASSUMPTION_VIOLATED,1.267813955934435,0.016702905929444387,2,11.126738631791273,1.337404529722381,3.090232306167813,False,True,True
REPLICATION,V1_DIRECT_NONPROPORTIONAL,60080,4096,IDENTIFYING_ASSUMPTION_VIOLATED,1.2645714164446564,0.01660928488256951,2,11.013615655295832,0.4224224127222461,3.090232306167813,False,True,True
REPLICATION,V1_DIRECT_NONPROPORTIONAL,60081,4096,IDENTIFYING_ASSUMPTION_VIOLATED,1.2717716374901746,0.017009369257602398,2,11.27375503036716,1.0829850379745718,3.090232306167813,False,True,True
REPLICATION,V1_DIRECT_NONPROPORTIONAL,60082,4096,IDENTIFYING_ASSUMPTION_VIOLATED,1.2778340621585926,0.017008959428536783,2,10.92265497332782,1.6546862914668419,3.090232306167813,False,True,True
REPLICATION,V1_DIRECT_NONPROPORTIONAL,60083,4096,IDENTIFYING_ASSUMPTION_VIOLATED,1.2868276655550803,0.01698678194922807,2,11.77995641286631,0.6924634725575297,3.090232306167813,False,True,True
REPLICATION,V1_DIRECT_NONPROPORTIONAL,60084,4096,IDENTIFYING_ASSUMPTION_VIOLATED,1.2892496841863086,0.017517483318178022,2,11.667225630036986,1.0606315632893237,3.090232306167813,False,True,True
REPLICATION,V1_DIRECT_NONPROPORTIONAL,60085,4096,IDENTIFYING_ASSUMPTION_VIOLATED,1.253786109130998,0.0166481989303038,2,11.553448530431467,0.8897173098588208,3.090232306167813,False,True,True
REPLICATION,V1_DIRECT_NONPROPORTIONAL,60086,4096,IDENTIFYING_ASSUMPTION_VIOLATED,1.2539414973163086,0.016656272878557823,2,11.597241104287091,2.1000888261633004,3.090232306167813,False,True,True
REPLICATION,V1_DIRECT_NONPROPORTIONAL,60087,4096,IDENTIFYING_ASSUMPTION_VIOLATED,1.2670508401529539,0.01655705125328286,2,11.830893998465147,0.6765772345867772,3.090232306167813,False,True,True
REPLICATION,V1_DIRECT_NONPROPORTIONAL,60088,4096,IDENTIFYING_ASSUMPTION_VIOLATED,1.271291090816489,0.0167857953819786,2,10.786737949786216,1.4192104953552995,3.090232306167813,False,True,True
REPLICATION,V1_DIRECT_NONPROPORTIONAL,60089,4096,IDENTIFYING_ASSUMPTION_VIOLATED,1.2848471072117806,0.016646237747341204,2,11.655241417278022,1.2813901116308009,3.090232306167813,False,True,True
REPLICATION,V1_DIRECT_NONPROPORTIONAL,60090,4096,IDENTIFYING_ASSUMPTION_VIOLATED,1.2370397917857958,0.016544277862229503,2,11.440242872245069,1.8398247367603338,3.090232306167813,False,True,True
REPLICATION,V1_DIRECT_NONPROPORTIONAL,60091,4096,IDENTIFYING_ASSUMPTION_VIOLATED,1.251065538033369,0.016454574870631716,2,10.151460362823753,0.7569313565059158,3.090232306167813,False,True,True
REPLICATION,V1_DIRECT_NONPROPORTIONAL,60092,4096,IDENTIFYING_ASSUMPTION_VIOLATED,1.2552350442845348,0.016802280152917987,2,12.195812821355831,1.5220595004918258,3.090232306167813,False,True,True
REPLICATION,V1_DIRECT_NONPROPORTIONAL,60093,4096,IDENTIFYING_ASSUMPTION_VIOLATED,1.2432680708229518,0.016925174450929937,2,10.521366670581711,1.0074215366147656,3.090232306167813,False,True,True
REPLICATION,V1_DIRECT_NONPROPORTIONAL,60094,4096,IDENTIFYING_ASSUMPTION_VIOLATED,1.277858588868208,0.01629099945116771,2,10.909696635935507,0.8250134937297247,3.090232306167813,False,True,True
REPLICATION,V1_DIRECT_NONPROPORTIONAL,60095,4096,IDENTIFYING_ASSUMPTION_VIOLATED,1.244932575081007,0.01726517316158117,2,10.62746823564198,0.5777531575007228,3.090232306167813,False,True,True
REPLICATION,V1_DIRECT_NONPROPORTIONAL,60096,4096,IDENTIFYING_ASSUMPTION_VIOLATED,1.2833386429774334,0.016625664165793995,2,11.694560209089925,1.3895784958601314,3.090232306167813,False,True,True
REPLICATION,V1_DIRECT_NONPROPORTIONAL,60097,4096,IDENTIFYING_ASSUMPTION_VIOLATED,1.2710622929212072,0.016937369302983646,2,11.590457550162572,0.619024065745574,3.090232306167813,False,True,True
REPLICATION,V1_DIRECT_NONPROPORTIONAL,60098,4096,IDENTIFYING_ASSUMPTION_VIOLATED,1.2814022431701309,0.017054222020951,2,11.562630340209388,0.9296426608374941,3.090232306167813,False,True,True
REPLICATION,V1_DIRECT_NONPROPORTIONAL,60099,4096,IDENTIFYING_ASSUMPTION_VIOLATED,1.2803749552902814,0.016321187189344125,2,12.299820649068042,2.1045511030843715,3.090232306167813,False,True,True
REPLICATION,V1_DIRECT_NONPROPORTIONAL,60100,4096,IDENTIFYING_ASSUMPTION_VIOLATED,1.2973825658333156,0.017695714209585555,2,11.5987268133518,0.34061334709752494,3.090232306167813,False,True,True
REPLICATION,V1_DIRECT_NONPROPORTIONAL,60101,4096,IDENTIFYING_ASSUMPTION_VIOLATED,1.2530564039673344,0.01736712890007052,2,11.679815459029237,0.3060356598100125,3.090232306167813,False,True,True
REPLICATION,V1_DIRECT_NONPROPORTIONAL,60102,4096,IDENTIFYING_ASSUMPTION_VIOLATED,1.2787120474857923,0.016963622889722547,2,10.303774452810266,1.6482786540539516,3.090232306167813,False,True,True
REPLICATION,V1_DIRECT_NONPROPORTIONAL,60103,4096,IDENTIFYING_ASSUMPTION_VIOLATED,1.2765902643515348,0.016704981422478126,2,11.453717355979638,1.8934073617823173,3.090232306167813,False,True,True
REPLICATION,V1_DIRECT_NONPROPORTIONAL,60104,4096,IDENTIFYING_ASSUMPTION_VIOLATED,1.299651838364616,0.01619060627151897,2,11.455391428298531,2.197647091861466,3.090232306167813,False,True,True
REPLICATION,V1_DIRECT_NONPROPORTIONAL,60105,4096,IDENTIFYING_ASSUMPTION_VIOLATED,1.2809019246219286,0.01764349917424642,2,12.203216099290856,0.7244252208381324,3.090232306167813,False,True,True
REPLICATION,V1_DIRECT_NONPROPORTIONAL,60106,4096,IDENTIFYING_ASSUMPTION_VIOLATED,1.252544786598633,0.017146097513481773,2,11.840495202781515,0.46914958591693906,3.090232306167813,False,True,True
REPLICATION,V1_DIRECT_NONPROPORTIONAL,60107,4096,IDENTIFYING_ASSUMPTION_VIOLATED,1.2879753123271453,0.016344122274234544,2,11.622333613630706,1.3299381346052923,3.090232306167813,False,True,True
REPLICATION,V1_DIRECT_NONPROPORTIONAL,60108,4096,IDENTIFYING_ASSUMPTION_VIOLATED,1.282035472508984,0.016899926630488837,2,11.733215488684776,1.4465093636481978,3.090232306167813,False,True,True
REPLICATION,V1_DIRECT_NONPROPORTIONAL,60109,4096,IDENTIFYING_ASSUMPTION_VIOLATED,1.268035870561832,0.0172861563820223,2,11.232289673741132,0.46393729124657396,3.090232306167813,False,True,True
REPLICATION,V1_DIRECT_NONPROPORTIONAL,60110,4096,IDENTIFYING_ASSUMPTION_VIOLATED,1.2792864095648446,0.017233957843122996,2,11.454639143222069,0.7832870181873128,3.090232306167813,False,True,True
REPLICATION,V1_DIRECT_NONPROPORTIONAL,60111,4096,IDENTIFYING_ASSUMPTION_VIOLATED,1.2667440681553594,0.01666574479256808,2,11.1397474168999,1.8107484995617695,3.090232306167813,False,True,True
REPLICATION,V1_DIRECT_NONPROPORTIONAL,60112,4096,IDENTIFYING_ASSUMPTION_VIOLATED,1.2873830570954703,0.01645291716278562,2,12.128357325763034,1.9123614402370925,3.090232306167813,False,True,True
REPLICATION,V1_DIRECT_NONPROPORTIONAL,60113,4096,IDENTIFYING_ASSUMPTION_VIOLATED,1.2602035633258526,0.01704156285859759,2,12.347590177985275,1.0787936860640286,3.090232306167813,False,True,True
REPLICATION,V1_DIRECT_NONPROPORTIONAL,60114,4096,IDENTIFYING_ASSUMPTION_VIOLATED,1.220327269202866,0.017426275749343068,2,10.475692210412193,1.1251858245472282,3.090232306167813,False,True,True
REPLICATION,V1_DIRECT_NONPROPORTIONAL,60115,4096,IDENTIFYING_ASSUMPTION_VIOLATED,1.2794200123508845,0.017183164461839814,2,10.629756575589438,0.6283444418415952,3.090232306167813,False,True,True
REPLICATION,V1_DIRECT_NONPROPORTIONAL,60116,4096,IDENTIFYING_ASSUMPTION_VIOLATED,1.244954588481373,0.01758486042470671,2,10.872661528288882,0.9267078104630325,3.090232306167813,False,True,True
REPLICATION,V1_DIRECT_NONPROPORTIONAL,60117,4096,IDENTIFYING_ASSUMPTION_VIOLATED,1.2795037108227219,0.016770101413334664,2,11.857374775366315,0.26243363862566904,3.090232306167813,False,True,True
REPLICATION,V1_DIRECT_NONPROPORTIONAL,60118,4096,IDENTIFYING_ASSUMPTION_VIOLATED,1.2635432223608807,0.01650615944927292,2,10.674598345688002,0.39654745844695366,3.090232306167813,False,True,True
REPLICATION,V1_DIRECT_NONPROPORTIONAL,60119,4096,IDENTIFYING_ASSUMPTION_VIOLATED,1.281288402440152,0.016880816158706815,2,12.161200529591046,1.777203673741724,3.090232306167813,False,True,True
REPLICATION,V1_DIRECT_NONPROPORTIONAL,60120,4096,IDENTIFYING_ASSUMPTION_VIOLATED,1.3052045688808345,0.01688260286263319,2,11.581726911079526,1.989579047396815,3.090232306167813,False,True,True
REPLICATION,V1_DIRECT_NONPROPORTIONAL,60121,4096,IDENTIFYING_ASSUMPTION_VIOLATED,1.2523068320505826,0.017296149031617837,2,11.201003714378226,0.8516796463610369,3.090232306167813,False,True,True
REPLICATION,V1_DIRECT_NONPROPORTIONAL,60122,4096,IDENTIFYING_ASSUMPTION_VIOLATED,1.283582078063225,0.017451211109213206,2,11.641475560843164,1.4315055665193077,3.090232306167813,False,True,True
REPLICATION,V1_DIRECT_NONPROPORTIONAL,60123,4096,IDENTIFYING_ASSUMPTION_VIOLATED,1.2601811731989396,0.018432709815213756,2,11.050126800795589,2.220029693193315,3.090232306167813,False,True,True
REPLICATION,V1_DIRECT_NONPROPORTIONAL,60124,4096,IDENTIFYING_ASSUMPTION_VIOLATED,1.268411436869025,0.016602073639227926,2,10.78971842631594,1.6301681788648803,3.090232306167813,False,True,True
REPLICATION,V1_DIRECT_NONPROPORTIONAL,60125,4096,IDENTIFYING_ASSUMPTION_VIOLATED,1.2687058319514106,0.016772385609609444,2,11.557680045293328,0.43832920661400276,3.090232306167813,False,True,True
REPLICATION,V1_DIRECT_NONPROPORTIONAL,60126,4096,IDENTIFYING_ASSUMPTION_VIOLATED,1.260719922756396,0.016792705494513848,2,11.479626366463545,0.9888251024946724,3.090232306167813,False,True,True
REPLICATION,V1_DIRECT_NONPROPORTIONAL,60127,4096,IDENTIFYING_ASSUMPTION_VIOLATED,1.276635291680563,0.017001201155954205,2,11.794206029600092,1.2022607102090757,3.090232306167813,False,True,True
REPLICATION,V2_R_U_CONFOUNDING,60000,4096,IDENTIFYING_ASSUMPTION_VIOLATED,1.2024317876456694,0.008303233670063413,2,3.3608982337710307,37.93255098174869,3.090232306167813,False,True,True
REPLICATION,V2_R_U_CONFOUNDING,60001,4096,IDENTIFYING_ASSUMPTION_VIOLATED,1.194190194320712,0.00836159364458959,2,0.8394581350707895,37.98429478116774,3.090232306167813,False,True,True
REPLICATION,V2_R_U_CONFOUNDING,60002,4096,IDENTIFYING_ASSUMPTION_VIOLATED,1.1887670913100232,0.00839953827970278,2,3.671446928997802,37.22458348979691,3.090232306167813,False,True,True
REPLICATION,V2_R_U_CONFOUNDING,60003,4096,IDENTIFYING_ASSUMPTION_VIOLATED,1.1846004128651093,0.008135070014925408,2,1.2647629783347256,39.161974096347514,3.090232306167813,False,True,True
REPLICATION,V2_R_U_CONFOUNDING,60004,4096,IDENTIFYING_ASSUMPTION_VIOLATED,1.186404198817372,0.008198987071859686,2,2.520489247622981,37.14849709604085,3.090232306167813,False,True,True
REPLICATION,V2_R_U_CONFOUNDING,60005,4096,IDENTIFYING_ASSUMPTION_VIOLATED,1.1912938897463174,0.008479507066697471,2,2.0218074280628624,37.13458323894586,3.090232306167813,False,True,True
REPLICATION,V2_R_U_CONFOUNDING,60006,4096,IDENTIFYING_ASSUMPTION_VIOLATED,1.1959094653448077,0.008075115592086849,2,2.9961764032156895,39.42731564606975,3.090232306167813,False,True,True
REPLICATION,V2_R_U_CONFOUNDING,60007,4096,IDENTIFYING_ASSUMPTION_VIOLATED,1.1975887977107014,0.008397401396771606,2,1.1843486226150624,38.56690572733524,3.090232306167813,False,True,True
REPLICATION,V2_R_U_CONFOUNDING,60008,4096,IDENTIFYING_ASSUMPTION_VIOLATED,1.1972250357113878,0.008427224849815446,2,2.5723782550328704,37.37422408916823,3.090232306167813,False,True,True
REPLICATION,V2_R_U_CONFOUNDING,60009,4096,IDENTIFYING_ASSUMPTION_VIOLATED,1.1851508934268697,0.008301057616150234,2,1.6879277994182929,37.452298655903775,3.090232306167813,False,True,True
REPLICATION,V2_R_U_CONFOUNDING,60010,4096,IDENTIFYING_ASSUMPTION_VIOLATED,1.1827796423607908,0.00836687617163271,2,3.027668869491302,37.27030276413497,3.090232306167813,False,True,True
REPLICATION,V2_R_U_CONFOUNDING,60011,4096,IDENTIFYING_ASSUMPTION_VIOLATED,1.182933667624209,0.008272352708289873,2,2.34177155012092,37.36139144253216,3.090232306167813,False,True,True
REPLICATION,V2_R_U_CONFOUNDING,60012,4096,IDENTIFYING_ASSUMPTION_VIOLATED,1.1748456974711836,0.008422836160570133,2,2.0985403997979364,36.40902718229382,3.090232306167813,False,True,True
REPLICATION,V2_R_U_CONFOUNDING,60013,4096,IDENTIFYING_ASSUMPTION_VIOLATED,1.1905086006140237,0.008380062648222395,2,2.2947383137797983,37.68471765703097,3.090232306167813,False,True,True
REPLICATION,V2_R_U_CONFOUNDING,60014,4096,IDENTIFYING_ASSUMPTION_VIOLATED,1.1851663681472768,0.008437812320371543,2,2.855055078603202,37.08976956985911,3.090232306167813,False,True,True
REPLICATION,V2_R_U_CONFOUNDING,60015,4096,IDENTIFYING_ASSUMPTION_VIOLATED,1.2006469482696531,0.008291513906428962,2,1.4478125079529236,37.83862181847099,3.090232306167813,False,True,True
REPLICATION,V2_R_U_CONFOUNDING,60016,4096,IDENTIFYING_ASSUMPTION_VIOLATED,1.2101062802180222,0.00850318017645936,2,1.5616780575419862,37.651100088437516,3.090232306167813,False,True,True
REPLICATION,V2_R_U_CONFOUNDING,60017,4096,IDENTIFYING_ASSUMPTION_VIOLATED,1.187773278225408,0.008201218940550719,2,2.6119306212768123,36.99265953498912,3.090232306167813,False,True,True
REPLICATION,V2_R_U_CONFOUNDING,60018,4096,IDENTIFYING_ASSUMPTION_VIOLATED,1.1986237406261262,0.008143824293056228,2,1.3744673365472508,37.85337059700617,3.090232306167813,False,True,True
REPLICATION,V2_R_U_CONFOUNDING,60019,4096,IDENTIFYING_ASSUMPTION_VIOLATED,1.1928110877348543,0.008210176584786056,2,4.848181253946815,36.779656752711375,3.090232306167813,False,True,True
REPLICATION,V2_R_U_CONFOUNDING,60020,4096,IDENTIFYING_ASSUMPTION_VIOLATED,1.2097428489412745,0.00813522863135467,2,1.2795115212088397,39.8773832999058,3.090232306167813,False,True,True
REPLICATION,V2_R_U_CONFOUNDING,60021,4096,IDENTIFYING_ASSUMPTION_VIOLATED,1.208156372866106,0.008337000934914152,2,2.3378248025106223,37.15977192115617,3.090232306167813,False,True,True
REPLICATION,V2_R_U_CONFOUNDING,60022,4096,IDENTIFYING_ASSUMPTION_VIOLATED,1.1934747504353973,0.008154844101809684,2,2.692531405565499,38.97865240765961,3.090232306167813,False,True,True
REPLICATION,V2_R_U_CONFOUNDING,60023,4096,IDENTIFYING_ASSUMPTION_VIOLATED,1.192401464859221,0.008517303155668024,2,1.062534647889579,38.213122116727455,3.090232306167813,False,True,True
REPLICATION,V2_R_U_CONFOUNDING,60024,4096,IDENTIFYING_ASSUMPTION_VIOLATED,1.1799363867751613,0.008074878439206686,2,2.1540392641205446,36.81581605362696,3.090232306167813,False,True,True
REPLICATION,V2_R_U_CONFOUNDING,60025,4096,IDENTIFYING_ASSUMPTION_VIOLATED,1.187856980702751,0.008550213830325983,2,2.5343902798631666,35.39238326175953,3.090232306167813,False,True,True
REPLICATION,V2_R_U_CONFOUNDING,60026,4096,IDENTIFYING_ASSUMPTION_VIOLATED,1.1947211885727234,0.008276431283603137,2,1.4056099613595117,39.280241669519384,3.090232306167813,False,True,True
REPLICATION,V2_R_U_CONFOUNDING,60027,4096,IDENTIFYING_ASSUMPTION_VIOLATED,1.1925487705024844,0.008632250285176066,2,2.5779945472309094,35.17072421079815,3.090232306167813,False,True,True
REPLICATION,V2_R_U_CONFOUNDING,60028,4096,IDENTIFYING_ASSUMPTION_VIOLATED,1.1943231871814273,0.008171780075775188,2,2.3068573610461707,38.836845799954204,3.090232306167813,False,True,True
REPLICATION,V2_R_U_CONFOUNDING,60029,4096,IDENTIFYING_ASSUMPTION_VIOLATED,1.1705907888160993,0.008412518948367437,2,1.1050967852396918,36.650801264857094,3.090232306167813,False,True,True
REPLICATION,V2_R_U_CONFOUNDING,60030,4096,IDENTIFYING_ASSUMPTION_VIOLATED,1.1846100602351846,0.008235842243437801,2,3.310801752957807,36.70647971371312,3.090232306167813,False,True,True
REPLICATION,V2_R_U_CONFOUNDING,60031,4096,IDENTIFYING_ASSUMPTION_VIOLATED,1.1981281127490573,0.008737985099635512,2,4.071945113137426,36.34889880891767,3.090232306167813,False,True,True
REPLICATION,V2_R_U_CONFOUNDING,60032,4096,IDENTIFYING_ASSUMPTION_VIOLATED,1.2062440421311127,0.008425604636985107,2,1.5783612675819145,37.95738703878999,3.090232306167813,False,True,True
REPLICATION,V2_R_U_CONFOUNDING,60033,4096,IDENTIFYING_ASSUMPTION_VIOLATED,1.1839914795609785,0.008542075256506786,2,3.2390047090177645,35.641855649238785,3.090232306167813,False,True,True
REPLICATION,V2_R_U_CONFOUNDING,60034,4096,IDENTIFYING_ASSUMPTION_VIOLATED,1.1805147572732562,0.008290299807966745,2,2.288396509185842,36.71968156740002,3.090232306167813,False,True,True
REPLICATION,V2_R_U_CONFOUNDING,60035,4096,IDENTIFYING_ASSUMPTION_VIOLATED,1.1699905121651148,0.008416666223444445,2,3.052451973485515,37.20048541011581,3.090232306167813,False,True,True
REPLICATION,V2_R_U_CONFOUNDING,60036,4096,IDENTIFYING_ASSUMPTION_VIOLATED,1.1979293670872837,0.008300248736215704,2,2.02556578467851,38.07011463965583,3.090232306167813,False,True,True
REPLICATION,V2_R_U_CONFOUNDING,60037,4096,IDENTIFYING_ASSUMPTION_VIOLATED,1.1804500470243307,0.008058182450312455,2,0.5442644876630772,37.80044934262369,3.090232306167813,False,True,True
REPLICATION,V2_R_U_CONFOUNDING,60038,4096,IDENTIFYING_ASSUMPTION_VIOLATED,1.203403186976824,0.008351327778935406,2,2.925968194605679,36.582339851564996,3.090232306167813,False,True,True
REPLICATION,V2_R_U_CONFOUNDING,60039,4096,IDENTIFYING_ASSUMPTION_VIOLATED,1.1960891455434315,0.00836018968874876,2,3.0002560971833367,37.31317235975363,3.090232306167813,False,True,True
REPLICATION,V2_R_U_CONFOUNDING,60040,4096,IDENTIFYING_ASSUMPTION_VIOLATED,1.1984157290889899,0.008312017658335773,2,1.2511731547738374,37.43487946458215,3.090232306167813,False,True,True
REPLICATION,V2_R_U_CONFOUNDING,60041,4096,IDENTIFYING_ASSUMPTION_VIOLATED,1.2027289778372905,0.00837102345757921,2,2.9244169939293467,38.276730536273234,3.090232306167813,False,True,True
REPLICATION,V2_R_U_CONFOUNDING,60042,4096,IDENTIFYING_ASSUMPTION_VIOLATED,1.1819731947642316,0.008378815414796957,2,0.8465859959469985,36.965855025151434,3.090232306167813,False,True,True
REPLICATION,V2_R_U_CONFOUNDING,60043,4096,IDENTIFYING_ASSUMPTION_VIOLATED,1.2135012016765265,0.008067798316709748,2,0.6320401098031565,39.459618007974385,3.090232306167813,False,True,True
REPLICATION,V2_R_U_CONFOUNDING,60044,4096,IDENTIFYING_ASSUMPTION_VIOLATED,1.203866904006188,0.008491189940104104,2,2.4304335084978317,36.61212862171884,3.090232306167813,False,True,True
REPLICATION,V2_R_U_CONFOUNDING,60045,4096,IDENTIFYING_ASSUMPTION_VIOLATED,1.1825094198930772,0.00802699623089811,2,2.1463065705433455,37.7825463829884,3.090232306167813,False,True,True
REPLICATION,V2_R_U_CONFOUNDING,60046,4096,IDENTIFYING_ASSUMPTION_VIOLATED,1.195649908515334,0.008231657751534593,2,3.657836010767604,37.90926504897718,3.090232306167813,False,True,True
REPLICATION,V2_R_U_CONFOUNDING,60047,4096,IDENTIFYING_ASSUMPTION_VIOLATED,1.1957539354710194,0.008150711504809309,2,2.4098671404397956,38.58070305309565,3.090232306167813,False,True,True
REPLICATION,V2_R_U_CONFOUNDING,60048,4096,IDENTIFYING_ASSUMPTION_VIOLATED,1.1913519699021167,0.0081225982951433,2,2.1001728714807095,36.965635687229884,3.090232306167813,False,True,True
REPLICATION,V2_R_U_CONFOUNDING,60049,4096,IDENTIFYING_ASSUMPTION_VIOLATED,1.2018775748134798,0.008117403836748362,2,4.041768193150455,38.87249879839088,3.090232306167813,False,True,True
REPLICATION,V2_R_U_CONFOUNDING,60050,4096,IDENTIFYING_ASSUMPTION_VIOLATED,1.1853337552976362,0.008199533287725531,2,2.497302210224599,36.5601896037177,3.090232306167813,False,True,True
REPLICATION,V2_R_U_CONFOUNDING,60051,4096,IDENTIFYING_ASSUMPTION_VIOLATED,1.2065315442672597,0.008346830485629581,2,1.971752296041356,38.060331824532376,3.090232306167813,False,True,True
REPLICATION,V2_R_U_CONFOUNDING,60052,4096,IDENTIFYING_ASSUMPTION_VIOLATED,1.1956044607357756,0.00837213375035927,2,3.3640718265540213,37.10975355637098,3.090232306167813,False,True,True
REPLICATION,V2_R_U_CONFOUNDING,60053,4096,IDENTIFYING_ASSUMPTION_VIOLATED,1.1842628261104655,0.008483464015965048,2,1.7444517625740537,36.33202856321123,3.090232306167813,False,True,True
REPLICATION,V2_R_U_CONFOUNDING,60054,4096,IDENTIFYING_ASSUMPTION_VIOLATED,1.1965922911397282,0.008325961966388056,2,2.866604416705389,36.930094163112024,3.090232306167813,False,True,True
REPLICATION,V2_R_U_CONFOUNDING,60055,4096,IDENTIFYING_ASSUMPTION_VIOLATED,1.2003427872747505,0.008323453255148699,2,1.9191890986815716,38.22191545125185,3.090232306167813,False,True,True
REPLICATION,V2_R_U_CONFOUNDING,60056,4096,IDENTIFYING_ASSUMPTION_VIOLATED,1.2065669722009669,0.008270983429512099,2,1.3778531065118782,39.205551612308334,3.090232306167813,False,True,True
REPLICATION,V2_R_U_CONFOUNDING,60057,4096,IDENTIFYING_ASSUMPTION_VIOLATED,1.1896476269050873,0.008108254201223339,2,1.5295584195801069,37.081006878473694,3.090232306167813,False,True,True
REPLICATION,V2_R_U_CONFOUNDING,60058,4096,IDENTIFYING_ASSUMPTION_VIOLATED,1.1762061578872003,0.008175007744020612,2,2.3965354057141135,38.18762957490153,3.090232306167813,False,True,True
REPLICATION,V2_R_U_CONFOUNDING,60059,4096,IDENTIFYING_ASSUMPTION_VIOLATED,1.1972548902622935,0.008316032505295296,2,1.8029778420959968,38.373519069534076,3.090232306167813,False,True,True
REPLICATION,V2_R_U_CONFOUNDING,60060,4096,IDENTIFYING_ASSUMPTION_VIOLATED,1.2002938999791615,0.00810152172839934,2,1.1304900293957698,38.696252254702614,3.090232306167813,False,True,True
REPLICATION,V2_R_U_CONFOUNDING,60061,4096,IDENTIFYING_ASSUMPTION_VIOLATED,1.1911021547025746,0.008225499846875404,2,0.2150805233561326,38.32610459976718,3.090232306167813,False,True,True
REPLICATION,V2_R_U_CONFOUNDING,60062,4096,IDENTIFYING_ASSUMPTION_VIOLATED,1.1848737806862082,0.008213908086522833,2,2.8835787531951302,36.742947161842196,3.090232306167813,False,True,True
REPLICATION,V2_R_U_CONFOUNDING,60063,4096,IDENTIFYING_ASSUMPTION_VIOLATED,1.19778946807527,0.00849418736946118,2,3.2474804077332964,36.44749421420143,3.090232306167813,False,True,True
REPLICATION,V2_R_U_CONFOUNDING,60064,4096,IDENTIFYING_ASSUMPTION_VIOLATED,1.1955216880904103,0.008194250876077601,2,2.670146523647142,37.195127649468006,3.090232306167813,False,True,True
REPLICATION,V2_R_U_CONFOUNDING,60065,4096,IDENTIFYING_ASSUMPTION_VIOLATED,1.1927814384953697,0.0084048134545818,2,0.48074156740398394,35.49525025534132,3.090232306167813,False,True,True
REPLICATION,V2_R_U_CONFOUNDING,60066,4096,IDENTIFYING_ASSUMPTION_VIOLATED,1.2044636808318718,0.008324097327729837,2,2.6816272475473504,36.99902408127617,3.090232306167813,False,True,True
REPLICATION,V2_R_U_CONFOUNDING,60067,4096,IDENTIFYING_ASSUMPTION_VIOLATED,1.213552477762847,0.008294074753559014,2,3.3287488575691517,39.332738739042036,3.090232306167813,False,True,True
REPLICATION,V2_R_U_CONFOUNDING,60068,4096,IDENTIFYING_ASSUMPTION_VIOLATED,1.175433506696581,0.008443346097211323,2,1.1258188244497507,37.224483422784274,3.090232306167813,False,True,True
REPLICATION,V2_R_U_CONFOUNDING,60069,4096,IDENTIFYING_ASSUMPTION_VIOLATED,1.1937940346686957,0.008252168310629382,2,1.0449479965932218,37.86382674778631,3.090232306167813,False,True,True
REPLICATION,V2_R_U_CONFOUNDING,60070,4096,IDENTIFYING_ASSUMPTION_VIOLATED,1.2016749831495164,0.008224893177652116,2,1.0399075324032339,37.64757533045086,3.090232306167813,False,True,True
REPLICATION,V2_R_U_CONFOUNDING,60071,4096,IDENTIFYING_ASSUMPTION_VIOLATED,1.1839370615884424,0.008322074348339233,2,3.3948484898935907,36.7360936105583,3.090232306167813,False,True,True
REPLICATION,V2_R_U_CONFOUNDING,60072,4096,IDENTIFYING_ASSUMPTION_VIOLATED,1.181543955181103,0.008355524497824406,2,2.1986197981796334,36.87650419642901,3.090232306167813,False,True,True
REPLICATION,V2_R_U_CONFOUNDING,60073,4096,IDENTIFYING_ASSUMPTION_VIOLATED,1.1963287648347203,0.008182074655594992,2,3.4067684341282636,36.902465453335765,3.090232306167813,False,True,True
REPLICATION,V2_R_U_CONFOUNDING,60074,4096,IDENTIFYING_ASSUMPTION_VIOLATED,1.2047885982407562,0.00813169510040198,2,3.141502061090579,37.044322642611355,3.090232306167813,False,True,True
REPLICATION,V2_R_U_CONFOUNDING,60075,4096,IDENTIFYING_ASSUMPTION_VIOLATED,1.180259854554124,0.008031775857337088,2,0.9639053882549424,37.20699781773857,3.090232306167813,False,True,True
REPLICATION,V2_R_U_CONFOUNDING,60076,4096,IDENTIFYING_ASSUMPTION_VIOLATED,1.1975090225897618,0.008203055916277416,2,2.3685000046481477,37.935586043532666,3.090232306167813,False,True,True
REPLICATION,V2_R_U_CONFOUNDING,60077,4096,IDENTIFYING_ASSUMPTION_VIOLATED,1.1875496494684823,0.008220487284371188,2,0.6367051121340943,39.37356637929383,3.090232306167813,False,True,True
REPLICATION,V2_R_U_CONFOUNDING,60078,4096,IDENTIFYING_ASSUMPTION_VIOLATED,1.2033040275009486,0.008595070500152544,2,0.049000448223458365,38.22609077004476,3.090232306167813,False,True,True
REPLICATION,V2_R_U_CONFOUNDING,60079,4096,IDENTIFYING_ASSUMPTION_VIOLATED,1.1801258304866111,0.00839536981946839,2,3.1903000126791303,37.672847748981916,3.090232306167813,False,True,True
REPLICATION,V2_R_U_CONFOUNDING,60080,4096,IDENTIFYING_ASSUMPTION_VIOLATED,1.1871449154288707,0.008263820418153444,2,3.7309705109551197,36.97699020958602,3.090232306167813,False,True,True
REPLICATION,V2_R_U_CONFOUNDING,60081,4096,IDENTIFYING_ASSUMPTION_VIOLATED,1.193277238983243,0.008251538842693097,2,2.8740503726148408,37.49620138398332,3.090232306167813,False,True,True
REPLICATION,V2_R_U_CONFOUNDING,60082,4096,IDENTIFYING_ASSUMPTION_VIOLATED,1.1956302901651694,0.008438330233587917,2,4.059435383910744,38.183294903021086,3.090232306167813,False,True,True
REPLICATION,V2_R_U_CONFOUNDING,60083,4096,IDENTIFYING_ASSUMPTION_VIOLATED,1.2010798089040222,0.008463399168211901,2,0.9226630353041867,37.11806179082604,3.090232306167813,False,True,True
REPLICATION,V2_R_U_CONFOUNDING,60084,4096,IDENTIFYING_ASSUMPTION_VIOLATED,1.183818513246557,0.00834934129029318,2,1.6739475695954216,37.908417503226886,3.090232306167813,False,True,True
REPLICATION,V2_R_U_CONFOUNDING,60085,4096,IDENTIFYING_ASSUMPTION_VIOLATED,1.1859592329929256,0.00824014742957561,2,1.36696472350792,37.595498452096464,3.090232306167813,False,True,True
REPLICATION,V2_R_U_CONFOUNDING,60086,4096,IDENTIFYING_ASSUMPTION_VIOLATED,1.1832750259486633,0.00803587126326457,2,1.9533719426733118,36.027410312317606,3.090232306167813,False,True,True
REPLICATION,V2_R_U_CONFOUNDING,60087,4096,IDENTIFYING_ASSUMPTION_VIOLATED,1.1850963499508176,0.008214854721346684,2,1.4743064255165201,37.40857868406299,3.090232306167813,False,True,True
REPLICATION,V2_R_U_CONFOUNDING,60088,4096,IDENTIFYING_ASSUMPTION_VIOLATED,1.2085849000945137,0.008181601115000594,2,1.9255563837841876,36.58217006837249,3.090232306167813,False,True,True
REPLICATION,V2_R_U_CONFOUNDING,60089,4096,IDENTIFYING_ASSUMPTION_VIOLATED,1.1875294170246622,0.008238947738142294,2,2.180442218481831,37.77197757938908,3.090232306167813,False,True,True
REPLICATION,V2_R_U_CONFOUNDING,60090,4096,IDENTIFYING_ASSUMPTION_VIOLATED,1.17581105159683,0.008393762275221928,2,1.8139779008278183,35.72156211343744,3.090232306167813,False,True,True
REPLICATION,V2_R_U_CONFOUNDING,60091,4096,IDENTIFYING_ASSUMPTION_VIOLATED,1.1986721041639452,0.008031569572589214,2,3.6106733773987387,38.26854255165016,3.090232306167813,False,True,True
REPLICATION,V2_R_U_CONFOUNDING,60092,4096,IDENTIFYING_ASSUMPTION_VIOLATED,1.1744312778990706,0.008156205345925116,2,1.256048651599504,37.07732847122114,3.090232306167813,False,True,True
REPLICATION,V2_R_U_CONFOUNDING,60093,4096,IDENTIFYING_ASSUMPTION_VIOLATED,1.1878246367431287,0.008376384655715262,2,2.8004730798695134,37.08856110494169,3.090232306167813,False,True,True
REPLICATION,V2_R_U_CONFOUNDING,60094,4096,IDENTIFYING_ASSUMPTION_VIOLATED,1.2075725303255513,0.008073430624287002,2,3.214160100047038,37.004716289064405,3.090232306167813,False,True,True
REPLICATION,V2_R_U_CONFOUNDING,60095,4096,IDENTIFYING_ASSUMPTION_VIOLATED,1.1945080745511671,0.008363656525959582,2,2.9754773954164557,37.87003429966893,3.090232306167813,False,True,True
REPLICATION,V2_R_U_CONFOUNDING,60096,4096,IDENTIFYING_ASSUMPTION_VIOLATED,1.184127562997796,0.008436121766767253,2,1.2503927134450246,37.07061003024174,3.090232306167813,False,True,True
REPLICATION,V2_R_U_CONFOUNDING,60097,4096,IDENTIFYING_ASSUMPTION_VIOLATED,1.1946159560172174,0.008176552958042082,2,2.127617992036026,38.18917970053559,3.090232306167813,False,True,True
REPLICATION,V2_R_U_CONFOUNDING,60098,4096,IDENTIFYING_ASSUMPTION_VIOLATED,1.1821075373118348,0.008409338252991052,2,1.6774928403178584,37.10319602419904,3.090232306167813,False,True,True
REPLICATION,V2_R_U_CONFOUNDING,60099,4096,IDENTIFYING_ASSUMPTION_VIOLATED,1.179268508042374,0.008331135381765614,2,0.457947156954884,38.33174026651917,3.090232306167813,False,True,True
REPLICATION,V2_R_U_CONFOUNDING,60100,4096,IDENTIFYING_ASSUMPTION_VIOLATED,1.2093414049849351,0.008385735772873217,2,0.7951470887323443,36.851463352162405,3.090232306167813,False,True,True
REPLICATION,V2_R_U_CONFOUNDING,60101,4096,IDENTIFYING_ASSUMPTION_VIOLATED,1.1914185176017245,0.008263816490246028,2,0.634235554517542,38.470664504255886,3.090232306167813,False,True,True
REPLICATION,V2_R_U_CONFOUNDING,60102,4096,IDENTIFYING_ASSUMPTION_VIOLATED,1.2113775618357867,0.008314998633648128,2,5.301812002000168,38.338281065051866,3.090232306167813,False,True,True
REPLICATION,V2_R_U_CONFOUNDING,60103,4096,IDENTIFYING_ASSUMPTION_VIOLATED,1.1999171127247363,0.008105064195620352,2,3.340297296560866,39.41582127709691,3.090232306167813,False,True,True
REPLICATION,V2_R_U_CONFOUNDING,60104,4096,IDENTIFYING_ASSUMPTION_VIOLATED,1.1886438767701923,0.008217236754404339,2,2.5945100285327225,37.05049349177841,3.090232306167813,False,True,True
REPLICATION,V2_R_U_CONFOUNDING,60105,4096,IDENTIFYING_ASSUMPTION_VIOLATED,1.1743952970130158,0.008489690135342025,2,0.3332982954449053,36.01754452133929,3.090232306167813,False,True,True
REPLICATION,V2_R_U_CONFOUNDING,60106,4096,IDENTIFYING_ASSUMPTION_VIOLATED,1.173781757120161,0.008433000435128448,2,1.9602733561257952,38.50755259205487,3.090232306167813,False,True,True
REPLICATION,V2_R_U_CONFOUNDING,60107,4096,IDENTIFYING_ASSUMPTION_VIOLATED,1.1872674230542215,0.008304920853588162,2,3.4306356122873907,36.26460399501476,3.090232306167813,False,True,True
REPLICATION,V2_R_U_CONFOUNDING,60108,4096,IDENTIFYING_ASSUMPTION_VIOLATED,1.1995848013270667,0.008040986271267583,2,3.3890636472524682,38.879965348727815,3.090232306167813,False,True,True
REPLICATION,V2_R_U_CONFOUNDING,60109,4096,IDENTIFYING_ASSUMPTION_VIOLATED,1.1974553694907728,0.00833732708785444,2,2.7273914028485775,38.96703121505996,3.090232306167813,False,True,True
REPLICATION,V2_R_U_CONFOUNDING,60110,4096,IDENTIFYING_ASSUMPTION_VIOLATED,1.2095636588930292,0.008125040182930227,2,1.1737273860642725,38.739528646873744,3.090232306167813,False,True,True
REPLICATION,V2_R_U_CONFOUNDING,60111,4096,IDENTIFYING_ASSUMPTION_VIOLATED,1.185826103730547,0.00837496242104944,2,3.9470599655167145,38.743002133750814,3.090232306167813,False,True,True
REPLICATION,V2_R_U_CONFOUNDING,60112,4096,IDENTIFYING_ASSUMPTION_VIOLATED,1.1896587603449404,0.008295756483581492,2,2.021929046859138,38.02367377628731,3.090232306167813,False,True,True
REPLICATION,V2_R_U_CONFOUNDING,60113,4096,IDENTIFYING_ASSUMPTION_VIOLATED,1.197978459342666,0.008233574938242488,2,0.6060400644366561,39.89130290463552,3.090232306167813,False,True,True
REPLICATION,V2_R_U_CONFOUNDING,60114,4096,IDENTIFYING_ASSUMPTION_VIOLATED,1.1853185521728462,0.008635818977217201,2,3.7460373871006527,36.33019039363407,3.090232306167813,False,True,True
REPLICATION,V2_R_U_CONFOUNDING,60115,4096,IDENTIFYING_ASSUMPTION_VIOLATED,1.204274396278413,0.008469377045658255,2,3.5681526102845957,36.33872699782033,3.090232306167813,False,True,True
REPLICATION,V2_R_U_CONFOUNDING,60116,4096,IDENTIFYING_ASSUMPTION_VIOLATED,1.2030403165618955,0.008337776926990082,2,2.5844318677717504,37.03068434563653,3.090232306167813,False,True,True
REPLICATION,V2_R_U_CONFOUNDING,60117,4096,IDENTIFYING_ASSUMPTION_VIOLATED,1.1855286378443202,0.008245484756277238,2,0.30042555122654213,38.21942430428756,3.090232306167813,False,True,True
REPLICATION,V2_R_U_CONFOUNDING,60118,4096,IDENTIFYING_ASSUMPTION_VIOLATED,1.2001011223599631,0.008279586740387578,2,3.862655901547864,36.55325187340613,3.090232306167813,False,True,True
REPLICATION,V2_R_U_CONFOUNDING,60119,4096,IDENTIFYING_ASSUMPTION_VIOLATED,1.183379882692373,0.008538601636137849,2,2.322870970340704,36.617088334063986,3.090232306167813,False,True,True
REPLICATION,V2_R_U_CONFOUNDING,60120,4096,IDENTIFYING_ASSUMPTION_VIOLATED,1.1911742751538783,0.008292853636502714,2,2.5365157132998046,37.591410311786994,3.090232306167813,False,True,True
REPLICATION,V2_R_U_CONFOUNDING,60121,4096,IDENTIFYING_ASSUMPTION_VIOLATED,1.185633292014435,0.00813229772368562,2,3.0569712822124573,36.87177765233965,3.090232306167813,False,True,True
REPLICATION,V2_R_U_CONFOUNDING,60122,4096,IDENTIFYING_ASSUMPTION_VIOLATED,1.2041522679639554,0.0081427489397267,2,2.0281517305216354,39.10280390406878,3.090232306167813,False,True,True
REPLICATION,V2_R_U_CONFOUNDING,60123,4096,IDENTIFYING_ASSUMPTION_VIOLATED,1.2057591442040954,0.008543228763225002,2,3.1541780146259613,37.114145702645104,3.090232306167813,False,True,True
REPLICATION,V2_R_U_CONFOUNDING,60124,4096,IDENTIFYING_ASSUMPTION_VIOLATED,1.2064363218740766,0.008205491438462784,2,3.1120418568006087,39.02897822213452,3.090232306167813,False,True,True
REPLICATION,V2_R_U_CONFOUNDING,60125,4096,IDENTIFYING_ASSUMPTION_VIOLATED,1.2000918010150925,0.008254949070600658,2,2.3190013391611872,37.091801835534895,3.090232306167813,False,True,True
REPLICATION,V2_R_U_CONFOUNDING,60126,4096,IDENTIFYING_ASSUMPTION_VIOLATED,1.1928534112729754,0.008170251706352216,2,2.4487387052818765,37.03365302750956,3.090232306167813,False,True,True
REPLICATION,V2_R_U_CONFOUNDING,60127,4096,IDENTIFYING_ASSUMPTION_VIOLATED,1.1836737702423743,0.008335558182894352,2,1.116659694653307,37.78546354297225,3.090232306167813,False,True,True
REPLICATION,V3_ALEATORIC_HIGH,60000,4096,CAUSAL_CANDIDATE_UNDER_ASSUMPTIONS,0.8132267605607673,0.048401094821124827,2,0.4003385198299187,0.7632117935635024,3.090232306167813,False,True,True
REPLICATION,V3_ALEATORIC_HIGH,60001,4096,CAUSAL_CANDIDATE_UNDER_ASSUMPTIONS,0.8389118238762692,0.048271303962964855,2,0.9510491453492905,0.7361976472059614,3.090232306167813,False,True,True
REPLICATION,V3_ALEATORIC_HIGH,60002,4096,CAUSAL_CANDIDATE_UNDER_ASSUMPTIONS,0.8039391661927778,0.04850037180611454,2,1.0065449956289054,0.8167715318812364,3.090232306167813,False,True,True
REPLICATION,V3_ALEATORIC_HIGH,60003,4096,CAUSAL_CANDIDATE_UNDER_ASSUMPTIONS,0.7873746415963926,0.04631633669525519,2,1.961670177580268,0.8921750903560626,3.090232306167813,False,True,True
REPLICATION,V3_ALEATORIC_HIGH,60004,4096,CAUSAL_CANDIDATE_UNDER_ASSUMPTIONS,0.797045518502851,0.04752802245654915,2,0.37202039470253556,1.1486354601275073,3.090232306167813,False,True,True
REPLICATION,V3_ALEATORIC_HIGH,60005,4096,CAUSAL_CANDIDATE_UNDER_ASSUMPTIONS,0.7421532668314246,0.048296909905010364,2,0.8256354155085673,0.5326411916564918,3.090232306167813,False,True,True
REPLICATION,V3_ALEATORIC_HIGH,60006,4096,CAUSAL_CANDIDATE_UNDER_ASSUMPTIONS,0.8129793135191563,0.0471356216098126,2,1.2014271119421724,0.2513479725681037,3.090232306167813,False,True,True
REPLICATION,V3_ALEATORIC_HIGH,60007,4096,CAUSAL_CANDIDATE_UNDER_ASSUMPTIONS,0.7510501486398802,0.04931215350719735,2,0.5558583408463267,0.7941675484866123,3.090232306167813,False,True,True
REPLICATION,V3_ALEATORIC_HIGH,60008,4096,CAUSAL_CANDIDATE_UNDER_ASSUMPTIONS,0.7161413634659475,0.05073019086922293,2,1.0765815119909983,0.9402564663491808,3.090232306167813,False,True,True
REPLICATION,V3_ALEATORIC_HIGH,60009,4096,CAUSAL_CANDIDATE_UNDER_ASSUMPTIONS,0.7852392956715256,0.04893981286770252,2,0.18864542605725798,0.9480891665693743,3.090232306167813,False,True,True
REPLICATION,V3_ALEATORIC_HIGH,60010,4096,CAUSAL_CANDIDATE_UNDER_ASSUMPTIONS,0.7668612895442302,0.047134594500397885,2,0.028214758913213817,0.5975822893034952,3.090232306167813,False,True,True
REPLICATION,V3_ALEATORIC_HIGH,60011,4096,CAUSAL_CANDIDATE_UNDER_ASSUMPTIONS,0.823838682270886,0.047551086868917354,2,0.035009919825760134,0.16176377167305464,3.090232306167813,False,True,True
REPLICATION,V3_ALEATORIC_HIGH,60012,4096,CAUSAL_CANDIDATE_UNDER_ASSUMPTIONS,0.7399672798936494,0.04688459276211667,2,0.2549997515857335,0.6850693214805784,3.090232306167813,False,True,True
REPLICATION,V3_ALEATORIC_HIGH,60013,4096,CAUSAL_CANDIDATE_UNDER_ASSUMPTIONS,0.7426296269852621,0.04918679679483518,2,0.5703744636957053,0.2738456041430394,3.090232306167813,False,True,True
REPLICATION,V3_ALEATORIC_HIGH,60014,4096,CAUSAL_CANDIDATE_UNDER_ASSUMPTIONS,0.8189214428990867,0.046124939101661995,2,0.3376885924439432,1.6423432057670753,3.090232306167813,False,True,True
REPLICATION,V3_ALEATORIC_HIGH,60015,4096,CAUSAL_CANDIDATE_UNDER_ASSUMPTIONS,0.8787675528580032,0.049493248280439224,2,0.04513160182659122,1.6013756057425956,3.090232306167813,False,True,True
REPLICATION,V3_ALEATORIC_HIGH,60016,4096,CAUSAL_CANDIDATE_UNDER_ASSUMPTIONS,0.8150339259578424,0.049297647334254555,2,0.32335545838764074,1.931427233800811,3.090232306167813,False,True,True
REPLICATION,V3_ALEATORIC_HIGH,60017,4096,CAUSAL_CANDIDATE_UNDER_ASSUMPTIONS,0.8425915786626327,0.04813999585530548,2,0.19289411734203502,0.442647134167786,3.090232306167813,False,True,True
REPLICATION,V3_ALEATORIC_HIGH,60018,4096,CAUSAL_CANDIDATE_UNDER_ASSUMPTIONS,0.7986070099870417,0.04829355518887074,2,1.1511469653000381,1.6235282273653924,3.090232306167813,False,True,True
REPLICATION,V3_ALEATORIC_HIGH,60019,4096,CAUSAL_CANDIDATE_UNDER_ASSUMPTIONS,0.8366858153152971,0.04577711500003287,2,2.474948097941976,0.9582529754994425,3.090232306167813,False,True,True
REPLICATION,V3_ALEATORIC_HIGH,60020,4096,CAUSAL_CANDIDATE_UNDER_ASSUMPTIONS,0.8753373397748196,0.04855728890494568,2,1.1407747874914358,0.7991864053505029,3.090232306167813,False,True,True
REPLICATION,V3_ALEATORIC_HIGH,60021,4096,CAUSAL_CANDIDATE_UNDER_ASSUMPTIONS,0.7022549375545774,0.05143505261255563,2,0.7290260189707678,0.9895468443278675,3.090232306167813,False,True,True
REPLICATION,V3_ALEATORIC_HIGH,60022,4096,CAUSAL_CANDIDATE_UNDER_ASSUMPTIONS,0.8167203010483362,0.04821686113515678,2,0.07967988785289827,0.9885428225305843,3.090232306167813,False,True,True
REPLICATION,V3_ALEATORIC_HIGH,60023,4096,CAUSAL_CANDIDATE_UNDER_ASSUMPTIONS,0.8110486505313603,0.048380328391559715,2,0.3499852120993996,1.6202315168770278,3.090232306167813,False,True,True
REPLICATION,V3_ALEATORIC_HIGH,60024,4096,CAUSAL_CANDIDATE_UNDER_ASSUMPTIONS,0.7814897068708602,0.047166639951378826,2,1.1831543676861922,0.6732095202322194,3.090232306167813,False,True,True
REPLICATION,V3_ALEATORIC_HIGH,60025,4096,CAUSAL_CANDIDATE_UNDER_ASSUMPTIONS,0.7292895913038345,0.04969572387660216,2,0.053014540268916055,0.944613746675126,3.090232306167813,False,True,True
REPLICATION,V3_ALEATORIC_HIGH,60026,4096,CAUSAL_CANDIDATE_UNDER_ASSUMPTIONS,0.7986507650072889,0.04948726392444,2,1.275152173511989,0.6757409625476717,3.090232306167813,False,True,True
REPLICATION,V3_ALEATORIC_HIGH,60027,4096,CAUSAL_CANDIDATE_UNDER_ASSUMPTIONS,0.8055306477250479,0.047603949051868016,2,0.6778500648801264,0.5240754492306448,3.090232306167813,False,True,True
REPLICATION,V3_ALEATORIC_HIGH,60028,4096,CAUSAL_CANDIDATE_UNDER_ASSUMPTIONS,0.8043922519819436,0.047668836389132815,2,0.5592603481842374,0.44564214848699957,3.090232306167813,False,True,True
REPLICATION,V3_ALEATORIC_HIGH,60029,4096,CAUSAL_CANDIDATE_UNDER_ASSUMPTIONS,0.7753788255058041,0.04696149514046329,2,1.1543289400799117,1.5353342268890982,3.090232306167813,False,True,True
REPLICATION,V3_ALEATORIC_HIGH,60030,4096,CAUSAL_CANDIDATE_UNDER_ASSUMPTIONS,0.7595800065449401,0.04739233010975136,2,0.6569343566802701,0.4537252908730742,3.090232306167813,False,True,True
REPLICATION,V3_ALEATORIC_HIGH,60031,4096,CAUSAL_CANDIDATE_UNDER_ASSUMPTIONS,0.7750031619146238,0.04981935229618442,2,2.047023934892418,1.314875539609527,3.090232306167813,False,True,True
REPLICATION,V3_ALEATORIC_HIGH,60032,4096,CAUSAL_CANDIDATE_UNDER_ASSUMPTIONS,0.8434996848024321,0.05081605448403561,2,0.7921929508366896,0.4554409230527453,3.090232306167813,False,True,True
REPLICATION,V3_ALEATORIC_HIGH,60033,4096,CAUSAL_CANDIDATE_UNDER_ASSUMPTIONS,0.7828532573323834,0.049707575320179324,2,0.2561547785416554,1.1443527179423985,3.090232306167813,False,True,True
REPLICATION,V3_ALEATORIC_HIGH,60034,4096,CAUSAL_CANDIDATE_UNDER_ASSUMPTIONS,0.7906008255991354,0.047527531317878666,2,1.200370514531177,1.1197973124365899,3.090232306167813,False,True,True
REPLICATION,V3_ALEATORIC_HIGH,60035,4096,CAUSAL_CANDIDATE_UNDER_ASSUMPTIONS,0.7416236666115136,0.0477321724678201,2,0.030309143690446474,1.0221959837070869,3.090232306167813,False,True,True
REPLICATION,V3_ALEATORIC_HIGH,60036,4096,CAUSAL_CANDIDATE_UNDER_ASSUMPTIONS,0.8214990374945423,0.04607510625572574,2,1.003537781657982,1.4981646254897711,3.090232306167813,False,True,True
REPLICATION,V3_ALEATORIC_HIGH,60037,4096,CAUSAL_CANDIDATE_UNDER_ASSUMPTIONS,0.8071215120541773,0.04704637785587995,2,1.1214303046544254,0.6900921985224201,3.090232306167813,False,True,True
REPLICATION,V3_ALEATORIC_HIGH,60038,4096,CAUSAL_CANDIDATE_UNDER_ASSUMPTIONS,0.8254067381548363,0.049851353664656574,2,0.029301526855605626,2.3623399251135475,3.090232306167813,False,True,True
REPLICATION,V3_ALEATORIC_HIGH,60039,4096,CAUSAL_CANDIDATE_UNDER_ASSUMPTIONS,0.8086507316966952,0.048094154335564625,2,0.4515390355238009,0.572322588133882,3.090232306167813,False,True,True
REPLICATION,V3_ALEATORIC_HIGH,60040,4096,CAUSAL_CANDIDATE_UNDER_ASSUMPTIONS,0.7897871105264518,0.046829417154419566,2,0.830445139988094,1.920091172152058,3.090232306167813,False,True,True
REPLICATION,V3_ALEATORIC_HIGH,60041,4096,CAUSAL_CANDIDATE_UNDER_ASSUMPTIONS,0.8546980733928758,0.048839745683674676,2,0.7584968733778883,1.1451647622603511,3.090232306167813,False,True,True
REPLICATION,V3_ALEATORIC_HIGH,60042,4096,CAUSAL_CANDIDATE_UNDER_ASSUMPTIONS,0.7326214402948411,0.047011521057075546,2,0.2884952013011358,0.7361026938158404,3.090232306167813,False,True,True
REPLICATION,V3_ALEATORIC_HIGH,60043,4096,CAUSAL_CANDIDATE_UNDER_ASSUMPTIONS,0.8812655128193035,0.04715319124670878,2,1.9952564136195154,0.6400179262108214,3.090232306167813,False,True,True
REPLICATION,V3_ALEATORIC_HIGH,60044,4096,CAUSAL_CANDIDATE_UNDER_ASSUMPTIONS,0.8208311165279799,0.04796178561937741,2,1.729985735303891,1.2584467404025328,3.090232306167813,False,True,True
REPLICATION,V3_ALEATORIC_HIGH,60045,4096,CAUSAL_CANDIDATE_UNDER_ASSUMPTIONS,0.7660276773938252,0.04682181017625261,2,1.7483452485161817,1.2576966114300663,3.090232306167813,False,True,True
REPLICATION,V3_ALEATORIC_HIGH,60046,4096,CAUSAL_CANDIDATE_UNDER_ASSUMPTIONS,0.7932896789542904,0.047671499181920325,2,1.0089814361880423,0.6426343172434636,3.090232306167813,False,True,True
REPLICATION,V3_ALEATORIC_HIGH,60047,4096,CAUSAL_CANDIDATE_UNDER_ASSUMPTIONS,0.7592487938386949,0.047657314736353054,2,0.6350482892649638,0.6913903667976852,3.090232306167813,False,True,True
REPLICATION,V3_ALEATORIC_HIGH,60048,4096,CAUSAL_CANDIDATE_UNDER_ASSUMPTIONS,0.8336426015208209,0.04603382467830812,2,0.9219548411074936,0.4720485460773566,3.090232306167813,False,True,True
REPLICATION,V3_ALEATORIC_HIGH,60049,4096,CAUSAL_CANDIDATE_UNDER_ASSUMPTIONS,0.7690904497784489,0.04707869879454352,2,0.4016783768881686,1.915450766516044,3.090232306167813,False,True,True
REPLICATION,V3_ALEATORIC_HIGH,60050,4096,CAUSAL_CANDIDATE_UNDER_ASSUMPTIONS,0.7406942306502043,0.04899403540861958,2,0.6676532565942752,1.4580414163854227,3.090232306167813,False,True,True
REPLICATION,V3_ALEATORIC_HIGH,60051,4096,CAUSAL_CANDIDATE_UNDER_ASSUMPTIONS,0.8366134827014977,0.04868125955696983,2,0.7506946061185144,0.5332220315111819,3.090232306167813,False,True,True
REPLICATION,V3_ALEATORIC_HIGH,60052,4096,CAUSAL_CANDIDATE_UNDER_ASSUMPTIONS,0.7944281627400221,0.04859636230319488,2,2.133083752378812,1.6231270528821042,3.090232306167813,False,True,True
REPLICATION,V3_ALEATORIC_HIGH,60053,4096,CAUSAL_CANDIDATE_UNDER_ASSUMPTIONS,0.7700311578679307,0.04900813005456628,2,2.1728730698612195,1.9843858762785622,3.090232306167813,False,True,True
REPLICATION,V3_ALEATORIC_HIGH,60054,4096,CAUSAL_CANDIDATE_UNDER_ASSUMPTIONS,0.767388920578333,0.048078910990092254,2,0.07127288837107562,0.8986476751799335,3.090232306167813,False,True,True
REPLICATION,V3_ALEATORIC_HIGH,60055,4096,CAUSAL_CANDIDATE_UNDER_ASSUMPTIONS,0.7396091418985553,0.04873914797232501,2,0.4547082559961445,1.1702788198895613,3.090232306167813,False,True,True
REPLICATION,V3_ALEATORIC_HIGH,60056,4096,CAUSAL_CANDIDATE_UNDER_ASSUMPTIONS,0.8370854345247607,0.048064187503506356,2,0.21745515156334452,1.5914010624410329,3.090232306167813,False,True,True
REPLICATION,V3_ALEATORIC_HIGH,60057,4096,CAUSAL_CANDIDATE_UNDER_ASSUMPTIONS,0.8089087735677595,0.047652869056984515,2,1.1013868001754883,0.3259811896803395,3.090232306167813,False,True,True
REPLICATION,V3_ALEATORIC_HIGH,60058,4096,CAUSAL_CANDIDATE_UNDER_ASSUMPTIONS,0.7465333044405238,0.046440088458654424,2,1.9226709155574413,1.1168988580035555,3.090232306167813,False,True,True
REPLICATION,V3_ALEATORIC_HIGH,60059,4096,CAUSAL_CANDIDATE_UNDER_ASSUMPTIONS,0.7871023476626919,0.04766902425394293,2,0.737633197798835,0.6773889069496083,3.090232306167813,False,True,True
REPLICATION,V3_ALEATORIC_HIGH,60060,4096,CAUSAL_CANDIDATE_UNDER_ASSUMPTIONS,0.8173253391228461,0.04696866538679531,2,0.8038787774203956,0.48480073276107644,3.090232306167813,False,True,True
REPLICATION,V3_ALEATORIC_HIGH,60061,4096,CAUSAL_CANDIDATE_UNDER_ASSUMPTIONS,0.833316608224515,0.04808843031368186,2,0.9425370864661651,1.0787175128374886,3.090232306167813,False,True,True
REPLICATION,V3_ALEATORIC_HIGH,60062,4096,CAUSAL_CANDIDATE_UNDER_ASSUMPTIONS,0.8485426867304944,0.04603886049875128,2,0.7808677111186145,1.5821278766259497,3.090232306167813,False,True,True
REPLICATION,V3_ALEATORIC_HIGH,60063,4096,CAUSAL_CANDIDATE_UNDER_ASSUMPTIONS,0.767591999111807,0.04767793545865217,2,0.5515913687529733,1.0253808988744446,3.090232306167813,False,True,True
REPLICATION,V3_ALEATORIC_HIGH,60064,4096,CAUSAL_CANDIDATE_UNDER_ASSUMPTIONS,0.898791366653119,0.04627755420562492,2,1.0260474486466953,2.5275774856831483,3.090232306167813,False,True,True
REPLICATION,V3_ALEATORIC_HIGH,60065,4096,CAUSAL_CANDIDATE_UNDER_ASSUMPTIONS,0.7683830633076376,0.04836869436955299,2,1.838078690709719,0.9828716259610459,3.090232306167813,False,True,True
REPLICATION,V3_ALEATORIC_HIGH,60066,4096,CAUSAL_CANDIDATE_UNDER_ASSUMPTIONS,0.7541635928793282,0.04967257267396602,2,0.0406265957143624,1.8210193618459523,3.090232306167813,False,True,True
REPLICATION,V3_ALEATORIC_HIGH,60067,4096,CAUSAL_CANDIDATE_UNDER_ASSUMPTIONS,0.8316805847939511,0.04884977166286632,2,1.5261939506315447,0.518781486780927,3.090232306167813,False,True,True
REPLICATION,V3_ALEATORIC_HIGH,60068,4096,CAUSAL_CANDIDATE_UNDER_ASSUMPTIONS,0.7639378497063337,0.04684485050222731,2,0.6993159457804211,1.066285199560978,3.090232306167813,False,True,True
REPLICATION,V3_ALEATORIC_HIGH,60069,4096,CAUSAL_CANDIDATE_UNDER_ASSUMPTIONS,0.7979304358840698,0.04734053339177363,2,0.041105934337407654,0.0784577964379978,3.090232306167813,False,True,True
REPLICATION,V3_ALEATORIC_HIGH,60070,4096,CAUSAL_CANDIDATE_UNDER_ASSUMPTIONS,0.8252710293242131,0.0500570425331301,2,0.6747653357645288,0.717433336382001,3.090232306167813,False,True,True
REPLICATION,V3_ALEATORIC_HIGH,60071,4096,CAUSAL_CANDIDATE_UNDER_ASSUMPTIONS,0.7839124136958424,0.04700127581935491,2,1.3157707239264376,1.5743903854354944,3.090232306167813,False,True,True
REPLICATION,V3_ALEATORIC_HIGH,60072,4096,CAUSAL_CANDIDATE_UNDER_ASSUMPTIONS,0.8327190793454612,0.04838534756963897,2,0.3290233683601157,0.7441208840681279,3.090232306167813,False,True,True
REPLICATION,V3_ALEATORIC_HIGH,60073,4096,CAUSAL_CANDIDATE_UNDER_ASSUMPTIONS,0.8330592923033368,0.04743499152926114,2,1.7785471404150905,2.146175708304973,3.090232306167813,False,True,True
REPLICATION,V3_ALEATORIC_HIGH,60074,4096,CAUSAL_CANDIDATE_UNDER_ASSUMPTIONS,0.8931169182064618,0.04522714231403233,2,0.14551811119350316,2.3708429705555756,3.090232306167813,False,True,True
REPLICATION,V3_ALEATORIC_HIGH,60075,4096,CAUSAL_CANDIDATE_UNDER_ASSUMPTIONS,0.788944983852638,0.04537364894658907,2,0.15915048351480965,1.6486566101586675,3.090232306167813,False,True,True
REPLICATION,V3_ALEATORIC_HIGH,60076,4096,CAUSAL_CANDIDATE_UNDER_ASSUMPTIONS,0.8388719836115578,0.04741196594330702,2,1.1194845372497806,1.8862647620204964,3.090232306167813,False,True,True
REPLICATION,V3_ALEATORIC_HIGH,60077,4096,CAUSAL_CANDIDATE_UNDER_ASSUMPTIONS,0.7910589417121996,0.04882273903465971,2,1.1155755778737633,1.792477600329879,3.090232306167813,False,True,True
REPLICATION,V3_ALEATORIC_HIGH,60078,4096,CAUSAL_CANDIDATE_UNDER_ASSUMPTIONS,0.7498811763375905,0.04909293893769789,2,1.2742855756412352,1.301492117209023,3.090232306167813,False,True,True
REPLICATION,V3_ALEATORIC_HIGH,60079,4096,CAUSAL_CANDIDATE_UNDER_ASSUMPTIONS,0.7692652219653547,0.04741688253503483,2,0.35868777782151157,1.337404529722381,3.090232306167813,False,True,True
REPLICATION,V3_ALEATORIC_HIGH,60080,4096,CAUSAL_CANDIDATE_UNDER_ASSUMPTIONS,0.8276187290377272,0.047066916539344535,2,0.5360567011844104,0.4224224127222461,3.090232306167813,False,True,True
REPLICATION,V3_ALEATORIC_HIGH,60081,4096,CAUSAL_CANDIDATE_UNDER_ASSUMPTIONS,0.8353413544336968,0.04805363062276171,2,0.12498985505944597,1.0829850379745718,3.090232306167813,False,True,True
REPLICATION,V3_ALEATORIC_HIGH,60082,4096,CAUSAL_CANDIDATE_UNDER_ASSUMPTIONS,0.8204950295262343,0.04864270262311379,2,0.3137747975777655,1.6546862914668419,3.090232306167813,False,True,True
REPLICATION,V3_ALEATORIC_HIGH,60083,4096,CAUSAL_CANDIDATE_UNDER_ASSUMPTIONS,0.8448874551782479,0.048017354893206375,2,0.3361067268116638,0.6924634725575297,3.090232306167813,False,True,True
REPLICATION,V3_ALEATORIC_HIGH,60084,4096,CAUSAL_CANDIDATE_UNDER_ASSUMPTIONS,0.8017528249025211,0.0492331848822923,2,0.38838576889317195,1.0606315632893237,3.090232306167813,False,True,True
REPLICATION,V3_ALEATORIC_HIGH,60085,4096,CAUSAL_CANDIDATE_UNDER_ASSUMPTIONS,0.8086597822852699,0.047028645868221065,2,0.09043443426914373,0.8897173098588208,3.090232306167813,False,True,True
REPLICATION,V3_ALEATORIC_HIGH,60086,4096,CAUSAL_CANDIDATE_UNDER_ASSUMPTIONS,0.7893602091408218,0.04757465243919753,2,0.30155498802505504,2.1000888261633004,3.090232306167813,False,True,True
REPLICATION,V3_ALEATORIC_HIGH,60087,4096,CAUSAL_CANDIDATE_UNDER_ASSUMPTIONS,0.8288225568465897,0.04669603653803273,2,0.3593293009453494,0.6765772345867772,3.090232306167813,False,True,True
REPLICATION,V3_ALEATORIC_HIGH,60088,4096,CAUSAL_CANDIDATE_UNDER_ASSUMPTIONS,0.8111128828963949,0.04762206495536753,2,0.38181833277129495,1.4192104953552995,3.090232306167813,False,True,True
REPLICATION,V3_ALEATORIC_HIGH,60089,4096,CAUSAL_CANDIDATE_UNDER_ASSUMPTIONS,0.8253819312978602,0.04698573806429331,2,0.0029712296078268224,1.2813901116308009,3.090232306167813,False,True,True
REPLICATION,V3_ALEATORIC_HIGH,60090,4096,CAUSAL_CANDIDATE_UNDER_ASSUMPTIONS,0.8130873905532059,0.04686301351071025,2,0.2315002708492669,1.8398247367603338,3.090232306167813,False,True,True
REPLICATION,V3_ALEATORIC_HIGH,60091,4096,CAUSAL_CANDIDATE_UNDER_ASSUMPTIONS,0.812787439180017,0.04685253860652156,2,2.2415373950170814,0.7569313565059158,3.090232306167813,False,True,True
REPLICATION,V3_ALEATORIC_HIGH,60092,4096,CAUSAL_CANDIDATE_UNDER_ASSUMPTIONS,0.7607518609079643,0.0469678986211525,2,0.265603735852668,1.5220595004918258,3.090232306167813,False,True,True
REPLICATION,V3_ALEATORIC_HIGH,60093,4096,CAUSAL_CANDIDATE_UNDER_ASSUMPTIONS,0.7713431116831473,0.048138137573629274,2,1.6003127376768214,1.0074215366147656,3.090232306167813,False,True,True
REPLICATION,V3_ALEATORIC_HIGH,60094,4096,CAUSAL_CANDIDATE_UNDER_ASSUMPTIONS,0.8724886601016393,0.04642529220624616,2,1.6888744318352942,0.8250134937297247,3.090232306167813,False,True,True
REPLICATION,V3_ALEATORIC_HIGH,60095,4096,CAUSAL_CANDIDATE_UNDER_ASSUMPTIONS,0.7613580850728565,0.0486689644168346,2,1.4145990703358493,0.5777531575007228,3.090232306167813,False,True,True
REPLICATION,V3_ALEATORIC_HIGH,60096,4096,CAUSAL_CANDIDATE_UNDER_ASSUMPTIONS,0.8213218369001984,0.047442888384122146,2,0.23893023511047476,1.3895784958601314,3.090232306167813,False,True,True
REPLICATION,V3_ALEATORIC_HIGH,60097,4096,CAUSAL_CANDIDATE_UNDER_ASSUMPTIONS,0.802078479187405,0.047543154482793504,2,0.09974574471207326,0.619024065745574,3.090232306167813,False,True,True
REPLICATION,V3_ALEATORIC_HIGH,60098,4096,CAUSAL_CANDIDATE_UNDER_ASSUMPTIONS,0.8854808695756505,0.048328426505926905,2,0.20340202540277835,0.9296426608374941,3.090232306167813,False,True,True
REPLICATION,V3_ALEATORIC_HIGH,60099,4096,CAUSAL_CANDIDATE_UNDER_ASSUMPTIONS,0.8261019419499264,0.046029877376794766,2,0.9504638738423449,2.1045511030843715,3.090232306167813,False,True,True
REPLICATION,V3_ALEATORIC_HIGH,60100,4096,CAUSAL_CANDIDATE_UNDER_ASSUMPTIONS,0.8392011528982417,0.04925314854822127,2,1.0245611474391203,0.34061334709752494,3.090232306167813,False,True,True
REPLICATION,V3_ALEATORIC_HIGH,60101,4096,CAUSAL_CANDIDATE_UNDER_ASSUMPTIONS,0.7134775836424656,0.0487273970975165,2,0.9707816017635368,0.3060356598100125,3.090232306167813,False,True,True
REPLICATION,V3_ALEATORIC_HIGH,60102,4096,CAUSAL_CANDIDATE_UNDER_ASSUMPTIONS,0.8137994150084817,0.0485792923240756,2,2.199374082165394,1.6482786540539516,3.090232306167813,False,True,True
REPLICATION,V3_ALEATORIC_HIGH,60103,4096,CAUSAL_CANDIDATE_UNDER_ASSUMPTIONS,0.8189049145173631,0.047048661444806024,2,1.337501231455541,1.8934073617823173,3.090232306167813,False,True,True
REPLICATION,V3_ALEATORIC_HIGH,60104,4096,CAUSAL_CANDIDATE_UNDER_ASSUMPTIONS,0.8718005462318753,0.04592905885064742,2,0.5961812460220262,2.197647091861466,3.090232306167813,False,True,True
REPLICATION,V3_ALEATORIC_HIGH,60105,4096,CAUSAL_CANDIDATE_UNDER_ASSUMPTIONS,0.7241122986015065,0.0495064732481413,2,1.8887498731557397,0.7244252208381324,3.090232306167813,False,True,True
REPLICATION,V3_ALEATORIC_HIGH,60106,4096,CAUSAL_CANDIDATE_UNDER_ASSUMPTIONS,0.7577163605615296,0.04869972150784737,2,0.019467273314975646,0.46914958591693906,3.090232306167813,False,True,True
REPLICATION,V3_ALEATORIC_HIGH,60107,4096,CAUSAL_CANDIDATE_UNDER_ASSUMPTIONS,0.8726739719278693,0.04618591722334263,2,0.10409007424477826,1.3299381346052923,3.090232306167813,False,True,True
REPLICATION,V3_ALEATORIC_HIGH,60108,4096,CAUSAL_CANDIDATE_UNDER_ASSUMPTIONS,0.8387946095530845,0.04741423483826758,2,0.2490928605324247,1.4465093636481978,3.090232306167813,False,True,True
REPLICATION,V3_ALEATORIC_HIGH,60109,4096,CAUSAL_CANDIDATE_UNDER_ASSUMPTIONS,0.7571551758747107,0.04896556228902712,2,0.2866217156101968,0.46393729124657396,3.090232306167813,False,True,True
REPLICATION,V3_ALEATORIC_HIGH,60110,4096,CAUSAL_CANDIDATE_UNDER_ASSUMPTIONS,0.8327614638275977,0.04878855455120787,2,0.3960526069434461,0.7832870181873128,3.090232306167813,False,True,True
REPLICATION,V3_ALEATORIC_HIGH,60111,4096,CAUSAL_CANDIDATE_UNDER_ASSUMPTIONS,0.773508612050716,0.04805445458697037,2,1.1048929497383828,1.8107484995617695,3.090232306167813,False,True,True
REPLICATION,V3_ALEATORIC_HIGH,60112,4096,CAUSAL_CANDIDATE_UNDER_ASSUMPTIONS,0.8828885614444058,0.04586464233650316,2,1.3951257863690325,1.9123614402370925,3.090232306167813,False,True,True
REPLICATION,V3_ALEATORIC_HIGH,60113,4096,CAUSAL_CANDIDATE_UNDER_ASSUMPTIONS,0.7456133250475017,0.04736425904567148,2,1.7020877747424485,1.0787936860640286,3.090232306167813,False,True,True
REPLICATION,V3_ALEATORIC_HIGH,60114,4096,CAUSAL_CANDIDATE_UNDER_ASSUMPTIONS,0.6654873077783307,0.04934949692132551,2,1.6033757288540516,1.1251858245472282,3.090232306167813,False,True,True
REPLICATION,V3_ALEATORIC_HIGH,60115,4096,CAUSAL_CANDIDATE_UNDER_ASSUMPTIONS,0.8461271222973328,0.04888083322920889,2,1.650859245746299,0.6283444418415952,3.090232306167813,False,True,True
REPLICATION,V3_ALEATORIC_HIGH,60116,4096,CAUSAL_CANDIDATE_UNDER_ASSUMPTIONS,0.7008229244328501,0.04913087075132394,2,0.8191757592472481,0.9267078104630325,3.090232306167813,False,True,True
REPLICATION,V3_ALEATORIC_HIGH,60117,4096,CAUSAL_CANDIDATE_UNDER_ASSUMPTIONS,0.8495732820530647,0.04755204725729092,2,0.9575636836309477,0.26243363862566904,3.090232306167813,False,True,True
REPLICATION,V3_ALEATORIC_HIGH,60118,4096,CAUSAL_CANDIDATE_UNDER_ASSUMPTIONS,0.8368672157891255,0.04670904681215602,2,0.9854370666397028,0.39654745844695366,3.090232306167813,False,True,True
REPLICATION,V3_ALEATORIC_HIGH,60119,4096,CAUSAL_CANDIDATE_UNDER_ASSUMPTIONS,0.823548824029219,0.047550573091531385,2,1.762873189358601,1.777203673741724,3.090232306167813,False,True,True
REPLICATION,V3_ALEATORIC_HIGH,60120,4096,CAUSAL_CANDIDATE_UNDER_ASSUMPTIONS,0.8588346250773292,0.047977840972125096,2,0.3969229618300537,1.989579047396815,3.090232306167813,False,True,True
REPLICATION,V3_ALEATORIC_HIGH,60121,4096,CAUSAL_CANDIDATE_UNDER_ASSUMPTIONS,0.7416536671555575,0.04898527240871339,2,0.7545353926873878,0.8516796463610369,3.090232306167813,False,True,True
REPLICATION,V3_ALEATORIC_HIGH,60122,4096,CAUSAL_CANDIDATE_UNDER_ASSUMPTIONS,0.7948037184513571,0.04889450133828153,2,0.32394496140301665,1.4315055665193077,3.090232306167813,False,True,True
REPLICATION,V3_ALEATORIC_HIGH,60123,4096,CAUSAL_CANDIDATE_UNDER_ASSUMPTIONS,0.7458755005973461,0.051691286552038355,2,0.24005353195748116,2.220029693193315,3.090232306167813,False,True,True
REPLICATION,V3_ALEATORIC_HIGH,60124,4096,CAUSAL_CANDIDATE_UNDER_ASSUMPTIONS,0.8140032930965327,0.047562358567815974,2,1.9123202931486252,1.6301681788648803,3.090232306167813,False,True,True
REPLICATION,V3_ALEATORIC_HIGH,60125,4096,CAUSAL_CANDIDATE_UNDER_ASSUMPTIONS,0.8070318315504293,0.04738796791021777,2,0.34457965327780826,0.43832920661400276,3.090232306167813,False,True,True
REPLICATION,V3_ALEATORIC_HIGH,60126,4096,CAUSAL_CANDIDATE_UNDER_ASSUMPTIONS,0.7615014474377664,0.047655583892524556,2,0.08425645110456789,0.9888251024946724,3.090232306167813,False,True,True
REPLICATION,V3_ALEATORIC_HIGH,60127,4096,CAUSAL_CANDIDATE_UNDER_ASSUMPTIONS,0.7778132172771011,0.04809573802892552,2,0.9020092153489153,1.2022607102090757,3.090232306167813,False,True,True
REPLICATION,V4_SELECTION_BIAS,60000,2036,IDENTIFYING_ASSUMPTION_VIOLATED,1.1077659762757421,0.018383481250494847,2,4.6506480281348805,18.257981279986378,3.090232306167813,False,True,True
REPLICATION,V4_SELECTION_BIAS,60001,2045,IDENTIFYING_ASSUMPTION_VIOLATED,1.1205605782573949,0.01818270225493782,2,5.303395614805111,18.462250400523754,3.090232306167813,False,True,True
REPLICATION,V4_SELECTION_BIAS,60002,2022,IDENTIFYING_ASSUMPTION_VIOLATED,1.1206886628138875,0.01846732119462311,2,5.0762910446652,17.711515260649932,3.090232306167813,False,True,True
REPLICATION,V4_SELECTION_BIAS,60003,2082,IDENTIFYING_ASSUMPTION_VIOLATED,1.0939092096039107,0.01826235558089906,2,6.048205865382144,18.678723479693055,3.090232306167813,False,True,True
REPLICATION,V4_SELECTION_BIAS,60004,2058,IDENTIFYING_ASSUMPTION_VIOLATED,1.106762921192866,0.018505224939761648,2,5.54956754285237,17.15397960812803,3.090232306167813,False,True,True
REPLICATION,V4_SELECTION_BIAS,60005,2061,IDENTIFYING_ASSUMPTION_VIOLATED,1.0702856311437947,0.018733246817215558,2,5.860991167871268,17.4939345714468,3.090232306167813,False,True,True
REPLICATION,V4_SELECTION_BIAS,60006,2094,IDENTIFYING_ASSUMPTION_VIOLATED,1.1142837441764817,0.017397351581802025,2,5.59038869505736,18.893947700881753,3.090232306167813,False,True,True
REPLICATION,V4_SELECTION_BIAS,60007,2053,IDENTIFYING_ASSUMPTION_VIOLATED,1.121566387116655,0.018913631439332484,2,6.211150741747506,18.878970169879338,3.090232306167813,False,True,True
REPLICATION,V4_SELECTION_BIAS,60008,2056,IDENTIFYING_ASSUMPTION_VIOLATED,1.1281182050663572,0.019643739195128435,2,5.697235670182589,17.332735008999265,3.090232306167813,False,True,True
REPLICATION,V4_SELECTION_BIAS,60009,2035,IDENTIFYING_ASSUMPTION_VIOLATED,1.0919014294074938,0.01836121911714571,2,6.094549282464905,18.041423308543038,3.090232306167813,False,True,True
REPLICATION,V4_SELECTION_BIAS,60010,2135,IDENTIFYING_ASSUMPTION_VIOLATED,1.1042790450409605,0.017626959849270055,2,6.5386140338852545,18.984051055226836,3.090232306167813,False,True,True
REPLICATION,V4_SELECTION_BIAS,60011,2023,IDENTIFYING_ASSUMPTION_VIOLATED,1.1311876398213503,0.017560680702214802,2,6.156797422621432,20.760039506047928,3.090232306167813,False,True,True
REPLICATION,V4_SELECTION_BIAS,60012,2057,IDENTIFYING_ASSUMPTION_VIOLATED,1.0956444559828196,0.017801400407225686,2,5.534745154367013,18.083999864980107,3.090232306167813,False,True,True
REPLICATION,V4_SELECTION_BIAS,60013,1985,IDENTIFYING_ASSUMPTION_VIOLATED,1.122691558396853,0.018566657268567554,2,6.8503371049642885,18.311962595408367,3.090232306167813,False,True,True
REPLICATION,V4_SELECTION_BIAS,60014,2051,IDENTIFYING_ASSUMPTION_VIOLATED,1.0988795690921183,0.01798081395078456,2,4.336596376828547,17.633281934383007,3.090232306167813,False,True,True
REPLICATION,V4_SELECTION_BIAS,60015,2090,IDENTIFYING_ASSUMPTION_VIOLATED,1.08067359650621,0.018798442095556357,2,5.176496138518776,16.606114309435604,3.090232306167813,False,True,True
REPLICATION,V4_SELECTION_BIAS,60016,2084,IDENTIFYING_ASSUMPTION_VIOLATED,1.1136851642696561,0.0182858554057055,2,6.024174423479649,19.470983935941323,3.090232306167813,False,True,True
REPLICATION,V4_SELECTION_BIAS,60017,2038,IDENTIFYING_ASSUMPTION_VIOLATED,1.1127092208787617,0.017837963627940573,2,4.996944197428604,17.904296435435576,3.090232306167813,False,True,True
REPLICATION,V4_SELECTION_BIAS,60018,2080,IDENTIFYING_ASSUMPTION_VIOLATED,1.096689355210512,0.01753351836358151,2,6.0757931010453206,17.8432643854159,3.090232306167813,False,True,True
REPLICATION,V4_SELECTION_BIAS,60019,2035,IDENTIFYING_ASSUMPTION_VIOLATED,1.093673421933283,0.01732524695183955,2,4.758982913392255,17.411773317268736,3.090232306167813,False,True,True
REPLICATION,V4_SELECTION_BIAS,60020,2033,IDENTIFYING_ASSUMPTION_VIOLATED,1.1253386979346822,0.018725820007024427,2,5.524758235308157,17.848692729702044,3.090232306167813,False,True,True
REPLICATION,V4_SELECTION_BIAS,60021,2033,IDENTIFYING_ASSUMPTION_VIOLATED,1.0865451899621432,0.019802477038191914,2,5.6635262009084615,16.234423327506043,3.090232306167813,False,True,True
REPLICATION,V4_SELECTION_BIAS,60022,2008,IDENTIFYING_ASSUMPTION_VIOLATED,1.125263109031924,0.01806729454762935,2,5.815563963482404,20.834592825599227,3.090232306167813,False,True,True
REPLICATION,V4_SELECTION_BIAS,60023,2073,IDENTIFYING_ASSUMPTION_VIOLATED,1.0933583274504974,0.019009620935439748,2,5.74825356755309,17.501194372307147,3.090232306167813,False,True,True
REPLICATION,V4_SELECTION_BIAS,60024,2047,IDENTIFYING_ASSUMPTION_VIOLATED,1.0789513371063457,0.017512895549178228,2,4.398517751476071,17.6487673327187,3.090232306167813,False,True,True
REPLICATION,V4_SELECTION_BIAS,60025,2057,IDENTIFYING_ASSUMPTION_VIOLATED,1.0920429891454926,0.01840933496919677,2,6.274634113796691,17.801557161359298,3.090232306167813,False,True,True
REPLICATION,V4_SELECTION_BIAS,60026,2035,IDENTIFYING_ASSUMPTION_VIOLATED,1.1231481412303228,0.018391618469705745,2,6.28795983556205,19.49785096199038,3.090232306167813,False,True,True
REPLICATION,V4_SELECTION_BIAS,60027,2106,IDENTIFYING_ASSUMPTION_VIOLATED,1.075461011779952,0.018443171642572802,2,5.1354121985224435,16.060516289893027,3.090232306167813,False,True,True
REPLICATION,V4_SELECTION_BIAS,60028,2055,IDENTIFYING_ASSUMPTION_VIOLATED,1.1055816205719535,0.018391334284228168,2,5.131405867473768,18.835235388465858,3.090232306167813,False,True,True
REPLICATION,V4_SELECTION_BIAS,60029,2031,IDENTIFYING_ASSUMPTION_VIOLATED,1.108302877294077,0.017366695057169187,2,6.643332877407321,18.691075987422018,3.090232306167813,False,True,True
REPLICATION,V4_SELECTION_BIAS,60030,2092,IDENTIFYING_ASSUMPTION_VIOLATED,1.1028198434875547,0.01794926476603766,2,5.486658011873491,17.38828510848337,3.090232306167813,False,True,True
REPLICATION,V4_SELECTION_BIAS,60031,2024,IDENTIFYING_ASSUMPTION_VIOLATED,1.096303300315455,0.018702235267247846,2,5.095634145403997,18.017185264169928,3.090232306167813,False,True,True
REPLICATION,V4_SELECTION_BIAS,60032,2014,IDENTIFYING_ASSUMPTION_VIOLATED,1.1096941419934676,0.019007750987563677,2,5.014576869869356,16.73108177991112,3.090232306167813,False,True,True
REPLICATION,V4_SELECTION_BIAS,60033,2043,IDENTIFYING_ASSUMPTION_VIOLATED,1.0764414749725868,0.01905401657591827,2,4.647708483847449,17.189221363891097,3.090232306167813,False,True,True
REPLICATION,V4_SELECTION_BIAS,60034,2082,IDENTIFYING_ASSUMPTION_VIOLATED,1.080166968734534,0.017862475701013236,2,4.565414429891453,18.008230674534346,3.090232306167813,False,True,True
REPLICATION,V4_SELECTION_BIAS,60035,2058,IDENTIFYING_ASSUMPTION_VIOLATED,1.075655765311727,0.01792928965847411,2,5.767271875412363,16.99575595013844,3.090232306167813,False,True,True
REPLICATION,V4_SELECTION_BIAS,60036,2041,IDENTIFYING_ASSUMPTION_VIOLATED,1.111899228535998,0.017977568427378167,2,5.84454217334418,18.621908975646505,3.090232306167813,False,True,True
REPLICATION,V4_SELECTION_BIAS,60037,2056,IDENTIFYING_ASSUMPTION_VIOLATED,1.0994626659460942,0.01762339228566397,2,6.264081777566194,17.92075577363248,3.090232306167813,False,True,True
REPLICATION,V4_SELECTION_BIAS,60038,2060,IDENTIFYING_ASSUMPTION_VIOLATED,1.1085407651487102,0.01867884384021036,2,4.971927622619691,17.225188363190984,3.090232306167813,False,True,True
REPLICATION,V4_SELECTION_BIAS,60039,2106,IDENTIFYING_ASSUMPTION_VIOLATED,1.076022073877023,0.018303252012336006,2,5.538411678773013,17.51692138631779,3.090232306167813,False,True,True
REPLICATION,V4_SELECTION_BIAS,60040,2062,IDENTIFYING_ASSUMPTION_VIOLATED,1.1009730465021226,0.017690791204311232,2,6.447175115397576,18.028320451742786,3.090232306167813,False,True,True
REPLICATION,V4_SELECTION_BIAS,60041,1997,IDENTIFYING_ASSUMPTION_VIOLATED,1.0963926609277876,0.018570275825056354,2,5.095259058411058,16.217029841745237,3.090232306167813,False,True,True
REPLICATION,V4_SELECTION_BIAS,60042,2062,IDENTIFYING_ASSUMPTION_VIOLATED,1.1040431600001905,0.017547193842129532,2,6.067962633638459,17.637354691622363,3.090232306167813,False,True,True
REPLICATION,V4_SELECTION_BIAS,60043,2037,IDENTIFYING_ASSUMPTION_VIOLATED,1.100109791017988,0.018020978131537406,2,5.141048285659616,18.335680945385892,3.090232306167813,False,True,True
REPLICATION,V4_SELECTION_BIAS,60044,2046,IDENTIFYING_ASSUMPTION_VIOLATED,1.0985896968587534,0.017569459599367312,2,4.400133761747055,17.40582237557848,3.090232306167813,False,True,True
REPLICATION,V4_SELECTION_BIAS,60045,2053,IDENTIFYING_ASSUMPTION_VIOLATED,1.082231604719169,0.017941789781676123,2,4.749298984227963,16.714361604871623,3.090232306167813,False,True,True
REPLICATION,V4_SELECTION_BIAS,60046,2049,IDENTIFYING_ASSUMPTION_VIOLATED,1.07693481124969,0.018135969532949336,2,4.641734430383952,17.031284512167844,3.090232306167813,False,True,True
REPLICATION,V4_SELECTION_BIAS,60047,2081,IDENTIFYING_ASSUMPTION_VIOLATED,1.1082156733353168,0.017898260254569653,2,6.048136007155375,19.772998538620474,3.090232306167813,False,True,True
REPLICATION,V4_SELECTION_BIAS,60048,2034,IDENTIFYING_ASSUMPTION_VIOLATED,1.0919056022950158,0.017422181823573486,2,5.691322767740302,17.91880846505796,3.090232306167813,False,True,True
REPLICATION,V4_SELECTION_BIAS,60049,2069,IDENTIFYING_ASSUMPTION_VIOLATED,1.1066582410038017,0.017850619910398047,2,5.687628480502521,18.162903798834005,3.090232306167813,False,True,True
REPLICATION,V4_SELECTION_BIAS,60050,2062,IDENTIFYING_ASSUMPTION_VIOLATED,1.0969850727672183,0.01825797703108109,2,5.495778736404425,16.235601246053523,3.090232306167813,False,True,True
REPLICATION,V4_SELECTION_BIAS,60051,2028,IDENTIFYING_ASSUMPTION_VIOLATED,1.1212893823159629,0.018624973884793207,2,5.1258298551566925,16.689529070430908,3.090232306167813,False,True,True
REPLICATION,V4_SELECTION_BIAS,60052,2020,IDENTIFYING_ASSUMPTION_VIOLATED,1.0890142273752506,0.01853719078362688,2,4.8544281776401865,17.63012644049345,3.090232306167813,False,True,True
REPLICATION,V4_SELECTION_BIAS,60053,2034,IDENTIFYING_ASSUMPTION_VIOLATED,1.0803657350541305,0.018843893704042353,2,6.402706729058549,17.305134578735437,3.090232306167813,False,True,True
REPLICATION,V4_SELECTION_BIAS,60054,2085,IDENTIFYING_ASSUMPTION_VIOLATED,1.091880137546593,0.01780212690517577,2,4.966120795459933,18.29144529114433,3.090232306167813,False,True,True
REPLICATION,V4_SELECTION_BIAS,60055,2034,IDENTIFYING_ASSUMPTION_VIOLATED,1.0741568033580424,0.01873766614031996,2,5.085729949206713,16.736908724053592,3.090232306167813,False,True,True
REPLICATION,V4_SELECTION_BIAS,60056,2089,IDENTIFYING_ASSUMPTION_VIOLATED,1.1188209200694281,0.01832243743425993,2,5.978138150326064,18.47649672834579,3.090232306167813,False,True,True
REPLICATION,V4_SELECTION_BIAS,60057,2015,IDENTIFYING_ASSUMPTION_VIOLATED,1.0875334052147085,0.018173469141726555,2,4.237566918901481,17.318244251066297,3.090232306167813,False,True,True
REPLICATION,V4_SELECTION_BIAS,60058,1988,IDENTIFYING_ASSUMPTION_VIOLATED,1.1268570634486568,0.017601993542692027,2,6.5467282720113245,19.670354754530912,3.090232306167813,False,True,True
REPLICATION,V4_SELECTION_BIAS,60059,2023,IDENTIFYING_ASSUMPTION_VIOLATED,1.1100923733959769,0.01813877863973045,2,5.907756239212044,18.771817373907894,3.090232306167813,False,True,True
REPLICATION,V4_SELECTION_BIAS,60060,2001,IDENTIFYING_ASSUMPTION_VIOLATED,1.106708815089122,0.018148660461103822,2,6.314468782613122,17.336345864027898,3.090232306167813,False,True,True
REPLICATION,V4_SELECTION_BIAS,60061,2080,IDENTIFYING_ASSUMPTION_VIOLATED,1.111107119745162,0.018332749252677215,2,5.437266945762679,17.773913427307466,3.090232306167813,False,True,True
REPLICATION,V4_SELECTION_BIAS,60062,2083,IDENTIFYING_ASSUMPTION_VIOLATED,1.0789930851492633,0.01744773465489331,2,4.178279492730423,17.64458582378141,3.090232306167813,False,True,True
REPLICATION,V4_SELECTION_BIAS,60063,2081,IDENTIFYING_ASSUMPTION_VIOLATED,1.0688705932341258,0.018679979698751556,2,4.314354182093407,17.43551986798696,3.090232306167813,False,True,True
REPLICATION,V4_SELECTION_BIAS,60064,2100,IDENTIFYING_ASSUMPTION_VIOLATED,1.1444864353994522,0.01702154980476796,2,5.008502787711418,21.349627110147406,3.090232306167813,False,True,True
REPLICATION,V4_SELECTION_BIAS,60065,2054,IDENTIFYING_ASSUMPTION_VIOLATED,1.0876268137366254,0.01843250317232749,2,6.4127006182987625,17.11280442811831,3.090232306167813,False,True,True
REPLICATION,V4_SELECTION_BIAS,60066,2091,IDENTIFYING_ASSUMPTION_VIOLATED,1.0691634862221264,0.018948788995478395,2,5.218320433757318,16.252438187613805,3.090232306167813,False,True,True
REPLICATION,V4_SELECTION_BIAS,60067,2061,IDENTIFYING_ASSUMPTION_VIOLATED,1.0843096503927496,0.019039179832146497,2,5.083654263295647,16.6381060520729,3.090232306167813,False,True,True
REPLICATION,V4_SELECTION_BIAS,60068,2032,IDENTIFYING_ASSUMPTION_VIOLATED,1.1011283469686146,0.01783287764112451,2,6.727749773247224,18.599015597262415,3.090232306167813,False,True,True
REPLICATION,V4_SELECTION_BIAS,60069,2037,IDENTIFYING_ASSUMPTION_VIOLATED,1.104494216133783,0.017799798273947738,2,5.8201970793232185,17.70427742441762,3.090232306167813,False,True,True
REPLICATION,V4_SELECTION_BIAS,60070,2008,IDENTIFYING_ASSUMPTION_VIOLATED,1.1285768511233882,0.018893937682237318,2,6.181185327811656,17.900325554862228,3.090232306167813,False,True,True
REPLICATION,V4_SELECTION_BIAS,60071,2067,IDENTIFYING_ASSUMPTION_VIOLATED,1.1073593886087625,0.01802708502934361,2,6.499991756865592,19.263162226909653,3.090232306167813,False,True,True
REPLICATION,V4_SELECTION_BIAS,60072,2065,IDENTIFYING_ASSUMPTION_VIOLATED,1.1044219283696455,0.0179337272890517,2,5.511738455478654,17.832607020237486,3.090232306167813,False,True,True
REPLICATION,V4_SELECTION_BIAS,60073,2040,IDENTIFYING_ASSUMPTION_VIOLATED,1.1215977434579418,0.017573213622061237,2,4.078600757792393,18.53954819593842,3.090232306167813,False,True,True
REPLICATION,V4_SELECTION_BIAS,60074,2060,IDENTIFYING_ASSUMPTION_VIOLATED,1.1194095344586492,0.01744944473059305,2,5.513734331496967,20.2530691440735,3.090232306167813,False,True,True
REPLICATION,V4_SELECTION_BIAS,60075,2067,IDENTIFYING_ASSUMPTION_VIOLATED,1.0991822388472514,0.0178288599311317,2,6.269503742477515,18.169975334779508,3.090232306167813,False,True,True
REPLICATION,V4_SELECTION_BIAS,60076,2044,IDENTIFYING_ASSUMPTION_VIOLATED,1.0779105025562432,0.018335598984471062,2,4.666161671059549,15.449650956420554,3.090232306167813,False,True,True
REPLICATION,V4_SELECTION_BIAS,60077,2042,IDENTIFYING_ASSUMPTION_VIOLATED,1.0775992404901595,0.018619535677628606,2,5.806507078659764,16.87444638928239,3.090232306167813,False,True,True
REPLICATION,V4_SELECTION_BIAS,60078,2055,IDENTIFYING_ASSUMPTION_VIOLATED,1.1218260373442872,0.018625224808315657,2,6.266095986681053,19.133258973403503,3.090232306167813,False,True,True
REPLICATION,V4_SELECTION_BIAS,60079,2000,IDENTIFYING_ASSUMPTION_VIOLATED,1.127492904066113,0.017275202886302243,2,4.282423513431371,19.008541638490648,3.090232306167813,False,True,True
REPLICATION,V4_SELECTION_BIAS,60080,2045,IDENTIFYING_ASSUMPTION_VIOLATED,1.1067440119827805,0.01860510845134046,2,5.41864516874953,18.04391976266751,3.090232306167813,False,True,True
REPLICATION,V4_SELECTION_BIAS,60081,2050,IDENTIFYING_ASSUMPTION_VIOLATED,1.0853879856574569,0.018366864522216173,2,5.232448536201854,17.368407448729965,3.090232306167813,False,True,True
REPLICATION,V4_SELECTION_BIAS,60082,2033,IDENTIFYING_ASSUMPTION_VIOLATED,1.102472057553601,0.018008667536739086,2,4.578871082606922,18.65415342212942,3.090232306167813,False,True,True
REPLICATION,V4_SELECTION_BIAS,60083,2046,IDENTIFYING_ASSUMPTION_VIOLATED,1.1207371312240448,0.018158057687842417,2,4.521717783816174,17.91951791558901,3.090232306167813,False,True,True
REPLICATION,V4_SELECTION_BIAS,60084,2063,IDENTIFYING_ASSUMPTION_VIOLATED,1.092377678655129,0.01913567022305786,2,5.951105318196682,17.451337409913485,3.090232306167813,False,True,True
REPLICATION,V4_SELECTION_BIAS,60085,2027,IDENTIFYING_ASSUMPTION_VIOLATED,1.0617583339703638,0.018555891343670784,2,5.176549371643253,17.311631569531407,3.090232306167813,False,True,True
REPLICATION,V4_SELECTION_BIAS,60086,2021,IDENTIFYING_ASSUMPTION_VIOLATED,1.0792883506555992,0.018686629984128338,2,5.623423987512093,15.914670582583598,3.090232306167813,False,True,True
REPLICATION,V4_SELECTION_BIAS,60087,2053,IDENTIFYING_ASSUMPTION_VIOLATED,1.110384517546899,0.01739516590461301,2,5.580498234723503,18.49092222677104,3.090232306167813,False,True,True
REPLICATION,V4_SELECTION_BIAS,60088,2058,IDENTIFYING_ASSUMPTION_VIOLATED,1.1182300627784556,0.01748313165894264,2,5.017655461970705,18.98602614465547,3.090232306167813,False,True,True
REPLICATION,V4_SELECTION_BIAS,60089,2074,IDENTIFYING_ASSUMPTION_VIOLATED,1.1119395280460422,0.017175760659241337,2,6.071745722627604,20.17010610907751,3.090232306167813,False,True,True
REPLICATION,V4_SELECTION_BIAS,60090,2011,IDENTIFYING_ASSUMPTION_VIOLATED,1.105518282761347,0.01835475621346338,2,5.212313182642692,17.68688291646543,3.090232306167813,False,True,True
REPLICATION,V4_SELECTION_BIAS,60091,2053,IDENTIFYING_ASSUMPTION_VIOLATED,1.09776671926949,0.0176557261502674,2,4.548550251234223,17.229159522623572,3.090232306167813,False,True,True
REPLICATION,V4_SELECTION_BIAS,60092,2025,IDENTIFYING_ASSUMPTION_VIOLATED,1.1041252262038574,0.018457591461867724,2,5.735571811884552,16.889735643374742,3.090232306167813,False,True,True
REPLICATION,V4_SELECTION_BIAS,60093,2033,IDENTIFYING_ASSUMPTION_VIOLATED,1.0946784042099933,0.018380274378539056,2,4.555636012756822,17.0137772873321,3.090232306167813,False,True,True
REPLICATION,V4_SELECTION_BIAS,60094,2088,IDENTIFYING_ASSUMPTION_VIOLATED,1.0968304762134327,0.017493311715774285,2,4.399650719383619,17.37251917614751,3.090232306167813,False,True,True
REPLICATION,V4_SELECTION_BIAS,60095,2019,IDENTIFYING_ASSUMPTION_VIOLATED,1.081795886387858,0.01882126004377289,2,5.006485851753062,17.05572792285854,3.090232306167813,False,True,True
REPLICATION,V4_SELECTION_BIAS,60096,2038,IDENTIFYING_ASSUMPTION_VIOLATED,1.1105130093792257,0.018408919073009213,2,6.157800822352368,19.80358657276949,3.090232306167813,False,True,True
REPLICATION,V4_SELECTION_BIAS,60097,2059,IDENTIFYING_ASSUMPTION_VIOLATED,1.0995928830561605,0.018143649455804243,2,5.299277844230069,18.542911028363743,3.090232306167813,False,True,True
REPLICATION,V4_SELECTION_BIAS,60098,2086,IDENTIFYING_ASSUMPTION_VIOLATED,1.086314061902668,0.018532982766796508,2,5.199906921018883,16.81226863921389,3.090232306167813,False,True,True
REPLICATION,V4_SELECTION_BIAS,60099,2024,IDENTIFYING_ASSUMPTION_VIOLATED,1.1226058890826462,0.017596493386129335,2,6.235049896113608,19.883302635140556,3.090232306167813,False,True,True
REPLICATION,V4_SELECTION_BIAS,60100,2121,IDENTIFYING_ASSUMPTION_VIOLATED,1.12934301908831,0.01865601841096423,2,6.101888369665253,19.07919541774661,3.090232306167813,False,True,True
REPLICATION,V4_SELECTION_BIAS,60101,2057,IDENTIFYING_ASSUMPTION_VIOLATED,1.1047440519699614,0.017647448869897293,2,6.139433822014421,18.619538519049314,3.090232306167813,False,True,True
REPLICATION,V4_SELECTION_BIAS,60102,2059,IDENTIFYING_ASSUMPTION_VIOLATED,1.1285505702845995,0.017908684275872066,2,4.3632804168232155,19.599609536008398,3.090232306167813,False,True,True
REPLICATION,V4_SELECTION_BIAS,60103,2062,IDENTIFYING_ASSUMPTION_VIOLATED,1.1137395093697267,0.01826118339116909,2,4.6190648227030096,19.220508025827105,3.090232306167813,False,True,True
REPLICATION,V4_SELECTION_BIAS,60104,2081,IDENTIFYING_ASSUMPTION_VIOLATED,1.110669427464594,0.018141012433613223,2,5.2306606080655955,18.144170890838875,3.090232306167813,False,True,True
REPLICATION,V4_SELECTION_BIAS,60105,2063,IDENTIFYING_ASSUMPTION_VIOLATED,1.0957319775771412,0.019111160333689873,2,5.852398566764412,17.356483486506576,3.090232306167813,False,True,True
REPLICATION,V4_SELECTION_BIAS,60106,2080,IDENTIFYING_ASSUMPTION_VIOLATED,1.0759411184171281,0.01806154183141479,2,5.597970014070561,16.297693288639966,3.090232306167813,False,True,True
REPLICATION,V4_SELECTION_BIAS,60107,2066,IDENTIFYING_ASSUMPTION_VIOLATED,1.102652797445169,0.018503126753912604,2,5.332971144694482,18.805331554074357,3.090232306167813,False,True,True
REPLICATION,V4_SELECTION_BIAS,60108,2007,IDENTIFYING_ASSUMPTION_VIOLATED,1.1410348115263467,0.01784288401300735,2,5.178057281870164,19.504882925486623,3.090232306167813,False,True,True
REPLICATION,V4_SELECTION_BIAS,60109,2066,IDENTIFYING_ASSUMPTION_VIOLATED,1.1069158788427422,0.018673508690568722,2,5.600590247468101,17.513086179964603,3.090232306167813,False,True,True
REPLICATION,V4_SELECTION_BIAS,60110,2018,IDENTIFYING_ASSUMPTION_VIOLATED,1.1265264361915386,0.01768013887818418,2,5.878840872092731,19.45944274214498,3.090232306167813,False,True,True
REPLICATION,V4_SELECTION_BIAS,60111,2100,IDENTIFYING_ASSUMPTION_VIOLATED,1.1017458941987264,0.01821360068035424,2,4.600391632694018,18.945918335156236,3.090232306167813,False,True,True
REPLICATION,V4_SELECTION_BIAS,60112,2067,IDENTIFYING_ASSUMPTION_VIOLATED,1.1077441097388503,0.017294973419842614,2,5.583200207725033,19.245094141746705,3.090232306167813,False,True,True
REPLICATION,V4_SELECTION_BIAS,60113,2040,IDENTIFYING_ASSUMPTION_VIOLATED,1.099753369517152,0.017971506685831046,2,6.091020459173243,19.62142665195278,3.090232306167813,False,True,True
REPLICATION,V4_SELECTION_BIAS,60114,2047,IDENTIFYING_ASSUMPTION_VIOLATED,1.0518920526903752,0.019824239935904035,2,5.559581887738032,15.562653287055563,3.090232306167813,False,True,True
REPLICATION,V4_SELECTION_BIAS,60115,2088,IDENTIFYING_ASSUMPTION_VIOLATED,1.0906182095111574,0.018895713759582027,2,5.393798041523062,18.455845150886127,3.090232306167813,False,True,True
REPLICATION,V4_SELECTION_BIAS,60116,2027,IDENTIFYING_ASSUMPTION_VIOLATED,1.1065770880061483,0.019089415350921676,2,5.770506551649172,17.51396556146475,3.090232306167813,False,True,True
REPLICATION,V4_SELECTION_BIAS,60117,2067,IDENTIFYING_ASSUMPTION_VIOLATED,1.1145534536926551,0.01776618336432496,2,6.296565572511297,19.271065900687123,3.090232306167813,False,True,True
REPLICATION,V4_SELECTION_BIAS,60118,2004,IDENTIFYING_ASSUMPTION_VIOLATED,1.1102514882555827,0.01745714812712429,2,5.468285283374201,18.37177626319114,3.090232306167813,False,True,True
REPLICATION,V4_SELECTION_BIAS,60119,2013,IDENTIFYING_ASSUMPTION_VIOLATED,1.109258501099673,0.018349310766914675,2,6.57867320920274,20.044368266902506,3.090232306167813,False,True,True
REPLICATION,V4_SELECTION_BIAS,60120,2048,IDENTIFYING_ASSUMPTION_VIOLATED,1.1147893951196612,0.01893406843510269,2,5.415880962342303,17.25529299287758,3.090232306167813,False,True,True
REPLICATION,V4_SELECTION_BIAS,60121,2045,IDENTIFYING_ASSUMPTION_VIOLATED,1.0833947238259325,0.01915378928455329,2,5.223263900659175,16.44106224241945,3.090232306167813,False,True,True
REPLICATION,V4_SELECTION_BIAS,60122,2101,IDENTIFYING_ASSUMPTION_VIOLATED,1.1102508635717803,0.018889740843673928,2,6.102818416358698,18.403760895708242,3.090232306167813,False,True,True
REPLICATION,V4_SELECTION_BIAS,60123,2038,IDENTIFYING_ASSUMPTION_VIOLATED,1.0997580826393638,0.019673612591125766,2,6.043398445609576,16.1806332790253,3.090232306167813,False,True,True
REPLICATION,V4_SELECTION_BIAS,60124,2078,IDENTIFYING_ASSUMPTION_VIOLATED,1.1013859284698282,0.017605094874164874,2,5.521575012000801,18.861595022205087,3.090232306167813,False,True,True
REPLICATION,V4_SELECTION_BIAS,60125,2067,IDENTIFYING_ASSUMPTION_VIOLATED,1.0739590052559689,0.018425262462403013,2,5.2604552687119135,16.72351488361265,3.090232306167813,False,True,True
REPLICATION,V4_SELECTION_BIAS,60126,2052,IDENTIFYING_ASSUMPTION_VIOLATED,1.0835612022089829,0.018493241498066863,2,5.622319661869356,17.657839603374327,3.090232306167813,False,True,True
REPLICATION,V4_SELECTION_BIAS,60127,2080,IDENTIFYING_ASSUMPTION_VIOLATED,1.1058828684931623,0.017811103268399575,2,6.009908137121723,18.530000573797796,3.090232306167813,False,True,True
REPLICATION,V5_WEAK_RELEVANCE,60000,4096,INSUFFICIENT_INFORMATION_BUDGET,,,0,0.0,0.7632117935635024,3.090232306167813,False,True,True
REPLICATION,V5_WEAK_RELEVANCE,60001,4096,INSUFFICIENT_INFORMATION_BUDGET,,,0,0.0,0.7361976472059614,3.090232306167813,False,True,True
REPLICATION,V5_WEAK_RELEVANCE,60002,4096,INSUFFICIENT_INFORMATION_BUDGET,,,0,0.0,0.8167715318812364,3.090232306167813,False,True,True
REPLICATION,V5_WEAK_RELEVANCE,60003,4096,INSUFFICIENT_INFORMATION_BUDGET,,,0,0.0,0.8921750903560626,3.090232306167813,False,True,True
REPLICATION,V5_WEAK_RELEVANCE,60004,4096,INSUFFICIENT_INFORMATION_BUDGET,,,0,0.0,1.1486354601275073,3.090232306167813,False,True,True
REPLICATION,V5_WEAK_RELEVANCE,60005,4096,INSUFFICIENT_INFORMATION_BUDGET,,,0,0.0,0.5326411916564918,3.090232306167813,False,True,True
REPLICATION,V5_WEAK_RELEVANCE,60006,4096,INSUFFICIENT_INFORMATION_BUDGET,,,0,0.0,0.2513479725681037,3.090232306167813,False,True,True
REPLICATION,V5_WEAK_RELEVANCE,60007,4096,INSUFFICIENT_INFORMATION_BUDGET,,,0,0.0,0.7941675484866123,3.090232306167813,False,True,True
REPLICATION,V5_WEAK_RELEVANCE,60008,4096,INSUFFICIENT_INFORMATION_BUDGET,,,0,0.0,0.9402564663491808,3.090232306167813,False,True,True
REPLICATION,V5_WEAK_RELEVANCE,60009,4096,INSUFFICIENT_INFORMATION_BUDGET,,,0,0.0,0.9480891665693743,3.090232306167813,False,True,True
REPLICATION,V5_WEAK_RELEVANCE,60010,4096,INSUFFICIENT_INFORMATION_BUDGET,,,0,0.0,0.5975822893034952,3.090232306167813,False,True,True
REPLICATION,V5_WEAK_RELEVANCE,60011,4096,INSUFFICIENT_INFORMATION_BUDGET,,,0,0.0,0.16176377167305464,3.090232306167813,False,True,True
REPLICATION,V5_WEAK_RELEVANCE,60012,4096,INSUFFICIENT_INFORMATION_BUDGET,,,0,0.0,0.6850693214805784,3.090232306167813,False,True,True
REPLICATION,V5_WEAK_RELEVANCE,60013,4096,INSUFFICIENT_INFORMATION_BUDGET,,,0,0.0,0.2738456041430394,3.090232306167813,False,True,True
REPLICATION,V5_WEAK_RELEVANCE,60014,4096,INSUFFICIENT_INFORMATION_BUDGET,,,0,0.0,1.6423432057670753,3.090232306167813,False,True,True
REPLICATION,V5_WEAK_RELEVANCE,60015,4096,INSUFFICIENT_INFORMATION_BUDGET,,,0,0.0,1.6013756057425956,3.090232306167813,False,True,True
REPLICATION,V5_WEAK_RELEVANCE,60016,4096,INSUFFICIENT_INFORMATION_BUDGET,,,0,0.0,1.931427233800811,3.090232306167813,False,True,True
REPLICATION,V5_WEAK_RELEVANCE,60017,4096,INSUFFICIENT_INFORMATION_BUDGET,,,0,0.0,0.442647134167786,3.090232306167813,False,True,True
REPLICATION,V5_WEAK_RELEVANCE,60018,4096,INSUFFICIENT_INFORMATION_BUDGET,,,0,0.0,1.6235282273653924,3.090232306167813,False,True,True
REPLICATION,V5_WEAK_RELEVANCE,60019,4096,INSUFFICIENT_INFORMATION_BUDGET,,,0,0.0,0.9582529754994425,3.090232306167813,False,True,True
REPLICATION,V5_WEAK_RELEVANCE,60020,4096,INSUFFICIENT_INFORMATION_BUDGET,,,0,0.0,0.7991864053505029,3.090232306167813,False,True,True
REPLICATION,V5_WEAK_RELEVANCE,60021,4096,INSUFFICIENT_INFORMATION_BUDGET,,,0,0.0,0.9895468443278675,3.090232306167813,False,True,True
REPLICATION,V5_WEAK_RELEVANCE,60022,4096,INSUFFICIENT_INFORMATION_BUDGET,,,0,0.0,0.9885428225305843,3.090232306167813,False,True,True
REPLICATION,V5_WEAK_RELEVANCE,60023,4096,INSUFFICIENT_INFORMATION_BUDGET,,,0,0.0,1.6202315168770278,3.090232306167813,False,True,True
REPLICATION,V5_WEAK_RELEVANCE,60024,4096,INSUFFICIENT_INFORMATION_BUDGET,,,0,0.0,0.6732095202322194,3.090232306167813,False,True,True
REPLICATION,V5_WEAK_RELEVANCE,60025,4096,INSUFFICIENT_INFORMATION_BUDGET,,,0,0.0,0.944613746675126,3.090232306167813,False,True,True
REPLICATION,V5_WEAK_RELEVANCE,60026,4096,INSUFFICIENT_INFORMATION_BUDGET,,,0,0.0,0.6757409625476717,3.090232306167813,False,True,True
REPLICATION,V5_WEAK_RELEVANCE,60027,4096,INSUFFICIENT_INFORMATION_BUDGET,,,0,0.0,0.5240754492306448,3.090232306167813,False,True,True
REPLICATION,V5_WEAK_RELEVANCE,60028,4096,INSUFFICIENT_INFORMATION_BUDGET,,,0,0.0,0.44564214848699957,3.090232306167813,False,True,True
REPLICATION,V5_WEAK_RELEVANCE,60029,4096,INSUFFICIENT_INFORMATION_BUDGET,,,0,0.0,1.5353342268890982,3.090232306167813,False,True,True
REPLICATION,V5_WEAK_RELEVANCE,60030,4096,INSUFFICIENT_INFORMATION_BUDGET,,,0,0.0,0.4537252908730742,3.090232306167813,False,True,True
REPLICATION,V5_WEAK_RELEVANCE,60031,4096,INSUFFICIENT_INFORMATION_BUDGET,,,0,0.0,1.314875539609527,3.090232306167813,False,True,True
REPLICATION,V5_WEAK_RELEVANCE,60032,4096,INSUFFICIENT_INFORMATION_BUDGET,,,0,0.0,0.4554409230527453,3.090232306167813,False,True,True
REPLICATION,V5_WEAK_RELEVANCE,60033,4096,INSUFFICIENT_INFORMATION_BUDGET,,,0,0.0,1.1443527179423985,3.090232306167813,False,True,True
REPLICATION,V5_WEAK_RELEVANCE,60034,4096,INSUFFICIENT_INFORMATION_BUDGET,,,0,0.0,1.1197973124365899,3.090232306167813,False,True,True
REPLICATION,V5_WEAK_RELEVANCE,60035,4096,INSUFFICIENT_INFORMATION_BUDGET,,,0,0.0,1.0221959837070869,3.090232306167813,False,True,True
REPLICATION,V5_WEAK_RELEVANCE,60036,4096,INSUFFICIENT_INFORMATION_BUDGET,,,0,0.0,1.4981646254897711,3.090232306167813,False,True,True
REPLICATION,V5_WEAK_RELEVANCE,60037,4096,INSUFFICIENT_INFORMATION_BUDGET,,,0,0.0,0.6900921985224201,3.090232306167813,False,True,True
REPLICATION,V5_WEAK_RELEVANCE,60038,4096,INSUFFICIENT_INFORMATION_BUDGET,,,0,0.0,2.3623399251135475,3.090232306167813,False,True,True
REPLICATION,V5_WEAK_RELEVANCE,60039,4096,INSUFFICIENT_INFORMATION_BUDGET,,,0,0.0,0.572322588133882,3.090232306167813,False,True,True
REPLICATION,V5_WEAK_RELEVANCE,60040,4096,INSUFFICIENT_INFORMATION_BUDGET,,,0,0.0,1.920091172152058,3.090232306167813,False,True,True
REPLICATION,V5_WEAK_RELEVANCE,60041,4096,INSUFFICIENT_INFORMATION_BUDGET,,,0,0.0,1.1451647622603511,3.090232306167813,False,True,True
REPLICATION,V5_WEAK_RELEVANCE,60042,4096,INSUFFICIENT_INFORMATION_BUDGET,,,0,0.0,0.7361026938158404,3.090232306167813,False,True,True
REPLICATION,V5_WEAK_RELEVANCE,60043,4096,INSUFFICIENT_INFORMATION_BUDGET,,,0,0.0,0.6400179262108214,3.090232306167813,False,True,True
REPLICATION,V5_WEAK_RELEVANCE,60044,4096,INSUFFICIENT_INFORMATION_BUDGET,,,0,0.0,1.2584467404025328,3.090232306167813,False,True,True
REPLICATION,V5_WEAK_RELEVANCE,60045,4096,INSUFFICIENT_INFORMATION_BUDGET,,,0,0.0,1.2576966114300663,3.090232306167813,False,True,True
REPLICATION,V5_WEAK_RELEVANCE,60046,4096,INSUFFICIENT_INFORMATION_BUDGET,,,0,0.0,0.6426343172434636,3.090232306167813,False,True,True
REPLICATION,V5_WEAK_RELEVANCE,60047,4096,INSUFFICIENT_INFORMATION_BUDGET,,,0,0.0,0.6913903667976852,3.090232306167813,False,True,True
REPLICATION,V5_WEAK_RELEVANCE,60048,4096,INSUFFICIENT_INFORMATION_BUDGET,,,0,0.0,0.4720485460773566,3.090232306167813,False,True,True
REPLICATION,V5_WEAK_RELEVANCE,60049,4096,INSUFFICIENT_INFORMATION_BUDGET,,,0,0.0,1.915450766516044,3.090232306167813,False,True,True
REPLICATION,V5_WEAK_RELEVANCE,60050,4096,INSUFFICIENT_INFORMATION_BUDGET,,,0,0.0,1.4580414163854227,3.090232306167813,False,True,True
REPLICATION,V5_WEAK_RELEVANCE,60051,4096,INSUFFICIENT_INFORMATION_BUDGET,,,0,0.0,0.5332220315111819,3.090232306167813,False,True,True
REPLICATION,V5_WEAK_RELEVANCE,60052,4096,INSUFFICIENT_INFORMATION_BUDGET,,,0,0.0,1.6231270528821042,3.090232306167813,False,True,True
REPLICATION,V5_WEAK_RELEVANCE,60053,4096,INSUFFICIENT_INFORMATION_BUDGET,,,0,0.0,1.9843858762785622,3.090232306167813,False,True,True
REPLICATION,V5_WEAK_RELEVANCE,60054,4096,INSUFFICIENT_INFORMATION_BUDGET,,,0,0.0,0.8986476751799335,3.090232306167813,False,True,True
REPLICATION,V5_WEAK_RELEVANCE,60055,4096,INSUFFICIENT_INFORMATION_BUDGET,,,0,0.0,1.1702788198895613,3.090232306167813,False,True,True
REPLICATION,V5_WEAK_RELEVANCE,60056,4096,INSUFFICIENT_INFORMATION_BUDGET,,,0,0.0,1.5914010624410329,3.090232306167813,False,True,True
REPLICATION,V5_WEAK_RELEVANCE,60057,4096,INSUFFICIENT_INFORMATION_BUDGET,,,0,0.0,0.3259811896803395,3.090232306167813,False,True,True
REPLICATION,V5_WEAK_RELEVANCE,60058,4096,INSUFFICIENT_INFORMATION_BUDGET,,,0,0.0,1.1168988580035555,3.090232306167813,False,True,True
REPLICATION,V5_WEAK_RELEVANCE,60059,4096,INSUFFICIENT_INFORMATION_BUDGET,,,0,0.0,0.6773889069496083,3.090232306167813,False,True,True
REPLICATION,V5_WEAK_RELEVANCE,60060,4096,INSUFFICIENT_INFORMATION_BUDGET,,,0,0.0,0.48480073276107644,3.090232306167813,False,True,True
REPLICATION,V5_WEAK_RELEVANCE,60061,4096,INSUFFICIENT_INFORMATION_BUDGET,,,0,0.0,1.0787175128374886,3.090232306167813,False,True,True
REPLICATION,V5_WEAK_RELEVANCE,60062,4096,INSUFFICIENT_INFORMATION_BUDGET,,,0,0.0,1.5821278766259497,3.090232306167813,False,True,True
REPLICATION,V5_WEAK_RELEVANCE,60063,4096,INSUFFICIENT_INFORMATION_BUDGET,,,0,0.0,1.0253808988744446,3.090232306167813,False,True,True
REPLICATION,V5_WEAK_RELEVANCE,60064,4096,INSUFFICIENT_INFORMATION_BUDGET,1.7250485494954866,0.31433521703178413,1,0.0,2.5275774856831483,3.090232306167813,False,True,True
REPLICATION,V5_WEAK_RELEVANCE,60065,4096,INSUFFICIENT_INFORMATION_BUDGET,,,0,0.0,0.9828716259610459,3.090232306167813,False,True,True
REPLICATION,V5_WEAK_RELEVANCE,60066,4096,INSUFFICIENT_INFORMATION_BUDGET,,,0,0.0,1.8210193618459523,3.090232306167813,False,True,True
REPLICATION,V5_WEAK_RELEVANCE,60067,4096,INSUFFICIENT_INFORMATION_BUDGET,,,0,0.0,0.518781486780927,3.090232306167813,False,True,True
REPLICATION,V5_WEAK_RELEVANCE,60068,4096,INSUFFICIENT_INFORMATION_BUDGET,,,0,0.0,1.066285199560978,3.090232306167813,False,True,True
REPLICATION,V5_WEAK_RELEVANCE,60069,4096,INSUFFICIENT_INFORMATION_BUDGET,,,0,0.0,0.0784577964379978,3.090232306167813,False,True,True
REPLICATION,V5_WEAK_RELEVANCE,60070,4096,INSUFFICIENT_INFORMATION_BUDGET,,,0,0.0,0.717433336382001,3.090232306167813,False,True,True
REPLICATION,V5_WEAK_RELEVANCE,60071,4096,INSUFFICIENT_INFORMATION_BUDGET,,,0,0.0,1.5743903854354944,3.090232306167813,False,True,True
REPLICATION,V5_WEAK_RELEVANCE,60072,4096,INSUFFICIENT_INFORMATION_BUDGET,,,0,0.0,0.7441208840681279,3.090232306167813,False,True,True
REPLICATION,V5_WEAK_RELEVANCE,60073,4096,INSUFFICIENT_INFORMATION_BUDGET,1.8359090697894573,0.2900784124354241,1,0.0,2.146175708304973,3.090232306167813,False,True,True
REPLICATION,V5_WEAK_RELEVANCE,60074,4096,INSUFFICIENT_INFORMATION_BUDGET,,,0,0.0,2.3708429705555756,3.090232306167813,False,True,True
REPLICATION,V5_WEAK_RELEVANCE,60075,4096,INSUFFICIENT_INFORMATION_BUDGET,,,0,0.0,1.6486566101586675,3.090232306167813,False,True,True
REPLICATION,V5_WEAK_RELEVANCE,60076,4096,INSUFFICIENT_INFORMATION_BUDGET,,,0,0.0,1.8862647620204964,3.090232306167813,False,True,True
REPLICATION,V5_WEAK_RELEVANCE,60077,4096,INSUFFICIENT_INFORMATION_BUDGET,,,0,0.0,1.792477600329879,3.090232306167813,False,True,True
REPLICATION,V5_WEAK_RELEVANCE,60078,4096,INSUFFICIENT_INFORMATION_BUDGET,,,0,0.0,1.301492117209023,3.090232306167813,False,True,True
REPLICATION,V5_WEAK_RELEVANCE,60079,4096,INSUFFICIENT_INFORMATION_BUDGET,,,0,0.0,1.337404529722381,3.090232306167813,False,True,True
REPLICATION,V5_WEAK_RELEVANCE,60080,4096,INSUFFICIENT_INFORMATION_BUDGET,,,0,0.0,0.4224224127222461,3.090232306167813,False,True,True
REPLICATION,V5_WEAK_RELEVANCE,60081,4096,INSUFFICIENT_INFORMATION_BUDGET,,,0,0.0,1.0829850379745718,3.090232306167813,False,True,True
REPLICATION,V5_WEAK_RELEVANCE,60082,4096,INSUFFICIENT_INFORMATION_BUDGET,,,0,0.0,1.6546862914668419,3.090232306167813,False,True,True
REPLICATION,V5_WEAK_RELEVANCE,60083,4096,INSUFFICIENT_INFORMATION_BUDGET,,,0,0.0,0.6924634725575297,3.090232306167813,False,True,True
REPLICATION,V5_WEAK_RELEVANCE,60084,4096,INSUFFICIENT_INFORMATION_BUDGET,,,0,0.0,1.0606315632893237,3.090232306167813,False,True,True
REPLICATION,V5_WEAK_RELEVANCE,60085,4096,INSUFFICIENT_INFORMATION_BUDGET,,,0,0.0,0.8897173098588208,3.090232306167813,False,True,True
REPLICATION,V5_WEAK_RELEVANCE,60086,4096,INSUFFICIENT_INFORMATION_BUDGET,,,0,0.0,2.1000888261633004,3.090232306167813,False,True,True
REPLICATION,V5_WEAK_RELEVANCE,60087,4096,INSUFFICIENT_INFORMATION_BUDGET,,,0,0.0,0.6765772345867772,3.090232306167813,False,True,True
REPLICATION,V5_WEAK_RELEVANCE,60088,4096,INSUFFICIENT_INFORMATION_BUDGET,,,0,0.0,1.4192104953552995,3.090232306167813,False,True,True
REPLICATION,V5_WEAK_RELEVANCE,60089,4096,INSUFFICIENT_INFORMATION_BUDGET,,,0,0.0,1.2813901116308009,3.090232306167813,False,True,True
REPLICATION,V5_WEAK_RELEVANCE,60090,4096,INSUFFICIENT_INFORMATION_BUDGET,,,0,0.0,1.8398247367603338,3.090232306167813,False,True,True
REPLICATION,V5_WEAK_RELEVANCE,60091,4096,INSUFFICIENT_INFORMATION_BUDGET,,,0,0.0,0.7569313565059158,3.090232306167813,False,True,True
REPLICATION,V5_WEAK_RELEVANCE,60092,4096,INSUFFICIENT_INFORMATION_BUDGET,,,0,0.0,1.5220595004918258,3.090232306167813,False,True,True
REPLICATION,V5_WEAK_RELEVANCE,60093,4096,INSUFFICIENT_INFORMATION_BUDGET,,,0,0.0,1.0074215366147656,3.090232306167813,False,True,True
REPLICATION,V5_WEAK_RELEVANCE,60094,4096,INSUFFICIENT_INFORMATION_BUDGET,,,0,0.0,0.8250134937297247,3.090232306167813,False,True,True
REPLICATION,V5_WEAK_RELEVANCE,60095,4096,INSUFFICIENT_INFORMATION_BUDGET,,,0,0.0,0.5777531575007228,3.090232306167813,False,True,True
REPLICATION,V5_WEAK_RELEVANCE,60096,4096,INSUFFICIENT_INFORMATION_BUDGET,,,0,0.0,1.3895784958601314,3.090232306167813,False,True,True
REPLICATION,V5_WEAK_RELEVANCE,60097,4096,INSUFFICIENT_INFORMATION_BUDGET,,,0,0.0,0.619024065745574,3.090232306167813,False,True,True
REPLICATION,V5_WEAK_RELEVANCE,60098,4096,INSUFFICIENT_INFORMATION_BUDGET,,,0,0.0,0.9296426608374941,3.090232306167813,False,True,True
REPLICATION,V5_WEAK_RELEVANCE,60099,4096,INSUFFICIENT_INFORMATION_BUDGET,,,0,0.0,2.1045511030843715,3.090232306167813,False,True,True
REPLICATION,V5_WEAK_RELEVANCE,60100,4096,INSUFFICIENT_INFORMATION_BUDGET,,,0,0.0,0.34061334709752494,3.090232306167813,False,True,True
REPLICATION,V5_WEAK_RELEVANCE,60101,4096,INSUFFICIENT_INFORMATION_BUDGET,,,0,0.0,0.3060356598100125,3.090232306167813,False,True,True
REPLICATION,V5_WEAK_RELEVANCE,60102,4096,INSUFFICIENT_INFORMATION_BUDGET,,,0,0.0,1.6482786540539516,3.090232306167813,False,True,True
REPLICATION,V5_WEAK_RELEVANCE,60103,4096,INSUFFICIENT_INFORMATION_BUDGET,,,0,0.0,1.8934073617823173,3.090232306167813,False,True,True
REPLICATION,V5_WEAK_RELEVANCE,60104,4096,INSUFFICIENT_INFORMATION_BUDGET,,,0,0.0,2.197647091861466,3.090232306167813,False,True,True
REPLICATION,V5_WEAK_RELEVANCE,60105,4096,INSUFFICIENT_INFORMATION_BUDGET,,,0,0.0,0.7244252208381324,3.090232306167813,False,True,True
REPLICATION,V5_WEAK_RELEVANCE,60106,4096,INSUFFICIENT_INFORMATION_BUDGET,,,0,0.0,0.46914958591693906,3.090232306167813,False,True,True
REPLICATION,V5_WEAK_RELEVANCE,60107,4096,INSUFFICIENT_INFORMATION_BUDGET,,,0,0.0,1.3299381346052923,3.090232306167813,False,True,True
REPLICATION,V5_WEAK_RELEVANCE,60108,4096,INSUFFICIENT_INFORMATION_BUDGET,,,0,0.0,1.4465093636481978,3.090232306167813,False,True,True
REPLICATION,V5_WEAK_RELEVANCE,60109,4096,INSUFFICIENT_INFORMATION_BUDGET,,,0,0.0,0.46393729124657396,3.090232306167813,False,True,True
REPLICATION,V5_WEAK_RELEVANCE,60110,4096,INSUFFICIENT_INFORMATION_BUDGET,,,0,0.0,0.7832870181873128,3.090232306167813,False,True,True
REPLICATION,V5_WEAK_RELEVANCE,60111,4096,INSUFFICIENT_INFORMATION_BUDGET,,,0,0.0,1.8107484995617695,3.090232306167813,False,True,True
REPLICATION,V5_WEAK_RELEVANCE,60112,4096,INSUFFICIENT_INFORMATION_BUDGET,,,0,0.0,1.9123614402370925,3.090232306167813,False,True,True
REPLICATION,V5_WEAK_RELEVANCE,60113,4096,INSUFFICIENT_INFORMATION_BUDGET,,,0,0.0,1.0787936860640286,3.090232306167813,False,True,True
REPLICATION,V5_WEAK_RELEVANCE,60114,4096,INSUFFICIENT_INFORMATION_BUDGET,,,0,0.0,1.1251858245472282,3.090232306167813,False,True,True
REPLICATION,V5_WEAK_RELEVANCE,60115,4096,INSUFFICIENT_INFORMATION_BUDGET,,,0,0.0,0.6283444418415952,3.090232306167813,False,True,True
REPLICATION,V5_WEAK_RELEVANCE,60116,4096,INSUFFICIENT_INFORMATION_BUDGET,,,0,0.0,0.9267078104630325,3.090232306167813,False,True,True
REPLICATION,V5_WEAK_RELEVANCE,60117,4096,INSUFFICIENT_INFORMATION_BUDGET,,,0,0.0,0.26243363862566904,3.090232306167813,False,True,True
REPLICATION,V5_WEAK_RELEVANCE,60118,4096,INSUFFICIENT_INFORMATION_BUDGET,,,0,0.0,0.39654745844695366,3.090232306167813,False,True,True
REPLICATION,V5_WEAK_RELEVANCE,60119,4096,INSUFFICIENT_INFORMATION_BUDGET,,,0,0.0,1.777203673741724,3.090232306167813,False,True,True
REPLICATION,V5_WEAK_RELEVANCE,60120,4096,INSUFFICIENT_INFORMATION_BUDGET,,,0,0.0,1.989579047396815,3.090232306167813,False,True,True
REPLICATION,V5_WEAK_RELEVANCE,60121,4096,INSUFFICIENT_INFORMATION_BUDGET,,,0,0.0,0.8516796463610369,3.090232306167813,False,True,True
REPLICATION,V5_WEAK_RELEVANCE,60122,4096,INSUFFICIENT_INFORMATION_BUDGET,,,0,0.0,1.4315055665193077,3.090232306167813,False,True,True
REPLICATION,V5_WEAK_RELEVANCE,60123,4096,INSUFFICIENT_INFORMATION_BUDGET,,,0,0.0,2.220029693193315,3.090232306167813,False,True,True
REPLICATION,V5_WEAK_RELEVANCE,60124,4096,INSUFFICIENT_INFORMATION_BUDGET,,,0,0.0,1.6301681788648803,3.090232306167813,False,True,True
REPLICATION,V5_WEAK_RELEVANCE,60125,4096,INSUFFICIENT_INFORMATION_BUDGET,,,0,0.0,0.43832920661400276,3.090232306167813,False,True,True
REPLICATION,V5_WEAK_RELEVANCE,60126,4096,INSUFFICIENT_INFORMATION_BUDGET,,,0,0.0,0.9888251024946724,3.090232306167813,False,True,True
REPLICATION,V5_WEAK_RELEVANCE,60127,4096,INSUFFICIENT_INFORMATION_BUDGET,,,0,0.0,1.2022607102090757,3.090232306167813,False,True,True
REPLICATION,V6_COORDINATED_EXCLUSION,60000,4096,CAUSAL_CANDIDATE_UNDER_ASSUMPTIONS,1.3066591934942238,0.01593520795009338,2,0.7509113306887565,0.7632117935635024,3.090232306167813,False,True,True
REPLICATION,V6_COORDINATED_EXCLUSION,60001,4096,CAUSAL_CANDIDATE_UNDER_ASSUMPTIONS,1.309617582324833,0.015890738400842774,2,1.2994370912638804,0.7361976472059614,3.090232306167813,False,True,True
REPLICATION,V6_COORDINATED_EXCLUSION,60002,4096,CAUSAL_CANDIDATE_UNDER_ASSUMPTIONS,1.2941882518832548,0.01606744265425535,2,1.2941357924775752,0.8167715318812364,3.090232306167813,False,True,True
REPLICATION,V6_COORDINATED_EXCLUSION,60003,4096,CAUSAL_CANDIDATE_UNDER_ASSUMPTIONS,1.2912985186527548,0.015350347100316216,2,1.3607460630672672,0.8921750903560626,3.090232306167813,False,True,True
REPLICATION,V6_COORDINATED_EXCLUSION,60004,4096,CAUSAL_CANDIDATE_UNDER_ASSUMPTIONS,1.2989307137014074,0.015773141538915635,2,0.7552588665045245,1.1486354601275073,3.090232306167813,False,True,True
REPLICATION,V6_COORDINATED_EXCLUSION,60005,4096,CAUSAL_CANDIDATE_UNDER_ASSUMPTIONS,1.2928994423172808,0.01594384980622106,2,0.5551825966355523,0.5326411916564918,3.090232306167813,False,True,True
REPLICATION,V6_COORDINATED_EXCLUSION,60006,4096,CAUSAL_CANDIDATE_UNDER_ASSUMPTIONS,1.3056554336413857,0.015522204493732442,2,0.7494732324003929,0.2513479725681037,3.090232306167813,False,True,True
REPLICATION,V6_COORDINATED_EXCLUSION,60007,4096,CAUSAL_CANDIDATE_UNDER_ASSUMPTIONS,1.285144792045017,0.016399268963913104,2,0.7688590578434379,0.7941675484866123,3.090232306167813,False,True,True
REPLICATION,V6_COORDINATED_EXCLUSION,60008,4096,CAUSAL_CANDIDATE_UNDER_ASSUMPTIONS,1.274959813328217,0.016901628878903355,2,0.017405913248007058,0.9402564663491808,3.090232306167813,False,True,True
REPLICATION,V6_COORDINATED_EXCLUSION,60009,4096,CAUSAL_CANDIDATE_UNDER_ASSUMPTIONS,1.2893128545411432,0.016066635525961673,2,0.6223672203356447,0.9480891665693743,3.090232306167813,False,True,True
REPLICATION,V6_COORDINATED_EXCLUSION,60010,4096,CAUSAL_CANDIDATE_UNDER_ASSUMPTIONS,1.2805992664371109,0.01570594502091852,2,0.2714142697829722,0.5975822893034952,3.090232306167813,False,True,True
REPLICATION,V6_COORDINATED_EXCLUSION,60011,4096,CAUSAL_CANDIDATE_UNDER_ASSUMPTIONS,1.3083822069689794,0.015749553623113206,2,0.7402072004758729,0.16176377167305464,3.090232306167813,False,True,True
REPLICATION,V6_COORDINATED_EXCLUSION,60012,4096,CAUSAL_CANDIDATE_UNDER_ASSUMPTIONS,1.2826032917036154,0.015463096325308786,2,0.04666620206534692,0.6850693214805784,3.090232306167813,False,True,True
REPLICATION,V6_COORDINATED_EXCLUSION,60013,4096,CAUSAL_CANDIDATE_UNDER_ASSUMPTIONS,1.2814104452735597,0.016202237109572366,2,0.8979699335154738,0.2738456041430394,3.090232306167813,False,True,True
REPLICATION,V6_COORDINATED_EXCLUSION,60014,4096,CAUSAL_CANDIDATE_UNDER_ASSUMPTIONS,1.3067055992839485,0.015294611097532222,2,0.1791417382929665,1.6423432057670753,3.090232306167813,False,True,True
REPLICATION,V6_COORDINATED_EXCLUSION,60015,4096,CAUSAL_CANDIDATE_UNDER_ASSUMPTIONS,1.3033229632786885,0.016210106304502418,2,0.2530170156317257,1.6013756057425956,3.090232306167813,False,True,True
REPLICATION,V6_COORDINATED_EXCLUSION,60016,4096,CAUSAL_CANDIDATE_UNDER_ASSUMPTIONS,1.3040188906644463,0.016496893320524845,2,0.7163706949905192,1.931427233800811,3.090232306167813,False,True,True
REPLICATION,V6_COORDINATED_EXCLUSION,60017,4096,CAUSAL_CANDIDATE_UNDER_ASSUMPTIONS,1.3169479004535467,0.0156788752012118,2,0.4020141174726528,0.442647134167786,3.090232306167813,False,True,True
REPLICATION,V6_COORDINATED_EXCLUSION,60018,4096,CAUSAL_CANDIDATE_UNDER_ASSUMPTIONS,1.2924630888910298,0.015943088105142226,2,1.240460858722005,1.6235282273653924,3.090232306167813,False,True,True
REPLICATION,V6_COORDINATED_EXCLUSION,60019,4096,CAUSAL_CANDIDATE_UNDER_ASSUMPTIONS,1.3037520969465735,0.015179121600082252,2,2.711910423960462,0.9582529754994425,3.090232306167813,False,True,True
REPLICATION,V6_COORDINATED_EXCLUSION,60020,4096,CAUSAL_CANDIDATE_UNDER_ASSUMPTIONS,1.315952802360273,0.016096412898770545,2,0.5151566194542322,0.7991864053505029,3.090232306167813,False,True,True
REPLICATION,V6_COORDINATED_EXCLUSION,60021,4096,CAUSAL_CANDIDATE_UNDER_ASSUMPTIONS,1.2765047957803697,0.01703031329808352,2,0.785223444705653,0.9895468443278675,3.090232306167813,False,True,True
REPLICATION,V6_COORDINATED_EXCLUSION,60022,4096,CAUSAL_CANDIDATE_UNDER_ASSUMPTIONS,1.3018185373048674,0.015830607276885723,2,0.2784074450725251,0.9885428225305843,3.090232306167813,False,True,True
REPLICATION,V6_COORDINATED_EXCLUSION,60023,4096,CAUSAL_CANDIDATE_UNDER_ASSUMPTIONS,1.3067946467103195,0.016090903093379315,2,1.056115465366659,1.6202315168770278,3.090232306167813,False,True,True
REPLICATION,V6_COORDINATED_EXCLUSION,60024,4096,CAUSAL_CANDIDATE_UNDER_ASSUMPTIONS,1.2971783873965037,0.01540458264238194,2,1.0318927367897435,0.6732095202322194,3.090232306167813,False,True,True
REPLICATION,V6_COORDINATED_EXCLUSION,60025,4096,CAUSAL_CANDIDATE_UNDER_ASSUMPTIONS,1.2813932670508539,0.016268648462942743,2,0.03443136876942661,0.944613746675126,3.090232306167813,False,True,True
REPLICATION,V6_COORDINATED_EXCLUSION,60026,4096,CAUSAL_CANDIDATE_UNDER_ASSUMPTIONS,1.3036987423949193,0.016354083939997224,2,1.100957378238766,0.6757409625476717,3.090232306167813,False,True,True
REPLICATION,V6_COORDINATED_EXCLUSION,60027,4096,CAUSAL_CANDIDATE_UNDER_ASSUMPTIONS,1.2979659961363836,0.015695403923445705,2,0.20650093076378545,0.5240754492306448,3.090232306167813,False,True,True
REPLICATION,V6_COORDINATED_EXCLUSION,60028,4096,CAUSAL_CANDIDATE_UNDER_ASSUMPTIONS,1.3026437856455522,0.01584674363887212,2,0.8271457395573687,0.44564214848699957,3.090232306167813,False,True,True
REPLICATION,V6_COORDINATED_EXCLUSION,60029,4096,CAUSAL_CANDIDATE_UNDER_ASSUMPTIONS,1.2939491356898198,0.01545802869100861,2,1.352292887011757,1.5353342268890982,3.090232306167813,False,True,True
REPLICATION,V6_COORDINATED_EXCLUSION,60030,4096,CAUSAL_CANDIDATE_UNDER_ASSUMPTIONS,1.292353754889134,0.015802293282962038,2,0.3506600378983088,0.4537252908730742,3.090232306167813,False,True,True
REPLICATION,V6_COORDINATED_EXCLUSION,60031,4096,CAUSAL_CANDIDATE_UNDER_ASSUMPTIONS,1.2889888870562227,0.01641584147374676,2,1.458473461163134,1.314875539609527,3.090232306167813,False,True,True
REPLICATION,V6_COORDINATED_EXCLUSION,60032,4096,CAUSAL_CANDIDATE_UNDER_ASSUMPTIONS,1.3152399403784787,0.016672750412423547,2,0.32285185530246924,0.4554409230527453,3.090232306167813,False,True,True
REPLICATION,V6_COORDINATED_EXCLUSION,60033,4096,CAUSAL_CANDIDATE_UNDER_ASSUMPTIONS,1.3013096161634614,0.016384578467728783,2,0.4496062297741819,1.1443527179423985,3.090232306167813,False,True,True
REPLICATION,V6_COORDINATED_EXCLUSION,60034,4096,CAUSAL_CANDIDATE_UNDER_ASSUMPTIONS,1.30075619460455,0.015436641481943856,2,1.075257104427241,1.1197973124365899,3.090232306167813,False,True,True
REPLICATION,V6_COORDINATED_EXCLUSION,60035,4096,CAUSAL_CANDIDATE_UNDER_ASSUMPTIONS,1.2722108907597736,0.01575206814882794,2,0.07083814157046983,1.0221959837070869,3.090232306167813,False,True,True
REPLICATION,V6_COORDINATED_EXCLUSION,60036,4096,CAUSAL_CANDIDATE_UNDER_ASSUMPTIONS,1.299372802249895,0.015266799829968276,2,1.1093316816676773,1.4981646254897711,3.090232306167813,False,True,True
REPLICATION,V6_COORDINATED_EXCLUSION,60037,4096,CAUSAL_CANDIDATE_UNDER_ASSUMPTIONS,1.2965320927830606,0.015623299833018694,2,0.7455679406042197,0.6900921985224201,3.090232306167813,False,True,True
REPLICATION,V6_COORDINATED_EXCLUSION,60038,4096,CAUSAL_CANDIDATE_UNDER_ASSUMPTIONS,1.2938878317680542,0.016526760762261544,2,0.6845717677655158,2.3623399251135475,3.090232306167813,False,True,True
REPLICATION,V6_COORDINATED_EXCLUSION,60039,4096,CAUSAL_CANDIDATE_UNDER_ASSUMPTIONS,1.3038010906657378,0.0158444821287215,2,0.27833190783734735,0.572322588133882,3.090232306167813,False,True,True
REPLICATION,V6_COORDINATED_EXCLUSION,60040,4096,CAUSAL_CANDIDATE_UNDER_ASSUMPTIONS,1.2968149874438857,0.015555289099501258,2,1.7121845156682758,1.920091172152058,3.090232306167813,False,True,True
REPLICATION,V6_COORDINATED_EXCLUSION,60041,4096,CAUSAL_CANDIDATE_UNDER_ASSUMPTIONS,1.307511854458098,0.01624721006646892,2,0.7735705695911459,1.1451647622603511,3.090232306167813,False,True,True
REPLICATION,V6_COORDINATED_EXCLUSION,60042,4096,CAUSAL_CANDIDATE_UNDER_ASSUMPTIONS,1.283667806763698,0.015550109882330231,2,0.6179278889161665,0.7361026938158404,3.090232306167813,False,True,True
REPLICATION,V6_COORDINATED_EXCLUSION,60043,4096,CAUSAL_CANDIDATE_UNDER_ASSUMPTIONS,1.3258440410547006,0.015669456803772495,2,1.958401278250869,0.6400179262108214,3.090232306167813,False,True,True
REPLICATION,V6_COORDINATED_EXCLUSION,60044,4096,CAUSAL_CANDIDATE_UNDER_ASSUMPTIONS,1.2932632324678897,0.01601347584619913,2,1.961337683544326,1.2584467404025328,3.090232306167813,False,True,True
REPLICATION,V6_COORDINATED_EXCLUSION,60045,4096,CAUSAL_CANDIDATE_UNDER_ASSUMPTIONS,1.2804986869480153,0.015453336145895355,2,1.2435908051257665,1.2576966114300663,3.090232306167813,False,True,True
REPLICATION,V6_COORDINATED_EXCLUSION,60046,4096,CAUSAL_CANDIDATE_UNDER_ASSUMPTIONS,1.300155713237215,0.01573472675741233,2,1.5174672597686087,0.6426343172434636,3.090232306167813,False,True,True
REPLICATION,V6_COORDINATED_EXCLUSION,60047,4096,CAUSAL_CANDIDATE_UNDER_ASSUMPTIONS,1.287430344724625,0.01579358798390204,2,0.30316694742246897,0.6913903667976852,3.090232306167813,False,True,True
REPLICATION,V6_COORDINATED_EXCLUSION,60048,4096,CAUSAL_CANDIDATE_UNDER_ASSUMPTIONS,1.303724321234798,0.015145822566910843,2,0.6260461259826748,0.4720485460773566,3.090232306167813,False,True,True
REPLICATION,V6_COORDINATED_EXCLUSION,60049,4096,CAUSAL_CANDIDATE_UNDER_ASSUMPTIONS,1.2953075145481403,0.01564821923257438,2,0.2879156531795591,1.915450766516044,3.090232306167813,False,True,True
REPLICATION,V6_COORDINATED_EXCLUSION,60050,4096,CAUSAL_CANDIDATE_UNDER_ASSUMPTIONS,1.2693252520282934,0.01617990297789011,2,0.31841379830309646,1.4580414163854227,3.090232306167813,False,True,True
REPLICATION,V6_COORDINATED_EXCLUSION,60051,4096,CAUSAL_CANDIDATE_UNDER_ASSUMPTIONS,1.3111186731112294,0.016152676045449708,2,0.5537390370481812,0.5332220315111819,3.090232306167813,False,True,True
REPLICATION,V6_COORDINATED_EXCLUSION,60052,4096,CAUSAL_CANDIDATE_UNDER_ASSUMPTIONS,1.3042108531954726,0.016032014422560394,2,2.2658379551807517,1.6231270528821042,3.090232306167813,False,True,True
REPLICATION,V6_COORDINATED_EXCLUSION,60053,4096,CAUSAL_CANDIDATE_UNDER_ASSUMPTIONS,1.2807765228828112,0.016130915183748967,2,2.143438453973896,1.9843858762785622,3.090232306167813,False,True,True
REPLICATION,V6_COORDINATED_EXCLUSION,60054,4096,CAUSAL_CANDIDATE_UNDER_ASSUMPTIONS,1.2975726803102992,0.01573892568131032,2,0.4179674573035474,0.8986476751799335,3.090232306167813,False,True,True
REPLICATION,V6_COORDINATED_EXCLUSION,60055,4096,CAUSAL_CANDIDATE_UNDER_ASSUMPTIONS,1.2741703787826464,0.016121134541984206,2,0.18207452766970927,1.1702788198895613,3.090232306167813,False,True,True
REPLICATION,V6_COORDINATED_EXCLUSION,60056,4096,CAUSAL_CANDIDATE_UNDER_ASSUMPTIONS,1.3183195148241174,0.015756262878744695,2,0.04977864889957251,1.5914010624410329,3.090232306167813,False,True,True
REPLICATION,V6_COORDINATED_EXCLUSION,60057,4096,CAUSAL_CANDIDATE_UNDER_ASSUMPTIONS,1.3036732520014118,0.015743383845926048,2,1.2116837397598292,0.3259811896803395,3.090232306167813,False,True,True
REPLICATION,V6_COORDINATED_EXCLUSION,60058,4096,CAUSAL_CANDIDATE_UNDER_ASSUMPTIONS,1.2758784063243396,0.015326690391025355,2,1.981302747762217,1.1168988580035555,3.090232306167813,False,True,True
REPLICATION,V6_COORDINATED_EXCLUSION,60059,4096,CAUSAL_CANDIDATE_UNDER_ASSUMPTIONS,1.2915781552370937,0.015688538013278328,2,1.0593069128724635,0.6773889069496083,3.090232306167813,False,True,True
REPLICATION,V6_COORDINATED_EXCLUSION,60060,4096,CAUSAL_CANDIDATE_UNDER_ASSUMPTIONS,1.3004724561613452,0.015451284530349864,2,0.022843040483829614,0.48480073276107644,3.090232306167813,False,True,True
REPLICATION,V6_COORDINATED_EXCLUSION,60061,4096,CAUSAL_CANDIDATE_UNDER_ASSUMPTIONS,1.3142731551683655,0.01570076275347244,2,0.5236302126788167,1.0787175128374886,3.090232306167813,False,True,True
REPLICATION,V6_COORDINATED_EXCLUSION,60062,4096,CAUSAL_CANDIDATE_UNDER_ASSUMPTIONS,1.32129249894556,0.0151169684977112,2,1.6275125181196244,1.5821278766259497,3.090232306167813,False,True,True
REPLICATION,V6_COORDINATED_EXCLUSION,60063,4096,CAUSAL_CANDIDATE_UNDER_ASSUMPTIONS,1.291243586165809,0.015798109542319392,2,0.6833428427207541,1.0253808988744446,3.090232306167813,False,True,True
REPLICATION,V6_COORDINATED_EXCLUSION,60064,4096,CAUSAL_CANDIDATE_UNDER_ASSUMPTIONS,1.3353560577041503,0.015241643349227221,2,0.5365746022714989,2.5275774856831483,3.090232306167813,False,True,True
REPLICATION,V6_COORDINATED_EXCLUSION,60065,4096,CAUSAL_CANDIDATE_UNDER_ASSUMPTIONS,1.292337555334567,0.016138921514575556,2,1.7796908443281616,0.9828716259610459,3.090232306167813,False,True,True
REPLICATION,V6_COORDINATED_EXCLUSION,60066,4096,CAUSAL_CANDIDATE_UNDER_ASSUMPTIONS,1.2761482154815647,0.016419843131914115,2,0.031425104845767375,1.8210193618459523,3.090232306167813,False,True,True
REPLICATION,V6_COORDINATED_EXCLUSION,60067,4096,CAUSAL_CANDIDATE_UNDER_ASSUMPTIONS,1.3101301059627501,0.01598984595599113,2,1.021403303097258,0.518781486780927,3.090232306167813,False,True,True
REPLICATION,V6_COORDINATED_EXCLUSION,60068,4096,CAUSAL_CANDIDATE_UNDER_ASSUMPTIONS,1.2798853191128279,0.015393640911232435,2,1.2126320137619218,1.066285199560978,3.090232306167813,False,True,True
REPLICATION,V6_COORDINATED_EXCLUSION,60069,4096,CAUSAL_CANDIDATE_UNDER_ASSUMPTIONS,1.3013638927370745,0.015597437445507647,2,0.13256793392845503,0.0784577964379978,3.090232306167813,False,True,True
REPLICATION,V6_COORDINATED_EXCLUSION,60070,4096,CAUSAL_CANDIDATE_UNDER_ASSUMPTIONS,1.3118331694710987,0.016494914789636137,2,0.6043485764506893,0.717433336382001,3.090232306167813,False,True,True
REPLICATION,V6_COORDINATED_EXCLUSION,60071,4096,CAUSAL_CANDIDATE_UNDER_ASSUMPTIONS,1.2851003788448372,0.015576314609510394,2,0.7427969130702261,1.5743903854354944,3.090232306167813,False,True,True
REPLICATION,V6_COORDINATED_EXCLUSION,60072,4096,CAUSAL_CANDIDATE_UNDER_ASSUMPTIONS,1.3174734314254692,0.015833960405371345,2,0.0820476792503987,0.7441208840681279,3.090232306167813,False,True,True
REPLICATION,V6_COORDINATED_EXCLUSION,60073,4096,CAUSAL_CANDIDATE_UNDER_ASSUMPTIONS,1.3165153993141117,0.015703463884201414,2,1.866898983221882,2.146175708304973,3.090232306167813,False,True,True
REPLICATION,V6_COORDINATED_EXCLUSION,60074,4096,CAUSAL_CANDIDATE_UNDER_ASSUMPTIONS,1.3442141522092166,0.014981732964067702,2,1.0741609895596909,2.3708429705555756,3.090232306167813,False,True,True
REPLICATION,V6_COORDINATED_EXCLUSION,60075,4096,CAUSAL_CANDIDATE_UNDER_ASSUMPTIONS,1.30876876093183,0.014806115298429415,2,0.4430649624058678,1.6486566101586675,3.090232306167813,False,True,True
REPLICATION,V6_COORDINATED_EXCLUSION,60076,4096,CAUSAL_CANDIDATE_UNDER_ASSUMPTIONS,1.3012177245703065,0.015874307394744165,2,0.6061823058199333,1.8862647620204964,3.090232306167813,False,True,True
REPLICATION,V6_COORDINATED_EXCLUSION,60077,4096,CAUSAL_CANDIDATE_UNDER_ASSUMPTIONS,1.294147244391799,0.01595290351796461,2,1.6389094025884248,1.792477600329879,3.090232306167813,False,True,True
REPLICATION,V6_COORDINATED_EXCLUSION,60078,4096,CAUSAL_CANDIDATE_UNDER_ASSUMPTIONS,1.2775273221164745,0.016476613871128278,2,1.5641046258443445,1.301492117209023,3.090232306167813,False,True,True
REPLICATION,V6_COORDINATED_EXCLUSION,60079,4096,CAUSAL_CANDIDATE_UNDER_ASSUMPTIONS,1.2972219175313686,0.015642959280718124,2,0.7324552389615387,1.337404529722381,3.090232306167813,False,True,True
REPLICATION,V6_COORDINATED_EXCLUSION,60080,4096,CAUSAL_CANDIDATE_UNDER_ASSUMPTIONS,1.300812468182567,0.015567140805629875,2,0.657488647798192,0.4224224127222461,3.090232306167813,False,True,True
REPLICATION,V6_COORDINATED_EXCLUSION,60081,4096,CAUSAL_CANDIDATE_UNDER_ASSUMPTIONS,1.3034525597866395,0.01590470745500138,2,0.3141998226355292,1.0829850379745718,3.090232306167813,False,True,True
REPLICATION,V6_COORDINATED_EXCLUSION,60082,4096,CAUSAL_CANDIDATE_UNDER_ASSUMPTIONS,1.3091896027411432,0.01598136714712465,2,1.0347296557200596,1.6546862914668419,3.090232306167813,False,True,True
REPLICATION,V6_COORDINATED_EXCLUSION,60083,4096,CAUSAL_CANDIDATE_UNDER_ASSUMPTIONS,1.3122984178949564,0.015812453094208017,2,0.38013918934218655,0.6924634725575297,3.090232306167813,False,True,True
REPLICATION,V6_COORDINATED_EXCLUSION,60084,4096,CAUSAL_CANDIDATE_UNDER_ASSUMPTIONS,1.3017755453168163,0.016270901066677102,2,0.9368931147057362,1.0606315632893237,3.090232306167813,False,True,True
REPLICATION,V6_COORDINATED_EXCLUSION,60085,4096,CAUSAL_CANDIDATE_UNDER_ASSUMPTIONS,1.2853852612135352,0.015500560849110672,2,0.14694304124824178,0.8897173098588208,3.090232306167813,False,True,True
REPLICATION,V6_COORDINATED_EXCLUSION,60086,4096,CAUSAL_CANDIDATE_UNDER_ASSUMPTIONS,1.2984145305009325,0.01546522412325776,2,0.2093993382586918,2.1000888261633004,3.090232306167813,False,True,True
REPLICATION,V6_COORDINATED_EXCLUSION,60087,4096,CAUSAL_CANDIDATE_UNDER_ASSUMPTIONS,1.3050296289924894,0.015365468596966579,2,0.5171750649365782,0.6765772345867772,3.090232306167813,False,True,True
REPLICATION,V6_COORDINATED_EXCLUSION,60088,4096,CAUSAL_CANDIDATE_UNDER_ASSUMPTIONS,1.3108281621570856,0.01573607323040198,2,1.2251699582658455,1.4192104953552995,3.090232306167813,False,True,True
REPLICATION,V6_COORDINATED_EXCLUSION,60089,4096,CAUSAL_CANDIDATE_UNDER_ASSUMPTIONS,1.3138660905595783,0.015509436902542481,2,0.14317001217304323,1.2813901116308009,3.090232306167813,False,True,True
REPLICATION,V6_COORDINATED_EXCLUSION,60090,4096,CAUSAL_CANDIDATE_UNDER_ASSUMPTIONS,1.2866709958317544,0.015445571883957931,2,0.4680751779944582,1.8398247367603338,3.090232306167813,False,True,True
REPLICATION,V6_COORDINATED_EXCLUSION,60091,4096,CAUSAL_CANDIDATE_UNDER_ASSUMPTIONS,1.2979189328330205,0.015536376027916524,2,2.402349489741114,0.7569313565059158,3.090232306167813,False,True,True
REPLICATION,V6_COORDINATED_EXCLUSION,60092,4096,CAUSAL_CANDIDATE_UNDER_ASSUMPTIONS,1.2831292699158159,0.015538893669456596,2,0.7991917633894349,1.5220595004918258,3.090232306167813,False,True,True
REPLICATION,V6_COORDINATED_EXCLUSION,60093,4096,CAUSAL_CANDIDATE_UNDER_ASSUMPTIONS,1.2846944720744085,0.015907372812360553,2,1.5218163596269285,1.0074215366147656,3.090232306167813,False,True,True
REPLICATION,V6_COORDINATED_EXCLUSION,60094,4096,CAUSAL_CANDIDATE_UNDER_ASSUMPTIONS,1.3213806951120286,0.015262156714719626,2,1.3953875888336806,0.8250134937297247,3.090232306167813,False,True,True
REPLICATION,V6_COORDINATED_EXCLUSION,60095,4096,CAUSAL_CANDIDATE_UNDER_ASSUMPTIONS,1.2874083710579889,0.01621887216422961,2,1.598708131458141,0.5777531575007228,3.090232306167813,False,True,True
REPLICATION,V6_COORDINATED_EXCLUSION,60096,4096,CAUSAL_CANDIDATE_UNDER_ASSUMPTIONS,1.307098936714431,0.015498306389181813,2,0.5726077019360816,1.3895784958601314,3.090232306167813,False,True,True
REPLICATION,V6_COORDINATED_EXCLUSION,60097,4096,CAUSAL_CANDIDATE_UNDER_ASSUMPTIONS,1.3053530170170955,0.015752597441534934,2,0.13866601984378424,0.619024065745574,3.090232306167813,False,True,True
REPLICATION,V6_COORDINATED_EXCLUSION,60098,4096,CAUSAL_CANDIDATE_UNDER_ASSUMPTIONS,1.321976608621772,0.015870716247091424,2,0.12664772097243324,0.9296426608374941,3.090232306167813,False,True,True
REPLICATION,V6_COORDINATED_EXCLUSION,60099,4096,CAUSAL_CANDIDATE_UNDER_ASSUMPTIONS,1.3124435035481552,0.015103439033522625,2,1.0601942634010744,2.1045511030843715,3.090232306167813,False,True,True
REPLICATION,V6_COORDINATED_EXCLUSION,60100,4096,CAUSAL_CANDIDATE_UNDER_ASSUMPTIONS,1.3253445908173918,0.016441061337445897,2,0.662433196155268,0.34061334709752494,3.090232306167813,False,True,True
REPLICATION,V6_COORDINATED_EXCLUSION,60101,4096,CAUSAL_CANDIDATE_UNDER_ASSUMPTIONS,1.2754094893440406,0.016147511752798025,2,0.6141424723320006,0.3060356598100125,3.090232306167813,False,True,True
REPLICATION,V6_COORDINATED_EXCLUSION,60102,4096,CAUSAL_CANDIDATE_UNDER_ASSUMPTIONS,1.3121301653779174,0.01604093392348007,2,1.804417758832723,1.6482786540539516,3.090232306167813,False,True,True
REPLICATION,V6_COORDINATED_EXCLUSION,60103,4096,CAUSAL_CANDIDATE_UNDER_ASSUMPTIONS,1.3136319176545668,0.015602931702905713,2,0.609789900926567,1.8934073617823173,3.090232306167813,False,True,True
REPLICATION,V6_COORDINATED_EXCLUSION,60104,4096,CAUSAL_CANDIDATE_UNDER_ASSUMPTIONS,1.3265374317765475,0.015120714088119382,2,0.15132808228418773,2.197647091861466,3.090232306167813,False,True,True
REPLICATION,V6_COORDINATED_EXCLUSION,60105,4096,CAUSAL_CANDIDATE_UNDER_ASSUMPTIONS,1.2934396760464515,0.01627922936447698,2,1.584543600510556,0.7244252208381324,3.090232306167813,False,True,True
REPLICATION,V6_COORDINATED_EXCLUSION,60106,4096,CAUSAL_CANDIDATE_UNDER_ASSUMPTIONS,1.2867995605809108,0.015918129616320338,2,0.16369515872076845,0.46914958591693906,3.090232306167813,False,True,True
REPLICATION,V6_COORDINATED_EXCLUSION,60107,4096,CAUSAL_CANDIDATE_UNDER_ASSUMPTIONS,1.3246659169417416,0.015227193295966128,2,0.21679136139187222,1.3299381346052923,3.090232306167813,False,True,True
REPLICATION,V6_COORDINATED_EXCLUSION,60108,4096,CAUSAL_CANDIDATE_UNDER_ASSUMPTIONS,1.32051588713276,0.015703195841609927,2,0.19560551276220978,1.4465093636481978,3.090232306167813,False,True,True
REPLICATION,V6_COORDINATED_EXCLUSION,60109,4096,CAUSAL_CANDIDATE_UNDER_ASSUMPTIONS,1.2891679574645132,0.016165909753843462,2,0.38086335995403114,0.46393729124657396,3.090232306167813,False,True,True
REPLICATION,V6_COORDINATED_EXCLUSION,60110,4096,CAUSAL_CANDIDATE_UNDER_ASSUMPTIONS,1.3046379522793137,0.01605790157475818,2,0.5062925294724341,0.7832870181873128,3.090232306167813,False,True,True
REPLICATION,V6_COORDINATED_EXCLUSION,60111,4096,CAUSAL_CANDIDATE_UNDER_ASSUMPTIONS,1.2965046181608375,0.01562745143550748,2,0.7340338622833351,1.8107484995617695,3.090232306167813,False,True,True
REPLICATION,V6_COORDINATED_EXCLUSION,60112,4096,CAUSAL_CANDIDATE_UNDER_ASSUMPTIONS,1.3222765442404152,0.015258385293030056,2,0.8958655702702957,1.9123614402370925,3.090232306167813,False,True,True
REPLICATION,V6_COORDINATED_EXCLUSION,60113,4096,CAUSAL_CANDIDATE_UNDER_ASSUMPTIONS,1.2971257374828256,0.015726985669673586,2,1.674513518281465,1.0787936860640286,3.090232306167813,False,True,True
REPLICATION,V6_COORDINATED_EXCLUSION,60114,4096,CAUSAL_CANDIDATE_UNDER_ASSUMPTIONS,1.254557830489295,0.016398277484131578,2,1.2810786933695923,1.1251858245472282,3.090232306167813,False,True,True
REPLICATION,V6_COORDINATED_EXCLUSION,60115,4096,CAUSAL_CANDIDATE_UNDER_ASSUMPTIONS,1.3115672061395487,0.016168216064923805,2,1.2139925793651456,0.6283444418415952,3.090232306167813,False,True,True
REPLICATION,V6_COORDINATED_EXCLUSION,60116,4096,CAUSAL_CANDIDATE_UNDER_ASSUMPTIONS,1.2704721750778043,0.016481227418648138,2,0.5389475896718848,0.9267078104630325,3.090232306167813,False,True,True
REPLICATION,V6_COORDINATED_EXCLUSION,60117,4096,CAUSAL_CANDIDATE_UNDER_ASSUMPTIONS,1.3169099963468174,0.015561457247818015,2,0.46614204446945534,0.26243363862566904,3.090232306167813,False,True,True
REPLICATION,V6_COORDINATED_EXCLUSION,60118,4096,CAUSAL_CANDIDATE_UNDER_ASSUMPTIONS,1.3147300744461115,0.015473023558088115,2,1.2683962580064174,0.39654745844695366,3.090232306167813,False,True,True
REPLICATION,V6_COORDINATED_EXCLUSION,60119,4096,CAUSAL_CANDIDATE_UNDER_ASSUMPTIONS,1.3044543836616853,0.015638105250635442,2,1.6628309047458765,1.777203673741724,3.090232306167813,False,True,True
REPLICATION,V6_COORDINATED_EXCLUSION,60120,4096,CAUSAL_CANDIDATE_UNDER_ASSUMPTIONS,1.320967356712708,0.015752832156872936,2,0.24401333038324416,1.989579047396815,3.090232306167813,False,True,True
REPLICATION,V6_COORDINATED_EXCLUSION,60121,4096,CAUSAL_CANDIDATE_UNDER_ASSUMPTIONS,1.2834996331647799,0.016093597322294824,2,0.34886077830438594,0.8516796463610369,3.090232306167813,False,True,True
REPLICATION,V6_COORDINATED_EXCLUSION,60122,4096,CAUSAL_CANDIDATE_UNDER_ASSUMPTIONS,1.2964579968596335,0.016226055746863175,2,0.8113463025088306,1.4315055665193077,3.090232306167813,False,True,True
REPLICATION,V6_COORDINATED_EXCLUSION,60123,4096,CAUSAL_CANDIDATE_UNDER_ASSUMPTIONS,1.2839023872942235,0.017221175955795306,2,0.35737199119260254,2.220029693193315,3.090232306167813,False,True,True
REPLICATION,V6_COORDINATED_EXCLUSION,60124,4096,CAUSAL_CANDIDATE_UNDER_ASSUMPTIONS,1.3060659312499057,0.015572852300607648,2,1.2443207818012507,1.6301681788648803,3.090232306167813,False,True,True
REPLICATION,V6_COORDINATED_EXCLUSION,60125,4096,CAUSAL_CANDIDATE_UNDER_ASSUMPTIONS,1.3077378538414486,0.015643854245010105,2,0.061238645701242704,0.43832920661400276,3.090232306167813,False,True,True
REPLICATION,V6_COORDINATED_EXCLUSION,60126,4096,CAUSAL_CANDIDATE_UNDER_ASSUMPTIONS,1.2879127304191247,0.01565956522923357,2,0.17171296307693332,0.9888251024946724,3.090232306167813,False,True,True
REPLICATION,V6_COORDINATED_EXCLUSION,60127,4096,CAUSAL_CANDIDATE_UNDER_ASSUMPTIONS,1.3013779251998434,0.015797341440663276,2,0.45616882601163894,1.2022607102090757,3.090232306167813,False,True,True
REPLICATION,V7_LABEL_CORRUPTION,60000,4096,CAUSAL_CANDIDATE_UNDER_ASSUMPTIONS,0.8233583444682842,0.03676946429186739,2,0.6964285199266919,1.3413885125693918,3.090232306167813,False,True,True
REPLICATION,V7_LABEL_CORRUPTION,60001,4096,CAUSAL_CANDIDATE_UNDER_ASSUMPTIONS,0.7906810141506833,0.04010817205122541,2,1.5130494880832,0.7838754005404099,3.090232306167813,False,True,True
REPLICATION,V7_LABEL_CORRUPTION,60002,4096,CAUSAL_CANDIDATE_UNDER_ASSUMPTIONS,0.7458708036767044,0.04013936246774941,2,0.4606548523212583,1.8841936671664625,3.090232306167813,False,True,True
REPLICATION,V7_LABEL_CORRUPTION,60003,4096,CAUSAL_CANDIDATE_UNDER_ASSUMPTIONS,0.7577441251006946,0.039437783721740886,2,0.5176083556878892,0.8006727789281036,3.090232306167813,False,True,True
REPLICATION,V7_LABEL_CORRUPTION,60004,4096,CAUSAL_CANDIDATE_UNDER_ASSUMPTIONS,0.7848519677567519,0.03633740837621258,2,0.34442609110375094,1.1055267208096617,3.090232306167813,False,True,True
REPLICATION,V7_LABEL_CORRUPTION,60005,4096,CAUSAL_CANDIDATE_UNDER_ASSUMPTIONS,0.8314059861390962,0.038826994901509024,2,2.135976147386827,1.7261419228610735,3.090232306167813,False,True,True
REPLICATION,V7_LABEL_CORRUPTION,60006,4096,CAUSAL_CANDIDATE_UNDER_ASSUMPTIONS,0.7736773458283166,0.040807068663216005,2,0.6021984664633584,0.38503499761321985,3.090232306167813,False,True,True
REPLICATION,V7_LABEL_CORRUPTION,60007,4096,CAUSAL_CANDIDATE_UNDER_ASSUMPTIONS,0.7760612140482138,0.03902675300411164,2,0.24299230401144578,0.5777925777313907,3.090232306167813,False,True,True
REPLICATION,V7_LABEL_CORRUPTION,60008,4096,CAUSAL_CANDIDATE_UNDER_ASSUMPTIONS,0.7670520770776182,0.0403059153338909,2,0.293289758083174,0.6266861441562542,3.090232306167813,False,True,True
REPLICATION,V7_LABEL_CORRUPTION,60009,4096,CAUSAL_CANDIDATE_UNDER_ASSUMPTIONS,0.7909424328563249,0.03780157668701592,2,0.11656316141816656,1.3852442494099744,3.090232306167813,False,True,True
REPLICATION,V7_LABEL_CORRUPTION,60010,4096,CAUSAL_CANDIDATE_UNDER_ASSUMPTIONS,0.7995979941267372,0.03994098935963365,2,0.3819337042349852,1.12034716336341,3.090232306167813,False,True,True
REPLICATION,V7_LABEL_CORRUPTION,60011,4096,CAUSAL_CANDIDATE_UNDER_ASSUMPTIONS,0.7345144497209006,0.04209914952713469,2,2.3757344355759593,1.992818668552909,3.090232306167813,False,True,True
REPLICATION,V7_LABEL_CORRUPTION,60012,4096,CAUSAL_CANDIDATE_UNDER_ASSUMPTIONS,0.8134476600891571,0.03839251529459659,2,0.03292387836158859,2.1290201720244126,3.090232306167813,False,True,True
REPLICATION,V7_LABEL_CORRUPTION,60013,4096,CAUSAL_CANDIDATE_UNDER_ASSUMPTIONS,0.7584523917211955,0.04035182721148156,2,0.026261641798147845,0.6160394392067565,3.090232306167813,False,True,True
REPLICATION,V7_LABEL_CORRUPTION,60014,4096,CAUSAL_CANDIDATE_UNDER_ASSUMPTIONS,0.799937255778222,0.03951070290768833,2,0.6982175662159875,0.3642601519450414,3.090232306167813,False,True,True
REPLICATION,V7_LABEL_CORRUPTION,60015,4096,CAUSAL_CANDIDATE_UNDER_ASSUMPTIONS,0.86764060069772,0.039917930342564384,2,0.47710062362864974,0.9145067746979755,3.090232306167813,False,True,True
REPLICATION,V7_LABEL_CORRUPTION,60016,4096,CAUSAL_CANDIDATE_UNDER_ASSUMPTIONS,0.8229295835693544,0.03792154661423213,2,0.29916935117000165,0.38926989824310415,3.090232306167813,False,True,True
REPLICATION,V7_LABEL_CORRUPTION,60017,4096,CAUSAL_CANDIDATE_UNDER_ASSUMPTIONS,0.8158728780586785,0.03769266529167225,2,0.48111172153561826,0.9064400456403963,3.090232306167813,False,True,True
REPLICATION,V7_LABEL_CORRUPTION,60018,4096,CAUSAL_CANDIDATE_UNDER_ASSUMPTIONS,0.8081128597448166,0.039899980956288245,2,0.6076788809734897,1.1874003974393685,3.090232306167813,False,True,True
REPLICATION,V7_LABEL_CORRUPTION,60019,4096,CAUSAL_CANDIDATE_UNDER_ASSUMPTIONS,0.8864263433935066,0.03303250672198301,2,2.200396162994188,1.5961875880853396,3.090232306167813,False,True,True
REPLICATION,V7_LABEL_CORRUPTION,60020,4096,CAUSAL_CANDIDATE_UNDER_ASSUMPTIONS,0.8169861232794008,0.039178440380488094,2,0.19497407718470944,0.4326321603059628,3.090232306167813,False,True,True
REPLICATION,V7_LABEL_CORRUPTION,60021,4096,CAUSAL_CANDIDATE_UNDER_ASSUMPTIONS,0.7445513596405416,0.040602931724433654,2,1.189621711186059,0.751249313005978,3.090232306167813,False,True,True
REPLICATION,V7_LABEL_CORRUPTION,60022,4096,CAUSAL_CANDIDATE_UNDER_ASSUMPTIONS,0.7449538477416268,0.04081092156191182,2,1.0733935493482325,2.521729260309809,3.090232306167813,False,True,True
REPLICATION,V7_LABEL_CORRUPTION,60023,4096,CAUSAL_CANDIDATE_UNDER_ASSUMPTIONS,0.8604764447212901,0.03835644449789631,2,1.4089445690662297,1.89015044260009,3.090232306167813,False,True,True
REPLICATION,V7_LABEL_CORRUPTION,60024,4096,CAUSAL_CANDIDATE_UNDER_ASSUMPTIONS,0.7736312338061042,0.039535051511547396,2,0.6347023044626089,0.22703045042936362,3.090232306167813,False,True,True
REPLICATION,V7_LABEL_CORRUPTION,60025,4096,CAUSAL_CANDIDATE_UNDER_ASSUMPTIONS,0.7876180455918159,0.04025189892462817,2,0.31945553153119344,0.9280552875080326,3.090232306167813,False,True,True
REPLICATION,V7_LABEL_CORRUPTION,60026,4096,CAUSAL_CANDIDATE_UNDER_ASSUMPTIONS,0.7086160118940589,0.043310671433160565,2,0.7236987459240872,2.4456336478925804,3.090232306167813,False,True,True
REPLICATION,V7_LABEL_CORRUPTION,60027,4096,CAUSAL_CANDIDATE_UNDER_ASSUMPTIONS,0.871986856547831,0.0390135875235418,2,1.4003789143161558,2.2359026328904794,3.090232306167813,False,True,True
REPLICATION,V7_LABEL_CORRUPTION,60028,4096,CAUSAL_CANDIDATE_UNDER_ASSUMPTIONS,0.8102337343187022,0.036442709051128876,2,0.5977688015306017,0.40118042608819793,3.090232306167813,False,True,True
REPLICATION,V7_LABEL_CORRUPTION,60029,4096,CAUSAL_CANDIDATE_UNDER_ASSUMPTIONS,0.7483816443710407,0.038124825469930124,2,0.7879882641229905,1.2960887212065355,3.090232306167813,False,True,True
REPLICATION,V7_LABEL_CORRUPTION,60030,4096,CAUSAL_CANDIDATE_UNDER_ASSUMPTIONS,0.7759639259239107,0.03842943562193874,2,0.4995664858638152,0.963890038570363,3.090232306167813,False,True,True
REPLICATION,V7_LABEL_CORRUPTION,60031,4096,CAUSAL_CANDIDATE_UNDER_ASSUMPTIONS,0.7651299161568713,0.03965413332671426,2,0.508779378601675,0.48116132439721343,3.090232306167813,False,True,True
REPLICATION,V7_LABEL_CORRUPTION,60032,4096,CAUSAL_CANDIDATE_UNDER_ASSUMPTIONS,0.8628201423948134,0.0390355774279818,2,1.4101124841666965,0.7003280857126586,3.090232306167813,False,True,True
REPLICATION,V7_LABEL_CORRUPTION,60033,4096,CAUSAL_CANDIDATE_UNDER_ASSUMPTIONS,0.8618034743423786,0.03878107817102907,2,0.8181489571701842,1.1700785989566118,3.090232306167813,False,True,True
REPLICATION,V7_LABEL_CORRUPTION,60034,4096,CAUSAL_CANDIDATE_UNDER_ASSUMPTIONS,0.8304318872277632,0.037318244582505246,2,0.9616384331711291,1.0582224037523789,3.090232306167813,False,True,True
REPLICATION,V7_LABEL_CORRUPTION,60035,4096,CAUSAL_CANDIDATE_UNDER_ASSUMPTIONS,0.7897433029936302,0.04121433524571654,2,0.9008926958868672,0.985647663421656,3.090232306167813,False,True,True
REPLICATION,V7_LABEL_CORRUPTION,60036,4096,CAUSAL_CANDIDATE_UNDER_ASSUMPTIONS,0.8261512082067907,0.035695952816000784,2,0.8535543518889313,2.378524897466272,3.090232306167813,False,True,True
REPLICATION,V7_LABEL_CORRUPTION,60037,4096,CAUSAL_CANDIDATE_UNDER_ASSUMPTIONS,0.7878668383245286,0.03911208524989468,2,1.1803373193652882,0.5508493233713353,3.090232306167813,False,True,True
REPLICATION,V7_LABEL_CORRUPTION,60038,4096,CAUSAL_CANDIDATE_UNDER_ASSUMPTIONS,0.7855409297932197,0.03974852862393415,2,0.23055052973812473,0.4317088872874357,3.090232306167813,False,True,True
REPLICATION,V7_LABEL_CORRUPTION,60039,4096,CAUSAL_CANDIDATE_UNDER_ASSUMPTIONS,0.8389753308645314,0.03846114042787463,2,0.2324150071709456,0.9461313931747065,3.090232306167813,False,True,True
REPLICATION,V7_LABEL_CORRUPTION,60040,4096,CAUSAL_CANDIDATE_UNDER_ASSUMPTIONS,0.7967591971745608,0.03820250183053221,2,0.6923095769316523,1.0146196293944254,3.090232306167813,False,True,True
REPLICATION,V7_LABEL_CORRUPTION,60041,4096,CAUSAL_CANDIDATE_UNDER_ASSUMPTIONS,0.8414064393865068,0.041169745291031686,2,0.5250225773795411,1.9077950058949311,3.090232306167813,False,True,True
REPLICATION,V7_LABEL_CORRUPTION,60042,4096,CAUSAL_CANDIDATE_UNDER_ASSUMPTIONS,0.7480242484592827,0.03809776606214711,2,0.7259131816102193,1.6148446294485066,3.090232306167813,False,True,True
REPLICATION,V7_LABEL_CORRUPTION,60043,4096,CAUSAL_CANDIDATE_UNDER_ASSUMPTIONS,0.8219208371987353,0.03940700442095978,2,1.7715881685410073,1.9661028751254976,3.090232306167813,False,True,True
REPLICATION,V7_LABEL_CORRUPTION,60044,4096,CAUSAL_CANDIDATE_UNDER_ASSUMPTIONS,0.7328780513352496,0.044221913270743624,2,0.19965002522082612,1.5548575658775723,3.090232306167813,False,True,True
REPLICATION,V7_LABEL_CORRUPTION,60045,4096,CAUSAL_CANDIDATE_UNDER_ASSUMPTIONS,0.7622970869507953,0.041211140518503976,2,1.074886661606835,1.0930286793263415,3.090232306167813,False,True,True
REPLICATION,V7_LABEL_CORRUPTION,60046,4096,CAUSAL_CANDIDATE_UNDER_ASSUMPTIONS,0.7998808864748479,0.0384294754497769,2,1.9482724401837044,0.701272198471274,3.090232306167813,False,True,True
REPLICATION,V7_LABEL_CORRUPTION,60047,4096,CAUSAL_CANDIDATE_UNDER_ASSUMPTIONS,0.7675301422108753,0.04054453669247851,2,0.7246013069935064,0.370975378137262,3.090232306167813,False,True,True
REPLICATION,V7_LABEL_CORRUPTION,60048,4096,CAUSAL_CANDIDATE_UNDER_ASSUMPTIONS,0.8407596205771352,0.03604732326277169,2,0.10015720517848566,0.1859504817101073,3.090232306167813,False,True,True
REPLICATION,V7_LABEL_CORRUPTION,60049,4096,CAUSAL_CANDIDATE_UNDER_ASSUMPTIONS,0.811683755905674,0.03762482661502782,2,1.1917174476381225,1.4730144147298838,3.090232306167813,False,True,True
REPLICATION,V7_LABEL_CORRUPTION,60050,4096,CAUSAL_CANDIDATE_UNDER_ASSUMPTIONS,0.7843833313454095,0.03870316486923772,2,0.4145886730694359,1.4741733576821037,3.090232306167813,False,True,True
REPLICATION,V7_LABEL_CORRUPTION,60051,4096,CAUSAL_CANDIDATE_UNDER_ASSUMPTIONS,0.807176106963105,0.04057756288720865,2,0.34131853947920116,1.5547254745810928,3.090232306167813,False,True,True
REPLICATION,V7_LABEL_CORRUPTION,60052,4096,CAUSAL_CANDIDATE_UNDER_ASSUMPTIONS,0.7788818656025326,0.04047817304949028,2,0.9755500176146249,0.6856196492292719,3.090232306167813,False,True,True
REPLICATION,V7_LABEL_CORRUPTION,60053,4096,IDENTIFYING_ASSUMPTION_VIOLATED,0.7401401673904756,0.04209314778447292,2,2.2358643840377006,3.3876096314141106,3.090232306167813,False,True,True
REPLICATION,V7_LABEL_CORRUPTION,60054,4096,CAUSAL_CANDIDATE_UNDER_ASSUMPTIONS,0.7989866335877978,0.03860779585836885,2,0.46036709426353944,0.5509316942515564,3.090232306167813,False,True,True
REPLICATION,V7_LABEL_CORRUPTION,60055,4096,CAUSAL_CANDIDATE_UNDER_ASSUMPTIONS,0.782204437410986,0.03892744041701721,2,0.7731278229630759,0.705292359789685,3.090232306167813,False,True,True
REPLICATION,V7_LABEL_CORRUPTION,60056,4096,CAUSAL_CANDIDATE_UNDER_ASSUMPTIONS,0.8389156506969523,0.03799709849536451,2,0.1817516752635308,1.8745323290863118,3.090232306167813,False,True,True
REPLICATION,V7_LABEL_CORRUPTION,60057,4096,CAUSAL_CANDIDATE_UNDER_ASSUMPTIONS,0.8086581445044647,0.03927918281092894,2,0.9177669998270171,0.45269093873007105,3.090232306167813,False,True,True
REPLICATION,V7_LABEL_CORRUPTION,60058,4096,CAUSAL_CANDIDATE_UNDER_ASSUMPTIONS,0.7491081557027295,0.03946339640024835,2,2.398597082225822,2.784275199758141,3.090232306167813,False,True,True
REPLICATION,V7_LABEL_CORRUPTION,60059,4096,CAUSAL_CANDIDATE_UNDER_ASSUMPTIONS,0.8419632489429624,0.03594572790528927,2,0.8626462262117323,1.2036553645299848,3.090232306167813,False,True,True
REPLICATION,V7_LABEL_CORRUPTION,60060,4096,CAUSAL_CANDIDATE_UNDER_ASSUMPTIONS,0.7953681948094943,0.03934421967228778,2,0.5710996854311478,0.8368031590879171,3.090232306167813,False,True,True
REPLICATION,V7_LABEL_CORRUPTION,60061,4096,CAUSAL_CANDIDATE_UNDER_ASSUMPTIONS,0.8280950424991811,0.03833723166836845,2,0.6988498046336823,0.40175255277643435,3.090232306167813,False,True,True
REPLICATION,V7_LABEL_CORRUPTION,60062,4096,CAUSAL_CANDIDATE_UNDER_ASSUMPTIONS,0.8802123815216825,0.03398903968658283,2,0.03874894130647958,1.654275268184089,3.090232306167813,False,True,True
REPLICATION,V7_LABEL_CORRUPTION,60063,4096,CAUSAL_CANDIDATE_UNDER_ASSUMPTIONS,0.8185084130743855,0.03915883055956409,2,0.3795985494787789,0.5039059648007883,3.090232306167813,False,True,True
REPLICATION,V7_LABEL_CORRUPTION,60064,4096,CAUSAL_CANDIDATE_UNDER_ASSUMPTIONS,0.8873489572676589,0.03636744602577919,2,0.20043811553575971,0.5267313464722754,3.090232306167813,False,True,True
REPLICATION,V7_LABEL_CORRUPTION,60065,4096,CAUSAL_CANDIDATE_UNDER_ASSUMPTIONS,0.8134597630521135,0.03854144261517246,2,2.2835821571542807,1.2436154120820264,3.090232306167813,False,True,True
REPLICATION,V7_LABEL_CORRUPTION,60066,4096,CAUSAL_CANDIDATE_UNDER_ASSUMPTIONS,0.808329940703836,0.03850738508663801,2,0.7079439595204762,0.370924453998542,3.090232306167813,False,True,True
REPLICATION,V7_LABEL_CORRUPTION,60067,4096,CAUSAL_CANDIDATE_UNDER_ASSUMPTIONS,0.8568449256846999,0.03877060218938214,2,0.035331477133422926,1.1093048354580417,3.090232306167813,False,True,True
REPLICATION,V7_LABEL_CORRUPTION,60068,4096,CAUSAL_CANDIDATE_UNDER_ASSUMPTIONS,0.7925331004235148,0.038329198963058586,2,1.0887144089968446,1.5306721602969846,3.090232306167813,False,True,True
REPLICATION,V7_LABEL_CORRUPTION,60069,4096,CAUSAL_CANDIDATE_UNDER_ASSUMPTIONS,0.7844475736161074,0.03964534587964042,2,0.10501233207791243,0.9922437892357423,3.090232306167813,False,True,True
REPLICATION,V7_LABEL_CORRUPTION,60070,4096,CAUSAL_CANDIDATE_UNDER_ASSUMPTIONS,0.7472781534779394,0.042520132922708,2,0.9644528332882251,0.7073130350920912,3.090232306167813,False,True,True
REPLICATION,V7_LABEL_CORRUPTION,60071,4096,CAUSAL_CANDIDATE_UNDER_ASSUMPTIONS,0.746913398459694,0.03867196307984069,2,0.9792460203328668,2.087620814340006,3.090232306167813,False,True,True
REPLICATION,V7_LABEL_CORRUPTION,60072,4096,CAUSAL_CANDIDATE_UNDER_ASSUMPTIONS,0.764279287848448,0.042545059035672024,2,0.36425725541939485,0.5071561735572058,3.090232306167813,False,True,True
REPLICATION,V7_LABEL_CORRUPTION,60073,4096,CAUSAL_CANDIDATE_UNDER_ASSUMPTIONS,0.82723961351548,0.03773983844563084,2,2.6591621741889213,2.351641623202093,3.090232306167813,False,True,True
REPLICATION,V7_LABEL_CORRUPTION,60074,4096,CAUSAL_CANDIDATE_UNDER_ASSUMPTIONS,0.8442496910872076,0.03639263786331948,2,0.02422866788699945,0.8359481366575435,3.090232306167813,False,True,True
REPLICATION,V7_LABEL_CORRUPTION,60075,4096,CAUSAL_CANDIDATE_UNDER_ASSUMPTIONS,0.8555884305783026,0.03258622145131001,2,1.4034849322879086,2.5008634716986005,3.090232306167813,False,True,True
REPLICATION,V7_LABEL_CORRUPTION,60076,4096,CAUSAL_CANDIDATE_UNDER_ASSUMPTIONS,0.8613806016632765,0.03682177815460024,2,2.1266890073840874,0.7090112374592173,3.090232306167813,False,True,True
REPLICATION,V7_LABEL_CORRUPTION,60077,4096,CAUSAL_CANDIDATE_UNDER_ASSUMPTIONS,0.8275729096319648,0.03755580857880411,2,1.8985660293123814,1.5870740758273492,3.090232306167813,False,True,True
REPLICATION,V7_LABEL_CORRUPTION,60078,4096,CAUSAL_CANDIDATE_UNDER_ASSUMPTIONS,0.8202826351890485,0.039088989397208215,2,0.9098419783084905,0.8953337942198417,3.090232306167813,False,True,True
REPLICATION,V7_LABEL_CORRUPTION,60079,4096,CAUSAL_CANDIDATE_UNDER_ASSUMPTIONS,0.7958745328894734,0.03466500320907869,2,0.27715964629939915,1.4872813258016342,3.090232306167813,False,True,True
REPLICATION,V7_LABEL_CORRUPTION,60080,4096,CAUSAL_CANDIDATE_UNDER_ASSUMPTIONS,0.8344966642710737,0.03511087181075034,2,0.32138580794812244,1.385957870113671,3.090232306167813,False,True,True
REPLICATION,V7_LABEL_CORRUPTION,60081,4096,CAUSAL_CANDIDATE_UNDER_ASSUMPTIONS,0.8333486392533698,0.03982569722025875,2,0.8108748774887194,1.0125515866346082,3.090232306167813,False,True,True
REPLICATION,V7_LABEL_CORRUPTION,60082,4096,CAUSAL_CANDIDATE_UNDER_ASSUMPTIONS,0.8791509603833781,0.035243520285422436,2,0.4384308991656152,2.8018314519652074,3.090232306167813,False,True,True
REPLICATION,V7_LABEL_CORRUPTION,60083,4096,CAUSAL_CANDIDATE_UNDER_ASSUMPTIONS,0.7933200615514316,0.038771521902949704,2,0.31717039202939257,0.44988367280734165,3.090232306167813,False,True,True
REPLICATION,V7_LABEL_CORRUPTION,60084,4096,CAUSAL_CANDIDATE_UNDER_ASSUMPTIONS,0.8473876928274787,0.03860509303872511,2,0.5463806389182582,1.8649212903844639,3.090232306167813,False,True,True
REPLICATION,V7_LABEL_CORRUPTION,60085,4096,CAUSAL_CANDIDATE_UNDER_ASSUMPTIONS,0.8884336654357846,0.03380855333778925,2,3.0117966081896377,2.6282238223896943,3.090232306167813,False,True,True
REPLICATION,V7_LABEL_CORRUPTION,60086,4096,CAUSAL_CANDIDATE_UNDER_ASSUMPTIONS,0.8273046983784451,0.035990697196877995,2,0.6723010005451893,1.4177018428679962,3.090232306167813,False,True,True
REPLICATION,V7_LABEL_CORRUPTION,60087,4096,CAUSAL_CANDIDATE_UNDER_ASSUMPTIONS,0.8206413212520332,0.03495972868514434,2,0.2476614382362035,1.1532145359484554,3.090232306167813,False,True,True
REPLICATION,V7_LABEL_CORRUPTION,60088,4096,IDENTIFYING_ASSUMPTION_VIOLATED,0.7916527583581492,0.0410698364185674,2,3.6279643904752326,2.760027034954303,3.090232306167813,False,True,True
REPLICATION,V7_LABEL_CORRUPTION,60089,4096,CAUSAL_CANDIDATE_UNDER_ASSUMPTIONS,0.7686024440723451,0.03959118814256805,2,0.5351884701946577,0.6258666561251004,3.090232306167813,False,True,True
REPLICATION,V7_LABEL_CORRUPTION,60090,4096,CAUSAL_CANDIDATE_UNDER_ASSUMPTIONS,0.794708427429644,0.0374820318716089,2,1.1131453726324152,1.659981041801465,3.090232306167813,False,True,True
REPLICATION,V7_LABEL_CORRUPTION,60091,4096,CAUSAL_CANDIDATE_UNDER_ASSUMPTIONS,0.8066457535788201,0.0386172430856972,2,1.452198274641636,1.1641296607720995,3.090232306167813,False,True,True
REPLICATION,V7_LABEL_CORRUPTION,60092,4096,CAUSAL_CANDIDATE_UNDER_ASSUMPTIONS,0.8149844894420721,0.03755154377012121,2,0.7347829966787998,0.6272337984630724,3.090232306167813,False,True,True
REPLICATION,V7_LABEL_CORRUPTION,60093,4096,CAUSAL_CANDIDATE_UNDER_ASSUMPTIONS,0.7833528541164488,0.040171239243023175,2,0.060258161012894454,0.696038665631407,3.090232306167813,False,True,True
REPLICATION,V7_LABEL_CORRUPTION,60094,4096,CAUSAL_CANDIDATE_UNDER_ASSUMPTIONS,0.8383243120600178,0.03774973801323422,2,0.11624746284081196,1.4084231973821564,3.090232306167813,False,True,True
REPLICATION,V7_LABEL_CORRUPTION,60095,4096,CAUSAL_CANDIDATE_UNDER_ASSUMPTIONS,0.7747075814826124,0.03903770554850916,2,0.5322039621512384,0.25765133769192733,3.090232306167813,False,True,True
REPLICATION,V7_LABEL_CORRUPTION,60096,4096,CAUSAL_CANDIDATE_UNDER_ASSUMPTIONS,0.8244380230792141,0.035948298743223035,2,0.4743373576237842,0.9317802647571048,3.090232306167813,False,True,True
REPLICATION,V7_LABEL_CORRUPTION,60097,4096,CAUSAL_CANDIDATE_UNDER_ASSUMPTIONS,0.7705634432597427,0.04095662048737475,2,1.3247577095794503,0.819343146572379,3.090232306167813,False,True,True
REPLICATION,V7_LABEL_CORRUPTION,60098,4096,CAUSAL_CANDIDATE_UNDER_ASSUMPTIONS,0.8217182625630202,0.03822978231125935,2,0.2451813254162903,0.6056173194968194,3.090232306167813,False,True,True
REPLICATION,V7_LABEL_CORRUPTION,60099,4096,CAUSAL_CANDIDATE_UNDER_ASSUMPTIONS,0.7957363531381862,0.03582190673531775,2,0.24687757956177525,0.28809932644124003,3.090232306167813,False,True,True
REPLICATION,V7_LABEL_CORRUPTION,60100,4096,CAUSAL_CANDIDATE_UNDER_ASSUMPTIONS,0.8248486961398437,0.0396468252400014,2,0.8510066759912474,0.8034635985362409,3.090232306167813,False,True,True
REPLICATION,V7_LABEL_CORRUPTION,60101,4096,CAUSAL_CANDIDATE_UNDER_ASSUMPTIONS,0.7418273158110338,0.04134903373913132,2,0.4387441583342586,0.7813758561022955,3.090232306167813,False,True,True
REPLICATION,V7_LABEL_CORRUPTION,60102,4096,CAUSAL_CANDIDATE_UNDER_ASSUMPTIONS,0.8232165842807814,0.038330710422922194,2,0.5359805980024928,0.6198103101468496,3.090232306167813,False,True,True
REPLICATION,V7_LABEL_CORRUPTION,60103,4096,CAUSAL_CANDIDATE_UNDER_ASSUMPTIONS,0.7938360246138741,0.04008267662015527,2,0.22655626788917935,1.684893541368128,3.090232306167813,False,True,True
REPLICATION,V7_LABEL_CORRUPTION,60104,4096,CAUSAL_CANDIDATE_UNDER_ASSUMPTIONS,0.8456791497233727,0.03533947228284221,2,1.2209945897643457,2.238198531386662,3.090232306167813,False,True,True
REPLICATION,V7_LABEL_CORRUPTION,60105,4096,CAUSAL_CANDIDATE_UNDER_ASSUMPTIONS,0.8615007852454509,0.03566681018152673,2,0.1585793739684465,1.050362308305718,3.090232306167813,False,True,True
REPLICATION,V7_LABEL_CORRUPTION,60106,4096,CAUSAL_CANDIDATE_UNDER_ASSUMPTIONS,0.7880925356794221,0.0385129838553834,2,0.4822185104002331,1.2625111589789488,3.090232306167813,False,True,True
REPLICATION,V7_LABEL_CORRUPTION,60107,4096,CAUSAL_CANDIDATE_UNDER_ASSUMPTIONS,0.8550787668934532,0.03784551322267164,2,0.9259063214711264,1.1184348482876239,3.090232306167813,False,True,True
REPLICATION,V7_LABEL_CORRUPTION,60108,4096,CAUSAL_CANDIDATE_UNDER_ASSUMPTIONS,0.8185584947318011,0.03756995369001331,2,0.45735850768258046,2.330101974346205,3.090232306167813,False,True,True
REPLICATION,V7_LABEL_CORRUPTION,60109,4096,CAUSAL_CANDIDATE_UNDER_ASSUMPTIONS,0.833685107644693,0.03896352057475872,2,0.2526485743853849,1.154493333683177,3.090232306167813,False,True,True
REPLICATION,V7_LABEL_CORRUPTION,60110,4096,CAUSAL_CANDIDATE_UNDER_ASSUMPTIONS,0.7649705298340733,0.0424088205139799,2,0.6688871698129027,2.0344927827287242,3.090232306167813,False,True,True
REPLICATION,V7_LABEL_CORRUPTION,60111,4096,CAUSAL_CANDIDATE_UNDER_ASSUMPTIONS,0.7785986404902125,0.0379224292290042,2,0.11469592909675873,0.6937631827043678,3.090232306167813,False,True,True
REPLICATION,V7_LABEL_CORRUPTION,60112,4096,CAUSAL_CANDIDATE_UNDER_ASSUMPTIONS,0.8389105476218799,0.03690877291243567,2,1.2684000952109582,1.6883876103677784,3.090232306167813,False,True,True
REPLICATION,V7_LABEL_CORRUPTION,60113,4096,CAUSAL_CANDIDATE_UNDER_ASSUMPTIONS,0.8146042480530394,0.038194905176997924,2,0.31847650056841653,1.2240763540044286,3.090232306167813,False,True,True
REPLICATION,V7_LABEL_CORRUPTION,60114,4096,CAUSAL_CANDIDATE_UNDER_ASSUMPTIONS,0.7583828656499014,0.03956922870140307,2,0.7578874935330816,1.5593059331208974,3.090232306167813,False,True,True
REPLICATION,V7_LABEL_CORRUPTION,60115,4096,CAUSAL_CANDIDATE_UNDER_ASSUMPTIONS,0.8382175763032387,0.040473274921126685,2,0.7555045993357834,0.5541201538070009,3.090232306167813,False,True,True
REPLICATION,V7_LABEL_CORRUPTION,60116,4096,CAUSAL_CANDIDATE_UNDER_ASSUMPTIONS,0.7620295463110355,0.03961290825549455,2,0.3759454292373212,0.8877439425485073,3.090232306167813,False,True,True
REPLICATION,V7_LABEL_CORRUPTION,60117,4096,CAUSAL_CANDIDATE_UNDER_ASSUMPTIONS,0.806108240823038,0.038534825891345444,2,1.2085779030939705,1.2033489286178163,3.090232306167813,False,True,True
REPLICATION,V7_LABEL_CORRUPTION,60118,4096,CAUSAL_CANDIDATE_UNDER_ASSUMPTIONS,0.8028181437797167,0.037837485108084525,2,1.3915646549254927,1.246730517013599,3.090232306167813,False,True,True
REPLICATION,V7_LABEL_CORRUPTION,60119,4096,CAUSAL_CANDIDATE_UNDER_ASSUMPTIONS,0.8050678325395424,0.037054595276195874,2,0.30884827419856975,0.9404759451450504,3.090232306167813,False,True,True
REPLICATION,V7_LABEL_CORRUPTION,60120,4096,CAUSAL_CANDIDATE_UNDER_ASSUMPTIONS,0.8405971867088365,0.037637951222049146,2,1.744603281535895,1.903066695445809,3.090232306167813,False,True,True
REPLICATION,V7_LABEL_CORRUPTION,60121,4096,CAUSAL_CANDIDATE_UNDER_ASSUMPTIONS,0.7854536339165786,0.03861881579371586,2,0.2171303719557538,0.5694743684842117,3.090232306167813,False,True,True
REPLICATION,V7_LABEL_CORRUPTION,60122,4096,CAUSAL_CANDIDATE_UNDER_ASSUMPTIONS,0.8465008270006579,0.04076118502587179,2,0.1018095161617967,0.7280449796520663,3.090232306167813,False,True,True
REPLICATION,V7_LABEL_CORRUPTION,60123,4096,CAUSAL_CANDIDATE_UNDER_ASSUMPTIONS,0.8036091965700082,0.04114824411771629,2,0.8454951070791662,1.5820583553441645,3.090232306167813,False,True,True
REPLICATION,V7_LABEL_CORRUPTION,60124,4096,CAUSAL_CANDIDATE_UNDER_ASSUMPTIONS,0.8243516853273745,0.03747847797756728,2,0.34336312995510615,1.9047665874958897,3.090232306167813,False,True,True
REPLICATION,V7_LABEL_CORRUPTION,60125,4096,CAUSAL_CANDIDATE_UNDER_ASSUMPTIONS,0.8754751875996102,0.037509454084284195,2,0.3127876344660614,0.6241434924683916,3.090232306167813,False,True,True
REPLICATION,V7_LABEL_CORRUPTION,60126,4096,CAUSAL_CANDIDATE_UNDER_ASSUMPTIONS,0.7979809785183098,0.03899470960797571,2,0.8077236059557776,0.21630579969661173,3.090232306167813,False,True,True
REPLICATION,V7_LABEL_CORRUPTION,60127,4096,CAUSAL_CANDIDATE_UNDER_ASSUMPTIONS,0.8288625967137574,0.03793075148550575,2,0.4584925839150609,1.6159324110503608,3.090232306167813,False,True,True
