family,seed,method,budget,state,candidate,sign,context_signs
E2_CONTEXT_SIGN_FLIP,72000,ANTITHETIC_CRN_MC,8,CONTEXT_CONDITIONAL_ONLY,A,,"{""-1"": -1, ""1"": 1}"
E2_CONTEXT_SIGN_FLIP,72000,ANTITHETIC_CRN_MC,16,CONTEXT_CONDITIONAL_ONLY,A,,"{""-1"": -1, ""1"": 1}"
E2_CONTEXT_SIGN_FLIP,72000,ANTITHETIC_CRN_MC,32,CONTEXT_CONDITIONAL_ONLY,A,,"{""-1"": -1, ""1"": 1}"
E2_CONTEXT_SIGN_FLIP,72000,ANTITHETIC_CRN_MC,64,CONTEXT_CONDITIONAL_ONLY,A,,"{""-1"": -1, ""1"": 1}"
E2_CONTEXT_SIGN_FLIP,72000,ANTITHETIC_CRN_MC,128,CONTEXT_CONDITIONAL_ONLY,A,,"{""-1"": -1, ""1"": 1}"
E2_CONTEXT_SIGN_FLIP,72000,ANTITHETIC_CRN_MC,256,CONTEXT_CONDITIONAL_ONLY,A,,"{""-1"": -1, ""1"": 1}"
E2_CONTEXT_SIGN_FLIP,72000,CRN_CHAIN_MC,8,CONTEXT_CONDITIONAL_ONLY,A,,"{""-1"": -1, ""1"": 1}"
E2_CONTEXT_SIGN_FLIP,72000,CRN_CHAIN_MC,16,CONTEXT_CONDITIONAL_ONLY,A,,"{""-1"": -1, ""1"": 1}"
E2_CONTEXT_SIGN_FLIP,72000,CRN_CHAIN_MC,32,CONTEXT_CONDITIONAL_ONLY,A,,"{""-1"": -1, ""1"": 1}"
E2_CONTEXT_SIGN_FLIP,72000,CRN_CHAIN_MC,64,CONTEXT_CONDITIONAL_ONLY,A,,"{""-1"": -1, ""1"": 1}"
E2_CONTEXT_SIGN_FLIP,72000,CRN_CHAIN_MC,128,CONTEXT_CONDITIONAL_ONLY,A,,"{""-1"": -1, ""1"": 1}"
E2_CONTEXT_SIGN_FLIP,72000,CRN_CHAIN_MC,256,CONTEXT_CONDITIONAL_ONLY,A,,"{""-1"": -1, ""1"": 1}"
E2_CONTEXT_SIGN_FLIP,72000,DOUBLE_ANTITHETIC_CRN_MC,8,CONTEXT_CONDITIONAL_ONLY,A,,"{""-1"": -1, ""1"": 1}"
E2_CONTEXT_SIGN_FLIP,72000,DOUBLE_ANTITHETIC_CRN_MC,16,CONTEXT_CONDITIONAL_ONLY,A,,"{""-1"": -1, ""1"": 1}"
E2_CONTEXT_SIGN_FLIP,72000,DOUBLE_ANTITHETIC_CRN_MC,32,CONTEXT_CONDITIONAL_ONLY,A,,"{""-1"": -1, ""1"": 1}"
E2_CONTEXT_SIGN_FLIP,72000,DOUBLE_ANTITHETIC_CRN_MC,64,CONTEXT_CONDITIONAL_ONLY,A,,"{""-1"": -1, ""1"": 1}"
E2_CONTEXT_SIGN_FLIP,72000,DOUBLE_ANTITHETIC_CRN_MC,128,CONTEXT_CONDITIONAL_ONLY,A,,"{""-1"": -1, ""1"": 1}"
E2_CONTEXT_SIGN_FLIP,72000,DOUBLE_ANTITHETIC_CRN_MC,256,CONTEXT_CONDITIONAL_ONLY,A,,"{""-1"": -1, ""1"": 1}"
E2_CONTEXT_SIGN_FLIP,72000,LEGACY_INDEPENDENT_MC,8,CONTEXT_CONDITIONAL_ONLY,A,,"{""-1"": -1, ""1"": 1}"
E2_CONTEXT_SIGN_FLIP,72000,LEGACY_INDEPENDENT_MC,16,CONTEXT_CONDITIONAL_ONLY,A,,"{""-1"": -1, ""1"": 1}"
E2_CONTEXT_SIGN_FLIP,72000,LEGACY_INDEPENDENT_MC,32,CONTEXT_CONDITIONAL_ONLY,A,,"{""-1"": -1, ""1"": 1}"
E2_CONTEXT_SIGN_FLIP,72000,LEGACY_INDEPENDENT_MC,64,CONTEXT_CONDITIONAL_ONLY,A,,"{""-1"": -1, ""1"": 1}"
E2_CONTEXT_SIGN_FLIP,72000,LEGACY_INDEPENDENT_MC,128,CONTEXT_CONDITIONAL_ONLY,A,,"{""-1"": -1, ""1"": 1}"
E2_CONTEXT_SIGN_FLIP,72000,LEGACY_INDEPENDENT_MC,256,CONTEXT_CONDITIONAL_ONLY,A,,"{""-1"": -1, ""1"": 1}"
E2_CONTEXT_SIGN_FLIP,72001,ANTITHETIC_CRN_MC,8,CONTEXT_CONDITIONAL_ONLY,A,,"{""-1"": -1, ""1"": 1}"
E2_CONTEXT_SIGN_FLIP,72001,ANTITHETIC_CRN_MC,16,CONTEXT_CONDITIONAL_ONLY,A,,"{""-1"": -1, ""1"": 1}"
E2_CONTEXT_SIGN_FLIP,72001,ANTITHETIC_CRN_MC,32,CONTEXT_CONDITIONAL_ONLY,A,,"{""-1"": -1, ""1"": 1}"
E2_CONTEXT_SIGN_FLIP,72001,ANTITHETIC_CRN_MC,64,CONTEXT_CONDITIONAL_ONLY,A,,"{""-1"": -1, ""1"": 1}"
E2_CONTEXT_SIGN_FLIP,72001,ANTITHETIC_CRN_MC,128,CONTEXT_CONDITIONAL_ONLY,A,,"{""-1"": -1, ""1"": 1}"
E2_CONTEXT_SIGN_FLIP,72001,ANTITHETIC_CRN_MC,256,CONTEXT_CONDITIONAL_ONLY,A,,"{""-1"": -1, ""1"": 1}"
E2_CONTEXT_SIGN_FLIP,72001,CRN_CHAIN_MC,8,CONTEXT_CONDITIONAL_ONLY,A,,"{""-1"": -1, ""1"": 1}"
E2_CONTEXT_SIGN_FLIP,72001,CRN_CHAIN_MC,16,CONTEXT_CONDITIONAL_ONLY,A,,"{""-1"": -1, ""1"": 1}"
E2_CONTEXT_SIGN_FLIP,72001,CRN_CHAIN_MC,32,CONTEXT_CONDITIONAL_ONLY,A,,"{""-1"": -1, ""1"": 1}"
E2_CONTEXT_SIGN_FLIP,72001,CRN_CHAIN_MC,64,CONTEXT_CONDITIONAL_ONLY,A,,"{""-1"": -1, ""1"": 1}"
E2_CONTEXT_SIGN_FLIP,72001,CRN_CHAIN_MC,128,CONTEXT_CONDITIONAL_ONLY,A,,"{""-1"": -1, ""1"": 1}"
E2_CONTEXT_SIGN_FLIP,72001,CRN_CHAIN_MC,256,CONTEXT_CONDITIONAL_ONLY,A,,"{""-1"": -1, ""1"": 1}"
E2_CONTEXT_SIGN_FLIP,72001,DOUBLE_ANTITHETIC_CRN_MC,8,CONTEXT_CONDITIONAL_ONLY,A,,"{""-1"": -1, ""1"": 1}"
E2_CONTEXT_SIGN_FLIP,72001,DOUBLE_ANTITHETIC_CRN_MC,16,CONTEXT_CONDITIONAL_ONLY,A,,"{""-1"": -1, ""1"": 1}"
E2_CONTEXT_SIGN_FLIP,72001,DOUBLE_ANTITHETIC_CRN_MC,32,CONTEXT_CONDITIONAL_ONLY,A,,"{""-1"": -1, ""1"": 1}"
E2_CONTEXT_SIGN_FLIP,72001,DOUBLE_ANTITHETIC_CRN_MC,64,CONTEXT_CONDITIONAL_ONLY,A,,"{""-1"": -1, ""1"": 1}"
E2_CONTEXT_SIGN_FLIP,72001,DOUBLE_ANTITHETIC_CRN_MC,128,CONTEXT_CONDITIONAL_ONLY,A,,"{""-1"": -1, ""1"": 1}"
E2_CONTEXT_SIGN_FLIP,72001,DOUBLE_ANTITHETIC_CRN_MC,256,CONTEXT_CONDITIONAL_ONLY,A,,"{""-1"": -1, ""1"": 1}"
E2_CONTEXT_SIGN_FLIP,72001,LEGACY_INDEPENDENT_MC,8,CONTEXT_CONDITIONAL_ONLY,A,,"{""-1"": -1, ""1"": 1}"
E2_CONTEXT_SIGN_FLIP,72001,LEGACY_INDEPENDENT_MC,16,CONTEXT_CONDITIONAL_ONLY,A,,"{""-1"": -1, ""1"": 1}"
E2_CONTEXT_SIGN_FLIP,72001,LEGACY_INDEPENDENT_MC,32,CONTEXT_CONDITIONAL_ONLY,A,,"{""-1"": -1, ""1"": 1}"
E2_CONTEXT_SIGN_FLIP,72001,LEGACY_INDEPENDENT_MC,64,CONTEXT_CONDITIONAL_ONLY,A,,"{""-1"": -1, ""1"": 1}"
E2_CONTEXT_SIGN_FLIP,72001,LEGACY_INDEPENDENT_MC,128,CONTEXT_CONDITIONAL_ONLY,A,,"{""-1"": -1, ""1"": 1}"
E2_CONTEXT_SIGN_FLIP,72001,LEGACY_INDEPENDENT_MC,256,CONTEXT_CONDITIONAL_ONLY,A,,"{""-1"": -1, ""1"": 1}"
E2_CONTEXT_SIGN_FLIP,72002,ANTITHETIC_CRN_MC,8,CONTEXT_CONDITIONAL_ONLY,A,,"{""-1"": -1, ""1"": 1}"
E2_CONTEXT_SIGN_FLIP,72002,ANTITHETIC_CRN_MC,16,CONTEXT_CONDITIONAL_ONLY,A,,"{""-1"": -1, ""1"": 1}"
E2_CONTEXT_SIGN_FLIP,72002,ANTITHETIC_CRN_MC,32,CONTEXT_CONDITIONAL_ONLY,A,,"{""-1"": -1, ""1"": 1}"
E2_CONTEXT_SIGN_FLIP,72002,ANTITHETIC_CRN_MC,64,CONTEXT_CONDITIONAL_ONLY,A,,"{""-1"": -1, ""1"": 1}"
E2_CONTEXT_SIGN_FLIP,72002,ANTITHETIC_CRN_MC,128,CONTEXT_CONDITIONAL_ONLY,A,,"{""-1"": -1, ""1"": 1}"
E2_CONTEXT_SIGN_FLIP,72002,ANTITHETIC_CRN_MC,256,CONTEXT_CONDITIONAL_ONLY,A,,"{""-1"": -1, ""1"": 1}"
E2_CONTEXT_SIGN_FLIP,72002,CRN_CHAIN_MC,8,CONTEXT_CONDITIONAL_ONLY,A,,"{""-1"": -1, ""1"": 1}"
E2_CONTEXT_SIGN_FLIP,72002,CRN_CHAIN_MC,16,CONTEXT_CONDITIONAL_ONLY,A,,"{""-1"": -1, ""1"": 1}"
E2_CONTEXT_SIGN_FLIP,72002,CRN_CHAIN_MC,32,CONTEXT_CONDITIONAL_ONLY,A,,"{""-1"": -1, ""1"": 1}"
E2_CONTEXT_SIGN_FLIP,72002,CRN_CHAIN_MC,64,CONTEXT_CONDITIONAL_ONLY,A,,"{""-1"": -1, ""1"": 1}"
E2_CONTEXT_SIGN_FLIP,72002,CRN_CHAIN_MC,128,CONTEXT_CONDITIONAL_ONLY,A,,"{""-1"": -1, ""1"": 1}"
E2_CONTEXT_SIGN_FLIP,72002,CRN_CHAIN_MC,256,CONTEXT_CONDITIONAL_ONLY,A,,"{""-1"": -1, ""1"": 1}"
E2_CONTEXT_SIGN_FLIP,72002,DOUBLE_ANTITHETIC_CRN_MC,8,CONTEXT_CONDITIONAL_ONLY,A,,"{""-1"": -1, ""1"": 1}"
E2_CONTEXT_SIGN_FLIP,72002,DOUBLE_ANTITHETIC_CRN_MC,16,CONTEXT_CONDITIONAL_ONLY,A,,"{""-1"": -1, ""1"": 1}"
E2_CONTEXT_SIGN_FLIP,72002,DOUBLE_ANTITHETIC_CRN_MC,32,CONTEXT_CONDITIONAL_ONLY,A,,"{""-1"": -1, ""1"": 1}"
E2_CONTEXT_SIGN_FLIP,72002,DOUBLE_ANTITHETIC_CRN_MC,64,CONTEXT_CONDITIONAL_ONLY,A,,"{""-1"": -1, ""1"": 1}"
E2_CONTEXT_SIGN_FLIP,72002,DOUBLE_ANTITHETIC_CRN_MC,128,CONTEXT_CONDITIONAL_ONLY,A,,"{""-1"": -1, ""1"": 1}"
E2_CONTEXT_SIGN_FLIP,72002,DOUBLE_ANTITHETIC_CRN_MC,256,CONTEXT_CONDITIONAL_ONLY,A,,"{""-1"": -1, ""1"": 1}"
E2_CONTEXT_SIGN_FLIP,72002,LEGACY_INDEPENDENT_MC,8,CONTEXT_CONDITIONAL_ONLY,A,,"{""-1"": -1, ""1"": 1}"
E2_CONTEXT_SIGN_FLIP,72002,LEGACY_INDEPENDENT_MC,16,CONTEXT_CONDITIONAL_ONLY,A,,"{""-1"": -1, ""1"": 1}"
E2_CONTEXT_SIGN_FLIP,72002,LEGACY_INDEPENDENT_MC,32,CONTEXT_CONDITIONAL_ONLY,A,,"{""-1"": -1, ""1"": 1}"
E2_CONTEXT_SIGN_FLIP,72002,LEGACY_INDEPENDENT_MC,64,CONTEXT_CONDITIONAL_ONLY,A,,"{""-1"": -1, ""1"": 1}"
E2_CONTEXT_SIGN_FLIP,72002,LEGACY_INDEPENDENT_MC,128,CONTEXT_CONDITIONAL_ONLY,A,,"{""-1"": -1, ""1"": 1}"
E2_CONTEXT_SIGN_FLIP,72002,LEGACY_INDEPENDENT_MC,256,CONTEXT_CONDITIONAL_ONLY,A,,"{""-1"": -1, ""1"": 1}"
E2_CONTEXT_SIGN_FLIP,72003,ANTITHETIC_CRN_MC,8,CONTEXT_CONDITIONAL_ONLY,A,,"{""-1"": -1, ""1"": 1}"
E2_CONTEXT_SIGN_FLIP,72003,ANTITHETIC_CRN_MC,16,CONTEXT_CONDITIONAL_ONLY,A,,"{""-1"": -1, ""1"": 1}"
E2_CONTEXT_SIGN_FLIP,72003,ANTITHETIC_CRN_MC,32,CONTEXT_CONDITIONAL_ONLY,A,,"{""-1"": -1, ""1"": 1}"
E2_CONTEXT_SIGN_FLIP,72003,ANTITHETIC_CRN_MC,64,CONTEXT_CONDITIONAL_ONLY,A,,"{""-1"": -1, ""1"": 1}"
E2_CONTEXT_SIGN_FLIP,72003,ANTITHETIC_CRN_MC,128,CONTEXT_CONDITIONAL_ONLY,A,,"{""-1"": -1, ""1"": 1}"
E2_CONTEXT_SIGN_FLIP,72003,ANTITHETIC_CRN_MC,256,CONTEXT_CONDITIONAL_ONLY,A,,"{""-1"": -1, ""1"": 1}"
E2_CONTEXT_SIGN_FLIP,72003,CRN_CHAIN_MC,8,CONTEXT_CONDITIONAL_ONLY,A,,"{""-1"": -1, ""1"": 1}"
E2_CONTEXT_SIGN_FLIP,72003,CRN_CHAIN_MC,16,CONTEXT_CONDITIONAL_ONLY,A,,"{""-1"": -1, ""1"": 1}"
E2_CONTEXT_SIGN_FLIP,72003,CRN_CHAIN_MC,32,CONTEXT_CONDITIONAL_ONLY,A,,"{""-1"": -1, ""1"": 1}"
E2_CONTEXT_SIGN_FLIP,72003,CRN_CHAIN_MC,64,CONTEXT_CONDITIONAL_ONLY,A,,"{""-1"": -1, ""1"": 1}"
E2_CONTEXT_SIGN_FLIP,72003,CRN_CHAIN_MC,128,CONTEXT_CONDITIONAL_ONLY,A,,"{""-1"": -1, ""1"": 1}"
E2_CONTEXT_SIGN_FLIP,72003,CRN_CHAIN_MC,256,CONTEXT_CONDITIONAL_ONLY,A,,"{""-1"": -1, ""1"": 1}"
E2_CONTEXT_SIGN_FLIP,72003,DOUBLE_ANTITHETIC_CRN_MC,8,CONTEXT_CONDITIONAL_ONLY,A,,"{""-1"": -1, ""1"": 1}"
E2_CONTEXT_SIGN_FLIP,72003,DOUBLE_ANTITHETIC_CRN_MC,16,CONTEXT_CONDITIONAL_ONLY,A,,"{""-1"": -1, ""1"": 1}"
E2_CONTEXT_SIGN_FLIP,72003,DOUBLE_ANTITHETIC_CRN_MC,32,CONTEXT_CONDITIONAL_ONLY,A,,"{""-1"": -1, ""1"": 1}"
E2_CONTEXT_SIGN_FLIP,72003,DOUBLE_ANTITHETIC_CRN_MC,64,CONTEXT_CONDITIONAL_ONLY,A,,"{""-1"": -1, ""1"": 1}"
E2_CONTEXT_SIGN_FLIP,72003,DOUBLE_ANTITHETIC_CRN_MC,128,CONTEXT_CONDITIONAL_ONLY,A,,"{""-1"": -1, ""1"": 1}"
E2_CONTEXT_SIGN_FLIP,72003,DOUBLE_ANTITHETIC_CRN_MC,256,CONTEXT_CONDITIONAL_ONLY,A,,"{""-1"": -1, ""1"": 1}"
E2_CONTEXT_SIGN_FLIP,72003,LEGACY_INDEPENDENT_MC,8,CONTEXT_CONDITIONAL_ONLY,A,,"{""-1"": -1, ""1"": 1}"
E2_CONTEXT_SIGN_FLIP,72003,LEGACY_INDEPENDENT_MC,16,CONTEXT_CONDITIONAL_ONLY,A,,"{""-1"": -1, ""1"": 1}"
E2_CONTEXT_SIGN_FLIP,72003,LEGACY_INDEPENDENT_MC,32,CONTEXT_CONDITIONAL_ONLY,A,,"{""-1"": -1, ""1"": 1}"
E2_CONTEXT_SIGN_FLIP,72003,LEGACY_INDEPENDENT_MC,64,CONTEXT_CONDITIONAL_ONLY,A,,"{""-1"": -1, ""1"": 1}"
E2_CONTEXT_SIGN_FLIP,72003,LEGACY_INDEPENDENT_MC,128,CONTEXT_CONDITIONAL_ONLY,A,,"{""-1"": -1, ""1"": 1}"
E2_CONTEXT_SIGN_FLIP,72003,LEGACY_INDEPENDENT_MC,256,CONTEXT_CONDITIONAL_ONLY,A,,"{""-1"": -1, ""1"": 1}"
E2_CONTEXT_SIGN_FLIP,72004,ANTITHETIC_CRN_MC,8,CONTEXT_CONDITIONAL_ONLY,A,,"{""-1"": -1, ""1"": 1}"
E2_CONTEXT_SIGN_FLIP,72004,ANTITHETIC_CRN_MC,16,CONTEXT_CONDITIONAL_ONLY,A,,"{""-1"": -1, ""1"": 1}"
E2_CONTEXT_SIGN_FLIP,72004,ANTITHETIC_CRN_MC,32,CONTEXT_CONDITIONAL_ONLY,A,,"{""-1"": -1, ""1"": 1}"
E2_CONTEXT_SIGN_FLIP,72004,ANTITHETIC_CRN_MC,64,CONTEXT_CONDITIONAL_ONLY,A,,"{""-1"": -1, ""1"": 1}"
E2_CONTEXT_SIGN_FLIP,72004,ANTITHETIC_CRN_MC,128,CONTEXT_CONDITIONAL_ONLY,A,,"{""-1"": -1, ""1"": 1}"
E2_CONTEXT_SIGN_FLIP,72004,ANTITHETIC_CRN_MC,256,CONTEXT_CONDITIONAL_ONLY,A,,"{""-1"": -1, ""1"": 1}"
E2_CONTEXT_SIGN_FLIP,72004,CRN_CHAIN_MC,8,CONTEXT_CONDITIONAL_ONLY,A,,"{""-1"": -1, ""1"": 1}"
E2_CONTEXT_SIGN_FLIP,72004,CRN_CHAIN_MC,16,CONTEXT_CONDITIONAL_ONLY,A,,"{""-1"": -1, ""1"": 1}"
E2_CONTEXT_SIGN_FLIP,72004,CRN_CHAIN_MC,32,CONTEXT_CONDITIONAL_ONLY,A,,"{""-1"": -1, ""1"": 1}"
E2_CONTEXT_SIGN_FLIP,72004,CRN_CHAIN_MC,64,CONTEXT_CONDITIONAL_ONLY,A,,"{""-1"": -1, ""1"": 1}"
E2_CONTEXT_SIGN_FLIP,72004,CRN_CHAIN_MC,128,CONTEXT_CONDITIONAL_ONLY,A,,"{""-1"": -1, ""1"": 1}"
E2_CONTEXT_SIGN_FLIP,72004,CRN_CHAIN_MC,256,CONTEXT_CONDITIONAL_ONLY,A,,"{""-1"": -1, ""1"": 1}"
E2_CONTEXT_SIGN_FLIP,72004,DOUBLE_ANTITHETIC_CRN_MC,8,CONTEXT_CONDITIONAL_ONLY,A,,"{""-1"": -1, ""1"": 1}"
E2_CONTEXT_SIGN_FLIP,72004,DOUBLE_ANTITHETIC_CRN_MC,16,CONTEXT_CONDITIONAL_ONLY,A,,"{""-1"": -1, ""1"": 1}"
E2_CONTEXT_SIGN_FLIP,72004,DOUBLE_ANTITHETIC_CRN_MC,32,CONTEXT_CONDITIONAL_ONLY,A,,"{""-1"": -1, ""1"": 1}"
E2_CONTEXT_SIGN_FLIP,72004,DOUBLE_ANTITHETIC_CRN_MC,64,CONTEXT_CONDITIONAL_ONLY,A,,"{""-1"": -1, ""1"": 1}"
E2_CONTEXT_SIGN_FLIP,72004,DOUBLE_ANTITHETIC_CRN_MC,128,CONTEXT_CONDITIONAL_ONLY,A,,"{""-1"": -1, ""1"": 1}"
E2_CONTEXT_SIGN_FLIP,72004,DOUBLE_ANTITHETIC_CRN_MC,256,CONTEXT_CONDITIONAL_ONLY,A,,"{""-1"": -1, ""1"": 1}"
E2_CONTEXT_SIGN_FLIP,72004,LEGACY_INDEPENDENT_MC,8,CONTEXT_CONDITIONAL_ONLY,A,,"{""-1"": -1, ""1"": 1}"
E2_CONTEXT_SIGN_FLIP,72004,LEGACY_INDEPENDENT_MC,16,CONTEXT_CONDITIONAL_ONLY,A,,"{""-1"": -1, ""1"": 1}"
E2_CONTEXT_SIGN_FLIP,72004,LEGACY_INDEPENDENT_MC,32,CONTEXT_CONDITIONAL_ONLY,A,,"{""-1"": -1, ""1"": 1}"
E2_CONTEXT_SIGN_FLIP,72004,LEGACY_INDEPENDENT_MC,64,CONTEXT_CONDITIONAL_ONLY,A,,"{""-1"": -1, ""1"": 1}"
E2_CONTEXT_SIGN_FLIP,72004,LEGACY_INDEPENDENT_MC,128,CONTEXT_CONDITIONAL_ONLY,A,,"{""-1"": -1, ""1"": 1}"
E2_CONTEXT_SIGN_FLIP,72004,LEGACY_INDEPENDENT_MC,256,CONTEXT_CONDITIONAL_ONLY,A,,"{""-1"": -1, ""1"": 1}"
E2_CONTEXT_SIGN_FLIP,72005,ANTITHETIC_CRN_MC,8,CONTEXT_CONDITIONAL_ONLY,A,,"{""-1"": -1, ""1"": 1}"
E2_CONTEXT_SIGN_FLIP,72005,ANTITHETIC_CRN_MC,16,CONTEXT_CONDITIONAL_ONLY,A,,"{""-1"": -1, ""1"": 1}"
E2_CONTEXT_SIGN_FLIP,72005,ANTITHETIC_CRN_MC,32,CONTEXT_CONDITIONAL_ONLY,A,,"{""-1"": -1, ""1"": 1}"
E2_CONTEXT_SIGN_FLIP,72005,ANTITHETIC_CRN_MC,64,CONTEXT_CONDITIONAL_ONLY,A,,"{""-1"": -1, ""1"": 1}"
E2_CONTEXT_SIGN_FLIP,72005,ANTITHETIC_CRN_MC,128,CONTEXT_CONDITIONAL_ONLY,A,,"{""-1"": -1, ""1"": 1}"
E2_CONTEXT_SIGN_FLIP,72005,ANTITHETIC_CRN_MC,256,CONTEXT_CONDITIONAL_ONLY,A,,"{""-1"": -1, ""1"": 1}"
E2_CONTEXT_SIGN_FLIP,72005,CRN_CHAIN_MC,8,CONTEXT_CONDITIONAL_ONLY,A,,"{""-1"": -1, ""1"": 1}"
E2_CONTEXT_SIGN_FLIP,72005,CRN_CHAIN_MC,16,CONTEXT_CONDITIONAL_ONLY,A,,"{""-1"": -1, ""1"": 1}"
E2_CONTEXT_SIGN_FLIP,72005,CRN_CHAIN_MC,32,CONTEXT_CONDITIONAL_ONLY,A,,"{""-1"": -1, ""1"": 1}"
E2_CONTEXT_SIGN_FLIP,72005,CRN_CHAIN_MC,64,CONTEXT_CONDITIONAL_ONLY,A,,"{""-1"": -1, ""1"": 1}"
E2_CONTEXT_SIGN_FLIP,72005,CRN_CHAIN_MC,128,CONTEXT_CONDITIONAL_ONLY,A,,"{""-1"": -1, ""1"": 1}"
E2_CONTEXT_SIGN_FLIP,72005,CRN_CHAIN_MC,256,CONTEXT_CONDITIONAL_ONLY,A,,"{""-1"": -1, ""1"": 1}"
E2_CONTEXT_SIGN_FLIP,72005,DOUBLE_ANTITHETIC_CRN_MC,8,CONTEXT_CONDITIONAL_ONLY,A,,"{""-1"": -1, ""1"": 1}"
E2_CONTEXT_SIGN_FLIP,72005,DOUBLE_ANTITHETIC_CRN_MC,16,CONTEXT_CONDITIONAL_ONLY,A,,"{""-1"": -1, ""1"": 1}"
E2_CONTEXT_SIGN_FLIP,72005,DOUBLE_ANTITHETIC_CRN_MC,32,CONTEXT_CONDITIONAL_ONLY,A,,"{""-1"": -1, ""1"": 1}"
E2_CONTEXT_SIGN_FLIP,72005,DOUBLE_ANTITHETIC_CRN_MC,64,CONTEXT_CONDITIONAL_ONLY,A,,"{""-1"": -1, ""1"": 1}"
E2_CONTEXT_SIGN_FLIP,72005,DOUBLE_ANTITHETIC_CRN_MC,128,CONTEXT_CONDITIONAL_ONLY,A,,"{""-1"": -1, ""1"": 1}"
E2_CONTEXT_SIGN_FLIP,72005,DOUBLE_ANTITHETIC_CRN_MC,256,CONTEXT_CONDITIONAL_ONLY,A,,"{""-1"": -1, ""1"": 1}"
E2_CONTEXT_SIGN_FLIP,72005,LEGACY_INDEPENDENT_MC,8,CONTEXT_CONDITIONAL_ONLY,A,,"{""-1"": -1, ""1"": 1}"
E2_CONTEXT_SIGN_FLIP,72005,LEGACY_INDEPENDENT_MC,16,CONTEXT_CONDITIONAL_ONLY,A,,"{""-1"": -1, ""1"": 1}"
E2_CONTEXT_SIGN_FLIP,72005,LEGACY_INDEPENDENT_MC,32,CONTEXT_CONDITIONAL_ONLY,A,,"{""-1"": -1, ""1"": 1}"
E2_CONTEXT_SIGN_FLIP,72005,LEGACY_INDEPENDENT_MC,64,CONTEXT_CONDITIONAL_ONLY,A,,"{""-1"": -1, ""1"": 1}"
E2_CONTEXT_SIGN_FLIP,72005,LEGACY_INDEPENDENT_MC,128,CONTEXT_CONDITIONAL_ONLY,A,,"{""-1"": -1, ""1"": 1}"
E2_CONTEXT_SIGN_FLIP,72005,LEGACY_INDEPENDENT_MC,256,CONTEXT_CONDITIONAL_ONLY,A,,"{""-1"": -1, ""1"": 1}"
E2_CONTEXT_SIGN_FLIP,72006,ANTITHETIC_CRN_MC,8,CONTEXT_CONDITIONAL_ONLY,A,,"{""-1"": -1, ""1"": 1}"
E2_CONTEXT_SIGN_FLIP,72006,ANTITHETIC_CRN_MC,16,CONTEXT_CONDITIONAL_ONLY,A,,"{""-1"": -1, ""1"": 1}"
E2_CONTEXT_SIGN_FLIP,72006,ANTITHETIC_CRN_MC,32,CONTEXT_CONDITIONAL_ONLY,A,,"{""-1"": -1, ""1"": 1}"
E2_CONTEXT_SIGN_FLIP,72006,ANTITHETIC_CRN_MC,64,CONTEXT_CONDITIONAL_ONLY,A,,"{""-1"": -1, ""1"": 1}"
E2_CONTEXT_SIGN_FLIP,72006,ANTITHETIC_CRN_MC,128,CONTEXT_CONDITIONAL_ONLY,A,,"{""-1"": -1, ""1"": 1}"
E2_CONTEXT_SIGN_FLIP,72006,ANTITHETIC_CRN_MC,256,CONTEXT_CONDITIONAL_ONLY,A,,"{""-1"": -1, ""1"": 1}"
E2_CONTEXT_SIGN_FLIP,72006,CRN_CHAIN_MC,8,CONTEXT_CONDITIONAL_ONLY,A,,"{""-1"": -1, ""1"": 1}"
E2_CONTEXT_SIGN_FLIP,72006,CRN_CHAIN_MC,16,CONTEXT_CONDITIONAL_ONLY,A,,"{""-1"": -1, ""1"": 1}"
E2_CONTEXT_SIGN_FLIP,72006,CRN_CHAIN_MC,32,CONTEXT_CONDITIONAL_ONLY,A,,"{""-1"": -1, ""1"": 1}"
E2_CONTEXT_SIGN_FLIP,72006,CRN_CHAIN_MC,64,CONTEXT_CONDITIONAL_ONLY,A,,"{""-1"": -1, ""1"": 1}"
E2_CONTEXT_SIGN_FLIP,72006,CRN_CHAIN_MC,128,CONTEXT_CONDITIONAL_ONLY,A,,"{""-1"": -1, ""1"": 1}"
E2_CONTEXT_SIGN_FLIP,72006,CRN_CHAIN_MC,256,CONTEXT_CONDITIONAL_ONLY,A,,"{""-1"": -1, ""1"": 1}"
E2_CONTEXT_SIGN_FLIP,72006,DOUBLE_ANTITHETIC_CRN_MC,8,CONTEXT_CONDITIONAL_ONLY,A,,"{""-1"": -1, ""1"": 1}"
E2_CONTEXT_SIGN_FLIP,72006,DOUBLE_ANTITHETIC_CRN_MC,16,CONTEXT_CONDITIONAL_ONLY,A,,"{""-1"": -1, ""1"": 1}"
E2_CONTEXT_SIGN_FLIP,72006,DOUBLE_ANTITHETIC_CRN_MC,32,CONTEXT_CONDITIONAL_ONLY,A,,"{""-1"": -1, ""1"": 1}"
E2_CONTEXT_SIGN_FLIP,72006,DOUBLE_ANTITHETIC_CRN_MC,64,CONTEXT_CONDITIONAL_ONLY,A,,"{""-1"": -1, ""1"": 1}"
E2_CONTEXT_SIGN_FLIP,72006,DOUBLE_ANTITHETIC_CRN_MC,128,CONTEXT_CONDITIONAL_ONLY,A,,"{""-1"": -1, ""1"": 1}"
E2_CONTEXT_SIGN_FLIP,72006,DOUBLE_ANTITHETIC_CRN_MC,256,CONTEXT_CONDITIONAL_ONLY,A,,"{""-1"": -1, ""1"": 1}"
E2_CONTEXT_SIGN_FLIP,72006,LEGACY_INDEPENDENT_MC,8,CONTEXT_CONDITIONAL_ONLY,A,,"{""-1"": -1, ""1"": 1}"
E2_CONTEXT_SIGN_FLIP,72006,LEGACY_INDEPENDENT_MC,16,CONTEXT_CONDITIONAL_ONLY,A,,"{""-1"": -1, ""1"": 1}"
E2_CONTEXT_SIGN_FLIP,72006,LEGACY_INDEPENDENT_MC,32,CONTEXT_CONDITIONAL_ONLY,A,,"{""-1"": -1, ""1"": 1}"
E2_CONTEXT_SIGN_FLIP,72006,LEGACY_INDEPENDENT_MC,64,CONTEXT_CONDITIONAL_ONLY,A,,"{""-1"": -1, ""1"": 1}"
E2_CONTEXT_SIGN_FLIP,72006,LEGACY_INDEPENDENT_MC,128,CONTEXT_CONDITIONAL_ONLY,A,,"{""-1"": -1, ""1"": 1}"
E2_CONTEXT_SIGN_FLIP,72006,LEGACY_INDEPENDENT_MC,256,CONTEXT_CONDITIONAL_ONLY,A,,"{""-1"": -1, ""1"": 1}"
E2_CONTEXT_SIGN_FLIP,72007,ANTITHETIC_CRN_MC,8,CONTEXT_CONDITIONAL_ONLY,A,,"{""-1"": -1, ""1"": 1}"
E2_CONTEXT_SIGN_FLIP,72007,ANTITHETIC_CRN_MC,16,CONTEXT_CONDITIONAL_ONLY,A,,"{""-1"": -1, ""1"": 1}"
E2_CONTEXT_SIGN_FLIP,72007,ANTITHETIC_CRN_MC,32,CONTEXT_CONDITIONAL_ONLY,A,,"{""-1"": -1, ""1"": 1}"
E2_CONTEXT_SIGN_FLIP,72007,ANTITHETIC_CRN_MC,64,CONTEXT_CONDITIONAL_ONLY,A,,"{""-1"": -1, ""1"": 1}"
E2_CONTEXT_SIGN_FLIP,72007,ANTITHETIC_CRN_MC,128,CONTEXT_CONDITIONAL_ONLY,A,,"{""-1"": -1, ""1"": 1}"
E2_CONTEXT_SIGN_FLIP,72007,ANTITHETIC_CRN_MC,256,CONTEXT_CONDITIONAL_ONLY,A,,"{""-1"": -1, ""1"": 1}"
E2_CONTEXT_SIGN_FLIP,72007,CRN_CHAIN_MC,8,CONTEXT_CONDITIONAL_ONLY,A,,"{""-1"": -1, ""1"": 1}"
E2_CONTEXT_SIGN_FLIP,72007,CRN_CHAIN_MC,16,CONTEXT_CONDITIONAL_ONLY,A,,"{""-1"": -1, ""1"": 1}"
E2_CONTEXT_SIGN_FLIP,72007,CRN_CHAIN_MC,32,CONTEXT_CONDITIONAL_ONLY,A,,"{""-1"": -1, ""1"": 1}"
E2_CONTEXT_SIGN_FLIP,72007,CRN_CHAIN_MC,64,CONTEXT_CONDITIONAL_ONLY,A,,"{""-1"": -1, ""1"": 1}"
E2_CONTEXT_SIGN_FLIP,72007,CRN_CHAIN_MC,128,CONTEXT_CONDITIONAL_ONLY,A,,"{""-1"": -1, ""1"": 1}"
E2_CONTEXT_SIGN_FLIP,72007,CRN_CHAIN_MC,256,CONTEXT_CONDITIONAL_ONLY,A,,"{""-1"": -1, ""1"": 1}"
E2_CONTEXT_SIGN_FLIP,72007,DOUBLE_ANTITHETIC_CRN_MC,8,CONTEXT_CONDITIONAL_ONLY,A,,"{""-1"": -1, ""1"": 1}"
E2_CONTEXT_SIGN_FLIP,72007,DOUBLE_ANTITHETIC_CRN_MC,16,CONTEXT_CONDITIONAL_ONLY,A,,"{""-1"": -1, ""1"": 1}"
E2_CONTEXT_SIGN_FLIP,72007,DOUBLE_ANTITHETIC_CRN_MC,32,CONTEXT_CONDITIONAL_ONLY,A,,"{""-1"": -1, ""1"": 1}"
E2_CONTEXT_SIGN_FLIP,72007,DOUBLE_ANTITHETIC_CRN_MC,64,CONTEXT_CONDITIONAL_ONLY,A,,"{""-1"": -1, ""1"": 1}"
E2_CONTEXT_SIGN_FLIP,72007,DOUBLE_ANTITHETIC_CRN_MC,128,CONTEXT_CONDITIONAL_ONLY,A,,"{""-1"": -1, ""1"": 1}"
E2_CONTEXT_SIGN_FLIP,72007,DOUBLE_ANTITHETIC_CRN_MC,256,CONTEXT_CONDITIONAL_ONLY,A,,"{""-1"": -1, ""1"": 1}"
E2_CONTEXT_SIGN_FLIP,72007,LEGACY_INDEPENDENT_MC,8,CONTEXT_CONDITIONAL_ONLY,A,,"{""-1"": -1, ""1"": 1}"
E2_CONTEXT_SIGN_FLIP,72007,LEGACY_INDEPENDENT_MC,16,CONTEXT_CONDITIONAL_ONLY,A,,"{""-1"": -1, ""1"": 1}"
E2_CONTEXT_SIGN_FLIP,72007,LEGACY_INDEPENDENT_MC,32,CONTEXT_CONDITIONAL_ONLY,A,,"{""-1"": -1, ""1"": 1}"
E2_CONTEXT_SIGN_FLIP,72007,LEGACY_INDEPENDENT_MC,64,CONTEXT_CONDITIONAL_ONLY,A,,"{""-1"": -1, ""1"": 1}"
E2_CONTEXT_SIGN_FLIP,72007,LEGACY_INDEPENDENT_MC,128,CONTEXT_CONDITIONAL_ONLY,A,,"{""-1"": -1, ""1"": 1}"
E2_CONTEXT_SIGN_FLIP,72007,LEGACY_INDEPENDENT_MC,256,CONTEXT_CONDITIONAL_ONLY,A,,"{""-1"": -1, ""1"": 1}"
E2_CONTEXT_SIGN_FLIP,72008,ANTITHETIC_CRN_MC,8,CONTEXT_CONDITIONAL_ONLY,A,,"{""-1"": -1, ""1"": 1}"
E2_CONTEXT_SIGN_FLIP,72008,ANTITHETIC_CRN_MC,16,CONTEXT_CONDITIONAL_ONLY,A,,"{""-1"": -1, ""1"": 1}"
E2_CONTEXT_SIGN_FLIP,72008,ANTITHETIC_CRN_MC,32,CONTEXT_CONDITIONAL_ONLY,A,,"{""-1"": -1, ""1"": 1}"
E2_CONTEXT_SIGN_FLIP,72008,ANTITHETIC_CRN_MC,64,CONTEXT_CONDITIONAL_ONLY,A,,"{""-1"": -1, ""1"": 1}"
E2_CONTEXT_SIGN_FLIP,72008,ANTITHETIC_CRN_MC,128,CONTEXT_CONDITIONAL_ONLY,A,,"{""-1"": -1, ""1"": 1}"
E2_CONTEXT_SIGN_FLIP,72008,ANTITHETIC_CRN_MC,256,CONTEXT_CONDITIONAL_ONLY,A,,"{""-1"": -1, ""1"": 1}"
E2_CONTEXT_SIGN_FLIP,72008,CRN_CHAIN_MC,8,CONTEXT_CONDITIONAL_ONLY,A,,"{""-1"": -1, ""1"": 1}"
E2_CONTEXT_SIGN_FLIP,72008,CRN_CHAIN_MC,16,CONTEXT_CONDITIONAL_ONLY,A,,"{""-1"": -1, ""1"": 1}"
E2_CONTEXT_SIGN_FLIP,72008,CRN_CHAIN_MC,32,CONTEXT_CONDITIONAL_ONLY,A,,"{""-1"": -1, ""1"": 1}"
E2_CONTEXT_SIGN_FLIP,72008,CRN_CHAIN_MC,64,CONTEXT_CONDITIONAL_ONLY,A,,"{""-1"": -1, ""1"": 1}"
E2_CONTEXT_SIGN_FLIP,72008,CRN_CHAIN_MC,128,CONTEXT_CONDITIONAL_ONLY,A,,"{""-1"": -1, ""1"": 1}"
E2_CONTEXT_SIGN_FLIP,72008,CRN_CHAIN_MC,256,CONTEXT_CONDITIONAL_ONLY,A,,"{""-1"": -1, ""1"": 1}"
E2_CONTEXT_SIGN_FLIP,72008,DOUBLE_ANTITHETIC_CRN_MC,8,CONTEXT_CONDITIONAL_ONLY,A,,"{""-1"": -1, ""1"": 1}"
E2_CONTEXT_SIGN_FLIP,72008,DOUBLE_ANTITHETIC_CRN_MC,16,CONTEXT_CONDITIONAL_ONLY,A,,"{""-1"": -1, ""1"": 1}"
E2_CONTEXT_SIGN_FLIP,72008,DOUBLE_ANTITHETIC_CRN_MC,32,CONTEXT_CONDITIONAL_ONLY,A,,"{""-1"": -1, ""1"": 1}"
E2_CONTEXT_SIGN_FLIP,72008,DOUBLE_ANTITHETIC_CRN_MC,64,CONTEXT_CONDITIONAL_ONLY,A,,"{""-1"": -1, ""1"": 1}"
E2_CONTEXT_SIGN_FLIP,72008,DOUBLE_ANTITHETIC_CRN_MC,128,CONTEXT_CONDITIONAL_ONLY,A,,"{""-1"": -1, ""1"": 1}"
E2_CONTEXT_SIGN_FLIP,72008,DOUBLE_ANTITHETIC_CRN_MC,256,CONTEXT_CONDITIONAL_ONLY,A,,"{""-1"": -1, ""1"": 1}"
E2_CONTEXT_SIGN_FLIP,72008,LEGACY_INDEPENDENT_MC,8,CONTEXT_CONDITIONAL_ONLY,A,,"{""-1"": -1, ""1"": 1}"
E2_CONTEXT_SIGN_FLIP,72008,LEGACY_INDEPENDENT_MC,16,CONTEXT_CONDITIONAL_ONLY,A,,"{""-1"": -1, ""1"": 1}"
E2_CONTEXT_SIGN_FLIP,72008,LEGACY_INDEPENDENT_MC,32,CONTEXT_CONDITIONAL_ONLY,A,,"{""-1"": -1, ""1"": 1}"
E2_CONTEXT_SIGN_FLIP,72008,LEGACY_INDEPENDENT_MC,64,CONTEXT_CONDITIONAL_ONLY,A,,"{""-1"": -1, ""1"": 1}"
E2_CONTEXT_SIGN_FLIP,72008,LEGACY_INDEPENDENT_MC,128,CONTEXT_CONDITIONAL_ONLY,A,,"{""-1"": -1, ""1"": 1}"
E2_CONTEXT_SIGN_FLIP,72008,LEGACY_INDEPENDENT_MC,256,CONTEXT_CONDITIONAL_ONLY,A,,"{""-1"": -1, ""1"": 1}"
E2_CONTEXT_SIGN_FLIP,72009,ANTITHETIC_CRN_MC,8,CONTEXT_CONDITIONAL_ONLY,A,,"{""-1"": -1, ""1"": 1}"
E2_CONTEXT_SIGN_FLIP,72009,ANTITHETIC_CRN_MC,16,CONTEXT_CONDITIONAL_ONLY,A,,"{""-1"": -1, ""1"": 1}"
E2_CONTEXT_SIGN_FLIP,72009,ANTITHETIC_CRN_MC,32,CONTEXT_CONDITIONAL_ONLY,A,,"{""-1"": -1, ""1"": 1}"
E2_CONTEXT_SIGN_FLIP,72009,ANTITHETIC_CRN_MC,64,CONTEXT_CONDITIONAL_ONLY,A,,"{""-1"": -1, ""1"": 1}"
E2_CONTEXT_SIGN_FLIP,72009,ANTITHETIC_CRN_MC,128,CONTEXT_CONDITIONAL_ONLY,A,,"{""-1"": -1, ""1"": 1}"
E2_CONTEXT_SIGN_FLIP,72009,ANTITHETIC_CRN_MC,256,CONTEXT_CONDITIONAL_ONLY,A,,"{""-1"": -1, ""1"": 1}"
E2_CONTEXT_SIGN_FLIP,72009,CRN_CHAIN_MC,8,CONTEXT_CONDITIONAL_ONLY,A,,"{""-1"": -1, ""1"": 1}"
E2_CONTEXT_SIGN_FLIP,72009,CRN_CHAIN_MC,16,CONTEXT_CONDITIONAL_ONLY,A,,"{""-1"": -1, ""1"": 1}"
E2_CONTEXT_SIGN_FLIP,72009,CRN_CHAIN_MC,32,CONTEXT_CONDITIONAL_ONLY,A,,"{""-1"": -1, ""1"": 1}"
E2_CONTEXT_SIGN_FLIP,72009,CRN_CHAIN_MC,64,CONTEXT_CONDITIONAL_ONLY,A,,"{""-1"": -1, ""1"": 1}"
E2_CONTEXT_SIGN_FLIP,72009,CRN_CHAIN_MC,128,CONTEXT_CONDITIONAL_ONLY,A,,"{""-1"": -1, ""1"": 1}"
E2_CONTEXT_SIGN_FLIP,72009,CRN_CHAIN_MC,256,CONTEXT_CONDITIONAL_ONLY,A,,"{""-1"": -1, ""1"": 1}"
E2_CONTEXT_SIGN_FLIP,72009,DOUBLE_ANTITHETIC_CRN_MC,8,CONTEXT_CONDITIONAL_ONLY,A,,"{""-1"": -1, ""1"": 1}"
E2_CONTEXT_SIGN_FLIP,72009,DOUBLE_ANTITHETIC_CRN_MC,16,CONTEXT_CONDITIONAL_ONLY,A,,"{""-1"": -1, ""1"": 1}"
E2_CONTEXT_SIGN_FLIP,72009,DOUBLE_ANTITHETIC_CRN_MC,32,CONTEXT_CONDITIONAL_ONLY,A,,"{""-1"": -1, ""1"": 1}"
E2_CONTEXT_SIGN_FLIP,72009,DOUBLE_ANTITHETIC_CRN_MC,64,CONTEXT_CONDITIONAL_ONLY,A,,"{""-1"": -1, ""1"": 1}"
E2_CONTEXT_SIGN_FLIP,72009,DOUBLE_ANTITHETIC_CRN_MC,128,CONTEXT_CONDITIONAL_ONLY,A,,"{""-1"": -1, ""1"": 1}"
E2_CONTEXT_SIGN_FLIP,72009,DOUBLE_ANTITHETIC_CRN_MC,256,CONTEXT_CONDITIONAL_ONLY,A,,"{""-1"": -1, ""1"": 1}"
E2_CONTEXT_SIGN_FLIP,72009,LEGACY_INDEPENDENT_MC,8,CONTEXT_CONDITIONAL_ONLY,A,,"{""-1"": -1, ""1"": 1}"
E2_CONTEXT_SIGN_FLIP,72009,LEGACY_INDEPENDENT_MC,16,CONTEXT_CONDITIONAL_ONLY,A,,"{""-1"": -1, ""1"": 1}"
E2_CONTEXT_SIGN_FLIP,72009,LEGACY_INDEPENDENT_MC,32,CONTEXT_CONDITIONAL_ONLY,A,,"{""-1"": -1, ""1"": 1}"
E2_CONTEXT_SIGN_FLIP,72009,LEGACY_INDEPENDENT_MC,64,CONTEXT_CONDITIONAL_ONLY,A,,"{""-1"": -1, ""1"": 1}"
E2_CONTEXT_SIGN_FLIP,72009,LEGACY_INDEPENDENT_MC,128,CONTEXT_CONDITIONAL_ONLY,A,,"{""-1"": -1, ""1"": 1}"
E2_CONTEXT_SIGN_FLIP,72009,LEGACY_INDEPENDENT_MC,256,CONTEXT_CONDITIONAL_ONLY,A,,"{""-1"": -1, ""1"": 1}"
E2_CONTEXT_SIGN_FLIP,72010,ANTITHETIC_CRN_MC,8,CONTEXT_CONDITIONAL_ONLY,A,,"{""-1"": -1, ""1"": 1}"
E2_CONTEXT_SIGN_FLIP,72010,ANTITHETIC_CRN_MC,16,CONTEXT_CONDITIONAL_ONLY,A,,"{""-1"": -1, ""1"": 1}"
E2_CONTEXT_SIGN_FLIP,72010,ANTITHETIC_CRN_MC,32,CONTEXT_CONDITIONAL_ONLY,A,,"{""-1"": -1, ""1"": 1}"
E2_CONTEXT_SIGN_FLIP,72010,ANTITHETIC_CRN_MC,64,CONTEXT_CONDITIONAL_ONLY,A,,"{""-1"": -1, ""1"": 1}"
E2_CONTEXT_SIGN_FLIP,72010,ANTITHETIC_CRN_MC,128,CONTEXT_CONDITIONAL_ONLY,A,,"{""-1"": -1, ""1"": 1}"
E2_CONTEXT_SIGN_FLIP,72010,ANTITHETIC_CRN_MC,256,CONTEXT_CONDITIONAL_ONLY,A,,"{""-1"": -1, ""1"": 1}"
E2_CONTEXT_SIGN_FLIP,72010,CRN_CHAIN_MC,8,CONTEXT_CONDITIONAL_ONLY,A,,"{""-1"": -1, ""1"": 1}"
E2_CONTEXT_SIGN_FLIP,72010,CRN_CHAIN_MC,16,CONTEXT_CONDITIONAL_ONLY,A,,"{""-1"": -1, ""1"": 1}"
E2_CONTEXT_SIGN_FLIP,72010,CRN_CHAIN_MC,32,CONTEXT_CONDITIONAL_ONLY,A,,"{""-1"": -1, ""1"": 1}"
E2_CONTEXT_SIGN_FLIP,72010,CRN_CHAIN_MC,64,CONTEXT_CONDITIONAL_ONLY,A,,"{""-1"": -1, ""1"": 1}"
E2_CONTEXT_SIGN_FLIP,72010,CRN_CHAIN_MC,128,CONTEXT_CONDITIONAL_ONLY,A,,"{""-1"": -1, ""1"": 1}"
E2_CONTEXT_SIGN_FLIP,72010,CRN_CHAIN_MC,256,CONTEXT_CONDITIONAL_ONLY,A,,"{""-1"": -1, ""1"": 1}"
E2_CONTEXT_SIGN_FLIP,72010,DOUBLE_ANTITHETIC_CRN_MC,8,CONTEXT_CONDITIONAL_ONLY,A,,"{""-1"": -1, ""1"": 1}"
E2_CONTEXT_SIGN_FLIP,72010,DOUBLE_ANTITHETIC_CRN_MC,16,CONTEXT_CONDITIONAL_ONLY,A,,"{""-1"": -1, ""1"": 1}"
E2_CONTEXT_SIGN_FLIP,72010,DOUBLE_ANTITHETIC_CRN_MC,32,CONTEXT_CONDITIONAL_ONLY,A,,"{""-1"": -1, ""1"": 1}"
E2_CONTEXT_SIGN_FLIP,72010,DOUBLE_ANTITHETIC_CRN_MC,64,CONTEXT_CONDITIONAL_ONLY,A,,"{""-1"": -1, ""1"": 1}"
E2_CONTEXT_SIGN_FLIP,72010,DOUBLE_ANTITHETIC_CRN_MC,128,CONTEXT_CONDITIONAL_ONLY,A,,"{""-1"": -1, ""1"": 1}"
E2_CONTEXT_SIGN_FLIP,72010,DOUBLE_ANTITHETIC_CRN_MC,256,CONTEXT_CONDITIONAL_ONLY,A,,"{""-1"": -1, ""1"": 1}"
E2_CONTEXT_SIGN_FLIP,72010,LEGACY_INDEPENDENT_MC,8,CONTEXT_CONDITIONAL_ONLY,A,,"{""-1"": -1, ""1"": 1}"
E2_CONTEXT_SIGN_FLIP,72010,LEGACY_INDEPENDENT_MC,16,CONTEXT_CONDITIONAL_ONLY,A,,"{""-1"": -1, ""1"": 1}"
E2_CONTEXT_SIGN_FLIP,72010,LEGACY_INDEPENDENT_MC,32,CONTEXT_CONDITIONAL_ONLY,A,,"{""-1"": -1, ""1"": 1}"
E2_CONTEXT_SIGN_FLIP,72010,LEGACY_INDEPENDENT_MC,64,CONTEXT_CONDITIONAL_ONLY,A,,"{""-1"": -1, ""1"": 1}"
E2_CONTEXT_SIGN_FLIP,72010,LEGACY_INDEPENDENT_MC,128,CONTEXT_CONDITIONAL_ONLY,A,,"{""-1"": -1, ""1"": 1}"
E2_CONTEXT_SIGN_FLIP,72010,LEGACY_INDEPENDENT_MC,256,CONTEXT_CONDITIONAL_ONLY,A,,"{""-1"": -1, ""1"": 1}"
E2_CONTEXT_SIGN_FLIP,72011,ANTITHETIC_CRN_MC,8,CONTEXT_CONDITIONAL_ONLY,A,,"{""-1"": -1, ""1"": 1}"
E2_CONTEXT_SIGN_FLIP,72011,ANTITHETIC_CRN_MC,16,CONTEXT_CONDITIONAL_ONLY,A,,"{""-1"": -1, ""1"": 1}"
E2_CONTEXT_SIGN_FLIP,72011,ANTITHETIC_CRN_MC,32,CONTEXT_CONDITIONAL_ONLY,A,,"{""-1"": -1, ""1"": 1}"
E2_CONTEXT_SIGN_FLIP,72011,ANTITHETIC_CRN_MC,64,CONTEXT_CONDITIONAL_ONLY,A,,"{""-1"": -1, ""1"": 1}"
E2_CONTEXT_SIGN_FLIP,72011,ANTITHETIC_CRN_MC,128,CONTEXT_CONDITIONAL_ONLY,A,,"{""-1"": -1, ""1"": 1}"
E2_CONTEXT_SIGN_FLIP,72011,ANTITHETIC_CRN_MC,256,CONTEXT_CONDITIONAL_ONLY,A,,"{""-1"": -1, ""1"": 1}"
E2_CONTEXT_SIGN_FLIP,72011,CRN_CHAIN_MC,8,CONTEXT_CONDITIONAL_ONLY,A,,"{""-1"": -1, ""1"": 1}"
E2_CONTEXT_SIGN_FLIP,72011,CRN_CHAIN_MC,16,CONTEXT_CONDITIONAL_ONLY,A,,"{""-1"": -1, ""1"": 1}"
E2_CONTEXT_SIGN_FLIP,72011,CRN_CHAIN_MC,32,CONTEXT_CONDITIONAL_ONLY,A,,"{""-1"": -1, ""1"": 1}"
E2_CONTEXT_SIGN_FLIP,72011,CRN_CHAIN_MC,64,CONTEXT_CONDITIONAL_ONLY,A,,"{""-1"": -1, ""1"": 1}"
E2_CONTEXT_SIGN_FLIP,72011,CRN_CHAIN_MC,128,CONTEXT_CONDITIONAL_ONLY,A,,"{""-1"": -1, ""1"": 1}"
E2_CONTEXT_SIGN_FLIP,72011,CRN_CHAIN_MC,256,CONTEXT_CONDITIONAL_ONLY,A,,"{""-1"": -1, ""1"": 1}"
E2_CONTEXT_SIGN_FLIP,72011,DOUBLE_ANTITHETIC_CRN_MC,8,CONTEXT_CONDITIONAL_ONLY,A,,"{""-1"": -1, ""1"": 1}"
E2_CONTEXT_SIGN_FLIP,72011,DOUBLE_ANTITHETIC_CRN_MC,16,CONTEXT_CONDITIONAL_ONLY,A,,"{""-1"": -1, ""1"": 1}"
E2_CONTEXT_SIGN_FLIP,72011,DOUBLE_ANTITHETIC_CRN_MC,32,CONTEXT_CONDITIONAL_ONLY,A,,"{""-1"": -1, ""1"": 1}"
E2_CONTEXT_SIGN_FLIP,72011,DOUBLE_ANTITHETIC_CRN_MC,64,CONTEXT_CONDITIONAL_ONLY,A,,"{""-1"": -1, ""1"": 1}"
E2_CONTEXT_SIGN_FLIP,72011,DOUBLE_ANTITHETIC_CRN_MC,128,CONTEXT_CONDITIONAL_ONLY,A,,"{""-1"": -1, ""1"": 1}"
E2_CONTEXT_SIGN_FLIP,72011,DOUBLE_ANTITHETIC_CRN_MC,256,CONTEXT_CONDITIONAL_ONLY,A,,"{""-1"": -1, ""1"": 1}"
E2_CONTEXT_SIGN_FLIP,72011,LEGACY_INDEPENDENT_MC,8,CONTEXT_CONDITIONAL_ONLY,A,,"{""-1"": -1, ""1"": 1}"
E2_CONTEXT_SIGN_FLIP,72011,LEGACY_INDEPENDENT_MC,16,CONTEXT_CONDITIONAL_ONLY,A,,"{""-1"": -1, ""1"": 1}"
E2_CONTEXT_SIGN_FLIP,72011,LEGACY_INDEPENDENT_MC,32,CONTEXT_CONDITIONAL_ONLY,A,,"{""-1"": -1, ""1"": 1}"
E2_CONTEXT_SIGN_FLIP,72011,LEGACY_INDEPENDENT_MC,64,CONTEXT_CONDITIONAL_ONLY,A,,"{""-1"": -1, ""1"": 1}"
E2_CONTEXT_SIGN_FLIP,72011,LEGACY_INDEPENDENT_MC,128,CONTEXT_CONDITIONAL_ONLY,A,,"{""-1"": -1, ""1"": 1}"
E2_CONTEXT_SIGN_FLIP,72011,LEGACY_INDEPENDENT_MC,256,CONTEXT_CONDITIONAL_ONLY,A,,"{""-1"": -1, ""1"": 1}"
E2_CONTEXT_SIGN_FLIP,72012,ANTITHETIC_CRN_MC,8,CONTEXT_CONDITIONAL_ONLY,A,,"{""-1"": -1, ""1"": 1}"
E2_CONTEXT_SIGN_FLIP,72012,ANTITHETIC_CRN_MC,16,CONTEXT_CONDITIONAL_ONLY,A,,"{""-1"": -1, ""1"": 1}"
E2_CONTEXT_SIGN_FLIP,72012,ANTITHETIC_CRN_MC,32,CONTEXT_CONDITIONAL_ONLY,A,,"{""-1"": -1, ""1"": 1}"
E2_CONTEXT_SIGN_FLIP,72012,ANTITHETIC_CRN_MC,64,CONTEXT_CONDITIONAL_ONLY,A,,"{""-1"": -1, ""1"": 1}"
E2_CONTEXT_SIGN_FLIP,72012,ANTITHETIC_CRN_MC,128,CONTEXT_CONDITIONAL_ONLY,A,,"{""-1"": -1, ""1"": 1}"
E2_CONTEXT_SIGN_FLIP,72012,ANTITHETIC_CRN_MC,256,CONTEXT_CONDITIONAL_ONLY,A,,"{""-1"": -1, ""1"": 1}"
E2_CONTEXT_SIGN_FLIP,72012,CRN_CHAIN_MC,8,CONTEXT_CONDITIONAL_ONLY,A,,"{""-1"": -1, ""1"": 1}"
E2_CONTEXT_SIGN_FLIP,72012,CRN_CHAIN_MC,16,CONTEXT_CONDITIONAL_ONLY,A,,"{""-1"": -1, ""1"": 1}"
E2_CONTEXT_SIGN_FLIP,72012,CRN_CHAIN_MC,32,CONTEXT_CONDITIONAL_ONLY,A,,"{""-1"": -1, ""1"": 1}"
E2_CONTEXT_SIGN_FLIP,72012,CRN_CHAIN_MC,64,CONTEXT_CONDITIONAL_ONLY,A,,"{""-1"": -1, ""1"": 1}"
E2_CONTEXT_SIGN_FLIP,72012,CRN_CHAIN_MC,128,CONTEXT_CONDITIONAL_ONLY,A,,"{""-1"": -1, ""1"": 1}"
E2_CONTEXT_SIGN_FLIP,72012,CRN_CHAIN_MC,256,CONTEXT_CONDITIONAL_ONLY,A,,"{""-1"": -1, ""1"": 1}"
E2_CONTEXT_SIGN_FLIP,72012,DOUBLE_ANTITHETIC_CRN_MC,8,CONTEXT_CONDITIONAL_ONLY,A,,"{""-1"": -1, ""1"": 1}"
E2_CONTEXT_SIGN_FLIP,72012,DOUBLE_ANTITHETIC_CRN_MC,16,CONTEXT_CONDITIONAL_ONLY,A,,"{""-1"": -1, ""1"": 1}"
E2_CONTEXT_SIGN_FLIP,72012,DOUBLE_ANTITHETIC_CRN_MC,32,CONTEXT_CONDITIONAL_ONLY,A,,"{""-1"": -1, ""1"": 1}"
E2_CONTEXT_SIGN_FLIP,72012,DOUBLE_ANTITHETIC_CRN_MC,64,CONTEXT_CONDITIONAL_ONLY,A,,"{""-1"": -1, ""1"": 1}"
E2_CONTEXT_SIGN_FLIP,72012,DOUBLE_ANTITHETIC_CRN_MC,128,CONTEXT_CONDITIONAL_ONLY,A,,"{""-1"": -1, ""1"": 1}"
E2_CONTEXT_SIGN_FLIP,72012,DOUBLE_ANTITHETIC_CRN_MC,256,CONTEXT_CONDITIONAL_ONLY,A,,"{""-1"": -1, ""1"": 1}"
E2_CONTEXT_SIGN_FLIP,72012,LEGACY_INDEPENDENT_MC,8,CONTEXT_CONDITIONAL_ONLY,A,,"{""-1"": -1, ""1"": 1}"
E2_CONTEXT_SIGN_FLIP,72012,LEGACY_INDEPENDENT_MC,16,CONTEXT_CONDITIONAL_ONLY,A,,"{""-1"": -1, ""1"": 1}"
E2_CONTEXT_SIGN_FLIP,72012,LEGACY_INDEPENDENT_MC,32,CONTEXT_CONDITIONAL_ONLY,A,,"{""-1"": -1, ""1"": 1}"
E2_CONTEXT_SIGN_FLIP,72012,LEGACY_INDEPENDENT_MC,64,CONTEXT_CONDITIONAL_ONLY,A,,"{""-1"": -1, ""1"": 1}"
E2_CONTEXT_SIGN_FLIP,72012,LEGACY_INDEPENDENT_MC,128,CONTEXT_CONDITIONAL_ONLY,A,,"{""-1"": -1, ""1"": 1}"
E2_CONTEXT_SIGN_FLIP,72012,LEGACY_INDEPENDENT_MC,256,CONTEXT_CONDITIONAL_ONLY,A,,"{""-1"": -1, ""1"": 1}"
E2_CONTEXT_SIGN_FLIP,72013,ANTITHETIC_CRN_MC,8,CONTEXT_CONDITIONAL_ONLY,A,,"{""-1"": -1, ""1"": 1}"
E2_CONTEXT_SIGN_FLIP,72013,ANTITHETIC_CRN_MC,16,CONTEXT_CONDITIONAL_ONLY,A,,"{""-1"": -1, ""1"": 1}"
E2_CONTEXT_SIGN_FLIP,72013,ANTITHETIC_CRN_MC,32,CONTEXT_CONDITIONAL_ONLY,A,,"{""-1"": -1, ""1"": 1}"
E2_CONTEXT_SIGN_FLIP,72013,ANTITHETIC_CRN_MC,64,CONTEXT_CONDITIONAL_ONLY,A,,"{""-1"": -1, ""1"": 1}"
E2_CONTEXT_SIGN_FLIP,72013,ANTITHETIC_CRN_MC,128,CONTEXT_CONDITIONAL_ONLY,A,,"{""-1"": -1, ""1"": 1}"
E2_CONTEXT_SIGN_FLIP,72013,ANTITHETIC_CRN_MC,256,CONTEXT_CONDITIONAL_ONLY,A,,"{""-1"": -1, ""1"": 1}"
E2_CONTEXT_SIGN_FLIP,72013,CRN_CHAIN_MC,8,CONTEXT_CONDITIONAL_ONLY,A,,"{""-1"": -1, ""1"": 1}"
E2_CONTEXT_SIGN_FLIP,72013,CRN_CHAIN_MC,16,CONTEXT_CONDITIONAL_ONLY,A,,"{""-1"": -1, ""1"": 1}"
E2_CONTEXT_SIGN_FLIP,72013,CRN_CHAIN_MC,32,CONTEXT_CONDITIONAL_ONLY,A,,"{""-1"": -1, ""1"": 1}"
E2_CONTEXT_SIGN_FLIP,72013,CRN_CHAIN_MC,64,CONTEXT_CONDITIONAL_ONLY,A,,"{""-1"": -1, ""1"": 1}"
E2_CONTEXT_SIGN_FLIP,72013,CRN_CHAIN_MC,128,CONTEXT_CONDITIONAL_ONLY,A,,"{""-1"": -1, ""1"": 1}"
E2_CONTEXT_SIGN_FLIP,72013,CRN_CHAIN_MC,256,CONTEXT_CONDITIONAL_ONLY,A,,"{""-1"": -1, ""1"": 1}"
E2_CONTEXT_SIGN_FLIP,72013,DOUBLE_ANTITHETIC_CRN_MC,8,CONTEXT_CONDITIONAL_ONLY,A,,"{""-1"": -1, ""1"": 1}"
E2_CONTEXT_SIGN_FLIP,72013,DOUBLE_ANTITHETIC_CRN_MC,16,CONTEXT_CONDITIONAL_ONLY,A,,"{""-1"": -1, ""1"": 1}"
E2_CONTEXT_SIGN_FLIP,72013,DOUBLE_ANTITHETIC_CRN_MC,32,CONTEXT_CONDITIONAL_ONLY,A,,"{""-1"": -1, ""1"": 1}"
E2_CONTEXT_SIGN_FLIP,72013,DOUBLE_ANTITHETIC_CRN_MC,64,CONTEXT_CONDITIONAL_ONLY,A,,"{""-1"": -1, ""1"": 1}"
E2_CONTEXT_SIGN_FLIP,72013,DOUBLE_ANTITHETIC_CRN_MC,128,CONTEXT_CONDITIONAL_ONLY,A,,"{""-1"": -1, ""1"": 1}"
E2_CONTEXT_SIGN_FLIP,72013,DOUBLE_ANTITHETIC_CRN_MC,256,CONTEXT_CONDITIONAL_ONLY,A,,"{""-1"": -1, ""1"": 1}"
E2_CONTEXT_SIGN_FLIP,72013,LEGACY_INDEPENDENT_MC,8,CONTEXT_CONDITIONAL_ONLY,A,,"{""-1"": -1, ""1"": 1}"
E2_CONTEXT_SIGN_FLIP,72013,LEGACY_INDEPENDENT_MC,16,CONTEXT_CONDITIONAL_ONLY,A,,"{""-1"": -1, ""1"": 1}"
E2_CONTEXT_SIGN_FLIP,72013,LEGACY_INDEPENDENT_MC,32,CONTEXT_CONDITIONAL_ONLY,A,,"{""-1"": -1, ""1"": 1}"
E2_CONTEXT_SIGN_FLIP,72013,LEGACY_INDEPENDENT_MC,64,CONTEXT_CONDITIONAL_ONLY,A,,"{""-1"": -1, ""1"": 1}"
E2_CONTEXT_SIGN_FLIP,72013,LEGACY_INDEPENDENT_MC,128,CONTEXT_CONDITIONAL_ONLY,A,,"{""-1"": -1, ""1"": 1}"
E2_CONTEXT_SIGN_FLIP,72013,LEGACY_INDEPENDENT_MC,256,CONTEXT_CONDITIONAL_ONLY,A,,"{""-1"": -1, ""1"": 1}"
E2_CONTEXT_SIGN_FLIP,72014,ANTITHETIC_CRN_MC,8,CONTEXT_CONDITIONAL_ONLY,A,,"{""-1"": -1, ""1"": 1}"
E2_CONTEXT_SIGN_FLIP,72014,ANTITHETIC_CRN_MC,16,CONTEXT_CONDITIONAL_ONLY,A,,"{""-1"": -1, ""1"": 1}"
E2_CONTEXT_SIGN_FLIP,72014,ANTITHETIC_CRN_MC,32,CONTEXT_CONDITIONAL_ONLY,A,,"{""-1"": -1, ""1"": 1}"
E2_CONTEXT_SIGN_FLIP,72014,ANTITHETIC_CRN_MC,64,CONTEXT_CONDITIONAL_ONLY,A,,"{""-1"": -1, ""1"": 1}"
E2_CONTEXT_SIGN_FLIP,72014,ANTITHETIC_CRN_MC,128,CONTEXT_CONDITIONAL_ONLY,A,,"{""-1"": -1, ""1"": 1}"
E2_CONTEXT_SIGN_FLIP,72014,ANTITHETIC_CRN_MC,256,CONTEXT_CONDITIONAL_ONLY,A,,"{""-1"": -1, ""1"": 1}"
E2_CONTEXT_SIGN_FLIP,72014,CRN_CHAIN_MC,8,CONTEXT_CONDITIONAL_ONLY,A,,"{""-1"": -1, ""1"": 1}"
E2_CONTEXT_SIGN_FLIP,72014,CRN_CHAIN_MC,16,CONTEXT_CONDITIONAL_ONLY,A,,"{""-1"": -1, ""1"": 1}"
E2_CONTEXT_SIGN_FLIP,72014,CRN_CHAIN_MC,32,CONTEXT_CONDITIONAL_ONLY,A,,"{""-1"": -1, ""1"": 1}"
E2_CONTEXT_SIGN_FLIP,72014,CRN_CHAIN_MC,64,CONTEXT_CONDITIONAL_ONLY,A,,"{""-1"": -1, ""1"": 1}"
E2_CONTEXT_SIGN_FLIP,72014,CRN_CHAIN_MC,128,CONTEXT_CONDITIONAL_ONLY,A,,"{""-1"": -1, ""1"": 1}"
E2_CONTEXT_SIGN_FLIP,72014,CRN_CHAIN_MC,256,CONTEXT_CONDITIONAL_ONLY,A,,"{""-1"": -1, ""1"": 1}"
E2_CONTEXT_SIGN_FLIP,72014,DOUBLE_ANTITHETIC_CRN_MC,8,CONTEXT_CONDITIONAL_ONLY,A,,"{""-1"": -1, ""1"": 1}"
E2_CONTEXT_SIGN_FLIP,72014,DOUBLE_ANTITHETIC_CRN_MC,16,CONTEXT_CONDITIONAL_ONLY,A,,"{""-1"": -1, ""1"": 1}"
E2_CONTEXT_SIGN_FLIP,72014,DOUBLE_ANTITHETIC_CRN_MC,32,CONTEXT_CONDITIONAL_ONLY,A,,"{""-1"": -1, ""1"": 1}"
E2_CONTEXT_SIGN_FLIP,72014,DOUBLE_ANTITHETIC_CRN_MC,64,CONTEXT_CONDITIONAL_ONLY,A,,"{""-1"": -1, ""1"": 1}"
E2_CONTEXT_SIGN_FLIP,72014,DOUBLE_ANTITHETIC_CRN_MC,128,CONTEXT_CONDITIONAL_ONLY,A,,"{""-1"": -1, ""1"": 1}"
E2_CONTEXT_SIGN_FLIP,72014,DOUBLE_ANTITHETIC_CRN_MC,256,CONTEXT_CONDITIONAL_ONLY,A,,"{""-1"": -1, ""1"": 1}"
E2_CONTEXT_SIGN_FLIP,72014,LEGACY_INDEPENDENT_MC,8,CONTEXT_CONDITIONAL_ONLY,A,,"{""-1"": -1, ""1"": 1}"
E2_CONTEXT_SIGN_FLIP,72014,LEGACY_INDEPENDENT_MC,16,CONTEXT_CONDITIONAL_ONLY,A,,"{""-1"": -1, ""1"": 1}"
E2_CONTEXT_SIGN_FLIP,72014,LEGACY_INDEPENDENT_MC,32,CONTEXT_CONDITIONAL_ONLY,A,,"{""-1"": -1, ""1"": 1}"
E2_CONTEXT_SIGN_FLIP,72014,LEGACY_INDEPENDENT_MC,64,CONTEXT_CONDITIONAL_ONLY,A,,"{""-1"": -1, ""1"": 1}"
E2_CONTEXT_SIGN_FLIP,72014,LEGACY_INDEPENDENT_MC,128,CONTEXT_CONDITIONAL_ONLY,A,,"{""-1"": -1, ""1"": 1}"
E2_CONTEXT_SIGN_FLIP,72014,LEGACY_INDEPENDENT_MC,256,CONTEXT_CONDITIONAL_ONLY,A,,"{""-1"": -1, ""1"": 1}"
E2_CONTEXT_SIGN_FLIP,72015,ANTITHETIC_CRN_MC,8,CONTEXT_CONDITIONAL_ONLY,A,,"{""-1"": -1, ""1"": 1}"
E2_CONTEXT_SIGN_FLIP,72015,ANTITHETIC_CRN_MC,16,CONTEXT_CONDITIONAL_ONLY,A,,"{""-1"": -1, ""1"": 1}"
E2_CONTEXT_SIGN_FLIP,72015,ANTITHETIC_CRN_MC,32,CONTEXT_CONDITIONAL_ONLY,A,,"{""-1"": -1, ""1"": 1}"
E2_CONTEXT_SIGN_FLIP,72015,ANTITHETIC_CRN_MC,64,CONTEXT_CONDITIONAL_ONLY,A,,"{""-1"": -1, ""1"": 1}"
E2_CONTEXT_SIGN_FLIP,72015,ANTITHETIC_CRN_MC,128,CONTEXT_CONDITIONAL_ONLY,A,,"{""-1"": -1, ""1"": 1}"
E2_CONTEXT_SIGN_FLIP,72015,ANTITHETIC_CRN_MC,256,CONTEXT_CONDITIONAL_ONLY,A,,"{""-1"": -1, ""1"": 1}"
E2_CONTEXT_SIGN_FLIP,72015,CRN_CHAIN_MC,8,CONTEXT_CONDITIONAL_ONLY,A,,"{""-1"": -1, ""1"": 1}"
E2_CONTEXT_SIGN_FLIP,72015,CRN_CHAIN_MC,16,CONTEXT_CONDITIONAL_ONLY,A,,"{""-1"": -1, ""1"": 1}"
E2_CONTEXT_SIGN_FLIP,72015,CRN_CHAIN_MC,32,CONTEXT_CONDITIONAL_ONLY,A,,"{""-1"": -1, ""1"": 1}"
E2_CONTEXT_SIGN_FLIP,72015,CRN_CHAIN_MC,64,CONTEXT_CONDITIONAL_ONLY,A,,"{""-1"": -1, ""1"": 1}"
E2_CONTEXT_SIGN_FLIP,72015,CRN_CHAIN_MC,128,CONTEXT_CONDITIONAL_ONLY,A,,"{""-1"": -1, ""1"": 1}"
E2_CONTEXT_SIGN_FLIP,72015,CRN_CHAIN_MC,256,CONTEXT_CONDITIONAL_ONLY,A,,"{""-1"": -1, ""1"": 1}"
E2_CONTEXT_SIGN_FLIP,72015,DOUBLE_ANTITHETIC_CRN_MC,8,CONTEXT_CONDITIONAL_ONLY,A,,"{""-1"": -1, ""1"": 1}"
E2_CONTEXT_SIGN_FLIP,72015,DOUBLE_ANTITHETIC_CRN_MC,16,CONTEXT_CONDITIONAL_ONLY,A,,"{""-1"": -1, ""1"": 1}"
E2_CONTEXT_SIGN_FLIP,72015,DOUBLE_ANTITHETIC_CRN_MC,32,CONTEXT_CONDITIONAL_ONLY,A,,"{""-1"": -1, ""1"": 1}"
E2_CONTEXT_SIGN_FLIP,72015,DOUBLE_ANTITHETIC_CRN_MC,64,CONTEXT_CONDITIONAL_ONLY,A,,"{""-1"": -1, ""1"": 1}"
E2_CONTEXT_SIGN_FLIP,72015,DOUBLE_ANTITHETIC_CRN_MC,128,CONTEXT_CONDITIONAL_ONLY,A,,"{""-1"": -1, ""1"": 1}"
E2_CONTEXT_SIGN_FLIP,72015,DOUBLE_ANTITHETIC_CRN_MC,256,CONTEXT_CONDITIONAL_ONLY,A,,"{""-1"": -1, ""1"": 1}"
E2_CONTEXT_SIGN_FLIP,72015,LEGACY_INDEPENDENT_MC,8,CONTEXT_CONDITIONAL_ONLY,A,,"{""-1"": -1, ""1"": 1}"
E2_CONTEXT_SIGN_FLIP,72015,LEGACY_INDEPENDENT_MC,16,CONTEXT_CONDITIONAL_ONLY,A,,"{""-1"": -1, ""1"": 1}"
E2_CONTEXT_SIGN_FLIP,72015,LEGACY_INDEPENDENT_MC,32,CONTEXT_CONDITIONAL_ONLY,A,,"{""-1"": -1, ""1"": 1}"
E2_CONTEXT_SIGN_FLIP,72015,LEGACY_INDEPENDENT_MC,64,CONTEXT_CONDITIONAL_ONLY,A,,"{""-1"": -1, ""1"": 1}"
E2_CONTEXT_SIGN_FLIP,72015,LEGACY_INDEPENDENT_MC,128,CONTEXT_CONDITIONAL_ONLY,A,,"{""-1"": -1, ""1"": 1}"
E2_CONTEXT_SIGN_FLIP,72015,LEGACY_INDEPENDENT_MC,256,CONTEXT_CONDITIONAL_ONLY,A,,"{""-1"": -1, ""1"": 1}"
E2_CONTEXT_SIGN_FLIP,72016,ANTITHETIC_CRN_MC,8,CONTEXT_CONDITIONAL_ONLY,A,,"{""-1"": -1, ""1"": 1}"
E2_CONTEXT_SIGN_FLIP,72016,ANTITHETIC_CRN_MC,16,CONTEXT_CONDITIONAL_ONLY,A,,"{""-1"": -1, ""1"": 1}"
E2_CONTEXT_SIGN_FLIP,72016,ANTITHETIC_CRN_MC,32,CONTEXT_CONDITIONAL_ONLY,A,,"{""-1"": -1, ""1"": 1}"
E2_CONTEXT_SIGN_FLIP,72016,ANTITHETIC_CRN_MC,64,CONTEXT_CONDITIONAL_ONLY,A,,"{""-1"": -1, ""1"": 1}"
E2_CONTEXT_SIGN_FLIP,72016,ANTITHETIC_CRN_MC,128,CONTEXT_CONDITIONAL_ONLY,A,,"{""-1"": -1, ""1"": 1}"
E2_CONTEXT_SIGN_FLIP,72016,ANTITHETIC_CRN_MC,256,CONTEXT_CONDITIONAL_ONLY,A,,"{""-1"": -1, ""1"": 1}"
E2_CONTEXT_SIGN_FLIP,72016,CRN_CHAIN_MC,8,CONTEXT_CONDITIONAL_ONLY,A,,"{""-1"": -1, ""1"": 1}"
E2_CONTEXT_SIGN_FLIP,72016,CRN_CHAIN_MC,16,CONTEXT_CONDITIONAL_ONLY,A,,"{""-1"": -1, ""1"": 1}"
E2_CONTEXT_SIGN_FLIP,72016,CRN_CHAIN_MC,32,CONTEXT_CONDITIONAL_ONLY,A,,"{""-1"": -1, ""1"": 1}"
E2_CONTEXT_SIGN_FLIP,72016,CRN_CHAIN_MC,64,CONTEXT_CONDITIONAL_ONLY,A,,"{""-1"": -1, ""1"": 1}"
E2_CONTEXT_SIGN_FLIP,72016,CRN_CHAIN_MC,128,CONTEXT_CONDITIONAL_ONLY,A,,"{""-1"": -1, ""1"": 1}"
E2_CONTEXT_SIGN_FLIP,72016,CRN_CHAIN_MC,256,CONTEXT_CONDITIONAL_ONLY,A,,"{""-1"": -1, ""1"": 1}"
E2_CONTEXT_SIGN_FLIP,72016,DOUBLE_ANTITHETIC_CRN_MC,8,CONTEXT_CONDITIONAL_ONLY,A,,"{""-1"": -1, ""1"": 1}"
E2_CONTEXT_SIGN_FLIP,72016,DOUBLE_ANTITHETIC_CRN_MC,16,CONTEXT_CONDITIONAL_ONLY,A,,"{""-1"": -1, ""1"": 1}"
E2_CONTEXT_SIGN_FLIP,72016,DOUBLE_ANTITHETIC_CRN_MC,32,CONTEXT_CONDITIONAL_ONLY,A,,"{""-1"": -1, ""1"": 1}"
E2_CONTEXT_SIGN_FLIP,72016,DOUBLE_ANTITHETIC_CRN_MC,64,CONTEXT_CONDITIONAL_ONLY,A,,"{""-1"": -1, ""1"": 1}"
E2_CONTEXT_SIGN_FLIP,72016,DOUBLE_ANTITHETIC_CRN_MC,128,CONTEXT_CONDITIONAL_ONLY,A,,"{""-1"": -1, ""1"": 1}"
E2_CONTEXT_SIGN_FLIP,72016,DOUBLE_ANTITHETIC_CRN_MC,256,CONTEXT_CONDITIONAL_ONLY,A,,"{""-1"": -1, ""1"": 1}"
E2_CONTEXT_SIGN_FLIP,72016,LEGACY_INDEPENDENT_MC,8,CONTEXT_CONDITIONAL_ONLY,A,,"{""-1"": -1, ""1"": 1}"
E2_CONTEXT_SIGN_FLIP,72016,LEGACY_INDEPENDENT_MC,16,CONTEXT_CONDITIONAL_ONLY,A,,"{""-1"": -1, ""1"": 1}"
E2_CONTEXT_SIGN_FLIP,72016,LEGACY_INDEPENDENT_MC,32,CONTEXT_CONDITIONAL_ONLY,A,,"{""-1"": -1, ""1"": 1}"
E2_CONTEXT_SIGN_FLIP,72016,LEGACY_INDEPENDENT_MC,64,CONTEXT_CONDITIONAL_ONLY,A,,"{""-1"": -1, ""1"": 1}"
E2_CONTEXT_SIGN_FLIP,72016,LEGACY_INDEPENDENT_MC,128,CONTEXT_CONDITIONAL_ONLY,A,,"{""-1"": -1, ""1"": 1}"
E2_CONTEXT_SIGN_FLIP,72016,LEGACY_INDEPENDENT_MC,256,CONTEXT_CONDITIONAL_ONLY,A,,"{""-1"": -1, ""1"": 1}"
E2_CONTEXT_SIGN_FLIP,72017,ANTITHETIC_CRN_MC,8,CONTEXT_CONDITIONAL_ONLY,A,,"{""-1"": -1, ""1"": 1}"
E2_CONTEXT_SIGN_FLIP,72017,ANTITHETIC_CRN_MC,16,CONTEXT_CONDITIONAL_ONLY,A,,"{""-1"": -1, ""1"": 1}"
E2_CONTEXT_SIGN_FLIP,72017,ANTITHETIC_CRN_MC,32,CONTEXT_CONDITIONAL_ONLY,A,,"{""-1"": -1, ""1"": 1}"
E2_CONTEXT_SIGN_FLIP,72017,ANTITHETIC_CRN_MC,64,CONTEXT_CONDITIONAL_ONLY,A,,"{""-1"": -1, ""1"": 1}"
E2_CONTEXT_SIGN_FLIP,72017,ANTITHETIC_CRN_MC,128,CONTEXT_CONDITIONAL_ONLY,A,,"{""-1"": -1, ""1"": 1}"
E2_CONTEXT_SIGN_FLIP,72017,ANTITHETIC_CRN_MC,256,CONTEXT_CONDITIONAL_ONLY,A,,"{""-1"": -1, ""1"": 1}"
E2_CONTEXT_SIGN_FLIP,72017,CRN_CHAIN_MC,8,CONTEXT_CONDITIONAL_ONLY,A,,"{""-1"": -1, ""1"": 1}"
E2_CONTEXT_SIGN_FLIP,72017,CRN_CHAIN_MC,16,CONTEXT_CONDITIONAL_ONLY,A,,"{""-1"": -1, ""1"": 1}"
E2_CONTEXT_SIGN_FLIP,72017,CRN_CHAIN_MC,32,CONTEXT_CONDITIONAL_ONLY,A,,"{""-1"": -1, ""1"": 1}"
E2_CONTEXT_SIGN_FLIP,72017,CRN_CHAIN_MC,64,CONTEXT_CONDITIONAL_ONLY,A,,"{""-1"": -1, ""1"": 1}"
E2_CONTEXT_SIGN_FLIP,72017,CRN_CHAIN_MC,128,CONTEXT_CONDITIONAL_ONLY,A,,"{""-1"": -1, ""1"": 1}"
E2_CONTEXT_SIGN_FLIP,72017,CRN_CHAIN_MC,256,CONTEXT_CONDITIONAL_ONLY,A,,"{""-1"": -1, ""1"": 1}"
E2_CONTEXT_SIGN_FLIP,72017,DOUBLE_ANTITHETIC_CRN_MC,8,CONTEXT_CONDITIONAL_ONLY,A,,"{""-1"": -1, ""1"": 1}"
E2_CONTEXT_SIGN_FLIP,72017,DOUBLE_ANTITHETIC_CRN_MC,16,CONTEXT_CONDITIONAL_ONLY,A,,"{""-1"": -1, ""1"": 1}"
E2_CONTEXT_SIGN_FLIP,72017,DOUBLE_ANTITHETIC_CRN_MC,32,CONTEXT_CONDITIONAL_ONLY,A,,"{""-1"": -1, ""1"": 1}"
E2_CONTEXT_SIGN_FLIP,72017,DOUBLE_ANTITHETIC_CRN_MC,64,CONTEXT_CONDITIONAL_ONLY,A,,"{""-1"": -1, ""1"": 1}"
E2_CONTEXT_SIGN_FLIP,72017,DOUBLE_ANTITHETIC_CRN_MC,128,CONTEXT_CONDITIONAL_ONLY,A,,"{""-1"": -1, ""1"": 1}"
E2_CONTEXT_SIGN_FLIP,72017,DOUBLE_ANTITHETIC_CRN_MC,256,CONTEXT_CONDITIONAL_ONLY,A,,"{""-1"": -1, ""1"": 1}"
E2_CONTEXT_SIGN_FLIP,72017,LEGACY_INDEPENDENT_MC,8,CONTEXT_CONDITIONAL_ONLY,A,,"{""-1"": -1, ""1"": 1}"
E2_CONTEXT_SIGN_FLIP,72017,LEGACY_INDEPENDENT_MC,16,CONTEXT_CONDITIONAL_ONLY,A,,"{""-1"": -1, ""1"": 1}"
E2_CONTEXT_SIGN_FLIP,72017,LEGACY_INDEPENDENT_MC,32,CONTEXT_CONDITIONAL_ONLY,A,,"{""-1"": -1, ""1"": 1}"
E2_CONTEXT_SIGN_FLIP,72017,LEGACY_INDEPENDENT_MC,64,CONTEXT_CONDITIONAL_ONLY,A,,"{""-1"": -1, ""1"": 1}"
E2_CONTEXT_SIGN_FLIP,72017,LEGACY_INDEPENDENT_MC,128,CONTEXT_CONDITIONAL_ONLY,A,,"{""-1"": -1, ""1"": 1}"
E2_CONTEXT_SIGN_FLIP,72017,LEGACY_INDEPENDENT_MC,256,CONTEXT_CONDITIONAL_ONLY,A,,"{""-1"": -1, ""1"": 1}"
E2_CONTEXT_SIGN_FLIP,72018,ANTITHETIC_CRN_MC,8,CONTEXT_CONDITIONAL_ONLY,A,,"{""-1"": -1, ""1"": 1}"
E2_CONTEXT_SIGN_FLIP,72018,ANTITHETIC_CRN_MC,16,CONTEXT_CONDITIONAL_ONLY,A,,"{""-1"": -1, ""1"": 1}"
E2_CONTEXT_SIGN_FLIP,72018,ANTITHETIC_CRN_MC,32,CONTEXT_CONDITIONAL_ONLY,A,,"{""-1"": -1, ""1"": 1}"
E2_CONTEXT_SIGN_FLIP,72018,ANTITHETIC_CRN_MC,64,CONTEXT_CONDITIONAL_ONLY,A,,"{""-1"": -1, ""1"": 1}"
E2_CONTEXT_SIGN_FLIP,72018,ANTITHETIC_CRN_MC,128,CONTEXT_CONDITIONAL_ONLY,A,,"{""-1"": -1, ""1"": 1}"
E2_CONTEXT_SIGN_FLIP,72018,ANTITHETIC_CRN_MC,256,CONTEXT_CONDITIONAL_ONLY,A,,"{""-1"": -1, ""1"": 1}"
E2_CONTEXT_SIGN_FLIP,72018,CRN_CHAIN_MC,8,CONTEXT_CONDITIONAL_ONLY,A,,"{""-1"": -1, ""1"": 1}"
E2_CONTEXT_SIGN_FLIP,72018,CRN_CHAIN_MC,16,CONTEXT_CONDITIONAL_ONLY,A,,"{""-1"": -1, ""1"": 1}"
E2_CONTEXT_SIGN_FLIP,72018,CRN_CHAIN_MC,32,CONTEXT_CONDITIONAL_ONLY,A,,"{""-1"": -1, ""1"": 1}"
E2_CONTEXT_SIGN_FLIP,72018,CRN_CHAIN_MC,64,CONTEXT_CONDITIONAL_ONLY,A,,"{""-1"": -1, ""1"": 1}"
E2_CONTEXT_SIGN_FLIP,72018,CRN_CHAIN_MC,128,CONTEXT_CONDITIONAL_ONLY,A,,"{""-1"": -1, ""1"": 1}"
E2_CONTEXT_SIGN_FLIP,72018,CRN_CHAIN_MC,256,CONTEXT_CONDITIONAL_ONLY,A,,"{""-1"": -1, ""1"": 1}"
E2_CONTEXT_SIGN_FLIP,72018,DOUBLE_ANTITHETIC_CRN_MC,8,CONTEXT_CONDITIONAL_ONLY,A,,"{""-1"": -1, ""1"": 1}"
E2_CONTEXT_SIGN_FLIP,72018,DOUBLE_ANTITHETIC_CRN_MC,16,CONTEXT_CONDITIONAL_ONLY,A,,"{""-1"": -1, ""1"": 1}"
E2_CONTEXT_SIGN_FLIP,72018,DOUBLE_ANTITHETIC_CRN_MC,32,CONTEXT_CONDITIONAL_ONLY,A,,"{""-1"": -1, ""1"": 1}"
E2_CONTEXT_SIGN_FLIP,72018,DOUBLE_ANTITHETIC_CRN_MC,64,CONTEXT_CONDITIONAL_ONLY,A,,"{""-1"": -1, ""1"": 1}"
E2_CONTEXT_SIGN_FLIP,72018,DOUBLE_ANTITHETIC_CRN_MC,128,CONTEXT_CONDITIONAL_ONLY,A,,"{""-1"": -1, ""1"": 1}"
E2_CONTEXT_SIGN_FLIP,72018,DOUBLE_ANTITHETIC_CRN_MC,256,CONTEXT_CONDITIONAL_ONLY,A,,"{""-1"": -1, ""1"": 1}"
E2_CONTEXT_SIGN_FLIP,72018,LEGACY_INDEPENDENT_MC,8,CONTEXT_CONDITIONAL_ONLY,A,,"{""-1"": -1, ""1"": 1}"
E2_CONTEXT_SIGN_FLIP,72018,LEGACY_INDEPENDENT_MC,16,CONTEXT_CONDITIONAL_ONLY,A,,"{""-1"": -1, ""1"": 1}"
E2_CONTEXT_SIGN_FLIP,72018,LEGACY_INDEPENDENT_MC,32,CONTEXT_CONDITIONAL_ONLY,A,,"{""-1"": -1, ""1"": 1}"
E2_CONTEXT_SIGN_FLIP,72018,LEGACY_INDEPENDENT_MC,64,CONTEXT_CONDITIONAL_ONLY,A,,"{""-1"": -1, ""1"": 1}"
E2_CONTEXT_SIGN_FLIP,72018,LEGACY_INDEPENDENT_MC,128,CONTEXT_CONDITIONAL_ONLY,A,,"{""-1"": -1, ""1"": 1}"
E2_CONTEXT_SIGN_FLIP,72018,LEGACY_INDEPENDENT_MC,256,CONTEXT_CONDITIONAL_ONLY,A,,"{""-1"": -1, ""1"": 1}"
E2_CONTEXT_SIGN_FLIP,72019,ANTITHETIC_CRN_MC,8,CONTEXT_CONDITIONAL_ONLY,A,,"{""-1"": -1, ""1"": 1}"
E2_CONTEXT_SIGN_FLIP,72019,ANTITHETIC_CRN_MC,16,CONTEXT_CONDITIONAL_ONLY,A,,"{""-1"": -1, ""1"": 1}"
E2_CONTEXT_SIGN_FLIP,72019,ANTITHETIC_CRN_MC,32,CONTEXT_CONDITIONAL_ONLY,A,,"{""-1"": -1, ""1"": 1}"
E2_CONTEXT_SIGN_FLIP,72019,ANTITHETIC_CRN_MC,64,CONTEXT_CONDITIONAL_ONLY,A,,"{""-1"": -1, ""1"": 1}"
E2_CONTEXT_SIGN_FLIP,72019,ANTITHETIC_CRN_MC,128,CONTEXT_CONDITIONAL_ONLY,A,,"{""-1"": -1, ""1"": 1}"
E2_CONTEXT_SIGN_FLIP,72019,ANTITHETIC_CRN_MC,256,CONTEXT_CONDITIONAL_ONLY,A,,"{""-1"": -1, ""1"": 1}"
E2_CONTEXT_SIGN_FLIP,72019,CRN_CHAIN_MC,8,CONTEXT_CONDITIONAL_ONLY,A,,"{""-1"": -1, ""1"": 1}"
E2_CONTEXT_SIGN_FLIP,72019,CRN_CHAIN_MC,16,CONTEXT_CONDITIONAL_ONLY,A,,"{""-1"": -1, ""1"": 1}"
E2_CONTEXT_SIGN_FLIP,72019,CRN_CHAIN_MC,32,CONTEXT_CONDITIONAL_ONLY,A,,"{""-1"": -1, ""1"": 1}"
E2_CONTEXT_SIGN_FLIP,72019,CRN_CHAIN_MC,64,CONTEXT_CONDITIONAL_ONLY,A,,"{""-1"": -1, ""1"": 1}"
E2_CONTEXT_SIGN_FLIP,72019,CRN_CHAIN_MC,128,CONTEXT_CONDITIONAL_ONLY,A,,"{""-1"": -1, ""1"": 1}"
E2_CONTEXT_SIGN_FLIP,72019,CRN_CHAIN_MC,256,CONTEXT_CONDITIONAL_ONLY,A,,"{""-1"": -1, ""1"": 1}"
E2_CONTEXT_SIGN_FLIP,72019,DOUBLE_ANTITHETIC_CRN_MC,8,CONTEXT_CONDITIONAL_ONLY,A,,"{""-1"": -1, ""1"": 1}"
E2_CONTEXT_SIGN_FLIP,72019,DOUBLE_ANTITHETIC_CRN_MC,16,CONTEXT_CONDITIONAL_ONLY,A,,"{""-1"": -1, ""1"": 1}"
E2_CONTEXT_SIGN_FLIP,72019,DOUBLE_ANTITHETIC_CRN_MC,32,CONTEXT_CONDITIONAL_ONLY,A,,"{""-1"": -1, ""1"": 1}"
E2_CONTEXT_SIGN_FLIP,72019,DOUBLE_ANTITHETIC_CRN_MC,64,CONTEXT_CONDITIONAL_ONLY,A,,"{""-1"": -1, ""1"": 1}"
E2_CONTEXT_SIGN_FLIP,72019,DOUBLE_ANTITHETIC_CRN_MC,128,CONTEXT_CONDITIONAL_ONLY,A,,"{""-1"": -1, ""1"": 1}"
E2_CONTEXT_SIGN_FLIP,72019,DOUBLE_ANTITHETIC_CRN_MC,256,CONTEXT_CONDITIONAL_ONLY,A,,"{""-1"": -1, ""1"": 1}"
E2_CONTEXT_SIGN_FLIP,72019,LEGACY_INDEPENDENT_MC,8,CONTEXT_CONDITIONAL_ONLY,A,,"{""-1"": -1, ""1"": 1}"
E2_CONTEXT_SIGN_FLIP,72019,LEGACY_INDEPENDENT_MC,16,CONTEXT_CONDITIONAL_ONLY,A,,"{""-1"": -1, ""1"": 1}"
E2_CONTEXT_SIGN_FLIP,72019,LEGACY_INDEPENDENT_MC,32,CONTEXT_CONDITIONAL_ONLY,A,,"{""-1"": -1, ""1"": 1}"
E2_CONTEXT_SIGN_FLIP,72019,LEGACY_INDEPENDENT_MC,64,CONTEXT_CONDITIONAL_ONLY,A,,"{""-1"": -1, ""1"": 1}"
E2_CONTEXT_SIGN_FLIP,72019,LEGACY_INDEPENDENT_MC,128,CONTEXT_CONDITIONAL_ONLY,A,,"{""-1"": -1, ""1"": 1}"
E2_CONTEXT_SIGN_FLIP,72019,LEGACY_INDEPENDENT_MC,256,CONTEXT_CONDITIONAL_ONLY,A,,"{""-1"": -1, ""1"": 1}"
E2_CONTEXT_SIGN_FLIP,72020,ANTITHETIC_CRN_MC,8,CONTEXT_CONDITIONAL_ONLY,A,,"{""-1"": -1, ""1"": 1}"
E2_CONTEXT_SIGN_FLIP,72020,ANTITHETIC_CRN_MC,16,CONTEXT_CONDITIONAL_ONLY,A,,"{""-1"": -1, ""1"": 1}"
E2_CONTEXT_SIGN_FLIP,72020,ANTITHETIC_CRN_MC,32,CONTEXT_CONDITIONAL_ONLY,A,,"{""-1"": -1, ""1"": 1}"
E2_CONTEXT_SIGN_FLIP,72020,ANTITHETIC_CRN_MC,64,CONTEXT_CONDITIONAL_ONLY,A,,"{""-1"": -1, ""1"": 1}"
E2_CONTEXT_SIGN_FLIP,72020,ANTITHETIC_CRN_MC,128,CONTEXT_CONDITIONAL_ONLY,A,,"{""-1"": -1, ""1"": 1}"
E2_CONTEXT_SIGN_FLIP,72020,ANTITHETIC_CRN_MC,256,CONTEXT_CONDITIONAL_ONLY,A,,"{""-1"": -1, ""1"": 1}"
E2_CONTEXT_SIGN_FLIP,72020,CRN_CHAIN_MC,8,CONTEXT_CONDITIONAL_ONLY,A,,"{""-1"": -1, ""1"": 1}"
E2_CONTEXT_SIGN_FLIP,72020,CRN_CHAIN_MC,16,CONTEXT_CONDITIONAL_ONLY,A,,"{""-1"": -1, ""1"": 1}"
E2_CONTEXT_SIGN_FLIP,72020,CRN_CHAIN_MC,32,CONTEXT_CONDITIONAL_ONLY,A,,"{""-1"": -1, ""1"": 1}"
E2_CONTEXT_SIGN_FLIP,72020,CRN_CHAIN_MC,64,CONTEXT_CONDITIONAL_ONLY,A,,"{""-1"": -1, ""1"": 1}"
E2_CONTEXT_SIGN_FLIP,72020,CRN_CHAIN_MC,128,CONTEXT_CONDITIONAL_ONLY,A,,"{""-1"": -1, ""1"": 1}"
E2_CONTEXT_SIGN_FLIP,72020,CRN_CHAIN_MC,256,CONTEXT_CONDITIONAL_ONLY,A,,"{""-1"": -1, ""1"": 1}"
E2_CONTEXT_SIGN_FLIP,72020,DOUBLE_ANTITHETIC_CRN_MC,8,CONTEXT_CONDITIONAL_ONLY,A,,"{""-1"": -1, ""1"": 1}"
E2_CONTEXT_SIGN_FLIP,72020,DOUBLE_ANTITHETIC_CRN_MC,16,CONTEXT_CONDITIONAL_ONLY,A,,"{""-1"": -1, ""1"": 1}"
E2_CONTEXT_SIGN_FLIP,72020,DOUBLE_ANTITHETIC_CRN_MC,32,CONTEXT_CONDITIONAL_ONLY,A,,"{""-1"": -1, ""1"": 1}"
E2_CONTEXT_SIGN_FLIP,72020,DOUBLE_ANTITHETIC_CRN_MC,64,CONTEXT_CONDITIONAL_ONLY,A,,"{""-1"": -1, ""1"": 1}"
E2_CONTEXT_SIGN_FLIP,72020,DOUBLE_ANTITHETIC_CRN_MC,128,CONTEXT_CONDITIONAL_ONLY,A,,"{""-1"": -1, ""1"": 1}"
E2_CONTEXT_SIGN_FLIP,72020,DOUBLE_ANTITHETIC_CRN_MC,256,CONTEXT_CONDITIONAL_ONLY,A,,"{""-1"": -1, ""1"": 1}"
E2_CONTEXT_SIGN_FLIP,72020,LEGACY_INDEPENDENT_MC,8,CONTEXT_CONDITIONAL_ONLY,A,,"{""-1"": -1, ""1"": 1}"
E2_CONTEXT_SIGN_FLIP,72020,LEGACY_INDEPENDENT_MC,16,CONTEXT_CONDITIONAL_ONLY,A,,"{""-1"": -1, ""1"": 1}"
E2_CONTEXT_SIGN_FLIP,72020,LEGACY_INDEPENDENT_MC,32,CONTEXT_CONDITIONAL_ONLY,A,,"{""-1"": -1, ""1"": 1}"
E2_CONTEXT_SIGN_FLIP,72020,LEGACY_INDEPENDENT_MC,64,CONTEXT_CONDITIONAL_ONLY,A,,"{""-1"": -1, ""1"": 1}"
E2_CONTEXT_SIGN_FLIP,72020,LEGACY_INDEPENDENT_MC,128,CONTEXT_CONDITIONAL_ONLY,A,,"{""-1"": -1, ""1"": 1}"
E2_CONTEXT_SIGN_FLIP,72020,LEGACY_INDEPENDENT_MC,256,CONTEXT_CONDITIONAL_ONLY,A,,"{""-1"": -1, ""1"": 1}"
E2_CONTEXT_SIGN_FLIP,72021,ANTITHETIC_CRN_MC,8,CONTEXT_CONDITIONAL_ONLY,A,,"{""-1"": -1, ""1"": 1}"
E2_CONTEXT_SIGN_FLIP,72021,ANTITHETIC_CRN_MC,16,CONTEXT_CONDITIONAL_ONLY,A,,"{""-1"": -1, ""1"": 1}"
E2_CONTEXT_SIGN_FLIP,72021,ANTITHETIC_CRN_MC,32,CONTEXT_CONDITIONAL_ONLY,A,,"{""-1"": -1, ""1"": 1}"
E2_CONTEXT_SIGN_FLIP,72021,ANTITHETIC_CRN_MC,64,CONTEXT_CONDITIONAL_ONLY,A,,"{""-1"": -1, ""1"": 1}"
E2_CONTEXT_SIGN_FLIP,72021,ANTITHETIC_CRN_MC,128,CONTEXT_CONDITIONAL_ONLY,A,,"{""-1"": -1, ""1"": 1}"
E2_CONTEXT_SIGN_FLIP,72021,ANTITHETIC_CRN_MC,256,CONTEXT_CONDITIONAL_ONLY,A,,"{""-1"": -1, ""1"": 1}"
E2_CONTEXT_SIGN_FLIP,72021,CRN_CHAIN_MC,8,CONTEXT_CONDITIONAL_ONLY,A,,"{""-1"": -1, ""1"": 1}"
E2_CONTEXT_SIGN_FLIP,72021,CRN_CHAIN_MC,16,CONTEXT_CONDITIONAL_ONLY,A,,"{""-1"": -1, ""1"": 1}"
E2_CONTEXT_SIGN_FLIP,72021,CRN_CHAIN_MC,32,CONTEXT_CONDITIONAL_ONLY,A,,"{""-1"": -1, ""1"": 1}"
E2_CONTEXT_SIGN_FLIP,72021,CRN_CHAIN_MC,64,CONTEXT_CONDITIONAL_ONLY,A,,"{""-1"": -1, ""1"": 1}"
E2_CONTEXT_SIGN_FLIP,72021,CRN_CHAIN_MC,128,CONTEXT_CONDITIONAL_ONLY,A,,"{""-1"": -1, ""1"": 1}"
E2_CONTEXT_SIGN_FLIP,72021,CRN_CHAIN_MC,256,CONTEXT_CONDITIONAL_ONLY,A,,"{""-1"": -1, ""1"": 1}"
E2_CONTEXT_SIGN_FLIP,72021,DOUBLE_ANTITHETIC_CRN_MC,8,CONTEXT_CONDITIONAL_ONLY,A,,"{""-1"": -1, ""1"": 1}"
E2_CONTEXT_SIGN_FLIP,72021,DOUBLE_ANTITHETIC_CRN_MC,16,CONTEXT_CONDITIONAL_ONLY,A,,"{""-1"": -1, ""1"": 1}"
E2_CONTEXT_SIGN_FLIP,72021,DOUBLE_ANTITHETIC_CRN_MC,32,CONTEXT_CONDITIONAL_ONLY,A,,"{""-1"": -1, ""1"": 1}"
E2_CONTEXT_SIGN_FLIP,72021,DOUBLE_ANTITHETIC_CRN_MC,64,CONTEXT_CONDITIONAL_ONLY,A,,"{""-1"": -1, ""1"": 1}"
E2_CONTEXT_SIGN_FLIP,72021,DOUBLE_ANTITHETIC_CRN_MC,128,CONTEXT_CONDITIONAL_ONLY,A,,"{""-1"": -1, ""1"": 1}"
E2_CONTEXT_SIGN_FLIP,72021,DOUBLE_ANTITHETIC_CRN_MC,256,CONTEXT_CONDITIONAL_ONLY,A,,"{""-1"": -1, ""1"": 1}"
E2_CONTEXT_SIGN_FLIP,72021,LEGACY_INDEPENDENT_MC,8,CONTEXT_CONDITIONAL_ONLY,A,,"{""-1"": -1, ""1"": 1}"
E2_CONTEXT_SIGN_FLIP,72021,LEGACY_INDEPENDENT_MC,16,CONTEXT_CONDITIONAL_ONLY,A,,"{""-1"": -1, ""1"": 1}"
E2_CONTEXT_SIGN_FLIP,72021,LEGACY_INDEPENDENT_MC,32,CONTEXT_CONDITIONAL_ONLY,A,,"{""-1"": -1, ""1"": 1}"
E2_CONTEXT_SIGN_FLIP,72021,LEGACY_INDEPENDENT_MC,64,CONTEXT_CONDITIONAL_ONLY,A,,"{""-1"": -1, ""1"": 1}"
E2_CONTEXT_SIGN_FLIP,72021,LEGACY_INDEPENDENT_MC,128,CONTEXT_CONDITIONAL_ONLY,A,,"{""-1"": -1, ""1"": 1}"
E2_CONTEXT_SIGN_FLIP,72021,LEGACY_INDEPENDENT_MC,256,CONTEXT_CONDITIONAL_ONLY,A,,"{""-1"": -1, ""1"": 1}"
E2_CONTEXT_SIGN_FLIP,72022,ANTITHETIC_CRN_MC,8,CONTEXT_CONDITIONAL_ONLY,A,,"{""-1"": -1, ""1"": 1}"
E2_CONTEXT_SIGN_FLIP,72022,ANTITHETIC_CRN_MC,16,CONTEXT_CONDITIONAL_ONLY,A,,"{""-1"": -1, ""1"": 1}"
E2_CONTEXT_SIGN_FLIP,72022,ANTITHETIC_CRN_MC,32,CONTEXT_CONDITIONAL_ONLY,A,,"{""-1"": -1, ""1"": 1}"
E2_CONTEXT_SIGN_FLIP,72022,ANTITHETIC_CRN_MC,64,CONTEXT_CONDITIONAL_ONLY,A,,"{""-1"": -1, ""1"": 1}"
E2_CONTEXT_SIGN_FLIP,72022,ANTITHETIC_CRN_MC,128,CONTEXT_CONDITIONAL_ONLY,A,,"{""-1"": -1, ""1"": 1}"
E2_CONTEXT_SIGN_FLIP,72022,ANTITHETIC_CRN_MC,256,CONTEXT_CONDITIONAL_ONLY,A,,"{""-1"": -1, ""1"": 1}"
E2_CONTEXT_SIGN_FLIP,72022,CRN_CHAIN_MC,8,CONTEXT_CONDITIONAL_ONLY,A,,"{""-1"": -1, ""1"": 1}"
E2_CONTEXT_SIGN_FLIP,72022,CRN_CHAIN_MC,16,CONTEXT_CONDITIONAL_ONLY,A,,"{""-1"": -1, ""1"": 1}"
E2_CONTEXT_SIGN_FLIP,72022,CRN_CHAIN_MC,32,CONTEXT_CONDITIONAL_ONLY,A,,"{""-1"": -1, ""1"": 1}"
E2_CONTEXT_SIGN_FLIP,72022,CRN_CHAIN_MC,64,CONTEXT_CONDITIONAL_ONLY,A,,"{""-1"": -1, ""1"": 1}"
E2_CONTEXT_SIGN_FLIP,72022,CRN_CHAIN_MC,128,CONTEXT_CONDITIONAL_ONLY,A,,"{""-1"": -1, ""1"": 1}"
E2_CONTEXT_SIGN_FLIP,72022,CRN_CHAIN_MC,256,CONTEXT_CONDITIONAL_ONLY,A,,"{""-1"": -1, ""1"": 1}"
E2_CONTEXT_SIGN_FLIP,72022,DOUBLE_ANTITHETIC_CRN_MC,8,CONTEXT_CONDITIONAL_ONLY,A,,"{""-1"": -1, ""1"": 1}"
E2_CONTEXT_SIGN_FLIP,72022,DOUBLE_ANTITHETIC_CRN_MC,16,CONTEXT_CONDITIONAL_ONLY,A,,"{""-1"": -1, ""1"": 1}"
E2_CONTEXT_SIGN_FLIP,72022,DOUBLE_ANTITHETIC_CRN_MC,32,CONTEXT_CONDITIONAL_ONLY,A,,"{""-1"": -1, ""1"": 1}"
E2_CONTEXT_SIGN_FLIP,72022,DOUBLE_ANTITHETIC_CRN_MC,64,CONTEXT_CONDITIONAL_ONLY,A,,"{""-1"": -1, ""1"": 1}"
E2_CONTEXT_SIGN_FLIP,72022,DOUBLE_ANTITHETIC_CRN_MC,128,CONTEXT_CONDITIONAL_ONLY,A,,"{""-1"": -1, ""1"": 1}"
E2_CONTEXT_SIGN_FLIP,72022,DOUBLE_ANTITHETIC_CRN_MC,256,CONTEXT_CONDITIONAL_ONLY,A,,"{""-1"": -1, ""1"": 1}"
E2_CONTEXT_SIGN_FLIP,72022,LEGACY_INDEPENDENT_MC,8,CONTEXT_CONDITIONAL_ONLY,A,,"{""-1"": -1, ""1"": 1}"
E2_CONTEXT_SIGN_FLIP,72022,LEGACY_INDEPENDENT_MC,16,CONTEXT_CONDITIONAL_ONLY,A,,"{""-1"": -1, ""1"": 1}"
E2_CONTEXT_SIGN_FLIP,72022,LEGACY_INDEPENDENT_MC,32,CONTEXT_CONDITIONAL_ONLY,A,,"{""-1"": -1, ""1"": 1}"
E2_CONTEXT_SIGN_FLIP,72022,LEGACY_INDEPENDENT_MC,64,CONTEXT_CONDITIONAL_ONLY,A,,"{""-1"": -1, ""1"": 1}"
E2_CONTEXT_SIGN_FLIP,72022,LEGACY_INDEPENDENT_MC,128,CONTEXT_CONDITIONAL_ONLY,A,,"{""-1"": -1, ""1"": 1}"
E2_CONTEXT_SIGN_FLIP,72022,LEGACY_INDEPENDENT_MC,256,CONTEXT_CONDITIONAL_ONLY,A,,"{""-1"": -1, ""1"": 1}"
E2_CONTEXT_SIGN_FLIP,72023,ANTITHETIC_CRN_MC,8,CONTEXT_CONDITIONAL_ONLY,A,,"{""-1"": -1, ""1"": 1}"
E2_CONTEXT_SIGN_FLIP,72023,ANTITHETIC_CRN_MC,16,CONTEXT_CONDITIONAL_ONLY,A,,"{""-1"": -1, ""1"": 1}"
E2_CONTEXT_SIGN_FLIP,72023,ANTITHETIC_CRN_MC,32,CONTEXT_CONDITIONAL_ONLY,A,,"{""-1"": -1, ""1"": 1}"
E2_CONTEXT_SIGN_FLIP,72023,ANTITHETIC_CRN_MC,64,CONTEXT_CONDITIONAL_ONLY,A,,"{""-1"": -1, ""1"": 1}"
E2_CONTEXT_SIGN_FLIP,72023,ANTITHETIC_CRN_MC,128,CONTEXT_CONDITIONAL_ONLY,A,,"{""-1"": -1, ""1"": 1}"
E2_CONTEXT_SIGN_FLIP,72023,ANTITHETIC_CRN_MC,256,CONTEXT_CONDITIONAL_ONLY,A,,"{""-1"": -1, ""1"": 1}"
E2_CONTEXT_SIGN_FLIP,72023,CRN_CHAIN_MC,8,CONTEXT_CONDITIONAL_ONLY,A,,"{""-1"": -1, ""1"": 1}"
E2_CONTEXT_SIGN_FLIP,72023,CRN_CHAIN_MC,16,CONTEXT_CONDITIONAL_ONLY,A,,"{""-1"": -1, ""1"": 1}"
E2_CONTEXT_SIGN_FLIP,72023,CRN_CHAIN_MC,32,CONTEXT_CONDITIONAL_ONLY,A,,"{""-1"": -1, ""1"": 1}"
E2_CONTEXT_SIGN_FLIP,72023,CRN_CHAIN_MC,64,CONTEXT_CONDITIONAL_ONLY,A,,"{""-1"": -1, ""1"": 1}"
E2_CONTEXT_SIGN_FLIP,72023,CRN_CHAIN_MC,128,CONTEXT_CONDITIONAL_ONLY,A,,"{""-1"": -1, ""1"": 1}"
E2_CONTEXT_SIGN_FLIP,72023,CRN_CHAIN_MC,256,CONTEXT_CONDITIONAL_ONLY,A,,"{""-1"": -1, ""1"": 1}"
E2_CONTEXT_SIGN_FLIP,72023,DOUBLE_ANTITHETIC_CRN_MC,8,CONTEXT_CONDITIONAL_ONLY,A,,"{""-1"": -1, ""1"": 1}"
E2_CONTEXT_SIGN_FLIP,72023,DOUBLE_ANTITHETIC_CRN_MC,16,CONTEXT_CONDITIONAL_ONLY,A,,"{""-1"": -1, ""1"": 1}"
E2_CONTEXT_SIGN_FLIP,72023,DOUBLE_ANTITHETIC_CRN_MC,32,CONTEXT_CONDITIONAL_ONLY,A,,"{""-1"": -1, ""1"": 1}"
E2_CONTEXT_SIGN_FLIP,72023,DOUBLE_ANTITHETIC_CRN_MC,64,CONTEXT_CONDITIONAL_ONLY,A,,"{""-1"": -1, ""1"": 1}"
E2_CONTEXT_SIGN_FLIP,72023,DOUBLE_ANTITHETIC_CRN_MC,128,CONTEXT_CONDITIONAL_ONLY,A,,"{""-1"": -1, ""1"": 1}"
E2_CONTEXT_SIGN_FLIP,72023,DOUBLE_ANTITHETIC_CRN_MC,256,CONTEXT_CONDITIONAL_ONLY,A,,"{""-1"": -1, ""1"": 1}"
E2_CONTEXT_SIGN_FLIP,72023,LEGACY_INDEPENDENT_MC,8,CONTEXT_CONDITIONAL_ONLY,A,,"{""-1"": -1, ""1"": 1}"
E2_CONTEXT_SIGN_FLIP,72023,LEGACY_INDEPENDENT_MC,16,CONTEXT_CONDITIONAL_ONLY,A,,"{""-1"": -1, ""1"": 1}"
E2_CONTEXT_SIGN_FLIP,72023,LEGACY_INDEPENDENT_MC,32,CONTEXT_CONDITIONAL_ONLY,A,,"{""-1"": -1, ""1"": 1}"
E2_CONTEXT_SIGN_FLIP,72023,LEGACY_INDEPENDENT_MC,64,CONTEXT_CONDITIONAL_ONLY,A,,"{""-1"": -1, ""1"": 1}"
E2_CONTEXT_SIGN_FLIP,72023,LEGACY_INDEPENDENT_MC,128,CONTEXT_CONDITIONAL_ONLY,A,,"{""-1"": -1, ""1"": 1}"
E2_CONTEXT_SIGN_FLIP,72023,LEGACY_INDEPENDENT_MC,256,CONTEXT_CONDITIONAL_ONLY,A,,"{""-1"": -1, ""1"": 1}"
E2_CONTEXT_SIGN_FLIP,72024,ANTITHETIC_CRN_MC,8,CONTEXT_CONDITIONAL_ONLY,A,,"{""-1"": -1, ""1"": 1}"
E2_CONTEXT_SIGN_FLIP,72024,ANTITHETIC_CRN_MC,16,CONTEXT_CONDITIONAL_ONLY,A,,"{""-1"": -1, ""1"": 1}"
E2_CONTEXT_SIGN_FLIP,72024,ANTITHETIC_CRN_MC,32,CONTEXT_CONDITIONAL_ONLY,A,,"{""-1"": -1, ""1"": 1}"
E2_CONTEXT_SIGN_FLIP,72024,ANTITHETIC_CRN_MC,64,CONTEXT_CONDITIONAL_ONLY,A,,"{""-1"": -1, ""1"": 1}"
E2_CONTEXT_SIGN_FLIP,72024,ANTITHETIC_CRN_MC,128,CONTEXT_CONDITIONAL_ONLY,A,,"{""-1"": -1, ""1"": 1}"
E2_CONTEXT_SIGN_FLIP,72024,ANTITHETIC_CRN_MC,256,CONTEXT_CONDITIONAL_ONLY,A,,"{""-1"": -1, ""1"": 1}"
E2_CONTEXT_SIGN_FLIP,72024,CRN_CHAIN_MC,8,CONTEXT_CONDITIONAL_ONLY,A,,"{""-1"": -1, ""1"": 1}"
E2_CONTEXT_SIGN_FLIP,72024,CRN_CHAIN_MC,16,CONTEXT_CONDITIONAL_ONLY,A,,"{""-1"": -1, ""1"": 1}"
E2_CONTEXT_SIGN_FLIP,72024,CRN_CHAIN_MC,32,CONTEXT_CONDITIONAL_ONLY,A,,"{""-1"": -1, ""1"": 1}"
E2_CONTEXT_SIGN_FLIP,72024,CRN_CHAIN_MC,64,CONTEXT_CONDITIONAL_ONLY,A,,"{""-1"": -1, ""1"": 1}"
E2_CONTEXT_SIGN_FLIP,72024,CRN_CHAIN_MC,128,CONTEXT_CONDITIONAL_ONLY,A,,"{""-1"": -1, ""1"": 1}"
E2_CONTEXT_SIGN_FLIP,72024,CRN_CHAIN_MC,256,CONTEXT_CONDITIONAL_ONLY,A,,"{""-1"": -1, ""1"": 1}"
E2_CONTEXT_SIGN_FLIP,72024,DOUBLE_ANTITHETIC_CRN_MC,8,CONTEXT_CONDITIONAL_ONLY,A,,"{""-1"": -1, ""1"": 1}"
E2_CONTEXT_SIGN_FLIP,72024,DOUBLE_ANTITHETIC_CRN_MC,16,CONTEXT_CONDITIONAL_ONLY,A,,"{""-1"": -1, ""1"": 1}"
E2_CONTEXT_SIGN_FLIP,72024,DOUBLE_ANTITHETIC_CRN_MC,32,CONTEXT_CONDITIONAL_ONLY,A,,"{""-1"": -1, ""1"": 1}"
E2_CONTEXT_SIGN_FLIP,72024,DOUBLE_ANTITHETIC_CRN_MC,64,CONTEXT_CONDITIONAL_ONLY,A,,"{""-1"": -1, ""1"": 1}"
E2_CONTEXT_SIGN_FLIP,72024,DOUBLE_ANTITHETIC_CRN_MC,128,CONTEXT_CONDITIONAL_ONLY,A,,"{""-1"": -1, ""1"": 1}"
E2_CONTEXT_SIGN_FLIP,72024,DOUBLE_ANTITHETIC_CRN_MC,256,CONTEXT_CONDITIONAL_ONLY,A,,"{""-1"": -1, ""1"": 1}"
E2_CONTEXT_SIGN_FLIP,72024,LEGACY_INDEPENDENT_MC,8,CONTEXT_CONDITIONAL_ONLY,A,,"{""-1"": -1, ""1"": 1}"
E2_CONTEXT_SIGN_FLIP,72024,LEGACY_INDEPENDENT_MC,16,CONTEXT_CONDITIONAL_ONLY,A,,"{""-1"": -1, ""1"": 1}"
E2_CONTEXT_SIGN_FLIP,72024,LEGACY_INDEPENDENT_MC,32,CONTEXT_CONDITIONAL_ONLY,A,,"{""-1"": -1, ""1"": 1}"
E2_CONTEXT_SIGN_FLIP,72024,LEGACY_INDEPENDENT_MC,64,CONTEXT_CONDITIONAL_ONLY,A,,"{""-1"": -1, ""1"": 1}"
E2_CONTEXT_SIGN_FLIP,72024,LEGACY_INDEPENDENT_MC,128,CONTEXT_CONDITIONAL_ONLY,A,,"{""-1"": -1, ""1"": 1}"
E2_CONTEXT_SIGN_FLIP,72024,LEGACY_INDEPENDENT_MC,256,CONTEXT_CONDITIONAL_ONLY,A,,"{""-1"": -1, ""1"": 1}"
E2_CONTEXT_SIGN_FLIP,72025,ANTITHETIC_CRN_MC,8,CONTEXT_CONDITIONAL_ONLY,A,,"{""-1"": -1, ""1"": 1}"
E2_CONTEXT_SIGN_FLIP,72025,ANTITHETIC_CRN_MC,16,CONTEXT_CONDITIONAL_ONLY,A,,"{""-1"": -1, ""1"": 1}"
E2_CONTEXT_SIGN_FLIP,72025,ANTITHETIC_CRN_MC,32,CONTEXT_CONDITIONAL_ONLY,A,,"{""-1"": -1, ""1"": 1}"
E2_CONTEXT_SIGN_FLIP,72025,ANTITHETIC_CRN_MC,64,CONTEXT_CONDITIONAL_ONLY,A,,"{""-1"": -1, ""1"": 1}"
E2_CONTEXT_SIGN_FLIP,72025,ANTITHETIC_CRN_MC,128,CONTEXT_CONDITIONAL_ONLY,A,,"{""-1"": -1, ""1"": 1}"
E2_CONTEXT_SIGN_FLIP,72025,ANTITHETIC_CRN_MC,256,CONTEXT_CONDITIONAL_ONLY,A,,"{""-1"": -1, ""1"": 1}"
E2_CONTEXT_SIGN_FLIP,72025,CRN_CHAIN_MC,8,CONTEXT_CONDITIONAL_ONLY,A,,"{""-1"": -1, ""1"": 1}"
E2_CONTEXT_SIGN_FLIP,72025,CRN_CHAIN_MC,16,CONTEXT_CONDITIONAL_ONLY,A,,"{""-1"": -1, ""1"": 1}"
E2_CONTEXT_SIGN_FLIP,72025,CRN_CHAIN_MC,32,CONTEXT_CONDITIONAL_ONLY,A,,"{""-1"": -1, ""1"": 1}"
E2_CONTEXT_SIGN_FLIP,72025,CRN_CHAIN_MC,64,CONTEXT_CONDITIONAL_ONLY,A,,"{""-1"": -1, ""1"": 1}"
E2_CONTEXT_SIGN_FLIP,72025,CRN_CHAIN_MC,128,CONTEXT_CONDITIONAL_ONLY,A,,"{""-1"": -1, ""1"": 1}"
E2_CONTEXT_SIGN_FLIP,72025,CRN_CHAIN_MC,256,CONTEXT_CONDITIONAL_ONLY,A,,"{""-1"": -1, ""1"": 1}"
E2_CONTEXT_SIGN_FLIP,72025,DOUBLE_ANTITHETIC_CRN_MC,8,CONTEXT_CONDITIONAL_ONLY,A,,"{""-1"": -1, ""1"": 1}"
E2_CONTEXT_SIGN_FLIP,72025,DOUBLE_ANTITHETIC_CRN_MC,16,CONTEXT_CONDITIONAL_ONLY,A,,"{""-1"": -1, ""1"": 1}"
E2_CONTEXT_SIGN_FLIP,72025,DOUBLE_ANTITHETIC_CRN_MC,32,CONTEXT_CONDITIONAL_ONLY,A,,"{""-1"": -1, ""1"": 1}"
E2_CONTEXT_SIGN_FLIP,72025,DOUBLE_ANTITHETIC_CRN_MC,64,CONTEXT_CONDITIONAL_ONLY,A,,"{""-1"": -1, ""1"": 1}"
E2_CONTEXT_SIGN_FLIP,72025,DOUBLE_ANTITHETIC_CRN_MC,128,CONTEXT_CONDITIONAL_ONLY,A,,"{""-1"": -1, ""1"": 1}"
E2_CONTEXT_SIGN_FLIP,72025,DOUBLE_ANTITHETIC_CRN_MC,256,CONTEXT_CONDITIONAL_ONLY,A,,"{""-1"": -1, ""1"": 1}"
E2_CONTEXT_SIGN_FLIP,72025,LEGACY_INDEPENDENT_MC,8,CONTEXT_CONDITIONAL_ONLY,A,,"{""-1"": -1, ""1"": 1}"
E2_CONTEXT_SIGN_FLIP,72025,LEGACY_INDEPENDENT_MC,16,CONTEXT_CONDITIONAL_ONLY,A,,"{""-1"": -1, ""1"": 1}"
E2_CONTEXT_SIGN_FLIP,72025,LEGACY_INDEPENDENT_MC,32,CONTEXT_CONDITIONAL_ONLY,A,,"{""-1"": -1, ""1"": 1}"
E2_CONTEXT_SIGN_FLIP,72025,LEGACY_INDEPENDENT_MC,64,CONTEXT_CONDITIONAL_ONLY,A,,"{""-1"": -1, ""1"": 1}"
E2_CONTEXT_SIGN_FLIP,72025,LEGACY_INDEPENDENT_MC,128,CONTEXT_CONDITIONAL_ONLY,A,,"{""-1"": -1, ""1"": 1}"
E2_CONTEXT_SIGN_FLIP,72025,LEGACY_INDEPENDENT_MC,256,CONTEXT_CONDITIONAL_ONLY,A,,"{""-1"": -1, ""1"": 1}"
E2_CONTEXT_SIGN_FLIP,72026,ANTITHETIC_CRN_MC,8,CONTEXT_CONDITIONAL_ONLY,A,,"{""-1"": -1, ""1"": 1}"
E2_CONTEXT_SIGN_FLIP,72026,ANTITHETIC_CRN_MC,16,CONTEXT_CONDITIONAL_ONLY,A,,"{""-1"": -1, ""1"": 1}"
E2_CONTEXT_SIGN_FLIP,72026,ANTITHETIC_CRN_MC,32,CONTEXT_CONDITIONAL_ONLY,A,,"{""-1"": -1, ""1"": 1}"
E2_CONTEXT_SIGN_FLIP,72026,ANTITHETIC_CRN_MC,64,CONTEXT_CONDITIONAL_ONLY,A,,"{""-1"": -1, ""1"": 1}"
E2_CONTEXT_SIGN_FLIP,72026,ANTITHETIC_CRN_MC,128,CONTEXT_CONDITIONAL_ONLY,A,,"{""-1"": -1, ""1"": 1}"
E2_CONTEXT_SIGN_FLIP,72026,ANTITHETIC_CRN_MC,256,CONTEXT_CONDITIONAL_ONLY,A,,"{""-1"": -1, ""1"": 1}"
E2_CONTEXT_SIGN_FLIP,72026,CRN_CHAIN_MC,8,CONTEXT_CONDITIONAL_ONLY,A,,"{""-1"": -1, ""1"": 1}"
E2_CONTEXT_SIGN_FLIP,72026,CRN_CHAIN_MC,16,CONTEXT_CONDITIONAL_ONLY,A,,"{""-1"": -1, ""1"": 1}"
E2_CONTEXT_SIGN_FLIP,72026,CRN_CHAIN_MC,32,CONTEXT_CONDITIONAL_ONLY,A,,"{""-1"": -1, ""1"": 1}"
E2_CONTEXT_SIGN_FLIP,72026,CRN_CHAIN_MC,64,CONTEXT_CONDITIONAL_ONLY,A,,"{""-1"": -1, ""1"": 1}"
E2_CONTEXT_SIGN_FLIP,72026,CRN_CHAIN_MC,128,CONTEXT_CONDITIONAL_ONLY,A,,"{""-1"": -1, ""1"": 1}"
E2_CONTEXT_SIGN_FLIP,72026,CRN_CHAIN_MC,256,CONTEXT_CONDITIONAL_ONLY,A,,"{""-1"": -1, ""1"": 1}"
E2_CONTEXT_SIGN_FLIP,72026,DOUBLE_ANTITHETIC_CRN_MC,8,CONTEXT_CONDITIONAL_ONLY,A,,"{""-1"": -1, ""1"": 1}"
E2_CONTEXT_SIGN_FLIP,72026,DOUBLE_ANTITHETIC_CRN_MC,16,CONTEXT_CONDITIONAL_ONLY,A,,"{""-1"": -1, ""1"": 1}"
E2_CONTEXT_SIGN_FLIP,72026,DOUBLE_ANTITHETIC_CRN_MC,32,CONTEXT_CONDITIONAL_ONLY,A,,"{""-1"": -1, ""1"": 1}"
E2_CONTEXT_SIGN_FLIP,72026,DOUBLE_ANTITHETIC_CRN_MC,64,CONTEXT_CONDITIONAL_ONLY,A,,"{""-1"": -1, ""1"": 1}"
E2_CONTEXT_SIGN_FLIP,72026,DOUBLE_ANTITHETIC_CRN_MC,128,CONTEXT_CONDITIONAL_ONLY,A,,"{""-1"": -1, ""1"": 1}"
E2_CONTEXT_SIGN_FLIP,72026,DOUBLE_ANTITHETIC_CRN_MC,256,CONTEXT_CONDITIONAL_ONLY,A,,"{""-1"": -1, ""1"": 1}"
E2_CONTEXT_SIGN_FLIP,72026,LEGACY_INDEPENDENT_MC,8,CONTEXT_CONDITIONAL_ONLY,A,,"{""-1"": -1, ""1"": 1}"
E2_CONTEXT_SIGN_FLIP,72026,LEGACY_INDEPENDENT_MC,16,CONTEXT_CONDITIONAL_ONLY,A,,"{""-1"": -1, ""1"": 1}"
E2_CONTEXT_SIGN_FLIP,72026,LEGACY_INDEPENDENT_MC,32,CONTEXT_CONDITIONAL_ONLY,A,,"{""-1"": -1, ""1"": 1}"
E2_CONTEXT_SIGN_FLIP,72026,LEGACY_INDEPENDENT_MC,64,CONTEXT_CONDITIONAL_ONLY,A,,"{""-1"": -1, ""1"": 1}"
E2_CONTEXT_SIGN_FLIP,72026,LEGACY_INDEPENDENT_MC,128,CONTEXT_CONDITIONAL_ONLY,A,,"{""-1"": -1, ""1"": 1}"
E2_CONTEXT_SIGN_FLIP,72026,LEGACY_INDEPENDENT_MC,256,CONTEXT_CONDITIONAL_ONLY,A,,"{""-1"": -1, ""1"": 1}"
E2_CONTEXT_SIGN_FLIP,72027,ANTITHETIC_CRN_MC,8,CONTEXT_CONDITIONAL_ONLY,A,,"{""-1"": -1, ""1"": 1}"
E2_CONTEXT_SIGN_FLIP,72027,ANTITHETIC_CRN_MC,16,CONTEXT_CONDITIONAL_ONLY,A,,"{""-1"": -1, ""1"": 1}"
E2_CONTEXT_SIGN_FLIP,72027,ANTITHETIC_CRN_MC,32,CONTEXT_CONDITIONAL_ONLY,A,,"{""-1"": -1, ""1"": 1}"
E2_CONTEXT_SIGN_FLIP,72027,ANTITHETIC_CRN_MC,64,CONTEXT_CONDITIONAL_ONLY,A,,"{""-1"": -1, ""1"": 1}"
E2_CONTEXT_SIGN_FLIP,72027,ANTITHETIC_CRN_MC,128,CONTEXT_CONDITIONAL_ONLY,A,,"{""-1"": -1, ""1"": 1}"
E2_CONTEXT_SIGN_FLIP,72027,ANTITHETIC_CRN_MC,256,CONTEXT_CONDITIONAL_ONLY,A,,"{""-1"": -1, ""1"": 1}"
E2_CONTEXT_SIGN_FLIP,72027,CRN_CHAIN_MC,8,CONTEXT_CONDITIONAL_ONLY,A,,"{""-1"": -1, ""1"": 1}"
E2_CONTEXT_SIGN_FLIP,72027,CRN_CHAIN_MC,16,CONTEXT_CONDITIONAL_ONLY,A,,"{""-1"": -1, ""1"": 1}"
E2_CONTEXT_SIGN_FLIP,72027,CRN_CHAIN_MC,32,CONTEXT_CONDITIONAL_ONLY,A,,"{""-1"": -1, ""1"": 1}"
E2_CONTEXT_SIGN_FLIP,72027,CRN_CHAIN_MC,64,CONTEXT_CONDITIONAL_ONLY,A,,"{""-1"": -1, ""1"": 1}"
E2_CONTEXT_SIGN_FLIP,72027,CRN_CHAIN_MC,128,CONTEXT_CONDITIONAL_ONLY,A,,"{""-1"": -1, ""1"": 1}"
E2_CONTEXT_SIGN_FLIP,72027,CRN_CHAIN_MC,256,CONTEXT_CONDITIONAL_ONLY,A,,"{""-1"": -1, ""1"": 1}"
E2_CONTEXT_SIGN_FLIP,72027,DOUBLE_ANTITHETIC_CRN_MC,8,CONTEXT_CONDITIONAL_ONLY,A,,"{""-1"": -1, ""1"": 1}"
E2_CONTEXT_SIGN_FLIP,72027,DOUBLE_ANTITHETIC_CRN_MC,16,CONTEXT_CONDITIONAL_ONLY,A,,"{""-1"": -1, ""1"": 1}"
E2_CONTEXT_SIGN_FLIP,72027,DOUBLE_ANTITHETIC_CRN_MC,32,CONTEXT_CONDITIONAL_ONLY,A,,"{""-1"": -1, ""1"": 1}"
E2_CONTEXT_SIGN_FLIP,72027,DOUBLE_ANTITHETIC_CRN_MC,64,CONTEXT_CONDITIONAL_ONLY,A,,"{""-1"": -1, ""1"": 1}"
E2_CONTEXT_SIGN_FLIP,72027,DOUBLE_ANTITHETIC_CRN_MC,128,CONTEXT_CONDITIONAL_ONLY,A,,"{""-1"": -1, ""1"": 1}"
E2_CONTEXT_SIGN_FLIP,72027,DOUBLE_ANTITHETIC_CRN_MC,256,CONTEXT_CONDITIONAL_ONLY,A,,"{""-1"": -1, ""1"": 1}"
E2_CONTEXT_SIGN_FLIP,72027,LEGACY_INDEPENDENT_MC,8,CONTEXT_CONDITIONAL_ONLY,A,,"{""-1"": -1, ""1"": 1}"
E2_CONTEXT_SIGN_FLIP,72027,LEGACY_INDEPENDENT_MC,16,CONTEXT_CONDITIONAL_ONLY,A,,"{""-1"": -1, ""1"": 1}"
E2_CONTEXT_SIGN_FLIP,72027,LEGACY_INDEPENDENT_MC,32,CONTEXT_CONDITIONAL_ONLY,A,,"{""-1"": -1, ""1"": 1}"
E2_CONTEXT_SIGN_FLIP,72027,LEGACY_INDEPENDENT_MC,64,CONTEXT_CONDITIONAL_ONLY,A,,"{""-1"": -1, ""1"": 1}"
E2_CONTEXT_SIGN_FLIP,72027,LEGACY_INDEPENDENT_MC,128,CONTEXT_CONDITIONAL_ONLY,A,,"{""-1"": -1, ""1"": 1}"
E2_CONTEXT_SIGN_FLIP,72027,LEGACY_INDEPENDENT_MC,256,CONTEXT_CONDITIONAL_ONLY,A,,"{""-1"": -1, ""1"": 1}"
E2_CONTEXT_SIGN_FLIP,72028,ANTITHETIC_CRN_MC,8,CONTEXT_CONDITIONAL_ONLY,A,,"{""-1"": -1, ""1"": 1}"
E2_CONTEXT_SIGN_FLIP,72028,ANTITHETIC_CRN_MC,16,CONTEXT_CONDITIONAL_ONLY,A,,"{""-1"": -1, ""1"": 1}"
E2_CONTEXT_SIGN_FLIP,72028,ANTITHETIC_CRN_MC,32,CONTEXT_CONDITIONAL_ONLY,A,,"{""-1"": -1, ""1"": 1}"
E2_CONTEXT_SIGN_FLIP,72028,ANTITHETIC_CRN_MC,64,CONTEXT_CONDITIONAL_ONLY,A,,"{""-1"": -1, ""1"": 1}"
E2_CONTEXT_SIGN_FLIP,72028,ANTITHETIC_CRN_MC,128,CONTEXT_CONDITIONAL_ONLY,A,,"{""-1"": -1, ""1"": 1}"
E2_CONTEXT_SIGN_FLIP,72028,ANTITHETIC_CRN_MC,256,CONTEXT_CONDITIONAL_ONLY,A,,"{""-1"": -1, ""1"": 1}"
E2_CONTEXT_SIGN_FLIP,72028,CRN_CHAIN_MC,8,CONTEXT_CONDITIONAL_ONLY,A,,"{""-1"": -1, ""1"": 1}"
E2_CONTEXT_SIGN_FLIP,72028,CRN_CHAIN_MC,16,CONTEXT_CONDITIONAL_ONLY,A,,"{""-1"": -1, ""1"": 1}"
E2_CONTEXT_SIGN_FLIP,72028,CRN_CHAIN_MC,32,CONTEXT_CONDITIONAL_ONLY,A,,"{""-1"": -1, ""1"": 1}"
E2_CONTEXT_SIGN_FLIP,72028,CRN_CHAIN_MC,64,CONTEXT_CONDITIONAL_ONLY,A,,"{""-1"": -1, ""1"": 1}"
E2_CONTEXT_SIGN_FLIP,72028,CRN_CHAIN_MC,128,CONTEXT_CONDITIONAL_ONLY,A,,"{""-1"": -1, ""1"": 1}"
E2_CONTEXT_SIGN_FLIP,72028,CRN_CHAIN_MC,256,CONTEXT_CONDITIONAL_ONLY,A,,"{""-1"": -1, ""1"": 1}"
E2_CONTEXT_SIGN_FLIP,72028,DOUBLE_ANTITHETIC_CRN_MC,8,CONTEXT_CONDITIONAL_ONLY,A,,"{""-1"": -1, ""1"": 1}"
E2_CONTEXT_SIGN_FLIP,72028,DOUBLE_ANTITHETIC_CRN_MC,16,CONTEXT_CONDITIONAL_ONLY,A,,"{""-1"": -1, ""1"": 1}"
E2_CONTEXT_SIGN_FLIP,72028,DOUBLE_ANTITHETIC_CRN_MC,32,CONTEXT_CONDITIONAL_ONLY,A,,"{""-1"": -1, ""1"": 1}"
E2_CONTEXT_SIGN_FLIP,72028,DOUBLE_ANTITHETIC_CRN_MC,64,CONTEXT_CONDITIONAL_ONLY,A,,"{""-1"": -1, ""1"": 1}"
E2_CONTEXT_SIGN_FLIP,72028,DOUBLE_ANTITHETIC_CRN_MC,128,CONTEXT_CONDITIONAL_ONLY,A,,"{""-1"": -1, ""1"": 1}"
E2_CONTEXT_SIGN_FLIP,72028,DOUBLE_ANTITHETIC_CRN_MC,256,CONTEXT_CONDITIONAL_ONLY,A,,"{""-1"": -1, ""1"": 1}"
E2_CONTEXT_SIGN_FLIP,72028,LEGACY_INDEPENDENT_MC,8,CONTEXT_CONDITIONAL_ONLY,A,,"{""-1"": -1, ""1"": 1}"
E2_CONTEXT_SIGN_FLIP,72028,LEGACY_INDEPENDENT_MC,16,CONTEXT_CONDITIONAL_ONLY,A,,"{""-1"": -1, ""1"": 1}"
E2_CONTEXT_SIGN_FLIP,72028,LEGACY_INDEPENDENT_MC,32,CONTEXT_CONDITIONAL_ONLY,A,,"{""-1"": -1, ""1"": 1}"
E2_CONTEXT_SIGN_FLIP,72028,LEGACY_INDEPENDENT_MC,64,CONTEXT_CONDITIONAL_ONLY,A,,"{""-1"": -1, ""1"": 1}"
E2_CONTEXT_SIGN_FLIP,72028,LEGACY_INDEPENDENT_MC,128,CONTEXT_CONDITIONAL_ONLY,A,,"{""-1"": -1, ""1"": 1}"
E2_CONTEXT_SIGN_FLIP,72028,LEGACY_INDEPENDENT_MC,256,CONTEXT_CONDITIONAL_ONLY,A,,"{""-1"": -1, ""1"": 1}"
E2_CONTEXT_SIGN_FLIP,72029,ANTITHETIC_CRN_MC,8,CONTEXT_CONDITIONAL_ONLY,A,,"{""-1"": -1, ""1"": 1}"
E2_CONTEXT_SIGN_FLIP,72029,ANTITHETIC_CRN_MC,16,CONTEXT_CONDITIONAL_ONLY,A,,"{""-1"": -1, ""1"": 1}"
E2_CONTEXT_SIGN_FLIP,72029,ANTITHETIC_CRN_MC,32,CONTEXT_CONDITIONAL_ONLY,A,,"{""-1"": -1, ""1"": 1}"
E2_CONTEXT_SIGN_FLIP,72029,ANTITHETIC_CRN_MC,64,CONTEXT_CONDITIONAL_ONLY,A,,"{""-1"": -1, ""1"": 1}"
E2_CONTEXT_SIGN_FLIP,72029,ANTITHETIC_CRN_MC,128,CONTEXT_CONDITIONAL_ONLY,A,,"{""-1"": -1, ""1"": 1}"
E2_CONTEXT_SIGN_FLIP,72029,ANTITHETIC_CRN_MC,256,CONTEXT_CONDITIONAL_ONLY,A,,"{""-1"": -1, ""1"": 1}"
E2_CONTEXT_SIGN_FLIP,72029,CRN_CHAIN_MC,8,CONTEXT_CONDITIONAL_ONLY,A,,"{""-1"": -1, ""1"": 1}"
E2_CONTEXT_SIGN_FLIP,72029,CRN_CHAIN_MC,16,CONTEXT_CONDITIONAL_ONLY,A,,"{""-1"": -1, ""1"": 1}"
E2_CONTEXT_SIGN_FLIP,72029,CRN_CHAIN_MC,32,CONTEXT_CONDITIONAL_ONLY,A,,"{""-1"": -1, ""1"": 1}"
E2_CONTEXT_SIGN_FLIP,72029,CRN_CHAIN_MC,64,CONTEXT_CONDITIONAL_ONLY,A,,"{""-1"": -1, ""1"": 1}"
E2_CONTEXT_SIGN_FLIP,72029,CRN_CHAIN_MC,128,CONTEXT_CONDITIONAL_ONLY,A,,"{""-1"": -1, ""1"": 1}"
E2_CONTEXT_SIGN_FLIP,72029,CRN_CHAIN_MC,256,CONTEXT_CONDITIONAL_ONLY,A,,"{""-1"": -1, ""1"": 1}"
E2_CONTEXT_SIGN_FLIP,72029,DOUBLE_ANTITHETIC_CRN_MC,8,CONTEXT_CONDITIONAL_ONLY,A,,"{""-1"": -1, ""1"": 1}"
E2_CONTEXT_SIGN_FLIP,72029,DOUBLE_ANTITHETIC_CRN_MC,16,CONTEXT_CONDITIONAL_ONLY,A,,"{""-1"": -1, ""1"": 1}"
E2_CONTEXT_SIGN_FLIP,72029,DOUBLE_ANTITHETIC_CRN_MC,32,CONTEXT_CONDITIONAL_ONLY,A,,"{""-1"": -1, ""1"": 1}"
E2_CONTEXT_SIGN_FLIP,72029,DOUBLE_ANTITHETIC_CRN_MC,64,CONTEXT_CONDITIONAL_ONLY,A,,"{""-1"": -1, ""1"": 1}"
E2_CONTEXT_SIGN_FLIP,72029,DOUBLE_ANTITHETIC_CRN_MC,128,CONTEXT_CONDITIONAL_ONLY,A,,"{""-1"": -1, ""1"": 1}"
E2_CONTEXT_SIGN_FLIP,72029,DOUBLE_ANTITHETIC_CRN_MC,256,CONTEXT_CONDITIONAL_ONLY,A,,"{""-1"": -1, ""1"": 1}"
E2_CONTEXT_SIGN_FLIP,72029,LEGACY_INDEPENDENT_MC,8,CONTEXT_CONDITIONAL_ONLY,A,,"{""-1"": -1, ""1"": 1}"
E2_CONTEXT_SIGN_FLIP,72029,LEGACY_INDEPENDENT_MC,16,CONTEXT_CONDITIONAL_ONLY,A,,"{""-1"": -1, ""1"": 1}"
E2_CONTEXT_SIGN_FLIP,72029,LEGACY_INDEPENDENT_MC,32,CONTEXT_CONDITIONAL_ONLY,A,,"{""-1"": -1, ""1"": 1}"
E2_CONTEXT_SIGN_FLIP,72029,LEGACY_INDEPENDENT_MC,64,CONTEXT_CONDITIONAL_ONLY,A,,"{""-1"": -1, ""1"": 1}"
E2_CONTEXT_SIGN_FLIP,72029,LEGACY_INDEPENDENT_MC,128,CONTEXT_CONDITIONAL_ONLY,A,,"{""-1"": -1, ""1"": 1}"
E2_CONTEXT_SIGN_FLIP,72029,LEGACY_INDEPENDENT_MC,256,CONTEXT_CONDITIONAL_ONLY,A,,"{""-1"": -1, ""1"": 1}"
E2_CONTEXT_SIGN_FLIP,72030,ANTITHETIC_CRN_MC,8,CONTEXT_CONDITIONAL_ONLY,A,,"{""-1"": -1, ""1"": 1}"
E2_CONTEXT_SIGN_FLIP,72030,ANTITHETIC_CRN_MC,16,CONTEXT_CONDITIONAL_ONLY,A,,"{""-1"": -1, ""1"": 1}"
E2_CONTEXT_SIGN_FLIP,72030,ANTITHETIC_CRN_MC,32,CONTEXT_CONDITIONAL_ONLY,A,,"{""-1"": -1, ""1"": 1}"
E2_CONTEXT_SIGN_FLIP,72030,ANTITHETIC_CRN_MC,64,CONTEXT_CONDITIONAL_ONLY,A,,"{""-1"": -1, ""1"": 1}"
E2_CONTEXT_SIGN_FLIP,72030,ANTITHETIC_CRN_MC,128,CONTEXT_CONDITIONAL_ONLY,A,,"{""-1"": -1, ""1"": 1}"
E2_CONTEXT_SIGN_FLIP,72030,ANTITHETIC_CRN_MC,256,CONTEXT_CONDITIONAL_ONLY,A,,"{""-1"": -1, ""1"": 1}"
E2_CONTEXT_SIGN_FLIP,72030,CRN_CHAIN_MC,8,CONTEXT_CONDITIONAL_ONLY,A,,"{""-1"": -1, ""1"": 1}"
E2_CONTEXT_SIGN_FLIP,72030,CRN_CHAIN_MC,16,CONTEXT_CONDITIONAL_ONLY,A,,"{""-1"": -1, ""1"": 1}"
E2_CONTEXT_SIGN_FLIP,72030,CRN_CHAIN_MC,32,CONTEXT_CONDITIONAL_ONLY,A,,"{""-1"": -1, ""1"": 1}"
E2_CONTEXT_SIGN_FLIP,72030,CRN_CHAIN_MC,64,CONTEXT_CONDITIONAL_ONLY,A,,"{""-1"": -1, ""1"": 1}"
E2_CONTEXT_SIGN_FLIP,72030,CRN_CHAIN_MC,128,CONTEXT_CONDITIONAL_ONLY,A,,"{""-1"": -1, ""1"": 1}"
E2_CONTEXT_SIGN_FLIP,72030,CRN_CHAIN_MC,256,CONTEXT_CONDITIONAL_ONLY,A,,"{""-1"": -1, ""1"": 1}"
E2_CONTEXT_SIGN_FLIP,72030,DOUBLE_ANTITHETIC_CRN_MC,8,CONTEXT_CONDITIONAL_ONLY,A,,"{""-1"": -1, ""1"": 1}"
E2_CONTEXT_SIGN_FLIP,72030,DOUBLE_ANTITHETIC_CRN_MC,16,CONTEXT_CONDITIONAL_ONLY,A,,"{""-1"": -1, ""1"": 1}"
E2_CONTEXT_SIGN_FLIP,72030,DOUBLE_ANTITHETIC_CRN_MC,32,CONTEXT_CONDITIONAL_ONLY,A,,"{""-1"": -1, ""1"": 1}"
E2_CONTEXT_SIGN_FLIP,72030,DOUBLE_ANTITHETIC_CRN_MC,64,CONTEXT_CONDITIONAL_ONLY,A,,"{""-1"": -1, ""1"": 1}"
E2_CONTEXT_SIGN_FLIP,72030,DOUBLE_ANTITHETIC_CRN_MC,128,CONTEXT_CONDITIONAL_ONLY,A,,"{""-1"": -1, ""1"": 1}"
E2_CONTEXT_SIGN_FLIP,72030,DOUBLE_ANTITHETIC_CRN_MC,256,CONTEXT_CONDITIONAL_ONLY,A,,"{""-1"": -1, ""1"": 1}"
E2_CONTEXT_SIGN_FLIP,72030,LEGACY_INDEPENDENT_MC,8,CONTEXT_CONDITIONAL_ONLY,A,,"{""-1"": -1, ""1"": 1}"
E2_CONTEXT_SIGN_FLIP,72030,LEGACY_INDEPENDENT_MC,16,CONTEXT_CONDITIONAL_ONLY,A,,"{""-1"": -1, ""1"": 1}"
E2_CONTEXT_SIGN_FLIP,72030,LEGACY_INDEPENDENT_MC,32,CONTEXT_CONDITIONAL_ONLY,A,,"{""-1"": -1, ""1"": 1}"
E2_CONTEXT_SIGN_FLIP,72030,LEGACY_INDEPENDENT_MC,64,CONTEXT_CONDITIONAL_ONLY,A,,"{""-1"": -1, ""1"": 1}"
E2_CONTEXT_SIGN_FLIP,72030,LEGACY_INDEPENDENT_MC,128,CONTEXT_CONDITIONAL_ONLY,A,,"{""-1"": -1, ""1"": 1}"
E2_CONTEXT_SIGN_FLIP,72030,LEGACY_INDEPENDENT_MC,256,CONTEXT_CONDITIONAL_ONLY,A,,"{""-1"": -1, ""1"": 1}"
E2_CONTEXT_SIGN_FLIP,72031,ANTITHETIC_CRN_MC,8,CONTEXT_CONDITIONAL_ONLY,A,,"{""-1"": -1, ""1"": 1}"
E2_CONTEXT_SIGN_FLIP,72031,ANTITHETIC_CRN_MC,16,CONTEXT_CONDITIONAL_ONLY,A,,"{""-1"": -1, ""1"": 1}"
E2_CONTEXT_SIGN_FLIP,72031,ANTITHETIC_CRN_MC,32,CONTEXT_CONDITIONAL_ONLY,A,,"{""-1"": -1, ""1"": 1}"
E2_CONTEXT_SIGN_FLIP,72031,ANTITHETIC_CRN_MC,64,CONTEXT_CONDITIONAL_ONLY,A,,"{""-1"": -1, ""1"": 1}"
E2_CONTEXT_SIGN_FLIP,72031,ANTITHETIC_CRN_MC,128,CONTEXT_CONDITIONAL_ONLY,A,,"{""-1"": -1, ""1"": 1}"
E2_CONTEXT_SIGN_FLIP,72031,ANTITHETIC_CRN_MC,256,CONTEXT_CONDITIONAL_ONLY,A,,"{""-1"": -1, ""1"": 1}"
E2_CONTEXT_SIGN_FLIP,72031,CRN_CHAIN_MC,8,CONTEXT_CONDITIONAL_ONLY,A,,"{""-1"": -1, ""1"": 1}"
E2_CONTEXT_SIGN_FLIP,72031,CRN_CHAIN_MC,16,CONTEXT_CONDITIONAL_ONLY,A,,"{""-1"": -1, ""1"": 1}"
E2_CONTEXT_SIGN_FLIP,72031,CRN_CHAIN_MC,32,CONTEXT_CONDITIONAL_ONLY,A,,"{""-1"": -1, ""1"": 1}"
E2_CONTEXT_SIGN_FLIP,72031,CRN_CHAIN_MC,64,CONTEXT_CONDITIONAL_ONLY,A,,"{""-1"": -1, ""1"": 1}"
E2_CONTEXT_SIGN_FLIP,72031,CRN_CHAIN_MC,128,CONTEXT_CONDITIONAL_ONLY,A,,"{""-1"": -1, ""1"": 1}"
E2_CONTEXT_SIGN_FLIP,72031,CRN_CHAIN_MC,256,CONTEXT_CONDITIONAL_ONLY,A,,"{""-1"": -1, ""1"": 1}"
E2_CONTEXT_SIGN_FLIP,72031,DOUBLE_ANTITHETIC_CRN_MC,8,CONTEXT_CONDITIONAL_ONLY,A,,"{""-1"": -1, ""1"": 1}"
E2_CONTEXT_SIGN_FLIP,72031,DOUBLE_ANTITHETIC_CRN_MC,16,CONTEXT_CONDITIONAL_ONLY,A,,"{""-1"": -1, ""1"": 1}"
E2_CONTEXT_SIGN_FLIP,72031,DOUBLE_ANTITHETIC_CRN_MC,32,CONTEXT_CONDITIONAL_ONLY,A,,"{""-1"": -1, ""1"": 1}"
E2_CONTEXT_SIGN_FLIP,72031,DOUBLE_ANTITHETIC_CRN_MC,64,CONTEXT_CONDITIONAL_ONLY,A,,"{""-1"": -1, ""1"": 1}"
E2_CONTEXT_SIGN_FLIP,72031,DOUBLE_ANTITHETIC_CRN_MC,128,CONTEXT_CONDITIONAL_ONLY,A,,"{""-1"": -1, ""1"": 1}"
E2_CONTEXT_SIGN_FLIP,72031,DOUBLE_ANTITHETIC_CRN_MC,256,CONTEXT_CONDITIONAL_ONLY,A,,"{""-1"": -1, ""1"": 1}"
E2_CONTEXT_SIGN_FLIP,72031,LEGACY_INDEPENDENT_MC,8,CONTEXT_CONDITIONAL_ONLY,A,,"{""-1"": -1, ""1"": 1}"
E2_CONTEXT_SIGN_FLIP,72031,LEGACY_INDEPENDENT_MC,16,CONTEXT_CONDITIONAL_ONLY,A,,"{""-1"": -1, ""1"": 1}"
E2_CONTEXT_SIGN_FLIP,72031,LEGACY_INDEPENDENT_MC,32,CONTEXT_CONDITIONAL_ONLY,A,,"{""-1"": -1, ""1"": 1}"
E2_CONTEXT_SIGN_FLIP,72031,LEGACY_INDEPENDENT_MC,64,CONTEXT_CONDITIONAL_ONLY,A,,"{""-1"": -1, ""1"": 1}"
E2_CONTEXT_SIGN_FLIP,72031,LEGACY_INDEPENDENT_MC,128,CONTEXT_CONDITIONAL_ONLY,A,,"{""-1"": -1, ""1"": 1}"
E2_CONTEXT_SIGN_FLIP,72031,LEGACY_INDEPENDENT_MC,256,CONTEXT_CONDITIONAL_ONLY,A,,"{""-1"": -1, ""1"": 1}"
E2_CONTEXT_SIGN_FLIP,72032,ANTITHETIC_CRN_MC,8,CONTEXT_CONDITIONAL_ONLY,A,,"{""-1"": -1, ""1"": 1}"
E2_CONTEXT_SIGN_FLIP,72032,ANTITHETIC_CRN_MC,16,CONTEXT_CONDITIONAL_ONLY,A,,"{""-1"": -1, ""1"": 1}"
E2_CONTEXT_SIGN_FLIP,72032,ANTITHETIC_CRN_MC,32,CONTEXT_CONDITIONAL_ONLY,A,,"{""-1"": -1, ""1"": 1}"
E2_CONTEXT_SIGN_FLIP,72032,ANTITHETIC_CRN_MC,64,CONTEXT_CONDITIONAL_ONLY,A,,"{""-1"": -1, ""1"": 1}"
E2_CONTEXT_SIGN_FLIP,72032,ANTITHETIC_CRN_MC,128,CONTEXT_CONDITIONAL_ONLY,A,,"{""-1"": -1, ""1"": 1}"
E2_CONTEXT_SIGN_FLIP,72032,ANTITHETIC_CRN_MC,256,CONTEXT_CONDITIONAL_ONLY,A,,"{""-1"": -1, ""1"": 1}"
E2_CONTEXT_SIGN_FLIP,72032,CRN_CHAIN_MC,8,CONTEXT_CONDITIONAL_ONLY,A,,"{""-1"": -1, ""1"": 1}"
E2_CONTEXT_SIGN_FLIP,72032,CRN_CHAIN_MC,16,CONTEXT_CONDITIONAL_ONLY,A,,"{""-1"": -1, ""1"": 1}"
E2_CONTEXT_SIGN_FLIP,72032,CRN_CHAIN_MC,32,CONTEXT_CONDITIONAL_ONLY,A,,"{""-1"": -1, ""1"": 1}"
E2_CONTEXT_SIGN_FLIP,72032,CRN_CHAIN_MC,64,CONTEXT_CONDITIONAL_ONLY,A,,"{""-1"": -1, ""1"": 1}"
E2_CONTEXT_SIGN_FLIP,72032,CRN_CHAIN_MC,128,CONTEXT_CONDITIONAL_ONLY,A,,"{""-1"": -1, ""1"": 1}"
E2_CONTEXT_SIGN_FLIP,72032,CRN_CHAIN_MC,256,CONTEXT_CONDITIONAL_ONLY,A,,"{""-1"": -1, ""1"": 1}"
E2_CONTEXT_SIGN_FLIP,72032,DOUBLE_ANTITHETIC_CRN_MC,8,CONTEXT_CONDITIONAL_ONLY,A,,"{""-1"": -1, ""1"": 1}"
E2_CONTEXT_SIGN_FLIP,72032,DOUBLE_ANTITHETIC_CRN_MC,16,CONTEXT_CONDITIONAL_ONLY,A,,"{""-1"": -1, ""1"": 1}"
E2_CONTEXT_SIGN_FLIP,72032,DOUBLE_ANTITHETIC_CRN_MC,32,CONTEXT_CONDITIONAL_ONLY,A,,"{""-1"": -1, ""1"": 1}"
E2_CONTEXT_SIGN_FLIP,72032,DOUBLE_ANTITHETIC_CRN_MC,64,CONTEXT_CONDITIONAL_ONLY,A,,"{""-1"": -1, ""1"": 1}"
E2_CONTEXT_SIGN_FLIP,72032,DOUBLE_ANTITHETIC_CRN_MC,128,CONTEXT_CONDITIONAL_ONLY,A,,"{""-1"": -1, ""1"": 1}"
E2_CONTEXT_SIGN_FLIP,72032,DOUBLE_ANTITHETIC_CRN_MC,256,CONTEXT_CONDITIONAL_ONLY,A,,"{""-1"": -1, ""1"": 1}"
E2_CONTEXT_SIGN_FLIP,72032,LEGACY_INDEPENDENT_MC,8,CONTEXT_CONDITIONAL_ONLY,A,,"{""-1"": -1, ""1"": 1}"
E2_CONTEXT_SIGN_FLIP,72032,LEGACY_INDEPENDENT_MC,16,CONTEXT_CONDITIONAL_ONLY,A,,"{""-1"": -1, ""1"": 1}"
E2_CONTEXT_SIGN_FLIP,72032,LEGACY_INDEPENDENT_MC,32,CONTEXT_CONDITIONAL_ONLY,A,,"{""-1"": -1, ""1"": 1}"
E2_CONTEXT_SIGN_FLIP,72032,LEGACY_INDEPENDENT_MC,64,CONTEXT_CONDITIONAL_ONLY,A,,"{""-1"": -1, ""1"": 1}"
E2_CONTEXT_SIGN_FLIP,72032,LEGACY_INDEPENDENT_MC,128,CONTEXT_CONDITIONAL_ONLY,A,,"{""-1"": -1, ""1"": 1}"
E2_CONTEXT_SIGN_FLIP,72032,LEGACY_INDEPENDENT_MC,256,CONTEXT_CONDITIONAL_ONLY,A,,"{""-1"": -1, ""1"": 1}"
E2_CONTEXT_SIGN_FLIP,72033,ANTITHETIC_CRN_MC,8,CONTEXT_CONDITIONAL_ONLY,A,,"{""-1"": -1, ""1"": 1}"
E2_CONTEXT_SIGN_FLIP,72033,ANTITHETIC_CRN_MC,16,CONTEXT_CONDITIONAL_ONLY,A,,"{""-1"": -1, ""1"": 1}"
E2_CONTEXT_SIGN_FLIP,72033,ANTITHETIC_CRN_MC,32,CONTEXT_CONDITIONAL_ONLY,A,,"{""-1"": -1, ""1"": 1}"
E2_CONTEXT_SIGN_FLIP,72033,ANTITHETIC_CRN_MC,64,CONTEXT_CONDITIONAL_ONLY,A,,"{""-1"": -1, ""1"": 1}"
E2_CONTEXT_SIGN_FLIP,72033,ANTITHETIC_CRN_MC,128,CONTEXT_CONDITIONAL_ONLY,A,,"{""-1"": -1, ""1"": 1}"
E2_CONTEXT_SIGN_FLIP,72033,ANTITHETIC_CRN_MC,256,CONTEXT_CONDITIONAL_ONLY,A,,"{""-1"": -1, ""1"": 1}"
E2_CONTEXT_SIGN_FLIP,72033,CRN_CHAIN_MC,8,CONTEXT_CONDITIONAL_ONLY,A,,"{""-1"": -1, ""1"": 1}"
E2_CONTEXT_SIGN_FLIP,72033,CRN_CHAIN_MC,16,CONTEXT_CONDITIONAL_ONLY,A,,"{""-1"": -1, ""1"": 1}"
E2_CONTEXT_SIGN_FLIP,72033,CRN_CHAIN_MC,32,CONTEXT_CONDITIONAL_ONLY,A,,"{""-1"": -1, ""1"": 1}"
E2_CONTEXT_SIGN_FLIP,72033,CRN_CHAIN_MC,64,CONTEXT_CONDITIONAL_ONLY,A,,"{""-1"": -1, ""1"": 1}"
E2_CONTEXT_SIGN_FLIP,72033,CRN_CHAIN_MC,128,CONTEXT_CONDITIONAL_ONLY,A,,"{""-1"": -1, ""1"": 1}"
E2_CONTEXT_SIGN_FLIP,72033,CRN_CHAIN_MC,256,CONTEXT_CONDITIONAL_ONLY,A,,"{""-1"": -1, ""1"": 1}"
E2_CONTEXT_SIGN_FLIP,72033,DOUBLE_ANTITHETIC_CRN_MC,8,CONTEXT_CONDITIONAL_ONLY,A,,"{""-1"": -1, ""1"": 1}"
E2_CONTEXT_SIGN_FLIP,72033,DOUBLE_ANTITHETIC_CRN_MC,16,CONTEXT_CONDITIONAL_ONLY,A,,"{""-1"": -1, ""1"": 1}"
E2_CONTEXT_SIGN_FLIP,72033,DOUBLE_ANTITHETIC_CRN_MC,32,CONTEXT_CONDITIONAL_ONLY,A,,"{""-1"": -1, ""1"": 1}"
E2_CONTEXT_SIGN_FLIP,72033,DOUBLE_ANTITHETIC_CRN_MC,64,CONTEXT_CONDITIONAL_ONLY,A,,"{""-1"": -1, ""1"": 1}"
E2_CONTEXT_SIGN_FLIP,72033,DOUBLE_ANTITHETIC_CRN_MC,128,CONTEXT_CONDITIONAL_ONLY,A,,"{""-1"": -1, ""1"": 1}"
E2_CONTEXT_SIGN_FLIP,72033,DOUBLE_ANTITHETIC_CRN_MC,256,CONTEXT_CONDITIONAL_ONLY,A,,"{""-1"": -1, ""1"": 1}"
E2_CONTEXT_SIGN_FLIP,72033,LEGACY_INDEPENDENT_MC,8,CONTEXT_CONDITIONAL_ONLY,A,,"{""-1"": -1, ""1"": 1}"
E2_CONTEXT_SIGN_FLIP,72033,LEGACY_INDEPENDENT_MC,16,CONTEXT_CONDITIONAL_ONLY,A,,"{""-1"": -1, ""1"": 1}"
E2_CONTEXT_SIGN_FLIP,72033,LEGACY_INDEPENDENT_MC,32,CONTEXT_CONDITIONAL_ONLY,A,,"{""-1"": -1, ""1"": 1}"
E2_CONTEXT_SIGN_FLIP,72033,LEGACY_INDEPENDENT_MC,64,CONTEXT_CONDITIONAL_ONLY,A,,"{""-1"": -1, ""1"": 1}"
E2_CONTEXT_SIGN_FLIP,72033,LEGACY_INDEPENDENT_MC,128,CONTEXT_CONDITIONAL_ONLY,A,,"{""-1"": -1, ""1"": 1}"
E2_CONTEXT_SIGN_FLIP,72033,LEGACY_INDEPENDENT_MC,256,CONTEXT_CONDITIONAL_ONLY,A,,"{""-1"": -1, ""1"": 1}"
E2_CONTEXT_SIGN_FLIP,72034,ANTITHETIC_CRN_MC,8,CONTEXT_CONDITIONAL_ONLY,A,,"{""-1"": -1, ""1"": 1}"
E2_CONTEXT_SIGN_FLIP,72034,ANTITHETIC_CRN_MC,16,CONTEXT_CONDITIONAL_ONLY,A,,"{""-1"": -1, ""1"": 1}"
E2_CONTEXT_SIGN_FLIP,72034,ANTITHETIC_CRN_MC,32,CONTEXT_CONDITIONAL_ONLY,A,,"{""-1"": -1, ""1"": 1}"
E2_CONTEXT_SIGN_FLIP,72034,ANTITHETIC_CRN_MC,64,CONTEXT_CONDITIONAL_ONLY,A,,"{""-1"": -1, ""1"": 1}"
E2_CONTEXT_SIGN_FLIP,72034,ANTITHETIC_CRN_MC,128,CONTEXT_CONDITIONAL_ONLY,A,,"{""-1"": -1, ""1"": 1}"
E2_CONTEXT_SIGN_FLIP,72034,ANTITHETIC_CRN_MC,256,CONTEXT_CONDITIONAL_ONLY,A,,"{""-1"": -1, ""1"": 1}"
E2_CONTEXT_SIGN_FLIP,72034,CRN_CHAIN_MC,8,CONTEXT_CONDITIONAL_ONLY,A,,"{""-1"": -1, ""1"": 1}"
E2_CONTEXT_SIGN_FLIP,72034,CRN_CHAIN_MC,16,CONTEXT_CONDITIONAL_ONLY,A,,"{""-1"": -1, ""1"": 1}"
E2_CONTEXT_SIGN_FLIP,72034,CRN_CHAIN_MC,32,CONTEXT_CONDITIONAL_ONLY,A,,"{""-1"": -1, ""1"": 1}"
E2_CONTEXT_SIGN_FLIP,72034,CRN_CHAIN_MC,64,CONTEXT_CONDITIONAL_ONLY,A,,"{""-1"": -1, ""1"": 1}"
E2_CONTEXT_SIGN_FLIP,72034,CRN_CHAIN_MC,128,CONTEXT_CONDITIONAL_ONLY,A,,"{""-1"": -1, ""1"": 1}"
E2_CONTEXT_SIGN_FLIP,72034,CRN_CHAIN_MC,256,CONTEXT_CONDITIONAL_ONLY,A,,"{""-1"": -1, ""1"": 1}"
E2_CONTEXT_SIGN_FLIP,72034,DOUBLE_ANTITHETIC_CRN_MC,8,CONTEXT_CONDITIONAL_ONLY,A,,"{""-1"": -1, ""1"": 1}"
E2_CONTEXT_SIGN_FLIP,72034,DOUBLE_ANTITHETIC_CRN_MC,16,CONTEXT_CONDITIONAL_ONLY,A,,"{""-1"": -1, ""1"": 1}"
E2_CONTEXT_SIGN_FLIP,72034,DOUBLE_ANTITHETIC_CRN_MC,32,CONTEXT_CONDITIONAL_ONLY,A,,"{""-1"": -1, ""1"": 1}"
E2_CONTEXT_SIGN_FLIP,72034,DOUBLE_ANTITHETIC_CRN_MC,64,CONTEXT_CONDITIONAL_ONLY,A,,"{""-1"": -1, ""1"": 1}"
E2_CONTEXT_SIGN_FLIP,72034,DOUBLE_ANTITHETIC_CRN_MC,128,CONTEXT_CONDITIONAL_ONLY,A,,"{""-1"": -1, ""1"": 1}"
E2_CONTEXT_SIGN_FLIP,72034,DOUBLE_ANTITHETIC_CRN_MC,256,CONTEXT_CONDITIONAL_ONLY,A,,"{""-1"": -1, ""1"": 1}"
E2_CONTEXT_SIGN_FLIP,72034,LEGACY_INDEPENDENT_MC,8,CONTEXT_CONDITIONAL_ONLY,A,,"{""-1"": -1, ""1"": 1}"
E2_CONTEXT_SIGN_FLIP,72034,LEGACY_INDEPENDENT_MC,16,CONTEXT_CONDITIONAL_ONLY,A,,"{""-1"": -1, ""1"": 1}"
E2_CONTEXT_SIGN_FLIP,72034,LEGACY_INDEPENDENT_MC,32,CONTEXT_CONDITIONAL_ONLY,A,,"{""-1"": -1, ""1"": 1}"
E2_CONTEXT_SIGN_FLIP,72034,LEGACY_INDEPENDENT_MC,64,CONTEXT_CONDITIONAL_ONLY,A,,"{""-1"": -1, ""1"": 1}"
E2_CONTEXT_SIGN_FLIP,72034,LEGACY_INDEPENDENT_MC,128,CONTEXT_CONDITIONAL_ONLY,A,,"{""-1"": -1, ""1"": 1}"
E2_CONTEXT_SIGN_FLIP,72034,LEGACY_INDEPENDENT_MC,256,CONTEXT_CONDITIONAL_ONLY,A,,"{""-1"": -1, ""1"": 1}"
E2_CONTEXT_SIGN_FLIP,72035,ANTITHETIC_CRN_MC,8,CONTEXT_CONDITIONAL_ONLY,A,,"{""-1"": -1, ""1"": 1}"
E2_CONTEXT_SIGN_FLIP,72035,ANTITHETIC_CRN_MC,16,CONTEXT_CONDITIONAL_ONLY,A,,"{""-1"": -1, ""1"": 1}"
E2_CONTEXT_SIGN_FLIP,72035,ANTITHETIC_CRN_MC,32,CONTEXT_CONDITIONAL_ONLY,A,,"{""-1"": -1, ""1"": 1}"
E2_CONTEXT_SIGN_FLIP,72035,ANTITHETIC_CRN_MC,64,CONTEXT_CONDITIONAL_ONLY,A,,"{""-1"": -1, ""1"": 1}"
E2_CONTEXT_SIGN_FLIP,72035,ANTITHETIC_CRN_MC,128,CONTEXT_CONDITIONAL_ONLY,A,,"{""-1"": -1, ""1"": 1}"
E2_CONTEXT_SIGN_FLIP,72035,ANTITHETIC_CRN_MC,256,CONTEXT_CONDITIONAL_ONLY,A,,"{""-1"": -1, ""1"": 1}"
E2_CONTEXT_SIGN_FLIP,72035,CRN_CHAIN_MC,8,CONTEXT_CONDITIONAL_ONLY,A,,"{""-1"": -1, ""1"": 1}"
E2_CONTEXT_SIGN_FLIP,72035,CRN_CHAIN_MC,16,CONTEXT_CONDITIONAL_ONLY,A,,"{""-1"": -1, ""1"": 1}"
E2_CONTEXT_SIGN_FLIP,72035,CRN_CHAIN_MC,32,CONTEXT_CONDITIONAL_ONLY,A,,"{""-1"": -1, ""1"": 1}"
E2_CONTEXT_SIGN_FLIP,72035,CRN_CHAIN_MC,64,CONTEXT_CONDITIONAL_ONLY,A,,"{""-1"": -1, ""1"": 1}"
E2_CONTEXT_SIGN_FLIP,72035,CRN_CHAIN_MC,128,CONTEXT_CONDITIONAL_ONLY,A,,"{""-1"": -1, ""1"": 1}"
E2_CONTEXT_SIGN_FLIP,72035,CRN_CHAIN_MC,256,CONTEXT_CONDITIONAL_ONLY,A,,"{""-1"": -1, ""1"": 1}"
E2_CONTEXT_SIGN_FLIP,72035,DOUBLE_ANTITHETIC_CRN_MC,8,CONTEXT_CONDITIONAL_ONLY,A,,"{""-1"": -1, ""1"": 1}"
E2_CONTEXT_SIGN_FLIP,72035,DOUBLE_ANTITHETIC_CRN_MC,16,CONTEXT_CONDITIONAL_ONLY,A,,"{""-1"": -1, ""1"": 1}"
E2_CONTEXT_SIGN_FLIP,72035,DOUBLE_ANTITHETIC_CRN_MC,32,CONTEXT_CONDITIONAL_ONLY,A,,"{""-1"": -1, ""1"": 1}"
E2_CONTEXT_SIGN_FLIP,72035,DOUBLE_ANTITHETIC_CRN_MC,64,CONTEXT_CONDITIONAL_ONLY,A,,"{""-1"": -1, ""1"": 1}"
E2_CONTEXT_SIGN_FLIP,72035,DOUBLE_ANTITHETIC_CRN_MC,128,CONTEXT_CONDITIONAL_ONLY,A,,"{""-1"": -1, ""1"": 1}"
E2_CONTEXT_SIGN_FLIP,72035,DOUBLE_ANTITHETIC_CRN_MC,256,CONTEXT_CONDITIONAL_ONLY,A,,"{""-1"": -1, ""1"": 1}"
E2_CONTEXT_SIGN_FLIP,72035,LEGACY_INDEPENDENT_MC,8,CONTEXT_CONDITIONAL_ONLY,A,,"{""-1"": -1, ""1"": 1}"
E2_CONTEXT_SIGN_FLIP,72035,LEGACY_INDEPENDENT_MC,16,CONTEXT_CONDITIONAL_ONLY,A,,"{""-1"": -1, ""1"": 1}"
E2_CONTEXT_SIGN_FLIP,72035,LEGACY_INDEPENDENT_MC,32,CONTEXT_CONDITIONAL_ONLY,A,,"{""-1"": -1, ""1"": 1}"
E2_CONTEXT_SIGN_FLIP,72035,LEGACY_INDEPENDENT_MC,64,CONTEXT_CONDITIONAL_ONLY,A,,"{""-1"": -1, ""1"": 1}"
E2_CONTEXT_SIGN_FLIP,72035,LEGACY_INDEPENDENT_MC,128,CONTEXT_CONDITIONAL_ONLY,A,,"{""-1"": -1, ""1"": 1}"
E2_CONTEXT_SIGN_FLIP,72035,LEGACY_INDEPENDENT_MC,256,CONTEXT_CONDITIONAL_ONLY,A,,"{""-1"": -1, ""1"": 1}"
E2_CONTEXT_SIGN_FLIP,72036,ANTITHETIC_CRN_MC,8,CONTEXT_CONDITIONAL_ONLY,A,,"{""-1"": -1, ""1"": 1}"
E2_CONTEXT_SIGN_FLIP,72036,ANTITHETIC_CRN_MC,16,CONTEXT_CONDITIONAL_ONLY,A,,"{""-1"": -1, ""1"": 1}"
E2_CONTEXT_SIGN_FLIP,72036,ANTITHETIC_CRN_MC,32,CONTEXT_CONDITIONAL_ONLY,A,,"{""-1"": -1, ""1"": 1}"
E2_CONTEXT_SIGN_FLIP,72036,ANTITHETIC_CRN_MC,64,CONTEXT_CONDITIONAL_ONLY,A,,"{""-1"": -1, ""1"": 1}"
E2_CONTEXT_SIGN_FLIP,72036,ANTITHETIC_CRN_MC,128,CONTEXT_CONDITIONAL_ONLY,A,,"{""-1"": -1, ""1"": 1}"
E2_CONTEXT_SIGN_FLIP,72036,ANTITHETIC_CRN_MC,256,CONTEXT_CONDITIONAL_ONLY,A,,"{""-1"": -1, ""1"": 1}"
E2_CONTEXT_SIGN_FLIP,72036,CRN_CHAIN_MC,8,CONTEXT_CONDITIONAL_ONLY,A,,"{""-1"": -1, ""1"": 1}"
E2_CONTEXT_SIGN_FLIP,72036,CRN_CHAIN_MC,16,CONTEXT_CONDITIONAL_ONLY,A,,"{""-1"": -1, ""1"": 1}"
E2_CONTEXT_SIGN_FLIP,72036,CRN_CHAIN_MC,32,CONTEXT_CONDITIONAL_ONLY,A,,"{""-1"": -1, ""1"": 1}"
E2_CONTEXT_SIGN_FLIP,72036,CRN_CHAIN_MC,64,CONTEXT_CONDITIONAL_ONLY,A,,"{""-1"": -1, ""1"": 1}"
E2_CONTEXT_SIGN_FLIP,72036,CRN_CHAIN_MC,128,CONTEXT_CONDITIONAL_ONLY,A,,"{""-1"": -1, ""1"": 1}"
E2_CONTEXT_SIGN_FLIP,72036,CRN_CHAIN_MC,256,CONTEXT_CONDITIONAL_ONLY,A,,"{""-1"": -1, ""1"": 1}"
E2_CONTEXT_SIGN_FLIP,72036,DOUBLE_ANTITHETIC_CRN_MC,8,CONTEXT_CONDITIONAL_ONLY,A,,"{""-1"": -1, ""1"": 1}"
E2_CONTEXT_SIGN_FLIP,72036,DOUBLE_ANTITHETIC_CRN_MC,16,CONTEXT_CONDITIONAL_ONLY,A,,"{""-1"": -1, ""1"": 1}"
E2_CONTEXT_SIGN_FLIP,72036,DOUBLE_ANTITHETIC_CRN_MC,32,CONTEXT_CONDITIONAL_ONLY,A,,"{""-1"": -1, ""1"": 1}"
E2_CONTEXT_SIGN_FLIP,72036,DOUBLE_ANTITHETIC_CRN_MC,64,CONTEXT_CONDITIONAL_ONLY,A,,"{""-1"": -1, ""1"": 1}"
E2_CONTEXT_SIGN_FLIP,72036,DOUBLE_ANTITHETIC_CRN_MC,128,CONTEXT_CONDITIONAL_ONLY,A,,"{""-1"": -1, ""1"": 1}"
E2_CONTEXT_SIGN_FLIP,72036,DOUBLE_ANTITHETIC_CRN_MC,256,CONTEXT_CONDITIONAL_ONLY,A,,"{""-1"": -1, ""1"": 1}"
E2_CONTEXT_SIGN_FLIP,72036,LEGACY_INDEPENDENT_MC,8,CONTEXT_CONDITIONAL_ONLY,A,,"{""-1"": -1, ""1"": 1}"
E2_CONTEXT_SIGN_FLIP,72036,LEGACY_INDEPENDENT_MC,16,CONTEXT_CONDITIONAL_ONLY,A,,"{""-1"": -1, ""1"": 1}"
E2_CONTEXT_SIGN_FLIP,72036,LEGACY_INDEPENDENT_MC,32,CONTEXT_CONDITIONAL_ONLY,A,,"{""-1"": -1, ""1"": 1}"
E2_CONTEXT_SIGN_FLIP,72036,LEGACY_INDEPENDENT_MC,64,CONTEXT_CONDITIONAL_ONLY,A,,"{""-1"": -1, ""1"": 1}"
E2_CONTEXT_SIGN_FLIP,72036,LEGACY_INDEPENDENT_MC,128,CONTEXT_CONDITIONAL_ONLY,A,,"{""-1"": -1, ""1"": 1}"
E2_CONTEXT_SIGN_FLIP,72036,LEGACY_INDEPENDENT_MC,256,CONTEXT_CONDITIONAL_ONLY,A,,"{""-1"": -1, ""1"": 1}"
E2_CONTEXT_SIGN_FLIP,72037,ANTITHETIC_CRN_MC,8,CONTEXT_CONDITIONAL_ONLY,A,,"{""-1"": -1, ""1"": 1}"
E2_CONTEXT_SIGN_FLIP,72037,ANTITHETIC_CRN_MC,16,CONTEXT_CONDITIONAL_ONLY,A,,"{""-1"": -1, ""1"": 1}"
E2_CONTEXT_SIGN_FLIP,72037,ANTITHETIC_CRN_MC,32,CONTEXT_CONDITIONAL_ONLY,A,,"{""-1"": -1, ""1"": 1}"
E2_CONTEXT_SIGN_FLIP,72037,ANTITHETIC_CRN_MC,64,CONTEXT_CONDITIONAL_ONLY,A,,"{""-1"": -1, ""1"": 1}"
E2_CONTEXT_SIGN_FLIP,72037,ANTITHETIC_CRN_MC,128,CONTEXT_CONDITIONAL_ONLY,A,,"{""-1"": -1, ""1"": 1}"
E2_CONTEXT_SIGN_FLIP,72037,ANTITHETIC_CRN_MC,256,CONTEXT_CONDITIONAL_ONLY,A,,"{""-1"": -1, ""1"": 1}"
E2_CONTEXT_SIGN_FLIP,72037,CRN_CHAIN_MC,8,CONTEXT_CONDITIONAL_ONLY,A,,"{""-1"": -1, ""1"": 1}"
E2_CONTEXT_SIGN_FLIP,72037,CRN_CHAIN_MC,16,CONTEXT_CONDITIONAL_ONLY,A,,"{""-1"": -1, ""1"": 1}"
E2_CONTEXT_SIGN_FLIP,72037,CRN_CHAIN_MC,32,CONTEXT_CONDITIONAL_ONLY,A,,"{""-1"": -1, ""1"": 1}"
E2_CONTEXT_SIGN_FLIP,72037,CRN_CHAIN_MC,64,CONTEXT_CONDITIONAL_ONLY,A,,"{""-1"": -1, ""1"": 1}"
E2_CONTEXT_SIGN_FLIP,72037,CRN_CHAIN_MC,128,CONTEXT_CONDITIONAL_ONLY,A,,"{""-1"": -1, ""1"": 1}"
E2_CONTEXT_SIGN_FLIP,72037,CRN_CHAIN_MC,256,CONTEXT_CONDITIONAL_ONLY,A,,"{""-1"": -1, ""1"": 1}"
E2_CONTEXT_SIGN_FLIP,72037,DOUBLE_ANTITHETIC_CRN_MC,8,CONTEXT_CONDITIONAL_ONLY,A,,"{""-1"": -1, ""1"": 1}"
E2_CONTEXT_SIGN_FLIP,72037,DOUBLE_ANTITHETIC_CRN_MC,16,CONTEXT_CONDITIONAL_ONLY,A,,"{""-1"": -1, ""1"": 1}"
E2_CONTEXT_SIGN_FLIP,72037,DOUBLE_ANTITHETIC_CRN_MC,32,CONTEXT_CONDITIONAL_ONLY,A,,"{""-1"": -1, ""1"": 1}"
E2_CONTEXT_SIGN_FLIP,72037,DOUBLE_ANTITHETIC_CRN_MC,64,CONTEXT_CONDITIONAL_ONLY,A,,"{""-1"": -1, ""1"": 1}"
E2_CONTEXT_SIGN_FLIP,72037,DOUBLE_ANTITHETIC_CRN_MC,128,CONTEXT_CONDITIONAL_ONLY,A,,"{""-1"": -1, ""1"": 1}"
E2_CONTEXT_SIGN_FLIP,72037,DOUBLE_ANTITHETIC_CRN_MC,256,CONTEXT_CONDITIONAL_ONLY,A,,"{""-1"": -1, ""1"": 1}"
E2_CONTEXT_SIGN_FLIP,72037,LEGACY_INDEPENDENT_MC,8,CONTEXT_CONDITIONAL_ONLY,A,,"{""-1"": -1, ""1"": 1}"
E2_CONTEXT_SIGN_FLIP,72037,LEGACY_INDEPENDENT_MC,16,CONTEXT_CONDITIONAL_ONLY,A,,"{""-1"": -1, ""1"": 1}"
E2_CONTEXT_SIGN_FLIP,72037,LEGACY_INDEPENDENT_MC,32,CONTEXT_CONDITIONAL_ONLY,A,,"{""-1"": -1, ""1"": 1}"
E2_CONTEXT_SIGN_FLIP,72037,LEGACY_INDEPENDENT_MC,64,CONTEXT_CONDITIONAL_ONLY,A,,"{""-1"": -1, ""1"": 1}"
E2_CONTEXT_SIGN_FLIP,72037,LEGACY_INDEPENDENT_MC,128,CONTEXT_CONDITIONAL_ONLY,A,,"{""-1"": -1, ""1"": 1}"
E2_CONTEXT_SIGN_FLIP,72037,LEGACY_INDEPENDENT_MC,256,CONTEXT_CONDITIONAL_ONLY,A,,"{""-1"": -1, ""1"": 1}"
E2_CONTEXT_SIGN_FLIP,72038,ANTITHETIC_CRN_MC,8,CONTEXT_CONDITIONAL_ONLY,A,,"{""-1"": -1, ""1"": 1}"
E2_CONTEXT_SIGN_FLIP,72038,ANTITHETIC_CRN_MC,16,CONTEXT_CONDITIONAL_ONLY,A,,"{""-1"": -1, ""1"": 1}"
E2_CONTEXT_SIGN_FLIP,72038,ANTITHETIC_CRN_MC,32,CONTEXT_CONDITIONAL_ONLY,A,,"{""-1"": -1, ""1"": 1}"
E2_CONTEXT_SIGN_FLIP,72038,ANTITHETIC_CRN_MC,64,CONTEXT_CONDITIONAL_ONLY,A,,"{""-1"": -1, ""1"": 1}"
E2_CONTEXT_SIGN_FLIP,72038,ANTITHETIC_CRN_MC,128,CONTEXT_CONDITIONAL_ONLY,A,,"{""-1"": -1, ""1"": 1}"
E2_CONTEXT_SIGN_FLIP,72038,ANTITHETIC_CRN_MC,256,CONTEXT_CONDITIONAL_ONLY,A,,"{""-1"": -1, ""1"": 1}"
E2_CONTEXT_SIGN_FLIP,72038,CRN_CHAIN_MC,8,CONTEXT_CONDITIONAL_ONLY,A,,"{""-1"": -1, ""1"": 1}"
E2_CONTEXT_SIGN_FLIP,72038,CRN_CHAIN_MC,16,CONTEXT_CONDITIONAL_ONLY,A,,"{""-1"": -1, ""1"": 1}"
E2_CONTEXT_SIGN_FLIP,72038,CRN_CHAIN_MC,32,CONTEXT_CONDITIONAL_ONLY,A,,"{""-1"": -1, ""1"": 1}"
E2_CONTEXT_SIGN_FLIP,72038,CRN_CHAIN_MC,64,CONTEXT_CONDITIONAL_ONLY,A,,"{""-1"": -1, ""1"": 1}"
E2_CONTEXT_SIGN_FLIP,72038,CRN_CHAIN_MC,128,CONTEXT_CONDITIONAL_ONLY,A,,"{""-1"": -1, ""1"": 1}"
E2_CONTEXT_SIGN_FLIP,72038,CRN_CHAIN_MC,256,CONTEXT_CONDITIONAL_ONLY,A,,"{""-1"": -1, ""1"": 1}"
E2_CONTEXT_SIGN_FLIP,72038,DOUBLE_ANTITHETIC_CRN_MC,8,CONTEXT_CONDITIONAL_ONLY,A,,"{""-1"": -1, ""1"": 1}"
E2_CONTEXT_SIGN_FLIP,72038,DOUBLE_ANTITHETIC_CRN_MC,16,CONTEXT_CONDITIONAL_ONLY,A,,"{""-1"": -1, ""1"": 1}"
E2_CONTEXT_SIGN_FLIP,72038,DOUBLE_ANTITHETIC_CRN_MC,32,CONTEXT_CONDITIONAL_ONLY,A,,"{""-1"": -1, ""1"": 1}"
E2_CONTEXT_SIGN_FLIP,72038,DOUBLE_ANTITHETIC_CRN_MC,64,CONTEXT_CONDITIONAL_ONLY,A,,"{""-1"": -1, ""1"": 1}"
E2_CONTEXT_SIGN_FLIP,72038,DOUBLE_ANTITHETIC_CRN_MC,128,CONTEXT_CONDITIONAL_ONLY,A,,"{""-1"": -1, ""1"": 1}"
E2_CONTEXT_SIGN_FLIP,72038,DOUBLE_ANTITHETIC_CRN_MC,256,CONTEXT_CONDITIONAL_ONLY,A,,"{""-1"": -1, ""1"": 1}"
E2_CONTEXT_SIGN_FLIP,72038,LEGACY_INDEPENDENT_MC,8,CONTEXT_CONDITIONAL_ONLY,A,,"{""-1"": -1, ""1"": 1}"
E2_CONTEXT_SIGN_FLIP,72038,LEGACY_INDEPENDENT_MC,16,CONTEXT_CONDITIONAL_ONLY,A,,"{""-1"": -1, ""1"": 1}"
E2_CONTEXT_SIGN_FLIP,72038,LEGACY_INDEPENDENT_MC,32,CONTEXT_CONDITIONAL_ONLY,A,,"{""-1"": -1, ""1"": 1}"
E2_CONTEXT_SIGN_FLIP,72038,LEGACY_INDEPENDENT_MC,64,CONTEXT_CONDITIONAL_ONLY,A,,"{""-1"": -1, ""1"": 1}"
E2_CONTEXT_SIGN_FLIP,72038,LEGACY_INDEPENDENT_MC,128,CONTEXT_CONDITIONAL_ONLY,A,,"{""-1"": -1, ""1"": 1}"
E2_CONTEXT_SIGN_FLIP,72038,LEGACY_INDEPENDENT_MC,256,CONTEXT_CONDITIONAL_ONLY,A,,"{""-1"": -1, ""1"": 1}"
E2_CONTEXT_SIGN_FLIP,72039,ANTITHETIC_CRN_MC,8,CONTEXT_CONDITIONAL_ONLY,A,,"{""-1"": -1, ""1"": 1}"
E2_CONTEXT_SIGN_FLIP,72039,ANTITHETIC_CRN_MC,16,CONTEXT_CONDITIONAL_ONLY,A,,"{""-1"": -1, ""1"": 1}"
E2_CONTEXT_SIGN_FLIP,72039,ANTITHETIC_CRN_MC,32,CONTEXT_CONDITIONAL_ONLY,A,,"{""-1"": -1, ""1"": 1}"
E2_CONTEXT_SIGN_FLIP,72039,ANTITHETIC_CRN_MC,64,CONTEXT_CONDITIONAL_ONLY,A,,"{""-1"": -1, ""1"": 1}"
E2_CONTEXT_SIGN_FLIP,72039,ANTITHETIC_CRN_MC,128,CONTEXT_CONDITIONAL_ONLY,A,,"{""-1"": -1, ""1"": 1}"
E2_CONTEXT_SIGN_FLIP,72039,ANTITHETIC_CRN_MC,256,CONTEXT_CONDITIONAL_ONLY,A,,"{""-1"": -1, ""1"": 1}"
E2_CONTEXT_SIGN_FLIP,72039,CRN_CHAIN_MC,8,CONTEXT_CONDITIONAL_ONLY,A,,"{""-1"": -1, ""1"": 1}"
E2_CONTEXT_SIGN_FLIP,72039,CRN_CHAIN_MC,16,CONTEXT_CONDITIONAL_ONLY,A,,"{""-1"": -1, ""1"": 1}"
E2_CONTEXT_SIGN_FLIP,72039,CRN_CHAIN_MC,32,CONTEXT_CONDITIONAL_ONLY,A,,"{""-1"": -1, ""1"": 1}"
E2_CONTEXT_SIGN_FLIP,72039,CRN_CHAIN_MC,64,CONTEXT_CONDITIONAL_ONLY,A,,"{""-1"": -1, ""1"": 1}"
E2_CONTEXT_SIGN_FLIP,72039,CRN_CHAIN_MC,128,CONTEXT_CONDITIONAL_ONLY,A,,"{""-1"": -1, ""1"": 1}"
E2_CONTEXT_SIGN_FLIP,72039,CRN_CHAIN_MC,256,CONTEXT_CONDITIONAL_ONLY,A,,"{""-1"": -1, ""1"": 1}"
E2_CONTEXT_SIGN_FLIP,72039,DOUBLE_ANTITHETIC_CRN_MC,8,CONTEXT_CONDITIONAL_ONLY,A,,"{""-1"": -1, ""1"": 1}"
E2_CONTEXT_SIGN_FLIP,72039,DOUBLE_ANTITHETIC_CRN_MC,16,CONTEXT_CONDITIONAL_ONLY,A,,"{""-1"": -1, ""1"": 1}"
E2_CONTEXT_SIGN_FLIP,72039,DOUBLE_ANTITHETIC_CRN_MC,32,CONTEXT_CONDITIONAL_ONLY,A,,"{""-1"": -1, ""1"": 1}"
E2_CONTEXT_SIGN_FLIP,72039,DOUBLE_ANTITHETIC_CRN_MC,64,CONTEXT_CONDITIONAL_ONLY,A,,"{""-1"": -1, ""1"": 1}"
E2_CONTEXT_SIGN_FLIP,72039,DOUBLE_ANTITHETIC_CRN_MC,128,CONTEXT_CONDITIONAL_ONLY,A,,"{""-1"": -1, ""1"": 1}"
E2_CONTEXT_SIGN_FLIP,72039,DOUBLE_ANTITHETIC_CRN_MC,256,CONTEXT_CONDITIONAL_ONLY,A,,"{""-1"": -1, ""1"": 1}"
E2_CONTEXT_SIGN_FLIP,72039,LEGACY_INDEPENDENT_MC,8,CONTEXT_CONDITIONAL_ONLY,A,,"{""-1"": -1, ""1"": 1}"
E2_CONTEXT_SIGN_FLIP,72039,LEGACY_INDEPENDENT_MC,16,CONTEXT_CONDITIONAL_ONLY,A,,"{""-1"": -1, ""1"": 1}"
E2_CONTEXT_SIGN_FLIP,72039,LEGACY_INDEPENDENT_MC,32,CONTEXT_CONDITIONAL_ONLY,A,,"{""-1"": -1, ""1"": 1}"
E2_CONTEXT_SIGN_FLIP,72039,LEGACY_INDEPENDENT_MC,64,CONTEXT_CONDITIONAL_ONLY,A,,"{""-1"": -1, ""1"": 1}"
E2_CONTEXT_SIGN_FLIP,72039,LEGACY_INDEPENDENT_MC,128,CONTEXT_CONDITIONAL_ONLY,A,,"{""-1"": -1, ""1"": 1}"
E2_CONTEXT_SIGN_FLIP,72039,LEGACY_INDEPENDENT_MC,256,CONTEXT_CONDITIONAL_ONLY,A,,"{""-1"": -1, ""1"": 1}"
E2_CONTEXT_SIGN_FLIP,72040,ANTITHETIC_CRN_MC,8,CONTEXT_CONDITIONAL_ONLY,A,,"{""-1"": -1, ""1"": 1}"
E2_CONTEXT_SIGN_FLIP,72040,ANTITHETIC_CRN_MC,16,CONTEXT_CONDITIONAL_ONLY,A,,"{""-1"": -1, ""1"": 1}"
E2_CONTEXT_SIGN_FLIP,72040,ANTITHETIC_CRN_MC,32,CONTEXT_CONDITIONAL_ONLY,A,,"{""-1"": -1, ""1"": 1}"
E2_CONTEXT_SIGN_FLIP,72040,ANTITHETIC_CRN_MC,64,CONTEXT_CONDITIONAL_ONLY,A,,"{""-1"": -1, ""1"": 1}"
E2_CONTEXT_SIGN_FLIP,72040,ANTITHETIC_CRN_MC,128,CONTEXT_CONDITIONAL_ONLY,A,,"{""-1"": -1, ""1"": 1}"
E2_CONTEXT_SIGN_FLIP,72040,ANTITHETIC_CRN_MC,256,CONTEXT_CONDITIONAL_ONLY,A,,"{""-1"": -1, ""1"": 1}"
E2_CONTEXT_SIGN_FLIP,72040,CRN_CHAIN_MC,8,CONTEXT_CONDITIONAL_ONLY,A,,"{""-1"": -1, ""1"": 1}"
E2_CONTEXT_SIGN_FLIP,72040,CRN_CHAIN_MC,16,CONTEXT_CONDITIONAL_ONLY,A,,"{""-1"": -1, ""1"": 1}"
E2_CONTEXT_SIGN_FLIP,72040,CRN_CHAIN_MC,32,CONTEXT_CONDITIONAL_ONLY,A,,"{""-1"": -1, ""1"": 1}"
E2_CONTEXT_SIGN_FLIP,72040,CRN_CHAIN_MC,64,CONTEXT_CONDITIONAL_ONLY,A,,"{""-1"": -1, ""1"": 1}"
E2_CONTEXT_SIGN_FLIP,72040,CRN_CHAIN_MC,128,CONTEXT_CONDITIONAL_ONLY,A,,"{""-1"": -1, ""1"": 1}"
E2_CONTEXT_SIGN_FLIP,72040,CRN_CHAIN_MC,256,CONTEXT_CONDITIONAL_ONLY,A,,"{""-1"": -1, ""1"": 1}"
E2_CONTEXT_SIGN_FLIP,72040,DOUBLE_ANTITHETIC_CRN_MC,8,CONTEXT_CONDITIONAL_ONLY,A,,"{""-1"": -1, ""1"": 1}"
E2_CONTEXT_SIGN_FLIP,72040,DOUBLE_ANTITHETIC_CRN_MC,16,CONTEXT_CONDITIONAL_ONLY,A,,"{""-1"": -1, ""1"": 1}"
E2_CONTEXT_SIGN_FLIP,72040,DOUBLE_ANTITHETIC_CRN_MC,32,CONTEXT_CONDITIONAL_ONLY,A,,"{""-1"": -1, ""1"": 1}"
E2_CONTEXT_SIGN_FLIP,72040,DOUBLE_ANTITHETIC_CRN_MC,64,CONTEXT_CONDITIONAL_ONLY,A,,"{""-1"": -1, ""1"": 1}"
E2_CONTEXT_SIGN_FLIP,72040,DOUBLE_ANTITHETIC_CRN_MC,128,CONTEXT_CONDITIONAL_ONLY,A,,"{""-1"": -1, ""1"": 1}"
E2_CONTEXT_SIGN_FLIP,72040,DOUBLE_ANTITHETIC_CRN_MC,256,CONTEXT_CONDITIONAL_ONLY,A,,"{""-1"": -1, ""1"": 1}"
E2_CONTEXT_SIGN_FLIP,72040,LEGACY_INDEPENDENT_MC,8,CONTEXT_CONDITIONAL_ONLY,A,,"{""-1"": -1, ""1"": 1}"
E2_CONTEXT_SIGN_FLIP,72040,LEGACY_INDEPENDENT_MC,16,CONTEXT_CONDITIONAL_ONLY,A,,"{""-1"": -1, ""1"": 1}"
E2_CONTEXT_SIGN_FLIP,72040,LEGACY_INDEPENDENT_MC,32,CONTEXT_CONDITIONAL_ONLY,A,,"{""-1"": -1, ""1"": 1}"
E2_CONTEXT_SIGN_FLIP,72040,LEGACY_INDEPENDENT_MC,64,CONTEXT_CONDITIONAL_ONLY,A,,"{""-1"": -1, ""1"": 1}"
E2_CONTEXT_SIGN_FLIP,72040,LEGACY_INDEPENDENT_MC,128,CONTEXT_CONDITIONAL_ONLY,A,,"{""-1"": -1, ""1"": 1}"
E2_CONTEXT_SIGN_FLIP,72040,LEGACY_INDEPENDENT_MC,256,CONTEXT_CONDITIONAL_ONLY,A,,"{""-1"": -1, ""1"": 1}"
E2_CONTEXT_SIGN_FLIP,72041,ANTITHETIC_CRN_MC,8,CONTEXT_CONDITIONAL_ONLY,A,,"{""-1"": -1, ""1"": 1}"
E2_CONTEXT_SIGN_FLIP,72041,ANTITHETIC_CRN_MC,16,CONTEXT_CONDITIONAL_ONLY,A,,"{""-1"": -1, ""1"": 1}"
E2_CONTEXT_SIGN_FLIP,72041,ANTITHETIC_CRN_MC,32,CONTEXT_CONDITIONAL_ONLY,A,,"{""-1"": -1, ""1"": 1}"
E2_CONTEXT_SIGN_FLIP,72041,ANTITHETIC_CRN_MC,64,CONTEXT_CONDITIONAL_ONLY,A,,"{""-1"": -1, ""1"": 1}"
E2_CONTEXT_SIGN_FLIP,72041,ANTITHETIC_CRN_MC,128,CONTEXT_CONDITIONAL_ONLY,A,,"{""-1"": -1, ""1"": 1}"
E2_CONTEXT_SIGN_FLIP,72041,ANTITHETIC_CRN_MC,256,CONTEXT_CONDITIONAL_ONLY,A,,"{""-1"": -1, ""1"": 1}"
E2_CONTEXT_SIGN_FLIP,72041,CRN_CHAIN_MC,8,CONTEXT_CONDITIONAL_ONLY,A,,"{""-1"": -1, ""1"": 1}"
E2_CONTEXT_SIGN_FLIP,72041,CRN_CHAIN_MC,16,CONTEXT_CONDITIONAL_ONLY,A,,"{""-1"": -1, ""1"": 1}"
E2_CONTEXT_SIGN_FLIP,72041,CRN_CHAIN_MC,32,CONTEXT_CONDITIONAL_ONLY,A,,"{""-1"": -1, ""1"": 1}"
E2_CONTEXT_SIGN_FLIP,72041,CRN_CHAIN_MC,64,CONTEXT_CONDITIONAL_ONLY,A,,"{""-1"": -1, ""1"": 1}"
E2_CONTEXT_SIGN_FLIP,72041,CRN_CHAIN_MC,128,CONTEXT_CONDITIONAL_ONLY,A,,"{""-1"": -1, ""1"": 1}"
E2_CONTEXT_SIGN_FLIP,72041,CRN_CHAIN_MC,256,CONTEXT_CONDITIONAL_ONLY,A,,"{""-1"": -1, ""1"": 1}"
E2_CONTEXT_SIGN_FLIP,72041,DOUBLE_ANTITHETIC_CRN_MC,8,CONTEXT_CONDITIONAL_ONLY,A,,"{""-1"": -1, ""1"": 1}"
E2_CONTEXT_SIGN_FLIP,72041,DOUBLE_ANTITHETIC_CRN_MC,16,CONTEXT_CONDITIONAL_ONLY,A,,"{""-1"": -1, ""1"": 1}"
E2_CONTEXT_SIGN_FLIP,72041,DOUBLE_ANTITHETIC_CRN_MC,32,CONTEXT_CONDITIONAL_ONLY,A,,"{""-1"": -1, ""1"": 1}"
E2_CONTEXT_SIGN_FLIP,72041,DOUBLE_ANTITHETIC_CRN_MC,64,CONTEXT_CONDITIONAL_ONLY,A,,"{""-1"": -1, ""1"": 1}"
E2_CONTEXT_SIGN_FLIP,72041,DOUBLE_ANTITHETIC_CRN_MC,128,CONTEXT_CONDITIONAL_ONLY,A,,"{""-1"": -1, ""1"": 1}"
E2_CONTEXT_SIGN_FLIP,72041,DOUBLE_ANTITHETIC_CRN_MC,256,CONTEXT_CONDITIONAL_ONLY,A,,"{""-1"": -1, ""1"": 1}"
E2_CONTEXT_SIGN_FLIP,72041,LEGACY_INDEPENDENT_MC,8,CONTEXT_CONDITIONAL_ONLY,A,,"{""-1"": -1, ""1"": 1}"
E2_CONTEXT_SIGN_FLIP,72041,LEGACY_INDEPENDENT_MC,16,CONTEXT_CONDITIONAL_ONLY,A,,"{""-1"": -1, ""1"": 1}"
E2_CONTEXT_SIGN_FLIP,72041,LEGACY_INDEPENDENT_MC,32,CONTEXT_CONDITIONAL_ONLY,A,,"{""-1"": -1, ""1"": 1}"
E2_CONTEXT_SIGN_FLIP,72041,LEGACY_INDEPENDENT_MC,64,CONTEXT_CONDITIONAL_ONLY,A,,"{""-1"": -1, ""1"": 1}"
E2_CONTEXT_SIGN_FLIP,72041,LEGACY_INDEPENDENT_MC,128,CONTEXT_CONDITIONAL_ONLY,A,,"{""-1"": -1, ""1"": 1}"
E2_CONTEXT_SIGN_FLIP,72041,LEGACY_INDEPENDENT_MC,256,CONTEXT_CONDITIONAL_ONLY,A,,"{""-1"": -1, ""1"": 1}"
E2_CONTEXT_SIGN_FLIP,72042,ANTITHETIC_CRN_MC,8,CONTEXT_CONDITIONAL_ONLY,A,,"{""-1"": -1, ""1"": 1}"
E2_CONTEXT_SIGN_FLIP,72042,ANTITHETIC_CRN_MC,16,CONTEXT_CONDITIONAL_ONLY,A,,"{""-1"": -1, ""1"": 1}"
E2_CONTEXT_SIGN_FLIP,72042,ANTITHETIC_CRN_MC,32,CONTEXT_CONDITIONAL_ONLY,A,,"{""-1"": -1, ""1"": 1}"
E2_CONTEXT_SIGN_FLIP,72042,ANTITHETIC_CRN_MC,64,CONTEXT_CONDITIONAL_ONLY,A,,"{""-1"": -1, ""1"": 1}"
E2_CONTEXT_SIGN_FLIP,72042,ANTITHETIC_CRN_MC,128,CONTEXT_CONDITIONAL_ONLY,A,,"{""-1"": -1, ""1"": 1}"
E2_CONTEXT_SIGN_FLIP,72042,ANTITHETIC_CRN_MC,256,CONTEXT_CONDITIONAL_ONLY,A,,"{""-1"": -1, ""1"": 1}"
E2_CONTEXT_SIGN_FLIP,72042,CRN_CHAIN_MC,8,CONTEXT_CONDITIONAL_ONLY,A,,"{""-1"": -1, ""1"": 1}"
E2_CONTEXT_SIGN_FLIP,72042,CRN_CHAIN_MC,16,CONTEXT_CONDITIONAL_ONLY,A,,"{""-1"": -1, ""1"": 1}"
E2_CONTEXT_SIGN_FLIP,72042,CRN_CHAIN_MC,32,CONTEXT_CONDITIONAL_ONLY,A,,"{""-1"": -1, ""1"": 1}"
E2_CONTEXT_SIGN_FLIP,72042,CRN_CHAIN_MC,64,CONTEXT_CONDITIONAL_ONLY,A,,"{""-1"": -1, ""1"": 1}"
E2_CONTEXT_SIGN_FLIP,72042,CRN_CHAIN_MC,128,CONTEXT_CONDITIONAL_ONLY,A,,"{""-1"": -1, ""1"": 1}"
E2_CONTEXT_SIGN_FLIP,72042,CRN_CHAIN_MC,256,CONTEXT_CONDITIONAL_ONLY,A,,"{""-1"": -1, ""1"": 1}"
E2_CONTEXT_SIGN_FLIP,72042,DOUBLE_ANTITHETIC_CRN_MC,8,CONTEXT_CONDITIONAL_ONLY,A,,"{""-1"": -1, ""1"": 1}"
E2_CONTEXT_SIGN_FLIP,72042,DOUBLE_ANTITHETIC_CRN_MC,16,CONTEXT_CONDITIONAL_ONLY,A,,"{""-1"": -1, ""1"": 1}"
E2_CONTEXT_SIGN_FLIP,72042,DOUBLE_ANTITHETIC_CRN_MC,32,CONTEXT_CONDITIONAL_ONLY,A,,"{""-1"": -1, ""1"": 1}"
E2_CONTEXT_SIGN_FLIP,72042,DOUBLE_ANTITHETIC_CRN_MC,64,CONTEXT_CONDITIONAL_ONLY,A,,"{""-1"": -1, ""1"": 1}"
E2_CONTEXT_SIGN_FLIP,72042,DOUBLE_ANTITHETIC_CRN_MC,128,CONTEXT_CONDITIONAL_ONLY,A,,"{""-1"": -1, ""1"": 1}"
E2_CONTEXT_SIGN_FLIP,72042,DOUBLE_ANTITHETIC_CRN_MC,256,CONTEXT_CONDITIONAL_ONLY,A,,"{""-1"": -1, ""1"": 1}"
E2_CONTEXT_SIGN_FLIP,72042,LEGACY_INDEPENDENT_MC,8,CONTEXT_CONDITIONAL_ONLY,A,,"{""-1"": -1, ""1"": 1}"
E2_CONTEXT_SIGN_FLIP,72042,LEGACY_INDEPENDENT_MC,16,CONTEXT_CONDITIONAL_ONLY,A,,"{""-1"": -1, ""1"": 1}"
E2_CONTEXT_SIGN_FLIP,72042,LEGACY_INDEPENDENT_MC,32,CONTEXT_CONDITIONAL_ONLY,A,,"{""-1"": -1, ""1"": 1}"
E2_CONTEXT_SIGN_FLIP,72042,LEGACY_INDEPENDENT_MC,64,CONTEXT_CONDITIONAL_ONLY,A,,"{""-1"": -1, ""1"": 1}"
E2_CONTEXT_SIGN_FLIP,72042,LEGACY_INDEPENDENT_MC,128,CONTEXT_CONDITIONAL_ONLY,A,,"{""-1"": -1, ""1"": 1}"
E2_CONTEXT_SIGN_FLIP,72042,LEGACY_INDEPENDENT_MC,256,CONTEXT_CONDITIONAL_ONLY,A,,"{""-1"": -1, ""1"": 1}"
E2_CONTEXT_SIGN_FLIP,72043,ANTITHETIC_CRN_MC,8,CONTEXT_CONDITIONAL_ONLY,A,,"{""-1"": -1, ""1"": 1}"
E2_CONTEXT_SIGN_FLIP,72043,ANTITHETIC_CRN_MC,16,CONTEXT_CONDITIONAL_ONLY,A,,"{""-1"": -1, ""1"": 1}"
E2_CONTEXT_SIGN_FLIP,72043,ANTITHETIC_CRN_MC,32,CONTEXT_CONDITIONAL_ONLY,A,,"{""-1"": -1, ""1"": 1}"
E2_CONTEXT_SIGN_FLIP,72043,ANTITHETIC_CRN_MC,64,CONTEXT_CONDITIONAL_ONLY,A,,"{""-1"": -1, ""1"": 1}"
E2_CONTEXT_SIGN_FLIP,72043,ANTITHETIC_CRN_MC,128,CONTEXT_CONDITIONAL_ONLY,A,,"{""-1"": -1, ""1"": 1}"
E2_CONTEXT_SIGN_FLIP,72043,ANTITHETIC_CRN_MC,256,CONTEXT_CONDITIONAL_ONLY,A,,"{""-1"": -1, ""1"": 1}"
E2_CONTEXT_SIGN_FLIP,72043,CRN_CHAIN_MC,8,CONTEXT_CONDITIONAL_ONLY,A,,"{""-1"": -1, ""1"": 1}"
E2_CONTEXT_SIGN_FLIP,72043,CRN_CHAIN_MC,16,CONTEXT_CONDITIONAL_ONLY,A,,"{""-1"": -1, ""1"": 1}"
E2_CONTEXT_SIGN_FLIP,72043,CRN_CHAIN_MC,32,CONTEXT_CONDITIONAL_ONLY,A,,"{""-1"": -1, ""1"": 1}"
E2_CONTEXT_SIGN_FLIP,72043,CRN_CHAIN_MC,64,CONTEXT_CONDITIONAL_ONLY,A,,"{""-1"": -1, ""1"": 1}"
E2_CONTEXT_SIGN_FLIP,72043,CRN_CHAIN_MC,128,CONTEXT_CONDITIONAL_ONLY,A,,"{""-1"": -1, ""1"": 1}"
E2_CONTEXT_SIGN_FLIP,72043,CRN_CHAIN_MC,256,CONTEXT_CONDITIONAL_ONLY,A,,"{""-1"": -1, ""1"": 1}"
E2_CONTEXT_SIGN_FLIP,72043,DOUBLE_ANTITHETIC_CRN_MC,8,CONTEXT_CONDITIONAL_ONLY,A,,"{""-1"": -1, ""1"": 1}"
E2_CONTEXT_SIGN_FLIP,72043,DOUBLE_ANTITHETIC_CRN_MC,16,CONTEXT_CONDITIONAL_ONLY,A,,"{""-1"": -1, ""1"": 1}"
E2_CONTEXT_SIGN_FLIP,72043,DOUBLE_ANTITHETIC_CRN_MC,32,CONTEXT_CONDITIONAL_ONLY,A,,"{""-1"": -1, ""1"": 1}"
E2_CONTEXT_SIGN_FLIP,72043,DOUBLE_ANTITHETIC_CRN_MC,64,CONTEXT_CONDITIONAL_ONLY,A,,"{""-1"": -1, ""1"": 1}"
E2_CONTEXT_SIGN_FLIP,72043,DOUBLE_ANTITHETIC_CRN_MC,128,CONTEXT_CONDITIONAL_ONLY,A,,"{""-1"": -1, ""1"": 1}"
E2_CONTEXT_SIGN_FLIP,72043,DOUBLE_ANTITHETIC_CRN_MC,256,CONTEXT_CONDITIONAL_ONLY,A,,"{""-1"": -1, ""1"": 1}"
E2_CONTEXT_SIGN_FLIP,72043,LEGACY_INDEPENDENT_MC,8,CONTEXT_CONDITIONAL_ONLY,A,,"{""-1"": -1, ""1"": 1}"
E2_CONTEXT_SIGN_FLIP,72043,LEGACY_INDEPENDENT_MC,16,CONTEXT_CONDITIONAL_ONLY,A,,"{""-1"": -1, ""1"": 1}"
E2_CONTEXT_SIGN_FLIP,72043,LEGACY_INDEPENDENT_MC,32,CONTEXT_CONDITIONAL_ONLY,A,,"{""-1"": -1, ""1"": 1}"
E2_CONTEXT_SIGN_FLIP,72043,LEGACY_INDEPENDENT_MC,64,CONTEXT_CONDITIONAL_ONLY,A,,"{""-1"": -1, ""1"": 1}"
E2_CONTEXT_SIGN_FLIP,72043,LEGACY_INDEPENDENT_MC,128,CONTEXT_CONDITIONAL_ONLY,A,,"{""-1"": -1, ""1"": 1}"
E2_CONTEXT_SIGN_FLIP,72043,LEGACY_INDEPENDENT_MC,256,CONTEXT_CONDITIONAL_ONLY,A,,"{""-1"": -1, ""1"": 1}"
E2_CONTEXT_SIGN_FLIP,72044,ANTITHETIC_CRN_MC,8,CONTEXT_CONDITIONAL_ONLY,A,,"{""-1"": -1, ""1"": 1}"
E2_CONTEXT_SIGN_FLIP,72044,ANTITHETIC_CRN_MC,16,CONTEXT_CONDITIONAL_ONLY,A,,"{""-1"": -1, ""1"": 1}"
E2_CONTEXT_SIGN_FLIP,72044,ANTITHETIC_CRN_MC,32,CONTEXT_CONDITIONAL_ONLY,A,,"{""-1"": -1, ""1"": 1}"
E2_CONTEXT_SIGN_FLIP,72044,ANTITHETIC_CRN_MC,64,CONTEXT_CONDITIONAL_ONLY,A,,"{""-1"": -1, ""1"": 1}"
E2_CONTEXT_SIGN_FLIP,72044,ANTITHETIC_CRN_MC,128,CONTEXT_CONDITIONAL_ONLY,A,,"{""-1"": -1, ""1"": 1}"
E2_CONTEXT_SIGN_FLIP,72044,ANTITHETIC_CRN_MC,256,CONTEXT_CONDITIONAL_ONLY,A,,"{""-1"": -1, ""1"": 1}"
E2_CONTEXT_SIGN_FLIP,72044,CRN_CHAIN_MC,8,CONTEXT_CONDITIONAL_ONLY,A,,"{""-1"": -1, ""1"": 1}"
E2_CONTEXT_SIGN_FLIP,72044,CRN_CHAIN_MC,16,CONTEXT_CONDITIONAL_ONLY,A,,"{""-1"": -1, ""1"": 1}"
E2_CONTEXT_SIGN_FLIP,72044,CRN_CHAIN_MC,32,CONTEXT_CONDITIONAL_ONLY,A,,"{""-1"": -1, ""1"": 1}"
E2_CONTEXT_SIGN_FLIP,72044,CRN_CHAIN_MC,64,CONTEXT_CONDITIONAL_ONLY,A,,"{""-1"": -1, ""1"": 1}"
E2_CONTEXT_SIGN_FLIP,72044,CRN_CHAIN_MC,128,CONTEXT_CONDITIONAL_ONLY,A,,"{""-1"": -1, ""1"": 1}"
E2_CONTEXT_SIGN_FLIP,72044,CRN_CHAIN_MC,256,CONTEXT_CONDITIONAL_ONLY,A,,"{""-1"": -1, ""1"": 1}"
E2_CONTEXT_SIGN_FLIP,72044,DOUBLE_ANTITHETIC_CRN_MC,8,CONTEXT_CONDITIONAL_ONLY,A,,"{""-1"": -1, ""1"": 1}"
E2_CONTEXT_SIGN_FLIP,72044,DOUBLE_ANTITHETIC_CRN_MC,16,CONTEXT_CONDITIONAL_ONLY,A,,"{""-1"": -1, ""1"": 1}"
E2_CONTEXT_SIGN_FLIP,72044,DOUBLE_ANTITHETIC_CRN_MC,32,CONTEXT_CONDITIONAL_ONLY,A,,"{""-1"": -1, ""1"": 1}"
E2_CONTEXT_SIGN_FLIP,72044,DOUBLE_ANTITHETIC_CRN_MC,64,CONTEXT_CONDITIONAL_ONLY,A,,"{""-1"": -1, ""1"": 1}"
E2_CONTEXT_SIGN_FLIP,72044,DOUBLE_ANTITHETIC_CRN_MC,128,CONTEXT_CONDITIONAL_ONLY,A,,"{""-1"": -1, ""1"": 1}"
E2_CONTEXT_SIGN_FLIP,72044,DOUBLE_ANTITHETIC_CRN_MC,256,CONTEXT_CONDITIONAL_ONLY,A,,"{""-1"": -1, ""1"": 1}"
E2_CONTEXT_SIGN_FLIP,72044,LEGACY_INDEPENDENT_MC,8,CONTEXT_CONDITIONAL_ONLY,A,,"{""-1"": -1, ""1"": 1}"
E2_CONTEXT_SIGN_FLIP,72044,LEGACY_INDEPENDENT_MC,16,CONTEXT_CONDITIONAL_ONLY,A,,"{""-1"": -1, ""1"": 1}"
E2_CONTEXT_SIGN_FLIP,72044,LEGACY_INDEPENDENT_MC,32,CONTEXT_CONDITIONAL_ONLY,A,,"{""-1"": -1, ""1"": 1}"
E2_CONTEXT_SIGN_FLIP,72044,LEGACY_INDEPENDENT_MC,64,CONTEXT_CONDITIONAL_ONLY,A,,"{""-1"": -1, ""1"": 1}"
E2_CONTEXT_SIGN_FLIP,72044,LEGACY_INDEPENDENT_MC,128,CONTEXT_CONDITIONAL_ONLY,A,,"{""-1"": -1, ""1"": 1}"
E2_CONTEXT_SIGN_FLIP,72044,LEGACY_INDEPENDENT_MC,256,CONTEXT_CONDITIONAL_ONLY,A,,"{""-1"": -1, ""1"": 1}"
E2_CONTEXT_SIGN_FLIP,72045,ANTITHETIC_CRN_MC,8,CONTEXT_CONDITIONAL_ONLY,A,,"{""-1"": -1, ""1"": 1}"
E2_CONTEXT_SIGN_FLIP,72045,ANTITHETIC_CRN_MC,16,CONTEXT_CONDITIONAL_ONLY,A,,"{""-1"": -1, ""1"": 1}"
E2_CONTEXT_SIGN_FLIP,72045,ANTITHETIC_CRN_MC,32,CONTEXT_CONDITIONAL_ONLY,A,,"{""-1"": -1, ""1"": 1}"
E2_CONTEXT_SIGN_FLIP,72045,ANTITHETIC_CRN_MC,64,CONTEXT_CONDITIONAL_ONLY,A,,"{""-1"": -1, ""1"": 1}"
E2_CONTEXT_SIGN_FLIP,72045,ANTITHETIC_CRN_MC,128,CONTEXT_CONDITIONAL_ONLY,A,,"{""-1"": -1, ""1"": 1}"
E2_CONTEXT_SIGN_FLIP,72045,ANTITHETIC_CRN_MC,256,CONTEXT_CONDITIONAL_ONLY,A,,"{""-1"": -1, ""1"": 1}"
E2_CONTEXT_SIGN_FLIP,72045,CRN_CHAIN_MC,8,CONTEXT_CONDITIONAL_ONLY,A,,"{""-1"": -1, ""1"": 1}"
E2_CONTEXT_SIGN_FLIP,72045,CRN_CHAIN_MC,16,CONTEXT_CONDITIONAL_ONLY,A,,"{""-1"": -1, ""1"": 1}"
E2_CONTEXT_SIGN_FLIP,72045,CRN_CHAIN_MC,32,CONTEXT_CONDITIONAL_ONLY,A,,"{""-1"": -1, ""1"": 1}"
E2_CONTEXT_SIGN_FLIP,72045,CRN_CHAIN_MC,64,CONTEXT_CONDITIONAL_ONLY,A,,"{""-1"": -1, ""1"": 1}"
E2_CONTEXT_SIGN_FLIP,72045,CRN_CHAIN_MC,128,CONTEXT_CONDITIONAL_ONLY,A,,"{""-1"": -1, ""1"": 1}"
E2_CONTEXT_SIGN_FLIP,72045,CRN_CHAIN_MC,256,CONTEXT_CONDITIONAL_ONLY,A,,"{""-1"": -1, ""1"": 1}"
E2_CONTEXT_SIGN_FLIP,72045,DOUBLE_ANTITHETIC_CRN_MC,8,CONTEXT_CONDITIONAL_ONLY,A,,"{""-1"": -1, ""1"": 1}"
E2_CONTEXT_SIGN_FLIP,72045,DOUBLE_ANTITHETIC_CRN_MC,16,CONTEXT_CONDITIONAL_ONLY,A,,"{""-1"": -1, ""1"": 1}"
E2_CONTEXT_SIGN_FLIP,72045,DOUBLE_ANTITHETIC_CRN_MC,32,CONTEXT_CONDITIONAL_ONLY,A,,"{""-1"": -1, ""1"": 1}"
E2_CONTEXT_SIGN_FLIP,72045,DOUBLE_ANTITHETIC_CRN_MC,64,CONTEXT_CONDITIONAL_ONLY,A,,"{""-1"": -1, ""1"": 1}"
E2_CONTEXT_SIGN_FLIP,72045,DOUBLE_ANTITHETIC_CRN_MC,128,CONTEXT_CONDITIONAL_ONLY,A,,"{""-1"": -1, ""1"": 1}"
E2_CONTEXT_SIGN_FLIP,72045,DOUBLE_ANTITHETIC_CRN_MC,256,CONTEXT_CONDITIONAL_ONLY,A,,"{""-1"": -1, ""1"": 1}"
E2_CONTEXT_SIGN_FLIP,72045,LEGACY_INDEPENDENT_MC,8,CONTEXT_CONDITIONAL_ONLY,A,,"{""-1"": -1, ""1"": 1}"
E2_CONTEXT_SIGN_FLIP,72045,LEGACY_INDEPENDENT_MC,16,CONTEXT_CONDITIONAL_ONLY,A,,"{""-1"": -1, ""1"": 1}"
E2_CONTEXT_SIGN_FLIP,72045,LEGACY_INDEPENDENT_MC,32,CONTEXT_CONDITIONAL_ONLY,A,,"{""-1"": -1, ""1"": 1}"
E2_CONTEXT_SIGN_FLIP,72045,LEGACY_INDEPENDENT_MC,64,CONTEXT_CONDITIONAL_ONLY,A,,"{""-1"": -1, ""1"": 1}"
E2_CONTEXT_SIGN_FLIP,72045,LEGACY_INDEPENDENT_MC,128,CONTEXT_CONDITIONAL_ONLY,A,,"{""-1"": -1, ""1"": 1}"
E2_CONTEXT_SIGN_FLIP,72045,LEGACY_INDEPENDENT_MC,256,CONTEXT_CONDITIONAL_ONLY,A,,"{""-1"": -1, ""1"": 1}"
E2_CONTEXT_SIGN_FLIP,72046,ANTITHETIC_CRN_MC,8,CONTEXT_CONDITIONAL_ONLY,A,,"{""-1"": -1, ""1"": 1}"
E2_CONTEXT_SIGN_FLIP,72046,ANTITHETIC_CRN_MC,16,CONTEXT_CONDITIONAL_ONLY,A,,"{""-1"": -1, ""1"": 1}"
E2_CONTEXT_SIGN_FLIP,72046,ANTITHETIC_CRN_MC,32,CONTEXT_CONDITIONAL_ONLY,A,,"{""-1"": -1, ""1"": 1}"
E2_CONTEXT_SIGN_FLIP,72046,ANTITHETIC_CRN_MC,64,CONTEXT_CONDITIONAL_ONLY,A,,"{""-1"": -1, ""1"": 1}"
E2_CONTEXT_SIGN_FLIP,72046,ANTITHETIC_CRN_MC,128,CONTEXT_CONDITIONAL_ONLY,A,,"{""-1"": -1, ""1"": 1}"
E2_CONTEXT_SIGN_FLIP,72046,ANTITHETIC_CRN_MC,256,CONTEXT_CONDITIONAL_ONLY,A,,"{""-1"": -1, ""1"": 1}"
E2_CONTEXT_SIGN_FLIP,72046,CRN_CHAIN_MC,8,CONTEXT_CONDITIONAL_ONLY,A,,"{""-1"": -1, ""1"": 1}"
E2_CONTEXT_SIGN_FLIP,72046,CRN_CHAIN_MC,16,CONTEXT_CONDITIONAL_ONLY,A,,"{""-1"": -1, ""1"": 1}"
E2_CONTEXT_SIGN_FLIP,72046,CRN_CHAIN_MC,32,CONTEXT_CONDITIONAL_ONLY,A,,"{""-1"": -1, ""1"": 1}"
E2_CONTEXT_SIGN_FLIP,72046,CRN_CHAIN_MC,64,CONTEXT_CONDITIONAL_ONLY,A,,"{""-1"": -1, ""1"": 1}"
E2_CONTEXT_SIGN_FLIP,72046,CRN_CHAIN_MC,128,CONTEXT_CONDITIONAL_ONLY,A,,"{""-1"": -1, ""1"": 1}"
E2_CONTEXT_SIGN_FLIP,72046,CRN_CHAIN_MC,256,CONTEXT_CONDITIONAL_ONLY,A,,"{""-1"": -1, ""1"": 1}"
E2_CONTEXT_SIGN_FLIP,72046,DOUBLE_ANTITHETIC_CRN_MC,8,CONTEXT_CONDITIONAL_ONLY,A,,"{""-1"": -1, ""1"": 1}"
E2_CONTEXT_SIGN_FLIP,72046,DOUBLE_ANTITHETIC_CRN_MC,16,CONTEXT_CONDITIONAL_ONLY,A,,"{""-1"": -1, ""1"": 1}"
E2_CONTEXT_SIGN_FLIP,72046,DOUBLE_ANTITHETIC_CRN_MC,32,CONTEXT_CONDITIONAL_ONLY,A,,"{""-1"": -1, ""1"": 1}"
E2_CONTEXT_SIGN_FLIP,72046,DOUBLE_ANTITHETIC_CRN_MC,64,CONTEXT_CONDITIONAL_ONLY,A,,"{""-1"": -1, ""1"": 1}"
E2_CONTEXT_SIGN_FLIP,72046,DOUBLE_ANTITHETIC_CRN_MC,128,CONTEXT_CONDITIONAL_ONLY,A,,"{""-1"": -1, ""1"": 1}"
E2_CONTEXT_SIGN_FLIP,72046,DOUBLE_ANTITHETIC_CRN_MC,256,CONTEXT_CONDITIONAL_ONLY,A,,"{""-1"": -1, ""1"": 1}"
E2_CONTEXT_SIGN_FLIP,72046,LEGACY_INDEPENDENT_MC,8,CONTEXT_CONDITIONAL_ONLY,A,,"{""-1"": -1, ""1"": 1}"
E2_CONTEXT_SIGN_FLIP,72046,LEGACY_INDEPENDENT_MC,16,CONTEXT_CONDITIONAL_ONLY,A,,"{""-1"": -1, ""1"": 1}"
E2_CONTEXT_SIGN_FLIP,72046,LEGACY_INDEPENDENT_MC,32,CONTEXT_CONDITIONAL_ONLY,A,,"{""-1"": -1, ""1"": 1}"
E2_CONTEXT_SIGN_FLIP,72046,LEGACY_INDEPENDENT_MC,64,CONTEXT_CONDITIONAL_ONLY,A,,"{""-1"": -1, ""1"": 1}"
E2_CONTEXT_SIGN_FLIP,72046,LEGACY_INDEPENDENT_MC,128,CONTEXT_CONDITIONAL_ONLY,A,,"{""-1"": -1, ""1"": 1}"
E2_CONTEXT_SIGN_FLIP,72046,LEGACY_INDEPENDENT_MC,256,CONTEXT_CONDITIONAL_ONLY,A,,"{""-1"": -1, ""1"": 1}"
E2_CONTEXT_SIGN_FLIP,72047,ANTITHETIC_CRN_MC,8,CONTEXT_CONDITIONAL_ONLY,A,,"{""-1"": -1, ""1"": 1}"
E2_CONTEXT_SIGN_FLIP,72047,ANTITHETIC_CRN_MC,16,CONTEXT_CONDITIONAL_ONLY,A,,"{""-1"": -1, ""1"": 1}"
E2_CONTEXT_SIGN_FLIP,72047,ANTITHETIC_CRN_MC,32,CONTEXT_CONDITIONAL_ONLY,A,,"{""-1"": -1, ""1"": 1}"
E2_CONTEXT_SIGN_FLIP,72047,ANTITHETIC_CRN_MC,64,CONTEXT_CONDITIONAL_ONLY,A,,"{""-1"": -1, ""1"": 1}"
E2_CONTEXT_SIGN_FLIP,72047,ANTITHETIC_CRN_MC,128,CONTEXT_CONDITIONAL_ONLY,A,,"{""-1"": -1, ""1"": 1}"
E2_CONTEXT_SIGN_FLIP,72047,ANTITHETIC_CRN_MC,256,CONTEXT_CONDITIONAL_ONLY,A,,"{""-1"": -1, ""1"": 1}"
E2_CONTEXT_SIGN_FLIP,72047,CRN_CHAIN_MC,8,CONTEXT_CONDITIONAL_ONLY,A,,"{""-1"": -1, ""1"": 1}"
E2_CONTEXT_SIGN_FLIP,72047,CRN_CHAIN_MC,16,CONTEXT_CONDITIONAL_ONLY,A,,"{""-1"": -1, ""1"": 1}"
E2_CONTEXT_SIGN_FLIP,72047,CRN_CHAIN_MC,32,CONTEXT_CONDITIONAL_ONLY,A,,"{""-1"": -1, ""1"": 1}"
E2_CONTEXT_SIGN_FLIP,72047,CRN_CHAIN_MC,64,CONTEXT_CONDITIONAL_ONLY,A,,"{""-1"": -1, ""1"": 1}"
E2_CONTEXT_SIGN_FLIP,72047,CRN_CHAIN_MC,128,CONTEXT_CONDITIONAL_ONLY,A,,"{""-1"": -1, ""1"": 1}"
E2_CONTEXT_SIGN_FLIP,72047,CRN_CHAIN_MC,256,CONTEXT_CONDITIONAL_ONLY,A,,"{""-1"": -1, ""1"": 1}"
E2_CONTEXT_SIGN_FLIP,72047,DOUBLE_ANTITHETIC_CRN_MC,8,CONTEXT_CONDITIONAL_ONLY,A,,"{""-1"": -1, ""1"": 1}"
E2_CONTEXT_SIGN_FLIP,72047,DOUBLE_ANTITHETIC_CRN_MC,16,CONTEXT_CONDITIONAL_ONLY,A,,"{""-1"": -1, ""1"": 1}"
E2_CONTEXT_SIGN_FLIP,72047,DOUBLE_ANTITHETIC_CRN_MC,32,CONTEXT_CONDITIONAL_ONLY,A,,"{""-1"": -1, ""1"": 1}"
E2_CONTEXT_SIGN_FLIP,72047,DOUBLE_ANTITHETIC_CRN_MC,64,CONTEXT_CONDITIONAL_ONLY,A,,"{""-1"": -1, ""1"": 1}"
E2_CONTEXT_SIGN_FLIP,72047,DOUBLE_ANTITHETIC_CRN_MC,128,CONTEXT_CONDITIONAL_ONLY,A,,"{""-1"": -1, ""1"": 1}"
E2_CONTEXT_SIGN_FLIP,72047,DOUBLE_ANTITHETIC_CRN_MC,256,CONTEXT_CONDITIONAL_ONLY,A,,"{""-1"": -1, ""1"": 1}"
E2_CONTEXT_SIGN_FLIP,72047,LEGACY_INDEPENDENT_MC,8,CONTEXT_CONDITIONAL_ONLY,A,,"{""-1"": -1, ""1"": 1}"
E2_CONTEXT_SIGN_FLIP,72047,LEGACY_INDEPENDENT_MC,16,CONTEXT_CONDITIONAL_ONLY,A,,"{""-1"": -1, ""1"": 1}"
E2_CONTEXT_SIGN_FLIP,72047,LEGACY_INDEPENDENT_MC,32,CONTEXT_CONDITIONAL_ONLY,A,,"{""-1"": -1, ""1"": 1}"
E2_CONTEXT_SIGN_FLIP,72047,LEGACY_INDEPENDENT_MC,64,CONTEXT_CONDITIONAL_ONLY,A,,"{""-1"": -1, ""1"": 1}"
E2_CONTEXT_SIGN_FLIP,72047,LEGACY_INDEPENDENT_MC,128,CONTEXT_CONDITIONAL_ONLY,A,,"{""-1"": -1, ""1"": 1}"
E2_CONTEXT_SIGN_FLIP,72047,LEGACY_INDEPENDENT_MC,256,CONTEXT_CONDITIONAL_ONLY,A,,"{""-1"": -1, ""1"": 1}"
E2_CONTEXT_SIGN_FLIP,72048,ANTITHETIC_CRN_MC,8,CONTEXT_CONDITIONAL_ONLY,A,,"{""-1"": -1, ""1"": 1}"
E2_CONTEXT_SIGN_FLIP,72048,ANTITHETIC_CRN_MC,16,CONTEXT_CONDITIONAL_ONLY,A,,"{""-1"": -1, ""1"": 1}"
E2_CONTEXT_SIGN_FLIP,72048,ANTITHETIC_CRN_MC,32,CONTEXT_CONDITIONAL_ONLY,A,,"{""-1"": -1, ""1"": 1}"
E2_CONTEXT_SIGN_FLIP,72048,ANTITHETIC_CRN_MC,64,CONTEXT_CONDITIONAL_ONLY,A,,"{""-1"": -1, ""1"": 1}"
E2_CONTEXT_SIGN_FLIP,72048,ANTITHETIC_CRN_MC,128,CONTEXT_CONDITIONAL_ONLY,A,,"{""-1"": -1, ""1"": 1}"
E2_CONTEXT_SIGN_FLIP,72048,ANTITHETIC_CRN_MC,256,CONTEXT_CONDITIONAL_ONLY,A,,"{""-1"": -1, ""1"": 1}"
E2_CONTEXT_SIGN_FLIP,72048,CRN_CHAIN_MC,8,CONTEXT_CONDITIONAL_ONLY,A,,"{""-1"": -1, ""1"": 1}"
E2_CONTEXT_SIGN_FLIP,72048,CRN_CHAIN_MC,16,CONTEXT_CONDITIONAL_ONLY,A,,"{""-1"": -1, ""1"": 1}"
E2_CONTEXT_SIGN_FLIP,72048,CRN_CHAIN_MC,32,CONTEXT_CONDITIONAL_ONLY,A,,"{""-1"": -1, ""1"": 1}"
E2_CONTEXT_SIGN_FLIP,72048,CRN_CHAIN_MC,64,CONTEXT_CONDITIONAL_ONLY,A,,"{""-1"": -1, ""1"": 1}"
E2_CONTEXT_SIGN_FLIP,72048,CRN_CHAIN_MC,128,CONTEXT_CONDITIONAL_ONLY,A,,"{""-1"": -1, ""1"": 1}"
E2_CONTEXT_SIGN_FLIP,72048,CRN_CHAIN_MC,256,CONTEXT_CONDITIONAL_ONLY,A,,"{""-1"": -1, ""1"": 1}"
E2_CONTEXT_SIGN_FLIP,72048,DOUBLE_ANTITHETIC_CRN_MC,8,CONTEXT_CONDITIONAL_ONLY,A,,"{""-1"": -1, ""1"": 1}"
E2_CONTEXT_SIGN_FLIP,72048,DOUBLE_ANTITHETIC_CRN_MC,16,CONTEXT_CONDITIONAL_ONLY,A,,"{""-1"": -1, ""1"": 1}"
E2_CONTEXT_SIGN_FLIP,72048,DOUBLE_ANTITHETIC_CRN_MC,32,CONTEXT_CONDITIONAL_ONLY,A,,"{""-1"": -1, ""1"": 1}"
E2_CONTEXT_SIGN_FLIP,72048,DOUBLE_ANTITHETIC_CRN_MC,64,CONTEXT_CONDITIONAL_ONLY,A,,"{""-1"": -1, ""1"": 1}"
E2_CONTEXT_SIGN_FLIP,72048,DOUBLE_ANTITHETIC_CRN_MC,128,CONTEXT_CONDITIONAL_ONLY,A,,"{""-1"": -1, ""1"": 1}"
E2_CONTEXT_SIGN_FLIP,72048,DOUBLE_ANTITHETIC_CRN_MC,256,CONTEXT_CONDITIONAL_ONLY,A,,"{""-1"": -1, ""1"": 1}"
E2_CONTEXT_SIGN_FLIP,72048,LEGACY_INDEPENDENT_MC,8,CONTEXT_CONDITIONAL_ONLY,A,,"{""-1"": -1, ""1"": 1}"
E2_CONTEXT_SIGN_FLIP,72048,LEGACY_INDEPENDENT_MC,16,CONTEXT_CONDITIONAL_ONLY,A,,"{""-1"": -1, ""1"": 1}"
E2_CONTEXT_SIGN_FLIP,72048,LEGACY_INDEPENDENT_MC,32,CONTEXT_CONDITIONAL_ONLY,A,,"{""-1"": -1, ""1"": 1}"
E2_CONTEXT_SIGN_FLIP,72048,LEGACY_INDEPENDENT_MC,64,CONTEXT_CONDITIONAL_ONLY,A,,"{""-1"": -1, ""1"": 1}"
E2_CONTEXT_SIGN_FLIP,72048,LEGACY_INDEPENDENT_MC,128,CONTEXT_CONDITIONAL_ONLY,A,,"{""-1"": -1, ""1"": 1}"
E2_CONTEXT_SIGN_FLIP,72048,LEGACY_INDEPENDENT_MC,256,CONTEXT_CONDITIONAL_ONLY,A,,"{""-1"": -1, ""1"": 1}"
E2_CONTEXT_SIGN_FLIP,72049,ANTITHETIC_CRN_MC,8,CONTEXT_CONDITIONAL_ONLY,A,,"{""-1"": -1, ""1"": 1}"
E2_CONTEXT_SIGN_FLIP,72049,ANTITHETIC_CRN_MC,16,CONTEXT_CONDITIONAL_ONLY,A,,"{""-1"": -1, ""1"": 1}"
E2_CONTEXT_SIGN_FLIP,72049,ANTITHETIC_CRN_MC,32,CONTEXT_CONDITIONAL_ONLY,A,,"{""-1"": -1, ""1"": 1}"
E2_CONTEXT_SIGN_FLIP,72049,ANTITHETIC_CRN_MC,64,CONTEXT_CONDITIONAL_ONLY,A,,"{""-1"": -1, ""1"": 1}"
E2_CONTEXT_SIGN_FLIP,72049,ANTITHETIC_CRN_MC,128,CONTEXT_CONDITIONAL_ONLY,A,,"{""-1"": -1, ""1"": 1}"
E2_CONTEXT_SIGN_FLIP,72049,ANTITHETIC_CRN_MC,256,CONTEXT_CONDITIONAL_ONLY,A,,"{""-1"": -1, ""1"": 1}"
E2_CONTEXT_SIGN_FLIP,72049,CRN_CHAIN_MC,8,CONTEXT_CONDITIONAL_ONLY,A,,"{""-1"": -1, ""1"": 1}"
E2_CONTEXT_SIGN_FLIP,72049,CRN_CHAIN_MC,16,CONTEXT_CONDITIONAL_ONLY,A,,"{""-1"": -1, ""1"": 1}"
E2_CONTEXT_SIGN_FLIP,72049,CRN_CHAIN_MC,32,CONTEXT_CONDITIONAL_ONLY,A,,"{""-1"": -1, ""1"": 1}"
E2_CONTEXT_SIGN_FLIP,72049,CRN_CHAIN_MC,64,CONTEXT_CONDITIONAL_ONLY,A,,"{""-1"": -1, ""1"": 1}"
E2_CONTEXT_SIGN_FLIP,72049,CRN_CHAIN_MC,128,CONTEXT_CONDITIONAL_ONLY,A,,"{""-1"": -1, ""1"": 1}"
E2_CONTEXT_SIGN_FLIP,72049,CRN_CHAIN_MC,256,CONTEXT_CONDITIONAL_ONLY,A,,"{""-1"": -1, ""1"": 1}"
E2_CONTEXT_SIGN_FLIP,72049,DOUBLE_ANTITHETIC_CRN_MC,8,CONTEXT_CONDITIONAL_ONLY,A,,"{""-1"": -1, ""1"": 1}"
E2_CONTEXT_SIGN_FLIP,72049,DOUBLE_ANTITHETIC_CRN_MC,16,CONTEXT_CONDITIONAL_ONLY,A,,"{""-1"": -1, ""1"": 1}"
E2_CONTEXT_SIGN_FLIP,72049,DOUBLE_ANTITHETIC_CRN_MC,32,CONTEXT_CONDITIONAL_ONLY,A,,"{""-1"": -1, ""1"": 1}"
E2_CONTEXT_SIGN_FLIP,72049,DOUBLE_ANTITHETIC_CRN_MC,64,CONTEXT_CONDITIONAL_ONLY,A,,"{""-1"": -1, ""1"": 1}"
E2_CONTEXT_SIGN_FLIP,72049,DOUBLE_ANTITHETIC_CRN_MC,128,CONTEXT_CONDITIONAL_ONLY,A,,"{""-1"": -1, ""1"": 1}"
E2_CONTEXT_SIGN_FLIP,72049,DOUBLE_ANTITHETIC_CRN_MC,256,CONTEXT_CONDITIONAL_ONLY,A,,"{""-1"": -1, ""1"": 1}"
E2_CONTEXT_SIGN_FLIP,72049,LEGACY_INDEPENDENT_MC,8,CONTEXT_CONDITIONAL_ONLY,A,,"{""-1"": -1, ""1"": 1}"
E2_CONTEXT_SIGN_FLIP,72049,LEGACY_INDEPENDENT_MC,16,CONTEXT_CONDITIONAL_ONLY,A,,"{""-1"": -1, ""1"": 1}"
E2_CONTEXT_SIGN_FLIP,72049,LEGACY_INDEPENDENT_MC,32,CONTEXT_CONDITIONAL_ONLY,A,,"{""-1"": -1, ""1"": 1}"
E2_CONTEXT_SIGN_FLIP,72049,LEGACY_INDEPENDENT_MC,64,CONTEXT_CONDITIONAL_ONLY,A,,"{""-1"": -1, ""1"": 1}"
E2_CONTEXT_SIGN_FLIP,72049,LEGACY_INDEPENDENT_MC,128,CONTEXT_CONDITIONAL_ONLY,A,,"{""-1"": -1, ""1"": 1}"
E2_CONTEXT_SIGN_FLIP,72049,LEGACY_INDEPENDENT_MC,256,CONTEXT_CONDITIONAL_ONLY,A,,"{""-1"": -1, ""1"": 1}"
E2_CONTEXT_SIGN_FLIP,72050,ANTITHETIC_CRN_MC,8,CONTEXT_CONDITIONAL_ONLY,A,,"{""-1"": -1, ""1"": 1}"
E2_CONTEXT_SIGN_FLIP,72050,ANTITHETIC_CRN_MC,16,CONTEXT_CONDITIONAL_ONLY,A,,"{""-1"": -1, ""1"": 1}"
E2_CONTEXT_SIGN_FLIP,72050,ANTITHETIC_CRN_MC,32,CONTEXT_CONDITIONAL_ONLY,A,,"{""-1"": -1, ""1"": 1}"
E2_CONTEXT_SIGN_FLIP,72050,ANTITHETIC_CRN_MC,64,CONTEXT_CONDITIONAL_ONLY,A,,"{""-1"": -1, ""1"": 1}"
E2_CONTEXT_SIGN_FLIP,72050,ANTITHETIC_CRN_MC,128,CONTEXT_CONDITIONAL_ONLY,A,,"{""-1"": -1, ""1"": 1}"
E2_CONTEXT_SIGN_FLIP,72050,ANTITHETIC_CRN_MC,256,CONTEXT_CONDITIONAL_ONLY,A,,"{""-1"": -1, ""1"": 1}"
E2_CONTEXT_SIGN_FLIP,72050,CRN_CHAIN_MC,8,CONTEXT_CONDITIONAL_ONLY,A,,"{""-1"": -1, ""1"": 1}"
E2_CONTEXT_SIGN_FLIP,72050,CRN_CHAIN_MC,16,CONTEXT_CONDITIONAL_ONLY,A,,"{""-1"": -1, ""1"": 1}"
E2_CONTEXT_SIGN_FLIP,72050,CRN_CHAIN_MC,32,CONTEXT_CONDITIONAL_ONLY,A,,"{""-1"": -1, ""1"": 1}"
E2_CONTEXT_SIGN_FLIP,72050,CRN_CHAIN_MC,64,CONTEXT_CONDITIONAL_ONLY,A,,"{""-1"": -1, ""1"": 1}"
E2_CONTEXT_SIGN_FLIP,72050,CRN_CHAIN_MC,128,CONTEXT_CONDITIONAL_ONLY,A,,"{""-1"": -1, ""1"": 1}"
E2_CONTEXT_SIGN_FLIP,72050,CRN_CHAIN_MC,256,CONTEXT_CONDITIONAL_ONLY,A,,"{""-1"": -1, ""1"": 1}"
E2_CONTEXT_SIGN_FLIP,72050,DOUBLE_ANTITHETIC_CRN_MC,8,CONTEXT_CONDITIONAL_ONLY,A,,"{""-1"": -1, ""1"": 1}"
E2_CONTEXT_SIGN_FLIP,72050,DOUBLE_ANTITHETIC_CRN_MC,16,CONTEXT_CONDITIONAL_ONLY,A,,"{""-1"": -1, ""1"": 1}"
E2_CONTEXT_SIGN_FLIP,72050,DOUBLE_ANTITHETIC_CRN_MC,32,CONTEXT_CONDITIONAL_ONLY,A,,"{""-1"": -1, ""1"": 1}"
E2_CONTEXT_SIGN_FLIP,72050,DOUBLE_ANTITHETIC_CRN_MC,64,CONTEXT_CONDITIONAL_ONLY,A,,"{""-1"": -1, ""1"": 1}"
E2_CONTEXT_SIGN_FLIP,72050,DOUBLE_ANTITHETIC_CRN_MC,128,CONTEXT_CONDITIONAL_ONLY,A,,"{""-1"": -1, ""1"": 1}"
E2_CONTEXT_SIGN_FLIP,72050,DOUBLE_ANTITHETIC_CRN_MC,256,CONTEXT_CONDITIONAL_ONLY,A,,"{""-1"": -1, ""1"": 1}"
E2_CONTEXT_SIGN_FLIP,72050,LEGACY_INDEPENDENT_MC,8,CONTEXT_CONDITIONAL_ONLY,A,,"{""-1"": -1, ""1"": 1}"
E2_CONTEXT_SIGN_FLIP,72050,LEGACY_INDEPENDENT_MC,16,CONTEXT_CONDITIONAL_ONLY,A,,"{""-1"": -1, ""1"": 1}"
E2_CONTEXT_SIGN_FLIP,72050,LEGACY_INDEPENDENT_MC,32,CONTEXT_CONDITIONAL_ONLY,A,,"{""-1"": -1, ""1"": 1}"
E2_CONTEXT_SIGN_FLIP,72050,LEGACY_INDEPENDENT_MC,64,CONTEXT_CONDITIONAL_ONLY,A,,"{""-1"": -1, ""1"": 1}"
E2_CONTEXT_SIGN_FLIP,72050,LEGACY_INDEPENDENT_MC,128,CONTEXT_CONDITIONAL_ONLY,A,,"{""-1"": -1, ""1"": 1}"
E2_CONTEXT_SIGN_FLIP,72050,LEGACY_INDEPENDENT_MC,256,CONTEXT_CONDITIONAL_ONLY,A,,"{""-1"": -1, ""1"": 1}"
E2_CONTEXT_SIGN_FLIP,72051,ANTITHETIC_CRN_MC,8,CONTEXT_CONDITIONAL_ONLY,A,,"{""-1"": -1, ""1"": 1}"
E2_CONTEXT_SIGN_FLIP,72051,ANTITHETIC_CRN_MC,16,CONTEXT_CONDITIONAL_ONLY,A,,"{""-1"": -1, ""1"": 1}"
E2_CONTEXT_SIGN_FLIP,72051,ANTITHETIC_CRN_MC,32,CONTEXT_CONDITIONAL_ONLY,A,,"{""-1"": -1, ""1"": 1}"
E2_CONTEXT_SIGN_FLIP,72051,ANTITHETIC_CRN_MC,64,CONTEXT_CONDITIONAL_ONLY,A,,"{""-1"": -1, ""1"": 1}"
E2_CONTEXT_SIGN_FLIP,72051,ANTITHETIC_CRN_MC,128,CONTEXT_CONDITIONAL_ONLY,A,,"{""-1"": -1, ""1"": 1}"
E2_CONTEXT_SIGN_FLIP,72051,ANTITHETIC_CRN_MC,256,CONTEXT_CONDITIONAL_ONLY,A,,"{""-1"": -1, ""1"": 1}"
E2_CONTEXT_SIGN_FLIP,72051,CRN_CHAIN_MC,8,CONTEXT_CONDITIONAL_ONLY,A,,"{""-1"": -1, ""1"": 1}"
E2_CONTEXT_SIGN_FLIP,72051,CRN_CHAIN_MC,16,CONTEXT_CONDITIONAL_ONLY,A,,"{""-1"": -1, ""1"": 1}"
E2_CONTEXT_SIGN_FLIP,72051,CRN_CHAIN_MC,32,CONTEXT_CONDITIONAL_ONLY,A,,"{""-1"": -1, ""1"": 1}"
E2_CONTEXT_SIGN_FLIP,72051,CRN_CHAIN_MC,64,CONTEXT_CONDITIONAL_ONLY,A,,"{""-1"": -1, ""1"": 1}"
E2_CONTEXT_SIGN_FLIP,72051,CRN_CHAIN_MC,128,CONTEXT_CONDITIONAL_ONLY,A,,"{""-1"": -1, ""1"": 1}"
E2_CONTEXT_SIGN_FLIP,72051,CRN_CHAIN_MC,256,CONTEXT_CONDITIONAL_ONLY,A,,"{""-1"": -1, ""1"": 1}"
E2_CONTEXT_SIGN_FLIP,72051,DOUBLE_ANTITHETIC_CRN_MC,8,CONTEXT_CONDITIONAL_ONLY,A,,"{""-1"": -1, ""1"": 1}"
E2_CONTEXT_SIGN_FLIP,72051,DOUBLE_ANTITHETIC_CRN_MC,16,CONTEXT_CONDITIONAL_ONLY,A,,"{""-1"": -1, ""1"": 1}"
E2_CONTEXT_SIGN_FLIP,72051,DOUBLE_ANTITHETIC_CRN_MC,32,CONTEXT_CONDITIONAL_ONLY,A,,"{""-1"": -1, ""1"": 1}"
E2_CONTEXT_SIGN_FLIP,72051,DOUBLE_ANTITHETIC_CRN_MC,64,CONTEXT_CONDITIONAL_ONLY,A,,"{""-1"": -1, ""1"": 1}"
E2_CONTEXT_SIGN_FLIP,72051,DOUBLE_ANTITHETIC_CRN_MC,128,CONTEXT_CONDITIONAL_ONLY,A,,"{""-1"": -1, ""1"": 1}"
E2_CONTEXT_SIGN_FLIP,72051,DOUBLE_ANTITHETIC_CRN_MC,256,CONTEXT_CONDITIONAL_ONLY,A,,"{""-1"": -1, ""1"": 1}"
E2_CONTEXT_SIGN_FLIP,72051,LEGACY_INDEPENDENT_MC,8,CONTEXT_CONDITIONAL_ONLY,A,,"{""-1"": -1, ""1"": 1}"
E2_CONTEXT_SIGN_FLIP,72051,LEGACY_INDEPENDENT_MC,16,CONTEXT_CONDITIONAL_ONLY,A,,"{""-1"": -1, ""1"": 1}"
E2_CONTEXT_SIGN_FLIP,72051,LEGACY_INDEPENDENT_MC,32,CONTEXT_CONDITIONAL_ONLY,A,,"{""-1"": -1, ""1"": 1}"
E2_CONTEXT_SIGN_FLIP,72051,LEGACY_INDEPENDENT_MC,64,CONTEXT_CONDITIONAL_ONLY,A,,"{""-1"": -1, ""1"": 1}"
E2_CONTEXT_SIGN_FLIP,72051,LEGACY_INDEPENDENT_MC,128,CONTEXT_CONDITIONAL_ONLY,A,,"{""-1"": -1, ""1"": 1}"
E2_CONTEXT_SIGN_FLIP,72051,LEGACY_INDEPENDENT_MC,256,CONTEXT_CONDITIONAL_ONLY,A,,"{""-1"": -1, ""1"": 1}"
E2_CONTEXT_SIGN_FLIP,72052,ANTITHETIC_CRN_MC,8,CONTEXT_CONDITIONAL_ONLY,A,,"{""-1"": -1, ""1"": 1}"
E2_CONTEXT_SIGN_FLIP,72052,ANTITHETIC_CRN_MC,16,CONTEXT_CONDITIONAL_ONLY,A,,"{""-1"": -1, ""1"": 1}"
E2_CONTEXT_SIGN_FLIP,72052,ANTITHETIC_CRN_MC,32,CONTEXT_CONDITIONAL_ONLY,A,,"{""-1"": -1, ""1"": 1}"
E2_CONTEXT_SIGN_FLIP,72052,ANTITHETIC_CRN_MC,64,CONTEXT_CONDITIONAL_ONLY,A,,"{""-1"": -1, ""1"": 1}"
E2_CONTEXT_SIGN_FLIP,72052,ANTITHETIC_CRN_MC,128,CONTEXT_CONDITIONAL_ONLY,A,,"{""-1"": -1, ""1"": 1}"
E2_CONTEXT_SIGN_FLIP,72052,ANTITHETIC_CRN_MC,256,CONTEXT_CONDITIONAL_ONLY,A,,"{""-1"": -1, ""1"": 1}"
E2_CONTEXT_SIGN_FLIP,72052,CRN_CHAIN_MC,8,CONTEXT_CONDITIONAL_ONLY,A,,"{""-1"": -1, ""1"": 1}"
E2_CONTEXT_SIGN_FLIP,72052,CRN_CHAIN_MC,16,CONTEXT_CONDITIONAL_ONLY,A,,"{""-1"": -1, ""1"": 1}"
E2_CONTEXT_SIGN_FLIP,72052,CRN_CHAIN_MC,32,CONTEXT_CONDITIONAL_ONLY,A,,"{""-1"": -1, ""1"": 1}"
E2_CONTEXT_SIGN_FLIP,72052,CRN_CHAIN_MC,64,CONTEXT_CONDITIONAL_ONLY,A,,"{""-1"": -1, ""1"": 1}"
E2_CONTEXT_SIGN_FLIP,72052,CRN_CHAIN_MC,128,CONTEXT_CONDITIONAL_ONLY,A,,"{""-1"": -1, ""1"": 1}"
E2_CONTEXT_SIGN_FLIP,72052,CRN_CHAIN_MC,256,CONTEXT_CONDITIONAL_ONLY,A,,"{""-1"": -1, ""1"": 1}"
E2_CONTEXT_SIGN_FLIP,72052,DOUBLE_ANTITHETIC_CRN_MC,8,CONTEXT_CONDITIONAL_ONLY,A,,"{""-1"": -1, ""1"": 1}"
E2_CONTEXT_SIGN_FLIP,72052,DOUBLE_ANTITHETIC_CRN_MC,16,CONTEXT_CONDITIONAL_ONLY,A,,"{""-1"": -1, ""1"": 1}"
E2_CONTEXT_SIGN_FLIP,72052,DOUBLE_ANTITHETIC_CRN_MC,32,CONTEXT_CONDITIONAL_ONLY,A,,"{""-1"": -1, ""1"": 1}"
E2_CONTEXT_SIGN_FLIP,72052,DOUBLE_ANTITHETIC_CRN_MC,64,CONTEXT_CONDITIONAL_ONLY,A,,"{""-1"": -1, ""1"": 1}"
E2_CONTEXT_SIGN_FLIP,72052,DOUBLE_ANTITHETIC_CRN_MC,128,CONTEXT_CONDITIONAL_ONLY,A,,"{""-1"": -1, ""1"": 1}"
E2_CONTEXT_SIGN_FLIP,72052,DOUBLE_ANTITHETIC_CRN_MC,256,CONTEXT_CONDITIONAL_ONLY,A,,"{""-1"": -1, ""1"": 1}"
E2_CONTEXT_SIGN_FLIP,72052,LEGACY_INDEPENDENT_MC,8,CONTEXT_CONDITIONAL_ONLY,A,,"{""-1"": -1, ""1"": 1}"
E2_CONTEXT_SIGN_FLIP,72052,LEGACY_INDEPENDENT_MC,16,CONTEXT_CONDITIONAL_ONLY,A,,"{""-1"": -1, ""1"": 1}"
E2_CONTEXT_SIGN_FLIP,72052,LEGACY_INDEPENDENT_MC,32,CONTEXT_CONDITIONAL_ONLY,A,,"{""-1"": -1, ""1"": 1}"
E2_CONTEXT_SIGN_FLIP,72052,LEGACY_INDEPENDENT_MC,64,CONTEXT_CONDITIONAL_ONLY,A,,"{""-1"": -1, ""1"": 1}"
E2_CONTEXT_SIGN_FLIP,72052,LEGACY_INDEPENDENT_MC,128,CONTEXT_CONDITIONAL_ONLY,A,,"{""-1"": -1, ""1"": 1}"
E2_CONTEXT_SIGN_FLIP,72052,LEGACY_INDEPENDENT_MC,256,CONTEXT_CONDITIONAL_ONLY,A,,"{""-1"": -1, ""1"": 1}"
E2_CONTEXT_SIGN_FLIP,72053,ANTITHETIC_CRN_MC,8,CONTEXT_CONDITIONAL_ONLY,A,,"{""-1"": -1, ""1"": 1}"
E2_CONTEXT_SIGN_FLIP,72053,ANTITHETIC_CRN_MC,16,CONTEXT_CONDITIONAL_ONLY,A,,"{""-1"": -1, ""1"": 1}"
E2_CONTEXT_SIGN_FLIP,72053,ANTITHETIC_CRN_MC,32,CONTEXT_CONDITIONAL_ONLY,A,,"{""-1"": -1, ""1"": 1}"
E2_CONTEXT_SIGN_FLIP,72053,ANTITHETIC_CRN_MC,64,CONTEXT_CONDITIONAL_ONLY,A,,"{""-1"": -1, ""1"": 1}"
E2_CONTEXT_SIGN_FLIP,72053,ANTITHETIC_CRN_MC,128,CONTEXT_CONDITIONAL_ONLY,A,,"{""-1"": -1, ""1"": 1}"
E2_CONTEXT_SIGN_FLIP,72053,ANTITHETIC_CRN_MC,256,CONTEXT_CONDITIONAL_ONLY,A,,"{""-1"": -1, ""1"": 1}"
E2_CONTEXT_SIGN_FLIP,72053,CRN_CHAIN_MC,8,CONTEXT_CONDITIONAL_ONLY,A,,"{""-1"": -1, ""1"": 1}"
E2_CONTEXT_SIGN_FLIP,72053,CRN_CHAIN_MC,16,CONTEXT_CONDITIONAL_ONLY,A,,"{""-1"": -1, ""1"": 1}"
E2_CONTEXT_SIGN_FLIP,72053,CRN_CHAIN_MC,32,CONTEXT_CONDITIONAL_ONLY,A,,"{""-1"": -1, ""1"": 1}"
E2_CONTEXT_SIGN_FLIP,72053,CRN_CHAIN_MC,64,CONTEXT_CONDITIONAL_ONLY,A,,"{""-1"": -1, ""1"": 1}"
E2_CONTEXT_SIGN_FLIP,72053,CRN_CHAIN_MC,128,CONTEXT_CONDITIONAL_ONLY,A,,"{""-1"": -1, ""1"": 1}"
E2_CONTEXT_SIGN_FLIP,72053,CRN_CHAIN_MC,256,CONTEXT_CONDITIONAL_ONLY,A,,"{""-1"": -1, ""1"": 1}"
E2_CONTEXT_SIGN_FLIP,72053,DOUBLE_ANTITHETIC_CRN_MC,8,CONTEXT_CONDITIONAL_ONLY,A,,"{""-1"": -1, ""1"": 1}"
E2_CONTEXT_SIGN_FLIP,72053,DOUBLE_ANTITHETIC_CRN_MC,16,CONTEXT_CONDITIONAL_ONLY,A,,"{""-1"": -1, ""1"": 1}"
E2_CONTEXT_SIGN_FLIP,72053,DOUBLE_ANTITHETIC_CRN_MC,32,CONTEXT_CONDITIONAL_ONLY,A,,"{""-1"": -1, ""1"": 1}"
E2_CONTEXT_SIGN_FLIP,72053,DOUBLE_ANTITHETIC_CRN_MC,64,CONTEXT_CONDITIONAL_ONLY,A,,"{""-1"": -1, ""1"": 1}"
E2_CONTEXT_SIGN_FLIP,72053,DOUBLE_ANTITHETIC_CRN_MC,128,CONTEXT_CONDITIONAL_ONLY,A,,"{""-1"": -1, ""1"": 1}"
E2_CONTEXT_SIGN_FLIP,72053,DOUBLE_ANTITHETIC_CRN_MC,256,CONTEXT_CONDITIONAL_ONLY,A,,"{""-1"": -1, ""1"": 1}"
E2_CONTEXT_SIGN_FLIP,72053,LEGACY_INDEPENDENT_MC,8,CONTEXT_CONDITIONAL_ONLY,A,,"{""-1"": -1, ""1"": 1}"
E2_CONTEXT_SIGN_FLIP,72053,LEGACY_INDEPENDENT_MC,16,CONTEXT_CONDITIONAL_ONLY,A,,"{""-1"": -1, ""1"": 1}"
E2_CONTEXT_SIGN_FLIP,72053,LEGACY_INDEPENDENT_MC,32,CONTEXT_CONDITIONAL_ONLY,A,,"{""-1"": -1, ""1"": 1}"
E2_CONTEXT_SIGN_FLIP,72053,LEGACY_INDEPENDENT_MC,64,CONTEXT_CONDITIONAL_ONLY,A,,"{""-1"": -1, ""1"": 1}"
E2_CONTEXT_SIGN_FLIP,72053,LEGACY_INDEPENDENT_MC,128,CONTEXT_CONDITIONAL_ONLY,A,,"{""-1"": -1, ""1"": 1}"
E2_CONTEXT_SIGN_FLIP,72053,LEGACY_INDEPENDENT_MC,256,CONTEXT_CONDITIONAL_ONLY,A,,"{""-1"": -1, ""1"": 1}"
E2_CONTEXT_SIGN_FLIP,72054,ANTITHETIC_CRN_MC,8,CONTEXT_CONDITIONAL_ONLY,A,,"{""-1"": -1, ""1"": 1}"
E2_CONTEXT_SIGN_FLIP,72054,ANTITHETIC_CRN_MC,16,CONTEXT_CONDITIONAL_ONLY,A,,"{""-1"": -1, ""1"": 1}"
E2_CONTEXT_SIGN_FLIP,72054,ANTITHETIC_CRN_MC,32,CONTEXT_CONDITIONAL_ONLY,A,,"{""-1"": -1, ""1"": 1}"
E2_CONTEXT_SIGN_FLIP,72054,ANTITHETIC_CRN_MC,64,CONTEXT_CONDITIONAL_ONLY,A,,"{""-1"": -1, ""1"": 1}"
E2_CONTEXT_SIGN_FLIP,72054,ANTITHETIC_CRN_MC,128,CONTEXT_CONDITIONAL_ONLY,A,,"{""-1"": -1, ""1"": 1}"
E2_CONTEXT_SIGN_FLIP,72054,ANTITHETIC_CRN_MC,256,CONTEXT_CONDITIONAL_ONLY,A,,"{""-1"": -1, ""1"": 1}"
E2_CONTEXT_SIGN_FLIP,72054,CRN_CHAIN_MC,8,CONTEXT_CONDITIONAL_ONLY,A,,"{""-1"": -1, ""1"": 1}"
E2_CONTEXT_SIGN_FLIP,72054,CRN_CHAIN_MC,16,CONTEXT_CONDITIONAL_ONLY,A,,"{""-1"": -1, ""1"": 1}"
E2_CONTEXT_SIGN_FLIP,72054,CRN_CHAIN_MC,32,CONTEXT_CONDITIONAL_ONLY,A,,"{""-1"": -1, ""1"": 1}"
E2_CONTEXT_SIGN_FLIP,72054,CRN_CHAIN_MC,64,CONTEXT_CONDITIONAL_ONLY,A,,"{""-1"": -1, ""1"": 1}"
E2_CONTEXT_SIGN_FLIP,72054,CRN_CHAIN_MC,128,CONTEXT_CONDITIONAL_ONLY,A,,"{""-1"": -1, ""1"": 1}"
E2_CONTEXT_SIGN_FLIP,72054,CRN_CHAIN_MC,256,CONTEXT_CONDITIONAL_ONLY,A,,"{""-1"": -1, ""1"": 1}"
E2_CONTEXT_SIGN_FLIP,72054,DOUBLE_ANTITHETIC_CRN_MC,8,CONTEXT_CONDITIONAL_ONLY,A,,"{""-1"": -1, ""1"": 1}"
E2_CONTEXT_SIGN_FLIP,72054,DOUBLE_ANTITHETIC_CRN_MC,16,CONTEXT_CONDITIONAL_ONLY,A,,"{""-1"": -1, ""1"": 1}"
E2_CONTEXT_SIGN_FLIP,72054,DOUBLE_ANTITHETIC_CRN_MC,32,CONTEXT_CONDITIONAL_ONLY,A,,"{""-1"": -1, ""1"": 1}"
E2_CONTEXT_SIGN_FLIP,72054,DOUBLE_ANTITHETIC_CRN_MC,64,CONTEXT_CONDITIONAL_ONLY,A,,"{""-1"": -1, ""1"": 1}"
E2_CONTEXT_SIGN_FLIP,72054,DOUBLE_ANTITHETIC_CRN_MC,128,CONTEXT_CONDITIONAL_ONLY,A,,"{""-1"": -1, ""1"": 1}"
E2_CONTEXT_SIGN_FLIP,72054,DOUBLE_ANTITHETIC_CRN_MC,256,CONTEXT_CONDITIONAL_ONLY,A,,"{""-1"": -1, ""1"": 1}"
E2_CONTEXT_SIGN_FLIP,72054,LEGACY_INDEPENDENT_MC,8,CONTEXT_CONDITIONAL_ONLY,A,,"{""-1"": -1, ""1"": 1}"
E2_CONTEXT_SIGN_FLIP,72054,LEGACY_INDEPENDENT_MC,16,CONTEXT_CONDITIONAL_ONLY,A,,"{""-1"": -1, ""1"": 1}"
E2_CONTEXT_SIGN_FLIP,72054,LEGACY_INDEPENDENT_MC,32,CONTEXT_CONDITIONAL_ONLY,A,,"{""-1"": -1, ""1"": 1}"
E2_CONTEXT_SIGN_FLIP,72054,LEGACY_INDEPENDENT_MC,64,CONTEXT_CONDITIONAL_ONLY,A,,"{""-1"": -1, ""1"": 1}"
E2_CONTEXT_SIGN_FLIP,72054,LEGACY_INDEPENDENT_MC,128,CONTEXT_CONDITIONAL_ONLY,A,,"{""-1"": -1, ""1"": 1}"
E2_CONTEXT_SIGN_FLIP,72054,LEGACY_INDEPENDENT_MC,256,CONTEXT_CONDITIONAL_ONLY,A,,"{""-1"": -1, ""1"": 1}"
E2_CONTEXT_SIGN_FLIP,72055,ANTITHETIC_CRN_MC,8,CONTEXT_CONDITIONAL_ONLY,A,,"{""-1"": -1, ""1"": 1}"
E2_CONTEXT_SIGN_FLIP,72055,ANTITHETIC_CRN_MC,16,CONTEXT_CONDITIONAL_ONLY,A,,"{""-1"": -1, ""1"": 1}"
E2_CONTEXT_SIGN_FLIP,72055,ANTITHETIC_CRN_MC,32,CONTEXT_CONDITIONAL_ONLY,A,,"{""-1"": -1, ""1"": 1}"
E2_CONTEXT_SIGN_FLIP,72055,ANTITHETIC_CRN_MC,64,CONTEXT_CONDITIONAL_ONLY,A,,"{""-1"": -1, ""1"": 1}"
E2_CONTEXT_SIGN_FLIP,72055,ANTITHETIC_CRN_MC,128,CONTEXT_CONDITIONAL_ONLY,A,,"{""-1"": -1, ""1"": 1}"
E2_CONTEXT_SIGN_FLIP,72055,ANTITHETIC_CRN_MC,256,CONTEXT_CONDITIONAL_ONLY,A,,"{""-1"": -1, ""1"": 1}"
E2_CONTEXT_SIGN_FLIP,72055,CRN_CHAIN_MC,8,CONTEXT_CONDITIONAL_ONLY,A,,"{""-1"": -1, ""1"": 1}"
E2_CONTEXT_SIGN_FLIP,72055,CRN_CHAIN_MC,16,CONTEXT_CONDITIONAL_ONLY,A,,"{""-1"": -1, ""1"": 1}"
E2_CONTEXT_SIGN_FLIP,72055,CRN_CHAIN_MC,32,CONTEXT_CONDITIONAL_ONLY,A,,"{""-1"": -1, ""1"": 1}"
E2_CONTEXT_SIGN_FLIP,72055,CRN_CHAIN_MC,64,CONTEXT_CONDITIONAL_ONLY,A,,"{""-1"": -1, ""1"": 1}"
E2_CONTEXT_SIGN_FLIP,72055,CRN_CHAIN_MC,128,CONTEXT_CONDITIONAL_ONLY,A,,"{""-1"": -1, ""1"": 1}"
E2_CONTEXT_SIGN_FLIP,72055,CRN_CHAIN_MC,256,CONTEXT_CONDITIONAL_ONLY,A,,"{""-1"": -1, ""1"": 1}"
E2_CONTEXT_SIGN_FLIP,72055,DOUBLE_ANTITHETIC_CRN_MC,8,CONTEXT_CONDITIONAL_ONLY,A,,"{""-1"": -1, ""1"": 1}"
E2_CONTEXT_SIGN_FLIP,72055,DOUBLE_ANTITHETIC_CRN_MC,16,CONTEXT_CONDITIONAL_ONLY,A,,"{""-1"": -1, ""1"": 1}"
E2_CONTEXT_SIGN_FLIP,72055,DOUBLE_ANTITHETIC_CRN_MC,32,CONTEXT_CONDITIONAL_ONLY,A,,"{""-1"": -1, ""1"": 1}"
E2_CONTEXT_SIGN_FLIP,72055,DOUBLE_ANTITHETIC_CRN_MC,64,CONTEXT_CONDITIONAL_ONLY,A,,"{""-1"": -1, ""1"": 1}"
E2_CONTEXT_SIGN_FLIP,72055,DOUBLE_ANTITHETIC_CRN_MC,128,CONTEXT_CONDITIONAL_ONLY,A,,"{""-1"": -1, ""1"": 1}"
E2_CONTEXT_SIGN_FLIP,72055,DOUBLE_ANTITHETIC_CRN_MC,256,CONTEXT_CONDITIONAL_ONLY,A,,"{""-1"": -1, ""1"": 1}"
E2_CONTEXT_SIGN_FLIP,72055,LEGACY_INDEPENDENT_MC,8,CONTEXT_CONDITIONAL_ONLY,A,,"{""-1"": -1, ""1"": 1}"
E2_CONTEXT_SIGN_FLIP,72055,LEGACY_INDEPENDENT_MC,16,CONTEXT_CONDITIONAL_ONLY,A,,"{""-1"": -1, ""1"": 1}"
E2_CONTEXT_SIGN_FLIP,72055,LEGACY_INDEPENDENT_MC,32,CONTEXT_CONDITIONAL_ONLY,A,,"{""-1"": -1, ""1"": 1}"
E2_CONTEXT_SIGN_FLIP,72055,LEGACY_INDEPENDENT_MC,64,CONTEXT_CONDITIONAL_ONLY,A,,"{""-1"": -1, ""1"": 1}"
E2_CONTEXT_SIGN_FLIP,72055,LEGACY_INDEPENDENT_MC,128,CONTEXT_CONDITIONAL_ONLY,A,,"{""-1"": -1, ""1"": 1}"
E2_CONTEXT_SIGN_FLIP,72055,LEGACY_INDEPENDENT_MC,256,CONTEXT_CONDITIONAL_ONLY,A,,"{""-1"": -1, ""1"": 1}"
E2_CONTEXT_SIGN_FLIP,72056,ANTITHETIC_CRN_MC,8,CONTEXT_CONDITIONAL_ONLY,A,,"{""-1"": -1, ""1"": 1}"
E2_CONTEXT_SIGN_FLIP,72056,ANTITHETIC_CRN_MC,16,CONTEXT_CONDITIONAL_ONLY,A,,"{""-1"": -1, ""1"": 1}"
E2_CONTEXT_SIGN_FLIP,72056,ANTITHETIC_CRN_MC,32,CONTEXT_CONDITIONAL_ONLY,A,,"{""-1"": -1, ""1"": 1}"
E2_CONTEXT_SIGN_FLIP,72056,ANTITHETIC_CRN_MC,64,CONTEXT_CONDITIONAL_ONLY,A,,"{""-1"": -1, ""1"": 1}"
E2_CONTEXT_SIGN_FLIP,72056,ANTITHETIC_CRN_MC,128,CONTEXT_CONDITIONAL_ONLY,A,,"{""-1"": -1, ""1"": 1}"
E2_CONTEXT_SIGN_FLIP,72056,ANTITHETIC_CRN_MC,256,CONTEXT_CONDITIONAL_ONLY,A,,"{""-1"": -1, ""1"": 1}"
E2_CONTEXT_SIGN_FLIP,72056,CRN_CHAIN_MC,8,CONTEXT_CONDITIONAL_ONLY,A,,"{""-1"": -1, ""1"": 1}"
E2_CONTEXT_SIGN_FLIP,72056,CRN_CHAIN_MC,16,CONTEXT_CONDITIONAL_ONLY,A,,"{""-1"": -1, ""1"": 1}"
E2_CONTEXT_SIGN_FLIP,72056,CRN_CHAIN_MC,32,CONTEXT_CONDITIONAL_ONLY,A,,"{""-1"": -1, ""1"": 1}"
E2_CONTEXT_SIGN_FLIP,72056,CRN_CHAIN_MC,64,CONTEXT_CONDITIONAL_ONLY,A,,"{""-1"": -1, ""1"": 1}"
E2_CONTEXT_SIGN_FLIP,72056,CRN_CHAIN_MC,128,CONTEXT_CONDITIONAL_ONLY,A,,"{""-1"": -1, ""1"": 1}"
E2_CONTEXT_SIGN_FLIP,72056,CRN_CHAIN_MC,256,CONTEXT_CONDITIONAL_ONLY,A,,"{""-1"": -1, ""1"": 1}"
E2_CONTEXT_SIGN_FLIP,72056,DOUBLE_ANTITHETIC_CRN_MC,8,CONTEXT_CONDITIONAL_ONLY,A,,"{""-1"": -1, ""1"": 1}"
E2_CONTEXT_SIGN_FLIP,72056,DOUBLE_ANTITHETIC_CRN_MC,16,CONTEXT_CONDITIONAL_ONLY,A,,"{""-1"": -1, ""1"": 1}"
E2_CONTEXT_SIGN_FLIP,72056,DOUBLE_ANTITHETIC_CRN_MC,32,CONTEXT_CONDITIONAL_ONLY,A,,"{""-1"": -1, ""1"": 1}"
E2_CONTEXT_SIGN_FLIP,72056,DOUBLE_ANTITHETIC_CRN_MC,64,CONTEXT_CONDITIONAL_ONLY,A,,"{""-1"": -1, ""1"": 1}"
E2_CONTEXT_SIGN_FLIP,72056,DOUBLE_ANTITHETIC_CRN_MC,128,CONTEXT_CONDITIONAL_ONLY,A,,"{""-1"": -1, ""1"": 1}"
E2_CONTEXT_SIGN_FLIP,72056,DOUBLE_ANTITHETIC_CRN_MC,256,CONTEXT_CONDITIONAL_ONLY,A,,"{""-1"": -1, ""1"": 1}"
E2_CONTEXT_SIGN_FLIP,72056,LEGACY_INDEPENDENT_MC,8,CONTEXT_CONDITIONAL_ONLY,A,,"{""-1"": -1, ""1"": 1}"
E2_CONTEXT_SIGN_FLIP,72056,LEGACY_INDEPENDENT_MC,16,CONTEXT_CONDITIONAL_ONLY,A,,"{""-1"": -1, ""1"": 1}"
E2_CONTEXT_SIGN_FLIP,72056,LEGACY_INDEPENDENT_MC,32,CONTEXT_CONDITIONAL_ONLY,A,,"{""-1"": -1, ""1"": 1}"
E2_CONTEXT_SIGN_FLIP,72056,LEGACY_INDEPENDENT_MC,64,CONTEXT_CONDITIONAL_ONLY,A,,"{""-1"": -1, ""1"": 1}"
E2_CONTEXT_SIGN_FLIP,72056,LEGACY_INDEPENDENT_MC,128,CONTEXT_CONDITIONAL_ONLY,A,,"{""-1"": -1, ""1"": 1}"
E2_CONTEXT_SIGN_FLIP,72056,LEGACY_INDEPENDENT_MC,256,CONTEXT_CONDITIONAL_ONLY,A,,"{""-1"": -1, ""1"": 1}"
E2_CONTEXT_SIGN_FLIP,72057,ANTITHETIC_CRN_MC,8,CONTEXT_CONDITIONAL_ONLY,A,,"{""-1"": -1, ""1"": 1}"
E2_CONTEXT_SIGN_FLIP,72057,ANTITHETIC_CRN_MC,16,CONTEXT_CONDITIONAL_ONLY,A,,"{""-1"": -1, ""1"": 1}"
E2_CONTEXT_SIGN_FLIP,72057,ANTITHETIC_CRN_MC,32,CONTEXT_CONDITIONAL_ONLY,A,,"{""-1"": -1, ""1"": 1}"
E2_CONTEXT_SIGN_FLIP,72057,ANTITHETIC_CRN_MC,64,CONTEXT_CONDITIONAL_ONLY,A,,"{""-1"": -1, ""1"": 1}"
E2_CONTEXT_SIGN_FLIP,72057,ANTITHETIC_CRN_MC,128,CONTEXT_CONDITIONAL_ONLY,A,,"{""-1"": -1, ""1"": 1}"
E2_CONTEXT_SIGN_FLIP,72057,ANTITHETIC_CRN_MC,256,CONTEXT_CONDITIONAL_ONLY,A,,"{""-1"": -1, ""1"": 1}"
E2_CONTEXT_SIGN_FLIP,72057,CRN_CHAIN_MC,8,CONTEXT_CONDITIONAL_ONLY,A,,"{""-1"": -1, ""1"": 1}"
E2_CONTEXT_SIGN_FLIP,72057,CRN_CHAIN_MC,16,CONTEXT_CONDITIONAL_ONLY,A,,"{""-1"": -1, ""1"": 1}"
E2_CONTEXT_SIGN_FLIP,72057,CRN_CHAIN_MC,32,CONTEXT_CONDITIONAL_ONLY,A,,"{""-1"": -1, ""1"": 1}"
E2_CONTEXT_SIGN_FLIP,72057,CRN_CHAIN_MC,64,CONTEXT_CONDITIONAL_ONLY,A,,"{""-1"": -1, ""1"": 1}"
E2_CONTEXT_SIGN_FLIP,72057,CRN_CHAIN_MC,128,CONTEXT_CONDITIONAL_ONLY,A,,"{""-1"": -1, ""1"": 1}"
E2_CONTEXT_SIGN_FLIP,72057,CRN_CHAIN_MC,256,CONTEXT_CONDITIONAL_ONLY,A,,"{""-1"": -1, ""1"": 1}"
E2_CONTEXT_SIGN_FLIP,72057,DOUBLE_ANTITHETIC_CRN_MC,8,CONTEXT_CONDITIONAL_ONLY,A,,"{""-1"": -1, ""1"": 1}"
E2_CONTEXT_SIGN_FLIP,72057,DOUBLE_ANTITHETIC_CRN_MC,16,CONTEXT_CONDITIONAL_ONLY,A,,"{""-1"": -1, ""1"": 1}"
E2_CONTEXT_SIGN_FLIP,72057,DOUBLE_ANTITHETIC_CRN_MC,32,CONTEXT_CONDITIONAL_ONLY,A,,"{""-1"": -1, ""1"": 1}"
E2_CONTEXT_SIGN_FLIP,72057,DOUBLE_ANTITHETIC_CRN_MC,64,CONTEXT_CONDITIONAL_ONLY,A,,"{""-1"": -1, ""1"": 1}"
E2_CONTEXT_SIGN_FLIP,72057,DOUBLE_ANTITHETIC_CRN_MC,128,CONTEXT_CONDITIONAL_ONLY,A,,"{""-1"": -1, ""1"": 1}"
E2_CONTEXT_SIGN_FLIP,72057,DOUBLE_ANTITHETIC_CRN_MC,256,CONTEXT_CONDITIONAL_ONLY,A,,"{""-1"": -1, ""1"": 1}"
E2_CONTEXT_SIGN_FLIP,72057,LEGACY_INDEPENDENT_MC,8,CONTEXT_CONDITIONAL_ONLY,A,,"{""-1"": -1, ""1"": 1}"
E2_CONTEXT_SIGN_FLIP,72057,LEGACY_INDEPENDENT_MC,16,CONTEXT_CONDITIONAL_ONLY,A,,"{""-1"": -1, ""1"": 1}"
E2_CONTEXT_SIGN_FLIP,72057,LEGACY_INDEPENDENT_MC,32,CONTEXT_CONDITIONAL_ONLY,A,,"{""-1"": -1, ""1"": 1}"
E2_CONTEXT_SIGN_FLIP,72057,LEGACY_INDEPENDENT_MC,64,CONTEXT_CONDITIONAL_ONLY,A,,"{""-1"": -1, ""1"": 1}"
E2_CONTEXT_SIGN_FLIP,72057,LEGACY_INDEPENDENT_MC,128,CONTEXT_CONDITIONAL_ONLY,A,,"{""-1"": -1, ""1"": 1}"
E2_CONTEXT_SIGN_FLIP,72057,LEGACY_INDEPENDENT_MC,256,CONTEXT_CONDITIONAL_ONLY,A,,"{""-1"": -1, ""1"": 1}"
E2_CONTEXT_SIGN_FLIP,72058,ANTITHETIC_CRN_MC,8,CONTEXT_CONDITIONAL_ONLY,A,,"{""-1"": -1, ""1"": 1}"
E2_CONTEXT_SIGN_FLIP,72058,ANTITHETIC_CRN_MC,16,CONTEXT_CONDITIONAL_ONLY,A,,"{""-1"": -1, ""1"": 1}"
E2_CONTEXT_SIGN_FLIP,72058,ANTITHETIC_CRN_MC,32,CONTEXT_CONDITIONAL_ONLY,A,,"{""-1"": -1, ""1"": 1}"
E2_CONTEXT_SIGN_FLIP,72058,ANTITHETIC_CRN_MC,64,CONTEXT_CONDITIONAL_ONLY,A,,"{""-1"": -1, ""1"": 1}"
E2_CONTEXT_SIGN_FLIP,72058,ANTITHETIC_CRN_MC,128,CONTEXT_CONDITIONAL_ONLY,A,,"{""-1"": -1, ""1"": 1}"
E2_CONTEXT_SIGN_FLIP,72058,ANTITHETIC_CRN_MC,256,CONTEXT_CONDITIONAL_ONLY,A,,"{""-1"": -1, ""1"": 1}"
E2_CONTEXT_SIGN_FLIP,72058,CRN_CHAIN_MC,8,CONTEXT_CONDITIONAL_ONLY,A,,"{""-1"": -1, ""1"": 1}"
E2_CONTEXT_SIGN_FLIP,72058,CRN_CHAIN_MC,16,CONTEXT_CONDITIONAL_ONLY,A,,"{""-1"": -1, ""1"": 1}"
E2_CONTEXT_SIGN_FLIP,72058,CRN_CHAIN_MC,32,CONTEXT_CONDITIONAL_ONLY,A,,"{""-1"": -1, ""1"": 1}"
E2_CONTEXT_SIGN_FLIP,72058,CRN_CHAIN_MC,64,CONTEXT_CONDITIONAL_ONLY,A,,"{""-1"": -1, ""1"": 1}"
E2_CONTEXT_SIGN_FLIP,72058,CRN_CHAIN_MC,128,CONTEXT_CONDITIONAL_ONLY,A,,"{""-1"": -1, ""1"": 1}"
E2_CONTEXT_SIGN_FLIP,72058,CRN_CHAIN_MC,256,CONTEXT_CONDITIONAL_ONLY,A,,"{""-1"": -1, ""1"": 1}"
E2_CONTEXT_SIGN_FLIP,72058,DOUBLE_ANTITHETIC_CRN_MC,8,CONTEXT_CONDITIONAL_ONLY,A,,"{""-1"": -1, ""1"": 1}"
E2_CONTEXT_SIGN_FLIP,72058,DOUBLE_ANTITHETIC_CRN_MC,16,CONTEXT_CONDITIONAL_ONLY,A,,"{""-1"": -1, ""1"": 1}"
E2_CONTEXT_SIGN_FLIP,72058,DOUBLE_ANTITHETIC_CRN_MC,32,CONTEXT_CONDITIONAL_ONLY,A,,"{""-1"": -1, ""1"": 1}"
E2_CONTEXT_SIGN_FLIP,72058,DOUBLE_ANTITHETIC_CRN_MC,64,CONTEXT_CONDITIONAL_ONLY,A,,"{""-1"": -1, ""1"": 1}"
E2_CONTEXT_SIGN_FLIP,72058,DOUBLE_ANTITHETIC_CRN_MC,128,CONTEXT_CONDITIONAL_ONLY,A,,"{""-1"": -1, ""1"": 1}"
E2_CONTEXT_SIGN_FLIP,72058,DOUBLE_ANTITHETIC_CRN_MC,256,CONTEXT_CONDITIONAL_ONLY,A,,"{""-1"": -1, ""1"": 1}"
E2_CONTEXT_SIGN_FLIP,72058,LEGACY_INDEPENDENT_MC,8,CONTEXT_CONDITIONAL_ONLY,A,,"{""-1"": -1, ""1"": 1}"
E2_CONTEXT_SIGN_FLIP,72058,LEGACY_INDEPENDENT_MC,16,CONTEXT_CONDITIONAL_ONLY,A,,"{""-1"": -1, ""1"": 1}"
E2_CONTEXT_SIGN_FLIP,72058,LEGACY_INDEPENDENT_MC,32,CONTEXT_CONDITIONAL_ONLY,A,,"{""-1"": -1, ""1"": 1}"
E2_CONTEXT_SIGN_FLIP,72058,LEGACY_INDEPENDENT_MC,64,CONTEXT_CONDITIONAL_ONLY,A,,"{""-1"": -1, ""1"": 1}"
E2_CONTEXT_SIGN_FLIP,72058,LEGACY_INDEPENDENT_MC,128,CONTEXT_CONDITIONAL_ONLY,A,,"{""-1"": -1, ""1"": 1}"
E2_CONTEXT_SIGN_FLIP,72058,LEGACY_INDEPENDENT_MC,256,CONTEXT_CONDITIONAL_ONLY,A,,"{""-1"": -1, ""1"": 1}"
E2_CONTEXT_SIGN_FLIP,72059,ANTITHETIC_CRN_MC,8,CONTEXT_CONDITIONAL_ONLY,A,,"{""-1"": -1, ""1"": 1}"
E2_CONTEXT_SIGN_FLIP,72059,ANTITHETIC_CRN_MC,16,CONTEXT_CONDITIONAL_ONLY,A,,"{""-1"": -1, ""1"": 1}"
E2_CONTEXT_SIGN_FLIP,72059,ANTITHETIC_CRN_MC,32,CONTEXT_CONDITIONAL_ONLY,A,,"{""-1"": -1, ""1"": 1}"
E2_CONTEXT_SIGN_FLIP,72059,ANTITHETIC_CRN_MC,64,CONTEXT_CONDITIONAL_ONLY,A,,"{""-1"": -1, ""1"": 1}"
E2_CONTEXT_SIGN_FLIP,72059,ANTITHETIC_CRN_MC,128,CONTEXT_CONDITIONAL_ONLY,A,,"{""-1"": -1, ""1"": 1}"
E2_CONTEXT_SIGN_FLIP,72059,ANTITHETIC_CRN_MC,256,CONTEXT_CONDITIONAL_ONLY,A,,"{""-1"": -1, ""1"": 1}"
E2_CONTEXT_SIGN_FLIP,72059,CRN_CHAIN_MC,8,CONTEXT_CONDITIONAL_ONLY,A,,"{""-1"": -1, ""1"": 1}"
E2_CONTEXT_SIGN_FLIP,72059,CRN_CHAIN_MC,16,CONTEXT_CONDITIONAL_ONLY,A,,"{""-1"": -1, ""1"": 1}"
E2_CONTEXT_SIGN_FLIP,72059,CRN_CHAIN_MC,32,CONTEXT_CONDITIONAL_ONLY,A,,"{""-1"": -1, ""1"": 1}"
E2_CONTEXT_SIGN_FLIP,72059,CRN_CHAIN_MC,64,CONTEXT_CONDITIONAL_ONLY,A,,"{""-1"": -1, ""1"": 1}"
E2_CONTEXT_SIGN_FLIP,72059,CRN_CHAIN_MC,128,CONTEXT_CONDITIONAL_ONLY,A,,"{""-1"": -1, ""1"": 1}"
E2_CONTEXT_SIGN_FLIP,72059,CRN_CHAIN_MC,256,CONTEXT_CONDITIONAL_ONLY,A,,"{""-1"": -1, ""1"": 1}"
E2_CONTEXT_SIGN_FLIP,72059,DOUBLE_ANTITHETIC_CRN_MC,8,CONTEXT_CONDITIONAL_ONLY,A,,"{""-1"": -1, ""1"": 1}"
E2_CONTEXT_SIGN_FLIP,72059,DOUBLE_ANTITHETIC_CRN_MC,16,CONTEXT_CONDITIONAL_ONLY,A,,"{""-1"": -1, ""1"": 1}"
E2_CONTEXT_SIGN_FLIP,72059,DOUBLE_ANTITHETIC_CRN_MC,32,CONTEXT_CONDITIONAL_ONLY,A,,"{""-1"": -1, ""1"": 1}"
E2_CONTEXT_SIGN_FLIP,72059,DOUBLE_ANTITHETIC_CRN_MC,64,CONTEXT_CONDITIONAL_ONLY,A,,"{""-1"": -1, ""1"": 1}"
E2_CONTEXT_SIGN_FLIP,72059,DOUBLE_ANTITHETIC_CRN_MC,128,CONTEXT_CONDITIONAL_ONLY,A,,"{""-1"": -1, ""1"": 1}"
E2_CONTEXT_SIGN_FLIP,72059,DOUBLE_ANTITHETIC_CRN_MC,256,CONTEXT_CONDITIONAL_ONLY,A,,"{""-1"": -1, ""1"": 1}"
E2_CONTEXT_SIGN_FLIP,72059,LEGACY_INDEPENDENT_MC,8,CONTEXT_CONDITIONAL_ONLY,A,,"{""-1"": -1, ""1"": 1}"
E2_CONTEXT_SIGN_FLIP,72059,LEGACY_INDEPENDENT_MC,16,CONTEXT_CONDITIONAL_ONLY,A,,"{""-1"": -1, ""1"": 1}"
E2_CONTEXT_SIGN_FLIP,72059,LEGACY_INDEPENDENT_MC,32,CONTEXT_CONDITIONAL_ONLY,A,,"{""-1"": -1, ""1"": 1}"
E2_CONTEXT_SIGN_FLIP,72059,LEGACY_INDEPENDENT_MC,64,CONTEXT_CONDITIONAL_ONLY,A,,"{""-1"": -1, ""1"": 1}"
E2_CONTEXT_SIGN_FLIP,72059,LEGACY_INDEPENDENT_MC,128,CONTEXT_CONDITIONAL_ONLY,A,,"{""-1"": -1, ""1"": 1}"
E2_CONTEXT_SIGN_FLIP,72059,LEGACY_INDEPENDENT_MC,256,CONTEXT_CONDITIONAL_ONLY,A,,"{""-1"": -1, ""1"": 1}"
E2_CONTEXT_SIGN_FLIP,72060,ANTITHETIC_CRN_MC,8,CONTEXT_CONDITIONAL_ONLY,A,,"{""-1"": -1, ""1"": 1}"
E2_CONTEXT_SIGN_FLIP,72060,ANTITHETIC_CRN_MC,16,CONTEXT_CONDITIONAL_ONLY,A,,"{""-1"": -1, ""1"": 1}"
E2_CONTEXT_SIGN_FLIP,72060,ANTITHETIC_CRN_MC,32,CONTEXT_CONDITIONAL_ONLY,A,,"{""-1"": -1, ""1"": 1}"
E2_CONTEXT_SIGN_FLIP,72060,ANTITHETIC_CRN_MC,64,CONTEXT_CONDITIONAL_ONLY,A,,"{""-1"": -1, ""1"": 1}"
E2_CONTEXT_SIGN_FLIP,72060,ANTITHETIC_CRN_MC,128,CONTEXT_CONDITIONAL_ONLY,A,,"{""-1"": -1, ""1"": 1}"
E2_CONTEXT_SIGN_FLIP,72060,ANTITHETIC_CRN_MC,256,CONTEXT_CONDITIONAL_ONLY,A,,"{""-1"": -1, ""1"": 1}"
E2_CONTEXT_SIGN_FLIP,72060,CRN_CHAIN_MC,8,CONTEXT_CONDITIONAL_ONLY,A,,"{""-1"": -1, ""1"": 1}"
E2_CONTEXT_SIGN_FLIP,72060,CRN_CHAIN_MC,16,CONTEXT_CONDITIONAL_ONLY,A,,"{""-1"": -1, ""1"": 1}"
E2_CONTEXT_SIGN_FLIP,72060,CRN_CHAIN_MC,32,CONTEXT_CONDITIONAL_ONLY,A,,"{""-1"": -1, ""1"": 1}"
E2_CONTEXT_SIGN_FLIP,72060,CRN_CHAIN_MC,64,CONTEXT_CONDITIONAL_ONLY,A,,"{""-1"": -1, ""1"": 1}"
E2_CONTEXT_SIGN_FLIP,72060,CRN_CHAIN_MC,128,CONTEXT_CONDITIONAL_ONLY,A,,"{""-1"": -1, ""1"": 1}"
E2_CONTEXT_SIGN_FLIP,72060,CRN_CHAIN_MC,256,CONTEXT_CONDITIONAL_ONLY,A,,"{""-1"": -1, ""1"": 1}"
E2_CONTEXT_SIGN_FLIP,72060,DOUBLE_ANTITHETIC_CRN_MC,8,CONTEXT_CONDITIONAL_ONLY,A,,"{""-1"": -1, ""1"": 1}"
E2_CONTEXT_SIGN_FLIP,72060,DOUBLE_ANTITHETIC_CRN_MC,16,CONTEXT_CONDITIONAL_ONLY,A,,"{""-1"": -1, ""1"": 1}"
E2_CONTEXT_SIGN_FLIP,72060,DOUBLE_ANTITHETIC_CRN_MC,32,CONTEXT_CONDITIONAL_ONLY,A,,"{""-1"": -1, ""1"": 1}"
E2_CONTEXT_SIGN_FLIP,72060,DOUBLE_ANTITHETIC_CRN_MC,64,CONTEXT_CONDITIONAL_ONLY,A,,"{""-1"": -1, ""1"": 1}"
E2_CONTEXT_SIGN_FLIP,72060,DOUBLE_ANTITHETIC_CRN_MC,128,CONTEXT_CONDITIONAL_ONLY,A,,"{""-1"": -1, ""1"": 1}"
E2_CONTEXT_SIGN_FLIP,72060,DOUBLE_ANTITHETIC_CRN_MC,256,CONTEXT_CONDITIONAL_ONLY,A,,"{""-1"": -1, ""1"": 1}"
E2_CONTEXT_SIGN_FLIP,72060,LEGACY_INDEPENDENT_MC,8,CONTEXT_CONDITIONAL_ONLY,A,,"{""-1"": -1, ""1"": 1}"
E2_CONTEXT_SIGN_FLIP,72060,LEGACY_INDEPENDENT_MC,16,CONTEXT_CONDITIONAL_ONLY,A,,"{""-1"": -1, ""1"": 1}"
E2_CONTEXT_SIGN_FLIP,72060,LEGACY_INDEPENDENT_MC,32,CONTEXT_CONDITIONAL_ONLY,A,,"{""-1"": -1, ""1"": 1}"
E2_CONTEXT_SIGN_FLIP,72060,LEGACY_INDEPENDENT_MC,64,CONTEXT_CONDITIONAL_ONLY,A,,"{""-1"": -1, ""1"": 1}"
E2_CONTEXT_SIGN_FLIP,72060,LEGACY_INDEPENDENT_MC,128,CONTEXT_CONDITIONAL_ONLY,A,,"{""-1"": -1, ""1"": 1}"
E2_CONTEXT_SIGN_FLIP,72060,LEGACY_INDEPENDENT_MC,256,CONTEXT_CONDITIONAL_ONLY,A,,"{""-1"": -1, ""1"": 1}"
E2_CONTEXT_SIGN_FLIP,72061,ANTITHETIC_CRN_MC,8,CONTEXT_CONDITIONAL_ONLY,A,,"{""-1"": -1, ""1"": 1}"
E2_CONTEXT_SIGN_FLIP,72061,ANTITHETIC_CRN_MC,16,CONTEXT_CONDITIONAL_ONLY,A,,"{""-1"": -1, ""1"": 1}"
E2_CONTEXT_SIGN_FLIP,72061,ANTITHETIC_CRN_MC,32,CONTEXT_CONDITIONAL_ONLY,A,,"{""-1"": -1, ""1"": 1}"
E2_CONTEXT_SIGN_FLIP,72061,ANTITHETIC_CRN_MC,64,CONTEXT_CONDITIONAL_ONLY,A,,"{""-1"": -1, ""1"": 1}"
E2_CONTEXT_SIGN_FLIP,72061,ANTITHETIC_CRN_MC,128,CONTEXT_CONDITIONAL_ONLY,A,,"{""-1"": -1, ""1"": 1}"
E2_CONTEXT_SIGN_FLIP,72061,ANTITHETIC_CRN_MC,256,CONTEXT_CONDITIONAL_ONLY,A,,"{""-1"": -1, ""1"": 1}"
E2_CONTEXT_SIGN_FLIP,72061,CRN_CHAIN_MC,8,CONTEXT_CONDITIONAL_ONLY,A,,"{""-1"": -1, ""1"": 1}"
E2_CONTEXT_SIGN_FLIP,72061,CRN_CHAIN_MC,16,CONTEXT_CONDITIONAL_ONLY,A,,"{""-1"": -1, ""1"": 1}"
E2_CONTEXT_SIGN_FLIP,72061,CRN_CHAIN_MC,32,CONTEXT_CONDITIONAL_ONLY,A,,"{""-1"": -1, ""1"": 1}"
E2_CONTEXT_SIGN_FLIP,72061,CRN_CHAIN_MC,64,CONTEXT_CONDITIONAL_ONLY,A,,"{""-1"": -1, ""1"": 1}"
E2_CONTEXT_SIGN_FLIP,72061,CRN_CHAIN_MC,128,CONTEXT_CONDITIONAL_ONLY,A,,"{""-1"": -1, ""1"": 1}"
E2_CONTEXT_SIGN_FLIP,72061,CRN_CHAIN_MC,256,CONTEXT_CONDITIONAL_ONLY,A,,"{""-1"": -1, ""1"": 1}"
E2_CONTEXT_SIGN_FLIP,72061,DOUBLE_ANTITHETIC_CRN_MC,8,CONTEXT_CONDITIONAL_ONLY,A,,"{""-1"": -1, ""1"": 1}"
E2_CONTEXT_SIGN_FLIP,72061,DOUBLE_ANTITHETIC_CRN_MC,16,CONTEXT_CONDITIONAL_ONLY,A,,"{""-1"": -1, ""1"": 1}"
E2_CONTEXT_SIGN_FLIP,72061,DOUBLE_ANTITHETIC_CRN_MC,32,CONTEXT_CONDITIONAL_ONLY,A,,"{""-1"": -1, ""1"": 1}"
E2_CONTEXT_SIGN_FLIP,72061,DOUBLE_ANTITHETIC_CRN_MC,64,CONTEXT_CONDITIONAL_ONLY,A,,"{""-1"": -1, ""1"": 1}"
E2_CONTEXT_SIGN_FLIP,72061,DOUBLE_ANTITHETIC_CRN_MC,128,CONTEXT_CONDITIONAL_ONLY,A,,"{""-1"": -1, ""1"": 1}"
E2_CONTEXT_SIGN_FLIP,72061,DOUBLE_ANTITHETIC_CRN_MC,256,CONTEXT_CONDITIONAL_ONLY,A,,"{""-1"": -1, ""1"": 1}"
E2_CONTEXT_SIGN_FLIP,72061,LEGACY_INDEPENDENT_MC,8,CONTEXT_CONDITIONAL_ONLY,A,,"{""-1"": -1, ""1"": 1}"
E2_CONTEXT_SIGN_FLIP,72061,LEGACY_INDEPENDENT_MC,16,CONTEXT_CONDITIONAL_ONLY,A,,"{""-1"": -1, ""1"": 1}"
E2_CONTEXT_SIGN_FLIP,72061,LEGACY_INDEPENDENT_MC,32,CONTEXT_CONDITIONAL_ONLY,A,,"{""-1"": -1, ""1"": 1}"
E2_CONTEXT_SIGN_FLIP,72061,LEGACY_INDEPENDENT_MC,64,CONTEXT_CONDITIONAL_ONLY,A,,"{""-1"": -1, ""1"": 1}"
E2_CONTEXT_SIGN_FLIP,72061,LEGACY_INDEPENDENT_MC,128,CONTEXT_CONDITIONAL_ONLY,A,,"{""-1"": -1, ""1"": 1}"
E2_CONTEXT_SIGN_FLIP,72061,LEGACY_INDEPENDENT_MC,256,CONTEXT_CONDITIONAL_ONLY,A,,"{""-1"": -1, ""1"": 1}"
E2_CONTEXT_SIGN_FLIP,72062,ANTITHETIC_CRN_MC,8,CONTEXT_CONDITIONAL_ONLY,A,,"{""-1"": -1, ""1"": 1}"
E2_CONTEXT_SIGN_FLIP,72062,ANTITHETIC_CRN_MC,16,CONTEXT_CONDITIONAL_ONLY,A,,"{""-1"": -1, ""1"": 1}"
E2_CONTEXT_SIGN_FLIP,72062,ANTITHETIC_CRN_MC,32,CONTEXT_CONDITIONAL_ONLY,A,,"{""-1"": -1, ""1"": 1}"
E2_CONTEXT_SIGN_FLIP,72062,ANTITHETIC_CRN_MC,64,CONTEXT_CONDITIONAL_ONLY,A,,"{""-1"": -1, ""1"": 1}"
E2_CONTEXT_SIGN_FLIP,72062,ANTITHETIC_CRN_MC,128,CONTEXT_CONDITIONAL_ONLY,A,,"{""-1"": -1, ""1"": 1}"
E2_CONTEXT_SIGN_FLIP,72062,ANTITHETIC_CRN_MC,256,CONTEXT_CONDITIONAL_ONLY,A,,"{""-1"": -1, ""1"": 1}"
E2_CONTEXT_SIGN_FLIP,72062,CRN_CHAIN_MC,8,CONTEXT_CONDITIONAL_ONLY,A,,"{""-1"": -1, ""1"": 1}"
E2_CONTEXT_SIGN_FLIP,72062,CRN_CHAIN_MC,16,CONTEXT_CONDITIONAL_ONLY,A,,"{""-1"": -1, ""1"": 1}"
E2_CONTEXT_SIGN_FLIP,72062,CRN_CHAIN_MC,32,CONTEXT_CONDITIONAL_ONLY,A,,"{""-1"": -1, ""1"": 1}"
E2_CONTEXT_SIGN_FLIP,72062,CRN_CHAIN_MC,64,CONTEXT_CONDITIONAL_ONLY,A,,"{""-1"": -1, ""1"": 1}"
E2_CONTEXT_SIGN_FLIP,72062,CRN_CHAIN_MC,128,CONTEXT_CONDITIONAL_ONLY,A,,"{""-1"": -1, ""1"": 1}"
E2_CONTEXT_SIGN_FLIP,72062,CRN_CHAIN_MC,256,CONTEXT_CONDITIONAL_ONLY,A,,"{""-1"": -1, ""1"": 1}"
E2_CONTEXT_SIGN_FLIP,72062,DOUBLE_ANTITHETIC_CRN_MC,8,CONTEXT_CONDITIONAL_ONLY,A,,"{""-1"": -1, ""1"": 1}"
E2_CONTEXT_SIGN_FLIP,72062,DOUBLE_ANTITHETIC_CRN_MC,16,CONTEXT_CONDITIONAL_ONLY,A,,"{""-1"": -1, ""1"": 1}"
E2_CONTEXT_SIGN_FLIP,72062,DOUBLE_ANTITHETIC_CRN_MC,32,CONTEXT_CONDITIONAL_ONLY,A,,"{""-1"": -1, ""1"": 1}"
E2_CONTEXT_SIGN_FLIP,72062,DOUBLE_ANTITHETIC_CRN_MC,64,CONTEXT_CONDITIONAL_ONLY,A,,"{""-1"": -1, ""1"": 1}"
E2_CONTEXT_SIGN_FLIP,72062,DOUBLE_ANTITHETIC_CRN_MC,128,CONTEXT_CONDITIONAL_ONLY,A,,"{""-1"": -1, ""1"": 1}"
E2_CONTEXT_SIGN_FLIP,72062,DOUBLE_ANTITHETIC_CRN_MC,256,CONTEXT_CONDITIONAL_ONLY,A,,"{""-1"": -1, ""1"": 1}"
E2_CONTEXT_SIGN_FLIP,72062,LEGACY_INDEPENDENT_MC,8,CONTEXT_CONDITIONAL_ONLY,A,,"{""-1"": -1, ""1"": 1}"
E2_CONTEXT_SIGN_FLIP,72062,LEGACY_INDEPENDENT_MC,16,CONTEXT_CONDITIONAL_ONLY,A,,"{""-1"": -1, ""1"": 1}"
E2_CONTEXT_SIGN_FLIP,72062,LEGACY_INDEPENDENT_MC,32,CONTEXT_CONDITIONAL_ONLY,A,,"{""-1"": -1, ""1"": 1}"
E2_CONTEXT_SIGN_FLIP,72062,LEGACY_INDEPENDENT_MC,64,CONTEXT_CONDITIONAL_ONLY,A,,"{""-1"": -1, ""1"": 1}"
E2_CONTEXT_SIGN_FLIP,72062,LEGACY_INDEPENDENT_MC,128,CONTEXT_CONDITIONAL_ONLY,A,,"{""-1"": -1, ""1"": 1}"
E2_CONTEXT_SIGN_FLIP,72062,LEGACY_INDEPENDENT_MC,256,CONTEXT_CONDITIONAL_ONLY,A,,"{""-1"": -1, ""1"": 1}"
E2_CONTEXT_SIGN_FLIP,72063,ANTITHETIC_CRN_MC,8,CONTEXT_CONDITIONAL_ONLY,A,,"{""-1"": -1, ""1"": 1}"
E2_CONTEXT_SIGN_FLIP,72063,ANTITHETIC_CRN_MC,16,CONTEXT_CONDITIONAL_ONLY,A,,"{""-1"": -1, ""1"": 1}"
E2_CONTEXT_SIGN_FLIP,72063,ANTITHETIC_CRN_MC,32,CONTEXT_CONDITIONAL_ONLY,A,,"{""-1"": -1, ""1"": 1}"
E2_CONTEXT_SIGN_FLIP,72063,ANTITHETIC_CRN_MC,64,CONTEXT_CONDITIONAL_ONLY,A,,"{""-1"": -1, ""1"": 1}"
E2_CONTEXT_SIGN_FLIP,72063,ANTITHETIC_CRN_MC,128,CONTEXT_CONDITIONAL_ONLY,A,,"{""-1"": -1, ""1"": 1}"
E2_CONTEXT_SIGN_FLIP,72063,ANTITHETIC_CRN_MC,256,CONTEXT_CONDITIONAL_ONLY,A,,"{""-1"": -1, ""1"": 1}"
E2_CONTEXT_SIGN_FLIP,72063,CRN_CHAIN_MC,8,CONTEXT_CONDITIONAL_ONLY,A,,"{""-1"": -1, ""1"": 1}"
E2_CONTEXT_SIGN_FLIP,72063,CRN_CHAIN_MC,16,CONTEXT_CONDITIONAL_ONLY,A,,"{""-1"": -1, ""1"": 1}"
E2_CONTEXT_SIGN_FLIP,72063,CRN_CHAIN_MC,32,CONTEXT_CONDITIONAL_ONLY,A,,"{""-1"": -1, ""1"": 1}"
E2_CONTEXT_SIGN_FLIP,72063,CRN_CHAIN_MC,64,CONTEXT_CONDITIONAL_ONLY,A,,"{""-1"": -1, ""1"": 1}"
E2_CONTEXT_SIGN_FLIP,72063,CRN_CHAIN_MC,128,CONTEXT_CONDITIONAL_ONLY,A,,"{""-1"": -1, ""1"": 1}"
E2_CONTEXT_SIGN_FLIP,72063,CRN_CHAIN_MC,256,CONTEXT_CONDITIONAL_ONLY,A,,"{""-1"": -1, ""1"": 1}"
E2_CONTEXT_SIGN_FLIP,72063,DOUBLE_ANTITHETIC_CRN_MC,8,CONTEXT_CONDITIONAL_ONLY,A,,"{""-1"": -1, ""1"": 1}"
E2_CONTEXT_SIGN_FLIP,72063,DOUBLE_ANTITHETIC_CRN_MC,16,CONTEXT_CONDITIONAL_ONLY,A,,"{""-1"": -1, ""1"": 1}"
E2_CONTEXT_SIGN_FLIP,72063,DOUBLE_ANTITHETIC_CRN_MC,32,CONTEXT_CONDITIONAL_ONLY,A,,"{""-1"": -1, ""1"": 1}"
E2_CONTEXT_SIGN_FLIP,72063,DOUBLE_ANTITHETIC_CRN_MC,64,CONTEXT_CONDITIONAL_ONLY,A,,"{""-1"": -1, ""1"": 1}"
E2_CONTEXT_SIGN_FLIP,72063,DOUBLE_ANTITHETIC_CRN_MC,128,CONTEXT_CONDITIONAL_ONLY,A,,"{""-1"": -1, ""1"": 1}"
E2_CONTEXT_SIGN_FLIP,72063,DOUBLE_ANTITHETIC_CRN_MC,256,CONTEXT_CONDITIONAL_ONLY,A,,"{""-1"": -1, ""1"": 1}"
E2_CONTEXT_SIGN_FLIP,72063,LEGACY_INDEPENDENT_MC,8,CONTEXT_CONDITIONAL_ONLY,A,,"{""-1"": -1, ""1"": 1}"
E2_CONTEXT_SIGN_FLIP,72063,LEGACY_INDEPENDENT_MC,16,CONTEXT_CONDITIONAL_ONLY,A,,"{""-1"": -1, ""1"": 1}"
E2_CONTEXT_SIGN_FLIP,72063,LEGACY_INDEPENDENT_MC,32,CONTEXT_CONDITIONAL_ONLY,A,,"{""-1"": -1, ""1"": 1}"
E2_CONTEXT_SIGN_FLIP,72063,LEGACY_INDEPENDENT_MC,64,CONTEXT_CONDITIONAL_ONLY,A,,"{""-1"": -1, ""1"": 1}"
E2_CONTEXT_SIGN_FLIP,72063,LEGACY_INDEPENDENT_MC,128,CONTEXT_CONDITIONAL_ONLY,A,,"{""-1"": -1, ""1"": 1}"
E2_CONTEXT_SIGN_FLIP,72063,LEGACY_INDEPENDENT_MC,256,CONTEXT_CONDITIONAL_ONLY,A,,"{""-1"": -1, ""1"": 1}"
E2_CONTEXT_SIGN_FLIP,72064,ANTITHETIC_CRN_MC,8,CONTEXT_CONDITIONAL_ONLY,A,,"{""-1"": -1, ""1"": 1}"
E2_CONTEXT_SIGN_FLIP,72064,ANTITHETIC_CRN_MC,16,CONTEXT_CONDITIONAL_ONLY,A,,"{""-1"": -1, ""1"": 1}"
E2_CONTEXT_SIGN_FLIP,72064,ANTITHETIC_CRN_MC,32,CONTEXT_CONDITIONAL_ONLY,A,,"{""-1"": -1, ""1"": 1}"
E2_CONTEXT_SIGN_FLIP,72064,ANTITHETIC_CRN_MC,64,CONTEXT_CONDITIONAL_ONLY,A,,"{""-1"": -1, ""1"": 1}"
E2_CONTEXT_SIGN_FLIP,72064,ANTITHETIC_CRN_MC,128,CONTEXT_CONDITIONAL_ONLY,A,,"{""-1"": -1, ""1"": 1}"
E2_CONTEXT_SIGN_FLIP,72064,ANTITHETIC_CRN_MC,256,CONTEXT_CONDITIONAL_ONLY,A,,"{""-1"": -1, ""1"": 1}"
E2_CONTEXT_SIGN_FLIP,72064,CRN_CHAIN_MC,8,CONTEXT_CONDITIONAL_ONLY,A,,"{""-1"": -1, ""1"": 1}"
E2_CONTEXT_SIGN_FLIP,72064,CRN_CHAIN_MC,16,CONTEXT_CONDITIONAL_ONLY,A,,"{""-1"": -1, ""1"": 1}"
E2_CONTEXT_SIGN_FLIP,72064,CRN_CHAIN_MC,32,CONTEXT_CONDITIONAL_ONLY,A,,"{""-1"": -1, ""1"": 1}"
E2_CONTEXT_SIGN_FLIP,72064,CRN_CHAIN_MC,64,CONTEXT_CONDITIONAL_ONLY,A,,"{""-1"": -1, ""1"": 1}"
E2_CONTEXT_SIGN_FLIP,72064,CRN_CHAIN_MC,128,CONTEXT_CONDITIONAL_ONLY,A,,"{""-1"": -1, ""1"": 1}"
E2_CONTEXT_SIGN_FLIP,72064,CRN_CHAIN_MC,256,CONTEXT_CONDITIONAL_ONLY,A,,"{""-1"": -1, ""1"": 1}"
E2_CONTEXT_SIGN_FLIP,72064,DOUBLE_ANTITHETIC_CRN_MC,8,CONTEXT_CONDITIONAL_ONLY,A,,"{""-1"": -1, ""1"": 1}"
E2_CONTEXT_SIGN_FLIP,72064,DOUBLE_ANTITHETIC_CRN_MC,16,CONTEXT_CONDITIONAL_ONLY,A,,"{""-1"": -1, ""1"": 1}"
E2_CONTEXT_SIGN_FLIP,72064,DOUBLE_ANTITHETIC_CRN_MC,32,CONTEXT_CONDITIONAL_ONLY,A,,"{""-1"": -1, ""1"": 1}"
E2_CONTEXT_SIGN_FLIP,72064,DOUBLE_ANTITHETIC_CRN_MC,64,CONTEXT_CONDITIONAL_ONLY,A,,"{""-1"": -1, ""1"": 1}"
E2_CONTEXT_SIGN_FLIP,72064,DOUBLE_ANTITHETIC_CRN_MC,128,CONTEXT_CONDITIONAL_ONLY,A,,"{""-1"": -1, ""1"": 1}"
E2_CONTEXT_SIGN_FLIP,72064,DOUBLE_ANTITHETIC_CRN_MC,256,CONTEXT_CONDITIONAL_ONLY,A,,"{""-1"": -1, ""1"": 1}"
E2_CONTEXT_SIGN_FLIP,72064,LEGACY_INDEPENDENT_MC,8,CONTEXT_CONDITIONAL_ONLY,A,,"{""-1"": -1, ""1"": 1}"
E2_CONTEXT_SIGN_FLIP,72064,LEGACY_INDEPENDENT_MC,16,CONTEXT_CONDITIONAL_ONLY,A,,"{""-1"": -1, ""1"": 1}"
E2_CONTEXT_SIGN_FLIP,72064,LEGACY_INDEPENDENT_MC,32,CONTEXT_CONDITIONAL_ONLY,A,,"{""-1"": -1, ""1"": 1}"
E2_CONTEXT_SIGN_FLIP,72064,LEGACY_INDEPENDENT_MC,64,CONTEXT_CONDITIONAL_ONLY,A,,"{""-1"": -1, ""1"": 1}"
E2_CONTEXT_SIGN_FLIP,72064,LEGACY_INDEPENDENT_MC,128,CONTEXT_CONDITIONAL_ONLY,A,,"{""-1"": -1, ""1"": 1}"
E2_CONTEXT_SIGN_FLIP,72064,LEGACY_INDEPENDENT_MC,256,CONTEXT_CONDITIONAL_ONLY,A,,"{""-1"": -1, ""1"": 1}"
E2_CONTEXT_SIGN_FLIP,72065,ANTITHETIC_CRN_MC,8,CONTEXT_CONDITIONAL_ONLY,A,,"{""-1"": -1, ""1"": 1}"
E2_CONTEXT_SIGN_FLIP,72065,ANTITHETIC_CRN_MC,16,CONTEXT_CONDITIONAL_ONLY,A,,"{""-1"": -1, ""1"": 1}"
E2_CONTEXT_SIGN_FLIP,72065,ANTITHETIC_CRN_MC,32,CONTEXT_CONDITIONAL_ONLY,A,,"{""-1"": -1, ""1"": 1}"
E2_CONTEXT_SIGN_FLIP,72065,ANTITHETIC_CRN_MC,64,CONTEXT_CONDITIONAL_ONLY,A,,"{""-1"": -1, ""1"": 1}"
E2_CONTEXT_SIGN_FLIP,72065,ANTITHETIC_CRN_MC,128,CONTEXT_CONDITIONAL_ONLY,A,,"{""-1"": -1, ""1"": 1}"
E2_CONTEXT_SIGN_FLIP,72065,ANTITHETIC_CRN_MC,256,CONTEXT_CONDITIONAL_ONLY,A,,"{""-1"": -1, ""1"": 1}"
E2_CONTEXT_SIGN_FLIP,72065,CRN_CHAIN_MC,8,CONTEXT_CONDITIONAL_ONLY,A,,"{""-1"": -1, ""1"": 1}"
E2_CONTEXT_SIGN_FLIP,72065,CRN_CHAIN_MC,16,CONTEXT_CONDITIONAL_ONLY,A,,"{""-1"": -1, ""1"": 1}"
E2_CONTEXT_SIGN_FLIP,72065,CRN_CHAIN_MC,32,CONTEXT_CONDITIONAL_ONLY,A,,"{""-1"": -1, ""1"": 1}"
E2_CONTEXT_SIGN_FLIP,72065,CRN_CHAIN_MC,64,CONTEXT_CONDITIONAL_ONLY,A,,"{""-1"": -1, ""1"": 1}"
E2_CONTEXT_SIGN_FLIP,72065,CRN_CHAIN_MC,128,CONTEXT_CONDITIONAL_ONLY,A,,"{""-1"": -1, ""1"": 1}"
E2_CONTEXT_SIGN_FLIP,72065,CRN_CHAIN_MC,256,CONTEXT_CONDITIONAL_ONLY,A,,"{""-1"": -1, ""1"": 1}"
E2_CONTEXT_SIGN_FLIP,72065,DOUBLE_ANTITHETIC_CRN_MC,8,CONTEXT_CONDITIONAL_ONLY,A,,"{""-1"": -1, ""1"": 1}"
E2_CONTEXT_SIGN_FLIP,72065,DOUBLE_ANTITHETIC_CRN_MC,16,CONTEXT_CONDITIONAL_ONLY,A,,"{""-1"": -1, ""1"": 1}"
E2_CONTEXT_SIGN_FLIP,72065,DOUBLE_ANTITHETIC_CRN_MC,32,CONTEXT_CONDITIONAL_ONLY,A,,"{""-1"": -1, ""1"": 1}"
E2_CONTEXT_SIGN_FLIP,72065,DOUBLE_ANTITHETIC_CRN_MC,64,CONTEXT_CONDITIONAL_ONLY,A,,"{""-1"": -1, ""1"": 1}"
E2_CONTEXT_SIGN_FLIP,72065,DOUBLE_ANTITHETIC_CRN_MC,128,CONTEXT_CONDITIONAL_ONLY,A,,"{""-1"": -1, ""1"": 1}"
E2_CONTEXT_SIGN_FLIP,72065,DOUBLE_ANTITHETIC_CRN_MC,256,CONTEXT_CONDITIONAL_ONLY,A,,"{""-1"": -1, ""1"": 1}"
E2_CONTEXT_SIGN_FLIP,72065,LEGACY_INDEPENDENT_MC,8,CONTEXT_CONDITIONAL_ONLY,A,,"{""-1"": -1, ""1"": 1}"
E2_CONTEXT_SIGN_FLIP,72065,LEGACY_INDEPENDENT_MC,16,CONTEXT_CONDITIONAL_ONLY,A,,"{""-1"": -1, ""1"": 1}"
E2_CONTEXT_SIGN_FLIP,72065,LEGACY_INDEPENDENT_MC,32,CONTEXT_CONDITIONAL_ONLY,A,,"{""-1"": -1, ""1"": 1}"
E2_CONTEXT_SIGN_FLIP,72065,LEGACY_INDEPENDENT_MC,64,CONTEXT_CONDITIONAL_ONLY,A,,"{""-1"": -1, ""1"": 1}"
E2_CONTEXT_SIGN_FLIP,72065,LEGACY_INDEPENDENT_MC,128,CONTEXT_CONDITIONAL_ONLY,A,,"{""-1"": -1, ""1"": 1}"
E2_CONTEXT_SIGN_FLIP,72065,LEGACY_INDEPENDENT_MC,256,CONTEXT_CONDITIONAL_ONLY,A,,"{""-1"": -1, ""1"": 1}"
E2_CONTEXT_SIGN_FLIP,72066,ANTITHETIC_CRN_MC,8,CONTEXT_CONDITIONAL_ONLY,A,,"{""-1"": -1, ""1"": 1}"
E2_CONTEXT_SIGN_FLIP,72066,ANTITHETIC_CRN_MC,16,CONTEXT_CONDITIONAL_ONLY,A,,"{""-1"": -1, ""1"": 1}"
E2_CONTEXT_SIGN_FLIP,72066,ANTITHETIC_CRN_MC,32,CONTEXT_CONDITIONAL_ONLY,A,,"{""-1"": -1, ""1"": 1}"
E2_CONTEXT_SIGN_FLIP,72066,ANTITHETIC_CRN_MC,64,CONTEXT_CONDITIONAL_ONLY,A,,"{""-1"": -1, ""1"": 1}"
E2_CONTEXT_SIGN_FLIP,72066,ANTITHETIC_CRN_MC,128,CONTEXT_CONDITIONAL_ONLY,A,,"{""-1"": -1, ""1"": 1}"
E2_CONTEXT_SIGN_FLIP,72066,ANTITHETIC_CRN_MC,256,CONTEXT_CONDITIONAL_ONLY,A,,"{""-1"": -1, ""1"": 1}"
E2_CONTEXT_SIGN_FLIP,72066,CRN_CHAIN_MC,8,CONTEXT_CONDITIONAL_ONLY,A,,"{""-1"": -1, ""1"": 1}"
E2_CONTEXT_SIGN_FLIP,72066,CRN_CHAIN_MC,16,CONTEXT_CONDITIONAL_ONLY,A,,"{""-1"": -1, ""1"": 1}"
E2_CONTEXT_SIGN_FLIP,72066,CRN_CHAIN_MC,32,CONTEXT_CONDITIONAL_ONLY,A,,"{""-1"": -1, ""1"": 1}"
E2_CONTEXT_SIGN_FLIP,72066,CRN_CHAIN_MC,64,CONTEXT_CONDITIONAL_ONLY,A,,"{""-1"": -1, ""1"": 1}"
E2_CONTEXT_SIGN_FLIP,72066,CRN_CHAIN_MC,128,CONTEXT_CONDITIONAL_ONLY,A,,"{""-1"": -1, ""1"": 1}"
E2_CONTEXT_SIGN_FLIP,72066,CRN_CHAIN_MC,256,CONTEXT_CONDITIONAL_ONLY,A,,"{""-1"": -1, ""1"": 1}"
E2_CONTEXT_SIGN_FLIP,72066,DOUBLE_ANTITHETIC_CRN_MC,8,CONTEXT_CONDITIONAL_ONLY,A,,"{""-1"": -1, ""1"": 1}"
E2_CONTEXT_SIGN_FLIP,72066,DOUBLE_ANTITHETIC_CRN_MC,16,CONTEXT_CONDITIONAL_ONLY,A,,"{""-1"": -1, ""1"": 1}"
E2_CONTEXT_SIGN_FLIP,72066,DOUBLE_ANTITHETIC_CRN_MC,32,CONTEXT_CONDITIONAL_ONLY,A,,"{""-1"": -1, ""1"": 1}"
E2_CONTEXT_SIGN_FLIP,72066,DOUBLE_ANTITHETIC_CRN_MC,64,CONTEXT_CONDITIONAL_ONLY,A,,"{""-1"": -1, ""1"": 1}"
E2_CONTEXT_SIGN_FLIP,72066,DOUBLE_ANTITHETIC_CRN_MC,128,CONTEXT_CONDITIONAL_ONLY,A,,"{""-1"": -1, ""1"": 1}"
E2_CONTEXT_SIGN_FLIP,72066,DOUBLE_ANTITHETIC_CRN_MC,256,CONTEXT_CONDITIONAL_ONLY,A,,"{""-1"": -1, ""1"": 1}"
E2_CONTEXT_SIGN_FLIP,72066,LEGACY_INDEPENDENT_MC,8,CONTEXT_CONDITIONAL_ONLY,A,,"{""-1"": -1, ""1"": 1}"
E2_CONTEXT_SIGN_FLIP,72066,LEGACY_INDEPENDENT_MC,16,CONTEXT_CONDITIONAL_ONLY,A,,"{""-1"": -1, ""1"": 1}"
E2_CONTEXT_SIGN_FLIP,72066,LEGACY_INDEPENDENT_MC,32,CONTEXT_CONDITIONAL_ONLY,A,,"{""-1"": -1, ""1"": 1}"
E2_CONTEXT_SIGN_FLIP,72066,LEGACY_INDEPENDENT_MC,64,CONTEXT_CONDITIONAL_ONLY,A,,"{""-1"": -1, ""1"": 1}"
E2_CONTEXT_SIGN_FLIP,72066,LEGACY_INDEPENDENT_MC,128,CONTEXT_CONDITIONAL_ONLY,A,,"{""-1"": -1, ""1"": 1}"
E2_CONTEXT_SIGN_FLIP,72066,LEGACY_INDEPENDENT_MC,256,CONTEXT_CONDITIONAL_ONLY,A,,"{""-1"": -1, ""1"": 1}"
E2_CONTEXT_SIGN_FLIP,72067,ANTITHETIC_CRN_MC,8,CONTEXT_CONDITIONAL_ONLY,A,,"{""-1"": -1, ""1"": 1}"
E2_CONTEXT_SIGN_FLIP,72067,ANTITHETIC_CRN_MC,16,CONTEXT_CONDITIONAL_ONLY,A,,"{""-1"": -1, ""1"": 1}"
E2_CONTEXT_SIGN_FLIP,72067,ANTITHETIC_CRN_MC,32,CONTEXT_CONDITIONAL_ONLY,A,,"{""-1"": -1, ""1"": 1}"
E2_CONTEXT_SIGN_FLIP,72067,ANTITHETIC_CRN_MC,64,CONTEXT_CONDITIONAL_ONLY,A,,"{""-1"": -1, ""1"": 1}"
E2_CONTEXT_SIGN_FLIP,72067,ANTITHETIC_CRN_MC,128,CONTEXT_CONDITIONAL_ONLY,A,,"{""-1"": -1, ""1"": 1}"
E2_CONTEXT_SIGN_FLIP,72067,ANTITHETIC_CRN_MC,256,CONTEXT_CONDITIONAL_ONLY,A,,"{""-1"": -1, ""1"": 1}"
E2_CONTEXT_SIGN_FLIP,72067,CRN_CHAIN_MC,8,CONTEXT_CONDITIONAL_ONLY,A,,"{""-1"": -1, ""1"": 1}"
E2_CONTEXT_SIGN_FLIP,72067,CRN_CHAIN_MC,16,CONTEXT_CONDITIONAL_ONLY,A,,"{""-1"": -1, ""1"": 1}"
E2_CONTEXT_SIGN_FLIP,72067,CRN_CHAIN_MC,32,CONTEXT_CONDITIONAL_ONLY,A,,"{""-1"": -1, ""1"": 1}"
E2_CONTEXT_SIGN_FLIP,72067,CRN_CHAIN_MC,64,CONTEXT_CONDITIONAL_ONLY,A,,"{""-1"": -1, ""1"": 1}"
E2_CONTEXT_SIGN_FLIP,72067,CRN_CHAIN_MC,128,CONTEXT_CONDITIONAL_ONLY,A,,"{""-1"": -1, ""1"": 1}"
E2_CONTEXT_SIGN_FLIP,72067,CRN_CHAIN_MC,256,CONTEXT_CONDITIONAL_ONLY,A,,"{""-1"": -1, ""1"": 1}"
E2_CONTEXT_SIGN_FLIP,72067,DOUBLE_ANTITHETIC_CRN_MC,8,CONTEXT_CONDITIONAL_ONLY,A,,"{""-1"": -1, ""1"": 1}"
E2_CONTEXT_SIGN_FLIP,72067,DOUBLE_ANTITHETIC_CRN_MC,16,CONTEXT_CONDITIONAL_ONLY,A,,"{""-1"": -1, ""1"": 1}"
E2_CONTEXT_SIGN_FLIP,72067,DOUBLE_ANTITHETIC_CRN_MC,32,CONTEXT_CONDITIONAL_ONLY,A,,"{""-1"": -1, ""1"": 1}"
E2_CONTEXT_SIGN_FLIP,72067,DOUBLE_ANTITHETIC_CRN_MC,64,CONTEXT_CONDITIONAL_ONLY,A,,"{""-1"": -1, ""1"": 1}"
E2_CONTEXT_SIGN_FLIP,72067,DOUBLE_ANTITHETIC_CRN_MC,128,CONTEXT_CONDITIONAL_ONLY,A,,"{""-1"": -1, ""1"": 1}"
E2_CONTEXT_SIGN_FLIP,72067,DOUBLE_ANTITHETIC_CRN_MC,256,CONTEXT_CONDITIONAL_ONLY,A,,"{""-1"": -1, ""1"": 1}"
E2_CONTEXT_SIGN_FLIP,72067,LEGACY_INDEPENDENT_MC,8,CONTEXT_CONDITIONAL_ONLY,A,,"{""-1"": -1, ""1"": 1}"
E2_CONTEXT_SIGN_FLIP,72067,LEGACY_INDEPENDENT_MC,16,CONTEXT_CONDITIONAL_ONLY,A,,"{""-1"": -1, ""1"": 1}"
E2_CONTEXT_SIGN_FLIP,72067,LEGACY_INDEPENDENT_MC,32,CONTEXT_CONDITIONAL_ONLY,A,,"{""-1"": -1, ""1"": 1}"
E2_CONTEXT_SIGN_FLIP,72067,LEGACY_INDEPENDENT_MC,64,CONTEXT_CONDITIONAL_ONLY,A,,"{""-1"": -1, ""1"": 1}"
E2_CONTEXT_SIGN_FLIP,72067,LEGACY_INDEPENDENT_MC,128,CONTEXT_CONDITIONAL_ONLY,A,,"{""-1"": -1, ""1"": 1}"
E2_CONTEXT_SIGN_FLIP,72067,LEGACY_INDEPENDENT_MC,256,CONTEXT_CONDITIONAL_ONLY,A,,"{""-1"": -1, ""1"": 1}"
E2_CONTEXT_SIGN_FLIP,72068,ANTITHETIC_CRN_MC,8,CONTEXT_CONDITIONAL_ONLY,A,,"{""-1"": -1, ""1"": 1}"
E2_CONTEXT_SIGN_FLIP,72068,ANTITHETIC_CRN_MC,16,CONTEXT_CONDITIONAL_ONLY,A,,"{""-1"": -1, ""1"": 1}"
E2_CONTEXT_SIGN_FLIP,72068,ANTITHETIC_CRN_MC,32,CONTEXT_CONDITIONAL_ONLY,A,,"{""-1"": -1, ""1"": 1}"
E2_CONTEXT_SIGN_FLIP,72068,ANTITHETIC_CRN_MC,64,CONTEXT_CONDITIONAL_ONLY,A,,"{""-1"": -1, ""1"": 1}"
E2_CONTEXT_SIGN_FLIP,72068,ANTITHETIC_CRN_MC,128,CONTEXT_CONDITIONAL_ONLY,A,,"{""-1"": -1, ""1"": 1}"
E2_CONTEXT_SIGN_FLIP,72068,ANTITHETIC_CRN_MC,256,CONTEXT_CONDITIONAL_ONLY,A,,"{""-1"": -1, ""1"": 1}"
E2_CONTEXT_SIGN_FLIP,72068,CRN_CHAIN_MC,8,CONTEXT_CONDITIONAL_ONLY,A,,"{""-1"": -1, ""1"": 1}"
E2_CONTEXT_SIGN_FLIP,72068,CRN_CHAIN_MC,16,CONTEXT_CONDITIONAL_ONLY,A,,"{""-1"": -1, ""1"": 1}"
E2_CONTEXT_SIGN_FLIP,72068,CRN_CHAIN_MC,32,CONTEXT_CONDITIONAL_ONLY,A,,"{""-1"": -1, ""1"": 1}"
E2_CONTEXT_SIGN_FLIP,72068,CRN_CHAIN_MC,64,CONTEXT_CONDITIONAL_ONLY,A,,"{""-1"": -1, ""1"": 1}"
E2_CONTEXT_SIGN_FLIP,72068,CRN_CHAIN_MC,128,CONTEXT_CONDITIONAL_ONLY,A,,"{""-1"": -1, ""1"": 1}"
E2_CONTEXT_SIGN_FLIP,72068,CRN_CHAIN_MC,256,CONTEXT_CONDITIONAL_ONLY,A,,"{""-1"": -1, ""1"": 1}"
E2_CONTEXT_SIGN_FLIP,72068,DOUBLE_ANTITHETIC_CRN_MC,8,CONTEXT_CONDITIONAL_ONLY,A,,"{""-1"": -1, ""1"": 1}"
E2_CONTEXT_SIGN_FLIP,72068,DOUBLE_ANTITHETIC_CRN_MC,16,CONTEXT_CONDITIONAL_ONLY,A,,"{""-1"": -1, ""1"": 1}"
E2_CONTEXT_SIGN_FLIP,72068,DOUBLE_ANTITHETIC_CRN_MC,32,CONTEXT_CONDITIONAL_ONLY,A,,"{""-1"": -1, ""1"": 1}"
E2_CONTEXT_SIGN_FLIP,72068,DOUBLE_ANTITHETIC_CRN_MC,64,CONTEXT_CONDITIONAL_ONLY,A,,"{""-1"": -1, ""1"": 1}"
E2_CONTEXT_SIGN_FLIP,72068,DOUBLE_ANTITHETIC_CRN_MC,128,CONTEXT_CONDITIONAL_ONLY,A,,"{""-1"": -1, ""1"": 1}"
E2_CONTEXT_SIGN_FLIP,72068,DOUBLE_ANTITHETIC_CRN_MC,256,CONTEXT_CONDITIONAL_ONLY,A,,"{""-1"": -1, ""1"": 1}"
E2_CONTEXT_SIGN_FLIP,72068,LEGACY_INDEPENDENT_MC,8,CONTEXT_CONDITIONAL_ONLY,A,,"{""-1"": -1, ""1"": 1}"
E2_CONTEXT_SIGN_FLIP,72068,LEGACY_INDEPENDENT_MC,16,CONTEXT_CONDITIONAL_ONLY,A,,"{""-1"": -1, ""1"": 1}"
E2_CONTEXT_SIGN_FLIP,72068,LEGACY_INDEPENDENT_MC,32,CONTEXT_CONDITIONAL_ONLY,A,,"{""-1"": -1, ""1"": 1}"
E2_CONTEXT_SIGN_FLIP,72068,LEGACY_INDEPENDENT_MC,64,CONTEXT_CONDITIONAL_ONLY,A,,"{""-1"": -1, ""1"": 1}"
E2_CONTEXT_SIGN_FLIP,72068,LEGACY_INDEPENDENT_MC,128,CONTEXT_CONDITIONAL_ONLY,A,,"{""-1"": -1, ""1"": 1}"
E2_CONTEXT_SIGN_FLIP,72068,LEGACY_INDEPENDENT_MC,256,CONTEXT_CONDITIONAL_ONLY,A,,"{""-1"": -1, ""1"": 1}"
E2_CONTEXT_SIGN_FLIP,72069,ANTITHETIC_CRN_MC,8,CONTEXT_CONDITIONAL_ONLY,A,,"{""-1"": -1, ""1"": 1}"
E2_CONTEXT_SIGN_FLIP,72069,ANTITHETIC_CRN_MC,16,CONTEXT_CONDITIONAL_ONLY,A,,"{""-1"": -1, ""1"": 1}"
E2_CONTEXT_SIGN_FLIP,72069,ANTITHETIC_CRN_MC,32,CONTEXT_CONDITIONAL_ONLY,A,,"{""-1"": -1, ""1"": 1}"
E2_CONTEXT_SIGN_FLIP,72069,ANTITHETIC_CRN_MC,64,CONTEXT_CONDITIONAL_ONLY,A,,"{""-1"": -1, ""1"": 1}"
E2_CONTEXT_SIGN_FLIP,72069,ANTITHETIC_CRN_MC,128,CONTEXT_CONDITIONAL_ONLY,A,,"{""-1"": -1, ""1"": 1}"
E2_CONTEXT_SIGN_FLIP,72069,ANTITHETIC_CRN_MC,256,CONTEXT_CONDITIONAL_ONLY,A,,"{""-1"": -1, ""1"": 1}"
E2_CONTEXT_SIGN_FLIP,72069,CRN_CHAIN_MC,8,CONTEXT_CONDITIONAL_ONLY,A,,"{""-1"": -1, ""1"": 1}"
E2_CONTEXT_SIGN_FLIP,72069,CRN_CHAIN_MC,16,CONTEXT_CONDITIONAL_ONLY,A,,"{""-1"": -1, ""1"": 1}"
E2_CONTEXT_SIGN_FLIP,72069,CRN_CHAIN_MC,32,CONTEXT_CONDITIONAL_ONLY,A,,"{""-1"": -1, ""1"": 1}"
E2_CONTEXT_SIGN_FLIP,72069,CRN_CHAIN_MC,64,CONTEXT_CONDITIONAL_ONLY,A,,"{""-1"": -1, ""1"": 1}"
E2_CONTEXT_SIGN_FLIP,72069,CRN_CHAIN_MC,128,CONTEXT_CONDITIONAL_ONLY,A,,"{""-1"": -1, ""1"": 1}"
E2_CONTEXT_SIGN_FLIP,72069,CRN_CHAIN_MC,256,CONTEXT_CONDITIONAL_ONLY,A,,"{""-1"": -1, ""1"": 1}"
E2_CONTEXT_SIGN_FLIP,72069,DOUBLE_ANTITHETIC_CRN_MC,8,CONTEXT_CONDITIONAL_ONLY,A,,"{""-1"": -1, ""1"": 1}"
E2_CONTEXT_SIGN_FLIP,72069,DOUBLE_ANTITHETIC_CRN_MC,16,CONTEXT_CONDITIONAL_ONLY,A,,"{""-1"": -1, ""1"": 1}"
E2_CONTEXT_SIGN_FLIP,72069,DOUBLE_ANTITHETIC_CRN_MC,32,CONTEXT_CONDITIONAL_ONLY,A,,"{""-1"": -1, ""1"": 1}"
E2_CONTEXT_SIGN_FLIP,72069,DOUBLE_ANTITHETIC_CRN_MC,64,CONTEXT_CONDITIONAL_ONLY,A,,"{""-1"": -1, ""1"": 1}"
E2_CONTEXT_SIGN_FLIP,72069,DOUBLE_ANTITHETIC_CRN_MC,128,CONTEXT_CONDITIONAL_ONLY,A,,"{""-1"": -1, ""1"": 1}"
E2_CONTEXT_SIGN_FLIP,72069,DOUBLE_ANTITHETIC_CRN_MC,256,CONTEXT_CONDITIONAL_ONLY,A,,"{""-1"": -1, ""1"": 1}"
E2_CONTEXT_SIGN_FLIP,72069,LEGACY_INDEPENDENT_MC,8,CONTEXT_CONDITIONAL_ONLY,A,,"{""-1"": -1, ""1"": 1}"
E2_CONTEXT_SIGN_FLIP,72069,LEGACY_INDEPENDENT_MC,16,CONTEXT_CONDITIONAL_ONLY,A,,"{""-1"": -1, ""1"": 1}"
E2_CONTEXT_SIGN_FLIP,72069,LEGACY_INDEPENDENT_MC,32,CONTEXT_CONDITIONAL_ONLY,A,,"{""-1"": -1, ""1"": 1}"
E2_CONTEXT_SIGN_FLIP,72069,LEGACY_INDEPENDENT_MC,64,CONTEXT_CONDITIONAL_ONLY,A,,"{""-1"": -1, ""1"": 1}"
E2_CONTEXT_SIGN_FLIP,72069,LEGACY_INDEPENDENT_MC,128,CONTEXT_CONDITIONAL_ONLY,A,,"{""-1"": -1, ""1"": 1}"
E2_CONTEXT_SIGN_FLIP,72069,LEGACY_INDEPENDENT_MC,256,CONTEXT_CONDITIONAL_ONLY,A,,"{""-1"": -1, ""1"": 1}"
E2_CONTEXT_SIGN_FLIP,72070,ANTITHETIC_CRN_MC,8,CONTEXT_CONDITIONAL_ONLY,A,,"{""-1"": -1, ""1"": 1}"
E2_CONTEXT_SIGN_FLIP,72070,ANTITHETIC_CRN_MC,16,CONTEXT_CONDITIONAL_ONLY,A,,"{""-1"": -1, ""1"": 1}"
E2_CONTEXT_SIGN_FLIP,72070,ANTITHETIC_CRN_MC,32,CONTEXT_CONDITIONAL_ONLY,A,,"{""-1"": -1, ""1"": 1}"
E2_CONTEXT_SIGN_FLIP,72070,ANTITHETIC_CRN_MC,64,CONTEXT_CONDITIONAL_ONLY,A,,"{""-1"": -1, ""1"": 1}"
E2_CONTEXT_SIGN_FLIP,72070,ANTITHETIC_CRN_MC,128,CONTEXT_CONDITIONAL_ONLY,A,,"{""-1"": -1, ""1"": 1}"
E2_CONTEXT_SIGN_FLIP,72070,ANTITHETIC_CRN_MC,256,CONTEXT_CONDITIONAL_ONLY,A,,"{""-1"": -1, ""1"": 1}"
E2_CONTEXT_SIGN_FLIP,72070,CRN_CHAIN_MC,8,CONTEXT_CONDITIONAL_ONLY,A,,"{""-1"": -1, ""1"": 1}"
E2_CONTEXT_SIGN_FLIP,72070,CRN_CHAIN_MC,16,CONTEXT_CONDITIONAL_ONLY,A,,"{""-1"": -1, ""1"": 1}"
E2_CONTEXT_SIGN_FLIP,72070,CRN_CHAIN_MC,32,CONTEXT_CONDITIONAL_ONLY,A,,"{""-1"": -1, ""1"": 1}"
E2_CONTEXT_SIGN_FLIP,72070,CRN_CHAIN_MC,64,CONTEXT_CONDITIONAL_ONLY,A,,"{""-1"": -1, ""1"": 1}"
E2_CONTEXT_SIGN_FLIP,72070,CRN_CHAIN_MC,128,CONTEXT_CONDITIONAL_ONLY,A,,"{""-1"": -1, ""1"": 1}"
E2_CONTEXT_SIGN_FLIP,72070,CRN_CHAIN_MC,256,CONTEXT_CONDITIONAL_ONLY,A,,"{""-1"": -1, ""1"": 1}"
E2_CONTEXT_SIGN_FLIP,72070,DOUBLE_ANTITHETIC_CRN_MC,8,CONTEXT_CONDITIONAL_ONLY,A,,"{""-1"": -1, ""1"": 1}"
E2_CONTEXT_SIGN_FLIP,72070,DOUBLE_ANTITHETIC_CRN_MC,16,CONTEXT_CONDITIONAL_ONLY,A,,"{""-1"": -1, ""1"": 1}"
E2_CONTEXT_SIGN_FLIP,72070,DOUBLE_ANTITHETIC_CRN_MC,32,CONTEXT_CONDITIONAL_ONLY,A,,"{""-1"": -1, ""1"": 1}"
E2_CONTEXT_SIGN_FLIP,72070,DOUBLE_ANTITHETIC_CRN_MC,64,CONTEXT_CONDITIONAL_ONLY,A,,"{""-1"": -1, ""1"": 1}"
E2_CONTEXT_SIGN_FLIP,72070,DOUBLE_ANTITHETIC_CRN_MC,128,CONTEXT_CONDITIONAL_ONLY,A,,"{""-1"": -1, ""1"": 1}"
E2_CONTEXT_SIGN_FLIP,72070,DOUBLE_ANTITHETIC_CRN_MC,256,CONTEXT_CONDITIONAL_ONLY,A,,"{""-1"": -1, ""1"": 1}"
E2_CONTEXT_SIGN_FLIP,72070,LEGACY_INDEPENDENT_MC,8,CONTEXT_CONDITIONAL_ONLY,A,,"{""-1"": -1, ""1"": 1}"
E2_CONTEXT_SIGN_FLIP,72070,LEGACY_INDEPENDENT_MC,16,CONTEXT_CONDITIONAL_ONLY,A,,"{""-1"": -1, ""1"": 1}"
E2_CONTEXT_SIGN_FLIP,72070,LEGACY_INDEPENDENT_MC,32,CONTEXT_CONDITIONAL_ONLY,A,,"{""-1"": -1, ""1"": 1}"
E2_CONTEXT_SIGN_FLIP,72070,LEGACY_INDEPENDENT_MC,64,CONTEXT_CONDITIONAL_ONLY,A,,"{""-1"": -1, ""1"": 1}"
E2_CONTEXT_SIGN_FLIP,72070,LEGACY_INDEPENDENT_MC,128,CONTEXT_CONDITIONAL_ONLY,A,,"{""-1"": -1, ""1"": 1}"
E2_CONTEXT_SIGN_FLIP,72070,LEGACY_INDEPENDENT_MC,256,CONTEXT_CONDITIONAL_ONLY,A,,"{""-1"": -1, ""1"": 1}"
E2_CONTEXT_SIGN_FLIP,72071,ANTITHETIC_CRN_MC,8,CONTEXT_CONDITIONAL_ONLY,A,,"{""-1"": -1, ""1"": 1}"
E2_CONTEXT_SIGN_FLIP,72071,ANTITHETIC_CRN_MC,16,CONTEXT_CONDITIONAL_ONLY,A,,"{""-1"": -1, ""1"": 1}"
E2_CONTEXT_SIGN_FLIP,72071,ANTITHETIC_CRN_MC,32,CONTEXT_CONDITIONAL_ONLY,A,,"{""-1"": -1, ""1"": 1}"
E2_CONTEXT_SIGN_FLIP,72071,ANTITHETIC_CRN_MC,64,CONTEXT_CONDITIONAL_ONLY,A,,"{""-1"": -1, ""1"": 1}"
E2_CONTEXT_SIGN_FLIP,72071,ANTITHETIC_CRN_MC,128,CONTEXT_CONDITIONAL_ONLY,A,,"{""-1"": -1, ""1"": 1}"
E2_CONTEXT_SIGN_FLIP,72071,ANTITHETIC_CRN_MC,256,CONTEXT_CONDITIONAL_ONLY,A,,"{""-1"": -1, ""1"": 1}"
E2_CONTEXT_SIGN_FLIP,72071,CRN_CHAIN_MC,8,CONTEXT_CONDITIONAL_ONLY,A,,"{""-1"": -1, ""1"": 1}"
E2_CONTEXT_SIGN_FLIP,72071,CRN_CHAIN_MC,16,CONTEXT_CONDITIONAL_ONLY,A,,"{""-1"": -1, ""1"": 1}"
E2_CONTEXT_SIGN_FLIP,72071,CRN_CHAIN_MC,32,CONTEXT_CONDITIONAL_ONLY,A,,"{""-1"": -1, ""1"": 1}"
E2_CONTEXT_SIGN_FLIP,72071,CRN_CHAIN_MC,64,CONTEXT_CONDITIONAL_ONLY,A,,"{""-1"": -1, ""1"": 1}"
E2_CONTEXT_SIGN_FLIP,72071,CRN_CHAIN_MC,128,CONTEXT_CONDITIONAL_ONLY,A,,"{""-1"": -1, ""1"": 1}"
E2_CONTEXT_SIGN_FLIP,72071,CRN_CHAIN_MC,256,CONTEXT_CONDITIONAL_ONLY,A,,"{""-1"": -1, ""1"": 1}"
E2_CONTEXT_SIGN_FLIP,72071,DOUBLE_ANTITHETIC_CRN_MC,8,CONTEXT_CONDITIONAL_ONLY,A,,"{""-1"": -1, ""1"": 1}"
E2_CONTEXT_SIGN_FLIP,72071,DOUBLE_ANTITHETIC_CRN_MC,16,CONTEXT_CONDITIONAL_ONLY,A,,"{""-1"": -1, ""1"": 1}"
E2_CONTEXT_SIGN_FLIP,72071,DOUBLE_ANTITHETIC_CRN_MC,32,CONTEXT_CONDITIONAL_ONLY,A,,"{""-1"": -1, ""1"": 1}"
E2_CONTEXT_SIGN_FLIP,72071,DOUBLE_ANTITHETIC_CRN_MC,64,CONTEXT_CONDITIONAL_ONLY,A,,"{""-1"": -1, ""1"": 1}"
E2_CONTEXT_SIGN_FLIP,72071,DOUBLE_ANTITHETIC_CRN_MC,128,CONTEXT_CONDITIONAL_ONLY,A,,"{""-1"": -1, ""1"": 1}"
E2_CONTEXT_SIGN_FLIP,72071,DOUBLE_ANTITHETIC_CRN_MC,256,CONTEXT_CONDITIONAL_ONLY,A,,"{""-1"": -1, ""1"": 1}"
E2_CONTEXT_SIGN_FLIP,72071,LEGACY_INDEPENDENT_MC,8,CONTEXT_CONDITIONAL_ONLY,A,,"{""-1"": -1, ""1"": 1}"
E2_CONTEXT_SIGN_FLIP,72071,LEGACY_INDEPENDENT_MC,16,CONTEXT_CONDITIONAL_ONLY,A,,"{""-1"": -1, ""1"": 1}"
E2_CONTEXT_SIGN_FLIP,72071,LEGACY_INDEPENDENT_MC,32,CONTEXT_CONDITIONAL_ONLY,A,,"{""-1"": -1, ""1"": 1}"
E2_CONTEXT_SIGN_FLIP,72071,LEGACY_INDEPENDENT_MC,64,CONTEXT_CONDITIONAL_ONLY,A,,"{""-1"": -1, ""1"": 1}"
E2_CONTEXT_SIGN_FLIP,72071,LEGACY_INDEPENDENT_MC,128,CONTEXT_CONDITIONAL_ONLY,A,,"{""-1"": -1, ""1"": 1}"
E2_CONTEXT_SIGN_FLIP,72071,LEGACY_INDEPENDENT_MC,256,CONTEXT_CONDITIONAL_ONLY,A,,"{""-1"": -1, ""1"": 1}"
E2_CONTEXT_SIGN_FLIP,72072,ANTITHETIC_CRN_MC,8,CONTEXT_CONDITIONAL_ONLY,A,,"{""-1"": -1, ""1"": 1}"
E2_CONTEXT_SIGN_FLIP,72072,ANTITHETIC_CRN_MC,16,CONTEXT_CONDITIONAL_ONLY,A,,"{""-1"": -1, ""1"": 1}"
E2_CONTEXT_SIGN_FLIP,72072,ANTITHETIC_CRN_MC,32,CONTEXT_CONDITIONAL_ONLY,A,,"{""-1"": -1, ""1"": 1}"
E2_CONTEXT_SIGN_FLIP,72072,ANTITHETIC_CRN_MC,64,CONTEXT_CONDITIONAL_ONLY,A,,"{""-1"": -1, ""1"": 1}"
E2_CONTEXT_SIGN_FLIP,72072,ANTITHETIC_CRN_MC,128,CONTEXT_CONDITIONAL_ONLY,A,,"{""-1"": -1, ""1"": 1}"
E2_CONTEXT_SIGN_FLIP,72072,ANTITHETIC_CRN_MC,256,CONTEXT_CONDITIONAL_ONLY,A,,"{""-1"": -1, ""1"": 1}"
E2_CONTEXT_SIGN_FLIP,72072,CRN_CHAIN_MC,8,CONTEXT_CONDITIONAL_ONLY,A,,"{""-1"": -1, ""1"": 1}"
E2_CONTEXT_SIGN_FLIP,72072,CRN_CHAIN_MC,16,CONTEXT_CONDITIONAL_ONLY,A,,"{""-1"": -1, ""1"": 1}"
E2_CONTEXT_SIGN_FLIP,72072,CRN_CHAIN_MC,32,CONTEXT_CONDITIONAL_ONLY,A,,"{""-1"": -1, ""1"": 1}"
E2_CONTEXT_SIGN_FLIP,72072,CRN_CHAIN_MC,64,CONTEXT_CONDITIONAL_ONLY,A,,"{""-1"": -1, ""1"": 1}"
E2_CONTEXT_SIGN_FLIP,72072,CRN_CHAIN_MC,128,CONTEXT_CONDITIONAL_ONLY,A,,"{""-1"": -1, ""1"": 1}"
E2_CONTEXT_SIGN_FLIP,72072,CRN_CHAIN_MC,256,CONTEXT_CONDITIONAL_ONLY,A,,"{""-1"": -1, ""1"": 1}"
E2_CONTEXT_SIGN_FLIP,72072,DOUBLE_ANTITHETIC_CRN_MC,8,CONTEXT_CONDITIONAL_ONLY,A,,"{""-1"": -1, ""1"": 1}"
E2_CONTEXT_SIGN_FLIP,72072,DOUBLE_ANTITHETIC_CRN_MC,16,CONTEXT_CONDITIONAL_ONLY,A,,"{""-1"": -1, ""1"": 1}"
E2_CONTEXT_SIGN_FLIP,72072,DOUBLE_ANTITHETIC_CRN_MC,32,CONTEXT_CONDITIONAL_ONLY,A,,"{""-1"": -1, ""1"": 1}"
E2_CONTEXT_SIGN_FLIP,72072,DOUBLE_ANTITHETIC_CRN_MC,64,CONTEXT_CONDITIONAL_ONLY,A,,"{""-1"": -1, ""1"": 1}"
E2_CONTEXT_SIGN_FLIP,72072,DOUBLE_ANTITHETIC_CRN_MC,128,CONTEXT_CONDITIONAL_ONLY,A,,"{""-1"": -1, ""1"": 1}"
E2_CONTEXT_SIGN_FLIP,72072,DOUBLE_ANTITHETIC_CRN_MC,256,CONTEXT_CONDITIONAL_ONLY,A,,"{""-1"": -1, ""1"": 1}"
E2_CONTEXT_SIGN_FLIP,72072,LEGACY_INDEPENDENT_MC,8,CONTEXT_CONDITIONAL_ONLY,A,,"{""-1"": -1, ""1"": 1}"
E2_CONTEXT_SIGN_FLIP,72072,LEGACY_INDEPENDENT_MC,16,CONTEXT_CONDITIONAL_ONLY,A,,"{""-1"": -1, ""1"": 1}"
E2_CONTEXT_SIGN_FLIP,72072,LEGACY_INDEPENDENT_MC,32,CONTEXT_CONDITIONAL_ONLY,A,,"{""-1"": -1, ""1"": 1}"
E2_CONTEXT_SIGN_FLIP,72072,LEGACY_INDEPENDENT_MC,64,CONTEXT_CONDITIONAL_ONLY,A,,"{""-1"": -1, ""1"": 1}"
E2_CONTEXT_SIGN_FLIP,72072,LEGACY_INDEPENDENT_MC,128,CONTEXT_CONDITIONAL_ONLY,A,,"{""-1"": -1, ""1"": 1}"
E2_CONTEXT_SIGN_FLIP,72072,LEGACY_INDEPENDENT_MC,256,CONTEXT_CONDITIONAL_ONLY,A,,"{""-1"": -1, ""1"": 1}"
E2_CONTEXT_SIGN_FLIP,72073,ANTITHETIC_CRN_MC,8,CONTEXT_CONDITIONAL_ONLY,A,,"{""-1"": -1, ""1"": 1}"
E2_CONTEXT_SIGN_FLIP,72073,ANTITHETIC_CRN_MC,16,CONTEXT_CONDITIONAL_ONLY,A,,"{""-1"": -1, ""1"": 1}"
E2_CONTEXT_SIGN_FLIP,72073,ANTITHETIC_CRN_MC,32,CONTEXT_CONDITIONAL_ONLY,A,,"{""-1"": -1, ""1"": 1}"
E2_CONTEXT_SIGN_FLIP,72073,ANTITHETIC_CRN_MC,64,CONTEXT_CONDITIONAL_ONLY,A,,"{""-1"": -1, ""1"": 1}"
E2_CONTEXT_SIGN_FLIP,72073,ANTITHETIC_CRN_MC,128,CONTEXT_CONDITIONAL_ONLY,A,,"{""-1"": -1, ""1"": 1}"
E2_CONTEXT_SIGN_FLIP,72073,ANTITHETIC_CRN_MC,256,CONTEXT_CONDITIONAL_ONLY,A,,"{""-1"": -1, ""1"": 1}"
E2_CONTEXT_SIGN_FLIP,72073,CRN_CHAIN_MC,8,CONTEXT_CONDITIONAL_ONLY,A,,"{""-1"": -1, ""1"": 1}"
E2_CONTEXT_SIGN_FLIP,72073,CRN_CHAIN_MC,16,CONTEXT_CONDITIONAL_ONLY,A,,"{""-1"": -1, ""1"": 1}"
E2_CONTEXT_SIGN_FLIP,72073,CRN_CHAIN_MC,32,CONTEXT_CONDITIONAL_ONLY,A,,"{""-1"": -1, ""1"": 1}"
E2_CONTEXT_SIGN_FLIP,72073,CRN_CHAIN_MC,64,CONTEXT_CONDITIONAL_ONLY,A,,"{""-1"": -1, ""1"": 1}"
E2_CONTEXT_SIGN_FLIP,72073,CRN_CHAIN_MC,128,CONTEXT_CONDITIONAL_ONLY,A,,"{""-1"": -1, ""1"": 1}"
E2_CONTEXT_SIGN_FLIP,72073,CRN_CHAIN_MC,256,CONTEXT_CONDITIONAL_ONLY,A,,"{""-1"": -1, ""1"": 1}"
E2_CONTEXT_SIGN_FLIP,72073,DOUBLE_ANTITHETIC_CRN_MC,8,CONTEXT_CONDITIONAL_ONLY,A,,"{""-1"": -1, ""1"": 1}"
E2_CONTEXT_SIGN_FLIP,72073,DOUBLE_ANTITHETIC_CRN_MC,16,CONTEXT_CONDITIONAL_ONLY,A,,"{""-1"": -1, ""1"": 1}"
E2_CONTEXT_SIGN_FLIP,72073,DOUBLE_ANTITHETIC_CRN_MC,32,CONTEXT_CONDITIONAL_ONLY,A,,"{""-1"": -1, ""1"": 1}"
E2_CONTEXT_SIGN_FLIP,72073,DOUBLE_ANTITHETIC_CRN_MC,64,CONTEXT_CONDITIONAL_ONLY,A,,"{""-1"": -1, ""1"": 1}"
E2_CONTEXT_SIGN_FLIP,72073,DOUBLE_ANTITHETIC_CRN_MC,128,CONTEXT_CONDITIONAL_ONLY,A,,"{""-1"": -1, ""1"": 1}"
E2_CONTEXT_SIGN_FLIP,72073,DOUBLE_ANTITHETIC_CRN_MC,256,CONTEXT_CONDITIONAL_ONLY,A,,"{""-1"": -1, ""1"": 1}"
E2_CONTEXT_SIGN_FLIP,72073,LEGACY_INDEPENDENT_MC,8,CONTEXT_CONDITIONAL_ONLY,A,,"{""-1"": -1, ""1"": 1}"
E2_CONTEXT_SIGN_FLIP,72073,LEGACY_INDEPENDENT_MC,16,CONTEXT_CONDITIONAL_ONLY,A,,"{""-1"": -1, ""1"": 1}"
E2_CONTEXT_SIGN_FLIP,72073,LEGACY_INDEPENDENT_MC,32,CONTEXT_CONDITIONAL_ONLY,A,,"{""-1"": -1, ""1"": 1}"
E2_CONTEXT_SIGN_FLIP,72073,LEGACY_INDEPENDENT_MC,64,CONTEXT_CONDITIONAL_ONLY,A,,"{""-1"": -1, ""1"": 1}"
E2_CONTEXT_SIGN_FLIP,72073,LEGACY_INDEPENDENT_MC,128,CONTEXT_CONDITIONAL_ONLY,A,,"{""-1"": -1, ""1"": 1}"
E2_CONTEXT_SIGN_FLIP,72073,LEGACY_INDEPENDENT_MC,256,CONTEXT_CONDITIONAL_ONLY,A,,"{""-1"": -1, ""1"": 1}"
E2_CONTEXT_SIGN_FLIP,72074,ANTITHETIC_CRN_MC,8,CONTEXT_CONDITIONAL_ONLY,A,,"{""-1"": -1, ""1"": 1}"
E2_CONTEXT_SIGN_FLIP,72074,ANTITHETIC_CRN_MC,16,CONTEXT_CONDITIONAL_ONLY,A,,"{""-1"": -1, ""1"": 1}"
E2_CONTEXT_SIGN_FLIP,72074,ANTITHETIC_CRN_MC,32,CONTEXT_CONDITIONAL_ONLY,A,,"{""-1"": -1, ""1"": 1}"
E2_CONTEXT_SIGN_FLIP,72074,ANTITHETIC_CRN_MC,64,CONTEXT_CONDITIONAL_ONLY,A,,"{""-1"": -1, ""1"": 1}"
E2_CONTEXT_SIGN_FLIP,72074,ANTITHETIC_CRN_MC,128,CONTEXT_CONDITIONAL_ONLY,A,,"{""-1"": -1, ""1"": 1}"
E2_CONTEXT_SIGN_FLIP,72074,ANTITHETIC_CRN_MC,256,CONTEXT_CONDITIONAL_ONLY,A,,"{""-1"": -1, ""1"": 1}"
E2_CONTEXT_SIGN_FLIP,72074,CRN_CHAIN_MC,8,CONTEXT_CONDITIONAL_ONLY,A,,"{""-1"": -1, ""1"": 1}"
E2_CONTEXT_SIGN_FLIP,72074,CRN_CHAIN_MC,16,CONTEXT_CONDITIONAL_ONLY,A,,"{""-1"": -1, ""1"": 1}"
E2_CONTEXT_SIGN_FLIP,72074,CRN_CHAIN_MC,32,CONTEXT_CONDITIONAL_ONLY,A,,"{""-1"": -1, ""1"": 1}"
E2_CONTEXT_SIGN_FLIP,72074,CRN_CHAIN_MC,64,CONTEXT_CONDITIONAL_ONLY,A,,"{""-1"": -1, ""1"": 1}"
E2_CONTEXT_SIGN_FLIP,72074,CRN_CHAIN_MC,128,CONTEXT_CONDITIONAL_ONLY,A,,"{""-1"": -1, ""1"": 1}"
E2_CONTEXT_SIGN_FLIP,72074,CRN_CHAIN_MC,256,CONTEXT_CONDITIONAL_ONLY,A,,"{""-1"": -1, ""1"": 1}"
E2_CONTEXT_SIGN_FLIP,72074,DOUBLE_ANTITHETIC_CRN_MC,8,CONTEXT_CONDITIONAL_ONLY,A,,"{""-1"": -1, ""1"": 1}"
E2_CONTEXT_SIGN_FLIP,72074,DOUBLE_ANTITHETIC_CRN_MC,16,CONTEXT_CONDITIONAL_ONLY,A,,"{""-1"": -1, ""1"": 1}"
E2_CONTEXT_SIGN_FLIP,72074,DOUBLE_ANTITHETIC_CRN_MC,32,CONTEXT_CONDITIONAL_ONLY,A,,"{""-1"": -1, ""1"": 1}"
E2_CONTEXT_SIGN_FLIP,72074,DOUBLE_ANTITHETIC_CRN_MC,64,CONTEXT_CONDITIONAL_ONLY,A,,"{""-1"": -1, ""1"": 1}"
E2_CONTEXT_SIGN_FLIP,72074,DOUBLE_ANTITHETIC_CRN_MC,128,CONTEXT_CONDITIONAL_ONLY,A,,"{""-1"": -1, ""1"": 1}"
E2_CONTEXT_SIGN_FLIP,72074,DOUBLE_ANTITHETIC_CRN_MC,256,CONTEXT_CONDITIONAL_ONLY,A,,"{""-1"": -1, ""1"": 1}"
E2_CONTEXT_SIGN_FLIP,72074,LEGACY_INDEPENDENT_MC,8,CONTEXT_CONDITIONAL_ONLY,A,,"{""-1"": -1, ""1"": 1}"
E2_CONTEXT_SIGN_FLIP,72074,LEGACY_INDEPENDENT_MC,16,CONTEXT_CONDITIONAL_ONLY,A,,"{""-1"": -1, ""1"": 1}"
E2_CONTEXT_SIGN_FLIP,72074,LEGACY_INDEPENDENT_MC,32,CONTEXT_CONDITIONAL_ONLY,A,,"{""-1"": -1, ""1"": 1}"
E2_CONTEXT_SIGN_FLIP,72074,LEGACY_INDEPENDENT_MC,64,CONTEXT_CONDITIONAL_ONLY,A,,"{""-1"": -1, ""1"": 1}"
E2_CONTEXT_SIGN_FLIP,72074,LEGACY_INDEPENDENT_MC,128,CONTEXT_CONDITIONAL_ONLY,A,,"{""-1"": -1, ""1"": 1}"
E2_CONTEXT_SIGN_FLIP,72074,LEGACY_INDEPENDENT_MC,256,CONTEXT_CONDITIONAL_ONLY,A,,"{""-1"": -1, ""1"": 1}"
E2_CONTEXT_SIGN_FLIP,72075,ANTITHETIC_CRN_MC,8,CONTEXT_CONDITIONAL_ONLY,A,,"{""-1"": -1, ""1"": 1}"
E2_CONTEXT_SIGN_FLIP,72075,ANTITHETIC_CRN_MC,16,CONTEXT_CONDITIONAL_ONLY,A,,"{""-1"": -1, ""1"": 1}"
E2_CONTEXT_SIGN_FLIP,72075,ANTITHETIC_CRN_MC,32,CONTEXT_CONDITIONAL_ONLY,A,,"{""-1"": -1, ""1"": 1}"
E2_CONTEXT_SIGN_FLIP,72075,ANTITHETIC_CRN_MC,64,CONTEXT_CONDITIONAL_ONLY,A,,"{""-1"": -1, ""1"": 1}"
E2_CONTEXT_SIGN_FLIP,72075,ANTITHETIC_CRN_MC,128,CONTEXT_CONDITIONAL_ONLY,A,,"{""-1"": -1, ""1"": 1}"
E2_CONTEXT_SIGN_FLIP,72075,ANTITHETIC_CRN_MC,256,CONTEXT_CONDITIONAL_ONLY,A,,"{""-1"": -1, ""1"": 1}"
E2_CONTEXT_SIGN_FLIP,72075,CRN_CHAIN_MC,8,CONTEXT_CONDITIONAL_ONLY,A,,"{""-1"": -1, ""1"": 1}"
E2_CONTEXT_SIGN_FLIP,72075,CRN_CHAIN_MC,16,CONTEXT_CONDITIONAL_ONLY,A,,"{""-1"": -1, ""1"": 1}"
E2_CONTEXT_SIGN_FLIP,72075,CRN_CHAIN_MC,32,CONTEXT_CONDITIONAL_ONLY,A,,"{""-1"": -1, ""1"": 1}"
E2_CONTEXT_SIGN_FLIP,72075,CRN_CHAIN_MC,64,CONTEXT_CONDITIONAL_ONLY,A,,"{""-1"": -1, ""1"": 1}"
E2_CONTEXT_SIGN_FLIP,72075,CRN_CHAIN_MC,128,CONTEXT_CONDITIONAL_ONLY,A,,"{""-1"": -1, ""1"": 1}"
E2_CONTEXT_SIGN_FLIP,72075,CRN_CHAIN_MC,256,CONTEXT_CONDITIONAL_ONLY,A,,"{""-1"": -1, ""1"": 1}"
E2_CONTEXT_SIGN_FLIP,72075,DOUBLE_ANTITHETIC_CRN_MC,8,CONTEXT_CONDITIONAL_ONLY,A,,"{""-1"": -1, ""1"": 1}"
E2_CONTEXT_SIGN_FLIP,72075,DOUBLE_ANTITHETIC_CRN_MC,16,CONTEXT_CONDITIONAL_ONLY,A,,"{""-1"": -1, ""1"": 1}"
E2_CONTEXT_SIGN_FLIP,72075,DOUBLE_ANTITHETIC_CRN_MC,32,CONTEXT_CONDITIONAL_ONLY,A,,"{""-1"": -1, ""1"": 1}"
E2_CONTEXT_SIGN_FLIP,72075,DOUBLE_ANTITHETIC_CRN_MC,64,CONTEXT_CONDITIONAL_ONLY,A,,"{""-1"": -1, ""1"": 1}"
E2_CONTEXT_SIGN_FLIP,72075,DOUBLE_ANTITHETIC_CRN_MC,128,CONTEXT_CONDITIONAL_ONLY,A,,"{""-1"": -1, ""1"": 1}"
E2_CONTEXT_SIGN_FLIP,72075,DOUBLE_ANTITHETIC_CRN_MC,256,CONTEXT_CONDITIONAL_ONLY,A,,"{""-1"": -1, ""1"": 1}"
E2_CONTEXT_SIGN_FLIP,72075,LEGACY_INDEPENDENT_MC,8,CONTEXT_CONDITIONAL_ONLY,A,,"{""-1"": -1, ""1"": 1}"
E2_CONTEXT_SIGN_FLIP,72075,LEGACY_INDEPENDENT_MC,16,CONTEXT_CONDITIONAL_ONLY,A,,"{""-1"": -1, ""1"": 1}"
E2_CONTEXT_SIGN_FLIP,72075,LEGACY_INDEPENDENT_MC,32,CONTEXT_CONDITIONAL_ONLY,A,,"{""-1"": -1, ""1"": 1}"
E2_CONTEXT_SIGN_FLIP,72075,LEGACY_INDEPENDENT_MC,64,CONTEXT_CONDITIONAL_ONLY,A,,"{""-1"": -1, ""1"": 1}"
E2_CONTEXT_SIGN_FLIP,72075,LEGACY_INDEPENDENT_MC,128,CONTEXT_CONDITIONAL_ONLY,A,,"{""-1"": -1, ""1"": 1}"
E2_CONTEXT_SIGN_FLIP,72075,LEGACY_INDEPENDENT_MC,256,CONTEXT_CONDITIONAL_ONLY,A,,"{""-1"": -1, ""1"": 1}"
E2_CONTEXT_SIGN_FLIP,72076,ANTITHETIC_CRN_MC,8,CONTEXT_CONDITIONAL_ONLY,A,,"{""-1"": -1, ""1"": 1}"
E2_CONTEXT_SIGN_FLIP,72076,ANTITHETIC_CRN_MC,16,CONTEXT_CONDITIONAL_ONLY,A,,"{""-1"": -1, ""1"": 1}"
E2_CONTEXT_SIGN_FLIP,72076,ANTITHETIC_CRN_MC,32,CONTEXT_CONDITIONAL_ONLY,A,,"{""-1"": -1, ""1"": 1}"
E2_CONTEXT_SIGN_FLIP,72076,ANTITHETIC_CRN_MC,64,CONTEXT_CONDITIONAL_ONLY,A,,"{""-1"": -1, ""1"": 1}"
E2_CONTEXT_SIGN_FLIP,72076,ANTITHETIC_CRN_MC,128,CONTEXT_CONDITIONAL_ONLY,A,,"{""-1"": -1, ""1"": 1}"
E2_CONTEXT_SIGN_FLIP,72076,ANTITHETIC_CRN_MC,256,CONTEXT_CONDITIONAL_ONLY,A,,"{""-1"": -1, ""1"": 1}"
E2_CONTEXT_SIGN_FLIP,72076,CRN_CHAIN_MC,8,CONTEXT_CONDITIONAL_ONLY,A,,"{""-1"": -1, ""1"": 1}"
E2_CONTEXT_SIGN_FLIP,72076,CRN_CHAIN_MC,16,CONTEXT_CONDITIONAL_ONLY,A,,"{""-1"": -1, ""1"": 1}"
E2_CONTEXT_SIGN_FLIP,72076,CRN_CHAIN_MC,32,CONTEXT_CONDITIONAL_ONLY,A,,"{""-1"": -1, ""1"": 1}"
E2_CONTEXT_SIGN_FLIP,72076,CRN_CHAIN_MC,64,CONTEXT_CONDITIONAL_ONLY,A,,"{""-1"": -1, ""1"": 1}"
E2_CONTEXT_SIGN_FLIP,72076,CRN_CHAIN_MC,128,CONTEXT_CONDITIONAL_ONLY,A,,"{""-1"": -1, ""1"": 1}"
E2_CONTEXT_SIGN_FLIP,72076,CRN_CHAIN_MC,256,CONTEXT_CONDITIONAL_ONLY,A,,"{""-1"": -1, ""1"": 1}"
E2_CONTEXT_SIGN_FLIP,72076,DOUBLE_ANTITHETIC_CRN_MC,8,CONTEXT_CONDITIONAL_ONLY,A,,"{""-1"": -1, ""1"": 1}"
E2_CONTEXT_SIGN_FLIP,72076,DOUBLE_ANTITHETIC_CRN_MC,16,CONTEXT_CONDITIONAL_ONLY,A,,"{""-1"": -1, ""1"": 1}"
E2_CONTEXT_SIGN_FLIP,72076,DOUBLE_ANTITHETIC_CRN_MC,32,CONTEXT_CONDITIONAL_ONLY,A,,"{""-1"": -1, ""1"": 1}"
E2_CONTEXT_SIGN_FLIP,72076,DOUBLE_ANTITHETIC_CRN_MC,64,CONTEXT_CONDITIONAL_ONLY,A,,"{""-1"": -1, ""1"": 1}"
E2_CONTEXT_SIGN_FLIP,72076,DOUBLE_ANTITHETIC_CRN_MC,128,CONTEXT_CONDITIONAL_ONLY,A,,"{""-1"": -1, ""1"": 1}"
E2_CONTEXT_SIGN_FLIP,72076,DOUBLE_ANTITHETIC_CRN_MC,256,CONTEXT_CONDITIONAL_ONLY,A,,"{""-1"": -1, ""1"": 1}"
E2_CONTEXT_SIGN_FLIP,72076,LEGACY_INDEPENDENT_MC,8,CONTEXT_CONDITIONAL_ONLY,A,,"{""-1"": -1, ""1"": 1}"
E2_CONTEXT_SIGN_FLIP,72076,LEGACY_INDEPENDENT_MC,16,CONTEXT_CONDITIONAL_ONLY,A,,"{""-1"": -1, ""1"": 1}"
E2_CONTEXT_SIGN_FLIP,72076,LEGACY_INDEPENDENT_MC,32,CONTEXT_CONDITIONAL_ONLY,A,,"{""-1"": -1, ""1"": 1}"
E2_CONTEXT_SIGN_FLIP,72076,LEGACY_INDEPENDENT_MC,64,CONTEXT_CONDITIONAL_ONLY,A,,"{""-1"": -1, ""1"": 1}"
E2_CONTEXT_SIGN_FLIP,72076,LEGACY_INDEPENDENT_MC,128,CONTEXT_CONDITIONAL_ONLY,A,,"{""-1"": -1, ""1"": 1}"
E2_CONTEXT_SIGN_FLIP,72076,LEGACY_INDEPENDENT_MC,256,CONTEXT_CONDITIONAL_ONLY,A,,"{""-1"": -1, ""1"": 1}"
E2_CONTEXT_SIGN_FLIP,72077,ANTITHETIC_CRN_MC,8,CONTEXT_CONDITIONAL_ONLY,A,,"{""-1"": -1, ""1"": 1}"
E2_CONTEXT_SIGN_FLIP,72077,ANTITHETIC_CRN_MC,16,CONTEXT_CONDITIONAL_ONLY,A,,"{""-1"": -1, ""1"": 1}"
E2_CONTEXT_SIGN_FLIP,72077,ANTITHETIC_CRN_MC,32,CONTEXT_CONDITIONAL_ONLY,A,,"{""-1"": -1, ""1"": 1}"
E2_CONTEXT_SIGN_FLIP,72077,ANTITHETIC_CRN_MC,64,CONTEXT_CONDITIONAL_ONLY,A,,"{""-1"": -1, ""1"": 1}"
E2_CONTEXT_SIGN_FLIP,72077,ANTITHETIC_CRN_MC,128,CONTEXT_CONDITIONAL_ONLY,A,,"{""-1"": -1, ""1"": 1}"
E2_CONTEXT_SIGN_FLIP,72077,ANTITHETIC_CRN_MC,256,CONTEXT_CONDITIONAL_ONLY,A,,"{""-1"": -1, ""1"": 1}"
E2_CONTEXT_SIGN_FLIP,72077,CRN_CHAIN_MC,8,CONTEXT_CONDITIONAL_ONLY,A,,"{""-1"": -1, ""1"": 1}"
E2_CONTEXT_SIGN_FLIP,72077,CRN_CHAIN_MC,16,CONTEXT_CONDITIONAL_ONLY,A,,"{""-1"": -1, ""1"": 1}"
E2_CONTEXT_SIGN_FLIP,72077,CRN_CHAIN_MC,32,CONTEXT_CONDITIONAL_ONLY,A,,"{""-1"": -1, ""1"": 1}"
E2_CONTEXT_SIGN_FLIP,72077,CRN_CHAIN_MC,64,CONTEXT_CONDITIONAL_ONLY,A,,"{""-1"": -1, ""1"": 1}"
E2_CONTEXT_SIGN_FLIP,72077,CRN_CHAIN_MC,128,CONTEXT_CONDITIONAL_ONLY,A,,"{""-1"": -1, ""1"": 1}"
E2_CONTEXT_SIGN_FLIP,72077,CRN_CHAIN_MC,256,CONTEXT_CONDITIONAL_ONLY,A,,"{""-1"": -1, ""1"": 1}"
E2_CONTEXT_SIGN_FLIP,72077,DOUBLE_ANTITHETIC_CRN_MC,8,CONTEXT_CONDITIONAL_ONLY,A,,"{""-1"": -1, ""1"": 1}"
E2_CONTEXT_SIGN_FLIP,72077,DOUBLE_ANTITHETIC_CRN_MC,16,CONTEXT_CONDITIONAL_ONLY,A,,"{""-1"": -1, ""1"": 1}"
E2_CONTEXT_SIGN_FLIP,72077,DOUBLE_ANTITHETIC_CRN_MC,32,CONTEXT_CONDITIONAL_ONLY,A,,"{""-1"": -1, ""1"": 1}"
E2_CONTEXT_SIGN_FLIP,72077,DOUBLE_ANTITHETIC_CRN_MC,64,CONTEXT_CONDITIONAL_ONLY,A,,"{""-1"": -1, ""1"": 1}"
E2_CONTEXT_SIGN_FLIP,72077,DOUBLE_ANTITHETIC_CRN_MC,128,CONTEXT_CONDITIONAL_ONLY,A,,"{""-1"": -1, ""1"": 1}"
E2_CONTEXT_SIGN_FLIP,72077,DOUBLE_ANTITHETIC_CRN_MC,256,CONTEXT_CONDITIONAL_ONLY,A,,"{""-1"": -1, ""1"": 1}"
E2_CONTEXT_SIGN_FLIP,72077,LEGACY_INDEPENDENT_MC,8,CONTEXT_CONDITIONAL_ONLY,A,,"{""-1"": -1, ""1"": 1}"
E2_CONTEXT_SIGN_FLIP,72077,LEGACY_INDEPENDENT_MC,16,CONTEXT_CONDITIONAL_ONLY,A,,"{""-1"": -1, ""1"": 1}"
E2_CONTEXT_SIGN_FLIP,72077,LEGACY_INDEPENDENT_MC,32,CONTEXT_CONDITIONAL_ONLY,A,,"{""-1"": -1, ""1"": 1}"
E2_CONTEXT_SIGN_FLIP,72077,LEGACY_INDEPENDENT_MC,64,CONTEXT_CONDITIONAL_ONLY,A,,"{""-1"": -1, ""1"": 1}"
E2_CONTEXT_SIGN_FLIP,72077,LEGACY_INDEPENDENT_MC,128,CONTEXT_CONDITIONAL_ONLY,A,,"{""-1"": -1, ""1"": 1}"
E2_CONTEXT_SIGN_FLIP,72077,LEGACY_INDEPENDENT_MC,256,CONTEXT_CONDITIONAL_ONLY,A,,"{""-1"": -1, ""1"": 1}"
E2_CONTEXT_SIGN_FLIP,72078,ANTITHETIC_CRN_MC,8,CONTEXT_CONDITIONAL_ONLY,A,,"{""-1"": -1, ""1"": 1}"
E2_CONTEXT_SIGN_FLIP,72078,ANTITHETIC_CRN_MC,16,CONTEXT_CONDITIONAL_ONLY,A,,"{""-1"": -1, ""1"": 1}"
E2_CONTEXT_SIGN_FLIP,72078,ANTITHETIC_CRN_MC,32,CONTEXT_CONDITIONAL_ONLY,A,,"{""-1"": -1, ""1"": 1}"
E2_CONTEXT_SIGN_FLIP,72078,ANTITHETIC_CRN_MC,64,CONTEXT_CONDITIONAL_ONLY,A,,"{""-1"": -1, ""1"": 1}"
E2_CONTEXT_SIGN_FLIP,72078,ANTITHETIC_CRN_MC,128,CONTEXT_CONDITIONAL_ONLY,A,,"{""-1"": -1, ""1"": 1}"
E2_CONTEXT_SIGN_FLIP,72078,ANTITHETIC_CRN_MC,256,CONTEXT_CONDITIONAL_ONLY,A,,"{""-1"": -1, ""1"": 1}"
E2_CONTEXT_SIGN_FLIP,72078,CRN_CHAIN_MC,8,CONTEXT_CONDITIONAL_ONLY,A,,"{""-1"": -1, ""1"": 1}"
E2_CONTEXT_SIGN_FLIP,72078,CRN_CHAIN_MC,16,CONTEXT_CONDITIONAL_ONLY,A,,"{""-1"": -1, ""1"": 1}"
E2_CONTEXT_SIGN_FLIP,72078,CRN_CHAIN_MC,32,CONTEXT_CONDITIONAL_ONLY,A,,"{""-1"": -1, ""1"": 1}"
E2_CONTEXT_SIGN_FLIP,72078,CRN_CHAIN_MC,64,CONTEXT_CONDITIONAL_ONLY,A,,"{""-1"": -1, ""1"": 1}"
E2_CONTEXT_SIGN_FLIP,72078,CRN_CHAIN_MC,128,CONTEXT_CONDITIONAL_ONLY,A,,"{""-1"": -1, ""1"": 1}"
E2_CONTEXT_SIGN_FLIP,72078,CRN_CHAIN_MC,256,CONTEXT_CONDITIONAL_ONLY,A,,"{""-1"": -1, ""1"": 1}"
E2_CONTEXT_SIGN_FLIP,72078,DOUBLE_ANTITHETIC_CRN_MC,8,CONTEXT_CONDITIONAL_ONLY,A,,"{""-1"": -1, ""1"": 1}"
E2_CONTEXT_SIGN_FLIP,72078,DOUBLE_ANTITHETIC_CRN_MC,16,CONTEXT_CONDITIONAL_ONLY,A,,"{""-1"": -1, ""1"": 1}"
E2_CONTEXT_SIGN_FLIP,72078,DOUBLE_ANTITHETIC_CRN_MC,32,CONTEXT_CONDITIONAL_ONLY,A,,"{""-1"": -1, ""1"": 1}"
E2_CONTEXT_SIGN_FLIP,72078,DOUBLE_ANTITHETIC_CRN_MC,64,CONTEXT_CONDITIONAL_ONLY,A,,"{""-1"": -1, ""1"": 1}"
E2_CONTEXT_SIGN_FLIP,72078,DOUBLE_ANTITHETIC_CRN_MC,128,CONTEXT_CONDITIONAL_ONLY,A,,"{""-1"": -1, ""1"": 1}"
E2_CONTEXT_SIGN_FLIP,72078,DOUBLE_ANTITHETIC_CRN_MC,256,CONTEXT_CONDITIONAL_ONLY,A,,"{""-1"": -1, ""1"": 1}"
E2_CONTEXT_SIGN_FLIP,72078,LEGACY_INDEPENDENT_MC,8,CONTEXT_CONDITIONAL_ONLY,A,,"{""-1"": -1, ""1"": 1}"
E2_CONTEXT_SIGN_FLIP,72078,LEGACY_INDEPENDENT_MC,16,CONTEXT_CONDITIONAL_ONLY,A,,"{""-1"": -1, ""1"": 1}"
E2_CONTEXT_SIGN_FLIP,72078,LEGACY_INDEPENDENT_MC,32,CONTEXT_CONDITIONAL_ONLY,A,,"{""-1"": -1, ""1"": 1}"
E2_CONTEXT_SIGN_FLIP,72078,LEGACY_INDEPENDENT_MC,64,CONTEXT_CONDITIONAL_ONLY,A,,"{""-1"": -1, ""1"": 1}"
E2_CONTEXT_SIGN_FLIP,72078,LEGACY_INDEPENDENT_MC,128,CONTEXT_CONDITIONAL_ONLY,A,,"{""-1"": -1, ""1"": 1}"
E2_CONTEXT_SIGN_FLIP,72078,LEGACY_INDEPENDENT_MC,256,CONTEXT_CONDITIONAL_ONLY,A,,"{""-1"": -1, ""1"": 1}"
E2_CONTEXT_SIGN_FLIP,72079,ANTITHETIC_CRN_MC,8,CONTEXT_CONDITIONAL_ONLY,A,,"{""-1"": -1, ""1"": 1}"
E2_CONTEXT_SIGN_FLIP,72079,ANTITHETIC_CRN_MC,16,CONTEXT_CONDITIONAL_ONLY,A,,"{""-1"": -1, ""1"": 1}"
E2_CONTEXT_SIGN_FLIP,72079,ANTITHETIC_CRN_MC,32,CONTEXT_CONDITIONAL_ONLY,A,,"{""-1"": -1, ""1"": 1}"
E2_CONTEXT_SIGN_FLIP,72079,ANTITHETIC_CRN_MC,64,CONTEXT_CONDITIONAL_ONLY,A,,"{""-1"": -1, ""1"": 1}"
E2_CONTEXT_SIGN_FLIP,72079,ANTITHETIC_CRN_MC,128,CONTEXT_CONDITIONAL_ONLY,A,,"{""-1"": -1, ""1"": 1}"
E2_CONTEXT_SIGN_FLIP,72079,ANTITHETIC_CRN_MC,256,CONTEXT_CONDITIONAL_ONLY,A,,"{""-1"": -1, ""1"": 1}"
E2_CONTEXT_SIGN_FLIP,72079,CRN_CHAIN_MC,8,CONTEXT_CONDITIONAL_ONLY,A,,"{""-1"": -1, ""1"": 1}"
E2_CONTEXT_SIGN_FLIP,72079,CRN_CHAIN_MC,16,CONTEXT_CONDITIONAL_ONLY,A,,"{""-1"": -1, ""1"": 1}"
E2_CONTEXT_SIGN_FLIP,72079,CRN_CHAIN_MC,32,CONTEXT_CONDITIONAL_ONLY,A,,"{""-1"": -1, ""1"": 1}"
E2_CONTEXT_SIGN_FLIP,72079,CRN_CHAIN_MC,64,CONTEXT_CONDITIONAL_ONLY,A,,"{""-1"": -1, ""1"": 1}"
E2_CONTEXT_SIGN_FLIP,72079,CRN_CHAIN_MC,128,CONTEXT_CONDITIONAL_ONLY,A,,"{""-1"": -1, ""1"": 1}"
E2_CONTEXT_SIGN_FLIP,72079,CRN_CHAIN_MC,256,CONTEXT_CONDITIONAL_ONLY,A,,"{""-1"": -1, ""1"": 1}"
E2_CONTEXT_SIGN_FLIP,72079,DOUBLE_ANTITHETIC_CRN_MC,8,CONTEXT_CONDITIONAL_ONLY,A,,"{""-1"": -1, ""1"": 1}"
E2_CONTEXT_SIGN_FLIP,72079,DOUBLE_ANTITHETIC_CRN_MC,16,CONTEXT_CONDITIONAL_ONLY,A,,"{""-1"": -1, ""1"": 1}"
E2_CONTEXT_SIGN_FLIP,72079,DOUBLE_ANTITHETIC_CRN_MC,32,CONTEXT_CONDITIONAL_ONLY,A,,"{""-1"": -1, ""1"": 1}"
E2_CONTEXT_SIGN_FLIP,72079,DOUBLE_ANTITHETIC_CRN_MC,64,CONTEXT_CONDITIONAL_ONLY,A,,"{""-1"": -1, ""1"": 1}"
E2_CONTEXT_SIGN_FLIP,72079,DOUBLE_ANTITHETIC_CRN_MC,128,CONTEXT_CONDITIONAL_ONLY,A,,"{""-1"": -1, ""1"": 1}"
E2_CONTEXT_SIGN_FLIP,72079,DOUBLE_ANTITHETIC_CRN_MC,256,CONTEXT_CONDITIONAL_ONLY,A,,"{""-1"": -1, ""1"": 1}"
E2_CONTEXT_SIGN_FLIP,72079,LEGACY_INDEPENDENT_MC,8,CONTEXT_CONDITIONAL_ONLY,A,,"{""-1"": -1, ""1"": 1}"
E2_CONTEXT_SIGN_FLIP,72079,LEGACY_INDEPENDENT_MC,16,CONTEXT_CONDITIONAL_ONLY,A,,"{""-1"": -1, ""1"": 1}"
E2_CONTEXT_SIGN_FLIP,72079,LEGACY_INDEPENDENT_MC,32,CONTEXT_CONDITIONAL_ONLY,A,,"{""-1"": -1, ""1"": 1}"
E2_CONTEXT_SIGN_FLIP,72079,LEGACY_INDEPENDENT_MC,64,CONTEXT_CONDITIONAL_ONLY,A,,"{""-1"": -1, ""1"": 1}"
E2_CONTEXT_SIGN_FLIP,72079,LEGACY_INDEPENDENT_MC,128,CONTEXT_CONDITIONAL_ONLY,A,,"{""-1"": -1, ""1"": 1}"
E2_CONTEXT_SIGN_FLIP,72079,LEGACY_INDEPENDENT_MC,256,CONTEXT_CONDITIONAL_ONLY,A,,"{""-1"": -1, ""1"": 1}"
E2_CONTEXT_SIGN_FLIP,72080,ANTITHETIC_CRN_MC,8,CONTEXT_CONDITIONAL_ONLY,A,,"{""-1"": -1, ""1"": 1}"
E2_CONTEXT_SIGN_FLIP,72080,ANTITHETIC_CRN_MC,16,CONTEXT_CONDITIONAL_ONLY,A,,"{""-1"": -1, ""1"": 1}"
E2_CONTEXT_SIGN_FLIP,72080,ANTITHETIC_CRN_MC,32,CONTEXT_CONDITIONAL_ONLY,A,,"{""-1"": -1, ""1"": 1}"
E2_CONTEXT_SIGN_FLIP,72080,ANTITHETIC_CRN_MC,64,CONTEXT_CONDITIONAL_ONLY,A,,"{""-1"": -1, ""1"": 1}"
E2_CONTEXT_SIGN_FLIP,72080,ANTITHETIC_CRN_MC,128,CONTEXT_CONDITIONAL_ONLY,A,,"{""-1"": -1, ""1"": 1}"
E2_CONTEXT_SIGN_FLIP,72080,ANTITHETIC_CRN_MC,256,CONTEXT_CONDITIONAL_ONLY,A,,"{""-1"": -1, ""1"": 1}"
E2_CONTEXT_SIGN_FLIP,72080,CRN_CHAIN_MC,8,CONTEXT_CONDITIONAL_ONLY,A,,"{""-1"": -1, ""1"": 1}"
E2_CONTEXT_SIGN_FLIP,72080,CRN_CHAIN_MC,16,CONTEXT_CONDITIONAL_ONLY,A,,"{""-1"": -1, ""1"": 1}"
E2_CONTEXT_SIGN_FLIP,72080,CRN_CHAIN_MC,32,CONTEXT_CONDITIONAL_ONLY,A,,"{""-1"": -1, ""1"": 1}"
E2_CONTEXT_SIGN_FLIP,72080,CRN_CHAIN_MC,64,CONTEXT_CONDITIONAL_ONLY,A,,"{""-1"": -1, ""1"": 1}"
E2_CONTEXT_SIGN_FLIP,72080,CRN_CHAIN_MC,128,CONTEXT_CONDITIONAL_ONLY,A,,"{""-1"": -1, ""1"": 1}"
E2_CONTEXT_SIGN_FLIP,72080,CRN_CHAIN_MC,256,CONTEXT_CONDITIONAL_ONLY,A,,"{""-1"": -1, ""1"": 1}"
E2_CONTEXT_SIGN_FLIP,72080,DOUBLE_ANTITHETIC_CRN_MC,8,CONTEXT_CONDITIONAL_ONLY,A,,"{""-1"": -1, ""1"": 1}"
E2_CONTEXT_SIGN_FLIP,72080,DOUBLE_ANTITHETIC_CRN_MC,16,CONTEXT_CONDITIONAL_ONLY,A,,"{""-1"": -1, ""1"": 1}"
E2_CONTEXT_SIGN_FLIP,72080,DOUBLE_ANTITHETIC_CRN_MC,32,CONTEXT_CONDITIONAL_ONLY,A,,"{""-1"": -1, ""1"": 1}"
E2_CONTEXT_SIGN_FLIP,72080,DOUBLE_ANTITHETIC_CRN_MC,64,CONTEXT_CONDITIONAL_ONLY,A,,"{""-1"": -1, ""1"": 1}"
E2_CONTEXT_SIGN_FLIP,72080,DOUBLE_ANTITHETIC_CRN_MC,128,CONTEXT_CONDITIONAL_ONLY,A,,"{""-1"": -1, ""1"": 1}"
E2_CONTEXT_SIGN_FLIP,72080,DOUBLE_ANTITHETIC_CRN_MC,256,CONTEXT_CONDITIONAL_ONLY,A,,"{""-1"": -1, ""1"": 1}"
E2_CONTEXT_SIGN_FLIP,72080,LEGACY_INDEPENDENT_MC,8,CONTEXT_CONDITIONAL_ONLY,A,,"{""-1"": -1, ""1"": 1}"
E2_CONTEXT_SIGN_FLIP,72080,LEGACY_INDEPENDENT_MC,16,CONTEXT_CONDITIONAL_ONLY,A,,"{""-1"": -1, ""1"": 1}"
E2_CONTEXT_SIGN_FLIP,72080,LEGACY_INDEPENDENT_MC,32,CONTEXT_CONDITIONAL_ONLY,A,,"{""-1"": -1, ""1"": 1}"
E2_CONTEXT_SIGN_FLIP,72080,LEGACY_INDEPENDENT_MC,64,CONTEXT_CONDITIONAL_ONLY,A,,"{""-1"": -1, ""1"": 1}"
E2_CONTEXT_SIGN_FLIP,72080,LEGACY_INDEPENDENT_MC,128,CONTEXT_CONDITIONAL_ONLY,A,,"{""-1"": -1, ""1"": 1}"
E2_CONTEXT_SIGN_FLIP,72080,LEGACY_INDEPENDENT_MC,256,CONTEXT_CONDITIONAL_ONLY,A,,"{""-1"": -1, ""1"": 1}"
E2_CONTEXT_SIGN_FLIP,72081,ANTITHETIC_CRN_MC,8,CONTEXT_CONDITIONAL_ONLY,A,,"{""-1"": -1, ""1"": 1}"
E2_CONTEXT_SIGN_FLIP,72081,ANTITHETIC_CRN_MC,16,CONTEXT_CONDITIONAL_ONLY,A,,"{""-1"": -1, ""1"": 1}"
E2_CONTEXT_SIGN_FLIP,72081,ANTITHETIC_CRN_MC,32,CONTEXT_CONDITIONAL_ONLY,A,,"{""-1"": -1, ""1"": 1}"
E2_CONTEXT_SIGN_FLIP,72081,ANTITHETIC_CRN_MC,64,CONTEXT_CONDITIONAL_ONLY,A,,"{""-1"": -1, ""1"": 1}"
E2_CONTEXT_SIGN_FLIP,72081,ANTITHETIC_CRN_MC,128,CONTEXT_CONDITIONAL_ONLY,A,,"{""-1"": -1, ""1"": 1}"
E2_CONTEXT_SIGN_FLIP,72081,ANTITHETIC_CRN_MC,256,CONTEXT_CONDITIONAL_ONLY,A,,"{""-1"": -1, ""1"": 1}"
E2_CONTEXT_SIGN_FLIP,72081,CRN_CHAIN_MC,8,CONTEXT_CONDITIONAL_ONLY,A,,"{""-1"": -1, ""1"": 1}"
E2_CONTEXT_SIGN_FLIP,72081,CRN_CHAIN_MC,16,CONTEXT_CONDITIONAL_ONLY,A,,"{""-1"": -1, ""1"": 1}"
E2_CONTEXT_SIGN_FLIP,72081,CRN_CHAIN_MC,32,CONTEXT_CONDITIONAL_ONLY,A,,"{""-1"": -1, ""1"": 1}"
E2_CONTEXT_SIGN_FLIP,72081,CRN_CHAIN_MC,64,CONTEXT_CONDITIONAL_ONLY,A,,"{""-1"": -1, ""1"": 1}"
E2_CONTEXT_SIGN_FLIP,72081,CRN_CHAIN_MC,128,CONTEXT_CONDITIONAL_ONLY,A,,"{""-1"": -1, ""1"": 1}"
E2_CONTEXT_SIGN_FLIP,72081,CRN_CHAIN_MC,256,CONTEXT_CONDITIONAL_ONLY,A,,"{""-1"": -1, ""1"": 1}"
E2_CONTEXT_SIGN_FLIP,72081,DOUBLE_ANTITHETIC_CRN_MC,8,CONTEXT_CONDITIONAL_ONLY,A,,"{""-1"": -1, ""1"": 1}"
E2_CONTEXT_SIGN_FLIP,72081,DOUBLE_ANTITHETIC_CRN_MC,16,CONTEXT_CONDITIONAL_ONLY,A,,"{""-1"": -1, ""1"": 1}"
E2_CONTEXT_SIGN_FLIP,72081,DOUBLE_ANTITHETIC_CRN_MC,32,CONTEXT_CONDITIONAL_ONLY,A,,"{""-1"": -1, ""1"": 1}"
E2_CONTEXT_SIGN_FLIP,72081,DOUBLE_ANTITHETIC_CRN_MC,64,CONTEXT_CONDITIONAL_ONLY,A,,"{""-1"": -1, ""1"": 1}"
E2_CONTEXT_SIGN_FLIP,72081,DOUBLE_ANTITHETIC_CRN_MC,128,CONTEXT_CONDITIONAL_ONLY,A,,"{""-1"": -1, ""1"": 1}"
E2_CONTEXT_SIGN_FLIP,72081,DOUBLE_ANTITHETIC_CRN_MC,256,CONTEXT_CONDITIONAL_ONLY,A,,"{""-1"": -1, ""1"": 1}"
E2_CONTEXT_SIGN_FLIP,72081,LEGACY_INDEPENDENT_MC,8,CONTEXT_CONDITIONAL_ONLY,A,,"{""-1"": -1, ""1"": 1}"
E2_CONTEXT_SIGN_FLIP,72081,LEGACY_INDEPENDENT_MC,16,CONTEXT_CONDITIONAL_ONLY,A,,"{""-1"": -1, ""1"": 1}"
E2_CONTEXT_SIGN_FLIP,72081,LEGACY_INDEPENDENT_MC,32,CONTEXT_CONDITIONAL_ONLY,A,,"{""-1"": -1, ""1"": 1}"
E2_CONTEXT_SIGN_FLIP,72081,LEGACY_INDEPENDENT_MC,64,CONTEXT_CONDITIONAL_ONLY,A,,"{""-1"": -1, ""1"": 1}"
E2_CONTEXT_SIGN_FLIP,72081,LEGACY_INDEPENDENT_MC,128,CONTEXT_CONDITIONAL_ONLY,A,,"{""-1"": -1, ""1"": 1}"
E2_CONTEXT_SIGN_FLIP,72081,LEGACY_INDEPENDENT_MC,256,CONTEXT_CONDITIONAL_ONLY,A,,"{""-1"": -1, ""1"": 1}"
E2_CONTEXT_SIGN_FLIP,72082,ANTITHETIC_CRN_MC,8,CONTEXT_CONDITIONAL_ONLY,A,,"{""-1"": -1, ""1"": 1}"
E2_CONTEXT_SIGN_FLIP,72082,ANTITHETIC_CRN_MC,16,CONTEXT_CONDITIONAL_ONLY,A,,"{""-1"": -1, ""1"": 1}"
E2_CONTEXT_SIGN_FLIP,72082,ANTITHETIC_CRN_MC,32,CONTEXT_CONDITIONAL_ONLY,A,,"{""-1"": -1, ""1"": 1}"
E2_CONTEXT_SIGN_FLIP,72082,ANTITHETIC_CRN_MC,64,CONTEXT_CONDITIONAL_ONLY,A,,"{""-1"": -1, ""1"": 1}"
E2_CONTEXT_SIGN_FLIP,72082,ANTITHETIC_CRN_MC,128,CONTEXT_CONDITIONAL_ONLY,A,,"{""-1"": -1, ""1"": 1}"
E2_CONTEXT_SIGN_FLIP,72082,ANTITHETIC_CRN_MC,256,CONTEXT_CONDITIONAL_ONLY,A,,"{""-1"": -1, ""1"": 1}"
E2_CONTEXT_SIGN_FLIP,72082,CRN_CHAIN_MC,8,CONTEXT_CONDITIONAL_ONLY,A,,"{""-1"": -1, ""1"": 1}"
E2_CONTEXT_SIGN_FLIP,72082,CRN_CHAIN_MC,16,CONTEXT_CONDITIONAL_ONLY,A,,"{""-1"": -1, ""1"": 1}"
E2_CONTEXT_SIGN_FLIP,72082,CRN_CHAIN_MC,32,CONTEXT_CONDITIONAL_ONLY,A,,"{""-1"": -1, ""1"": 1}"
E2_CONTEXT_SIGN_FLIP,72082,CRN_CHAIN_MC,64,CONTEXT_CONDITIONAL_ONLY,A,,"{""-1"": -1, ""1"": 1}"
E2_CONTEXT_SIGN_FLIP,72082,CRN_CHAIN_MC,128,CONTEXT_CONDITIONAL_ONLY,A,,"{""-1"": -1, ""1"": 1}"
E2_CONTEXT_SIGN_FLIP,72082,CRN_CHAIN_MC,256,CONTEXT_CONDITIONAL_ONLY,A,,"{""-1"": -1, ""1"": 1}"
E2_CONTEXT_SIGN_FLIP,72082,DOUBLE_ANTITHETIC_CRN_MC,8,CONTEXT_CONDITIONAL_ONLY,A,,"{""-1"": -1, ""1"": 1}"
E2_CONTEXT_SIGN_FLIP,72082,DOUBLE_ANTITHETIC_CRN_MC,16,CONTEXT_CONDITIONAL_ONLY,A,,"{""-1"": -1, ""1"": 1}"
E2_CONTEXT_SIGN_FLIP,72082,DOUBLE_ANTITHETIC_CRN_MC,32,CONTEXT_CONDITIONAL_ONLY,A,,"{""-1"": -1, ""1"": 1}"
E2_CONTEXT_SIGN_FLIP,72082,DOUBLE_ANTITHETIC_CRN_MC,64,CONTEXT_CONDITIONAL_ONLY,A,,"{""-1"": -1, ""1"": 1}"
E2_CONTEXT_SIGN_FLIP,72082,DOUBLE_ANTITHETIC_CRN_MC,128,CONTEXT_CONDITIONAL_ONLY,A,,"{""-1"": -1, ""1"": 1}"
E2_CONTEXT_SIGN_FLIP,72082,DOUBLE_ANTITHETIC_CRN_MC,256,CONTEXT_CONDITIONAL_ONLY,A,,"{""-1"": -1, ""1"": 1}"
E2_CONTEXT_SIGN_FLIP,72082,LEGACY_INDEPENDENT_MC,8,CONTEXT_CONDITIONAL_ONLY,A,,"{""-1"": -1, ""1"": 1}"
E2_CONTEXT_SIGN_FLIP,72082,LEGACY_INDEPENDENT_MC,16,CONTEXT_CONDITIONAL_ONLY,A,,"{""-1"": -1, ""1"": 1}"
E2_CONTEXT_SIGN_FLIP,72082,LEGACY_INDEPENDENT_MC,32,CONTEXT_CONDITIONAL_ONLY,A,,"{""-1"": -1, ""1"": 1}"
E2_CONTEXT_SIGN_FLIP,72082,LEGACY_INDEPENDENT_MC,64,CONTEXT_CONDITIONAL_ONLY,A,,"{""-1"": -1, ""1"": 1}"
E2_CONTEXT_SIGN_FLIP,72082,LEGACY_INDEPENDENT_MC,128,CONTEXT_CONDITIONAL_ONLY,A,,"{""-1"": -1, ""1"": 1}"
E2_CONTEXT_SIGN_FLIP,72082,LEGACY_INDEPENDENT_MC,256,CONTEXT_CONDITIONAL_ONLY,A,,"{""-1"": -1, ""1"": 1}"
E2_CONTEXT_SIGN_FLIP,72083,ANTITHETIC_CRN_MC,8,CONTEXT_CONDITIONAL_ONLY,A,,"{""-1"": -1, ""1"": 1}"
E2_CONTEXT_SIGN_FLIP,72083,ANTITHETIC_CRN_MC,16,CONTEXT_CONDITIONAL_ONLY,A,,"{""-1"": -1, ""1"": 1}"
E2_CONTEXT_SIGN_FLIP,72083,ANTITHETIC_CRN_MC,32,CONTEXT_CONDITIONAL_ONLY,A,,"{""-1"": -1, ""1"": 1}"
E2_CONTEXT_SIGN_FLIP,72083,ANTITHETIC_CRN_MC,64,CONTEXT_CONDITIONAL_ONLY,A,,"{""-1"": -1, ""1"": 1}"
E2_CONTEXT_SIGN_FLIP,72083,ANTITHETIC_CRN_MC,128,CONTEXT_CONDITIONAL_ONLY,A,,"{""-1"": -1, ""1"": 1}"
E2_CONTEXT_SIGN_FLIP,72083,ANTITHETIC_CRN_MC,256,CONTEXT_CONDITIONAL_ONLY,A,,"{""-1"": -1, ""1"": 1}"
E2_CONTEXT_SIGN_FLIP,72083,CRN_CHAIN_MC,8,CONTEXT_CONDITIONAL_ONLY,A,,"{""-1"": -1, ""1"": 1}"
E2_CONTEXT_SIGN_FLIP,72083,CRN_CHAIN_MC,16,CONTEXT_CONDITIONAL_ONLY,A,,"{""-1"": -1, ""1"": 1}"
E2_CONTEXT_SIGN_FLIP,72083,CRN_CHAIN_MC,32,CONTEXT_CONDITIONAL_ONLY,A,,"{""-1"": -1, ""1"": 1}"
E2_CONTEXT_SIGN_FLIP,72083,CRN_CHAIN_MC,64,CONTEXT_CONDITIONAL_ONLY,A,,"{""-1"": -1, ""1"": 1}"
E2_CONTEXT_SIGN_FLIP,72083,CRN_CHAIN_MC,128,CONTEXT_CONDITIONAL_ONLY,A,,"{""-1"": -1, ""1"": 1}"
E2_CONTEXT_SIGN_FLIP,72083,CRN_CHAIN_MC,256,CONTEXT_CONDITIONAL_ONLY,A,,"{""-1"": -1, ""1"": 1}"
E2_CONTEXT_SIGN_FLIP,72083,DOUBLE_ANTITHETIC_CRN_MC,8,CONTEXT_CONDITIONAL_ONLY,A,,"{""-1"": -1, ""1"": 1}"
E2_CONTEXT_SIGN_FLIP,72083,DOUBLE_ANTITHETIC_CRN_MC,16,CONTEXT_CONDITIONAL_ONLY,A,,"{""-1"": -1, ""1"": 1}"
E2_CONTEXT_SIGN_FLIP,72083,DOUBLE_ANTITHETIC_CRN_MC,32,CONTEXT_CONDITIONAL_ONLY,A,,"{""-1"": -1, ""1"": 1}"
E2_CONTEXT_SIGN_FLIP,72083,DOUBLE_ANTITHETIC_CRN_MC,64,CONTEXT_CONDITIONAL_ONLY,A,,"{""-1"": -1, ""1"": 1}"
E2_CONTEXT_SIGN_FLIP,72083,DOUBLE_ANTITHETIC_CRN_MC,128,CONTEXT_CONDITIONAL_ONLY,A,,"{""-1"": -1, ""1"": 1}"
E2_CONTEXT_SIGN_FLIP,72083,DOUBLE_ANTITHETIC_CRN_MC,256,CONTEXT_CONDITIONAL_ONLY,A,,"{""-1"": -1, ""1"": 1}"
E2_CONTEXT_SIGN_FLIP,72083,LEGACY_INDEPENDENT_MC,8,CONTEXT_CONDITIONAL_ONLY,A,,"{""-1"": -1, ""1"": 1}"
E2_CONTEXT_SIGN_FLIP,72083,LEGACY_INDEPENDENT_MC,16,CONTEXT_CONDITIONAL_ONLY,A,,"{""-1"": -1, ""1"": 1}"
E2_CONTEXT_SIGN_FLIP,72083,LEGACY_INDEPENDENT_MC,32,CONTEXT_CONDITIONAL_ONLY,A,,"{""-1"": -1, ""1"": 1}"
E2_CONTEXT_SIGN_FLIP,72083,LEGACY_INDEPENDENT_MC,64,CONTEXT_CONDITIONAL_ONLY,A,,"{""-1"": -1, ""1"": 1}"
E2_CONTEXT_SIGN_FLIP,72083,LEGACY_INDEPENDENT_MC,128,CONTEXT_CONDITIONAL_ONLY,A,,"{""-1"": -1, ""1"": 1}"
E2_CONTEXT_SIGN_FLIP,72083,LEGACY_INDEPENDENT_MC,256,CONTEXT_CONDITIONAL_ONLY,A,,"{""-1"": -1, ""1"": 1}"
E2_CONTEXT_SIGN_FLIP,72084,ANTITHETIC_CRN_MC,8,CONTEXT_CONDITIONAL_ONLY,A,,"{""-1"": -1, ""1"": 1}"
E2_CONTEXT_SIGN_FLIP,72084,ANTITHETIC_CRN_MC,16,CONTEXT_CONDITIONAL_ONLY,A,,"{""-1"": -1, ""1"": 1}"
E2_CONTEXT_SIGN_FLIP,72084,ANTITHETIC_CRN_MC,32,CONTEXT_CONDITIONAL_ONLY,A,,"{""-1"": -1, ""1"": 1}"
E2_CONTEXT_SIGN_FLIP,72084,ANTITHETIC_CRN_MC,64,CONTEXT_CONDITIONAL_ONLY,A,,"{""-1"": -1, ""1"": 1}"
E2_CONTEXT_SIGN_FLIP,72084,ANTITHETIC_CRN_MC,128,CONTEXT_CONDITIONAL_ONLY,A,,"{""-1"": -1, ""1"": 1}"
E2_CONTEXT_SIGN_FLIP,72084,ANTITHETIC_CRN_MC,256,CONTEXT_CONDITIONAL_ONLY,A,,"{""-1"": -1, ""1"": 1}"
E2_CONTEXT_SIGN_FLIP,72084,CRN_CHAIN_MC,8,CONTEXT_CONDITIONAL_ONLY,A,,"{""-1"": -1, ""1"": 1}"
E2_CONTEXT_SIGN_FLIP,72084,CRN_CHAIN_MC,16,CONTEXT_CONDITIONAL_ONLY,A,,"{""-1"": -1, ""1"": 1}"
E2_CONTEXT_SIGN_FLIP,72084,CRN_CHAIN_MC,32,CONTEXT_CONDITIONAL_ONLY,A,,"{""-1"": -1, ""1"": 1}"
E2_CONTEXT_SIGN_FLIP,72084,CRN_CHAIN_MC,64,CONTEXT_CONDITIONAL_ONLY,A,,"{""-1"": -1, ""1"": 1}"
E2_CONTEXT_SIGN_FLIP,72084,CRN_CHAIN_MC,128,CONTEXT_CONDITIONAL_ONLY,A,,"{""-1"": -1, ""1"": 1}"
E2_CONTEXT_SIGN_FLIP,72084,CRN_CHAIN_MC,256,CONTEXT_CONDITIONAL_ONLY,A,,"{""-1"": -1, ""1"": 1}"
E2_CONTEXT_SIGN_FLIP,72084,DOUBLE_ANTITHETIC_CRN_MC,8,CONTEXT_CONDITIONAL_ONLY,A,,"{""-1"": -1, ""1"": 1}"
E2_CONTEXT_SIGN_FLIP,72084,DOUBLE_ANTITHETIC_CRN_MC,16,CONTEXT_CONDITIONAL_ONLY,A,,"{""-1"": -1, ""1"": 1}"
E2_CONTEXT_SIGN_FLIP,72084,DOUBLE_ANTITHETIC_CRN_MC,32,CONTEXT_CONDITIONAL_ONLY,A,,"{""-1"": -1, ""1"": 1}"
E2_CONTEXT_SIGN_FLIP,72084,DOUBLE_ANTITHETIC_CRN_MC,64,CONTEXT_CONDITIONAL_ONLY,A,,"{""-1"": -1, ""1"": 1}"
E2_CONTEXT_SIGN_FLIP,72084,DOUBLE_ANTITHETIC_CRN_MC,128,CONTEXT_CONDITIONAL_ONLY,A,,"{""-1"": -1, ""1"": 1}"
E2_CONTEXT_SIGN_FLIP,72084,DOUBLE_ANTITHETIC_CRN_MC,256,CONTEXT_CONDITIONAL_ONLY,A,,"{""-1"": -1, ""1"": 1}"
E2_CONTEXT_SIGN_FLIP,72084,LEGACY_INDEPENDENT_MC,8,CONTEXT_CONDITIONAL_ONLY,A,,"{""-1"": -1, ""1"": 1}"
E2_CONTEXT_SIGN_FLIP,72084,LEGACY_INDEPENDENT_MC,16,CONTEXT_CONDITIONAL_ONLY,A,,"{""-1"": -1, ""1"": 1}"
E2_CONTEXT_SIGN_FLIP,72084,LEGACY_INDEPENDENT_MC,32,CONTEXT_CONDITIONAL_ONLY,A,,"{""-1"": -1, ""1"": 1}"
E2_CONTEXT_SIGN_FLIP,72084,LEGACY_INDEPENDENT_MC,64,CONTEXT_CONDITIONAL_ONLY,A,,"{""-1"": -1, ""1"": 1}"
E2_CONTEXT_SIGN_FLIP,72084,LEGACY_INDEPENDENT_MC,128,CONTEXT_CONDITIONAL_ONLY,A,,"{""-1"": -1, ""1"": 1}"
E2_CONTEXT_SIGN_FLIP,72084,LEGACY_INDEPENDENT_MC,256,CONTEXT_CONDITIONAL_ONLY,A,,"{""-1"": -1, ""1"": 1}"
E2_CONTEXT_SIGN_FLIP,72085,ANTITHETIC_CRN_MC,8,CONTEXT_CONDITIONAL_ONLY,A,,"{""-1"": -1, ""1"": 1}"
E2_CONTEXT_SIGN_FLIP,72085,ANTITHETIC_CRN_MC,16,CONTEXT_CONDITIONAL_ONLY,A,,"{""-1"": -1, ""1"": 1}"
E2_CONTEXT_SIGN_FLIP,72085,ANTITHETIC_CRN_MC,32,CONTEXT_CONDITIONAL_ONLY,A,,"{""-1"": -1, ""1"": 1}"
E2_CONTEXT_SIGN_FLIP,72085,ANTITHETIC_CRN_MC,64,CONTEXT_CONDITIONAL_ONLY,A,,"{""-1"": -1, ""1"": 1}"
E2_CONTEXT_SIGN_FLIP,72085,ANTITHETIC_CRN_MC,128,CONTEXT_CONDITIONAL_ONLY,A,,"{""-1"": -1, ""1"": 1}"
E2_CONTEXT_SIGN_FLIP,72085,ANTITHETIC_CRN_MC,256,CONTEXT_CONDITIONAL_ONLY,A,,"{""-1"": -1, ""1"": 1}"
E2_CONTEXT_SIGN_FLIP,72085,CRN_CHAIN_MC,8,CONTEXT_CONDITIONAL_ONLY,A,,"{""-1"": -1, ""1"": 1}"
E2_CONTEXT_SIGN_FLIP,72085,CRN_CHAIN_MC,16,CONTEXT_CONDITIONAL_ONLY,A,,"{""-1"": -1, ""1"": 1}"
E2_CONTEXT_SIGN_FLIP,72085,CRN_CHAIN_MC,32,CONTEXT_CONDITIONAL_ONLY,A,,"{""-1"": -1, ""1"": 1}"
E2_CONTEXT_SIGN_FLIP,72085,CRN_CHAIN_MC,64,CONTEXT_CONDITIONAL_ONLY,A,,"{""-1"": -1, ""1"": 1}"
E2_CONTEXT_SIGN_FLIP,72085,CRN_CHAIN_MC,128,CONTEXT_CONDITIONAL_ONLY,A,,"{""-1"": -1, ""1"": 1}"
E2_CONTEXT_SIGN_FLIP,72085,CRN_CHAIN_MC,256,CONTEXT_CONDITIONAL_ONLY,A,,"{""-1"": -1, ""1"": 1}"
E2_CONTEXT_SIGN_FLIP,72085,DOUBLE_ANTITHETIC_CRN_MC,8,CONTEXT_CONDITIONAL_ONLY,A,,"{""-1"": -1, ""1"": 1}"
E2_CONTEXT_SIGN_FLIP,72085,DOUBLE_ANTITHETIC_CRN_MC,16,CONTEXT_CONDITIONAL_ONLY,A,,"{""-1"": -1, ""1"": 1}"
E2_CONTEXT_SIGN_FLIP,72085,DOUBLE_ANTITHETIC_CRN_MC,32,CONTEXT_CONDITIONAL_ONLY,A,,"{""-1"": -1, ""1"": 1}"
E2_CONTEXT_SIGN_FLIP,72085,DOUBLE_ANTITHETIC_CRN_MC,64,CONTEXT_CONDITIONAL_ONLY,A,,"{""-1"": -1, ""1"": 1}"
E2_CONTEXT_SIGN_FLIP,72085,DOUBLE_ANTITHETIC_CRN_MC,128,CONTEXT_CONDITIONAL_ONLY,A,,"{""-1"": -1, ""1"": 1}"
E2_CONTEXT_SIGN_FLIP,72085,DOUBLE_ANTITHETIC_CRN_MC,256,CONTEXT_CONDITIONAL_ONLY,A,,"{""-1"": -1, ""1"": 1}"
E2_CONTEXT_SIGN_FLIP,72085,LEGACY_INDEPENDENT_MC,8,CONTEXT_CONDITIONAL_ONLY,A,,"{""-1"": -1, ""1"": 1}"
E2_CONTEXT_SIGN_FLIP,72085,LEGACY_INDEPENDENT_MC,16,CONTEXT_CONDITIONAL_ONLY,A,,"{""-1"": -1, ""1"": 1}"
E2_CONTEXT_SIGN_FLIP,72085,LEGACY_INDEPENDENT_MC,32,CONTEXT_CONDITIONAL_ONLY,A,,"{""-1"": -1, ""1"": 1}"
E2_CONTEXT_SIGN_FLIP,72085,LEGACY_INDEPENDENT_MC,64,CONTEXT_CONDITIONAL_ONLY,A,,"{""-1"": -1, ""1"": 1}"
E2_CONTEXT_SIGN_FLIP,72085,LEGACY_INDEPENDENT_MC,128,CONTEXT_CONDITIONAL_ONLY,A,,"{""-1"": -1, ""1"": 1}"
E2_CONTEXT_SIGN_FLIP,72085,LEGACY_INDEPENDENT_MC,256,CONTEXT_CONDITIONAL_ONLY,A,,"{""-1"": -1, ""1"": 1}"
E2_CONTEXT_SIGN_FLIP,72086,ANTITHETIC_CRN_MC,8,CONTEXT_CONDITIONAL_ONLY,A,,"{""-1"": -1, ""1"": 1}"
E2_CONTEXT_SIGN_FLIP,72086,ANTITHETIC_CRN_MC,16,CONTEXT_CONDITIONAL_ONLY,A,,"{""-1"": -1, ""1"": 1}"
E2_CONTEXT_SIGN_FLIP,72086,ANTITHETIC_CRN_MC,32,CONTEXT_CONDITIONAL_ONLY,A,,"{""-1"": -1, ""1"": 1}"
E2_CONTEXT_SIGN_FLIP,72086,ANTITHETIC_CRN_MC,64,CONTEXT_CONDITIONAL_ONLY,A,,"{""-1"": -1, ""1"": 1}"
E2_CONTEXT_SIGN_FLIP,72086,ANTITHETIC_CRN_MC,128,CONTEXT_CONDITIONAL_ONLY,A,,"{""-1"": -1, ""1"": 1}"
E2_CONTEXT_SIGN_FLIP,72086,ANTITHETIC_CRN_MC,256,CONTEXT_CONDITIONAL_ONLY,A,,"{""-1"": -1, ""1"": 1}"
E2_CONTEXT_SIGN_FLIP,72086,CRN_CHAIN_MC,8,CONTEXT_CONDITIONAL_ONLY,A,,"{""-1"": -1, ""1"": 1}"
E2_CONTEXT_SIGN_FLIP,72086,CRN_CHAIN_MC,16,CONTEXT_CONDITIONAL_ONLY,A,,"{""-1"": -1, ""1"": 1}"
E2_CONTEXT_SIGN_FLIP,72086,CRN_CHAIN_MC,32,CONTEXT_CONDITIONAL_ONLY,A,,"{""-1"": -1, ""1"": 1}"
E2_CONTEXT_SIGN_FLIP,72086,CRN_CHAIN_MC,64,CONTEXT_CONDITIONAL_ONLY,A,,"{""-1"": -1, ""1"": 1}"
E2_CONTEXT_SIGN_FLIP,72086,CRN_CHAIN_MC,128,CONTEXT_CONDITIONAL_ONLY,A,,"{""-1"": -1, ""1"": 1}"
E2_CONTEXT_SIGN_FLIP,72086,CRN_CHAIN_MC,256,CONTEXT_CONDITIONAL_ONLY,A,,"{""-1"": -1, ""1"": 1}"
E2_CONTEXT_SIGN_FLIP,72086,DOUBLE_ANTITHETIC_CRN_MC,8,CONTEXT_CONDITIONAL_ONLY,A,,"{""-1"": -1, ""1"": 1}"
E2_CONTEXT_SIGN_FLIP,72086,DOUBLE_ANTITHETIC_CRN_MC,16,CONTEXT_CONDITIONAL_ONLY,A,,"{""-1"": -1, ""1"": 1}"
E2_CONTEXT_SIGN_FLIP,72086,DOUBLE_ANTITHETIC_CRN_MC,32,CONTEXT_CONDITIONAL_ONLY,A,,"{""-1"": -1, ""1"": 1}"
E2_CONTEXT_SIGN_FLIP,72086,DOUBLE_ANTITHETIC_CRN_MC,64,CONTEXT_CONDITIONAL_ONLY,A,,"{""-1"": -1, ""1"": 1}"
E2_CONTEXT_SIGN_FLIP,72086,DOUBLE_ANTITHETIC_CRN_MC,128,CONTEXT_CONDITIONAL_ONLY,A,,"{""-1"": -1, ""1"": 1}"
E2_CONTEXT_SIGN_FLIP,72086,DOUBLE_ANTITHETIC_CRN_MC,256,CONTEXT_CONDITIONAL_ONLY,A,,"{""-1"": -1, ""1"": 1}"
E2_CONTEXT_SIGN_FLIP,72086,LEGACY_INDEPENDENT_MC,8,CONTEXT_CONDITIONAL_ONLY,A,,"{""-1"": -1, ""1"": 1}"
E2_CONTEXT_SIGN_FLIP,72086,LEGACY_INDEPENDENT_MC,16,CONTEXT_CONDITIONAL_ONLY,A,,"{""-1"": -1, ""1"": 1}"
E2_CONTEXT_SIGN_FLIP,72086,LEGACY_INDEPENDENT_MC,32,CONTEXT_CONDITIONAL_ONLY,A,,"{""-1"": -1, ""1"": 1}"
E2_CONTEXT_SIGN_FLIP,72086,LEGACY_INDEPENDENT_MC,64,CONTEXT_CONDITIONAL_ONLY,A,,"{""-1"": -1, ""1"": 1}"
E2_CONTEXT_SIGN_FLIP,72086,LEGACY_INDEPENDENT_MC,128,CONTEXT_CONDITIONAL_ONLY,A,,"{""-1"": -1, ""1"": 1}"
E2_CONTEXT_SIGN_FLIP,72086,LEGACY_INDEPENDENT_MC,256,CONTEXT_CONDITIONAL_ONLY,A,,"{""-1"": -1, ""1"": 1}"
E2_CONTEXT_SIGN_FLIP,72087,ANTITHETIC_CRN_MC,8,CONTEXT_CONDITIONAL_ONLY,A,,"{""-1"": -1, ""1"": 1}"
E2_CONTEXT_SIGN_FLIP,72087,ANTITHETIC_CRN_MC,16,CONTEXT_CONDITIONAL_ONLY,A,,"{""-1"": -1, ""1"": 1}"
E2_CONTEXT_SIGN_FLIP,72087,ANTITHETIC_CRN_MC,32,CONTEXT_CONDITIONAL_ONLY,A,,"{""-1"": -1, ""1"": 1}"
E2_CONTEXT_SIGN_FLIP,72087,ANTITHETIC_CRN_MC,64,CONTEXT_CONDITIONAL_ONLY,A,,"{""-1"": -1, ""1"": 1}"
E2_CONTEXT_SIGN_FLIP,72087,ANTITHETIC_CRN_MC,128,CONTEXT_CONDITIONAL_ONLY,A,,"{""-1"": -1, ""1"": 1}"
E2_CONTEXT_SIGN_FLIP,72087,ANTITHETIC_CRN_MC,256,CONTEXT_CONDITIONAL_ONLY,A,,"{""-1"": -1, ""1"": 1}"
E2_CONTEXT_SIGN_FLIP,72087,CRN_CHAIN_MC,8,CONTEXT_CONDITIONAL_ONLY,A,,"{""-1"": -1, ""1"": 1}"
E2_CONTEXT_SIGN_FLIP,72087,CRN_CHAIN_MC,16,CONTEXT_CONDITIONAL_ONLY,A,,"{""-1"": -1, ""1"": 1}"
E2_CONTEXT_SIGN_FLIP,72087,CRN_CHAIN_MC,32,CONTEXT_CONDITIONAL_ONLY,A,,"{""-1"": -1, ""1"": 1}"
E2_CONTEXT_SIGN_FLIP,72087,CRN_CHAIN_MC,64,CONTEXT_CONDITIONAL_ONLY,A,,"{""-1"": -1, ""1"": 1}"
E2_CONTEXT_SIGN_FLIP,72087,CRN_CHAIN_MC,128,CONTEXT_CONDITIONAL_ONLY,A,,"{""-1"": -1, ""1"": 1}"
E2_CONTEXT_SIGN_FLIP,72087,CRN_CHAIN_MC,256,CONTEXT_CONDITIONAL_ONLY,A,,"{""-1"": -1, ""1"": 1}"
E2_CONTEXT_SIGN_FLIP,72087,DOUBLE_ANTITHETIC_CRN_MC,8,CONTEXT_CONDITIONAL_ONLY,A,,"{""-1"": -1, ""1"": 1}"
E2_CONTEXT_SIGN_FLIP,72087,DOUBLE_ANTITHETIC_CRN_MC,16,CONTEXT_CONDITIONAL_ONLY,A,,"{""-1"": -1, ""1"": 1}"
E2_CONTEXT_SIGN_FLIP,72087,DOUBLE_ANTITHETIC_CRN_MC,32,CONTEXT_CONDITIONAL_ONLY,A,,"{""-1"": -1, ""1"": 1}"
E2_CONTEXT_SIGN_FLIP,72087,DOUBLE_ANTITHETIC_CRN_MC,64,CONTEXT_CONDITIONAL_ONLY,A,,"{""-1"": -1, ""1"": 1}"
E2_CONTEXT_SIGN_FLIP,72087,DOUBLE_ANTITHETIC_CRN_MC,128,CONTEXT_CONDITIONAL_ONLY,A,,"{""-1"": -1, ""1"": 1}"
E2_CONTEXT_SIGN_FLIP,72087,DOUBLE_ANTITHETIC_CRN_MC,256,CONTEXT_CONDITIONAL_ONLY,A,,"{""-1"": -1, ""1"": 1}"
E2_CONTEXT_SIGN_FLIP,72087,LEGACY_INDEPENDENT_MC,8,CONTEXT_CONDITIONAL_ONLY,A,,"{""-1"": -1, ""1"": 1}"
E2_CONTEXT_SIGN_FLIP,72087,LEGACY_INDEPENDENT_MC,16,CONTEXT_CONDITIONAL_ONLY,A,,"{""-1"": -1, ""1"": 1}"
E2_CONTEXT_SIGN_FLIP,72087,LEGACY_INDEPENDENT_MC,32,CONTEXT_CONDITIONAL_ONLY,A,,"{""-1"": -1, ""1"": 1}"
E2_CONTEXT_SIGN_FLIP,72087,LEGACY_INDEPENDENT_MC,64,CONTEXT_CONDITIONAL_ONLY,A,,"{""-1"": -1, ""1"": 1}"
E2_CONTEXT_SIGN_FLIP,72087,LEGACY_INDEPENDENT_MC,128,CONTEXT_CONDITIONAL_ONLY,A,,"{""-1"": -1, ""1"": 1}"
E2_CONTEXT_SIGN_FLIP,72087,LEGACY_INDEPENDENT_MC,256,CONTEXT_CONDITIONAL_ONLY,A,,"{""-1"": -1, ""1"": 1}"
E2_CONTEXT_SIGN_FLIP,72088,ANTITHETIC_CRN_MC,8,CONTEXT_CONDITIONAL_ONLY,A,,"{""-1"": -1, ""1"": 1}"
E2_CONTEXT_SIGN_FLIP,72088,ANTITHETIC_CRN_MC,16,CONTEXT_CONDITIONAL_ONLY,A,,"{""-1"": -1, ""1"": 1}"
E2_CONTEXT_SIGN_FLIP,72088,ANTITHETIC_CRN_MC,32,CONTEXT_CONDITIONAL_ONLY,A,,"{""-1"": -1, ""1"": 1}"
E2_CONTEXT_SIGN_FLIP,72088,ANTITHETIC_CRN_MC,64,CONTEXT_CONDITIONAL_ONLY,A,,"{""-1"": -1, ""1"": 1}"
E2_CONTEXT_SIGN_FLIP,72088,ANTITHETIC_CRN_MC,128,CONTEXT_CONDITIONAL_ONLY,A,,"{""-1"": -1, ""1"": 1}"
E2_CONTEXT_SIGN_FLIP,72088,ANTITHETIC_CRN_MC,256,CONTEXT_CONDITIONAL_ONLY,A,,"{""-1"": -1, ""1"": 1}"
E2_CONTEXT_SIGN_FLIP,72088,CRN_CHAIN_MC,8,CONTEXT_CONDITIONAL_ONLY,A,,"{""-1"": -1, ""1"": 1}"
E2_CONTEXT_SIGN_FLIP,72088,CRN_CHAIN_MC,16,CONTEXT_CONDITIONAL_ONLY,A,,"{""-1"": -1, ""1"": 1}"
E2_CONTEXT_SIGN_FLIP,72088,CRN_CHAIN_MC,32,CONTEXT_CONDITIONAL_ONLY,A,,"{""-1"": -1, ""1"": 1}"
E2_CONTEXT_SIGN_FLIP,72088,CRN_CHAIN_MC,64,CONTEXT_CONDITIONAL_ONLY,A,,"{""-1"": -1, ""1"": 1}"
E2_CONTEXT_SIGN_FLIP,72088,CRN_CHAIN_MC,128,CONTEXT_CONDITIONAL_ONLY,A,,"{""-1"": -1, ""1"": 1}"
E2_CONTEXT_SIGN_FLIP,72088,CRN_CHAIN_MC,256,CONTEXT_CONDITIONAL_ONLY,A,,"{""-1"": -1, ""1"": 1}"
E2_CONTEXT_SIGN_FLIP,72088,DOUBLE_ANTITHETIC_CRN_MC,8,CONTEXT_CONDITIONAL_ONLY,A,,"{""-1"": -1, ""1"": 1}"
E2_CONTEXT_SIGN_FLIP,72088,DOUBLE_ANTITHETIC_CRN_MC,16,CONTEXT_CONDITIONAL_ONLY,A,,"{""-1"": -1, ""1"": 1}"
E2_CONTEXT_SIGN_FLIP,72088,DOUBLE_ANTITHETIC_CRN_MC,32,CONTEXT_CONDITIONAL_ONLY,A,,"{""-1"": -1, ""1"": 1}"
E2_CONTEXT_SIGN_FLIP,72088,DOUBLE_ANTITHETIC_CRN_MC,64,CONTEXT_CONDITIONAL_ONLY,A,,"{""-1"": -1, ""1"": 1}"
E2_CONTEXT_SIGN_FLIP,72088,DOUBLE_ANTITHETIC_CRN_MC,128,CONTEXT_CONDITIONAL_ONLY,A,,"{""-1"": -1, ""1"": 1}"
E2_CONTEXT_SIGN_FLIP,72088,DOUBLE_ANTITHETIC_CRN_MC,256,CONTEXT_CONDITIONAL_ONLY,A,,"{""-1"": -1, ""1"": 1}"
E2_CONTEXT_SIGN_FLIP,72088,LEGACY_INDEPENDENT_MC,8,CONTEXT_CONDITIONAL_ONLY,A,,"{""-1"": -1, ""1"": 1}"
E2_CONTEXT_SIGN_FLIP,72088,LEGACY_INDEPENDENT_MC,16,CONTEXT_CONDITIONAL_ONLY,A,,"{""-1"": -1, ""1"": 1}"
E2_CONTEXT_SIGN_FLIP,72088,LEGACY_INDEPENDENT_MC,32,CONTEXT_CONDITIONAL_ONLY,A,,"{""-1"": -1, ""1"": 1}"
E2_CONTEXT_SIGN_FLIP,72088,LEGACY_INDEPENDENT_MC,64,CONTEXT_CONDITIONAL_ONLY,A,,"{""-1"": -1, ""1"": 1}"
E2_CONTEXT_SIGN_FLIP,72088,LEGACY_INDEPENDENT_MC,128,CONTEXT_CONDITIONAL_ONLY,A,,"{""-1"": -1, ""1"": 1}"
E2_CONTEXT_SIGN_FLIP,72088,LEGACY_INDEPENDENT_MC,256,CONTEXT_CONDITIONAL_ONLY,A,,"{""-1"": -1, ""1"": 1}"
E2_CONTEXT_SIGN_FLIP,72089,ANTITHETIC_CRN_MC,8,CONTEXT_CONDITIONAL_ONLY,A,,"{""-1"": -1, ""1"": 1}"
E2_CONTEXT_SIGN_FLIP,72089,ANTITHETIC_CRN_MC,16,CONTEXT_CONDITIONAL_ONLY,A,,"{""-1"": -1, ""1"": 1}"
E2_CONTEXT_SIGN_FLIP,72089,ANTITHETIC_CRN_MC,32,CONTEXT_CONDITIONAL_ONLY,A,,"{""-1"": -1, ""1"": 1}"
E2_CONTEXT_SIGN_FLIP,72089,ANTITHETIC_CRN_MC,64,CONTEXT_CONDITIONAL_ONLY,A,,"{""-1"": -1, ""1"": 1}"
E2_CONTEXT_SIGN_FLIP,72089,ANTITHETIC_CRN_MC,128,CONTEXT_CONDITIONAL_ONLY,A,,"{""-1"": -1, ""1"": 1}"
E2_CONTEXT_SIGN_FLIP,72089,ANTITHETIC_CRN_MC,256,CONTEXT_CONDITIONAL_ONLY,A,,"{""-1"": -1, ""1"": 1}"
E2_CONTEXT_SIGN_FLIP,72089,CRN_CHAIN_MC,8,CONTEXT_CONDITIONAL_ONLY,A,,"{""-1"": -1, ""1"": 1}"
E2_CONTEXT_SIGN_FLIP,72089,CRN_CHAIN_MC,16,CONTEXT_CONDITIONAL_ONLY,A,,"{""-1"": -1, ""1"": 1}"
E2_CONTEXT_SIGN_FLIP,72089,CRN_CHAIN_MC,32,CONTEXT_CONDITIONAL_ONLY,A,,"{""-1"": -1, ""1"": 1}"
E2_CONTEXT_SIGN_FLIP,72089,CRN_CHAIN_MC,64,CONTEXT_CONDITIONAL_ONLY,A,,"{""-1"": -1, ""1"": 1}"
E2_CONTEXT_SIGN_FLIP,72089,CRN_CHAIN_MC,128,CONTEXT_CONDITIONAL_ONLY,A,,"{""-1"": -1, ""1"": 1}"
E2_CONTEXT_SIGN_FLIP,72089,CRN_CHAIN_MC,256,CONTEXT_CONDITIONAL_ONLY,A,,"{""-1"": -1, ""1"": 1}"
E2_CONTEXT_SIGN_FLIP,72089,DOUBLE_ANTITHETIC_CRN_MC,8,CONTEXT_CONDITIONAL_ONLY,A,,"{""-1"": -1, ""1"": 1}"
E2_CONTEXT_SIGN_FLIP,72089,DOUBLE_ANTITHETIC_CRN_MC,16,CONTEXT_CONDITIONAL_ONLY,A,,"{""-1"": -1, ""1"": 1}"
E2_CONTEXT_SIGN_FLIP,72089,DOUBLE_ANTITHETIC_CRN_MC,32,CONTEXT_CONDITIONAL_ONLY,A,,"{""-1"": -1, ""1"": 1}"
E2_CONTEXT_SIGN_FLIP,72089,DOUBLE_ANTITHETIC_CRN_MC,64,CONTEXT_CONDITIONAL_ONLY,A,,"{""-1"": -1, ""1"": 1}"
E2_CONTEXT_SIGN_FLIP,72089,DOUBLE_ANTITHETIC_CRN_MC,128,CONTEXT_CONDITIONAL_ONLY,A,,"{""-1"": -1, ""1"": 1}"
E2_CONTEXT_SIGN_FLIP,72089,DOUBLE_ANTITHETIC_CRN_MC,256,CONTEXT_CONDITIONAL_ONLY,A,,"{""-1"": -1, ""1"": 1}"
E2_CONTEXT_SIGN_FLIP,72089,LEGACY_INDEPENDENT_MC,8,CONTEXT_CONDITIONAL_ONLY,A,,"{""-1"": -1, ""1"": 1}"
E2_CONTEXT_SIGN_FLIP,72089,LEGACY_INDEPENDENT_MC,16,CONTEXT_CONDITIONAL_ONLY,A,,"{""-1"": -1, ""1"": 1}"
E2_CONTEXT_SIGN_FLIP,72089,LEGACY_INDEPENDENT_MC,32,CONTEXT_CONDITIONAL_ONLY,A,,"{""-1"": -1, ""1"": 1}"
E2_CONTEXT_SIGN_FLIP,72089,LEGACY_INDEPENDENT_MC,64,CONTEXT_CONDITIONAL_ONLY,A,,"{""-1"": -1, ""1"": 1}"
E2_CONTEXT_SIGN_FLIP,72089,LEGACY_INDEPENDENT_MC,128,CONTEXT_CONDITIONAL_ONLY,A,,"{""-1"": -1, ""1"": 1}"
E2_CONTEXT_SIGN_FLIP,72089,LEGACY_INDEPENDENT_MC,256,CONTEXT_CONDITIONAL_ONLY,A,,"{""-1"": -1, ""1"": 1}"
E2_CONTEXT_SIGN_FLIP,72090,ANTITHETIC_CRN_MC,8,CONTEXT_CONDITIONAL_ONLY,A,,"{""-1"": -1, ""1"": 1}"
E2_CONTEXT_SIGN_FLIP,72090,ANTITHETIC_CRN_MC,16,CONTEXT_CONDITIONAL_ONLY,A,,"{""-1"": -1, ""1"": 1}"
E2_CONTEXT_SIGN_FLIP,72090,ANTITHETIC_CRN_MC,32,CONTEXT_CONDITIONAL_ONLY,A,,"{""-1"": -1, ""1"": 1}"
E2_CONTEXT_SIGN_FLIP,72090,ANTITHETIC_CRN_MC,64,CONTEXT_CONDITIONAL_ONLY,A,,"{""-1"": -1, ""1"": 1}"
E2_CONTEXT_SIGN_FLIP,72090,ANTITHETIC_CRN_MC,128,CONTEXT_CONDITIONAL_ONLY,A,,"{""-1"": -1, ""1"": 1}"
E2_CONTEXT_SIGN_FLIP,72090,ANTITHETIC_CRN_MC,256,CONTEXT_CONDITIONAL_ONLY,A,,"{""-1"": -1, ""1"": 1}"
E2_CONTEXT_SIGN_FLIP,72090,CRN_CHAIN_MC,8,CONTEXT_CONDITIONAL_ONLY,A,,"{""-1"": -1, ""1"": 1}"
E2_CONTEXT_SIGN_FLIP,72090,CRN_CHAIN_MC,16,CONTEXT_CONDITIONAL_ONLY,A,,"{""-1"": -1, ""1"": 1}"
E2_CONTEXT_SIGN_FLIP,72090,CRN_CHAIN_MC,32,CONTEXT_CONDITIONAL_ONLY,A,,"{""-1"": -1, ""1"": 1}"
E2_CONTEXT_SIGN_FLIP,72090,CRN_CHAIN_MC,64,CONTEXT_CONDITIONAL_ONLY,A,,"{""-1"": -1, ""1"": 1}"
E2_CONTEXT_SIGN_FLIP,72090,CRN_CHAIN_MC,128,CONTEXT_CONDITIONAL_ONLY,A,,"{""-1"": -1, ""1"": 1}"
E2_CONTEXT_SIGN_FLIP,72090,CRN_CHAIN_MC,256,CONTEXT_CONDITIONAL_ONLY,A,,"{""-1"": -1, ""1"": 1}"
E2_CONTEXT_SIGN_FLIP,72090,DOUBLE_ANTITHETIC_CRN_MC,8,CONTEXT_CONDITIONAL_ONLY,A,,"{""-1"": -1, ""1"": 1}"
E2_CONTEXT_SIGN_FLIP,72090,DOUBLE_ANTITHETIC_CRN_MC,16,CONTEXT_CONDITIONAL_ONLY,A,,"{""-1"": -1, ""1"": 1}"
E2_CONTEXT_SIGN_FLIP,72090,DOUBLE_ANTITHETIC_CRN_MC,32,CONTEXT_CONDITIONAL_ONLY,A,,"{""-1"": -1, ""1"": 1}"
E2_CONTEXT_SIGN_FLIP,72090,DOUBLE_ANTITHETIC_CRN_MC,64,CONTEXT_CONDITIONAL_ONLY,A,,"{""-1"": -1, ""1"": 1}"
E2_CONTEXT_SIGN_FLIP,72090,DOUBLE_ANTITHETIC_CRN_MC,128,CONTEXT_CONDITIONAL_ONLY,A,,"{""-1"": -1, ""1"": 1}"
E2_CONTEXT_SIGN_FLIP,72090,DOUBLE_ANTITHETIC_CRN_MC,256,CONTEXT_CONDITIONAL_ONLY,A,,"{""-1"": -1, ""1"": 1}"
E2_CONTEXT_SIGN_FLIP,72090,LEGACY_INDEPENDENT_MC,8,CONTEXT_CONDITIONAL_ONLY,A,,"{""-1"": -1, ""1"": 1}"
E2_CONTEXT_SIGN_FLIP,72090,LEGACY_INDEPENDENT_MC,16,CONTEXT_CONDITIONAL_ONLY,A,,"{""-1"": -1, ""1"": 1}"
E2_CONTEXT_SIGN_FLIP,72090,LEGACY_INDEPENDENT_MC,32,CONTEXT_CONDITIONAL_ONLY,A,,"{""-1"": -1, ""1"": 1}"
E2_CONTEXT_SIGN_FLIP,72090,LEGACY_INDEPENDENT_MC,64,CONTEXT_CONDITIONAL_ONLY,A,,"{""-1"": -1, ""1"": 1}"
E2_CONTEXT_SIGN_FLIP,72090,LEGACY_INDEPENDENT_MC,128,CONTEXT_CONDITIONAL_ONLY,A,,"{""-1"": -1, ""1"": 1}"
E2_CONTEXT_SIGN_FLIP,72090,LEGACY_INDEPENDENT_MC,256,CONTEXT_CONDITIONAL_ONLY,A,,"{""-1"": -1, ""1"": 1}"
E2_CONTEXT_SIGN_FLIP,72091,ANTITHETIC_CRN_MC,8,CONTEXT_CONDITIONAL_ONLY,A,,"{""-1"": -1, ""1"": 1}"
E2_CONTEXT_SIGN_FLIP,72091,ANTITHETIC_CRN_MC,16,CONTEXT_CONDITIONAL_ONLY,A,,"{""-1"": -1, ""1"": 1}"
E2_CONTEXT_SIGN_FLIP,72091,ANTITHETIC_CRN_MC,32,CONTEXT_CONDITIONAL_ONLY,A,,"{""-1"": -1, ""1"": 1}"
E2_CONTEXT_SIGN_FLIP,72091,ANTITHETIC_CRN_MC,64,CONTEXT_CONDITIONAL_ONLY,A,,"{""-1"": -1, ""1"": 1}"
E2_CONTEXT_SIGN_FLIP,72091,ANTITHETIC_CRN_MC,128,CONTEXT_CONDITIONAL_ONLY,A,,"{""-1"": -1, ""1"": 1}"
E2_CONTEXT_SIGN_FLIP,72091,ANTITHETIC_CRN_MC,256,CONTEXT_CONDITIONAL_ONLY,A,,"{""-1"": -1, ""1"": 1}"
E2_CONTEXT_SIGN_FLIP,72091,CRN_CHAIN_MC,8,CONTEXT_CONDITIONAL_ONLY,A,,"{""-1"": -1, ""1"": 1}"
E2_CONTEXT_SIGN_FLIP,72091,CRN_CHAIN_MC,16,CONTEXT_CONDITIONAL_ONLY,A,,"{""-1"": -1, ""1"": 1}"
E2_CONTEXT_SIGN_FLIP,72091,CRN_CHAIN_MC,32,CONTEXT_CONDITIONAL_ONLY,A,,"{""-1"": -1, ""1"": 1}"
E2_CONTEXT_SIGN_FLIP,72091,CRN_CHAIN_MC,64,CONTEXT_CONDITIONAL_ONLY,A,,"{""-1"": -1, ""1"": 1}"
E2_CONTEXT_SIGN_FLIP,72091,CRN_CHAIN_MC,128,CONTEXT_CONDITIONAL_ONLY,A,,"{""-1"": -1, ""1"": 1}"
E2_CONTEXT_SIGN_FLIP,72091,CRN_CHAIN_MC,256,CONTEXT_CONDITIONAL_ONLY,A,,"{""-1"": -1, ""1"": 1}"
E2_CONTEXT_SIGN_FLIP,72091,DOUBLE_ANTITHETIC_CRN_MC,8,CONTEXT_CONDITIONAL_ONLY,A,,"{""-1"": -1, ""1"": 1}"
E2_CONTEXT_SIGN_FLIP,72091,DOUBLE_ANTITHETIC_CRN_MC,16,CONTEXT_CONDITIONAL_ONLY,A,,"{""-1"": -1, ""1"": 1}"
E2_CONTEXT_SIGN_FLIP,72091,DOUBLE_ANTITHETIC_CRN_MC,32,CONTEXT_CONDITIONAL_ONLY,A,,"{""-1"": -1, ""1"": 1}"
E2_CONTEXT_SIGN_FLIP,72091,DOUBLE_ANTITHETIC_CRN_MC,64,CONTEXT_CONDITIONAL_ONLY,A,,"{""-1"": -1, ""1"": 1}"
E2_CONTEXT_SIGN_FLIP,72091,DOUBLE_ANTITHETIC_CRN_MC,128,CONTEXT_CONDITIONAL_ONLY,A,,"{""-1"": -1, ""1"": 1}"
E2_CONTEXT_SIGN_FLIP,72091,DOUBLE_ANTITHETIC_CRN_MC,256,CONTEXT_CONDITIONAL_ONLY,A,,"{""-1"": -1, ""1"": 1}"
E2_CONTEXT_SIGN_FLIP,72091,LEGACY_INDEPENDENT_MC,8,CONTEXT_CONDITIONAL_ONLY,A,,"{""-1"": -1, ""1"": 1}"
E2_CONTEXT_SIGN_FLIP,72091,LEGACY_INDEPENDENT_MC,16,CONTEXT_CONDITIONAL_ONLY,A,,"{""-1"": -1, ""1"": 1}"
E2_CONTEXT_SIGN_FLIP,72091,LEGACY_INDEPENDENT_MC,32,CONTEXT_CONDITIONAL_ONLY,A,,"{""-1"": -1, ""1"": 1}"
E2_CONTEXT_SIGN_FLIP,72091,LEGACY_INDEPENDENT_MC,64,CONTEXT_CONDITIONAL_ONLY,A,,"{""-1"": -1, ""1"": 1}"
E2_CONTEXT_SIGN_FLIP,72091,LEGACY_INDEPENDENT_MC,128,CONTEXT_CONDITIONAL_ONLY,A,,"{""-1"": -1, ""1"": 1}"
E2_CONTEXT_SIGN_FLIP,72091,LEGACY_INDEPENDENT_MC,256,CONTEXT_CONDITIONAL_ONLY,A,,"{""-1"": -1, ""1"": 1}"
E2_CONTEXT_SIGN_FLIP,72092,ANTITHETIC_CRN_MC,8,CONTEXT_CONDITIONAL_ONLY,A,,"{""-1"": -1, ""1"": 1}"
E2_CONTEXT_SIGN_FLIP,72092,ANTITHETIC_CRN_MC,16,CONTEXT_CONDITIONAL_ONLY,A,,"{""-1"": -1, ""1"": 1}"
E2_CONTEXT_SIGN_FLIP,72092,ANTITHETIC_CRN_MC,32,CONTEXT_CONDITIONAL_ONLY,A,,"{""-1"": -1, ""1"": 1}"
E2_CONTEXT_SIGN_FLIP,72092,ANTITHETIC_CRN_MC,64,CONTEXT_CONDITIONAL_ONLY,A,,"{""-1"": -1, ""1"": 1}"
E2_CONTEXT_SIGN_FLIP,72092,ANTITHETIC_CRN_MC,128,CONTEXT_CONDITIONAL_ONLY,A,,"{""-1"": -1, ""1"": 1}"
E2_CONTEXT_SIGN_FLIP,72092,ANTITHETIC_CRN_MC,256,CONTEXT_CONDITIONAL_ONLY,A,,"{""-1"": -1, ""1"": 1}"
E2_CONTEXT_SIGN_FLIP,72092,CRN_CHAIN_MC,8,CONTEXT_CONDITIONAL_ONLY,A,,"{""-1"": -1, ""1"": 1}"
E2_CONTEXT_SIGN_FLIP,72092,CRN_CHAIN_MC,16,CONTEXT_CONDITIONAL_ONLY,A,,"{""-1"": -1, ""1"": 1}"
E2_CONTEXT_SIGN_FLIP,72092,CRN_CHAIN_MC,32,CONTEXT_CONDITIONAL_ONLY,A,,"{""-1"": -1, ""1"": 1}"
E2_CONTEXT_SIGN_FLIP,72092,CRN_CHAIN_MC,64,CONTEXT_CONDITIONAL_ONLY,A,,"{""-1"": -1, ""1"": 1}"
E2_CONTEXT_SIGN_FLIP,72092,CRN_CHAIN_MC,128,CONTEXT_CONDITIONAL_ONLY,A,,"{""-1"": -1, ""1"": 1}"
E2_CONTEXT_SIGN_FLIP,72092,CRN_CHAIN_MC,256,CONTEXT_CONDITIONAL_ONLY,A,,"{""-1"": -1, ""1"": 1}"
E2_CONTEXT_SIGN_FLIP,72092,DOUBLE_ANTITHETIC_CRN_MC,8,CONTEXT_CONDITIONAL_ONLY,A,,"{""-1"": -1, ""1"": 1}"
E2_CONTEXT_SIGN_FLIP,72092,DOUBLE_ANTITHETIC_CRN_MC,16,CONTEXT_CONDITIONAL_ONLY,A,,"{""-1"": -1, ""1"": 1}"
E2_CONTEXT_SIGN_FLIP,72092,DOUBLE_ANTITHETIC_CRN_MC,32,CONTEXT_CONDITIONAL_ONLY,A,,"{""-1"": -1, ""1"": 1}"
E2_CONTEXT_SIGN_FLIP,72092,DOUBLE_ANTITHETIC_CRN_MC,64,CONTEXT_CONDITIONAL_ONLY,A,,"{""-1"": -1, ""1"": 1}"
E2_CONTEXT_SIGN_FLIP,72092,DOUBLE_ANTITHETIC_CRN_MC,128,CONTEXT_CONDITIONAL_ONLY,A,,"{""-1"": -1, ""1"": 1}"
E2_CONTEXT_SIGN_FLIP,72092,DOUBLE_ANTITHETIC_CRN_MC,256,CONTEXT_CONDITIONAL_ONLY,A,,"{""-1"": -1, ""1"": 1}"
E2_CONTEXT_SIGN_FLIP,72092,LEGACY_INDEPENDENT_MC,8,CONTEXT_CONDITIONAL_ONLY,A,,"{""-1"": -1, ""1"": 1}"
E2_CONTEXT_SIGN_FLIP,72092,LEGACY_INDEPENDENT_MC,16,CONTEXT_CONDITIONAL_ONLY,A,,"{""-1"": -1, ""1"": 1}"
E2_CONTEXT_SIGN_FLIP,72092,LEGACY_INDEPENDENT_MC,32,CONTEXT_CONDITIONAL_ONLY,A,,"{""-1"": -1, ""1"": 1}"
E2_CONTEXT_SIGN_FLIP,72092,LEGACY_INDEPENDENT_MC,64,CONTEXT_CONDITIONAL_ONLY,A,,"{""-1"": -1, ""1"": 1}"
E2_CONTEXT_SIGN_FLIP,72092,LEGACY_INDEPENDENT_MC,128,CONTEXT_CONDITIONAL_ONLY,A,,"{""-1"": -1, ""1"": 1}"
E2_CONTEXT_SIGN_FLIP,72092,LEGACY_INDEPENDENT_MC,256,CONTEXT_CONDITIONAL_ONLY,A,,"{""-1"": -1, ""1"": 1}"
E2_CONTEXT_SIGN_FLIP,72093,ANTITHETIC_CRN_MC,8,CONTEXT_CONDITIONAL_ONLY,A,,"{""-1"": -1, ""1"": 1}"
E2_CONTEXT_SIGN_FLIP,72093,ANTITHETIC_CRN_MC,16,CONTEXT_CONDITIONAL_ONLY,A,,"{""-1"": -1, ""1"": 1}"
E2_CONTEXT_SIGN_FLIP,72093,ANTITHETIC_CRN_MC,32,CONTEXT_CONDITIONAL_ONLY,A,,"{""-1"": -1, ""1"": 1}"
E2_CONTEXT_SIGN_FLIP,72093,ANTITHETIC_CRN_MC,64,CONTEXT_CONDITIONAL_ONLY,A,,"{""-1"": -1, ""1"": 1}"
E2_CONTEXT_SIGN_FLIP,72093,ANTITHETIC_CRN_MC,128,CONTEXT_CONDITIONAL_ONLY,A,,"{""-1"": -1, ""1"": 1}"
E2_CONTEXT_SIGN_FLIP,72093,ANTITHETIC_CRN_MC,256,CONTEXT_CONDITIONAL_ONLY,A,,"{""-1"": -1, ""1"": 1}"
E2_CONTEXT_SIGN_FLIP,72093,CRN_CHAIN_MC,8,CONTEXT_CONDITIONAL_ONLY,A,,"{""-1"": -1, ""1"": 1}"
E2_CONTEXT_SIGN_FLIP,72093,CRN_CHAIN_MC,16,CONTEXT_CONDITIONAL_ONLY,A,,"{""-1"": -1, ""1"": 1}"
E2_CONTEXT_SIGN_FLIP,72093,CRN_CHAIN_MC,32,CONTEXT_CONDITIONAL_ONLY,A,,"{""-1"": -1, ""1"": 1}"
E2_CONTEXT_SIGN_FLIP,72093,CRN_CHAIN_MC,64,CONTEXT_CONDITIONAL_ONLY,A,,"{""-1"": -1, ""1"": 1}"
E2_CONTEXT_SIGN_FLIP,72093,CRN_CHAIN_MC,128,CONTEXT_CONDITIONAL_ONLY,A,,"{""-1"": -1, ""1"": 1}"
E2_CONTEXT_SIGN_FLIP,72093,CRN_CHAIN_MC,256,CONTEXT_CONDITIONAL_ONLY,A,,"{""-1"": -1, ""1"": 1}"
E2_CONTEXT_SIGN_FLIP,72093,DOUBLE_ANTITHETIC_CRN_MC,8,CONTEXT_CONDITIONAL_ONLY,A,,"{""-1"": -1, ""1"": 1}"
E2_CONTEXT_SIGN_FLIP,72093,DOUBLE_ANTITHETIC_CRN_MC,16,CONTEXT_CONDITIONAL_ONLY,A,,"{""-1"": -1, ""1"": 1}"
E2_CONTEXT_SIGN_FLIP,72093,DOUBLE_ANTITHETIC_CRN_MC,32,CONTEXT_CONDITIONAL_ONLY,A,,"{""-1"": -1, ""1"": 1}"
E2_CONTEXT_SIGN_FLIP,72093,DOUBLE_ANTITHETIC_CRN_MC,64,CONTEXT_CONDITIONAL_ONLY,A,,"{""-1"": -1, ""1"": 1}"
E2_CONTEXT_SIGN_FLIP,72093,DOUBLE_ANTITHETIC_CRN_MC,128,CONTEXT_CONDITIONAL_ONLY,A,,"{""-1"": -1, ""1"": 1}"
E2_CONTEXT_SIGN_FLIP,72093,DOUBLE_ANTITHETIC_CRN_MC,256,CONTEXT_CONDITIONAL_ONLY,A,,"{""-1"": -1, ""1"": 1}"
E2_CONTEXT_SIGN_FLIP,72093,LEGACY_INDEPENDENT_MC,8,CONTEXT_CONDITIONAL_ONLY,A,,"{""-1"": -1, ""1"": 1}"
E2_CONTEXT_SIGN_FLIP,72093,LEGACY_INDEPENDENT_MC,16,CONTEXT_CONDITIONAL_ONLY,A,,"{""-1"": -1, ""1"": 1}"
E2_CONTEXT_SIGN_FLIP,72093,LEGACY_INDEPENDENT_MC,32,CONTEXT_CONDITIONAL_ONLY,A,,"{""-1"": -1, ""1"": 1}"
E2_CONTEXT_SIGN_FLIP,72093,LEGACY_INDEPENDENT_MC,64,CONTEXT_CONDITIONAL_ONLY,A,,"{""-1"": -1, ""1"": 1}"
E2_CONTEXT_SIGN_FLIP,72093,LEGACY_INDEPENDENT_MC,128,CONTEXT_CONDITIONAL_ONLY,A,,"{""-1"": -1, ""1"": 1}"
E2_CONTEXT_SIGN_FLIP,72093,LEGACY_INDEPENDENT_MC,256,CONTEXT_CONDITIONAL_ONLY,A,,"{""-1"": -1, ""1"": 1}"
E2_CONTEXT_SIGN_FLIP,72094,ANTITHETIC_CRN_MC,8,CONTEXT_CONDITIONAL_ONLY,A,,"{""-1"": -1, ""1"": 1}"
E2_CONTEXT_SIGN_FLIP,72094,ANTITHETIC_CRN_MC,16,CONTEXT_CONDITIONAL_ONLY,A,,"{""-1"": -1, ""1"": 1}"
E2_CONTEXT_SIGN_FLIP,72094,ANTITHETIC_CRN_MC,32,CONTEXT_CONDITIONAL_ONLY,A,,"{""-1"": -1, ""1"": 1}"
E2_CONTEXT_SIGN_FLIP,72094,ANTITHETIC_CRN_MC,64,CONTEXT_CONDITIONAL_ONLY,A,,"{""-1"": -1, ""1"": 1}"
E2_CONTEXT_SIGN_FLIP,72094,ANTITHETIC_CRN_MC,128,CONTEXT_CONDITIONAL_ONLY,A,,"{""-1"": -1, ""1"": 1}"
E2_CONTEXT_SIGN_FLIP,72094,ANTITHETIC_CRN_MC,256,CONTEXT_CONDITIONAL_ONLY,A,,"{""-1"": -1, ""1"": 1}"
E2_CONTEXT_SIGN_FLIP,72094,CRN_CHAIN_MC,8,CONTEXT_CONDITIONAL_ONLY,A,,"{""-1"": -1, ""1"": 1}"
E2_CONTEXT_SIGN_FLIP,72094,CRN_CHAIN_MC,16,CONTEXT_CONDITIONAL_ONLY,A,,"{""-1"": -1, ""1"": 1}"
E2_CONTEXT_SIGN_FLIP,72094,CRN_CHAIN_MC,32,CONTEXT_CONDITIONAL_ONLY,A,,"{""-1"": -1, ""1"": 1}"
E2_CONTEXT_SIGN_FLIP,72094,CRN_CHAIN_MC,64,CONTEXT_CONDITIONAL_ONLY,A,,"{""-1"": -1, ""1"": 1}"
E2_CONTEXT_SIGN_FLIP,72094,CRN_CHAIN_MC,128,CONTEXT_CONDITIONAL_ONLY,A,,"{""-1"": -1, ""1"": 1}"
E2_CONTEXT_SIGN_FLIP,72094,CRN_CHAIN_MC,256,CONTEXT_CONDITIONAL_ONLY,A,,"{""-1"": -1, ""1"": 1}"
E2_CONTEXT_SIGN_FLIP,72094,DOUBLE_ANTITHETIC_CRN_MC,8,CONTEXT_CONDITIONAL_ONLY,A,,"{""-1"": -1, ""1"": 1}"
E2_CONTEXT_SIGN_FLIP,72094,DOUBLE_ANTITHETIC_CRN_MC,16,CONTEXT_CONDITIONAL_ONLY,A,,"{""-1"": -1, ""1"": 1}"
E2_CONTEXT_SIGN_FLIP,72094,DOUBLE_ANTITHETIC_CRN_MC,32,CONTEXT_CONDITIONAL_ONLY,A,,"{""-1"": -1, ""1"": 1}"
E2_CONTEXT_SIGN_FLIP,72094,DOUBLE_ANTITHETIC_CRN_MC,64,CONTEXT_CONDITIONAL_ONLY,A,,"{""-1"": -1, ""1"": 1}"
E2_CONTEXT_SIGN_FLIP,72094,DOUBLE_ANTITHETIC_CRN_MC,128,CONTEXT_CONDITIONAL_ONLY,A,,"{""-1"": -1, ""1"": 1}"
E2_CONTEXT_SIGN_FLIP,72094,DOUBLE_ANTITHETIC_CRN_MC,256,CONTEXT_CONDITIONAL_ONLY,A,,"{""-1"": -1, ""1"": 1}"
E2_CONTEXT_SIGN_FLIP,72094,LEGACY_INDEPENDENT_MC,8,CONTEXT_CONDITIONAL_ONLY,A,,"{""-1"": -1, ""1"": 1}"
E2_CONTEXT_SIGN_FLIP,72094,LEGACY_INDEPENDENT_MC,16,CONTEXT_CONDITIONAL_ONLY,A,,"{""-1"": -1, ""1"": 1}"
E2_CONTEXT_SIGN_FLIP,72094,LEGACY_INDEPENDENT_MC,32,CONTEXT_CONDITIONAL_ONLY,A,,"{""-1"": -1, ""1"": 1}"
E2_CONTEXT_SIGN_FLIP,72094,LEGACY_INDEPENDENT_MC,64,CONTEXT_CONDITIONAL_ONLY,A,,"{""-1"": -1, ""1"": 1}"
E2_CONTEXT_SIGN_FLIP,72094,LEGACY_INDEPENDENT_MC,128,CONTEXT_CONDITIONAL_ONLY,A,,"{""-1"": -1, ""1"": 1}"
E2_CONTEXT_SIGN_FLIP,72094,LEGACY_INDEPENDENT_MC,256,CONTEXT_CONDITIONAL_ONLY,A,,"{""-1"": -1, ""1"": 1}"
E2_CONTEXT_SIGN_FLIP,72095,ANTITHETIC_CRN_MC,8,CONTEXT_CONDITIONAL_ONLY,A,,"{""-1"": -1, ""1"": 1}"
E2_CONTEXT_SIGN_FLIP,72095,ANTITHETIC_CRN_MC,16,CONTEXT_CONDITIONAL_ONLY,A,,"{""-1"": -1, ""1"": 1}"
E2_CONTEXT_SIGN_FLIP,72095,ANTITHETIC_CRN_MC,32,CONTEXT_CONDITIONAL_ONLY,A,,"{""-1"": -1, ""1"": 1}"
E2_CONTEXT_SIGN_FLIP,72095,ANTITHETIC_CRN_MC,64,CONTEXT_CONDITIONAL_ONLY,A,,"{""-1"": -1, ""1"": 1}"
E2_CONTEXT_SIGN_FLIP,72095,ANTITHETIC_CRN_MC,128,CONTEXT_CONDITIONAL_ONLY,A,,"{""-1"": -1, ""1"": 1}"
E2_CONTEXT_SIGN_FLIP,72095,ANTITHETIC_CRN_MC,256,CONTEXT_CONDITIONAL_ONLY,A,,"{""-1"": -1, ""1"": 1}"
E2_CONTEXT_SIGN_FLIP,72095,CRN_CHAIN_MC,8,CONTEXT_CONDITIONAL_ONLY,A,,"{""-1"": -1, ""1"": 1}"
E2_CONTEXT_SIGN_FLIP,72095,CRN_CHAIN_MC,16,CONTEXT_CONDITIONAL_ONLY,A,,"{""-1"": -1, ""1"": 1}"
E2_CONTEXT_SIGN_FLIP,72095,CRN_CHAIN_MC,32,CONTEXT_CONDITIONAL_ONLY,A,,"{""-1"": -1, ""1"": 1}"
E2_CONTEXT_SIGN_FLIP,72095,CRN_CHAIN_MC,64,CONTEXT_CONDITIONAL_ONLY,A,,"{""-1"": -1, ""1"": 1}"
E2_CONTEXT_SIGN_FLIP,72095,CRN_CHAIN_MC,128,CONTEXT_CONDITIONAL_ONLY,A,,"{""-1"": -1, ""1"": 1}"
E2_CONTEXT_SIGN_FLIP,72095,CRN_CHAIN_MC,256,CONTEXT_CONDITIONAL_ONLY,A,,"{""-1"": -1, ""1"": 1}"
E2_CONTEXT_SIGN_FLIP,72095,DOUBLE_ANTITHETIC_CRN_MC,8,CONTEXT_CONDITIONAL_ONLY,A,,"{""-1"": -1, ""1"": 1}"
E2_CONTEXT_SIGN_FLIP,72095,DOUBLE_ANTITHETIC_CRN_MC,16,CONTEXT_CONDITIONAL_ONLY,A,,"{""-1"": -1, ""1"": 1}"
E2_CONTEXT_SIGN_FLIP,72095,DOUBLE_ANTITHETIC_CRN_MC,32,CONTEXT_CONDITIONAL_ONLY,A,,"{""-1"": -1, ""1"": 1}"
E2_CONTEXT_SIGN_FLIP,72095,DOUBLE_ANTITHETIC_CRN_MC,64,CONTEXT_CONDITIONAL_ONLY,A,,"{""-1"": -1, ""1"": 1}"
E2_CONTEXT_SIGN_FLIP,72095,DOUBLE_ANTITHETIC_CRN_MC,128,CONTEXT_CONDITIONAL_ONLY,A,,"{""-1"": -1, ""1"": 1}"
E2_CONTEXT_SIGN_FLIP,72095,DOUBLE_ANTITHETIC_CRN_MC,256,CONTEXT_CONDITIONAL_ONLY,A,,"{""-1"": -1, ""1"": 1}"
E2_CONTEXT_SIGN_FLIP,72095,LEGACY_INDEPENDENT_MC,8,CONTEXT_CONDITIONAL_ONLY,A,,"{""-1"": -1, ""1"": 1}"
E2_CONTEXT_SIGN_FLIP,72095,LEGACY_INDEPENDENT_MC,16,CONTEXT_CONDITIONAL_ONLY,A,,"{""-1"": -1, ""1"": 1}"
E2_CONTEXT_SIGN_FLIP,72095,LEGACY_INDEPENDENT_MC,32,CONTEXT_CONDITIONAL_ONLY,A,,"{""-1"": -1, ""1"": 1}"
E2_CONTEXT_SIGN_FLIP,72095,LEGACY_INDEPENDENT_MC,64,CONTEXT_CONDITIONAL_ONLY,A,,"{""-1"": -1, ""1"": 1}"
E2_CONTEXT_SIGN_FLIP,72095,LEGACY_INDEPENDENT_MC,128,CONTEXT_CONDITIONAL_ONLY,A,,"{""-1"": -1, ""1"": 1}"
E2_CONTEXT_SIGN_FLIP,72095,LEGACY_INDEPENDENT_MC,256,CONTEXT_CONDITIONAL_ONLY,A,,"{""-1"": -1, ""1"": 1}"
E2_CONTEXT_SIGN_FLIP,72096,ANTITHETIC_CRN_MC,8,CONTEXT_CONDITIONAL_ONLY,A,,"{""-1"": -1, ""1"": 1}"
E2_CONTEXT_SIGN_FLIP,72096,ANTITHETIC_CRN_MC,16,CONTEXT_CONDITIONAL_ONLY,A,,"{""-1"": -1, ""1"": 1}"
E2_CONTEXT_SIGN_FLIP,72096,ANTITHETIC_CRN_MC,32,CONTEXT_CONDITIONAL_ONLY,A,,"{""-1"": -1, ""1"": 1}"
E2_CONTEXT_SIGN_FLIP,72096,ANTITHETIC_CRN_MC,64,CONTEXT_CONDITIONAL_ONLY,A,,"{""-1"": -1, ""1"": 1}"
E2_CONTEXT_SIGN_FLIP,72096,ANTITHETIC_CRN_MC,128,CONTEXT_CONDITIONAL_ONLY,A,,"{""-1"": -1, ""1"": 1}"
E2_CONTEXT_SIGN_FLIP,72096,ANTITHETIC_CRN_MC,256,CONTEXT_CONDITIONAL_ONLY,A,,"{""-1"": -1, ""1"": 1}"
E2_CONTEXT_SIGN_FLIP,72096,CRN_CHAIN_MC,8,CONTEXT_CONDITIONAL_ONLY,A,,"{""-1"": -1, ""1"": 1}"
E2_CONTEXT_SIGN_FLIP,72096,CRN_CHAIN_MC,16,CONTEXT_CONDITIONAL_ONLY,A,,"{""-1"": -1, ""1"": 1}"
E2_CONTEXT_SIGN_FLIP,72096,CRN_CHAIN_MC,32,CONTEXT_CONDITIONAL_ONLY,A,,"{""-1"": -1, ""1"": 1}"
E2_CONTEXT_SIGN_FLIP,72096,CRN_CHAIN_MC,64,CONTEXT_CONDITIONAL_ONLY,A,,"{""-1"": -1, ""1"": 1}"
E2_CONTEXT_SIGN_FLIP,72096,CRN_CHAIN_MC,128,CONTEXT_CONDITIONAL_ONLY,A,,"{""-1"": -1, ""1"": 1}"
E2_CONTEXT_SIGN_FLIP,72096,CRN_CHAIN_MC,256,CONTEXT_CONDITIONAL_ONLY,A,,"{""-1"": -1, ""1"": 1}"
E2_CONTEXT_SIGN_FLIP,72096,DOUBLE_ANTITHETIC_CRN_MC,8,CONTEXT_CONDITIONAL_ONLY,A,,"{""-1"": -1, ""1"": 1}"
E2_CONTEXT_SIGN_FLIP,72096,DOUBLE_ANTITHETIC_CRN_MC,16,CONTEXT_CONDITIONAL_ONLY,A,,"{""-1"": -1, ""1"": 1}"
E2_CONTEXT_SIGN_FLIP,72096,DOUBLE_ANTITHETIC_CRN_MC,32,CONTEXT_CONDITIONAL_ONLY,A,,"{""-1"": -1, ""1"": 1}"
E2_CONTEXT_SIGN_FLIP,72096,DOUBLE_ANTITHETIC_CRN_MC,64,CONTEXT_CONDITIONAL_ONLY,A,,"{""-1"": -1, ""1"": 1}"
E2_CONTEXT_SIGN_FLIP,72096,DOUBLE_ANTITHETIC_CRN_MC,128,CONTEXT_CONDITIONAL_ONLY,A,,"{""-1"": -1, ""1"": 1}"
E2_CONTEXT_SIGN_FLIP,72096,DOUBLE_ANTITHETIC_CRN_MC,256,CONTEXT_CONDITIONAL_ONLY,A,,"{""-1"": -1, ""1"": 1}"
E2_CONTEXT_SIGN_FLIP,72096,LEGACY_INDEPENDENT_MC,8,CONTEXT_CONDITIONAL_ONLY,A,,"{""-1"": -1, ""1"": 1}"
E2_CONTEXT_SIGN_FLIP,72096,LEGACY_INDEPENDENT_MC,16,CONTEXT_CONDITIONAL_ONLY,A,,"{""-1"": -1, ""1"": 1}"
E2_CONTEXT_SIGN_FLIP,72096,LEGACY_INDEPENDENT_MC,32,CONTEXT_CONDITIONAL_ONLY,A,,"{""-1"": -1, ""1"": 1}"
E2_CONTEXT_SIGN_FLIP,72096,LEGACY_INDEPENDENT_MC,64,CONTEXT_CONDITIONAL_ONLY,A,,"{""-1"": -1, ""1"": 1}"
E2_CONTEXT_SIGN_FLIP,72096,LEGACY_INDEPENDENT_MC,128,CONTEXT_CONDITIONAL_ONLY,A,,"{""-1"": -1, ""1"": 1}"
E2_CONTEXT_SIGN_FLIP,72096,LEGACY_INDEPENDENT_MC,256,CONTEXT_CONDITIONAL_ONLY,A,,"{""-1"": -1, ""1"": 1}"
E2_CONTEXT_SIGN_FLIP,72097,ANTITHETIC_CRN_MC,8,CONTEXT_CONDITIONAL_ONLY,A,,"{""-1"": -1, ""1"": 1}"
E2_CONTEXT_SIGN_FLIP,72097,ANTITHETIC_CRN_MC,16,CONTEXT_CONDITIONAL_ONLY,A,,"{""-1"": -1, ""1"": 1}"
E2_CONTEXT_SIGN_FLIP,72097,ANTITHETIC_CRN_MC,32,CONTEXT_CONDITIONAL_ONLY,A,,"{""-1"": -1, ""1"": 1}"
E2_CONTEXT_SIGN_FLIP,72097,ANTITHETIC_CRN_MC,64,CONTEXT_CONDITIONAL_ONLY,A,,"{""-1"": -1, ""1"": 1}"
E2_CONTEXT_SIGN_FLIP,72097,ANTITHETIC_CRN_MC,128,CONTEXT_CONDITIONAL_ONLY,A,,"{""-1"": -1, ""1"": 1}"
E2_CONTEXT_SIGN_FLIP,72097,ANTITHETIC_CRN_MC,256,CONTEXT_CONDITIONAL_ONLY,A,,"{""-1"": -1, ""1"": 1}"
E2_CONTEXT_SIGN_FLIP,72097,CRN_CHAIN_MC,8,CONTEXT_CONDITIONAL_ONLY,A,,"{""-1"": -1, ""1"": 1}"
E2_CONTEXT_SIGN_FLIP,72097,CRN_CHAIN_MC,16,CONTEXT_CONDITIONAL_ONLY,A,,"{""-1"": -1, ""1"": 1}"
E2_CONTEXT_SIGN_FLIP,72097,CRN_CHAIN_MC,32,CONTEXT_CONDITIONAL_ONLY,A,,"{""-1"": -1, ""1"": 1}"
E2_CONTEXT_SIGN_FLIP,72097,CRN_CHAIN_MC,64,CONTEXT_CONDITIONAL_ONLY,A,,"{""-1"": -1, ""1"": 1}"
E2_CONTEXT_SIGN_FLIP,72097,CRN_CHAIN_MC,128,CONTEXT_CONDITIONAL_ONLY,A,,"{""-1"": -1, ""1"": 1}"
E2_CONTEXT_SIGN_FLIP,72097,CRN_CHAIN_MC,256,CONTEXT_CONDITIONAL_ONLY,A,,"{""-1"": -1, ""1"": 1}"
E2_CONTEXT_SIGN_FLIP,72097,DOUBLE_ANTITHETIC_CRN_MC,8,CONTEXT_CONDITIONAL_ONLY,A,,"{""-1"": -1, ""1"": 1}"
E2_CONTEXT_SIGN_FLIP,72097,DOUBLE_ANTITHETIC_CRN_MC,16,CONTEXT_CONDITIONAL_ONLY,A,,"{""-1"": -1, ""1"": 1}"
E2_CONTEXT_SIGN_FLIP,72097,DOUBLE_ANTITHETIC_CRN_MC,32,CONTEXT_CONDITIONAL_ONLY,A,,"{""-1"": -1, ""1"": 1}"
E2_CONTEXT_SIGN_FLIP,72097,DOUBLE_ANTITHETIC_CRN_MC,64,CONTEXT_CONDITIONAL_ONLY,A,,"{""-1"": -1, ""1"": 1}"
E2_CONTEXT_SIGN_FLIP,72097,DOUBLE_ANTITHETIC_CRN_MC,128,CONTEXT_CONDITIONAL_ONLY,A,,"{""-1"": -1, ""1"": 1}"
E2_CONTEXT_SIGN_FLIP,72097,DOUBLE_ANTITHETIC_CRN_MC,256,CONTEXT_CONDITIONAL_ONLY,A,,"{""-1"": -1, ""1"": 1}"
E2_CONTEXT_SIGN_FLIP,72097,LEGACY_INDEPENDENT_MC,8,CONTEXT_CONDITIONAL_ONLY,A,,"{""-1"": -1, ""1"": 1}"
E2_CONTEXT_SIGN_FLIP,72097,LEGACY_INDEPENDENT_MC,16,CONTEXT_CONDITIONAL_ONLY,A,,"{""-1"": -1, ""1"": 1}"
E2_CONTEXT_SIGN_FLIP,72097,LEGACY_INDEPENDENT_MC,32,CONTEXT_CONDITIONAL_ONLY,A,,"{""-1"": -1, ""1"": 1}"
E2_CONTEXT_SIGN_FLIP,72097,LEGACY_INDEPENDENT_MC,64,CONTEXT_CONDITIONAL_ONLY,A,,"{""-1"": -1, ""1"": 1}"
E2_CONTEXT_SIGN_FLIP,72097,LEGACY_INDEPENDENT_MC,128,CONTEXT_CONDITIONAL_ONLY,A,,"{""-1"": -1, ""1"": 1}"
E2_CONTEXT_SIGN_FLIP,72097,LEGACY_INDEPENDENT_MC,256,CONTEXT_CONDITIONAL_ONLY,A,,"{""-1"": -1, ""1"": 1}"
E2_CONTEXT_SIGN_FLIP,72098,ANTITHETIC_CRN_MC,8,CONTEXT_CONDITIONAL_ONLY,A,,"{""-1"": -1, ""1"": 1}"
E2_CONTEXT_SIGN_FLIP,72098,ANTITHETIC_CRN_MC,16,CONTEXT_CONDITIONAL_ONLY,A,,"{""-1"": -1, ""1"": 1}"
E2_CONTEXT_SIGN_FLIP,72098,ANTITHETIC_CRN_MC,32,CONTEXT_CONDITIONAL_ONLY,A,,"{""-1"": -1, ""1"": 1}"
E2_CONTEXT_SIGN_FLIP,72098,ANTITHETIC_CRN_MC,64,CONTEXT_CONDITIONAL_ONLY,A,,"{""-1"": -1, ""1"": 1}"
E2_CONTEXT_SIGN_FLIP,72098,ANTITHETIC_CRN_MC,128,CONTEXT_CONDITIONAL_ONLY,A,,"{""-1"": -1, ""1"": 1}"
E2_CONTEXT_SIGN_FLIP,72098,ANTITHETIC_CRN_MC,256,CONTEXT_CONDITIONAL_ONLY,A,,"{""-1"": -1, ""1"": 1}"
E2_CONTEXT_SIGN_FLIP,72098,CRN_CHAIN_MC,8,CONTEXT_CONDITIONAL_ONLY,A,,"{""-1"": -1, ""1"": 1}"
E2_CONTEXT_SIGN_FLIP,72098,CRN_CHAIN_MC,16,CONTEXT_CONDITIONAL_ONLY,A,,"{""-1"": -1, ""1"": 1}"
E2_CONTEXT_SIGN_FLIP,72098,CRN_CHAIN_MC,32,CONTEXT_CONDITIONAL_ONLY,A,,"{""-1"": -1, ""1"": 1}"
E2_CONTEXT_SIGN_FLIP,72098,CRN_CHAIN_MC,64,CONTEXT_CONDITIONAL_ONLY,A,,"{""-1"": -1, ""1"": 1}"
E2_CONTEXT_SIGN_FLIP,72098,CRN_CHAIN_MC,128,CONTEXT_CONDITIONAL_ONLY,A,,"{""-1"": -1, ""1"": 1}"
E2_CONTEXT_SIGN_FLIP,72098,CRN_CHAIN_MC,256,CONTEXT_CONDITIONAL_ONLY,A,,"{""-1"": -1, ""1"": 1}"
E2_CONTEXT_SIGN_FLIP,72098,DOUBLE_ANTITHETIC_CRN_MC,8,CONTEXT_CONDITIONAL_ONLY,A,,"{""-1"": -1, ""1"": 1}"
E2_CONTEXT_SIGN_FLIP,72098,DOUBLE_ANTITHETIC_CRN_MC,16,CONTEXT_CONDITIONAL_ONLY,A,,"{""-1"": -1, ""1"": 1}"
E2_CONTEXT_SIGN_FLIP,72098,DOUBLE_ANTITHETIC_CRN_MC,32,CONTEXT_CONDITIONAL_ONLY,A,,"{""-1"": -1, ""1"": 1}"
E2_CONTEXT_SIGN_FLIP,72098,DOUBLE_ANTITHETIC_CRN_MC,64,CONTEXT_CONDITIONAL_ONLY,A,,"{""-1"": -1, ""1"": 1}"
E2_CONTEXT_SIGN_FLIP,72098,DOUBLE_ANTITHETIC_CRN_MC,128,CONTEXT_CONDITIONAL_ONLY,A,,"{""-1"": -1, ""1"": 1}"
E2_CONTEXT_SIGN_FLIP,72098,DOUBLE_ANTITHETIC_CRN_MC,256,CONTEXT_CONDITIONAL_ONLY,A,,"{""-1"": -1, ""1"": 1}"
E2_CONTEXT_SIGN_FLIP,72098,LEGACY_INDEPENDENT_MC,8,CONTEXT_CONDITIONAL_ONLY,A,,"{""-1"": -1, ""1"": 1}"
E2_CONTEXT_SIGN_FLIP,72098,LEGACY_INDEPENDENT_MC,16,CONTEXT_CONDITIONAL_ONLY,A,,"{""-1"": -1, ""1"": 1}"
E2_CONTEXT_SIGN_FLIP,72098,LEGACY_INDEPENDENT_MC,32,CONTEXT_CONDITIONAL_ONLY,A,,"{""-1"": -1, ""1"": 1}"
E2_CONTEXT_SIGN_FLIP,72098,LEGACY_INDEPENDENT_MC,64,CONTEXT_CONDITIONAL_ONLY,A,,"{""-1"": -1, ""1"": 1}"
E2_CONTEXT_SIGN_FLIP,72098,LEGACY_INDEPENDENT_MC,128,CONTEXT_CONDITIONAL_ONLY,A,,"{""-1"": -1, ""1"": 1}"
E2_CONTEXT_SIGN_FLIP,72098,LEGACY_INDEPENDENT_MC,256,CONTEXT_CONDITIONAL_ONLY,A,,"{""-1"": -1, ""1"": 1}"
E2_CONTEXT_SIGN_FLIP,72099,ANTITHETIC_CRN_MC,8,CONTEXT_CONDITIONAL_ONLY,A,,"{""-1"": -1, ""1"": 1}"
E2_CONTEXT_SIGN_FLIP,72099,ANTITHETIC_CRN_MC,16,CONTEXT_CONDITIONAL_ONLY,A,,"{""-1"": -1, ""1"": 1}"
E2_CONTEXT_SIGN_FLIP,72099,ANTITHETIC_CRN_MC,32,CONTEXT_CONDITIONAL_ONLY,A,,"{""-1"": -1, ""1"": 1}"
E2_CONTEXT_SIGN_FLIP,72099,ANTITHETIC_CRN_MC,64,CONTEXT_CONDITIONAL_ONLY,A,,"{""-1"": -1, ""1"": 1}"
E2_CONTEXT_SIGN_FLIP,72099,ANTITHETIC_CRN_MC,128,CONTEXT_CONDITIONAL_ONLY,A,,"{""-1"": -1, ""1"": 1}"
E2_CONTEXT_SIGN_FLIP,72099,ANTITHETIC_CRN_MC,256,CONTEXT_CONDITIONAL_ONLY,A,,"{""-1"": -1, ""1"": 1}"
E2_CONTEXT_SIGN_FLIP,72099,CRN_CHAIN_MC,8,CONTEXT_CONDITIONAL_ONLY,A,,"{""-1"": -1, ""1"": 1}"
E2_CONTEXT_SIGN_FLIP,72099,CRN_CHAIN_MC,16,CONTEXT_CONDITIONAL_ONLY,A,,"{""-1"": -1, ""1"": 1}"
E2_CONTEXT_SIGN_FLIP,72099,CRN_CHAIN_MC,32,CONTEXT_CONDITIONAL_ONLY,A,,"{""-1"": -1, ""1"": 1}"
E2_CONTEXT_SIGN_FLIP,72099,CRN_CHAIN_MC,64,CONTEXT_CONDITIONAL_ONLY,A,,"{""-1"": -1, ""1"": 1}"
E2_CONTEXT_SIGN_FLIP,72099,CRN_CHAIN_MC,128,CONTEXT_CONDITIONAL_ONLY,A,,"{""-1"": -1, ""1"": 1}"
E2_CONTEXT_SIGN_FLIP,72099,CRN_CHAIN_MC,256,CONTEXT_CONDITIONAL_ONLY,A,,"{""-1"": -1, ""1"": 1}"
E2_CONTEXT_SIGN_FLIP,72099,DOUBLE_ANTITHETIC_CRN_MC,8,CONTEXT_CONDITIONAL_ONLY,A,,"{""-1"": -1, ""1"": 1}"
E2_CONTEXT_SIGN_FLIP,72099,DOUBLE_ANTITHETIC_CRN_MC,16,CONTEXT_CONDITIONAL_ONLY,A,,"{""-1"": -1, ""1"": 1}"
E2_CONTEXT_SIGN_FLIP,72099,DOUBLE_ANTITHETIC_CRN_MC,32,CONTEXT_CONDITIONAL_ONLY,A,,"{""-1"": -1, ""1"": 1}"
E2_CONTEXT_SIGN_FLIP,72099,DOUBLE_ANTITHETIC_CRN_MC,64,CONTEXT_CONDITIONAL_ONLY,A,,"{""-1"": -1, ""1"": 1}"
E2_CONTEXT_SIGN_FLIP,72099,DOUBLE_ANTITHETIC_CRN_MC,128,CONTEXT_CONDITIONAL_ONLY,A,,"{""-1"": -1, ""1"": 1}"
E2_CONTEXT_SIGN_FLIP,72099,DOUBLE_ANTITHETIC_CRN_MC,256,CONTEXT_CONDITIONAL_ONLY,A,,"{""-1"": -1, ""1"": 1}"
E2_CONTEXT_SIGN_FLIP,72099,LEGACY_INDEPENDENT_MC,8,CONTEXT_CONDITIONAL_ONLY,A,,"{""-1"": -1, ""1"": 1}"
E2_CONTEXT_SIGN_FLIP,72099,LEGACY_INDEPENDENT_MC,16,CONTEXT_CONDITIONAL_ONLY,A,,"{""-1"": -1, ""1"": 1}"
E2_CONTEXT_SIGN_FLIP,72099,LEGACY_INDEPENDENT_MC,32,CONTEXT_CONDITIONAL_ONLY,A,,"{""-1"": -1, ""1"": 1}"
E2_CONTEXT_SIGN_FLIP,72099,LEGACY_INDEPENDENT_MC,64,CONTEXT_CONDITIONAL_ONLY,A,,"{""-1"": -1, ""1"": 1}"
E2_CONTEXT_SIGN_FLIP,72099,LEGACY_INDEPENDENT_MC,128,CONTEXT_CONDITIONAL_ONLY,A,,"{""-1"": -1, ""1"": 1}"
E2_CONTEXT_SIGN_FLIP,72099,LEGACY_INDEPENDENT_MC,256,CONTEXT_CONDITIONAL_ONLY,A,,"{""-1"": -1, ""1"": 1}"
E2_CONTEXT_SIGN_FLIP,72100,ANTITHETIC_CRN_MC,8,CONTEXT_CONDITIONAL_ONLY,A,,"{""-1"": -1, ""1"": 1}"
E2_CONTEXT_SIGN_FLIP,72100,ANTITHETIC_CRN_MC,16,CONTEXT_CONDITIONAL_ONLY,A,,"{""-1"": -1, ""1"": 1}"
E2_CONTEXT_SIGN_FLIP,72100,ANTITHETIC_CRN_MC,32,CONTEXT_CONDITIONAL_ONLY,A,,"{""-1"": -1, ""1"": 1}"
E2_CONTEXT_SIGN_FLIP,72100,ANTITHETIC_CRN_MC,64,CONTEXT_CONDITIONAL_ONLY,A,,"{""-1"": -1, ""1"": 1}"
E2_CONTEXT_SIGN_FLIP,72100,ANTITHETIC_CRN_MC,128,CONTEXT_CONDITIONAL_ONLY,A,,"{""-1"": -1, ""1"": 1}"
E2_CONTEXT_SIGN_FLIP,72100,ANTITHETIC_CRN_MC,256,CONTEXT_CONDITIONAL_ONLY,A,,"{""-1"": -1, ""1"": 1}"
E2_CONTEXT_SIGN_FLIP,72100,CRN_CHAIN_MC,8,CONTEXT_CONDITIONAL_ONLY,A,,"{""-1"": -1, ""1"": 1}"
E2_CONTEXT_SIGN_FLIP,72100,CRN_CHAIN_MC,16,CONTEXT_CONDITIONAL_ONLY,A,,"{""-1"": -1, ""1"": 1}"
E2_CONTEXT_SIGN_FLIP,72100,CRN_CHAIN_MC,32,CONTEXT_CONDITIONAL_ONLY,A,,"{""-1"": -1, ""1"": 1}"
E2_CONTEXT_SIGN_FLIP,72100,CRN_CHAIN_MC,64,CONTEXT_CONDITIONAL_ONLY,A,,"{""-1"": -1, ""1"": 1}"
E2_CONTEXT_SIGN_FLIP,72100,CRN_CHAIN_MC,128,CONTEXT_CONDITIONAL_ONLY,A,,"{""-1"": -1, ""1"": 1}"
E2_CONTEXT_SIGN_FLIP,72100,CRN_CHAIN_MC,256,CONTEXT_CONDITIONAL_ONLY,A,,"{""-1"": -1, ""1"": 1}"
E2_CONTEXT_SIGN_FLIP,72100,DOUBLE_ANTITHETIC_CRN_MC,8,CONTEXT_CONDITIONAL_ONLY,A,,"{""-1"": -1, ""1"": 1}"
E2_CONTEXT_SIGN_FLIP,72100,DOUBLE_ANTITHETIC_CRN_MC,16,CONTEXT_CONDITIONAL_ONLY,A,,"{""-1"": -1, ""1"": 1}"
E2_CONTEXT_SIGN_FLIP,72100,DOUBLE_ANTITHETIC_CRN_MC,32,CONTEXT_CONDITIONAL_ONLY,A,,"{""-1"": -1, ""1"": 1}"
E2_CONTEXT_SIGN_FLIP,72100,DOUBLE_ANTITHETIC_CRN_MC,64,CONTEXT_CONDITIONAL_ONLY,A,,"{""-1"": -1, ""1"": 1}"
E2_CONTEXT_SIGN_FLIP,72100,DOUBLE_ANTITHETIC_CRN_MC,128,CONTEXT_CONDITIONAL_ONLY,A,,"{""-1"": -1, ""1"": 1}"
E2_CONTEXT_SIGN_FLIP,72100,DOUBLE_ANTITHETIC_CRN_MC,256,CONTEXT_CONDITIONAL_ONLY,A,,"{""-1"": -1, ""1"": 1}"
E2_CONTEXT_SIGN_FLIP,72100,LEGACY_INDEPENDENT_MC,8,CONTEXT_CONDITIONAL_ONLY,A,,"{""-1"": -1, ""1"": 1}"
E2_CONTEXT_SIGN_FLIP,72100,LEGACY_INDEPENDENT_MC,16,CONTEXT_CONDITIONAL_ONLY,A,,"{""-1"": -1, ""1"": 1}"
E2_CONTEXT_SIGN_FLIP,72100,LEGACY_INDEPENDENT_MC,32,CONTEXT_CONDITIONAL_ONLY,A,,"{""-1"": -1, ""1"": 1}"
E2_CONTEXT_SIGN_FLIP,72100,LEGACY_INDEPENDENT_MC,64,CONTEXT_CONDITIONAL_ONLY,A,,"{""-1"": -1, ""1"": 1}"
E2_CONTEXT_SIGN_FLIP,72100,LEGACY_INDEPENDENT_MC,128,CONTEXT_CONDITIONAL_ONLY,A,,"{""-1"": -1, ""1"": 1}"
E2_CONTEXT_SIGN_FLIP,72100,LEGACY_INDEPENDENT_MC,256,CONTEXT_CONDITIONAL_ONLY,A,,"{""-1"": -1, ""1"": 1}"
E2_CONTEXT_SIGN_FLIP,72101,ANTITHETIC_CRN_MC,8,CONTEXT_CONDITIONAL_ONLY,A,,"{""-1"": -1, ""1"": 1}"
E2_CONTEXT_SIGN_FLIP,72101,ANTITHETIC_CRN_MC,16,CONTEXT_CONDITIONAL_ONLY,A,,"{""-1"": -1, ""1"": 1}"
E2_CONTEXT_SIGN_FLIP,72101,ANTITHETIC_CRN_MC,32,CONTEXT_CONDITIONAL_ONLY,A,,"{""-1"": -1, ""1"": 1}"
E2_CONTEXT_SIGN_FLIP,72101,ANTITHETIC_CRN_MC,64,CONTEXT_CONDITIONAL_ONLY,A,,"{""-1"": -1, ""1"": 1}"
E2_CONTEXT_SIGN_FLIP,72101,ANTITHETIC_CRN_MC,128,CONTEXT_CONDITIONAL_ONLY,A,,"{""-1"": -1, ""1"": 1}"
E2_CONTEXT_SIGN_FLIP,72101,ANTITHETIC_CRN_MC,256,CONTEXT_CONDITIONAL_ONLY,A,,"{""-1"": -1, ""1"": 1}"
E2_CONTEXT_SIGN_FLIP,72101,CRN_CHAIN_MC,8,CONTEXT_CONDITIONAL_ONLY,A,,"{""-1"": -1, ""1"": 1}"
E2_CONTEXT_SIGN_FLIP,72101,CRN_CHAIN_MC,16,CONTEXT_CONDITIONAL_ONLY,A,,"{""-1"": -1, ""1"": 1}"
E2_CONTEXT_SIGN_FLIP,72101,CRN_CHAIN_MC,32,CONTEXT_CONDITIONAL_ONLY,A,,"{""-1"": -1, ""1"": 1}"
E2_CONTEXT_SIGN_FLIP,72101,CRN_CHAIN_MC,64,CONTEXT_CONDITIONAL_ONLY,A,,"{""-1"": -1, ""1"": 1}"
E2_CONTEXT_SIGN_FLIP,72101,CRN_CHAIN_MC,128,CONTEXT_CONDITIONAL_ONLY,A,,"{""-1"": -1, ""1"": 1}"
E2_CONTEXT_SIGN_FLIP,72101,CRN_CHAIN_MC,256,CONTEXT_CONDITIONAL_ONLY,A,,"{""-1"": -1, ""1"": 1}"
E2_CONTEXT_SIGN_FLIP,72101,DOUBLE_ANTITHETIC_CRN_MC,8,CONTEXT_CONDITIONAL_ONLY,A,,"{""-1"": -1, ""1"": 1}"
E2_CONTEXT_SIGN_FLIP,72101,DOUBLE_ANTITHETIC_CRN_MC,16,CONTEXT_CONDITIONAL_ONLY,A,,"{""-1"": -1, ""1"": 1}"
E2_CONTEXT_SIGN_FLIP,72101,DOUBLE_ANTITHETIC_CRN_MC,32,CONTEXT_CONDITIONAL_ONLY,A,,"{""-1"": -1, ""1"": 1}"
E2_CONTEXT_SIGN_FLIP,72101,DOUBLE_ANTITHETIC_CRN_MC,64,CONTEXT_CONDITIONAL_ONLY,A,,"{""-1"": -1, ""1"": 1}"
E2_CONTEXT_SIGN_FLIP,72101,DOUBLE_ANTITHETIC_CRN_MC,128,CONTEXT_CONDITIONAL_ONLY,A,,"{""-1"": -1, ""1"": 1}"
E2_CONTEXT_SIGN_FLIP,72101,DOUBLE_ANTITHETIC_CRN_MC,256,CONTEXT_CONDITIONAL_ONLY,A,,"{""-1"": -1, ""1"": 1}"
E2_CONTEXT_SIGN_FLIP,72101,LEGACY_INDEPENDENT_MC,8,CONTEXT_CONDITIONAL_ONLY,A,,"{""-1"": -1, ""1"": 1}"
E2_CONTEXT_SIGN_FLIP,72101,LEGACY_INDEPENDENT_MC,16,CONTEXT_CONDITIONAL_ONLY,A,,"{""-1"": -1, ""1"": 1}"
E2_CONTEXT_SIGN_FLIP,72101,LEGACY_INDEPENDENT_MC,32,CONTEXT_CONDITIONAL_ONLY,A,,"{""-1"": -1, ""1"": 1}"
E2_CONTEXT_SIGN_FLIP,72101,LEGACY_INDEPENDENT_MC,64,CONTEXT_CONDITIONAL_ONLY,A,,"{""-1"": -1, ""1"": 1}"
E2_CONTEXT_SIGN_FLIP,72101,LEGACY_INDEPENDENT_MC,128,CONTEXT_CONDITIONAL_ONLY,A,,"{""-1"": -1, ""1"": 1}"
E2_CONTEXT_SIGN_FLIP,72101,LEGACY_INDEPENDENT_MC,256,CONTEXT_CONDITIONAL_ONLY,A,,"{""-1"": -1, ""1"": 1}"
E2_CONTEXT_SIGN_FLIP,72102,ANTITHETIC_CRN_MC,8,CONTEXT_CONDITIONAL_ONLY,A,,"{""-1"": -1, ""1"": 1}"
E2_CONTEXT_SIGN_FLIP,72102,ANTITHETIC_CRN_MC,16,CONTEXT_CONDITIONAL_ONLY,A,,"{""-1"": -1, ""1"": 1}"
E2_CONTEXT_SIGN_FLIP,72102,ANTITHETIC_CRN_MC,32,CONTEXT_CONDITIONAL_ONLY,A,,"{""-1"": -1, ""1"": 1}"
E2_CONTEXT_SIGN_FLIP,72102,ANTITHETIC_CRN_MC,64,CONTEXT_CONDITIONAL_ONLY,A,,"{""-1"": -1, ""1"": 1}"
E2_CONTEXT_SIGN_FLIP,72102,ANTITHETIC_CRN_MC,128,CONTEXT_CONDITIONAL_ONLY,A,,"{""-1"": -1, ""1"": 1}"
E2_CONTEXT_SIGN_FLIP,72102,ANTITHETIC_CRN_MC,256,CONTEXT_CONDITIONAL_ONLY,A,,"{""-1"": -1, ""1"": 1}"
E2_CONTEXT_SIGN_FLIP,72102,CRN_CHAIN_MC,8,CONTEXT_CONDITIONAL_ONLY,A,,"{""-1"": -1, ""1"": 1}"
E2_CONTEXT_SIGN_FLIP,72102,CRN_CHAIN_MC,16,CONTEXT_CONDITIONAL_ONLY,A,,"{""-1"": -1, ""1"": 1}"
E2_CONTEXT_SIGN_FLIP,72102,CRN_CHAIN_MC,32,CONTEXT_CONDITIONAL_ONLY,A,,"{""-1"": -1, ""1"": 1}"
E2_CONTEXT_SIGN_FLIP,72102,CRN_CHAIN_MC,64,CONTEXT_CONDITIONAL_ONLY,A,,"{""-1"": -1, ""1"": 1}"
E2_CONTEXT_SIGN_FLIP,72102,CRN_CHAIN_MC,128,CONTEXT_CONDITIONAL_ONLY,A,,"{""-1"": -1, ""1"": 1}"
E2_CONTEXT_SIGN_FLIP,72102,CRN_CHAIN_MC,256,CONTEXT_CONDITIONAL_ONLY,A,,"{""-1"": -1, ""1"": 1}"
E2_CONTEXT_SIGN_FLIP,72102,DOUBLE_ANTITHETIC_CRN_MC,8,CONTEXT_CONDITIONAL_ONLY,A,,"{""-1"": -1, ""1"": 1}"
E2_CONTEXT_SIGN_FLIP,72102,DOUBLE_ANTITHETIC_CRN_MC,16,CONTEXT_CONDITIONAL_ONLY,A,,"{""-1"": -1, ""1"": 1}"
E2_CONTEXT_SIGN_FLIP,72102,DOUBLE_ANTITHETIC_CRN_MC,32,CONTEXT_CONDITIONAL_ONLY,A,,"{""-1"": -1, ""1"": 1}"
E2_CONTEXT_SIGN_FLIP,72102,DOUBLE_ANTITHETIC_CRN_MC,64,CONTEXT_CONDITIONAL_ONLY,A,,"{""-1"": -1, ""1"": 1}"
E2_CONTEXT_SIGN_FLIP,72102,DOUBLE_ANTITHETIC_CRN_MC,128,CONTEXT_CONDITIONAL_ONLY,A,,"{""-1"": -1, ""1"": 1}"
E2_CONTEXT_SIGN_FLIP,72102,DOUBLE_ANTITHETIC_CRN_MC,256,CONTEXT_CONDITIONAL_ONLY,A,,"{""-1"": -1, ""1"": 1}"
E2_CONTEXT_SIGN_FLIP,72102,LEGACY_INDEPENDENT_MC,8,CONTEXT_CONDITIONAL_ONLY,A,,"{""-1"": -1, ""1"": 1}"
E2_CONTEXT_SIGN_FLIP,72102,LEGACY_INDEPENDENT_MC,16,CONTEXT_CONDITIONAL_ONLY,A,,"{""-1"": -1, ""1"": 1}"
E2_CONTEXT_SIGN_FLIP,72102,LEGACY_INDEPENDENT_MC,32,CONTEXT_CONDITIONAL_ONLY,A,,"{""-1"": -1, ""1"": 1}"
E2_CONTEXT_SIGN_FLIP,72102,LEGACY_INDEPENDENT_MC,64,CONTEXT_CONDITIONAL_ONLY,A,,"{""-1"": -1, ""1"": 1}"
E2_CONTEXT_SIGN_FLIP,72102,LEGACY_INDEPENDENT_MC,128,CONTEXT_CONDITIONAL_ONLY,A,,"{""-1"": -1, ""1"": 1}"
E2_CONTEXT_SIGN_FLIP,72102,LEGACY_INDEPENDENT_MC,256,CONTEXT_CONDITIONAL_ONLY,A,,"{""-1"": -1, ""1"": 1}"
E2_CONTEXT_SIGN_FLIP,72103,ANTITHETIC_CRN_MC,8,CONTEXT_CONDITIONAL_ONLY,A,,"{""-1"": -1, ""1"": 1}"
E2_CONTEXT_SIGN_FLIP,72103,ANTITHETIC_CRN_MC,16,CONTEXT_CONDITIONAL_ONLY,A,,"{""-1"": -1, ""1"": 1}"
E2_CONTEXT_SIGN_FLIP,72103,ANTITHETIC_CRN_MC,32,CONTEXT_CONDITIONAL_ONLY,A,,"{""-1"": -1, ""1"": 1}"
E2_CONTEXT_SIGN_FLIP,72103,ANTITHETIC_CRN_MC,64,CONTEXT_CONDITIONAL_ONLY,A,,"{""-1"": -1, ""1"": 1}"
E2_CONTEXT_SIGN_FLIP,72103,ANTITHETIC_CRN_MC,128,CONTEXT_CONDITIONAL_ONLY,A,,"{""-1"": -1, ""1"": 1}"
E2_CONTEXT_SIGN_FLIP,72103,ANTITHETIC_CRN_MC,256,CONTEXT_CONDITIONAL_ONLY,A,,"{""-1"": -1, ""1"": 1}"
E2_CONTEXT_SIGN_FLIP,72103,CRN_CHAIN_MC,8,CONTEXT_CONDITIONAL_ONLY,A,,"{""-1"": -1, ""1"": 1}"
E2_CONTEXT_SIGN_FLIP,72103,CRN_CHAIN_MC,16,CONTEXT_CONDITIONAL_ONLY,A,,"{""-1"": -1, ""1"": 1}"
E2_CONTEXT_SIGN_FLIP,72103,CRN_CHAIN_MC,32,CONTEXT_CONDITIONAL_ONLY,A,,"{""-1"": -1, ""1"": 1}"
E2_CONTEXT_SIGN_FLIP,72103,CRN_CHAIN_MC,64,CONTEXT_CONDITIONAL_ONLY,A,,"{""-1"": -1, ""1"": 1}"
E2_CONTEXT_SIGN_FLIP,72103,CRN_CHAIN_MC,128,CONTEXT_CONDITIONAL_ONLY,A,,"{""-1"": -1, ""1"": 1}"
E2_CONTEXT_SIGN_FLIP,72103,CRN_CHAIN_MC,256,CONTEXT_CONDITIONAL_ONLY,A,,"{""-1"": -1, ""1"": 1}"
E2_CONTEXT_SIGN_FLIP,72103,DOUBLE_ANTITHETIC_CRN_MC,8,CONTEXT_CONDITIONAL_ONLY,A,,"{""-1"": -1, ""1"": 1}"
E2_CONTEXT_SIGN_FLIP,72103,DOUBLE_ANTITHETIC_CRN_MC,16,CONTEXT_CONDITIONAL_ONLY,A,,"{""-1"": -1, ""1"": 1}"
E2_CONTEXT_SIGN_FLIP,72103,DOUBLE_ANTITHETIC_CRN_MC,32,CONTEXT_CONDITIONAL_ONLY,A,,"{""-1"": -1, ""1"": 1}"
E2_CONTEXT_SIGN_FLIP,72103,DOUBLE_ANTITHETIC_CRN_MC,64,CONTEXT_CONDITIONAL_ONLY,A,,"{""-1"": -1, ""1"": 1}"
E2_CONTEXT_SIGN_FLIP,72103,DOUBLE_ANTITHETIC_CRN_MC,128,CONTEXT_CONDITIONAL_ONLY,A,,"{""-1"": -1, ""1"": 1}"
E2_CONTEXT_SIGN_FLIP,72103,DOUBLE_ANTITHETIC_CRN_MC,256,CONTEXT_CONDITIONAL_ONLY,A,,"{""-1"": -1, ""1"": 1}"
E2_CONTEXT_SIGN_FLIP,72103,LEGACY_INDEPENDENT_MC,8,CONTEXT_CONDITIONAL_ONLY,A,,"{""-1"": -1, ""1"": 1}"
E2_CONTEXT_SIGN_FLIP,72103,LEGACY_INDEPENDENT_MC,16,CONTEXT_CONDITIONAL_ONLY,A,,"{""-1"": -1, ""1"": 1}"
E2_CONTEXT_SIGN_FLIP,72103,LEGACY_INDEPENDENT_MC,32,CONTEXT_CONDITIONAL_ONLY,A,,"{""-1"": -1, ""1"": 1}"
E2_CONTEXT_SIGN_FLIP,72103,LEGACY_INDEPENDENT_MC,64,CONTEXT_CONDITIONAL_ONLY,A,,"{""-1"": -1, ""1"": 1}"
E2_CONTEXT_SIGN_FLIP,72103,LEGACY_INDEPENDENT_MC,128,CONTEXT_CONDITIONAL_ONLY,A,,"{""-1"": -1, ""1"": 1}"
E2_CONTEXT_SIGN_FLIP,72103,LEGACY_INDEPENDENT_MC,256,CONTEXT_CONDITIONAL_ONLY,A,,"{""-1"": -1, ""1"": 1}"
E2_CONTEXT_SIGN_FLIP,72104,ANTITHETIC_CRN_MC,8,CONTEXT_CONDITIONAL_ONLY,A,,"{""-1"": -1, ""1"": 1}"
E2_CONTEXT_SIGN_FLIP,72104,ANTITHETIC_CRN_MC,16,CONTEXT_CONDITIONAL_ONLY,A,,"{""-1"": -1, ""1"": 1}"
E2_CONTEXT_SIGN_FLIP,72104,ANTITHETIC_CRN_MC,32,CONTEXT_CONDITIONAL_ONLY,A,,"{""-1"": -1, ""1"": 1}"
E2_CONTEXT_SIGN_FLIP,72104,ANTITHETIC_CRN_MC,64,CONTEXT_CONDITIONAL_ONLY,A,,"{""-1"": -1, ""1"": 1}"
E2_CONTEXT_SIGN_FLIP,72104,ANTITHETIC_CRN_MC,128,CONTEXT_CONDITIONAL_ONLY,A,,"{""-1"": -1, ""1"": 1}"
E2_CONTEXT_SIGN_FLIP,72104,ANTITHETIC_CRN_MC,256,CONTEXT_CONDITIONAL_ONLY,A,,"{""-1"": -1, ""1"": 1}"
E2_CONTEXT_SIGN_FLIP,72104,CRN_CHAIN_MC,8,CONTEXT_CONDITIONAL_ONLY,A,,"{""-1"": -1, ""1"": 1}"
E2_CONTEXT_SIGN_FLIP,72104,CRN_CHAIN_MC,16,CONTEXT_CONDITIONAL_ONLY,A,,"{""-1"": -1, ""1"": 1}"
E2_CONTEXT_SIGN_FLIP,72104,CRN_CHAIN_MC,32,CONTEXT_CONDITIONAL_ONLY,A,,"{""-1"": -1, ""1"": 1}"
E2_CONTEXT_SIGN_FLIP,72104,CRN_CHAIN_MC,64,CONTEXT_CONDITIONAL_ONLY,A,,"{""-1"": -1, ""1"": 1}"
E2_CONTEXT_SIGN_FLIP,72104,CRN_CHAIN_MC,128,CONTEXT_CONDITIONAL_ONLY,A,,"{""-1"": -1, ""1"": 1}"
E2_CONTEXT_SIGN_FLIP,72104,CRN_CHAIN_MC,256,CONTEXT_CONDITIONAL_ONLY,A,,"{""-1"": -1, ""1"": 1}"
E2_CONTEXT_SIGN_FLIP,72104,DOUBLE_ANTITHETIC_CRN_MC,8,CONTEXT_CONDITIONAL_ONLY,A,,"{""-1"": -1, ""1"": 1}"
E2_CONTEXT_SIGN_FLIP,72104,DOUBLE_ANTITHETIC_CRN_MC,16,CONTEXT_CONDITIONAL_ONLY,A,,"{""-1"": -1, ""1"": 1}"
E2_CONTEXT_SIGN_FLIP,72104,DOUBLE_ANTITHETIC_CRN_MC,32,CONTEXT_CONDITIONAL_ONLY,A,,"{""-1"": -1, ""1"": 1}"
E2_CONTEXT_SIGN_FLIP,72104,DOUBLE_ANTITHETIC_CRN_MC,64,CONTEXT_CONDITIONAL_ONLY,A,,"{""-1"": -1, ""1"": 1}"
E2_CONTEXT_SIGN_FLIP,72104,DOUBLE_ANTITHETIC_CRN_MC,128,CONTEXT_CONDITIONAL_ONLY,A,,"{""-1"": -1, ""1"": 1}"
E2_CONTEXT_SIGN_FLIP,72104,DOUBLE_ANTITHETIC_CRN_MC,256,CONTEXT_CONDITIONAL_ONLY,A,,"{""-1"": -1, ""1"": 1}"
E2_CONTEXT_SIGN_FLIP,72104,LEGACY_INDEPENDENT_MC,8,CONTEXT_CONDITIONAL_ONLY,A,,"{""-1"": -1, ""1"": 1}"
E2_CONTEXT_SIGN_FLIP,72104,LEGACY_INDEPENDENT_MC,16,CONTEXT_CONDITIONAL_ONLY,A,,"{""-1"": -1, ""1"": 1}"
E2_CONTEXT_SIGN_FLIP,72104,LEGACY_INDEPENDENT_MC,32,CONTEXT_CONDITIONAL_ONLY,A,,"{""-1"": -1, ""1"": 1}"
E2_CONTEXT_SIGN_FLIP,72104,LEGACY_INDEPENDENT_MC,64,CONTEXT_CONDITIONAL_ONLY,A,,"{""-1"": -1, ""1"": 1}"
E2_CONTEXT_SIGN_FLIP,72104,LEGACY_INDEPENDENT_MC,128,CONTEXT_CONDITIONAL_ONLY,A,,"{""-1"": -1, ""1"": 1}"
E2_CONTEXT_SIGN_FLIP,72104,LEGACY_INDEPENDENT_MC,256,CONTEXT_CONDITIONAL_ONLY,A,,"{""-1"": -1, ""1"": 1}"
E2_CONTEXT_SIGN_FLIP,72105,ANTITHETIC_CRN_MC,8,CONTEXT_CONDITIONAL_ONLY,A,,"{""-1"": -1, ""1"": 1}"
E2_CONTEXT_SIGN_FLIP,72105,ANTITHETIC_CRN_MC,16,CONTEXT_CONDITIONAL_ONLY,A,,"{""-1"": -1, ""1"": 1}"
E2_CONTEXT_SIGN_FLIP,72105,ANTITHETIC_CRN_MC,32,CONTEXT_CONDITIONAL_ONLY,A,,"{""-1"": -1, ""1"": 1}"
E2_CONTEXT_SIGN_FLIP,72105,ANTITHETIC_CRN_MC,64,CONTEXT_CONDITIONAL_ONLY,A,,"{""-1"": -1, ""1"": 1}"
E2_CONTEXT_SIGN_FLIP,72105,ANTITHETIC_CRN_MC,128,CONTEXT_CONDITIONAL_ONLY,A,,"{""-1"": -1, ""1"": 1}"
E2_CONTEXT_SIGN_FLIP,72105,ANTITHETIC_CRN_MC,256,CONTEXT_CONDITIONAL_ONLY,A,,"{""-1"": -1, ""1"": 1}"
E2_CONTEXT_SIGN_FLIP,72105,CRN_CHAIN_MC,8,CONTEXT_CONDITIONAL_ONLY,A,,"{""-1"": -1, ""1"": 1}"
E2_CONTEXT_SIGN_FLIP,72105,CRN_CHAIN_MC,16,CONTEXT_CONDITIONAL_ONLY,A,,"{""-1"": -1, ""1"": 1}"
E2_CONTEXT_SIGN_FLIP,72105,CRN_CHAIN_MC,32,CONTEXT_CONDITIONAL_ONLY,A,,"{""-1"": -1, ""1"": 1}"
E2_CONTEXT_SIGN_FLIP,72105,CRN_CHAIN_MC,64,CONTEXT_CONDITIONAL_ONLY,A,,"{""-1"": -1, ""1"": 1}"
E2_CONTEXT_SIGN_FLIP,72105,CRN_CHAIN_MC,128,CONTEXT_CONDITIONAL_ONLY,A,,"{""-1"": -1, ""1"": 1}"
E2_CONTEXT_SIGN_FLIP,72105,CRN_CHAIN_MC,256,CONTEXT_CONDITIONAL_ONLY,A,,"{""-1"": -1, ""1"": 1}"
E2_CONTEXT_SIGN_FLIP,72105,DOUBLE_ANTITHETIC_CRN_MC,8,CONTEXT_CONDITIONAL_ONLY,A,,"{""-1"": -1, ""1"": 1}"
E2_CONTEXT_SIGN_FLIP,72105,DOUBLE_ANTITHETIC_CRN_MC,16,CONTEXT_CONDITIONAL_ONLY,A,,"{""-1"": -1, ""1"": 1}"
E2_CONTEXT_SIGN_FLIP,72105,DOUBLE_ANTITHETIC_CRN_MC,32,CONTEXT_CONDITIONAL_ONLY,A,,"{""-1"": -1, ""1"": 1}"
E2_CONTEXT_SIGN_FLIP,72105,DOUBLE_ANTITHETIC_CRN_MC,64,CONTEXT_CONDITIONAL_ONLY,A,,"{""-1"": -1, ""1"": 1}"
E2_CONTEXT_SIGN_FLIP,72105,DOUBLE_ANTITHETIC_CRN_MC,128,CONTEXT_CONDITIONAL_ONLY,A,,"{""-1"": -1, ""1"": 1}"
E2_CONTEXT_SIGN_FLIP,72105,DOUBLE_ANTITHETIC_CRN_MC,256,CONTEXT_CONDITIONAL_ONLY,A,,"{""-1"": -1, ""1"": 1}"
E2_CONTEXT_SIGN_FLIP,72105,LEGACY_INDEPENDENT_MC,8,CONTEXT_CONDITIONAL_ONLY,A,,"{""-1"": -1, ""1"": 1}"
E2_CONTEXT_SIGN_FLIP,72105,LEGACY_INDEPENDENT_MC,16,CONTEXT_CONDITIONAL_ONLY,A,,"{""-1"": -1, ""1"": 1}"
E2_CONTEXT_SIGN_FLIP,72105,LEGACY_INDEPENDENT_MC,32,CONTEXT_CONDITIONAL_ONLY,A,,"{""-1"": -1, ""1"": 1}"
E2_CONTEXT_SIGN_FLIP,72105,LEGACY_INDEPENDENT_MC,64,CONTEXT_CONDITIONAL_ONLY,A,,"{""-1"": -1, ""1"": 1}"
E2_CONTEXT_SIGN_FLIP,72105,LEGACY_INDEPENDENT_MC,128,CONTEXT_CONDITIONAL_ONLY,A,,"{""-1"": -1, ""1"": 1}"
E2_CONTEXT_SIGN_FLIP,72105,LEGACY_INDEPENDENT_MC,256,CONTEXT_CONDITIONAL_ONLY,A,,"{""-1"": -1, ""1"": 1}"
E2_CONTEXT_SIGN_FLIP,72106,ANTITHETIC_CRN_MC,8,CONTEXT_CONDITIONAL_ONLY,A,,"{""-1"": -1, ""1"": 1}"
E2_CONTEXT_SIGN_FLIP,72106,ANTITHETIC_CRN_MC,16,CONTEXT_CONDITIONAL_ONLY,A,,"{""-1"": -1, ""1"": 1}"
E2_CONTEXT_SIGN_FLIP,72106,ANTITHETIC_CRN_MC,32,CONTEXT_CONDITIONAL_ONLY,A,,"{""-1"": -1, ""1"": 1}"
E2_CONTEXT_SIGN_FLIP,72106,ANTITHETIC_CRN_MC,64,CONTEXT_CONDITIONAL_ONLY,A,,"{""-1"": -1, ""1"": 1}"
E2_CONTEXT_SIGN_FLIP,72106,ANTITHETIC_CRN_MC,128,CONTEXT_CONDITIONAL_ONLY,A,,"{""-1"": -1, ""1"": 1}"
E2_CONTEXT_SIGN_FLIP,72106,ANTITHETIC_CRN_MC,256,CONTEXT_CONDITIONAL_ONLY,A,,"{""-1"": -1, ""1"": 1}"
E2_CONTEXT_SIGN_FLIP,72106,CRN_CHAIN_MC,8,CONTEXT_CONDITIONAL_ONLY,A,,"{""-1"": -1, ""1"": 1}"
E2_CONTEXT_SIGN_FLIP,72106,CRN_CHAIN_MC,16,CONTEXT_CONDITIONAL_ONLY,A,,"{""-1"": -1, ""1"": 1}"
E2_CONTEXT_SIGN_FLIP,72106,CRN_CHAIN_MC,32,CONTEXT_CONDITIONAL_ONLY,A,,"{""-1"": -1, ""1"": 1}"
E2_CONTEXT_SIGN_FLIP,72106,CRN_CHAIN_MC,64,CONTEXT_CONDITIONAL_ONLY,A,,"{""-1"": -1, ""1"": 1}"
E2_CONTEXT_SIGN_FLIP,72106,CRN_CHAIN_MC,128,CONTEXT_CONDITIONAL_ONLY,A,,"{""-1"": -1, ""1"": 1}"
E2_CONTEXT_SIGN_FLIP,72106,CRN_CHAIN_MC,256,CONTEXT_CONDITIONAL_ONLY,A,,"{""-1"": -1, ""1"": 1}"
E2_CONTEXT_SIGN_FLIP,72106,DOUBLE_ANTITHETIC_CRN_MC,8,CONTEXT_CONDITIONAL_ONLY,A,,"{""-1"": -1, ""1"": 1}"
E2_CONTEXT_SIGN_FLIP,72106,DOUBLE_ANTITHETIC_CRN_MC,16,CONTEXT_CONDITIONAL_ONLY,A,,"{""-1"": -1, ""1"": 1}"
E2_CONTEXT_SIGN_FLIP,72106,DOUBLE_ANTITHETIC_CRN_MC,32,CONTEXT_CONDITIONAL_ONLY,A,,"{""-1"": -1, ""1"": 1}"
E2_CONTEXT_SIGN_FLIP,72106,DOUBLE_ANTITHETIC_CRN_MC,64,CONTEXT_CONDITIONAL_ONLY,A,,"{""-1"": -1, ""1"": 1}"
E2_CONTEXT_SIGN_FLIP,72106,DOUBLE_ANTITHETIC_CRN_MC,128,CONTEXT_CONDITIONAL_ONLY,A,,"{""-1"": -1, ""1"": 1}"
E2_CONTEXT_SIGN_FLIP,72106,DOUBLE_ANTITHETIC_CRN_MC,256,CONTEXT_CONDITIONAL_ONLY,A,,"{""-1"": -1, ""1"": 1}"
E2_CONTEXT_SIGN_FLIP,72106,LEGACY_INDEPENDENT_MC,8,CONTEXT_CONDITIONAL_ONLY,A,,"{""-1"": -1, ""1"": 1}"
E2_CONTEXT_SIGN_FLIP,72106,LEGACY_INDEPENDENT_MC,16,CONTEXT_CONDITIONAL_ONLY,A,,"{""-1"": -1, ""1"": 1}"
E2_CONTEXT_SIGN_FLIP,72106,LEGACY_INDEPENDENT_MC,32,CONTEXT_CONDITIONAL_ONLY,A,,"{""-1"": -1, ""1"": 1}"
E2_CONTEXT_SIGN_FLIP,72106,LEGACY_INDEPENDENT_MC,64,CONTEXT_CONDITIONAL_ONLY,A,,"{""-1"": -1, ""1"": 1}"
E2_CONTEXT_SIGN_FLIP,72106,LEGACY_INDEPENDENT_MC,128,CONTEXT_CONDITIONAL_ONLY,A,,"{""-1"": -1, ""1"": 1}"
E2_CONTEXT_SIGN_FLIP,72106,LEGACY_INDEPENDENT_MC,256,CONTEXT_CONDITIONAL_ONLY,A,,"{""-1"": -1, ""1"": 1}"
E2_CONTEXT_SIGN_FLIP,72107,ANTITHETIC_CRN_MC,8,CONTEXT_CONDITIONAL_ONLY,A,,"{""-1"": -1, ""1"": 1}"
E2_CONTEXT_SIGN_FLIP,72107,ANTITHETIC_CRN_MC,16,CONTEXT_CONDITIONAL_ONLY,A,,"{""-1"": -1, ""1"": 1}"
E2_CONTEXT_SIGN_FLIP,72107,ANTITHETIC_CRN_MC,32,CONTEXT_CONDITIONAL_ONLY,A,,"{""-1"": -1, ""1"": 1}"
E2_CONTEXT_SIGN_FLIP,72107,ANTITHETIC_CRN_MC,64,CONTEXT_CONDITIONAL_ONLY,A,,"{""-1"": -1, ""1"": 1}"
E2_CONTEXT_SIGN_FLIP,72107,ANTITHETIC_CRN_MC,128,CONTEXT_CONDITIONAL_ONLY,A,,"{""-1"": -1, ""1"": 1}"
E2_CONTEXT_SIGN_FLIP,72107,ANTITHETIC_CRN_MC,256,CONTEXT_CONDITIONAL_ONLY,A,,"{""-1"": -1, ""1"": 1}"
E2_CONTEXT_SIGN_FLIP,72107,CRN_CHAIN_MC,8,CONTEXT_CONDITIONAL_ONLY,A,,"{""-1"": -1, ""1"": 1}"
E2_CONTEXT_SIGN_FLIP,72107,CRN_CHAIN_MC,16,CONTEXT_CONDITIONAL_ONLY,A,,"{""-1"": -1, ""1"": 1}"
E2_CONTEXT_SIGN_FLIP,72107,CRN_CHAIN_MC,32,CONTEXT_CONDITIONAL_ONLY,A,,"{""-1"": -1, ""1"": 1}"
E2_CONTEXT_SIGN_FLIP,72107,CRN_CHAIN_MC,64,CONTEXT_CONDITIONAL_ONLY,A,,"{""-1"": -1, ""1"": 1}"
E2_CONTEXT_SIGN_FLIP,72107,CRN_CHAIN_MC,128,CONTEXT_CONDITIONAL_ONLY,A,,"{""-1"": -1, ""1"": 1}"
E2_CONTEXT_SIGN_FLIP,72107,CRN_CHAIN_MC,256,CONTEXT_CONDITIONAL_ONLY,A,,"{""-1"": -1, ""1"": 1}"
E2_CONTEXT_SIGN_FLIP,72107,DOUBLE_ANTITHETIC_CRN_MC,8,CONTEXT_CONDITIONAL_ONLY,A,,"{""-1"": -1, ""1"": 1}"
E2_CONTEXT_SIGN_FLIP,72107,DOUBLE_ANTITHETIC_CRN_MC,16,CONTEXT_CONDITIONAL_ONLY,A,,"{""-1"": -1, ""1"": 1}"
E2_CONTEXT_SIGN_FLIP,72107,DOUBLE_ANTITHETIC_CRN_MC,32,CONTEXT_CONDITIONAL_ONLY,A,,"{""-1"": -1, ""1"": 1}"
E2_CONTEXT_SIGN_FLIP,72107,DOUBLE_ANTITHETIC_CRN_MC,64,CONTEXT_CONDITIONAL_ONLY,A,,"{""-1"": -1, ""1"": 1}"
E2_CONTEXT_SIGN_FLIP,72107,DOUBLE_ANTITHETIC_CRN_MC,128,CONTEXT_CONDITIONAL_ONLY,A,,"{""-1"": -1, ""1"": 1}"
E2_CONTEXT_SIGN_FLIP,72107,DOUBLE_ANTITHETIC_CRN_MC,256,CONTEXT_CONDITIONAL_ONLY,A,,"{""-1"": -1, ""1"": 1}"
E2_CONTEXT_SIGN_FLIP,72107,LEGACY_INDEPENDENT_MC,8,CONTEXT_CONDITIONAL_ONLY,A,,"{""-1"": -1, ""1"": 1}"
E2_CONTEXT_SIGN_FLIP,72107,LEGACY_INDEPENDENT_MC,16,CONTEXT_CONDITIONAL_ONLY,A,,"{""-1"": -1, ""1"": 1}"
E2_CONTEXT_SIGN_FLIP,72107,LEGACY_INDEPENDENT_MC,32,CONTEXT_CONDITIONAL_ONLY,A,,"{""-1"": -1, ""1"": 1}"
E2_CONTEXT_SIGN_FLIP,72107,LEGACY_INDEPENDENT_MC,64,CONTEXT_CONDITIONAL_ONLY,A,,"{""-1"": -1, ""1"": 1}"
E2_CONTEXT_SIGN_FLIP,72107,LEGACY_INDEPENDENT_MC,128,CONTEXT_CONDITIONAL_ONLY,A,,"{""-1"": -1, ""1"": 1}"
E2_CONTEXT_SIGN_FLIP,72107,LEGACY_INDEPENDENT_MC,256,CONTEXT_CONDITIONAL_ONLY,A,,"{""-1"": -1, ""1"": 1}"
E2_CONTEXT_SIGN_FLIP,72108,ANTITHETIC_CRN_MC,8,CONTEXT_CONDITIONAL_ONLY,A,,"{""-1"": -1, ""1"": 1}"
E2_CONTEXT_SIGN_FLIP,72108,ANTITHETIC_CRN_MC,16,CONTEXT_CONDITIONAL_ONLY,A,,"{""-1"": -1, ""1"": 1}"
E2_CONTEXT_SIGN_FLIP,72108,ANTITHETIC_CRN_MC,32,CONTEXT_CONDITIONAL_ONLY,A,,"{""-1"": -1, ""1"": 1}"
E2_CONTEXT_SIGN_FLIP,72108,ANTITHETIC_CRN_MC,64,CONTEXT_CONDITIONAL_ONLY,A,,"{""-1"": -1, ""1"": 1}"
E2_CONTEXT_SIGN_FLIP,72108,ANTITHETIC_CRN_MC,128,CONTEXT_CONDITIONAL_ONLY,A,,"{""-1"": -1, ""1"": 1}"
E2_CONTEXT_SIGN_FLIP,72108,ANTITHETIC_CRN_MC,256,CONTEXT_CONDITIONAL_ONLY,A,,"{""-1"": -1, ""1"": 1}"
E2_CONTEXT_SIGN_FLIP,72108,CRN_CHAIN_MC,8,CONTEXT_CONDITIONAL_ONLY,A,,"{""-1"": -1, ""1"": 1}"
E2_CONTEXT_SIGN_FLIP,72108,CRN_CHAIN_MC,16,CONTEXT_CONDITIONAL_ONLY,A,,"{""-1"": -1, ""1"": 1}"
E2_CONTEXT_SIGN_FLIP,72108,CRN_CHAIN_MC,32,CONTEXT_CONDITIONAL_ONLY,A,,"{""-1"": -1, ""1"": 1}"
E2_CONTEXT_SIGN_FLIP,72108,CRN_CHAIN_MC,64,CONTEXT_CONDITIONAL_ONLY,A,,"{""-1"": -1, ""1"": 1}"
E2_CONTEXT_SIGN_FLIP,72108,CRN_CHAIN_MC,128,CONTEXT_CONDITIONAL_ONLY,A,,"{""-1"": -1, ""1"": 1}"
E2_CONTEXT_SIGN_FLIP,72108,CRN_CHAIN_MC,256,CONTEXT_CONDITIONAL_ONLY,A,,"{""-1"": -1, ""1"": 1}"
E2_CONTEXT_SIGN_FLIP,72108,DOUBLE_ANTITHETIC_CRN_MC,8,CONTEXT_CONDITIONAL_ONLY,A,,"{""-1"": -1, ""1"": 1}"
E2_CONTEXT_SIGN_FLIP,72108,DOUBLE_ANTITHETIC_CRN_MC,16,CONTEXT_CONDITIONAL_ONLY,A,,"{""-1"": -1, ""1"": 1}"
E2_CONTEXT_SIGN_FLIP,72108,DOUBLE_ANTITHETIC_CRN_MC,32,CONTEXT_CONDITIONAL_ONLY,A,,"{""-1"": -1, ""1"": 1}"
E2_CONTEXT_SIGN_FLIP,72108,DOUBLE_ANTITHETIC_CRN_MC,64,CONTEXT_CONDITIONAL_ONLY,A,,"{""-1"": -1, ""1"": 1}"
E2_CONTEXT_SIGN_FLIP,72108,DOUBLE_ANTITHETIC_CRN_MC,128,CONTEXT_CONDITIONAL_ONLY,A,,"{""-1"": -1, ""1"": 1}"
E2_CONTEXT_SIGN_FLIP,72108,DOUBLE_ANTITHETIC_CRN_MC,256,CONTEXT_CONDITIONAL_ONLY,A,,"{""-1"": -1, ""1"": 1}"
E2_CONTEXT_SIGN_FLIP,72108,LEGACY_INDEPENDENT_MC,8,CONTEXT_CONDITIONAL_ONLY,A,,"{""-1"": -1, ""1"": 1}"
E2_CONTEXT_SIGN_FLIP,72108,LEGACY_INDEPENDENT_MC,16,CONTEXT_CONDITIONAL_ONLY,A,,"{""-1"": -1, ""1"": 1}"
E2_CONTEXT_SIGN_FLIP,72108,LEGACY_INDEPENDENT_MC,32,CONTEXT_CONDITIONAL_ONLY,A,,"{""-1"": -1, ""1"": 1}"
E2_CONTEXT_SIGN_FLIP,72108,LEGACY_INDEPENDENT_MC,64,CONTEXT_CONDITIONAL_ONLY,A,,"{""-1"": -1, ""1"": 1}"
E2_CONTEXT_SIGN_FLIP,72108,LEGACY_INDEPENDENT_MC,128,CONTEXT_CONDITIONAL_ONLY,A,,"{""-1"": -1, ""1"": 1}"
E2_CONTEXT_SIGN_FLIP,72108,LEGACY_INDEPENDENT_MC,256,CONTEXT_CONDITIONAL_ONLY,A,,"{""-1"": -1, ""1"": 1}"
E2_CONTEXT_SIGN_FLIP,72109,ANTITHETIC_CRN_MC,8,CONTEXT_CONDITIONAL_ONLY,A,,"{""-1"": -1, ""1"": 1}"
E2_CONTEXT_SIGN_FLIP,72109,ANTITHETIC_CRN_MC,16,CONTEXT_CONDITIONAL_ONLY,A,,"{""-1"": -1, ""1"": 1}"
E2_CONTEXT_SIGN_FLIP,72109,ANTITHETIC_CRN_MC,32,CONTEXT_CONDITIONAL_ONLY,A,,"{""-1"": -1, ""1"": 1}"
E2_CONTEXT_SIGN_FLIP,72109,ANTITHETIC_CRN_MC,64,CONTEXT_CONDITIONAL_ONLY,A,,"{""-1"": -1, ""1"": 1}"
E2_CONTEXT_SIGN_FLIP,72109,ANTITHETIC_CRN_MC,128,CONTEXT_CONDITIONAL_ONLY,A,,"{""-1"": -1, ""1"": 1}"
E2_CONTEXT_SIGN_FLIP,72109,ANTITHETIC_CRN_MC,256,CONTEXT_CONDITIONAL_ONLY,A,,"{""-1"": -1, ""1"": 1}"
E2_CONTEXT_SIGN_FLIP,72109,CRN_CHAIN_MC,8,CONTEXT_CONDITIONAL_ONLY,A,,"{""-1"": -1, ""1"": 1}"
E2_CONTEXT_SIGN_FLIP,72109,CRN_CHAIN_MC,16,CONTEXT_CONDITIONAL_ONLY,A,,"{""-1"": -1, ""1"": 1}"
E2_CONTEXT_SIGN_FLIP,72109,CRN_CHAIN_MC,32,CONTEXT_CONDITIONAL_ONLY,A,,"{""-1"": -1, ""1"": 1}"
E2_CONTEXT_SIGN_FLIP,72109,CRN_CHAIN_MC,64,CONTEXT_CONDITIONAL_ONLY,A,,"{""-1"": -1, ""1"": 1}"
E2_CONTEXT_SIGN_FLIP,72109,CRN_CHAIN_MC,128,CONTEXT_CONDITIONAL_ONLY,A,,"{""-1"": -1, ""1"": 1}"
E2_CONTEXT_SIGN_FLIP,72109,CRN_CHAIN_MC,256,CONTEXT_CONDITIONAL_ONLY,A,,"{""-1"": -1, ""1"": 1}"
E2_CONTEXT_SIGN_FLIP,72109,DOUBLE_ANTITHETIC_CRN_MC,8,CONTEXT_CONDITIONAL_ONLY,A,,"{""-1"": -1, ""1"": 1}"
E2_CONTEXT_SIGN_FLIP,72109,DOUBLE_ANTITHETIC_CRN_MC,16,CONTEXT_CONDITIONAL_ONLY,A,,"{""-1"": -1, ""1"": 1}"
E2_CONTEXT_SIGN_FLIP,72109,DOUBLE_ANTITHETIC_CRN_MC,32,CONTEXT_CONDITIONAL_ONLY,A,,"{""-1"": -1, ""1"": 1}"
E2_CONTEXT_SIGN_FLIP,72109,DOUBLE_ANTITHETIC_CRN_MC,64,CONTEXT_CONDITIONAL_ONLY,A,,"{""-1"": -1, ""1"": 1}"
E2_CONTEXT_SIGN_FLIP,72109,DOUBLE_ANTITHETIC_CRN_MC,128,CONTEXT_CONDITIONAL_ONLY,A,,"{""-1"": -1, ""1"": 1}"
E2_CONTEXT_SIGN_FLIP,72109,DOUBLE_ANTITHETIC_CRN_MC,256,CONTEXT_CONDITIONAL_ONLY,A,,"{""-1"": -1, ""1"": 1}"
E2_CONTEXT_SIGN_FLIP,72109,LEGACY_INDEPENDENT_MC,8,CONTEXT_CONDITIONAL_ONLY,A,,"{""-1"": -1, ""1"": 1}"
E2_CONTEXT_SIGN_FLIP,72109,LEGACY_INDEPENDENT_MC,16,CONTEXT_CONDITIONAL_ONLY,A,,"{""-1"": -1, ""1"": 1}"
E2_CONTEXT_SIGN_FLIP,72109,LEGACY_INDEPENDENT_MC,32,CONTEXT_CONDITIONAL_ONLY,A,,"{""-1"": -1, ""1"": 1}"
E2_CONTEXT_SIGN_FLIP,72109,LEGACY_INDEPENDENT_MC,64,CONTEXT_CONDITIONAL_ONLY,A,,"{""-1"": -1, ""1"": 1}"
E2_CONTEXT_SIGN_FLIP,72109,LEGACY_INDEPENDENT_MC,128,CONTEXT_CONDITIONAL_ONLY,A,,"{""-1"": -1, ""1"": 1}"
E2_CONTEXT_SIGN_FLIP,72109,LEGACY_INDEPENDENT_MC,256,CONTEXT_CONDITIONAL_ONLY,A,,"{""-1"": -1, ""1"": 1}"
E2_CONTEXT_SIGN_FLIP,72110,ANTITHETIC_CRN_MC,8,CONTEXT_CONDITIONAL_ONLY,A,,"{""-1"": -1, ""1"": 1}"
E2_CONTEXT_SIGN_FLIP,72110,ANTITHETIC_CRN_MC,16,CONTEXT_CONDITIONAL_ONLY,A,,"{""-1"": -1, ""1"": 1}"
E2_CONTEXT_SIGN_FLIP,72110,ANTITHETIC_CRN_MC,32,CONTEXT_CONDITIONAL_ONLY,A,,"{""-1"": -1, ""1"": 1}"
E2_CONTEXT_SIGN_FLIP,72110,ANTITHETIC_CRN_MC,64,CONTEXT_CONDITIONAL_ONLY,A,,"{""-1"": -1, ""1"": 1}"
E2_CONTEXT_SIGN_FLIP,72110,ANTITHETIC_CRN_MC,128,CONTEXT_CONDITIONAL_ONLY,A,,"{""-1"": -1, ""1"": 1}"
E2_CONTEXT_SIGN_FLIP,72110,ANTITHETIC_CRN_MC,256,CONTEXT_CONDITIONAL_ONLY,A,,"{""-1"": -1, ""1"": 1}"
E2_CONTEXT_SIGN_FLIP,72110,CRN_CHAIN_MC,8,CONTEXT_CONDITIONAL_ONLY,A,,"{""-1"": -1, ""1"": 1}"
E2_CONTEXT_SIGN_FLIP,72110,CRN_CHAIN_MC,16,CONTEXT_CONDITIONAL_ONLY,A,,"{""-1"": -1, ""1"": 1}"
E2_CONTEXT_SIGN_FLIP,72110,CRN_CHAIN_MC,32,CONTEXT_CONDITIONAL_ONLY,A,,"{""-1"": -1, ""1"": 1}"
E2_CONTEXT_SIGN_FLIP,72110,CRN_CHAIN_MC,64,CONTEXT_CONDITIONAL_ONLY,A,,"{""-1"": -1, ""1"": 1}"
E2_CONTEXT_SIGN_FLIP,72110,CRN_CHAIN_MC,128,CONTEXT_CONDITIONAL_ONLY,A,,"{""-1"": -1, ""1"": 1}"
E2_CONTEXT_SIGN_FLIP,72110,CRN_CHAIN_MC,256,CONTEXT_CONDITIONAL_ONLY,A,,"{""-1"": -1, ""1"": 1}"
E2_CONTEXT_SIGN_FLIP,72110,DOUBLE_ANTITHETIC_CRN_MC,8,CONTEXT_CONDITIONAL_ONLY,A,,"{""-1"": -1, ""1"": 1}"
E2_CONTEXT_SIGN_FLIP,72110,DOUBLE_ANTITHETIC_CRN_MC,16,CONTEXT_CONDITIONAL_ONLY,A,,"{""-1"": -1, ""1"": 1}"
E2_CONTEXT_SIGN_FLIP,72110,DOUBLE_ANTITHETIC_CRN_MC,32,CONTEXT_CONDITIONAL_ONLY,A,,"{""-1"": -1, ""1"": 1}"
E2_CONTEXT_SIGN_FLIP,72110,DOUBLE_ANTITHETIC_CRN_MC,64,CONTEXT_CONDITIONAL_ONLY,A,,"{""-1"": -1, ""1"": 1}"
E2_CONTEXT_SIGN_FLIP,72110,DOUBLE_ANTITHETIC_CRN_MC,128,CONTEXT_CONDITIONAL_ONLY,A,,"{""-1"": -1, ""1"": 1}"
E2_CONTEXT_SIGN_FLIP,72110,DOUBLE_ANTITHETIC_CRN_MC,256,CONTEXT_CONDITIONAL_ONLY,A,,"{""-1"": -1, ""1"": 1}"
E2_CONTEXT_SIGN_FLIP,72110,LEGACY_INDEPENDENT_MC,8,CONTEXT_CONDITIONAL_ONLY,A,,"{""-1"": -1, ""1"": 1}"
E2_CONTEXT_SIGN_FLIP,72110,LEGACY_INDEPENDENT_MC,16,CONTEXT_CONDITIONAL_ONLY,A,,"{""-1"": -1, ""1"": 1}"
E2_CONTEXT_SIGN_FLIP,72110,LEGACY_INDEPENDENT_MC,32,CONTEXT_CONDITIONAL_ONLY,A,,"{""-1"": -1, ""1"": 1}"
E2_CONTEXT_SIGN_FLIP,72110,LEGACY_INDEPENDENT_MC,64,CONTEXT_CONDITIONAL_ONLY,A,,"{""-1"": -1, ""1"": 1}"
E2_CONTEXT_SIGN_FLIP,72110,LEGACY_INDEPENDENT_MC,128,CONTEXT_CONDITIONAL_ONLY,A,,"{""-1"": -1, ""1"": 1}"
E2_CONTEXT_SIGN_FLIP,72110,LEGACY_INDEPENDENT_MC,256,CONTEXT_CONDITIONAL_ONLY,A,,"{""-1"": -1, ""1"": 1}"
E2_CONTEXT_SIGN_FLIP,72111,ANTITHETIC_CRN_MC,8,CONTEXT_CONDITIONAL_ONLY,A,,"{""-1"": -1, ""1"": 1}"
E2_CONTEXT_SIGN_FLIP,72111,ANTITHETIC_CRN_MC,16,CONTEXT_CONDITIONAL_ONLY,A,,"{""-1"": -1, ""1"": 1}"
E2_CONTEXT_SIGN_FLIP,72111,ANTITHETIC_CRN_MC,32,CONTEXT_CONDITIONAL_ONLY,A,,"{""-1"": -1, ""1"": 1}"
E2_CONTEXT_SIGN_FLIP,72111,ANTITHETIC_CRN_MC,64,CONTEXT_CONDITIONAL_ONLY,A,,"{""-1"": -1, ""1"": 1}"
E2_CONTEXT_SIGN_FLIP,72111,ANTITHETIC_CRN_MC,128,CONTEXT_CONDITIONAL_ONLY,A,,"{""-1"": -1, ""1"": 1}"
E2_CONTEXT_SIGN_FLIP,72111,ANTITHETIC_CRN_MC,256,CONTEXT_CONDITIONAL_ONLY,A,,"{""-1"": -1, ""1"": 1}"
E2_CONTEXT_SIGN_FLIP,72111,CRN_CHAIN_MC,8,CONTEXT_CONDITIONAL_ONLY,A,,"{""-1"": -1, ""1"": 1}"
E2_CONTEXT_SIGN_FLIP,72111,CRN_CHAIN_MC,16,CONTEXT_CONDITIONAL_ONLY,A,,"{""-1"": -1, ""1"": 1}"
E2_CONTEXT_SIGN_FLIP,72111,CRN_CHAIN_MC,32,CONTEXT_CONDITIONAL_ONLY,A,,"{""-1"": -1, ""1"": 1}"
E2_CONTEXT_SIGN_FLIP,72111,CRN_CHAIN_MC,64,CONTEXT_CONDITIONAL_ONLY,A,,"{""-1"": -1, ""1"": 1}"
E2_CONTEXT_SIGN_FLIP,72111,CRN_CHAIN_MC,128,CONTEXT_CONDITIONAL_ONLY,A,,"{""-1"": -1, ""1"": 1}"
E2_CONTEXT_SIGN_FLIP,72111,CRN_CHAIN_MC,256,CONTEXT_CONDITIONAL_ONLY,A,,"{""-1"": -1, ""1"": 1}"
E2_CONTEXT_SIGN_FLIP,72111,DOUBLE_ANTITHETIC_CRN_MC,8,CONTEXT_CONDITIONAL_ONLY,A,,"{""-1"": -1, ""1"": 1}"
E2_CONTEXT_SIGN_FLIP,72111,DOUBLE_ANTITHETIC_CRN_MC,16,CONTEXT_CONDITIONAL_ONLY,A,,"{""-1"": -1, ""1"": 1}"
E2_CONTEXT_SIGN_FLIP,72111,DOUBLE_ANTITHETIC_CRN_MC,32,CONTEXT_CONDITIONAL_ONLY,A,,"{""-1"": -1, ""1"": 1}"
E2_CONTEXT_SIGN_FLIP,72111,DOUBLE_ANTITHETIC_CRN_MC,64,CONTEXT_CONDITIONAL_ONLY,A,,"{""-1"": -1, ""1"": 1}"
E2_CONTEXT_SIGN_FLIP,72111,DOUBLE_ANTITHETIC_CRN_MC,128,CONTEXT_CONDITIONAL_ONLY,A,,"{""-1"": -1, ""1"": 1}"
E2_CONTEXT_SIGN_FLIP,72111,DOUBLE_ANTITHETIC_CRN_MC,256,CONTEXT_CONDITIONAL_ONLY,A,,"{""-1"": -1, ""1"": 1}"
E2_CONTEXT_SIGN_FLIP,72111,LEGACY_INDEPENDENT_MC,8,CONTEXT_CONDITIONAL_ONLY,A,,"{""-1"": -1, ""1"": 1}"
E2_CONTEXT_SIGN_FLIP,72111,LEGACY_INDEPENDENT_MC,16,CONTEXT_CONDITIONAL_ONLY,A,,"{""-1"": -1, ""1"": 1}"
E2_CONTEXT_SIGN_FLIP,72111,LEGACY_INDEPENDENT_MC,32,CONTEXT_CONDITIONAL_ONLY,A,,"{""-1"": -1, ""1"": 1}"
E2_CONTEXT_SIGN_FLIP,72111,LEGACY_INDEPENDENT_MC,64,CONTEXT_CONDITIONAL_ONLY,A,,"{""-1"": -1, ""1"": 1}"
E2_CONTEXT_SIGN_FLIP,72111,LEGACY_INDEPENDENT_MC,128,CONTEXT_CONDITIONAL_ONLY,A,,"{""-1"": -1, ""1"": 1}"
E2_CONTEXT_SIGN_FLIP,72111,LEGACY_INDEPENDENT_MC,256,CONTEXT_CONDITIONAL_ONLY,A,,"{""-1"": -1, ""1"": 1}"
E2_CONTEXT_SIGN_FLIP,72112,ANTITHETIC_CRN_MC,8,CONTEXT_CONDITIONAL_ONLY,A,,"{""-1"": -1, ""1"": 1}"
E2_CONTEXT_SIGN_FLIP,72112,ANTITHETIC_CRN_MC,16,CONTEXT_CONDITIONAL_ONLY,A,,"{""-1"": -1, ""1"": 1}"
E2_CONTEXT_SIGN_FLIP,72112,ANTITHETIC_CRN_MC,32,CONTEXT_CONDITIONAL_ONLY,A,,"{""-1"": -1, ""1"": 1}"
E2_CONTEXT_SIGN_FLIP,72112,ANTITHETIC_CRN_MC,64,CONTEXT_CONDITIONAL_ONLY,A,,"{""-1"": -1, ""1"": 1}"
E2_CONTEXT_SIGN_FLIP,72112,ANTITHETIC_CRN_MC,128,CONTEXT_CONDITIONAL_ONLY,A,,"{""-1"": -1, ""1"": 1}"
E2_CONTEXT_SIGN_FLIP,72112,ANTITHETIC_CRN_MC,256,CONTEXT_CONDITIONAL_ONLY,A,,"{""-1"": -1, ""1"": 1}"
E2_CONTEXT_SIGN_FLIP,72112,CRN_CHAIN_MC,8,CONTEXT_CONDITIONAL_ONLY,A,,"{""-1"": -1, ""1"": 1}"
E2_CONTEXT_SIGN_FLIP,72112,CRN_CHAIN_MC,16,CONTEXT_CONDITIONAL_ONLY,A,,"{""-1"": -1, ""1"": 1}"
E2_CONTEXT_SIGN_FLIP,72112,CRN_CHAIN_MC,32,CONTEXT_CONDITIONAL_ONLY,A,,"{""-1"": -1, ""1"": 1}"
E2_CONTEXT_SIGN_FLIP,72112,CRN_CHAIN_MC,64,CONTEXT_CONDITIONAL_ONLY,A,,"{""-1"": -1, ""1"": 1}"
E2_CONTEXT_SIGN_FLIP,72112,CRN_CHAIN_MC,128,CONTEXT_CONDITIONAL_ONLY,A,,"{""-1"": -1, ""1"": 1}"
E2_CONTEXT_SIGN_FLIP,72112,CRN_CHAIN_MC,256,CONTEXT_CONDITIONAL_ONLY,A,,"{""-1"": -1, ""1"": 1}"
E2_CONTEXT_SIGN_FLIP,72112,DOUBLE_ANTITHETIC_CRN_MC,8,CONTEXT_CONDITIONAL_ONLY,A,,"{""-1"": -1, ""1"": 1}"
E2_CONTEXT_SIGN_FLIP,72112,DOUBLE_ANTITHETIC_CRN_MC,16,CONTEXT_CONDITIONAL_ONLY,A,,"{""-1"": -1, ""1"": 1}"
E2_CONTEXT_SIGN_FLIP,72112,DOUBLE_ANTITHETIC_CRN_MC,32,CONTEXT_CONDITIONAL_ONLY,A,,"{""-1"": -1, ""1"": 1}"
E2_CONTEXT_SIGN_FLIP,72112,DOUBLE_ANTITHETIC_CRN_MC,64,CONTEXT_CONDITIONAL_ONLY,A,,"{""-1"": -1, ""1"": 1}"
E2_CONTEXT_SIGN_FLIP,72112,DOUBLE_ANTITHETIC_CRN_MC,128,CONTEXT_CONDITIONAL_ONLY,A,,"{""-1"": -1, ""1"": 1}"
E2_CONTEXT_SIGN_FLIP,72112,DOUBLE_ANTITHETIC_CRN_MC,256,CONTEXT_CONDITIONAL_ONLY,A,,"{""-1"": -1, ""1"": 1}"
E2_CONTEXT_SIGN_FLIP,72112,LEGACY_INDEPENDENT_MC,8,CONTEXT_CONDITIONAL_ONLY,A,,"{""-1"": -1, ""1"": 1}"
E2_CONTEXT_SIGN_FLIP,72112,LEGACY_INDEPENDENT_MC,16,CONTEXT_CONDITIONAL_ONLY,A,,"{""-1"": -1, ""1"": 1}"
E2_CONTEXT_SIGN_FLIP,72112,LEGACY_INDEPENDENT_MC,32,CONTEXT_CONDITIONAL_ONLY,A,,"{""-1"": -1, ""1"": 1}"
E2_CONTEXT_SIGN_FLIP,72112,LEGACY_INDEPENDENT_MC,64,CONTEXT_CONDITIONAL_ONLY,A,,"{""-1"": -1, ""1"": 1}"
E2_CONTEXT_SIGN_FLIP,72112,LEGACY_INDEPENDENT_MC,128,CONTEXT_CONDITIONAL_ONLY,A,,"{""-1"": -1, ""1"": 1}"
E2_CONTEXT_SIGN_FLIP,72112,LEGACY_INDEPENDENT_MC,256,CONTEXT_CONDITIONAL_ONLY,A,,"{""-1"": -1, ""1"": 1}"
E2_CONTEXT_SIGN_FLIP,72113,ANTITHETIC_CRN_MC,8,CONTEXT_CONDITIONAL_ONLY,A,,"{""-1"": -1, ""1"": 1}"
E2_CONTEXT_SIGN_FLIP,72113,ANTITHETIC_CRN_MC,16,CONTEXT_CONDITIONAL_ONLY,A,,"{""-1"": -1, ""1"": 1}"
E2_CONTEXT_SIGN_FLIP,72113,ANTITHETIC_CRN_MC,32,CONTEXT_CONDITIONAL_ONLY,A,,"{""-1"": -1, ""1"": 1}"
E2_CONTEXT_SIGN_FLIP,72113,ANTITHETIC_CRN_MC,64,CONTEXT_CONDITIONAL_ONLY,A,,"{""-1"": -1, ""1"": 1}"
E2_CONTEXT_SIGN_FLIP,72113,ANTITHETIC_CRN_MC,128,CONTEXT_CONDITIONAL_ONLY,A,,"{""-1"": -1, ""1"": 1}"
E2_CONTEXT_SIGN_FLIP,72113,ANTITHETIC_CRN_MC,256,CONTEXT_CONDITIONAL_ONLY,A,,"{""-1"": -1, ""1"": 1}"
E2_CONTEXT_SIGN_FLIP,72113,CRN_CHAIN_MC,8,CONTEXT_CONDITIONAL_ONLY,A,,"{""-1"": -1, ""1"": 1}"
E2_CONTEXT_SIGN_FLIP,72113,CRN_CHAIN_MC,16,CONTEXT_CONDITIONAL_ONLY,A,,"{""-1"": -1, ""1"": 1}"
E2_CONTEXT_SIGN_FLIP,72113,CRN_CHAIN_MC,32,CONTEXT_CONDITIONAL_ONLY,A,,"{""-1"": -1, ""1"": 1}"
E2_CONTEXT_SIGN_FLIP,72113,CRN_CHAIN_MC,64,CONTEXT_CONDITIONAL_ONLY,A,,"{""-1"": -1, ""1"": 1}"
E2_CONTEXT_SIGN_FLIP,72113,CRN_CHAIN_MC,128,CONTEXT_CONDITIONAL_ONLY,A,,"{""-1"": -1, ""1"": 1}"
E2_CONTEXT_SIGN_FLIP,72113,CRN_CHAIN_MC,256,CONTEXT_CONDITIONAL_ONLY,A,,"{""-1"": -1, ""1"": 1}"
E2_CONTEXT_SIGN_FLIP,72113,DOUBLE_ANTITHETIC_CRN_MC,8,CONTEXT_CONDITIONAL_ONLY,A,,"{""-1"": -1, ""1"": 1}"
E2_CONTEXT_SIGN_FLIP,72113,DOUBLE_ANTITHETIC_CRN_MC,16,CONTEXT_CONDITIONAL_ONLY,A,,"{""-1"": -1, ""1"": 1}"
E2_CONTEXT_SIGN_FLIP,72113,DOUBLE_ANTITHETIC_CRN_MC,32,CONTEXT_CONDITIONAL_ONLY,A,,"{""-1"": -1, ""1"": 1}"
E2_CONTEXT_SIGN_FLIP,72113,DOUBLE_ANTITHETIC_CRN_MC,64,CONTEXT_CONDITIONAL_ONLY,A,,"{""-1"": -1, ""1"": 1}"
E2_CONTEXT_SIGN_FLIP,72113,DOUBLE_ANTITHETIC_CRN_MC,128,CONTEXT_CONDITIONAL_ONLY,A,,"{""-1"": -1, ""1"": 1}"
E2_CONTEXT_SIGN_FLIP,72113,DOUBLE_ANTITHETIC_CRN_MC,256,CONTEXT_CONDITIONAL_ONLY,A,,"{""-1"": -1, ""1"": 1}"
E2_CONTEXT_SIGN_FLIP,72113,LEGACY_INDEPENDENT_MC,8,CONTEXT_CONDITIONAL_ONLY,A,,"{""-1"": -1, ""1"": 1}"
E2_CONTEXT_SIGN_FLIP,72113,LEGACY_INDEPENDENT_MC,16,CONTEXT_CONDITIONAL_ONLY,A,,"{""-1"": -1, ""1"": 1}"
E2_CONTEXT_SIGN_FLIP,72113,LEGACY_INDEPENDENT_MC,32,CONTEXT_CONDITIONAL_ONLY,A,,"{""-1"": -1, ""1"": 1}"
E2_CONTEXT_SIGN_FLIP,72113,LEGACY_INDEPENDENT_MC,64,CONTEXT_CONDITIONAL_ONLY,A,,"{""-1"": -1, ""1"": 1}"
E2_CONTEXT_SIGN_FLIP,72113,LEGACY_INDEPENDENT_MC,128,CONTEXT_CONDITIONAL_ONLY,A,,"{""-1"": -1, ""1"": 1}"
E2_CONTEXT_SIGN_FLIP,72113,LEGACY_INDEPENDENT_MC,256,CONTEXT_CONDITIONAL_ONLY,A,,"{""-1"": -1, ""1"": 1}"
E2_CONTEXT_SIGN_FLIP,72114,ANTITHETIC_CRN_MC,8,CONTEXT_CONDITIONAL_ONLY,A,,"{""-1"": -1, ""1"": 1}"
E2_CONTEXT_SIGN_FLIP,72114,ANTITHETIC_CRN_MC,16,CONTEXT_CONDITIONAL_ONLY,A,,"{""-1"": -1, ""1"": 1}"
E2_CONTEXT_SIGN_FLIP,72114,ANTITHETIC_CRN_MC,32,CONTEXT_CONDITIONAL_ONLY,A,,"{""-1"": -1, ""1"": 1}"
E2_CONTEXT_SIGN_FLIP,72114,ANTITHETIC_CRN_MC,64,CONTEXT_CONDITIONAL_ONLY,A,,"{""-1"": -1, ""1"": 1}"
E2_CONTEXT_SIGN_FLIP,72114,ANTITHETIC_CRN_MC,128,CONTEXT_CONDITIONAL_ONLY,A,,"{""-1"": -1, ""1"": 1}"
E2_CONTEXT_SIGN_FLIP,72114,ANTITHETIC_CRN_MC,256,CONTEXT_CONDITIONAL_ONLY,A,,"{""-1"": -1, ""1"": 1}"
E2_CONTEXT_SIGN_FLIP,72114,CRN_CHAIN_MC,8,CONTEXT_CONDITIONAL_ONLY,A,,"{""-1"": -1, ""1"": 1}"
E2_CONTEXT_SIGN_FLIP,72114,CRN_CHAIN_MC,16,CONTEXT_CONDITIONAL_ONLY,A,,"{""-1"": -1, ""1"": 1}"
E2_CONTEXT_SIGN_FLIP,72114,CRN_CHAIN_MC,32,CONTEXT_CONDITIONAL_ONLY,A,,"{""-1"": -1, ""1"": 1}"
E2_CONTEXT_SIGN_FLIP,72114,CRN_CHAIN_MC,64,CONTEXT_CONDITIONAL_ONLY,A,,"{""-1"": -1, ""1"": 1}"
E2_CONTEXT_SIGN_FLIP,72114,CRN_CHAIN_MC,128,CONTEXT_CONDITIONAL_ONLY,A,,"{""-1"": -1, ""1"": 1}"
E2_CONTEXT_SIGN_FLIP,72114,CRN_CHAIN_MC,256,CONTEXT_CONDITIONAL_ONLY,A,,"{""-1"": -1, ""1"": 1}"
E2_CONTEXT_SIGN_FLIP,72114,DOUBLE_ANTITHETIC_CRN_MC,8,CONTEXT_CONDITIONAL_ONLY,A,,"{""-1"": -1, ""1"": 1}"
E2_CONTEXT_SIGN_FLIP,72114,DOUBLE_ANTITHETIC_CRN_MC,16,CONTEXT_CONDITIONAL_ONLY,A,,"{""-1"": -1, ""1"": 1}"
E2_CONTEXT_SIGN_FLIP,72114,DOUBLE_ANTITHETIC_CRN_MC,32,CONTEXT_CONDITIONAL_ONLY,A,,"{""-1"": -1, ""1"": 1}"
E2_CONTEXT_SIGN_FLIP,72114,DOUBLE_ANTITHETIC_CRN_MC,64,CONTEXT_CONDITIONAL_ONLY,A,,"{""-1"": -1, ""1"": 1}"
E2_CONTEXT_SIGN_FLIP,72114,DOUBLE_ANTITHETIC_CRN_MC,128,CONTEXT_CONDITIONAL_ONLY,A,,"{""-1"": -1, ""1"": 1}"
E2_CONTEXT_SIGN_FLIP,72114,DOUBLE_ANTITHETIC_CRN_MC,256,CONTEXT_CONDITIONAL_ONLY,A,,"{""-1"": -1, ""1"": 1}"
E2_CONTEXT_SIGN_FLIP,72114,LEGACY_INDEPENDENT_MC,8,CONTEXT_CONDITIONAL_ONLY,A,,"{""-1"": -1, ""1"": 1}"
E2_CONTEXT_SIGN_FLIP,72114,LEGACY_INDEPENDENT_MC,16,CONTEXT_CONDITIONAL_ONLY,A,,"{""-1"": -1, ""1"": 1}"
E2_CONTEXT_SIGN_FLIP,72114,LEGACY_INDEPENDENT_MC,32,CONTEXT_CONDITIONAL_ONLY,A,,"{""-1"": -1, ""1"": 1}"
E2_CONTEXT_SIGN_FLIP,72114,LEGACY_INDEPENDENT_MC,64,CONTEXT_CONDITIONAL_ONLY,A,,"{""-1"": -1, ""1"": 1}"
E2_CONTEXT_SIGN_FLIP,72114,LEGACY_INDEPENDENT_MC,128,CONTEXT_CONDITIONAL_ONLY,A,,"{""-1"": -1, ""1"": 1}"
E2_CONTEXT_SIGN_FLIP,72114,LEGACY_INDEPENDENT_MC,256,CONTEXT_CONDITIONAL_ONLY,A,,"{""-1"": -1, ""1"": 1}"
E2_CONTEXT_SIGN_FLIP,72115,ANTITHETIC_CRN_MC,8,CONTEXT_CONDITIONAL_ONLY,A,,"{""-1"": -1, ""1"": 1}"
E2_CONTEXT_SIGN_FLIP,72115,ANTITHETIC_CRN_MC,16,CONTEXT_CONDITIONAL_ONLY,A,,"{""-1"": -1, ""1"": 1}"
E2_CONTEXT_SIGN_FLIP,72115,ANTITHETIC_CRN_MC,32,CONTEXT_CONDITIONAL_ONLY,A,,"{""-1"": -1, ""1"": 1}"
E2_CONTEXT_SIGN_FLIP,72115,ANTITHETIC_CRN_MC,64,CONTEXT_CONDITIONAL_ONLY,A,,"{""-1"": -1, ""1"": 1}"
E2_CONTEXT_SIGN_FLIP,72115,ANTITHETIC_CRN_MC,128,CONTEXT_CONDITIONAL_ONLY,A,,"{""-1"": -1, ""1"": 1}"
E2_CONTEXT_SIGN_FLIP,72115,ANTITHETIC_CRN_MC,256,CONTEXT_CONDITIONAL_ONLY,A,,"{""-1"": -1, ""1"": 1}"
E2_CONTEXT_SIGN_FLIP,72115,CRN_CHAIN_MC,8,CONTEXT_CONDITIONAL_ONLY,A,,"{""-1"": -1, ""1"": 1}"
E2_CONTEXT_SIGN_FLIP,72115,CRN_CHAIN_MC,16,CONTEXT_CONDITIONAL_ONLY,A,,"{""-1"": -1, ""1"": 1}"
E2_CONTEXT_SIGN_FLIP,72115,CRN_CHAIN_MC,32,CONTEXT_CONDITIONAL_ONLY,A,,"{""-1"": -1, ""1"": 1}"
E2_CONTEXT_SIGN_FLIP,72115,CRN_CHAIN_MC,64,CONTEXT_CONDITIONAL_ONLY,A,,"{""-1"": -1, ""1"": 1}"
E2_CONTEXT_SIGN_FLIP,72115,CRN_CHAIN_MC,128,CONTEXT_CONDITIONAL_ONLY,A,,"{""-1"": -1, ""1"": 1}"
E2_CONTEXT_SIGN_FLIP,72115,CRN_CHAIN_MC,256,CONTEXT_CONDITIONAL_ONLY,A,,"{""-1"": -1, ""1"": 1}"
E2_CONTEXT_SIGN_FLIP,72115,DOUBLE_ANTITHETIC_CRN_MC,8,CONTEXT_CONDITIONAL_ONLY,A,,"{""-1"": -1, ""1"": 1}"
E2_CONTEXT_SIGN_FLIP,72115,DOUBLE_ANTITHETIC_CRN_MC,16,CONTEXT_CONDITIONAL_ONLY,A,,"{""-1"": -1, ""1"": 1}"
E2_CONTEXT_SIGN_FLIP,72115,DOUBLE_ANTITHETIC_CRN_MC,32,CONTEXT_CONDITIONAL_ONLY,A,,"{""-1"": -1, ""1"": 1}"
E2_CONTEXT_SIGN_FLIP,72115,DOUBLE_ANTITHETIC_CRN_MC,64,CONTEXT_CONDITIONAL_ONLY,A,,"{""-1"": -1, ""1"": 1}"
E2_CONTEXT_SIGN_FLIP,72115,DOUBLE_ANTITHETIC_CRN_MC,128,CONTEXT_CONDITIONAL_ONLY,A,,"{""-1"": -1, ""1"": 1}"
E2_CONTEXT_SIGN_FLIP,72115,DOUBLE_ANTITHETIC_CRN_MC,256,CONTEXT_CONDITIONAL_ONLY,A,,"{""-1"": -1, ""1"": 1}"
E2_CONTEXT_SIGN_FLIP,72115,LEGACY_INDEPENDENT_MC,8,CONTEXT_CONDITIONAL_ONLY,A,,"{""-1"": -1, ""1"": 1}"
E2_CONTEXT_SIGN_FLIP,72115,LEGACY_INDEPENDENT_MC,16,CONTEXT_CONDITIONAL_ONLY,A,,"{""-1"": -1, ""1"": 1}"
E2_CONTEXT_SIGN_FLIP,72115,LEGACY_INDEPENDENT_MC,32,CONTEXT_CONDITIONAL_ONLY,A,,"{""-1"": -1, ""1"": 1}"
E2_CONTEXT_SIGN_FLIP,72115,LEGACY_INDEPENDENT_MC,64,CONTEXT_CONDITIONAL_ONLY,A,,"{""-1"": -1, ""1"": 1}"
E2_CONTEXT_SIGN_FLIP,72115,LEGACY_INDEPENDENT_MC,128,CONTEXT_CONDITIONAL_ONLY,A,,"{""-1"": -1, ""1"": 1}"
E2_CONTEXT_SIGN_FLIP,72115,LEGACY_INDEPENDENT_MC,256,CONTEXT_CONDITIONAL_ONLY,A,,"{""-1"": -1, ""1"": 1}"
E2_CONTEXT_SIGN_FLIP,72116,ANTITHETIC_CRN_MC,8,CONTEXT_CONDITIONAL_ONLY,A,,"{""-1"": -1, ""1"": 1}"
E2_CONTEXT_SIGN_FLIP,72116,ANTITHETIC_CRN_MC,16,CONTEXT_CONDITIONAL_ONLY,A,,"{""-1"": -1, ""1"": 1}"
E2_CONTEXT_SIGN_FLIP,72116,ANTITHETIC_CRN_MC,32,CONTEXT_CONDITIONAL_ONLY,A,,"{""-1"": -1, ""1"": 1}"
E2_CONTEXT_SIGN_FLIP,72116,ANTITHETIC_CRN_MC,64,CONTEXT_CONDITIONAL_ONLY,A,,"{""-1"": -1, ""1"": 1}"
E2_CONTEXT_SIGN_FLIP,72116,ANTITHETIC_CRN_MC,128,CONTEXT_CONDITIONAL_ONLY,A,,"{""-1"": -1, ""1"": 1}"
E2_CONTEXT_SIGN_FLIP,72116,ANTITHETIC_CRN_MC,256,CONTEXT_CONDITIONAL_ONLY,A,,"{""-1"": -1, ""1"": 1}"
E2_CONTEXT_SIGN_FLIP,72116,CRN_CHAIN_MC,8,CONTEXT_CONDITIONAL_ONLY,A,,"{""-1"": -1, ""1"": 1}"
E2_CONTEXT_SIGN_FLIP,72116,CRN_CHAIN_MC,16,CONTEXT_CONDITIONAL_ONLY,A,,"{""-1"": -1, ""1"": 1}"
E2_CONTEXT_SIGN_FLIP,72116,CRN_CHAIN_MC,32,CONTEXT_CONDITIONAL_ONLY,A,,"{""-1"": -1, ""1"": 1}"
E2_CONTEXT_SIGN_FLIP,72116,CRN_CHAIN_MC,64,CONTEXT_CONDITIONAL_ONLY,A,,"{""-1"": -1, ""1"": 1}"
E2_CONTEXT_SIGN_FLIP,72116,CRN_CHAIN_MC,128,CONTEXT_CONDITIONAL_ONLY,A,,"{""-1"": -1, ""1"": 1}"
E2_CONTEXT_SIGN_FLIP,72116,CRN_CHAIN_MC,256,CONTEXT_CONDITIONAL_ONLY,A,,"{""-1"": -1, ""1"": 1}"
E2_CONTEXT_SIGN_FLIP,72116,DOUBLE_ANTITHETIC_CRN_MC,8,CONTEXT_CONDITIONAL_ONLY,A,,"{""-1"": -1, ""1"": 1}"
E2_CONTEXT_SIGN_FLIP,72116,DOUBLE_ANTITHETIC_CRN_MC,16,CONTEXT_CONDITIONAL_ONLY,A,,"{""-1"": -1, ""1"": 1}"
E2_CONTEXT_SIGN_FLIP,72116,DOUBLE_ANTITHETIC_CRN_MC,32,CONTEXT_CONDITIONAL_ONLY,A,,"{""-1"": -1, ""1"": 1}"
E2_CONTEXT_SIGN_FLIP,72116,DOUBLE_ANTITHETIC_CRN_MC,64,CONTEXT_CONDITIONAL_ONLY,A,,"{""-1"": -1, ""1"": 1}"
E2_CONTEXT_SIGN_FLIP,72116,DOUBLE_ANTITHETIC_CRN_MC,128,CONTEXT_CONDITIONAL_ONLY,A,,"{""-1"": -1, ""1"": 1}"
E2_CONTEXT_SIGN_FLIP,72116,DOUBLE_ANTITHETIC_CRN_MC,256,CONTEXT_CONDITIONAL_ONLY,A,,"{""-1"": -1, ""1"": 1}"
E2_CONTEXT_SIGN_FLIP,72116,LEGACY_INDEPENDENT_MC,8,CONTEXT_CONDITIONAL_ONLY,A,,"{""-1"": -1, ""1"": 1}"
E2_CONTEXT_SIGN_FLIP,72116,LEGACY_INDEPENDENT_MC,16,CONTEXT_CONDITIONAL_ONLY,A,,"{""-1"": -1, ""1"": 1}"
E2_CONTEXT_SIGN_FLIP,72116,LEGACY_INDEPENDENT_MC,32,CONTEXT_CONDITIONAL_ONLY,A,,"{""-1"": -1, ""1"": 1}"
E2_CONTEXT_SIGN_FLIP,72116,LEGACY_INDEPENDENT_MC,64,CONTEXT_CONDITIONAL_ONLY,A,,"{""-1"": -1, ""1"": 1}"
E2_CONTEXT_SIGN_FLIP,72116,LEGACY_INDEPENDENT_MC,128,CONTEXT_CONDITIONAL_ONLY,A,,"{""-1"": -1, ""1"": 1}"
E2_CONTEXT_SIGN_FLIP,72116,LEGACY_INDEPENDENT_MC,256,CONTEXT_CONDITIONAL_ONLY,A,,"{""-1"": -1, ""1"": 1}"
E2_CONTEXT_SIGN_FLIP,72117,ANTITHETIC_CRN_MC,8,CONTEXT_CONDITIONAL_ONLY,A,,"{""-1"": -1, ""1"": 1}"
E2_CONTEXT_SIGN_FLIP,72117,ANTITHETIC_CRN_MC,16,CONTEXT_CONDITIONAL_ONLY,A,,"{""-1"": -1, ""1"": 1}"
E2_CONTEXT_SIGN_FLIP,72117,ANTITHETIC_CRN_MC,32,CONTEXT_CONDITIONAL_ONLY,A,,"{""-1"": -1, ""1"": 1}"
E2_CONTEXT_SIGN_FLIP,72117,ANTITHETIC_CRN_MC,64,CONTEXT_CONDITIONAL_ONLY,A,,"{""-1"": -1, ""1"": 1}"
E2_CONTEXT_SIGN_FLIP,72117,ANTITHETIC_CRN_MC,128,CONTEXT_CONDITIONAL_ONLY,A,,"{""-1"": -1, ""1"": 1}"
E2_CONTEXT_SIGN_FLIP,72117,ANTITHETIC_CRN_MC,256,CONTEXT_CONDITIONAL_ONLY,A,,"{""-1"": -1, ""1"": 1}"
E2_CONTEXT_SIGN_FLIP,72117,CRN_CHAIN_MC,8,CONTEXT_CONDITIONAL_ONLY,A,,"{""-1"": -1, ""1"": 1}"
E2_CONTEXT_SIGN_FLIP,72117,CRN_CHAIN_MC,16,CONTEXT_CONDITIONAL_ONLY,A,,"{""-1"": -1, ""1"": 1}"
E2_CONTEXT_SIGN_FLIP,72117,CRN_CHAIN_MC,32,CONTEXT_CONDITIONAL_ONLY,A,,"{""-1"": -1, ""1"": 1}"
E2_CONTEXT_SIGN_FLIP,72117,CRN_CHAIN_MC,64,CONTEXT_CONDITIONAL_ONLY,A,,"{""-1"": -1, ""1"": 1}"
E2_CONTEXT_SIGN_FLIP,72117,CRN_CHAIN_MC,128,CONTEXT_CONDITIONAL_ONLY,A,,"{""-1"": -1, ""1"": 1}"
E2_CONTEXT_SIGN_FLIP,72117,CRN_CHAIN_MC,256,CONTEXT_CONDITIONAL_ONLY,A,,"{""-1"": -1, ""1"": 1}"
E2_CONTEXT_SIGN_FLIP,72117,DOUBLE_ANTITHETIC_CRN_MC,8,CONTEXT_CONDITIONAL_ONLY,A,,"{""-1"": -1, ""1"": 1}"
E2_CONTEXT_SIGN_FLIP,72117,DOUBLE_ANTITHETIC_CRN_MC,16,CONTEXT_CONDITIONAL_ONLY,A,,"{""-1"": -1, ""1"": 1}"
E2_CONTEXT_SIGN_FLIP,72117,DOUBLE_ANTITHETIC_CRN_MC,32,CONTEXT_CONDITIONAL_ONLY,A,,"{""-1"": -1, ""1"": 1}"
E2_CONTEXT_SIGN_FLIP,72117,DOUBLE_ANTITHETIC_CRN_MC,64,CONTEXT_CONDITIONAL_ONLY,A,,"{""-1"": -1, ""1"": 1}"
E2_CONTEXT_SIGN_FLIP,72117,DOUBLE_ANTITHETIC_CRN_MC,128,CONTEXT_CONDITIONAL_ONLY,A,,"{""-1"": -1, ""1"": 1}"
E2_CONTEXT_SIGN_FLIP,72117,DOUBLE_ANTITHETIC_CRN_MC,256,CONTEXT_CONDITIONAL_ONLY,A,,"{""-1"": -1, ""1"": 1}"
E2_CONTEXT_SIGN_FLIP,72117,LEGACY_INDEPENDENT_MC,8,CONTEXT_CONDITIONAL_ONLY,A,,"{""-1"": -1, ""1"": 1}"
E2_CONTEXT_SIGN_FLIP,72117,LEGACY_INDEPENDENT_MC,16,CONTEXT_CONDITIONAL_ONLY,A,,"{""-1"": -1, ""1"": 1}"
E2_CONTEXT_SIGN_FLIP,72117,LEGACY_INDEPENDENT_MC,32,CONTEXT_CONDITIONAL_ONLY,A,,"{""-1"": -1, ""1"": 1}"
E2_CONTEXT_SIGN_FLIP,72117,LEGACY_INDEPENDENT_MC,64,CONTEXT_CONDITIONAL_ONLY,A,,"{""-1"": -1, ""1"": 1}"
E2_CONTEXT_SIGN_FLIP,72117,LEGACY_INDEPENDENT_MC,128,CONTEXT_CONDITIONAL_ONLY,A,,"{""-1"": -1, ""1"": 1}"
E2_CONTEXT_SIGN_FLIP,72117,LEGACY_INDEPENDENT_MC,256,CONTEXT_CONDITIONAL_ONLY,A,,"{""-1"": -1, ""1"": 1}"
E2_CONTEXT_SIGN_FLIP,72118,ANTITHETIC_CRN_MC,8,CONTEXT_CONDITIONAL_ONLY,A,,"{""-1"": -1, ""1"": 1}"
E2_CONTEXT_SIGN_FLIP,72118,ANTITHETIC_CRN_MC,16,CONTEXT_CONDITIONAL_ONLY,A,,"{""-1"": -1, ""1"": 1}"
E2_CONTEXT_SIGN_FLIP,72118,ANTITHETIC_CRN_MC,32,CONTEXT_CONDITIONAL_ONLY,A,,"{""-1"": -1, ""1"": 1}"
E2_CONTEXT_SIGN_FLIP,72118,ANTITHETIC_CRN_MC,64,CONTEXT_CONDITIONAL_ONLY,A,,"{""-1"": -1, ""1"": 1}"
E2_CONTEXT_SIGN_FLIP,72118,ANTITHETIC_CRN_MC,128,CONTEXT_CONDITIONAL_ONLY,A,,"{""-1"": -1, ""1"": 1}"
E2_CONTEXT_SIGN_FLIP,72118,ANTITHETIC_CRN_MC,256,CONTEXT_CONDITIONAL_ONLY,A,,"{""-1"": -1, ""1"": 1}"
E2_CONTEXT_SIGN_FLIP,72118,CRN_CHAIN_MC,8,CONTEXT_CONDITIONAL_ONLY,A,,"{""-1"": -1, ""1"": 1}"
E2_CONTEXT_SIGN_FLIP,72118,CRN_CHAIN_MC,16,CONTEXT_CONDITIONAL_ONLY,A,,"{""-1"": -1, ""1"": 1}"
E2_CONTEXT_SIGN_FLIP,72118,CRN_CHAIN_MC,32,CONTEXT_CONDITIONAL_ONLY,A,,"{""-1"": -1, ""1"": 1}"
E2_CONTEXT_SIGN_FLIP,72118,CRN_CHAIN_MC,64,CONTEXT_CONDITIONAL_ONLY,A,,"{""-1"": -1, ""1"": 1}"
E2_CONTEXT_SIGN_FLIP,72118,CRN_CHAIN_MC,128,CONTEXT_CONDITIONAL_ONLY,A,,"{""-1"": -1, ""1"": 1}"
E2_CONTEXT_SIGN_FLIP,72118,CRN_CHAIN_MC,256,CONTEXT_CONDITIONAL_ONLY,A,,"{""-1"": -1, ""1"": 1}"
E2_CONTEXT_SIGN_FLIP,72118,DOUBLE_ANTITHETIC_CRN_MC,8,CONTEXT_CONDITIONAL_ONLY,A,,"{""-1"": -1, ""1"": 1}"
E2_CONTEXT_SIGN_FLIP,72118,DOUBLE_ANTITHETIC_CRN_MC,16,CONTEXT_CONDITIONAL_ONLY,A,,"{""-1"": -1, ""1"": 1}"
E2_CONTEXT_SIGN_FLIP,72118,DOUBLE_ANTITHETIC_CRN_MC,32,CONTEXT_CONDITIONAL_ONLY,A,,"{""-1"": -1, ""1"": 1}"
E2_CONTEXT_SIGN_FLIP,72118,DOUBLE_ANTITHETIC_CRN_MC,64,CONTEXT_CONDITIONAL_ONLY,A,,"{""-1"": -1, ""1"": 1}"
E2_CONTEXT_SIGN_FLIP,72118,DOUBLE_ANTITHETIC_CRN_MC,128,CONTEXT_CONDITIONAL_ONLY,A,,"{""-1"": -1, ""1"": 1}"
E2_CONTEXT_SIGN_FLIP,72118,DOUBLE_ANTITHETIC_CRN_MC,256,CONTEXT_CONDITIONAL_ONLY,A,,"{""-1"": -1, ""1"": 1}"
E2_CONTEXT_SIGN_FLIP,72118,LEGACY_INDEPENDENT_MC,8,CONTEXT_CONDITIONAL_ONLY,A,,"{""-1"": -1, ""1"": 1}"
E2_CONTEXT_SIGN_FLIP,72118,LEGACY_INDEPENDENT_MC,16,CONTEXT_CONDITIONAL_ONLY,A,,"{""-1"": -1, ""1"": 1}"
E2_CONTEXT_SIGN_FLIP,72118,LEGACY_INDEPENDENT_MC,32,CONTEXT_CONDITIONAL_ONLY,A,,"{""-1"": -1, ""1"": 1}"
E2_CONTEXT_SIGN_FLIP,72118,LEGACY_INDEPENDENT_MC,64,CONTEXT_CONDITIONAL_ONLY,A,,"{""-1"": -1, ""1"": 1}"
E2_CONTEXT_SIGN_FLIP,72118,LEGACY_INDEPENDENT_MC,128,CONTEXT_CONDITIONAL_ONLY,A,,"{""-1"": -1, ""1"": 1}"
E2_CONTEXT_SIGN_FLIP,72118,LEGACY_INDEPENDENT_MC,256,CONTEXT_CONDITIONAL_ONLY,A,,"{""-1"": -1, ""1"": 1}"
E2_CONTEXT_SIGN_FLIP,72119,ANTITHETIC_CRN_MC,8,CONTEXT_CONDITIONAL_ONLY,A,,"{""-1"": -1, ""1"": 1}"
E2_CONTEXT_SIGN_FLIP,72119,ANTITHETIC_CRN_MC,16,CONTEXT_CONDITIONAL_ONLY,A,,"{""-1"": -1, ""1"": 1}"
E2_CONTEXT_SIGN_FLIP,72119,ANTITHETIC_CRN_MC,32,CONTEXT_CONDITIONAL_ONLY,A,,"{""-1"": -1, ""1"": 1}"
E2_CONTEXT_SIGN_FLIP,72119,ANTITHETIC_CRN_MC,64,CONTEXT_CONDITIONAL_ONLY,A,,"{""-1"": -1, ""1"": 1}"
E2_CONTEXT_SIGN_FLIP,72119,ANTITHETIC_CRN_MC,128,CONTEXT_CONDITIONAL_ONLY,A,,"{""-1"": -1, ""1"": 1}"
E2_CONTEXT_SIGN_FLIP,72119,ANTITHETIC_CRN_MC,256,CONTEXT_CONDITIONAL_ONLY,A,,"{""-1"": -1, ""1"": 1}"
E2_CONTEXT_SIGN_FLIP,72119,CRN_CHAIN_MC,8,CONTEXT_CONDITIONAL_ONLY,A,,"{""-1"": -1, ""1"": 1}"
E2_CONTEXT_SIGN_FLIP,72119,CRN_CHAIN_MC,16,CONTEXT_CONDITIONAL_ONLY,A,,"{""-1"": -1, ""1"": 1}"
E2_CONTEXT_SIGN_FLIP,72119,CRN_CHAIN_MC,32,CONTEXT_CONDITIONAL_ONLY,A,,"{""-1"": -1, ""1"": 1}"
E2_CONTEXT_SIGN_FLIP,72119,CRN_CHAIN_MC,64,CONTEXT_CONDITIONAL_ONLY,A,,"{""-1"": -1, ""1"": 1}"
E2_CONTEXT_SIGN_FLIP,72119,CRN_CHAIN_MC,128,CONTEXT_CONDITIONAL_ONLY,A,,"{""-1"": -1, ""1"": 1}"
E2_CONTEXT_SIGN_FLIP,72119,CRN_CHAIN_MC,256,CONTEXT_CONDITIONAL_ONLY,A,,"{""-1"": -1, ""1"": 1}"
E2_CONTEXT_SIGN_FLIP,72119,DOUBLE_ANTITHETIC_CRN_MC,8,CONTEXT_CONDITIONAL_ONLY,A,,"{""-1"": -1, ""1"": 1}"
E2_CONTEXT_SIGN_FLIP,72119,DOUBLE_ANTITHETIC_CRN_MC,16,CONTEXT_CONDITIONAL_ONLY,A,,"{""-1"": -1, ""1"": 1}"
E2_CONTEXT_SIGN_FLIP,72119,DOUBLE_ANTITHETIC_CRN_MC,32,CONTEXT_CONDITIONAL_ONLY,A,,"{""-1"": -1, ""1"": 1}"
E2_CONTEXT_SIGN_FLIP,72119,DOUBLE_ANTITHETIC_CRN_MC,64,CONTEXT_CONDITIONAL_ONLY,A,,"{""-1"": -1, ""1"": 1}"
E2_CONTEXT_SIGN_FLIP,72119,DOUBLE_ANTITHETIC_CRN_MC,128,CONTEXT_CONDITIONAL_ONLY,A,,"{""-1"": -1, ""1"": 1}"
E2_CONTEXT_SIGN_FLIP,72119,DOUBLE_ANTITHETIC_CRN_MC,256,CONTEXT_CONDITIONAL_ONLY,A,,"{""-1"": -1, ""1"": 1}"
E2_CONTEXT_SIGN_FLIP,72119,LEGACY_INDEPENDENT_MC,8,CONTEXT_CONDITIONAL_ONLY,A,,"{""-1"": -1, ""1"": 1}"
E2_CONTEXT_SIGN_FLIP,72119,LEGACY_INDEPENDENT_MC,16,CONTEXT_CONDITIONAL_ONLY,A,,"{""-1"": -1, ""1"": 1}"
E2_CONTEXT_SIGN_FLIP,72119,LEGACY_INDEPENDENT_MC,32,CONTEXT_CONDITIONAL_ONLY,A,,"{""-1"": -1, ""1"": 1}"
E2_CONTEXT_SIGN_FLIP,72119,LEGACY_INDEPENDENT_MC,64,CONTEXT_CONDITIONAL_ONLY,A,,"{""-1"": -1, ""1"": 1}"
E2_CONTEXT_SIGN_FLIP,72119,LEGACY_INDEPENDENT_MC,128,CONTEXT_CONDITIONAL_ONLY,A,,"{""-1"": -1, ""1"": 1}"
E2_CONTEXT_SIGN_FLIP,72119,LEGACY_INDEPENDENT_MC,256,CONTEXT_CONDITIONAL_ONLY,A,,"{""-1"": -1, ""1"": 1}"
E2_CONTEXT_SIGN_FLIP,72120,ANTITHETIC_CRN_MC,8,CONTEXT_CONDITIONAL_ONLY,A,,"{""-1"": -1, ""1"": 1}"
E2_CONTEXT_SIGN_FLIP,72120,ANTITHETIC_CRN_MC,16,CONTEXT_CONDITIONAL_ONLY,A,,"{""-1"": -1, ""1"": 1}"
E2_CONTEXT_SIGN_FLIP,72120,ANTITHETIC_CRN_MC,32,CONTEXT_CONDITIONAL_ONLY,A,,"{""-1"": -1, ""1"": 1}"
E2_CONTEXT_SIGN_FLIP,72120,ANTITHETIC_CRN_MC,64,CONTEXT_CONDITIONAL_ONLY,A,,"{""-1"": -1, ""1"": 1}"
E2_CONTEXT_SIGN_FLIP,72120,ANTITHETIC_CRN_MC,128,CONTEXT_CONDITIONAL_ONLY,A,,"{""-1"": -1, ""1"": 1}"
E2_CONTEXT_SIGN_FLIP,72120,ANTITHETIC_CRN_MC,256,CONTEXT_CONDITIONAL_ONLY,A,,"{""-1"": -1, ""1"": 1}"
E2_CONTEXT_SIGN_FLIP,72120,CRN_CHAIN_MC,8,CONTEXT_CONDITIONAL_ONLY,A,,"{""-1"": -1, ""1"": 1}"
E2_CONTEXT_SIGN_FLIP,72120,CRN_CHAIN_MC,16,CONTEXT_CONDITIONAL_ONLY,A,,"{""-1"": -1, ""1"": 1}"
E2_CONTEXT_SIGN_FLIP,72120,CRN_CHAIN_MC,32,CONTEXT_CONDITIONAL_ONLY,A,,"{""-1"": -1, ""1"": 1}"
E2_CONTEXT_SIGN_FLIP,72120,CRN_CHAIN_MC,64,CONTEXT_CONDITIONAL_ONLY,A,,"{""-1"": -1, ""1"": 1}"
E2_CONTEXT_SIGN_FLIP,72120,CRN_CHAIN_MC,128,CONTEXT_CONDITIONAL_ONLY,A,,"{""-1"": -1, ""1"": 1}"
E2_CONTEXT_SIGN_FLIP,72120,CRN_CHAIN_MC,256,CONTEXT_CONDITIONAL_ONLY,A,,"{""-1"": -1, ""1"": 1}"
E2_CONTEXT_SIGN_FLIP,72120,DOUBLE_ANTITHETIC_CRN_MC,8,CONTEXT_CONDITIONAL_ONLY,A,,"{""-1"": -1, ""1"": 1}"
E2_CONTEXT_SIGN_FLIP,72120,DOUBLE_ANTITHETIC_CRN_MC,16,CONTEXT_CONDITIONAL_ONLY,A,,"{""-1"": -1, ""1"": 1}"
E2_CONTEXT_SIGN_FLIP,72120,DOUBLE_ANTITHETIC_CRN_MC,32,CONTEXT_CONDITIONAL_ONLY,A,,"{""-1"": -1, ""1"": 1}"
E2_CONTEXT_SIGN_FLIP,72120,DOUBLE_ANTITHETIC_CRN_MC,64,CONTEXT_CONDITIONAL_ONLY,A,,"{""-1"": -1, ""1"": 1}"
E2_CONTEXT_SIGN_FLIP,72120,DOUBLE_ANTITHETIC_CRN_MC,128,CONTEXT_CONDITIONAL_ONLY,A,,"{""-1"": -1, ""1"": 1}"
E2_CONTEXT_SIGN_FLIP,72120,DOUBLE_ANTITHETIC_CRN_MC,256,CONTEXT_CONDITIONAL_ONLY,A,,"{""-1"": -1, ""1"": 1}"
E2_CONTEXT_SIGN_FLIP,72120,LEGACY_INDEPENDENT_MC,8,CONTEXT_CONDITIONAL_ONLY,A,,"{""-1"": -1, ""1"": 1}"
E2_CONTEXT_SIGN_FLIP,72120,LEGACY_INDEPENDENT_MC,16,CONTEXT_CONDITIONAL_ONLY,A,,"{""-1"": -1, ""1"": 1}"
E2_CONTEXT_SIGN_FLIP,72120,LEGACY_INDEPENDENT_MC,32,CONTEXT_CONDITIONAL_ONLY,A,,"{""-1"": -1, ""1"": 1}"
E2_CONTEXT_SIGN_FLIP,72120,LEGACY_INDEPENDENT_MC,64,CONTEXT_CONDITIONAL_ONLY,A,,"{""-1"": -1, ""1"": 1}"
E2_CONTEXT_SIGN_FLIP,72120,LEGACY_INDEPENDENT_MC,128,CONTEXT_CONDITIONAL_ONLY,A,,"{""-1"": -1, ""1"": 1}"
E2_CONTEXT_SIGN_FLIP,72120,LEGACY_INDEPENDENT_MC,256,CONTEXT_CONDITIONAL_ONLY,A,,"{""-1"": -1, ""1"": 1}"
E2_CONTEXT_SIGN_FLIP,72121,ANTITHETIC_CRN_MC,8,CONTEXT_CONDITIONAL_ONLY,A,,"{""-1"": -1, ""1"": 1}"
E2_CONTEXT_SIGN_FLIP,72121,ANTITHETIC_CRN_MC,16,CONTEXT_CONDITIONAL_ONLY,A,,"{""-1"": -1, ""1"": 1}"
E2_CONTEXT_SIGN_FLIP,72121,ANTITHETIC_CRN_MC,32,CONTEXT_CONDITIONAL_ONLY,A,,"{""-1"": -1, ""1"": 1}"
E2_CONTEXT_SIGN_FLIP,72121,ANTITHETIC_CRN_MC,64,CONTEXT_CONDITIONAL_ONLY,A,,"{""-1"": -1, ""1"": 1}"
E2_CONTEXT_SIGN_FLIP,72121,ANTITHETIC_CRN_MC,128,CONTEXT_CONDITIONAL_ONLY,A,,"{""-1"": -1, ""1"": 1}"
E2_CONTEXT_SIGN_FLIP,72121,ANTITHETIC_CRN_MC,256,CONTEXT_CONDITIONAL_ONLY,A,,"{""-1"": -1, ""1"": 1}"
E2_CONTEXT_SIGN_FLIP,72121,CRN_CHAIN_MC,8,CONTEXT_CONDITIONAL_ONLY,A,,"{""-1"": -1, ""1"": 1}"
E2_CONTEXT_SIGN_FLIP,72121,CRN_CHAIN_MC,16,CONTEXT_CONDITIONAL_ONLY,A,,"{""-1"": -1, ""1"": 1}"
E2_CONTEXT_SIGN_FLIP,72121,CRN_CHAIN_MC,32,CONTEXT_CONDITIONAL_ONLY,A,,"{""-1"": -1, ""1"": 1}"
E2_CONTEXT_SIGN_FLIP,72121,CRN_CHAIN_MC,64,CONTEXT_CONDITIONAL_ONLY,A,,"{""-1"": -1, ""1"": 1}"
E2_CONTEXT_SIGN_FLIP,72121,CRN_CHAIN_MC,128,CONTEXT_CONDITIONAL_ONLY,A,,"{""-1"": -1, ""1"": 1}"
E2_CONTEXT_SIGN_FLIP,72121,CRN_CHAIN_MC,256,CONTEXT_CONDITIONAL_ONLY,A,,"{""-1"": -1, ""1"": 1}"
E2_CONTEXT_SIGN_FLIP,72121,DOUBLE_ANTITHETIC_CRN_MC,8,CONTEXT_CONDITIONAL_ONLY,A,,"{""-1"": -1, ""1"": 1}"
E2_CONTEXT_SIGN_FLIP,72121,DOUBLE_ANTITHETIC_CRN_MC,16,CONTEXT_CONDITIONAL_ONLY,A,,"{""-1"": -1, ""1"": 1}"
E2_CONTEXT_SIGN_FLIP,72121,DOUBLE_ANTITHETIC_CRN_MC,32,CONTEXT_CONDITIONAL_ONLY,A,,"{""-1"": -1, ""1"": 1}"
E2_CONTEXT_SIGN_FLIP,72121,DOUBLE_ANTITHETIC_CRN_MC,64,CONTEXT_CONDITIONAL_ONLY,A,,"{""-1"": -1, ""1"": 1}"
E2_CONTEXT_SIGN_FLIP,72121,DOUBLE_ANTITHETIC_CRN_MC,128,CONTEXT_CONDITIONAL_ONLY,A,,"{""-1"": -1, ""1"": 1}"
E2_CONTEXT_SIGN_FLIP,72121,DOUBLE_ANTITHETIC_CRN_MC,256,CONTEXT_CONDITIONAL_ONLY,A,,"{""-1"": -1, ""1"": 1}"
E2_CONTEXT_SIGN_FLIP,72121,LEGACY_INDEPENDENT_MC,8,CONTEXT_CONDITIONAL_ONLY,A,,"{""-1"": -1, ""1"": 1}"
E2_CONTEXT_SIGN_FLIP,72121,LEGACY_INDEPENDENT_MC,16,CONTEXT_CONDITIONAL_ONLY,A,,"{""-1"": -1, ""1"": 1}"
E2_CONTEXT_SIGN_FLIP,72121,LEGACY_INDEPENDENT_MC,32,CONTEXT_CONDITIONAL_ONLY,A,,"{""-1"": -1, ""1"": 1}"
E2_CONTEXT_SIGN_FLIP,72121,LEGACY_INDEPENDENT_MC,64,CONTEXT_CONDITIONAL_ONLY,A,,"{""-1"": -1, ""1"": 1}"
E2_CONTEXT_SIGN_FLIP,72121,LEGACY_INDEPENDENT_MC,128,CONTEXT_CONDITIONAL_ONLY,A,,"{""-1"": -1, ""1"": 1}"
E2_CONTEXT_SIGN_FLIP,72121,LEGACY_INDEPENDENT_MC,256,CONTEXT_CONDITIONAL_ONLY,A,,"{""-1"": -1, ""1"": 1}"
E2_CONTEXT_SIGN_FLIP,72122,ANTITHETIC_CRN_MC,8,CONTEXT_CONDITIONAL_ONLY,A,,"{""-1"": -1, ""1"": 1}"
E2_CONTEXT_SIGN_FLIP,72122,ANTITHETIC_CRN_MC,16,CONTEXT_CONDITIONAL_ONLY,A,,"{""-1"": -1, ""1"": 1}"
E2_CONTEXT_SIGN_FLIP,72122,ANTITHETIC_CRN_MC,32,CONTEXT_CONDITIONAL_ONLY,A,,"{""-1"": -1, ""1"": 1}"
E2_CONTEXT_SIGN_FLIP,72122,ANTITHETIC_CRN_MC,64,CONTEXT_CONDITIONAL_ONLY,A,,"{""-1"": -1, ""1"": 1}"
E2_CONTEXT_SIGN_FLIP,72122,ANTITHETIC_CRN_MC,128,CONTEXT_CONDITIONAL_ONLY,A,,"{""-1"": -1, ""1"": 1}"
E2_CONTEXT_SIGN_FLIP,72122,ANTITHETIC_CRN_MC,256,CONTEXT_CONDITIONAL_ONLY,A,,"{""-1"": -1, ""1"": 1}"
E2_CONTEXT_SIGN_FLIP,72122,CRN_CHAIN_MC,8,CONTEXT_CONDITIONAL_ONLY,A,,"{""-1"": -1, ""1"": 1}"
E2_CONTEXT_SIGN_FLIP,72122,CRN_CHAIN_MC,16,CONTEXT_CONDITIONAL_ONLY,A,,"{""-1"": -1, ""1"": 1}"
E2_CONTEXT_SIGN_FLIP,72122,CRN_CHAIN_MC,32,CONTEXT_CONDITIONAL_ONLY,A,,"{""-1"": -1, ""1"": 1}"
E2_CONTEXT_SIGN_FLIP,72122,CRN_CHAIN_MC,64,CONTEXT_CONDITIONAL_ONLY,A,,"{""-1"": -1, ""1"": 1}"
E2_CONTEXT_SIGN_FLIP,72122,CRN_CHAIN_MC,128,CONTEXT_CONDITIONAL_ONLY,A,,"{""-1"": -1, ""1"": 1}"
E2_CONTEXT_SIGN_FLIP,72122,CRN_CHAIN_MC,256,CONTEXT_CONDITIONAL_ONLY,A,,"{""-1"": -1, ""1"": 1}"
E2_CONTEXT_SIGN_FLIP,72122,DOUBLE_ANTITHETIC_CRN_MC,8,CONTEXT_CONDITIONAL_ONLY,A,,"{""-1"": -1, ""1"": 1}"
E2_CONTEXT_SIGN_FLIP,72122,DOUBLE_ANTITHETIC_CRN_MC,16,CONTEXT_CONDITIONAL_ONLY,A,,"{""-1"": -1, ""1"": 1}"
E2_CONTEXT_SIGN_FLIP,72122,DOUBLE_ANTITHETIC_CRN_MC,32,CONTEXT_CONDITIONAL_ONLY,A,,"{""-1"": -1, ""1"": 1}"
E2_CONTEXT_SIGN_FLIP,72122,DOUBLE_ANTITHETIC_CRN_MC,64,CONTEXT_CONDITIONAL_ONLY,A,,"{""-1"": -1, ""1"": 1}"
E2_CONTEXT_SIGN_FLIP,72122,DOUBLE_ANTITHETIC_CRN_MC,128,CONTEXT_CONDITIONAL_ONLY,A,,"{""-1"": -1, ""1"": 1}"
E2_CONTEXT_SIGN_FLIP,72122,DOUBLE_ANTITHETIC_CRN_MC,256,CONTEXT_CONDITIONAL_ONLY,A,,"{""-1"": -1, ""1"": 1}"
E2_CONTEXT_SIGN_FLIP,72122,LEGACY_INDEPENDENT_MC,8,CONTEXT_CONDITIONAL_ONLY,A,,"{""-1"": -1, ""1"": 1}"
E2_CONTEXT_SIGN_FLIP,72122,LEGACY_INDEPENDENT_MC,16,CONTEXT_CONDITIONAL_ONLY,A,,"{""-1"": -1, ""1"": 1}"
E2_CONTEXT_SIGN_FLIP,72122,LEGACY_INDEPENDENT_MC,32,CONTEXT_CONDITIONAL_ONLY,A,,"{""-1"": -1, ""1"": 1}"
E2_CONTEXT_SIGN_FLIP,72122,LEGACY_INDEPENDENT_MC,64,CONTEXT_CONDITIONAL_ONLY,A,,"{""-1"": -1, ""1"": 1}"
E2_CONTEXT_SIGN_FLIP,72122,LEGACY_INDEPENDENT_MC,128,CONTEXT_CONDITIONAL_ONLY,A,,"{""-1"": -1, ""1"": 1}"
E2_CONTEXT_SIGN_FLIP,72122,LEGACY_INDEPENDENT_MC,256,CONTEXT_CONDITIONAL_ONLY,A,,"{""-1"": -1, ""1"": 1}"
E2_CONTEXT_SIGN_FLIP,72123,ANTITHETIC_CRN_MC,8,CONTEXT_CONDITIONAL_ONLY,A,,"{""-1"": -1, ""1"": 1}"
E2_CONTEXT_SIGN_FLIP,72123,ANTITHETIC_CRN_MC,16,CONTEXT_CONDITIONAL_ONLY,A,,"{""-1"": -1, ""1"": 1}"
E2_CONTEXT_SIGN_FLIP,72123,ANTITHETIC_CRN_MC,32,CONTEXT_CONDITIONAL_ONLY,A,,"{""-1"": -1, ""1"": 1}"
E2_CONTEXT_SIGN_FLIP,72123,ANTITHETIC_CRN_MC,64,CONTEXT_CONDITIONAL_ONLY,A,,"{""-1"": -1, ""1"": 1}"
E2_CONTEXT_SIGN_FLIP,72123,ANTITHETIC_CRN_MC,128,CONTEXT_CONDITIONAL_ONLY,A,,"{""-1"": -1, ""1"": 1}"
E2_CONTEXT_SIGN_FLIP,72123,ANTITHETIC_CRN_MC,256,CONTEXT_CONDITIONAL_ONLY,A,,"{""-1"": -1, ""1"": 1}"
E2_CONTEXT_SIGN_FLIP,72123,CRN_CHAIN_MC,8,CONTEXT_CONDITIONAL_ONLY,A,,"{""-1"": -1, ""1"": 1}"
E2_CONTEXT_SIGN_FLIP,72123,CRN_CHAIN_MC,16,CONTEXT_CONDITIONAL_ONLY,A,,"{""-1"": -1, ""1"": 1}"
E2_CONTEXT_SIGN_FLIP,72123,CRN_CHAIN_MC,32,CONTEXT_CONDITIONAL_ONLY,A,,"{""-1"": -1, ""1"": 1}"
E2_CONTEXT_SIGN_FLIP,72123,CRN_CHAIN_MC,64,CONTEXT_CONDITIONAL_ONLY,A,,"{""-1"": -1, ""1"": 1}"
E2_CONTEXT_SIGN_FLIP,72123,CRN_CHAIN_MC,128,CONTEXT_CONDITIONAL_ONLY,A,,"{""-1"": -1, ""1"": 1}"
E2_CONTEXT_SIGN_FLIP,72123,CRN_CHAIN_MC,256,CONTEXT_CONDITIONAL_ONLY,A,,"{""-1"": -1, ""1"": 1}"
E2_CONTEXT_SIGN_FLIP,72123,DOUBLE_ANTITHETIC_CRN_MC,8,CONTEXT_CONDITIONAL_ONLY,A,,"{""-1"": -1, ""1"": 1}"
E2_CONTEXT_SIGN_FLIP,72123,DOUBLE_ANTITHETIC_CRN_MC,16,CONTEXT_CONDITIONAL_ONLY,A,,"{""-1"": -1, ""1"": 1}"
E2_CONTEXT_SIGN_FLIP,72123,DOUBLE_ANTITHETIC_CRN_MC,32,CONTEXT_CONDITIONAL_ONLY,A,,"{""-1"": -1, ""1"": 1}"
E2_CONTEXT_SIGN_FLIP,72123,DOUBLE_ANTITHETIC_CRN_MC,64,CONTEXT_CONDITIONAL_ONLY,A,,"{""-1"": -1, ""1"": 1}"
E2_CONTEXT_SIGN_FLIP,72123,DOUBLE_ANTITHETIC_CRN_MC,128,CONTEXT_CONDITIONAL_ONLY,A,,"{""-1"": -1, ""1"": 1}"
E2_CONTEXT_SIGN_FLIP,72123,DOUBLE_ANTITHETIC_CRN_MC,256,CONTEXT_CONDITIONAL_ONLY,A,,"{""-1"": -1, ""1"": 1}"
E2_CONTEXT_SIGN_FLIP,72123,LEGACY_INDEPENDENT_MC,8,CONTEXT_CONDITIONAL_ONLY,A,,"{""-1"": -1, ""1"": 1}"
E2_CONTEXT_SIGN_FLIP,72123,LEGACY_INDEPENDENT_MC,16,CONTEXT_CONDITIONAL_ONLY,A,,"{""-1"": -1, ""1"": 1}"
E2_CONTEXT_SIGN_FLIP,72123,LEGACY_INDEPENDENT_MC,32,CONTEXT_CONDITIONAL_ONLY,A,,"{""-1"": -1, ""1"": 1}"
E2_CONTEXT_SIGN_FLIP,72123,LEGACY_INDEPENDENT_MC,64,CONTEXT_CONDITIONAL_ONLY,A,,"{""-1"": -1, ""1"": 1}"
E2_CONTEXT_SIGN_FLIP,72123,LEGACY_INDEPENDENT_MC,128,CONTEXT_CONDITIONAL_ONLY,A,,"{""-1"": -1, ""1"": 1}"
E2_CONTEXT_SIGN_FLIP,72123,LEGACY_INDEPENDENT_MC,256,CONTEXT_CONDITIONAL_ONLY,A,,"{""-1"": -1, ""1"": 1}"
E2_CONTEXT_SIGN_FLIP,72124,ANTITHETIC_CRN_MC,8,CONTEXT_CONDITIONAL_ONLY,A,,"{""-1"": -1, ""1"": 1}"
E2_CONTEXT_SIGN_FLIP,72124,ANTITHETIC_CRN_MC,16,CONTEXT_CONDITIONAL_ONLY,A,,"{""-1"": -1, ""1"": 1}"
E2_CONTEXT_SIGN_FLIP,72124,ANTITHETIC_CRN_MC,32,CONTEXT_CONDITIONAL_ONLY,A,,"{""-1"": -1, ""1"": 1}"
E2_CONTEXT_SIGN_FLIP,72124,ANTITHETIC_CRN_MC,64,CONTEXT_CONDITIONAL_ONLY,A,,"{""-1"": -1, ""1"": 1}"
E2_CONTEXT_SIGN_FLIP,72124,ANTITHETIC_CRN_MC,128,CONTEXT_CONDITIONAL_ONLY,A,,"{""-1"": -1, ""1"": 1}"
E2_CONTEXT_SIGN_FLIP,72124,ANTITHETIC_CRN_MC,256,CONTEXT_CONDITIONAL_ONLY,A,,"{""-1"": -1, ""1"": 1}"
E2_CONTEXT_SIGN_FLIP,72124,CRN_CHAIN_MC,8,CONTEXT_CONDITIONAL_ONLY,A,,"{""-1"": -1, ""1"": 1}"
E2_CONTEXT_SIGN_FLIP,72124,CRN_CHAIN_MC,16,CONTEXT_CONDITIONAL_ONLY,A,,"{""-1"": -1, ""1"": 1}"
E2_CONTEXT_SIGN_FLIP,72124,CRN_CHAIN_MC,32,CONTEXT_CONDITIONAL_ONLY,A,,"{""-1"": -1, ""1"": 1}"
E2_CONTEXT_SIGN_FLIP,72124,CRN_CHAIN_MC,64,CONTEXT_CONDITIONAL_ONLY,A,,"{""-1"": -1, ""1"": 1}"
E2_CONTEXT_SIGN_FLIP,72124,CRN_CHAIN_MC,128,CONTEXT_CONDITIONAL_ONLY,A,,"{""-1"": -1, ""1"": 1}"
E2_CONTEXT_SIGN_FLIP,72124,CRN_CHAIN_MC,256,CONTEXT_CONDITIONAL_ONLY,A,,"{""-1"": -1, ""1"": 1}"
E2_CONTEXT_SIGN_FLIP,72124,DOUBLE_ANTITHETIC_CRN_MC,8,CONTEXT_CONDITIONAL_ONLY,A,,"{""-1"": -1, ""1"": 1}"
E2_CONTEXT_SIGN_FLIP,72124,DOUBLE_ANTITHETIC_CRN_MC,16,CONTEXT_CONDITIONAL_ONLY,A,,"{""-1"": -1, ""1"": 1}"
E2_CONTEXT_SIGN_FLIP,72124,DOUBLE_ANTITHETIC_CRN_MC,32,CONTEXT_CONDITIONAL_ONLY,A,,"{""-1"": -1, ""1"": 1}"
E2_CONTEXT_SIGN_FLIP,72124,DOUBLE_ANTITHETIC_CRN_MC,64,CONTEXT_CONDITIONAL_ONLY,A,,"{""-1"": -1, ""1"": 1}"
E2_CONTEXT_SIGN_FLIP,72124,DOUBLE_ANTITHETIC_CRN_MC,128,CONTEXT_CONDITIONAL_ONLY,A,,"{""-1"": -1, ""1"": 1}"
E2_CONTEXT_SIGN_FLIP,72124,DOUBLE_ANTITHETIC_CRN_MC,256,CONTEXT_CONDITIONAL_ONLY,A,,"{""-1"": -1, ""1"": 1}"
E2_CONTEXT_SIGN_FLIP,72124,LEGACY_INDEPENDENT_MC,8,CONTEXT_CONDITIONAL_ONLY,A,,"{""-1"": -1, ""1"": 1}"
E2_CONTEXT_SIGN_FLIP,72124,LEGACY_INDEPENDENT_MC,16,CONTEXT_CONDITIONAL_ONLY,A,,"{""-1"": -1, ""1"": 1}"
E2_CONTEXT_SIGN_FLIP,72124,LEGACY_INDEPENDENT_MC,32,CONTEXT_CONDITIONAL_ONLY,A,,"{""-1"": -1, ""1"": 1}"
E2_CONTEXT_SIGN_FLIP,72124,LEGACY_INDEPENDENT_MC,64,CONTEXT_CONDITIONAL_ONLY,A,,"{""-1"": -1, ""1"": 1}"
E2_CONTEXT_SIGN_FLIP,72124,LEGACY_INDEPENDENT_MC,128,CONTEXT_CONDITIONAL_ONLY,A,,"{""-1"": -1, ""1"": 1}"
E2_CONTEXT_SIGN_FLIP,72124,LEGACY_INDEPENDENT_MC,256,CONTEXT_CONDITIONAL_ONLY,A,,"{""-1"": -1, ""1"": 1}"
E2_CONTEXT_SIGN_FLIP,72125,ANTITHETIC_CRN_MC,8,CONTEXT_CONDITIONAL_ONLY,A,,"{""-1"": -1, ""1"": 1}"
E2_CONTEXT_SIGN_FLIP,72125,ANTITHETIC_CRN_MC,16,CONTEXT_CONDITIONAL_ONLY,A,,"{""-1"": -1, ""1"": 1}"
E2_CONTEXT_SIGN_FLIP,72125,ANTITHETIC_CRN_MC,32,CONTEXT_CONDITIONAL_ONLY,A,,"{""-1"": -1, ""1"": 1}"
E2_CONTEXT_SIGN_FLIP,72125,ANTITHETIC_CRN_MC,64,CONTEXT_CONDITIONAL_ONLY,A,,"{""-1"": -1, ""1"": 1}"
E2_CONTEXT_SIGN_FLIP,72125,ANTITHETIC_CRN_MC,128,CONTEXT_CONDITIONAL_ONLY,A,,"{""-1"": -1, ""1"": 1}"
E2_CONTEXT_SIGN_FLIP,72125,ANTITHETIC_CRN_MC,256,CONTEXT_CONDITIONAL_ONLY,A,,"{""-1"": -1, ""1"": 1}"
E2_CONTEXT_SIGN_FLIP,72125,CRN_CHAIN_MC,8,CONTEXT_CONDITIONAL_ONLY,A,,"{""-1"": -1, ""1"": 1}"
E2_CONTEXT_SIGN_FLIP,72125,CRN_CHAIN_MC,16,CONTEXT_CONDITIONAL_ONLY,A,,"{""-1"": -1, ""1"": 1}"
E2_CONTEXT_SIGN_FLIP,72125,CRN_CHAIN_MC,32,CONTEXT_CONDITIONAL_ONLY,A,,"{""-1"": -1, ""1"": 1}"
E2_CONTEXT_SIGN_FLIP,72125,CRN_CHAIN_MC,64,CONTEXT_CONDITIONAL_ONLY,A,,"{""-1"": -1, ""1"": 1}"
E2_CONTEXT_SIGN_FLIP,72125,CRN_CHAIN_MC,128,CONTEXT_CONDITIONAL_ONLY,A,,"{""-1"": -1, ""1"": 1}"
E2_CONTEXT_SIGN_FLIP,72125,CRN_CHAIN_MC,256,CONTEXT_CONDITIONAL_ONLY,A,,"{""-1"": -1, ""1"": 1}"
E2_CONTEXT_SIGN_FLIP,72125,DOUBLE_ANTITHETIC_CRN_MC,8,CONTEXT_CONDITIONAL_ONLY,A,,"{""-1"": -1, ""1"": 1}"
E2_CONTEXT_SIGN_FLIP,72125,DOUBLE_ANTITHETIC_CRN_MC,16,CONTEXT_CONDITIONAL_ONLY,A,,"{""-1"": -1, ""1"": 1}"
E2_CONTEXT_SIGN_FLIP,72125,DOUBLE_ANTITHETIC_CRN_MC,32,CONTEXT_CONDITIONAL_ONLY,A,,"{""-1"": -1, ""1"": 1}"
E2_CONTEXT_SIGN_FLIP,72125,DOUBLE_ANTITHETIC_CRN_MC,64,CONTEXT_CONDITIONAL_ONLY,A,,"{""-1"": -1, ""1"": 1}"
E2_CONTEXT_SIGN_FLIP,72125,DOUBLE_ANTITHETIC_CRN_MC,128,CONTEXT_CONDITIONAL_ONLY,A,,"{""-1"": -1, ""1"": 1}"
E2_CONTEXT_SIGN_FLIP,72125,DOUBLE_ANTITHETIC_CRN_MC,256,CONTEXT_CONDITIONAL_ONLY,A,,"{""-1"": -1, ""1"": 1}"
E2_CONTEXT_SIGN_FLIP,72125,LEGACY_INDEPENDENT_MC,8,CONTEXT_CONDITIONAL_ONLY,A,,"{""-1"": -1, ""1"": 1}"
E2_CONTEXT_SIGN_FLIP,72125,LEGACY_INDEPENDENT_MC,16,CONTEXT_CONDITIONAL_ONLY,A,,"{""-1"": -1, ""1"": 1}"
E2_CONTEXT_SIGN_FLIP,72125,LEGACY_INDEPENDENT_MC,32,CONTEXT_CONDITIONAL_ONLY,A,,"{""-1"": -1, ""1"": 1}"
E2_CONTEXT_SIGN_FLIP,72125,LEGACY_INDEPENDENT_MC,64,CONTEXT_CONDITIONAL_ONLY,A,,"{""-1"": -1, ""1"": 1}"
E2_CONTEXT_SIGN_FLIP,72125,LEGACY_INDEPENDENT_MC,128,CONTEXT_CONDITIONAL_ONLY,A,,"{""-1"": -1, ""1"": 1}"
E2_CONTEXT_SIGN_FLIP,72125,LEGACY_INDEPENDENT_MC,256,CONTEXT_CONDITIONAL_ONLY,A,,"{""-1"": -1, ""1"": 1}"
E2_CONTEXT_SIGN_FLIP,72126,ANTITHETIC_CRN_MC,8,CONTEXT_CONDITIONAL_ONLY,A,,"{""-1"": -1, ""1"": 1}"
E2_CONTEXT_SIGN_FLIP,72126,ANTITHETIC_CRN_MC,16,CONTEXT_CONDITIONAL_ONLY,A,,"{""-1"": -1, ""1"": 1}"
E2_CONTEXT_SIGN_FLIP,72126,ANTITHETIC_CRN_MC,32,CONTEXT_CONDITIONAL_ONLY,A,,"{""-1"": -1, ""1"": 1}"
E2_CONTEXT_SIGN_FLIP,72126,ANTITHETIC_CRN_MC,64,CONTEXT_CONDITIONAL_ONLY,A,,"{""-1"": -1, ""1"": 1}"
E2_CONTEXT_SIGN_FLIP,72126,ANTITHETIC_CRN_MC,128,CONTEXT_CONDITIONAL_ONLY,A,,"{""-1"": -1, ""1"": 1}"
E2_CONTEXT_SIGN_FLIP,72126,ANTITHETIC_CRN_MC,256,CONTEXT_CONDITIONAL_ONLY,A,,"{""-1"": -1, ""1"": 1}"
E2_CONTEXT_SIGN_FLIP,72126,CRN_CHAIN_MC,8,CONTEXT_CONDITIONAL_ONLY,A,,"{""-1"": -1, ""1"": 1}"
E2_CONTEXT_SIGN_FLIP,72126,CRN_CHAIN_MC,16,CONTEXT_CONDITIONAL_ONLY,A,,"{""-1"": -1, ""1"": 1}"
E2_CONTEXT_SIGN_FLIP,72126,CRN_CHAIN_MC,32,CONTEXT_CONDITIONAL_ONLY,A,,"{""-1"": -1, ""1"": 1}"
E2_CONTEXT_SIGN_FLIP,72126,CRN_CHAIN_MC,64,CONTEXT_CONDITIONAL_ONLY,A,,"{""-1"": -1, ""1"": 1}"
E2_CONTEXT_SIGN_FLIP,72126,CRN_CHAIN_MC,128,CONTEXT_CONDITIONAL_ONLY,A,,"{""-1"": -1, ""1"": 1}"
E2_CONTEXT_SIGN_FLIP,72126,CRN_CHAIN_MC,256,CONTEXT_CONDITIONAL_ONLY,A,,"{""-1"": -1, ""1"": 1}"
E2_CONTEXT_SIGN_FLIP,72126,DOUBLE_ANTITHETIC_CRN_MC,8,CONTEXT_CONDITIONAL_ONLY,A,,"{""-1"": -1, ""1"": 1}"
E2_CONTEXT_SIGN_FLIP,72126,DOUBLE_ANTITHETIC_CRN_MC,16,CONTEXT_CONDITIONAL_ONLY,A,,"{""-1"": -1, ""1"": 1}"
E2_CONTEXT_SIGN_FLIP,72126,DOUBLE_ANTITHETIC_CRN_MC,32,CONTEXT_CONDITIONAL_ONLY,A,,"{""-1"": -1, ""1"": 1}"
E2_CONTEXT_SIGN_FLIP,72126,DOUBLE_ANTITHETIC_CRN_MC,64,CONTEXT_CONDITIONAL_ONLY,A,,"{""-1"": -1, ""1"": 1}"
E2_CONTEXT_SIGN_FLIP,72126,DOUBLE_ANTITHETIC_CRN_MC,128,CONTEXT_CONDITIONAL_ONLY,A,,"{""-1"": -1, ""1"": 1}"
E2_CONTEXT_SIGN_FLIP,72126,DOUBLE_ANTITHETIC_CRN_MC,256,CONTEXT_CONDITIONAL_ONLY,A,,"{""-1"": -1, ""1"": 1}"
E2_CONTEXT_SIGN_FLIP,72126,LEGACY_INDEPENDENT_MC,8,CONTEXT_CONDITIONAL_ONLY,A,,"{""-1"": -1, ""1"": 1}"
E2_CONTEXT_SIGN_FLIP,72126,LEGACY_INDEPENDENT_MC,16,CONTEXT_CONDITIONAL_ONLY,A,,"{""-1"": -1, ""1"": 1}"
E2_CONTEXT_SIGN_FLIP,72126,LEGACY_INDEPENDENT_MC,32,CONTEXT_CONDITIONAL_ONLY,A,,"{""-1"": -1, ""1"": 1}"
E2_CONTEXT_SIGN_FLIP,72126,LEGACY_INDEPENDENT_MC,64,CONTEXT_CONDITIONAL_ONLY,A,,"{""-1"": -1, ""1"": 1}"
E2_CONTEXT_SIGN_FLIP,72126,LEGACY_INDEPENDENT_MC,128,CONTEXT_CONDITIONAL_ONLY,A,,"{""-1"": -1, ""1"": 1}"
E2_CONTEXT_SIGN_FLIP,72126,LEGACY_INDEPENDENT_MC,256,CONTEXT_CONDITIONAL_ONLY,A,,"{""-1"": -1, ""1"": 1}"
E2_CONTEXT_SIGN_FLIP,72127,ANTITHETIC_CRN_MC,8,CONTEXT_CONDITIONAL_ONLY,A,,"{""-1"": -1, ""1"": 1}"
E2_CONTEXT_SIGN_FLIP,72127,ANTITHETIC_CRN_MC,16,CONTEXT_CONDITIONAL_ONLY,A,,"{""-1"": -1, ""1"": 1}"
E2_CONTEXT_SIGN_FLIP,72127,ANTITHETIC_CRN_MC,32,CONTEXT_CONDITIONAL_ONLY,A,,"{""-1"": -1, ""1"": 1}"
E2_CONTEXT_SIGN_FLIP,72127,ANTITHETIC_CRN_MC,64,CONTEXT_CONDITIONAL_ONLY,A,,"{""-1"": -1, ""1"": 1}"
E2_CONTEXT_SIGN_FLIP,72127,ANTITHETIC_CRN_MC,128,CONTEXT_CONDITIONAL_ONLY,A,,"{""-1"": -1, ""1"": 1}"
E2_CONTEXT_SIGN_FLIP,72127,ANTITHETIC_CRN_MC,256,CONTEXT_CONDITIONAL_ONLY,A,,"{""-1"": -1, ""1"": 1}"
E2_CONTEXT_SIGN_FLIP,72127,CRN_CHAIN_MC,8,CONTEXT_CONDITIONAL_ONLY,A,,"{""-1"": -1, ""1"": 1}"
E2_CONTEXT_SIGN_FLIP,72127,CRN_CHAIN_MC,16,CONTEXT_CONDITIONAL_ONLY,A,,"{""-1"": -1, ""1"": 1}"
E2_CONTEXT_SIGN_FLIP,72127,CRN_CHAIN_MC,32,CONTEXT_CONDITIONAL_ONLY,A,,"{""-1"": -1, ""1"": 1}"
E2_CONTEXT_SIGN_FLIP,72127,CRN_CHAIN_MC,64,CONTEXT_CONDITIONAL_ONLY,A,,"{""-1"": -1, ""1"": 1}"
E2_CONTEXT_SIGN_FLIP,72127,CRN_CHAIN_MC,128,CONTEXT_CONDITIONAL_ONLY,A,,"{""-1"": -1, ""1"": 1}"
E2_CONTEXT_SIGN_FLIP,72127,CRN_CHAIN_MC,256,CONTEXT_CONDITIONAL_ONLY,A,,"{""-1"": -1, ""1"": 1}"
E2_CONTEXT_SIGN_FLIP,72127,DOUBLE_ANTITHETIC_CRN_MC,8,CONTEXT_CONDITIONAL_ONLY,A,,"{""-1"": -1, ""1"": 1}"
E2_CONTEXT_SIGN_FLIP,72127,DOUBLE_ANTITHETIC_CRN_MC,16,CONTEXT_CONDITIONAL_ONLY,A,,"{""-1"": -1, ""1"": 1}"
E2_CONTEXT_SIGN_FLIP,72127,DOUBLE_ANTITHETIC_CRN_MC,32,CONTEXT_CONDITIONAL_ONLY,A,,"{""-1"": -1, ""1"": 1}"
E2_CONTEXT_SIGN_FLIP,72127,DOUBLE_ANTITHETIC_CRN_MC,64,CONTEXT_CONDITIONAL_ONLY,A,,"{""-1"": -1, ""1"": 1}"
E2_CONTEXT_SIGN_FLIP,72127,DOUBLE_ANTITHETIC_CRN_MC,128,CONTEXT_CONDITIONAL_ONLY,A,,"{""-1"": -1, ""1"": 1}"
E2_CONTEXT_SIGN_FLIP,72127,DOUBLE_ANTITHETIC_CRN_MC,256,CONTEXT_CONDITIONAL_ONLY,A,,"{""-1"": -1, ""1"": 1}"
E2_CONTEXT_SIGN_FLIP,72127,LEGACY_INDEPENDENT_MC,8,CONTEXT_CONDITIONAL_ONLY,A,,"{""-1"": -1, ""1"": 1}"
E2_CONTEXT_SIGN_FLIP,72127,LEGACY_INDEPENDENT_MC,16,CONTEXT_CONDITIONAL_ONLY,A,,"{""-1"": -1, ""1"": 1}"
E2_CONTEXT_SIGN_FLIP,72127,LEGACY_INDEPENDENT_MC,32,CONTEXT_CONDITIONAL_ONLY,A,,"{""-1"": -1, ""1"": 1}"
E2_CONTEXT_SIGN_FLIP,72127,LEGACY_INDEPENDENT_MC,64,CONTEXT_CONDITIONAL_ONLY,A,,"{""-1"": -1, ""1"": 1}"
E2_CONTEXT_SIGN_FLIP,72127,LEGACY_INDEPENDENT_MC,128,CONTEXT_CONDITIONAL_ONLY,A,,"{""-1"": -1, ""1"": 1}"
E2_CONTEXT_SIGN_FLIP,72127,LEGACY_INDEPENDENT_MC,256,CONTEXT_CONDITIONAL_ONLY,A,,"{""-1"": -1, ""1"": 1}"
