family,seed,method,budget,state,candidate,sign,context_signs
E2_CONTEXT_SIGN_FLIP,62000,ANTITHETIC_CRN_MC,8,CONTEXT_CONDITIONAL_ONLY,A,,"{""-1"": -1, ""1"": 1}"
E2_CONTEXT_SIGN_FLIP,62000,ANTITHETIC_CRN_MC,16,CONTEXT_CONDITIONAL_ONLY,A,,"{""-1"": -1, ""1"": 1}"
E2_CONTEXT_SIGN_FLIP,62000,ANTITHETIC_CRN_MC,32,CONTEXT_CONDITIONAL_ONLY,A,,"{""-1"": -1, ""1"": 1}"
E2_CONTEXT_SIGN_FLIP,62000,ANTITHETIC_CRN_MC,64,CONTEXT_CONDITIONAL_ONLY,A,,"{""-1"": -1, ""1"": 1}"
E2_CONTEXT_SIGN_FLIP,62000,ANTITHETIC_CRN_MC,128,CONTEXT_CONDITIONAL_ONLY,A,,"{""-1"": -1, ""1"": 1}"
E2_CONTEXT_SIGN_FLIP,62000,ANTITHETIC_CRN_MC,256,CONTEXT_CONDITIONAL_ONLY,A,,"{""-1"": -1, ""1"": 1}"
E2_CONTEXT_SIGN_FLIP,62000,CRN_CHAIN_MC,8,CONTEXT_CONDITIONAL_ONLY,A,,"{""-1"": -1, ""1"": 1}"
E2_CONTEXT_SIGN_FLIP,62000,CRN_CHAIN_MC,16,CONTEXT_CONDITIONAL_ONLY,A,,"{""-1"": -1, ""1"": 1}"
E2_CONTEXT_SIGN_FLIP,62000,CRN_CHAIN_MC,32,CONTEXT_CONDITIONAL_ONLY,A,,"{""-1"": -1, ""1"": 1}"
E2_CONTEXT_SIGN_FLIP,62000,CRN_CHAIN_MC,64,CONTEXT_CONDITIONAL_ONLY,A,,"{""-1"": -1, ""1"": 1}"
E2_CONTEXT_SIGN_FLIP,62000,CRN_CHAIN_MC,128,CONTEXT_CONDITIONAL_ONLY,A,,"{""-1"": -1, ""1"": 1}"
E2_CONTEXT_SIGN_FLIP,62000,CRN_CHAIN_MC,256,CONTEXT_CONDITIONAL_ONLY,A,,"{""-1"": -1, ""1"": 1}"
E2_CONTEXT_SIGN_FLIP,62000,DOUBLE_ANTITHETIC_CRN_MC,8,CONTEXT_CONDITIONAL_ONLY,A,,"{""-1"": -1, ""1"": 1}"
E2_CONTEXT_SIGN_FLIP,62000,DOUBLE_ANTITHETIC_CRN_MC,16,CONTEXT_CONDITIONAL_ONLY,A,,"{""-1"": -1, ""1"": 1}"
E2_CONTEXT_SIGN_FLIP,62000,DOUBLE_ANTITHETIC_CRN_MC,32,CONTEXT_CONDITIONAL_ONLY,A,,"{""-1"": -1, ""1"": 1}"
E2_CONTEXT_SIGN_FLIP,62000,DOUBLE_ANTITHETIC_CRN_MC,64,CONTEXT_CONDITIONAL_ONLY,A,,"{""-1"": -1, ""1"": 1}"
E2_CONTEXT_SIGN_FLIP,62000,DOUBLE_ANTITHETIC_CRN_MC,128,CONTEXT_CONDITIONAL_ONLY,A,,"{""-1"": -1, ""1"": 1}"
E2_CONTEXT_SIGN_FLIP,62000,DOUBLE_ANTITHETIC_CRN_MC,256,CONTEXT_CONDITIONAL_ONLY,A,,"{""-1"": -1, ""1"": 1}"
E2_CONTEXT_SIGN_FLIP,62000,LEGACY_INDEPENDENT_MC,8,CONTEXT_CONDITIONAL_ONLY,A,,"{""-1"": -1, ""1"": 1}"
E2_CONTEXT_SIGN_FLIP,62000,LEGACY_INDEPENDENT_MC,16,CONTEXT_CONDITIONAL_ONLY,A,,"{""-1"": -1, ""1"": 1}"
E2_CONTEXT_SIGN_FLIP,62000,LEGACY_INDEPENDENT_MC,32,CONTEXT_CONDITIONAL_ONLY,A,,"{""-1"": -1, ""1"": 1}"
E2_CONTEXT_SIGN_FLIP,62000,LEGACY_INDEPENDENT_MC,64,CONTEXT_CONDITIONAL_ONLY,A,,"{""-1"": -1, ""1"": 1}"
E2_CONTEXT_SIGN_FLIP,62000,LEGACY_INDEPENDENT_MC,128,CONTEXT_CONDITIONAL_ONLY,A,,"{""-1"": -1, ""1"": 1}"
E2_CONTEXT_SIGN_FLIP,62000,LEGACY_INDEPENDENT_MC,256,CONTEXT_CONDITIONAL_ONLY,A,,"{""-1"": -1, ""1"": 1}"
E2_CONTEXT_SIGN_FLIP,62001,ANTITHETIC_CRN_MC,8,CONTEXT_CONDITIONAL_ONLY,A,,"{""-1"": -1, ""1"": 1}"
E2_CONTEXT_SIGN_FLIP,62001,ANTITHETIC_CRN_MC,16,CONTEXT_CONDITIONAL_ONLY,A,,"{""-1"": -1, ""1"": 1}"
E2_CONTEXT_SIGN_FLIP,62001,ANTITHETIC_CRN_MC,32,CONTEXT_CONDITIONAL_ONLY,A,,"{""-1"": -1, ""1"": 1}"
E2_CONTEXT_SIGN_FLIP,62001,ANTITHETIC_CRN_MC,64,CONTEXT_CONDITIONAL_ONLY,A,,"{""-1"": -1, ""1"": 1}"
E2_CONTEXT_SIGN_FLIP,62001,ANTITHETIC_CRN_MC,128,CONTEXT_CONDITIONAL_ONLY,A,,"{""-1"": -1, ""1"": 1}"
E2_CONTEXT_SIGN_FLIP,62001,ANTITHETIC_CRN_MC,256,CONTEXT_CONDITIONAL_ONLY,A,,"{""-1"": -1, ""1"": 1}"
E2_CONTEXT_SIGN_FLIP,62001,CRN_CHAIN_MC,8,CONTEXT_CONDITIONAL_ONLY,A,,"{""-1"": -1, ""1"": 1}"
E2_CONTEXT_SIGN_FLIP,62001,CRN_CHAIN_MC,16,CONTEXT_CONDITIONAL_ONLY,A,,"{""-1"": -1, ""1"": 1}"
E2_CONTEXT_SIGN_FLIP,62001,CRN_CHAIN_MC,32,CONTEXT_CONDITIONAL_ONLY,A,,"{""-1"": -1, ""1"": 1}"
E2_CONTEXT_SIGN_FLIP,62001,CRN_CHAIN_MC,64,CONTEXT_CONDITIONAL_ONLY,A,,"{""-1"": -1, ""1"": 1}"
E2_CONTEXT_SIGN_FLIP,62001,CRN_CHAIN_MC,128,CONTEXT_CONDITIONAL_ONLY,A,,"{""-1"": -1, ""1"": 1}"
E2_CONTEXT_SIGN_FLIP,62001,CRN_CHAIN_MC,256,CONTEXT_CONDITIONAL_ONLY,A,,"{""-1"": -1, ""1"": 1}"
E2_CONTEXT_SIGN_FLIP,62001,DOUBLE_ANTITHETIC_CRN_MC,8,CONTEXT_CONDITIONAL_ONLY,A,,"{""-1"": -1, ""1"": 1}"
E2_CONTEXT_SIGN_FLIP,62001,DOUBLE_ANTITHETIC_CRN_MC,16,CONTEXT_CONDITIONAL_ONLY,A,,"{""-1"": -1, ""1"": 1}"
E2_CONTEXT_SIGN_FLIP,62001,DOUBLE_ANTITHETIC_CRN_MC,32,CONTEXT_CONDITIONAL_ONLY,A,,"{""-1"": -1, ""1"": 1}"
E2_CONTEXT_SIGN_FLIP,62001,DOUBLE_ANTITHETIC_CRN_MC,64,CONTEXT_CONDITIONAL_ONLY,A,,"{""-1"": -1, ""1"": 1}"
E2_CONTEXT_SIGN_FLIP,62001,DOUBLE_ANTITHETIC_CRN_MC,128,CONTEXT_CONDITIONAL_ONLY,A,,"{""-1"": -1, ""1"": 1}"
E2_CONTEXT_SIGN_FLIP,62001,DOUBLE_ANTITHETIC_CRN_MC,256,CONTEXT_CONDITIONAL_ONLY,A,,"{""-1"": -1, ""1"": 1}"
E2_CONTEXT_SIGN_FLIP,62001,LEGACY_INDEPENDENT_MC,8,CONTEXT_CONDITIONAL_ONLY,A,,"{""-1"": -1, ""1"": 1}"
E2_CONTEXT_SIGN_FLIP,62001,LEGACY_INDEPENDENT_MC,16,CONTEXT_CONDITIONAL_ONLY,A,,"{""-1"": -1, ""1"": 1}"
E2_CONTEXT_SIGN_FLIP,62001,LEGACY_INDEPENDENT_MC,32,CONTEXT_CONDITIONAL_ONLY,A,,"{""-1"": -1, ""1"": 1}"
E2_CONTEXT_SIGN_FLIP,62001,LEGACY_INDEPENDENT_MC,64,CONTEXT_CONDITIONAL_ONLY,A,,"{""-1"": -1, ""1"": 1}"
E2_CONTEXT_SIGN_FLIP,62001,LEGACY_INDEPENDENT_MC,128,CONTEXT_CONDITIONAL_ONLY,A,,"{""-1"": -1, ""1"": 1}"
E2_CONTEXT_SIGN_FLIP,62001,LEGACY_INDEPENDENT_MC,256,CONTEXT_CONDITIONAL_ONLY,A,,"{""-1"": -1, ""1"": 1}"
E2_CONTEXT_SIGN_FLIP,62002,ANTITHETIC_CRN_MC,8,CONTEXT_CONDITIONAL_ONLY,A,,"{""-1"": -1, ""1"": 1}"
E2_CONTEXT_SIGN_FLIP,62002,ANTITHETIC_CRN_MC,16,CONTEXT_CONDITIONAL_ONLY,A,,"{""-1"": -1, ""1"": 1}"
E2_CONTEXT_SIGN_FLIP,62002,ANTITHETIC_CRN_MC,32,CONTEXT_CONDITIONAL_ONLY,A,,"{""-1"": -1, ""1"": 1}"
E2_CONTEXT_SIGN_FLIP,62002,ANTITHETIC_CRN_MC,64,CONTEXT_CONDITIONAL_ONLY,A,,"{""-1"": -1, ""1"": 1}"
E2_CONTEXT_SIGN_FLIP,62002,ANTITHETIC_CRN_MC,128,CONTEXT_CONDITIONAL_ONLY,A,,"{""-1"": -1, ""1"": 1}"
E2_CONTEXT_SIGN_FLIP,62002,ANTITHETIC_CRN_MC,256,CONTEXT_CONDITIONAL_ONLY,A,,"{""-1"": -1, ""1"": 1}"
E2_CONTEXT_SIGN_FLIP,62002,CRN_CHAIN_MC,8,CONTEXT_CONDITIONAL_ONLY,A,,"{""-1"": -1, ""1"": 1}"
E2_CONTEXT_SIGN_FLIP,62002,CRN_CHAIN_MC,16,CONTEXT_CONDITIONAL_ONLY,A,,"{""-1"": -1, ""1"": 1}"
E2_CONTEXT_SIGN_FLIP,62002,CRN_CHAIN_MC,32,CONTEXT_CONDITIONAL_ONLY,A,,"{""-1"": -1, ""1"": 1}"
E2_CONTEXT_SIGN_FLIP,62002,CRN_CHAIN_MC,64,CONTEXT_CONDITIONAL_ONLY,A,,"{""-1"": -1, ""1"": 1}"
E2_CONTEXT_SIGN_FLIP,62002,CRN_CHAIN_MC,128,CONTEXT_CONDITIONAL_ONLY,A,,"{""-1"": -1, ""1"": 1}"
E2_CONTEXT_SIGN_FLIP,62002,CRN_CHAIN_MC,256,CONTEXT_CONDITIONAL_ONLY,A,,"{""-1"": -1, ""1"": 1}"
E2_CONTEXT_SIGN_FLIP,62002,DOUBLE_ANTITHETIC_CRN_MC,8,CONTEXT_CONDITIONAL_ONLY,A,,"{""-1"": -1, ""1"": 1}"
E2_CONTEXT_SIGN_FLIP,62002,DOUBLE_ANTITHETIC_CRN_MC,16,CONTEXT_CONDITIONAL_ONLY,A,,"{""-1"": -1, ""1"": 1}"
E2_CONTEXT_SIGN_FLIP,62002,DOUBLE_ANTITHETIC_CRN_MC,32,CONTEXT_CONDITIONAL_ONLY,A,,"{""-1"": -1, ""1"": 1}"
E2_CONTEXT_SIGN_FLIP,62002,DOUBLE_ANTITHETIC_CRN_MC,64,CONTEXT_CONDITIONAL_ONLY,A,,"{""-1"": -1, ""1"": 1}"
E2_CONTEXT_SIGN_FLIP,62002,DOUBLE_ANTITHETIC_CRN_MC,128,CONTEXT_CONDITIONAL_ONLY,A,,"{""-1"": -1, ""1"": 1}"
E2_CONTEXT_SIGN_FLIP,62002,DOUBLE_ANTITHETIC_CRN_MC,256,CONTEXT_CONDITIONAL_ONLY,A,,"{""-1"": -1, ""1"": 1}"
E2_CONTEXT_SIGN_FLIP,62002,LEGACY_INDEPENDENT_MC,8,CONTEXT_CONDITIONAL_ONLY,A,,"{""-1"": -1, ""1"": 1}"
E2_CONTEXT_SIGN_FLIP,62002,LEGACY_INDEPENDENT_MC,16,CONTEXT_CONDITIONAL_ONLY,A,,"{""-1"": -1, ""1"": 1}"
E2_CONTEXT_SIGN_FLIP,62002,LEGACY_INDEPENDENT_MC,32,CONTEXT_CONDITIONAL_ONLY,A,,"{""-1"": -1, ""1"": 1}"
E2_CONTEXT_SIGN_FLIP,62002,LEGACY_INDEPENDENT_MC,64,CONTEXT_CONDITIONAL_ONLY,A,,"{""-1"": -1, ""1"": 1}"
E2_CONTEXT_SIGN_FLIP,62002,LEGACY_INDEPENDENT_MC,128,CONTEXT_CONDITIONAL_ONLY,A,,"{""-1"": -1, ""1"": 1}"
E2_CONTEXT_SIGN_FLIP,62002,LEGACY_INDEPENDENT_MC,256,CONTEXT_CONDITIONAL_ONLY,A,,"{""-1"": -1, ""1"": 1}"
E2_CONTEXT_SIGN_FLIP,62003,ANTITHETIC_CRN_MC,8,CONTEXT_CONDITIONAL_ONLY,A,,"{""-1"": -1, ""1"": 1}"
E2_CONTEXT_SIGN_FLIP,62003,ANTITHETIC_CRN_MC,16,CONTEXT_CONDITIONAL_ONLY,A,,"{""-1"": -1, ""1"": 1}"
E2_CONTEXT_SIGN_FLIP,62003,ANTITHETIC_CRN_MC,32,CONTEXT_CONDITIONAL_ONLY,A,,"{""-1"": -1, ""1"": 1}"
E2_CONTEXT_SIGN_FLIP,62003,ANTITHETIC_CRN_MC,64,CONTEXT_CONDITIONAL_ONLY,A,,"{""-1"": -1, ""1"": 1}"
E2_CONTEXT_SIGN_FLIP,62003,ANTITHETIC_CRN_MC,128,CONTEXT_CONDITIONAL_ONLY,A,,"{""-1"": -1, ""1"": 1}"
E2_CONTEXT_SIGN_FLIP,62003,ANTITHETIC_CRN_MC,256,CONTEXT_CONDITIONAL_ONLY,A,,"{""-1"": -1, ""1"": 1}"
E2_CONTEXT_SIGN_FLIP,62003,CRN_CHAIN_MC,8,CONTEXT_CONDITIONAL_ONLY,A,,"{""-1"": -1, ""1"": 1}"
E2_CONTEXT_SIGN_FLIP,62003,CRN_CHAIN_MC,16,CONTEXT_CONDITIONAL_ONLY,A,,"{""-1"": -1, ""1"": 1}"
E2_CONTEXT_SIGN_FLIP,62003,CRN_CHAIN_MC,32,CONTEXT_CONDITIONAL_ONLY,A,,"{""-1"": -1, ""1"": 1}"
E2_CONTEXT_SIGN_FLIP,62003,CRN_CHAIN_MC,64,CONTEXT_CONDITIONAL_ONLY,A,,"{""-1"": -1, ""1"": 1}"
E2_CONTEXT_SIGN_FLIP,62003,CRN_CHAIN_MC,128,CONTEXT_CONDITIONAL_ONLY,A,,"{""-1"": -1, ""1"": 1}"
E2_CONTEXT_SIGN_FLIP,62003,CRN_CHAIN_MC,256,CONTEXT_CONDITIONAL_ONLY,A,,"{""-1"": -1, ""1"": 1}"
E2_CONTEXT_SIGN_FLIP,62003,DOUBLE_ANTITHETIC_CRN_MC,8,CONTEXT_CONDITIONAL_ONLY,A,,"{""-1"": -1, ""1"": 1}"
E2_CONTEXT_SIGN_FLIP,62003,DOUBLE_ANTITHETIC_CRN_MC,16,CONTEXT_CONDITIONAL_ONLY,A,,"{""-1"": -1, ""1"": 1}"
E2_CONTEXT_SIGN_FLIP,62003,DOUBLE_ANTITHETIC_CRN_MC,32,CONTEXT_CONDITIONAL_ONLY,A,,"{""-1"": -1, ""1"": 1}"
E2_CONTEXT_SIGN_FLIP,62003,DOUBLE_ANTITHETIC_CRN_MC,64,CONTEXT_CONDITIONAL_ONLY,A,,"{""-1"": -1, ""1"": 1}"
E2_CONTEXT_SIGN_FLIP,62003,DOUBLE_ANTITHETIC_CRN_MC,128,CONTEXT_CONDITIONAL_ONLY,A,,"{""-1"": -1, ""1"": 1}"
E2_CONTEXT_SIGN_FLIP,62003,DOUBLE_ANTITHETIC_CRN_MC,256,CONTEXT_CONDITIONAL_ONLY,A,,"{""-1"": -1, ""1"": 1}"
E2_CONTEXT_SIGN_FLIP,62003,LEGACY_INDEPENDENT_MC,8,CONTEXT_CONDITIONAL_ONLY,A,,"{""-1"": -1, ""1"": 1}"
E2_CONTEXT_SIGN_FLIP,62003,LEGACY_INDEPENDENT_MC,16,CONTEXT_CONDITIONAL_ONLY,A,,"{""-1"": -1, ""1"": 1}"
E2_CONTEXT_SIGN_FLIP,62003,LEGACY_INDEPENDENT_MC,32,CONTEXT_CONDITIONAL_ONLY,A,,"{""-1"": -1, ""1"": 1}"
E2_CONTEXT_SIGN_FLIP,62003,LEGACY_INDEPENDENT_MC,64,CONTEXT_CONDITIONAL_ONLY,A,,"{""-1"": -1, ""1"": 1}"
E2_CONTEXT_SIGN_FLIP,62003,LEGACY_INDEPENDENT_MC,128,CONTEXT_CONDITIONAL_ONLY,A,,"{""-1"": -1, ""1"": 1}"
E2_CONTEXT_SIGN_FLIP,62003,LEGACY_INDEPENDENT_MC,256,CONTEXT_CONDITIONAL_ONLY,A,,"{""-1"": -1, ""1"": 1}"
E2_CONTEXT_SIGN_FLIP,62004,ANTITHETIC_CRN_MC,8,CONTEXT_CONDITIONAL_ONLY,A,,"{""-1"": -1, ""1"": 1}"
E2_CONTEXT_SIGN_FLIP,62004,ANTITHETIC_CRN_MC,16,CONTEXT_CONDITIONAL_ONLY,A,,"{""-1"": -1, ""1"": 1}"
E2_CONTEXT_SIGN_FLIP,62004,ANTITHETIC_CRN_MC,32,CONTEXT_CONDITIONAL_ONLY,A,,"{""-1"": -1, ""1"": 1}"
E2_CONTEXT_SIGN_FLIP,62004,ANTITHETIC_CRN_MC,64,CONTEXT_CONDITIONAL_ONLY,A,,"{""-1"": -1, ""1"": 1}"
E2_CONTEXT_SIGN_FLIP,62004,ANTITHETIC_CRN_MC,128,CONTEXT_CONDITIONAL_ONLY,A,,"{""-1"": -1, ""1"": 1}"
E2_CONTEXT_SIGN_FLIP,62004,ANTITHETIC_CRN_MC,256,CONTEXT_CONDITIONAL_ONLY,A,,"{""-1"": -1, ""1"": 1}"
E2_CONTEXT_SIGN_FLIP,62004,CRN_CHAIN_MC,8,CONTEXT_CONDITIONAL_ONLY,A,,"{""-1"": -1, ""1"": 1}"
E2_CONTEXT_SIGN_FLIP,62004,CRN_CHAIN_MC,16,CONTEXT_CONDITIONAL_ONLY,A,,"{""-1"": -1, ""1"": 1}"
E2_CONTEXT_SIGN_FLIP,62004,CRN_CHAIN_MC,32,CONTEXT_CONDITIONAL_ONLY,A,,"{""-1"": -1, ""1"": 1}"
E2_CONTEXT_SIGN_FLIP,62004,CRN_CHAIN_MC,64,CONTEXT_CONDITIONAL_ONLY,A,,"{""-1"": -1, ""1"": 1}"
E2_CONTEXT_SIGN_FLIP,62004,CRN_CHAIN_MC,128,CONTEXT_CONDITIONAL_ONLY,A,,"{""-1"": -1, ""1"": 1}"
E2_CONTEXT_SIGN_FLIP,62004,CRN_CHAIN_MC,256,CONTEXT_CONDITIONAL_ONLY,A,,"{""-1"": -1, ""1"": 1}"
E2_CONTEXT_SIGN_FLIP,62004,DOUBLE_ANTITHETIC_CRN_MC,8,CONTEXT_CONDITIONAL_ONLY,A,,"{""-1"": -1, ""1"": 1}"
E2_CONTEXT_SIGN_FLIP,62004,DOUBLE_ANTITHETIC_CRN_MC,16,CONTEXT_CONDITIONAL_ONLY,A,,"{""-1"": -1, ""1"": 1}"
E2_CONTEXT_SIGN_FLIP,62004,DOUBLE_ANTITHETIC_CRN_MC,32,CONTEXT_CONDITIONAL_ONLY,A,,"{""-1"": -1, ""1"": 1}"
E2_CONTEXT_SIGN_FLIP,62004,DOUBLE_ANTITHETIC_CRN_MC,64,CONTEXT_CONDITIONAL_ONLY,A,,"{""-1"": -1, ""1"": 1}"
E2_CONTEXT_SIGN_FLIP,62004,DOUBLE_ANTITHETIC_CRN_MC,128,CONTEXT_CONDITIONAL_ONLY,A,,"{""-1"": -1, ""1"": 1}"
E2_CONTEXT_SIGN_FLIP,62004,DOUBLE_ANTITHETIC_CRN_MC,256,CONTEXT_CONDITIONAL_ONLY,A,,"{""-1"": -1, ""1"": 1}"
E2_CONTEXT_SIGN_FLIP,62004,LEGACY_INDEPENDENT_MC,8,CONTEXT_CONDITIONAL_ONLY,A,,"{""-1"": -1, ""1"": 1}"
E2_CONTEXT_SIGN_FLIP,62004,LEGACY_INDEPENDENT_MC,16,CONTEXT_CONDITIONAL_ONLY,A,,"{""-1"": -1, ""1"": 1}"
E2_CONTEXT_SIGN_FLIP,62004,LEGACY_INDEPENDENT_MC,32,CONTEXT_CONDITIONAL_ONLY,A,,"{""-1"": -1, ""1"": 1}"
E2_CONTEXT_SIGN_FLIP,62004,LEGACY_INDEPENDENT_MC,64,CONTEXT_CONDITIONAL_ONLY,A,,"{""-1"": -1, ""1"": 1}"
E2_CONTEXT_SIGN_FLIP,62004,LEGACY_INDEPENDENT_MC,128,CONTEXT_CONDITIONAL_ONLY,A,,"{""-1"": -1, ""1"": 1}"
E2_CONTEXT_SIGN_FLIP,62004,LEGACY_INDEPENDENT_MC,256,CONTEXT_CONDITIONAL_ONLY,A,,"{""-1"": -1, ""1"": 1}"
E2_CONTEXT_SIGN_FLIP,62005,ANTITHETIC_CRN_MC,8,CONTEXT_CONDITIONAL_ONLY,A,,"{""-1"": -1, ""1"": 1}"
E2_CONTEXT_SIGN_FLIP,62005,ANTITHETIC_CRN_MC,16,CONTEXT_CONDITIONAL_ONLY,A,,"{""-1"": -1, ""1"": 1}"
E2_CONTEXT_SIGN_FLIP,62005,ANTITHETIC_CRN_MC,32,CONTEXT_CONDITIONAL_ONLY,A,,"{""-1"": -1, ""1"": 1}"
E2_CONTEXT_SIGN_FLIP,62005,ANTITHETIC_CRN_MC,64,CONTEXT_CONDITIONAL_ONLY,A,,"{""-1"": -1, ""1"": 1}"
E2_CONTEXT_SIGN_FLIP,62005,ANTITHETIC_CRN_MC,128,CONTEXT_CONDITIONAL_ONLY,A,,"{""-1"": -1, ""1"": 1}"
E2_CONTEXT_SIGN_FLIP,62005,ANTITHETIC_CRN_MC,256,CONTEXT_CONDITIONAL_ONLY,A,,"{""-1"": -1, ""1"": 1}"
E2_CONTEXT_SIGN_FLIP,62005,CRN_CHAIN_MC,8,CONTEXT_CONDITIONAL_ONLY,A,,"{""-1"": -1, ""1"": 1}"
E2_CONTEXT_SIGN_FLIP,62005,CRN_CHAIN_MC,16,CONTEXT_CONDITIONAL_ONLY,A,,"{""-1"": -1, ""1"": 1}"
E2_CONTEXT_SIGN_FLIP,62005,CRN_CHAIN_MC,32,CONTEXT_CONDITIONAL_ONLY,A,,"{""-1"": -1, ""1"": 1}"
E2_CONTEXT_SIGN_FLIP,62005,CRN_CHAIN_MC,64,CONTEXT_CONDITIONAL_ONLY,A,,"{""-1"": -1, ""1"": 1}"
E2_CONTEXT_SIGN_FLIP,62005,CRN_CHAIN_MC,128,CONTEXT_CONDITIONAL_ONLY,A,,"{""-1"": -1, ""1"": 1}"
E2_CONTEXT_SIGN_FLIP,62005,CRN_CHAIN_MC,256,CONTEXT_CONDITIONAL_ONLY,A,,"{""-1"": -1, ""1"": 1}"
E2_CONTEXT_SIGN_FLIP,62005,DOUBLE_ANTITHETIC_CRN_MC,8,CONTEXT_CONDITIONAL_ONLY,A,,"{""-1"": -1, ""1"": 1}"
E2_CONTEXT_SIGN_FLIP,62005,DOUBLE_ANTITHETIC_CRN_MC,16,CONTEXT_CONDITIONAL_ONLY,A,,"{""-1"": -1, ""1"": 1}"
E2_CONTEXT_SIGN_FLIP,62005,DOUBLE_ANTITHETIC_CRN_MC,32,CONTEXT_CONDITIONAL_ONLY,A,,"{""-1"": -1, ""1"": 1}"
E2_CONTEXT_SIGN_FLIP,62005,DOUBLE_ANTITHETIC_CRN_MC,64,CONTEXT_CONDITIONAL_ONLY,A,,"{""-1"": -1, ""1"": 1}"
E2_CONTEXT_SIGN_FLIP,62005,DOUBLE_ANTITHETIC_CRN_MC,128,CONTEXT_CONDITIONAL_ONLY,A,,"{""-1"": -1, ""1"": 1}"
E2_CONTEXT_SIGN_FLIP,62005,DOUBLE_ANTITHETIC_CRN_MC,256,CONTEXT_CONDITIONAL_ONLY,A,,"{""-1"": -1, ""1"": 1}"
E2_CONTEXT_SIGN_FLIP,62005,LEGACY_INDEPENDENT_MC,8,CONTEXT_CONDITIONAL_ONLY,A,,"{""-1"": -1, ""1"": 1}"
E2_CONTEXT_SIGN_FLIP,62005,LEGACY_INDEPENDENT_MC,16,CONTEXT_CONDITIONAL_ONLY,A,,"{""-1"": -1, ""1"": 1}"
E2_CONTEXT_SIGN_FLIP,62005,LEGACY_INDEPENDENT_MC,32,CONTEXT_CONDITIONAL_ONLY,A,,"{""-1"": -1, ""1"": 1}"
E2_CONTEXT_SIGN_FLIP,62005,LEGACY_INDEPENDENT_MC,64,CONTEXT_CONDITIONAL_ONLY,A,,"{""-1"": -1, ""1"": 1}"
E2_CONTEXT_SIGN_FLIP,62005,LEGACY_INDEPENDENT_MC,128,CONTEXT_CONDITIONAL_ONLY,A,,"{""-1"": -1, ""1"": 1}"
E2_CONTEXT_SIGN_FLIP,62005,LEGACY_INDEPENDENT_MC,256,CONTEXT_CONDITIONAL_ONLY,A,,"{""-1"": -1, ""1"": 1}"
E2_CONTEXT_SIGN_FLIP,62006,ANTITHETIC_CRN_MC,8,CONTEXT_CONDITIONAL_ONLY,A,,"{""-1"": -1, ""1"": 1}"
E2_CONTEXT_SIGN_FLIP,62006,ANTITHETIC_CRN_MC,16,CONTEXT_CONDITIONAL_ONLY,A,,"{""-1"": -1, ""1"": 1}"
E2_CONTEXT_SIGN_FLIP,62006,ANTITHETIC_CRN_MC,32,CONTEXT_CONDITIONAL_ONLY,A,,"{""-1"": -1, ""1"": 1}"
E2_CONTEXT_SIGN_FLIP,62006,ANTITHETIC_CRN_MC,64,CONTEXT_CONDITIONAL_ONLY,A,,"{""-1"": -1, ""1"": 1}"
E2_CONTEXT_SIGN_FLIP,62006,ANTITHETIC_CRN_MC,128,CONTEXT_CONDITIONAL_ONLY,A,,"{""-1"": -1, ""1"": 1}"
E2_CONTEXT_SIGN_FLIP,62006,ANTITHETIC_CRN_MC,256,CONTEXT_CONDITIONAL_ONLY,A,,"{""-1"": -1, ""1"": 1}"
E2_CONTEXT_SIGN_FLIP,62006,CRN_CHAIN_MC,8,CONTEXT_CONDITIONAL_ONLY,A,,"{""-1"": -1, ""1"": 1}"
E2_CONTEXT_SIGN_FLIP,62006,CRN_CHAIN_MC,16,CONTEXT_CONDITIONAL_ONLY,A,,"{""-1"": -1, ""1"": 1}"
E2_CONTEXT_SIGN_FLIP,62006,CRN_CHAIN_MC,32,CONTEXT_CONDITIONAL_ONLY,A,,"{""-1"": -1, ""1"": 1}"
E2_CONTEXT_SIGN_FLIP,62006,CRN_CHAIN_MC,64,CONTEXT_CONDITIONAL_ONLY,A,,"{""-1"": -1, ""1"": 1}"
E2_CONTEXT_SIGN_FLIP,62006,CRN_CHAIN_MC,128,CONTEXT_CONDITIONAL_ONLY,A,,"{""-1"": -1, ""1"": 1}"
E2_CONTEXT_SIGN_FLIP,62006,CRN_CHAIN_MC,256,CONTEXT_CONDITIONAL_ONLY,A,,"{""-1"": -1, ""1"": 1}"
E2_CONTEXT_SIGN_FLIP,62006,DOUBLE_ANTITHETIC_CRN_MC,8,CONTEXT_CONDITIONAL_ONLY,A,,"{""-1"": -1, ""1"": 1}"
E2_CONTEXT_SIGN_FLIP,62006,DOUBLE_ANTITHETIC_CRN_MC,16,CONTEXT_CONDITIONAL_ONLY,A,,"{""-1"": -1, ""1"": 1}"
E2_CONTEXT_SIGN_FLIP,62006,DOUBLE_ANTITHETIC_CRN_MC,32,CONTEXT_CONDITIONAL_ONLY,A,,"{""-1"": -1, ""1"": 1}"
E2_CONTEXT_SIGN_FLIP,62006,DOUBLE_ANTITHETIC_CRN_MC,64,CONTEXT_CONDITIONAL_ONLY,A,,"{""-1"": -1, ""1"": 1}"
E2_CONTEXT_SIGN_FLIP,62006,DOUBLE_ANTITHETIC_CRN_MC,128,CONTEXT_CONDITIONAL_ONLY,A,,"{""-1"": -1, ""1"": 1}"
E2_CONTEXT_SIGN_FLIP,62006,DOUBLE_ANTITHETIC_CRN_MC,256,CONTEXT_CONDITIONAL_ONLY,A,,"{""-1"": -1, ""1"": 1}"
E2_CONTEXT_SIGN_FLIP,62006,LEGACY_INDEPENDENT_MC,8,CONTEXT_CONDITIONAL_ONLY,A,,"{""-1"": -1, ""1"": 1}"
E2_CONTEXT_SIGN_FLIP,62006,LEGACY_INDEPENDENT_MC,16,CONTEXT_CONDITIONAL_ONLY,A,,"{""-1"": -1, ""1"": 1}"
E2_CONTEXT_SIGN_FLIP,62006,LEGACY_INDEPENDENT_MC,32,CONTEXT_CONDITIONAL_ONLY,A,,"{""-1"": -1, ""1"": 1}"
E2_CONTEXT_SIGN_FLIP,62006,LEGACY_INDEPENDENT_MC,64,CONTEXT_CONDITIONAL_ONLY,A,,"{""-1"": -1, ""1"": 1}"
E2_CONTEXT_SIGN_FLIP,62006,LEGACY_INDEPENDENT_MC,128,CONTEXT_CONDITIONAL_ONLY,A,,"{""-1"": -1, ""1"": 1}"
E2_CONTEXT_SIGN_FLIP,62006,LEGACY_INDEPENDENT_MC,256,CONTEXT_CONDITIONAL_ONLY,A,,"{""-1"": -1, ""1"": 1}"
E2_CONTEXT_SIGN_FLIP,62007,ANTITHETIC_CRN_MC,8,CONTEXT_CONDITIONAL_ONLY,A,,"{""-1"": -1, ""1"": 1}"
E2_CONTEXT_SIGN_FLIP,62007,ANTITHETIC_CRN_MC,16,CONTEXT_CONDITIONAL_ONLY,A,,"{""-1"": -1, ""1"": 1}"
E2_CONTEXT_SIGN_FLIP,62007,ANTITHETIC_CRN_MC,32,CONTEXT_CONDITIONAL_ONLY,A,,"{""-1"": -1, ""1"": 1}"
E2_CONTEXT_SIGN_FLIP,62007,ANTITHETIC_CRN_MC,64,CONTEXT_CONDITIONAL_ONLY,A,,"{""-1"": -1, ""1"": 1}"
E2_CONTEXT_SIGN_FLIP,62007,ANTITHETIC_CRN_MC,128,CONTEXT_CONDITIONAL_ONLY,A,,"{""-1"": -1, ""1"": 1}"
E2_CONTEXT_SIGN_FLIP,62007,ANTITHETIC_CRN_MC,256,CONTEXT_CONDITIONAL_ONLY,A,,"{""-1"": -1, ""1"": 1}"
E2_CONTEXT_SIGN_FLIP,62007,CRN_CHAIN_MC,8,CONTEXT_CONDITIONAL_ONLY,A,,"{""-1"": -1, ""1"": 1}"
E2_CONTEXT_SIGN_FLIP,62007,CRN_CHAIN_MC,16,CONTEXT_CONDITIONAL_ONLY,A,,"{""-1"": -1, ""1"": 1}"
E2_CONTEXT_SIGN_FLIP,62007,CRN_CHAIN_MC,32,CONTEXT_CONDITIONAL_ONLY,A,,"{""-1"": -1, ""1"": 1}"
E2_CONTEXT_SIGN_FLIP,62007,CRN_CHAIN_MC,64,CONTEXT_CONDITIONAL_ONLY,A,,"{""-1"": -1, ""1"": 1}"
E2_CONTEXT_SIGN_FLIP,62007,CRN_CHAIN_MC,128,CONTEXT_CONDITIONAL_ONLY,A,,"{""-1"": -1, ""1"": 1}"
E2_CONTEXT_SIGN_FLIP,62007,CRN_CHAIN_MC,256,CONTEXT_CONDITIONAL_ONLY,A,,"{""-1"": -1, ""1"": 1}"
E2_CONTEXT_SIGN_FLIP,62007,DOUBLE_ANTITHETIC_CRN_MC,8,CONTEXT_CONDITIONAL_ONLY,A,,"{""-1"": -1, ""1"": 1}"
E2_CONTEXT_SIGN_FLIP,62007,DOUBLE_ANTITHETIC_CRN_MC,16,CONTEXT_CONDITIONAL_ONLY,A,,"{""-1"": -1, ""1"": 1}"
E2_CONTEXT_SIGN_FLIP,62007,DOUBLE_ANTITHETIC_CRN_MC,32,CONTEXT_CONDITIONAL_ONLY,A,,"{""-1"": -1, ""1"": 1}"
E2_CONTEXT_SIGN_FLIP,62007,DOUBLE_ANTITHETIC_CRN_MC,64,CONTEXT_CONDITIONAL_ONLY,A,,"{""-1"": -1, ""1"": 1}"
E2_CONTEXT_SIGN_FLIP,62007,DOUBLE_ANTITHETIC_CRN_MC,128,CONTEXT_CONDITIONAL_ONLY,A,,"{""-1"": -1, ""1"": 1}"
E2_CONTEXT_SIGN_FLIP,62007,DOUBLE_ANTITHETIC_CRN_MC,256,CONTEXT_CONDITIONAL_ONLY,A,,"{""-1"": -1, ""1"": 1}"
E2_CONTEXT_SIGN_FLIP,62007,LEGACY_INDEPENDENT_MC,8,CONTEXT_CONDITIONAL_ONLY,A,,"{""-1"": -1, ""1"": 1}"
E2_CONTEXT_SIGN_FLIP,62007,LEGACY_INDEPENDENT_MC,16,CONTEXT_CONDITIONAL_ONLY,A,,"{""-1"": -1, ""1"": 1}"
E2_CONTEXT_SIGN_FLIP,62007,LEGACY_INDEPENDENT_MC,32,CONTEXT_CONDITIONAL_ONLY,A,,"{""-1"": -1, ""1"": 1}"
E2_CONTEXT_SIGN_FLIP,62007,LEGACY_INDEPENDENT_MC,64,CONTEXT_CONDITIONAL_ONLY,A,,"{""-1"": -1, ""1"": 1}"
E2_CONTEXT_SIGN_FLIP,62007,LEGACY_INDEPENDENT_MC,128,CONTEXT_CONDITIONAL_ONLY,A,,"{""-1"": -1, ""1"": 1}"
E2_CONTEXT_SIGN_FLIP,62007,LEGACY_INDEPENDENT_MC,256,CONTEXT_CONDITIONAL_ONLY,A,,"{""-1"": -1, ""1"": 1}"
E2_CONTEXT_SIGN_FLIP,62008,ANTITHETIC_CRN_MC,8,CONTEXT_CONDITIONAL_ONLY,A,,"{""-1"": -1, ""1"": 1}"
E2_CONTEXT_SIGN_FLIP,62008,ANTITHETIC_CRN_MC,16,CONTEXT_CONDITIONAL_ONLY,A,,"{""-1"": -1, ""1"": 1}"
E2_CONTEXT_SIGN_FLIP,62008,ANTITHETIC_CRN_MC,32,CONTEXT_CONDITIONAL_ONLY,A,,"{""-1"": -1, ""1"": 1}"
E2_CONTEXT_SIGN_FLIP,62008,ANTITHETIC_CRN_MC,64,CONTEXT_CONDITIONAL_ONLY,A,,"{""-1"": -1, ""1"": 1}"
E2_CONTEXT_SIGN_FLIP,62008,ANTITHETIC_CRN_MC,128,CONTEXT_CONDITIONAL_ONLY,A,,"{""-1"": -1, ""1"": 1}"
E2_CONTEXT_SIGN_FLIP,62008,ANTITHETIC_CRN_MC,256,CONTEXT_CONDITIONAL_ONLY,A,,"{""-1"": -1, ""1"": 1}"
E2_CONTEXT_SIGN_FLIP,62008,CRN_CHAIN_MC,8,CONTEXT_CONDITIONAL_ONLY,A,,"{""-1"": -1, ""1"": 1}"
E2_CONTEXT_SIGN_FLIP,62008,CRN_CHAIN_MC,16,CONTEXT_CONDITIONAL_ONLY,A,,"{""-1"": -1, ""1"": 1}"
E2_CONTEXT_SIGN_FLIP,62008,CRN_CHAIN_MC,32,CONTEXT_CONDITIONAL_ONLY,A,,"{""-1"": -1, ""1"": 1}"
E2_CONTEXT_SIGN_FLIP,62008,CRN_CHAIN_MC,64,CONTEXT_CONDITIONAL_ONLY,A,,"{""-1"": -1, ""1"": 1}"
E2_CONTEXT_SIGN_FLIP,62008,CRN_CHAIN_MC,128,CONTEXT_CONDITIONAL_ONLY,A,,"{""-1"": -1, ""1"": 1}"
E2_CONTEXT_SIGN_FLIP,62008,CRN_CHAIN_MC,256,CONTEXT_CONDITIONAL_ONLY,A,,"{""-1"": -1, ""1"": 1}"
E2_CONTEXT_SIGN_FLIP,62008,DOUBLE_ANTITHETIC_CRN_MC,8,CONTEXT_CONDITIONAL_ONLY,A,,"{""-1"": -1, ""1"": 1}"
E2_CONTEXT_SIGN_FLIP,62008,DOUBLE_ANTITHETIC_CRN_MC,16,CONTEXT_CONDITIONAL_ONLY,A,,"{""-1"": -1, ""1"": 1}"
E2_CONTEXT_SIGN_FLIP,62008,DOUBLE_ANTITHETIC_CRN_MC,32,CONTEXT_CONDITIONAL_ONLY,A,,"{""-1"": -1, ""1"": 1}"
E2_CONTEXT_SIGN_FLIP,62008,DOUBLE_ANTITHETIC_CRN_MC,64,CONTEXT_CONDITIONAL_ONLY,A,,"{""-1"": -1, ""1"": 1}"
E2_CONTEXT_SIGN_FLIP,62008,DOUBLE_ANTITHETIC_CRN_MC,128,CONTEXT_CONDITIONAL_ONLY,A,,"{""-1"": -1, ""1"": 1}"
E2_CONTEXT_SIGN_FLIP,62008,DOUBLE_ANTITHETIC_CRN_MC,256,CONTEXT_CONDITIONAL_ONLY,A,,"{""-1"": -1, ""1"": 1}"
E2_CONTEXT_SIGN_FLIP,62008,LEGACY_INDEPENDENT_MC,8,CONTEXT_CONDITIONAL_ONLY,A,,"{""-1"": -1, ""1"": 1}"
E2_CONTEXT_SIGN_FLIP,62008,LEGACY_INDEPENDENT_MC,16,CONTEXT_CONDITIONAL_ONLY,A,,"{""-1"": -1, ""1"": 1}"
E2_CONTEXT_SIGN_FLIP,62008,LEGACY_INDEPENDENT_MC,32,CONTEXT_CONDITIONAL_ONLY,A,,"{""-1"": -1, ""1"": 1}"
E2_CONTEXT_SIGN_FLIP,62008,LEGACY_INDEPENDENT_MC,64,CONTEXT_CONDITIONAL_ONLY,A,,"{""-1"": -1, ""1"": 1}"
E2_CONTEXT_SIGN_FLIP,62008,LEGACY_INDEPENDENT_MC,128,CONTEXT_CONDITIONAL_ONLY,A,,"{""-1"": -1, ""1"": 1}"
E2_CONTEXT_SIGN_FLIP,62008,LEGACY_INDEPENDENT_MC,256,CONTEXT_CONDITIONAL_ONLY,A,,"{""-1"": -1, ""1"": 1}"
E2_CONTEXT_SIGN_FLIP,62009,ANTITHETIC_CRN_MC,8,CONTEXT_CONDITIONAL_ONLY,A,,"{""-1"": -1, ""1"": 1}"
E2_CONTEXT_SIGN_FLIP,62009,ANTITHETIC_CRN_MC,16,CONTEXT_CONDITIONAL_ONLY,A,,"{""-1"": -1, ""1"": 1}"
E2_CONTEXT_SIGN_FLIP,62009,ANTITHETIC_CRN_MC,32,CONTEXT_CONDITIONAL_ONLY,A,,"{""-1"": -1, ""1"": 1}"
E2_CONTEXT_SIGN_FLIP,62009,ANTITHETIC_CRN_MC,64,CONTEXT_CONDITIONAL_ONLY,A,,"{""-1"": -1, ""1"": 1}"
E2_CONTEXT_SIGN_FLIP,62009,ANTITHETIC_CRN_MC,128,CONTEXT_CONDITIONAL_ONLY,A,,"{""-1"": -1, ""1"": 1}"
E2_CONTEXT_SIGN_FLIP,62009,ANTITHETIC_CRN_MC,256,CONTEXT_CONDITIONAL_ONLY,A,,"{""-1"": -1, ""1"": 1}"
E2_CONTEXT_SIGN_FLIP,62009,CRN_CHAIN_MC,8,CONTEXT_CONDITIONAL_ONLY,A,,"{""-1"": -1, ""1"": 1}"
E2_CONTEXT_SIGN_FLIP,62009,CRN_CHAIN_MC,16,CONTEXT_CONDITIONAL_ONLY,A,,"{""-1"": -1, ""1"": 1}"
E2_CONTEXT_SIGN_FLIP,62009,CRN_CHAIN_MC,32,CONTEXT_CONDITIONAL_ONLY,A,,"{""-1"": -1, ""1"": 1}"
E2_CONTEXT_SIGN_FLIP,62009,CRN_CHAIN_MC,64,CONTEXT_CONDITIONAL_ONLY,A,,"{""-1"": -1, ""1"": 1}"
E2_CONTEXT_SIGN_FLIP,62009,CRN_CHAIN_MC,128,CONTEXT_CONDITIONAL_ONLY,A,,"{""-1"": -1, ""1"": 1}"
E2_CONTEXT_SIGN_FLIP,62009,CRN_CHAIN_MC,256,CONTEXT_CONDITIONAL_ONLY,A,,"{""-1"": -1, ""1"": 1}"
E2_CONTEXT_SIGN_FLIP,62009,DOUBLE_ANTITHETIC_CRN_MC,8,CONTEXT_CONDITIONAL_ONLY,A,,"{""-1"": -1, ""1"": 1}"
E2_CONTEXT_SIGN_FLIP,62009,DOUBLE_ANTITHETIC_CRN_MC,16,CONTEXT_CONDITIONAL_ONLY,A,,"{""-1"": -1, ""1"": 1}"
E2_CONTEXT_SIGN_FLIP,62009,DOUBLE_ANTITHETIC_CRN_MC,32,CONTEXT_CONDITIONAL_ONLY,A,,"{""-1"": -1, ""1"": 1}"
E2_CONTEXT_SIGN_FLIP,62009,DOUBLE_ANTITHETIC_CRN_MC,64,CONTEXT_CONDITIONAL_ONLY,A,,"{""-1"": -1, ""1"": 1}"
E2_CONTEXT_SIGN_FLIP,62009,DOUBLE_ANTITHETIC_CRN_MC,128,CONTEXT_CONDITIONAL_ONLY,A,,"{""-1"": -1, ""1"": 1}"
E2_CONTEXT_SIGN_FLIP,62009,DOUBLE_ANTITHETIC_CRN_MC,256,CONTEXT_CONDITIONAL_ONLY,A,,"{""-1"": -1, ""1"": 1}"
E2_CONTEXT_SIGN_FLIP,62009,LEGACY_INDEPENDENT_MC,8,CONTEXT_CONDITIONAL_ONLY,A,,"{""-1"": -1, ""1"": 1}"
E2_CONTEXT_SIGN_FLIP,62009,LEGACY_INDEPENDENT_MC,16,CONTEXT_CONDITIONAL_ONLY,A,,"{""-1"": -1, ""1"": 1}"
E2_CONTEXT_SIGN_FLIP,62009,LEGACY_INDEPENDENT_MC,32,CONTEXT_CONDITIONAL_ONLY,A,,"{""-1"": -1, ""1"": 1}"
E2_CONTEXT_SIGN_FLIP,62009,LEGACY_INDEPENDENT_MC,64,CONTEXT_CONDITIONAL_ONLY,A,,"{""-1"": -1, ""1"": 1}"
E2_CONTEXT_SIGN_FLIP,62009,LEGACY_INDEPENDENT_MC,128,CONTEXT_CONDITIONAL_ONLY,A,,"{""-1"": -1, ""1"": 1}"
E2_CONTEXT_SIGN_FLIP,62009,LEGACY_INDEPENDENT_MC,256,CONTEXT_CONDITIONAL_ONLY,A,,"{""-1"": -1, ""1"": 1}"
E2_CONTEXT_SIGN_FLIP,62010,ANTITHETIC_CRN_MC,8,CONTEXT_CONDITIONAL_ONLY,A,,"{""-1"": -1, ""1"": 1}"
E2_CONTEXT_SIGN_FLIP,62010,ANTITHETIC_CRN_MC,16,CONTEXT_CONDITIONAL_ONLY,A,,"{""-1"": -1, ""1"": 1}"
E2_CONTEXT_SIGN_FLIP,62010,ANTITHETIC_CRN_MC,32,CONTEXT_CONDITIONAL_ONLY,A,,"{""-1"": -1, ""1"": 1}"
E2_CONTEXT_SIGN_FLIP,62010,ANTITHETIC_CRN_MC,64,CONTEXT_CONDITIONAL_ONLY,A,,"{""-1"": -1, ""1"": 1}"
E2_CONTEXT_SIGN_FLIP,62010,ANTITHETIC_CRN_MC,128,CONTEXT_CONDITIONAL_ONLY,A,,"{""-1"": -1, ""1"": 1}"
E2_CONTEXT_SIGN_FLIP,62010,ANTITHETIC_CRN_MC,256,CONTEXT_CONDITIONAL_ONLY,A,,"{""-1"": -1, ""1"": 1}"
E2_CONTEXT_SIGN_FLIP,62010,CRN_CHAIN_MC,8,CONTEXT_CONDITIONAL_ONLY,A,,"{""-1"": -1, ""1"": 1}"
E2_CONTEXT_SIGN_FLIP,62010,CRN_CHAIN_MC,16,CONTEXT_CONDITIONAL_ONLY,A,,"{""-1"": -1, ""1"": 1}"
E2_CONTEXT_SIGN_FLIP,62010,CRN_CHAIN_MC,32,CONTEXT_CONDITIONAL_ONLY,A,,"{""-1"": -1, ""1"": 1}"
E2_CONTEXT_SIGN_FLIP,62010,CRN_CHAIN_MC,64,CONTEXT_CONDITIONAL_ONLY,A,,"{""-1"": -1, ""1"": 1}"
E2_CONTEXT_SIGN_FLIP,62010,CRN_CHAIN_MC,128,CONTEXT_CONDITIONAL_ONLY,A,,"{""-1"": -1, ""1"": 1}"
E2_CONTEXT_SIGN_FLIP,62010,CRN_CHAIN_MC,256,CONTEXT_CONDITIONAL_ONLY,A,,"{""-1"": -1, ""1"": 1}"
E2_CONTEXT_SIGN_FLIP,62010,DOUBLE_ANTITHETIC_CRN_MC,8,CONTEXT_CONDITIONAL_ONLY,A,,"{""-1"": -1, ""1"": 1}"
E2_CONTEXT_SIGN_FLIP,62010,DOUBLE_ANTITHETIC_CRN_MC,16,CONTEXT_CONDITIONAL_ONLY,A,,"{""-1"": -1, ""1"": 1}"
E2_CONTEXT_SIGN_FLIP,62010,DOUBLE_ANTITHETIC_CRN_MC,32,CONTEXT_CONDITIONAL_ONLY,A,,"{""-1"": -1, ""1"": 1}"
E2_CONTEXT_SIGN_FLIP,62010,DOUBLE_ANTITHETIC_CRN_MC,64,CONTEXT_CONDITIONAL_ONLY,A,,"{""-1"": -1, ""1"": 1}"
E2_CONTEXT_SIGN_FLIP,62010,DOUBLE_ANTITHETIC_CRN_MC,128,CONTEXT_CONDITIONAL_ONLY,A,,"{""-1"": -1, ""1"": 1}"
E2_CONTEXT_SIGN_FLIP,62010,DOUBLE_ANTITHETIC_CRN_MC,256,CONTEXT_CONDITIONAL_ONLY,A,,"{""-1"": -1, ""1"": 1}"
E2_CONTEXT_SIGN_FLIP,62010,LEGACY_INDEPENDENT_MC,8,CONTEXT_CONDITIONAL_ONLY,A,,"{""-1"": -1, ""1"": 1}"
E2_CONTEXT_SIGN_FLIP,62010,LEGACY_INDEPENDENT_MC,16,CONTEXT_CONDITIONAL_ONLY,A,,"{""-1"": -1, ""1"": 1}"
E2_CONTEXT_SIGN_FLIP,62010,LEGACY_INDEPENDENT_MC,32,CONTEXT_CONDITIONAL_ONLY,A,,"{""-1"": -1, ""1"": 1}"
E2_CONTEXT_SIGN_FLIP,62010,LEGACY_INDEPENDENT_MC,64,CONTEXT_CONDITIONAL_ONLY,A,,"{""-1"": -1, ""1"": 1}"
E2_CONTEXT_SIGN_FLIP,62010,LEGACY_INDEPENDENT_MC,128,CONTEXT_CONDITIONAL_ONLY,A,,"{""-1"": -1, ""1"": 1}"
E2_CONTEXT_SIGN_FLIP,62010,LEGACY_INDEPENDENT_MC,256,CONTEXT_CONDITIONAL_ONLY,A,,"{""-1"": -1, ""1"": 1}"
E2_CONTEXT_SIGN_FLIP,62011,ANTITHETIC_CRN_MC,8,CONTEXT_CONDITIONAL_ONLY,A,,"{""-1"": -1, ""1"": 1}"
E2_CONTEXT_SIGN_FLIP,62011,ANTITHETIC_CRN_MC,16,CONTEXT_CONDITIONAL_ONLY,A,,"{""-1"": -1, ""1"": 1}"
E2_CONTEXT_SIGN_FLIP,62011,ANTITHETIC_CRN_MC,32,CONTEXT_CONDITIONAL_ONLY,A,,"{""-1"": -1, ""1"": 1}"
E2_CONTEXT_SIGN_FLIP,62011,ANTITHETIC_CRN_MC,64,CONTEXT_CONDITIONAL_ONLY,A,,"{""-1"": -1, ""1"": 1}"
E2_CONTEXT_SIGN_FLIP,62011,ANTITHETIC_CRN_MC,128,CONTEXT_CONDITIONAL_ONLY,A,,"{""-1"": -1, ""1"": 1}"
E2_CONTEXT_SIGN_FLIP,62011,ANTITHETIC_CRN_MC,256,CONTEXT_CONDITIONAL_ONLY,A,,"{""-1"": -1, ""1"": 1}"
E2_CONTEXT_SIGN_FLIP,62011,CRN_CHAIN_MC,8,CONTEXT_CONDITIONAL_ONLY,A,,"{""-1"": -1, ""1"": 1}"
E2_CONTEXT_SIGN_FLIP,62011,CRN_CHAIN_MC,16,CONTEXT_CONDITIONAL_ONLY,A,,"{""-1"": -1, ""1"": 1}"
E2_CONTEXT_SIGN_FLIP,62011,CRN_CHAIN_MC,32,CONTEXT_CONDITIONAL_ONLY,A,,"{""-1"": -1, ""1"": 1}"
E2_CONTEXT_SIGN_FLIP,62011,CRN_CHAIN_MC,64,CONTEXT_CONDITIONAL_ONLY,A,,"{""-1"": -1, ""1"": 1}"
E2_CONTEXT_SIGN_FLIP,62011,CRN_CHAIN_MC,128,CONTEXT_CONDITIONAL_ONLY,A,,"{""-1"": -1, ""1"": 1}"
E2_CONTEXT_SIGN_FLIP,62011,CRN_CHAIN_MC,256,CONTEXT_CONDITIONAL_ONLY,A,,"{""-1"": -1, ""1"": 1}"
E2_CONTEXT_SIGN_FLIP,62011,DOUBLE_ANTITHETIC_CRN_MC,8,CONTEXT_CONDITIONAL_ONLY,A,,"{""-1"": -1, ""1"": 1}"
E2_CONTEXT_SIGN_FLIP,62011,DOUBLE_ANTITHETIC_CRN_MC,16,CONTEXT_CONDITIONAL_ONLY,A,,"{""-1"": -1, ""1"": 1}"
E2_CONTEXT_SIGN_FLIP,62011,DOUBLE_ANTITHETIC_CRN_MC,32,CONTEXT_CONDITIONAL_ONLY,A,,"{""-1"": -1, ""1"": 1}"
E2_CONTEXT_SIGN_FLIP,62011,DOUBLE_ANTITHETIC_CRN_MC,64,CONTEXT_CONDITIONAL_ONLY,A,,"{""-1"": -1, ""1"": 1}"
E2_CONTEXT_SIGN_FLIP,62011,DOUBLE_ANTITHETIC_CRN_MC,128,CONTEXT_CONDITIONAL_ONLY,A,,"{""-1"": -1, ""1"": 1}"
E2_CONTEXT_SIGN_FLIP,62011,DOUBLE_ANTITHETIC_CRN_MC,256,CONTEXT_CONDITIONAL_ONLY,A,,"{""-1"": -1, ""1"": 1}"
E2_CONTEXT_SIGN_FLIP,62011,LEGACY_INDEPENDENT_MC,8,CONTEXT_CONDITIONAL_ONLY,A,,"{""-1"": -1, ""1"": 1}"
E2_CONTEXT_SIGN_FLIP,62011,LEGACY_INDEPENDENT_MC,16,CONTEXT_CONDITIONAL_ONLY,A,,"{""-1"": -1, ""1"": 1}"
E2_CONTEXT_SIGN_FLIP,62011,LEGACY_INDEPENDENT_MC,32,CONTEXT_CONDITIONAL_ONLY,A,,"{""-1"": -1, ""1"": 1}"
E2_CONTEXT_SIGN_FLIP,62011,LEGACY_INDEPENDENT_MC,64,CONTEXT_CONDITIONAL_ONLY,A,,"{""-1"": -1, ""1"": 1}"
E2_CONTEXT_SIGN_FLIP,62011,LEGACY_INDEPENDENT_MC,128,CONTEXT_CONDITIONAL_ONLY,A,,"{""-1"": -1, ""1"": 1}"
E2_CONTEXT_SIGN_FLIP,62011,LEGACY_INDEPENDENT_MC,256,CONTEXT_CONDITIONAL_ONLY,A,,"{""-1"": -1, ""1"": 1}"
E2_CONTEXT_SIGN_FLIP,62012,ANTITHETIC_CRN_MC,8,CONTEXT_CONDITIONAL_ONLY,A,,"{""-1"": -1, ""1"": 1}"
E2_CONTEXT_SIGN_FLIP,62012,ANTITHETIC_CRN_MC,16,CONTEXT_CONDITIONAL_ONLY,A,,"{""-1"": -1, ""1"": 1}"
E2_CONTEXT_SIGN_FLIP,62012,ANTITHETIC_CRN_MC,32,CONTEXT_CONDITIONAL_ONLY,A,,"{""-1"": -1, ""1"": 1}"
E2_CONTEXT_SIGN_FLIP,62012,ANTITHETIC_CRN_MC,64,CONTEXT_CONDITIONAL_ONLY,A,,"{""-1"": -1, ""1"": 1}"
E2_CONTEXT_SIGN_FLIP,62012,ANTITHETIC_CRN_MC,128,CONTEXT_CONDITIONAL_ONLY,A,,"{""-1"": -1, ""1"": 1}"
E2_CONTEXT_SIGN_FLIP,62012,ANTITHETIC_CRN_MC,256,CONTEXT_CONDITIONAL_ONLY,A,,"{""-1"": -1, ""1"": 1}"
E2_CONTEXT_SIGN_FLIP,62012,CRN_CHAIN_MC,8,CONTEXT_CONDITIONAL_ONLY,A,,"{""-1"": -1, ""1"": 1}"
E2_CONTEXT_SIGN_FLIP,62012,CRN_CHAIN_MC,16,CONTEXT_CONDITIONAL_ONLY,A,,"{""-1"": -1, ""1"": 1}"
E2_CONTEXT_SIGN_FLIP,62012,CRN_CHAIN_MC,32,CONTEXT_CONDITIONAL_ONLY,A,,"{""-1"": -1, ""1"": 1}"
E2_CONTEXT_SIGN_FLIP,62012,CRN_CHAIN_MC,64,CONTEXT_CONDITIONAL_ONLY,A,,"{""-1"": -1, ""1"": 1}"
E2_CONTEXT_SIGN_FLIP,62012,CRN_CHAIN_MC,128,CONTEXT_CONDITIONAL_ONLY,A,,"{""-1"": -1, ""1"": 1}"
E2_CONTEXT_SIGN_FLIP,62012,CRN_CHAIN_MC,256,CONTEXT_CONDITIONAL_ONLY,A,,"{""-1"": -1, ""1"": 1}"
E2_CONTEXT_SIGN_FLIP,62012,DOUBLE_ANTITHETIC_CRN_MC,8,CONTEXT_CONDITIONAL_ONLY,A,,"{""-1"": -1, ""1"": 1}"
E2_CONTEXT_SIGN_FLIP,62012,DOUBLE_ANTITHETIC_CRN_MC,16,CONTEXT_CONDITIONAL_ONLY,A,,"{""-1"": -1, ""1"": 1}"
E2_CONTEXT_SIGN_FLIP,62012,DOUBLE_ANTITHETIC_CRN_MC,32,CONTEXT_CONDITIONAL_ONLY,A,,"{""-1"": -1, ""1"": 1}"
E2_CONTEXT_SIGN_FLIP,62012,DOUBLE_ANTITHETIC_CRN_MC,64,CONTEXT_CONDITIONAL_ONLY,A,,"{""-1"": -1, ""1"": 1}"
E2_CONTEXT_SIGN_FLIP,62012,DOUBLE_ANTITHETIC_CRN_MC,128,CONTEXT_CONDITIONAL_ONLY,A,,"{""-1"": -1, ""1"": 1}"
E2_CONTEXT_SIGN_FLIP,62012,DOUBLE_ANTITHETIC_CRN_MC,256,CONTEXT_CONDITIONAL_ONLY,A,,"{""-1"": -1, ""1"": 1}"
E2_CONTEXT_SIGN_FLIP,62012,LEGACY_INDEPENDENT_MC,8,CONTEXT_CONDITIONAL_ONLY,A,,"{""-1"": -1, ""1"": 1}"
E2_CONTEXT_SIGN_FLIP,62012,LEGACY_INDEPENDENT_MC,16,CONTEXT_CONDITIONAL_ONLY,A,,"{""-1"": -1, ""1"": 1}"
E2_CONTEXT_SIGN_FLIP,62012,LEGACY_INDEPENDENT_MC,32,CONTEXT_CONDITIONAL_ONLY,A,,"{""-1"": -1, ""1"": 1}"
E2_CONTEXT_SIGN_FLIP,62012,LEGACY_INDEPENDENT_MC,64,CONTEXT_CONDITIONAL_ONLY,A,,"{""-1"": -1, ""1"": 1}"
E2_CONTEXT_SIGN_FLIP,62012,LEGACY_INDEPENDENT_MC,128,CONTEXT_CONDITIONAL_ONLY,A,,"{""-1"": -1, ""1"": 1}"
E2_CONTEXT_SIGN_FLIP,62012,LEGACY_INDEPENDENT_MC,256,CONTEXT_CONDITIONAL_ONLY,A,,"{""-1"": -1, ""1"": 1}"
E2_CONTEXT_SIGN_FLIP,62013,ANTITHETIC_CRN_MC,8,CONTEXT_CONDITIONAL_ONLY,A,,"{""-1"": -1, ""1"": 1}"
E2_CONTEXT_SIGN_FLIP,62013,ANTITHETIC_CRN_MC,16,CONTEXT_CONDITIONAL_ONLY,A,,"{""-1"": -1, ""1"": 1}"
E2_CONTEXT_SIGN_FLIP,62013,ANTITHETIC_CRN_MC,32,CONTEXT_CONDITIONAL_ONLY,A,,"{""-1"": -1, ""1"": 1}"
E2_CONTEXT_SIGN_FLIP,62013,ANTITHETIC_CRN_MC,64,CONTEXT_CONDITIONAL_ONLY,A,,"{""-1"": -1, ""1"": 1}"
E2_CONTEXT_SIGN_FLIP,62013,ANTITHETIC_CRN_MC,128,CONTEXT_CONDITIONAL_ONLY,A,,"{""-1"": -1, ""1"": 1}"
E2_CONTEXT_SIGN_FLIP,62013,ANTITHETIC_CRN_MC,256,CONTEXT_CONDITIONAL_ONLY,A,,"{""-1"": -1, ""1"": 1}"
E2_CONTEXT_SIGN_FLIP,62013,CRN_CHAIN_MC,8,CONTEXT_CONDITIONAL_ONLY,A,,"{""-1"": -1, ""1"": 1}"
E2_CONTEXT_SIGN_FLIP,62013,CRN_CHAIN_MC,16,CONTEXT_CONDITIONAL_ONLY,A,,"{""-1"": -1, ""1"": 1}"
E2_CONTEXT_SIGN_FLIP,62013,CRN_CHAIN_MC,32,CONTEXT_CONDITIONAL_ONLY,A,,"{""-1"": -1, ""1"": 1}"
E2_CONTEXT_SIGN_FLIP,62013,CRN_CHAIN_MC,64,CONTEXT_CONDITIONAL_ONLY,A,,"{""-1"": -1, ""1"": 1}"
E2_CONTEXT_SIGN_FLIP,62013,CRN_CHAIN_MC,128,CONTEXT_CONDITIONAL_ONLY,A,,"{""-1"": -1, ""1"": 1}"
E2_CONTEXT_SIGN_FLIP,62013,CRN_CHAIN_MC,256,CONTEXT_CONDITIONAL_ONLY,A,,"{""-1"": -1, ""1"": 1}"
E2_CONTEXT_SIGN_FLIP,62013,DOUBLE_ANTITHETIC_CRN_MC,8,CONTEXT_CONDITIONAL_ONLY,A,,"{""-1"": -1, ""1"": 1}"
E2_CONTEXT_SIGN_FLIP,62013,DOUBLE_ANTITHETIC_CRN_MC,16,CONTEXT_CONDITIONAL_ONLY,A,,"{""-1"": -1, ""1"": 1}"
E2_CONTEXT_SIGN_FLIP,62013,DOUBLE_ANTITHETIC_CRN_MC,32,CONTEXT_CONDITIONAL_ONLY,A,,"{""-1"": -1, ""1"": 1}"
E2_CONTEXT_SIGN_FLIP,62013,DOUBLE_ANTITHETIC_CRN_MC,64,CONTEXT_CONDITIONAL_ONLY,A,,"{""-1"": -1, ""1"": 1}"
E2_CONTEXT_SIGN_FLIP,62013,DOUBLE_ANTITHETIC_CRN_MC,128,CONTEXT_CONDITIONAL_ONLY,A,,"{""-1"": -1, ""1"": 1}"
E2_CONTEXT_SIGN_FLIP,62013,DOUBLE_ANTITHETIC_CRN_MC,256,CONTEXT_CONDITIONAL_ONLY,A,,"{""-1"": -1, ""1"": 1}"
E2_CONTEXT_SIGN_FLIP,62013,LEGACY_INDEPENDENT_MC,8,CONTEXT_CONDITIONAL_ONLY,A,,"{""-1"": -1, ""1"": 1}"
E2_CONTEXT_SIGN_FLIP,62013,LEGACY_INDEPENDENT_MC,16,CONTEXT_CONDITIONAL_ONLY,A,,"{""-1"": -1, ""1"": 1}"
E2_CONTEXT_SIGN_FLIP,62013,LEGACY_INDEPENDENT_MC,32,CONTEXT_CONDITIONAL_ONLY,A,,"{""-1"": -1, ""1"": 1}"
E2_CONTEXT_SIGN_FLIP,62013,LEGACY_INDEPENDENT_MC,64,CONTEXT_CONDITIONAL_ONLY,A,,"{""-1"": -1, ""1"": 1}"
E2_CONTEXT_SIGN_FLIP,62013,LEGACY_INDEPENDENT_MC,128,CONTEXT_CONDITIONAL_ONLY,A,,"{""-1"": -1, ""1"": 1}"
E2_CONTEXT_SIGN_FLIP,62013,LEGACY_INDEPENDENT_MC,256,CONTEXT_CONDITIONAL_ONLY,A,,"{""-1"": -1, ""1"": 1}"
E2_CONTEXT_SIGN_FLIP,62014,ANTITHETIC_CRN_MC,8,CONTEXT_CONDITIONAL_ONLY,A,,"{""-1"": -1, ""1"": 1}"
E2_CONTEXT_SIGN_FLIP,62014,ANTITHETIC_CRN_MC,16,CONTEXT_CONDITIONAL_ONLY,A,,"{""-1"": -1, ""1"": 1}"
E2_CONTEXT_SIGN_FLIP,62014,ANTITHETIC_CRN_MC,32,CONTEXT_CONDITIONAL_ONLY,A,,"{""-1"": -1, ""1"": 1}"
E2_CONTEXT_SIGN_FLIP,62014,ANTITHETIC_CRN_MC,64,CONTEXT_CONDITIONAL_ONLY,A,,"{""-1"": -1, ""1"": 1}"
E2_CONTEXT_SIGN_FLIP,62014,ANTITHETIC_CRN_MC,128,CONTEXT_CONDITIONAL_ONLY,A,,"{""-1"": -1, ""1"": 1}"
E2_CONTEXT_SIGN_FLIP,62014,ANTITHETIC_CRN_MC,256,CONTEXT_CONDITIONAL_ONLY,A,,"{""-1"": -1, ""1"": 1}"
E2_CONTEXT_SIGN_FLIP,62014,CRN_CHAIN_MC,8,CONTEXT_CONDITIONAL_ONLY,A,,"{""-1"": -1, ""1"": 1}"
E2_CONTEXT_SIGN_FLIP,62014,CRN_CHAIN_MC,16,CONTEXT_CONDITIONAL_ONLY,A,,"{""-1"": -1, ""1"": 1}"
E2_CONTEXT_SIGN_FLIP,62014,CRN_CHAIN_MC,32,CONTEXT_CONDITIONAL_ONLY,A,,"{""-1"": -1, ""1"": 1}"
E2_CONTEXT_SIGN_FLIP,62014,CRN_CHAIN_MC,64,CONTEXT_CONDITIONAL_ONLY,A,,"{""-1"": -1, ""1"": 1}"
E2_CONTEXT_SIGN_FLIP,62014,CRN_CHAIN_MC,128,CONTEXT_CONDITIONAL_ONLY,A,,"{""-1"": -1, ""1"": 1}"
E2_CONTEXT_SIGN_FLIP,62014,CRN_CHAIN_MC,256,CONTEXT_CONDITIONAL_ONLY,A,,"{""-1"": -1, ""1"": 1}"
E2_CONTEXT_SIGN_FLIP,62014,DOUBLE_ANTITHETIC_CRN_MC,8,CONTEXT_CONDITIONAL_ONLY,A,,"{""-1"": -1, ""1"": 1}"
E2_CONTEXT_SIGN_FLIP,62014,DOUBLE_ANTITHETIC_CRN_MC,16,CONTEXT_CONDITIONAL_ONLY,A,,"{""-1"": -1, ""1"": 1}"
E2_CONTEXT_SIGN_FLIP,62014,DOUBLE_ANTITHETIC_CRN_MC,32,CONTEXT_CONDITIONAL_ONLY,A,,"{""-1"": -1, ""1"": 1}"
E2_CONTEXT_SIGN_FLIP,62014,DOUBLE_ANTITHETIC_CRN_MC,64,CONTEXT_CONDITIONAL_ONLY,A,,"{""-1"": -1, ""1"": 1}"
E2_CONTEXT_SIGN_FLIP,62014,DOUBLE_ANTITHETIC_CRN_MC,128,CONTEXT_CONDITIONAL_ONLY,A,,"{""-1"": -1, ""1"": 1}"
E2_CONTEXT_SIGN_FLIP,62014,DOUBLE_ANTITHETIC_CRN_MC,256,CONTEXT_CONDITIONAL_ONLY,A,,"{""-1"": -1, ""1"": 1}"
E2_CONTEXT_SIGN_FLIP,62014,LEGACY_INDEPENDENT_MC,8,CONTEXT_CONDITIONAL_ONLY,A,,"{""-1"": -1, ""1"": 1}"
E2_CONTEXT_SIGN_FLIP,62014,LEGACY_INDEPENDENT_MC,16,CONTEXT_CONDITIONAL_ONLY,A,,"{""-1"": -1, ""1"": 1}"
E2_CONTEXT_SIGN_FLIP,62014,LEGACY_INDEPENDENT_MC,32,CONTEXT_CONDITIONAL_ONLY,A,,"{""-1"": -1, ""1"": 1}"
E2_CONTEXT_SIGN_FLIP,62014,LEGACY_INDEPENDENT_MC,64,CONTEXT_CONDITIONAL_ONLY,A,,"{""-1"": -1, ""1"": 1}"
E2_CONTEXT_SIGN_FLIP,62014,LEGACY_INDEPENDENT_MC,128,CONTEXT_CONDITIONAL_ONLY,A,,"{""-1"": -1, ""1"": 1}"
E2_CONTEXT_SIGN_FLIP,62014,LEGACY_INDEPENDENT_MC,256,CONTEXT_CONDITIONAL_ONLY,A,,"{""-1"": -1, ""1"": 1}"
E2_CONTEXT_SIGN_FLIP,62015,ANTITHETIC_CRN_MC,8,CONTEXT_CONDITIONAL_ONLY,A,,"{""-1"": -1, ""1"": 1}"
E2_CONTEXT_SIGN_FLIP,62015,ANTITHETIC_CRN_MC,16,CONTEXT_CONDITIONAL_ONLY,A,,"{""-1"": -1, ""1"": 1}"
E2_CONTEXT_SIGN_FLIP,62015,ANTITHETIC_CRN_MC,32,CONTEXT_CONDITIONAL_ONLY,A,,"{""-1"": -1, ""1"": 1}"
E2_CONTEXT_SIGN_FLIP,62015,ANTITHETIC_CRN_MC,64,CONTEXT_CONDITIONAL_ONLY,A,,"{""-1"": -1, ""1"": 1}"
E2_CONTEXT_SIGN_FLIP,62015,ANTITHETIC_CRN_MC,128,CONTEXT_CONDITIONAL_ONLY,A,,"{""-1"": -1, ""1"": 1}"
E2_CONTEXT_SIGN_FLIP,62015,ANTITHETIC_CRN_MC,256,CONTEXT_CONDITIONAL_ONLY,A,,"{""-1"": -1, ""1"": 1}"
E2_CONTEXT_SIGN_FLIP,62015,CRN_CHAIN_MC,8,CONTEXT_CONDITIONAL_ONLY,A,,"{""-1"": -1, ""1"": 1}"
E2_CONTEXT_SIGN_FLIP,62015,CRN_CHAIN_MC,16,CONTEXT_CONDITIONAL_ONLY,A,,"{""-1"": -1, ""1"": 1}"
E2_CONTEXT_SIGN_FLIP,62015,CRN_CHAIN_MC,32,CONTEXT_CONDITIONAL_ONLY,A,,"{""-1"": -1, ""1"": 1}"
E2_CONTEXT_SIGN_FLIP,62015,CRN_CHAIN_MC,64,CONTEXT_CONDITIONAL_ONLY,A,,"{""-1"": -1, ""1"": 1}"
E2_CONTEXT_SIGN_FLIP,62015,CRN_CHAIN_MC,128,CONTEXT_CONDITIONAL_ONLY,A,,"{""-1"": -1, ""1"": 1}"
E2_CONTEXT_SIGN_FLIP,62015,CRN_CHAIN_MC,256,CONTEXT_CONDITIONAL_ONLY,A,,"{""-1"": -1, ""1"": 1}"
E2_CONTEXT_SIGN_FLIP,62015,DOUBLE_ANTITHETIC_CRN_MC,8,CONTEXT_CONDITIONAL_ONLY,A,,"{""-1"": -1, ""1"": 1}"
E2_CONTEXT_SIGN_FLIP,62015,DOUBLE_ANTITHETIC_CRN_MC,16,CONTEXT_CONDITIONAL_ONLY,A,,"{""-1"": -1, ""1"": 1}"
E2_CONTEXT_SIGN_FLIP,62015,DOUBLE_ANTITHETIC_CRN_MC,32,CONTEXT_CONDITIONAL_ONLY,A,,"{""-1"": -1, ""1"": 1}"
E2_CONTEXT_SIGN_FLIP,62015,DOUBLE_ANTITHETIC_CRN_MC,64,CONTEXT_CONDITIONAL_ONLY,A,,"{""-1"": -1, ""1"": 1}"
E2_CONTEXT_SIGN_FLIP,62015,DOUBLE_ANTITHETIC_CRN_MC,128,CONTEXT_CONDITIONAL_ONLY,A,,"{""-1"": -1, ""1"": 1}"
E2_CONTEXT_SIGN_FLIP,62015,DOUBLE_ANTITHETIC_CRN_MC,256,CONTEXT_CONDITIONAL_ONLY,A,,"{""-1"": -1, ""1"": 1}"
E2_CONTEXT_SIGN_FLIP,62015,LEGACY_INDEPENDENT_MC,8,CONTEXT_CONDITIONAL_ONLY,A,,"{""-1"": -1, ""1"": 1}"
E2_CONTEXT_SIGN_FLIP,62015,LEGACY_INDEPENDENT_MC,16,CONTEXT_CONDITIONAL_ONLY,A,,"{""-1"": -1, ""1"": 1}"
E2_CONTEXT_SIGN_FLIP,62015,LEGACY_INDEPENDENT_MC,32,CONTEXT_CONDITIONAL_ONLY,A,,"{""-1"": -1, ""1"": 1}"
E2_CONTEXT_SIGN_FLIP,62015,LEGACY_INDEPENDENT_MC,64,CONTEXT_CONDITIONAL_ONLY,A,,"{""-1"": -1, ""1"": 1}"
E2_CONTEXT_SIGN_FLIP,62015,LEGACY_INDEPENDENT_MC,128,CONTEXT_CONDITIONAL_ONLY,A,,"{""-1"": -1, ""1"": 1}"
E2_CONTEXT_SIGN_FLIP,62015,LEGACY_INDEPENDENT_MC,256,CONTEXT_CONDITIONAL_ONLY,A,,"{""-1"": -1, ""1"": 1}"
E2_CONTEXT_SIGN_FLIP,62016,ANTITHETIC_CRN_MC,8,CONTEXT_CONDITIONAL_ONLY,A,,"{""-1"": -1, ""1"": 1}"
E2_CONTEXT_SIGN_FLIP,62016,ANTITHETIC_CRN_MC,16,CONTEXT_CONDITIONAL_ONLY,A,,"{""-1"": -1, ""1"": 1}"
E2_CONTEXT_SIGN_FLIP,62016,ANTITHETIC_CRN_MC,32,CONTEXT_CONDITIONAL_ONLY,A,,"{""-1"": -1, ""1"": 1}"
E2_CONTEXT_SIGN_FLIP,62016,ANTITHETIC_CRN_MC,64,CONTEXT_CONDITIONAL_ONLY,A,,"{""-1"": -1, ""1"": 1}"
E2_CONTEXT_SIGN_FLIP,62016,ANTITHETIC_CRN_MC,128,CONTEXT_CONDITIONAL_ONLY,A,,"{""-1"": -1, ""1"": 1}"
E2_CONTEXT_SIGN_FLIP,62016,ANTITHETIC_CRN_MC,256,CONTEXT_CONDITIONAL_ONLY,A,,"{""-1"": -1, ""1"": 1}"
E2_CONTEXT_SIGN_FLIP,62016,CRN_CHAIN_MC,8,CONTEXT_CONDITIONAL_ONLY,A,,"{""-1"": -1, ""1"": 1}"
E2_CONTEXT_SIGN_FLIP,62016,CRN_CHAIN_MC,16,CONTEXT_CONDITIONAL_ONLY,A,,"{""-1"": -1, ""1"": 1}"
E2_CONTEXT_SIGN_FLIP,62016,CRN_CHAIN_MC,32,CONTEXT_CONDITIONAL_ONLY,A,,"{""-1"": -1, ""1"": 1}"
E2_CONTEXT_SIGN_FLIP,62016,CRN_CHAIN_MC,64,CONTEXT_CONDITIONAL_ONLY,A,,"{""-1"": -1, ""1"": 1}"
E2_CONTEXT_SIGN_FLIP,62016,CRN_CHAIN_MC,128,CONTEXT_CONDITIONAL_ONLY,A,,"{""-1"": -1, ""1"": 1}"
E2_CONTEXT_SIGN_FLIP,62016,CRN_CHAIN_MC,256,CONTEXT_CONDITIONAL_ONLY,A,,"{""-1"": -1, ""1"": 1}"
E2_CONTEXT_SIGN_FLIP,62016,DOUBLE_ANTITHETIC_CRN_MC,8,CONTEXT_CONDITIONAL_ONLY,A,,"{""-1"": -1, ""1"": 1}"
E2_CONTEXT_SIGN_FLIP,62016,DOUBLE_ANTITHETIC_CRN_MC,16,CONTEXT_CONDITIONAL_ONLY,A,,"{""-1"": -1, ""1"": 1}"
E2_CONTEXT_SIGN_FLIP,62016,DOUBLE_ANTITHETIC_CRN_MC,32,CONTEXT_CONDITIONAL_ONLY,A,,"{""-1"": -1, ""1"": 1}"
E2_CONTEXT_SIGN_FLIP,62016,DOUBLE_ANTITHETIC_CRN_MC,64,CONTEXT_CONDITIONAL_ONLY,A,,"{""-1"": -1, ""1"": 1}"
E2_CONTEXT_SIGN_FLIP,62016,DOUBLE_ANTITHETIC_CRN_MC,128,CONTEXT_CONDITIONAL_ONLY,A,,"{""-1"": -1, ""1"": 1}"
E2_CONTEXT_SIGN_FLIP,62016,DOUBLE_ANTITHETIC_CRN_MC,256,CONTEXT_CONDITIONAL_ONLY,A,,"{""-1"": -1, ""1"": 1}"
E2_CONTEXT_SIGN_FLIP,62016,LEGACY_INDEPENDENT_MC,8,CONTEXT_CONDITIONAL_ONLY,A,,"{""-1"": -1, ""1"": 1}"
E2_CONTEXT_SIGN_FLIP,62016,LEGACY_INDEPENDENT_MC,16,CONTEXT_CONDITIONAL_ONLY,A,,"{""-1"": -1, ""1"": 1}"
E2_CONTEXT_SIGN_FLIP,62016,LEGACY_INDEPENDENT_MC,32,CONTEXT_CONDITIONAL_ONLY,A,,"{""-1"": -1, ""1"": 1}"
E2_CONTEXT_SIGN_FLIP,62016,LEGACY_INDEPENDENT_MC,64,CONTEXT_CONDITIONAL_ONLY,A,,"{""-1"": -1, ""1"": 1}"
E2_CONTEXT_SIGN_FLIP,62016,LEGACY_INDEPENDENT_MC,128,CONTEXT_CONDITIONAL_ONLY,A,,"{""-1"": -1, ""1"": 1}"
E2_CONTEXT_SIGN_FLIP,62016,LEGACY_INDEPENDENT_MC,256,CONTEXT_CONDITIONAL_ONLY,A,,"{""-1"": -1, ""1"": 1}"
E2_CONTEXT_SIGN_FLIP,62017,ANTITHETIC_CRN_MC,8,CONTEXT_CONDITIONAL_ONLY,A,,"{""-1"": -1, ""1"": 1}"
E2_CONTEXT_SIGN_FLIP,62017,ANTITHETIC_CRN_MC,16,CONTEXT_CONDITIONAL_ONLY,A,,"{""-1"": -1, ""1"": 1}"
E2_CONTEXT_SIGN_FLIP,62017,ANTITHETIC_CRN_MC,32,CONTEXT_CONDITIONAL_ONLY,A,,"{""-1"": -1, ""1"": 1}"
E2_CONTEXT_SIGN_FLIP,62017,ANTITHETIC_CRN_MC,64,CONTEXT_CONDITIONAL_ONLY,A,,"{""-1"": -1, ""1"": 1}"
E2_CONTEXT_SIGN_FLIP,62017,ANTITHETIC_CRN_MC,128,CONTEXT_CONDITIONAL_ONLY,A,,"{""-1"": -1, ""1"": 1}"
E2_CONTEXT_SIGN_FLIP,62017,ANTITHETIC_CRN_MC,256,CONTEXT_CONDITIONAL_ONLY,A,,"{""-1"": -1, ""1"": 1}"
E2_CONTEXT_SIGN_FLIP,62017,CRN_CHAIN_MC,8,CONTEXT_CONDITIONAL_ONLY,A,,"{""-1"": -1, ""1"": 1}"
E2_CONTEXT_SIGN_FLIP,62017,CRN_CHAIN_MC,16,CONTEXT_CONDITIONAL_ONLY,A,,"{""-1"": -1, ""1"": 1}"
E2_CONTEXT_SIGN_FLIP,62017,CRN_CHAIN_MC,32,CONTEXT_CONDITIONAL_ONLY,A,,"{""-1"": -1, ""1"": 1}"
E2_CONTEXT_SIGN_FLIP,62017,CRN_CHAIN_MC,64,CONTEXT_CONDITIONAL_ONLY,A,,"{""-1"": -1, ""1"": 1}"
E2_CONTEXT_SIGN_FLIP,62017,CRN_CHAIN_MC,128,CONTEXT_CONDITIONAL_ONLY,A,,"{""-1"": -1, ""1"": 1}"
E2_CONTEXT_SIGN_FLIP,62017,CRN_CHAIN_MC,256,CONTEXT_CONDITIONAL_ONLY,A,,"{""-1"": -1, ""1"": 1}"
E2_CONTEXT_SIGN_FLIP,62017,DOUBLE_ANTITHETIC_CRN_MC,8,CONTEXT_CONDITIONAL_ONLY,A,,"{""-1"": -1, ""1"": 1}"
E2_CONTEXT_SIGN_FLIP,62017,DOUBLE_ANTITHETIC_CRN_MC,16,CONTEXT_CONDITIONAL_ONLY,A,,"{""-1"": -1, ""1"": 1}"
E2_CONTEXT_SIGN_FLIP,62017,DOUBLE_ANTITHETIC_CRN_MC,32,CONTEXT_CONDITIONAL_ONLY,A,,"{""-1"": -1, ""1"": 1}"
E2_CONTEXT_SIGN_FLIP,62017,DOUBLE_ANTITHETIC_CRN_MC,64,CONTEXT_CONDITIONAL_ONLY,A,,"{""-1"": -1, ""1"": 1}"
E2_CONTEXT_SIGN_FLIP,62017,DOUBLE_ANTITHETIC_CRN_MC,128,CONTEXT_CONDITIONAL_ONLY,A,,"{""-1"": -1, ""1"": 1}"
E2_CONTEXT_SIGN_FLIP,62017,DOUBLE_ANTITHETIC_CRN_MC,256,CONTEXT_CONDITIONAL_ONLY,A,,"{""-1"": -1, ""1"": 1}"
E2_CONTEXT_SIGN_FLIP,62017,LEGACY_INDEPENDENT_MC,8,CONTEXT_CONDITIONAL_ONLY,A,,"{""-1"": -1, ""1"": 1}"
E2_CONTEXT_SIGN_FLIP,62017,LEGACY_INDEPENDENT_MC,16,CONTEXT_CONDITIONAL_ONLY,A,,"{""-1"": -1, ""1"": 1}"
E2_CONTEXT_SIGN_FLIP,62017,LEGACY_INDEPENDENT_MC,32,CONTEXT_CONDITIONAL_ONLY,A,,"{""-1"": -1, ""1"": 1}"
E2_CONTEXT_SIGN_FLIP,62017,LEGACY_INDEPENDENT_MC,64,CONTEXT_CONDITIONAL_ONLY,A,,"{""-1"": -1, ""1"": 1}"
E2_CONTEXT_SIGN_FLIP,62017,LEGACY_INDEPENDENT_MC,128,CONTEXT_CONDITIONAL_ONLY,A,,"{""-1"": -1, ""1"": 1}"
E2_CONTEXT_SIGN_FLIP,62017,LEGACY_INDEPENDENT_MC,256,CONTEXT_CONDITIONAL_ONLY,A,,"{""-1"": -1, ""1"": 1}"
E2_CONTEXT_SIGN_FLIP,62018,ANTITHETIC_CRN_MC,8,CONTEXT_CONDITIONAL_ONLY,A,,"{""-1"": -1, ""1"": 1}"
E2_CONTEXT_SIGN_FLIP,62018,ANTITHETIC_CRN_MC,16,CONTEXT_CONDITIONAL_ONLY,A,,"{""-1"": -1, ""1"": 1}"
E2_CONTEXT_SIGN_FLIP,62018,ANTITHETIC_CRN_MC,32,CONTEXT_CONDITIONAL_ONLY,A,,"{""-1"": -1, ""1"": 1}"
E2_CONTEXT_SIGN_FLIP,62018,ANTITHETIC_CRN_MC,64,CONTEXT_CONDITIONAL_ONLY,A,,"{""-1"": -1, ""1"": 1}"
E2_CONTEXT_SIGN_FLIP,62018,ANTITHETIC_CRN_MC,128,CONTEXT_CONDITIONAL_ONLY,A,,"{""-1"": -1, ""1"": 1}"
E2_CONTEXT_SIGN_FLIP,62018,ANTITHETIC_CRN_MC,256,CONTEXT_CONDITIONAL_ONLY,A,,"{""-1"": -1, ""1"": 1}"
E2_CONTEXT_SIGN_FLIP,62018,CRN_CHAIN_MC,8,CONTEXT_CONDITIONAL_ONLY,A,,"{""-1"": -1, ""1"": 1}"
E2_CONTEXT_SIGN_FLIP,62018,CRN_CHAIN_MC,16,CONTEXT_CONDITIONAL_ONLY,A,,"{""-1"": -1, ""1"": 1}"
E2_CONTEXT_SIGN_FLIP,62018,CRN_CHAIN_MC,32,CONTEXT_CONDITIONAL_ONLY,A,,"{""-1"": -1, ""1"": 1}"
E2_CONTEXT_SIGN_FLIP,62018,CRN_CHAIN_MC,64,CONTEXT_CONDITIONAL_ONLY,A,,"{""-1"": -1, ""1"": 1}"
E2_CONTEXT_SIGN_FLIP,62018,CRN_CHAIN_MC,128,CONTEXT_CONDITIONAL_ONLY,A,,"{""-1"": -1, ""1"": 1}"
E2_CONTEXT_SIGN_FLIP,62018,CRN_CHAIN_MC,256,CONTEXT_CONDITIONAL_ONLY,A,,"{""-1"": -1, ""1"": 1}"
E2_CONTEXT_SIGN_FLIP,62018,DOUBLE_ANTITHETIC_CRN_MC,8,CONTEXT_CONDITIONAL_ONLY,A,,"{""-1"": -1, ""1"": 1}"
E2_CONTEXT_SIGN_FLIP,62018,DOUBLE_ANTITHETIC_CRN_MC,16,CONTEXT_CONDITIONAL_ONLY,A,,"{""-1"": -1, ""1"": 1}"
E2_CONTEXT_SIGN_FLIP,62018,DOUBLE_ANTITHETIC_CRN_MC,32,CONTEXT_CONDITIONAL_ONLY,A,,"{""-1"": -1, ""1"": 1}"
E2_CONTEXT_SIGN_FLIP,62018,DOUBLE_ANTITHETIC_CRN_MC,64,CONTEXT_CONDITIONAL_ONLY,A,,"{""-1"": -1, ""1"": 1}"
E2_CONTEXT_SIGN_FLIP,62018,DOUBLE_ANTITHETIC_CRN_MC,128,CONTEXT_CONDITIONAL_ONLY,A,,"{""-1"": -1, ""1"": 1}"
E2_CONTEXT_SIGN_FLIP,62018,DOUBLE_ANTITHETIC_CRN_MC,256,CONTEXT_CONDITIONAL_ONLY,A,,"{""-1"": -1, ""1"": 1}"
E2_CONTEXT_SIGN_FLIP,62018,LEGACY_INDEPENDENT_MC,8,CONTEXT_CONDITIONAL_ONLY,A,,"{""-1"": -1, ""1"": 1}"
E2_CONTEXT_SIGN_FLIP,62018,LEGACY_INDEPENDENT_MC,16,CONTEXT_CONDITIONAL_ONLY,A,,"{""-1"": -1, ""1"": 1}"
E2_CONTEXT_SIGN_FLIP,62018,LEGACY_INDEPENDENT_MC,32,CONTEXT_CONDITIONAL_ONLY,A,,"{""-1"": -1, ""1"": 1}"
E2_CONTEXT_SIGN_FLIP,62018,LEGACY_INDEPENDENT_MC,64,CONTEXT_CONDITIONAL_ONLY,A,,"{""-1"": -1, ""1"": 1}"
E2_CONTEXT_SIGN_FLIP,62018,LEGACY_INDEPENDENT_MC,128,CONTEXT_CONDITIONAL_ONLY,A,,"{""-1"": -1, ""1"": 1}"
E2_CONTEXT_SIGN_FLIP,62018,LEGACY_INDEPENDENT_MC,256,CONTEXT_CONDITIONAL_ONLY,A,,"{""-1"": -1, ""1"": 1}"
E2_CONTEXT_SIGN_FLIP,62019,ANTITHETIC_CRN_MC,8,CONTEXT_CONDITIONAL_ONLY,A,,"{""-1"": -1, ""1"": 1}"
E2_CONTEXT_SIGN_FLIP,62019,ANTITHETIC_CRN_MC,16,CONTEXT_CONDITIONAL_ONLY,A,,"{""-1"": -1, ""1"": 1}"
E2_CONTEXT_SIGN_FLIP,62019,ANTITHETIC_CRN_MC,32,CONTEXT_CONDITIONAL_ONLY,A,,"{""-1"": -1, ""1"": 1}"
E2_CONTEXT_SIGN_FLIP,62019,ANTITHETIC_CRN_MC,64,CONTEXT_CONDITIONAL_ONLY,A,,"{""-1"": -1, ""1"": 1}"
E2_CONTEXT_SIGN_FLIP,62019,ANTITHETIC_CRN_MC,128,CONTEXT_CONDITIONAL_ONLY,A,,"{""-1"": -1, ""1"": 1}"
E2_CONTEXT_SIGN_FLIP,62019,ANTITHETIC_CRN_MC,256,CONTEXT_CONDITIONAL_ONLY,A,,"{""-1"": -1, ""1"": 1}"
E2_CONTEXT_SIGN_FLIP,62019,CRN_CHAIN_MC,8,CONTEXT_CONDITIONAL_ONLY,A,,"{""-1"": -1, ""1"": 1}"
E2_CONTEXT_SIGN_FLIP,62019,CRN_CHAIN_MC,16,CONTEXT_CONDITIONAL_ONLY,A,,"{""-1"": -1, ""1"": 1}"
E2_CONTEXT_SIGN_FLIP,62019,CRN_CHAIN_MC,32,CONTEXT_CONDITIONAL_ONLY,A,,"{""-1"": -1, ""1"": 1}"
E2_CONTEXT_SIGN_FLIP,62019,CRN_CHAIN_MC,64,CONTEXT_CONDITIONAL_ONLY,A,,"{""-1"": -1, ""1"": 1}"
E2_CONTEXT_SIGN_FLIP,62019,CRN_CHAIN_MC,128,CONTEXT_CONDITIONAL_ONLY,A,,"{""-1"": -1, ""1"": 1}"
E2_CONTEXT_SIGN_FLIP,62019,CRN_CHAIN_MC,256,CONTEXT_CONDITIONAL_ONLY,A,,"{""-1"": -1, ""1"": 1}"
E2_CONTEXT_SIGN_FLIP,62019,DOUBLE_ANTITHETIC_CRN_MC,8,CONTEXT_CONDITIONAL_ONLY,A,,"{""-1"": -1, ""1"": 1}"
E2_CONTEXT_SIGN_FLIP,62019,DOUBLE_ANTITHETIC_CRN_MC,16,CONTEXT_CONDITIONAL_ONLY,A,,"{""-1"": -1, ""1"": 1}"
E2_CONTEXT_SIGN_FLIP,62019,DOUBLE_ANTITHETIC_CRN_MC,32,CONTEXT_CONDITIONAL_ONLY,A,,"{""-1"": -1, ""1"": 1}"
E2_CONTEXT_SIGN_FLIP,62019,DOUBLE_ANTITHETIC_CRN_MC,64,CONTEXT_CONDITIONAL_ONLY,A,,"{""-1"": -1, ""1"": 1}"
E2_CONTEXT_SIGN_FLIP,62019,DOUBLE_ANTITHETIC_CRN_MC,128,CONTEXT_CONDITIONAL_ONLY,A,,"{""-1"": -1, ""1"": 1}"
E2_CONTEXT_SIGN_FLIP,62019,DOUBLE_ANTITHETIC_CRN_MC,256,CONTEXT_CONDITIONAL_ONLY,A,,"{""-1"": -1, ""1"": 1}"
E2_CONTEXT_SIGN_FLIP,62019,LEGACY_INDEPENDENT_MC,8,CONTEXT_CONDITIONAL_ONLY,A,,"{""-1"": -1, ""1"": 1}"
E2_CONTEXT_SIGN_FLIP,62019,LEGACY_INDEPENDENT_MC,16,CONTEXT_CONDITIONAL_ONLY,A,,"{""-1"": -1, ""1"": 1}"
E2_CONTEXT_SIGN_FLIP,62019,LEGACY_INDEPENDENT_MC,32,CONTEXT_CONDITIONAL_ONLY,A,,"{""-1"": -1, ""1"": 1}"
E2_CONTEXT_SIGN_FLIP,62019,LEGACY_INDEPENDENT_MC,64,CONTEXT_CONDITIONAL_ONLY,A,,"{""-1"": -1, ""1"": 1}"
E2_CONTEXT_SIGN_FLIP,62019,LEGACY_INDEPENDENT_MC,128,CONTEXT_CONDITIONAL_ONLY,A,,"{""-1"": -1, ""1"": 1}"
E2_CONTEXT_SIGN_FLIP,62019,LEGACY_INDEPENDENT_MC,256,CONTEXT_CONDITIONAL_ONLY,A,,"{""-1"": -1, ""1"": 1}"
E2_CONTEXT_SIGN_FLIP,62020,ANTITHETIC_CRN_MC,8,CONTEXT_CONDITIONAL_ONLY,A,,"{""-1"": -1, ""1"": 1}"
E2_CONTEXT_SIGN_FLIP,62020,ANTITHETIC_CRN_MC,16,CONTEXT_CONDITIONAL_ONLY,A,,"{""-1"": -1, ""1"": 1}"
E2_CONTEXT_SIGN_FLIP,62020,ANTITHETIC_CRN_MC,32,CONTEXT_CONDITIONAL_ONLY,A,,"{""-1"": -1, ""1"": 1}"
E2_CONTEXT_SIGN_FLIP,62020,ANTITHETIC_CRN_MC,64,CONTEXT_CONDITIONAL_ONLY,A,,"{""-1"": -1, ""1"": 1}"
E2_CONTEXT_SIGN_FLIP,62020,ANTITHETIC_CRN_MC,128,CONTEXT_CONDITIONAL_ONLY,A,,"{""-1"": -1, ""1"": 1}"
E2_CONTEXT_SIGN_FLIP,62020,ANTITHETIC_CRN_MC,256,CONTEXT_CONDITIONAL_ONLY,A,,"{""-1"": -1, ""1"": 1}"
E2_CONTEXT_SIGN_FLIP,62020,CRN_CHAIN_MC,8,CONTEXT_CONDITIONAL_ONLY,A,,"{""-1"": -1, ""1"": 1}"
E2_CONTEXT_SIGN_FLIP,62020,CRN_CHAIN_MC,16,CONTEXT_CONDITIONAL_ONLY,A,,"{""-1"": -1, ""1"": 1}"
E2_CONTEXT_SIGN_FLIP,62020,CRN_CHAIN_MC,32,CONTEXT_CONDITIONAL_ONLY,A,,"{""-1"": -1, ""1"": 1}"
E2_CONTEXT_SIGN_FLIP,62020,CRN_CHAIN_MC,64,CONTEXT_CONDITIONAL_ONLY,A,,"{""-1"": -1, ""1"": 1}"
E2_CONTEXT_SIGN_FLIP,62020,CRN_CHAIN_MC,128,CONTEXT_CONDITIONAL_ONLY,A,,"{""-1"": -1, ""1"": 1}"
E2_CONTEXT_SIGN_FLIP,62020,CRN_CHAIN_MC,256,CONTEXT_CONDITIONAL_ONLY,A,,"{""-1"": -1, ""1"": 1}"
E2_CONTEXT_SIGN_FLIP,62020,DOUBLE_ANTITHETIC_CRN_MC,8,CONTEXT_CONDITIONAL_ONLY,A,,"{""-1"": -1, ""1"": 1}"
E2_CONTEXT_SIGN_FLIP,62020,DOUBLE_ANTITHETIC_CRN_MC,16,CONTEXT_CONDITIONAL_ONLY,A,,"{""-1"": -1, ""1"": 1}"
E2_CONTEXT_SIGN_FLIP,62020,DOUBLE_ANTITHETIC_CRN_MC,32,CONTEXT_CONDITIONAL_ONLY,A,,"{""-1"": -1, ""1"": 1}"
E2_CONTEXT_SIGN_FLIP,62020,DOUBLE_ANTITHETIC_CRN_MC,64,CONTEXT_CONDITIONAL_ONLY,A,,"{""-1"": -1, ""1"": 1}"
E2_CONTEXT_SIGN_FLIP,62020,DOUBLE_ANTITHETIC_CRN_MC,128,CONTEXT_CONDITIONAL_ONLY,A,,"{""-1"": -1, ""1"": 1}"
E2_CONTEXT_SIGN_FLIP,62020,DOUBLE_ANTITHETIC_CRN_MC,256,CONTEXT_CONDITIONAL_ONLY,A,,"{""-1"": -1, ""1"": 1}"
E2_CONTEXT_SIGN_FLIP,62020,LEGACY_INDEPENDENT_MC,8,CONTEXT_CONDITIONAL_ONLY,A,,"{""-1"": -1, ""1"": 1}"
E2_CONTEXT_SIGN_FLIP,62020,LEGACY_INDEPENDENT_MC,16,CONTEXT_CONDITIONAL_ONLY,A,,"{""-1"": -1, ""1"": 1}"
E2_CONTEXT_SIGN_FLIP,62020,LEGACY_INDEPENDENT_MC,32,CONTEXT_CONDITIONAL_ONLY,A,,"{""-1"": -1, ""1"": 1}"
E2_CONTEXT_SIGN_FLIP,62020,LEGACY_INDEPENDENT_MC,64,CONTEXT_CONDITIONAL_ONLY,A,,"{""-1"": -1, ""1"": 1}"
E2_CONTEXT_SIGN_FLIP,62020,LEGACY_INDEPENDENT_MC,128,CONTEXT_CONDITIONAL_ONLY,A,,"{""-1"": -1, ""1"": 1}"
E2_CONTEXT_SIGN_FLIP,62020,LEGACY_INDEPENDENT_MC,256,CONTEXT_CONDITIONAL_ONLY,A,,"{""-1"": -1, ""1"": 1}"
E2_CONTEXT_SIGN_FLIP,62021,ANTITHETIC_CRN_MC,8,CONTEXT_CONDITIONAL_ONLY,A,,"{""-1"": -1, ""1"": 1}"
E2_CONTEXT_SIGN_FLIP,62021,ANTITHETIC_CRN_MC,16,CONTEXT_CONDITIONAL_ONLY,A,,"{""-1"": -1, ""1"": 1}"
E2_CONTEXT_SIGN_FLIP,62021,ANTITHETIC_CRN_MC,32,CONTEXT_CONDITIONAL_ONLY,A,,"{""-1"": -1, ""1"": 1}"
E2_CONTEXT_SIGN_FLIP,62021,ANTITHETIC_CRN_MC,64,CONTEXT_CONDITIONAL_ONLY,A,,"{""-1"": -1, ""1"": 1}"
E2_CONTEXT_SIGN_FLIP,62021,ANTITHETIC_CRN_MC,128,CONTEXT_CONDITIONAL_ONLY,A,,"{""-1"": -1, ""1"": 1}"
E2_CONTEXT_SIGN_FLIP,62021,ANTITHETIC_CRN_MC,256,CONTEXT_CONDITIONAL_ONLY,A,,"{""-1"": -1, ""1"": 1}"
E2_CONTEXT_SIGN_FLIP,62021,CRN_CHAIN_MC,8,CONTEXT_CONDITIONAL_ONLY,A,,"{""-1"": -1, ""1"": 1}"
E2_CONTEXT_SIGN_FLIP,62021,CRN_CHAIN_MC,16,CONTEXT_CONDITIONAL_ONLY,A,,"{""-1"": -1, ""1"": 1}"
E2_CONTEXT_SIGN_FLIP,62021,CRN_CHAIN_MC,32,CONTEXT_CONDITIONAL_ONLY,A,,"{""-1"": -1, ""1"": 1}"
E2_CONTEXT_SIGN_FLIP,62021,CRN_CHAIN_MC,64,CONTEXT_CONDITIONAL_ONLY,A,,"{""-1"": -1, ""1"": 1}"
E2_CONTEXT_SIGN_FLIP,62021,CRN_CHAIN_MC,128,CONTEXT_CONDITIONAL_ONLY,A,,"{""-1"": -1, ""1"": 1}"
E2_CONTEXT_SIGN_FLIP,62021,CRN_CHAIN_MC,256,CONTEXT_CONDITIONAL_ONLY,A,,"{""-1"": -1, ""1"": 1}"
E2_CONTEXT_SIGN_FLIP,62021,DOUBLE_ANTITHETIC_CRN_MC,8,CONTEXT_CONDITIONAL_ONLY,A,,"{""-1"": -1, ""1"": 1}"
E2_CONTEXT_SIGN_FLIP,62021,DOUBLE_ANTITHETIC_CRN_MC,16,CONTEXT_CONDITIONAL_ONLY,A,,"{""-1"": -1, ""1"": 1}"
E2_CONTEXT_SIGN_FLIP,62021,DOUBLE_ANTITHETIC_CRN_MC,32,CONTEXT_CONDITIONAL_ONLY,A,,"{""-1"": -1, ""1"": 1}"
E2_CONTEXT_SIGN_FLIP,62021,DOUBLE_ANTITHETIC_CRN_MC,64,CONTEXT_CONDITIONAL_ONLY,A,,"{""-1"": -1, ""1"": 1}"
E2_CONTEXT_SIGN_FLIP,62021,DOUBLE_ANTITHETIC_CRN_MC,128,CONTEXT_CONDITIONAL_ONLY,A,,"{""-1"": -1, ""1"": 1}"
E2_CONTEXT_SIGN_FLIP,62021,DOUBLE_ANTITHETIC_CRN_MC,256,CONTEXT_CONDITIONAL_ONLY,A,,"{""-1"": -1, ""1"": 1}"
E2_CONTEXT_SIGN_FLIP,62021,LEGACY_INDEPENDENT_MC,8,CONTEXT_CONDITIONAL_ONLY,A,,"{""-1"": -1, ""1"": 1}"
E2_CONTEXT_SIGN_FLIP,62021,LEGACY_INDEPENDENT_MC,16,CONTEXT_CONDITIONAL_ONLY,A,,"{""-1"": -1, ""1"": 1}"
E2_CONTEXT_SIGN_FLIP,62021,LEGACY_INDEPENDENT_MC,32,CONTEXT_CONDITIONAL_ONLY,A,,"{""-1"": -1, ""1"": 1}"
E2_CONTEXT_SIGN_FLIP,62021,LEGACY_INDEPENDENT_MC,64,CONTEXT_CONDITIONAL_ONLY,A,,"{""-1"": -1, ""1"": 1}"
E2_CONTEXT_SIGN_FLIP,62021,LEGACY_INDEPENDENT_MC,128,CONTEXT_CONDITIONAL_ONLY,A,,"{""-1"": -1, ""1"": 1}"
E2_CONTEXT_SIGN_FLIP,62021,LEGACY_INDEPENDENT_MC,256,CONTEXT_CONDITIONAL_ONLY,A,,"{""-1"": -1, ""1"": 1}"
E2_CONTEXT_SIGN_FLIP,62022,ANTITHETIC_CRN_MC,8,CONTEXT_CONDITIONAL_ONLY,A,,"{""-1"": -1, ""1"": 1}"
E2_CONTEXT_SIGN_FLIP,62022,ANTITHETIC_CRN_MC,16,CONTEXT_CONDITIONAL_ONLY,A,,"{""-1"": -1, ""1"": 1}"
E2_CONTEXT_SIGN_FLIP,62022,ANTITHETIC_CRN_MC,32,CONTEXT_CONDITIONAL_ONLY,A,,"{""-1"": -1, ""1"": 1}"
E2_CONTEXT_SIGN_FLIP,62022,ANTITHETIC_CRN_MC,64,CONTEXT_CONDITIONAL_ONLY,A,,"{""-1"": -1, ""1"": 1}"
E2_CONTEXT_SIGN_FLIP,62022,ANTITHETIC_CRN_MC,128,CONTEXT_CONDITIONAL_ONLY,A,,"{""-1"": -1, ""1"": 1}"
E2_CONTEXT_SIGN_FLIP,62022,ANTITHETIC_CRN_MC,256,CONTEXT_CONDITIONAL_ONLY,A,,"{""-1"": -1, ""1"": 1}"
E2_CONTEXT_SIGN_FLIP,62022,CRN_CHAIN_MC,8,CONTEXT_CONDITIONAL_ONLY,A,,"{""-1"": -1, ""1"": 1}"
E2_CONTEXT_SIGN_FLIP,62022,CRN_CHAIN_MC,16,CONTEXT_CONDITIONAL_ONLY,A,,"{""-1"": -1, ""1"": 1}"
E2_CONTEXT_SIGN_FLIP,62022,CRN_CHAIN_MC,32,CONTEXT_CONDITIONAL_ONLY,A,,"{""-1"": -1, ""1"": 1}"
E2_CONTEXT_SIGN_FLIP,62022,CRN_CHAIN_MC,64,CONTEXT_CONDITIONAL_ONLY,A,,"{""-1"": -1, ""1"": 1}"
E2_CONTEXT_SIGN_FLIP,62022,CRN_CHAIN_MC,128,CONTEXT_CONDITIONAL_ONLY,A,,"{""-1"": -1, ""1"": 1}"
E2_CONTEXT_SIGN_FLIP,62022,CRN_CHAIN_MC,256,CONTEXT_CONDITIONAL_ONLY,A,,"{""-1"": -1, ""1"": 1}"
E2_CONTEXT_SIGN_FLIP,62022,DOUBLE_ANTITHETIC_CRN_MC,8,CONTEXT_CONDITIONAL_ONLY,A,,"{""-1"": -1, ""1"": 1}"
E2_CONTEXT_SIGN_FLIP,62022,DOUBLE_ANTITHETIC_CRN_MC,16,CONTEXT_CONDITIONAL_ONLY,A,,"{""-1"": -1, ""1"": 1}"
E2_CONTEXT_SIGN_FLIP,62022,DOUBLE_ANTITHETIC_CRN_MC,32,CONTEXT_CONDITIONAL_ONLY,A,,"{""-1"": -1, ""1"": 1}"
E2_CONTEXT_SIGN_FLIP,62022,DOUBLE_ANTITHETIC_CRN_MC,64,CONTEXT_CONDITIONAL_ONLY,A,,"{""-1"": -1, ""1"": 1}"
E2_CONTEXT_SIGN_FLIP,62022,DOUBLE_ANTITHETIC_CRN_MC,128,CONTEXT_CONDITIONAL_ONLY,A,,"{""-1"": -1, ""1"": 1}"
E2_CONTEXT_SIGN_FLIP,62022,DOUBLE_ANTITHETIC_CRN_MC,256,CONTEXT_CONDITIONAL_ONLY,A,,"{""-1"": -1, ""1"": 1}"
E2_CONTEXT_SIGN_FLIP,62022,LEGACY_INDEPENDENT_MC,8,CONTEXT_CONDITIONAL_ONLY,A,,"{""-1"": -1, ""1"": 1}"
E2_CONTEXT_SIGN_FLIP,62022,LEGACY_INDEPENDENT_MC,16,CONTEXT_CONDITIONAL_ONLY,A,,"{""-1"": -1, ""1"": 1}"
E2_CONTEXT_SIGN_FLIP,62022,LEGACY_INDEPENDENT_MC,32,CONTEXT_CONDITIONAL_ONLY,A,,"{""-1"": -1, ""1"": 1}"
E2_CONTEXT_SIGN_FLIP,62022,LEGACY_INDEPENDENT_MC,64,CONTEXT_CONDITIONAL_ONLY,A,,"{""-1"": -1, ""1"": 1}"
E2_CONTEXT_SIGN_FLIP,62022,LEGACY_INDEPENDENT_MC,128,CONTEXT_CONDITIONAL_ONLY,A,,"{""-1"": -1, ""1"": 1}"
E2_CONTEXT_SIGN_FLIP,62022,LEGACY_INDEPENDENT_MC,256,CONTEXT_CONDITIONAL_ONLY,A,,"{""-1"": -1, ""1"": 1}"
E2_CONTEXT_SIGN_FLIP,62023,ANTITHETIC_CRN_MC,8,CONTEXT_CONDITIONAL_ONLY,A,,"{""-1"": -1, ""1"": 1}"
E2_CONTEXT_SIGN_FLIP,62023,ANTITHETIC_CRN_MC,16,CONTEXT_CONDITIONAL_ONLY,A,,"{""-1"": -1, ""1"": 1}"
E2_CONTEXT_SIGN_FLIP,62023,ANTITHETIC_CRN_MC,32,CONTEXT_CONDITIONAL_ONLY,A,,"{""-1"": -1, ""1"": 1}"
E2_CONTEXT_SIGN_FLIP,62023,ANTITHETIC_CRN_MC,64,CONTEXT_CONDITIONAL_ONLY,A,,"{""-1"": -1, ""1"": 1}"
E2_CONTEXT_SIGN_FLIP,62023,ANTITHETIC_CRN_MC,128,CONTEXT_CONDITIONAL_ONLY,A,,"{""-1"": -1, ""1"": 1}"
E2_CONTEXT_SIGN_FLIP,62023,ANTITHETIC_CRN_MC,256,CONTEXT_CONDITIONAL_ONLY,A,,"{""-1"": -1, ""1"": 1}"
E2_CONTEXT_SIGN_FLIP,62023,CRN_CHAIN_MC,8,CONTEXT_CONDITIONAL_ONLY,A,,"{""-1"": -1, ""1"": 1}"
E2_CONTEXT_SIGN_FLIP,62023,CRN_CHAIN_MC,16,CONTEXT_CONDITIONAL_ONLY,A,,"{""-1"": -1, ""1"": 1}"
E2_CONTEXT_SIGN_FLIP,62023,CRN_CHAIN_MC,32,CONTEXT_CONDITIONAL_ONLY,A,,"{""-1"": -1, ""1"": 1}"
E2_CONTEXT_SIGN_FLIP,62023,CRN_CHAIN_MC,64,CONTEXT_CONDITIONAL_ONLY,A,,"{""-1"": -1, ""1"": 1}"
E2_CONTEXT_SIGN_FLIP,62023,CRN_CHAIN_MC,128,CONTEXT_CONDITIONAL_ONLY,A,,"{""-1"": -1, ""1"": 1}"
E2_CONTEXT_SIGN_FLIP,62023,CRN_CHAIN_MC,256,CONTEXT_CONDITIONAL_ONLY,A,,"{""-1"": -1, ""1"": 1}"
E2_CONTEXT_SIGN_FLIP,62023,DOUBLE_ANTITHETIC_CRN_MC,8,CONTEXT_CONDITIONAL_ONLY,A,,"{""-1"": -1, ""1"": 1}"
E2_CONTEXT_SIGN_FLIP,62023,DOUBLE_ANTITHETIC_CRN_MC,16,CONTEXT_CONDITIONAL_ONLY,A,,"{""-1"": -1, ""1"": 1}"
E2_CONTEXT_SIGN_FLIP,62023,DOUBLE_ANTITHETIC_CRN_MC,32,CONTEXT_CONDITIONAL_ONLY,A,,"{""-1"": -1, ""1"": 1}"
E2_CONTEXT_SIGN_FLIP,62023,DOUBLE_ANTITHETIC_CRN_MC,64,CONTEXT_CONDITIONAL_ONLY,A,,"{""-1"": -1, ""1"": 1}"
E2_CONTEXT_SIGN_FLIP,62023,DOUBLE_ANTITHETIC_CRN_MC,128,CONTEXT_CONDITIONAL_ONLY,A,,"{""-1"": -1, ""1"": 1}"
E2_CONTEXT_SIGN_FLIP,62023,DOUBLE_ANTITHETIC_CRN_MC,256,CONTEXT_CONDITIONAL_ONLY,A,,"{""-1"": -1, ""1"": 1}"
E2_CONTEXT_SIGN_FLIP,62023,LEGACY_INDEPENDENT_MC,8,CONTEXT_CONDITIONAL_ONLY,A,,"{""-1"": -1, ""1"": 1}"
E2_CONTEXT_SIGN_FLIP,62023,LEGACY_INDEPENDENT_MC,16,CONTEXT_CONDITIONAL_ONLY,A,,"{""-1"": -1, ""1"": 1}"
E2_CONTEXT_SIGN_FLIP,62023,LEGACY_INDEPENDENT_MC,32,CONTEXT_CONDITIONAL_ONLY,A,,"{""-1"": -1, ""1"": 1}"
E2_CONTEXT_SIGN_FLIP,62023,LEGACY_INDEPENDENT_MC,64,CONTEXT_CONDITIONAL_ONLY,A,,"{""-1"": -1, ""1"": 1}"
E2_CONTEXT_SIGN_FLIP,62023,LEGACY_INDEPENDENT_MC,128,CONTEXT_CONDITIONAL_ONLY,A,,"{""-1"": -1, ""1"": 1}"
E2_CONTEXT_SIGN_FLIP,62023,LEGACY_INDEPENDENT_MC,256,CONTEXT_CONDITIONAL_ONLY,A,,"{""-1"": -1, ""1"": 1}"
E2_CONTEXT_SIGN_FLIP,62024,ANTITHETIC_CRN_MC,8,CONTEXT_CONDITIONAL_ONLY,A,,"{""-1"": -1, ""1"": 1}"
E2_CONTEXT_SIGN_FLIP,62024,ANTITHETIC_CRN_MC,16,CONTEXT_CONDITIONAL_ONLY,A,,"{""-1"": -1, ""1"": 1}"
E2_CONTEXT_SIGN_FLIP,62024,ANTITHETIC_CRN_MC,32,CONTEXT_CONDITIONAL_ONLY,A,,"{""-1"": -1, ""1"": 1}"
E2_CONTEXT_SIGN_FLIP,62024,ANTITHETIC_CRN_MC,64,CONTEXT_CONDITIONAL_ONLY,A,,"{""-1"": -1, ""1"": 1}"
E2_CONTEXT_SIGN_FLIP,62024,ANTITHETIC_CRN_MC,128,CONTEXT_CONDITIONAL_ONLY,A,,"{""-1"": -1, ""1"": 1}"
E2_CONTEXT_SIGN_FLIP,62024,ANTITHETIC_CRN_MC,256,CONTEXT_CONDITIONAL_ONLY,A,,"{""-1"": -1, ""1"": 1}"
E2_CONTEXT_SIGN_FLIP,62024,CRN_CHAIN_MC,8,CONTEXT_CONDITIONAL_ONLY,A,,"{""-1"": -1, ""1"": 1}"
E2_CONTEXT_SIGN_FLIP,62024,CRN_CHAIN_MC,16,CONTEXT_CONDITIONAL_ONLY,A,,"{""-1"": -1, ""1"": 1}"
E2_CONTEXT_SIGN_FLIP,62024,CRN_CHAIN_MC,32,CONTEXT_CONDITIONAL_ONLY,A,,"{""-1"": -1, ""1"": 1}"
E2_CONTEXT_SIGN_FLIP,62024,CRN_CHAIN_MC,64,CONTEXT_CONDITIONAL_ONLY,A,,"{""-1"": -1, ""1"": 1}"
E2_CONTEXT_SIGN_FLIP,62024,CRN_CHAIN_MC,128,CONTEXT_CONDITIONAL_ONLY,A,,"{""-1"": -1, ""1"": 1}"
E2_CONTEXT_SIGN_FLIP,62024,CRN_CHAIN_MC,256,CONTEXT_CONDITIONAL_ONLY,A,,"{""-1"": -1, ""1"": 1}"
E2_CONTEXT_SIGN_FLIP,62024,DOUBLE_ANTITHETIC_CRN_MC,8,CONTEXT_CONDITIONAL_ONLY,A,,"{""-1"": -1, ""1"": 1}"
E2_CONTEXT_SIGN_FLIP,62024,DOUBLE_ANTITHETIC_CRN_MC,16,CONTEXT_CONDITIONAL_ONLY,A,,"{""-1"": -1, ""1"": 1}"
E2_CONTEXT_SIGN_FLIP,62024,DOUBLE_ANTITHETIC_CRN_MC,32,CONTEXT_CONDITIONAL_ONLY,A,,"{""-1"": -1, ""1"": 1}"
E2_CONTEXT_SIGN_FLIP,62024,DOUBLE_ANTITHETIC_CRN_MC,64,CONTEXT_CONDITIONAL_ONLY,A,,"{""-1"": -1, ""1"": 1}"
E2_CONTEXT_SIGN_FLIP,62024,DOUBLE_ANTITHETIC_CRN_MC,128,CONTEXT_CONDITIONAL_ONLY,A,,"{""-1"": -1, ""1"": 1}"
E2_CONTEXT_SIGN_FLIP,62024,DOUBLE_ANTITHETIC_CRN_MC,256,CONTEXT_CONDITIONAL_ONLY,A,,"{""-1"": -1, ""1"": 1}"
E2_CONTEXT_SIGN_FLIP,62024,LEGACY_INDEPENDENT_MC,8,CONTEXT_CONDITIONAL_ONLY,A,,"{""-1"": -1, ""1"": 1}"
E2_CONTEXT_SIGN_FLIP,62024,LEGACY_INDEPENDENT_MC,16,CONTEXT_CONDITIONAL_ONLY,A,,"{""-1"": -1, ""1"": 1}"
E2_CONTEXT_SIGN_FLIP,62024,LEGACY_INDEPENDENT_MC,32,CONTEXT_CONDITIONAL_ONLY,A,,"{""-1"": -1, ""1"": 1}"
E2_CONTEXT_SIGN_FLIP,62024,LEGACY_INDEPENDENT_MC,64,CONTEXT_CONDITIONAL_ONLY,A,,"{""-1"": -1, ""1"": 1}"
E2_CONTEXT_SIGN_FLIP,62024,LEGACY_INDEPENDENT_MC,128,CONTEXT_CONDITIONAL_ONLY,A,,"{""-1"": -1, ""1"": 1}"
E2_CONTEXT_SIGN_FLIP,62024,LEGACY_INDEPENDENT_MC,256,CONTEXT_CONDITIONAL_ONLY,A,,"{""-1"": -1, ""1"": 1}"
E2_CONTEXT_SIGN_FLIP,62025,ANTITHETIC_CRN_MC,8,CONTEXT_CONDITIONAL_ONLY,A,,"{""-1"": -1, ""1"": 1}"
E2_CONTEXT_SIGN_FLIP,62025,ANTITHETIC_CRN_MC,16,CONTEXT_CONDITIONAL_ONLY,A,,"{""-1"": -1, ""1"": 1}"
E2_CONTEXT_SIGN_FLIP,62025,ANTITHETIC_CRN_MC,32,CONTEXT_CONDITIONAL_ONLY,A,,"{""-1"": -1, ""1"": 1}"
E2_CONTEXT_SIGN_FLIP,62025,ANTITHETIC_CRN_MC,64,CONTEXT_CONDITIONAL_ONLY,A,,"{""-1"": -1, ""1"": 1}"
E2_CONTEXT_SIGN_FLIP,62025,ANTITHETIC_CRN_MC,128,CONTEXT_CONDITIONAL_ONLY,A,,"{""-1"": -1, ""1"": 1}"
E2_CONTEXT_SIGN_FLIP,62025,ANTITHETIC_CRN_MC,256,CONTEXT_CONDITIONAL_ONLY,A,,"{""-1"": -1, ""1"": 1}"
E2_CONTEXT_SIGN_FLIP,62025,CRN_CHAIN_MC,8,CONTEXT_CONDITIONAL_ONLY,A,,"{""-1"": -1, ""1"": 1}"
E2_CONTEXT_SIGN_FLIP,62025,CRN_CHAIN_MC,16,CONTEXT_CONDITIONAL_ONLY,A,,"{""-1"": -1, ""1"": 1}"
E2_CONTEXT_SIGN_FLIP,62025,CRN_CHAIN_MC,32,CONTEXT_CONDITIONAL_ONLY,A,,"{""-1"": -1, ""1"": 1}"
E2_CONTEXT_SIGN_FLIP,62025,CRN_CHAIN_MC,64,CONTEXT_CONDITIONAL_ONLY,A,,"{""-1"": -1, ""1"": 1}"
E2_CONTEXT_SIGN_FLIP,62025,CRN_CHAIN_MC,128,CONTEXT_CONDITIONAL_ONLY,A,,"{""-1"": -1, ""1"": 1}"
E2_CONTEXT_SIGN_FLIP,62025,CRN_CHAIN_MC,256,CONTEXT_CONDITIONAL_ONLY,A,,"{""-1"": -1, ""1"": 1}"
E2_CONTEXT_SIGN_FLIP,62025,DOUBLE_ANTITHETIC_CRN_MC,8,CONTEXT_CONDITIONAL_ONLY,A,,"{""-1"": -1, ""1"": 1}"
E2_CONTEXT_SIGN_FLIP,62025,DOUBLE_ANTITHETIC_CRN_MC,16,CONTEXT_CONDITIONAL_ONLY,A,,"{""-1"": -1, ""1"": 1}"
E2_CONTEXT_SIGN_FLIP,62025,DOUBLE_ANTITHETIC_CRN_MC,32,CONTEXT_CONDITIONAL_ONLY,A,,"{""-1"": -1, ""1"": 1}"
E2_CONTEXT_SIGN_FLIP,62025,DOUBLE_ANTITHETIC_CRN_MC,64,CONTEXT_CONDITIONAL_ONLY,A,,"{""-1"": -1, ""1"": 1}"
E2_CONTEXT_SIGN_FLIP,62025,DOUBLE_ANTITHETIC_CRN_MC,128,CONTEXT_CONDITIONAL_ONLY,A,,"{""-1"": -1, ""1"": 1}"
E2_CONTEXT_SIGN_FLIP,62025,DOUBLE_ANTITHETIC_CRN_MC,256,CONTEXT_CONDITIONAL_ONLY,A,,"{""-1"": -1, ""1"": 1}"
E2_CONTEXT_SIGN_FLIP,62025,LEGACY_INDEPENDENT_MC,8,CONTEXT_CONDITIONAL_ONLY,A,,"{""-1"": -1, ""1"": 1}"
E2_CONTEXT_SIGN_FLIP,62025,LEGACY_INDEPENDENT_MC,16,CONTEXT_CONDITIONAL_ONLY,A,,"{""-1"": -1, ""1"": 1}"
E2_CONTEXT_SIGN_FLIP,62025,LEGACY_INDEPENDENT_MC,32,CONTEXT_CONDITIONAL_ONLY,A,,"{""-1"": -1, ""1"": 1}"
E2_CONTEXT_SIGN_FLIP,62025,LEGACY_INDEPENDENT_MC,64,CONTEXT_CONDITIONAL_ONLY,A,,"{""-1"": -1, ""1"": 1}"
E2_CONTEXT_SIGN_FLIP,62025,LEGACY_INDEPENDENT_MC,128,CONTEXT_CONDITIONAL_ONLY,A,,"{""-1"": -1, ""1"": 1}"
E2_CONTEXT_SIGN_FLIP,62025,LEGACY_INDEPENDENT_MC,256,CONTEXT_CONDITIONAL_ONLY,A,,"{""-1"": -1, ""1"": 1}"
E2_CONTEXT_SIGN_FLIP,62026,ANTITHETIC_CRN_MC,8,CONTEXT_CONDITIONAL_ONLY,A,,"{""-1"": -1, ""1"": 1}"
E2_CONTEXT_SIGN_FLIP,62026,ANTITHETIC_CRN_MC,16,CONTEXT_CONDITIONAL_ONLY,A,,"{""-1"": -1, ""1"": 1}"
E2_CONTEXT_SIGN_FLIP,62026,ANTITHETIC_CRN_MC,32,CONTEXT_CONDITIONAL_ONLY,A,,"{""-1"": -1, ""1"": 1}"
E2_CONTEXT_SIGN_FLIP,62026,ANTITHETIC_CRN_MC,64,CONTEXT_CONDITIONAL_ONLY,A,,"{""-1"": -1, ""1"": 1}"
E2_CONTEXT_SIGN_FLIP,62026,ANTITHETIC_CRN_MC,128,CONTEXT_CONDITIONAL_ONLY,A,,"{""-1"": -1, ""1"": 1}"
E2_CONTEXT_SIGN_FLIP,62026,ANTITHETIC_CRN_MC,256,CONTEXT_CONDITIONAL_ONLY,A,,"{""-1"": -1, ""1"": 1}"
E2_CONTEXT_SIGN_FLIP,62026,CRN_CHAIN_MC,8,CONTEXT_CONDITIONAL_ONLY,A,,"{""-1"": -1, ""1"": 1}"
E2_CONTEXT_SIGN_FLIP,62026,CRN_CHAIN_MC,16,CONTEXT_CONDITIONAL_ONLY,A,,"{""-1"": -1, ""1"": 1}"
E2_CONTEXT_SIGN_FLIP,62026,CRN_CHAIN_MC,32,CONTEXT_CONDITIONAL_ONLY,A,,"{""-1"": -1, ""1"": 1}"
E2_CONTEXT_SIGN_FLIP,62026,CRN_CHAIN_MC,64,CONTEXT_CONDITIONAL_ONLY,A,,"{""-1"": -1, ""1"": 1}"
E2_CONTEXT_SIGN_FLIP,62026,CRN_CHAIN_MC,128,CONTEXT_CONDITIONAL_ONLY,A,,"{""-1"": -1, ""1"": 1}"
E2_CONTEXT_SIGN_FLIP,62026,CRN_CHAIN_MC,256,CONTEXT_CONDITIONAL_ONLY,A,,"{""-1"": -1, ""1"": 1}"
E2_CONTEXT_SIGN_FLIP,62026,DOUBLE_ANTITHETIC_CRN_MC,8,CONTEXT_CONDITIONAL_ONLY,A,,"{""-1"": -1, ""1"": 1}"
E2_CONTEXT_SIGN_FLIP,62026,DOUBLE_ANTITHETIC_CRN_MC,16,CONTEXT_CONDITIONAL_ONLY,A,,"{""-1"": -1, ""1"": 1}"
E2_CONTEXT_SIGN_FLIP,62026,DOUBLE_ANTITHETIC_CRN_MC,32,CONTEXT_CONDITIONAL_ONLY,A,,"{""-1"": -1, ""1"": 1}"
E2_CONTEXT_SIGN_FLIP,62026,DOUBLE_ANTITHETIC_CRN_MC,64,CONTEXT_CONDITIONAL_ONLY,A,,"{""-1"": -1, ""1"": 1}"
E2_CONTEXT_SIGN_FLIP,62026,DOUBLE_ANTITHETIC_CRN_MC,128,CONTEXT_CONDITIONAL_ONLY,A,,"{""-1"": -1, ""1"": 1}"
E2_CONTEXT_SIGN_FLIP,62026,DOUBLE_ANTITHETIC_CRN_MC,256,CONTEXT_CONDITIONAL_ONLY,A,,"{""-1"": -1, ""1"": 1}"
E2_CONTEXT_SIGN_FLIP,62026,LEGACY_INDEPENDENT_MC,8,CONTEXT_CONDITIONAL_ONLY,A,,"{""-1"": -1, ""1"": 1}"
E2_CONTEXT_SIGN_FLIP,62026,LEGACY_INDEPENDENT_MC,16,CONTEXT_CONDITIONAL_ONLY,A,,"{""-1"": -1, ""1"": 1}"
E2_CONTEXT_SIGN_FLIP,62026,LEGACY_INDEPENDENT_MC,32,CONTEXT_CONDITIONAL_ONLY,A,,"{""-1"": -1, ""1"": 1}"
E2_CONTEXT_SIGN_FLIP,62026,LEGACY_INDEPENDENT_MC,64,CONTEXT_CONDITIONAL_ONLY,A,,"{""-1"": -1, ""1"": 1}"
E2_CONTEXT_SIGN_FLIP,62026,LEGACY_INDEPENDENT_MC,128,CONTEXT_CONDITIONAL_ONLY,A,,"{""-1"": -1, ""1"": 1}"
E2_CONTEXT_SIGN_FLIP,62026,LEGACY_INDEPENDENT_MC,256,CONTEXT_CONDITIONAL_ONLY,A,,"{""-1"": -1, ""1"": 1}"
E2_CONTEXT_SIGN_FLIP,62027,ANTITHETIC_CRN_MC,8,CONTEXT_CONDITIONAL_ONLY,A,,"{""-1"": -1, ""1"": 1}"
E2_CONTEXT_SIGN_FLIP,62027,ANTITHETIC_CRN_MC,16,CONTEXT_CONDITIONAL_ONLY,A,,"{""-1"": -1, ""1"": 1}"
E2_CONTEXT_SIGN_FLIP,62027,ANTITHETIC_CRN_MC,32,CONTEXT_CONDITIONAL_ONLY,A,,"{""-1"": -1, ""1"": 1}"
E2_CONTEXT_SIGN_FLIP,62027,ANTITHETIC_CRN_MC,64,CONTEXT_CONDITIONAL_ONLY,A,,"{""-1"": -1, ""1"": 1}"
E2_CONTEXT_SIGN_FLIP,62027,ANTITHETIC_CRN_MC,128,CONTEXT_CONDITIONAL_ONLY,A,,"{""-1"": -1, ""1"": 1}"
E2_CONTEXT_SIGN_FLIP,62027,ANTITHETIC_CRN_MC,256,CONTEXT_CONDITIONAL_ONLY,A,,"{""-1"": -1, ""1"": 1}"
E2_CONTEXT_SIGN_FLIP,62027,CRN_CHAIN_MC,8,CONTEXT_CONDITIONAL_ONLY,A,,"{""-1"": -1, ""1"": 1}"
E2_CONTEXT_SIGN_FLIP,62027,CRN_CHAIN_MC,16,CONTEXT_CONDITIONAL_ONLY,A,,"{""-1"": -1, ""1"": 1}"
E2_CONTEXT_SIGN_FLIP,62027,CRN_CHAIN_MC,32,CONTEXT_CONDITIONAL_ONLY,A,,"{""-1"": -1, ""1"": 1}"
E2_CONTEXT_SIGN_FLIP,62027,CRN_CHAIN_MC,64,CONTEXT_CONDITIONAL_ONLY,A,,"{""-1"": -1, ""1"": 1}"
E2_CONTEXT_SIGN_FLIP,62027,CRN_CHAIN_MC,128,CONTEXT_CONDITIONAL_ONLY,A,,"{""-1"": -1, ""1"": 1}"
E2_CONTEXT_SIGN_FLIP,62027,CRN_CHAIN_MC,256,CONTEXT_CONDITIONAL_ONLY,A,,"{""-1"": -1, ""1"": 1}"
E2_CONTEXT_SIGN_FLIP,62027,DOUBLE_ANTITHETIC_CRN_MC,8,CONTEXT_CONDITIONAL_ONLY,A,,"{""-1"": -1, ""1"": 1}"
E2_CONTEXT_SIGN_FLIP,62027,DOUBLE_ANTITHETIC_CRN_MC,16,CONTEXT_CONDITIONAL_ONLY,A,,"{""-1"": -1, ""1"": 1}"
E2_CONTEXT_SIGN_FLIP,62027,DOUBLE_ANTITHETIC_CRN_MC,32,CONTEXT_CONDITIONAL_ONLY,A,,"{""-1"": -1, ""1"": 1}"
E2_CONTEXT_SIGN_FLIP,62027,DOUBLE_ANTITHETIC_CRN_MC,64,CONTEXT_CONDITIONAL_ONLY,A,,"{""-1"": -1, ""1"": 1}"
E2_CONTEXT_SIGN_FLIP,62027,DOUBLE_ANTITHETIC_CRN_MC,128,CONTEXT_CONDITIONAL_ONLY,A,,"{""-1"": -1, ""1"": 1}"
E2_CONTEXT_SIGN_FLIP,62027,DOUBLE_ANTITHETIC_CRN_MC,256,CONTEXT_CONDITIONAL_ONLY,A,,"{""-1"": -1, ""1"": 1}"
E2_CONTEXT_SIGN_FLIP,62027,LEGACY_INDEPENDENT_MC,8,CONTEXT_CONDITIONAL_ONLY,A,,"{""-1"": -1, ""1"": 1}"
E2_CONTEXT_SIGN_FLIP,62027,LEGACY_INDEPENDENT_MC,16,CONTEXT_CONDITIONAL_ONLY,A,,"{""-1"": -1, ""1"": 1}"
E2_CONTEXT_SIGN_FLIP,62027,LEGACY_INDEPENDENT_MC,32,CONTEXT_CONDITIONAL_ONLY,A,,"{""-1"": -1, ""1"": 1}"
E2_CONTEXT_SIGN_FLIP,62027,LEGACY_INDEPENDENT_MC,64,CONTEXT_CONDITIONAL_ONLY,A,,"{""-1"": -1, ""1"": 1}"
E2_CONTEXT_SIGN_FLIP,62027,LEGACY_INDEPENDENT_MC,128,CONTEXT_CONDITIONAL_ONLY,A,,"{""-1"": -1, ""1"": 1}"
E2_CONTEXT_SIGN_FLIP,62027,LEGACY_INDEPENDENT_MC,256,CONTEXT_CONDITIONAL_ONLY,A,,"{""-1"": -1, ""1"": 1}"
E2_CONTEXT_SIGN_FLIP,62028,ANTITHETIC_CRN_MC,8,CONTEXT_CONDITIONAL_ONLY,A,,"{""-1"": -1, ""1"": 1}"
E2_CONTEXT_SIGN_FLIP,62028,ANTITHETIC_CRN_MC,16,CONTEXT_CONDITIONAL_ONLY,A,,"{""-1"": -1, ""1"": 1}"
E2_CONTEXT_SIGN_FLIP,62028,ANTITHETIC_CRN_MC,32,CONTEXT_CONDITIONAL_ONLY,A,,"{""-1"": -1, ""1"": 1}"
E2_CONTEXT_SIGN_FLIP,62028,ANTITHETIC_CRN_MC,64,CONTEXT_CONDITIONAL_ONLY,A,,"{""-1"": -1, ""1"": 1}"
E2_CONTEXT_SIGN_FLIP,62028,ANTITHETIC_CRN_MC,128,CONTEXT_CONDITIONAL_ONLY,A,,"{""-1"": -1, ""1"": 1}"
E2_CONTEXT_SIGN_FLIP,62028,ANTITHETIC_CRN_MC,256,CONTEXT_CONDITIONAL_ONLY,A,,"{""-1"": -1, ""1"": 1}"
E2_CONTEXT_SIGN_FLIP,62028,CRN_CHAIN_MC,8,CONTEXT_CONDITIONAL_ONLY,A,,"{""-1"": -1, ""1"": 1}"
E2_CONTEXT_SIGN_FLIP,62028,CRN_CHAIN_MC,16,CONTEXT_CONDITIONAL_ONLY,A,,"{""-1"": -1, ""1"": 1}"
E2_CONTEXT_SIGN_FLIP,62028,CRN_CHAIN_MC,32,CONTEXT_CONDITIONAL_ONLY,A,,"{""-1"": -1, ""1"": 1}"
E2_CONTEXT_SIGN_FLIP,62028,CRN_CHAIN_MC,64,CONTEXT_CONDITIONAL_ONLY,A,,"{""-1"": -1, ""1"": 1}"
E2_CONTEXT_SIGN_FLIP,62028,CRN_CHAIN_MC,128,CONTEXT_CONDITIONAL_ONLY,A,,"{""-1"": -1, ""1"": 1}"
E2_CONTEXT_SIGN_FLIP,62028,CRN_CHAIN_MC,256,CONTEXT_CONDITIONAL_ONLY,A,,"{""-1"": -1, ""1"": 1}"
E2_CONTEXT_SIGN_FLIP,62028,DOUBLE_ANTITHETIC_CRN_MC,8,CONTEXT_CONDITIONAL_ONLY,A,,"{""-1"": -1, ""1"": 1}"
E2_CONTEXT_SIGN_FLIP,62028,DOUBLE_ANTITHETIC_CRN_MC,16,CONTEXT_CONDITIONAL_ONLY,A,,"{""-1"": -1, ""1"": 1}"
E2_CONTEXT_SIGN_FLIP,62028,DOUBLE_ANTITHETIC_CRN_MC,32,CONTEXT_CONDITIONAL_ONLY,A,,"{""-1"": -1, ""1"": 1}"
E2_CONTEXT_SIGN_FLIP,62028,DOUBLE_ANTITHETIC_CRN_MC,64,CONTEXT_CONDITIONAL_ONLY,A,,"{""-1"": -1, ""1"": 1}"
E2_CONTEXT_SIGN_FLIP,62028,DOUBLE_ANTITHETIC_CRN_MC,128,CONTEXT_CONDITIONAL_ONLY,A,,"{""-1"": -1, ""1"": 1}"
E2_CONTEXT_SIGN_FLIP,62028,DOUBLE_ANTITHETIC_CRN_MC,256,CONTEXT_CONDITIONAL_ONLY,A,,"{""-1"": -1, ""1"": 1}"
E2_CONTEXT_SIGN_FLIP,62028,LEGACY_INDEPENDENT_MC,8,CONTEXT_CONDITIONAL_ONLY,A,,"{""-1"": -1, ""1"": 1}"
E2_CONTEXT_SIGN_FLIP,62028,LEGACY_INDEPENDENT_MC,16,CONTEXT_CONDITIONAL_ONLY,A,,"{""-1"": -1, ""1"": 1}"
E2_CONTEXT_SIGN_FLIP,62028,LEGACY_INDEPENDENT_MC,32,CONTEXT_CONDITIONAL_ONLY,A,,"{""-1"": -1, ""1"": 1}"
E2_CONTEXT_SIGN_FLIP,62028,LEGACY_INDEPENDENT_MC,64,CONTEXT_CONDITIONAL_ONLY,A,,"{""-1"": -1, ""1"": 1}"
E2_CONTEXT_SIGN_FLIP,62028,LEGACY_INDEPENDENT_MC,128,CONTEXT_CONDITIONAL_ONLY,A,,"{""-1"": -1, ""1"": 1}"
E2_CONTEXT_SIGN_FLIP,62028,LEGACY_INDEPENDENT_MC,256,CONTEXT_CONDITIONAL_ONLY,A,,"{""-1"": -1, ""1"": 1}"
E2_CONTEXT_SIGN_FLIP,62029,ANTITHETIC_CRN_MC,8,CONTEXT_CONDITIONAL_ONLY,A,,"{""-1"": -1, ""1"": 1}"
E2_CONTEXT_SIGN_FLIP,62029,ANTITHETIC_CRN_MC,16,CONTEXT_CONDITIONAL_ONLY,A,,"{""-1"": -1, ""1"": 1}"
E2_CONTEXT_SIGN_FLIP,62029,ANTITHETIC_CRN_MC,32,CONTEXT_CONDITIONAL_ONLY,A,,"{""-1"": -1, ""1"": 1}"
E2_CONTEXT_SIGN_FLIP,62029,ANTITHETIC_CRN_MC,64,CONTEXT_CONDITIONAL_ONLY,A,,"{""-1"": -1, ""1"": 1}"
E2_CONTEXT_SIGN_FLIP,62029,ANTITHETIC_CRN_MC,128,CONTEXT_CONDITIONAL_ONLY,A,,"{""-1"": -1, ""1"": 1}"
E2_CONTEXT_SIGN_FLIP,62029,ANTITHETIC_CRN_MC,256,CONTEXT_CONDITIONAL_ONLY,A,,"{""-1"": -1, ""1"": 1}"
E2_CONTEXT_SIGN_FLIP,62029,CRN_CHAIN_MC,8,CONTEXT_CONDITIONAL_ONLY,A,,"{""-1"": -1, ""1"": 1}"
E2_CONTEXT_SIGN_FLIP,62029,CRN_CHAIN_MC,16,CONTEXT_CONDITIONAL_ONLY,A,,"{""-1"": -1, ""1"": 1}"
E2_CONTEXT_SIGN_FLIP,62029,CRN_CHAIN_MC,32,CONTEXT_CONDITIONAL_ONLY,A,,"{""-1"": -1, ""1"": 1}"
E2_CONTEXT_SIGN_FLIP,62029,CRN_CHAIN_MC,64,CONTEXT_CONDITIONAL_ONLY,A,,"{""-1"": -1, ""1"": 1}"
E2_CONTEXT_SIGN_FLIP,62029,CRN_CHAIN_MC,128,CONTEXT_CONDITIONAL_ONLY,A,,"{""-1"": -1, ""1"": 1}"
E2_CONTEXT_SIGN_FLIP,62029,CRN_CHAIN_MC,256,CONTEXT_CONDITIONAL_ONLY,A,,"{""-1"": -1, ""1"": 1}"
E2_CONTEXT_SIGN_FLIP,62029,DOUBLE_ANTITHETIC_CRN_MC,8,CONTEXT_CONDITIONAL_ONLY,A,,"{""-1"": -1, ""1"": 1}"
E2_CONTEXT_SIGN_FLIP,62029,DOUBLE_ANTITHETIC_CRN_MC,16,CONTEXT_CONDITIONAL_ONLY,A,,"{""-1"": -1, ""1"": 1}"
E2_CONTEXT_SIGN_FLIP,62029,DOUBLE_ANTITHETIC_CRN_MC,32,CONTEXT_CONDITIONAL_ONLY,A,,"{""-1"": -1, ""1"": 1}"
E2_CONTEXT_SIGN_FLIP,62029,DOUBLE_ANTITHETIC_CRN_MC,64,CONTEXT_CONDITIONAL_ONLY,A,,"{""-1"": -1, ""1"": 1}"
E2_CONTEXT_SIGN_FLIP,62029,DOUBLE_ANTITHETIC_CRN_MC,128,CONTEXT_CONDITIONAL_ONLY,A,,"{""-1"": -1, ""1"": 1}"
E2_CONTEXT_SIGN_FLIP,62029,DOUBLE_ANTITHETIC_CRN_MC,256,CONTEXT_CONDITIONAL_ONLY,A,,"{""-1"": -1, ""1"": 1}"
E2_CONTEXT_SIGN_FLIP,62029,LEGACY_INDEPENDENT_MC,8,CONTEXT_CONDITIONAL_ONLY,A,,"{""-1"": -1, ""1"": 1}"
E2_CONTEXT_SIGN_FLIP,62029,LEGACY_INDEPENDENT_MC,16,CONTEXT_CONDITIONAL_ONLY,A,,"{""-1"": -1, ""1"": 1}"
E2_CONTEXT_SIGN_FLIP,62029,LEGACY_INDEPENDENT_MC,32,CONTEXT_CONDITIONAL_ONLY,A,,"{""-1"": -1, ""1"": 1}"
E2_CONTEXT_SIGN_FLIP,62029,LEGACY_INDEPENDENT_MC,64,CONTEXT_CONDITIONAL_ONLY,A,,"{""-1"": -1, ""1"": 1}"
E2_CONTEXT_SIGN_FLIP,62029,LEGACY_INDEPENDENT_MC,128,CONTEXT_CONDITIONAL_ONLY,A,,"{""-1"": -1, ""1"": 1}"
E2_CONTEXT_SIGN_FLIP,62029,LEGACY_INDEPENDENT_MC,256,CONTEXT_CONDITIONAL_ONLY,A,,"{""-1"": -1, ""1"": 1}"
E2_CONTEXT_SIGN_FLIP,62030,ANTITHETIC_CRN_MC,8,CONTEXT_CONDITIONAL_ONLY,A,,"{""-1"": -1, ""1"": 1}"
E2_CONTEXT_SIGN_FLIP,62030,ANTITHETIC_CRN_MC,16,CONTEXT_CONDITIONAL_ONLY,A,,"{""-1"": -1, ""1"": 1}"
E2_CONTEXT_SIGN_FLIP,62030,ANTITHETIC_CRN_MC,32,CONTEXT_CONDITIONAL_ONLY,A,,"{""-1"": -1, ""1"": 1}"
E2_CONTEXT_SIGN_FLIP,62030,ANTITHETIC_CRN_MC,64,CONTEXT_CONDITIONAL_ONLY,A,,"{""-1"": -1, ""1"": 1}"
E2_CONTEXT_SIGN_FLIP,62030,ANTITHETIC_CRN_MC,128,CONTEXT_CONDITIONAL_ONLY,A,,"{""-1"": -1, ""1"": 1}"
E2_CONTEXT_SIGN_FLIP,62030,ANTITHETIC_CRN_MC,256,CONTEXT_CONDITIONAL_ONLY,A,,"{""-1"": -1, ""1"": 1}"
E2_CONTEXT_SIGN_FLIP,62030,CRN_CHAIN_MC,8,CONTEXT_CONDITIONAL_ONLY,A,,"{""-1"": -1, ""1"": 1}"
E2_CONTEXT_SIGN_FLIP,62030,CRN_CHAIN_MC,16,CONTEXT_CONDITIONAL_ONLY,A,,"{""-1"": -1, ""1"": 1}"
E2_CONTEXT_SIGN_FLIP,62030,CRN_CHAIN_MC,32,CONTEXT_CONDITIONAL_ONLY,A,,"{""-1"": -1, ""1"": 1}"
E2_CONTEXT_SIGN_FLIP,62030,CRN_CHAIN_MC,64,CONTEXT_CONDITIONAL_ONLY,A,,"{""-1"": -1, ""1"": 1}"
E2_CONTEXT_SIGN_FLIP,62030,CRN_CHAIN_MC,128,CONTEXT_CONDITIONAL_ONLY,A,,"{""-1"": -1, ""1"": 1}"
E2_CONTEXT_SIGN_FLIP,62030,CRN_CHAIN_MC,256,CONTEXT_CONDITIONAL_ONLY,A,,"{""-1"": -1, ""1"": 1}"
E2_CONTEXT_SIGN_FLIP,62030,DOUBLE_ANTITHETIC_CRN_MC,8,CONTEXT_CONDITIONAL_ONLY,A,,"{""-1"": -1, ""1"": 1}"
E2_CONTEXT_SIGN_FLIP,62030,DOUBLE_ANTITHETIC_CRN_MC,16,CONTEXT_CONDITIONAL_ONLY,A,,"{""-1"": -1, ""1"": 1}"
E2_CONTEXT_SIGN_FLIP,62030,DOUBLE_ANTITHETIC_CRN_MC,32,CONTEXT_CONDITIONAL_ONLY,A,,"{""-1"": -1, ""1"": 1}"
E2_CONTEXT_SIGN_FLIP,62030,DOUBLE_ANTITHETIC_CRN_MC,64,CONTEXT_CONDITIONAL_ONLY,A,,"{""-1"": -1, ""1"": 1}"
E2_CONTEXT_SIGN_FLIP,62030,DOUBLE_ANTITHETIC_CRN_MC,128,CONTEXT_CONDITIONAL_ONLY,A,,"{""-1"": -1, ""1"": 1}"
E2_CONTEXT_SIGN_FLIP,62030,DOUBLE_ANTITHETIC_CRN_MC,256,CONTEXT_CONDITIONAL_ONLY,A,,"{""-1"": -1, ""1"": 1}"
E2_CONTEXT_SIGN_FLIP,62030,LEGACY_INDEPENDENT_MC,8,CONTEXT_CONDITIONAL_ONLY,A,,"{""-1"": -1, ""1"": 1}"
E2_CONTEXT_SIGN_FLIP,62030,LEGACY_INDEPENDENT_MC,16,CONTEXT_CONDITIONAL_ONLY,A,,"{""-1"": -1, ""1"": 1}"
E2_CONTEXT_SIGN_FLIP,62030,LEGACY_INDEPENDENT_MC,32,CONTEXT_CONDITIONAL_ONLY,A,,"{""-1"": -1, ""1"": 1}"
E2_CONTEXT_SIGN_FLIP,62030,LEGACY_INDEPENDENT_MC,64,CONTEXT_CONDITIONAL_ONLY,A,,"{""-1"": -1, ""1"": 1}"
E2_CONTEXT_SIGN_FLIP,62030,LEGACY_INDEPENDENT_MC,128,CONTEXT_CONDITIONAL_ONLY,A,,"{""-1"": -1, ""1"": 1}"
E2_CONTEXT_SIGN_FLIP,62030,LEGACY_INDEPENDENT_MC,256,CONTEXT_CONDITIONAL_ONLY,A,,"{""-1"": -1, ""1"": 1}"
E2_CONTEXT_SIGN_FLIP,62031,ANTITHETIC_CRN_MC,8,CONTEXT_CONDITIONAL_ONLY,A,,"{""-1"": -1, ""1"": 1}"
E2_CONTEXT_SIGN_FLIP,62031,ANTITHETIC_CRN_MC,16,CONTEXT_CONDITIONAL_ONLY,A,,"{""-1"": -1, ""1"": 1}"
E2_CONTEXT_SIGN_FLIP,62031,ANTITHETIC_CRN_MC,32,CONTEXT_CONDITIONAL_ONLY,A,,"{""-1"": -1, ""1"": 1}"
E2_CONTEXT_SIGN_FLIP,62031,ANTITHETIC_CRN_MC,64,CONTEXT_CONDITIONAL_ONLY,A,,"{""-1"": -1, ""1"": 1}"
E2_CONTEXT_SIGN_FLIP,62031,ANTITHETIC_CRN_MC,128,CONTEXT_CONDITIONAL_ONLY,A,,"{""-1"": -1, ""1"": 1}"
E2_CONTEXT_SIGN_FLIP,62031,ANTITHETIC_CRN_MC,256,CONTEXT_CONDITIONAL_ONLY,A,,"{""-1"": -1, ""1"": 1}"
E2_CONTEXT_SIGN_FLIP,62031,CRN_CHAIN_MC,8,CONTEXT_CONDITIONAL_ONLY,A,,"{""-1"": -1, ""1"": 1}"
E2_CONTEXT_SIGN_FLIP,62031,CRN_CHAIN_MC,16,CONTEXT_CONDITIONAL_ONLY,A,,"{""-1"": -1, ""1"": 1}"
E2_CONTEXT_SIGN_FLIP,62031,CRN_CHAIN_MC,32,CONTEXT_CONDITIONAL_ONLY,A,,"{""-1"": -1, ""1"": 1}"
E2_CONTEXT_SIGN_FLIP,62031,CRN_CHAIN_MC,64,CONTEXT_CONDITIONAL_ONLY,A,,"{""-1"": -1, ""1"": 1}"
E2_CONTEXT_SIGN_FLIP,62031,CRN_CHAIN_MC,128,CONTEXT_CONDITIONAL_ONLY,A,,"{""-1"": -1, ""1"": 1}"
E2_CONTEXT_SIGN_FLIP,62031,CRN_CHAIN_MC,256,CONTEXT_CONDITIONAL_ONLY,A,,"{""-1"": -1, ""1"": 1}"
E2_CONTEXT_SIGN_FLIP,62031,DOUBLE_ANTITHETIC_CRN_MC,8,CONTEXT_CONDITIONAL_ONLY,A,,"{""-1"": -1, ""1"": 1}"
E2_CONTEXT_SIGN_FLIP,62031,DOUBLE_ANTITHETIC_CRN_MC,16,CONTEXT_CONDITIONAL_ONLY,A,,"{""-1"": -1, ""1"": 1}"
E2_CONTEXT_SIGN_FLIP,62031,DOUBLE_ANTITHETIC_CRN_MC,32,CONTEXT_CONDITIONAL_ONLY,A,,"{""-1"": -1, ""1"": 1}"
E2_CONTEXT_SIGN_FLIP,62031,DOUBLE_ANTITHETIC_CRN_MC,64,CONTEXT_CONDITIONAL_ONLY,A,,"{""-1"": -1, ""1"": 1}"
E2_CONTEXT_SIGN_FLIP,62031,DOUBLE_ANTITHETIC_CRN_MC,128,CONTEXT_CONDITIONAL_ONLY,A,,"{""-1"": -1, ""1"": 1}"
E2_CONTEXT_SIGN_FLIP,62031,DOUBLE_ANTITHETIC_CRN_MC,256,CONTEXT_CONDITIONAL_ONLY,A,,"{""-1"": -1, ""1"": 1}"
E2_CONTEXT_SIGN_FLIP,62031,LEGACY_INDEPENDENT_MC,8,CONTEXT_CONDITIONAL_ONLY,A,,"{""-1"": -1, ""1"": 1}"
E2_CONTEXT_SIGN_FLIP,62031,LEGACY_INDEPENDENT_MC,16,CONTEXT_CONDITIONAL_ONLY,A,,"{""-1"": -1, ""1"": 1}"
E2_CONTEXT_SIGN_FLIP,62031,LEGACY_INDEPENDENT_MC,32,CONTEXT_CONDITIONAL_ONLY,A,,"{""-1"": -1, ""1"": 1}"
E2_CONTEXT_SIGN_FLIP,62031,LEGACY_INDEPENDENT_MC,64,CONTEXT_CONDITIONAL_ONLY,A,,"{""-1"": -1, ""1"": 1}"
E2_CONTEXT_SIGN_FLIP,62031,LEGACY_INDEPENDENT_MC,128,CONTEXT_CONDITIONAL_ONLY,A,,"{""-1"": -1, ""1"": 1}"
E2_CONTEXT_SIGN_FLIP,62031,LEGACY_INDEPENDENT_MC,256,CONTEXT_CONDITIONAL_ONLY,A,,"{""-1"": -1, ""1"": 1}"
E2_CONTEXT_SIGN_FLIP,62032,ANTITHETIC_CRN_MC,8,CONTEXT_CONDITIONAL_ONLY,A,,"{""-1"": -1, ""1"": 1}"
E2_CONTEXT_SIGN_FLIP,62032,ANTITHETIC_CRN_MC,16,CONTEXT_CONDITIONAL_ONLY,A,,"{""-1"": -1, ""1"": 1}"
E2_CONTEXT_SIGN_FLIP,62032,ANTITHETIC_CRN_MC,32,CONTEXT_CONDITIONAL_ONLY,A,,"{""-1"": -1, ""1"": 1}"
E2_CONTEXT_SIGN_FLIP,62032,ANTITHETIC_CRN_MC,64,CONTEXT_CONDITIONAL_ONLY,A,,"{""-1"": -1, ""1"": 1}"
E2_CONTEXT_SIGN_FLIP,62032,ANTITHETIC_CRN_MC,128,CONTEXT_CONDITIONAL_ONLY,A,,"{""-1"": -1, ""1"": 1}"
E2_CONTEXT_SIGN_FLIP,62032,ANTITHETIC_CRN_MC,256,CONTEXT_CONDITIONAL_ONLY,A,,"{""-1"": -1, ""1"": 1}"
E2_CONTEXT_SIGN_FLIP,62032,CRN_CHAIN_MC,8,CONTEXT_CONDITIONAL_ONLY,A,,"{""-1"": -1, ""1"": 1}"
E2_CONTEXT_SIGN_FLIP,62032,CRN_CHAIN_MC,16,CONTEXT_CONDITIONAL_ONLY,A,,"{""-1"": -1, ""1"": 1}"
E2_CONTEXT_SIGN_FLIP,62032,CRN_CHAIN_MC,32,CONTEXT_CONDITIONAL_ONLY,A,,"{""-1"": -1, ""1"": 1}"
E2_CONTEXT_SIGN_FLIP,62032,CRN_CHAIN_MC,64,CONTEXT_CONDITIONAL_ONLY,A,,"{""-1"": -1, ""1"": 1}"
E2_CONTEXT_SIGN_FLIP,62032,CRN_CHAIN_MC,128,CONTEXT_CONDITIONAL_ONLY,A,,"{""-1"": -1, ""1"": 1}"
E2_CONTEXT_SIGN_FLIP,62032,CRN_CHAIN_MC,256,CONTEXT_CONDITIONAL_ONLY,A,,"{""-1"": -1, ""1"": 1}"
E2_CONTEXT_SIGN_FLIP,62032,DOUBLE_ANTITHETIC_CRN_MC,8,CONTEXT_CONDITIONAL_ONLY,A,,"{""-1"": -1, ""1"": 1}"
E2_CONTEXT_SIGN_FLIP,62032,DOUBLE_ANTITHETIC_CRN_MC,16,CONTEXT_CONDITIONAL_ONLY,A,,"{""-1"": -1, ""1"": 1}"
E2_CONTEXT_SIGN_FLIP,62032,DOUBLE_ANTITHETIC_CRN_MC,32,CONTEXT_CONDITIONAL_ONLY,A,,"{""-1"": -1, ""1"": 1}"
E2_CONTEXT_SIGN_FLIP,62032,DOUBLE_ANTITHETIC_CRN_MC,64,CONTEXT_CONDITIONAL_ONLY,A,,"{""-1"": -1, ""1"": 1}"
E2_CONTEXT_SIGN_FLIP,62032,DOUBLE_ANTITHETIC_CRN_MC,128,CONTEXT_CONDITIONAL_ONLY,A,,"{""-1"": -1, ""1"": 1}"
E2_CONTEXT_SIGN_FLIP,62032,DOUBLE_ANTITHETIC_CRN_MC,256,CONTEXT_CONDITIONAL_ONLY,A,,"{""-1"": -1, ""1"": 1}"
E2_CONTEXT_SIGN_FLIP,62032,LEGACY_INDEPENDENT_MC,8,CONTEXT_CONDITIONAL_ONLY,A,,"{""-1"": -1, ""1"": 1}"
E2_CONTEXT_SIGN_FLIP,62032,LEGACY_INDEPENDENT_MC,16,CONTEXT_CONDITIONAL_ONLY,A,,"{""-1"": -1, ""1"": 1}"
E2_CONTEXT_SIGN_FLIP,62032,LEGACY_INDEPENDENT_MC,32,CONTEXT_CONDITIONAL_ONLY,A,,"{""-1"": -1, ""1"": 1}"
E2_CONTEXT_SIGN_FLIP,62032,LEGACY_INDEPENDENT_MC,64,CONTEXT_CONDITIONAL_ONLY,A,,"{""-1"": -1, ""1"": 1}"
E2_CONTEXT_SIGN_FLIP,62032,LEGACY_INDEPENDENT_MC,128,CONTEXT_CONDITIONAL_ONLY,A,,"{""-1"": -1, ""1"": 1}"
E2_CONTEXT_SIGN_FLIP,62032,LEGACY_INDEPENDENT_MC,256,CONTEXT_CONDITIONAL_ONLY,A,,"{""-1"": -1, ""1"": 1}"
E2_CONTEXT_SIGN_FLIP,62033,ANTITHETIC_CRN_MC,8,CONTEXT_CONDITIONAL_ONLY,A,,"{""-1"": -1, ""1"": 1}"
E2_CONTEXT_SIGN_FLIP,62033,ANTITHETIC_CRN_MC,16,CONTEXT_CONDITIONAL_ONLY,A,,"{""-1"": -1, ""1"": 1}"
E2_CONTEXT_SIGN_FLIP,62033,ANTITHETIC_CRN_MC,32,CONTEXT_CONDITIONAL_ONLY,A,,"{""-1"": -1, ""1"": 1}"
E2_CONTEXT_SIGN_FLIP,62033,ANTITHETIC_CRN_MC,64,CONTEXT_CONDITIONAL_ONLY,A,,"{""-1"": -1, ""1"": 1}"
E2_CONTEXT_SIGN_FLIP,62033,ANTITHETIC_CRN_MC,128,CONTEXT_CONDITIONAL_ONLY,A,,"{""-1"": -1, ""1"": 1}"
E2_CONTEXT_SIGN_FLIP,62033,ANTITHETIC_CRN_MC,256,CONTEXT_CONDITIONAL_ONLY,A,,"{""-1"": -1, ""1"": 1}"
E2_CONTEXT_SIGN_FLIP,62033,CRN_CHAIN_MC,8,CONTEXT_CONDITIONAL_ONLY,A,,"{""-1"": -1, ""1"": 1}"
E2_CONTEXT_SIGN_FLIP,62033,CRN_CHAIN_MC,16,CONTEXT_CONDITIONAL_ONLY,A,,"{""-1"": -1, ""1"": 1}"
E2_CONTEXT_SIGN_FLIP,62033,CRN_CHAIN_MC,32,CONTEXT_CONDITIONAL_ONLY,A,,"{""-1"": -1, ""1"": 1}"
E2_CONTEXT_SIGN_FLIP,62033,CRN_CHAIN_MC,64,CONTEXT_CONDITIONAL_ONLY,A,,"{""-1"": -1, ""1"": 1}"
E2_CONTEXT_SIGN_FLIP,62033,CRN_CHAIN_MC,128,CONTEXT_CONDITIONAL_ONLY,A,,"{""-1"": -1, ""1"": 1}"
E2_CONTEXT_SIGN_FLIP,62033,CRN_CHAIN_MC,256,CONTEXT_CONDITIONAL_ONLY,A,,"{""-1"": -1, ""1"": 1}"
E2_CONTEXT_SIGN_FLIP,62033,DOUBLE_ANTITHETIC_CRN_MC,8,CONTEXT_CONDITIONAL_ONLY,A,,"{""-1"": -1, ""1"": 1}"
E2_CONTEXT_SIGN_FLIP,62033,DOUBLE_ANTITHETIC_CRN_MC,16,CONTEXT_CONDITIONAL_ONLY,A,,"{""-1"": -1, ""1"": 1}"
E2_CONTEXT_SIGN_FLIP,62033,DOUBLE_ANTITHETIC_CRN_MC,32,CONTEXT_CONDITIONAL_ONLY,A,,"{""-1"": -1, ""1"": 1}"
E2_CONTEXT_SIGN_FLIP,62033,DOUBLE_ANTITHETIC_CRN_MC,64,CONTEXT_CONDITIONAL_ONLY,A,,"{""-1"": -1, ""1"": 1}"
E2_CONTEXT_SIGN_FLIP,62033,DOUBLE_ANTITHETIC_CRN_MC,128,CONTEXT_CONDITIONAL_ONLY,A,,"{""-1"": -1, ""1"": 1}"
E2_CONTEXT_SIGN_FLIP,62033,DOUBLE_ANTITHETIC_CRN_MC,256,CONTEXT_CONDITIONAL_ONLY,A,,"{""-1"": -1, ""1"": 1}"
E2_CONTEXT_SIGN_FLIP,62033,LEGACY_INDEPENDENT_MC,8,CONTEXT_CONDITIONAL_ONLY,A,,"{""-1"": -1, ""1"": 1}"
E2_CONTEXT_SIGN_FLIP,62033,LEGACY_INDEPENDENT_MC,16,CONTEXT_CONDITIONAL_ONLY,A,,"{""-1"": -1, ""1"": 1}"
E2_CONTEXT_SIGN_FLIP,62033,LEGACY_INDEPENDENT_MC,32,CONTEXT_CONDITIONAL_ONLY,A,,"{""-1"": -1, ""1"": 1}"
E2_CONTEXT_SIGN_FLIP,62033,LEGACY_INDEPENDENT_MC,64,CONTEXT_CONDITIONAL_ONLY,A,,"{""-1"": -1, ""1"": 1}"
E2_CONTEXT_SIGN_FLIP,62033,LEGACY_INDEPENDENT_MC,128,CONTEXT_CONDITIONAL_ONLY,A,,"{""-1"": -1, ""1"": 1}"
E2_CONTEXT_SIGN_FLIP,62033,LEGACY_INDEPENDENT_MC,256,CONTEXT_CONDITIONAL_ONLY,A,,"{""-1"": -1, ""1"": 1}"
E2_CONTEXT_SIGN_FLIP,62034,ANTITHETIC_CRN_MC,8,CONTEXT_CONDITIONAL_ONLY,A,,"{""-1"": -1, ""1"": 1}"
E2_CONTEXT_SIGN_FLIP,62034,ANTITHETIC_CRN_MC,16,CONTEXT_CONDITIONAL_ONLY,A,,"{""-1"": -1, ""1"": 1}"
E2_CONTEXT_SIGN_FLIP,62034,ANTITHETIC_CRN_MC,32,CONTEXT_CONDITIONAL_ONLY,A,,"{""-1"": -1, ""1"": 1}"
E2_CONTEXT_SIGN_FLIP,62034,ANTITHETIC_CRN_MC,64,CONTEXT_CONDITIONAL_ONLY,A,,"{""-1"": -1, ""1"": 1}"
E2_CONTEXT_SIGN_FLIP,62034,ANTITHETIC_CRN_MC,128,CONTEXT_CONDITIONAL_ONLY,A,,"{""-1"": -1, ""1"": 1}"
E2_CONTEXT_SIGN_FLIP,62034,ANTITHETIC_CRN_MC,256,CONTEXT_CONDITIONAL_ONLY,A,,"{""-1"": -1, ""1"": 1}"
E2_CONTEXT_SIGN_FLIP,62034,CRN_CHAIN_MC,8,CONTEXT_CONDITIONAL_ONLY,A,,"{""-1"": -1, ""1"": 1}"
E2_CONTEXT_SIGN_FLIP,62034,CRN_CHAIN_MC,16,CONTEXT_CONDITIONAL_ONLY,A,,"{""-1"": -1, ""1"": 1}"
E2_CONTEXT_SIGN_FLIP,62034,CRN_CHAIN_MC,32,CONTEXT_CONDITIONAL_ONLY,A,,"{""-1"": -1, ""1"": 1}"
E2_CONTEXT_SIGN_FLIP,62034,CRN_CHAIN_MC,64,CONTEXT_CONDITIONAL_ONLY,A,,"{""-1"": -1, ""1"": 1}"
E2_CONTEXT_SIGN_FLIP,62034,CRN_CHAIN_MC,128,CONTEXT_CONDITIONAL_ONLY,A,,"{""-1"": -1, ""1"": 1}"
E2_CONTEXT_SIGN_FLIP,62034,CRN_CHAIN_MC,256,CONTEXT_CONDITIONAL_ONLY,A,,"{""-1"": -1, ""1"": 1}"
E2_CONTEXT_SIGN_FLIP,62034,DOUBLE_ANTITHETIC_CRN_MC,8,CONTEXT_CONDITIONAL_ONLY,A,,"{""-1"": -1, ""1"": 1}"
E2_CONTEXT_SIGN_FLIP,62034,DOUBLE_ANTITHETIC_CRN_MC,16,CONTEXT_CONDITIONAL_ONLY,A,,"{""-1"": -1, ""1"": 1}"
E2_CONTEXT_SIGN_FLIP,62034,DOUBLE_ANTITHETIC_CRN_MC,32,CONTEXT_CONDITIONAL_ONLY,A,,"{""-1"": -1, ""1"": 1}"
E2_CONTEXT_SIGN_FLIP,62034,DOUBLE_ANTITHETIC_CRN_MC,64,CONTEXT_CONDITIONAL_ONLY,A,,"{""-1"": -1, ""1"": 1}"
E2_CONTEXT_SIGN_FLIP,62034,DOUBLE_ANTITHETIC_CRN_MC,128,CONTEXT_CONDITIONAL_ONLY,A,,"{""-1"": -1, ""1"": 1}"
E2_CONTEXT_SIGN_FLIP,62034,DOUBLE_ANTITHETIC_CRN_MC,256,CONTEXT_CONDITIONAL_ONLY,A,,"{""-1"": -1, ""1"": 1}"
E2_CONTEXT_SIGN_FLIP,62034,LEGACY_INDEPENDENT_MC,8,CONTEXT_CONDITIONAL_ONLY,A,,"{""-1"": -1, ""1"": 1}"
E2_CONTEXT_SIGN_FLIP,62034,LEGACY_INDEPENDENT_MC,16,CONTEXT_CONDITIONAL_ONLY,A,,"{""-1"": -1, ""1"": 1}"
E2_CONTEXT_SIGN_FLIP,62034,LEGACY_INDEPENDENT_MC,32,CONTEXT_CONDITIONAL_ONLY,A,,"{""-1"": -1, ""1"": 1}"
E2_CONTEXT_SIGN_FLIP,62034,LEGACY_INDEPENDENT_MC,64,CONTEXT_CONDITIONAL_ONLY,A,,"{""-1"": -1, ""1"": 1}"
E2_CONTEXT_SIGN_FLIP,62034,LEGACY_INDEPENDENT_MC,128,CONTEXT_CONDITIONAL_ONLY,A,,"{""-1"": -1, ""1"": 1}"
E2_CONTEXT_SIGN_FLIP,62034,LEGACY_INDEPENDENT_MC,256,CONTEXT_CONDITIONAL_ONLY,A,,"{""-1"": -1, ""1"": 1}"
E2_CONTEXT_SIGN_FLIP,62035,ANTITHETIC_CRN_MC,8,CONTEXT_CONDITIONAL_ONLY,A,,"{""-1"": -1, ""1"": 1}"
E2_CONTEXT_SIGN_FLIP,62035,ANTITHETIC_CRN_MC,16,CONTEXT_CONDITIONAL_ONLY,A,,"{""-1"": -1, ""1"": 1}"
E2_CONTEXT_SIGN_FLIP,62035,ANTITHETIC_CRN_MC,32,CONTEXT_CONDITIONAL_ONLY,A,,"{""-1"": -1, ""1"": 1}"
E2_CONTEXT_SIGN_FLIP,62035,ANTITHETIC_CRN_MC,64,CONTEXT_CONDITIONAL_ONLY,A,,"{""-1"": -1, ""1"": 1}"
E2_CONTEXT_SIGN_FLIP,62035,ANTITHETIC_CRN_MC,128,CONTEXT_CONDITIONAL_ONLY,A,,"{""-1"": -1, ""1"": 1}"
E2_CONTEXT_SIGN_FLIP,62035,ANTITHETIC_CRN_MC,256,CONTEXT_CONDITIONAL_ONLY,A,,"{""-1"": -1, ""1"": 1}"
E2_CONTEXT_SIGN_FLIP,62035,CRN_CHAIN_MC,8,CONTEXT_CONDITIONAL_ONLY,A,,"{""-1"": -1, ""1"": 1}"
E2_CONTEXT_SIGN_FLIP,62035,CRN_CHAIN_MC,16,CONTEXT_CONDITIONAL_ONLY,A,,"{""-1"": -1, ""1"": 1}"
E2_CONTEXT_SIGN_FLIP,62035,CRN_CHAIN_MC,32,CONTEXT_CONDITIONAL_ONLY,A,,"{""-1"": -1, ""1"": 1}"
E2_CONTEXT_SIGN_FLIP,62035,CRN_CHAIN_MC,64,CONTEXT_CONDITIONAL_ONLY,A,,"{""-1"": -1, ""1"": 1}"
E2_CONTEXT_SIGN_FLIP,62035,CRN_CHAIN_MC,128,CONTEXT_CONDITIONAL_ONLY,A,,"{""-1"": -1, ""1"": 1}"
E2_CONTEXT_SIGN_FLIP,62035,CRN_CHAIN_MC,256,CONTEXT_CONDITIONAL_ONLY,A,,"{""-1"": -1, ""1"": 1}"
E2_CONTEXT_SIGN_FLIP,62035,DOUBLE_ANTITHETIC_CRN_MC,8,CONTEXT_CONDITIONAL_ONLY,A,,"{""-1"": -1, ""1"": 1}"
E2_CONTEXT_SIGN_FLIP,62035,DOUBLE_ANTITHETIC_CRN_MC,16,CONTEXT_CONDITIONAL_ONLY,A,,"{""-1"": -1, ""1"": 1}"
E2_CONTEXT_SIGN_FLIP,62035,DOUBLE_ANTITHETIC_CRN_MC,32,CONTEXT_CONDITIONAL_ONLY,A,,"{""-1"": -1, ""1"": 1}"
E2_CONTEXT_SIGN_FLIP,62035,DOUBLE_ANTITHETIC_CRN_MC,64,CONTEXT_CONDITIONAL_ONLY,A,,"{""-1"": -1, ""1"": 1}"
E2_CONTEXT_SIGN_FLIP,62035,DOUBLE_ANTITHETIC_CRN_MC,128,CONTEXT_CONDITIONAL_ONLY,A,,"{""-1"": -1, ""1"": 1}"
E2_CONTEXT_SIGN_FLIP,62035,DOUBLE_ANTITHETIC_CRN_MC,256,CONTEXT_CONDITIONAL_ONLY,A,,"{""-1"": -1, ""1"": 1}"
E2_CONTEXT_SIGN_FLIP,62035,LEGACY_INDEPENDENT_MC,8,CONTEXT_CONDITIONAL_ONLY,A,,"{""-1"": -1, ""1"": 1}"
E2_CONTEXT_SIGN_FLIP,62035,LEGACY_INDEPENDENT_MC,16,CONTEXT_CONDITIONAL_ONLY,A,,"{""-1"": -1, ""1"": 1}"
E2_CONTEXT_SIGN_FLIP,62035,LEGACY_INDEPENDENT_MC,32,CONTEXT_CONDITIONAL_ONLY,A,,"{""-1"": -1, ""1"": 1}"
E2_CONTEXT_SIGN_FLIP,62035,LEGACY_INDEPENDENT_MC,64,CONTEXT_CONDITIONAL_ONLY,A,,"{""-1"": -1, ""1"": 1}"
E2_CONTEXT_SIGN_FLIP,62035,LEGACY_INDEPENDENT_MC,128,CONTEXT_CONDITIONAL_ONLY,A,,"{""-1"": -1, ""1"": 1}"
E2_CONTEXT_SIGN_FLIP,62035,LEGACY_INDEPENDENT_MC,256,CONTEXT_CONDITIONAL_ONLY,A,,"{""-1"": -1, ""1"": 1}"
E2_CONTEXT_SIGN_FLIP,62036,ANTITHETIC_CRN_MC,8,CONTEXT_CONDITIONAL_ONLY,A,,"{""-1"": -1, ""1"": 1}"
E2_CONTEXT_SIGN_FLIP,62036,ANTITHETIC_CRN_MC,16,CONTEXT_CONDITIONAL_ONLY,A,,"{""-1"": -1, ""1"": 1}"
E2_CONTEXT_SIGN_FLIP,62036,ANTITHETIC_CRN_MC,32,CONTEXT_CONDITIONAL_ONLY,A,,"{""-1"": -1, ""1"": 1}"
E2_CONTEXT_SIGN_FLIP,62036,ANTITHETIC_CRN_MC,64,CONTEXT_CONDITIONAL_ONLY,A,,"{""-1"": -1, ""1"": 1}"
E2_CONTEXT_SIGN_FLIP,62036,ANTITHETIC_CRN_MC,128,CONTEXT_CONDITIONAL_ONLY,A,,"{""-1"": -1, ""1"": 1}"
E2_CONTEXT_SIGN_FLIP,62036,ANTITHETIC_CRN_MC,256,CONTEXT_CONDITIONAL_ONLY,A,,"{""-1"": -1, ""1"": 1}"
E2_CONTEXT_SIGN_FLIP,62036,CRN_CHAIN_MC,8,CONTEXT_CONDITIONAL_ONLY,A,,"{""-1"": -1, ""1"": 1}"
E2_CONTEXT_SIGN_FLIP,62036,CRN_CHAIN_MC,16,CONTEXT_CONDITIONAL_ONLY,A,,"{""-1"": -1, ""1"": 1}"
E2_CONTEXT_SIGN_FLIP,62036,CRN_CHAIN_MC,32,CONTEXT_CONDITIONAL_ONLY,A,,"{""-1"": -1, ""1"": 1}"
E2_CONTEXT_SIGN_FLIP,62036,CRN_CHAIN_MC,64,CONTEXT_CONDITIONAL_ONLY,A,,"{""-1"": -1, ""1"": 1}"
E2_CONTEXT_SIGN_FLIP,62036,CRN_CHAIN_MC,128,CONTEXT_CONDITIONAL_ONLY,A,,"{""-1"": -1, ""1"": 1}"
E2_CONTEXT_SIGN_FLIP,62036,CRN_CHAIN_MC,256,CONTEXT_CONDITIONAL_ONLY,A,,"{""-1"": -1, ""1"": 1}"
E2_CONTEXT_SIGN_FLIP,62036,DOUBLE_ANTITHETIC_CRN_MC,8,CONTEXT_CONDITIONAL_ONLY,A,,"{""-1"": -1, ""1"": 1}"
E2_CONTEXT_SIGN_FLIP,62036,DOUBLE_ANTITHETIC_CRN_MC,16,CONTEXT_CONDITIONAL_ONLY,A,,"{""-1"": -1, ""1"": 1}"
E2_CONTEXT_SIGN_FLIP,62036,DOUBLE_ANTITHETIC_CRN_MC,32,CONTEXT_CONDITIONAL_ONLY,A,,"{""-1"": -1, ""1"": 1}"
E2_CONTEXT_SIGN_FLIP,62036,DOUBLE_ANTITHETIC_CRN_MC,64,CONTEXT_CONDITIONAL_ONLY,A,,"{""-1"": -1, ""1"": 1}"
E2_CONTEXT_SIGN_FLIP,62036,DOUBLE_ANTITHETIC_CRN_MC,128,CONTEXT_CONDITIONAL_ONLY,A,,"{""-1"": -1, ""1"": 1}"
E2_CONTEXT_SIGN_FLIP,62036,DOUBLE_ANTITHETIC_CRN_MC,256,CONTEXT_CONDITIONAL_ONLY,A,,"{""-1"": -1, ""1"": 1}"
E2_CONTEXT_SIGN_FLIP,62036,LEGACY_INDEPENDENT_MC,8,CONTEXT_CONDITIONAL_ONLY,A,,"{""-1"": -1, ""1"": 1}"
E2_CONTEXT_SIGN_FLIP,62036,LEGACY_INDEPENDENT_MC,16,CONTEXT_CONDITIONAL_ONLY,A,,"{""-1"": -1, ""1"": 1}"
E2_CONTEXT_SIGN_FLIP,62036,LEGACY_INDEPENDENT_MC,32,CONTEXT_CONDITIONAL_ONLY,A,,"{""-1"": -1, ""1"": 1}"
E2_CONTEXT_SIGN_FLIP,62036,LEGACY_INDEPENDENT_MC,64,CONTEXT_CONDITIONAL_ONLY,A,,"{""-1"": -1, ""1"": 1}"
E2_CONTEXT_SIGN_FLIP,62036,LEGACY_INDEPENDENT_MC,128,CONTEXT_CONDITIONAL_ONLY,A,,"{""-1"": -1, ""1"": 1}"
E2_CONTEXT_SIGN_FLIP,62036,LEGACY_INDEPENDENT_MC,256,CONTEXT_CONDITIONAL_ONLY,A,,"{""-1"": -1, ""1"": 1}"
E2_CONTEXT_SIGN_FLIP,62037,ANTITHETIC_CRN_MC,8,CONTEXT_CONDITIONAL_ONLY,A,,"{""-1"": -1, ""1"": 1}"
E2_CONTEXT_SIGN_FLIP,62037,ANTITHETIC_CRN_MC,16,CONTEXT_CONDITIONAL_ONLY,A,,"{""-1"": -1, ""1"": 1}"
E2_CONTEXT_SIGN_FLIP,62037,ANTITHETIC_CRN_MC,32,CONTEXT_CONDITIONAL_ONLY,A,,"{""-1"": -1, ""1"": 1}"
E2_CONTEXT_SIGN_FLIP,62037,ANTITHETIC_CRN_MC,64,CONTEXT_CONDITIONAL_ONLY,A,,"{""-1"": -1, ""1"": 1}"
E2_CONTEXT_SIGN_FLIP,62037,ANTITHETIC_CRN_MC,128,CONTEXT_CONDITIONAL_ONLY,A,,"{""-1"": -1, ""1"": 1}"
E2_CONTEXT_SIGN_FLIP,62037,ANTITHETIC_CRN_MC,256,CONTEXT_CONDITIONAL_ONLY,A,,"{""-1"": -1, ""1"": 1}"
E2_CONTEXT_SIGN_FLIP,62037,CRN_CHAIN_MC,8,CONTEXT_CONDITIONAL_ONLY,A,,"{""-1"": -1, ""1"": 1}"
E2_CONTEXT_SIGN_FLIP,62037,CRN_CHAIN_MC,16,CONTEXT_CONDITIONAL_ONLY,A,,"{""-1"": -1, ""1"": 1}"
E2_CONTEXT_SIGN_FLIP,62037,CRN_CHAIN_MC,32,CONTEXT_CONDITIONAL_ONLY,A,,"{""-1"": -1, ""1"": 1}"
E2_CONTEXT_SIGN_FLIP,62037,CRN_CHAIN_MC,64,CONTEXT_CONDITIONAL_ONLY,A,,"{""-1"": -1, ""1"": 1}"
E2_CONTEXT_SIGN_FLIP,62037,CRN_CHAIN_MC,128,CONTEXT_CONDITIONAL_ONLY,A,,"{""-1"": -1, ""1"": 1}"
E2_CONTEXT_SIGN_FLIP,62037,CRN_CHAIN_MC,256,CONTEXT_CONDITIONAL_ONLY,A,,"{""-1"": -1, ""1"": 1}"
E2_CONTEXT_SIGN_FLIP,62037,DOUBLE_ANTITHETIC_CRN_MC,8,CONTEXT_CONDITIONAL_ONLY,A,,"{""-1"": -1, ""1"": 1}"
E2_CONTEXT_SIGN_FLIP,62037,DOUBLE_ANTITHETIC_CRN_MC,16,CONTEXT_CONDITIONAL_ONLY,A,,"{""-1"": -1, ""1"": 1}"
E2_CONTEXT_SIGN_FLIP,62037,DOUBLE_ANTITHETIC_CRN_MC,32,CONTEXT_CONDITIONAL_ONLY,A,,"{""-1"": -1, ""1"": 1}"
E2_CONTEXT_SIGN_FLIP,62037,DOUBLE_ANTITHETIC_CRN_MC,64,CONTEXT_CONDITIONAL_ONLY,A,,"{""-1"": -1, ""1"": 1}"
E2_CONTEXT_SIGN_FLIP,62037,DOUBLE_ANTITHETIC_CRN_MC,128,CONTEXT_CONDITIONAL_ONLY,A,,"{""-1"": -1, ""1"": 1}"
E2_CONTEXT_SIGN_FLIP,62037,DOUBLE_ANTITHETIC_CRN_MC,256,CONTEXT_CONDITIONAL_ONLY,A,,"{""-1"": -1, ""1"": 1}"
E2_CONTEXT_SIGN_FLIP,62037,LEGACY_INDEPENDENT_MC,8,CONTEXT_CONDITIONAL_ONLY,A,,"{""-1"": -1, ""1"": 1}"
E2_CONTEXT_SIGN_FLIP,62037,LEGACY_INDEPENDENT_MC,16,CONTEXT_CONDITIONAL_ONLY,A,,"{""-1"": -1, ""1"": 1}"
E2_CONTEXT_SIGN_FLIP,62037,LEGACY_INDEPENDENT_MC,32,CONTEXT_CONDITIONAL_ONLY,A,,"{""-1"": -1, ""1"": 1}"
E2_CONTEXT_SIGN_FLIP,62037,LEGACY_INDEPENDENT_MC,64,CONTEXT_CONDITIONAL_ONLY,A,,"{""-1"": -1, ""1"": 1}"
E2_CONTEXT_SIGN_FLIP,62037,LEGACY_INDEPENDENT_MC,128,CONTEXT_CONDITIONAL_ONLY,A,,"{""-1"": -1, ""1"": 1}"
E2_CONTEXT_SIGN_FLIP,62037,LEGACY_INDEPENDENT_MC,256,CONTEXT_CONDITIONAL_ONLY,A,,"{""-1"": -1, ""1"": 1}"
E2_CONTEXT_SIGN_FLIP,62038,ANTITHETIC_CRN_MC,8,CONTEXT_CONDITIONAL_ONLY,A,,"{""-1"": -1, ""1"": 1}"
E2_CONTEXT_SIGN_FLIP,62038,ANTITHETIC_CRN_MC,16,CONTEXT_CONDITIONAL_ONLY,A,,"{""-1"": -1, ""1"": 1}"
E2_CONTEXT_SIGN_FLIP,62038,ANTITHETIC_CRN_MC,32,CONTEXT_CONDITIONAL_ONLY,A,,"{""-1"": -1, ""1"": 1}"
E2_CONTEXT_SIGN_FLIP,62038,ANTITHETIC_CRN_MC,64,CONTEXT_CONDITIONAL_ONLY,A,,"{""-1"": -1, ""1"": 1}"
E2_CONTEXT_SIGN_FLIP,62038,ANTITHETIC_CRN_MC,128,CONTEXT_CONDITIONAL_ONLY,A,,"{""-1"": -1, ""1"": 1}"
E2_CONTEXT_SIGN_FLIP,62038,ANTITHETIC_CRN_MC,256,CONTEXT_CONDITIONAL_ONLY,A,,"{""-1"": -1, ""1"": 1}"
E2_CONTEXT_SIGN_FLIP,62038,CRN_CHAIN_MC,8,CONTEXT_CONDITIONAL_ONLY,A,,"{""-1"": -1, ""1"": 1}"
E2_CONTEXT_SIGN_FLIP,62038,CRN_CHAIN_MC,16,CONTEXT_CONDITIONAL_ONLY,A,,"{""-1"": -1, ""1"": 1}"
E2_CONTEXT_SIGN_FLIP,62038,CRN_CHAIN_MC,32,CONTEXT_CONDITIONAL_ONLY,A,,"{""-1"": -1, ""1"": 1}"
E2_CONTEXT_SIGN_FLIP,62038,CRN_CHAIN_MC,64,CONTEXT_CONDITIONAL_ONLY,A,,"{""-1"": -1, ""1"": 1}"
E2_CONTEXT_SIGN_FLIP,62038,CRN_CHAIN_MC,128,CONTEXT_CONDITIONAL_ONLY,A,,"{""-1"": -1, ""1"": 1}"
E2_CONTEXT_SIGN_FLIP,62038,CRN_CHAIN_MC,256,CONTEXT_CONDITIONAL_ONLY,A,,"{""-1"": -1, ""1"": 1}"
E2_CONTEXT_SIGN_FLIP,62038,DOUBLE_ANTITHETIC_CRN_MC,8,CONTEXT_CONDITIONAL_ONLY,A,,"{""-1"": -1, ""1"": 1}"
E2_CONTEXT_SIGN_FLIP,62038,DOUBLE_ANTITHETIC_CRN_MC,16,CONTEXT_CONDITIONAL_ONLY,A,,"{""-1"": -1, ""1"": 1}"
E2_CONTEXT_SIGN_FLIP,62038,DOUBLE_ANTITHETIC_CRN_MC,32,CONTEXT_CONDITIONAL_ONLY,A,,"{""-1"": -1, ""1"": 1}"
E2_CONTEXT_SIGN_FLIP,62038,DOUBLE_ANTITHETIC_CRN_MC,64,CONTEXT_CONDITIONAL_ONLY,A,,"{""-1"": -1, ""1"": 1}"
E2_CONTEXT_SIGN_FLIP,62038,DOUBLE_ANTITHETIC_CRN_MC,128,CONTEXT_CONDITIONAL_ONLY,A,,"{""-1"": -1, ""1"": 1}"
E2_CONTEXT_SIGN_FLIP,62038,DOUBLE_ANTITHETIC_CRN_MC,256,CONTEXT_CONDITIONAL_ONLY,A,,"{""-1"": -1, ""1"": 1}"
E2_CONTEXT_SIGN_FLIP,62038,LEGACY_INDEPENDENT_MC,8,CONTEXT_CONDITIONAL_ONLY,A,,"{""-1"": -1, ""1"": 1}"
E2_CONTEXT_SIGN_FLIP,62038,LEGACY_INDEPENDENT_MC,16,CONTEXT_CONDITIONAL_ONLY,A,,"{""-1"": -1, ""1"": 1}"
E2_CONTEXT_SIGN_FLIP,62038,LEGACY_INDEPENDENT_MC,32,CONTEXT_CONDITIONAL_ONLY,A,,"{""-1"": -1, ""1"": 1}"
E2_CONTEXT_SIGN_FLIP,62038,LEGACY_INDEPENDENT_MC,64,CONTEXT_CONDITIONAL_ONLY,A,,"{""-1"": -1, ""1"": 1}"
E2_CONTEXT_SIGN_FLIP,62038,LEGACY_INDEPENDENT_MC,128,CONTEXT_CONDITIONAL_ONLY,A,,"{""-1"": -1, ""1"": 1}"
E2_CONTEXT_SIGN_FLIP,62038,LEGACY_INDEPENDENT_MC,256,CONTEXT_CONDITIONAL_ONLY,A,,"{""-1"": -1, ""1"": 1}"
E2_CONTEXT_SIGN_FLIP,62039,ANTITHETIC_CRN_MC,8,CONTEXT_CONDITIONAL_ONLY,A,,"{""-1"": -1, ""1"": 1}"
E2_CONTEXT_SIGN_FLIP,62039,ANTITHETIC_CRN_MC,16,CONTEXT_CONDITIONAL_ONLY,A,,"{""-1"": -1, ""1"": 1}"
E2_CONTEXT_SIGN_FLIP,62039,ANTITHETIC_CRN_MC,32,CONTEXT_CONDITIONAL_ONLY,A,,"{""-1"": -1, ""1"": 1}"
E2_CONTEXT_SIGN_FLIP,62039,ANTITHETIC_CRN_MC,64,CONTEXT_CONDITIONAL_ONLY,A,,"{""-1"": -1, ""1"": 1}"
E2_CONTEXT_SIGN_FLIP,62039,ANTITHETIC_CRN_MC,128,CONTEXT_CONDITIONAL_ONLY,A,,"{""-1"": -1, ""1"": 1}"
E2_CONTEXT_SIGN_FLIP,62039,ANTITHETIC_CRN_MC,256,CONTEXT_CONDITIONAL_ONLY,A,,"{""-1"": -1, ""1"": 1}"
E2_CONTEXT_SIGN_FLIP,62039,CRN_CHAIN_MC,8,CONTEXT_CONDITIONAL_ONLY,A,,"{""-1"": -1, ""1"": 1}"
E2_CONTEXT_SIGN_FLIP,62039,CRN_CHAIN_MC,16,CONTEXT_CONDITIONAL_ONLY,A,,"{""-1"": -1, ""1"": 1}"
E2_CONTEXT_SIGN_FLIP,62039,CRN_CHAIN_MC,32,CONTEXT_CONDITIONAL_ONLY,A,,"{""-1"": -1, ""1"": 1}"
E2_CONTEXT_SIGN_FLIP,62039,CRN_CHAIN_MC,64,CONTEXT_CONDITIONAL_ONLY,A,,"{""-1"": -1, ""1"": 1}"
E2_CONTEXT_SIGN_FLIP,62039,CRN_CHAIN_MC,128,CONTEXT_CONDITIONAL_ONLY,A,,"{""-1"": -1, ""1"": 1}"
E2_CONTEXT_SIGN_FLIP,62039,CRN_CHAIN_MC,256,CONTEXT_CONDITIONAL_ONLY,A,,"{""-1"": -1, ""1"": 1}"
E2_CONTEXT_SIGN_FLIP,62039,DOUBLE_ANTITHETIC_CRN_MC,8,CONTEXT_CONDITIONAL_ONLY,A,,"{""-1"": -1, ""1"": 1}"
E2_CONTEXT_SIGN_FLIP,62039,DOUBLE_ANTITHETIC_CRN_MC,16,CONTEXT_CONDITIONAL_ONLY,A,,"{""-1"": -1, ""1"": 1}"
E2_CONTEXT_SIGN_FLIP,62039,DOUBLE_ANTITHETIC_CRN_MC,32,CONTEXT_CONDITIONAL_ONLY,A,,"{""-1"": -1, ""1"": 1}"
E2_CONTEXT_SIGN_FLIP,62039,DOUBLE_ANTITHETIC_CRN_MC,64,CONTEXT_CONDITIONAL_ONLY,A,,"{""-1"": -1, ""1"": 1}"
E2_CONTEXT_SIGN_FLIP,62039,DOUBLE_ANTITHETIC_CRN_MC,128,CONTEXT_CONDITIONAL_ONLY,A,,"{""-1"": -1, ""1"": 1}"
E2_CONTEXT_SIGN_FLIP,62039,DOUBLE_ANTITHETIC_CRN_MC,256,CONTEXT_CONDITIONAL_ONLY,A,,"{""-1"": -1, ""1"": 1}"
E2_CONTEXT_SIGN_FLIP,62039,LEGACY_INDEPENDENT_MC,8,CONTEXT_CONDITIONAL_ONLY,A,,"{""-1"": -1, ""1"": 1}"
E2_CONTEXT_SIGN_FLIP,62039,LEGACY_INDEPENDENT_MC,16,CONTEXT_CONDITIONAL_ONLY,A,,"{""-1"": -1, ""1"": 1}"
E2_CONTEXT_SIGN_FLIP,62039,LEGACY_INDEPENDENT_MC,32,CONTEXT_CONDITIONAL_ONLY,A,,"{""-1"": -1, ""1"": 1}"
E2_CONTEXT_SIGN_FLIP,62039,LEGACY_INDEPENDENT_MC,64,CONTEXT_CONDITIONAL_ONLY,A,,"{""-1"": -1, ""1"": 1}"
E2_CONTEXT_SIGN_FLIP,62039,LEGACY_INDEPENDENT_MC,128,CONTEXT_CONDITIONAL_ONLY,A,,"{""-1"": -1, ""1"": 1}"
E2_CONTEXT_SIGN_FLIP,62039,LEGACY_INDEPENDENT_MC,256,CONTEXT_CONDITIONAL_ONLY,A,,"{""-1"": -1, ""1"": 1}"
E2_CONTEXT_SIGN_FLIP,62040,ANTITHETIC_CRN_MC,8,CONTEXT_CONDITIONAL_ONLY,A,,"{""-1"": -1, ""1"": 1}"
E2_CONTEXT_SIGN_FLIP,62040,ANTITHETIC_CRN_MC,16,CONTEXT_CONDITIONAL_ONLY,A,,"{""-1"": -1, ""1"": 1}"
E2_CONTEXT_SIGN_FLIP,62040,ANTITHETIC_CRN_MC,32,CONTEXT_CONDITIONAL_ONLY,A,,"{""-1"": -1, ""1"": 1}"
E2_CONTEXT_SIGN_FLIP,62040,ANTITHETIC_CRN_MC,64,CONTEXT_CONDITIONAL_ONLY,A,,"{""-1"": -1, ""1"": 1}"
E2_CONTEXT_SIGN_FLIP,62040,ANTITHETIC_CRN_MC,128,CONTEXT_CONDITIONAL_ONLY,A,,"{""-1"": -1, ""1"": 1}"
E2_CONTEXT_SIGN_FLIP,62040,ANTITHETIC_CRN_MC,256,CONTEXT_CONDITIONAL_ONLY,A,,"{""-1"": -1, ""1"": 1}"
E2_CONTEXT_SIGN_FLIP,62040,CRN_CHAIN_MC,8,CONTEXT_CONDITIONAL_ONLY,A,,"{""-1"": -1, ""1"": 1}"
E2_CONTEXT_SIGN_FLIP,62040,CRN_CHAIN_MC,16,CONTEXT_CONDITIONAL_ONLY,A,,"{""-1"": -1, ""1"": 1}"
E2_CONTEXT_SIGN_FLIP,62040,CRN_CHAIN_MC,32,CONTEXT_CONDITIONAL_ONLY,A,,"{""-1"": -1, ""1"": 1}"
E2_CONTEXT_SIGN_FLIP,62040,CRN_CHAIN_MC,64,CONTEXT_CONDITIONAL_ONLY,A,,"{""-1"": -1, ""1"": 1}"
E2_CONTEXT_SIGN_FLIP,62040,CRN_CHAIN_MC,128,CONTEXT_CONDITIONAL_ONLY,A,,"{""-1"": -1, ""1"": 1}"
E2_CONTEXT_SIGN_FLIP,62040,CRN_CHAIN_MC,256,CONTEXT_CONDITIONAL_ONLY,A,,"{""-1"": -1, ""1"": 1}"
E2_CONTEXT_SIGN_FLIP,62040,DOUBLE_ANTITHETIC_CRN_MC,8,CONTEXT_CONDITIONAL_ONLY,A,,"{""-1"": -1, ""1"": 1}"
E2_CONTEXT_SIGN_FLIP,62040,DOUBLE_ANTITHETIC_CRN_MC,16,CONTEXT_CONDITIONAL_ONLY,A,,"{""-1"": -1, ""1"": 1}"
E2_CONTEXT_SIGN_FLIP,62040,DOUBLE_ANTITHETIC_CRN_MC,32,CONTEXT_CONDITIONAL_ONLY,A,,"{""-1"": -1, ""1"": 1}"
E2_CONTEXT_SIGN_FLIP,62040,DOUBLE_ANTITHETIC_CRN_MC,64,CONTEXT_CONDITIONAL_ONLY,A,,"{""-1"": -1, ""1"": 1}"
E2_CONTEXT_SIGN_FLIP,62040,DOUBLE_ANTITHETIC_CRN_MC,128,CONTEXT_CONDITIONAL_ONLY,A,,"{""-1"": -1, ""1"": 1}"
E2_CONTEXT_SIGN_FLIP,62040,DOUBLE_ANTITHETIC_CRN_MC,256,CONTEXT_CONDITIONAL_ONLY,A,,"{""-1"": -1, ""1"": 1}"
E2_CONTEXT_SIGN_FLIP,62040,LEGACY_INDEPENDENT_MC,8,CONTEXT_CONDITIONAL_ONLY,A,,"{""-1"": -1, ""1"": 1}"
E2_CONTEXT_SIGN_FLIP,62040,LEGACY_INDEPENDENT_MC,16,CONTEXT_CONDITIONAL_ONLY,A,,"{""-1"": -1, ""1"": 1}"
E2_CONTEXT_SIGN_FLIP,62040,LEGACY_INDEPENDENT_MC,32,CONTEXT_CONDITIONAL_ONLY,A,,"{""-1"": -1, ""1"": 1}"
E2_CONTEXT_SIGN_FLIP,62040,LEGACY_INDEPENDENT_MC,64,CONTEXT_CONDITIONAL_ONLY,A,,"{""-1"": -1, ""1"": 1}"
E2_CONTEXT_SIGN_FLIP,62040,LEGACY_INDEPENDENT_MC,128,CONTEXT_CONDITIONAL_ONLY,A,,"{""-1"": -1, ""1"": 1}"
E2_CONTEXT_SIGN_FLIP,62040,LEGACY_INDEPENDENT_MC,256,CONTEXT_CONDITIONAL_ONLY,A,,"{""-1"": -1, ""1"": 1}"
E2_CONTEXT_SIGN_FLIP,62041,ANTITHETIC_CRN_MC,8,CONTEXT_CONDITIONAL_ONLY,A,,"{""-1"": -1, ""1"": 1}"
E2_CONTEXT_SIGN_FLIP,62041,ANTITHETIC_CRN_MC,16,CONTEXT_CONDITIONAL_ONLY,A,,"{""-1"": -1, ""1"": 1}"
E2_CONTEXT_SIGN_FLIP,62041,ANTITHETIC_CRN_MC,32,CONTEXT_CONDITIONAL_ONLY,A,,"{""-1"": -1, ""1"": 1}"
E2_CONTEXT_SIGN_FLIP,62041,ANTITHETIC_CRN_MC,64,CONTEXT_CONDITIONAL_ONLY,A,,"{""-1"": -1, ""1"": 1}"
E2_CONTEXT_SIGN_FLIP,62041,ANTITHETIC_CRN_MC,128,CONTEXT_CONDITIONAL_ONLY,A,,"{""-1"": -1, ""1"": 1}"
E2_CONTEXT_SIGN_FLIP,62041,ANTITHETIC_CRN_MC,256,CONTEXT_CONDITIONAL_ONLY,A,,"{""-1"": -1, ""1"": 1}"
E2_CONTEXT_SIGN_FLIP,62041,CRN_CHAIN_MC,8,CONTEXT_CONDITIONAL_ONLY,A,,"{""-1"": -1, ""1"": 1}"
E2_CONTEXT_SIGN_FLIP,62041,CRN_CHAIN_MC,16,CONTEXT_CONDITIONAL_ONLY,A,,"{""-1"": -1, ""1"": 1}"
E2_CONTEXT_SIGN_FLIP,62041,CRN_CHAIN_MC,32,CONTEXT_CONDITIONAL_ONLY,A,,"{""-1"": -1, ""1"": 1}"
E2_CONTEXT_SIGN_FLIP,62041,CRN_CHAIN_MC,64,CONTEXT_CONDITIONAL_ONLY,A,,"{""-1"": -1, ""1"": 1}"
E2_CONTEXT_SIGN_FLIP,62041,CRN_CHAIN_MC,128,CONTEXT_CONDITIONAL_ONLY,A,,"{""-1"": -1, ""1"": 1}"
E2_CONTEXT_SIGN_FLIP,62041,CRN_CHAIN_MC,256,CONTEXT_CONDITIONAL_ONLY,A,,"{""-1"": -1, ""1"": 1}"
E2_CONTEXT_SIGN_FLIP,62041,DOUBLE_ANTITHETIC_CRN_MC,8,CONTEXT_CONDITIONAL_ONLY,A,,"{""-1"": -1, ""1"": 1}"
E2_CONTEXT_SIGN_FLIP,62041,DOUBLE_ANTITHETIC_CRN_MC,16,CONTEXT_CONDITIONAL_ONLY,A,,"{""-1"": -1, ""1"": 1}"
E2_CONTEXT_SIGN_FLIP,62041,DOUBLE_ANTITHETIC_CRN_MC,32,CONTEXT_CONDITIONAL_ONLY,A,,"{""-1"": -1, ""1"": 1}"
E2_CONTEXT_SIGN_FLIP,62041,DOUBLE_ANTITHETIC_CRN_MC,64,CONTEXT_CONDITIONAL_ONLY,A,,"{""-1"": -1, ""1"": 1}"
E2_CONTEXT_SIGN_FLIP,62041,DOUBLE_ANTITHETIC_CRN_MC,128,CONTEXT_CONDITIONAL_ONLY,A,,"{""-1"": -1, ""1"": 1}"
E2_CONTEXT_SIGN_FLIP,62041,DOUBLE_ANTITHETIC_CRN_MC,256,CONTEXT_CONDITIONAL_ONLY,A,,"{""-1"": -1, ""1"": 1}"
E2_CONTEXT_SIGN_FLIP,62041,LEGACY_INDEPENDENT_MC,8,CONTEXT_CONDITIONAL_ONLY,A,,"{""-1"": -1, ""1"": 1}"
E2_CONTEXT_SIGN_FLIP,62041,LEGACY_INDEPENDENT_MC,16,CONTEXT_CONDITIONAL_ONLY,A,,"{""-1"": -1, ""1"": 1}"
E2_CONTEXT_SIGN_FLIP,62041,LEGACY_INDEPENDENT_MC,32,CONTEXT_CONDITIONAL_ONLY,A,,"{""-1"": -1, ""1"": 1}"
E2_CONTEXT_SIGN_FLIP,62041,LEGACY_INDEPENDENT_MC,64,CONTEXT_CONDITIONAL_ONLY,A,,"{""-1"": -1, ""1"": 1}"
E2_CONTEXT_SIGN_FLIP,62041,LEGACY_INDEPENDENT_MC,128,CONTEXT_CONDITIONAL_ONLY,A,,"{""-1"": -1, ""1"": 1}"
E2_CONTEXT_SIGN_FLIP,62041,LEGACY_INDEPENDENT_MC,256,CONTEXT_CONDITIONAL_ONLY,A,,"{""-1"": -1, ""1"": 1}"
E2_CONTEXT_SIGN_FLIP,62042,ANTITHETIC_CRN_MC,8,CONTEXT_CONDITIONAL_ONLY,A,,"{""-1"": -1, ""1"": 1}"
E2_CONTEXT_SIGN_FLIP,62042,ANTITHETIC_CRN_MC,16,CONTEXT_CONDITIONAL_ONLY,A,,"{""-1"": -1, ""1"": 1}"
E2_CONTEXT_SIGN_FLIP,62042,ANTITHETIC_CRN_MC,32,CONTEXT_CONDITIONAL_ONLY,A,,"{""-1"": -1, ""1"": 1}"
E2_CONTEXT_SIGN_FLIP,62042,ANTITHETIC_CRN_MC,64,CONTEXT_CONDITIONAL_ONLY,A,,"{""-1"": -1, ""1"": 1}"
E2_CONTEXT_SIGN_FLIP,62042,ANTITHETIC_CRN_MC,128,CONTEXT_CONDITIONAL_ONLY,A,,"{""-1"": -1, ""1"": 1}"
E2_CONTEXT_SIGN_FLIP,62042,ANTITHETIC_CRN_MC,256,CONTEXT_CONDITIONAL_ONLY,A,,"{""-1"": -1, ""1"": 1}"
E2_CONTEXT_SIGN_FLIP,62042,CRN_CHAIN_MC,8,CONTEXT_CONDITIONAL_ONLY,A,,"{""-1"": -1, ""1"": 1}"
E2_CONTEXT_SIGN_FLIP,62042,CRN_CHAIN_MC,16,CONTEXT_CONDITIONAL_ONLY,A,,"{""-1"": -1, ""1"": 1}"
E2_CONTEXT_SIGN_FLIP,62042,CRN_CHAIN_MC,32,CONTEXT_CONDITIONAL_ONLY,A,,"{""-1"": -1, ""1"": 1}"
E2_CONTEXT_SIGN_FLIP,62042,CRN_CHAIN_MC,64,CONTEXT_CONDITIONAL_ONLY,A,,"{""-1"": -1, ""1"": 1}"
E2_CONTEXT_SIGN_FLIP,62042,CRN_CHAIN_MC,128,CONTEXT_CONDITIONAL_ONLY,A,,"{""-1"": -1, ""1"": 1}"
E2_CONTEXT_SIGN_FLIP,62042,CRN_CHAIN_MC,256,CONTEXT_CONDITIONAL_ONLY,A,,"{""-1"": -1, ""1"": 1}"
E2_CONTEXT_SIGN_FLIP,62042,DOUBLE_ANTITHETIC_CRN_MC,8,CONTEXT_CONDITIONAL_ONLY,A,,"{""-1"": -1, ""1"": 1}"
E2_CONTEXT_SIGN_FLIP,62042,DOUBLE_ANTITHETIC_CRN_MC,16,CONTEXT_CONDITIONAL_ONLY,A,,"{""-1"": -1, ""1"": 1}"
E2_CONTEXT_SIGN_FLIP,62042,DOUBLE_ANTITHETIC_CRN_MC,32,CONTEXT_CONDITIONAL_ONLY,A,,"{""-1"": -1, ""1"": 1}"
E2_CONTEXT_SIGN_FLIP,62042,DOUBLE_ANTITHETIC_CRN_MC,64,CONTEXT_CONDITIONAL_ONLY,A,,"{""-1"": -1, ""1"": 1}"
E2_CONTEXT_SIGN_FLIP,62042,DOUBLE_ANTITHETIC_CRN_MC,128,CONTEXT_CONDITIONAL_ONLY,A,,"{""-1"": -1, ""1"": 1}"
E2_CONTEXT_SIGN_FLIP,62042,DOUBLE_ANTITHETIC_CRN_MC,256,CONTEXT_CONDITIONAL_ONLY,A,,"{""-1"": -1, ""1"": 1}"
E2_CONTEXT_SIGN_FLIP,62042,LEGACY_INDEPENDENT_MC,8,CONTEXT_CONDITIONAL_ONLY,A,,"{""-1"": -1, ""1"": 1}"
E2_CONTEXT_SIGN_FLIP,62042,LEGACY_INDEPENDENT_MC,16,CONTEXT_CONDITIONAL_ONLY,A,,"{""-1"": -1, ""1"": 1}"
E2_CONTEXT_SIGN_FLIP,62042,LEGACY_INDEPENDENT_MC,32,CONTEXT_CONDITIONAL_ONLY,A,,"{""-1"": -1, ""1"": 1}"
E2_CONTEXT_SIGN_FLIP,62042,LEGACY_INDEPENDENT_MC,64,CONTEXT_CONDITIONAL_ONLY,A,,"{""-1"": -1, ""1"": 1}"
E2_CONTEXT_SIGN_FLIP,62042,LEGACY_INDEPENDENT_MC,128,CONTEXT_CONDITIONAL_ONLY,A,,"{""-1"": -1, ""1"": 1}"
E2_CONTEXT_SIGN_FLIP,62042,LEGACY_INDEPENDENT_MC,256,CONTEXT_CONDITIONAL_ONLY,A,,"{""-1"": -1, ""1"": 1}"
E2_CONTEXT_SIGN_FLIP,62043,ANTITHETIC_CRN_MC,8,CONTEXT_CONDITIONAL_ONLY,A,,"{""-1"": -1, ""1"": 1}"
E2_CONTEXT_SIGN_FLIP,62043,ANTITHETIC_CRN_MC,16,CONTEXT_CONDITIONAL_ONLY,A,,"{""-1"": -1, ""1"": 1}"
E2_CONTEXT_SIGN_FLIP,62043,ANTITHETIC_CRN_MC,32,CONTEXT_CONDITIONAL_ONLY,A,,"{""-1"": -1, ""1"": 1}"
E2_CONTEXT_SIGN_FLIP,62043,ANTITHETIC_CRN_MC,64,CONTEXT_CONDITIONAL_ONLY,A,,"{""-1"": -1, ""1"": 1}"
E2_CONTEXT_SIGN_FLIP,62043,ANTITHETIC_CRN_MC,128,CONTEXT_CONDITIONAL_ONLY,A,,"{""-1"": -1, ""1"": 1}"
E2_CONTEXT_SIGN_FLIP,62043,ANTITHETIC_CRN_MC,256,CONTEXT_CONDITIONAL_ONLY,A,,"{""-1"": -1, ""1"": 1}"
E2_CONTEXT_SIGN_FLIP,62043,CRN_CHAIN_MC,8,CONTEXT_CONDITIONAL_ONLY,A,,"{""-1"": -1, ""1"": 1}"
E2_CONTEXT_SIGN_FLIP,62043,CRN_CHAIN_MC,16,CONTEXT_CONDITIONAL_ONLY,A,,"{""-1"": -1, ""1"": 1}"
E2_CONTEXT_SIGN_FLIP,62043,CRN_CHAIN_MC,32,CONTEXT_CONDITIONAL_ONLY,A,,"{""-1"": -1, ""1"": 1}"
E2_CONTEXT_SIGN_FLIP,62043,CRN_CHAIN_MC,64,CONTEXT_CONDITIONAL_ONLY,A,,"{""-1"": -1, ""1"": 1}"
E2_CONTEXT_SIGN_FLIP,62043,CRN_CHAIN_MC,128,CONTEXT_CONDITIONAL_ONLY,A,,"{""-1"": -1, ""1"": 1}"
E2_CONTEXT_SIGN_FLIP,62043,CRN_CHAIN_MC,256,CONTEXT_CONDITIONAL_ONLY,A,,"{""-1"": -1, ""1"": 1}"
E2_CONTEXT_SIGN_FLIP,62043,DOUBLE_ANTITHETIC_CRN_MC,8,CONTEXT_CONDITIONAL_ONLY,A,,"{""-1"": -1, ""1"": 1}"
E2_CONTEXT_SIGN_FLIP,62043,DOUBLE_ANTITHETIC_CRN_MC,16,CONTEXT_CONDITIONAL_ONLY,A,,"{""-1"": -1, ""1"": 1}"
E2_CONTEXT_SIGN_FLIP,62043,DOUBLE_ANTITHETIC_CRN_MC,32,CONTEXT_CONDITIONAL_ONLY,A,,"{""-1"": -1, ""1"": 1}"
E2_CONTEXT_SIGN_FLIP,62043,DOUBLE_ANTITHETIC_CRN_MC,64,CONTEXT_CONDITIONAL_ONLY,A,,"{""-1"": -1, ""1"": 1}"
E2_CONTEXT_SIGN_FLIP,62043,DOUBLE_ANTITHETIC_CRN_MC,128,CONTEXT_CONDITIONAL_ONLY,A,,"{""-1"": -1, ""1"": 1}"
E2_CONTEXT_SIGN_FLIP,62043,DOUBLE_ANTITHETIC_CRN_MC,256,CONTEXT_CONDITIONAL_ONLY,A,,"{""-1"": -1, ""1"": 1}"
E2_CONTEXT_SIGN_FLIP,62043,LEGACY_INDEPENDENT_MC,8,CONTEXT_CONDITIONAL_ONLY,A,,"{""-1"": -1, ""1"": 1}"
E2_CONTEXT_SIGN_FLIP,62043,LEGACY_INDEPENDENT_MC,16,CONTEXT_CONDITIONAL_ONLY,A,,"{""-1"": -1, ""1"": 1}"
E2_CONTEXT_SIGN_FLIP,62043,LEGACY_INDEPENDENT_MC,32,CONTEXT_CONDITIONAL_ONLY,A,,"{""-1"": -1, ""1"": 1}"
E2_CONTEXT_SIGN_FLIP,62043,LEGACY_INDEPENDENT_MC,64,CONTEXT_CONDITIONAL_ONLY,A,,"{""-1"": -1, ""1"": 1}"
E2_CONTEXT_SIGN_FLIP,62043,LEGACY_INDEPENDENT_MC,128,CONTEXT_CONDITIONAL_ONLY,A,,"{""-1"": -1, ""1"": 1}"
E2_CONTEXT_SIGN_FLIP,62043,LEGACY_INDEPENDENT_MC,256,CONTEXT_CONDITIONAL_ONLY,A,,"{""-1"": -1, ""1"": 1}"
E2_CONTEXT_SIGN_FLIP,62044,ANTITHETIC_CRN_MC,8,CONTEXT_CONDITIONAL_ONLY,A,,"{""-1"": -1, ""1"": 1}"
E2_CONTEXT_SIGN_FLIP,62044,ANTITHETIC_CRN_MC,16,CONTEXT_CONDITIONAL_ONLY,A,,"{""-1"": -1, ""1"": 1}"
E2_CONTEXT_SIGN_FLIP,62044,ANTITHETIC_CRN_MC,32,CONTEXT_CONDITIONAL_ONLY,A,,"{""-1"": -1, ""1"": 1}"
E2_CONTEXT_SIGN_FLIP,62044,ANTITHETIC_CRN_MC,64,CONTEXT_CONDITIONAL_ONLY,A,,"{""-1"": -1, ""1"": 1}"
E2_CONTEXT_SIGN_FLIP,62044,ANTITHETIC_CRN_MC,128,CONTEXT_CONDITIONAL_ONLY,A,,"{""-1"": -1, ""1"": 1}"
E2_CONTEXT_SIGN_FLIP,62044,ANTITHETIC_CRN_MC,256,CONTEXT_CONDITIONAL_ONLY,A,,"{""-1"": -1, ""1"": 1}"
E2_CONTEXT_SIGN_FLIP,62044,CRN_CHAIN_MC,8,CONTEXT_CONDITIONAL_ONLY,A,,"{""-1"": -1, ""1"": 1}"
E2_CONTEXT_SIGN_FLIP,62044,CRN_CHAIN_MC,16,CONTEXT_CONDITIONAL_ONLY,A,,"{""-1"": -1, ""1"": 1}"
E2_CONTEXT_SIGN_FLIP,62044,CRN_CHAIN_MC,32,CONTEXT_CONDITIONAL_ONLY,A,,"{""-1"": -1, ""1"": 1}"
E2_CONTEXT_SIGN_FLIP,62044,CRN_CHAIN_MC,64,CONTEXT_CONDITIONAL_ONLY,A,,"{""-1"": -1, ""1"": 1}"
E2_CONTEXT_SIGN_FLIP,62044,CRN_CHAIN_MC,128,CONTEXT_CONDITIONAL_ONLY,A,,"{""-1"": -1, ""1"": 1}"
E2_CONTEXT_SIGN_FLIP,62044,CRN_CHAIN_MC,256,CONTEXT_CONDITIONAL_ONLY,A,,"{""-1"": -1, ""1"": 1}"
E2_CONTEXT_SIGN_FLIP,62044,DOUBLE_ANTITHETIC_CRN_MC,8,CONTEXT_CONDITIONAL_ONLY,A,,"{""-1"": -1, ""1"": 1}"
E2_CONTEXT_SIGN_FLIP,62044,DOUBLE_ANTITHETIC_CRN_MC,16,CONTEXT_CONDITIONAL_ONLY,A,,"{""-1"": -1, ""1"": 1}"
E2_CONTEXT_SIGN_FLIP,62044,DOUBLE_ANTITHETIC_CRN_MC,32,CONTEXT_CONDITIONAL_ONLY,A,,"{""-1"": -1, ""1"": 1}"
E2_CONTEXT_SIGN_FLIP,62044,DOUBLE_ANTITHETIC_CRN_MC,64,CONTEXT_CONDITIONAL_ONLY,A,,"{""-1"": -1, ""1"": 1}"
E2_CONTEXT_SIGN_FLIP,62044,DOUBLE_ANTITHETIC_CRN_MC,128,CONTEXT_CONDITIONAL_ONLY,A,,"{""-1"": -1, ""1"": 1}"
E2_CONTEXT_SIGN_FLIP,62044,DOUBLE_ANTITHETIC_CRN_MC,256,CONTEXT_CONDITIONAL_ONLY,A,,"{""-1"": -1, ""1"": 1}"
E2_CONTEXT_SIGN_FLIP,62044,LEGACY_INDEPENDENT_MC,8,CONTEXT_CONDITIONAL_ONLY,A,,"{""-1"": -1, ""1"": 1}"
E2_CONTEXT_SIGN_FLIP,62044,LEGACY_INDEPENDENT_MC,16,CONTEXT_CONDITIONAL_ONLY,A,,"{""-1"": -1, ""1"": 1}"
E2_CONTEXT_SIGN_FLIP,62044,LEGACY_INDEPENDENT_MC,32,CONTEXT_CONDITIONAL_ONLY,A,,"{""-1"": -1, ""1"": 1}"
E2_CONTEXT_SIGN_FLIP,62044,LEGACY_INDEPENDENT_MC,64,CONTEXT_CONDITIONAL_ONLY,A,,"{""-1"": -1, ""1"": 1}"
E2_CONTEXT_SIGN_FLIP,62044,LEGACY_INDEPENDENT_MC,128,CONTEXT_CONDITIONAL_ONLY,A,,"{""-1"": -1, ""1"": 1}"
E2_CONTEXT_SIGN_FLIP,62044,LEGACY_INDEPENDENT_MC,256,CONTEXT_CONDITIONAL_ONLY,A,,"{""-1"": -1, ""1"": 1}"
E2_CONTEXT_SIGN_FLIP,62045,ANTITHETIC_CRN_MC,8,CONTEXT_CONDITIONAL_ONLY,A,,"{""-1"": -1, ""1"": 1}"
E2_CONTEXT_SIGN_FLIP,62045,ANTITHETIC_CRN_MC,16,CONTEXT_CONDITIONAL_ONLY,A,,"{""-1"": -1, ""1"": 1}"
E2_CONTEXT_SIGN_FLIP,62045,ANTITHETIC_CRN_MC,32,CONTEXT_CONDITIONAL_ONLY,A,,"{""-1"": -1, ""1"": 1}"
E2_CONTEXT_SIGN_FLIP,62045,ANTITHETIC_CRN_MC,64,CONTEXT_CONDITIONAL_ONLY,A,,"{""-1"": -1, ""1"": 1}"
E2_CONTEXT_SIGN_FLIP,62045,ANTITHETIC_CRN_MC,128,CONTEXT_CONDITIONAL_ONLY,A,,"{""-1"": -1, ""1"": 1}"
E2_CONTEXT_SIGN_FLIP,62045,ANTITHETIC_CRN_MC,256,CONTEXT_CONDITIONAL_ONLY,A,,"{""-1"": -1, ""1"": 1}"
E2_CONTEXT_SIGN_FLIP,62045,CRN_CHAIN_MC,8,CONTEXT_CONDITIONAL_ONLY,A,,"{""-1"": -1, ""1"": 1}"
E2_CONTEXT_SIGN_FLIP,62045,CRN_CHAIN_MC,16,CONTEXT_CONDITIONAL_ONLY,A,,"{""-1"": -1, ""1"": 1}"
E2_CONTEXT_SIGN_FLIP,62045,CRN_CHAIN_MC,32,CONTEXT_CONDITIONAL_ONLY,A,,"{""-1"": -1, ""1"": 1}"
E2_CONTEXT_SIGN_FLIP,62045,CRN_CHAIN_MC,64,CONTEXT_CONDITIONAL_ONLY,A,,"{""-1"": -1, ""1"": 1}"
E2_CONTEXT_SIGN_FLIP,62045,CRN_CHAIN_MC,128,CONTEXT_CONDITIONAL_ONLY,A,,"{""-1"": -1, ""1"": 1}"
E2_CONTEXT_SIGN_FLIP,62045,CRN_CHAIN_MC,256,CONTEXT_CONDITIONAL_ONLY,A,,"{""-1"": -1, ""1"": 1}"
E2_CONTEXT_SIGN_FLIP,62045,DOUBLE_ANTITHETIC_CRN_MC,8,CONTEXT_CONDITIONAL_ONLY,A,,"{""-1"": -1, ""1"": 1}"
E2_CONTEXT_SIGN_FLIP,62045,DOUBLE_ANTITHETIC_CRN_MC,16,CONTEXT_CONDITIONAL_ONLY,A,,"{""-1"": -1, ""1"": 1}"
E2_CONTEXT_SIGN_FLIP,62045,DOUBLE_ANTITHETIC_CRN_MC,32,CONTEXT_CONDITIONAL_ONLY,A,,"{""-1"": -1, ""1"": 1}"
E2_CONTEXT_SIGN_FLIP,62045,DOUBLE_ANTITHETIC_CRN_MC,64,CONTEXT_CONDITIONAL_ONLY,A,,"{""-1"": -1, ""1"": 1}"
E2_CONTEXT_SIGN_FLIP,62045,DOUBLE_ANTITHETIC_CRN_MC,128,CONTEXT_CONDITIONAL_ONLY,A,,"{""-1"": -1, ""1"": 1}"
E2_CONTEXT_SIGN_FLIP,62045,DOUBLE_ANTITHETIC_CRN_MC,256,CONTEXT_CONDITIONAL_ONLY,A,,"{""-1"": -1, ""1"": 1}"
E2_CONTEXT_SIGN_FLIP,62045,LEGACY_INDEPENDENT_MC,8,CONTEXT_CONDITIONAL_ONLY,A,,"{""-1"": -1, ""1"": 1}"
E2_CONTEXT_SIGN_FLIP,62045,LEGACY_INDEPENDENT_MC,16,CONTEXT_CONDITIONAL_ONLY,A,,"{""-1"": -1, ""1"": 1}"
E2_CONTEXT_SIGN_FLIP,62045,LEGACY_INDEPENDENT_MC,32,CONTEXT_CONDITIONAL_ONLY,A,,"{""-1"": -1, ""1"": 1}"
E2_CONTEXT_SIGN_FLIP,62045,LEGACY_INDEPENDENT_MC,64,CONTEXT_CONDITIONAL_ONLY,A,,"{""-1"": -1, ""1"": 1}"
E2_CONTEXT_SIGN_FLIP,62045,LEGACY_INDEPENDENT_MC,128,CONTEXT_CONDITIONAL_ONLY,A,,"{""-1"": -1, ""1"": 1}"
E2_CONTEXT_SIGN_FLIP,62045,LEGACY_INDEPENDENT_MC,256,CONTEXT_CONDITIONAL_ONLY,A,,"{""-1"": -1, ""1"": 1}"
E2_CONTEXT_SIGN_FLIP,62046,ANTITHETIC_CRN_MC,8,CONTEXT_CONDITIONAL_ONLY,A,,"{""-1"": -1, ""1"": 1}"
E2_CONTEXT_SIGN_FLIP,62046,ANTITHETIC_CRN_MC,16,CONTEXT_CONDITIONAL_ONLY,A,,"{""-1"": -1, ""1"": 1}"
E2_CONTEXT_SIGN_FLIP,62046,ANTITHETIC_CRN_MC,32,CONTEXT_CONDITIONAL_ONLY,A,,"{""-1"": -1, ""1"": 1}"
E2_CONTEXT_SIGN_FLIP,62046,ANTITHETIC_CRN_MC,64,CONTEXT_CONDITIONAL_ONLY,A,,"{""-1"": -1, ""1"": 1}"
E2_CONTEXT_SIGN_FLIP,62046,ANTITHETIC_CRN_MC,128,CONTEXT_CONDITIONAL_ONLY,A,,"{""-1"": -1, ""1"": 1}"
E2_CONTEXT_SIGN_FLIP,62046,ANTITHETIC_CRN_MC,256,CONTEXT_CONDITIONAL_ONLY,A,,"{""-1"": -1, ""1"": 1}"
E2_CONTEXT_SIGN_FLIP,62046,CRN_CHAIN_MC,8,CONTEXT_CONDITIONAL_ONLY,A,,"{""-1"": -1, ""1"": 1}"
E2_CONTEXT_SIGN_FLIP,62046,CRN_CHAIN_MC,16,CONTEXT_CONDITIONAL_ONLY,A,,"{""-1"": -1, ""1"": 1}"
E2_CONTEXT_SIGN_FLIP,62046,CRN_CHAIN_MC,32,CONTEXT_CONDITIONAL_ONLY,A,,"{""-1"": -1, ""1"": 1}"
E2_CONTEXT_SIGN_FLIP,62046,CRN_CHAIN_MC,64,CONTEXT_CONDITIONAL_ONLY,A,,"{""-1"": -1, ""1"": 1}"
E2_CONTEXT_SIGN_FLIP,62046,CRN_CHAIN_MC,128,CONTEXT_CONDITIONAL_ONLY,A,,"{""-1"": -1, ""1"": 1}"
E2_CONTEXT_SIGN_FLIP,62046,CRN_CHAIN_MC,256,CONTEXT_CONDITIONAL_ONLY,A,,"{""-1"": -1, ""1"": 1}"
E2_CONTEXT_SIGN_FLIP,62046,DOUBLE_ANTITHETIC_CRN_MC,8,CONTEXT_CONDITIONAL_ONLY,A,,"{""-1"": -1, ""1"": 1}"
E2_CONTEXT_SIGN_FLIP,62046,DOUBLE_ANTITHETIC_CRN_MC,16,CONTEXT_CONDITIONAL_ONLY,A,,"{""-1"": -1, ""1"": 1}"
E2_CONTEXT_SIGN_FLIP,62046,DOUBLE_ANTITHETIC_CRN_MC,32,CONTEXT_CONDITIONAL_ONLY,A,,"{""-1"": -1, ""1"": 1}"
E2_CONTEXT_SIGN_FLIP,62046,DOUBLE_ANTITHETIC_CRN_MC,64,CONTEXT_CONDITIONAL_ONLY,A,,"{""-1"": -1, ""1"": 1}"
E2_CONTEXT_SIGN_FLIP,62046,DOUBLE_ANTITHETIC_CRN_MC,128,CONTEXT_CONDITIONAL_ONLY,A,,"{""-1"": -1, ""1"": 1}"
E2_CONTEXT_SIGN_FLIP,62046,DOUBLE_ANTITHETIC_CRN_MC,256,CONTEXT_CONDITIONAL_ONLY,A,,"{""-1"": -1, ""1"": 1}"
E2_CONTEXT_SIGN_FLIP,62046,LEGACY_INDEPENDENT_MC,8,CONTEXT_CONDITIONAL_ONLY,A,,"{""-1"": -1, ""1"": 1}"
E2_CONTEXT_SIGN_FLIP,62046,LEGACY_INDEPENDENT_MC,16,CONTEXT_CONDITIONAL_ONLY,A,,"{""-1"": -1, ""1"": 1}"
E2_CONTEXT_SIGN_FLIP,62046,LEGACY_INDEPENDENT_MC,32,CONTEXT_CONDITIONAL_ONLY,A,,"{""-1"": -1, ""1"": 1}"
E2_CONTEXT_SIGN_FLIP,62046,LEGACY_INDEPENDENT_MC,64,CONTEXT_CONDITIONAL_ONLY,A,,"{""-1"": -1, ""1"": 1}"
E2_CONTEXT_SIGN_FLIP,62046,LEGACY_INDEPENDENT_MC,128,CONTEXT_CONDITIONAL_ONLY,A,,"{""-1"": -1, ""1"": 1}"
E2_CONTEXT_SIGN_FLIP,62046,LEGACY_INDEPENDENT_MC,256,CONTEXT_CONDITIONAL_ONLY,A,,"{""-1"": -1, ""1"": 1}"
E2_CONTEXT_SIGN_FLIP,62047,ANTITHETIC_CRN_MC,8,CONTEXT_CONDITIONAL_ONLY,A,,"{""-1"": -1, ""1"": 1}"
E2_CONTEXT_SIGN_FLIP,62047,ANTITHETIC_CRN_MC,16,CONTEXT_CONDITIONAL_ONLY,A,,"{""-1"": -1, ""1"": 1}"
E2_CONTEXT_SIGN_FLIP,62047,ANTITHETIC_CRN_MC,32,CONTEXT_CONDITIONAL_ONLY,A,,"{""-1"": -1, ""1"": 1}"
E2_CONTEXT_SIGN_FLIP,62047,ANTITHETIC_CRN_MC,64,CONTEXT_CONDITIONAL_ONLY,A,,"{""-1"": -1, ""1"": 1}"
E2_CONTEXT_SIGN_FLIP,62047,ANTITHETIC_CRN_MC,128,CONTEXT_CONDITIONAL_ONLY,A,,"{""-1"": -1, ""1"": 1}"
E2_CONTEXT_SIGN_FLIP,62047,ANTITHETIC_CRN_MC,256,CONTEXT_CONDITIONAL_ONLY,A,,"{""-1"": -1, ""1"": 1}"
E2_CONTEXT_SIGN_FLIP,62047,CRN_CHAIN_MC,8,CONTEXT_CONDITIONAL_ONLY,A,,"{""-1"": -1, ""1"": 1}"
E2_CONTEXT_SIGN_FLIP,62047,CRN_CHAIN_MC,16,CONTEXT_CONDITIONAL_ONLY,A,,"{""-1"": -1, ""1"": 1}"
E2_CONTEXT_SIGN_FLIP,62047,CRN_CHAIN_MC,32,CONTEXT_CONDITIONAL_ONLY,A,,"{""-1"": -1, ""1"": 1}"
E2_CONTEXT_SIGN_FLIP,62047,CRN_CHAIN_MC,64,CONTEXT_CONDITIONAL_ONLY,A,,"{""-1"": -1, ""1"": 1}"
E2_CONTEXT_SIGN_FLIP,62047,CRN_CHAIN_MC,128,CONTEXT_CONDITIONAL_ONLY,A,,"{""-1"": -1, ""1"": 1}"
E2_CONTEXT_SIGN_FLIP,62047,CRN_CHAIN_MC,256,CONTEXT_CONDITIONAL_ONLY,A,,"{""-1"": -1, ""1"": 1}"
E2_CONTEXT_SIGN_FLIP,62047,DOUBLE_ANTITHETIC_CRN_MC,8,CONTEXT_CONDITIONAL_ONLY,A,,"{""-1"": -1, ""1"": 1}"
E2_CONTEXT_SIGN_FLIP,62047,DOUBLE_ANTITHETIC_CRN_MC,16,CONTEXT_CONDITIONAL_ONLY,A,,"{""-1"": -1, ""1"": 1}"
E2_CONTEXT_SIGN_FLIP,62047,DOUBLE_ANTITHETIC_CRN_MC,32,CONTEXT_CONDITIONAL_ONLY,A,,"{""-1"": -1, ""1"": 1}"
E2_CONTEXT_SIGN_FLIP,62047,DOUBLE_ANTITHETIC_CRN_MC,64,CONTEXT_CONDITIONAL_ONLY,A,,"{""-1"": -1, ""1"": 1}"
E2_CONTEXT_SIGN_FLIP,62047,DOUBLE_ANTITHETIC_CRN_MC,128,CONTEXT_CONDITIONAL_ONLY,A,,"{""-1"": -1, ""1"": 1}"
E2_CONTEXT_SIGN_FLIP,62047,DOUBLE_ANTITHETIC_CRN_MC,256,CONTEXT_CONDITIONAL_ONLY,A,,"{""-1"": -1, ""1"": 1}"
E2_CONTEXT_SIGN_FLIP,62047,LEGACY_INDEPENDENT_MC,8,CONTEXT_CONDITIONAL_ONLY,A,,"{""-1"": -1, ""1"": 1}"
E2_CONTEXT_SIGN_FLIP,62047,LEGACY_INDEPENDENT_MC,16,CONTEXT_CONDITIONAL_ONLY,A,,"{""-1"": -1, ""1"": 1}"
E2_CONTEXT_SIGN_FLIP,62047,LEGACY_INDEPENDENT_MC,32,CONTEXT_CONDITIONAL_ONLY,A,,"{""-1"": -1, ""1"": 1}"
E2_CONTEXT_SIGN_FLIP,62047,LEGACY_INDEPENDENT_MC,64,CONTEXT_CONDITIONAL_ONLY,A,,"{""-1"": -1, ""1"": 1}"
E2_CONTEXT_SIGN_FLIP,62047,LEGACY_INDEPENDENT_MC,128,CONTEXT_CONDITIONAL_ONLY,A,,"{""-1"": -1, ""1"": 1}"
E2_CONTEXT_SIGN_FLIP,62047,LEGACY_INDEPENDENT_MC,256,CONTEXT_CONDITIONAL_ONLY,A,,"{""-1"": -1, ""1"": 1}"
E2_CONTEXT_SIGN_FLIP,62048,ANTITHETIC_CRN_MC,8,CONTEXT_CONDITIONAL_ONLY,A,,"{""-1"": -1, ""1"": 1}"
E2_CONTEXT_SIGN_FLIP,62048,ANTITHETIC_CRN_MC,16,CONTEXT_CONDITIONAL_ONLY,A,,"{""-1"": -1, ""1"": 1}"
E2_CONTEXT_SIGN_FLIP,62048,ANTITHETIC_CRN_MC,32,CONTEXT_CONDITIONAL_ONLY,A,,"{""-1"": -1, ""1"": 1}"
E2_CONTEXT_SIGN_FLIP,62048,ANTITHETIC_CRN_MC,64,CONTEXT_CONDITIONAL_ONLY,A,,"{""-1"": -1, ""1"": 1}"
E2_CONTEXT_SIGN_FLIP,62048,ANTITHETIC_CRN_MC,128,CONTEXT_CONDITIONAL_ONLY,A,,"{""-1"": -1, ""1"": 1}"
E2_CONTEXT_SIGN_FLIP,62048,ANTITHETIC_CRN_MC,256,CONTEXT_CONDITIONAL_ONLY,A,,"{""-1"": -1, ""1"": 1}"
E2_CONTEXT_SIGN_FLIP,62048,CRN_CHAIN_MC,8,CONTEXT_CONDITIONAL_ONLY,A,,"{""-1"": -1, ""1"": 1}"
E2_CONTEXT_SIGN_FLIP,62048,CRN_CHAIN_MC,16,CONTEXT_CONDITIONAL_ONLY,A,,"{""-1"": -1, ""1"": 1}"
E2_CONTEXT_SIGN_FLIP,62048,CRN_CHAIN_MC,32,CONTEXT_CONDITIONAL_ONLY,A,,"{""-1"": -1, ""1"": 1}"
E2_CONTEXT_SIGN_FLIP,62048,CRN_CHAIN_MC,64,CONTEXT_CONDITIONAL_ONLY,A,,"{""-1"": -1, ""1"": 1}"
E2_CONTEXT_SIGN_FLIP,62048,CRN_CHAIN_MC,128,CONTEXT_CONDITIONAL_ONLY,A,,"{""-1"": -1, ""1"": 1}"
E2_CONTEXT_SIGN_FLIP,62048,CRN_CHAIN_MC,256,CONTEXT_CONDITIONAL_ONLY,A,,"{""-1"": -1, ""1"": 1}"
E2_CONTEXT_SIGN_FLIP,62048,DOUBLE_ANTITHETIC_CRN_MC,8,CONTEXT_CONDITIONAL_ONLY,A,,"{""-1"": -1, ""1"": 1}"
E2_CONTEXT_SIGN_FLIP,62048,DOUBLE_ANTITHETIC_CRN_MC,16,CONTEXT_CONDITIONAL_ONLY,A,,"{""-1"": -1, ""1"": 1}"
E2_CONTEXT_SIGN_FLIP,62048,DOUBLE_ANTITHETIC_CRN_MC,32,CONTEXT_CONDITIONAL_ONLY,A,,"{""-1"": -1, ""1"": 1}"
E2_CONTEXT_SIGN_FLIP,62048,DOUBLE_ANTITHETIC_CRN_MC,64,CONTEXT_CONDITIONAL_ONLY,A,,"{""-1"": -1, ""1"": 1}"
E2_CONTEXT_SIGN_FLIP,62048,DOUBLE_ANTITHETIC_CRN_MC,128,CONTEXT_CONDITIONAL_ONLY,A,,"{""-1"": -1, ""1"": 1}"
E2_CONTEXT_SIGN_FLIP,62048,DOUBLE_ANTITHETIC_CRN_MC,256,CONTEXT_CONDITIONAL_ONLY,A,,"{""-1"": -1, ""1"": 1}"
E2_CONTEXT_SIGN_FLIP,62048,LEGACY_INDEPENDENT_MC,8,CONTEXT_CONDITIONAL_ONLY,A,,"{""-1"": -1, ""1"": 1}"
E2_CONTEXT_SIGN_FLIP,62048,LEGACY_INDEPENDENT_MC,16,CONTEXT_CONDITIONAL_ONLY,A,,"{""-1"": -1, ""1"": 1}"
E2_CONTEXT_SIGN_FLIP,62048,LEGACY_INDEPENDENT_MC,32,CONTEXT_CONDITIONAL_ONLY,A,,"{""-1"": -1, ""1"": 1}"
E2_CONTEXT_SIGN_FLIP,62048,LEGACY_INDEPENDENT_MC,64,CONTEXT_CONDITIONAL_ONLY,A,,"{""-1"": -1, ""1"": 1}"
E2_CONTEXT_SIGN_FLIP,62048,LEGACY_INDEPENDENT_MC,128,CONTEXT_CONDITIONAL_ONLY,A,,"{""-1"": -1, ""1"": 1}"
E2_CONTEXT_SIGN_FLIP,62048,LEGACY_INDEPENDENT_MC,256,CONTEXT_CONDITIONAL_ONLY,A,,"{""-1"": -1, ""1"": 1}"
E2_CONTEXT_SIGN_FLIP,62049,ANTITHETIC_CRN_MC,8,CONTEXT_CONDITIONAL_ONLY,A,,"{""-1"": -1, ""1"": 1}"
E2_CONTEXT_SIGN_FLIP,62049,ANTITHETIC_CRN_MC,16,CONTEXT_CONDITIONAL_ONLY,A,,"{""-1"": -1, ""1"": 1}"
E2_CONTEXT_SIGN_FLIP,62049,ANTITHETIC_CRN_MC,32,CONTEXT_CONDITIONAL_ONLY,A,,"{""-1"": -1, ""1"": 1}"
E2_CONTEXT_SIGN_FLIP,62049,ANTITHETIC_CRN_MC,64,CONTEXT_CONDITIONAL_ONLY,A,,"{""-1"": -1, ""1"": 1}"
E2_CONTEXT_SIGN_FLIP,62049,ANTITHETIC_CRN_MC,128,CONTEXT_CONDITIONAL_ONLY,A,,"{""-1"": -1, ""1"": 1}"
E2_CONTEXT_SIGN_FLIP,62049,ANTITHETIC_CRN_MC,256,CONTEXT_CONDITIONAL_ONLY,A,,"{""-1"": -1, ""1"": 1}"
E2_CONTEXT_SIGN_FLIP,62049,CRN_CHAIN_MC,8,CONTEXT_CONDITIONAL_ONLY,A,,"{""-1"": -1, ""1"": 1}"
E2_CONTEXT_SIGN_FLIP,62049,CRN_CHAIN_MC,16,CONTEXT_CONDITIONAL_ONLY,A,,"{""-1"": -1, ""1"": 1}"
E2_CONTEXT_SIGN_FLIP,62049,CRN_CHAIN_MC,32,CONTEXT_CONDITIONAL_ONLY,A,,"{""-1"": -1, ""1"": 1}"
E2_CONTEXT_SIGN_FLIP,62049,CRN_CHAIN_MC,64,CONTEXT_CONDITIONAL_ONLY,A,,"{""-1"": -1, ""1"": 1}"
E2_CONTEXT_SIGN_FLIP,62049,CRN_CHAIN_MC,128,CONTEXT_CONDITIONAL_ONLY,A,,"{""-1"": -1, ""1"": 1}"
E2_CONTEXT_SIGN_FLIP,62049,CRN_CHAIN_MC,256,CONTEXT_CONDITIONAL_ONLY,A,,"{""-1"": -1, ""1"": 1}"
E2_CONTEXT_SIGN_FLIP,62049,DOUBLE_ANTITHETIC_CRN_MC,8,CONTEXT_CONDITIONAL_ONLY,A,,"{""-1"": -1, ""1"": 1}"
E2_CONTEXT_SIGN_FLIP,62049,DOUBLE_ANTITHETIC_CRN_MC,16,CONTEXT_CONDITIONAL_ONLY,A,,"{""-1"": -1, ""1"": 1}"
E2_CONTEXT_SIGN_FLIP,62049,DOUBLE_ANTITHETIC_CRN_MC,32,CONTEXT_CONDITIONAL_ONLY,A,,"{""-1"": -1, ""1"": 1}"
E2_CONTEXT_SIGN_FLIP,62049,DOUBLE_ANTITHETIC_CRN_MC,64,CONTEXT_CONDITIONAL_ONLY,A,,"{""-1"": -1, ""1"": 1}"
E2_CONTEXT_SIGN_FLIP,62049,DOUBLE_ANTITHETIC_CRN_MC,128,CONTEXT_CONDITIONAL_ONLY,A,,"{""-1"": -1, ""1"": 1}"
E2_CONTEXT_SIGN_FLIP,62049,DOUBLE_ANTITHETIC_CRN_MC,256,CONTEXT_CONDITIONAL_ONLY,A,,"{""-1"": -1, ""1"": 1}"
E2_CONTEXT_SIGN_FLIP,62049,LEGACY_INDEPENDENT_MC,8,CONTEXT_CONDITIONAL_ONLY,A,,"{""-1"": -1, ""1"": 1}"
E2_CONTEXT_SIGN_FLIP,62049,LEGACY_INDEPENDENT_MC,16,CONTEXT_CONDITIONAL_ONLY,A,,"{""-1"": -1, ""1"": 1}"
E2_CONTEXT_SIGN_FLIP,62049,LEGACY_INDEPENDENT_MC,32,CONTEXT_CONDITIONAL_ONLY,A,,"{""-1"": -1, ""1"": 1}"
E2_CONTEXT_SIGN_FLIP,62049,LEGACY_INDEPENDENT_MC,64,CONTEXT_CONDITIONAL_ONLY,A,,"{""-1"": -1, ""1"": 1}"
E2_CONTEXT_SIGN_FLIP,62049,LEGACY_INDEPENDENT_MC,128,CONTEXT_CONDITIONAL_ONLY,A,,"{""-1"": -1, ""1"": 1}"
E2_CONTEXT_SIGN_FLIP,62049,LEGACY_INDEPENDENT_MC,256,CONTEXT_CONDITIONAL_ONLY,A,,"{""-1"": -1, ""1"": 1}"
E2_CONTEXT_SIGN_FLIP,62050,ANTITHETIC_CRN_MC,8,CONTEXT_CONDITIONAL_ONLY,A,,"{""-1"": -1, ""1"": 1}"
E2_CONTEXT_SIGN_FLIP,62050,ANTITHETIC_CRN_MC,16,CONTEXT_CONDITIONAL_ONLY,A,,"{""-1"": -1, ""1"": 1}"
E2_CONTEXT_SIGN_FLIP,62050,ANTITHETIC_CRN_MC,32,CONTEXT_CONDITIONAL_ONLY,A,,"{""-1"": -1, ""1"": 1}"
E2_CONTEXT_SIGN_FLIP,62050,ANTITHETIC_CRN_MC,64,CONTEXT_CONDITIONAL_ONLY,A,,"{""-1"": -1, ""1"": 1}"
E2_CONTEXT_SIGN_FLIP,62050,ANTITHETIC_CRN_MC,128,CONTEXT_CONDITIONAL_ONLY,A,,"{""-1"": -1, ""1"": 1}"
E2_CONTEXT_SIGN_FLIP,62050,ANTITHETIC_CRN_MC,256,CONTEXT_CONDITIONAL_ONLY,A,,"{""-1"": -1, ""1"": 1}"
E2_CONTEXT_SIGN_FLIP,62050,CRN_CHAIN_MC,8,CONTEXT_CONDITIONAL_ONLY,A,,"{""-1"": -1, ""1"": 1}"
E2_CONTEXT_SIGN_FLIP,62050,CRN_CHAIN_MC,16,CONTEXT_CONDITIONAL_ONLY,A,,"{""-1"": -1, ""1"": 1}"
E2_CONTEXT_SIGN_FLIP,62050,CRN_CHAIN_MC,32,CONTEXT_CONDITIONAL_ONLY,A,,"{""-1"": -1, ""1"": 1}"
E2_CONTEXT_SIGN_FLIP,62050,CRN_CHAIN_MC,64,CONTEXT_CONDITIONAL_ONLY,A,,"{""-1"": -1, ""1"": 1}"
E2_CONTEXT_SIGN_FLIP,62050,CRN_CHAIN_MC,128,CONTEXT_CONDITIONAL_ONLY,A,,"{""-1"": -1, ""1"": 1}"
E2_CONTEXT_SIGN_FLIP,62050,CRN_CHAIN_MC,256,CONTEXT_CONDITIONAL_ONLY,A,,"{""-1"": -1, ""1"": 1}"
E2_CONTEXT_SIGN_FLIP,62050,DOUBLE_ANTITHETIC_CRN_MC,8,CONTEXT_CONDITIONAL_ONLY,A,,"{""-1"": -1, ""1"": 1}"
E2_CONTEXT_SIGN_FLIP,62050,DOUBLE_ANTITHETIC_CRN_MC,16,CONTEXT_CONDITIONAL_ONLY,A,,"{""-1"": -1, ""1"": 1}"
E2_CONTEXT_SIGN_FLIP,62050,DOUBLE_ANTITHETIC_CRN_MC,32,CONTEXT_CONDITIONAL_ONLY,A,,"{""-1"": -1, ""1"": 1}"
E2_CONTEXT_SIGN_FLIP,62050,DOUBLE_ANTITHETIC_CRN_MC,64,CONTEXT_CONDITIONAL_ONLY,A,,"{""-1"": -1, ""1"": 1}"
E2_CONTEXT_SIGN_FLIP,62050,DOUBLE_ANTITHETIC_CRN_MC,128,CONTEXT_CONDITIONAL_ONLY,A,,"{""-1"": -1, ""1"": 1}"
E2_CONTEXT_SIGN_FLIP,62050,DOUBLE_ANTITHETIC_CRN_MC,256,CONTEXT_CONDITIONAL_ONLY,A,,"{""-1"": -1, ""1"": 1}"
E2_CONTEXT_SIGN_FLIP,62050,LEGACY_INDEPENDENT_MC,8,CONTEXT_CONDITIONAL_ONLY,A,,"{""-1"": -1, ""1"": 1}"
E2_CONTEXT_SIGN_FLIP,62050,LEGACY_INDEPENDENT_MC,16,CONTEXT_CONDITIONAL_ONLY,A,,"{""-1"": -1, ""1"": 1}"
E2_CONTEXT_SIGN_FLIP,62050,LEGACY_INDEPENDENT_MC,32,CONTEXT_CONDITIONAL_ONLY,A,,"{""-1"": -1, ""1"": 1}"
E2_CONTEXT_SIGN_FLIP,62050,LEGACY_INDEPENDENT_MC,64,CONTEXT_CONDITIONAL_ONLY,A,,"{""-1"": -1, ""1"": 1}"
E2_CONTEXT_SIGN_FLIP,62050,LEGACY_INDEPENDENT_MC,128,CONTEXT_CONDITIONAL_ONLY,A,,"{""-1"": -1, ""1"": 1}"
E2_CONTEXT_SIGN_FLIP,62050,LEGACY_INDEPENDENT_MC,256,CONTEXT_CONDITIONAL_ONLY,A,,"{""-1"": -1, ""1"": 1}"
E2_CONTEXT_SIGN_FLIP,62051,ANTITHETIC_CRN_MC,8,CONTEXT_CONDITIONAL_ONLY,A,,"{""-1"": -1, ""1"": 1}"
E2_CONTEXT_SIGN_FLIP,62051,ANTITHETIC_CRN_MC,16,CONTEXT_CONDITIONAL_ONLY,A,,"{""-1"": -1, ""1"": 1}"
E2_CONTEXT_SIGN_FLIP,62051,ANTITHETIC_CRN_MC,32,CONTEXT_CONDITIONAL_ONLY,A,,"{""-1"": -1, ""1"": 1}"
E2_CONTEXT_SIGN_FLIP,62051,ANTITHETIC_CRN_MC,64,CONTEXT_CONDITIONAL_ONLY,A,,"{""-1"": -1, ""1"": 1}"
E2_CONTEXT_SIGN_FLIP,62051,ANTITHETIC_CRN_MC,128,CONTEXT_CONDITIONAL_ONLY,A,,"{""-1"": -1, ""1"": 1}"
E2_CONTEXT_SIGN_FLIP,62051,ANTITHETIC_CRN_MC,256,CONTEXT_CONDITIONAL_ONLY,A,,"{""-1"": -1, ""1"": 1}"
E2_CONTEXT_SIGN_FLIP,62051,CRN_CHAIN_MC,8,CONTEXT_CONDITIONAL_ONLY,A,,"{""-1"": -1, ""1"": 1}"
E2_CONTEXT_SIGN_FLIP,62051,CRN_CHAIN_MC,16,CONTEXT_CONDITIONAL_ONLY,A,,"{""-1"": -1, ""1"": 1}"
E2_CONTEXT_SIGN_FLIP,62051,CRN_CHAIN_MC,32,CONTEXT_CONDITIONAL_ONLY,A,,"{""-1"": -1, ""1"": 1}"
E2_CONTEXT_SIGN_FLIP,62051,CRN_CHAIN_MC,64,CONTEXT_CONDITIONAL_ONLY,A,,"{""-1"": -1, ""1"": 1}"
E2_CONTEXT_SIGN_FLIP,62051,CRN_CHAIN_MC,128,CONTEXT_CONDITIONAL_ONLY,A,,"{""-1"": -1, ""1"": 1}"
E2_CONTEXT_SIGN_FLIP,62051,CRN_CHAIN_MC,256,CONTEXT_CONDITIONAL_ONLY,A,,"{""-1"": -1, ""1"": 1}"
E2_CONTEXT_SIGN_FLIP,62051,DOUBLE_ANTITHETIC_CRN_MC,8,CONTEXT_CONDITIONAL_ONLY,A,,"{""-1"": -1, ""1"": 1}"
E2_CONTEXT_SIGN_FLIP,62051,DOUBLE_ANTITHETIC_CRN_MC,16,CONTEXT_CONDITIONAL_ONLY,A,,"{""-1"": -1, ""1"": 1}"
E2_CONTEXT_SIGN_FLIP,62051,DOUBLE_ANTITHETIC_CRN_MC,32,CONTEXT_CONDITIONAL_ONLY,A,,"{""-1"": -1, ""1"": 1}"
E2_CONTEXT_SIGN_FLIP,62051,DOUBLE_ANTITHETIC_CRN_MC,64,CONTEXT_CONDITIONAL_ONLY,A,,"{""-1"": -1, ""1"": 1}"
E2_CONTEXT_SIGN_FLIP,62051,DOUBLE_ANTITHETIC_CRN_MC,128,CONTEXT_CONDITIONAL_ONLY,A,,"{""-1"": -1, ""1"": 1}"
E2_CONTEXT_SIGN_FLIP,62051,DOUBLE_ANTITHETIC_CRN_MC,256,CONTEXT_CONDITIONAL_ONLY,A,,"{""-1"": -1, ""1"": 1}"
E2_CONTEXT_SIGN_FLIP,62051,LEGACY_INDEPENDENT_MC,8,CONTEXT_CONDITIONAL_ONLY,A,,"{""-1"": -1, ""1"": 1}"
E2_CONTEXT_SIGN_FLIP,62051,LEGACY_INDEPENDENT_MC,16,CONTEXT_CONDITIONAL_ONLY,A,,"{""-1"": -1, ""1"": 1}"
E2_CONTEXT_SIGN_FLIP,62051,LEGACY_INDEPENDENT_MC,32,CONTEXT_CONDITIONAL_ONLY,A,,"{""-1"": -1, ""1"": 1}"
E2_CONTEXT_SIGN_FLIP,62051,LEGACY_INDEPENDENT_MC,64,CONTEXT_CONDITIONAL_ONLY,A,,"{""-1"": -1, ""1"": 1}"
E2_CONTEXT_SIGN_FLIP,62051,LEGACY_INDEPENDENT_MC,128,CONTEXT_CONDITIONAL_ONLY,A,,"{""-1"": -1, ""1"": 1}"
E2_CONTEXT_SIGN_FLIP,62051,LEGACY_INDEPENDENT_MC,256,CONTEXT_CONDITIONAL_ONLY,A,,"{""-1"": -1, ""1"": 1}"
E2_CONTEXT_SIGN_FLIP,62052,ANTITHETIC_CRN_MC,8,CONTEXT_CONDITIONAL_ONLY,A,,"{""-1"": -1, ""1"": 1}"
E2_CONTEXT_SIGN_FLIP,62052,ANTITHETIC_CRN_MC,16,CONTEXT_CONDITIONAL_ONLY,A,,"{""-1"": -1, ""1"": 1}"
E2_CONTEXT_SIGN_FLIP,62052,ANTITHETIC_CRN_MC,32,CONTEXT_CONDITIONAL_ONLY,A,,"{""-1"": -1, ""1"": 1}"
E2_CONTEXT_SIGN_FLIP,62052,ANTITHETIC_CRN_MC,64,CONTEXT_CONDITIONAL_ONLY,A,,"{""-1"": -1, ""1"": 1}"
E2_CONTEXT_SIGN_FLIP,62052,ANTITHETIC_CRN_MC,128,CONTEXT_CONDITIONAL_ONLY,A,,"{""-1"": -1, ""1"": 1}"
E2_CONTEXT_SIGN_FLIP,62052,ANTITHETIC_CRN_MC,256,CONTEXT_CONDITIONAL_ONLY,A,,"{""-1"": -1, ""1"": 1}"
E2_CONTEXT_SIGN_FLIP,62052,CRN_CHAIN_MC,8,CONTEXT_CONDITIONAL_ONLY,A,,"{""-1"": -1, ""1"": 1}"
E2_CONTEXT_SIGN_FLIP,62052,CRN_CHAIN_MC,16,CONTEXT_CONDITIONAL_ONLY,A,,"{""-1"": -1, ""1"": 1}"
E2_CONTEXT_SIGN_FLIP,62052,CRN_CHAIN_MC,32,CONTEXT_CONDITIONAL_ONLY,A,,"{""-1"": -1, ""1"": 1}"
E2_CONTEXT_SIGN_FLIP,62052,CRN_CHAIN_MC,64,CONTEXT_CONDITIONAL_ONLY,A,,"{""-1"": -1, ""1"": 1}"
E2_CONTEXT_SIGN_FLIP,62052,CRN_CHAIN_MC,128,CONTEXT_CONDITIONAL_ONLY,A,,"{""-1"": -1, ""1"": 1}"
E2_CONTEXT_SIGN_FLIP,62052,CRN_CHAIN_MC,256,CONTEXT_CONDITIONAL_ONLY,A,,"{""-1"": -1, ""1"": 1}"
E2_CONTEXT_SIGN_FLIP,62052,DOUBLE_ANTITHETIC_CRN_MC,8,CONTEXT_CONDITIONAL_ONLY,A,,"{""-1"": -1, ""1"": 1}"
E2_CONTEXT_SIGN_FLIP,62052,DOUBLE_ANTITHETIC_CRN_MC,16,CONTEXT_CONDITIONAL_ONLY,A,,"{""-1"": -1, ""1"": 1}"
E2_CONTEXT_SIGN_FLIP,62052,DOUBLE_ANTITHETIC_CRN_MC,32,CONTEXT_CONDITIONAL_ONLY,A,,"{""-1"": -1, ""1"": 1}"
E2_CONTEXT_SIGN_FLIP,62052,DOUBLE_ANTITHETIC_CRN_MC,64,CONTEXT_CONDITIONAL_ONLY,A,,"{""-1"": -1, ""1"": 1}"
E2_CONTEXT_SIGN_FLIP,62052,DOUBLE_ANTITHETIC_CRN_MC,128,CONTEXT_CONDITIONAL_ONLY,A,,"{""-1"": -1, ""1"": 1}"
E2_CONTEXT_SIGN_FLIP,62052,DOUBLE_ANTITHETIC_CRN_MC,256,CONTEXT_CONDITIONAL_ONLY,A,,"{""-1"": -1, ""1"": 1}"
E2_CONTEXT_SIGN_FLIP,62052,LEGACY_INDEPENDENT_MC,8,CONTEXT_CONDITIONAL_ONLY,A,,"{""-1"": -1, ""1"": 1}"
E2_CONTEXT_SIGN_FLIP,62052,LEGACY_INDEPENDENT_MC,16,CONTEXT_CONDITIONAL_ONLY,A,,"{""-1"": -1, ""1"": 1}"
E2_CONTEXT_SIGN_FLIP,62052,LEGACY_INDEPENDENT_MC,32,CONTEXT_CONDITIONAL_ONLY,A,,"{""-1"": -1, ""1"": 1}"
E2_CONTEXT_SIGN_FLIP,62052,LEGACY_INDEPENDENT_MC,64,CONTEXT_CONDITIONAL_ONLY,A,,"{""-1"": -1, ""1"": 1}"
E2_CONTEXT_SIGN_FLIP,62052,LEGACY_INDEPENDENT_MC,128,CONTEXT_CONDITIONAL_ONLY,A,,"{""-1"": -1, ""1"": 1}"
E2_CONTEXT_SIGN_FLIP,62052,LEGACY_INDEPENDENT_MC,256,CONTEXT_CONDITIONAL_ONLY,A,,"{""-1"": -1, ""1"": 1}"
E2_CONTEXT_SIGN_FLIP,62053,ANTITHETIC_CRN_MC,8,CONTEXT_CONDITIONAL_ONLY,A,,"{""-1"": -1, ""1"": 1}"
E2_CONTEXT_SIGN_FLIP,62053,ANTITHETIC_CRN_MC,16,CONTEXT_CONDITIONAL_ONLY,A,,"{""-1"": -1, ""1"": 1}"
E2_CONTEXT_SIGN_FLIP,62053,ANTITHETIC_CRN_MC,32,CONTEXT_CONDITIONAL_ONLY,A,,"{""-1"": -1, ""1"": 1}"
E2_CONTEXT_SIGN_FLIP,62053,ANTITHETIC_CRN_MC,64,CONTEXT_CONDITIONAL_ONLY,A,,"{""-1"": -1, ""1"": 1}"
E2_CONTEXT_SIGN_FLIP,62053,ANTITHETIC_CRN_MC,128,CONTEXT_CONDITIONAL_ONLY,A,,"{""-1"": -1, ""1"": 1}"
E2_CONTEXT_SIGN_FLIP,62053,ANTITHETIC_CRN_MC,256,CONTEXT_CONDITIONAL_ONLY,A,,"{""-1"": -1, ""1"": 1}"
E2_CONTEXT_SIGN_FLIP,62053,CRN_CHAIN_MC,8,CONTEXT_CONDITIONAL_ONLY,A,,"{""-1"": -1, ""1"": 1}"
E2_CONTEXT_SIGN_FLIP,62053,CRN_CHAIN_MC,16,CONTEXT_CONDITIONAL_ONLY,A,,"{""-1"": -1, ""1"": 1}"
E2_CONTEXT_SIGN_FLIP,62053,CRN_CHAIN_MC,32,CONTEXT_CONDITIONAL_ONLY,A,,"{""-1"": -1, ""1"": 1}"
E2_CONTEXT_SIGN_FLIP,62053,CRN_CHAIN_MC,64,CONTEXT_CONDITIONAL_ONLY,A,,"{""-1"": -1, ""1"": 1}"
E2_CONTEXT_SIGN_FLIP,62053,CRN_CHAIN_MC,128,CONTEXT_CONDITIONAL_ONLY,A,,"{""-1"": -1, ""1"": 1}"
E2_CONTEXT_SIGN_FLIP,62053,CRN_CHAIN_MC,256,CONTEXT_CONDITIONAL_ONLY,A,,"{""-1"": -1, ""1"": 1}"
E2_CONTEXT_SIGN_FLIP,62053,DOUBLE_ANTITHETIC_CRN_MC,8,CONTEXT_CONDITIONAL_ONLY,A,,"{""-1"": -1, ""1"": 1}"
E2_CONTEXT_SIGN_FLIP,62053,DOUBLE_ANTITHETIC_CRN_MC,16,CONTEXT_CONDITIONAL_ONLY,A,,"{""-1"": -1, ""1"": 1}"
E2_CONTEXT_SIGN_FLIP,62053,DOUBLE_ANTITHETIC_CRN_MC,32,CONTEXT_CONDITIONAL_ONLY,A,,"{""-1"": -1, ""1"": 1}"
E2_CONTEXT_SIGN_FLIP,62053,DOUBLE_ANTITHETIC_CRN_MC,64,CONTEXT_CONDITIONAL_ONLY,A,,"{""-1"": -1, ""1"": 1}"
E2_CONTEXT_SIGN_FLIP,62053,DOUBLE_ANTITHETIC_CRN_MC,128,CONTEXT_CONDITIONAL_ONLY,A,,"{""-1"": -1, ""1"": 1}"
E2_CONTEXT_SIGN_FLIP,62053,DOUBLE_ANTITHETIC_CRN_MC,256,CONTEXT_CONDITIONAL_ONLY,A,,"{""-1"": -1, ""1"": 1}"
E2_CONTEXT_SIGN_FLIP,62053,LEGACY_INDEPENDENT_MC,8,CONTEXT_CONDITIONAL_ONLY,A,,"{""-1"": -1, ""1"": 1}"
E2_CONTEXT_SIGN_FLIP,62053,LEGACY_INDEPENDENT_MC,16,CONTEXT_CONDITIONAL_ONLY,A,,"{""-1"": -1, ""1"": 1}"
E2_CONTEXT_SIGN_FLIP,62053,LEGACY_INDEPENDENT_MC,32,CONTEXT_CONDITIONAL_ONLY,A,,"{""-1"": -1, ""1"": 1}"
E2_CONTEXT_SIGN_FLIP,62053,LEGACY_INDEPENDENT_MC,64,CONTEXT_CONDITIONAL_ONLY,A,,"{""-1"": -1, ""1"": 1}"
E2_CONTEXT_SIGN_FLIP,62053,LEGACY_INDEPENDENT_MC,128,CONTEXT_CONDITIONAL_ONLY,A,,"{""-1"": -1, ""1"": 1}"
E2_CONTEXT_SIGN_FLIP,62053,LEGACY_INDEPENDENT_MC,256,CONTEXT_CONDITIONAL_ONLY,A,,"{""-1"": -1, ""1"": 1}"
E2_CONTEXT_SIGN_FLIP,62054,ANTITHETIC_CRN_MC,8,CONTEXT_CONDITIONAL_ONLY,A,,"{""-1"": -1, ""1"": 1}"
E2_CONTEXT_SIGN_FLIP,62054,ANTITHETIC_CRN_MC,16,CONTEXT_CONDITIONAL_ONLY,A,,"{""-1"": -1, ""1"": 1}"
E2_CONTEXT_SIGN_FLIP,62054,ANTITHETIC_CRN_MC,32,CONTEXT_CONDITIONAL_ONLY,A,,"{""-1"": -1, ""1"": 1}"
E2_CONTEXT_SIGN_FLIP,62054,ANTITHETIC_CRN_MC,64,CONTEXT_CONDITIONAL_ONLY,A,,"{""-1"": -1, ""1"": 1}"
E2_CONTEXT_SIGN_FLIP,62054,ANTITHETIC_CRN_MC,128,CONTEXT_CONDITIONAL_ONLY,A,,"{""-1"": -1, ""1"": 1}"
E2_CONTEXT_SIGN_FLIP,62054,ANTITHETIC_CRN_MC,256,CONTEXT_CONDITIONAL_ONLY,A,,"{""-1"": -1, ""1"": 1}"
E2_CONTEXT_SIGN_FLIP,62054,CRN_CHAIN_MC,8,CONTEXT_CONDITIONAL_ONLY,A,,"{""-1"": -1, ""1"": 1}"
E2_CONTEXT_SIGN_FLIP,62054,CRN_CHAIN_MC,16,CONTEXT_CONDITIONAL_ONLY,A,,"{""-1"": -1, ""1"": 1}"
E2_CONTEXT_SIGN_FLIP,62054,CRN_CHAIN_MC,32,CONTEXT_CONDITIONAL_ONLY,A,,"{""-1"": -1, ""1"": 1}"
E2_CONTEXT_SIGN_FLIP,62054,CRN_CHAIN_MC,64,CONTEXT_CONDITIONAL_ONLY,A,,"{""-1"": -1, ""1"": 1}"
E2_CONTEXT_SIGN_FLIP,62054,CRN_CHAIN_MC,128,CONTEXT_CONDITIONAL_ONLY,A,,"{""-1"": -1, ""1"": 1}"
E2_CONTEXT_SIGN_FLIP,62054,CRN_CHAIN_MC,256,CONTEXT_CONDITIONAL_ONLY,A,,"{""-1"": -1, ""1"": 1}"
E2_CONTEXT_SIGN_FLIP,62054,DOUBLE_ANTITHETIC_CRN_MC,8,CONTEXT_CONDITIONAL_ONLY,A,,"{""-1"": -1, ""1"": 1}"
E2_CONTEXT_SIGN_FLIP,62054,DOUBLE_ANTITHETIC_CRN_MC,16,CONTEXT_CONDITIONAL_ONLY,A,,"{""-1"": -1, ""1"": 1}"
E2_CONTEXT_SIGN_FLIP,62054,DOUBLE_ANTITHETIC_CRN_MC,32,CONTEXT_CONDITIONAL_ONLY,A,,"{""-1"": -1, ""1"": 1}"
E2_CONTEXT_SIGN_FLIP,62054,DOUBLE_ANTITHETIC_CRN_MC,64,CONTEXT_CONDITIONAL_ONLY,A,,"{""-1"": -1, ""1"": 1}"
E2_CONTEXT_SIGN_FLIP,62054,DOUBLE_ANTITHETIC_CRN_MC,128,CONTEXT_CONDITIONAL_ONLY,A,,"{""-1"": -1, ""1"": 1}"
E2_CONTEXT_SIGN_FLIP,62054,DOUBLE_ANTITHETIC_CRN_MC,256,CONTEXT_CONDITIONAL_ONLY,A,,"{""-1"": -1, ""1"": 1}"
E2_CONTEXT_SIGN_FLIP,62054,LEGACY_INDEPENDENT_MC,8,CONTEXT_CONDITIONAL_ONLY,A,,"{""-1"": -1, ""1"": 1}"
E2_CONTEXT_SIGN_FLIP,62054,LEGACY_INDEPENDENT_MC,16,CONTEXT_CONDITIONAL_ONLY,A,,"{""-1"": -1, ""1"": 1}"
E2_CONTEXT_SIGN_FLIP,62054,LEGACY_INDEPENDENT_MC,32,CONTEXT_CONDITIONAL_ONLY,A,,"{""-1"": -1, ""1"": 1}"
E2_CONTEXT_SIGN_FLIP,62054,LEGACY_INDEPENDENT_MC,64,CONTEXT_CONDITIONAL_ONLY,A,,"{""-1"": -1, ""1"": 1}"
E2_CONTEXT_SIGN_FLIP,62054,LEGACY_INDEPENDENT_MC,128,CONTEXT_CONDITIONAL_ONLY,A,,"{""-1"": -1, ""1"": 1}"
E2_CONTEXT_SIGN_FLIP,62054,LEGACY_INDEPENDENT_MC,256,CONTEXT_CONDITIONAL_ONLY,A,,"{""-1"": -1, ""1"": 1}"
E2_CONTEXT_SIGN_FLIP,62055,ANTITHETIC_CRN_MC,8,CONTEXT_CONDITIONAL_ONLY,A,,"{""-1"": -1, ""1"": 1}"
E2_CONTEXT_SIGN_FLIP,62055,ANTITHETIC_CRN_MC,16,CONTEXT_CONDITIONAL_ONLY,A,,"{""-1"": -1, ""1"": 1}"
E2_CONTEXT_SIGN_FLIP,62055,ANTITHETIC_CRN_MC,32,CONTEXT_CONDITIONAL_ONLY,A,,"{""-1"": -1, ""1"": 1}"
E2_CONTEXT_SIGN_FLIP,62055,ANTITHETIC_CRN_MC,64,CONTEXT_CONDITIONAL_ONLY,A,,"{""-1"": -1, ""1"": 1}"
E2_CONTEXT_SIGN_FLIP,62055,ANTITHETIC_CRN_MC,128,CONTEXT_CONDITIONAL_ONLY,A,,"{""-1"": -1, ""1"": 1}"
E2_CONTEXT_SIGN_FLIP,62055,ANTITHETIC_CRN_MC,256,CONTEXT_CONDITIONAL_ONLY,A,,"{""-1"": -1, ""1"": 1}"
E2_CONTEXT_SIGN_FLIP,62055,CRN_CHAIN_MC,8,CONTEXT_CONDITIONAL_ONLY,A,,"{""-1"": -1, ""1"": 1}"
E2_CONTEXT_SIGN_FLIP,62055,CRN_CHAIN_MC,16,CONTEXT_CONDITIONAL_ONLY,A,,"{""-1"": -1, ""1"": 1}"
E2_CONTEXT_SIGN_FLIP,62055,CRN_CHAIN_MC,32,CONTEXT_CONDITIONAL_ONLY,A,,"{""-1"": -1, ""1"": 1}"
E2_CONTEXT_SIGN_FLIP,62055,CRN_CHAIN_MC,64,CONTEXT_CONDITIONAL_ONLY,A,,"{""-1"": -1, ""1"": 1}"
E2_CONTEXT_SIGN_FLIP,62055,CRN_CHAIN_MC,128,CONTEXT_CONDITIONAL_ONLY,A,,"{""-1"": -1, ""1"": 1}"
E2_CONTEXT_SIGN_FLIP,62055,CRN_CHAIN_MC,256,CONTEXT_CONDITIONAL_ONLY,A,,"{""-1"": -1, ""1"": 1}"
E2_CONTEXT_SIGN_FLIP,62055,DOUBLE_ANTITHETIC_CRN_MC,8,CONTEXT_CONDITIONAL_ONLY,A,,"{""-1"": -1, ""1"": 1}"
E2_CONTEXT_SIGN_FLIP,62055,DOUBLE_ANTITHETIC_CRN_MC,16,CONTEXT_CONDITIONAL_ONLY,A,,"{""-1"": -1, ""1"": 1}"
E2_CONTEXT_SIGN_FLIP,62055,DOUBLE_ANTITHETIC_CRN_MC,32,CONTEXT_CONDITIONAL_ONLY,A,,"{""-1"": -1, ""1"": 1}"
E2_CONTEXT_SIGN_FLIP,62055,DOUBLE_ANTITHETIC_CRN_MC,64,CONTEXT_CONDITIONAL_ONLY,A,,"{""-1"": -1, ""1"": 1}"
E2_CONTEXT_SIGN_FLIP,62055,DOUBLE_ANTITHETIC_CRN_MC,128,CONTEXT_CONDITIONAL_ONLY,A,,"{""-1"": -1, ""1"": 1}"
E2_CONTEXT_SIGN_FLIP,62055,DOUBLE_ANTITHETIC_CRN_MC,256,CONTEXT_CONDITIONAL_ONLY,A,,"{""-1"": -1, ""1"": 1}"
E2_CONTEXT_SIGN_FLIP,62055,LEGACY_INDEPENDENT_MC,8,CONTEXT_CONDITIONAL_ONLY,A,,"{""-1"": -1, ""1"": 1}"
E2_CONTEXT_SIGN_FLIP,62055,LEGACY_INDEPENDENT_MC,16,CONTEXT_CONDITIONAL_ONLY,A,,"{""-1"": -1, ""1"": 1}"
E2_CONTEXT_SIGN_FLIP,62055,LEGACY_INDEPENDENT_MC,32,CONTEXT_CONDITIONAL_ONLY,A,,"{""-1"": -1, ""1"": 1}"
E2_CONTEXT_SIGN_FLIP,62055,LEGACY_INDEPENDENT_MC,64,CONTEXT_CONDITIONAL_ONLY,A,,"{""-1"": -1, ""1"": 1}"
E2_CONTEXT_SIGN_FLIP,62055,LEGACY_INDEPENDENT_MC,128,CONTEXT_CONDITIONAL_ONLY,A,,"{""-1"": -1, ""1"": 1}"
E2_CONTEXT_SIGN_FLIP,62055,LEGACY_INDEPENDENT_MC,256,CONTEXT_CONDITIONAL_ONLY,A,,"{""-1"": -1, ""1"": 1}"
E2_CONTEXT_SIGN_FLIP,62056,ANTITHETIC_CRN_MC,8,CONTEXT_CONDITIONAL_ONLY,A,,"{""-1"": -1, ""1"": 1}"
E2_CONTEXT_SIGN_FLIP,62056,ANTITHETIC_CRN_MC,16,CONTEXT_CONDITIONAL_ONLY,A,,"{""-1"": -1, ""1"": 1}"
E2_CONTEXT_SIGN_FLIP,62056,ANTITHETIC_CRN_MC,32,CONTEXT_CONDITIONAL_ONLY,A,,"{""-1"": -1, ""1"": 1}"
E2_CONTEXT_SIGN_FLIP,62056,ANTITHETIC_CRN_MC,64,CONTEXT_CONDITIONAL_ONLY,A,,"{""-1"": -1, ""1"": 1}"
E2_CONTEXT_SIGN_FLIP,62056,ANTITHETIC_CRN_MC,128,CONTEXT_CONDITIONAL_ONLY,A,,"{""-1"": -1, ""1"": 1}"
E2_CONTEXT_SIGN_FLIP,62056,ANTITHETIC_CRN_MC,256,CONTEXT_CONDITIONAL_ONLY,A,,"{""-1"": -1, ""1"": 1}"
E2_CONTEXT_SIGN_FLIP,62056,CRN_CHAIN_MC,8,CONTEXT_CONDITIONAL_ONLY,A,,"{""-1"": -1, ""1"": 1}"
E2_CONTEXT_SIGN_FLIP,62056,CRN_CHAIN_MC,16,CONTEXT_CONDITIONAL_ONLY,A,,"{""-1"": -1, ""1"": 1}"
E2_CONTEXT_SIGN_FLIP,62056,CRN_CHAIN_MC,32,CONTEXT_CONDITIONAL_ONLY,A,,"{""-1"": -1, ""1"": 1}"
E2_CONTEXT_SIGN_FLIP,62056,CRN_CHAIN_MC,64,CONTEXT_CONDITIONAL_ONLY,A,,"{""-1"": -1, ""1"": 1}"
E2_CONTEXT_SIGN_FLIP,62056,CRN_CHAIN_MC,128,CONTEXT_CONDITIONAL_ONLY,A,,"{""-1"": -1, ""1"": 1}"
E2_CONTEXT_SIGN_FLIP,62056,CRN_CHAIN_MC,256,CONTEXT_CONDITIONAL_ONLY,A,,"{""-1"": -1, ""1"": 1}"
E2_CONTEXT_SIGN_FLIP,62056,DOUBLE_ANTITHETIC_CRN_MC,8,CONTEXT_CONDITIONAL_ONLY,A,,"{""-1"": -1, ""1"": 1}"
E2_CONTEXT_SIGN_FLIP,62056,DOUBLE_ANTITHETIC_CRN_MC,16,CONTEXT_CONDITIONAL_ONLY,A,,"{""-1"": -1, ""1"": 1}"
E2_CONTEXT_SIGN_FLIP,62056,DOUBLE_ANTITHETIC_CRN_MC,32,CONTEXT_CONDITIONAL_ONLY,A,,"{""-1"": -1, ""1"": 1}"
E2_CONTEXT_SIGN_FLIP,62056,DOUBLE_ANTITHETIC_CRN_MC,64,CONTEXT_CONDITIONAL_ONLY,A,,"{""-1"": -1, ""1"": 1}"
E2_CONTEXT_SIGN_FLIP,62056,DOUBLE_ANTITHETIC_CRN_MC,128,CONTEXT_CONDITIONAL_ONLY,A,,"{""-1"": -1, ""1"": 1}"
E2_CONTEXT_SIGN_FLIP,62056,DOUBLE_ANTITHETIC_CRN_MC,256,CONTEXT_CONDITIONAL_ONLY,A,,"{""-1"": -1, ""1"": 1}"
E2_CONTEXT_SIGN_FLIP,62056,LEGACY_INDEPENDENT_MC,8,CONTEXT_CONDITIONAL_ONLY,A,,"{""-1"": -1, ""1"": 1}"
E2_CONTEXT_SIGN_FLIP,62056,LEGACY_INDEPENDENT_MC,16,CONTEXT_CONDITIONAL_ONLY,A,,"{""-1"": -1, ""1"": 1}"
E2_CONTEXT_SIGN_FLIP,62056,LEGACY_INDEPENDENT_MC,32,CONTEXT_CONDITIONAL_ONLY,A,,"{""-1"": -1, ""1"": 1}"
E2_CONTEXT_SIGN_FLIP,62056,LEGACY_INDEPENDENT_MC,64,CONTEXT_CONDITIONAL_ONLY,A,,"{""-1"": -1, ""1"": 1}"
E2_CONTEXT_SIGN_FLIP,62056,LEGACY_INDEPENDENT_MC,128,CONTEXT_CONDITIONAL_ONLY,A,,"{""-1"": -1, ""1"": 1}"
E2_CONTEXT_SIGN_FLIP,62056,LEGACY_INDEPENDENT_MC,256,CONTEXT_CONDITIONAL_ONLY,A,,"{""-1"": -1, ""1"": 1}"
E2_CONTEXT_SIGN_FLIP,62057,ANTITHETIC_CRN_MC,8,CONTEXT_CONDITIONAL_ONLY,A,,"{""-1"": -1, ""1"": 1}"
E2_CONTEXT_SIGN_FLIP,62057,ANTITHETIC_CRN_MC,16,CONTEXT_CONDITIONAL_ONLY,A,,"{""-1"": -1, ""1"": 1}"
E2_CONTEXT_SIGN_FLIP,62057,ANTITHETIC_CRN_MC,32,CONTEXT_CONDITIONAL_ONLY,A,,"{""-1"": -1, ""1"": 1}"
E2_CONTEXT_SIGN_FLIP,62057,ANTITHETIC_CRN_MC,64,CONTEXT_CONDITIONAL_ONLY,A,,"{""-1"": -1, ""1"": 1}"
E2_CONTEXT_SIGN_FLIP,62057,ANTITHETIC_CRN_MC,128,CONTEXT_CONDITIONAL_ONLY,A,,"{""-1"": -1, ""1"": 1}"
E2_CONTEXT_SIGN_FLIP,62057,ANTITHETIC_CRN_MC,256,CONTEXT_CONDITIONAL_ONLY,A,,"{""-1"": -1, ""1"": 1}"
E2_CONTEXT_SIGN_FLIP,62057,CRN_CHAIN_MC,8,CONTEXT_CONDITIONAL_ONLY,A,,"{""-1"": -1, ""1"": 1}"
E2_CONTEXT_SIGN_FLIP,62057,CRN_CHAIN_MC,16,CONTEXT_CONDITIONAL_ONLY,A,,"{""-1"": -1, ""1"": 1}"
E2_CONTEXT_SIGN_FLIP,62057,CRN_CHAIN_MC,32,CONTEXT_CONDITIONAL_ONLY,A,,"{""-1"": -1, ""1"": 1}"
E2_CONTEXT_SIGN_FLIP,62057,CRN_CHAIN_MC,64,CONTEXT_CONDITIONAL_ONLY,A,,"{""-1"": -1, ""1"": 1}"
E2_CONTEXT_SIGN_FLIP,62057,CRN_CHAIN_MC,128,CONTEXT_CONDITIONAL_ONLY,A,,"{""-1"": -1, ""1"": 1}"
E2_CONTEXT_SIGN_FLIP,62057,CRN_CHAIN_MC,256,CONTEXT_CONDITIONAL_ONLY,A,,"{""-1"": -1, ""1"": 1}"
E2_CONTEXT_SIGN_FLIP,62057,DOUBLE_ANTITHETIC_CRN_MC,8,CONTEXT_CONDITIONAL_ONLY,A,,"{""-1"": -1, ""1"": 1}"
E2_CONTEXT_SIGN_FLIP,62057,DOUBLE_ANTITHETIC_CRN_MC,16,CONTEXT_CONDITIONAL_ONLY,A,,"{""-1"": -1, ""1"": 1}"
E2_CONTEXT_SIGN_FLIP,62057,DOUBLE_ANTITHETIC_CRN_MC,32,CONTEXT_CONDITIONAL_ONLY,A,,"{""-1"": -1, ""1"": 1}"
E2_CONTEXT_SIGN_FLIP,62057,DOUBLE_ANTITHETIC_CRN_MC,64,CONTEXT_CONDITIONAL_ONLY,A,,"{""-1"": -1, ""1"": 1}"
E2_CONTEXT_SIGN_FLIP,62057,DOUBLE_ANTITHETIC_CRN_MC,128,CONTEXT_CONDITIONAL_ONLY,A,,"{""-1"": -1, ""1"": 1}"
E2_CONTEXT_SIGN_FLIP,62057,DOUBLE_ANTITHETIC_CRN_MC,256,CONTEXT_CONDITIONAL_ONLY,A,,"{""-1"": -1, ""1"": 1}"
E2_CONTEXT_SIGN_FLIP,62057,LEGACY_INDEPENDENT_MC,8,CONTEXT_CONDITIONAL_ONLY,A,,"{""-1"": -1, ""1"": 1}"
E2_CONTEXT_SIGN_FLIP,62057,LEGACY_INDEPENDENT_MC,16,CONTEXT_CONDITIONAL_ONLY,A,,"{""-1"": -1, ""1"": 1}"
E2_CONTEXT_SIGN_FLIP,62057,LEGACY_INDEPENDENT_MC,32,CONTEXT_CONDITIONAL_ONLY,A,,"{""-1"": -1, ""1"": 1}"
E2_CONTEXT_SIGN_FLIP,62057,LEGACY_INDEPENDENT_MC,64,CONTEXT_CONDITIONAL_ONLY,A,,"{""-1"": -1, ""1"": 1}"
E2_CONTEXT_SIGN_FLIP,62057,LEGACY_INDEPENDENT_MC,128,CONTEXT_CONDITIONAL_ONLY,A,,"{""-1"": -1, ""1"": 1}"
E2_CONTEXT_SIGN_FLIP,62057,LEGACY_INDEPENDENT_MC,256,CONTEXT_CONDITIONAL_ONLY,A,,"{""-1"": -1, ""1"": 1}"
E2_CONTEXT_SIGN_FLIP,62058,ANTITHETIC_CRN_MC,8,CONTEXT_CONDITIONAL_ONLY,A,,"{""-1"": -1, ""1"": 1}"
E2_CONTEXT_SIGN_FLIP,62058,ANTITHETIC_CRN_MC,16,CONTEXT_CONDITIONAL_ONLY,A,,"{""-1"": -1, ""1"": 1}"
E2_CONTEXT_SIGN_FLIP,62058,ANTITHETIC_CRN_MC,32,CONTEXT_CONDITIONAL_ONLY,A,,"{""-1"": -1, ""1"": 1}"
E2_CONTEXT_SIGN_FLIP,62058,ANTITHETIC_CRN_MC,64,CONTEXT_CONDITIONAL_ONLY,A,,"{""-1"": -1, ""1"": 1}"
E2_CONTEXT_SIGN_FLIP,62058,ANTITHETIC_CRN_MC,128,CONTEXT_CONDITIONAL_ONLY,A,,"{""-1"": -1, ""1"": 1}"
E2_CONTEXT_SIGN_FLIP,62058,ANTITHETIC_CRN_MC,256,CONTEXT_CONDITIONAL_ONLY,A,,"{""-1"": -1, ""1"": 1}"
E2_CONTEXT_SIGN_FLIP,62058,CRN_CHAIN_MC,8,CONTEXT_CONDITIONAL_ONLY,A,,"{""-1"": -1, ""1"": 1}"
E2_CONTEXT_SIGN_FLIP,62058,CRN_CHAIN_MC,16,CONTEXT_CONDITIONAL_ONLY,A,,"{""-1"": -1, ""1"": 1}"
E2_CONTEXT_SIGN_FLIP,62058,CRN_CHAIN_MC,32,CONTEXT_CONDITIONAL_ONLY,A,,"{""-1"": -1, ""1"": 1}"
E2_CONTEXT_SIGN_FLIP,62058,CRN_CHAIN_MC,64,CONTEXT_CONDITIONAL_ONLY,A,,"{""-1"": -1, ""1"": 1}"
E2_CONTEXT_SIGN_FLIP,62058,CRN_CHAIN_MC,128,CONTEXT_CONDITIONAL_ONLY,A,,"{""-1"": -1, ""1"": 1}"
E2_CONTEXT_SIGN_FLIP,62058,CRN_CHAIN_MC,256,CONTEXT_CONDITIONAL_ONLY,A,,"{""-1"": -1, ""1"": 1}"
E2_CONTEXT_SIGN_FLIP,62058,DOUBLE_ANTITHETIC_CRN_MC,8,CONTEXT_CONDITIONAL_ONLY,A,,"{""-1"": -1, ""1"": 1}"
E2_CONTEXT_SIGN_FLIP,62058,DOUBLE_ANTITHETIC_CRN_MC,16,CONTEXT_CONDITIONAL_ONLY,A,,"{""-1"": -1, ""1"": 1}"
E2_CONTEXT_SIGN_FLIP,62058,DOUBLE_ANTITHETIC_CRN_MC,32,CONTEXT_CONDITIONAL_ONLY,A,,"{""-1"": -1, ""1"": 1}"
E2_CONTEXT_SIGN_FLIP,62058,DOUBLE_ANTITHETIC_CRN_MC,64,CONTEXT_CONDITIONAL_ONLY,A,,"{""-1"": -1, ""1"": 1}"
E2_CONTEXT_SIGN_FLIP,62058,DOUBLE_ANTITHETIC_CRN_MC,128,CONTEXT_CONDITIONAL_ONLY,A,,"{""-1"": -1, ""1"": 1}"
E2_CONTEXT_SIGN_FLIP,62058,DOUBLE_ANTITHETIC_CRN_MC,256,CONTEXT_CONDITIONAL_ONLY,A,,"{""-1"": -1, ""1"": 1}"
E2_CONTEXT_SIGN_FLIP,62058,LEGACY_INDEPENDENT_MC,8,CONTEXT_CONDITIONAL_ONLY,A,,"{""-1"": -1, ""1"": 1}"
E2_CONTEXT_SIGN_FLIP,62058,LEGACY_INDEPENDENT_MC,16,CONTEXT_CONDITIONAL_ONLY,A,,"{""-1"": -1, ""1"": 1}"
E2_CONTEXT_SIGN_FLIP,62058,LEGACY_INDEPENDENT_MC,32,CONTEXT_CONDITIONAL_ONLY,A,,"{""-1"": -1, ""1"": 1}"
E2_CONTEXT_SIGN_FLIP,62058,LEGACY_INDEPENDENT_MC,64,CONTEXT_CONDITIONAL_ONLY,A,,"{""-1"": -1, ""1"": 1}"
E2_CONTEXT_SIGN_FLIP,62058,LEGACY_INDEPENDENT_MC,128,CONTEXT_CONDITIONAL_ONLY,A,,"{""-1"": -1, ""1"": 1}"
E2_CONTEXT_SIGN_FLIP,62058,LEGACY_INDEPENDENT_MC,256,CONTEXT_CONDITIONAL_ONLY,A,,"{""-1"": -1, ""1"": 1}"
E2_CONTEXT_SIGN_FLIP,62059,ANTITHETIC_CRN_MC,8,CONTEXT_CONDITIONAL_ONLY,A,,"{""-1"": -1, ""1"": 1}"
E2_CONTEXT_SIGN_FLIP,62059,ANTITHETIC_CRN_MC,16,CONTEXT_CONDITIONAL_ONLY,A,,"{""-1"": -1, ""1"": 1}"
E2_CONTEXT_SIGN_FLIP,62059,ANTITHETIC_CRN_MC,32,CONTEXT_CONDITIONAL_ONLY,A,,"{""-1"": -1, ""1"": 1}"
E2_CONTEXT_SIGN_FLIP,62059,ANTITHETIC_CRN_MC,64,CONTEXT_CONDITIONAL_ONLY,A,,"{""-1"": -1, ""1"": 1}"
E2_CONTEXT_SIGN_FLIP,62059,ANTITHETIC_CRN_MC,128,CONTEXT_CONDITIONAL_ONLY,A,,"{""-1"": -1, ""1"": 1}"
E2_CONTEXT_SIGN_FLIP,62059,ANTITHETIC_CRN_MC,256,CONTEXT_CONDITIONAL_ONLY,A,,"{""-1"": -1, ""1"": 1}"
E2_CONTEXT_SIGN_FLIP,62059,CRN_CHAIN_MC,8,CONTEXT_CONDITIONAL_ONLY,A,,"{""-1"": -1, ""1"": 1}"
E2_CONTEXT_SIGN_FLIP,62059,CRN_CHAIN_MC,16,CONTEXT_CONDITIONAL_ONLY,A,,"{""-1"": -1, ""1"": 1}"
E2_CONTEXT_SIGN_FLIP,62059,CRN_CHAIN_MC,32,CONTEXT_CONDITIONAL_ONLY,A,,"{""-1"": -1, ""1"": 1}"
E2_CONTEXT_SIGN_FLIP,62059,CRN_CHAIN_MC,64,CONTEXT_CONDITIONAL_ONLY,A,,"{""-1"": -1, ""1"": 1}"
E2_CONTEXT_SIGN_FLIP,62059,CRN_CHAIN_MC,128,CONTEXT_CONDITIONAL_ONLY,A,,"{""-1"": -1, ""1"": 1}"
E2_CONTEXT_SIGN_FLIP,62059,CRN_CHAIN_MC,256,CONTEXT_CONDITIONAL_ONLY,A,,"{""-1"": -1, ""1"": 1}"
E2_CONTEXT_SIGN_FLIP,62059,DOUBLE_ANTITHETIC_CRN_MC,8,CONTEXT_CONDITIONAL_ONLY,A,,"{""-1"": -1, ""1"": 1}"
E2_CONTEXT_SIGN_FLIP,62059,DOUBLE_ANTITHETIC_CRN_MC,16,CONTEXT_CONDITIONAL_ONLY,A,,"{""-1"": -1, ""1"": 1}"
E2_CONTEXT_SIGN_FLIP,62059,DOUBLE_ANTITHETIC_CRN_MC,32,CONTEXT_CONDITIONAL_ONLY,A,,"{""-1"": -1, ""1"": 1}"
E2_CONTEXT_SIGN_FLIP,62059,DOUBLE_ANTITHETIC_CRN_MC,64,CONTEXT_CONDITIONAL_ONLY,A,,"{""-1"": -1, ""1"": 1}"
E2_CONTEXT_SIGN_FLIP,62059,DOUBLE_ANTITHETIC_CRN_MC,128,CONTEXT_CONDITIONAL_ONLY,A,,"{""-1"": -1, ""1"": 1}"
E2_CONTEXT_SIGN_FLIP,62059,DOUBLE_ANTITHETIC_CRN_MC,256,CONTEXT_CONDITIONAL_ONLY,A,,"{""-1"": -1, ""1"": 1}"
E2_CONTEXT_SIGN_FLIP,62059,LEGACY_INDEPENDENT_MC,8,CONTEXT_CONDITIONAL_ONLY,A,,"{""-1"": -1, ""1"": 1}"
E2_CONTEXT_SIGN_FLIP,62059,LEGACY_INDEPENDENT_MC,16,CONTEXT_CONDITIONAL_ONLY,A,,"{""-1"": -1, ""1"": 1}"
E2_CONTEXT_SIGN_FLIP,62059,LEGACY_INDEPENDENT_MC,32,CONTEXT_CONDITIONAL_ONLY,A,,"{""-1"": -1, ""1"": 1}"
E2_CONTEXT_SIGN_FLIP,62059,LEGACY_INDEPENDENT_MC,64,CONTEXT_CONDITIONAL_ONLY,A,,"{""-1"": -1, ""1"": 1}"
E2_CONTEXT_SIGN_FLIP,62059,LEGACY_INDEPENDENT_MC,128,CONTEXT_CONDITIONAL_ONLY,A,,"{""-1"": -1, ""1"": 1}"
E2_CONTEXT_SIGN_FLIP,62059,LEGACY_INDEPENDENT_MC,256,CONTEXT_CONDITIONAL_ONLY,A,,"{""-1"": -1, ""1"": 1}"
E2_CONTEXT_SIGN_FLIP,62060,ANTITHETIC_CRN_MC,8,CONTEXT_CONDITIONAL_ONLY,A,,"{""-1"": -1, ""1"": 1}"
E2_CONTEXT_SIGN_FLIP,62060,ANTITHETIC_CRN_MC,16,CONTEXT_CONDITIONAL_ONLY,A,,"{""-1"": -1, ""1"": 1}"
E2_CONTEXT_SIGN_FLIP,62060,ANTITHETIC_CRN_MC,32,CONTEXT_CONDITIONAL_ONLY,A,,"{""-1"": -1, ""1"": 1}"
E2_CONTEXT_SIGN_FLIP,62060,ANTITHETIC_CRN_MC,64,CONTEXT_CONDITIONAL_ONLY,A,,"{""-1"": -1, ""1"": 1}"
E2_CONTEXT_SIGN_FLIP,62060,ANTITHETIC_CRN_MC,128,CONTEXT_CONDITIONAL_ONLY,A,,"{""-1"": -1, ""1"": 1}"
E2_CONTEXT_SIGN_FLIP,62060,ANTITHETIC_CRN_MC,256,CONTEXT_CONDITIONAL_ONLY,A,,"{""-1"": -1, ""1"": 1}"
E2_CONTEXT_SIGN_FLIP,62060,CRN_CHAIN_MC,8,CONTEXT_CONDITIONAL_ONLY,A,,"{""-1"": -1, ""1"": 1}"
E2_CONTEXT_SIGN_FLIP,62060,CRN_CHAIN_MC,16,CONTEXT_CONDITIONAL_ONLY,A,,"{""-1"": -1, ""1"": 1}"
E2_CONTEXT_SIGN_FLIP,62060,CRN_CHAIN_MC,32,CONTEXT_CONDITIONAL_ONLY,A,,"{""-1"": -1, ""1"": 1}"
E2_CONTEXT_SIGN_FLIP,62060,CRN_CHAIN_MC,64,CONTEXT_CONDITIONAL_ONLY,A,,"{""-1"": -1, ""1"": 1}"
E2_CONTEXT_SIGN_FLIP,62060,CRN_CHAIN_MC,128,CONTEXT_CONDITIONAL_ONLY,A,,"{""-1"": -1, ""1"": 1}"
E2_CONTEXT_SIGN_FLIP,62060,CRN_CHAIN_MC,256,CONTEXT_CONDITIONAL_ONLY,A,,"{""-1"": -1, ""1"": 1}"
E2_CONTEXT_SIGN_FLIP,62060,DOUBLE_ANTITHETIC_CRN_MC,8,CONTEXT_CONDITIONAL_ONLY,A,,"{""-1"": -1, ""1"": 1}"
E2_CONTEXT_SIGN_FLIP,62060,DOUBLE_ANTITHETIC_CRN_MC,16,CONTEXT_CONDITIONAL_ONLY,A,,"{""-1"": -1, ""1"": 1}"
E2_CONTEXT_SIGN_FLIP,62060,DOUBLE_ANTITHETIC_CRN_MC,32,CONTEXT_CONDITIONAL_ONLY,A,,"{""-1"": -1, ""1"": 1}"
E2_CONTEXT_SIGN_FLIP,62060,DOUBLE_ANTITHETIC_CRN_MC,64,CONTEXT_CONDITIONAL_ONLY,A,,"{""-1"": -1, ""1"": 1}"
E2_CONTEXT_SIGN_FLIP,62060,DOUBLE_ANTITHETIC_CRN_MC,128,CONTEXT_CONDITIONAL_ONLY,A,,"{""-1"": -1, ""1"": 1}"
E2_CONTEXT_SIGN_FLIP,62060,DOUBLE_ANTITHETIC_CRN_MC,256,CONTEXT_CONDITIONAL_ONLY,A,,"{""-1"": -1, ""1"": 1}"
E2_CONTEXT_SIGN_FLIP,62060,LEGACY_INDEPENDENT_MC,8,CONTEXT_CONDITIONAL_ONLY,A,,"{""-1"": -1, ""1"": 1}"
E2_CONTEXT_SIGN_FLIP,62060,LEGACY_INDEPENDENT_MC,16,CONTEXT_CONDITIONAL_ONLY,A,,"{""-1"": -1, ""1"": 1}"
E2_CONTEXT_SIGN_FLIP,62060,LEGACY_INDEPENDENT_MC,32,CONTEXT_CONDITIONAL_ONLY,A,,"{""-1"": -1, ""1"": 1}"
E2_CONTEXT_SIGN_FLIP,62060,LEGACY_INDEPENDENT_MC,64,CONTEXT_CONDITIONAL_ONLY,A,,"{""-1"": -1, ""1"": 1}"
E2_CONTEXT_SIGN_FLIP,62060,LEGACY_INDEPENDENT_MC,128,CONTEXT_CONDITIONAL_ONLY,A,,"{""-1"": -1, ""1"": 1}"
E2_CONTEXT_SIGN_FLIP,62060,LEGACY_INDEPENDENT_MC,256,CONTEXT_CONDITIONAL_ONLY,A,,"{""-1"": -1, ""1"": 1}"
E2_CONTEXT_SIGN_FLIP,62061,ANTITHETIC_CRN_MC,8,CONTEXT_CONDITIONAL_ONLY,A,,"{""-1"": -1, ""1"": 1}"
E2_CONTEXT_SIGN_FLIP,62061,ANTITHETIC_CRN_MC,16,CONTEXT_CONDITIONAL_ONLY,A,,"{""-1"": -1, ""1"": 1}"
E2_CONTEXT_SIGN_FLIP,62061,ANTITHETIC_CRN_MC,32,CONTEXT_CONDITIONAL_ONLY,A,,"{""-1"": -1, ""1"": 1}"
E2_CONTEXT_SIGN_FLIP,62061,ANTITHETIC_CRN_MC,64,CONTEXT_CONDITIONAL_ONLY,A,,"{""-1"": -1, ""1"": 1}"
E2_CONTEXT_SIGN_FLIP,62061,ANTITHETIC_CRN_MC,128,CONTEXT_CONDITIONAL_ONLY,A,,"{""-1"": -1, ""1"": 1}"
E2_CONTEXT_SIGN_FLIP,62061,ANTITHETIC_CRN_MC,256,CONTEXT_CONDITIONAL_ONLY,A,,"{""-1"": -1, ""1"": 1}"
E2_CONTEXT_SIGN_FLIP,62061,CRN_CHAIN_MC,8,CONTEXT_CONDITIONAL_ONLY,A,,"{""-1"": -1, ""1"": 1}"
E2_CONTEXT_SIGN_FLIP,62061,CRN_CHAIN_MC,16,CONTEXT_CONDITIONAL_ONLY,A,,"{""-1"": -1, ""1"": 1}"
E2_CONTEXT_SIGN_FLIP,62061,CRN_CHAIN_MC,32,CONTEXT_CONDITIONAL_ONLY,A,,"{""-1"": -1, ""1"": 1}"
E2_CONTEXT_SIGN_FLIP,62061,CRN_CHAIN_MC,64,CONTEXT_CONDITIONAL_ONLY,A,,"{""-1"": -1, ""1"": 1}"
E2_CONTEXT_SIGN_FLIP,62061,CRN_CHAIN_MC,128,CONTEXT_CONDITIONAL_ONLY,A,,"{""-1"": -1, ""1"": 1}"
E2_CONTEXT_SIGN_FLIP,62061,CRN_CHAIN_MC,256,CONTEXT_CONDITIONAL_ONLY,A,,"{""-1"": -1, ""1"": 1}"
E2_CONTEXT_SIGN_FLIP,62061,DOUBLE_ANTITHETIC_CRN_MC,8,CONTEXT_CONDITIONAL_ONLY,A,,"{""-1"": -1, ""1"": 1}"
E2_CONTEXT_SIGN_FLIP,62061,DOUBLE_ANTITHETIC_CRN_MC,16,CONTEXT_CONDITIONAL_ONLY,A,,"{""-1"": -1, ""1"": 1}"
E2_CONTEXT_SIGN_FLIP,62061,DOUBLE_ANTITHETIC_CRN_MC,32,CONTEXT_CONDITIONAL_ONLY,A,,"{""-1"": -1, ""1"": 1}"
E2_CONTEXT_SIGN_FLIP,62061,DOUBLE_ANTITHETIC_CRN_MC,64,CONTEXT_CONDITIONAL_ONLY,A,,"{""-1"": -1, ""1"": 1}"
E2_CONTEXT_SIGN_FLIP,62061,DOUBLE_ANTITHETIC_CRN_MC,128,CONTEXT_CONDITIONAL_ONLY,A,,"{""-1"": -1, ""1"": 1}"
E2_CONTEXT_SIGN_FLIP,62061,DOUBLE_ANTITHETIC_CRN_MC,256,CONTEXT_CONDITIONAL_ONLY,A,,"{""-1"": -1, ""1"": 1}"
E2_CONTEXT_SIGN_FLIP,62061,LEGACY_INDEPENDENT_MC,8,CONTEXT_CONDITIONAL_ONLY,A,,"{""-1"": -1, ""1"": 1}"
E2_CONTEXT_SIGN_FLIP,62061,LEGACY_INDEPENDENT_MC,16,CONTEXT_CONDITIONAL_ONLY,A,,"{""-1"": -1, ""1"": 1}"
E2_CONTEXT_SIGN_FLIP,62061,LEGACY_INDEPENDENT_MC,32,CONTEXT_CONDITIONAL_ONLY,A,,"{""-1"": -1, ""1"": 1}"
E2_CONTEXT_SIGN_FLIP,62061,LEGACY_INDEPENDENT_MC,64,CONTEXT_CONDITIONAL_ONLY,A,,"{""-1"": -1, ""1"": 1}"
E2_CONTEXT_SIGN_FLIP,62061,LEGACY_INDEPENDENT_MC,128,CONTEXT_CONDITIONAL_ONLY,A,,"{""-1"": -1, ""1"": 1}"
E2_CONTEXT_SIGN_FLIP,62061,LEGACY_INDEPENDENT_MC,256,CONTEXT_CONDITIONAL_ONLY,A,,"{""-1"": -1, ""1"": 1}"
E2_CONTEXT_SIGN_FLIP,62062,ANTITHETIC_CRN_MC,8,CONTEXT_CONDITIONAL_ONLY,A,,"{""-1"": -1, ""1"": 1}"
E2_CONTEXT_SIGN_FLIP,62062,ANTITHETIC_CRN_MC,16,CONTEXT_CONDITIONAL_ONLY,A,,"{""-1"": -1, ""1"": 1}"
E2_CONTEXT_SIGN_FLIP,62062,ANTITHETIC_CRN_MC,32,CONTEXT_CONDITIONAL_ONLY,A,,"{""-1"": -1, ""1"": 1}"
E2_CONTEXT_SIGN_FLIP,62062,ANTITHETIC_CRN_MC,64,CONTEXT_CONDITIONAL_ONLY,A,,"{""-1"": -1, ""1"": 1}"
E2_CONTEXT_SIGN_FLIP,62062,ANTITHETIC_CRN_MC,128,CONTEXT_CONDITIONAL_ONLY,A,,"{""-1"": -1, ""1"": 1}"
E2_CONTEXT_SIGN_FLIP,62062,ANTITHETIC_CRN_MC,256,CONTEXT_CONDITIONAL_ONLY,A,,"{""-1"": -1, ""1"": 1}"
E2_CONTEXT_SIGN_FLIP,62062,CRN_CHAIN_MC,8,CONTEXT_CONDITIONAL_ONLY,A,,"{""-1"": -1, ""1"": 1}"
E2_CONTEXT_SIGN_FLIP,62062,CRN_CHAIN_MC,16,CONTEXT_CONDITIONAL_ONLY,A,,"{""-1"": -1, ""1"": 1}"
E2_CONTEXT_SIGN_FLIP,62062,CRN_CHAIN_MC,32,CONTEXT_CONDITIONAL_ONLY,A,,"{""-1"": -1, ""1"": 1}"
E2_CONTEXT_SIGN_FLIP,62062,CRN_CHAIN_MC,64,CONTEXT_CONDITIONAL_ONLY,A,,"{""-1"": -1, ""1"": 1}"
E2_CONTEXT_SIGN_FLIP,62062,CRN_CHAIN_MC,128,CONTEXT_CONDITIONAL_ONLY,A,,"{""-1"": -1, ""1"": 1}"
E2_CONTEXT_SIGN_FLIP,62062,CRN_CHAIN_MC,256,CONTEXT_CONDITIONAL_ONLY,A,,"{""-1"": -1, ""1"": 1}"
E2_CONTEXT_SIGN_FLIP,62062,DOUBLE_ANTITHETIC_CRN_MC,8,CONTEXT_CONDITIONAL_ONLY,A,,"{""-1"": -1, ""1"": 1}"
E2_CONTEXT_SIGN_FLIP,62062,DOUBLE_ANTITHETIC_CRN_MC,16,CONTEXT_CONDITIONAL_ONLY,A,,"{""-1"": -1, ""1"": 1}"
E2_CONTEXT_SIGN_FLIP,62062,DOUBLE_ANTITHETIC_CRN_MC,32,CONTEXT_CONDITIONAL_ONLY,A,,"{""-1"": -1, ""1"": 1}"
E2_CONTEXT_SIGN_FLIP,62062,DOUBLE_ANTITHETIC_CRN_MC,64,CONTEXT_CONDITIONAL_ONLY,A,,"{""-1"": -1, ""1"": 1}"
E2_CONTEXT_SIGN_FLIP,62062,DOUBLE_ANTITHETIC_CRN_MC,128,CONTEXT_CONDITIONAL_ONLY,A,,"{""-1"": -1, ""1"": 1}"
E2_CONTEXT_SIGN_FLIP,62062,DOUBLE_ANTITHETIC_CRN_MC,256,CONTEXT_CONDITIONAL_ONLY,A,,"{""-1"": -1, ""1"": 1}"
E2_CONTEXT_SIGN_FLIP,62062,LEGACY_INDEPENDENT_MC,8,CONTEXT_CONDITIONAL_ONLY,A,,"{""-1"": -1, ""1"": 1}"
E2_CONTEXT_SIGN_FLIP,62062,LEGACY_INDEPENDENT_MC,16,CONTEXT_CONDITIONAL_ONLY,A,,"{""-1"": -1, ""1"": 1}"
E2_CONTEXT_SIGN_FLIP,62062,LEGACY_INDEPENDENT_MC,32,CONTEXT_CONDITIONAL_ONLY,A,,"{""-1"": -1, ""1"": 1}"
E2_CONTEXT_SIGN_FLIP,62062,LEGACY_INDEPENDENT_MC,64,CONTEXT_CONDITIONAL_ONLY,A,,"{""-1"": -1, ""1"": 1}"
E2_CONTEXT_SIGN_FLIP,62062,LEGACY_INDEPENDENT_MC,128,CONTEXT_CONDITIONAL_ONLY,A,,"{""-1"": -1, ""1"": 1}"
E2_CONTEXT_SIGN_FLIP,62062,LEGACY_INDEPENDENT_MC,256,CONTEXT_CONDITIONAL_ONLY,A,,"{""-1"": -1, ""1"": 1}"
E2_CONTEXT_SIGN_FLIP,62063,ANTITHETIC_CRN_MC,8,CONTEXT_CONDITIONAL_ONLY,A,,"{""-1"": -1, ""1"": 1}"
E2_CONTEXT_SIGN_FLIP,62063,ANTITHETIC_CRN_MC,16,CONTEXT_CONDITIONAL_ONLY,A,,"{""-1"": -1, ""1"": 1}"
E2_CONTEXT_SIGN_FLIP,62063,ANTITHETIC_CRN_MC,32,CONTEXT_CONDITIONAL_ONLY,A,,"{""-1"": -1, ""1"": 1}"
E2_CONTEXT_SIGN_FLIP,62063,ANTITHETIC_CRN_MC,64,CONTEXT_CONDITIONAL_ONLY,A,,"{""-1"": -1, ""1"": 1}"
E2_CONTEXT_SIGN_FLIP,62063,ANTITHETIC_CRN_MC,128,CONTEXT_CONDITIONAL_ONLY,A,,"{""-1"": -1, ""1"": 1}"
E2_CONTEXT_SIGN_FLIP,62063,ANTITHETIC_CRN_MC,256,CONTEXT_CONDITIONAL_ONLY,A,,"{""-1"": -1, ""1"": 1}"
E2_CONTEXT_SIGN_FLIP,62063,CRN_CHAIN_MC,8,CONTEXT_CONDITIONAL_ONLY,A,,"{""-1"": -1, ""1"": 1}"
E2_CONTEXT_SIGN_FLIP,62063,CRN_CHAIN_MC,16,CONTEXT_CONDITIONAL_ONLY,A,,"{""-1"": -1, ""1"": 1}"
E2_CONTEXT_SIGN_FLIP,62063,CRN_CHAIN_MC,32,CONTEXT_CONDITIONAL_ONLY,A,,"{""-1"": -1, ""1"": 1}"
E2_CONTEXT_SIGN_FLIP,62063,CRN_CHAIN_MC,64,CONTEXT_CONDITIONAL_ONLY,A,,"{""-1"": -1, ""1"": 1}"
E2_CONTEXT_SIGN_FLIP,62063,CRN_CHAIN_MC,128,CONTEXT_CONDITIONAL_ONLY,A,,"{""-1"": -1, ""1"": 1}"
E2_CONTEXT_SIGN_FLIP,62063,CRN_CHAIN_MC,256,CONTEXT_CONDITIONAL_ONLY,A,,"{""-1"": -1, ""1"": 1}"
E2_CONTEXT_SIGN_FLIP,62063,DOUBLE_ANTITHETIC_CRN_MC,8,CONTEXT_CONDITIONAL_ONLY,A,,"{""-1"": -1, ""1"": 1}"
E2_CONTEXT_SIGN_FLIP,62063,DOUBLE_ANTITHETIC_CRN_MC,16,CONTEXT_CONDITIONAL_ONLY,A,,"{""-1"": -1, ""1"": 1}"
E2_CONTEXT_SIGN_FLIP,62063,DOUBLE_ANTITHETIC_CRN_MC,32,CONTEXT_CONDITIONAL_ONLY,A,,"{""-1"": -1, ""1"": 1}"
E2_CONTEXT_SIGN_FLIP,62063,DOUBLE_ANTITHETIC_CRN_MC,64,CONTEXT_CONDITIONAL_ONLY,A,,"{""-1"": -1, ""1"": 1}"
E2_CONTEXT_SIGN_FLIP,62063,DOUBLE_ANTITHETIC_CRN_MC,128,CONTEXT_CONDITIONAL_ONLY,A,,"{""-1"": -1, ""1"": 1}"
E2_CONTEXT_SIGN_FLIP,62063,DOUBLE_ANTITHETIC_CRN_MC,256,CONTEXT_CONDITIONAL_ONLY,A,,"{""-1"": -1, ""1"": 1}"
E2_CONTEXT_SIGN_FLIP,62063,LEGACY_INDEPENDENT_MC,8,CONTEXT_CONDITIONAL_ONLY,A,,"{""-1"": -1, ""1"": 1}"
E2_CONTEXT_SIGN_FLIP,62063,LEGACY_INDEPENDENT_MC,16,CONTEXT_CONDITIONAL_ONLY,A,,"{""-1"": -1, ""1"": 1}"
E2_CONTEXT_SIGN_FLIP,62063,LEGACY_INDEPENDENT_MC,32,CONTEXT_CONDITIONAL_ONLY,A,,"{""-1"": -1, ""1"": 1}"
E2_CONTEXT_SIGN_FLIP,62063,LEGACY_INDEPENDENT_MC,64,CONTEXT_CONDITIONAL_ONLY,A,,"{""-1"": -1, ""1"": 1}"
E2_CONTEXT_SIGN_FLIP,62063,LEGACY_INDEPENDENT_MC,128,CONTEXT_CONDITIONAL_ONLY,A,,"{""-1"": -1, ""1"": 1}"
E2_CONTEXT_SIGN_FLIP,62063,LEGACY_INDEPENDENT_MC,256,CONTEXT_CONDITIONAL_ONLY,A,,"{""-1"": -1, ""1"": 1}"
E2_CONTEXT_SIGN_FLIP,62064,ANTITHETIC_CRN_MC,8,CONTEXT_CONDITIONAL_ONLY,A,,"{""-1"": -1, ""1"": 1}"
E2_CONTEXT_SIGN_FLIP,62064,ANTITHETIC_CRN_MC,16,CONTEXT_CONDITIONAL_ONLY,A,,"{""-1"": -1, ""1"": 1}"
E2_CONTEXT_SIGN_FLIP,62064,ANTITHETIC_CRN_MC,32,CONTEXT_CONDITIONAL_ONLY,A,,"{""-1"": -1, ""1"": 1}"
E2_CONTEXT_SIGN_FLIP,62064,ANTITHETIC_CRN_MC,64,CONTEXT_CONDITIONAL_ONLY,A,,"{""-1"": -1, ""1"": 1}"
E2_CONTEXT_SIGN_FLIP,62064,ANTITHETIC_CRN_MC,128,CONTEXT_CONDITIONAL_ONLY,A,,"{""-1"": -1, ""1"": 1}"
E2_CONTEXT_SIGN_FLIP,62064,ANTITHETIC_CRN_MC,256,CONTEXT_CONDITIONAL_ONLY,A,,"{""-1"": -1, ""1"": 1}"
E2_CONTEXT_SIGN_FLIP,62064,CRN_CHAIN_MC,8,CONTEXT_CONDITIONAL_ONLY,A,,"{""-1"": -1, ""1"": 1}"
E2_CONTEXT_SIGN_FLIP,62064,CRN_CHAIN_MC,16,CONTEXT_CONDITIONAL_ONLY,A,,"{""-1"": -1, ""1"": 1}"
E2_CONTEXT_SIGN_FLIP,62064,CRN_CHAIN_MC,32,CONTEXT_CONDITIONAL_ONLY,A,,"{""-1"": -1, ""1"": 1}"
E2_CONTEXT_SIGN_FLIP,62064,CRN_CHAIN_MC,64,CONTEXT_CONDITIONAL_ONLY,A,,"{""-1"": -1, ""1"": 1}"
E2_CONTEXT_SIGN_FLIP,62064,CRN_CHAIN_MC,128,CONTEXT_CONDITIONAL_ONLY,A,,"{""-1"": -1, ""1"": 1}"
E2_CONTEXT_SIGN_FLIP,62064,CRN_CHAIN_MC,256,CONTEXT_CONDITIONAL_ONLY,A,,"{""-1"": -1, ""1"": 1}"
E2_CONTEXT_SIGN_FLIP,62064,DOUBLE_ANTITHETIC_CRN_MC,8,CONTEXT_CONDITIONAL_ONLY,A,,"{""-1"": -1, ""1"": 1}"
E2_CONTEXT_SIGN_FLIP,62064,DOUBLE_ANTITHETIC_CRN_MC,16,CONTEXT_CONDITIONAL_ONLY,A,,"{""-1"": -1, ""1"": 1}"
E2_CONTEXT_SIGN_FLIP,62064,DOUBLE_ANTITHETIC_CRN_MC,32,CONTEXT_CONDITIONAL_ONLY,A,,"{""-1"": -1, ""1"": 1}"
E2_CONTEXT_SIGN_FLIP,62064,DOUBLE_ANTITHETIC_CRN_MC,64,CONTEXT_CONDITIONAL_ONLY,A,,"{""-1"": -1, ""1"": 1}"
E2_CONTEXT_SIGN_FLIP,62064,DOUBLE_ANTITHETIC_CRN_MC,128,CONTEXT_CONDITIONAL_ONLY,A,,"{""-1"": -1, ""1"": 1}"
E2_CONTEXT_SIGN_FLIP,62064,DOUBLE_ANTITHETIC_CRN_MC,256,CONTEXT_CONDITIONAL_ONLY,A,,"{""-1"": -1, ""1"": 1}"
E2_CONTEXT_SIGN_FLIP,62064,LEGACY_INDEPENDENT_MC,8,CONTEXT_CONDITIONAL_ONLY,A,,"{""-1"": -1, ""1"": 1}"
E2_CONTEXT_SIGN_FLIP,62064,LEGACY_INDEPENDENT_MC,16,CONTEXT_CONDITIONAL_ONLY,A,,"{""-1"": -1, ""1"": 1}"
E2_CONTEXT_SIGN_FLIP,62064,LEGACY_INDEPENDENT_MC,32,CONTEXT_CONDITIONAL_ONLY,A,,"{""-1"": -1, ""1"": 1}"
E2_CONTEXT_SIGN_FLIP,62064,LEGACY_INDEPENDENT_MC,64,CONTEXT_CONDITIONAL_ONLY,A,,"{""-1"": -1, ""1"": 1}"
E2_CONTEXT_SIGN_FLIP,62064,LEGACY_INDEPENDENT_MC,128,CONTEXT_CONDITIONAL_ONLY,A,,"{""-1"": -1, ""1"": 1}"
E2_CONTEXT_SIGN_FLIP,62064,LEGACY_INDEPENDENT_MC,256,CONTEXT_CONDITIONAL_ONLY,A,,"{""-1"": -1, ""1"": 1}"
E2_CONTEXT_SIGN_FLIP,62065,ANTITHETIC_CRN_MC,8,CONTEXT_CONDITIONAL_ONLY,A,,"{""-1"": -1, ""1"": 1}"
E2_CONTEXT_SIGN_FLIP,62065,ANTITHETIC_CRN_MC,16,CONTEXT_CONDITIONAL_ONLY,A,,"{""-1"": -1, ""1"": 1}"
E2_CONTEXT_SIGN_FLIP,62065,ANTITHETIC_CRN_MC,32,CONTEXT_CONDITIONAL_ONLY,A,,"{""-1"": -1, ""1"": 1}"
E2_CONTEXT_SIGN_FLIP,62065,ANTITHETIC_CRN_MC,64,CONTEXT_CONDITIONAL_ONLY,A,,"{""-1"": -1, ""1"": 1}"
E2_CONTEXT_SIGN_FLIP,62065,ANTITHETIC_CRN_MC,128,CONTEXT_CONDITIONAL_ONLY,A,,"{""-1"": -1, ""1"": 1}"
E2_CONTEXT_SIGN_FLIP,62065,ANTITHETIC_CRN_MC,256,CONTEXT_CONDITIONAL_ONLY,A,,"{""-1"": -1, ""1"": 1}"
E2_CONTEXT_SIGN_FLIP,62065,CRN_CHAIN_MC,8,CONTEXT_CONDITIONAL_ONLY,A,,"{""-1"": -1, ""1"": 1}"
E2_CONTEXT_SIGN_FLIP,62065,CRN_CHAIN_MC,16,CONTEXT_CONDITIONAL_ONLY,A,,"{""-1"": -1, ""1"": 1}"
E2_CONTEXT_SIGN_FLIP,62065,CRN_CHAIN_MC,32,CONTEXT_CONDITIONAL_ONLY,A,,"{""-1"": -1, ""1"": 1}"
E2_CONTEXT_SIGN_FLIP,62065,CRN_CHAIN_MC,64,CONTEXT_CONDITIONAL_ONLY,A,,"{""-1"": -1, ""1"": 1}"
E2_CONTEXT_SIGN_FLIP,62065,CRN_CHAIN_MC,128,CONTEXT_CONDITIONAL_ONLY,A,,"{""-1"": -1, ""1"": 1}"
E2_CONTEXT_SIGN_FLIP,62065,CRN_CHAIN_MC,256,CONTEXT_CONDITIONAL_ONLY,A,,"{""-1"": -1, ""1"": 1}"
E2_CONTEXT_SIGN_FLIP,62065,DOUBLE_ANTITHETIC_CRN_MC,8,CONTEXT_CONDITIONAL_ONLY,A,,"{""-1"": -1, ""1"": 1}"
E2_CONTEXT_SIGN_FLIP,62065,DOUBLE_ANTITHETIC_CRN_MC,16,CONTEXT_CONDITIONAL_ONLY,A,,"{""-1"": -1, ""1"": 1}"
E2_CONTEXT_SIGN_FLIP,62065,DOUBLE_ANTITHETIC_CRN_MC,32,CONTEXT_CONDITIONAL_ONLY,A,,"{""-1"": -1, ""1"": 1}"
E2_CONTEXT_SIGN_FLIP,62065,DOUBLE_ANTITHETIC_CRN_MC,64,CONTEXT_CONDITIONAL_ONLY,A,,"{""-1"": -1, ""1"": 1}"
E2_CONTEXT_SIGN_FLIP,62065,DOUBLE_ANTITHETIC_CRN_MC,128,CONTEXT_CONDITIONAL_ONLY,A,,"{""-1"": -1, ""1"": 1}"
E2_CONTEXT_SIGN_FLIP,62065,DOUBLE_ANTITHETIC_CRN_MC,256,CONTEXT_CONDITIONAL_ONLY,A,,"{""-1"": -1, ""1"": 1}"
E2_CONTEXT_SIGN_FLIP,62065,LEGACY_INDEPENDENT_MC,8,CONTEXT_CONDITIONAL_ONLY,A,,"{""-1"": -1, ""1"": 1}"
E2_CONTEXT_SIGN_FLIP,62065,LEGACY_INDEPENDENT_MC,16,CONTEXT_CONDITIONAL_ONLY,A,,"{""-1"": -1, ""1"": 1}"
E2_CONTEXT_SIGN_FLIP,62065,LEGACY_INDEPENDENT_MC,32,CONTEXT_CONDITIONAL_ONLY,A,,"{""-1"": -1, ""1"": 1}"
E2_CONTEXT_SIGN_FLIP,62065,LEGACY_INDEPENDENT_MC,64,CONTEXT_CONDITIONAL_ONLY,A,,"{""-1"": -1, ""1"": 1}"
E2_CONTEXT_SIGN_FLIP,62065,LEGACY_INDEPENDENT_MC,128,CONTEXT_CONDITIONAL_ONLY,A,,"{""-1"": -1, ""1"": 1}"
E2_CONTEXT_SIGN_FLIP,62065,LEGACY_INDEPENDENT_MC,256,CONTEXT_CONDITIONAL_ONLY,A,,"{""-1"": -1, ""1"": 1}"
E2_CONTEXT_SIGN_FLIP,62066,ANTITHETIC_CRN_MC,8,CONTEXT_CONDITIONAL_ONLY,A,,"{""-1"": -1, ""1"": 1}"
E2_CONTEXT_SIGN_FLIP,62066,ANTITHETIC_CRN_MC,16,CONTEXT_CONDITIONAL_ONLY,A,,"{""-1"": -1, ""1"": 1}"
E2_CONTEXT_SIGN_FLIP,62066,ANTITHETIC_CRN_MC,32,CONTEXT_CONDITIONAL_ONLY,A,,"{""-1"": -1, ""1"": 1}"
E2_CONTEXT_SIGN_FLIP,62066,ANTITHETIC_CRN_MC,64,CONTEXT_CONDITIONAL_ONLY,A,,"{""-1"": -1, ""1"": 1}"
E2_CONTEXT_SIGN_FLIP,62066,ANTITHETIC_CRN_MC,128,CONTEXT_CONDITIONAL_ONLY,A,,"{""-1"": -1, ""1"": 1}"
E2_CONTEXT_SIGN_FLIP,62066,ANTITHETIC_CRN_MC,256,CONTEXT_CONDITIONAL_ONLY,A,,"{""-1"": -1, ""1"": 1}"
E2_CONTEXT_SIGN_FLIP,62066,CRN_CHAIN_MC,8,CONTEXT_CONDITIONAL_ONLY,A,,"{""-1"": -1, ""1"": 1}"
E2_CONTEXT_SIGN_FLIP,62066,CRN_CHAIN_MC,16,CONTEXT_CONDITIONAL_ONLY,A,,"{""-1"": -1, ""1"": 1}"
E2_CONTEXT_SIGN_FLIP,62066,CRN_CHAIN_MC,32,CONTEXT_CONDITIONAL_ONLY,A,,"{""-1"": -1, ""1"": 1}"
E2_CONTEXT_SIGN_FLIP,62066,CRN_CHAIN_MC,64,CONTEXT_CONDITIONAL_ONLY,A,,"{""-1"": -1, ""1"": 1}"
E2_CONTEXT_SIGN_FLIP,62066,CRN_CHAIN_MC,128,CONTEXT_CONDITIONAL_ONLY,A,,"{""-1"": -1, ""1"": 1}"
E2_CONTEXT_SIGN_FLIP,62066,CRN_CHAIN_MC,256,CONTEXT_CONDITIONAL_ONLY,A,,"{""-1"": -1, ""1"": 1}"
E2_CONTEXT_SIGN_FLIP,62066,DOUBLE_ANTITHETIC_CRN_MC,8,CONTEXT_CONDITIONAL_ONLY,A,,"{""-1"": -1, ""1"": 1}"
E2_CONTEXT_SIGN_FLIP,62066,DOUBLE_ANTITHETIC_CRN_MC,16,CONTEXT_CONDITIONAL_ONLY,A,,"{""-1"": -1, ""1"": 1}"
E2_CONTEXT_SIGN_FLIP,62066,DOUBLE_ANTITHETIC_CRN_MC,32,CONTEXT_CONDITIONAL_ONLY,A,,"{""-1"": -1, ""1"": 1}"
E2_CONTEXT_SIGN_FLIP,62066,DOUBLE_ANTITHETIC_CRN_MC,64,CONTEXT_CONDITIONAL_ONLY,A,,"{""-1"": -1, ""1"": 1}"
E2_CONTEXT_SIGN_FLIP,62066,DOUBLE_ANTITHETIC_CRN_MC,128,CONTEXT_CONDITIONAL_ONLY,A,,"{""-1"": -1, ""1"": 1}"
E2_CONTEXT_SIGN_FLIP,62066,DOUBLE_ANTITHETIC_CRN_MC,256,CONTEXT_CONDITIONAL_ONLY,A,,"{""-1"": -1, ""1"": 1}"
E2_CONTEXT_SIGN_FLIP,62066,LEGACY_INDEPENDENT_MC,8,CONTEXT_CONDITIONAL_ONLY,A,,"{""-1"": -1, ""1"": 1}"
E2_CONTEXT_SIGN_FLIP,62066,LEGACY_INDEPENDENT_MC,16,CONTEXT_CONDITIONAL_ONLY,A,,"{""-1"": -1, ""1"": 1}"
E2_CONTEXT_SIGN_FLIP,62066,LEGACY_INDEPENDENT_MC,32,CONTEXT_CONDITIONAL_ONLY,A,,"{""-1"": -1, ""1"": 1}"
E2_CONTEXT_SIGN_FLIP,62066,LEGACY_INDEPENDENT_MC,64,CONTEXT_CONDITIONAL_ONLY,A,,"{""-1"": -1, ""1"": 1}"
E2_CONTEXT_SIGN_FLIP,62066,LEGACY_INDEPENDENT_MC,128,CONTEXT_CONDITIONAL_ONLY,A,,"{""-1"": -1, ""1"": 1}"
E2_CONTEXT_SIGN_FLIP,62066,LEGACY_INDEPENDENT_MC,256,CONTEXT_CONDITIONAL_ONLY,A,,"{""-1"": -1, ""1"": 1}"
E2_CONTEXT_SIGN_FLIP,62067,ANTITHETIC_CRN_MC,8,CONTEXT_CONDITIONAL_ONLY,A,,"{""-1"": -1, ""1"": 1}"
E2_CONTEXT_SIGN_FLIP,62067,ANTITHETIC_CRN_MC,16,CONTEXT_CONDITIONAL_ONLY,A,,"{""-1"": -1, ""1"": 1}"
E2_CONTEXT_SIGN_FLIP,62067,ANTITHETIC_CRN_MC,32,CONTEXT_CONDITIONAL_ONLY,A,,"{""-1"": -1, ""1"": 1}"
E2_CONTEXT_SIGN_FLIP,62067,ANTITHETIC_CRN_MC,64,CONTEXT_CONDITIONAL_ONLY,A,,"{""-1"": -1, ""1"": 1}"
E2_CONTEXT_SIGN_FLIP,62067,ANTITHETIC_CRN_MC,128,CONTEXT_CONDITIONAL_ONLY,A,,"{""-1"": -1, ""1"": 1}"
E2_CONTEXT_SIGN_FLIP,62067,ANTITHETIC_CRN_MC,256,CONTEXT_CONDITIONAL_ONLY,A,,"{""-1"": -1, ""1"": 1}"
E2_CONTEXT_SIGN_FLIP,62067,CRN_CHAIN_MC,8,CONTEXT_CONDITIONAL_ONLY,A,,"{""-1"": -1, ""1"": 1}"
E2_CONTEXT_SIGN_FLIP,62067,CRN_CHAIN_MC,16,CONTEXT_CONDITIONAL_ONLY,A,,"{""-1"": -1, ""1"": 1}"
E2_CONTEXT_SIGN_FLIP,62067,CRN_CHAIN_MC,32,CONTEXT_CONDITIONAL_ONLY,A,,"{""-1"": -1, ""1"": 1}"
E2_CONTEXT_SIGN_FLIP,62067,CRN_CHAIN_MC,64,CONTEXT_CONDITIONAL_ONLY,A,,"{""-1"": -1, ""1"": 1}"
E2_CONTEXT_SIGN_FLIP,62067,CRN_CHAIN_MC,128,CONTEXT_CONDITIONAL_ONLY,A,,"{""-1"": -1, ""1"": 1}"
E2_CONTEXT_SIGN_FLIP,62067,CRN_CHAIN_MC,256,CONTEXT_CONDITIONAL_ONLY,A,,"{""-1"": -1, ""1"": 1}"
E2_CONTEXT_SIGN_FLIP,62067,DOUBLE_ANTITHETIC_CRN_MC,8,CONTEXT_CONDITIONAL_ONLY,A,,"{""-1"": -1, ""1"": 1}"
E2_CONTEXT_SIGN_FLIP,62067,DOUBLE_ANTITHETIC_CRN_MC,16,CONTEXT_CONDITIONAL_ONLY,A,,"{""-1"": -1, ""1"": 1}"
E2_CONTEXT_SIGN_FLIP,62067,DOUBLE_ANTITHETIC_CRN_MC,32,CONTEXT_CONDITIONAL_ONLY,A,,"{""-1"": -1, ""1"": 1}"
E2_CONTEXT_SIGN_FLIP,62067,DOUBLE_ANTITHETIC_CRN_MC,64,CONTEXT_CONDITIONAL_ONLY,A,,"{""-1"": -1, ""1"": 1}"
E2_CONTEXT_SIGN_FLIP,62067,DOUBLE_ANTITHETIC_CRN_MC,128,CONTEXT_CONDITIONAL_ONLY,A,,"{""-1"": -1, ""1"": 1}"
E2_CONTEXT_SIGN_FLIP,62067,DOUBLE_ANTITHETIC_CRN_MC,256,CONTEXT_CONDITIONAL_ONLY,A,,"{""-1"": -1, ""1"": 1}"
E2_CONTEXT_SIGN_FLIP,62067,LEGACY_INDEPENDENT_MC,8,CONTEXT_CONDITIONAL_ONLY,A,,"{""-1"": -1, ""1"": 1}"
E2_CONTEXT_SIGN_FLIP,62067,LEGACY_INDEPENDENT_MC,16,CONTEXT_CONDITIONAL_ONLY,A,,"{""-1"": -1, ""1"": 1}"
E2_CONTEXT_SIGN_FLIP,62067,LEGACY_INDEPENDENT_MC,32,CONTEXT_CONDITIONAL_ONLY,A,,"{""-1"": -1, ""1"": 1}"
E2_CONTEXT_SIGN_FLIP,62067,LEGACY_INDEPENDENT_MC,64,CONTEXT_CONDITIONAL_ONLY,A,,"{""-1"": -1, ""1"": 1}"
E2_CONTEXT_SIGN_FLIP,62067,LEGACY_INDEPENDENT_MC,128,CONTEXT_CONDITIONAL_ONLY,A,,"{""-1"": -1, ""1"": 1}"
E2_CONTEXT_SIGN_FLIP,62067,LEGACY_INDEPENDENT_MC,256,CONTEXT_CONDITIONAL_ONLY,A,,"{""-1"": -1, ""1"": 1}"
E2_CONTEXT_SIGN_FLIP,62068,ANTITHETIC_CRN_MC,8,CONTEXT_CONDITIONAL_ONLY,A,,"{""-1"": -1, ""1"": 1}"
E2_CONTEXT_SIGN_FLIP,62068,ANTITHETIC_CRN_MC,16,CONTEXT_CONDITIONAL_ONLY,A,,"{""-1"": -1, ""1"": 1}"
E2_CONTEXT_SIGN_FLIP,62068,ANTITHETIC_CRN_MC,32,CONTEXT_CONDITIONAL_ONLY,A,,"{""-1"": -1, ""1"": 1}"
E2_CONTEXT_SIGN_FLIP,62068,ANTITHETIC_CRN_MC,64,CONTEXT_CONDITIONAL_ONLY,A,,"{""-1"": -1, ""1"": 1}"
E2_CONTEXT_SIGN_FLIP,62068,ANTITHETIC_CRN_MC,128,CONTEXT_CONDITIONAL_ONLY,A,,"{""-1"": -1, ""1"": 1}"
E2_CONTEXT_SIGN_FLIP,62068,ANTITHETIC_CRN_MC,256,CONTEXT_CONDITIONAL_ONLY,A,,"{""-1"": -1, ""1"": 1}"
E2_CONTEXT_SIGN_FLIP,62068,CRN_CHAIN_MC,8,CONTEXT_CONDITIONAL_ONLY,A,,"{""-1"": -1, ""1"": 1}"
E2_CONTEXT_SIGN_FLIP,62068,CRN_CHAIN_MC,16,CONTEXT_CONDITIONAL_ONLY,A,,"{""-1"": -1, ""1"": 1}"
E2_CONTEXT_SIGN_FLIP,62068,CRN_CHAIN_MC,32,CONTEXT_CONDITIONAL_ONLY,A,,"{""-1"": -1, ""1"": 1}"
E2_CONTEXT_SIGN_FLIP,62068,CRN_CHAIN_MC,64,CONTEXT_CONDITIONAL_ONLY,A,,"{""-1"": -1, ""1"": 1}"
E2_CONTEXT_SIGN_FLIP,62068,CRN_CHAIN_MC,128,CONTEXT_CONDITIONAL_ONLY,A,,"{""-1"": -1, ""1"": 1}"
E2_CONTEXT_SIGN_FLIP,62068,CRN_CHAIN_MC,256,CONTEXT_CONDITIONAL_ONLY,A,,"{""-1"": -1, ""1"": 1}"
E2_CONTEXT_SIGN_FLIP,62068,DOUBLE_ANTITHETIC_CRN_MC,8,CONTEXT_CONDITIONAL_ONLY,A,,"{""-1"": -1, ""1"": 1}"
E2_CONTEXT_SIGN_FLIP,62068,DOUBLE_ANTITHETIC_CRN_MC,16,CONTEXT_CONDITIONAL_ONLY,A,,"{""-1"": -1, ""1"": 1}"
E2_CONTEXT_SIGN_FLIP,62068,DOUBLE_ANTITHETIC_CRN_MC,32,CONTEXT_CONDITIONAL_ONLY,A,,"{""-1"": -1, ""1"": 1}"
E2_CONTEXT_SIGN_FLIP,62068,DOUBLE_ANTITHETIC_CRN_MC,64,CONTEXT_CONDITIONAL_ONLY,A,,"{""-1"": -1, ""1"": 1}"
E2_CONTEXT_SIGN_FLIP,62068,DOUBLE_ANTITHETIC_CRN_MC,128,CONTEXT_CONDITIONAL_ONLY,A,,"{""-1"": -1, ""1"": 1}"
E2_CONTEXT_SIGN_FLIP,62068,DOUBLE_ANTITHETIC_CRN_MC,256,CONTEXT_CONDITIONAL_ONLY,A,,"{""-1"": -1, ""1"": 1}"
E2_CONTEXT_SIGN_FLIP,62068,LEGACY_INDEPENDENT_MC,8,CONTEXT_CONDITIONAL_ONLY,A,,"{""-1"": -1, ""1"": 1}"
E2_CONTEXT_SIGN_FLIP,62068,LEGACY_INDEPENDENT_MC,16,CONTEXT_CONDITIONAL_ONLY,A,,"{""-1"": -1, ""1"": 1}"
E2_CONTEXT_SIGN_FLIP,62068,LEGACY_INDEPENDENT_MC,32,CONTEXT_CONDITIONAL_ONLY,A,,"{""-1"": -1, ""1"": 1}"
E2_CONTEXT_SIGN_FLIP,62068,LEGACY_INDEPENDENT_MC,64,CONTEXT_CONDITIONAL_ONLY,A,,"{""-1"": -1, ""1"": 1}"
E2_CONTEXT_SIGN_FLIP,62068,LEGACY_INDEPENDENT_MC,128,CONTEXT_CONDITIONAL_ONLY,A,,"{""-1"": -1, ""1"": 1}"
E2_CONTEXT_SIGN_FLIP,62068,LEGACY_INDEPENDENT_MC,256,CONTEXT_CONDITIONAL_ONLY,A,,"{""-1"": -1, ""1"": 1}"
E2_CONTEXT_SIGN_FLIP,62069,ANTITHETIC_CRN_MC,8,CONTEXT_CONDITIONAL_ONLY,A,,"{""-1"": -1, ""1"": 1}"
E2_CONTEXT_SIGN_FLIP,62069,ANTITHETIC_CRN_MC,16,CONTEXT_CONDITIONAL_ONLY,A,,"{""-1"": -1, ""1"": 1}"
E2_CONTEXT_SIGN_FLIP,62069,ANTITHETIC_CRN_MC,32,CONTEXT_CONDITIONAL_ONLY,A,,"{""-1"": -1, ""1"": 1}"
E2_CONTEXT_SIGN_FLIP,62069,ANTITHETIC_CRN_MC,64,CONTEXT_CONDITIONAL_ONLY,A,,"{""-1"": -1, ""1"": 1}"
E2_CONTEXT_SIGN_FLIP,62069,ANTITHETIC_CRN_MC,128,CONTEXT_CONDITIONAL_ONLY,A,,"{""-1"": -1, ""1"": 1}"
E2_CONTEXT_SIGN_FLIP,62069,ANTITHETIC_CRN_MC,256,CONTEXT_CONDITIONAL_ONLY,A,,"{""-1"": -1, ""1"": 1}"
E2_CONTEXT_SIGN_FLIP,62069,CRN_CHAIN_MC,8,CONTEXT_CONDITIONAL_ONLY,A,,"{""-1"": -1, ""1"": 1}"
E2_CONTEXT_SIGN_FLIP,62069,CRN_CHAIN_MC,16,CONTEXT_CONDITIONAL_ONLY,A,,"{""-1"": -1, ""1"": 1}"
E2_CONTEXT_SIGN_FLIP,62069,CRN_CHAIN_MC,32,CONTEXT_CONDITIONAL_ONLY,A,,"{""-1"": -1, ""1"": 1}"
E2_CONTEXT_SIGN_FLIP,62069,CRN_CHAIN_MC,64,CONTEXT_CONDITIONAL_ONLY,A,,"{""-1"": -1, ""1"": 1}"
E2_CONTEXT_SIGN_FLIP,62069,CRN_CHAIN_MC,128,CONTEXT_CONDITIONAL_ONLY,A,,"{""-1"": -1, ""1"": 1}"
E2_CONTEXT_SIGN_FLIP,62069,CRN_CHAIN_MC,256,CONTEXT_CONDITIONAL_ONLY,A,,"{""-1"": -1, ""1"": 1}"
E2_CONTEXT_SIGN_FLIP,62069,DOUBLE_ANTITHETIC_CRN_MC,8,CONTEXT_CONDITIONAL_ONLY,A,,"{""-1"": -1, ""1"": 1}"
E2_CONTEXT_SIGN_FLIP,62069,DOUBLE_ANTITHETIC_CRN_MC,16,CONTEXT_CONDITIONAL_ONLY,A,,"{""-1"": -1, ""1"": 1}"
E2_CONTEXT_SIGN_FLIP,62069,DOUBLE_ANTITHETIC_CRN_MC,32,CONTEXT_CONDITIONAL_ONLY,A,,"{""-1"": -1, ""1"": 1}"
E2_CONTEXT_SIGN_FLIP,62069,DOUBLE_ANTITHETIC_CRN_MC,64,CONTEXT_CONDITIONAL_ONLY,A,,"{""-1"": -1, ""1"": 1}"
E2_CONTEXT_SIGN_FLIP,62069,DOUBLE_ANTITHETIC_CRN_MC,128,CONTEXT_CONDITIONAL_ONLY,A,,"{""-1"": -1, ""1"": 1}"
E2_CONTEXT_SIGN_FLIP,62069,DOUBLE_ANTITHETIC_CRN_MC,256,CONTEXT_CONDITIONAL_ONLY,A,,"{""-1"": -1, ""1"": 1}"
E2_CONTEXT_SIGN_FLIP,62069,LEGACY_INDEPENDENT_MC,8,CONTEXT_CONDITIONAL_ONLY,A,,"{""-1"": -1, ""1"": 1}"
E2_CONTEXT_SIGN_FLIP,62069,LEGACY_INDEPENDENT_MC,16,CONTEXT_CONDITIONAL_ONLY,A,,"{""-1"": -1, ""1"": 1}"
E2_CONTEXT_SIGN_FLIP,62069,LEGACY_INDEPENDENT_MC,32,CONTEXT_CONDITIONAL_ONLY,A,,"{""-1"": -1, ""1"": 1}"
E2_CONTEXT_SIGN_FLIP,62069,LEGACY_INDEPENDENT_MC,64,CONTEXT_CONDITIONAL_ONLY,A,,"{""-1"": -1, ""1"": 1}"
E2_CONTEXT_SIGN_FLIP,62069,LEGACY_INDEPENDENT_MC,128,CONTEXT_CONDITIONAL_ONLY,A,,"{""-1"": -1, ""1"": 1}"
E2_CONTEXT_SIGN_FLIP,62069,LEGACY_INDEPENDENT_MC,256,CONTEXT_CONDITIONAL_ONLY,A,,"{""-1"": -1, ""1"": 1}"
E2_CONTEXT_SIGN_FLIP,62070,ANTITHETIC_CRN_MC,8,CONTEXT_CONDITIONAL_ONLY,A,,"{""-1"": -1, ""1"": 1}"
E2_CONTEXT_SIGN_FLIP,62070,ANTITHETIC_CRN_MC,16,CONTEXT_CONDITIONAL_ONLY,A,,"{""-1"": -1, ""1"": 1}"
E2_CONTEXT_SIGN_FLIP,62070,ANTITHETIC_CRN_MC,32,CONTEXT_CONDITIONAL_ONLY,A,,"{""-1"": -1, ""1"": 1}"
E2_CONTEXT_SIGN_FLIP,62070,ANTITHETIC_CRN_MC,64,CONTEXT_CONDITIONAL_ONLY,A,,"{""-1"": -1, ""1"": 1}"
E2_CONTEXT_SIGN_FLIP,62070,ANTITHETIC_CRN_MC,128,CONTEXT_CONDITIONAL_ONLY,A,,"{""-1"": -1, ""1"": 1}"
E2_CONTEXT_SIGN_FLIP,62070,ANTITHETIC_CRN_MC,256,CONTEXT_CONDITIONAL_ONLY,A,,"{""-1"": -1, ""1"": 1}"
E2_CONTEXT_SIGN_FLIP,62070,CRN_CHAIN_MC,8,CONTEXT_CONDITIONAL_ONLY,A,,"{""-1"": -1, ""1"": 1}"
E2_CONTEXT_SIGN_FLIP,62070,CRN_CHAIN_MC,16,CONTEXT_CONDITIONAL_ONLY,A,,"{""-1"": -1, ""1"": 1}"
E2_CONTEXT_SIGN_FLIP,62070,CRN_CHAIN_MC,32,CONTEXT_CONDITIONAL_ONLY,A,,"{""-1"": -1, ""1"": 1}"
E2_CONTEXT_SIGN_FLIP,62070,CRN_CHAIN_MC,64,CONTEXT_CONDITIONAL_ONLY,A,,"{""-1"": -1, ""1"": 1}"
E2_CONTEXT_SIGN_FLIP,62070,CRN_CHAIN_MC,128,CONTEXT_CONDITIONAL_ONLY,A,,"{""-1"": -1, ""1"": 1}"
E2_CONTEXT_SIGN_FLIP,62070,CRN_CHAIN_MC,256,CONTEXT_CONDITIONAL_ONLY,A,,"{""-1"": -1, ""1"": 1}"
E2_CONTEXT_SIGN_FLIP,62070,DOUBLE_ANTITHETIC_CRN_MC,8,CONTEXT_CONDITIONAL_ONLY,A,,"{""-1"": -1, ""1"": 1}"
E2_CONTEXT_SIGN_FLIP,62070,DOUBLE_ANTITHETIC_CRN_MC,16,CONTEXT_CONDITIONAL_ONLY,A,,"{""-1"": -1, ""1"": 1}"
E2_CONTEXT_SIGN_FLIP,62070,DOUBLE_ANTITHETIC_CRN_MC,32,CONTEXT_CONDITIONAL_ONLY,A,,"{""-1"": -1, ""1"": 1}"
E2_CONTEXT_SIGN_FLIP,62070,DOUBLE_ANTITHETIC_CRN_MC,64,CONTEXT_CONDITIONAL_ONLY,A,,"{""-1"": -1, ""1"": 1}"
E2_CONTEXT_SIGN_FLIP,62070,DOUBLE_ANTITHETIC_CRN_MC,128,CONTEXT_CONDITIONAL_ONLY,A,,"{""-1"": -1, ""1"": 1}"
E2_CONTEXT_SIGN_FLIP,62070,DOUBLE_ANTITHETIC_CRN_MC,256,CONTEXT_CONDITIONAL_ONLY,A,,"{""-1"": -1, ""1"": 1}"
E2_CONTEXT_SIGN_FLIP,62070,LEGACY_INDEPENDENT_MC,8,CONTEXT_CONDITIONAL_ONLY,A,,"{""-1"": -1, ""1"": 1}"
E2_CONTEXT_SIGN_FLIP,62070,LEGACY_INDEPENDENT_MC,16,CONTEXT_CONDITIONAL_ONLY,A,,"{""-1"": -1, ""1"": 1}"
E2_CONTEXT_SIGN_FLIP,62070,LEGACY_INDEPENDENT_MC,32,CONTEXT_CONDITIONAL_ONLY,A,,"{""-1"": -1, ""1"": 1}"
E2_CONTEXT_SIGN_FLIP,62070,LEGACY_INDEPENDENT_MC,64,CONTEXT_CONDITIONAL_ONLY,A,,"{""-1"": -1, ""1"": 1}"
E2_CONTEXT_SIGN_FLIP,62070,LEGACY_INDEPENDENT_MC,128,CONTEXT_CONDITIONAL_ONLY,A,,"{""-1"": -1, ""1"": 1}"
E2_CONTEXT_SIGN_FLIP,62070,LEGACY_INDEPENDENT_MC,256,CONTEXT_CONDITIONAL_ONLY,A,,"{""-1"": -1, ""1"": 1}"
E2_CONTEXT_SIGN_FLIP,62071,ANTITHETIC_CRN_MC,8,CONTEXT_CONDITIONAL_ONLY,A,,"{""-1"": -1, ""1"": 1}"
E2_CONTEXT_SIGN_FLIP,62071,ANTITHETIC_CRN_MC,16,CONTEXT_CONDITIONAL_ONLY,A,,"{""-1"": -1, ""1"": 1}"
E2_CONTEXT_SIGN_FLIP,62071,ANTITHETIC_CRN_MC,32,CONTEXT_CONDITIONAL_ONLY,A,,"{""-1"": -1, ""1"": 1}"
E2_CONTEXT_SIGN_FLIP,62071,ANTITHETIC_CRN_MC,64,CONTEXT_CONDITIONAL_ONLY,A,,"{""-1"": -1, ""1"": 1}"
E2_CONTEXT_SIGN_FLIP,62071,ANTITHETIC_CRN_MC,128,CONTEXT_CONDITIONAL_ONLY,A,,"{""-1"": -1, ""1"": 1}"
E2_CONTEXT_SIGN_FLIP,62071,ANTITHETIC_CRN_MC,256,CONTEXT_CONDITIONAL_ONLY,A,,"{""-1"": -1, ""1"": 1}"
E2_CONTEXT_SIGN_FLIP,62071,CRN_CHAIN_MC,8,CONTEXT_CONDITIONAL_ONLY,A,,"{""-1"": -1, ""1"": 1}"
E2_CONTEXT_SIGN_FLIP,62071,CRN_CHAIN_MC,16,CONTEXT_CONDITIONAL_ONLY,A,,"{""-1"": -1, ""1"": 1}"
E2_CONTEXT_SIGN_FLIP,62071,CRN_CHAIN_MC,32,CONTEXT_CONDITIONAL_ONLY,A,,"{""-1"": -1, ""1"": 1}"
E2_CONTEXT_SIGN_FLIP,62071,CRN_CHAIN_MC,64,CONTEXT_CONDITIONAL_ONLY,A,,"{""-1"": -1, ""1"": 1}"
E2_CONTEXT_SIGN_FLIP,62071,CRN_CHAIN_MC,128,CONTEXT_CONDITIONAL_ONLY,A,,"{""-1"": -1, ""1"": 1}"
E2_CONTEXT_SIGN_FLIP,62071,CRN_CHAIN_MC,256,CONTEXT_CONDITIONAL_ONLY,A,,"{""-1"": -1, ""1"": 1}"
E2_CONTEXT_SIGN_FLIP,62071,DOUBLE_ANTITHETIC_CRN_MC,8,CONTEXT_CONDITIONAL_ONLY,A,,"{""-1"": -1, ""1"": 1}"
E2_CONTEXT_SIGN_FLIP,62071,DOUBLE_ANTITHETIC_CRN_MC,16,CONTEXT_CONDITIONAL_ONLY,A,,"{""-1"": -1, ""1"": 1}"
E2_CONTEXT_SIGN_FLIP,62071,DOUBLE_ANTITHETIC_CRN_MC,32,CONTEXT_CONDITIONAL_ONLY,A,,"{""-1"": -1, ""1"": 1}"
E2_CONTEXT_SIGN_FLIP,62071,DOUBLE_ANTITHETIC_CRN_MC,64,CONTEXT_CONDITIONAL_ONLY,A,,"{""-1"": -1, ""1"": 1}"
E2_CONTEXT_SIGN_FLIP,62071,DOUBLE_ANTITHETIC_CRN_MC,128,CONTEXT_CONDITIONAL_ONLY,A,,"{""-1"": -1, ""1"": 1}"
E2_CONTEXT_SIGN_FLIP,62071,DOUBLE_ANTITHETIC_CRN_MC,256,CONTEXT_CONDITIONAL_ONLY,A,,"{""-1"": -1, ""1"": 1}"
E2_CONTEXT_SIGN_FLIP,62071,LEGACY_INDEPENDENT_MC,8,CONTEXT_CONDITIONAL_ONLY,A,,"{""-1"": -1, ""1"": 1}"
E2_CONTEXT_SIGN_FLIP,62071,LEGACY_INDEPENDENT_MC,16,CONTEXT_CONDITIONAL_ONLY,A,,"{""-1"": -1, ""1"": 1}"
E2_CONTEXT_SIGN_FLIP,62071,LEGACY_INDEPENDENT_MC,32,CONTEXT_CONDITIONAL_ONLY,A,,"{""-1"": -1, ""1"": 1}"
E2_CONTEXT_SIGN_FLIP,62071,LEGACY_INDEPENDENT_MC,64,CONTEXT_CONDITIONAL_ONLY,A,,"{""-1"": -1, ""1"": 1}"
E2_CONTEXT_SIGN_FLIP,62071,LEGACY_INDEPENDENT_MC,128,CONTEXT_CONDITIONAL_ONLY,A,,"{""-1"": -1, ""1"": 1}"
E2_CONTEXT_SIGN_FLIP,62071,LEGACY_INDEPENDENT_MC,256,CONTEXT_CONDITIONAL_ONLY,A,,"{""-1"": -1, ""1"": 1}"
E2_CONTEXT_SIGN_FLIP,62072,ANTITHETIC_CRN_MC,8,CONTEXT_CONDITIONAL_ONLY,A,,"{""-1"": -1, ""1"": 1}"
E2_CONTEXT_SIGN_FLIP,62072,ANTITHETIC_CRN_MC,16,CONTEXT_CONDITIONAL_ONLY,A,,"{""-1"": -1, ""1"": 1}"
E2_CONTEXT_SIGN_FLIP,62072,ANTITHETIC_CRN_MC,32,CONTEXT_CONDITIONAL_ONLY,A,,"{""-1"": -1, ""1"": 1}"
E2_CONTEXT_SIGN_FLIP,62072,ANTITHETIC_CRN_MC,64,CONTEXT_CONDITIONAL_ONLY,A,,"{""-1"": -1, ""1"": 1}"
E2_CONTEXT_SIGN_FLIP,62072,ANTITHETIC_CRN_MC,128,CONTEXT_CONDITIONAL_ONLY,A,,"{""-1"": -1, ""1"": 1}"
E2_CONTEXT_SIGN_FLIP,62072,ANTITHETIC_CRN_MC,256,CONTEXT_CONDITIONAL_ONLY,A,,"{""-1"": -1, ""1"": 1}"
E2_CONTEXT_SIGN_FLIP,62072,CRN_CHAIN_MC,8,CONTEXT_CONDITIONAL_ONLY,A,,"{""-1"": -1, ""1"": 1}"
E2_CONTEXT_SIGN_FLIP,62072,CRN_CHAIN_MC,16,CONTEXT_CONDITIONAL_ONLY,A,,"{""-1"": -1, ""1"": 1}"
E2_CONTEXT_SIGN_FLIP,62072,CRN_CHAIN_MC,32,CONTEXT_CONDITIONAL_ONLY,A,,"{""-1"": -1, ""1"": 1}"
E2_CONTEXT_SIGN_FLIP,62072,CRN_CHAIN_MC,64,CONTEXT_CONDITIONAL_ONLY,A,,"{""-1"": -1, ""1"": 1}"
E2_CONTEXT_SIGN_FLIP,62072,CRN_CHAIN_MC,128,CONTEXT_CONDITIONAL_ONLY,A,,"{""-1"": -1, ""1"": 1}"
E2_CONTEXT_SIGN_FLIP,62072,CRN_CHAIN_MC,256,CONTEXT_CONDITIONAL_ONLY,A,,"{""-1"": -1, ""1"": 1}"
E2_CONTEXT_SIGN_FLIP,62072,DOUBLE_ANTITHETIC_CRN_MC,8,CONTEXT_CONDITIONAL_ONLY,A,,"{""-1"": -1, ""1"": 1}"
E2_CONTEXT_SIGN_FLIP,62072,DOUBLE_ANTITHETIC_CRN_MC,16,CONTEXT_CONDITIONAL_ONLY,A,,"{""-1"": -1, ""1"": 1}"
E2_CONTEXT_SIGN_FLIP,62072,DOUBLE_ANTITHETIC_CRN_MC,32,CONTEXT_CONDITIONAL_ONLY,A,,"{""-1"": -1, ""1"": 1}"
E2_CONTEXT_SIGN_FLIP,62072,DOUBLE_ANTITHETIC_CRN_MC,64,CONTEXT_CONDITIONAL_ONLY,A,,"{""-1"": -1, ""1"": 1}"
E2_CONTEXT_SIGN_FLIP,62072,DOUBLE_ANTITHETIC_CRN_MC,128,CONTEXT_CONDITIONAL_ONLY,A,,"{""-1"": -1, ""1"": 1}"
E2_CONTEXT_SIGN_FLIP,62072,DOUBLE_ANTITHETIC_CRN_MC,256,CONTEXT_CONDITIONAL_ONLY,A,,"{""-1"": -1, ""1"": 1}"
E2_CONTEXT_SIGN_FLIP,62072,LEGACY_INDEPENDENT_MC,8,CONTEXT_CONDITIONAL_ONLY,A,,"{""-1"": -1, ""1"": 1}"
E2_CONTEXT_SIGN_FLIP,62072,LEGACY_INDEPENDENT_MC,16,CONTEXT_CONDITIONAL_ONLY,A,,"{""-1"": -1, ""1"": 1}"
E2_CONTEXT_SIGN_FLIP,62072,LEGACY_INDEPENDENT_MC,32,CONTEXT_CONDITIONAL_ONLY,A,,"{""-1"": -1, ""1"": 1}"
E2_CONTEXT_SIGN_FLIP,62072,LEGACY_INDEPENDENT_MC,64,CONTEXT_CONDITIONAL_ONLY,A,,"{""-1"": -1, ""1"": 1}"
E2_CONTEXT_SIGN_FLIP,62072,LEGACY_INDEPENDENT_MC,128,CONTEXT_CONDITIONAL_ONLY,A,,"{""-1"": -1, ""1"": 1}"
E2_CONTEXT_SIGN_FLIP,62072,LEGACY_INDEPENDENT_MC,256,CONTEXT_CONDITIONAL_ONLY,A,,"{""-1"": -1, ""1"": 1}"
E2_CONTEXT_SIGN_FLIP,62073,ANTITHETIC_CRN_MC,8,CONTEXT_CONDITIONAL_ONLY,A,,"{""-1"": -1, ""1"": 1}"
E2_CONTEXT_SIGN_FLIP,62073,ANTITHETIC_CRN_MC,16,CONTEXT_CONDITIONAL_ONLY,A,,"{""-1"": -1, ""1"": 1}"
E2_CONTEXT_SIGN_FLIP,62073,ANTITHETIC_CRN_MC,32,CONTEXT_CONDITIONAL_ONLY,A,,"{""-1"": -1, ""1"": 1}"
E2_CONTEXT_SIGN_FLIP,62073,ANTITHETIC_CRN_MC,64,CONTEXT_CONDITIONAL_ONLY,A,,"{""-1"": -1, ""1"": 1}"
E2_CONTEXT_SIGN_FLIP,62073,ANTITHETIC_CRN_MC,128,CONTEXT_CONDITIONAL_ONLY,A,,"{""-1"": -1, ""1"": 1}"
E2_CONTEXT_SIGN_FLIP,62073,ANTITHETIC_CRN_MC,256,CONTEXT_CONDITIONAL_ONLY,A,,"{""-1"": -1, ""1"": 1}"
E2_CONTEXT_SIGN_FLIP,62073,CRN_CHAIN_MC,8,CONTEXT_CONDITIONAL_ONLY,A,,"{""-1"": -1, ""1"": 1}"
E2_CONTEXT_SIGN_FLIP,62073,CRN_CHAIN_MC,16,CONTEXT_CONDITIONAL_ONLY,A,,"{""-1"": -1, ""1"": 1}"
E2_CONTEXT_SIGN_FLIP,62073,CRN_CHAIN_MC,32,CONTEXT_CONDITIONAL_ONLY,A,,"{""-1"": -1, ""1"": 1}"
E2_CONTEXT_SIGN_FLIP,62073,CRN_CHAIN_MC,64,CONTEXT_CONDITIONAL_ONLY,A,,"{""-1"": -1, ""1"": 1}"
E2_CONTEXT_SIGN_FLIP,62073,CRN_CHAIN_MC,128,CONTEXT_CONDITIONAL_ONLY,A,,"{""-1"": -1, ""1"": 1}"
E2_CONTEXT_SIGN_FLIP,62073,CRN_CHAIN_MC,256,CONTEXT_CONDITIONAL_ONLY,A,,"{""-1"": -1, ""1"": 1}"
E2_CONTEXT_SIGN_FLIP,62073,DOUBLE_ANTITHETIC_CRN_MC,8,CONTEXT_CONDITIONAL_ONLY,A,,"{""-1"": -1, ""1"": 1}"
E2_CONTEXT_SIGN_FLIP,62073,DOUBLE_ANTITHETIC_CRN_MC,16,CONTEXT_CONDITIONAL_ONLY,A,,"{""-1"": -1, ""1"": 1}"
E2_CONTEXT_SIGN_FLIP,62073,DOUBLE_ANTITHETIC_CRN_MC,32,CONTEXT_CONDITIONAL_ONLY,A,,"{""-1"": -1, ""1"": 1}"
E2_CONTEXT_SIGN_FLIP,62073,DOUBLE_ANTITHETIC_CRN_MC,64,CONTEXT_CONDITIONAL_ONLY,A,,"{""-1"": -1, ""1"": 1}"
E2_CONTEXT_SIGN_FLIP,62073,DOUBLE_ANTITHETIC_CRN_MC,128,CONTEXT_CONDITIONAL_ONLY,A,,"{""-1"": -1, ""1"": 1}"
E2_CONTEXT_SIGN_FLIP,62073,DOUBLE_ANTITHETIC_CRN_MC,256,CONTEXT_CONDITIONAL_ONLY,A,,"{""-1"": -1, ""1"": 1}"
E2_CONTEXT_SIGN_FLIP,62073,LEGACY_INDEPENDENT_MC,8,CONTEXT_CONDITIONAL_ONLY,A,,"{""-1"": -1, ""1"": 1}"
E2_CONTEXT_SIGN_FLIP,62073,LEGACY_INDEPENDENT_MC,16,CONTEXT_CONDITIONAL_ONLY,A,,"{""-1"": -1, ""1"": 1}"
E2_CONTEXT_SIGN_FLIP,62073,LEGACY_INDEPENDENT_MC,32,CONTEXT_CONDITIONAL_ONLY,A,,"{""-1"": -1, ""1"": 1}"
E2_CONTEXT_SIGN_FLIP,62073,LEGACY_INDEPENDENT_MC,64,CONTEXT_CONDITIONAL_ONLY,A,,"{""-1"": -1, ""1"": 1}"
E2_CONTEXT_SIGN_FLIP,62073,LEGACY_INDEPENDENT_MC,128,CONTEXT_CONDITIONAL_ONLY,A,,"{""-1"": -1, ""1"": 1}"
E2_CONTEXT_SIGN_FLIP,62073,LEGACY_INDEPENDENT_MC,256,CONTEXT_CONDITIONAL_ONLY,A,,"{""-1"": -1, ""1"": 1}"
E2_CONTEXT_SIGN_FLIP,62074,ANTITHETIC_CRN_MC,8,CONTEXT_CONDITIONAL_ONLY,A,,"{""-1"": -1, ""1"": 1}"
E2_CONTEXT_SIGN_FLIP,62074,ANTITHETIC_CRN_MC,16,CONTEXT_CONDITIONAL_ONLY,A,,"{""-1"": -1, ""1"": 1}"
E2_CONTEXT_SIGN_FLIP,62074,ANTITHETIC_CRN_MC,32,CONTEXT_CONDITIONAL_ONLY,A,,"{""-1"": -1, ""1"": 1}"
E2_CONTEXT_SIGN_FLIP,62074,ANTITHETIC_CRN_MC,64,CONTEXT_CONDITIONAL_ONLY,A,,"{""-1"": -1, ""1"": 1}"
E2_CONTEXT_SIGN_FLIP,62074,ANTITHETIC_CRN_MC,128,CONTEXT_CONDITIONAL_ONLY,A,,"{""-1"": -1, ""1"": 1}"
E2_CONTEXT_SIGN_FLIP,62074,ANTITHETIC_CRN_MC,256,CONTEXT_CONDITIONAL_ONLY,A,,"{""-1"": -1, ""1"": 1}"
E2_CONTEXT_SIGN_FLIP,62074,CRN_CHAIN_MC,8,CONTEXT_CONDITIONAL_ONLY,A,,"{""-1"": -1, ""1"": 1}"
E2_CONTEXT_SIGN_FLIP,62074,CRN_CHAIN_MC,16,CONTEXT_CONDITIONAL_ONLY,A,,"{""-1"": -1, ""1"": 1}"
E2_CONTEXT_SIGN_FLIP,62074,CRN_CHAIN_MC,32,CONTEXT_CONDITIONAL_ONLY,A,,"{""-1"": -1, ""1"": 1}"
E2_CONTEXT_SIGN_FLIP,62074,CRN_CHAIN_MC,64,CONTEXT_CONDITIONAL_ONLY,A,,"{""-1"": -1, ""1"": 1}"
E2_CONTEXT_SIGN_FLIP,62074,CRN_CHAIN_MC,128,CONTEXT_CONDITIONAL_ONLY,A,,"{""-1"": -1, ""1"": 1}"
E2_CONTEXT_SIGN_FLIP,62074,CRN_CHAIN_MC,256,CONTEXT_CONDITIONAL_ONLY,A,,"{""-1"": -1, ""1"": 1}"
E2_CONTEXT_SIGN_FLIP,62074,DOUBLE_ANTITHETIC_CRN_MC,8,CONTEXT_CONDITIONAL_ONLY,A,,"{""-1"": -1, ""1"": 1}"
E2_CONTEXT_SIGN_FLIP,62074,DOUBLE_ANTITHETIC_CRN_MC,16,CONTEXT_CONDITIONAL_ONLY,A,,"{""-1"": -1, ""1"": 1}"
E2_CONTEXT_SIGN_FLIP,62074,DOUBLE_ANTITHETIC_CRN_MC,32,CONTEXT_CONDITIONAL_ONLY,A,,"{""-1"": -1, ""1"": 1}"
E2_CONTEXT_SIGN_FLIP,62074,DOUBLE_ANTITHETIC_CRN_MC,64,CONTEXT_CONDITIONAL_ONLY,A,,"{""-1"": -1, ""1"": 1}"
E2_CONTEXT_SIGN_FLIP,62074,DOUBLE_ANTITHETIC_CRN_MC,128,CONTEXT_CONDITIONAL_ONLY,A,,"{""-1"": -1, ""1"": 1}"
E2_CONTEXT_SIGN_FLIP,62074,DOUBLE_ANTITHETIC_CRN_MC,256,CONTEXT_CONDITIONAL_ONLY,A,,"{""-1"": -1, ""1"": 1}"
E2_CONTEXT_SIGN_FLIP,62074,LEGACY_INDEPENDENT_MC,8,CONTEXT_CONDITIONAL_ONLY,A,,"{""-1"": -1, ""1"": 1}"
E2_CONTEXT_SIGN_FLIP,62074,LEGACY_INDEPENDENT_MC,16,CONTEXT_CONDITIONAL_ONLY,A,,"{""-1"": -1, ""1"": 1}"
E2_CONTEXT_SIGN_FLIP,62074,LEGACY_INDEPENDENT_MC,32,CONTEXT_CONDITIONAL_ONLY,A,,"{""-1"": -1, ""1"": 1}"
E2_CONTEXT_SIGN_FLIP,62074,LEGACY_INDEPENDENT_MC,64,CONTEXT_CONDITIONAL_ONLY,A,,"{""-1"": -1, ""1"": 1}"
E2_CONTEXT_SIGN_FLIP,62074,LEGACY_INDEPENDENT_MC,128,CONTEXT_CONDITIONAL_ONLY,A,,"{""-1"": -1, ""1"": 1}"
E2_CONTEXT_SIGN_FLIP,62074,LEGACY_INDEPENDENT_MC,256,CONTEXT_CONDITIONAL_ONLY,A,,"{""-1"": -1, ""1"": 1}"
E2_CONTEXT_SIGN_FLIP,62075,ANTITHETIC_CRN_MC,8,CONTEXT_CONDITIONAL_ONLY,A,,"{""-1"": -1, ""1"": 1}"
E2_CONTEXT_SIGN_FLIP,62075,ANTITHETIC_CRN_MC,16,CONTEXT_CONDITIONAL_ONLY,A,,"{""-1"": -1, ""1"": 1}"
E2_CONTEXT_SIGN_FLIP,62075,ANTITHETIC_CRN_MC,32,CONTEXT_CONDITIONAL_ONLY,A,,"{""-1"": -1, ""1"": 1}"
E2_CONTEXT_SIGN_FLIP,62075,ANTITHETIC_CRN_MC,64,CONTEXT_CONDITIONAL_ONLY,A,,"{""-1"": -1, ""1"": 1}"
E2_CONTEXT_SIGN_FLIP,62075,ANTITHETIC_CRN_MC,128,CONTEXT_CONDITIONAL_ONLY,A,,"{""-1"": -1, ""1"": 1}"
E2_CONTEXT_SIGN_FLIP,62075,ANTITHETIC_CRN_MC,256,CONTEXT_CONDITIONAL_ONLY,A,,"{""-1"": -1, ""1"": 1}"
E2_CONTEXT_SIGN_FLIP,62075,CRN_CHAIN_MC,8,CONTEXT_CONDITIONAL_ONLY,A,,"{""-1"": -1, ""1"": 1}"
E2_CONTEXT_SIGN_FLIP,62075,CRN_CHAIN_MC,16,CONTEXT_CONDITIONAL_ONLY,A,,"{""-1"": -1, ""1"": 1}"
E2_CONTEXT_SIGN_FLIP,62075,CRN_CHAIN_MC,32,CONTEXT_CONDITIONAL_ONLY,A,,"{""-1"": -1, ""1"": 1}"
E2_CONTEXT_SIGN_FLIP,62075,CRN_CHAIN_MC,64,CONTEXT_CONDITIONAL_ONLY,A,,"{""-1"": -1, ""1"": 1}"
E2_CONTEXT_SIGN_FLIP,62075,CRN_CHAIN_MC,128,CONTEXT_CONDITIONAL_ONLY,A,,"{""-1"": -1, ""1"": 1}"
E2_CONTEXT_SIGN_FLIP,62075,CRN_CHAIN_MC,256,CONTEXT_CONDITIONAL_ONLY,A,,"{""-1"": -1, ""1"": 1}"
E2_CONTEXT_SIGN_FLIP,62075,DOUBLE_ANTITHETIC_CRN_MC,8,CONTEXT_CONDITIONAL_ONLY,A,,"{""-1"": -1, ""1"": 1}"
E2_CONTEXT_SIGN_FLIP,62075,DOUBLE_ANTITHETIC_CRN_MC,16,CONTEXT_CONDITIONAL_ONLY,A,,"{""-1"": -1, ""1"": 1}"
E2_CONTEXT_SIGN_FLIP,62075,DOUBLE_ANTITHETIC_CRN_MC,32,CONTEXT_CONDITIONAL_ONLY,A,,"{""-1"": -1, ""1"": 1}"
E2_CONTEXT_SIGN_FLIP,62075,DOUBLE_ANTITHETIC_CRN_MC,64,CONTEXT_CONDITIONAL_ONLY,A,,"{""-1"": -1, ""1"": 1}"
E2_CONTEXT_SIGN_FLIP,62075,DOUBLE_ANTITHETIC_CRN_MC,128,CONTEXT_CONDITIONAL_ONLY,A,,"{""-1"": -1, ""1"": 1}"
E2_CONTEXT_SIGN_FLIP,62075,DOUBLE_ANTITHETIC_CRN_MC,256,CONTEXT_CONDITIONAL_ONLY,A,,"{""-1"": -1, ""1"": 1}"
E2_CONTEXT_SIGN_FLIP,62075,LEGACY_INDEPENDENT_MC,8,CONTEXT_CONDITIONAL_ONLY,A,,"{""-1"": -1, ""1"": 1}"
E2_CONTEXT_SIGN_FLIP,62075,LEGACY_INDEPENDENT_MC,16,CONTEXT_CONDITIONAL_ONLY,A,,"{""-1"": -1, ""1"": 1}"
E2_CONTEXT_SIGN_FLIP,62075,LEGACY_INDEPENDENT_MC,32,CONTEXT_CONDITIONAL_ONLY,A,,"{""-1"": -1, ""1"": 1}"
E2_CONTEXT_SIGN_FLIP,62075,LEGACY_INDEPENDENT_MC,64,CONTEXT_CONDITIONAL_ONLY,A,,"{""-1"": -1, ""1"": 1}"
E2_CONTEXT_SIGN_FLIP,62075,LEGACY_INDEPENDENT_MC,128,CONTEXT_CONDITIONAL_ONLY,A,,"{""-1"": -1, ""1"": 1}"
E2_CONTEXT_SIGN_FLIP,62075,LEGACY_INDEPENDENT_MC,256,CONTEXT_CONDITIONAL_ONLY,A,,"{""-1"": -1, ""1"": 1}"
E2_CONTEXT_SIGN_FLIP,62076,ANTITHETIC_CRN_MC,8,CONTEXT_CONDITIONAL_ONLY,A,,"{""-1"": -1, ""1"": 1}"
E2_CONTEXT_SIGN_FLIP,62076,ANTITHETIC_CRN_MC,16,CONTEXT_CONDITIONAL_ONLY,A,,"{""-1"": -1, ""1"": 1}"
E2_CONTEXT_SIGN_FLIP,62076,ANTITHETIC_CRN_MC,32,CONTEXT_CONDITIONAL_ONLY,A,,"{""-1"": -1, ""1"": 1}"
E2_CONTEXT_SIGN_FLIP,62076,ANTITHETIC_CRN_MC,64,CONTEXT_CONDITIONAL_ONLY,A,,"{""-1"": -1, ""1"": 1}"
E2_CONTEXT_SIGN_FLIP,62076,ANTITHETIC_CRN_MC,128,CONTEXT_CONDITIONAL_ONLY,A,,"{""-1"": -1, ""1"": 1}"
E2_CONTEXT_SIGN_FLIP,62076,ANTITHETIC_CRN_MC,256,CONTEXT_CONDITIONAL_ONLY,A,,"{""-1"": -1, ""1"": 1}"
E2_CONTEXT_SIGN_FLIP,62076,CRN_CHAIN_MC,8,CONTEXT_CONDITIONAL_ONLY,A,,"{""-1"": -1, ""1"": 1}"
E2_CONTEXT_SIGN_FLIP,62076,CRN_CHAIN_MC,16,CONTEXT_CONDITIONAL_ONLY,A,,"{""-1"": -1, ""1"": 1}"
E2_CONTEXT_SIGN_FLIP,62076,CRN_CHAIN_MC,32,CONTEXT_CONDITIONAL_ONLY,A,,"{""-1"": -1, ""1"": 1}"
E2_CONTEXT_SIGN_FLIP,62076,CRN_CHAIN_MC,64,CONTEXT_CONDITIONAL_ONLY,A,,"{""-1"": -1, ""1"": 1}"
E2_CONTEXT_SIGN_FLIP,62076,CRN_CHAIN_MC,128,CONTEXT_CONDITIONAL_ONLY,A,,"{""-1"": -1, ""1"": 1}"
E2_CONTEXT_SIGN_FLIP,62076,CRN_CHAIN_MC,256,CONTEXT_CONDITIONAL_ONLY,A,,"{""-1"": -1, ""1"": 1}"
E2_CONTEXT_SIGN_FLIP,62076,DOUBLE_ANTITHETIC_CRN_MC,8,CONTEXT_CONDITIONAL_ONLY,A,,"{""-1"": -1, ""1"": 1}"
E2_CONTEXT_SIGN_FLIP,62076,DOUBLE_ANTITHETIC_CRN_MC,16,CONTEXT_CONDITIONAL_ONLY,A,,"{""-1"": -1, ""1"": 1}"
E2_CONTEXT_SIGN_FLIP,62076,DOUBLE_ANTITHETIC_CRN_MC,32,CONTEXT_CONDITIONAL_ONLY,A,,"{""-1"": -1, ""1"": 1}"
E2_CONTEXT_SIGN_FLIP,62076,DOUBLE_ANTITHETIC_CRN_MC,64,CONTEXT_CONDITIONAL_ONLY,A,,"{""-1"": -1, ""1"": 1}"
E2_CONTEXT_SIGN_FLIP,62076,DOUBLE_ANTITHETIC_CRN_MC,128,CONTEXT_CONDITIONAL_ONLY,A,,"{""-1"": -1, ""1"": 1}"
E2_CONTEXT_SIGN_FLIP,62076,DOUBLE_ANTITHETIC_CRN_MC,256,CONTEXT_CONDITIONAL_ONLY,A,,"{""-1"": -1, ""1"": 1}"
E2_CONTEXT_SIGN_FLIP,62076,LEGACY_INDEPENDENT_MC,8,CONTEXT_CONDITIONAL_ONLY,A,,"{""-1"": -1, ""1"": 1}"
E2_CONTEXT_SIGN_FLIP,62076,LEGACY_INDEPENDENT_MC,16,CONTEXT_CONDITIONAL_ONLY,A,,"{""-1"": -1, ""1"": 1}"
E2_CONTEXT_SIGN_FLIP,62076,LEGACY_INDEPENDENT_MC,32,CONTEXT_CONDITIONAL_ONLY,A,,"{""-1"": -1, ""1"": 1}"
E2_CONTEXT_SIGN_FLIP,62076,LEGACY_INDEPENDENT_MC,64,CONTEXT_CONDITIONAL_ONLY,A,,"{""-1"": -1, ""1"": 1}"
E2_CONTEXT_SIGN_FLIP,62076,LEGACY_INDEPENDENT_MC,128,CONTEXT_CONDITIONAL_ONLY,A,,"{""-1"": -1, ""1"": 1}"
E2_CONTEXT_SIGN_FLIP,62076,LEGACY_INDEPENDENT_MC,256,CONTEXT_CONDITIONAL_ONLY,A,,"{""-1"": -1, ""1"": 1}"
E2_CONTEXT_SIGN_FLIP,62077,ANTITHETIC_CRN_MC,8,CONTEXT_CONDITIONAL_ONLY,A,,"{""-1"": -1, ""1"": 1}"
E2_CONTEXT_SIGN_FLIP,62077,ANTITHETIC_CRN_MC,16,CONTEXT_CONDITIONAL_ONLY,A,,"{""-1"": -1, ""1"": 1}"
E2_CONTEXT_SIGN_FLIP,62077,ANTITHETIC_CRN_MC,32,CONTEXT_CONDITIONAL_ONLY,A,,"{""-1"": -1, ""1"": 1}"
E2_CONTEXT_SIGN_FLIP,62077,ANTITHETIC_CRN_MC,64,CONTEXT_CONDITIONAL_ONLY,A,,"{""-1"": -1, ""1"": 1}"
E2_CONTEXT_SIGN_FLIP,62077,ANTITHETIC_CRN_MC,128,CONTEXT_CONDITIONAL_ONLY,A,,"{""-1"": -1, ""1"": 1}"
E2_CONTEXT_SIGN_FLIP,62077,ANTITHETIC_CRN_MC,256,CONTEXT_CONDITIONAL_ONLY,A,,"{""-1"": -1, ""1"": 1}"
E2_CONTEXT_SIGN_FLIP,62077,CRN_CHAIN_MC,8,CONTEXT_CONDITIONAL_ONLY,A,,"{""-1"": -1, ""1"": 1}"
E2_CONTEXT_SIGN_FLIP,62077,CRN_CHAIN_MC,16,CONTEXT_CONDITIONAL_ONLY,A,,"{""-1"": -1, ""1"": 1}"
E2_CONTEXT_SIGN_FLIP,62077,CRN_CHAIN_MC,32,CONTEXT_CONDITIONAL_ONLY,A,,"{""-1"": -1, ""1"": 1}"
E2_CONTEXT_SIGN_FLIP,62077,CRN_CHAIN_MC,64,CONTEXT_CONDITIONAL_ONLY,A,,"{""-1"": -1, ""1"": 1}"
E2_CONTEXT_SIGN_FLIP,62077,CRN_CHAIN_MC,128,CONTEXT_CONDITIONAL_ONLY,A,,"{""-1"": -1, ""1"": 1}"
E2_CONTEXT_SIGN_FLIP,62077,CRN_CHAIN_MC,256,CONTEXT_CONDITIONAL_ONLY,A,,"{""-1"": -1, ""1"": 1}"
E2_CONTEXT_SIGN_FLIP,62077,DOUBLE_ANTITHETIC_CRN_MC,8,CONTEXT_CONDITIONAL_ONLY,A,,"{""-1"": -1, ""1"": 1}"
E2_CONTEXT_SIGN_FLIP,62077,DOUBLE_ANTITHETIC_CRN_MC,16,CONTEXT_CONDITIONAL_ONLY,A,,"{""-1"": -1, ""1"": 1}"
E2_CONTEXT_SIGN_FLIP,62077,DOUBLE_ANTITHETIC_CRN_MC,32,CONTEXT_CONDITIONAL_ONLY,A,,"{""-1"": -1, ""1"": 1}"
E2_CONTEXT_SIGN_FLIP,62077,DOUBLE_ANTITHETIC_CRN_MC,64,CONTEXT_CONDITIONAL_ONLY,A,,"{""-1"": -1, ""1"": 1}"
E2_CONTEXT_SIGN_FLIP,62077,DOUBLE_ANTITHETIC_CRN_MC,128,CONTEXT_CONDITIONAL_ONLY,A,,"{""-1"": -1, ""1"": 1}"
E2_CONTEXT_SIGN_FLIP,62077,DOUBLE_ANTITHETIC_CRN_MC,256,CONTEXT_CONDITIONAL_ONLY,A,,"{""-1"": -1, ""1"": 1}"
E2_CONTEXT_SIGN_FLIP,62077,LEGACY_INDEPENDENT_MC,8,CONTEXT_CONDITIONAL_ONLY,A,,"{""-1"": -1, ""1"": 1}"
E2_CONTEXT_SIGN_FLIP,62077,LEGACY_INDEPENDENT_MC,16,CONTEXT_CONDITIONAL_ONLY,A,,"{""-1"": -1, ""1"": 1}"
E2_CONTEXT_SIGN_FLIP,62077,LEGACY_INDEPENDENT_MC,32,CONTEXT_CONDITIONAL_ONLY,A,,"{""-1"": -1, ""1"": 1}"
E2_CONTEXT_SIGN_FLIP,62077,LEGACY_INDEPENDENT_MC,64,CONTEXT_CONDITIONAL_ONLY,A,,"{""-1"": -1, ""1"": 1}"
E2_CONTEXT_SIGN_FLIP,62077,LEGACY_INDEPENDENT_MC,128,CONTEXT_CONDITIONAL_ONLY,A,,"{""-1"": -1, ""1"": 1}"
E2_CONTEXT_SIGN_FLIP,62077,LEGACY_INDEPENDENT_MC,256,CONTEXT_CONDITIONAL_ONLY,A,,"{""-1"": -1, ""1"": 1}"
E2_CONTEXT_SIGN_FLIP,62078,ANTITHETIC_CRN_MC,8,CONTEXT_CONDITIONAL_ONLY,A,,"{""-1"": -1, ""1"": 1}"
E2_CONTEXT_SIGN_FLIP,62078,ANTITHETIC_CRN_MC,16,CONTEXT_CONDITIONAL_ONLY,A,,"{""-1"": -1, ""1"": 1}"
E2_CONTEXT_SIGN_FLIP,62078,ANTITHETIC_CRN_MC,32,CONTEXT_CONDITIONAL_ONLY,A,,"{""-1"": -1, ""1"": 1}"
E2_CONTEXT_SIGN_FLIP,62078,ANTITHETIC_CRN_MC,64,CONTEXT_CONDITIONAL_ONLY,A,,"{""-1"": -1, ""1"": 1}"
E2_CONTEXT_SIGN_FLIP,62078,ANTITHETIC_CRN_MC,128,CONTEXT_CONDITIONAL_ONLY,A,,"{""-1"": -1, ""1"": 1}"
E2_CONTEXT_SIGN_FLIP,62078,ANTITHETIC_CRN_MC,256,CONTEXT_CONDITIONAL_ONLY,A,,"{""-1"": -1, ""1"": 1}"
E2_CONTEXT_SIGN_FLIP,62078,CRN_CHAIN_MC,8,CONTEXT_CONDITIONAL_ONLY,A,,"{""-1"": -1, ""1"": 1}"
E2_CONTEXT_SIGN_FLIP,62078,CRN_CHAIN_MC,16,CONTEXT_CONDITIONAL_ONLY,A,,"{""-1"": -1, ""1"": 1}"
E2_CONTEXT_SIGN_FLIP,62078,CRN_CHAIN_MC,32,CONTEXT_CONDITIONAL_ONLY,A,,"{""-1"": -1, ""1"": 1}"
E2_CONTEXT_SIGN_FLIP,62078,CRN_CHAIN_MC,64,CONTEXT_CONDITIONAL_ONLY,A,,"{""-1"": -1, ""1"": 1}"
E2_CONTEXT_SIGN_FLIP,62078,CRN_CHAIN_MC,128,CONTEXT_CONDITIONAL_ONLY,A,,"{""-1"": -1, ""1"": 1}"
E2_CONTEXT_SIGN_FLIP,62078,CRN_CHAIN_MC,256,CONTEXT_CONDITIONAL_ONLY,A,,"{""-1"": -1, ""1"": 1}"
E2_CONTEXT_SIGN_FLIP,62078,DOUBLE_ANTITHETIC_CRN_MC,8,CONTEXT_CONDITIONAL_ONLY,A,,"{""-1"": -1, ""1"": 1}"
E2_CONTEXT_SIGN_FLIP,62078,DOUBLE_ANTITHETIC_CRN_MC,16,CONTEXT_CONDITIONAL_ONLY,A,,"{""-1"": -1, ""1"": 1}"
E2_CONTEXT_SIGN_FLIP,62078,DOUBLE_ANTITHETIC_CRN_MC,32,CONTEXT_CONDITIONAL_ONLY,A,,"{""-1"": -1, ""1"": 1}"
E2_CONTEXT_SIGN_FLIP,62078,DOUBLE_ANTITHETIC_CRN_MC,64,CONTEXT_CONDITIONAL_ONLY,A,,"{""-1"": -1, ""1"": 1}"
E2_CONTEXT_SIGN_FLIP,62078,DOUBLE_ANTITHETIC_CRN_MC,128,CONTEXT_CONDITIONAL_ONLY,A,,"{""-1"": -1, ""1"": 1}"
E2_CONTEXT_SIGN_FLIP,62078,DOUBLE_ANTITHETIC_CRN_MC,256,CONTEXT_CONDITIONAL_ONLY,A,,"{""-1"": -1, ""1"": 1}"
E2_CONTEXT_SIGN_FLIP,62078,LEGACY_INDEPENDENT_MC,8,CONTEXT_CONDITIONAL_ONLY,A,,"{""-1"": -1, ""1"": 1}"
E2_CONTEXT_SIGN_FLIP,62078,LEGACY_INDEPENDENT_MC,16,CONTEXT_CONDITIONAL_ONLY,A,,"{""-1"": -1, ""1"": 1}"
E2_CONTEXT_SIGN_FLIP,62078,LEGACY_INDEPENDENT_MC,32,CONTEXT_CONDITIONAL_ONLY,A,,"{""-1"": -1, ""1"": 1}"
E2_CONTEXT_SIGN_FLIP,62078,LEGACY_INDEPENDENT_MC,64,CONTEXT_CONDITIONAL_ONLY,A,,"{""-1"": -1, ""1"": 1}"
E2_CONTEXT_SIGN_FLIP,62078,LEGACY_INDEPENDENT_MC,128,CONTEXT_CONDITIONAL_ONLY,A,,"{""-1"": -1, ""1"": 1}"
E2_CONTEXT_SIGN_FLIP,62078,LEGACY_INDEPENDENT_MC,256,CONTEXT_CONDITIONAL_ONLY,A,,"{""-1"": -1, ""1"": 1}"
E2_CONTEXT_SIGN_FLIP,62079,ANTITHETIC_CRN_MC,8,CONTEXT_CONDITIONAL_ONLY,A,,"{""-1"": -1, ""1"": 1}"
E2_CONTEXT_SIGN_FLIP,62079,ANTITHETIC_CRN_MC,16,CONTEXT_CONDITIONAL_ONLY,A,,"{""-1"": -1, ""1"": 1}"
E2_CONTEXT_SIGN_FLIP,62079,ANTITHETIC_CRN_MC,32,CONTEXT_CONDITIONAL_ONLY,A,,"{""-1"": -1, ""1"": 1}"
E2_CONTEXT_SIGN_FLIP,62079,ANTITHETIC_CRN_MC,64,CONTEXT_CONDITIONAL_ONLY,A,,"{""-1"": -1, ""1"": 1}"
E2_CONTEXT_SIGN_FLIP,62079,ANTITHETIC_CRN_MC,128,CONTEXT_CONDITIONAL_ONLY,A,,"{""-1"": -1, ""1"": 1}"
E2_CONTEXT_SIGN_FLIP,62079,ANTITHETIC_CRN_MC,256,CONTEXT_CONDITIONAL_ONLY,A,,"{""-1"": -1, ""1"": 1}"
E2_CONTEXT_SIGN_FLIP,62079,CRN_CHAIN_MC,8,CONTEXT_CONDITIONAL_ONLY,A,,"{""-1"": -1, ""1"": 1}"
E2_CONTEXT_SIGN_FLIP,62079,CRN_CHAIN_MC,16,CONTEXT_CONDITIONAL_ONLY,A,,"{""-1"": -1, ""1"": 1}"
E2_CONTEXT_SIGN_FLIP,62079,CRN_CHAIN_MC,32,CONTEXT_CONDITIONAL_ONLY,A,,"{""-1"": -1, ""1"": 1}"
E2_CONTEXT_SIGN_FLIP,62079,CRN_CHAIN_MC,64,CONTEXT_CONDITIONAL_ONLY,A,,"{""-1"": -1, ""1"": 1}"
E2_CONTEXT_SIGN_FLIP,62079,CRN_CHAIN_MC,128,CONTEXT_CONDITIONAL_ONLY,A,,"{""-1"": -1, ""1"": 1}"
E2_CONTEXT_SIGN_FLIP,62079,CRN_CHAIN_MC,256,CONTEXT_CONDITIONAL_ONLY,A,,"{""-1"": -1, ""1"": 1}"
E2_CONTEXT_SIGN_FLIP,62079,DOUBLE_ANTITHETIC_CRN_MC,8,CONTEXT_CONDITIONAL_ONLY,A,,"{""-1"": -1, ""1"": 1}"
E2_CONTEXT_SIGN_FLIP,62079,DOUBLE_ANTITHETIC_CRN_MC,16,CONTEXT_CONDITIONAL_ONLY,A,,"{""-1"": -1, ""1"": 1}"
E2_CONTEXT_SIGN_FLIP,62079,DOUBLE_ANTITHETIC_CRN_MC,32,CONTEXT_CONDITIONAL_ONLY,A,,"{""-1"": -1, ""1"": 1}"
E2_CONTEXT_SIGN_FLIP,62079,DOUBLE_ANTITHETIC_CRN_MC,64,CONTEXT_CONDITIONAL_ONLY,A,,"{""-1"": -1, ""1"": 1}"
E2_CONTEXT_SIGN_FLIP,62079,DOUBLE_ANTITHETIC_CRN_MC,128,CONTEXT_CONDITIONAL_ONLY,A,,"{""-1"": -1, ""1"": 1}"
E2_CONTEXT_SIGN_FLIP,62079,DOUBLE_ANTITHETIC_CRN_MC,256,CONTEXT_CONDITIONAL_ONLY,A,,"{""-1"": -1, ""1"": 1}"
E2_CONTEXT_SIGN_FLIP,62079,LEGACY_INDEPENDENT_MC,8,CONTEXT_CONDITIONAL_ONLY,A,,"{""-1"": -1, ""1"": 1}"
E2_CONTEXT_SIGN_FLIP,62079,LEGACY_INDEPENDENT_MC,16,CONTEXT_CONDITIONAL_ONLY,A,,"{""-1"": -1, ""1"": 1}"
E2_CONTEXT_SIGN_FLIP,62079,LEGACY_INDEPENDENT_MC,32,CONTEXT_CONDITIONAL_ONLY,A,,"{""-1"": -1, ""1"": 1}"
E2_CONTEXT_SIGN_FLIP,62079,LEGACY_INDEPENDENT_MC,64,CONTEXT_CONDITIONAL_ONLY,A,,"{""-1"": -1, ""1"": 1}"
E2_CONTEXT_SIGN_FLIP,62079,LEGACY_INDEPENDENT_MC,128,CONTEXT_CONDITIONAL_ONLY,A,,"{""-1"": -1, ""1"": 1}"
E2_CONTEXT_SIGN_FLIP,62079,LEGACY_INDEPENDENT_MC,256,CONTEXT_CONDITIONAL_ONLY,A,,"{""-1"": -1, ""1"": 1}"
E2_CONTEXT_SIGN_FLIP,62080,ANTITHETIC_CRN_MC,8,CONTEXT_CONDITIONAL_ONLY,A,,"{""-1"": -1, ""1"": 1}"
E2_CONTEXT_SIGN_FLIP,62080,ANTITHETIC_CRN_MC,16,CONTEXT_CONDITIONAL_ONLY,A,,"{""-1"": -1, ""1"": 1}"
E2_CONTEXT_SIGN_FLIP,62080,ANTITHETIC_CRN_MC,32,CONTEXT_CONDITIONAL_ONLY,A,,"{""-1"": -1, ""1"": 1}"
E2_CONTEXT_SIGN_FLIP,62080,ANTITHETIC_CRN_MC,64,CONTEXT_CONDITIONAL_ONLY,A,,"{""-1"": -1, ""1"": 1}"
E2_CONTEXT_SIGN_FLIP,62080,ANTITHETIC_CRN_MC,128,CONTEXT_CONDITIONAL_ONLY,A,,"{""-1"": -1, ""1"": 1}"
E2_CONTEXT_SIGN_FLIP,62080,ANTITHETIC_CRN_MC,256,CONTEXT_CONDITIONAL_ONLY,A,,"{""-1"": -1, ""1"": 1}"
E2_CONTEXT_SIGN_FLIP,62080,CRN_CHAIN_MC,8,CONTEXT_CONDITIONAL_ONLY,A,,"{""-1"": -1, ""1"": 1}"
E2_CONTEXT_SIGN_FLIP,62080,CRN_CHAIN_MC,16,CONTEXT_CONDITIONAL_ONLY,A,,"{""-1"": -1, ""1"": 1}"
E2_CONTEXT_SIGN_FLIP,62080,CRN_CHAIN_MC,32,CONTEXT_CONDITIONAL_ONLY,A,,"{""-1"": -1, ""1"": 1}"
E2_CONTEXT_SIGN_FLIP,62080,CRN_CHAIN_MC,64,CONTEXT_CONDITIONAL_ONLY,A,,"{""-1"": -1, ""1"": 1}"
E2_CONTEXT_SIGN_FLIP,62080,CRN_CHAIN_MC,128,CONTEXT_CONDITIONAL_ONLY,A,,"{""-1"": -1, ""1"": 1}"
E2_CONTEXT_SIGN_FLIP,62080,CRN_CHAIN_MC,256,CONTEXT_CONDITIONAL_ONLY,A,,"{""-1"": -1, ""1"": 1}"
E2_CONTEXT_SIGN_FLIP,62080,DOUBLE_ANTITHETIC_CRN_MC,8,CONTEXT_CONDITIONAL_ONLY,A,,"{""-1"": -1, ""1"": 1}"
E2_CONTEXT_SIGN_FLIP,62080,DOUBLE_ANTITHETIC_CRN_MC,16,CONTEXT_CONDITIONAL_ONLY,A,,"{""-1"": -1, ""1"": 1}"
E2_CONTEXT_SIGN_FLIP,62080,DOUBLE_ANTITHETIC_CRN_MC,32,CONTEXT_CONDITIONAL_ONLY,A,,"{""-1"": -1, ""1"": 1}"
E2_CONTEXT_SIGN_FLIP,62080,DOUBLE_ANTITHETIC_CRN_MC,64,CONTEXT_CONDITIONAL_ONLY,A,,"{""-1"": -1, ""1"": 1}"
E2_CONTEXT_SIGN_FLIP,62080,DOUBLE_ANTITHETIC_CRN_MC,128,CONTEXT_CONDITIONAL_ONLY,A,,"{""-1"": -1, ""1"": 1}"
E2_CONTEXT_SIGN_FLIP,62080,DOUBLE_ANTITHETIC_CRN_MC,256,CONTEXT_CONDITIONAL_ONLY,A,,"{""-1"": -1, ""1"": 1}"
E2_CONTEXT_SIGN_FLIP,62080,LEGACY_INDEPENDENT_MC,8,CONTEXT_CONDITIONAL_ONLY,A,,"{""-1"": -1, ""1"": 1}"
E2_CONTEXT_SIGN_FLIP,62080,LEGACY_INDEPENDENT_MC,16,CONTEXT_CONDITIONAL_ONLY,A,,"{""-1"": -1, ""1"": 1}"
E2_CONTEXT_SIGN_FLIP,62080,LEGACY_INDEPENDENT_MC,32,CONTEXT_CONDITIONAL_ONLY,A,,"{""-1"": -1, ""1"": 1}"
E2_CONTEXT_SIGN_FLIP,62080,LEGACY_INDEPENDENT_MC,64,CONTEXT_CONDITIONAL_ONLY,A,,"{""-1"": -1, ""1"": 1}"
E2_CONTEXT_SIGN_FLIP,62080,LEGACY_INDEPENDENT_MC,128,CONTEXT_CONDITIONAL_ONLY,A,,"{""-1"": -1, ""1"": 1}"
E2_CONTEXT_SIGN_FLIP,62080,LEGACY_INDEPENDENT_MC,256,CONTEXT_CONDITIONAL_ONLY,A,,"{""-1"": -1, ""1"": 1}"
E2_CONTEXT_SIGN_FLIP,62081,ANTITHETIC_CRN_MC,8,CONTEXT_CONDITIONAL_ONLY,A,,"{""-1"": -1, ""1"": 1}"
E2_CONTEXT_SIGN_FLIP,62081,ANTITHETIC_CRN_MC,16,CONTEXT_CONDITIONAL_ONLY,A,,"{""-1"": -1, ""1"": 1}"
E2_CONTEXT_SIGN_FLIP,62081,ANTITHETIC_CRN_MC,32,CONTEXT_CONDITIONAL_ONLY,A,,"{""-1"": -1, ""1"": 1}"
E2_CONTEXT_SIGN_FLIP,62081,ANTITHETIC_CRN_MC,64,CONTEXT_CONDITIONAL_ONLY,A,,"{""-1"": -1, ""1"": 1}"
E2_CONTEXT_SIGN_FLIP,62081,ANTITHETIC_CRN_MC,128,CONTEXT_CONDITIONAL_ONLY,A,,"{""-1"": -1, ""1"": 1}"
E2_CONTEXT_SIGN_FLIP,62081,ANTITHETIC_CRN_MC,256,CONTEXT_CONDITIONAL_ONLY,A,,"{""-1"": -1, ""1"": 1}"
E2_CONTEXT_SIGN_FLIP,62081,CRN_CHAIN_MC,8,CONTEXT_CONDITIONAL_ONLY,A,,"{""-1"": -1, ""1"": 1}"
E2_CONTEXT_SIGN_FLIP,62081,CRN_CHAIN_MC,16,CONTEXT_CONDITIONAL_ONLY,A,,"{""-1"": -1, ""1"": 1}"
E2_CONTEXT_SIGN_FLIP,62081,CRN_CHAIN_MC,32,CONTEXT_CONDITIONAL_ONLY,A,,"{""-1"": -1, ""1"": 1}"
E2_CONTEXT_SIGN_FLIP,62081,CRN_CHAIN_MC,64,CONTEXT_CONDITIONAL_ONLY,A,,"{""-1"": -1, ""1"": 1}"
E2_CONTEXT_SIGN_FLIP,62081,CRN_CHAIN_MC,128,CONTEXT_CONDITIONAL_ONLY,A,,"{""-1"": -1, ""1"": 1}"
E2_CONTEXT_SIGN_FLIP,62081,CRN_CHAIN_MC,256,CONTEXT_CONDITIONAL_ONLY,A,,"{""-1"": -1, ""1"": 1}"
E2_CONTEXT_SIGN_FLIP,62081,DOUBLE_ANTITHETIC_CRN_MC,8,CONTEXT_CONDITIONAL_ONLY,A,,"{""-1"": -1, ""1"": 1}"
E2_CONTEXT_SIGN_FLIP,62081,DOUBLE_ANTITHETIC_CRN_MC,16,CONTEXT_CONDITIONAL_ONLY,A,,"{""-1"": -1, ""1"": 1}"
E2_CONTEXT_SIGN_FLIP,62081,DOUBLE_ANTITHETIC_CRN_MC,32,CONTEXT_CONDITIONAL_ONLY,A,,"{""-1"": -1, ""1"": 1}"
E2_CONTEXT_SIGN_FLIP,62081,DOUBLE_ANTITHETIC_CRN_MC,64,CONTEXT_CONDITIONAL_ONLY,A,,"{""-1"": -1, ""1"": 1}"
E2_CONTEXT_SIGN_FLIP,62081,DOUBLE_ANTITHETIC_CRN_MC,128,CONTEXT_CONDITIONAL_ONLY,A,,"{""-1"": -1, ""1"": 1}"
E2_CONTEXT_SIGN_FLIP,62081,DOUBLE_ANTITHETIC_CRN_MC,256,CONTEXT_CONDITIONAL_ONLY,A,,"{""-1"": -1, ""1"": 1}"
E2_CONTEXT_SIGN_FLIP,62081,LEGACY_INDEPENDENT_MC,8,CONTEXT_CONDITIONAL_ONLY,A,,"{""-1"": -1, ""1"": 1}"
E2_CONTEXT_SIGN_FLIP,62081,LEGACY_INDEPENDENT_MC,16,CONTEXT_CONDITIONAL_ONLY,A,,"{""-1"": -1, ""1"": 1}"
E2_CONTEXT_SIGN_FLIP,62081,LEGACY_INDEPENDENT_MC,32,CONTEXT_CONDITIONAL_ONLY,A,,"{""-1"": -1, ""1"": 1}"
E2_CONTEXT_SIGN_FLIP,62081,LEGACY_INDEPENDENT_MC,64,CONTEXT_CONDITIONAL_ONLY,A,,"{""-1"": -1, ""1"": 1}"
E2_CONTEXT_SIGN_FLIP,62081,LEGACY_INDEPENDENT_MC,128,CONTEXT_CONDITIONAL_ONLY,A,,"{""-1"": -1, ""1"": 1}"
E2_CONTEXT_SIGN_FLIP,62081,LEGACY_INDEPENDENT_MC,256,CONTEXT_CONDITIONAL_ONLY,A,,"{""-1"": -1, ""1"": 1}"
E2_CONTEXT_SIGN_FLIP,62082,ANTITHETIC_CRN_MC,8,CONTEXT_CONDITIONAL_ONLY,A,,"{""-1"": -1, ""1"": 1}"
E2_CONTEXT_SIGN_FLIP,62082,ANTITHETIC_CRN_MC,16,CONTEXT_CONDITIONAL_ONLY,A,,"{""-1"": -1, ""1"": 1}"
E2_CONTEXT_SIGN_FLIP,62082,ANTITHETIC_CRN_MC,32,CONTEXT_CONDITIONAL_ONLY,A,,"{""-1"": -1, ""1"": 1}"
E2_CONTEXT_SIGN_FLIP,62082,ANTITHETIC_CRN_MC,64,CONTEXT_CONDITIONAL_ONLY,A,,"{""-1"": -1, ""1"": 1}"
E2_CONTEXT_SIGN_FLIP,62082,ANTITHETIC_CRN_MC,128,CONTEXT_CONDITIONAL_ONLY,A,,"{""-1"": -1, ""1"": 1}"
E2_CONTEXT_SIGN_FLIP,62082,ANTITHETIC_CRN_MC,256,CONTEXT_CONDITIONAL_ONLY,A,,"{""-1"": -1, ""1"": 1}"
E2_CONTEXT_SIGN_FLIP,62082,CRN_CHAIN_MC,8,CONTEXT_CONDITIONAL_ONLY,A,,"{""-1"": -1, ""1"": 1}"
E2_CONTEXT_SIGN_FLIP,62082,CRN_CHAIN_MC,16,CONTEXT_CONDITIONAL_ONLY,A,,"{""-1"": -1, ""1"": 1}"
E2_CONTEXT_SIGN_FLIP,62082,CRN_CHAIN_MC,32,CONTEXT_CONDITIONAL_ONLY,A,,"{""-1"": -1, ""1"": 1}"
E2_CONTEXT_SIGN_FLIP,62082,CRN_CHAIN_MC,64,CONTEXT_CONDITIONAL_ONLY,A,,"{""-1"": -1, ""1"": 1}"
E2_CONTEXT_SIGN_FLIP,62082,CRN_CHAIN_MC,128,CONTEXT_CONDITIONAL_ONLY,A,,"{""-1"": -1, ""1"": 1}"
E2_CONTEXT_SIGN_FLIP,62082,CRN_CHAIN_MC,256,CONTEXT_CONDITIONAL_ONLY,A,,"{""-1"": -1, ""1"": 1}"
E2_CONTEXT_SIGN_FLIP,62082,DOUBLE_ANTITHETIC_CRN_MC,8,CONTEXT_CONDITIONAL_ONLY,A,,"{""-1"": -1, ""1"": 1}"
E2_CONTEXT_SIGN_FLIP,62082,DOUBLE_ANTITHETIC_CRN_MC,16,CONTEXT_CONDITIONAL_ONLY,A,,"{""-1"": -1, ""1"": 1}"
E2_CONTEXT_SIGN_FLIP,62082,DOUBLE_ANTITHETIC_CRN_MC,32,CONTEXT_CONDITIONAL_ONLY,A,,"{""-1"": -1, ""1"": 1}"
E2_CONTEXT_SIGN_FLIP,62082,DOUBLE_ANTITHETIC_CRN_MC,64,CONTEXT_CONDITIONAL_ONLY,A,,"{""-1"": -1, ""1"": 1}"
E2_CONTEXT_SIGN_FLIP,62082,DOUBLE_ANTITHETIC_CRN_MC,128,CONTEXT_CONDITIONAL_ONLY,A,,"{""-1"": -1, ""1"": 1}"
E2_CONTEXT_SIGN_FLIP,62082,DOUBLE_ANTITHETIC_CRN_MC,256,CONTEXT_CONDITIONAL_ONLY,A,,"{""-1"": -1, ""1"": 1}"
E2_CONTEXT_SIGN_FLIP,62082,LEGACY_INDEPENDENT_MC,8,CONTEXT_CONDITIONAL_ONLY,A,,"{""-1"": -1, ""1"": 1}"
E2_CONTEXT_SIGN_FLIP,62082,LEGACY_INDEPENDENT_MC,16,CONTEXT_CONDITIONAL_ONLY,A,,"{""-1"": -1, ""1"": 1}"
E2_CONTEXT_SIGN_FLIP,62082,LEGACY_INDEPENDENT_MC,32,CONTEXT_CONDITIONAL_ONLY,A,,"{""-1"": -1, ""1"": 1}"
E2_CONTEXT_SIGN_FLIP,62082,LEGACY_INDEPENDENT_MC,64,CONTEXT_CONDITIONAL_ONLY,A,,"{""-1"": -1, ""1"": 1}"
E2_CONTEXT_SIGN_FLIP,62082,LEGACY_INDEPENDENT_MC,128,CONTEXT_CONDITIONAL_ONLY,A,,"{""-1"": -1, ""1"": 1}"
E2_CONTEXT_SIGN_FLIP,62082,LEGACY_INDEPENDENT_MC,256,CONTEXT_CONDITIONAL_ONLY,A,,"{""-1"": -1, ""1"": 1}"
E2_CONTEXT_SIGN_FLIP,62083,ANTITHETIC_CRN_MC,8,CONTEXT_CONDITIONAL_ONLY,A,,"{""-1"": -1, ""1"": 1}"
E2_CONTEXT_SIGN_FLIP,62083,ANTITHETIC_CRN_MC,16,CONTEXT_CONDITIONAL_ONLY,A,,"{""-1"": -1, ""1"": 1}"
E2_CONTEXT_SIGN_FLIP,62083,ANTITHETIC_CRN_MC,32,CONTEXT_CONDITIONAL_ONLY,A,,"{""-1"": -1, ""1"": 1}"
E2_CONTEXT_SIGN_FLIP,62083,ANTITHETIC_CRN_MC,64,CONTEXT_CONDITIONAL_ONLY,A,,"{""-1"": -1, ""1"": 1}"
E2_CONTEXT_SIGN_FLIP,62083,ANTITHETIC_CRN_MC,128,CONTEXT_CONDITIONAL_ONLY,A,,"{""-1"": -1, ""1"": 1}"
E2_CONTEXT_SIGN_FLIP,62083,ANTITHETIC_CRN_MC,256,CONTEXT_CONDITIONAL_ONLY,A,,"{""-1"": -1, ""1"": 1}"
E2_CONTEXT_SIGN_FLIP,62083,CRN_CHAIN_MC,8,CONTEXT_CONDITIONAL_ONLY,A,,"{""-1"": -1, ""1"": 1}"
E2_CONTEXT_SIGN_FLIP,62083,CRN_CHAIN_MC,16,CONTEXT_CONDITIONAL_ONLY,A,,"{""-1"": -1, ""1"": 1}"
E2_CONTEXT_SIGN_FLIP,62083,CRN_CHAIN_MC,32,CONTEXT_CONDITIONAL_ONLY,A,,"{""-1"": -1, ""1"": 1}"
E2_CONTEXT_SIGN_FLIP,62083,CRN_CHAIN_MC,64,CONTEXT_CONDITIONAL_ONLY,A,,"{""-1"": -1, ""1"": 1}"
E2_CONTEXT_SIGN_FLIP,62083,CRN_CHAIN_MC,128,CONTEXT_CONDITIONAL_ONLY,A,,"{""-1"": -1, ""1"": 1}"
E2_CONTEXT_SIGN_FLIP,62083,CRN_CHAIN_MC,256,CONTEXT_CONDITIONAL_ONLY,A,,"{""-1"": -1, ""1"": 1}"
E2_CONTEXT_SIGN_FLIP,62083,DOUBLE_ANTITHETIC_CRN_MC,8,CONTEXT_CONDITIONAL_ONLY,A,,"{""-1"": -1, ""1"": 1}"
E2_CONTEXT_SIGN_FLIP,62083,DOUBLE_ANTITHETIC_CRN_MC,16,CONTEXT_CONDITIONAL_ONLY,A,,"{""-1"": -1, ""1"": 1}"
E2_CONTEXT_SIGN_FLIP,62083,DOUBLE_ANTITHETIC_CRN_MC,32,CONTEXT_CONDITIONAL_ONLY,A,,"{""-1"": -1, ""1"": 1}"
E2_CONTEXT_SIGN_FLIP,62083,DOUBLE_ANTITHETIC_CRN_MC,64,CONTEXT_CONDITIONAL_ONLY,A,,"{""-1"": -1, ""1"": 1}"
E2_CONTEXT_SIGN_FLIP,62083,DOUBLE_ANTITHETIC_CRN_MC,128,CONTEXT_CONDITIONAL_ONLY,A,,"{""-1"": -1, ""1"": 1}"
E2_CONTEXT_SIGN_FLIP,62083,DOUBLE_ANTITHETIC_CRN_MC,256,CONTEXT_CONDITIONAL_ONLY,A,,"{""-1"": -1, ""1"": 1}"
E2_CONTEXT_SIGN_FLIP,62083,LEGACY_INDEPENDENT_MC,8,CONTEXT_CONDITIONAL_ONLY,A,,"{""-1"": -1, ""1"": 1}"
E2_CONTEXT_SIGN_FLIP,62083,LEGACY_INDEPENDENT_MC,16,CONTEXT_CONDITIONAL_ONLY,A,,"{""-1"": -1, ""1"": 1}"
E2_CONTEXT_SIGN_FLIP,62083,LEGACY_INDEPENDENT_MC,32,CONTEXT_CONDITIONAL_ONLY,A,,"{""-1"": -1, ""1"": 1}"
E2_CONTEXT_SIGN_FLIP,62083,LEGACY_INDEPENDENT_MC,64,CONTEXT_CONDITIONAL_ONLY,A,,"{""-1"": -1, ""1"": 1}"
E2_CONTEXT_SIGN_FLIP,62083,LEGACY_INDEPENDENT_MC,128,CONTEXT_CONDITIONAL_ONLY,A,,"{""-1"": -1, ""1"": 1}"
E2_CONTEXT_SIGN_FLIP,62083,LEGACY_INDEPENDENT_MC,256,CONTEXT_CONDITIONAL_ONLY,A,,"{""-1"": -1, ""1"": 1}"
E2_CONTEXT_SIGN_FLIP,62084,ANTITHETIC_CRN_MC,8,CONTEXT_CONDITIONAL_ONLY,A,,"{""-1"": -1, ""1"": 1}"
E2_CONTEXT_SIGN_FLIP,62084,ANTITHETIC_CRN_MC,16,CONTEXT_CONDITIONAL_ONLY,A,,"{""-1"": -1, ""1"": 1}"
E2_CONTEXT_SIGN_FLIP,62084,ANTITHETIC_CRN_MC,32,CONTEXT_CONDITIONAL_ONLY,A,,"{""-1"": -1, ""1"": 1}"
E2_CONTEXT_SIGN_FLIP,62084,ANTITHETIC_CRN_MC,64,CONTEXT_CONDITIONAL_ONLY,A,,"{""-1"": -1, ""1"": 1}"
E2_CONTEXT_SIGN_FLIP,62084,ANTITHETIC_CRN_MC,128,CONTEXT_CONDITIONAL_ONLY,A,,"{""-1"": -1, ""1"": 1}"
E2_CONTEXT_SIGN_FLIP,62084,ANTITHETIC_CRN_MC,256,CONTEXT_CONDITIONAL_ONLY,A,,"{""-1"": -1, ""1"": 1}"
E2_CONTEXT_SIGN_FLIP,62084,CRN_CHAIN_MC,8,CONTEXT_CONDITIONAL_ONLY,A,,"{""-1"": -1, ""1"": 1}"
E2_CONTEXT_SIGN_FLIP,62084,CRN_CHAIN_MC,16,CONTEXT_CONDITIONAL_ONLY,A,,"{""-1"": -1, ""1"": 1}"
E2_CONTEXT_SIGN_FLIP,62084,CRN_CHAIN_MC,32,CONTEXT_CONDITIONAL_ONLY,A,,"{""-1"": -1, ""1"": 1}"
E2_CONTEXT_SIGN_FLIP,62084,CRN_CHAIN_MC,64,CONTEXT_CONDITIONAL_ONLY,A,,"{""-1"": -1, ""1"": 1}"
E2_CONTEXT_SIGN_FLIP,62084,CRN_CHAIN_MC,128,CONTEXT_CONDITIONAL_ONLY,A,,"{""-1"": -1, ""1"": 1}"
E2_CONTEXT_SIGN_FLIP,62084,CRN_CHAIN_MC,256,CONTEXT_CONDITIONAL_ONLY,A,,"{""-1"": -1, ""1"": 1}"
E2_CONTEXT_SIGN_FLIP,62084,DOUBLE_ANTITHETIC_CRN_MC,8,CONTEXT_CONDITIONAL_ONLY,A,,"{""-1"": -1, ""1"": 1}"
E2_CONTEXT_SIGN_FLIP,62084,DOUBLE_ANTITHETIC_CRN_MC,16,CONTEXT_CONDITIONAL_ONLY,A,,"{""-1"": -1, ""1"": 1}"
E2_CONTEXT_SIGN_FLIP,62084,DOUBLE_ANTITHETIC_CRN_MC,32,CONTEXT_CONDITIONAL_ONLY,A,,"{""-1"": -1, ""1"": 1}"
E2_CONTEXT_SIGN_FLIP,62084,DOUBLE_ANTITHETIC_CRN_MC,64,CONTEXT_CONDITIONAL_ONLY,A,,"{""-1"": -1, ""1"": 1}"
E2_CONTEXT_SIGN_FLIP,62084,DOUBLE_ANTITHETIC_CRN_MC,128,CONTEXT_CONDITIONAL_ONLY,A,,"{""-1"": -1, ""1"": 1}"
E2_CONTEXT_SIGN_FLIP,62084,DOUBLE_ANTITHETIC_CRN_MC,256,CONTEXT_CONDITIONAL_ONLY,A,,"{""-1"": -1, ""1"": 1}"
E2_CONTEXT_SIGN_FLIP,62084,LEGACY_INDEPENDENT_MC,8,CONTEXT_CONDITIONAL_ONLY,A,,"{""-1"": -1, ""1"": 1}"
E2_CONTEXT_SIGN_FLIP,62084,LEGACY_INDEPENDENT_MC,16,CONTEXT_CONDITIONAL_ONLY,A,,"{""-1"": -1, ""1"": 1}"
E2_CONTEXT_SIGN_FLIP,62084,LEGACY_INDEPENDENT_MC,32,CONTEXT_CONDITIONAL_ONLY,A,,"{""-1"": -1, ""1"": 1}"
E2_CONTEXT_SIGN_FLIP,62084,LEGACY_INDEPENDENT_MC,64,CONTEXT_CONDITIONAL_ONLY,A,,"{""-1"": -1, ""1"": 1}"
E2_CONTEXT_SIGN_FLIP,62084,LEGACY_INDEPENDENT_MC,128,CONTEXT_CONDITIONAL_ONLY,A,,"{""-1"": -1, ""1"": 1}"
E2_CONTEXT_SIGN_FLIP,62084,LEGACY_INDEPENDENT_MC,256,CONTEXT_CONDITIONAL_ONLY,A,,"{""-1"": -1, ""1"": 1}"
E2_CONTEXT_SIGN_FLIP,62085,ANTITHETIC_CRN_MC,8,CONTEXT_CONDITIONAL_ONLY,A,,"{""-1"": -1, ""1"": 1}"
E2_CONTEXT_SIGN_FLIP,62085,ANTITHETIC_CRN_MC,16,CONTEXT_CONDITIONAL_ONLY,A,,"{""-1"": -1, ""1"": 1}"
E2_CONTEXT_SIGN_FLIP,62085,ANTITHETIC_CRN_MC,32,CONTEXT_CONDITIONAL_ONLY,A,,"{""-1"": -1, ""1"": 1}"
E2_CONTEXT_SIGN_FLIP,62085,ANTITHETIC_CRN_MC,64,CONTEXT_CONDITIONAL_ONLY,A,,"{""-1"": -1, ""1"": 1}"
E2_CONTEXT_SIGN_FLIP,62085,ANTITHETIC_CRN_MC,128,CONTEXT_CONDITIONAL_ONLY,A,,"{""-1"": -1, ""1"": 1}"
E2_CONTEXT_SIGN_FLIP,62085,ANTITHETIC_CRN_MC,256,CONTEXT_CONDITIONAL_ONLY,A,,"{""-1"": -1, ""1"": 1}"
E2_CONTEXT_SIGN_FLIP,62085,CRN_CHAIN_MC,8,CONTEXT_CONDITIONAL_ONLY,A,,"{""-1"": -1, ""1"": 1}"
E2_CONTEXT_SIGN_FLIP,62085,CRN_CHAIN_MC,16,CONTEXT_CONDITIONAL_ONLY,A,,"{""-1"": -1, ""1"": 1}"
E2_CONTEXT_SIGN_FLIP,62085,CRN_CHAIN_MC,32,CONTEXT_CONDITIONAL_ONLY,A,,"{""-1"": -1, ""1"": 1}"
E2_CONTEXT_SIGN_FLIP,62085,CRN_CHAIN_MC,64,CONTEXT_CONDITIONAL_ONLY,A,,"{""-1"": -1, ""1"": 1}"
E2_CONTEXT_SIGN_FLIP,62085,CRN_CHAIN_MC,128,CONTEXT_CONDITIONAL_ONLY,A,,"{""-1"": -1, ""1"": 1}"
E2_CONTEXT_SIGN_FLIP,62085,CRN_CHAIN_MC,256,CONTEXT_CONDITIONAL_ONLY,A,,"{""-1"": -1, ""1"": 1}"
E2_CONTEXT_SIGN_FLIP,62085,DOUBLE_ANTITHETIC_CRN_MC,8,CONTEXT_CONDITIONAL_ONLY,A,,"{""-1"": -1, ""1"": 1}"
E2_CONTEXT_SIGN_FLIP,62085,DOUBLE_ANTITHETIC_CRN_MC,16,CONTEXT_CONDITIONAL_ONLY,A,,"{""-1"": -1, ""1"": 1}"
E2_CONTEXT_SIGN_FLIP,62085,DOUBLE_ANTITHETIC_CRN_MC,32,CONTEXT_CONDITIONAL_ONLY,A,,"{""-1"": -1, ""1"": 1}"
E2_CONTEXT_SIGN_FLIP,62085,DOUBLE_ANTITHETIC_CRN_MC,64,CONTEXT_CONDITIONAL_ONLY,A,,"{""-1"": -1, ""1"": 1}"
E2_CONTEXT_SIGN_FLIP,62085,DOUBLE_ANTITHETIC_CRN_MC,128,CONTEXT_CONDITIONAL_ONLY,A,,"{""-1"": -1, ""1"": 1}"
E2_CONTEXT_SIGN_FLIP,62085,DOUBLE_ANTITHETIC_CRN_MC,256,CONTEXT_CONDITIONAL_ONLY,A,,"{""-1"": -1, ""1"": 1}"
E2_CONTEXT_SIGN_FLIP,62085,LEGACY_INDEPENDENT_MC,8,CONTEXT_CONDITIONAL_ONLY,A,,"{""-1"": -1, ""1"": 1}"
E2_CONTEXT_SIGN_FLIP,62085,LEGACY_INDEPENDENT_MC,16,CONTEXT_CONDITIONAL_ONLY,A,,"{""-1"": -1, ""1"": 1}"
E2_CONTEXT_SIGN_FLIP,62085,LEGACY_INDEPENDENT_MC,32,CONTEXT_CONDITIONAL_ONLY,A,,"{""-1"": -1, ""1"": 1}"
E2_CONTEXT_SIGN_FLIP,62085,LEGACY_INDEPENDENT_MC,64,CONTEXT_CONDITIONAL_ONLY,A,,"{""-1"": -1, ""1"": 1}"
E2_CONTEXT_SIGN_FLIP,62085,LEGACY_INDEPENDENT_MC,128,CONTEXT_CONDITIONAL_ONLY,A,,"{""-1"": -1, ""1"": 1}"
E2_CONTEXT_SIGN_FLIP,62085,LEGACY_INDEPENDENT_MC,256,CONTEXT_CONDITIONAL_ONLY,A,,"{""-1"": -1, ""1"": 1}"
E2_CONTEXT_SIGN_FLIP,62086,ANTITHETIC_CRN_MC,8,CONTEXT_CONDITIONAL_ONLY,A,,"{""-1"": -1, ""1"": 1}"
E2_CONTEXT_SIGN_FLIP,62086,ANTITHETIC_CRN_MC,16,CONTEXT_CONDITIONAL_ONLY,A,,"{""-1"": -1, ""1"": 1}"
E2_CONTEXT_SIGN_FLIP,62086,ANTITHETIC_CRN_MC,32,CONTEXT_CONDITIONAL_ONLY,A,,"{""-1"": -1, ""1"": 1}"
E2_CONTEXT_SIGN_FLIP,62086,ANTITHETIC_CRN_MC,64,CONTEXT_CONDITIONAL_ONLY,A,,"{""-1"": -1, ""1"": 1}"
E2_CONTEXT_SIGN_FLIP,62086,ANTITHETIC_CRN_MC,128,CONTEXT_CONDITIONAL_ONLY,A,,"{""-1"": -1, ""1"": 1}"
E2_CONTEXT_SIGN_FLIP,62086,ANTITHETIC_CRN_MC,256,CONTEXT_CONDITIONAL_ONLY,A,,"{""-1"": -1, ""1"": 1}"
E2_CONTEXT_SIGN_FLIP,62086,CRN_CHAIN_MC,8,CONTEXT_CONDITIONAL_ONLY,A,,"{""-1"": -1, ""1"": 1}"
E2_CONTEXT_SIGN_FLIP,62086,CRN_CHAIN_MC,16,CONTEXT_CONDITIONAL_ONLY,A,,"{""-1"": -1, ""1"": 1}"
E2_CONTEXT_SIGN_FLIP,62086,CRN_CHAIN_MC,32,CONTEXT_CONDITIONAL_ONLY,A,,"{""-1"": -1, ""1"": 1}"
E2_CONTEXT_SIGN_FLIP,62086,CRN_CHAIN_MC,64,CONTEXT_CONDITIONAL_ONLY,A,,"{""-1"": -1, ""1"": 1}"
E2_CONTEXT_SIGN_FLIP,62086,CRN_CHAIN_MC,128,CONTEXT_CONDITIONAL_ONLY,A,,"{""-1"": -1, ""1"": 1}"
E2_CONTEXT_SIGN_FLIP,62086,CRN_CHAIN_MC,256,CONTEXT_CONDITIONAL_ONLY,A,,"{""-1"": -1, ""1"": 1}"
E2_CONTEXT_SIGN_FLIP,62086,DOUBLE_ANTITHETIC_CRN_MC,8,CONTEXT_CONDITIONAL_ONLY,A,,"{""-1"": -1, ""1"": 1}"
E2_CONTEXT_SIGN_FLIP,62086,DOUBLE_ANTITHETIC_CRN_MC,16,CONTEXT_CONDITIONAL_ONLY,A,,"{""-1"": -1, ""1"": 1}"
E2_CONTEXT_SIGN_FLIP,62086,DOUBLE_ANTITHETIC_CRN_MC,32,CONTEXT_CONDITIONAL_ONLY,A,,"{""-1"": -1, ""1"": 1}"
E2_CONTEXT_SIGN_FLIP,62086,DOUBLE_ANTITHETIC_CRN_MC,64,CONTEXT_CONDITIONAL_ONLY,A,,"{""-1"": -1, ""1"": 1}"
E2_CONTEXT_SIGN_FLIP,62086,DOUBLE_ANTITHETIC_CRN_MC,128,CONTEXT_CONDITIONAL_ONLY,A,,"{""-1"": -1, ""1"": 1}"
E2_CONTEXT_SIGN_FLIP,62086,DOUBLE_ANTITHETIC_CRN_MC,256,CONTEXT_CONDITIONAL_ONLY,A,,"{""-1"": -1, ""1"": 1}"
E2_CONTEXT_SIGN_FLIP,62086,LEGACY_INDEPENDENT_MC,8,CONTEXT_CONDITIONAL_ONLY,A,,"{""-1"": -1, ""1"": 1}"
E2_CONTEXT_SIGN_FLIP,62086,LEGACY_INDEPENDENT_MC,16,CONTEXT_CONDITIONAL_ONLY,A,,"{""-1"": -1, ""1"": 1}"
E2_CONTEXT_SIGN_FLIP,62086,LEGACY_INDEPENDENT_MC,32,CONTEXT_CONDITIONAL_ONLY,A,,"{""-1"": -1, ""1"": 1}"
E2_CONTEXT_SIGN_FLIP,62086,LEGACY_INDEPENDENT_MC,64,CONTEXT_CONDITIONAL_ONLY,A,,"{""-1"": -1, ""1"": 1}"
E2_CONTEXT_SIGN_FLIP,62086,LEGACY_INDEPENDENT_MC,128,CONTEXT_CONDITIONAL_ONLY,A,,"{""-1"": -1, ""1"": 1}"
E2_CONTEXT_SIGN_FLIP,62086,LEGACY_INDEPENDENT_MC,256,CONTEXT_CONDITIONAL_ONLY,A,,"{""-1"": -1, ""1"": 1}"
E2_CONTEXT_SIGN_FLIP,62087,ANTITHETIC_CRN_MC,8,CONTEXT_CONDITIONAL_ONLY,A,,"{""-1"": -1, ""1"": 1}"
E2_CONTEXT_SIGN_FLIP,62087,ANTITHETIC_CRN_MC,16,CONTEXT_CONDITIONAL_ONLY,A,,"{""-1"": -1, ""1"": 1}"
E2_CONTEXT_SIGN_FLIP,62087,ANTITHETIC_CRN_MC,32,CONTEXT_CONDITIONAL_ONLY,A,,"{""-1"": -1, ""1"": 1}"
E2_CONTEXT_SIGN_FLIP,62087,ANTITHETIC_CRN_MC,64,CONTEXT_CONDITIONAL_ONLY,A,,"{""-1"": -1, ""1"": 1}"
E2_CONTEXT_SIGN_FLIP,62087,ANTITHETIC_CRN_MC,128,CONTEXT_CONDITIONAL_ONLY,A,,"{""-1"": -1, ""1"": 1}"
E2_CONTEXT_SIGN_FLIP,62087,ANTITHETIC_CRN_MC,256,CONTEXT_CONDITIONAL_ONLY,A,,"{""-1"": -1, ""1"": 1}"
E2_CONTEXT_SIGN_FLIP,62087,CRN_CHAIN_MC,8,CONTEXT_CONDITIONAL_ONLY,A,,"{""-1"": -1, ""1"": 1}"
E2_CONTEXT_SIGN_FLIP,62087,CRN_CHAIN_MC,16,CONTEXT_CONDITIONAL_ONLY,A,,"{""-1"": -1, ""1"": 1}"
E2_CONTEXT_SIGN_FLIP,62087,CRN_CHAIN_MC,32,CONTEXT_CONDITIONAL_ONLY,A,,"{""-1"": -1, ""1"": 1}"
E2_CONTEXT_SIGN_FLIP,62087,CRN_CHAIN_MC,64,CONTEXT_CONDITIONAL_ONLY,A,,"{""-1"": -1, ""1"": 1}"
E2_CONTEXT_SIGN_FLIP,62087,CRN_CHAIN_MC,128,CONTEXT_CONDITIONAL_ONLY,A,,"{""-1"": -1, ""1"": 1}"
E2_CONTEXT_SIGN_FLIP,62087,CRN_CHAIN_MC,256,CONTEXT_CONDITIONAL_ONLY,A,,"{""-1"": -1, ""1"": 1}"
E2_CONTEXT_SIGN_FLIP,62087,DOUBLE_ANTITHETIC_CRN_MC,8,CONTEXT_CONDITIONAL_ONLY,A,,"{""-1"": -1, ""1"": 1}"
E2_CONTEXT_SIGN_FLIP,62087,DOUBLE_ANTITHETIC_CRN_MC,16,CONTEXT_CONDITIONAL_ONLY,A,,"{""-1"": -1, ""1"": 1}"
E2_CONTEXT_SIGN_FLIP,62087,DOUBLE_ANTITHETIC_CRN_MC,32,CONTEXT_CONDITIONAL_ONLY,A,,"{""-1"": -1, ""1"": 1}"
E2_CONTEXT_SIGN_FLIP,62087,DOUBLE_ANTITHETIC_CRN_MC,64,CONTEXT_CONDITIONAL_ONLY,A,,"{""-1"": -1, ""1"": 1}"
E2_CONTEXT_SIGN_FLIP,62087,DOUBLE_ANTITHETIC_CRN_MC,128,CONTEXT_CONDITIONAL_ONLY,A,,"{""-1"": -1, ""1"": 1}"
E2_CONTEXT_SIGN_FLIP,62087,DOUBLE_ANTITHETIC_CRN_MC,256,CONTEXT_CONDITIONAL_ONLY,A,,"{""-1"": -1, ""1"": 1}"
E2_CONTEXT_SIGN_FLIP,62087,LEGACY_INDEPENDENT_MC,8,CONTEXT_CONDITIONAL_ONLY,A,,"{""-1"": -1, ""1"": 1}"
E2_CONTEXT_SIGN_FLIP,62087,LEGACY_INDEPENDENT_MC,16,CONTEXT_CONDITIONAL_ONLY,A,,"{""-1"": -1, ""1"": 1}"
E2_CONTEXT_SIGN_FLIP,62087,LEGACY_INDEPENDENT_MC,32,CONTEXT_CONDITIONAL_ONLY,A,,"{""-1"": -1, ""1"": 1}"
E2_CONTEXT_SIGN_FLIP,62087,LEGACY_INDEPENDENT_MC,64,CONTEXT_CONDITIONAL_ONLY,A,,"{""-1"": -1, ""1"": 1}"
E2_CONTEXT_SIGN_FLIP,62087,LEGACY_INDEPENDENT_MC,128,CONTEXT_CONDITIONAL_ONLY,A,,"{""-1"": -1, ""1"": 1}"
E2_CONTEXT_SIGN_FLIP,62087,LEGACY_INDEPENDENT_MC,256,CONTEXT_CONDITIONAL_ONLY,A,,"{""-1"": -1, ""1"": 1}"
E2_CONTEXT_SIGN_FLIP,62088,ANTITHETIC_CRN_MC,8,CONTEXT_CONDITIONAL_ONLY,A,,"{""-1"": -1, ""1"": 1}"
E2_CONTEXT_SIGN_FLIP,62088,ANTITHETIC_CRN_MC,16,CONTEXT_CONDITIONAL_ONLY,A,,"{""-1"": -1, ""1"": 1}"
E2_CONTEXT_SIGN_FLIP,62088,ANTITHETIC_CRN_MC,32,CONTEXT_CONDITIONAL_ONLY,A,,"{""-1"": -1, ""1"": 1}"
E2_CONTEXT_SIGN_FLIP,62088,ANTITHETIC_CRN_MC,64,CONTEXT_CONDITIONAL_ONLY,A,,"{""-1"": -1, ""1"": 1}"
E2_CONTEXT_SIGN_FLIP,62088,ANTITHETIC_CRN_MC,128,CONTEXT_CONDITIONAL_ONLY,A,,"{""-1"": -1, ""1"": 1}"
E2_CONTEXT_SIGN_FLIP,62088,ANTITHETIC_CRN_MC,256,CONTEXT_CONDITIONAL_ONLY,A,,"{""-1"": -1, ""1"": 1}"
E2_CONTEXT_SIGN_FLIP,62088,CRN_CHAIN_MC,8,CONTEXT_CONDITIONAL_ONLY,A,,"{""-1"": -1, ""1"": 1}"
E2_CONTEXT_SIGN_FLIP,62088,CRN_CHAIN_MC,16,CONTEXT_CONDITIONAL_ONLY,A,,"{""-1"": -1, ""1"": 1}"
E2_CONTEXT_SIGN_FLIP,62088,CRN_CHAIN_MC,32,CONTEXT_CONDITIONAL_ONLY,A,,"{""-1"": -1, ""1"": 1}"
E2_CONTEXT_SIGN_FLIP,62088,CRN_CHAIN_MC,64,CONTEXT_CONDITIONAL_ONLY,A,,"{""-1"": -1, ""1"": 1}"
E2_CONTEXT_SIGN_FLIP,62088,CRN_CHAIN_MC,128,CONTEXT_CONDITIONAL_ONLY,A,,"{""-1"": -1, ""1"": 1}"
E2_CONTEXT_SIGN_FLIP,62088,CRN_CHAIN_MC,256,CONTEXT_CONDITIONAL_ONLY,A,,"{""-1"": -1, ""1"": 1}"
E2_CONTEXT_SIGN_FLIP,62088,DOUBLE_ANTITHETIC_CRN_MC,8,CONTEXT_CONDITIONAL_ONLY,A,,"{""-1"": -1, ""1"": 1}"
E2_CONTEXT_SIGN_FLIP,62088,DOUBLE_ANTITHETIC_CRN_MC,16,CONTEXT_CONDITIONAL_ONLY,A,,"{""-1"": -1, ""1"": 1}"
E2_CONTEXT_SIGN_FLIP,62088,DOUBLE_ANTITHETIC_CRN_MC,32,CONTEXT_CONDITIONAL_ONLY,A,,"{""-1"": -1, ""1"": 1}"
E2_CONTEXT_SIGN_FLIP,62088,DOUBLE_ANTITHETIC_CRN_MC,64,CONTEXT_CONDITIONAL_ONLY,A,,"{""-1"": -1, ""1"": 1}"
E2_CONTEXT_SIGN_FLIP,62088,DOUBLE_ANTITHETIC_CRN_MC,128,CONTEXT_CONDITIONAL_ONLY,A,,"{""-1"": -1, ""1"": 1}"
E2_CONTEXT_SIGN_FLIP,62088,DOUBLE_ANTITHETIC_CRN_MC,256,CONTEXT_CONDITIONAL_ONLY,A,,"{""-1"": -1, ""1"": 1}"
E2_CONTEXT_SIGN_FLIP,62088,LEGACY_INDEPENDENT_MC,8,CONTEXT_CONDITIONAL_ONLY,A,,"{""-1"": -1, ""1"": 1}"
E2_CONTEXT_SIGN_FLIP,62088,LEGACY_INDEPENDENT_MC,16,CONTEXT_CONDITIONAL_ONLY,A,,"{""-1"": -1, ""1"": 1}"
E2_CONTEXT_SIGN_FLIP,62088,LEGACY_INDEPENDENT_MC,32,CONTEXT_CONDITIONAL_ONLY,A,,"{""-1"": -1, ""1"": 1}"
E2_CONTEXT_SIGN_FLIP,62088,LEGACY_INDEPENDENT_MC,64,CONTEXT_CONDITIONAL_ONLY,A,,"{""-1"": -1, ""1"": 1}"
E2_CONTEXT_SIGN_FLIP,62088,LEGACY_INDEPENDENT_MC,128,CONTEXT_CONDITIONAL_ONLY,A,,"{""-1"": -1, ""1"": 1}"
E2_CONTEXT_SIGN_FLIP,62088,LEGACY_INDEPENDENT_MC,256,CONTEXT_CONDITIONAL_ONLY,A,,"{""-1"": -1, ""1"": 1}"
E2_CONTEXT_SIGN_FLIP,62089,ANTITHETIC_CRN_MC,8,CONTEXT_CONDITIONAL_ONLY,A,,"{""-1"": -1, ""1"": 1}"
E2_CONTEXT_SIGN_FLIP,62089,ANTITHETIC_CRN_MC,16,CONTEXT_CONDITIONAL_ONLY,A,,"{""-1"": -1, ""1"": 1}"
E2_CONTEXT_SIGN_FLIP,62089,ANTITHETIC_CRN_MC,32,CONTEXT_CONDITIONAL_ONLY,A,,"{""-1"": -1, ""1"": 1}"
E2_CONTEXT_SIGN_FLIP,62089,ANTITHETIC_CRN_MC,64,CONTEXT_CONDITIONAL_ONLY,A,,"{""-1"": -1, ""1"": 1}"
E2_CONTEXT_SIGN_FLIP,62089,ANTITHETIC_CRN_MC,128,CONTEXT_CONDITIONAL_ONLY,A,,"{""-1"": -1, ""1"": 1}"
E2_CONTEXT_SIGN_FLIP,62089,ANTITHETIC_CRN_MC,256,CONTEXT_CONDITIONAL_ONLY,A,,"{""-1"": -1, ""1"": 1}"
E2_CONTEXT_SIGN_FLIP,62089,CRN_CHAIN_MC,8,CONTEXT_CONDITIONAL_ONLY,A,,"{""-1"": -1, ""1"": 1}"
E2_CONTEXT_SIGN_FLIP,62089,CRN_CHAIN_MC,16,CONTEXT_CONDITIONAL_ONLY,A,,"{""-1"": -1, ""1"": 1}"
E2_CONTEXT_SIGN_FLIP,62089,CRN_CHAIN_MC,32,CONTEXT_CONDITIONAL_ONLY,A,,"{""-1"": -1, ""1"": 1}"
E2_CONTEXT_SIGN_FLIP,62089,CRN_CHAIN_MC,64,CONTEXT_CONDITIONAL_ONLY,A,,"{""-1"": -1, ""1"": 1}"
E2_CONTEXT_SIGN_FLIP,62089,CRN_CHAIN_MC,128,CONTEXT_CONDITIONAL_ONLY,A,,"{""-1"": -1, ""1"": 1}"
E2_CONTEXT_SIGN_FLIP,62089,CRN_CHAIN_MC,256,CONTEXT_CONDITIONAL_ONLY,A,,"{""-1"": -1, ""1"": 1}"
E2_CONTEXT_SIGN_FLIP,62089,DOUBLE_ANTITHETIC_CRN_MC,8,CONTEXT_CONDITIONAL_ONLY,A,,"{""-1"": -1, ""1"": 1}"
E2_CONTEXT_SIGN_FLIP,62089,DOUBLE_ANTITHETIC_CRN_MC,16,CONTEXT_CONDITIONAL_ONLY,A,,"{""-1"": -1, ""1"": 1}"
E2_CONTEXT_SIGN_FLIP,62089,DOUBLE_ANTITHETIC_CRN_MC,32,CONTEXT_CONDITIONAL_ONLY,A,,"{""-1"": -1, ""1"": 1}"
E2_CONTEXT_SIGN_FLIP,62089,DOUBLE_ANTITHETIC_CRN_MC,64,CONTEXT_CONDITIONAL_ONLY,A,,"{""-1"": -1, ""1"": 1}"
E2_CONTEXT_SIGN_FLIP,62089,DOUBLE_ANTITHETIC_CRN_MC,128,CONTEXT_CONDITIONAL_ONLY,A,,"{""-1"": -1, ""1"": 1}"
E2_CONTEXT_SIGN_FLIP,62089,DOUBLE_ANTITHETIC_CRN_MC,256,CONTEXT_CONDITIONAL_ONLY,A,,"{""-1"": -1, ""1"": 1}"
E2_CONTEXT_SIGN_FLIP,62089,LEGACY_INDEPENDENT_MC,8,CONTEXT_CONDITIONAL_ONLY,A,,"{""-1"": -1, ""1"": 1}"
E2_CONTEXT_SIGN_FLIP,62089,LEGACY_INDEPENDENT_MC,16,CONTEXT_CONDITIONAL_ONLY,A,,"{""-1"": -1, ""1"": 1}"
E2_CONTEXT_SIGN_FLIP,62089,LEGACY_INDEPENDENT_MC,32,CONTEXT_CONDITIONAL_ONLY,A,,"{""-1"": -1, ""1"": 1}"
E2_CONTEXT_SIGN_FLIP,62089,LEGACY_INDEPENDENT_MC,64,CONTEXT_CONDITIONAL_ONLY,A,,"{""-1"": -1, ""1"": 1}"
E2_CONTEXT_SIGN_FLIP,62089,LEGACY_INDEPENDENT_MC,128,CONTEXT_CONDITIONAL_ONLY,A,,"{""-1"": -1, ""1"": 1}"
E2_CONTEXT_SIGN_FLIP,62089,LEGACY_INDEPENDENT_MC,256,CONTEXT_CONDITIONAL_ONLY,A,,"{""-1"": -1, ""1"": 1}"
E2_CONTEXT_SIGN_FLIP,62090,ANTITHETIC_CRN_MC,8,CONTEXT_CONDITIONAL_ONLY,A,,"{""-1"": -1, ""1"": 1}"
E2_CONTEXT_SIGN_FLIP,62090,ANTITHETIC_CRN_MC,16,CONTEXT_CONDITIONAL_ONLY,A,,"{""-1"": -1, ""1"": 1}"
E2_CONTEXT_SIGN_FLIP,62090,ANTITHETIC_CRN_MC,32,CONTEXT_CONDITIONAL_ONLY,A,,"{""-1"": -1, ""1"": 1}"
E2_CONTEXT_SIGN_FLIP,62090,ANTITHETIC_CRN_MC,64,CONTEXT_CONDITIONAL_ONLY,A,,"{""-1"": -1, ""1"": 1}"
E2_CONTEXT_SIGN_FLIP,62090,ANTITHETIC_CRN_MC,128,CONTEXT_CONDITIONAL_ONLY,A,,"{""-1"": -1, ""1"": 1}"
E2_CONTEXT_SIGN_FLIP,62090,ANTITHETIC_CRN_MC,256,CONTEXT_CONDITIONAL_ONLY,A,,"{""-1"": -1, ""1"": 1}"
E2_CONTEXT_SIGN_FLIP,62090,CRN_CHAIN_MC,8,CONTEXT_CONDITIONAL_ONLY,A,,"{""-1"": -1, ""1"": 1}"
E2_CONTEXT_SIGN_FLIP,62090,CRN_CHAIN_MC,16,CONTEXT_CONDITIONAL_ONLY,A,,"{""-1"": -1, ""1"": 1}"
E2_CONTEXT_SIGN_FLIP,62090,CRN_CHAIN_MC,32,CONTEXT_CONDITIONAL_ONLY,A,,"{""-1"": -1, ""1"": 1}"
E2_CONTEXT_SIGN_FLIP,62090,CRN_CHAIN_MC,64,CONTEXT_CONDITIONAL_ONLY,A,,"{""-1"": -1, ""1"": 1}"
E2_CONTEXT_SIGN_FLIP,62090,CRN_CHAIN_MC,128,CONTEXT_CONDITIONAL_ONLY,A,,"{""-1"": -1, ""1"": 1}"
E2_CONTEXT_SIGN_FLIP,62090,CRN_CHAIN_MC,256,CONTEXT_CONDITIONAL_ONLY,A,,"{""-1"": -1, ""1"": 1}"
E2_CONTEXT_SIGN_FLIP,62090,DOUBLE_ANTITHETIC_CRN_MC,8,CONTEXT_CONDITIONAL_ONLY,A,,"{""-1"": -1, ""1"": 1}"
E2_CONTEXT_SIGN_FLIP,62090,DOUBLE_ANTITHETIC_CRN_MC,16,CONTEXT_CONDITIONAL_ONLY,A,,"{""-1"": -1, ""1"": 1}"
E2_CONTEXT_SIGN_FLIP,62090,DOUBLE_ANTITHETIC_CRN_MC,32,CONTEXT_CONDITIONAL_ONLY,A,,"{""-1"": -1, ""1"": 1}"
E2_CONTEXT_SIGN_FLIP,62090,DOUBLE_ANTITHETIC_CRN_MC,64,CONTEXT_CONDITIONAL_ONLY,A,,"{""-1"": -1, ""1"": 1}"
E2_CONTEXT_SIGN_FLIP,62090,DOUBLE_ANTITHETIC_CRN_MC,128,CONTEXT_CONDITIONAL_ONLY,A,,"{""-1"": -1, ""1"": 1}"
E2_CONTEXT_SIGN_FLIP,62090,DOUBLE_ANTITHETIC_CRN_MC,256,CONTEXT_CONDITIONAL_ONLY,A,,"{""-1"": -1, ""1"": 1}"
E2_CONTEXT_SIGN_FLIP,62090,LEGACY_INDEPENDENT_MC,8,CONTEXT_CONDITIONAL_ONLY,A,,"{""-1"": -1, ""1"": 1}"
E2_CONTEXT_SIGN_FLIP,62090,LEGACY_INDEPENDENT_MC,16,CONTEXT_CONDITIONAL_ONLY,A,,"{""-1"": -1, ""1"": 1}"
E2_CONTEXT_SIGN_FLIP,62090,LEGACY_INDEPENDENT_MC,32,CONTEXT_CONDITIONAL_ONLY,A,,"{""-1"": -1, ""1"": 1}"
E2_CONTEXT_SIGN_FLIP,62090,LEGACY_INDEPENDENT_MC,64,CONTEXT_CONDITIONAL_ONLY,A,,"{""-1"": -1, ""1"": 1}"
E2_CONTEXT_SIGN_FLIP,62090,LEGACY_INDEPENDENT_MC,128,CONTEXT_CONDITIONAL_ONLY,A,,"{""-1"": -1, ""1"": 1}"
E2_CONTEXT_SIGN_FLIP,62090,LEGACY_INDEPENDENT_MC,256,CONTEXT_CONDITIONAL_ONLY,A,,"{""-1"": -1, ""1"": 1}"
E2_CONTEXT_SIGN_FLIP,62091,ANTITHETIC_CRN_MC,8,CONTEXT_CONDITIONAL_ONLY,A,,"{""-1"": -1, ""1"": 1}"
E2_CONTEXT_SIGN_FLIP,62091,ANTITHETIC_CRN_MC,16,CONTEXT_CONDITIONAL_ONLY,A,,"{""-1"": -1, ""1"": 1}"
E2_CONTEXT_SIGN_FLIP,62091,ANTITHETIC_CRN_MC,32,CONTEXT_CONDITIONAL_ONLY,A,,"{""-1"": -1, ""1"": 1}"
E2_CONTEXT_SIGN_FLIP,62091,ANTITHETIC_CRN_MC,64,CONTEXT_CONDITIONAL_ONLY,A,,"{""-1"": -1, ""1"": 1}"
E2_CONTEXT_SIGN_FLIP,62091,ANTITHETIC_CRN_MC,128,CONTEXT_CONDITIONAL_ONLY,A,,"{""-1"": -1, ""1"": 1}"
E2_CONTEXT_SIGN_FLIP,62091,ANTITHETIC_CRN_MC,256,CONTEXT_CONDITIONAL_ONLY,A,,"{""-1"": -1, ""1"": 1}"
E2_CONTEXT_SIGN_FLIP,62091,CRN_CHAIN_MC,8,CONTEXT_CONDITIONAL_ONLY,A,,"{""-1"": -1, ""1"": 1}"
E2_CONTEXT_SIGN_FLIP,62091,CRN_CHAIN_MC,16,CONTEXT_CONDITIONAL_ONLY,A,,"{""-1"": -1, ""1"": 1}"
E2_CONTEXT_SIGN_FLIP,62091,CRN_CHAIN_MC,32,CONTEXT_CONDITIONAL_ONLY,A,,"{""-1"": -1, ""1"": 1}"
E2_CONTEXT_SIGN_FLIP,62091,CRN_CHAIN_MC,64,CONTEXT_CONDITIONAL_ONLY,A,,"{""-1"": -1, ""1"": 1}"
E2_CONTEXT_SIGN_FLIP,62091,CRN_CHAIN_MC,128,CONTEXT_CONDITIONAL_ONLY,A,,"{""-1"": -1, ""1"": 1}"
E2_CONTEXT_SIGN_FLIP,62091,CRN_CHAIN_MC,256,CONTEXT_CONDITIONAL_ONLY,A,,"{""-1"": -1, ""1"": 1}"
E2_CONTEXT_SIGN_FLIP,62091,DOUBLE_ANTITHETIC_CRN_MC,8,CONTEXT_CONDITIONAL_ONLY,A,,"{""-1"": -1, ""1"": 1}"
E2_CONTEXT_SIGN_FLIP,62091,DOUBLE_ANTITHETIC_CRN_MC,16,CONTEXT_CONDITIONAL_ONLY,A,,"{""-1"": -1, ""1"": 1}"
E2_CONTEXT_SIGN_FLIP,62091,DOUBLE_ANTITHETIC_CRN_MC,32,CONTEXT_CONDITIONAL_ONLY,A,,"{""-1"": -1, ""1"": 1}"
E2_CONTEXT_SIGN_FLIP,62091,DOUBLE_ANTITHETIC_CRN_MC,64,CONTEXT_CONDITIONAL_ONLY,A,,"{""-1"": -1, ""1"": 1}"
E2_CONTEXT_SIGN_FLIP,62091,DOUBLE_ANTITHETIC_CRN_MC,128,CONTEXT_CONDITIONAL_ONLY,A,,"{""-1"": -1, ""1"": 1}"
E2_CONTEXT_SIGN_FLIP,62091,DOUBLE_ANTITHETIC_CRN_MC,256,CONTEXT_CONDITIONAL_ONLY,A,,"{""-1"": -1, ""1"": 1}"
E2_CONTEXT_SIGN_FLIP,62091,LEGACY_INDEPENDENT_MC,8,CONTEXT_CONDITIONAL_ONLY,A,,"{""-1"": -1, ""1"": 1}"
E2_CONTEXT_SIGN_FLIP,62091,LEGACY_INDEPENDENT_MC,16,CONTEXT_CONDITIONAL_ONLY,A,,"{""-1"": -1, ""1"": 1}"
E2_CONTEXT_SIGN_FLIP,62091,LEGACY_INDEPENDENT_MC,32,CONTEXT_CONDITIONAL_ONLY,A,,"{""-1"": -1, ""1"": 1}"
E2_CONTEXT_SIGN_FLIP,62091,LEGACY_INDEPENDENT_MC,64,CONTEXT_CONDITIONAL_ONLY,A,,"{""-1"": -1, ""1"": 1}"
E2_CONTEXT_SIGN_FLIP,62091,LEGACY_INDEPENDENT_MC,128,CONTEXT_CONDITIONAL_ONLY,A,,"{""-1"": -1, ""1"": 1}"
E2_CONTEXT_SIGN_FLIP,62091,LEGACY_INDEPENDENT_MC,256,CONTEXT_CONDITIONAL_ONLY,A,,"{""-1"": -1, ""1"": 1}"
E2_CONTEXT_SIGN_FLIP,62092,ANTITHETIC_CRN_MC,8,CONTEXT_CONDITIONAL_ONLY,A,,"{""-1"": -1, ""1"": 1}"
E2_CONTEXT_SIGN_FLIP,62092,ANTITHETIC_CRN_MC,16,CONTEXT_CONDITIONAL_ONLY,A,,"{""-1"": -1, ""1"": 1}"
E2_CONTEXT_SIGN_FLIP,62092,ANTITHETIC_CRN_MC,32,CONTEXT_CONDITIONAL_ONLY,A,,"{""-1"": -1, ""1"": 1}"
E2_CONTEXT_SIGN_FLIP,62092,ANTITHETIC_CRN_MC,64,CONTEXT_CONDITIONAL_ONLY,A,,"{""-1"": -1, ""1"": 1}"
E2_CONTEXT_SIGN_FLIP,62092,ANTITHETIC_CRN_MC,128,CONTEXT_CONDITIONAL_ONLY,A,,"{""-1"": -1, ""1"": 1}"
E2_CONTEXT_SIGN_FLIP,62092,ANTITHETIC_CRN_MC,256,CONTEXT_CONDITIONAL_ONLY,A,,"{""-1"": -1, ""1"": 1}"
E2_CONTEXT_SIGN_FLIP,62092,CRN_CHAIN_MC,8,CONTEXT_CONDITIONAL_ONLY,A,,"{""-1"": -1, ""1"": 1}"
E2_CONTEXT_SIGN_FLIP,62092,CRN_CHAIN_MC,16,CONTEXT_CONDITIONAL_ONLY,A,,"{""-1"": -1, ""1"": 1}"
E2_CONTEXT_SIGN_FLIP,62092,CRN_CHAIN_MC,32,CONTEXT_CONDITIONAL_ONLY,A,,"{""-1"": -1, ""1"": 1}"
E2_CONTEXT_SIGN_FLIP,62092,CRN_CHAIN_MC,64,CONTEXT_CONDITIONAL_ONLY,A,,"{""-1"": -1, ""1"": 1}"
E2_CONTEXT_SIGN_FLIP,62092,CRN_CHAIN_MC,128,CONTEXT_CONDITIONAL_ONLY,A,,"{""-1"": -1, ""1"": 1}"
E2_CONTEXT_SIGN_FLIP,62092,CRN_CHAIN_MC,256,CONTEXT_CONDITIONAL_ONLY,A,,"{""-1"": -1, ""1"": 1}"
E2_CONTEXT_SIGN_FLIP,62092,DOUBLE_ANTITHETIC_CRN_MC,8,CONTEXT_CONDITIONAL_ONLY,A,,"{""-1"": -1, ""1"": 1}"
E2_CONTEXT_SIGN_FLIP,62092,DOUBLE_ANTITHETIC_CRN_MC,16,CONTEXT_CONDITIONAL_ONLY,A,,"{""-1"": -1, ""1"": 1}"
E2_CONTEXT_SIGN_FLIP,62092,DOUBLE_ANTITHETIC_CRN_MC,32,CONTEXT_CONDITIONAL_ONLY,A,,"{""-1"": -1, ""1"": 1}"
E2_CONTEXT_SIGN_FLIP,62092,DOUBLE_ANTITHETIC_CRN_MC,64,CONTEXT_CONDITIONAL_ONLY,A,,"{""-1"": -1, ""1"": 1}"
E2_CONTEXT_SIGN_FLIP,62092,DOUBLE_ANTITHETIC_CRN_MC,128,CONTEXT_CONDITIONAL_ONLY,A,,"{""-1"": -1, ""1"": 1}"
E2_CONTEXT_SIGN_FLIP,62092,DOUBLE_ANTITHETIC_CRN_MC,256,CONTEXT_CONDITIONAL_ONLY,A,,"{""-1"": -1, ""1"": 1}"
E2_CONTEXT_SIGN_FLIP,62092,LEGACY_INDEPENDENT_MC,8,CONTEXT_CONDITIONAL_ONLY,A,,"{""-1"": -1, ""1"": 1}"
E2_CONTEXT_SIGN_FLIP,62092,LEGACY_INDEPENDENT_MC,16,CONTEXT_CONDITIONAL_ONLY,A,,"{""-1"": -1, ""1"": 1}"
E2_CONTEXT_SIGN_FLIP,62092,LEGACY_INDEPENDENT_MC,32,CONTEXT_CONDITIONAL_ONLY,A,,"{""-1"": -1, ""1"": 1}"
E2_CONTEXT_SIGN_FLIP,62092,LEGACY_INDEPENDENT_MC,64,CONTEXT_CONDITIONAL_ONLY,A,,"{""-1"": -1, ""1"": 1}"
E2_CONTEXT_SIGN_FLIP,62092,LEGACY_INDEPENDENT_MC,128,CONTEXT_CONDITIONAL_ONLY,A,,"{""-1"": -1, ""1"": 1}"
E2_CONTEXT_SIGN_FLIP,62092,LEGACY_INDEPENDENT_MC,256,CONTEXT_CONDITIONAL_ONLY,A,,"{""-1"": -1, ""1"": 1}"
E2_CONTEXT_SIGN_FLIP,62093,ANTITHETIC_CRN_MC,8,CONTEXT_CONDITIONAL_ONLY,A,,"{""-1"": -1, ""1"": 1}"
E2_CONTEXT_SIGN_FLIP,62093,ANTITHETIC_CRN_MC,16,CONTEXT_CONDITIONAL_ONLY,A,,"{""-1"": -1, ""1"": 1}"
E2_CONTEXT_SIGN_FLIP,62093,ANTITHETIC_CRN_MC,32,CONTEXT_CONDITIONAL_ONLY,A,,"{""-1"": -1, ""1"": 1}"
E2_CONTEXT_SIGN_FLIP,62093,ANTITHETIC_CRN_MC,64,CONTEXT_CONDITIONAL_ONLY,A,,"{""-1"": -1, ""1"": 1}"
E2_CONTEXT_SIGN_FLIP,62093,ANTITHETIC_CRN_MC,128,CONTEXT_CONDITIONAL_ONLY,A,,"{""-1"": -1, ""1"": 1}"
E2_CONTEXT_SIGN_FLIP,62093,ANTITHETIC_CRN_MC,256,CONTEXT_CONDITIONAL_ONLY,A,,"{""-1"": -1, ""1"": 1}"
E2_CONTEXT_SIGN_FLIP,62093,CRN_CHAIN_MC,8,CONTEXT_CONDITIONAL_ONLY,A,,"{""-1"": -1, ""1"": 1}"
E2_CONTEXT_SIGN_FLIP,62093,CRN_CHAIN_MC,16,CONTEXT_CONDITIONAL_ONLY,A,,"{""-1"": -1, ""1"": 1}"
E2_CONTEXT_SIGN_FLIP,62093,CRN_CHAIN_MC,32,CONTEXT_CONDITIONAL_ONLY,A,,"{""-1"": -1, ""1"": 1}"
E2_CONTEXT_SIGN_FLIP,62093,CRN_CHAIN_MC,64,CONTEXT_CONDITIONAL_ONLY,A,,"{""-1"": -1, ""1"": 1}"
E2_CONTEXT_SIGN_FLIP,62093,CRN_CHAIN_MC,128,CONTEXT_CONDITIONAL_ONLY,A,,"{""-1"": -1, ""1"": 1}"
E2_CONTEXT_SIGN_FLIP,62093,CRN_CHAIN_MC,256,CONTEXT_CONDITIONAL_ONLY,A,,"{""-1"": -1, ""1"": 1}"
E2_CONTEXT_SIGN_FLIP,62093,DOUBLE_ANTITHETIC_CRN_MC,8,CONTEXT_CONDITIONAL_ONLY,A,,"{""-1"": -1, ""1"": 1}"
E2_CONTEXT_SIGN_FLIP,62093,DOUBLE_ANTITHETIC_CRN_MC,16,CONTEXT_CONDITIONAL_ONLY,A,,"{""-1"": -1, ""1"": 1}"
E2_CONTEXT_SIGN_FLIP,62093,DOUBLE_ANTITHETIC_CRN_MC,32,CONTEXT_CONDITIONAL_ONLY,A,,"{""-1"": -1, ""1"": 1}"
E2_CONTEXT_SIGN_FLIP,62093,DOUBLE_ANTITHETIC_CRN_MC,64,CONTEXT_CONDITIONAL_ONLY,A,,"{""-1"": -1, ""1"": 1}"
E2_CONTEXT_SIGN_FLIP,62093,DOUBLE_ANTITHETIC_CRN_MC,128,CONTEXT_CONDITIONAL_ONLY,A,,"{""-1"": -1, ""1"": 1}"
E2_CONTEXT_SIGN_FLIP,62093,DOUBLE_ANTITHETIC_CRN_MC,256,CONTEXT_CONDITIONAL_ONLY,A,,"{""-1"": -1, ""1"": 1}"
E2_CONTEXT_SIGN_FLIP,62093,LEGACY_INDEPENDENT_MC,8,CONTEXT_CONDITIONAL_ONLY,A,,"{""-1"": -1, ""1"": 1}"
E2_CONTEXT_SIGN_FLIP,62093,LEGACY_INDEPENDENT_MC,16,CONTEXT_CONDITIONAL_ONLY,A,,"{""-1"": -1, ""1"": 1}"
E2_CONTEXT_SIGN_FLIP,62093,LEGACY_INDEPENDENT_MC,32,CONTEXT_CONDITIONAL_ONLY,A,,"{""-1"": -1, ""1"": 1}"
E2_CONTEXT_SIGN_FLIP,62093,LEGACY_INDEPENDENT_MC,64,CONTEXT_CONDITIONAL_ONLY,A,,"{""-1"": -1, ""1"": 1}"
E2_CONTEXT_SIGN_FLIP,62093,LEGACY_INDEPENDENT_MC,128,CONTEXT_CONDITIONAL_ONLY,A,,"{""-1"": -1, ""1"": 1}"
E2_CONTEXT_SIGN_FLIP,62093,LEGACY_INDEPENDENT_MC,256,CONTEXT_CONDITIONAL_ONLY,A,,"{""-1"": -1, ""1"": 1}"
E2_CONTEXT_SIGN_FLIP,62094,ANTITHETIC_CRN_MC,8,CONTEXT_CONDITIONAL_ONLY,A,,"{""-1"": -1, ""1"": 1}"
E2_CONTEXT_SIGN_FLIP,62094,ANTITHETIC_CRN_MC,16,CONTEXT_CONDITIONAL_ONLY,A,,"{""-1"": -1, ""1"": 1}"
E2_CONTEXT_SIGN_FLIP,62094,ANTITHETIC_CRN_MC,32,CONTEXT_CONDITIONAL_ONLY,A,,"{""-1"": -1, ""1"": 1}"
E2_CONTEXT_SIGN_FLIP,62094,ANTITHETIC_CRN_MC,64,CONTEXT_CONDITIONAL_ONLY,A,,"{""-1"": -1, ""1"": 1}"
E2_CONTEXT_SIGN_FLIP,62094,ANTITHETIC_CRN_MC,128,CONTEXT_CONDITIONAL_ONLY,A,,"{""-1"": -1, ""1"": 1}"
E2_CONTEXT_SIGN_FLIP,62094,ANTITHETIC_CRN_MC,256,CONTEXT_CONDITIONAL_ONLY,A,,"{""-1"": -1, ""1"": 1}"
E2_CONTEXT_SIGN_FLIP,62094,CRN_CHAIN_MC,8,CONTEXT_CONDITIONAL_ONLY,A,,"{""-1"": -1, ""1"": 1}"
E2_CONTEXT_SIGN_FLIP,62094,CRN_CHAIN_MC,16,CONTEXT_CONDITIONAL_ONLY,A,,"{""-1"": -1, ""1"": 1}"
E2_CONTEXT_SIGN_FLIP,62094,CRN_CHAIN_MC,32,CONTEXT_CONDITIONAL_ONLY,A,,"{""-1"": -1, ""1"": 1}"
E2_CONTEXT_SIGN_FLIP,62094,CRN_CHAIN_MC,64,CONTEXT_CONDITIONAL_ONLY,A,,"{""-1"": -1, ""1"": 1}"
E2_CONTEXT_SIGN_FLIP,62094,CRN_CHAIN_MC,128,CONTEXT_CONDITIONAL_ONLY,A,,"{""-1"": -1, ""1"": 1}"
E2_CONTEXT_SIGN_FLIP,62094,CRN_CHAIN_MC,256,CONTEXT_CONDITIONAL_ONLY,A,,"{""-1"": -1, ""1"": 1}"
E2_CONTEXT_SIGN_FLIP,62094,DOUBLE_ANTITHETIC_CRN_MC,8,CONTEXT_CONDITIONAL_ONLY,A,,"{""-1"": -1, ""1"": 1}"
E2_CONTEXT_SIGN_FLIP,62094,DOUBLE_ANTITHETIC_CRN_MC,16,CONTEXT_CONDITIONAL_ONLY,A,,"{""-1"": -1, ""1"": 1}"
E2_CONTEXT_SIGN_FLIP,62094,DOUBLE_ANTITHETIC_CRN_MC,32,CONTEXT_CONDITIONAL_ONLY,A,,"{""-1"": -1, ""1"": 1}"
E2_CONTEXT_SIGN_FLIP,62094,DOUBLE_ANTITHETIC_CRN_MC,64,CONTEXT_CONDITIONAL_ONLY,A,,"{""-1"": -1, ""1"": 1}"
E2_CONTEXT_SIGN_FLIP,62094,DOUBLE_ANTITHETIC_CRN_MC,128,CONTEXT_CONDITIONAL_ONLY,A,,"{""-1"": -1, ""1"": 1}"
E2_CONTEXT_SIGN_FLIP,62094,DOUBLE_ANTITHETIC_CRN_MC,256,CONTEXT_CONDITIONAL_ONLY,A,,"{""-1"": -1, ""1"": 1}"
E2_CONTEXT_SIGN_FLIP,62094,LEGACY_INDEPENDENT_MC,8,CONTEXT_CONDITIONAL_ONLY,A,,"{""-1"": -1, ""1"": 1}"
E2_CONTEXT_SIGN_FLIP,62094,LEGACY_INDEPENDENT_MC,16,CONTEXT_CONDITIONAL_ONLY,A,,"{""-1"": -1, ""1"": 1}"
E2_CONTEXT_SIGN_FLIP,62094,LEGACY_INDEPENDENT_MC,32,CONTEXT_CONDITIONAL_ONLY,A,,"{""-1"": -1, ""1"": 1}"
E2_CONTEXT_SIGN_FLIP,62094,LEGACY_INDEPENDENT_MC,64,CONTEXT_CONDITIONAL_ONLY,A,,"{""-1"": -1, ""1"": 1}"
E2_CONTEXT_SIGN_FLIP,62094,LEGACY_INDEPENDENT_MC,128,CONTEXT_CONDITIONAL_ONLY,A,,"{""-1"": -1, ""1"": 1}"
E2_CONTEXT_SIGN_FLIP,62094,LEGACY_INDEPENDENT_MC,256,CONTEXT_CONDITIONAL_ONLY,A,,"{""-1"": -1, ""1"": 1}"
E2_CONTEXT_SIGN_FLIP,62095,ANTITHETIC_CRN_MC,8,CONTEXT_CONDITIONAL_ONLY,A,,"{""-1"": -1, ""1"": 1}"
E2_CONTEXT_SIGN_FLIP,62095,ANTITHETIC_CRN_MC,16,CONTEXT_CONDITIONAL_ONLY,A,,"{""-1"": -1, ""1"": 1}"
E2_CONTEXT_SIGN_FLIP,62095,ANTITHETIC_CRN_MC,32,CONTEXT_CONDITIONAL_ONLY,A,,"{""-1"": -1, ""1"": 1}"
E2_CONTEXT_SIGN_FLIP,62095,ANTITHETIC_CRN_MC,64,CONTEXT_CONDITIONAL_ONLY,A,,"{""-1"": -1, ""1"": 1}"
E2_CONTEXT_SIGN_FLIP,62095,ANTITHETIC_CRN_MC,128,CONTEXT_CONDITIONAL_ONLY,A,,"{""-1"": -1, ""1"": 1}"
E2_CONTEXT_SIGN_FLIP,62095,ANTITHETIC_CRN_MC,256,CONTEXT_CONDITIONAL_ONLY,A,,"{""-1"": -1, ""1"": 1}"
E2_CONTEXT_SIGN_FLIP,62095,CRN_CHAIN_MC,8,CONTEXT_CONDITIONAL_ONLY,A,,"{""-1"": -1, ""1"": 1}"
E2_CONTEXT_SIGN_FLIP,62095,CRN_CHAIN_MC,16,CONTEXT_CONDITIONAL_ONLY,A,,"{""-1"": -1, ""1"": 1}"
E2_CONTEXT_SIGN_FLIP,62095,CRN_CHAIN_MC,32,CONTEXT_CONDITIONAL_ONLY,A,,"{""-1"": -1, ""1"": 1}"
E2_CONTEXT_SIGN_FLIP,62095,CRN_CHAIN_MC,64,CONTEXT_CONDITIONAL_ONLY,A,,"{""-1"": -1, ""1"": 1}"
E2_CONTEXT_SIGN_FLIP,62095,CRN_CHAIN_MC,128,CONTEXT_CONDITIONAL_ONLY,A,,"{""-1"": -1, ""1"": 1}"
E2_CONTEXT_SIGN_FLIP,62095,CRN_CHAIN_MC,256,CONTEXT_CONDITIONAL_ONLY,A,,"{""-1"": -1, ""1"": 1}"
E2_CONTEXT_SIGN_FLIP,62095,DOUBLE_ANTITHETIC_CRN_MC,8,CONTEXT_CONDITIONAL_ONLY,A,,"{""-1"": -1, ""1"": 1}"
E2_CONTEXT_SIGN_FLIP,62095,DOUBLE_ANTITHETIC_CRN_MC,16,CONTEXT_CONDITIONAL_ONLY,A,,"{""-1"": -1, ""1"": 1}"
E2_CONTEXT_SIGN_FLIP,62095,DOUBLE_ANTITHETIC_CRN_MC,32,CONTEXT_CONDITIONAL_ONLY,A,,"{""-1"": -1, ""1"": 1}"
E2_CONTEXT_SIGN_FLIP,62095,DOUBLE_ANTITHETIC_CRN_MC,64,CONTEXT_CONDITIONAL_ONLY,A,,"{""-1"": -1, ""1"": 1}"
E2_CONTEXT_SIGN_FLIP,62095,DOUBLE_ANTITHETIC_CRN_MC,128,CONTEXT_CONDITIONAL_ONLY,A,,"{""-1"": -1, ""1"": 1}"
E2_CONTEXT_SIGN_FLIP,62095,DOUBLE_ANTITHETIC_CRN_MC,256,CONTEXT_CONDITIONAL_ONLY,A,,"{""-1"": -1, ""1"": 1}"
E2_CONTEXT_SIGN_FLIP,62095,LEGACY_INDEPENDENT_MC,8,CONTEXT_CONDITIONAL_ONLY,A,,"{""-1"": -1, ""1"": 1}"
E2_CONTEXT_SIGN_FLIP,62095,LEGACY_INDEPENDENT_MC,16,CONTEXT_CONDITIONAL_ONLY,A,,"{""-1"": -1, ""1"": 1}"
E2_CONTEXT_SIGN_FLIP,62095,LEGACY_INDEPENDENT_MC,32,CONTEXT_CONDITIONAL_ONLY,A,,"{""-1"": -1, ""1"": 1}"
E2_CONTEXT_SIGN_FLIP,62095,LEGACY_INDEPENDENT_MC,64,CONTEXT_CONDITIONAL_ONLY,A,,"{""-1"": -1, ""1"": 1}"
E2_CONTEXT_SIGN_FLIP,62095,LEGACY_INDEPENDENT_MC,128,CONTEXT_CONDITIONAL_ONLY,A,,"{""-1"": -1, ""1"": 1}"
E2_CONTEXT_SIGN_FLIP,62095,LEGACY_INDEPENDENT_MC,256,CONTEXT_CONDITIONAL_ONLY,A,,"{""-1"": -1, ""1"": 1}"
E2_CONTEXT_SIGN_FLIP,62096,ANTITHETIC_CRN_MC,8,CONTEXT_CONDITIONAL_ONLY,A,,"{""-1"": -1, ""1"": 1}"
E2_CONTEXT_SIGN_FLIP,62096,ANTITHETIC_CRN_MC,16,CONTEXT_CONDITIONAL_ONLY,A,,"{""-1"": -1, ""1"": 1}"
E2_CONTEXT_SIGN_FLIP,62096,ANTITHETIC_CRN_MC,32,CONTEXT_CONDITIONAL_ONLY,A,,"{""-1"": -1, ""1"": 1}"
E2_CONTEXT_SIGN_FLIP,62096,ANTITHETIC_CRN_MC,64,CONTEXT_CONDITIONAL_ONLY,A,,"{""-1"": -1, ""1"": 1}"
E2_CONTEXT_SIGN_FLIP,62096,ANTITHETIC_CRN_MC,128,CONTEXT_CONDITIONAL_ONLY,A,,"{""-1"": -1, ""1"": 1}"
E2_CONTEXT_SIGN_FLIP,62096,ANTITHETIC_CRN_MC,256,CONTEXT_CONDITIONAL_ONLY,A,,"{""-1"": -1, ""1"": 1}"
E2_CONTEXT_SIGN_FLIP,62096,CRN_CHAIN_MC,8,CONTEXT_CONDITIONAL_ONLY,A,,"{""-1"": -1, ""1"": 1}"
E2_CONTEXT_SIGN_FLIP,62096,CRN_CHAIN_MC,16,CONTEXT_CONDITIONAL_ONLY,A,,"{""-1"": -1, ""1"": 1}"
E2_CONTEXT_SIGN_FLIP,62096,CRN_CHAIN_MC,32,CONTEXT_CONDITIONAL_ONLY,A,,"{""-1"": -1, ""1"": 1}"
E2_CONTEXT_SIGN_FLIP,62096,CRN_CHAIN_MC,64,CONTEXT_CONDITIONAL_ONLY,A,,"{""-1"": -1, ""1"": 1}"
E2_CONTEXT_SIGN_FLIP,62096,CRN_CHAIN_MC,128,CONTEXT_CONDITIONAL_ONLY,A,,"{""-1"": -1, ""1"": 1}"
E2_CONTEXT_SIGN_FLIP,62096,CRN_CHAIN_MC,256,CONTEXT_CONDITIONAL_ONLY,A,,"{""-1"": -1, ""1"": 1}"
E2_CONTEXT_SIGN_FLIP,62096,DOUBLE_ANTITHETIC_CRN_MC,8,CONTEXT_CONDITIONAL_ONLY,A,,"{""-1"": -1, ""1"": 1}"
E2_CONTEXT_SIGN_FLIP,62096,DOUBLE_ANTITHETIC_CRN_MC,16,CONTEXT_CONDITIONAL_ONLY,A,,"{""-1"": -1, ""1"": 1}"
E2_CONTEXT_SIGN_FLIP,62096,DOUBLE_ANTITHETIC_CRN_MC,32,CONTEXT_CONDITIONAL_ONLY,A,,"{""-1"": -1, ""1"": 1}"
E2_CONTEXT_SIGN_FLIP,62096,DOUBLE_ANTITHETIC_CRN_MC,64,CONTEXT_CONDITIONAL_ONLY,A,,"{""-1"": -1, ""1"": 1}"
E2_CONTEXT_SIGN_FLIP,62096,DOUBLE_ANTITHETIC_CRN_MC,128,CONTEXT_CONDITIONAL_ONLY,A,,"{""-1"": -1, ""1"": 1}"
E2_CONTEXT_SIGN_FLIP,62096,DOUBLE_ANTITHETIC_CRN_MC,256,CONTEXT_CONDITIONAL_ONLY,A,,"{""-1"": -1, ""1"": 1}"
E2_CONTEXT_SIGN_FLIP,62096,LEGACY_INDEPENDENT_MC,8,CONTEXT_CONDITIONAL_ONLY,A,,"{""-1"": -1, ""1"": 1}"
E2_CONTEXT_SIGN_FLIP,62096,LEGACY_INDEPENDENT_MC,16,CONTEXT_CONDITIONAL_ONLY,A,,"{""-1"": -1, ""1"": 1}"
E2_CONTEXT_SIGN_FLIP,62096,LEGACY_INDEPENDENT_MC,32,CONTEXT_CONDITIONAL_ONLY,A,,"{""-1"": -1, ""1"": 1}"
E2_CONTEXT_SIGN_FLIP,62096,LEGACY_INDEPENDENT_MC,64,CONTEXT_CONDITIONAL_ONLY,A,,"{""-1"": -1, ""1"": 1}"
E2_CONTEXT_SIGN_FLIP,62096,LEGACY_INDEPENDENT_MC,128,CONTEXT_CONDITIONAL_ONLY,A,,"{""-1"": -1, ""1"": 1}"
E2_CONTEXT_SIGN_FLIP,62096,LEGACY_INDEPENDENT_MC,256,CONTEXT_CONDITIONAL_ONLY,A,,"{""-1"": -1, ""1"": 1}"
E2_CONTEXT_SIGN_FLIP,62097,ANTITHETIC_CRN_MC,8,CONTEXT_CONDITIONAL_ONLY,A,,"{""-1"": -1, ""1"": 1}"
E2_CONTEXT_SIGN_FLIP,62097,ANTITHETIC_CRN_MC,16,CONTEXT_CONDITIONAL_ONLY,A,,"{""-1"": -1, ""1"": 1}"
E2_CONTEXT_SIGN_FLIP,62097,ANTITHETIC_CRN_MC,32,CONTEXT_CONDITIONAL_ONLY,A,,"{""-1"": -1, ""1"": 1}"
E2_CONTEXT_SIGN_FLIP,62097,ANTITHETIC_CRN_MC,64,CONTEXT_CONDITIONAL_ONLY,A,,"{""-1"": -1, ""1"": 1}"
E2_CONTEXT_SIGN_FLIP,62097,ANTITHETIC_CRN_MC,128,CONTEXT_CONDITIONAL_ONLY,A,,"{""-1"": -1, ""1"": 1}"
E2_CONTEXT_SIGN_FLIP,62097,ANTITHETIC_CRN_MC,256,CONTEXT_CONDITIONAL_ONLY,A,,"{""-1"": -1, ""1"": 1}"
E2_CONTEXT_SIGN_FLIP,62097,CRN_CHAIN_MC,8,CONTEXT_CONDITIONAL_ONLY,A,,"{""-1"": -1, ""1"": 1}"
E2_CONTEXT_SIGN_FLIP,62097,CRN_CHAIN_MC,16,CONTEXT_CONDITIONAL_ONLY,A,,"{""-1"": -1, ""1"": 1}"
E2_CONTEXT_SIGN_FLIP,62097,CRN_CHAIN_MC,32,CONTEXT_CONDITIONAL_ONLY,A,,"{""-1"": -1, ""1"": 1}"
E2_CONTEXT_SIGN_FLIP,62097,CRN_CHAIN_MC,64,CONTEXT_CONDITIONAL_ONLY,A,,"{""-1"": -1, ""1"": 1}"
E2_CONTEXT_SIGN_FLIP,62097,CRN_CHAIN_MC,128,CONTEXT_CONDITIONAL_ONLY,A,,"{""-1"": -1, ""1"": 1}"
E2_CONTEXT_SIGN_FLIP,62097,CRN_CHAIN_MC,256,CONTEXT_CONDITIONAL_ONLY,A,,"{""-1"": -1, ""1"": 1}"
E2_CONTEXT_SIGN_FLIP,62097,DOUBLE_ANTITHETIC_CRN_MC,8,CONTEXT_CONDITIONAL_ONLY,A,,"{""-1"": -1, ""1"": 1}"
E2_CONTEXT_SIGN_FLIP,62097,DOUBLE_ANTITHETIC_CRN_MC,16,CONTEXT_CONDITIONAL_ONLY,A,,"{""-1"": -1, ""1"": 1}"
E2_CONTEXT_SIGN_FLIP,62097,DOUBLE_ANTITHETIC_CRN_MC,32,CONTEXT_CONDITIONAL_ONLY,A,,"{""-1"": -1, ""1"": 1}"
E2_CONTEXT_SIGN_FLIP,62097,DOUBLE_ANTITHETIC_CRN_MC,64,CONTEXT_CONDITIONAL_ONLY,A,,"{""-1"": -1, ""1"": 1}"
E2_CONTEXT_SIGN_FLIP,62097,DOUBLE_ANTITHETIC_CRN_MC,128,CONTEXT_CONDITIONAL_ONLY,A,,"{""-1"": -1, ""1"": 1}"
E2_CONTEXT_SIGN_FLIP,62097,DOUBLE_ANTITHETIC_CRN_MC,256,CONTEXT_CONDITIONAL_ONLY,A,,"{""-1"": -1, ""1"": 1}"
E2_CONTEXT_SIGN_FLIP,62097,LEGACY_INDEPENDENT_MC,8,CONTEXT_CONDITIONAL_ONLY,A,,"{""-1"": -1, ""1"": 1}"
E2_CONTEXT_SIGN_FLIP,62097,LEGACY_INDEPENDENT_MC,16,CONTEXT_CONDITIONAL_ONLY,A,,"{""-1"": -1, ""1"": 1}"
E2_CONTEXT_SIGN_FLIP,62097,LEGACY_INDEPENDENT_MC,32,CONTEXT_CONDITIONAL_ONLY,A,,"{""-1"": -1, ""1"": 1}"
E2_CONTEXT_SIGN_FLIP,62097,LEGACY_INDEPENDENT_MC,64,CONTEXT_CONDITIONAL_ONLY,A,,"{""-1"": -1, ""1"": 1}"
E2_CONTEXT_SIGN_FLIP,62097,LEGACY_INDEPENDENT_MC,128,CONTEXT_CONDITIONAL_ONLY,A,,"{""-1"": -1, ""1"": 1}"
E2_CONTEXT_SIGN_FLIP,62097,LEGACY_INDEPENDENT_MC,256,CONTEXT_CONDITIONAL_ONLY,A,,"{""-1"": -1, ""1"": 1}"
E2_CONTEXT_SIGN_FLIP,62098,ANTITHETIC_CRN_MC,8,CONTEXT_CONDITIONAL_ONLY,A,,"{""-1"": -1, ""1"": 1}"
E2_CONTEXT_SIGN_FLIP,62098,ANTITHETIC_CRN_MC,16,CONTEXT_CONDITIONAL_ONLY,A,,"{""-1"": -1, ""1"": 1}"
E2_CONTEXT_SIGN_FLIP,62098,ANTITHETIC_CRN_MC,32,CONTEXT_CONDITIONAL_ONLY,A,,"{""-1"": -1, ""1"": 1}"
E2_CONTEXT_SIGN_FLIP,62098,ANTITHETIC_CRN_MC,64,CONTEXT_CONDITIONAL_ONLY,A,,"{""-1"": -1, ""1"": 1}"
E2_CONTEXT_SIGN_FLIP,62098,ANTITHETIC_CRN_MC,128,CONTEXT_CONDITIONAL_ONLY,A,,"{""-1"": -1, ""1"": 1}"
E2_CONTEXT_SIGN_FLIP,62098,ANTITHETIC_CRN_MC,256,CONTEXT_CONDITIONAL_ONLY,A,,"{""-1"": -1, ""1"": 1}"
E2_CONTEXT_SIGN_FLIP,62098,CRN_CHAIN_MC,8,CONTEXT_CONDITIONAL_ONLY,A,,"{""-1"": -1, ""1"": 1}"
E2_CONTEXT_SIGN_FLIP,62098,CRN_CHAIN_MC,16,CONTEXT_CONDITIONAL_ONLY,A,,"{""-1"": -1, ""1"": 1}"
E2_CONTEXT_SIGN_FLIP,62098,CRN_CHAIN_MC,32,CONTEXT_CONDITIONAL_ONLY,A,,"{""-1"": -1, ""1"": 1}"
E2_CONTEXT_SIGN_FLIP,62098,CRN_CHAIN_MC,64,CONTEXT_CONDITIONAL_ONLY,A,,"{""-1"": -1, ""1"": 1}"
E2_CONTEXT_SIGN_FLIP,62098,CRN_CHAIN_MC,128,CONTEXT_CONDITIONAL_ONLY,A,,"{""-1"": -1, ""1"": 1}"
E2_CONTEXT_SIGN_FLIP,62098,CRN_CHAIN_MC,256,CONTEXT_CONDITIONAL_ONLY,A,,"{""-1"": -1, ""1"": 1}"
E2_CONTEXT_SIGN_FLIP,62098,DOUBLE_ANTITHETIC_CRN_MC,8,CONTEXT_CONDITIONAL_ONLY,A,,"{""-1"": -1, ""1"": 1}"
E2_CONTEXT_SIGN_FLIP,62098,DOUBLE_ANTITHETIC_CRN_MC,16,CONTEXT_CONDITIONAL_ONLY,A,,"{""-1"": -1, ""1"": 1}"
E2_CONTEXT_SIGN_FLIP,62098,DOUBLE_ANTITHETIC_CRN_MC,32,CONTEXT_CONDITIONAL_ONLY,A,,"{""-1"": -1, ""1"": 1}"
E2_CONTEXT_SIGN_FLIP,62098,DOUBLE_ANTITHETIC_CRN_MC,64,CONTEXT_CONDITIONAL_ONLY,A,,"{""-1"": -1, ""1"": 1}"
E2_CONTEXT_SIGN_FLIP,62098,DOUBLE_ANTITHETIC_CRN_MC,128,CONTEXT_CONDITIONAL_ONLY,A,,"{""-1"": -1, ""1"": 1}"
E2_CONTEXT_SIGN_FLIP,62098,DOUBLE_ANTITHETIC_CRN_MC,256,CONTEXT_CONDITIONAL_ONLY,A,,"{""-1"": -1, ""1"": 1}"
E2_CONTEXT_SIGN_FLIP,62098,LEGACY_INDEPENDENT_MC,8,CONTEXT_CONDITIONAL_ONLY,A,,"{""-1"": -1, ""1"": 1}"
E2_CONTEXT_SIGN_FLIP,62098,LEGACY_INDEPENDENT_MC,16,CONTEXT_CONDITIONAL_ONLY,A,,"{""-1"": -1, ""1"": 1}"
E2_CONTEXT_SIGN_FLIP,62098,LEGACY_INDEPENDENT_MC,32,CONTEXT_CONDITIONAL_ONLY,A,,"{""-1"": -1, ""1"": 1}"
E2_CONTEXT_SIGN_FLIP,62098,LEGACY_INDEPENDENT_MC,64,CONTEXT_CONDITIONAL_ONLY,A,,"{""-1"": -1, ""1"": 1}"
E2_CONTEXT_SIGN_FLIP,62098,LEGACY_INDEPENDENT_MC,128,CONTEXT_CONDITIONAL_ONLY,A,,"{""-1"": -1, ""1"": 1}"
E2_CONTEXT_SIGN_FLIP,62098,LEGACY_INDEPENDENT_MC,256,CONTEXT_CONDITIONAL_ONLY,A,,"{""-1"": -1, ""1"": 1}"
E2_CONTEXT_SIGN_FLIP,62099,ANTITHETIC_CRN_MC,8,CONTEXT_CONDITIONAL_ONLY,A,,"{""-1"": -1, ""1"": 1}"
E2_CONTEXT_SIGN_FLIP,62099,ANTITHETIC_CRN_MC,16,CONTEXT_CONDITIONAL_ONLY,A,,"{""-1"": -1, ""1"": 1}"
E2_CONTEXT_SIGN_FLIP,62099,ANTITHETIC_CRN_MC,32,CONTEXT_CONDITIONAL_ONLY,A,,"{""-1"": -1, ""1"": 1}"
E2_CONTEXT_SIGN_FLIP,62099,ANTITHETIC_CRN_MC,64,CONTEXT_CONDITIONAL_ONLY,A,,"{""-1"": -1, ""1"": 1}"
E2_CONTEXT_SIGN_FLIP,62099,ANTITHETIC_CRN_MC,128,CONTEXT_CONDITIONAL_ONLY,A,,"{""-1"": -1, ""1"": 1}"
E2_CONTEXT_SIGN_FLIP,62099,ANTITHETIC_CRN_MC,256,CONTEXT_CONDITIONAL_ONLY,A,,"{""-1"": -1, ""1"": 1}"
E2_CONTEXT_SIGN_FLIP,62099,CRN_CHAIN_MC,8,CONTEXT_CONDITIONAL_ONLY,A,,"{""-1"": -1, ""1"": 1}"
E2_CONTEXT_SIGN_FLIP,62099,CRN_CHAIN_MC,16,CONTEXT_CONDITIONAL_ONLY,A,,"{""-1"": -1, ""1"": 1}"
E2_CONTEXT_SIGN_FLIP,62099,CRN_CHAIN_MC,32,CONTEXT_CONDITIONAL_ONLY,A,,"{""-1"": -1, ""1"": 1}"
E2_CONTEXT_SIGN_FLIP,62099,CRN_CHAIN_MC,64,CONTEXT_CONDITIONAL_ONLY,A,,"{""-1"": -1, ""1"": 1}"
E2_CONTEXT_SIGN_FLIP,62099,CRN_CHAIN_MC,128,CONTEXT_CONDITIONAL_ONLY,A,,"{""-1"": -1, ""1"": 1}"
E2_CONTEXT_SIGN_FLIP,62099,CRN_CHAIN_MC,256,CONTEXT_CONDITIONAL_ONLY,A,,"{""-1"": -1, ""1"": 1}"
E2_CONTEXT_SIGN_FLIP,62099,DOUBLE_ANTITHETIC_CRN_MC,8,CONTEXT_CONDITIONAL_ONLY,A,,"{""-1"": -1, ""1"": 1}"
E2_CONTEXT_SIGN_FLIP,62099,DOUBLE_ANTITHETIC_CRN_MC,16,CONTEXT_CONDITIONAL_ONLY,A,,"{""-1"": -1, ""1"": 1}"
E2_CONTEXT_SIGN_FLIP,62099,DOUBLE_ANTITHETIC_CRN_MC,32,CONTEXT_CONDITIONAL_ONLY,A,,"{""-1"": -1, ""1"": 1}"
E2_CONTEXT_SIGN_FLIP,62099,DOUBLE_ANTITHETIC_CRN_MC,64,CONTEXT_CONDITIONAL_ONLY,A,,"{""-1"": -1, ""1"": 1}"
E2_CONTEXT_SIGN_FLIP,62099,DOUBLE_ANTITHETIC_CRN_MC,128,CONTEXT_CONDITIONAL_ONLY,A,,"{""-1"": -1, ""1"": 1}"
E2_CONTEXT_SIGN_FLIP,62099,DOUBLE_ANTITHETIC_CRN_MC,256,CONTEXT_CONDITIONAL_ONLY,A,,"{""-1"": -1, ""1"": 1}"
E2_CONTEXT_SIGN_FLIP,62099,LEGACY_INDEPENDENT_MC,8,CONTEXT_CONDITIONAL_ONLY,A,,"{""-1"": -1, ""1"": 1}"
E2_CONTEXT_SIGN_FLIP,62099,LEGACY_INDEPENDENT_MC,16,CONTEXT_CONDITIONAL_ONLY,A,,"{""-1"": -1, ""1"": 1}"
E2_CONTEXT_SIGN_FLIP,62099,LEGACY_INDEPENDENT_MC,32,CONTEXT_CONDITIONAL_ONLY,A,,"{""-1"": -1, ""1"": 1}"
E2_CONTEXT_SIGN_FLIP,62099,LEGACY_INDEPENDENT_MC,64,CONTEXT_CONDITIONAL_ONLY,A,,"{""-1"": -1, ""1"": 1}"
E2_CONTEXT_SIGN_FLIP,62099,LEGACY_INDEPENDENT_MC,128,CONTEXT_CONDITIONAL_ONLY,A,,"{""-1"": -1, ""1"": 1}"
E2_CONTEXT_SIGN_FLIP,62099,LEGACY_INDEPENDENT_MC,256,CONTEXT_CONDITIONAL_ONLY,A,,"{""-1"": -1, ""1"": 1}"
E2_CONTEXT_SIGN_FLIP,62100,ANTITHETIC_CRN_MC,8,CONTEXT_CONDITIONAL_ONLY,A,,"{""-1"": -1, ""1"": 1}"
E2_CONTEXT_SIGN_FLIP,62100,ANTITHETIC_CRN_MC,16,CONTEXT_CONDITIONAL_ONLY,A,,"{""-1"": -1, ""1"": 1}"
E2_CONTEXT_SIGN_FLIP,62100,ANTITHETIC_CRN_MC,32,CONTEXT_CONDITIONAL_ONLY,A,,"{""-1"": -1, ""1"": 1}"
E2_CONTEXT_SIGN_FLIP,62100,ANTITHETIC_CRN_MC,64,CONTEXT_CONDITIONAL_ONLY,A,,"{""-1"": -1, ""1"": 1}"
E2_CONTEXT_SIGN_FLIP,62100,ANTITHETIC_CRN_MC,128,CONTEXT_CONDITIONAL_ONLY,A,,"{""-1"": -1, ""1"": 1}"
E2_CONTEXT_SIGN_FLIP,62100,ANTITHETIC_CRN_MC,256,CONTEXT_CONDITIONAL_ONLY,A,,"{""-1"": -1, ""1"": 1}"
E2_CONTEXT_SIGN_FLIP,62100,CRN_CHAIN_MC,8,CONTEXT_CONDITIONAL_ONLY,A,,"{""-1"": -1, ""1"": 1}"
E2_CONTEXT_SIGN_FLIP,62100,CRN_CHAIN_MC,16,CONTEXT_CONDITIONAL_ONLY,A,,"{""-1"": -1, ""1"": 1}"
E2_CONTEXT_SIGN_FLIP,62100,CRN_CHAIN_MC,32,CONTEXT_CONDITIONAL_ONLY,A,,"{""-1"": -1, ""1"": 1}"
E2_CONTEXT_SIGN_FLIP,62100,CRN_CHAIN_MC,64,CONTEXT_CONDITIONAL_ONLY,A,,"{""-1"": -1, ""1"": 1}"
E2_CONTEXT_SIGN_FLIP,62100,CRN_CHAIN_MC,128,CONTEXT_CONDITIONAL_ONLY,A,,"{""-1"": -1, ""1"": 1}"
E2_CONTEXT_SIGN_FLIP,62100,CRN_CHAIN_MC,256,CONTEXT_CONDITIONAL_ONLY,A,,"{""-1"": -1, ""1"": 1}"
E2_CONTEXT_SIGN_FLIP,62100,DOUBLE_ANTITHETIC_CRN_MC,8,CONTEXT_CONDITIONAL_ONLY,A,,"{""-1"": -1, ""1"": 1}"
E2_CONTEXT_SIGN_FLIP,62100,DOUBLE_ANTITHETIC_CRN_MC,16,CONTEXT_CONDITIONAL_ONLY,A,,"{""-1"": -1, ""1"": 1}"
E2_CONTEXT_SIGN_FLIP,62100,DOUBLE_ANTITHETIC_CRN_MC,32,CONTEXT_CONDITIONAL_ONLY,A,,"{""-1"": -1, ""1"": 1}"
E2_CONTEXT_SIGN_FLIP,62100,DOUBLE_ANTITHETIC_CRN_MC,64,CONTEXT_CONDITIONAL_ONLY,A,,"{""-1"": -1, ""1"": 1}"
E2_CONTEXT_SIGN_FLIP,62100,DOUBLE_ANTITHETIC_CRN_MC,128,CONTEXT_CONDITIONAL_ONLY,A,,"{""-1"": -1, ""1"": 1}"
E2_CONTEXT_SIGN_FLIP,62100,DOUBLE_ANTITHETIC_CRN_MC,256,CONTEXT_CONDITIONAL_ONLY,A,,"{""-1"": -1, ""1"": 1}"
E2_CONTEXT_SIGN_FLIP,62100,LEGACY_INDEPENDENT_MC,8,CONTEXT_CONDITIONAL_ONLY,A,,"{""-1"": -1, ""1"": 1}"
E2_CONTEXT_SIGN_FLIP,62100,LEGACY_INDEPENDENT_MC,16,CONTEXT_CONDITIONAL_ONLY,A,,"{""-1"": -1, ""1"": 1}"
E2_CONTEXT_SIGN_FLIP,62100,LEGACY_INDEPENDENT_MC,32,CONTEXT_CONDITIONAL_ONLY,A,,"{""-1"": -1, ""1"": 1}"
E2_CONTEXT_SIGN_FLIP,62100,LEGACY_INDEPENDENT_MC,64,CONTEXT_CONDITIONAL_ONLY,A,,"{""-1"": -1, ""1"": 1}"
E2_CONTEXT_SIGN_FLIP,62100,LEGACY_INDEPENDENT_MC,128,CONTEXT_CONDITIONAL_ONLY,A,,"{""-1"": -1, ""1"": 1}"
E2_CONTEXT_SIGN_FLIP,62100,LEGACY_INDEPENDENT_MC,256,CONTEXT_CONDITIONAL_ONLY,A,,"{""-1"": -1, ""1"": 1}"
E2_CONTEXT_SIGN_FLIP,62101,ANTITHETIC_CRN_MC,8,CONTEXT_CONDITIONAL_ONLY,A,,"{""-1"": -1, ""1"": 1}"
E2_CONTEXT_SIGN_FLIP,62101,ANTITHETIC_CRN_MC,16,CONTEXT_CONDITIONAL_ONLY,A,,"{""-1"": -1, ""1"": 1}"
E2_CONTEXT_SIGN_FLIP,62101,ANTITHETIC_CRN_MC,32,CONTEXT_CONDITIONAL_ONLY,A,,"{""-1"": -1, ""1"": 1}"
E2_CONTEXT_SIGN_FLIP,62101,ANTITHETIC_CRN_MC,64,CONTEXT_CONDITIONAL_ONLY,A,,"{""-1"": -1, ""1"": 1}"
E2_CONTEXT_SIGN_FLIP,62101,ANTITHETIC_CRN_MC,128,CONTEXT_CONDITIONAL_ONLY,A,,"{""-1"": -1, ""1"": 1}"
E2_CONTEXT_SIGN_FLIP,62101,ANTITHETIC_CRN_MC,256,CONTEXT_CONDITIONAL_ONLY,A,,"{""-1"": -1, ""1"": 1}"
E2_CONTEXT_SIGN_FLIP,62101,CRN_CHAIN_MC,8,CONTEXT_CONDITIONAL_ONLY,A,,"{""-1"": -1, ""1"": 1}"
E2_CONTEXT_SIGN_FLIP,62101,CRN_CHAIN_MC,16,CONTEXT_CONDITIONAL_ONLY,A,,"{""-1"": -1, ""1"": 1}"
E2_CONTEXT_SIGN_FLIP,62101,CRN_CHAIN_MC,32,CONTEXT_CONDITIONAL_ONLY,A,,"{""-1"": -1, ""1"": 1}"
E2_CONTEXT_SIGN_FLIP,62101,CRN_CHAIN_MC,64,CONTEXT_CONDITIONAL_ONLY,A,,"{""-1"": -1, ""1"": 1}"
E2_CONTEXT_SIGN_FLIP,62101,CRN_CHAIN_MC,128,CONTEXT_CONDITIONAL_ONLY,A,,"{""-1"": -1, ""1"": 1}"
E2_CONTEXT_SIGN_FLIP,62101,CRN_CHAIN_MC,256,CONTEXT_CONDITIONAL_ONLY,A,,"{""-1"": -1, ""1"": 1}"
E2_CONTEXT_SIGN_FLIP,62101,DOUBLE_ANTITHETIC_CRN_MC,8,CONTEXT_CONDITIONAL_ONLY,A,,"{""-1"": -1, ""1"": 1}"
E2_CONTEXT_SIGN_FLIP,62101,DOUBLE_ANTITHETIC_CRN_MC,16,CONTEXT_CONDITIONAL_ONLY,A,,"{""-1"": -1, ""1"": 1}"
E2_CONTEXT_SIGN_FLIP,62101,DOUBLE_ANTITHETIC_CRN_MC,32,CONTEXT_CONDITIONAL_ONLY,A,,"{""-1"": -1, ""1"": 1}"
E2_CONTEXT_SIGN_FLIP,62101,DOUBLE_ANTITHETIC_CRN_MC,64,CONTEXT_CONDITIONAL_ONLY,A,,"{""-1"": -1, ""1"": 1}"
E2_CONTEXT_SIGN_FLIP,62101,DOUBLE_ANTITHETIC_CRN_MC,128,CONTEXT_CONDITIONAL_ONLY,A,,"{""-1"": -1, ""1"": 1}"
E2_CONTEXT_SIGN_FLIP,62101,DOUBLE_ANTITHETIC_CRN_MC,256,CONTEXT_CONDITIONAL_ONLY,A,,"{""-1"": -1, ""1"": 1}"
E2_CONTEXT_SIGN_FLIP,62101,LEGACY_INDEPENDENT_MC,8,CONTEXT_CONDITIONAL_ONLY,A,,"{""-1"": -1, ""1"": 1}"
E2_CONTEXT_SIGN_FLIP,62101,LEGACY_INDEPENDENT_MC,16,CONTEXT_CONDITIONAL_ONLY,A,,"{""-1"": -1, ""1"": 1}"
E2_CONTEXT_SIGN_FLIP,62101,LEGACY_INDEPENDENT_MC,32,CONTEXT_CONDITIONAL_ONLY,A,,"{""-1"": -1, ""1"": 1}"
E2_CONTEXT_SIGN_FLIP,62101,LEGACY_INDEPENDENT_MC,64,CONTEXT_CONDITIONAL_ONLY,A,,"{""-1"": -1, ""1"": 1}"
E2_CONTEXT_SIGN_FLIP,62101,LEGACY_INDEPENDENT_MC,128,CONTEXT_CONDITIONAL_ONLY,A,,"{""-1"": -1, ""1"": 1}"
E2_CONTEXT_SIGN_FLIP,62101,LEGACY_INDEPENDENT_MC,256,CONTEXT_CONDITIONAL_ONLY,A,,"{""-1"": -1, ""1"": 1}"
E2_CONTEXT_SIGN_FLIP,62102,ANTITHETIC_CRN_MC,8,CONTEXT_CONDITIONAL_ONLY,A,,"{""-1"": -1, ""1"": 1}"
E2_CONTEXT_SIGN_FLIP,62102,ANTITHETIC_CRN_MC,16,CONTEXT_CONDITIONAL_ONLY,A,,"{""-1"": -1, ""1"": 1}"
E2_CONTEXT_SIGN_FLIP,62102,ANTITHETIC_CRN_MC,32,CONTEXT_CONDITIONAL_ONLY,A,,"{""-1"": -1, ""1"": 1}"
E2_CONTEXT_SIGN_FLIP,62102,ANTITHETIC_CRN_MC,64,CONTEXT_CONDITIONAL_ONLY,A,,"{""-1"": -1, ""1"": 1}"
E2_CONTEXT_SIGN_FLIP,62102,ANTITHETIC_CRN_MC,128,CONTEXT_CONDITIONAL_ONLY,A,,"{""-1"": -1, ""1"": 1}"
E2_CONTEXT_SIGN_FLIP,62102,ANTITHETIC_CRN_MC,256,CONTEXT_CONDITIONAL_ONLY,A,,"{""-1"": -1, ""1"": 1}"
E2_CONTEXT_SIGN_FLIP,62102,CRN_CHAIN_MC,8,CONTEXT_CONDITIONAL_ONLY,A,,"{""-1"": -1, ""1"": 1}"
E2_CONTEXT_SIGN_FLIP,62102,CRN_CHAIN_MC,16,CONTEXT_CONDITIONAL_ONLY,A,,"{""-1"": -1, ""1"": 1}"
E2_CONTEXT_SIGN_FLIP,62102,CRN_CHAIN_MC,32,CONTEXT_CONDITIONAL_ONLY,A,,"{""-1"": -1, ""1"": 1}"
E2_CONTEXT_SIGN_FLIP,62102,CRN_CHAIN_MC,64,CONTEXT_CONDITIONAL_ONLY,A,,"{""-1"": -1, ""1"": 1}"
E2_CONTEXT_SIGN_FLIP,62102,CRN_CHAIN_MC,128,CONTEXT_CONDITIONAL_ONLY,A,,"{""-1"": -1, ""1"": 1}"
E2_CONTEXT_SIGN_FLIP,62102,CRN_CHAIN_MC,256,CONTEXT_CONDITIONAL_ONLY,A,,"{""-1"": -1, ""1"": 1}"
E2_CONTEXT_SIGN_FLIP,62102,DOUBLE_ANTITHETIC_CRN_MC,8,CONTEXT_CONDITIONAL_ONLY,A,,"{""-1"": -1, ""1"": 1}"
E2_CONTEXT_SIGN_FLIP,62102,DOUBLE_ANTITHETIC_CRN_MC,16,CONTEXT_CONDITIONAL_ONLY,A,,"{""-1"": -1, ""1"": 1}"
E2_CONTEXT_SIGN_FLIP,62102,DOUBLE_ANTITHETIC_CRN_MC,32,CONTEXT_CONDITIONAL_ONLY,A,,"{""-1"": -1, ""1"": 1}"
E2_CONTEXT_SIGN_FLIP,62102,DOUBLE_ANTITHETIC_CRN_MC,64,CONTEXT_CONDITIONAL_ONLY,A,,"{""-1"": -1, ""1"": 1}"
E2_CONTEXT_SIGN_FLIP,62102,DOUBLE_ANTITHETIC_CRN_MC,128,CONTEXT_CONDITIONAL_ONLY,A,,"{""-1"": -1, ""1"": 1}"
E2_CONTEXT_SIGN_FLIP,62102,DOUBLE_ANTITHETIC_CRN_MC,256,CONTEXT_CONDITIONAL_ONLY,A,,"{""-1"": -1, ""1"": 1}"
E2_CONTEXT_SIGN_FLIP,62102,LEGACY_INDEPENDENT_MC,8,CONTEXT_CONDITIONAL_ONLY,A,,"{""-1"": -1, ""1"": 1}"
E2_CONTEXT_SIGN_FLIP,62102,LEGACY_INDEPENDENT_MC,16,CONTEXT_CONDITIONAL_ONLY,A,,"{""-1"": -1, ""1"": 1}"
E2_CONTEXT_SIGN_FLIP,62102,LEGACY_INDEPENDENT_MC,32,CONTEXT_CONDITIONAL_ONLY,A,,"{""-1"": -1, ""1"": 1}"
E2_CONTEXT_SIGN_FLIP,62102,LEGACY_INDEPENDENT_MC,64,CONTEXT_CONDITIONAL_ONLY,A,,"{""-1"": -1, ""1"": 1}"
E2_CONTEXT_SIGN_FLIP,62102,LEGACY_INDEPENDENT_MC,128,CONTEXT_CONDITIONAL_ONLY,A,,"{""-1"": -1, ""1"": 1}"
E2_CONTEXT_SIGN_FLIP,62102,LEGACY_INDEPENDENT_MC,256,CONTEXT_CONDITIONAL_ONLY,A,,"{""-1"": -1, ""1"": 1}"
E2_CONTEXT_SIGN_FLIP,62103,ANTITHETIC_CRN_MC,8,CONTEXT_CONDITIONAL_ONLY,A,,"{""-1"": -1, ""1"": 1}"
E2_CONTEXT_SIGN_FLIP,62103,ANTITHETIC_CRN_MC,16,CONTEXT_CONDITIONAL_ONLY,A,,"{""-1"": -1, ""1"": 1}"
E2_CONTEXT_SIGN_FLIP,62103,ANTITHETIC_CRN_MC,32,CONTEXT_CONDITIONAL_ONLY,A,,"{""-1"": -1, ""1"": 1}"
E2_CONTEXT_SIGN_FLIP,62103,ANTITHETIC_CRN_MC,64,CONTEXT_CONDITIONAL_ONLY,A,,"{""-1"": -1, ""1"": 1}"
E2_CONTEXT_SIGN_FLIP,62103,ANTITHETIC_CRN_MC,128,CONTEXT_CONDITIONAL_ONLY,A,,"{""-1"": -1, ""1"": 1}"
E2_CONTEXT_SIGN_FLIP,62103,ANTITHETIC_CRN_MC,256,CONTEXT_CONDITIONAL_ONLY,A,,"{""-1"": -1, ""1"": 1}"
E2_CONTEXT_SIGN_FLIP,62103,CRN_CHAIN_MC,8,CONTEXT_CONDITIONAL_ONLY,A,,"{""-1"": -1, ""1"": 1}"
E2_CONTEXT_SIGN_FLIP,62103,CRN_CHAIN_MC,16,CONTEXT_CONDITIONAL_ONLY,A,,"{""-1"": -1, ""1"": 1}"
E2_CONTEXT_SIGN_FLIP,62103,CRN_CHAIN_MC,32,CONTEXT_CONDITIONAL_ONLY,A,,"{""-1"": -1, ""1"": 1}"
E2_CONTEXT_SIGN_FLIP,62103,CRN_CHAIN_MC,64,CONTEXT_CONDITIONAL_ONLY,A,,"{""-1"": -1, ""1"": 1}"
E2_CONTEXT_SIGN_FLIP,62103,CRN_CHAIN_MC,128,CONTEXT_CONDITIONAL_ONLY,A,,"{""-1"": -1, ""1"": 1}"
E2_CONTEXT_SIGN_FLIP,62103,CRN_CHAIN_MC,256,CONTEXT_CONDITIONAL_ONLY,A,,"{""-1"": -1, ""1"": 1}"
E2_CONTEXT_SIGN_FLIP,62103,DOUBLE_ANTITHETIC_CRN_MC,8,CONTEXT_CONDITIONAL_ONLY,A,,"{""-1"": -1, ""1"": 1}"
E2_CONTEXT_SIGN_FLIP,62103,DOUBLE_ANTITHETIC_CRN_MC,16,CONTEXT_CONDITIONAL_ONLY,A,,"{""-1"": -1, ""1"": 1}"
E2_CONTEXT_SIGN_FLIP,62103,DOUBLE_ANTITHETIC_CRN_MC,32,CONTEXT_CONDITIONAL_ONLY,A,,"{""-1"": -1, ""1"": 1}"
E2_CONTEXT_SIGN_FLIP,62103,DOUBLE_ANTITHETIC_CRN_MC,64,CONTEXT_CONDITIONAL_ONLY,A,,"{""-1"": -1, ""1"": 1}"
E2_CONTEXT_SIGN_FLIP,62103,DOUBLE_ANTITHETIC_CRN_MC,128,CONTEXT_CONDITIONAL_ONLY,A,,"{""-1"": -1, ""1"": 1}"
E2_CONTEXT_SIGN_FLIP,62103,DOUBLE_ANTITHETIC_CRN_MC,256,CONTEXT_CONDITIONAL_ONLY,A,,"{""-1"": -1, ""1"": 1}"
E2_CONTEXT_SIGN_FLIP,62103,LEGACY_INDEPENDENT_MC,8,CONTEXT_CONDITIONAL_ONLY,A,,"{""-1"": -1, ""1"": 1}"
E2_CONTEXT_SIGN_FLIP,62103,LEGACY_INDEPENDENT_MC,16,CONTEXT_CONDITIONAL_ONLY,A,,"{""-1"": -1, ""1"": 1}"
E2_CONTEXT_SIGN_FLIP,62103,LEGACY_INDEPENDENT_MC,32,CONTEXT_CONDITIONAL_ONLY,A,,"{""-1"": -1, ""1"": 1}"
E2_CONTEXT_SIGN_FLIP,62103,LEGACY_INDEPENDENT_MC,64,CONTEXT_CONDITIONAL_ONLY,A,,"{""-1"": -1, ""1"": 1}"
E2_CONTEXT_SIGN_FLIP,62103,LEGACY_INDEPENDENT_MC,128,CONTEXT_CONDITIONAL_ONLY,A,,"{""-1"": -1, ""1"": 1}"
E2_CONTEXT_SIGN_FLIP,62103,LEGACY_INDEPENDENT_MC,256,CONTEXT_CONDITIONAL_ONLY,A,,"{""-1"": -1, ""1"": 1}"
E2_CONTEXT_SIGN_FLIP,62104,ANTITHETIC_CRN_MC,8,CONTEXT_CONDITIONAL_ONLY,A,,"{""-1"": -1, ""1"": 1}"
E2_CONTEXT_SIGN_FLIP,62104,ANTITHETIC_CRN_MC,16,CONTEXT_CONDITIONAL_ONLY,A,,"{""-1"": -1, ""1"": 1}"
E2_CONTEXT_SIGN_FLIP,62104,ANTITHETIC_CRN_MC,32,CONTEXT_CONDITIONAL_ONLY,A,,"{""-1"": -1, ""1"": 1}"
E2_CONTEXT_SIGN_FLIP,62104,ANTITHETIC_CRN_MC,64,CONTEXT_CONDITIONAL_ONLY,A,,"{""-1"": -1, ""1"": 1}"
E2_CONTEXT_SIGN_FLIP,62104,ANTITHETIC_CRN_MC,128,CONTEXT_CONDITIONAL_ONLY,A,,"{""-1"": -1, ""1"": 1}"
E2_CONTEXT_SIGN_FLIP,62104,ANTITHETIC_CRN_MC,256,CONTEXT_CONDITIONAL_ONLY,A,,"{""-1"": -1, ""1"": 1}"
E2_CONTEXT_SIGN_FLIP,62104,CRN_CHAIN_MC,8,CONTEXT_CONDITIONAL_ONLY,A,,"{""-1"": -1, ""1"": 1}"
E2_CONTEXT_SIGN_FLIP,62104,CRN_CHAIN_MC,16,CONTEXT_CONDITIONAL_ONLY,A,,"{""-1"": -1, ""1"": 1}"
E2_CONTEXT_SIGN_FLIP,62104,CRN_CHAIN_MC,32,CONTEXT_CONDITIONAL_ONLY,A,,"{""-1"": -1, ""1"": 1}"
E2_CONTEXT_SIGN_FLIP,62104,CRN_CHAIN_MC,64,CONTEXT_CONDITIONAL_ONLY,A,,"{""-1"": -1, ""1"": 1}"
E2_CONTEXT_SIGN_FLIP,62104,CRN_CHAIN_MC,128,CONTEXT_CONDITIONAL_ONLY,A,,"{""-1"": -1, ""1"": 1}"
E2_CONTEXT_SIGN_FLIP,62104,CRN_CHAIN_MC,256,CONTEXT_CONDITIONAL_ONLY,A,,"{""-1"": -1, ""1"": 1}"
E2_CONTEXT_SIGN_FLIP,62104,DOUBLE_ANTITHETIC_CRN_MC,8,CONTEXT_CONDITIONAL_ONLY,A,,"{""-1"": -1, ""1"": 1}"
E2_CONTEXT_SIGN_FLIP,62104,DOUBLE_ANTITHETIC_CRN_MC,16,CONTEXT_CONDITIONAL_ONLY,A,,"{""-1"": -1, ""1"": 1}"
E2_CONTEXT_SIGN_FLIP,62104,DOUBLE_ANTITHETIC_CRN_MC,32,CONTEXT_CONDITIONAL_ONLY,A,,"{""-1"": -1, ""1"": 1}"
E2_CONTEXT_SIGN_FLIP,62104,DOUBLE_ANTITHETIC_CRN_MC,64,CONTEXT_CONDITIONAL_ONLY,A,,"{""-1"": -1, ""1"": 1}"
E2_CONTEXT_SIGN_FLIP,62104,DOUBLE_ANTITHETIC_CRN_MC,128,CONTEXT_CONDITIONAL_ONLY,A,,"{""-1"": -1, ""1"": 1}"
E2_CONTEXT_SIGN_FLIP,62104,DOUBLE_ANTITHETIC_CRN_MC,256,CONTEXT_CONDITIONAL_ONLY,A,,"{""-1"": -1, ""1"": 1}"
E2_CONTEXT_SIGN_FLIP,62104,LEGACY_INDEPENDENT_MC,8,CONTEXT_CONDITIONAL_ONLY,A,,"{""-1"": -1, ""1"": 1}"
E2_CONTEXT_SIGN_FLIP,62104,LEGACY_INDEPENDENT_MC,16,CONTEXT_CONDITIONAL_ONLY,A,,"{""-1"": -1, ""1"": 1}"
E2_CONTEXT_SIGN_FLIP,62104,LEGACY_INDEPENDENT_MC,32,CONTEXT_CONDITIONAL_ONLY,A,,"{""-1"": -1, ""1"": 1}"
E2_CONTEXT_SIGN_FLIP,62104,LEGACY_INDEPENDENT_MC,64,CONTEXT_CONDITIONAL_ONLY,A,,"{""-1"": -1, ""1"": 1}"
E2_CONTEXT_SIGN_FLIP,62104,LEGACY_INDEPENDENT_MC,128,CONTEXT_CONDITIONAL_ONLY,A,,"{""-1"": -1, ""1"": 1}"
E2_CONTEXT_SIGN_FLIP,62104,LEGACY_INDEPENDENT_MC,256,CONTEXT_CONDITIONAL_ONLY,A,,"{""-1"": -1, ""1"": 1}"
E2_CONTEXT_SIGN_FLIP,62105,ANTITHETIC_CRN_MC,8,CONTEXT_CONDITIONAL_ONLY,A,,"{""-1"": -1, ""1"": 1}"
E2_CONTEXT_SIGN_FLIP,62105,ANTITHETIC_CRN_MC,16,CONTEXT_CONDITIONAL_ONLY,A,,"{""-1"": -1, ""1"": 1}"
E2_CONTEXT_SIGN_FLIP,62105,ANTITHETIC_CRN_MC,32,CONTEXT_CONDITIONAL_ONLY,A,,"{""-1"": -1, ""1"": 1}"
E2_CONTEXT_SIGN_FLIP,62105,ANTITHETIC_CRN_MC,64,CONTEXT_CONDITIONAL_ONLY,A,,"{""-1"": -1, ""1"": 1}"
E2_CONTEXT_SIGN_FLIP,62105,ANTITHETIC_CRN_MC,128,CONTEXT_CONDITIONAL_ONLY,A,,"{""-1"": -1, ""1"": 1}"
E2_CONTEXT_SIGN_FLIP,62105,ANTITHETIC_CRN_MC,256,CONTEXT_CONDITIONAL_ONLY,A,,"{""-1"": -1, ""1"": 1}"
E2_CONTEXT_SIGN_FLIP,62105,CRN_CHAIN_MC,8,CONTEXT_CONDITIONAL_ONLY,A,,"{""-1"": -1, ""1"": 1}"
E2_CONTEXT_SIGN_FLIP,62105,CRN_CHAIN_MC,16,CONTEXT_CONDITIONAL_ONLY,A,,"{""-1"": -1, ""1"": 1}"
E2_CONTEXT_SIGN_FLIP,62105,CRN_CHAIN_MC,32,CONTEXT_CONDITIONAL_ONLY,A,,"{""-1"": -1, ""1"": 1}"
E2_CONTEXT_SIGN_FLIP,62105,CRN_CHAIN_MC,64,CONTEXT_CONDITIONAL_ONLY,A,,"{""-1"": -1, ""1"": 1}"
E2_CONTEXT_SIGN_FLIP,62105,CRN_CHAIN_MC,128,CONTEXT_CONDITIONAL_ONLY,A,,"{""-1"": -1, ""1"": 1}"
E2_CONTEXT_SIGN_FLIP,62105,CRN_CHAIN_MC,256,CONTEXT_CONDITIONAL_ONLY,A,,"{""-1"": -1, ""1"": 1}"
E2_CONTEXT_SIGN_FLIP,62105,DOUBLE_ANTITHETIC_CRN_MC,8,CONTEXT_CONDITIONAL_ONLY,A,,"{""-1"": -1, ""1"": 1}"
E2_CONTEXT_SIGN_FLIP,62105,DOUBLE_ANTITHETIC_CRN_MC,16,CONTEXT_CONDITIONAL_ONLY,A,,"{""-1"": -1, ""1"": 1}"
E2_CONTEXT_SIGN_FLIP,62105,DOUBLE_ANTITHETIC_CRN_MC,32,CONTEXT_CONDITIONAL_ONLY,A,,"{""-1"": -1, ""1"": 1}"
E2_CONTEXT_SIGN_FLIP,62105,DOUBLE_ANTITHETIC_CRN_MC,64,CONTEXT_CONDITIONAL_ONLY,A,,"{""-1"": -1, ""1"": 1}"
E2_CONTEXT_SIGN_FLIP,62105,DOUBLE_ANTITHETIC_CRN_MC,128,CONTEXT_CONDITIONAL_ONLY,A,,"{""-1"": -1, ""1"": 1}"
E2_CONTEXT_SIGN_FLIP,62105,DOUBLE_ANTITHETIC_CRN_MC,256,CONTEXT_CONDITIONAL_ONLY,A,,"{""-1"": -1, ""1"": 1}"
E2_CONTEXT_SIGN_FLIP,62105,LEGACY_INDEPENDENT_MC,8,CONTEXT_CONDITIONAL_ONLY,A,,"{""-1"": -1, ""1"": 1}"
E2_CONTEXT_SIGN_FLIP,62105,LEGACY_INDEPENDENT_MC,16,CONTEXT_CONDITIONAL_ONLY,A,,"{""-1"": -1, ""1"": 1}"
E2_CONTEXT_SIGN_FLIP,62105,LEGACY_INDEPENDENT_MC,32,CONTEXT_CONDITIONAL_ONLY,A,,"{""-1"": -1, ""1"": 1}"
E2_CONTEXT_SIGN_FLIP,62105,LEGACY_INDEPENDENT_MC,64,CONTEXT_CONDITIONAL_ONLY,A,,"{""-1"": -1, ""1"": 1}"
E2_CONTEXT_SIGN_FLIP,62105,LEGACY_INDEPENDENT_MC,128,CONTEXT_CONDITIONAL_ONLY,A,,"{""-1"": -1, ""1"": 1}"
E2_CONTEXT_SIGN_FLIP,62105,LEGACY_INDEPENDENT_MC,256,CONTEXT_CONDITIONAL_ONLY,A,,"{""-1"": -1, ""1"": 1}"
E2_CONTEXT_SIGN_FLIP,62106,ANTITHETIC_CRN_MC,8,CONTEXT_CONDITIONAL_ONLY,A,,"{""-1"": -1, ""1"": 1}"
E2_CONTEXT_SIGN_FLIP,62106,ANTITHETIC_CRN_MC,16,CONTEXT_CONDITIONAL_ONLY,A,,"{""-1"": -1, ""1"": 1}"
E2_CONTEXT_SIGN_FLIP,62106,ANTITHETIC_CRN_MC,32,CONTEXT_CONDITIONAL_ONLY,A,,"{""-1"": -1, ""1"": 1}"
E2_CONTEXT_SIGN_FLIP,62106,ANTITHETIC_CRN_MC,64,CONTEXT_CONDITIONAL_ONLY,A,,"{""-1"": -1, ""1"": 1}"
E2_CONTEXT_SIGN_FLIP,62106,ANTITHETIC_CRN_MC,128,CONTEXT_CONDITIONAL_ONLY,A,,"{""-1"": -1, ""1"": 1}"
E2_CONTEXT_SIGN_FLIP,62106,ANTITHETIC_CRN_MC,256,CONTEXT_CONDITIONAL_ONLY,A,,"{""-1"": -1, ""1"": 1}"
E2_CONTEXT_SIGN_FLIP,62106,CRN_CHAIN_MC,8,CONTEXT_CONDITIONAL_ONLY,A,,"{""-1"": -1, ""1"": 1}"
E2_CONTEXT_SIGN_FLIP,62106,CRN_CHAIN_MC,16,CONTEXT_CONDITIONAL_ONLY,A,,"{""-1"": -1, ""1"": 1}"
E2_CONTEXT_SIGN_FLIP,62106,CRN_CHAIN_MC,32,CONTEXT_CONDITIONAL_ONLY,A,,"{""-1"": -1, ""1"": 1}"
E2_CONTEXT_SIGN_FLIP,62106,CRN_CHAIN_MC,64,CONTEXT_CONDITIONAL_ONLY,A,,"{""-1"": -1, ""1"": 1}"
E2_CONTEXT_SIGN_FLIP,62106,CRN_CHAIN_MC,128,CONTEXT_CONDITIONAL_ONLY,A,,"{""-1"": -1, ""1"": 1}"
E2_CONTEXT_SIGN_FLIP,62106,CRN_CHAIN_MC,256,CONTEXT_CONDITIONAL_ONLY,A,,"{""-1"": -1, ""1"": 1}"
E2_CONTEXT_SIGN_FLIP,62106,DOUBLE_ANTITHETIC_CRN_MC,8,CONTEXT_CONDITIONAL_ONLY,A,,"{""-1"": -1, ""1"": 1}"
E2_CONTEXT_SIGN_FLIP,62106,DOUBLE_ANTITHETIC_CRN_MC,16,CONTEXT_CONDITIONAL_ONLY,A,,"{""-1"": -1, ""1"": 1}"
E2_CONTEXT_SIGN_FLIP,62106,DOUBLE_ANTITHETIC_CRN_MC,32,CONTEXT_CONDITIONAL_ONLY,A,,"{""-1"": -1, ""1"": 1}"
E2_CONTEXT_SIGN_FLIP,62106,DOUBLE_ANTITHETIC_CRN_MC,64,CONTEXT_CONDITIONAL_ONLY,A,,"{""-1"": -1, ""1"": 1}"
E2_CONTEXT_SIGN_FLIP,62106,DOUBLE_ANTITHETIC_CRN_MC,128,CONTEXT_CONDITIONAL_ONLY,A,,"{""-1"": -1, ""1"": 1}"
E2_CONTEXT_SIGN_FLIP,62106,DOUBLE_ANTITHETIC_CRN_MC,256,CONTEXT_CONDITIONAL_ONLY,A,,"{""-1"": -1, ""1"": 1}"
E2_CONTEXT_SIGN_FLIP,62106,LEGACY_INDEPENDENT_MC,8,CONTEXT_CONDITIONAL_ONLY,A,,"{""-1"": -1, ""1"": 1}"
E2_CONTEXT_SIGN_FLIP,62106,LEGACY_INDEPENDENT_MC,16,CONTEXT_CONDITIONAL_ONLY,A,,"{""-1"": -1, ""1"": 1}"
E2_CONTEXT_SIGN_FLIP,62106,LEGACY_INDEPENDENT_MC,32,CONTEXT_CONDITIONAL_ONLY,A,,"{""-1"": -1, ""1"": 1}"
E2_CONTEXT_SIGN_FLIP,62106,LEGACY_INDEPENDENT_MC,64,CONTEXT_CONDITIONAL_ONLY,A,,"{""-1"": -1, ""1"": 1}"
E2_CONTEXT_SIGN_FLIP,62106,LEGACY_INDEPENDENT_MC,128,CONTEXT_CONDITIONAL_ONLY,A,,"{""-1"": -1, ""1"": 1}"
E2_CONTEXT_SIGN_FLIP,62106,LEGACY_INDEPENDENT_MC,256,CONTEXT_CONDITIONAL_ONLY,A,,"{""-1"": -1, ""1"": 1}"
E2_CONTEXT_SIGN_FLIP,62107,ANTITHETIC_CRN_MC,8,CONTEXT_CONDITIONAL_ONLY,A,,"{""-1"": -1, ""1"": 1}"
E2_CONTEXT_SIGN_FLIP,62107,ANTITHETIC_CRN_MC,16,CONTEXT_CONDITIONAL_ONLY,A,,"{""-1"": -1, ""1"": 1}"
E2_CONTEXT_SIGN_FLIP,62107,ANTITHETIC_CRN_MC,32,CONTEXT_CONDITIONAL_ONLY,A,,"{""-1"": -1, ""1"": 1}"
E2_CONTEXT_SIGN_FLIP,62107,ANTITHETIC_CRN_MC,64,CONTEXT_CONDITIONAL_ONLY,A,,"{""-1"": -1, ""1"": 1}"
E2_CONTEXT_SIGN_FLIP,62107,ANTITHETIC_CRN_MC,128,CONTEXT_CONDITIONAL_ONLY,A,,"{""-1"": -1, ""1"": 1}"
E2_CONTEXT_SIGN_FLIP,62107,ANTITHETIC_CRN_MC,256,CONTEXT_CONDITIONAL_ONLY,A,,"{""-1"": -1, ""1"": 1}"
E2_CONTEXT_SIGN_FLIP,62107,CRN_CHAIN_MC,8,CONTEXT_CONDITIONAL_ONLY,A,,"{""-1"": -1, ""1"": 1}"
E2_CONTEXT_SIGN_FLIP,62107,CRN_CHAIN_MC,16,CONTEXT_CONDITIONAL_ONLY,A,,"{""-1"": -1, ""1"": 1}"
E2_CONTEXT_SIGN_FLIP,62107,CRN_CHAIN_MC,32,CONTEXT_CONDITIONAL_ONLY,A,,"{""-1"": -1, ""1"": 1}"
E2_CONTEXT_SIGN_FLIP,62107,CRN_CHAIN_MC,64,CONTEXT_CONDITIONAL_ONLY,A,,"{""-1"": -1, ""1"": 1}"
E2_CONTEXT_SIGN_FLIP,62107,CRN_CHAIN_MC,128,CONTEXT_CONDITIONAL_ONLY,A,,"{""-1"": -1, ""1"": 1}"
E2_CONTEXT_SIGN_FLIP,62107,CRN_CHAIN_MC,256,CONTEXT_CONDITIONAL_ONLY,A,,"{""-1"": -1, ""1"": 1}"
E2_CONTEXT_SIGN_FLIP,62107,DOUBLE_ANTITHETIC_CRN_MC,8,CONTEXT_CONDITIONAL_ONLY,A,,"{""-1"": -1, ""1"": 1}"
E2_CONTEXT_SIGN_FLIP,62107,DOUBLE_ANTITHETIC_CRN_MC,16,CONTEXT_CONDITIONAL_ONLY,A,,"{""-1"": -1, ""1"": 1}"
E2_CONTEXT_SIGN_FLIP,62107,DOUBLE_ANTITHETIC_CRN_MC,32,CONTEXT_CONDITIONAL_ONLY,A,,"{""-1"": -1, ""1"": 1}"
E2_CONTEXT_SIGN_FLIP,62107,DOUBLE_ANTITHETIC_CRN_MC,64,CONTEXT_CONDITIONAL_ONLY,A,,"{""-1"": -1, ""1"": 1}"
E2_CONTEXT_SIGN_FLIP,62107,DOUBLE_ANTITHETIC_CRN_MC,128,CONTEXT_CONDITIONAL_ONLY,A,,"{""-1"": -1, ""1"": 1}"
E2_CONTEXT_SIGN_FLIP,62107,DOUBLE_ANTITHETIC_CRN_MC,256,CONTEXT_CONDITIONAL_ONLY,A,,"{""-1"": -1, ""1"": 1}"
E2_CONTEXT_SIGN_FLIP,62107,LEGACY_INDEPENDENT_MC,8,CONTEXT_CONDITIONAL_ONLY,A,,"{""-1"": -1, ""1"": 1}"
E2_CONTEXT_SIGN_FLIP,62107,LEGACY_INDEPENDENT_MC,16,CONTEXT_CONDITIONAL_ONLY,A,,"{""-1"": -1, ""1"": 1}"
E2_CONTEXT_SIGN_FLIP,62107,LEGACY_INDEPENDENT_MC,32,CONTEXT_CONDITIONAL_ONLY,A,,"{""-1"": -1, ""1"": 1}"
E2_CONTEXT_SIGN_FLIP,62107,LEGACY_INDEPENDENT_MC,64,CONTEXT_CONDITIONAL_ONLY,A,,"{""-1"": -1, ""1"": 1}"
E2_CONTEXT_SIGN_FLIP,62107,LEGACY_INDEPENDENT_MC,128,CONTEXT_CONDITIONAL_ONLY,A,,"{""-1"": -1, ""1"": 1}"
E2_CONTEXT_SIGN_FLIP,62107,LEGACY_INDEPENDENT_MC,256,CONTEXT_CONDITIONAL_ONLY,A,,"{""-1"": -1, ""1"": 1}"
E2_CONTEXT_SIGN_FLIP,62108,ANTITHETIC_CRN_MC,8,CONTEXT_CONDITIONAL_ONLY,A,,"{""-1"": -1, ""1"": 1}"
E2_CONTEXT_SIGN_FLIP,62108,ANTITHETIC_CRN_MC,16,CONTEXT_CONDITIONAL_ONLY,A,,"{""-1"": -1, ""1"": 1}"
E2_CONTEXT_SIGN_FLIP,62108,ANTITHETIC_CRN_MC,32,CONTEXT_CONDITIONAL_ONLY,A,,"{""-1"": -1, ""1"": 1}"
E2_CONTEXT_SIGN_FLIP,62108,ANTITHETIC_CRN_MC,64,CONTEXT_CONDITIONAL_ONLY,A,,"{""-1"": -1, ""1"": 1}"
E2_CONTEXT_SIGN_FLIP,62108,ANTITHETIC_CRN_MC,128,CONTEXT_CONDITIONAL_ONLY,A,,"{""-1"": -1, ""1"": 1}"
E2_CONTEXT_SIGN_FLIP,62108,ANTITHETIC_CRN_MC,256,CONTEXT_CONDITIONAL_ONLY,A,,"{""-1"": -1, ""1"": 1}"
E2_CONTEXT_SIGN_FLIP,62108,CRN_CHAIN_MC,8,CONTEXT_CONDITIONAL_ONLY,A,,"{""-1"": -1, ""1"": 1}"
E2_CONTEXT_SIGN_FLIP,62108,CRN_CHAIN_MC,16,CONTEXT_CONDITIONAL_ONLY,A,,"{""-1"": -1, ""1"": 1}"
E2_CONTEXT_SIGN_FLIP,62108,CRN_CHAIN_MC,32,CONTEXT_CONDITIONAL_ONLY,A,,"{""-1"": -1, ""1"": 1}"
E2_CONTEXT_SIGN_FLIP,62108,CRN_CHAIN_MC,64,CONTEXT_CONDITIONAL_ONLY,A,,"{""-1"": -1, ""1"": 1}"
E2_CONTEXT_SIGN_FLIP,62108,CRN_CHAIN_MC,128,CONTEXT_CONDITIONAL_ONLY,A,,"{""-1"": -1, ""1"": 1}"
E2_CONTEXT_SIGN_FLIP,62108,CRN_CHAIN_MC,256,CONTEXT_CONDITIONAL_ONLY,A,,"{""-1"": -1, ""1"": 1}"
E2_CONTEXT_SIGN_FLIP,62108,DOUBLE_ANTITHETIC_CRN_MC,8,CONTEXT_CONDITIONAL_ONLY,A,,"{""-1"": -1, ""1"": 1}"
E2_CONTEXT_SIGN_FLIP,62108,DOUBLE_ANTITHETIC_CRN_MC,16,CONTEXT_CONDITIONAL_ONLY,A,,"{""-1"": -1, ""1"": 1}"
E2_CONTEXT_SIGN_FLIP,62108,DOUBLE_ANTITHETIC_CRN_MC,32,CONTEXT_CONDITIONAL_ONLY,A,,"{""-1"": -1, ""1"": 1}"
E2_CONTEXT_SIGN_FLIP,62108,DOUBLE_ANTITHETIC_CRN_MC,64,CONTEXT_CONDITIONAL_ONLY,A,,"{""-1"": -1, ""1"": 1}"
E2_CONTEXT_SIGN_FLIP,62108,DOUBLE_ANTITHETIC_CRN_MC,128,CONTEXT_CONDITIONAL_ONLY,A,,"{""-1"": -1, ""1"": 1}"
E2_CONTEXT_SIGN_FLIP,62108,DOUBLE_ANTITHETIC_CRN_MC,256,CONTEXT_CONDITIONAL_ONLY,A,,"{""-1"": -1, ""1"": 1}"
E2_CONTEXT_SIGN_FLIP,62108,LEGACY_INDEPENDENT_MC,8,CONTEXT_CONDITIONAL_ONLY,A,,"{""-1"": -1, ""1"": 1}"
E2_CONTEXT_SIGN_FLIP,62108,LEGACY_INDEPENDENT_MC,16,CONTEXT_CONDITIONAL_ONLY,A,,"{""-1"": -1, ""1"": 1}"
E2_CONTEXT_SIGN_FLIP,62108,LEGACY_INDEPENDENT_MC,32,CONTEXT_CONDITIONAL_ONLY,A,,"{""-1"": -1, ""1"": 1}"
E2_CONTEXT_SIGN_FLIP,62108,LEGACY_INDEPENDENT_MC,64,CONTEXT_CONDITIONAL_ONLY,A,,"{""-1"": -1, ""1"": 1}"
E2_CONTEXT_SIGN_FLIP,62108,LEGACY_INDEPENDENT_MC,128,CONTEXT_CONDITIONAL_ONLY,A,,"{""-1"": -1, ""1"": 1}"
E2_CONTEXT_SIGN_FLIP,62108,LEGACY_INDEPENDENT_MC,256,CONTEXT_CONDITIONAL_ONLY,A,,"{""-1"": -1, ""1"": 1}"
E2_CONTEXT_SIGN_FLIP,62109,ANTITHETIC_CRN_MC,8,CONTEXT_CONDITIONAL_ONLY,A,,"{""-1"": -1, ""1"": 1}"
E2_CONTEXT_SIGN_FLIP,62109,ANTITHETIC_CRN_MC,16,CONTEXT_CONDITIONAL_ONLY,A,,"{""-1"": -1, ""1"": 1}"
E2_CONTEXT_SIGN_FLIP,62109,ANTITHETIC_CRN_MC,32,CONTEXT_CONDITIONAL_ONLY,A,,"{""-1"": -1, ""1"": 1}"
E2_CONTEXT_SIGN_FLIP,62109,ANTITHETIC_CRN_MC,64,CONTEXT_CONDITIONAL_ONLY,A,,"{""-1"": -1, ""1"": 1}"
E2_CONTEXT_SIGN_FLIP,62109,ANTITHETIC_CRN_MC,128,CONTEXT_CONDITIONAL_ONLY,A,,"{""-1"": -1, ""1"": 1}"
E2_CONTEXT_SIGN_FLIP,62109,ANTITHETIC_CRN_MC,256,CONTEXT_CONDITIONAL_ONLY,A,,"{""-1"": -1, ""1"": 1}"
E2_CONTEXT_SIGN_FLIP,62109,CRN_CHAIN_MC,8,CONTEXT_CONDITIONAL_ONLY,A,,"{""-1"": -1, ""1"": 1}"
E2_CONTEXT_SIGN_FLIP,62109,CRN_CHAIN_MC,16,CONTEXT_CONDITIONAL_ONLY,A,,"{""-1"": -1, ""1"": 1}"
E2_CONTEXT_SIGN_FLIP,62109,CRN_CHAIN_MC,32,CONTEXT_CONDITIONAL_ONLY,A,,"{""-1"": -1, ""1"": 1}"
E2_CONTEXT_SIGN_FLIP,62109,CRN_CHAIN_MC,64,CONTEXT_CONDITIONAL_ONLY,A,,"{""-1"": -1, ""1"": 1}"
E2_CONTEXT_SIGN_FLIP,62109,CRN_CHAIN_MC,128,CONTEXT_CONDITIONAL_ONLY,A,,"{""-1"": -1, ""1"": 1}"
E2_CONTEXT_SIGN_FLIP,62109,CRN_CHAIN_MC,256,CONTEXT_CONDITIONAL_ONLY,A,,"{""-1"": -1, ""1"": 1}"
E2_CONTEXT_SIGN_FLIP,62109,DOUBLE_ANTITHETIC_CRN_MC,8,CONTEXT_CONDITIONAL_ONLY,A,,"{""-1"": -1, ""1"": 1}"
E2_CONTEXT_SIGN_FLIP,62109,DOUBLE_ANTITHETIC_CRN_MC,16,CONTEXT_CONDITIONAL_ONLY,A,,"{""-1"": -1, ""1"": 1}"
E2_CONTEXT_SIGN_FLIP,62109,DOUBLE_ANTITHETIC_CRN_MC,32,CONTEXT_CONDITIONAL_ONLY,A,,"{""-1"": -1, ""1"": 1}"
E2_CONTEXT_SIGN_FLIP,62109,DOUBLE_ANTITHETIC_CRN_MC,64,CONTEXT_CONDITIONAL_ONLY,A,,"{""-1"": -1, ""1"": 1}"
E2_CONTEXT_SIGN_FLIP,62109,DOUBLE_ANTITHETIC_CRN_MC,128,CONTEXT_CONDITIONAL_ONLY,A,,"{""-1"": -1, ""1"": 1}"
E2_CONTEXT_SIGN_FLIP,62109,DOUBLE_ANTITHETIC_CRN_MC,256,CONTEXT_CONDITIONAL_ONLY,A,,"{""-1"": -1, ""1"": 1}"
E2_CONTEXT_SIGN_FLIP,62109,LEGACY_INDEPENDENT_MC,8,CONTEXT_CONDITIONAL_ONLY,A,,"{""-1"": -1, ""1"": 1}"
E2_CONTEXT_SIGN_FLIP,62109,LEGACY_INDEPENDENT_MC,16,CONTEXT_CONDITIONAL_ONLY,A,,"{""-1"": -1, ""1"": 1}"
E2_CONTEXT_SIGN_FLIP,62109,LEGACY_INDEPENDENT_MC,32,CONTEXT_CONDITIONAL_ONLY,A,,"{""-1"": -1, ""1"": 1}"
E2_CONTEXT_SIGN_FLIP,62109,LEGACY_INDEPENDENT_MC,64,CONTEXT_CONDITIONAL_ONLY,A,,"{""-1"": -1, ""1"": 1}"
E2_CONTEXT_SIGN_FLIP,62109,LEGACY_INDEPENDENT_MC,128,CONTEXT_CONDITIONAL_ONLY,A,,"{""-1"": -1, ""1"": 1}"
E2_CONTEXT_SIGN_FLIP,62109,LEGACY_INDEPENDENT_MC,256,CONTEXT_CONDITIONAL_ONLY,A,,"{""-1"": -1, ""1"": 1}"
E2_CONTEXT_SIGN_FLIP,62110,ANTITHETIC_CRN_MC,8,CONTEXT_CONDITIONAL_ONLY,A,,"{""-1"": -1, ""1"": 1}"
E2_CONTEXT_SIGN_FLIP,62110,ANTITHETIC_CRN_MC,16,CONTEXT_CONDITIONAL_ONLY,A,,"{""-1"": -1, ""1"": 1}"
E2_CONTEXT_SIGN_FLIP,62110,ANTITHETIC_CRN_MC,32,CONTEXT_CONDITIONAL_ONLY,A,,"{""-1"": -1, ""1"": 1}"
E2_CONTEXT_SIGN_FLIP,62110,ANTITHETIC_CRN_MC,64,CONTEXT_CONDITIONAL_ONLY,A,,"{""-1"": -1, ""1"": 1}"
E2_CONTEXT_SIGN_FLIP,62110,ANTITHETIC_CRN_MC,128,CONTEXT_CONDITIONAL_ONLY,A,,"{""-1"": -1, ""1"": 1}"
E2_CONTEXT_SIGN_FLIP,62110,ANTITHETIC_CRN_MC,256,CONTEXT_CONDITIONAL_ONLY,A,,"{""-1"": -1, ""1"": 1}"
E2_CONTEXT_SIGN_FLIP,62110,CRN_CHAIN_MC,8,CONTEXT_CONDITIONAL_ONLY,A,,"{""-1"": -1, ""1"": 1}"
E2_CONTEXT_SIGN_FLIP,62110,CRN_CHAIN_MC,16,CONTEXT_CONDITIONAL_ONLY,A,,"{""-1"": -1, ""1"": 1}"
E2_CONTEXT_SIGN_FLIP,62110,CRN_CHAIN_MC,32,CONTEXT_CONDITIONAL_ONLY,A,,"{""-1"": -1, ""1"": 1}"
E2_CONTEXT_SIGN_FLIP,62110,CRN_CHAIN_MC,64,CONTEXT_CONDITIONAL_ONLY,A,,"{""-1"": -1, ""1"": 1}"
E2_CONTEXT_SIGN_FLIP,62110,CRN_CHAIN_MC,128,CONTEXT_CONDITIONAL_ONLY,A,,"{""-1"": -1, ""1"": 1}"
E2_CONTEXT_SIGN_FLIP,62110,CRN_CHAIN_MC,256,CONTEXT_CONDITIONAL_ONLY,A,,"{""-1"": -1, ""1"": 1}"
E2_CONTEXT_SIGN_FLIP,62110,DOUBLE_ANTITHETIC_CRN_MC,8,CONTEXT_CONDITIONAL_ONLY,A,,"{""-1"": -1, ""1"": 1}"
E2_CONTEXT_SIGN_FLIP,62110,DOUBLE_ANTITHETIC_CRN_MC,16,CONTEXT_CONDITIONAL_ONLY,A,,"{""-1"": -1, ""1"": 1}"
E2_CONTEXT_SIGN_FLIP,62110,DOUBLE_ANTITHETIC_CRN_MC,32,CONTEXT_CONDITIONAL_ONLY,A,,"{""-1"": -1, ""1"": 1}"
E2_CONTEXT_SIGN_FLIP,62110,DOUBLE_ANTITHETIC_CRN_MC,64,CONTEXT_CONDITIONAL_ONLY,A,,"{""-1"": -1, ""1"": 1}"
E2_CONTEXT_SIGN_FLIP,62110,DOUBLE_ANTITHETIC_CRN_MC,128,CONTEXT_CONDITIONAL_ONLY,A,,"{""-1"": -1, ""1"": 1}"
E2_CONTEXT_SIGN_FLIP,62110,DOUBLE_ANTITHETIC_CRN_MC,256,CONTEXT_CONDITIONAL_ONLY,A,,"{""-1"": -1, ""1"": 1}"
E2_CONTEXT_SIGN_FLIP,62110,LEGACY_INDEPENDENT_MC,8,CONTEXT_CONDITIONAL_ONLY,A,,"{""-1"": -1, ""1"": 1}"
E2_CONTEXT_SIGN_FLIP,62110,LEGACY_INDEPENDENT_MC,16,CONTEXT_CONDITIONAL_ONLY,A,,"{""-1"": -1, ""1"": 1}"
E2_CONTEXT_SIGN_FLIP,62110,LEGACY_INDEPENDENT_MC,32,CONTEXT_CONDITIONAL_ONLY,A,,"{""-1"": -1, ""1"": 1}"
E2_CONTEXT_SIGN_FLIP,62110,LEGACY_INDEPENDENT_MC,64,CONTEXT_CONDITIONAL_ONLY,A,,"{""-1"": -1, ""1"": 1}"
E2_CONTEXT_SIGN_FLIP,62110,LEGACY_INDEPENDENT_MC,128,CONTEXT_CONDITIONAL_ONLY,A,,"{""-1"": -1, ""1"": 1}"
E2_CONTEXT_SIGN_FLIP,62110,LEGACY_INDEPENDENT_MC,256,CONTEXT_CONDITIONAL_ONLY,A,,"{""-1"": -1, ""1"": 1}"
E2_CONTEXT_SIGN_FLIP,62111,ANTITHETIC_CRN_MC,8,CONTEXT_CONDITIONAL_ONLY,A,,"{""-1"": -1, ""1"": 1}"
E2_CONTEXT_SIGN_FLIP,62111,ANTITHETIC_CRN_MC,16,CONTEXT_CONDITIONAL_ONLY,A,,"{""-1"": -1, ""1"": 1}"
E2_CONTEXT_SIGN_FLIP,62111,ANTITHETIC_CRN_MC,32,CONTEXT_CONDITIONAL_ONLY,A,,"{""-1"": -1, ""1"": 1}"
E2_CONTEXT_SIGN_FLIP,62111,ANTITHETIC_CRN_MC,64,CONTEXT_CONDITIONAL_ONLY,A,,"{""-1"": -1, ""1"": 1}"
E2_CONTEXT_SIGN_FLIP,62111,ANTITHETIC_CRN_MC,128,CONTEXT_CONDITIONAL_ONLY,A,,"{""-1"": -1, ""1"": 1}"
E2_CONTEXT_SIGN_FLIP,62111,ANTITHETIC_CRN_MC,256,CONTEXT_CONDITIONAL_ONLY,A,,"{""-1"": -1, ""1"": 1}"
E2_CONTEXT_SIGN_FLIP,62111,CRN_CHAIN_MC,8,CONTEXT_CONDITIONAL_ONLY,A,,"{""-1"": -1, ""1"": 1}"
E2_CONTEXT_SIGN_FLIP,62111,CRN_CHAIN_MC,16,CONTEXT_CONDITIONAL_ONLY,A,,"{""-1"": -1, ""1"": 1}"
E2_CONTEXT_SIGN_FLIP,62111,CRN_CHAIN_MC,32,CONTEXT_CONDITIONAL_ONLY,A,,"{""-1"": -1, ""1"": 1}"
E2_CONTEXT_SIGN_FLIP,62111,CRN_CHAIN_MC,64,CONTEXT_CONDITIONAL_ONLY,A,,"{""-1"": -1, ""1"": 1}"
E2_CONTEXT_SIGN_FLIP,62111,CRN_CHAIN_MC,128,CONTEXT_CONDITIONAL_ONLY,A,,"{""-1"": -1, ""1"": 1}"
E2_CONTEXT_SIGN_FLIP,62111,CRN_CHAIN_MC,256,CONTEXT_CONDITIONAL_ONLY,A,,"{""-1"": -1, ""1"": 1}"
E2_CONTEXT_SIGN_FLIP,62111,DOUBLE_ANTITHETIC_CRN_MC,8,CONTEXT_CONDITIONAL_ONLY,A,,"{""-1"": -1, ""1"": 1}"
E2_CONTEXT_SIGN_FLIP,62111,DOUBLE_ANTITHETIC_CRN_MC,16,CONTEXT_CONDITIONAL_ONLY,A,,"{""-1"": -1, ""1"": 1}"
E2_CONTEXT_SIGN_FLIP,62111,DOUBLE_ANTITHETIC_CRN_MC,32,CONTEXT_CONDITIONAL_ONLY,A,,"{""-1"": -1, ""1"": 1}"
E2_CONTEXT_SIGN_FLIP,62111,DOUBLE_ANTITHETIC_CRN_MC,64,CONTEXT_CONDITIONAL_ONLY,A,,"{""-1"": -1, ""1"": 1}"
E2_CONTEXT_SIGN_FLIP,62111,DOUBLE_ANTITHETIC_CRN_MC,128,CONTEXT_CONDITIONAL_ONLY,A,,"{""-1"": -1, ""1"": 1}"
E2_CONTEXT_SIGN_FLIP,62111,DOUBLE_ANTITHETIC_CRN_MC,256,CONTEXT_CONDITIONAL_ONLY,A,,"{""-1"": -1, ""1"": 1}"
E2_CONTEXT_SIGN_FLIP,62111,LEGACY_INDEPENDENT_MC,8,CONTEXT_CONDITIONAL_ONLY,A,,"{""-1"": -1, ""1"": 1}"
E2_CONTEXT_SIGN_FLIP,62111,LEGACY_INDEPENDENT_MC,16,CONTEXT_CONDITIONAL_ONLY,A,,"{""-1"": -1, ""1"": 1}"
E2_CONTEXT_SIGN_FLIP,62111,LEGACY_INDEPENDENT_MC,32,CONTEXT_CONDITIONAL_ONLY,A,,"{""-1"": -1, ""1"": 1}"
E2_CONTEXT_SIGN_FLIP,62111,LEGACY_INDEPENDENT_MC,64,CONTEXT_CONDITIONAL_ONLY,A,,"{""-1"": -1, ""1"": 1}"
E2_CONTEXT_SIGN_FLIP,62111,LEGACY_INDEPENDENT_MC,128,CONTEXT_CONDITIONAL_ONLY,A,,"{""-1"": -1, ""1"": 1}"
E2_CONTEXT_SIGN_FLIP,62111,LEGACY_INDEPENDENT_MC,256,CONTEXT_CONDITIONAL_ONLY,A,,"{""-1"": -1, ""1"": 1}"
E2_CONTEXT_SIGN_FLIP,62112,ANTITHETIC_CRN_MC,8,CONTEXT_CONDITIONAL_ONLY,A,,"{""-1"": -1, ""1"": 1}"
E2_CONTEXT_SIGN_FLIP,62112,ANTITHETIC_CRN_MC,16,CONTEXT_CONDITIONAL_ONLY,A,,"{""-1"": -1, ""1"": 1}"
E2_CONTEXT_SIGN_FLIP,62112,ANTITHETIC_CRN_MC,32,CONTEXT_CONDITIONAL_ONLY,A,,"{""-1"": -1, ""1"": 1}"
E2_CONTEXT_SIGN_FLIP,62112,ANTITHETIC_CRN_MC,64,CONTEXT_CONDITIONAL_ONLY,A,,"{""-1"": -1, ""1"": 1}"
E2_CONTEXT_SIGN_FLIP,62112,ANTITHETIC_CRN_MC,128,CONTEXT_CONDITIONAL_ONLY,A,,"{""-1"": -1, ""1"": 1}"
E2_CONTEXT_SIGN_FLIP,62112,ANTITHETIC_CRN_MC,256,CONTEXT_CONDITIONAL_ONLY,A,,"{""-1"": -1, ""1"": 1}"
E2_CONTEXT_SIGN_FLIP,62112,CRN_CHAIN_MC,8,CONTEXT_CONDITIONAL_ONLY,A,,"{""-1"": -1, ""1"": 1}"
E2_CONTEXT_SIGN_FLIP,62112,CRN_CHAIN_MC,16,CONTEXT_CONDITIONAL_ONLY,A,,"{""-1"": -1, ""1"": 1}"
E2_CONTEXT_SIGN_FLIP,62112,CRN_CHAIN_MC,32,CONTEXT_CONDITIONAL_ONLY,A,,"{""-1"": -1, ""1"": 1}"
E2_CONTEXT_SIGN_FLIP,62112,CRN_CHAIN_MC,64,CONTEXT_CONDITIONAL_ONLY,A,,"{""-1"": -1, ""1"": 1}"
E2_CONTEXT_SIGN_FLIP,62112,CRN_CHAIN_MC,128,CONTEXT_CONDITIONAL_ONLY,A,,"{""-1"": -1, ""1"": 1}"
E2_CONTEXT_SIGN_FLIP,62112,CRN_CHAIN_MC,256,CONTEXT_CONDITIONAL_ONLY,A,,"{""-1"": -1, ""1"": 1}"
E2_CONTEXT_SIGN_FLIP,62112,DOUBLE_ANTITHETIC_CRN_MC,8,CONTEXT_CONDITIONAL_ONLY,A,,"{""-1"": -1, ""1"": 1}"
E2_CONTEXT_SIGN_FLIP,62112,DOUBLE_ANTITHETIC_CRN_MC,16,CONTEXT_CONDITIONAL_ONLY,A,,"{""-1"": -1, ""1"": 1}"
E2_CONTEXT_SIGN_FLIP,62112,DOUBLE_ANTITHETIC_CRN_MC,32,CONTEXT_CONDITIONAL_ONLY,A,,"{""-1"": -1, ""1"": 1}"
E2_CONTEXT_SIGN_FLIP,62112,DOUBLE_ANTITHETIC_CRN_MC,64,CONTEXT_CONDITIONAL_ONLY,A,,"{""-1"": -1, ""1"": 1}"
E2_CONTEXT_SIGN_FLIP,62112,DOUBLE_ANTITHETIC_CRN_MC,128,CONTEXT_CONDITIONAL_ONLY,A,,"{""-1"": -1, ""1"": 1}"
E2_CONTEXT_SIGN_FLIP,62112,DOUBLE_ANTITHETIC_CRN_MC,256,CONTEXT_CONDITIONAL_ONLY,A,,"{""-1"": -1, ""1"": 1}"
E2_CONTEXT_SIGN_FLIP,62112,LEGACY_INDEPENDENT_MC,8,CONTEXT_CONDITIONAL_ONLY,A,,"{""-1"": -1, ""1"": 1}"
E2_CONTEXT_SIGN_FLIP,62112,LEGACY_INDEPENDENT_MC,16,CONTEXT_CONDITIONAL_ONLY,A,,"{""-1"": -1, ""1"": 1}"
E2_CONTEXT_SIGN_FLIP,62112,LEGACY_INDEPENDENT_MC,32,CONTEXT_CONDITIONAL_ONLY,A,,"{""-1"": -1, ""1"": 1}"
E2_CONTEXT_SIGN_FLIP,62112,LEGACY_INDEPENDENT_MC,64,CONTEXT_CONDITIONAL_ONLY,A,,"{""-1"": -1, ""1"": 1}"
E2_CONTEXT_SIGN_FLIP,62112,LEGACY_INDEPENDENT_MC,128,CONTEXT_CONDITIONAL_ONLY,A,,"{""-1"": -1, ""1"": 1}"
E2_CONTEXT_SIGN_FLIP,62112,LEGACY_INDEPENDENT_MC,256,CONTEXT_CONDITIONAL_ONLY,A,,"{""-1"": -1, ""1"": 1}"
E2_CONTEXT_SIGN_FLIP,62113,ANTITHETIC_CRN_MC,8,CONTEXT_CONDITIONAL_ONLY,A,,"{""-1"": -1, ""1"": 1}"
E2_CONTEXT_SIGN_FLIP,62113,ANTITHETIC_CRN_MC,16,CONTEXT_CONDITIONAL_ONLY,A,,"{""-1"": -1, ""1"": 1}"
E2_CONTEXT_SIGN_FLIP,62113,ANTITHETIC_CRN_MC,32,CONTEXT_CONDITIONAL_ONLY,A,,"{""-1"": -1, ""1"": 1}"
E2_CONTEXT_SIGN_FLIP,62113,ANTITHETIC_CRN_MC,64,CONTEXT_CONDITIONAL_ONLY,A,,"{""-1"": -1, ""1"": 1}"
E2_CONTEXT_SIGN_FLIP,62113,ANTITHETIC_CRN_MC,128,CONTEXT_CONDITIONAL_ONLY,A,,"{""-1"": -1, ""1"": 1}"
E2_CONTEXT_SIGN_FLIP,62113,ANTITHETIC_CRN_MC,256,CONTEXT_CONDITIONAL_ONLY,A,,"{""-1"": -1, ""1"": 1}"
E2_CONTEXT_SIGN_FLIP,62113,CRN_CHAIN_MC,8,CONTEXT_CONDITIONAL_ONLY,A,,"{""-1"": -1, ""1"": 1}"
E2_CONTEXT_SIGN_FLIP,62113,CRN_CHAIN_MC,16,CONTEXT_CONDITIONAL_ONLY,A,,"{""-1"": -1, ""1"": 1}"
E2_CONTEXT_SIGN_FLIP,62113,CRN_CHAIN_MC,32,CONTEXT_CONDITIONAL_ONLY,A,,"{""-1"": -1, ""1"": 1}"
E2_CONTEXT_SIGN_FLIP,62113,CRN_CHAIN_MC,64,CONTEXT_CONDITIONAL_ONLY,A,,"{""-1"": -1, ""1"": 1}"
E2_CONTEXT_SIGN_FLIP,62113,CRN_CHAIN_MC,128,CONTEXT_CONDITIONAL_ONLY,A,,"{""-1"": -1, ""1"": 1}"
E2_CONTEXT_SIGN_FLIP,62113,CRN_CHAIN_MC,256,CONTEXT_CONDITIONAL_ONLY,A,,"{""-1"": -1, ""1"": 1}"
E2_CONTEXT_SIGN_FLIP,62113,DOUBLE_ANTITHETIC_CRN_MC,8,CONTEXT_CONDITIONAL_ONLY,A,,"{""-1"": -1, ""1"": 1}"
E2_CONTEXT_SIGN_FLIP,62113,DOUBLE_ANTITHETIC_CRN_MC,16,CONTEXT_CONDITIONAL_ONLY,A,,"{""-1"": -1, ""1"": 1}"
E2_CONTEXT_SIGN_FLIP,62113,DOUBLE_ANTITHETIC_CRN_MC,32,CONTEXT_CONDITIONAL_ONLY,A,,"{""-1"": -1, ""1"": 1}"
E2_CONTEXT_SIGN_FLIP,62113,DOUBLE_ANTITHETIC_CRN_MC,64,CONTEXT_CONDITIONAL_ONLY,A,,"{""-1"": -1, ""1"": 1}"
E2_CONTEXT_SIGN_FLIP,62113,DOUBLE_ANTITHETIC_CRN_MC,128,CONTEXT_CONDITIONAL_ONLY,A,,"{""-1"": -1, ""1"": 1}"
E2_CONTEXT_SIGN_FLIP,62113,DOUBLE_ANTITHETIC_CRN_MC,256,CONTEXT_CONDITIONAL_ONLY,A,,"{""-1"": -1, ""1"": 1}"
E2_CONTEXT_SIGN_FLIP,62113,LEGACY_INDEPENDENT_MC,8,CONTEXT_CONDITIONAL_ONLY,A,,"{""-1"": -1, ""1"": 1}"
E2_CONTEXT_SIGN_FLIP,62113,LEGACY_INDEPENDENT_MC,16,CONTEXT_CONDITIONAL_ONLY,A,,"{""-1"": -1, ""1"": 1}"
E2_CONTEXT_SIGN_FLIP,62113,LEGACY_INDEPENDENT_MC,32,CONTEXT_CONDITIONAL_ONLY,A,,"{""-1"": -1, ""1"": 1}"
E2_CONTEXT_SIGN_FLIP,62113,LEGACY_INDEPENDENT_MC,64,CONTEXT_CONDITIONAL_ONLY,A,,"{""-1"": -1, ""1"": 1}"
E2_CONTEXT_SIGN_FLIP,62113,LEGACY_INDEPENDENT_MC,128,CONTEXT_CONDITIONAL_ONLY,A,,"{""-1"": -1, ""1"": 1}"
E2_CONTEXT_SIGN_FLIP,62113,LEGACY_INDEPENDENT_MC,256,CONTEXT_CONDITIONAL_ONLY,A,,"{""-1"": -1, ""1"": 1}"
E2_CONTEXT_SIGN_FLIP,62114,ANTITHETIC_CRN_MC,8,CONTEXT_CONDITIONAL_ONLY,A,,"{""-1"": -1, ""1"": 1}"
E2_CONTEXT_SIGN_FLIP,62114,ANTITHETIC_CRN_MC,16,CONTEXT_CONDITIONAL_ONLY,A,,"{""-1"": -1, ""1"": 1}"
E2_CONTEXT_SIGN_FLIP,62114,ANTITHETIC_CRN_MC,32,CONTEXT_CONDITIONAL_ONLY,A,,"{""-1"": -1, ""1"": 1}"
E2_CONTEXT_SIGN_FLIP,62114,ANTITHETIC_CRN_MC,64,CONTEXT_CONDITIONAL_ONLY,A,,"{""-1"": -1, ""1"": 1}"
E2_CONTEXT_SIGN_FLIP,62114,ANTITHETIC_CRN_MC,128,CONTEXT_CONDITIONAL_ONLY,A,,"{""-1"": -1, ""1"": 1}"
E2_CONTEXT_SIGN_FLIP,62114,ANTITHETIC_CRN_MC,256,CONTEXT_CONDITIONAL_ONLY,A,,"{""-1"": -1, ""1"": 1}"
E2_CONTEXT_SIGN_FLIP,62114,CRN_CHAIN_MC,8,CONTEXT_CONDITIONAL_ONLY,A,,"{""-1"": -1, ""1"": 1}"
E2_CONTEXT_SIGN_FLIP,62114,CRN_CHAIN_MC,16,CONTEXT_CONDITIONAL_ONLY,A,,"{""-1"": -1, ""1"": 1}"
E2_CONTEXT_SIGN_FLIP,62114,CRN_CHAIN_MC,32,CONTEXT_CONDITIONAL_ONLY,A,,"{""-1"": -1, ""1"": 1}"
E2_CONTEXT_SIGN_FLIP,62114,CRN_CHAIN_MC,64,CONTEXT_CONDITIONAL_ONLY,A,,"{""-1"": -1, ""1"": 1}"
E2_CONTEXT_SIGN_FLIP,62114,CRN_CHAIN_MC,128,CONTEXT_CONDITIONAL_ONLY,A,,"{""-1"": -1, ""1"": 1}"
E2_CONTEXT_SIGN_FLIP,62114,CRN_CHAIN_MC,256,CONTEXT_CONDITIONAL_ONLY,A,,"{""-1"": -1, ""1"": 1}"
E2_CONTEXT_SIGN_FLIP,62114,DOUBLE_ANTITHETIC_CRN_MC,8,CONTEXT_CONDITIONAL_ONLY,A,,"{""-1"": -1, ""1"": 1}"
E2_CONTEXT_SIGN_FLIP,62114,DOUBLE_ANTITHETIC_CRN_MC,16,CONTEXT_CONDITIONAL_ONLY,A,,"{""-1"": -1, ""1"": 1}"
E2_CONTEXT_SIGN_FLIP,62114,DOUBLE_ANTITHETIC_CRN_MC,32,CONTEXT_CONDITIONAL_ONLY,A,,"{""-1"": -1, ""1"": 1}"
E2_CONTEXT_SIGN_FLIP,62114,DOUBLE_ANTITHETIC_CRN_MC,64,CONTEXT_CONDITIONAL_ONLY,A,,"{""-1"": -1, ""1"": 1}"
E2_CONTEXT_SIGN_FLIP,62114,DOUBLE_ANTITHETIC_CRN_MC,128,CONTEXT_CONDITIONAL_ONLY,A,,"{""-1"": -1, ""1"": 1}"
E2_CONTEXT_SIGN_FLIP,62114,DOUBLE_ANTITHETIC_CRN_MC,256,CONTEXT_CONDITIONAL_ONLY,A,,"{""-1"": -1, ""1"": 1}"
E2_CONTEXT_SIGN_FLIP,62114,LEGACY_INDEPENDENT_MC,8,CONTEXT_CONDITIONAL_ONLY,A,,"{""-1"": -1, ""1"": 1}"
E2_CONTEXT_SIGN_FLIP,62114,LEGACY_INDEPENDENT_MC,16,CONTEXT_CONDITIONAL_ONLY,A,,"{""-1"": -1, ""1"": 1}"
E2_CONTEXT_SIGN_FLIP,62114,LEGACY_INDEPENDENT_MC,32,CONTEXT_CONDITIONAL_ONLY,A,,"{""-1"": -1, ""1"": 1}"
E2_CONTEXT_SIGN_FLIP,62114,LEGACY_INDEPENDENT_MC,64,CONTEXT_CONDITIONAL_ONLY,A,,"{""-1"": -1, ""1"": 1}"
E2_CONTEXT_SIGN_FLIP,62114,LEGACY_INDEPENDENT_MC,128,CONTEXT_CONDITIONAL_ONLY,A,,"{""-1"": -1, ""1"": 1}"
E2_CONTEXT_SIGN_FLIP,62114,LEGACY_INDEPENDENT_MC,256,CONTEXT_CONDITIONAL_ONLY,A,,"{""-1"": -1, ""1"": 1}"
E2_CONTEXT_SIGN_FLIP,62115,ANTITHETIC_CRN_MC,8,CONTEXT_CONDITIONAL_ONLY,A,,"{""-1"": -1, ""1"": 1}"
E2_CONTEXT_SIGN_FLIP,62115,ANTITHETIC_CRN_MC,16,CONTEXT_CONDITIONAL_ONLY,A,,"{""-1"": -1, ""1"": 1}"
E2_CONTEXT_SIGN_FLIP,62115,ANTITHETIC_CRN_MC,32,CONTEXT_CONDITIONAL_ONLY,A,,"{""-1"": -1, ""1"": 1}"
E2_CONTEXT_SIGN_FLIP,62115,ANTITHETIC_CRN_MC,64,CONTEXT_CONDITIONAL_ONLY,A,,"{""-1"": -1, ""1"": 1}"
E2_CONTEXT_SIGN_FLIP,62115,ANTITHETIC_CRN_MC,128,CONTEXT_CONDITIONAL_ONLY,A,,"{""-1"": -1, ""1"": 1}"
E2_CONTEXT_SIGN_FLIP,62115,ANTITHETIC_CRN_MC,256,CONTEXT_CONDITIONAL_ONLY,A,,"{""-1"": -1, ""1"": 1}"
E2_CONTEXT_SIGN_FLIP,62115,CRN_CHAIN_MC,8,CONTEXT_CONDITIONAL_ONLY,A,,"{""-1"": -1, ""1"": 1}"
E2_CONTEXT_SIGN_FLIP,62115,CRN_CHAIN_MC,16,CONTEXT_CONDITIONAL_ONLY,A,,"{""-1"": -1, ""1"": 1}"
E2_CONTEXT_SIGN_FLIP,62115,CRN_CHAIN_MC,32,CONTEXT_CONDITIONAL_ONLY,A,,"{""-1"": -1, ""1"": 1}"
E2_CONTEXT_SIGN_FLIP,62115,CRN_CHAIN_MC,64,CONTEXT_CONDITIONAL_ONLY,A,,"{""-1"": -1, ""1"": 1}"
E2_CONTEXT_SIGN_FLIP,62115,CRN_CHAIN_MC,128,CONTEXT_CONDITIONAL_ONLY,A,,"{""-1"": -1, ""1"": 1}"
E2_CONTEXT_SIGN_FLIP,62115,CRN_CHAIN_MC,256,CONTEXT_CONDITIONAL_ONLY,A,,"{""-1"": -1, ""1"": 1}"
E2_CONTEXT_SIGN_FLIP,62115,DOUBLE_ANTITHETIC_CRN_MC,8,CONTEXT_CONDITIONAL_ONLY,A,,"{""-1"": -1, ""1"": 1}"
E2_CONTEXT_SIGN_FLIP,62115,DOUBLE_ANTITHETIC_CRN_MC,16,CONTEXT_CONDITIONAL_ONLY,A,,"{""-1"": -1, ""1"": 1}"
E2_CONTEXT_SIGN_FLIP,62115,DOUBLE_ANTITHETIC_CRN_MC,32,CONTEXT_CONDITIONAL_ONLY,A,,"{""-1"": -1, ""1"": 1}"
E2_CONTEXT_SIGN_FLIP,62115,DOUBLE_ANTITHETIC_CRN_MC,64,CONTEXT_CONDITIONAL_ONLY,A,,"{""-1"": -1, ""1"": 1}"
E2_CONTEXT_SIGN_FLIP,62115,DOUBLE_ANTITHETIC_CRN_MC,128,CONTEXT_CONDITIONAL_ONLY,A,,"{""-1"": -1, ""1"": 1}"
E2_CONTEXT_SIGN_FLIP,62115,DOUBLE_ANTITHETIC_CRN_MC,256,CONTEXT_CONDITIONAL_ONLY,A,,"{""-1"": -1, ""1"": 1}"
E2_CONTEXT_SIGN_FLIP,62115,LEGACY_INDEPENDENT_MC,8,CONTEXT_CONDITIONAL_ONLY,A,,"{""-1"": -1, ""1"": 1}"
E2_CONTEXT_SIGN_FLIP,62115,LEGACY_INDEPENDENT_MC,16,CONTEXT_CONDITIONAL_ONLY,A,,"{""-1"": -1, ""1"": 1}"
E2_CONTEXT_SIGN_FLIP,62115,LEGACY_INDEPENDENT_MC,32,CONTEXT_CONDITIONAL_ONLY,A,,"{""-1"": -1, ""1"": 1}"
E2_CONTEXT_SIGN_FLIP,62115,LEGACY_INDEPENDENT_MC,64,CONTEXT_CONDITIONAL_ONLY,A,,"{""-1"": -1, ""1"": 1}"
E2_CONTEXT_SIGN_FLIP,62115,LEGACY_INDEPENDENT_MC,128,CONTEXT_CONDITIONAL_ONLY,A,,"{""-1"": -1, ""1"": 1}"
E2_CONTEXT_SIGN_FLIP,62115,LEGACY_INDEPENDENT_MC,256,CONTEXT_CONDITIONAL_ONLY,A,,"{""-1"": -1, ""1"": 1}"
E2_CONTEXT_SIGN_FLIP,62116,ANTITHETIC_CRN_MC,8,CONTEXT_CONDITIONAL_ONLY,A,,"{""-1"": -1, ""1"": 1}"
E2_CONTEXT_SIGN_FLIP,62116,ANTITHETIC_CRN_MC,16,CONTEXT_CONDITIONAL_ONLY,A,,"{""-1"": -1, ""1"": 1}"
E2_CONTEXT_SIGN_FLIP,62116,ANTITHETIC_CRN_MC,32,CONTEXT_CONDITIONAL_ONLY,A,,"{""-1"": -1, ""1"": 1}"
E2_CONTEXT_SIGN_FLIP,62116,ANTITHETIC_CRN_MC,64,CONTEXT_CONDITIONAL_ONLY,A,,"{""-1"": -1, ""1"": 1}"
E2_CONTEXT_SIGN_FLIP,62116,ANTITHETIC_CRN_MC,128,CONTEXT_CONDITIONAL_ONLY,A,,"{""-1"": -1, ""1"": 1}"
E2_CONTEXT_SIGN_FLIP,62116,ANTITHETIC_CRN_MC,256,CONTEXT_CONDITIONAL_ONLY,A,,"{""-1"": -1, ""1"": 1}"
E2_CONTEXT_SIGN_FLIP,62116,CRN_CHAIN_MC,8,CONTEXT_CONDITIONAL_ONLY,A,,"{""-1"": -1, ""1"": 1}"
E2_CONTEXT_SIGN_FLIP,62116,CRN_CHAIN_MC,16,CONTEXT_CONDITIONAL_ONLY,A,,"{""-1"": -1, ""1"": 1}"
E2_CONTEXT_SIGN_FLIP,62116,CRN_CHAIN_MC,32,CONTEXT_CONDITIONAL_ONLY,A,,"{""-1"": -1, ""1"": 1}"
E2_CONTEXT_SIGN_FLIP,62116,CRN_CHAIN_MC,64,CONTEXT_CONDITIONAL_ONLY,A,,"{""-1"": -1, ""1"": 1}"
E2_CONTEXT_SIGN_FLIP,62116,CRN_CHAIN_MC,128,CONTEXT_CONDITIONAL_ONLY,A,,"{""-1"": -1, ""1"": 1}"
E2_CONTEXT_SIGN_FLIP,62116,CRN_CHAIN_MC,256,CONTEXT_CONDITIONAL_ONLY,A,,"{""-1"": -1, ""1"": 1}"
E2_CONTEXT_SIGN_FLIP,62116,DOUBLE_ANTITHETIC_CRN_MC,8,CONTEXT_CONDITIONAL_ONLY,A,,"{""-1"": -1, ""1"": 1}"
E2_CONTEXT_SIGN_FLIP,62116,DOUBLE_ANTITHETIC_CRN_MC,16,CONTEXT_CONDITIONAL_ONLY,A,,"{""-1"": -1, ""1"": 1}"
E2_CONTEXT_SIGN_FLIP,62116,DOUBLE_ANTITHETIC_CRN_MC,32,CONTEXT_CONDITIONAL_ONLY,A,,"{""-1"": -1, ""1"": 1}"
E2_CONTEXT_SIGN_FLIP,62116,DOUBLE_ANTITHETIC_CRN_MC,64,CONTEXT_CONDITIONAL_ONLY,A,,"{""-1"": -1, ""1"": 1}"
E2_CONTEXT_SIGN_FLIP,62116,DOUBLE_ANTITHETIC_CRN_MC,128,CONTEXT_CONDITIONAL_ONLY,A,,"{""-1"": -1, ""1"": 1}"
E2_CONTEXT_SIGN_FLIP,62116,DOUBLE_ANTITHETIC_CRN_MC,256,CONTEXT_CONDITIONAL_ONLY,A,,"{""-1"": -1, ""1"": 1}"
E2_CONTEXT_SIGN_FLIP,62116,LEGACY_INDEPENDENT_MC,8,CONTEXT_CONDITIONAL_ONLY,A,,"{""-1"": -1, ""1"": 1}"
E2_CONTEXT_SIGN_FLIP,62116,LEGACY_INDEPENDENT_MC,16,CONTEXT_CONDITIONAL_ONLY,A,,"{""-1"": -1, ""1"": 1}"
E2_CONTEXT_SIGN_FLIP,62116,LEGACY_INDEPENDENT_MC,32,CONTEXT_CONDITIONAL_ONLY,A,,"{""-1"": -1, ""1"": 1}"
E2_CONTEXT_SIGN_FLIP,62116,LEGACY_INDEPENDENT_MC,64,CONTEXT_CONDITIONAL_ONLY,A,,"{""-1"": -1, ""1"": 1}"
E2_CONTEXT_SIGN_FLIP,62116,LEGACY_INDEPENDENT_MC,128,CONTEXT_CONDITIONAL_ONLY,A,,"{""-1"": -1, ""1"": 1}"
E2_CONTEXT_SIGN_FLIP,62116,LEGACY_INDEPENDENT_MC,256,CONTEXT_CONDITIONAL_ONLY,A,,"{""-1"": -1, ""1"": 1}"
E2_CONTEXT_SIGN_FLIP,62117,ANTITHETIC_CRN_MC,8,CONTEXT_CONDITIONAL_ONLY,A,,"{""-1"": -1, ""1"": 1}"
E2_CONTEXT_SIGN_FLIP,62117,ANTITHETIC_CRN_MC,16,CONTEXT_CONDITIONAL_ONLY,A,,"{""-1"": -1, ""1"": 1}"
E2_CONTEXT_SIGN_FLIP,62117,ANTITHETIC_CRN_MC,32,CONTEXT_CONDITIONAL_ONLY,A,,"{""-1"": -1, ""1"": 1}"
E2_CONTEXT_SIGN_FLIP,62117,ANTITHETIC_CRN_MC,64,CONTEXT_CONDITIONAL_ONLY,A,,"{""-1"": -1, ""1"": 1}"
E2_CONTEXT_SIGN_FLIP,62117,ANTITHETIC_CRN_MC,128,CONTEXT_CONDITIONAL_ONLY,A,,"{""-1"": -1, ""1"": 1}"
E2_CONTEXT_SIGN_FLIP,62117,ANTITHETIC_CRN_MC,256,CONTEXT_CONDITIONAL_ONLY,A,,"{""-1"": -1, ""1"": 1}"
E2_CONTEXT_SIGN_FLIP,62117,CRN_CHAIN_MC,8,CONTEXT_CONDITIONAL_ONLY,A,,"{""-1"": -1, ""1"": 1}"
E2_CONTEXT_SIGN_FLIP,62117,CRN_CHAIN_MC,16,CONTEXT_CONDITIONAL_ONLY,A,,"{""-1"": -1, ""1"": 1}"
E2_CONTEXT_SIGN_FLIP,62117,CRN_CHAIN_MC,32,CONTEXT_CONDITIONAL_ONLY,A,,"{""-1"": -1, ""1"": 1}"
E2_CONTEXT_SIGN_FLIP,62117,CRN_CHAIN_MC,64,CONTEXT_CONDITIONAL_ONLY,A,,"{""-1"": -1, ""1"": 1}"
E2_CONTEXT_SIGN_FLIP,62117,CRN_CHAIN_MC,128,CONTEXT_CONDITIONAL_ONLY,A,,"{""-1"": -1, ""1"": 1}"
E2_CONTEXT_SIGN_FLIP,62117,CRN_CHAIN_MC,256,CONTEXT_CONDITIONAL_ONLY,A,,"{""-1"": -1, ""1"": 1}"
E2_CONTEXT_SIGN_FLIP,62117,DOUBLE_ANTITHETIC_CRN_MC,8,CONTEXT_CONDITIONAL_ONLY,A,,"{""-1"": -1, ""1"": 1}"
E2_CONTEXT_SIGN_FLIP,62117,DOUBLE_ANTITHETIC_CRN_MC,16,CONTEXT_CONDITIONAL_ONLY,A,,"{""-1"": -1, ""1"": 1}"
E2_CONTEXT_SIGN_FLIP,62117,DOUBLE_ANTITHETIC_CRN_MC,32,CONTEXT_CONDITIONAL_ONLY,A,,"{""-1"": -1, ""1"": 1}"
E2_CONTEXT_SIGN_FLIP,62117,DOUBLE_ANTITHETIC_CRN_MC,64,CONTEXT_CONDITIONAL_ONLY,A,,"{""-1"": -1, ""1"": 1}"
E2_CONTEXT_SIGN_FLIP,62117,DOUBLE_ANTITHETIC_CRN_MC,128,CONTEXT_CONDITIONAL_ONLY,A,,"{""-1"": -1, ""1"": 1}"
E2_CONTEXT_SIGN_FLIP,62117,DOUBLE_ANTITHETIC_CRN_MC,256,CONTEXT_CONDITIONAL_ONLY,A,,"{""-1"": -1, ""1"": 1}"
E2_CONTEXT_SIGN_FLIP,62117,LEGACY_INDEPENDENT_MC,8,CONTEXT_CONDITIONAL_ONLY,A,,"{""-1"": -1, ""1"": 1}"
E2_CONTEXT_SIGN_FLIP,62117,LEGACY_INDEPENDENT_MC,16,CONTEXT_CONDITIONAL_ONLY,A,,"{""-1"": -1, ""1"": 1}"
E2_CONTEXT_SIGN_FLIP,62117,LEGACY_INDEPENDENT_MC,32,CONTEXT_CONDITIONAL_ONLY,A,,"{""-1"": -1, ""1"": 1}"
E2_CONTEXT_SIGN_FLIP,62117,LEGACY_INDEPENDENT_MC,64,CONTEXT_CONDITIONAL_ONLY,A,,"{""-1"": -1, ""1"": 1}"
E2_CONTEXT_SIGN_FLIP,62117,LEGACY_INDEPENDENT_MC,128,CONTEXT_CONDITIONAL_ONLY,A,,"{""-1"": -1, ""1"": 1}"
E2_CONTEXT_SIGN_FLIP,62117,LEGACY_INDEPENDENT_MC,256,CONTEXT_CONDITIONAL_ONLY,A,,"{""-1"": -1, ""1"": 1}"
E2_CONTEXT_SIGN_FLIP,62118,ANTITHETIC_CRN_MC,8,CONTEXT_CONDITIONAL_ONLY,A,,"{""-1"": -1, ""1"": 1}"
E2_CONTEXT_SIGN_FLIP,62118,ANTITHETIC_CRN_MC,16,CONTEXT_CONDITIONAL_ONLY,A,,"{""-1"": -1, ""1"": 1}"
E2_CONTEXT_SIGN_FLIP,62118,ANTITHETIC_CRN_MC,32,CONTEXT_CONDITIONAL_ONLY,A,,"{""-1"": -1, ""1"": 1}"
E2_CONTEXT_SIGN_FLIP,62118,ANTITHETIC_CRN_MC,64,CONTEXT_CONDITIONAL_ONLY,A,,"{""-1"": -1, ""1"": 1}"
E2_CONTEXT_SIGN_FLIP,62118,ANTITHETIC_CRN_MC,128,CONTEXT_CONDITIONAL_ONLY,A,,"{""-1"": -1, ""1"": 1}"
E2_CONTEXT_SIGN_FLIP,62118,ANTITHETIC_CRN_MC,256,CONTEXT_CONDITIONAL_ONLY,A,,"{""-1"": -1, ""1"": 1}"
E2_CONTEXT_SIGN_FLIP,62118,CRN_CHAIN_MC,8,CONTEXT_CONDITIONAL_ONLY,A,,"{""-1"": -1, ""1"": 1}"
E2_CONTEXT_SIGN_FLIP,62118,CRN_CHAIN_MC,16,CONTEXT_CONDITIONAL_ONLY,A,,"{""-1"": -1, ""1"": 1}"
E2_CONTEXT_SIGN_FLIP,62118,CRN_CHAIN_MC,32,CONTEXT_CONDITIONAL_ONLY,A,,"{""-1"": -1, ""1"": 1}"
E2_CONTEXT_SIGN_FLIP,62118,CRN_CHAIN_MC,64,CONTEXT_CONDITIONAL_ONLY,A,,"{""-1"": -1, ""1"": 1}"
E2_CONTEXT_SIGN_FLIP,62118,CRN_CHAIN_MC,128,CONTEXT_CONDITIONAL_ONLY,A,,"{""-1"": -1, ""1"": 1}"
E2_CONTEXT_SIGN_FLIP,62118,CRN_CHAIN_MC,256,CONTEXT_CONDITIONAL_ONLY,A,,"{""-1"": -1, ""1"": 1}"
E2_CONTEXT_SIGN_FLIP,62118,DOUBLE_ANTITHETIC_CRN_MC,8,CONTEXT_CONDITIONAL_ONLY,A,,"{""-1"": -1, ""1"": 1}"
E2_CONTEXT_SIGN_FLIP,62118,DOUBLE_ANTITHETIC_CRN_MC,16,CONTEXT_CONDITIONAL_ONLY,A,,"{""-1"": -1, ""1"": 1}"
E2_CONTEXT_SIGN_FLIP,62118,DOUBLE_ANTITHETIC_CRN_MC,32,CONTEXT_CONDITIONAL_ONLY,A,,"{""-1"": -1, ""1"": 1}"
E2_CONTEXT_SIGN_FLIP,62118,DOUBLE_ANTITHETIC_CRN_MC,64,CONTEXT_CONDITIONAL_ONLY,A,,"{""-1"": -1, ""1"": 1}"
E2_CONTEXT_SIGN_FLIP,62118,DOUBLE_ANTITHETIC_CRN_MC,128,CONTEXT_CONDITIONAL_ONLY,A,,"{""-1"": -1, ""1"": 1}"
E2_CONTEXT_SIGN_FLIP,62118,DOUBLE_ANTITHETIC_CRN_MC,256,CONTEXT_CONDITIONAL_ONLY,A,,"{""-1"": -1, ""1"": 1}"
E2_CONTEXT_SIGN_FLIP,62118,LEGACY_INDEPENDENT_MC,8,CONTEXT_CONDITIONAL_ONLY,A,,"{""-1"": -1, ""1"": 1}"
E2_CONTEXT_SIGN_FLIP,62118,LEGACY_INDEPENDENT_MC,16,CONTEXT_CONDITIONAL_ONLY,A,,"{""-1"": -1, ""1"": 1}"
E2_CONTEXT_SIGN_FLIP,62118,LEGACY_INDEPENDENT_MC,32,CONTEXT_CONDITIONAL_ONLY,A,,"{""-1"": -1, ""1"": 1}"
E2_CONTEXT_SIGN_FLIP,62118,LEGACY_INDEPENDENT_MC,64,CONTEXT_CONDITIONAL_ONLY,A,,"{""-1"": -1, ""1"": 1}"
E2_CONTEXT_SIGN_FLIP,62118,LEGACY_INDEPENDENT_MC,128,CONTEXT_CONDITIONAL_ONLY,A,,"{""-1"": -1, ""1"": 1}"
E2_CONTEXT_SIGN_FLIP,62118,LEGACY_INDEPENDENT_MC,256,CONTEXT_CONDITIONAL_ONLY,A,,"{""-1"": -1, ""1"": 1}"
E2_CONTEXT_SIGN_FLIP,62119,ANTITHETIC_CRN_MC,8,CONTEXT_CONDITIONAL_ONLY,A,,"{""-1"": -1, ""1"": 1}"
E2_CONTEXT_SIGN_FLIP,62119,ANTITHETIC_CRN_MC,16,CONTEXT_CONDITIONAL_ONLY,A,,"{""-1"": -1, ""1"": 1}"
E2_CONTEXT_SIGN_FLIP,62119,ANTITHETIC_CRN_MC,32,CONTEXT_CONDITIONAL_ONLY,A,,"{""-1"": -1, ""1"": 1}"
E2_CONTEXT_SIGN_FLIP,62119,ANTITHETIC_CRN_MC,64,CONTEXT_CONDITIONAL_ONLY,A,,"{""-1"": -1, ""1"": 1}"
E2_CONTEXT_SIGN_FLIP,62119,ANTITHETIC_CRN_MC,128,CONTEXT_CONDITIONAL_ONLY,A,,"{""-1"": -1, ""1"": 1}"
E2_CONTEXT_SIGN_FLIP,62119,ANTITHETIC_CRN_MC,256,CONTEXT_CONDITIONAL_ONLY,A,,"{""-1"": -1, ""1"": 1}"
E2_CONTEXT_SIGN_FLIP,62119,CRN_CHAIN_MC,8,CONTEXT_CONDITIONAL_ONLY,A,,"{""-1"": -1, ""1"": 1}"
E2_CONTEXT_SIGN_FLIP,62119,CRN_CHAIN_MC,16,CONTEXT_CONDITIONAL_ONLY,A,,"{""-1"": -1, ""1"": 1}"
E2_CONTEXT_SIGN_FLIP,62119,CRN_CHAIN_MC,32,CONTEXT_CONDITIONAL_ONLY,A,,"{""-1"": -1, ""1"": 1}"
E2_CONTEXT_SIGN_FLIP,62119,CRN_CHAIN_MC,64,CONTEXT_CONDITIONAL_ONLY,A,,"{""-1"": -1, ""1"": 1}"
E2_CONTEXT_SIGN_FLIP,62119,CRN_CHAIN_MC,128,CONTEXT_CONDITIONAL_ONLY,A,,"{""-1"": -1, ""1"": 1}"
E2_CONTEXT_SIGN_FLIP,62119,CRN_CHAIN_MC,256,CONTEXT_CONDITIONAL_ONLY,A,,"{""-1"": -1, ""1"": 1}"
E2_CONTEXT_SIGN_FLIP,62119,DOUBLE_ANTITHETIC_CRN_MC,8,CONTEXT_CONDITIONAL_ONLY,A,,"{""-1"": -1, ""1"": 1}"
E2_CONTEXT_SIGN_FLIP,62119,DOUBLE_ANTITHETIC_CRN_MC,16,CONTEXT_CONDITIONAL_ONLY,A,,"{""-1"": -1, ""1"": 1}"
E2_CONTEXT_SIGN_FLIP,62119,DOUBLE_ANTITHETIC_CRN_MC,32,CONTEXT_CONDITIONAL_ONLY,A,,"{""-1"": -1, ""1"": 1}"
E2_CONTEXT_SIGN_FLIP,62119,DOUBLE_ANTITHETIC_CRN_MC,64,CONTEXT_CONDITIONAL_ONLY,A,,"{""-1"": -1, ""1"": 1}"
E2_CONTEXT_SIGN_FLIP,62119,DOUBLE_ANTITHETIC_CRN_MC,128,CONTEXT_CONDITIONAL_ONLY,A,,"{""-1"": -1, ""1"": 1}"
E2_CONTEXT_SIGN_FLIP,62119,DOUBLE_ANTITHETIC_CRN_MC,256,CONTEXT_CONDITIONAL_ONLY,A,,"{""-1"": -1, ""1"": 1}"
E2_CONTEXT_SIGN_FLIP,62119,LEGACY_INDEPENDENT_MC,8,CONTEXT_CONDITIONAL_ONLY,A,,"{""-1"": -1, ""1"": 1}"
E2_CONTEXT_SIGN_FLIP,62119,LEGACY_INDEPENDENT_MC,16,CONTEXT_CONDITIONAL_ONLY,A,,"{""-1"": -1, ""1"": 1}"
E2_CONTEXT_SIGN_FLIP,62119,LEGACY_INDEPENDENT_MC,32,CONTEXT_CONDITIONAL_ONLY,A,,"{""-1"": -1, ""1"": 1}"
E2_CONTEXT_SIGN_FLIP,62119,LEGACY_INDEPENDENT_MC,64,CONTEXT_CONDITIONAL_ONLY,A,,"{""-1"": -1, ""1"": 1}"
E2_CONTEXT_SIGN_FLIP,62119,LEGACY_INDEPENDENT_MC,128,CONTEXT_CONDITIONAL_ONLY,A,,"{""-1"": -1, ""1"": 1}"
E2_CONTEXT_SIGN_FLIP,62119,LEGACY_INDEPENDENT_MC,256,CONTEXT_CONDITIONAL_ONLY,A,,"{""-1"": -1, ""1"": 1}"
E2_CONTEXT_SIGN_FLIP,62120,ANTITHETIC_CRN_MC,8,CONTEXT_CONDITIONAL_ONLY,A,,"{""-1"": -1, ""1"": 1}"
E2_CONTEXT_SIGN_FLIP,62120,ANTITHETIC_CRN_MC,16,CONTEXT_CONDITIONAL_ONLY,A,,"{""-1"": -1, ""1"": 1}"
E2_CONTEXT_SIGN_FLIP,62120,ANTITHETIC_CRN_MC,32,CONTEXT_CONDITIONAL_ONLY,A,,"{""-1"": -1, ""1"": 1}"
E2_CONTEXT_SIGN_FLIP,62120,ANTITHETIC_CRN_MC,64,CONTEXT_CONDITIONAL_ONLY,A,,"{""-1"": -1, ""1"": 1}"
E2_CONTEXT_SIGN_FLIP,62120,ANTITHETIC_CRN_MC,128,CONTEXT_CONDITIONAL_ONLY,A,,"{""-1"": -1, ""1"": 1}"
E2_CONTEXT_SIGN_FLIP,62120,ANTITHETIC_CRN_MC,256,CONTEXT_CONDITIONAL_ONLY,A,,"{""-1"": -1, ""1"": 1}"
E2_CONTEXT_SIGN_FLIP,62120,CRN_CHAIN_MC,8,CONTEXT_CONDITIONAL_ONLY,A,,"{""-1"": -1, ""1"": 1}"
E2_CONTEXT_SIGN_FLIP,62120,CRN_CHAIN_MC,16,CONTEXT_CONDITIONAL_ONLY,A,,"{""-1"": -1, ""1"": 1}"
E2_CONTEXT_SIGN_FLIP,62120,CRN_CHAIN_MC,32,CONTEXT_CONDITIONAL_ONLY,A,,"{""-1"": -1, ""1"": 1}"
E2_CONTEXT_SIGN_FLIP,62120,CRN_CHAIN_MC,64,CONTEXT_CONDITIONAL_ONLY,A,,"{""-1"": -1, ""1"": 1}"
E2_CONTEXT_SIGN_FLIP,62120,CRN_CHAIN_MC,128,CONTEXT_CONDITIONAL_ONLY,A,,"{""-1"": -1, ""1"": 1}"
E2_CONTEXT_SIGN_FLIP,62120,CRN_CHAIN_MC,256,CONTEXT_CONDITIONAL_ONLY,A,,"{""-1"": -1, ""1"": 1}"
E2_CONTEXT_SIGN_FLIP,62120,DOUBLE_ANTITHETIC_CRN_MC,8,CONTEXT_CONDITIONAL_ONLY,A,,"{""-1"": -1, ""1"": 1}"
E2_CONTEXT_SIGN_FLIP,62120,DOUBLE_ANTITHETIC_CRN_MC,16,CONTEXT_CONDITIONAL_ONLY,A,,"{""-1"": -1, ""1"": 1}"
E2_CONTEXT_SIGN_FLIP,62120,DOUBLE_ANTITHETIC_CRN_MC,32,CONTEXT_CONDITIONAL_ONLY,A,,"{""-1"": -1, ""1"": 1}"
E2_CONTEXT_SIGN_FLIP,62120,DOUBLE_ANTITHETIC_CRN_MC,64,CONTEXT_CONDITIONAL_ONLY,A,,"{""-1"": -1, ""1"": 1}"
E2_CONTEXT_SIGN_FLIP,62120,DOUBLE_ANTITHETIC_CRN_MC,128,CONTEXT_CONDITIONAL_ONLY,A,,"{""-1"": -1, ""1"": 1}"
E2_CONTEXT_SIGN_FLIP,62120,DOUBLE_ANTITHETIC_CRN_MC,256,CONTEXT_CONDITIONAL_ONLY,A,,"{""-1"": -1, ""1"": 1}"
E2_CONTEXT_SIGN_FLIP,62120,LEGACY_INDEPENDENT_MC,8,CONTEXT_CONDITIONAL_ONLY,A,,"{""-1"": -1, ""1"": 1}"
E2_CONTEXT_SIGN_FLIP,62120,LEGACY_INDEPENDENT_MC,16,CONTEXT_CONDITIONAL_ONLY,A,,"{""-1"": -1, ""1"": 1}"
E2_CONTEXT_SIGN_FLIP,62120,LEGACY_INDEPENDENT_MC,32,CONTEXT_CONDITIONAL_ONLY,A,,"{""-1"": -1, ""1"": 1}"
E2_CONTEXT_SIGN_FLIP,62120,LEGACY_INDEPENDENT_MC,64,CONTEXT_CONDITIONAL_ONLY,A,,"{""-1"": -1, ""1"": 1}"
E2_CONTEXT_SIGN_FLIP,62120,LEGACY_INDEPENDENT_MC,128,CONTEXT_CONDITIONAL_ONLY,A,,"{""-1"": -1, ""1"": 1}"
E2_CONTEXT_SIGN_FLIP,62120,LEGACY_INDEPENDENT_MC,256,CONTEXT_CONDITIONAL_ONLY,A,,"{""-1"": -1, ""1"": 1}"
E2_CONTEXT_SIGN_FLIP,62121,ANTITHETIC_CRN_MC,8,CONTEXT_CONDITIONAL_ONLY,A,,"{""-1"": -1, ""1"": 1}"
E2_CONTEXT_SIGN_FLIP,62121,ANTITHETIC_CRN_MC,16,CONTEXT_CONDITIONAL_ONLY,A,,"{""-1"": -1, ""1"": 1}"
E2_CONTEXT_SIGN_FLIP,62121,ANTITHETIC_CRN_MC,32,CONTEXT_CONDITIONAL_ONLY,A,,"{""-1"": -1, ""1"": 1}"
E2_CONTEXT_SIGN_FLIP,62121,ANTITHETIC_CRN_MC,64,CONTEXT_CONDITIONAL_ONLY,A,,"{""-1"": -1, ""1"": 1}"
E2_CONTEXT_SIGN_FLIP,62121,ANTITHETIC_CRN_MC,128,CONTEXT_CONDITIONAL_ONLY,A,,"{""-1"": -1, ""1"": 1}"
E2_CONTEXT_SIGN_FLIP,62121,ANTITHETIC_CRN_MC,256,CONTEXT_CONDITIONAL_ONLY,A,,"{""-1"": -1, ""1"": 1}"
E2_CONTEXT_SIGN_FLIP,62121,CRN_CHAIN_MC,8,CONTEXT_CONDITIONAL_ONLY,A,,"{""-1"": -1, ""1"": 1}"
E2_CONTEXT_SIGN_FLIP,62121,CRN_CHAIN_MC,16,CONTEXT_CONDITIONAL_ONLY,A,,"{""-1"": -1, ""1"": 1}"
E2_CONTEXT_SIGN_FLIP,62121,CRN_CHAIN_MC,32,CONTEXT_CONDITIONAL_ONLY,A,,"{""-1"": -1, ""1"": 1}"
E2_CONTEXT_SIGN_FLIP,62121,CRN_CHAIN_MC,64,CONTEXT_CONDITIONAL_ONLY,A,,"{""-1"": -1, ""1"": 1}"
E2_CONTEXT_SIGN_FLIP,62121,CRN_CHAIN_MC,128,CONTEXT_CONDITIONAL_ONLY,A,,"{""-1"": -1, ""1"": 1}"
E2_CONTEXT_SIGN_FLIP,62121,CRN_CHAIN_MC,256,CONTEXT_CONDITIONAL_ONLY,A,,"{""-1"": -1, ""1"": 1}"
E2_CONTEXT_SIGN_FLIP,62121,DOUBLE_ANTITHETIC_CRN_MC,8,CONTEXT_CONDITIONAL_ONLY,A,,"{""-1"": -1, ""1"": 1}"
E2_CONTEXT_SIGN_FLIP,62121,DOUBLE_ANTITHETIC_CRN_MC,16,CONTEXT_CONDITIONAL_ONLY,A,,"{""-1"": -1, ""1"": 1}"
E2_CONTEXT_SIGN_FLIP,62121,DOUBLE_ANTITHETIC_CRN_MC,32,CONTEXT_CONDITIONAL_ONLY,A,,"{""-1"": -1, ""1"": 1}"
E2_CONTEXT_SIGN_FLIP,62121,DOUBLE_ANTITHETIC_CRN_MC,64,CONTEXT_CONDITIONAL_ONLY,A,,"{""-1"": -1, ""1"": 1}"
E2_CONTEXT_SIGN_FLIP,62121,DOUBLE_ANTITHETIC_CRN_MC,128,CONTEXT_CONDITIONAL_ONLY,A,,"{""-1"": -1, ""1"": 1}"
E2_CONTEXT_SIGN_FLIP,62121,DOUBLE_ANTITHETIC_CRN_MC,256,CONTEXT_CONDITIONAL_ONLY,A,,"{""-1"": -1, ""1"": 1}"
E2_CONTEXT_SIGN_FLIP,62121,LEGACY_INDEPENDENT_MC,8,CONTEXT_CONDITIONAL_ONLY,A,,"{""-1"": -1, ""1"": 1}"
E2_CONTEXT_SIGN_FLIP,62121,LEGACY_INDEPENDENT_MC,16,CONTEXT_CONDITIONAL_ONLY,A,,"{""-1"": -1, ""1"": 1}"
E2_CONTEXT_SIGN_FLIP,62121,LEGACY_INDEPENDENT_MC,32,CONTEXT_CONDITIONAL_ONLY,A,,"{""-1"": -1, ""1"": 1}"
E2_CONTEXT_SIGN_FLIP,62121,LEGACY_INDEPENDENT_MC,64,CONTEXT_CONDITIONAL_ONLY,A,,"{""-1"": -1, ""1"": 1}"
E2_CONTEXT_SIGN_FLIP,62121,LEGACY_INDEPENDENT_MC,128,CONTEXT_CONDITIONAL_ONLY,A,,"{""-1"": -1, ""1"": 1}"
E2_CONTEXT_SIGN_FLIP,62121,LEGACY_INDEPENDENT_MC,256,CONTEXT_CONDITIONAL_ONLY,A,,"{""-1"": -1, ""1"": 1}"
E2_CONTEXT_SIGN_FLIP,62122,ANTITHETIC_CRN_MC,8,CONTEXT_CONDITIONAL_ONLY,A,,"{""-1"": -1, ""1"": 1}"
E2_CONTEXT_SIGN_FLIP,62122,ANTITHETIC_CRN_MC,16,CONTEXT_CONDITIONAL_ONLY,A,,"{""-1"": -1, ""1"": 1}"
E2_CONTEXT_SIGN_FLIP,62122,ANTITHETIC_CRN_MC,32,CONTEXT_CONDITIONAL_ONLY,A,,"{""-1"": -1, ""1"": 1}"
E2_CONTEXT_SIGN_FLIP,62122,ANTITHETIC_CRN_MC,64,CONTEXT_CONDITIONAL_ONLY,A,,"{""-1"": -1, ""1"": 1}"
E2_CONTEXT_SIGN_FLIP,62122,ANTITHETIC_CRN_MC,128,CONTEXT_CONDITIONAL_ONLY,A,,"{""-1"": -1, ""1"": 1}"
E2_CONTEXT_SIGN_FLIP,62122,ANTITHETIC_CRN_MC,256,CONTEXT_CONDITIONAL_ONLY,A,,"{""-1"": -1, ""1"": 1}"
E2_CONTEXT_SIGN_FLIP,62122,CRN_CHAIN_MC,8,CONTEXT_CONDITIONAL_ONLY,A,,"{""-1"": -1, ""1"": 1}"
E2_CONTEXT_SIGN_FLIP,62122,CRN_CHAIN_MC,16,CONTEXT_CONDITIONAL_ONLY,A,,"{""-1"": -1, ""1"": 1}"
E2_CONTEXT_SIGN_FLIP,62122,CRN_CHAIN_MC,32,CONTEXT_CONDITIONAL_ONLY,A,,"{""-1"": -1, ""1"": 1}"
E2_CONTEXT_SIGN_FLIP,62122,CRN_CHAIN_MC,64,CONTEXT_CONDITIONAL_ONLY,A,,"{""-1"": -1, ""1"": 1}"
E2_CONTEXT_SIGN_FLIP,62122,CRN_CHAIN_MC,128,CONTEXT_CONDITIONAL_ONLY,A,,"{""-1"": -1, ""1"": 1}"
E2_CONTEXT_SIGN_FLIP,62122,CRN_CHAIN_MC,256,CONTEXT_CONDITIONAL_ONLY,A,,"{""-1"": -1, ""1"": 1}"
E2_CONTEXT_SIGN_FLIP,62122,DOUBLE_ANTITHETIC_CRN_MC,8,CONTEXT_CONDITIONAL_ONLY,A,,"{""-1"": -1, ""1"": 1}"
E2_CONTEXT_SIGN_FLIP,62122,DOUBLE_ANTITHETIC_CRN_MC,16,CONTEXT_CONDITIONAL_ONLY,A,,"{""-1"": -1, ""1"": 1}"
E2_CONTEXT_SIGN_FLIP,62122,DOUBLE_ANTITHETIC_CRN_MC,32,CONTEXT_CONDITIONAL_ONLY,A,,"{""-1"": -1, ""1"": 1}"
E2_CONTEXT_SIGN_FLIP,62122,DOUBLE_ANTITHETIC_CRN_MC,64,CONTEXT_CONDITIONAL_ONLY,A,,"{""-1"": -1, ""1"": 1}"
E2_CONTEXT_SIGN_FLIP,62122,DOUBLE_ANTITHETIC_CRN_MC,128,CONTEXT_CONDITIONAL_ONLY,A,,"{""-1"": -1, ""1"": 1}"
E2_CONTEXT_SIGN_FLIP,62122,DOUBLE_ANTITHETIC_CRN_MC,256,CONTEXT_CONDITIONAL_ONLY,A,,"{""-1"": -1, ""1"": 1}"
E2_CONTEXT_SIGN_FLIP,62122,LEGACY_INDEPENDENT_MC,8,CONTEXT_CONDITIONAL_ONLY,A,,"{""-1"": -1, ""1"": 1}"
E2_CONTEXT_SIGN_FLIP,62122,LEGACY_INDEPENDENT_MC,16,CONTEXT_CONDITIONAL_ONLY,A,,"{""-1"": -1, ""1"": 1}"
E2_CONTEXT_SIGN_FLIP,62122,LEGACY_INDEPENDENT_MC,32,CONTEXT_CONDITIONAL_ONLY,A,,"{""-1"": -1, ""1"": 1}"
E2_CONTEXT_SIGN_FLIP,62122,LEGACY_INDEPENDENT_MC,64,CONTEXT_CONDITIONAL_ONLY,A,,"{""-1"": -1, ""1"": 1}"
E2_CONTEXT_SIGN_FLIP,62122,LEGACY_INDEPENDENT_MC,128,CONTEXT_CONDITIONAL_ONLY,A,,"{""-1"": -1, ""1"": 1}"
E2_CONTEXT_SIGN_FLIP,62122,LEGACY_INDEPENDENT_MC,256,CONTEXT_CONDITIONAL_ONLY,A,,"{""-1"": -1, ""1"": 1}"
E2_CONTEXT_SIGN_FLIP,62123,ANTITHETIC_CRN_MC,8,CONTEXT_CONDITIONAL_ONLY,A,,"{""-1"": -1, ""1"": 1}"
E2_CONTEXT_SIGN_FLIP,62123,ANTITHETIC_CRN_MC,16,CONTEXT_CONDITIONAL_ONLY,A,,"{""-1"": -1, ""1"": 1}"
E2_CONTEXT_SIGN_FLIP,62123,ANTITHETIC_CRN_MC,32,CONTEXT_CONDITIONAL_ONLY,A,,"{""-1"": -1, ""1"": 1}"
E2_CONTEXT_SIGN_FLIP,62123,ANTITHETIC_CRN_MC,64,CONTEXT_CONDITIONAL_ONLY,A,,"{""-1"": -1, ""1"": 1}"
E2_CONTEXT_SIGN_FLIP,62123,ANTITHETIC_CRN_MC,128,CONTEXT_CONDITIONAL_ONLY,A,,"{""-1"": -1, ""1"": 1}"
E2_CONTEXT_SIGN_FLIP,62123,ANTITHETIC_CRN_MC,256,CONTEXT_CONDITIONAL_ONLY,A,,"{""-1"": -1, ""1"": 1}"
E2_CONTEXT_SIGN_FLIP,62123,CRN_CHAIN_MC,8,CONTEXT_CONDITIONAL_ONLY,A,,"{""-1"": -1, ""1"": 1}"
E2_CONTEXT_SIGN_FLIP,62123,CRN_CHAIN_MC,16,CONTEXT_CONDITIONAL_ONLY,A,,"{""-1"": -1, ""1"": 1}"
E2_CONTEXT_SIGN_FLIP,62123,CRN_CHAIN_MC,32,CONTEXT_CONDITIONAL_ONLY,A,,"{""-1"": -1, ""1"": 1}"
E2_CONTEXT_SIGN_FLIP,62123,CRN_CHAIN_MC,64,CONTEXT_CONDITIONAL_ONLY,A,,"{""-1"": -1, ""1"": 1}"
E2_CONTEXT_SIGN_FLIP,62123,CRN_CHAIN_MC,128,CONTEXT_CONDITIONAL_ONLY,A,,"{""-1"": -1, ""1"": 1}"
E2_CONTEXT_SIGN_FLIP,62123,CRN_CHAIN_MC,256,CONTEXT_CONDITIONAL_ONLY,A,,"{""-1"": -1, ""1"": 1}"
E2_CONTEXT_SIGN_FLIP,62123,DOUBLE_ANTITHETIC_CRN_MC,8,CONTEXT_CONDITIONAL_ONLY,A,,"{""-1"": -1, ""1"": 1}"
E2_CONTEXT_SIGN_FLIP,62123,DOUBLE_ANTITHETIC_CRN_MC,16,CONTEXT_CONDITIONAL_ONLY,A,,"{""-1"": -1, ""1"": 1}"
E2_CONTEXT_SIGN_FLIP,62123,DOUBLE_ANTITHETIC_CRN_MC,32,CONTEXT_CONDITIONAL_ONLY,A,,"{""-1"": -1, ""1"": 1}"
E2_CONTEXT_SIGN_FLIP,62123,DOUBLE_ANTITHETIC_CRN_MC,64,CONTEXT_CONDITIONAL_ONLY,A,,"{""-1"": -1, ""1"": 1}"
E2_CONTEXT_SIGN_FLIP,62123,DOUBLE_ANTITHETIC_CRN_MC,128,CONTEXT_CONDITIONAL_ONLY,A,,"{""-1"": -1, ""1"": 1}"
E2_CONTEXT_SIGN_FLIP,62123,DOUBLE_ANTITHETIC_CRN_MC,256,CONTEXT_CONDITIONAL_ONLY,A,,"{""-1"": -1, ""1"": 1}"
E2_CONTEXT_SIGN_FLIP,62123,LEGACY_INDEPENDENT_MC,8,CONTEXT_CONDITIONAL_ONLY,A,,"{""-1"": -1, ""1"": 1}"
E2_CONTEXT_SIGN_FLIP,62123,LEGACY_INDEPENDENT_MC,16,CONTEXT_CONDITIONAL_ONLY,A,,"{""-1"": -1, ""1"": 1}"
E2_CONTEXT_SIGN_FLIP,62123,LEGACY_INDEPENDENT_MC,32,CONTEXT_CONDITIONAL_ONLY,A,,"{""-1"": -1, ""1"": 1}"
E2_CONTEXT_SIGN_FLIP,62123,LEGACY_INDEPENDENT_MC,64,CONTEXT_CONDITIONAL_ONLY,A,,"{""-1"": -1, ""1"": 1}"
E2_CONTEXT_SIGN_FLIP,62123,LEGACY_INDEPENDENT_MC,128,CONTEXT_CONDITIONAL_ONLY,A,,"{""-1"": -1, ""1"": 1}"
E2_CONTEXT_SIGN_FLIP,62123,LEGACY_INDEPENDENT_MC,256,CONTEXT_CONDITIONAL_ONLY,A,,"{""-1"": -1, ""1"": 1}"
E2_CONTEXT_SIGN_FLIP,62124,ANTITHETIC_CRN_MC,8,CONTEXT_CONDITIONAL_ONLY,A,,"{""-1"": -1, ""1"": 1}"
E2_CONTEXT_SIGN_FLIP,62124,ANTITHETIC_CRN_MC,16,CONTEXT_CONDITIONAL_ONLY,A,,"{""-1"": -1, ""1"": 1}"
E2_CONTEXT_SIGN_FLIP,62124,ANTITHETIC_CRN_MC,32,CONTEXT_CONDITIONAL_ONLY,A,,"{""-1"": -1, ""1"": 1}"
E2_CONTEXT_SIGN_FLIP,62124,ANTITHETIC_CRN_MC,64,CONTEXT_CONDITIONAL_ONLY,A,,"{""-1"": -1, ""1"": 1}"
E2_CONTEXT_SIGN_FLIP,62124,ANTITHETIC_CRN_MC,128,CONTEXT_CONDITIONAL_ONLY,A,,"{""-1"": -1, ""1"": 1}"
E2_CONTEXT_SIGN_FLIP,62124,ANTITHETIC_CRN_MC,256,CONTEXT_CONDITIONAL_ONLY,A,,"{""-1"": -1, ""1"": 1}"
E2_CONTEXT_SIGN_FLIP,62124,CRN_CHAIN_MC,8,CONTEXT_CONDITIONAL_ONLY,A,,"{""-1"": -1, ""1"": 1}"
E2_CONTEXT_SIGN_FLIP,62124,CRN_CHAIN_MC,16,CONTEXT_CONDITIONAL_ONLY,A,,"{""-1"": -1, ""1"": 1}"
E2_CONTEXT_SIGN_FLIP,62124,CRN_CHAIN_MC,32,CONTEXT_CONDITIONAL_ONLY,A,,"{""-1"": -1, ""1"": 1}"
E2_CONTEXT_SIGN_FLIP,62124,CRN_CHAIN_MC,64,CONTEXT_CONDITIONAL_ONLY,A,,"{""-1"": -1, ""1"": 1}"
E2_CONTEXT_SIGN_FLIP,62124,CRN_CHAIN_MC,128,CONTEXT_CONDITIONAL_ONLY,A,,"{""-1"": -1, ""1"": 1}"
E2_CONTEXT_SIGN_FLIP,62124,CRN_CHAIN_MC,256,CONTEXT_CONDITIONAL_ONLY,A,,"{""-1"": -1, ""1"": 1}"
E2_CONTEXT_SIGN_FLIP,62124,DOUBLE_ANTITHETIC_CRN_MC,8,CONTEXT_CONDITIONAL_ONLY,A,,"{""-1"": -1, ""1"": 1}"
E2_CONTEXT_SIGN_FLIP,62124,DOUBLE_ANTITHETIC_CRN_MC,16,CONTEXT_CONDITIONAL_ONLY,A,,"{""-1"": -1, ""1"": 1}"
E2_CONTEXT_SIGN_FLIP,62124,DOUBLE_ANTITHETIC_CRN_MC,32,CONTEXT_CONDITIONAL_ONLY,A,,"{""-1"": -1, ""1"": 1}"
E2_CONTEXT_SIGN_FLIP,62124,DOUBLE_ANTITHETIC_CRN_MC,64,CONTEXT_CONDITIONAL_ONLY,A,,"{""-1"": -1, ""1"": 1}"
E2_CONTEXT_SIGN_FLIP,62124,DOUBLE_ANTITHETIC_CRN_MC,128,CONTEXT_CONDITIONAL_ONLY,A,,"{""-1"": -1, ""1"": 1}"
E2_CONTEXT_SIGN_FLIP,62124,DOUBLE_ANTITHETIC_CRN_MC,256,CONTEXT_CONDITIONAL_ONLY,A,,"{""-1"": -1, ""1"": 1}"
E2_CONTEXT_SIGN_FLIP,62124,LEGACY_INDEPENDENT_MC,8,CONTEXT_CONDITIONAL_ONLY,A,,"{""-1"": -1, ""1"": 1}"
E2_CONTEXT_SIGN_FLIP,62124,LEGACY_INDEPENDENT_MC,16,CONTEXT_CONDITIONAL_ONLY,A,,"{""-1"": -1, ""1"": 1}"
E2_CONTEXT_SIGN_FLIP,62124,LEGACY_INDEPENDENT_MC,32,CONTEXT_CONDITIONAL_ONLY,A,,"{""-1"": -1, ""1"": 1}"
E2_CONTEXT_SIGN_FLIP,62124,LEGACY_INDEPENDENT_MC,64,CONTEXT_CONDITIONAL_ONLY,A,,"{""-1"": -1, ""1"": 1}"
E2_CONTEXT_SIGN_FLIP,62124,LEGACY_INDEPENDENT_MC,128,CONTEXT_CONDITIONAL_ONLY,A,,"{""-1"": -1, ""1"": 1}"
E2_CONTEXT_SIGN_FLIP,62124,LEGACY_INDEPENDENT_MC,256,CONTEXT_CONDITIONAL_ONLY,A,,"{""-1"": -1, ""1"": 1}"
E2_CONTEXT_SIGN_FLIP,62125,ANTITHETIC_CRN_MC,8,CONTEXT_CONDITIONAL_ONLY,A,,"{""-1"": -1, ""1"": 1}"
E2_CONTEXT_SIGN_FLIP,62125,ANTITHETIC_CRN_MC,16,CONTEXT_CONDITIONAL_ONLY,A,,"{""-1"": -1, ""1"": 1}"
E2_CONTEXT_SIGN_FLIP,62125,ANTITHETIC_CRN_MC,32,CONTEXT_CONDITIONAL_ONLY,A,,"{""-1"": -1, ""1"": 1}"
E2_CONTEXT_SIGN_FLIP,62125,ANTITHETIC_CRN_MC,64,CONTEXT_CONDITIONAL_ONLY,A,,"{""-1"": -1, ""1"": 1}"
E2_CONTEXT_SIGN_FLIP,62125,ANTITHETIC_CRN_MC,128,CONTEXT_CONDITIONAL_ONLY,A,,"{""-1"": -1, ""1"": 1}"
E2_CONTEXT_SIGN_FLIP,62125,ANTITHETIC_CRN_MC,256,CONTEXT_CONDITIONAL_ONLY,A,,"{""-1"": -1, ""1"": 1}"
E2_CONTEXT_SIGN_FLIP,62125,CRN_CHAIN_MC,8,CONTEXT_CONDITIONAL_ONLY,A,,"{""-1"": -1, ""1"": 1}"
E2_CONTEXT_SIGN_FLIP,62125,CRN_CHAIN_MC,16,CONTEXT_CONDITIONAL_ONLY,A,,"{""-1"": -1, ""1"": 1}"
E2_CONTEXT_SIGN_FLIP,62125,CRN_CHAIN_MC,32,CONTEXT_CONDITIONAL_ONLY,A,,"{""-1"": -1, ""1"": 1}"
E2_CONTEXT_SIGN_FLIP,62125,CRN_CHAIN_MC,64,CONTEXT_CONDITIONAL_ONLY,A,,"{""-1"": -1, ""1"": 1}"
E2_CONTEXT_SIGN_FLIP,62125,CRN_CHAIN_MC,128,CONTEXT_CONDITIONAL_ONLY,A,,"{""-1"": -1, ""1"": 1}"
E2_CONTEXT_SIGN_FLIP,62125,CRN_CHAIN_MC,256,CONTEXT_CONDITIONAL_ONLY,A,,"{""-1"": -1, ""1"": 1}"
E2_CONTEXT_SIGN_FLIP,62125,DOUBLE_ANTITHETIC_CRN_MC,8,CONTEXT_CONDITIONAL_ONLY,A,,"{""-1"": -1, ""1"": 1}"
E2_CONTEXT_SIGN_FLIP,62125,DOUBLE_ANTITHETIC_CRN_MC,16,CONTEXT_CONDITIONAL_ONLY,A,,"{""-1"": -1, ""1"": 1}"
E2_CONTEXT_SIGN_FLIP,62125,DOUBLE_ANTITHETIC_CRN_MC,32,CONTEXT_CONDITIONAL_ONLY,A,,"{""-1"": -1, ""1"": 1}"
E2_CONTEXT_SIGN_FLIP,62125,DOUBLE_ANTITHETIC_CRN_MC,64,CONTEXT_CONDITIONAL_ONLY,A,,"{""-1"": -1, ""1"": 1}"
E2_CONTEXT_SIGN_FLIP,62125,DOUBLE_ANTITHETIC_CRN_MC,128,CONTEXT_CONDITIONAL_ONLY,A,,"{""-1"": -1, ""1"": 1}"
E2_CONTEXT_SIGN_FLIP,62125,DOUBLE_ANTITHETIC_CRN_MC,256,CONTEXT_CONDITIONAL_ONLY,A,,"{""-1"": -1, ""1"": 1}"
E2_CONTEXT_SIGN_FLIP,62125,LEGACY_INDEPENDENT_MC,8,CONTEXT_CONDITIONAL_ONLY,A,,"{""-1"": -1, ""1"": 1}"
E2_CONTEXT_SIGN_FLIP,62125,LEGACY_INDEPENDENT_MC,16,CONTEXT_CONDITIONAL_ONLY,A,,"{""-1"": -1, ""1"": 1}"
E2_CONTEXT_SIGN_FLIP,62125,LEGACY_INDEPENDENT_MC,32,CONTEXT_CONDITIONAL_ONLY,A,,"{""-1"": -1, ""1"": 1}"
E2_CONTEXT_SIGN_FLIP,62125,LEGACY_INDEPENDENT_MC,64,CONTEXT_CONDITIONAL_ONLY,A,,"{""-1"": -1, ""1"": 1}"
E2_CONTEXT_SIGN_FLIP,62125,LEGACY_INDEPENDENT_MC,128,CONTEXT_CONDITIONAL_ONLY,A,,"{""-1"": -1, ""1"": 1}"
E2_CONTEXT_SIGN_FLIP,62125,LEGACY_INDEPENDENT_MC,256,CONTEXT_CONDITIONAL_ONLY,A,,"{""-1"": -1, ""1"": 1}"
E2_CONTEXT_SIGN_FLIP,62126,ANTITHETIC_CRN_MC,8,CONTEXT_CONDITIONAL_ONLY,A,,"{""-1"": -1, ""1"": 1}"
E2_CONTEXT_SIGN_FLIP,62126,ANTITHETIC_CRN_MC,16,CONTEXT_CONDITIONAL_ONLY,A,,"{""-1"": -1, ""1"": 1}"
E2_CONTEXT_SIGN_FLIP,62126,ANTITHETIC_CRN_MC,32,CONTEXT_CONDITIONAL_ONLY,A,,"{""-1"": -1, ""1"": 1}"
E2_CONTEXT_SIGN_FLIP,62126,ANTITHETIC_CRN_MC,64,CONTEXT_CONDITIONAL_ONLY,A,,"{""-1"": -1, ""1"": 1}"
E2_CONTEXT_SIGN_FLIP,62126,ANTITHETIC_CRN_MC,128,CONTEXT_CONDITIONAL_ONLY,A,,"{""-1"": -1, ""1"": 1}"
E2_CONTEXT_SIGN_FLIP,62126,ANTITHETIC_CRN_MC,256,CONTEXT_CONDITIONAL_ONLY,A,,"{""-1"": -1, ""1"": 1}"
E2_CONTEXT_SIGN_FLIP,62126,CRN_CHAIN_MC,8,CONTEXT_CONDITIONAL_ONLY,A,,"{""-1"": -1, ""1"": 1}"
E2_CONTEXT_SIGN_FLIP,62126,CRN_CHAIN_MC,16,CONTEXT_CONDITIONAL_ONLY,A,,"{""-1"": -1, ""1"": 1}"
E2_CONTEXT_SIGN_FLIP,62126,CRN_CHAIN_MC,32,CONTEXT_CONDITIONAL_ONLY,A,,"{""-1"": -1, ""1"": 1}"
E2_CONTEXT_SIGN_FLIP,62126,CRN_CHAIN_MC,64,CONTEXT_CONDITIONAL_ONLY,A,,"{""-1"": -1, ""1"": 1}"
E2_CONTEXT_SIGN_FLIP,62126,CRN_CHAIN_MC,128,CONTEXT_CONDITIONAL_ONLY,A,,"{""-1"": -1, ""1"": 1}"
E2_CONTEXT_SIGN_FLIP,62126,CRN_CHAIN_MC,256,CONTEXT_CONDITIONAL_ONLY,A,,"{""-1"": -1, ""1"": 1}"
E2_CONTEXT_SIGN_FLIP,62126,DOUBLE_ANTITHETIC_CRN_MC,8,CONTEXT_CONDITIONAL_ONLY,A,,"{""-1"": -1, ""1"": 1}"
E2_CONTEXT_SIGN_FLIP,62126,DOUBLE_ANTITHETIC_CRN_MC,16,CONTEXT_CONDITIONAL_ONLY,A,,"{""-1"": -1, ""1"": 1}"
E2_CONTEXT_SIGN_FLIP,62126,DOUBLE_ANTITHETIC_CRN_MC,32,CONTEXT_CONDITIONAL_ONLY,A,,"{""-1"": -1, ""1"": 1}"
E2_CONTEXT_SIGN_FLIP,62126,DOUBLE_ANTITHETIC_CRN_MC,64,CONTEXT_CONDITIONAL_ONLY,A,,"{""-1"": -1, ""1"": 1}"
E2_CONTEXT_SIGN_FLIP,62126,DOUBLE_ANTITHETIC_CRN_MC,128,CONTEXT_CONDITIONAL_ONLY,A,,"{""-1"": -1, ""1"": 1}"
E2_CONTEXT_SIGN_FLIP,62126,DOUBLE_ANTITHETIC_CRN_MC,256,CONTEXT_CONDITIONAL_ONLY,A,,"{""-1"": -1, ""1"": 1}"
E2_CONTEXT_SIGN_FLIP,62126,LEGACY_INDEPENDENT_MC,8,CONTEXT_CONDITIONAL_ONLY,A,,"{""-1"": -1, ""1"": 1}"
E2_CONTEXT_SIGN_FLIP,62126,LEGACY_INDEPENDENT_MC,16,CONTEXT_CONDITIONAL_ONLY,A,,"{""-1"": -1, ""1"": 1}"
E2_CONTEXT_SIGN_FLIP,62126,LEGACY_INDEPENDENT_MC,32,CONTEXT_CONDITIONAL_ONLY,A,,"{""-1"": -1, ""1"": 1}"
E2_CONTEXT_SIGN_FLIP,62126,LEGACY_INDEPENDENT_MC,64,CONTEXT_CONDITIONAL_ONLY,A,,"{""-1"": -1, ""1"": 1}"
E2_CONTEXT_SIGN_FLIP,62126,LEGACY_INDEPENDENT_MC,128,CONTEXT_CONDITIONAL_ONLY,A,,"{""-1"": -1, ""1"": 1}"
E2_CONTEXT_SIGN_FLIP,62126,LEGACY_INDEPENDENT_MC,256,CONTEXT_CONDITIONAL_ONLY,A,,"{""-1"": -1, ""1"": 1}"
E2_CONTEXT_SIGN_FLIP,62127,ANTITHETIC_CRN_MC,8,CONTEXT_CONDITIONAL_ONLY,A,,"{""-1"": -1, ""1"": 1}"
E2_CONTEXT_SIGN_FLIP,62127,ANTITHETIC_CRN_MC,16,CONTEXT_CONDITIONAL_ONLY,A,,"{""-1"": -1, ""1"": 1}"
E2_CONTEXT_SIGN_FLIP,62127,ANTITHETIC_CRN_MC,32,CONTEXT_CONDITIONAL_ONLY,A,,"{""-1"": -1, ""1"": 1}"
E2_CONTEXT_SIGN_FLIP,62127,ANTITHETIC_CRN_MC,64,CONTEXT_CONDITIONAL_ONLY,A,,"{""-1"": -1, ""1"": 1}"
E2_CONTEXT_SIGN_FLIP,62127,ANTITHETIC_CRN_MC,128,CONTEXT_CONDITIONAL_ONLY,A,,"{""-1"": -1, ""1"": 1}"
E2_CONTEXT_SIGN_FLIP,62127,ANTITHETIC_CRN_MC,256,CONTEXT_CONDITIONAL_ONLY,A,,"{""-1"": -1, ""1"": 1}"
E2_CONTEXT_SIGN_FLIP,62127,CRN_CHAIN_MC,8,CONTEXT_CONDITIONAL_ONLY,A,,"{""-1"": -1, ""1"": 1}"
E2_CONTEXT_SIGN_FLIP,62127,CRN_CHAIN_MC,16,CONTEXT_CONDITIONAL_ONLY,A,,"{""-1"": -1, ""1"": 1}"
E2_CONTEXT_SIGN_FLIP,62127,CRN_CHAIN_MC,32,CONTEXT_CONDITIONAL_ONLY,A,,"{""-1"": -1, ""1"": 1}"
E2_CONTEXT_SIGN_FLIP,62127,CRN_CHAIN_MC,64,CONTEXT_CONDITIONAL_ONLY,A,,"{""-1"": -1, ""1"": 1}"
E2_CONTEXT_SIGN_FLIP,62127,CRN_CHAIN_MC,128,CONTEXT_CONDITIONAL_ONLY,A,,"{""-1"": -1, ""1"": 1}"
E2_CONTEXT_SIGN_FLIP,62127,CRN_CHAIN_MC,256,CONTEXT_CONDITIONAL_ONLY,A,,"{""-1"": -1, ""1"": 1}"
E2_CONTEXT_SIGN_FLIP,62127,DOUBLE_ANTITHETIC_CRN_MC,8,CONTEXT_CONDITIONAL_ONLY,A,,"{""-1"": -1, ""1"": 1}"
E2_CONTEXT_SIGN_FLIP,62127,DOUBLE_ANTITHETIC_CRN_MC,16,CONTEXT_CONDITIONAL_ONLY,A,,"{""-1"": -1, ""1"": 1}"
E2_CONTEXT_SIGN_FLIP,62127,DOUBLE_ANTITHETIC_CRN_MC,32,CONTEXT_CONDITIONAL_ONLY,A,,"{""-1"": -1, ""1"": 1}"
E2_CONTEXT_SIGN_FLIP,62127,DOUBLE_ANTITHETIC_CRN_MC,64,CONTEXT_CONDITIONAL_ONLY,A,,"{""-1"": -1, ""1"": 1}"
E2_CONTEXT_SIGN_FLIP,62127,DOUBLE_ANTITHETIC_CRN_MC,128,CONTEXT_CONDITIONAL_ONLY,A,,"{""-1"": -1, ""1"": 1}"
E2_CONTEXT_SIGN_FLIP,62127,DOUBLE_ANTITHETIC_CRN_MC,256,CONTEXT_CONDITIONAL_ONLY,A,,"{""-1"": -1, ""1"": 1}"
E2_CONTEXT_SIGN_FLIP,62127,LEGACY_INDEPENDENT_MC,8,CONTEXT_CONDITIONAL_ONLY,A,,"{""-1"": -1, ""1"": 1}"
E2_CONTEXT_SIGN_FLIP,62127,LEGACY_INDEPENDENT_MC,16,CONTEXT_CONDITIONAL_ONLY,A,,"{""-1"": -1, ""1"": 1}"
E2_CONTEXT_SIGN_FLIP,62127,LEGACY_INDEPENDENT_MC,32,CONTEXT_CONDITIONAL_ONLY,A,,"{""-1"": -1, ""1"": 1}"
E2_CONTEXT_SIGN_FLIP,62127,LEGACY_INDEPENDENT_MC,64,CONTEXT_CONDITIONAL_ONLY,A,,"{""-1"": -1, ""1"": 1}"
E2_CONTEXT_SIGN_FLIP,62127,LEGACY_INDEPENDENT_MC,128,CONTEXT_CONDITIONAL_ONLY,A,,"{""-1"": -1, ""1"": 1}"
E2_CONTEXT_SIGN_FLIP,62127,LEGACY_INDEPENDENT_MC,256,CONTEXT_CONDITIONAL_ONLY,A,,"{""-1"": -1, ""1"": 1}"
