cohort,family,case,pass,state,selected_action,certificate_valid_before,digest_deterministic,mutated_world_certificate_accepted,stale_certificate_accepted,dropped_world_certificate_accepted,no_causal_truth_field,information_state,necessary_information_cost
PRIMARY,P0,0,1,ROBUST_ACTION,A,1,1,0,,,1,,
PRIMARY,P0,1,1,ROBUST_ACTION,A,1,1,0,,,1,,
PRIMARY,P0,2,1,ROBUST_ACTION,A,1,1,0,,,1,,
PRIMARY,P0,3,1,ROBUST_ACTION,A,1,1,0,,,1,,
PRIMARY,P0,4,1,ROBUST_ACTION,A,1,1,0,,,1,,
PRIMARY,P0,5,1,ROBUST_ACTION,A,1,1,0,,,1,,
PRIMARY,P0,6,1,ROBUST_ACTION,A,1,1,0,,,1,,
PRIMARY,P0,7,1,ROBUST_ACTION,A,1,1,0,,,1,,
PRIMARY,P0,8,1,ROBUST_ACTION,A,1,1,0,,,1,,
PRIMARY,P0,9,1,ROBUST_ACTION,A,1,1,0,,,1,,
PRIMARY,P0,10,1,ROBUST_ACTION,A,1,1,0,,,1,,
PRIMARY,P0,11,1,ROBUST_ACTION,A,1,1,0,,,1,,
PRIMARY,P0,12,1,ROBUST_ACTION,A,1,1,0,,,1,,
PRIMARY,P0,13,1,ROBUST_ACTION,A,1,1,0,,,1,,
PRIMARY,P0,14,1,ROBUST_ACTION,A,1,1,0,,,1,,
PRIMARY,P0,15,1,ROBUST_ACTION,A,1,1,0,,,1,,
PRIMARY,P0,16,1,ROBUST_ACTION,A,1,1,0,,,1,,
PRIMARY,P0,17,1,ROBUST_ACTION,A,1,1,0,,,1,,
PRIMARY,P0,18,1,ROBUST_ACTION,A,1,1,0,,,1,,
PRIMARY,P0,19,1,ROBUST_ACTION,A,1,1,0,,,1,,
PRIMARY,P0,20,1,ROBUST_ACTION,A,1,1,0,,,1,,
PRIMARY,P0,21,1,ROBUST_ACTION,A,1,1,0,,,1,,
PRIMARY,P0,22,1,ROBUST_ACTION,A,1,1,0,,,1,,
PRIMARY,P0,23,1,ROBUST_ACTION,A,1,1,0,,,1,,
PRIMARY,P0,24,1,ROBUST_ACTION,A,1,1,0,,,1,,
PRIMARY,P0,25,1,ROBUST_ACTION,A,1,1,0,,,1,,
PRIMARY,P0,26,1,ROBUST_ACTION,A,1,1,0,,,1,,
PRIMARY,P0,27,1,ROBUST_ACTION,A,1,1,0,,,1,,
PRIMARY,P0,28,1,ROBUST_ACTION,A,1,1,0,,,1,,
PRIMARY,P0,29,1,ROBUST_ACTION,A,1,1,0,,,1,,
PRIMARY,P0,30,1,ROBUST_ACTION,A,1,1,0,,,1,,
PRIMARY,P0,31,1,ROBUST_ACTION,A,1,1,0,,,1,,
PRIMARY,P0,32,1,ROBUST_ACTION,A,1,1,0,,,1,,
PRIMARY,P0,33,1,ROBUST_ACTION,A,1,1,0,,,1,,
PRIMARY,P0,34,1,ROBUST_ACTION,A,1,1,0,,,1,,
PRIMARY,P0,35,1,ROBUST_ACTION,A,1,1,0,,,1,,
PRIMARY,P0,36,1,ROBUST_ACTION,A,1,1,0,,,1,,
PRIMARY,P0,37,1,ROBUST_ACTION,A,1,1,0,,,1,,
PRIMARY,P0,38,1,ROBUST_ACTION,A,1,1,0,,,1,,
PRIMARY,P0,39,1,ROBUST_ACTION,A,1,1,0,,,1,,
PRIMARY,P0,40,1,ROBUST_ACTION,A,1,1,0,,,1,,
PRIMARY,P0,41,1,ROBUST_ACTION,A,1,1,0,,,1,,
PRIMARY,P0,42,1,ROBUST_ACTION,A,1,1,0,,,1,,
PRIMARY,P0,43,1,ROBUST_ACTION,A,1,1,0,,,1,,
PRIMARY,P0,44,1,ROBUST_ACTION,A,1,1,0,,,1,,
PRIMARY,P0,45,1,ROBUST_ACTION,A,1,1,0,,,1,,
PRIMARY,P0,46,1,ROBUST_ACTION,A,1,1,0,,,1,,
PRIMARY,P0,47,1,ROBUST_ACTION,A,1,1,0,,,1,,
PRIMARY,P0,48,1,ROBUST_ACTION,A,1,1,0,,,1,,
PRIMARY,P0,49,1,ROBUST_ACTION,A,1,1,0,,,1,,
PRIMARY,P0,50,1,ROBUST_ACTION,A,1,1,0,,,1,,
PRIMARY,P0,51,1,ROBUST_ACTION,A,1,1,0,,,1,,
PRIMARY,P0,52,1,ROBUST_ACTION,A,1,1,0,,,1,,
PRIMARY,P0,53,1,ROBUST_ACTION,A,1,1,0,,,1,,
PRIMARY,P0,54,1,ROBUST_ACTION,A,1,1,0,,,1,,
PRIMARY,P0,55,1,ROBUST_ACTION,A,1,1,0,,,1,,
PRIMARY,P0,56,1,ROBUST_ACTION,A,1,1,0,,,1,,
PRIMARY,P0,57,1,ROBUST_ACTION,A,1,1,0,,,1,,
PRIMARY,P0,58,1,ROBUST_ACTION,A,1,1,0,,,1,,
PRIMARY,P0,59,1,ROBUST_ACTION,A,1,1,0,,,1,,
PRIMARY,P0,60,1,ROBUST_ACTION,A,1,1,0,,,1,,
PRIMARY,P0,61,1,ROBUST_ACTION,A,1,1,0,,,1,,
PRIMARY,P0,62,1,ROBUST_ACTION,A,1,1,0,,,1,,
PRIMARY,P0,63,1,ROBUST_ACTION,A,1,1,0,,,1,,
PRIMARY,P0,64,1,ROBUST_ACTION,A,1,1,0,,,1,,
PRIMARY,P0,65,1,ROBUST_ACTION,A,1,1,0,,,1,,
PRIMARY,P0,66,1,ROBUST_ACTION,A,1,1,0,,,1,,
PRIMARY,P0,67,1,ROBUST_ACTION,A,1,1,0,,,1,,
PRIMARY,P0,68,1,ROBUST_ACTION,A,1,1,0,,,1,,
PRIMARY,P0,69,1,ROBUST_ACTION,A,1,1,0,,,1,,
PRIMARY,P0,70,1,ROBUST_ACTION,A,1,1,0,,,1,,
PRIMARY,P0,71,1,ROBUST_ACTION,A,1,1,0,,,1,,
PRIMARY,P0,72,1,ROBUST_ACTION,A,1,1,0,,,1,,
PRIMARY,P0,73,1,ROBUST_ACTION,A,1,1,0,,,1,,
PRIMARY,P0,74,1,ROBUST_ACTION,A,1,1,0,,,1,,
PRIMARY,P0,75,1,ROBUST_ACTION,A,1,1,0,,,1,,
PRIMARY,P0,76,1,ROBUST_ACTION,A,1,1,0,,,1,,
PRIMARY,P0,77,1,ROBUST_ACTION,A,1,1,0,,,1,,
PRIMARY,P0,78,1,ROBUST_ACTION,A,1,1,0,,,1,,
PRIMARY,P0,79,1,ROBUST_ACTION,A,1,1,0,,,1,,
PRIMARY,P0,80,1,ROBUST_ACTION,A,1,1,0,,,1,,
PRIMARY,P0,81,1,ROBUST_ACTION,A,1,1,0,,,1,,
PRIMARY,P0,82,1,ROBUST_ACTION,A,1,1,0,,,1,,
PRIMARY,P0,83,1,ROBUST_ACTION,A,1,1,0,,,1,,
PRIMARY,P0,84,1,ROBUST_ACTION,A,1,1,0,,,1,,
PRIMARY,P0,85,1,ROBUST_ACTION,A,1,1,0,,,1,,
PRIMARY,P0,86,1,ROBUST_ACTION,A,1,1,0,,,1,,
PRIMARY,P0,87,1,ROBUST_ACTION,A,1,1,0,,,1,,
PRIMARY,P0,88,1,ROBUST_ACTION,A,1,1,0,,,1,,
PRIMARY,P0,89,1,ROBUST_ACTION,A,1,1,0,,,1,,
PRIMARY,P0,90,1,ROBUST_ACTION,A,1,1,0,,,1,,
PRIMARY,P0,91,1,ROBUST_ACTION,A,1,1,0,,,1,,
PRIMARY,P0,92,1,ROBUST_ACTION,A,1,1,0,,,1,,
PRIMARY,P0,93,1,ROBUST_ACTION,A,1,1,0,,,1,,
PRIMARY,P0,94,1,ROBUST_ACTION,A,1,1,0,,,1,,
PRIMARY,P0,95,1,ROBUST_ACTION,A,1,1,0,,,1,,
PRIMARY,P0,96,1,ROBUST_ACTION,A,1,1,0,,,1,,
PRIMARY,P0,97,1,ROBUST_ACTION,A,1,1,0,,,1,,
PRIMARY,P0,98,1,ROBUST_ACTION,A,1,1,0,,,1,,
PRIMARY,P0,99,1,ROBUST_ACTION,A,1,1,0,,,1,,
PRIMARY,P0,100,1,ROBUST_ACTION,A,1,1,0,,,1,,
PRIMARY,P0,101,1,ROBUST_ACTION,A,1,1,0,,,1,,
PRIMARY,P0,102,1,ROBUST_ACTION,A,1,1,0,,,1,,
PRIMARY,P0,103,1,ROBUST_ACTION,A,1,1,0,,,1,,
PRIMARY,P0,104,1,ROBUST_ACTION,A,1,1,0,,,1,,
PRIMARY,P0,105,1,ROBUST_ACTION,A,1,1,0,,,1,,
PRIMARY,P0,106,1,ROBUST_ACTION,A,1,1,0,,,1,,
PRIMARY,P0,107,1,ROBUST_ACTION,A,1,1,0,,,1,,
PRIMARY,P0,108,1,ROBUST_ACTION,A,1,1,0,,,1,,
PRIMARY,P0,109,1,ROBUST_ACTION,A,1,1,0,,,1,,
PRIMARY,P0,110,1,ROBUST_ACTION,A,1,1,0,,,1,,
PRIMARY,P0,111,1,ROBUST_ACTION,A,1,1,0,,,1,,
PRIMARY,P0,112,1,ROBUST_ACTION,A,1,1,0,,,1,,
PRIMARY,P0,113,1,ROBUST_ACTION,A,1,1,0,,,1,,
PRIMARY,P0,114,1,ROBUST_ACTION,A,1,1,0,,,1,,
PRIMARY,P0,115,1,ROBUST_ACTION,A,1,1,0,,,1,,
PRIMARY,P0,116,1,ROBUST_ACTION,A,1,1,0,,,1,,
PRIMARY,P0,117,1,ROBUST_ACTION,A,1,1,0,,,1,,
PRIMARY,P0,118,1,ROBUST_ACTION,A,1,1,0,,,1,,
PRIMARY,P0,119,1,ROBUST_ACTION,A,1,1,0,,,1,,
PRIMARY,P0,120,1,ROBUST_ACTION,A,1,1,0,,,1,,
PRIMARY,P0,121,1,ROBUST_ACTION,A,1,1,0,,,1,,
PRIMARY,P0,122,1,ROBUST_ACTION,A,1,1,0,,,1,,
PRIMARY,P0,123,1,ROBUST_ACTION,A,1,1,0,,,1,,
PRIMARY,P0,124,1,ROBUST_ACTION,A,1,1,0,,,1,,
PRIMARY,P0,125,1,ROBUST_ACTION,A,1,1,0,,,1,,
PRIMARY,P0,126,1,ROBUST_ACTION,A,1,1,0,,,1,,
PRIMARY,P0,127,1,ROBUST_ACTION,A,1,1,0,,,1,,
PRIMARY,P1,0,1,ABSTAIN_WORLD_DISAGREEMENT,,1,1,0,,,1,,
PRIMARY,P1,1,1,ABSTAIN_WORLD_DISAGREEMENT,,1,1,0,,,1,,
PRIMARY,P1,2,1,ABSTAIN_WORLD_DISAGREEMENT,,1,1,0,,,1,,
PRIMARY,P1,3,1,ABSTAIN_WORLD_DISAGREEMENT,,1,1,0,,,1,,
PRIMARY,P1,4,1,ABSTAIN_WORLD_DISAGREEMENT,,1,1,0,,,1,,
PRIMARY,P1,5,1,ABSTAIN_WORLD_DISAGREEMENT,,1,1,0,,,1,,
PRIMARY,P1,6,1,ABSTAIN_WORLD_DISAGREEMENT,,1,1,0,,,1,,
PRIMARY,P1,7,1,ABSTAIN_WORLD_DISAGREEMENT,,1,1,0,,,1,,
PRIMARY,P1,8,1,ABSTAIN_WORLD_DISAGREEMENT,,1,1,0,,,1,,
PRIMARY,P1,9,1,ABSTAIN_WORLD_DISAGREEMENT,,1,1,0,,,1,,
PRIMARY,P1,10,1,ABSTAIN_WORLD_DISAGREEMENT,,1,1,0,,,1,,
PRIMARY,P1,11,1,ABSTAIN_WORLD_DISAGREEMENT,,1,1,0,,,1,,
PRIMARY,P1,12,1,ABSTAIN_WORLD_DISAGREEMENT,,1,1,0,,,1,,
PRIMARY,P1,13,1,ABSTAIN_WORLD_DISAGREEMENT,,1,1,0,,,1,,
PRIMARY,P1,14,1,ABSTAIN_WORLD_DISAGREEMENT,,1,1,0,,,1,,
PRIMARY,P1,15,1,ABSTAIN_WORLD_DISAGREEMENT,,1,1,0,,,1,,
PRIMARY,P1,16,1,ABSTAIN_WORLD_DISAGREEMENT,,1,1,0,,,1,,
PRIMARY,P1,17,1,ABSTAIN_WORLD_DISAGREEMENT,,1,1,0,,,1,,
PRIMARY,P1,18,1,ABSTAIN_WORLD_DISAGREEMENT,,1,1,0,,,1,,
PRIMARY,P1,19,1,ABSTAIN_WORLD_DISAGREEMENT,,1,1,0,,,1,,
PRIMARY,P1,20,1,ABSTAIN_WORLD_DISAGREEMENT,,1,1,0,,,1,,
PRIMARY,P1,21,1,ABSTAIN_WORLD_DISAGREEMENT,,1,1,0,,,1,,
PRIMARY,P1,22,1,ABSTAIN_WORLD_DISAGREEMENT,,1,1,0,,,1,,
PRIMARY,P1,23,1,ABSTAIN_WORLD_DISAGREEMENT,,1,1,0,,,1,,
PRIMARY,P1,24,1,ABSTAIN_WORLD_DISAGREEMENT,,1,1,0,,,1,,
PRIMARY,P1,25,1,ABSTAIN_WORLD_DISAGREEMENT,,1,1,0,,,1,,
PRIMARY,P1,26,1,ABSTAIN_WORLD_DISAGREEMENT,,1,1,0,,,1,,
PRIMARY,P1,27,1,ABSTAIN_WORLD_DISAGREEMENT,,1,1,0,,,1,,
PRIMARY,P1,28,1,ABSTAIN_WORLD_DISAGREEMENT,,1,1,0,,,1,,
PRIMARY,P1,29,1,ABSTAIN_WORLD_DISAGREEMENT,,1,1,0,,,1,,
PRIMARY,P1,30,1,ABSTAIN_WORLD_DISAGREEMENT,,1,1,0,,,1,,
PRIMARY,P1,31,1,ABSTAIN_WORLD_DISAGREEMENT,,1,1,0,,,1,,
PRIMARY,P1,32,1,ABSTAIN_WORLD_DISAGREEMENT,,1,1,0,,,1,,
PRIMARY,P1,33,1,ABSTAIN_WORLD_DISAGREEMENT,,1,1,0,,,1,,
PRIMARY,P1,34,1,ABSTAIN_WORLD_DISAGREEMENT,,1,1,0,,,1,,
PRIMARY,P1,35,1,ABSTAIN_WORLD_DISAGREEMENT,,1,1,0,,,1,,
PRIMARY,P1,36,1,ABSTAIN_WORLD_DISAGREEMENT,,1,1,0,,,1,,
PRIMARY,P1,37,1,ABSTAIN_WORLD_DISAGREEMENT,,1,1,0,,,1,,
PRIMARY,P1,38,1,ABSTAIN_WORLD_DISAGREEMENT,,1,1,0,,,1,,
PRIMARY,P1,39,1,ABSTAIN_WORLD_DISAGREEMENT,,1,1,0,,,1,,
PRIMARY,P1,40,1,ABSTAIN_WORLD_DISAGREEMENT,,1,1,0,,,1,,
PRIMARY,P1,41,1,ABSTAIN_WORLD_DISAGREEMENT,,1,1,0,,,1,,
PRIMARY,P1,42,1,ABSTAIN_WORLD_DISAGREEMENT,,1,1,0,,,1,,
PRIMARY,P1,43,1,ABSTAIN_WORLD_DISAGREEMENT,,1,1,0,,,1,,
PRIMARY,P1,44,1,ABSTAIN_WORLD_DISAGREEMENT,,1,1,0,,,1,,
PRIMARY,P1,45,1,ABSTAIN_WORLD_DISAGREEMENT,,1,1,0,,,1,,
PRIMARY,P1,46,1,ABSTAIN_WORLD_DISAGREEMENT,,1,1,0,,,1,,
PRIMARY,P1,47,1,ABSTAIN_WORLD_DISAGREEMENT,,1,1,0,,,1,,
PRIMARY,P1,48,1,ABSTAIN_WORLD_DISAGREEMENT,,1,1,0,,,1,,
PRIMARY,P1,49,1,ABSTAIN_WORLD_DISAGREEMENT,,1,1,0,,,1,,
PRIMARY,P1,50,1,ABSTAIN_WORLD_DISAGREEMENT,,1,1,0,,,1,,
PRIMARY,P1,51,1,ABSTAIN_WORLD_DISAGREEMENT,,1,1,0,,,1,,
PRIMARY,P1,52,1,ABSTAIN_WORLD_DISAGREEMENT,,1,1,0,,,1,,
PRIMARY,P1,53,1,ABSTAIN_WORLD_DISAGREEMENT,,1,1,0,,,1,,
PRIMARY,P1,54,1,ABSTAIN_WORLD_DISAGREEMENT,,1,1,0,,,1,,
PRIMARY,P1,55,1,ABSTAIN_WORLD_DISAGREEMENT,,1,1,0,,,1,,
PRIMARY,P1,56,1,ABSTAIN_WORLD_DISAGREEMENT,,1,1,0,,,1,,
PRIMARY,P1,57,1,ABSTAIN_WORLD_DISAGREEMENT,,1,1,0,,,1,,
PRIMARY,P1,58,1,ABSTAIN_WORLD_DISAGREEMENT,,1,1,0,,,1,,
PRIMARY,P1,59,1,ABSTAIN_WORLD_DISAGREEMENT,,1,1,0,,,1,,
PRIMARY,P1,60,1,ABSTAIN_WORLD_DISAGREEMENT,,1,1,0,,,1,,
PRIMARY,P1,61,1,ABSTAIN_WORLD_DISAGREEMENT,,1,1,0,,,1,,
PRIMARY,P1,62,1,ABSTAIN_WORLD_DISAGREEMENT,,1,1,0,,,1,,
PRIMARY,P1,63,1,ABSTAIN_WORLD_DISAGREEMENT,,1,1,0,,,1,,
PRIMARY,P1,64,1,ABSTAIN_WORLD_DISAGREEMENT,,1,1,0,,,1,,
PRIMARY,P1,65,1,ABSTAIN_WORLD_DISAGREEMENT,,1,1,0,,,1,,
PRIMARY,P1,66,1,ABSTAIN_WORLD_DISAGREEMENT,,1,1,0,,,1,,
PRIMARY,P1,67,1,ABSTAIN_WORLD_DISAGREEMENT,,1,1,0,,,1,,
PRIMARY,P1,68,1,ABSTAIN_WORLD_DISAGREEMENT,,1,1,0,,,1,,
PRIMARY,P1,69,1,ABSTAIN_WORLD_DISAGREEMENT,,1,1,0,,,1,,
PRIMARY,P1,70,1,ABSTAIN_WORLD_DISAGREEMENT,,1,1,0,,,1,,
PRIMARY,P1,71,1,ABSTAIN_WORLD_DISAGREEMENT,,1,1,0,,,1,,
PRIMARY,P1,72,1,ABSTAIN_WORLD_DISAGREEMENT,,1,1,0,,,1,,
PRIMARY,P1,73,1,ABSTAIN_WORLD_DISAGREEMENT,,1,1,0,,,1,,
PRIMARY,P1,74,1,ABSTAIN_WORLD_DISAGREEMENT,,1,1,0,,,1,,
PRIMARY,P1,75,1,ABSTAIN_WORLD_DISAGREEMENT,,1,1,0,,,1,,
PRIMARY,P1,76,1,ABSTAIN_WORLD_DISAGREEMENT,,1,1,0,,,1,,
PRIMARY,P1,77,1,ABSTAIN_WORLD_DISAGREEMENT,,1,1,0,,,1,,
PRIMARY,P1,78,1,ABSTAIN_WORLD_DISAGREEMENT,,1,1,0,,,1,,
PRIMARY,P1,79,1,ABSTAIN_WORLD_DISAGREEMENT,,1,1,0,,,1,,
PRIMARY,P1,80,1,ABSTAIN_WORLD_DISAGREEMENT,,1,1,0,,,1,,
PRIMARY,P1,81,1,ABSTAIN_WORLD_DISAGREEMENT,,1,1,0,,,1,,
PRIMARY,P1,82,1,ABSTAIN_WORLD_DISAGREEMENT,,1,1,0,,,1,,
PRIMARY,P1,83,1,ABSTAIN_WORLD_DISAGREEMENT,,1,1,0,,,1,,
PRIMARY,P1,84,1,ABSTAIN_WORLD_DISAGREEMENT,,1,1,0,,,1,,
PRIMARY,P1,85,1,ABSTAIN_WORLD_DISAGREEMENT,,1,1,0,,,1,,
PRIMARY,P1,86,1,ABSTAIN_WORLD_DISAGREEMENT,,1,1,0,,,1,,
PRIMARY,P1,87,1,ABSTAIN_WORLD_DISAGREEMENT,,1,1,0,,,1,,
PRIMARY,P1,88,1,ABSTAIN_WORLD_DISAGREEMENT,,1,1,0,,,1,,
PRIMARY,P1,89,1,ABSTAIN_WORLD_DISAGREEMENT,,1,1,0,,,1,,
PRIMARY,P1,90,1,ABSTAIN_WORLD_DISAGREEMENT,,1,1,0,,,1,,
PRIMARY,P1,91,1,ABSTAIN_WORLD_DISAGREEMENT,,1,1,0,,,1,,
PRIMARY,P1,92,1,ABSTAIN_WORLD_DISAGREEMENT,,1,1,0,,,1,,
PRIMARY,P1,93,1,ABSTAIN_WORLD_DISAGREEMENT,,1,1,0,,,1,,
PRIMARY,P1,94,1,ABSTAIN_WORLD_DISAGREEMENT,,1,1,0,,,1,,
PRIMARY,P1,95,1,ABSTAIN_WORLD_DISAGREEMENT,,1,1,0,,,1,,
PRIMARY,P1,96,1,ABSTAIN_WORLD_DISAGREEMENT,,1,1,0,,,1,,
PRIMARY,P1,97,1,ABSTAIN_WORLD_DISAGREEMENT,,1,1,0,,,1,,
PRIMARY,P1,98,1,ABSTAIN_WORLD_DISAGREEMENT,,1,1,0,,,1,,
PRIMARY,P1,99,1,ABSTAIN_WORLD_DISAGREEMENT,,1,1,0,,,1,,
PRIMARY,P1,100,1,ABSTAIN_WORLD_DISAGREEMENT,,1,1,0,,,1,,
PRIMARY,P1,101,1,ABSTAIN_WORLD_DISAGREEMENT,,1,1,0,,,1,,
PRIMARY,P1,102,1,ABSTAIN_WORLD_DISAGREEMENT,,1,1,0,,,1,,
PRIMARY,P1,103,1,ABSTAIN_WORLD_DISAGREEMENT,,1,1,0,,,1,,
PRIMARY,P1,104,1,ABSTAIN_WORLD_DISAGREEMENT,,1,1,0,,,1,,
PRIMARY,P1,105,1,ABSTAIN_WORLD_DISAGREEMENT,,1,1,0,,,1,,
PRIMARY,P1,106,1,ABSTAIN_WORLD_DISAGREEMENT,,1,1,0,,,1,,
PRIMARY,P1,107,1,ABSTAIN_WORLD_DISAGREEMENT,,1,1,0,,,1,,
PRIMARY,P1,108,1,ABSTAIN_WORLD_DISAGREEMENT,,1,1,0,,,1,,
PRIMARY,P1,109,1,ABSTAIN_WORLD_DISAGREEMENT,,1,1,0,,,1,,
PRIMARY,P1,110,1,ABSTAIN_WORLD_DISAGREEMENT,,1,1,0,,,1,,
PRIMARY,P1,111,1,ABSTAIN_WORLD_DISAGREEMENT,,1,1,0,,,1,,
PRIMARY,P1,112,1,ABSTAIN_WORLD_DISAGREEMENT,,1,1,0,,,1,,
PRIMARY,P1,113,1,ABSTAIN_WORLD_DISAGREEMENT,,1,1,0,,,1,,
PRIMARY,P1,114,1,ABSTAIN_WORLD_DISAGREEMENT,,1,1,0,,,1,,
PRIMARY,P1,115,1,ABSTAIN_WORLD_DISAGREEMENT,,1,1,0,,,1,,
PRIMARY,P1,116,1,ABSTAIN_WORLD_DISAGREEMENT,,1,1,0,,,1,,
PRIMARY,P1,117,1,ABSTAIN_WORLD_DISAGREEMENT,,1,1,0,,,1,,
PRIMARY,P1,118,1,ABSTAIN_WORLD_DISAGREEMENT,,1,1,0,,,1,,
PRIMARY,P1,119,1,ABSTAIN_WORLD_DISAGREEMENT,,1,1,0,,,1,,
PRIMARY,P1,120,1,ABSTAIN_WORLD_DISAGREEMENT,,1,1,0,,,1,,
PRIMARY,P1,121,1,ABSTAIN_WORLD_DISAGREEMENT,,1,1,0,,,1,,
PRIMARY,P1,122,1,ABSTAIN_WORLD_DISAGREEMENT,,1,1,0,,,1,,
PRIMARY,P1,123,1,ABSTAIN_WORLD_DISAGREEMENT,,1,1,0,,,1,,
PRIMARY,P1,124,1,ABSTAIN_WORLD_DISAGREEMENT,,1,1,0,,,1,,
PRIMARY,P1,125,1,ABSTAIN_WORLD_DISAGREEMENT,,1,1,0,,,1,,
PRIMARY,P1,126,1,ABSTAIN_WORLD_DISAGREEMENT,,1,1,0,,,1,,
PRIMARY,P1,127,1,ABSTAIN_WORLD_DISAGREEMENT,,1,1,0,,,1,,
PRIMARY,P2,0,1,ABSTAIN_WORLD_DISAGREEMENT,,1,1,0,,,1,,
PRIMARY,P2,1,1,ABSTAIN_WORLD_DISAGREEMENT,,1,1,0,,,1,,
PRIMARY,P2,2,1,ABSTAIN_WORLD_DISAGREEMENT,,1,1,0,,,1,,
PRIMARY,P2,3,1,ABSTAIN_WORLD_DISAGREEMENT,,1,1,0,,,1,,
PRIMARY,P2,4,1,ABSTAIN_WORLD_DISAGREEMENT,,1,1,0,,,1,,
PRIMARY,P2,5,1,ABSTAIN_WORLD_DISAGREEMENT,,1,1,0,,,1,,
PRIMARY,P2,6,1,ABSTAIN_WORLD_DISAGREEMENT,,1,1,0,,,1,,
PRIMARY,P2,7,1,ABSTAIN_WORLD_DISAGREEMENT,,1,1,0,,,1,,
PRIMARY,P2,8,1,ABSTAIN_WORLD_DISAGREEMENT,,1,1,0,,,1,,
PRIMARY,P2,9,1,ABSTAIN_WORLD_DISAGREEMENT,,1,1,0,,,1,,
PRIMARY,P2,10,1,ABSTAIN_WORLD_DISAGREEMENT,,1,1,0,,,1,,
PRIMARY,P2,11,1,ABSTAIN_WORLD_DISAGREEMENT,,1,1,0,,,1,,
PRIMARY,P2,12,1,ABSTAIN_WORLD_DISAGREEMENT,,1,1,0,,,1,,
PRIMARY,P2,13,1,ABSTAIN_WORLD_DISAGREEMENT,,1,1,0,,,1,,
PRIMARY,P2,14,1,ABSTAIN_WORLD_DISAGREEMENT,,1,1,0,,,1,,
PRIMARY,P2,15,1,ABSTAIN_WORLD_DISAGREEMENT,,1,1,0,,,1,,
PRIMARY,P2,16,1,ABSTAIN_WORLD_DISAGREEMENT,,1,1,0,,,1,,
PRIMARY,P2,17,1,ABSTAIN_WORLD_DISAGREEMENT,,1,1,0,,,1,,
PRIMARY,P2,18,1,ABSTAIN_WORLD_DISAGREEMENT,,1,1,0,,,1,,
PRIMARY,P2,19,1,ABSTAIN_WORLD_DISAGREEMENT,,1,1,0,,,1,,
PRIMARY,P2,20,1,ABSTAIN_WORLD_DISAGREEMENT,,1,1,0,,,1,,
PRIMARY,P2,21,1,ABSTAIN_WORLD_DISAGREEMENT,,1,1,0,,,1,,
PRIMARY,P2,22,1,ABSTAIN_WORLD_DISAGREEMENT,,1,1,0,,,1,,
PRIMARY,P2,23,1,ABSTAIN_WORLD_DISAGREEMENT,,1,1,0,,,1,,
PRIMARY,P2,24,1,ABSTAIN_WORLD_DISAGREEMENT,,1,1,0,,,1,,
PRIMARY,P2,25,1,ABSTAIN_WORLD_DISAGREEMENT,,1,1,0,,,1,,
PRIMARY,P2,26,1,ABSTAIN_WORLD_DISAGREEMENT,,1,1,0,,,1,,
PRIMARY,P2,27,1,ABSTAIN_WORLD_DISAGREEMENT,,1,1,0,,,1,,
PRIMARY,P2,28,1,ABSTAIN_WORLD_DISAGREEMENT,,1,1,0,,,1,,
PRIMARY,P2,29,1,ABSTAIN_WORLD_DISAGREEMENT,,1,1,0,,,1,,
PRIMARY,P2,30,1,ABSTAIN_WORLD_DISAGREEMENT,,1,1,0,,,1,,
PRIMARY,P2,31,1,ABSTAIN_WORLD_DISAGREEMENT,,1,1,0,,,1,,
PRIMARY,P2,32,1,ABSTAIN_WORLD_DISAGREEMENT,,1,1,0,,,1,,
PRIMARY,P2,33,1,ABSTAIN_WORLD_DISAGREEMENT,,1,1,0,,,1,,
PRIMARY,P2,34,1,ABSTAIN_WORLD_DISAGREEMENT,,1,1,0,,,1,,
PRIMARY,P2,35,1,ABSTAIN_WORLD_DISAGREEMENT,,1,1,0,,,1,,
PRIMARY,P2,36,1,ABSTAIN_WORLD_DISAGREEMENT,,1,1,0,,,1,,
PRIMARY,P2,37,1,ABSTAIN_WORLD_DISAGREEMENT,,1,1,0,,,1,,
PRIMARY,P2,38,1,ABSTAIN_WORLD_DISAGREEMENT,,1,1,0,,,1,,
PRIMARY,P2,39,1,ABSTAIN_WORLD_DISAGREEMENT,,1,1,0,,,1,,
PRIMARY,P2,40,1,ABSTAIN_WORLD_DISAGREEMENT,,1,1,0,,,1,,
PRIMARY,P2,41,1,ABSTAIN_WORLD_DISAGREEMENT,,1,1,0,,,1,,
PRIMARY,P2,42,1,ABSTAIN_WORLD_DISAGREEMENT,,1,1,0,,,1,,
PRIMARY,P2,43,1,ABSTAIN_WORLD_DISAGREEMENT,,1,1,0,,,1,,
PRIMARY,P2,44,1,ABSTAIN_WORLD_DISAGREEMENT,,1,1,0,,,1,,
PRIMARY,P2,45,1,ABSTAIN_WORLD_DISAGREEMENT,,1,1,0,,,1,,
PRIMARY,P2,46,1,ABSTAIN_WORLD_DISAGREEMENT,,1,1,0,,,1,,
PRIMARY,P2,47,1,ABSTAIN_WORLD_DISAGREEMENT,,1,1,0,,,1,,
PRIMARY,P2,48,1,ABSTAIN_WORLD_DISAGREEMENT,,1,1,0,,,1,,
PRIMARY,P2,49,1,ABSTAIN_WORLD_DISAGREEMENT,,1,1,0,,,1,,
PRIMARY,P2,50,1,ABSTAIN_WORLD_DISAGREEMENT,,1,1,0,,,1,,
PRIMARY,P2,51,1,ABSTAIN_WORLD_DISAGREEMENT,,1,1,0,,,1,,
PRIMARY,P2,52,1,ABSTAIN_WORLD_DISAGREEMENT,,1,1,0,,,1,,
PRIMARY,P2,53,1,ABSTAIN_WORLD_DISAGREEMENT,,1,1,0,,,1,,
PRIMARY,P2,54,1,ABSTAIN_WORLD_DISAGREEMENT,,1,1,0,,,1,,
PRIMARY,P2,55,1,ABSTAIN_WORLD_DISAGREEMENT,,1,1,0,,,1,,
PRIMARY,P2,56,1,ABSTAIN_WORLD_DISAGREEMENT,,1,1,0,,,1,,
PRIMARY,P2,57,1,ABSTAIN_WORLD_DISAGREEMENT,,1,1,0,,,1,,
PRIMARY,P2,58,1,ABSTAIN_WORLD_DISAGREEMENT,,1,1,0,,,1,,
PRIMARY,P2,59,1,ABSTAIN_WORLD_DISAGREEMENT,,1,1,0,,,1,,
PRIMARY,P2,60,1,ABSTAIN_WORLD_DISAGREEMENT,,1,1,0,,,1,,
PRIMARY,P2,61,1,ABSTAIN_WORLD_DISAGREEMENT,,1,1,0,,,1,,
PRIMARY,P2,62,1,ABSTAIN_WORLD_DISAGREEMENT,,1,1,0,,,1,,
PRIMARY,P2,63,1,ABSTAIN_WORLD_DISAGREEMENT,,1,1,0,,,1,,
PRIMARY,P2,64,1,ABSTAIN_WORLD_DISAGREEMENT,,1,1,0,,,1,,
PRIMARY,P2,65,1,ABSTAIN_WORLD_DISAGREEMENT,,1,1,0,,,1,,
PRIMARY,P2,66,1,ABSTAIN_WORLD_DISAGREEMENT,,1,1,0,,,1,,
PRIMARY,P2,67,1,ABSTAIN_WORLD_DISAGREEMENT,,1,1,0,,,1,,
PRIMARY,P2,68,1,ABSTAIN_WORLD_DISAGREEMENT,,1,1,0,,,1,,
PRIMARY,P2,69,1,ABSTAIN_WORLD_DISAGREEMENT,,1,1,0,,,1,,
PRIMARY,P2,70,1,ABSTAIN_WORLD_DISAGREEMENT,,1,1,0,,,1,,
PRIMARY,P2,71,1,ABSTAIN_WORLD_DISAGREEMENT,,1,1,0,,,1,,
PRIMARY,P2,72,1,ABSTAIN_WORLD_DISAGREEMENT,,1,1,0,,,1,,
PRIMARY,P2,73,1,ABSTAIN_WORLD_DISAGREEMENT,,1,1,0,,,1,,
PRIMARY,P2,74,1,ABSTAIN_WORLD_DISAGREEMENT,,1,1,0,,,1,,
PRIMARY,P2,75,1,ABSTAIN_WORLD_DISAGREEMENT,,1,1,0,,,1,,
PRIMARY,P2,76,1,ABSTAIN_WORLD_DISAGREEMENT,,1,1,0,,,1,,
PRIMARY,P2,77,1,ABSTAIN_WORLD_DISAGREEMENT,,1,1,0,,,1,,
PRIMARY,P2,78,1,ABSTAIN_WORLD_DISAGREEMENT,,1,1,0,,,1,,
PRIMARY,P2,79,1,ABSTAIN_WORLD_DISAGREEMENT,,1,1,0,,,1,,
PRIMARY,P2,80,1,ABSTAIN_WORLD_DISAGREEMENT,,1,1,0,,,1,,
PRIMARY,P2,81,1,ABSTAIN_WORLD_DISAGREEMENT,,1,1,0,,,1,,
PRIMARY,P2,82,1,ABSTAIN_WORLD_DISAGREEMENT,,1,1,0,,,1,,
PRIMARY,P2,83,1,ABSTAIN_WORLD_DISAGREEMENT,,1,1,0,,,1,,
PRIMARY,P2,84,1,ABSTAIN_WORLD_DISAGREEMENT,,1,1,0,,,1,,
PRIMARY,P2,85,1,ABSTAIN_WORLD_DISAGREEMENT,,1,1,0,,,1,,
PRIMARY,P2,86,1,ABSTAIN_WORLD_DISAGREEMENT,,1,1,0,,,1,,
PRIMARY,P2,87,1,ABSTAIN_WORLD_DISAGREEMENT,,1,1,0,,,1,,
PRIMARY,P2,88,1,ABSTAIN_WORLD_DISAGREEMENT,,1,1,0,,,1,,
PRIMARY,P2,89,1,ABSTAIN_WORLD_DISAGREEMENT,,1,1,0,,,1,,
PRIMARY,P2,90,1,ABSTAIN_WORLD_DISAGREEMENT,,1,1,0,,,1,,
PRIMARY,P2,91,1,ABSTAIN_WORLD_DISAGREEMENT,,1,1,0,,,1,,
PRIMARY,P2,92,1,ABSTAIN_WORLD_DISAGREEMENT,,1,1,0,,,1,,
PRIMARY,P2,93,1,ABSTAIN_WORLD_DISAGREEMENT,,1,1,0,,,1,,
PRIMARY,P2,94,1,ABSTAIN_WORLD_DISAGREEMENT,,1,1,0,,,1,,
PRIMARY,P2,95,1,ABSTAIN_WORLD_DISAGREEMENT,,1,1,0,,,1,,
PRIMARY,P2,96,1,ABSTAIN_WORLD_DISAGREEMENT,,1,1,0,,,1,,
PRIMARY,P2,97,1,ABSTAIN_WORLD_DISAGREEMENT,,1,1,0,,,1,,
PRIMARY,P2,98,1,ABSTAIN_WORLD_DISAGREEMENT,,1,1,0,,,1,,
PRIMARY,P2,99,1,ABSTAIN_WORLD_DISAGREEMENT,,1,1,0,,,1,,
PRIMARY,P2,100,1,ABSTAIN_WORLD_DISAGREEMENT,,1,1,0,,,1,,
PRIMARY,P2,101,1,ABSTAIN_WORLD_DISAGREEMENT,,1,1,0,,,1,,
PRIMARY,P2,102,1,ABSTAIN_WORLD_DISAGREEMENT,,1,1,0,,,1,,
PRIMARY,P2,103,1,ABSTAIN_WORLD_DISAGREEMENT,,1,1,0,,,1,,
PRIMARY,P2,104,1,ABSTAIN_WORLD_DISAGREEMENT,,1,1,0,,,1,,
PRIMARY,P2,105,1,ABSTAIN_WORLD_DISAGREEMENT,,1,1,0,,,1,,
PRIMARY,P2,106,1,ABSTAIN_WORLD_DISAGREEMENT,,1,1,0,,,1,,
PRIMARY,P2,107,1,ABSTAIN_WORLD_DISAGREEMENT,,1,1,0,,,1,,
PRIMARY,P2,108,1,ABSTAIN_WORLD_DISAGREEMENT,,1,1,0,,,1,,
PRIMARY,P2,109,1,ABSTAIN_WORLD_DISAGREEMENT,,1,1,0,,,1,,
PRIMARY,P2,110,1,ABSTAIN_WORLD_DISAGREEMENT,,1,1,0,,,1,,
PRIMARY,P2,111,1,ABSTAIN_WORLD_DISAGREEMENT,,1,1,0,,,1,,
PRIMARY,P2,112,1,ABSTAIN_WORLD_DISAGREEMENT,,1,1,0,,,1,,
PRIMARY,P2,113,1,ABSTAIN_WORLD_DISAGREEMENT,,1,1,0,,,1,,
PRIMARY,P2,114,1,ABSTAIN_WORLD_DISAGREEMENT,,1,1,0,,,1,,
PRIMARY,P2,115,1,ABSTAIN_WORLD_DISAGREEMENT,,1,1,0,,,1,,
PRIMARY,P2,116,1,ABSTAIN_WORLD_DISAGREEMENT,,1,1,0,,,1,,
PRIMARY,P2,117,1,ABSTAIN_WORLD_DISAGREEMENT,,1,1,0,,,1,,
PRIMARY,P2,118,1,ABSTAIN_WORLD_DISAGREEMENT,,1,1,0,,,1,,
PRIMARY,P2,119,1,ABSTAIN_WORLD_DISAGREEMENT,,1,1,0,,,1,,
PRIMARY,P2,120,1,ABSTAIN_WORLD_DISAGREEMENT,,1,1,0,,,1,,
PRIMARY,P2,121,1,ABSTAIN_WORLD_DISAGREEMENT,,1,1,0,,,1,,
PRIMARY,P2,122,1,ABSTAIN_WORLD_DISAGREEMENT,,1,1,0,,,1,,
PRIMARY,P2,123,1,ABSTAIN_WORLD_DISAGREEMENT,,1,1,0,,,1,,
PRIMARY,P2,124,1,ABSTAIN_WORLD_DISAGREEMENT,,1,1,0,,,1,,
PRIMARY,P2,125,1,ABSTAIN_WORLD_DISAGREEMENT,,1,1,0,,,1,,
PRIMARY,P2,126,1,ABSTAIN_WORLD_DISAGREEMENT,,1,1,0,,,1,,
PRIMARY,P2,127,1,ABSTAIN_WORLD_DISAGREEMENT,,1,1,0,,,1,,
PRIMARY,P3,0,1,ROBUST_ACTION,A,1,1,0,,,1,,
PRIMARY,P3,1,1,ROBUST_ACTION,A,1,1,0,,,1,,
PRIMARY,P3,2,1,ROBUST_ACTION,A,1,1,0,,,1,,
PRIMARY,P3,3,1,ROBUST_ACTION,A,1,1,0,,,1,,
PRIMARY,P3,4,1,ROBUST_ACTION,A,1,1,0,,,1,,
PRIMARY,P3,5,1,ROBUST_ACTION,A,1,1,0,,,1,,
PRIMARY,P3,6,1,ROBUST_ACTION,A,1,1,0,,,1,,
PRIMARY,P3,7,1,ROBUST_ACTION,A,1,1,0,,,1,,
PRIMARY,P3,8,1,ROBUST_ACTION,A,1,1,0,,,1,,
PRIMARY,P3,9,1,ROBUST_ACTION,A,1,1,0,,,1,,
PRIMARY,P3,10,1,ROBUST_ACTION,A,1,1,0,,,1,,
PRIMARY,P3,11,1,ROBUST_ACTION,A,1,1,0,,,1,,
PRIMARY,P3,12,1,ROBUST_ACTION,A,1,1,0,,,1,,
PRIMARY,P3,13,1,ROBUST_ACTION,A,1,1,0,,,1,,
PRIMARY,P3,14,1,ROBUST_ACTION,A,1,1,0,,,1,,
PRIMARY,P3,15,1,ROBUST_ACTION,A,1,1,0,,,1,,
PRIMARY,P3,16,1,ROBUST_ACTION,A,1,1,0,,,1,,
PRIMARY,P3,17,1,ROBUST_ACTION,A,1,1,0,,,1,,
PRIMARY,P3,18,1,ROBUST_ACTION,A,1,1,0,,,1,,
PRIMARY,P3,19,1,ROBUST_ACTION,A,1,1,0,,,1,,
PRIMARY,P3,20,1,ROBUST_ACTION,A,1,1,0,,,1,,
PRIMARY,P3,21,1,ROBUST_ACTION,A,1,1,0,,,1,,
PRIMARY,P3,22,1,ROBUST_ACTION,A,1,1,0,,,1,,
PRIMARY,P3,23,1,ROBUST_ACTION,A,1,1,0,,,1,,
PRIMARY,P3,24,1,ROBUST_ACTION,A,1,1,0,,,1,,
PRIMARY,P3,25,1,ROBUST_ACTION,A,1,1,0,,,1,,
PRIMARY,P3,26,1,ROBUST_ACTION,A,1,1,0,,,1,,
PRIMARY,P3,27,1,ROBUST_ACTION,A,1,1,0,,,1,,
PRIMARY,P3,28,1,ROBUST_ACTION,A,1,1,0,,,1,,
PRIMARY,P3,29,1,ROBUST_ACTION,A,1,1,0,,,1,,
PRIMARY,P3,30,1,ROBUST_ACTION,A,1,1,0,,,1,,
PRIMARY,P3,31,1,ROBUST_ACTION,A,1,1,0,,,1,,
PRIMARY,P3,32,1,ROBUST_ACTION,A,1,1,0,,,1,,
PRIMARY,P3,33,1,ROBUST_ACTION,A,1,1,0,,,1,,
PRIMARY,P3,34,1,ROBUST_ACTION,A,1,1,0,,,1,,
PRIMARY,P3,35,1,ROBUST_ACTION,A,1,1,0,,,1,,
PRIMARY,P3,36,1,ROBUST_ACTION,A,1,1,0,,,1,,
PRIMARY,P3,37,1,ROBUST_ACTION,A,1,1,0,,,1,,
PRIMARY,P3,38,1,ROBUST_ACTION,A,1,1,0,,,1,,
PRIMARY,P3,39,1,ROBUST_ACTION,A,1,1,0,,,1,,
PRIMARY,P3,40,1,ROBUST_ACTION,A,1,1,0,,,1,,
PRIMARY,P3,41,1,ROBUST_ACTION,A,1,1,0,,,1,,
PRIMARY,P3,42,1,ROBUST_ACTION,A,1,1,0,,,1,,
PRIMARY,P3,43,1,ROBUST_ACTION,A,1,1,0,,,1,,
PRIMARY,P3,44,1,ROBUST_ACTION,A,1,1,0,,,1,,
PRIMARY,P3,45,1,ROBUST_ACTION,A,1,1,0,,,1,,
PRIMARY,P3,46,1,ROBUST_ACTION,A,1,1,0,,,1,,
PRIMARY,P3,47,1,ROBUST_ACTION,A,1,1,0,,,1,,
PRIMARY,P3,48,1,ROBUST_ACTION,A,1,1,0,,,1,,
PRIMARY,P3,49,1,ROBUST_ACTION,A,1,1,0,,,1,,
PRIMARY,P3,50,1,ROBUST_ACTION,A,1,1,0,,,1,,
PRIMARY,P3,51,1,ROBUST_ACTION,A,1,1,0,,,1,,
PRIMARY,P3,52,1,ROBUST_ACTION,A,1,1,0,,,1,,
PRIMARY,P3,53,1,ROBUST_ACTION,A,1,1,0,,,1,,
PRIMARY,P3,54,1,ROBUST_ACTION,A,1,1,0,,,1,,
PRIMARY,P3,55,1,ROBUST_ACTION,A,1,1,0,,,1,,
PRIMARY,P3,56,1,ROBUST_ACTION,A,1,1,0,,,1,,
PRIMARY,P3,57,1,ROBUST_ACTION,A,1,1,0,,,1,,
PRIMARY,P3,58,1,ROBUST_ACTION,A,1,1,0,,,1,,
PRIMARY,P3,59,1,ROBUST_ACTION,A,1,1,0,,,1,,
PRIMARY,P3,60,1,ROBUST_ACTION,A,1,1,0,,,1,,
PRIMARY,P3,61,1,ROBUST_ACTION,A,1,1,0,,,1,,
PRIMARY,P3,62,1,ROBUST_ACTION,A,1,1,0,,,1,,
PRIMARY,P3,63,1,ROBUST_ACTION,A,1,1,0,,,1,,
PRIMARY,P3,64,1,ROBUST_ACTION,A,1,1,0,,,1,,
PRIMARY,P3,65,1,ROBUST_ACTION,A,1,1,0,,,1,,
PRIMARY,P3,66,1,ROBUST_ACTION,A,1,1,0,,,1,,
PRIMARY,P3,67,1,ROBUST_ACTION,A,1,1,0,,,1,,
PRIMARY,P3,68,1,ROBUST_ACTION,A,1,1,0,,,1,,
PRIMARY,P3,69,1,ROBUST_ACTION,A,1,1,0,,,1,,
PRIMARY,P3,70,1,ROBUST_ACTION,A,1,1,0,,,1,,
PRIMARY,P3,71,1,ROBUST_ACTION,A,1,1,0,,,1,,
PRIMARY,P3,72,1,ROBUST_ACTION,A,1,1,0,,,1,,
PRIMARY,P3,73,1,ROBUST_ACTION,A,1,1,0,,,1,,
PRIMARY,P3,74,1,ROBUST_ACTION,A,1,1,0,,,1,,
PRIMARY,P3,75,1,ROBUST_ACTION,A,1,1,0,,,1,,
PRIMARY,P3,76,1,ROBUST_ACTION,A,1,1,0,,,1,,
PRIMARY,P3,77,1,ROBUST_ACTION,A,1,1,0,,,1,,
PRIMARY,P3,78,1,ROBUST_ACTION,A,1,1,0,,,1,,
PRIMARY,P3,79,1,ROBUST_ACTION,A,1,1,0,,,1,,
PRIMARY,P3,80,1,ROBUST_ACTION,A,1,1,0,,,1,,
PRIMARY,P3,81,1,ROBUST_ACTION,A,1,1,0,,,1,,
PRIMARY,P3,82,1,ROBUST_ACTION,A,1,1,0,,,1,,
PRIMARY,P3,83,1,ROBUST_ACTION,A,1,1,0,,,1,,
PRIMARY,P3,84,1,ROBUST_ACTION,A,1,1,0,,,1,,
PRIMARY,P3,85,1,ROBUST_ACTION,A,1,1,0,,,1,,
PRIMARY,P3,86,1,ROBUST_ACTION,A,1,1,0,,,1,,
PRIMARY,P3,87,1,ROBUST_ACTION,A,1,1,0,,,1,,
PRIMARY,P3,88,1,ROBUST_ACTION,A,1,1,0,,,1,,
PRIMARY,P3,89,1,ROBUST_ACTION,A,1,1,0,,,1,,
PRIMARY,P3,90,1,ROBUST_ACTION,A,1,1,0,,,1,,
PRIMARY,P3,91,1,ROBUST_ACTION,A,1,1,0,,,1,,
PRIMARY,P3,92,1,ROBUST_ACTION,A,1,1,0,,,1,,
PRIMARY,P3,93,1,ROBUST_ACTION,A,1,1,0,,,1,,
PRIMARY,P3,94,1,ROBUST_ACTION,A,1,1,0,,,1,,
PRIMARY,P3,95,1,ROBUST_ACTION,A,1,1,0,,,1,,
PRIMARY,P3,96,1,ROBUST_ACTION,A,1,1,0,,,1,,
PRIMARY,P3,97,1,ROBUST_ACTION,A,1,1,0,,,1,,
PRIMARY,P3,98,1,ROBUST_ACTION,A,1,1,0,,,1,,
PRIMARY,P3,99,1,ROBUST_ACTION,A,1,1,0,,,1,,
PRIMARY,P3,100,1,ROBUST_ACTION,A,1,1,0,,,1,,
PRIMARY,P3,101,1,ROBUST_ACTION,A,1,1,0,,,1,,
PRIMARY,P3,102,1,ROBUST_ACTION,A,1,1,0,,,1,,
PRIMARY,P3,103,1,ROBUST_ACTION,A,1,1,0,,,1,,
PRIMARY,P3,104,1,ROBUST_ACTION,A,1,1,0,,,1,,
PRIMARY,P3,105,1,ROBUST_ACTION,A,1,1,0,,,1,,
PRIMARY,P3,106,1,ROBUST_ACTION,A,1,1,0,,,1,,
PRIMARY,P3,107,1,ROBUST_ACTION,A,1,1,0,,,1,,
PRIMARY,P3,108,1,ROBUST_ACTION,A,1,1,0,,,1,,
PRIMARY,P3,109,1,ROBUST_ACTION,A,1,1,0,,,1,,
PRIMARY,P3,110,1,ROBUST_ACTION,A,1,1,0,,,1,,
PRIMARY,P3,111,1,ROBUST_ACTION,A,1,1,0,,,1,,
PRIMARY,P3,112,1,ROBUST_ACTION,A,1,1,0,,,1,,
PRIMARY,P3,113,1,ROBUST_ACTION,A,1,1,0,,,1,,
PRIMARY,P3,114,1,ROBUST_ACTION,A,1,1,0,,,1,,
PRIMARY,P3,115,1,ROBUST_ACTION,A,1,1,0,,,1,,
PRIMARY,P3,116,1,ROBUST_ACTION,A,1,1,0,,,1,,
PRIMARY,P3,117,1,ROBUST_ACTION,A,1,1,0,,,1,,
PRIMARY,P3,118,1,ROBUST_ACTION,A,1,1,0,,,1,,
PRIMARY,P3,119,1,ROBUST_ACTION,A,1,1,0,,,1,,
PRIMARY,P3,120,1,ROBUST_ACTION,A,1,1,0,,,1,,
PRIMARY,P3,121,1,ROBUST_ACTION,A,1,1,0,,,1,,
PRIMARY,P3,122,1,ROBUST_ACTION,A,1,1,0,,,1,,
PRIMARY,P3,123,1,ROBUST_ACTION,A,1,1,0,,,1,,
PRIMARY,P3,124,1,ROBUST_ACTION,A,1,1,0,,,1,,
PRIMARY,P3,125,1,ROBUST_ACTION,A,1,1,0,,,1,,
PRIMARY,P3,126,1,ROBUST_ACTION,A,1,1,0,,,1,,
PRIMARY,P3,127,1,ROBUST_ACTION,A,1,1,0,,,1,,
PRIMARY,P4,0,1,ASSUMPTION_CONDITIONAL_PLAN,A,1,1,0,,,1,,
PRIMARY,P4,1,1,ASSUMPTION_CONDITIONAL_PLAN,A,1,1,0,,,1,,
PRIMARY,P4,2,1,ASSUMPTION_CONDITIONAL_PLAN,A,1,1,0,,,1,,
PRIMARY,P4,3,1,ASSUMPTION_CONDITIONAL_PLAN,A,1,1,0,,,1,,
PRIMARY,P4,4,1,ASSUMPTION_CONDITIONAL_PLAN,A,1,1,0,,,1,,
PRIMARY,P4,5,1,ASSUMPTION_CONDITIONAL_PLAN,A,1,1,0,,,1,,
PRIMARY,P4,6,1,ASSUMPTION_CONDITIONAL_PLAN,A,1,1,0,,,1,,
PRIMARY,P4,7,1,ASSUMPTION_CONDITIONAL_PLAN,A,1,1,0,,,1,,
PRIMARY,P4,8,1,ASSUMPTION_CONDITIONAL_PLAN,A,1,1,0,,,1,,
PRIMARY,P4,9,1,ASSUMPTION_CONDITIONAL_PLAN,A,1,1,0,,,1,,
PRIMARY,P4,10,1,ASSUMPTION_CONDITIONAL_PLAN,A,1,1,0,,,1,,
PRIMARY,P4,11,1,ASSUMPTION_CONDITIONAL_PLAN,A,1,1,0,,,1,,
PRIMARY,P4,12,1,ASSUMPTION_CONDITIONAL_PLAN,A,1,1,0,,,1,,
PRIMARY,P4,13,1,ASSUMPTION_CONDITIONAL_PLAN,A,1,1,0,,,1,,
PRIMARY,P4,14,1,ASSUMPTION_CONDITIONAL_PLAN,A,1,1,0,,,1,,
PRIMARY,P4,15,1,ASSUMPTION_CONDITIONAL_PLAN,A,1,1,0,,,1,,
PRIMARY,P4,16,1,ASSUMPTION_CONDITIONAL_PLAN,A,1,1,0,,,1,,
PRIMARY,P4,17,1,ASSUMPTION_CONDITIONAL_PLAN,A,1,1,0,,,1,,
PRIMARY,P4,18,1,ASSUMPTION_CONDITIONAL_PLAN,A,1,1,0,,,1,,
PRIMARY,P4,19,1,ASSUMPTION_CONDITIONAL_PLAN,A,1,1,0,,,1,,
PRIMARY,P4,20,1,ASSUMPTION_CONDITIONAL_PLAN,A,1,1,0,,,1,,
PRIMARY,P4,21,1,ASSUMPTION_CONDITIONAL_PLAN,A,1,1,0,,,1,,
PRIMARY,P4,22,1,ASSUMPTION_CONDITIONAL_PLAN,A,1,1,0,,,1,,
PRIMARY,P4,23,1,ASSUMPTION_CONDITIONAL_PLAN,A,1,1,0,,,1,,
PRIMARY,P4,24,1,ASSUMPTION_CONDITIONAL_PLAN,A,1,1,0,,,1,,
PRIMARY,P4,25,1,ASSUMPTION_CONDITIONAL_PLAN,A,1,1,0,,,1,,
PRIMARY,P4,26,1,ASSUMPTION_CONDITIONAL_PLAN,A,1,1,0,,,1,,
PRIMARY,P4,27,1,ASSUMPTION_CONDITIONAL_PLAN,A,1,1,0,,,1,,
PRIMARY,P4,28,1,ASSUMPTION_CONDITIONAL_PLAN,A,1,1,0,,,1,,
PRIMARY,P4,29,1,ASSUMPTION_CONDITIONAL_PLAN,A,1,1,0,,,1,,
PRIMARY,P4,30,1,ASSUMPTION_CONDITIONAL_PLAN,A,1,1,0,,,1,,
PRIMARY,P4,31,1,ASSUMPTION_CONDITIONAL_PLAN,A,1,1,0,,,1,,
PRIMARY,P4,32,1,ASSUMPTION_CONDITIONAL_PLAN,A,1,1,0,,,1,,
PRIMARY,P4,33,1,ASSUMPTION_CONDITIONAL_PLAN,A,1,1,0,,,1,,
PRIMARY,P4,34,1,ASSUMPTION_CONDITIONAL_PLAN,A,1,1,0,,,1,,
PRIMARY,P4,35,1,ASSUMPTION_CONDITIONAL_PLAN,A,1,1,0,,,1,,
PRIMARY,P4,36,1,ASSUMPTION_CONDITIONAL_PLAN,A,1,1,0,,,1,,
PRIMARY,P4,37,1,ASSUMPTION_CONDITIONAL_PLAN,A,1,1,0,,,1,,
PRIMARY,P4,38,1,ASSUMPTION_CONDITIONAL_PLAN,A,1,1,0,,,1,,
PRIMARY,P4,39,1,ASSUMPTION_CONDITIONAL_PLAN,A,1,1,0,,,1,,
PRIMARY,P4,40,1,ASSUMPTION_CONDITIONAL_PLAN,A,1,1,0,,,1,,
PRIMARY,P4,41,1,ASSUMPTION_CONDITIONAL_PLAN,A,1,1,0,,,1,,
PRIMARY,P4,42,1,ASSUMPTION_CONDITIONAL_PLAN,A,1,1,0,,,1,,
PRIMARY,P4,43,1,ASSUMPTION_CONDITIONAL_PLAN,A,1,1,0,,,1,,
PRIMARY,P4,44,1,ASSUMPTION_CONDITIONAL_PLAN,A,1,1,0,,,1,,
PRIMARY,P4,45,1,ASSUMPTION_CONDITIONAL_PLAN,A,1,1,0,,,1,,
PRIMARY,P4,46,1,ASSUMPTION_CONDITIONAL_PLAN,A,1,1,0,,,1,,
PRIMARY,P4,47,1,ASSUMPTION_CONDITIONAL_PLAN,A,1,1,0,,,1,,
PRIMARY,P4,48,1,ASSUMPTION_CONDITIONAL_PLAN,A,1,1,0,,,1,,
PRIMARY,P4,49,1,ASSUMPTION_CONDITIONAL_PLAN,A,1,1,0,,,1,,
PRIMARY,P4,50,1,ASSUMPTION_CONDITIONAL_PLAN,A,1,1,0,,,1,,
PRIMARY,P4,51,1,ASSUMPTION_CONDITIONAL_PLAN,A,1,1,0,,,1,,
PRIMARY,P4,52,1,ASSUMPTION_CONDITIONAL_PLAN,A,1,1,0,,,1,,
PRIMARY,P4,53,1,ASSUMPTION_CONDITIONAL_PLAN,A,1,1,0,,,1,,
PRIMARY,P4,54,1,ASSUMPTION_CONDITIONAL_PLAN,A,1,1,0,,,1,,
PRIMARY,P4,55,1,ASSUMPTION_CONDITIONAL_PLAN,A,1,1,0,,,1,,
PRIMARY,P4,56,1,ASSUMPTION_CONDITIONAL_PLAN,A,1,1,0,,,1,,
PRIMARY,P4,57,1,ASSUMPTION_CONDITIONAL_PLAN,A,1,1,0,,,1,,
PRIMARY,P4,58,1,ASSUMPTION_CONDITIONAL_PLAN,A,1,1,0,,,1,,
PRIMARY,P4,59,1,ASSUMPTION_CONDITIONAL_PLAN,A,1,1,0,,,1,,
PRIMARY,P4,60,1,ASSUMPTION_CONDITIONAL_PLAN,A,1,1,0,,,1,,
PRIMARY,P4,61,1,ASSUMPTION_CONDITIONAL_PLAN,A,1,1,0,,,1,,
PRIMARY,P4,62,1,ASSUMPTION_CONDITIONAL_PLAN,A,1,1,0,,,1,,
PRIMARY,P4,63,1,ASSUMPTION_CONDITIONAL_PLAN,A,1,1,0,,,1,,
PRIMARY,P4,64,1,ASSUMPTION_CONDITIONAL_PLAN,A,1,1,0,,,1,,
PRIMARY,P4,65,1,ASSUMPTION_CONDITIONAL_PLAN,A,1,1,0,,,1,,
PRIMARY,P4,66,1,ASSUMPTION_CONDITIONAL_PLAN,A,1,1,0,,,1,,
PRIMARY,P4,67,1,ASSUMPTION_CONDITIONAL_PLAN,A,1,1,0,,,1,,
PRIMARY,P4,68,1,ASSUMPTION_CONDITIONAL_PLAN,A,1,1,0,,,1,,
PRIMARY,P4,69,1,ASSUMPTION_CONDITIONAL_PLAN,A,1,1,0,,,1,,
PRIMARY,P4,70,1,ASSUMPTION_CONDITIONAL_PLAN,A,1,1,0,,,1,,
PRIMARY,P4,71,1,ASSUMPTION_CONDITIONAL_PLAN,A,1,1,0,,,1,,
PRIMARY,P4,72,1,ASSUMPTION_CONDITIONAL_PLAN,A,1,1,0,,,1,,
PRIMARY,P4,73,1,ASSUMPTION_CONDITIONAL_PLAN,A,1,1,0,,,1,,
PRIMARY,P4,74,1,ASSUMPTION_CONDITIONAL_PLAN,A,1,1,0,,,1,,
PRIMARY,P4,75,1,ASSUMPTION_CONDITIONAL_PLAN,A,1,1,0,,,1,,
PRIMARY,P4,76,1,ASSUMPTION_CONDITIONAL_PLAN,A,1,1,0,,,1,,
PRIMARY,P4,77,1,ASSUMPTION_CONDITIONAL_PLAN,A,1,1,0,,,1,,
PRIMARY,P4,78,1,ASSUMPTION_CONDITIONAL_PLAN,A,1,1,0,,,1,,
PRIMARY,P4,79,1,ASSUMPTION_CONDITIONAL_PLAN,A,1,1,0,,,1,,
PRIMARY,P4,80,1,ASSUMPTION_CONDITIONAL_PLAN,A,1,1,0,,,1,,
PRIMARY,P4,81,1,ASSUMPTION_CONDITIONAL_PLAN,A,1,1,0,,,1,,
PRIMARY,P4,82,1,ASSUMPTION_CONDITIONAL_PLAN,A,1,1,0,,,1,,
PRIMARY,P4,83,1,ASSUMPTION_CONDITIONAL_PLAN,A,1,1,0,,,1,,
PRIMARY,P4,84,1,ASSUMPTION_CONDITIONAL_PLAN,A,1,1,0,,,1,,
PRIMARY,P4,85,1,ASSUMPTION_CONDITIONAL_PLAN,A,1,1,0,,,1,,
PRIMARY,P4,86,1,ASSUMPTION_CONDITIONAL_PLAN,A,1,1,0,,,1,,
PRIMARY,P4,87,1,ASSUMPTION_CONDITIONAL_PLAN,A,1,1,0,,,1,,
PRIMARY,P4,88,1,ASSUMPTION_CONDITIONAL_PLAN,A,1,1,0,,,1,,
PRIMARY,P4,89,1,ASSUMPTION_CONDITIONAL_PLAN,A,1,1,0,,,1,,
PRIMARY,P4,90,1,ASSUMPTION_CONDITIONAL_PLAN,A,1,1,0,,,1,,
PRIMARY,P4,91,1,ASSUMPTION_CONDITIONAL_PLAN,A,1,1,0,,,1,,
PRIMARY,P4,92,1,ASSUMPTION_CONDITIONAL_PLAN,A,1,1,0,,,1,,
PRIMARY,P4,93,1,ASSUMPTION_CONDITIONAL_PLAN,A,1,1,0,,,1,,
PRIMARY,P4,94,1,ASSUMPTION_CONDITIONAL_PLAN,A,1,1,0,,,1,,
PRIMARY,P4,95,1,ASSUMPTION_CONDITIONAL_PLAN,A,1,1,0,,,1,,
PRIMARY,P4,96,1,ASSUMPTION_CONDITIONAL_PLAN,A,1,1,0,,,1,,
PRIMARY,P4,97,1,ASSUMPTION_CONDITIONAL_PLAN,A,1,1,0,,,1,,
PRIMARY,P4,98,1,ASSUMPTION_CONDITIONAL_PLAN,A,1,1,0,,,1,,
PRIMARY,P4,99,1,ASSUMPTION_CONDITIONAL_PLAN,A,1,1,0,,,1,,
PRIMARY,P4,100,1,ASSUMPTION_CONDITIONAL_PLAN,A,1,1,0,,,1,,
PRIMARY,P4,101,1,ASSUMPTION_CONDITIONAL_PLAN,A,1,1,0,,,1,,
PRIMARY,P4,102,1,ASSUMPTION_CONDITIONAL_PLAN,A,1,1,0,,,1,,
PRIMARY,P4,103,1,ASSUMPTION_CONDITIONAL_PLAN,A,1,1,0,,,1,,
PRIMARY,P4,104,1,ASSUMPTION_CONDITIONAL_PLAN,A,1,1,0,,,1,,
PRIMARY,P4,105,1,ASSUMPTION_CONDITIONAL_PLAN,A,1,1,0,,,1,,
PRIMARY,P4,106,1,ASSUMPTION_CONDITIONAL_PLAN,A,1,1,0,,,1,,
PRIMARY,P4,107,1,ASSUMPTION_CONDITIONAL_PLAN,A,1,1,0,,,1,,
PRIMARY,P4,108,1,ASSUMPTION_CONDITIONAL_PLAN,A,1,1,0,,,1,,
PRIMARY,P4,109,1,ASSUMPTION_CONDITIONAL_PLAN,A,1,1,0,,,1,,
PRIMARY,P4,110,1,ASSUMPTION_CONDITIONAL_PLAN,A,1,1,0,,,1,,
PRIMARY,P4,111,1,ASSUMPTION_CONDITIONAL_PLAN,A,1,1,0,,,1,,
PRIMARY,P4,112,1,ASSUMPTION_CONDITIONAL_PLAN,A,1,1,0,,,1,,
PRIMARY,P4,113,1,ASSUMPTION_CONDITIONAL_PLAN,A,1,1,0,,,1,,
PRIMARY,P4,114,1,ASSUMPTION_CONDITIONAL_PLAN,A,1,1,0,,,1,,
PRIMARY,P4,115,1,ASSUMPTION_CONDITIONAL_PLAN,A,1,1,0,,,1,,
PRIMARY,P4,116,1,ASSUMPTION_CONDITIONAL_PLAN,A,1,1,0,,,1,,
PRIMARY,P4,117,1,ASSUMPTION_CONDITIONAL_PLAN,A,1,1,0,,,1,,
PRIMARY,P4,118,1,ASSUMPTION_CONDITIONAL_PLAN,A,1,1,0,,,1,,
PRIMARY,P4,119,1,ASSUMPTION_CONDITIONAL_PLAN,A,1,1,0,,,1,,
PRIMARY,P4,120,1,ASSUMPTION_CONDITIONAL_PLAN,A,1,1,0,,,1,,
PRIMARY,P4,121,1,ASSUMPTION_CONDITIONAL_PLAN,A,1,1,0,,,1,,
PRIMARY,P4,122,1,ASSUMPTION_CONDITIONAL_PLAN,A,1,1,0,,,1,,
PRIMARY,P4,123,1,ASSUMPTION_CONDITIONAL_PLAN,A,1,1,0,,,1,,
PRIMARY,P4,124,1,ASSUMPTION_CONDITIONAL_PLAN,A,1,1,0,,,1,,
PRIMARY,P4,125,1,ASSUMPTION_CONDITIONAL_PLAN,A,1,1,0,,,1,,
PRIMARY,P4,126,1,ASSUMPTION_CONDITIONAL_PLAN,A,1,1,0,,,1,,
PRIMARY,P4,127,1,ASSUMPTION_CONDITIONAL_PLAN,A,1,1,0,,,1,,
PRIMARY,P5,0,1,ACQUIRE_INFORMATION,,1,1,0,,,1,ACQUIRE_EVIDENCE_BUDGET_NOT_RULED_OUT_BY_CONVERSE,20.884494750677444
PRIMARY,P5,1,1,ACQUIRE_INFORMATION,,1,1,0,,,1,ACQUIRE_EVIDENCE_BUDGET_NOT_RULED_OUT_BY_CONVERSE,20.884494750677444
PRIMARY,P5,2,1,ACQUIRE_INFORMATION,,1,1,0,,,1,ACQUIRE_EVIDENCE_BUDGET_NOT_RULED_OUT_BY_CONVERSE,20.884494750677444
PRIMARY,P5,3,1,ACQUIRE_INFORMATION,,1,1,0,,,1,ACQUIRE_EVIDENCE_BUDGET_NOT_RULED_OUT_BY_CONVERSE,20.884494750677444
PRIMARY,P5,4,1,ACQUIRE_INFORMATION,,1,1,0,,,1,ACQUIRE_EVIDENCE_BUDGET_NOT_RULED_OUT_BY_CONVERSE,20.884494750677444
PRIMARY,P5,5,1,ACQUIRE_INFORMATION,,1,1,0,,,1,ACQUIRE_EVIDENCE_BUDGET_NOT_RULED_OUT_BY_CONVERSE,20.884494750677444
PRIMARY,P5,6,1,ACQUIRE_INFORMATION,,1,1,0,,,1,ACQUIRE_EVIDENCE_BUDGET_NOT_RULED_OUT_BY_CONVERSE,20.884494750677444
PRIMARY,P5,7,1,ACQUIRE_INFORMATION,,1,1,0,,,1,ACQUIRE_EVIDENCE_BUDGET_NOT_RULED_OUT_BY_CONVERSE,20.884494750677444
PRIMARY,P5,8,1,ACQUIRE_INFORMATION,,1,1,0,,,1,ACQUIRE_EVIDENCE_BUDGET_NOT_RULED_OUT_BY_CONVERSE,20.884494750677444
PRIMARY,P5,9,1,ACQUIRE_INFORMATION,,1,1,0,,,1,ACQUIRE_EVIDENCE_BUDGET_NOT_RULED_OUT_BY_CONVERSE,20.884494750677444
PRIMARY,P5,10,1,ACQUIRE_INFORMATION,,1,1,0,,,1,ACQUIRE_EVIDENCE_BUDGET_NOT_RULED_OUT_BY_CONVERSE,20.884494750677444
PRIMARY,P5,11,1,ACQUIRE_INFORMATION,,1,1,0,,,1,ACQUIRE_EVIDENCE_BUDGET_NOT_RULED_OUT_BY_CONVERSE,20.884494750677444
PRIMARY,P5,12,1,ACQUIRE_INFORMATION,,1,1,0,,,1,ACQUIRE_EVIDENCE_BUDGET_NOT_RULED_OUT_BY_CONVERSE,20.884494750677444
PRIMARY,P5,13,1,ACQUIRE_INFORMATION,,1,1,0,,,1,ACQUIRE_EVIDENCE_BUDGET_NOT_RULED_OUT_BY_CONVERSE,20.884494750677444
PRIMARY,P5,14,1,ACQUIRE_INFORMATION,,1,1,0,,,1,ACQUIRE_EVIDENCE_BUDGET_NOT_RULED_OUT_BY_CONVERSE,20.884494750677444
PRIMARY,P5,15,1,ACQUIRE_INFORMATION,,1,1,0,,,1,ACQUIRE_EVIDENCE_BUDGET_NOT_RULED_OUT_BY_CONVERSE,20.884494750677444
PRIMARY,P5,16,1,ACQUIRE_INFORMATION,,1,1,0,,,1,ACQUIRE_EVIDENCE_BUDGET_NOT_RULED_OUT_BY_CONVERSE,20.884494750677444
PRIMARY,P5,17,1,ACQUIRE_INFORMATION,,1,1,0,,,1,ACQUIRE_EVIDENCE_BUDGET_NOT_RULED_OUT_BY_CONVERSE,20.884494750677444
PRIMARY,P5,18,1,ACQUIRE_INFORMATION,,1,1,0,,,1,ACQUIRE_EVIDENCE_BUDGET_NOT_RULED_OUT_BY_CONVERSE,20.884494750677444
PRIMARY,P5,19,1,ACQUIRE_INFORMATION,,1,1,0,,,1,ACQUIRE_EVIDENCE_BUDGET_NOT_RULED_OUT_BY_CONVERSE,20.884494750677444
PRIMARY,P5,20,1,ACQUIRE_INFORMATION,,1,1,0,,,1,ACQUIRE_EVIDENCE_BUDGET_NOT_RULED_OUT_BY_CONVERSE,20.884494750677444
PRIMARY,P5,21,1,ACQUIRE_INFORMATION,,1,1,0,,,1,ACQUIRE_EVIDENCE_BUDGET_NOT_RULED_OUT_BY_CONVERSE,20.884494750677444
PRIMARY,P5,22,1,ACQUIRE_INFORMATION,,1,1,0,,,1,ACQUIRE_EVIDENCE_BUDGET_NOT_RULED_OUT_BY_CONVERSE,20.884494750677444
PRIMARY,P5,23,1,ACQUIRE_INFORMATION,,1,1,0,,,1,ACQUIRE_EVIDENCE_BUDGET_NOT_RULED_OUT_BY_CONVERSE,20.884494750677444
PRIMARY,P5,24,1,ACQUIRE_INFORMATION,,1,1,0,,,1,ACQUIRE_EVIDENCE_BUDGET_NOT_RULED_OUT_BY_CONVERSE,20.884494750677444
PRIMARY,P5,25,1,ACQUIRE_INFORMATION,,1,1,0,,,1,ACQUIRE_EVIDENCE_BUDGET_NOT_RULED_OUT_BY_CONVERSE,20.884494750677444
PRIMARY,P5,26,1,ACQUIRE_INFORMATION,,1,1,0,,,1,ACQUIRE_EVIDENCE_BUDGET_NOT_RULED_OUT_BY_CONVERSE,20.884494750677444
PRIMARY,P5,27,1,ACQUIRE_INFORMATION,,1,1,0,,,1,ACQUIRE_EVIDENCE_BUDGET_NOT_RULED_OUT_BY_CONVERSE,20.884494750677444
PRIMARY,P5,28,1,ACQUIRE_INFORMATION,,1,1,0,,,1,ACQUIRE_EVIDENCE_BUDGET_NOT_RULED_OUT_BY_CONVERSE,20.884494750677444
PRIMARY,P5,29,1,ACQUIRE_INFORMATION,,1,1,0,,,1,ACQUIRE_EVIDENCE_BUDGET_NOT_RULED_OUT_BY_CONVERSE,20.884494750677444
PRIMARY,P5,30,1,ACQUIRE_INFORMATION,,1,1,0,,,1,ACQUIRE_EVIDENCE_BUDGET_NOT_RULED_OUT_BY_CONVERSE,20.884494750677444
PRIMARY,P5,31,1,ACQUIRE_INFORMATION,,1,1,0,,,1,ACQUIRE_EVIDENCE_BUDGET_NOT_RULED_OUT_BY_CONVERSE,20.884494750677444
PRIMARY,P5,32,1,ACQUIRE_INFORMATION,,1,1,0,,,1,ACQUIRE_EVIDENCE_BUDGET_NOT_RULED_OUT_BY_CONVERSE,20.884494750677444
PRIMARY,P5,33,1,ACQUIRE_INFORMATION,,1,1,0,,,1,ACQUIRE_EVIDENCE_BUDGET_NOT_RULED_OUT_BY_CONVERSE,20.884494750677444
PRIMARY,P5,34,1,ACQUIRE_INFORMATION,,1,1,0,,,1,ACQUIRE_EVIDENCE_BUDGET_NOT_RULED_OUT_BY_CONVERSE,20.884494750677444
PRIMARY,P5,35,1,ACQUIRE_INFORMATION,,1,1,0,,,1,ACQUIRE_EVIDENCE_BUDGET_NOT_RULED_OUT_BY_CONVERSE,20.884494750677444
PRIMARY,P5,36,1,ACQUIRE_INFORMATION,,1,1,0,,,1,ACQUIRE_EVIDENCE_BUDGET_NOT_RULED_OUT_BY_CONVERSE,20.884494750677444
PRIMARY,P5,37,1,ACQUIRE_INFORMATION,,1,1,0,,,1,ACQUIRE_EVIDENCE_BUDGET_NOT_RULED_OUT_BY_CONVERSE,20.884494750677444
PRIMARY,P5,38,1,ACQUIRE_INFORMATION,,1,1,0,,,1,ACQUIRE_EVIDENCE_BUDGET_NOT_RULED_OUT_BY_CONVERSE,20.884494750677444
PRIMARY,P5,39,1,ACQUIRE_INFORMATION,,1,1,0,,,1,ACQUIRE_EVIDENCE_BUDGET_NOT_RULED_OUT_BY_CONVERSE,20.884494750677444
PRIMARY,P5,40,1,ACQUIRE_INFORMATION,,1,1,0,,,1,ACQUIRE_EVIDENCE_BUDGET_NOT_RULED_OUT_BY_CONVERSE,20.884494750677444
PRIMARY,P5,41,1,ACQUIRE_INFORMATION,,1,1,0,,,1,ACQUIRE_EVIDENCE_BUDGET_NOT_RULED_OUT_BY_CONVERSE,20.884494750677444
PRIMARY,P5,42,1,ACQUIRE_INFORMATION,,1,1,0,,,1,ACQUIRE_EVIDENCE_BUDGET_NOT_RULED_OUT_BY_CONVERSE,20.884494750677444
PRIMARY,P5,43,1,ACQUIRE_INFORMATION,,1,1,0,,,1,ACQUIRE_EVIDENCE_BUDGET_NOT_RULED_OUT_BY_CONVERSE,20.884494750677444
PRIMARY,P5,44,1,ACQUIRE_INFORMATION,,1,1,0,,,1,ACQUIRE_EVIDENCE_BUDGET_NOT_RULED_OUT_BY_CONVERSE,20.884494750677444
PRIMARY,P5,45,1,ACQUIRE_INFORMATION,,1,1,0,,,1,ACQUIRE_EVIDENCE_BUDGET_NOT_RULED_OUT_BY_CONVERSE,20.884494750677444
PRIMARY,P5,46,1,ACQUIRE_INFORMATION,,1,1,0,,,1,ACQUIRE_EVIDENCE_BUDGET_NOT_RULED_OUT_BY_CONVERSE,20.884494750677444
PRIMARY,P5,47,1,ACQUIRE_INFORMATION,,1,1,0,,,1,ACQUIRE_EVIDENCE_BUDGET_NOT_RULED_OUT_BY_CONVERSE,20.884494750677444
PRIMARY,P5,48,1,ACQUIRE_INFORMATION,,1,1,0,,,1,ACQUIRE_EVIDENCE_BUDGET_NOT_RULED_OUT_BY_CONVERSE,20.884494750677444
PRIMARY,P5,49,1,ACQUIRE_INFORMATION,,1,1,0,,,1,ACQUIRE_EVIDENCE_BUDGET_NOT_RULED_OUT_BY_CONVERSE,20.884494750677444
PRIMARY,P5,50,1,ACQUIRE_INFORMATION,,1,1,0,,,1,ACQUIRE_EVIDENCE_BUDGET_NOT_RULED_OUT_BY_CONVERSE,20.884494750677444
PRIMARY,P5,51,1,ACQUIRE_INFORMATION,,1,1,0,,,1,ACQUIRE_EVIDENCE_BUDGET_NOT_RULED_OUT_BY_CONVERSE,20.884494750677444
PRIMARY,P5,52,1,ACQUIRE_INFORMATION,,1,1,0,,,1,ACQUIRE_EVIDENCE_BUDGET_NOT_RULED_OUT_BY_CONVERSE,20.884494750677444
PRIMARY,P5,53,1,ACQUIRE_INFORMATION,,1,1,0,,,1,ACQUIRE_EVIDENCE_BUDGET_NOT_RULED_OUT_BY_CONVERSE,20.884494750677444
PRIMARY,P5,54,1,ACQUIRE_INFORMATION,,1,1,0,,,1,ACQUIRE_EVIDENCE_BUDGET_NOT_RULED_OUT_BY_CONVERSE,20.884494750677444
PRIMARY,P5,55,1,ACQUIRE_INFORMATION,,1,1,0,,,1,ACQUIRE_EVIDENCE_BUDGET_NOT_RULED_OUT_BY_CONVERSE,20.884494750677444
PRIMARY,P5,56,1,ACQUIRE_INFORMATION,,1,1,0,,,1,ACQUIRE_EVIDENCE_BUDGET_NOT_RULED_OUT_BY_CONVERSE,20.884494750677444
PRIMARY,P5,57,1,ACQUIRE_INFORMATION,,1,1,0,,,1,ACQUIRE_EVIDENCE_BUDGET_NOT_RULED_OUT_BY_CONVERSE,20.884494750677444
PRIMARY,P5,58,1,ACQUIRE_INFORMATION,,1,1,0,,,1,ACQUIRE_EVIDENCE_BUDGET_NOT_RULED_OUT_BY_CONVERSE,20.884494750677444
PRIMARY,P5,59,1,ACQUIRE_INFORMATION,,1,1,0,,,1,ACQUIRE_EVIDENCE_BUDGET_NOT_RULED_OUT_BY_CONVERSE,20.884494750677444
PRIMARY,P5,60,1,ACQUIRE_INFORMATION,,1,1,0,,,1,ACQUIRE_EVIDENCE_BUDGET_NOT_RULED_OUT_BY_CONVERSE,20.884494750677444
PRIMARY,P5,61,1,ACQUIRE_INFORMATION,,1,1,0,,,1,ACQUIRE_EVIDENCE_BUDGET_NOT_RULED_OUT_BY_CONVERSE,20.884494750677444
PRIMARY,P5,62,1,ACQUIRE_INFORMATION,,1,1,0,,,1,ACQUIRE_EVIDENCE_BUDGET_NOT_RULED_OUT_BY_CONVERSE,20.884494750677444
PRIMARY,P5,63,1,ACQUIRE_INFORMATION,,1,1,0,,,1,ACQUIRE_EVIDENCE_BUDGET_NOT_RULED_OUT_BY_CONVERSE,20.884494750677444
PRIMARY,P5,64,1,ACQUIRE_INFORMATION,,1,1,0,,,1,ACQUIRE_EVIDENCE_BUDGET_NOT_RULED_OUT_BY_CONVERSE,20.884494750677444
PRIMARY,P5,65,1,ACQUIRE_INFORMATION,,1,1,0,,,1,ACQUIRE_EVIDENCE_BUDGET_NOT_RULED_OUT_BY_CONVERSE,20.884494750677444
PRIMARY,P5,66,1,ACQUIRE_INFORMATION,,1,1,0,,,1,ACQUIRE_EVIDENCE_BUDGET_NOT_RULED_OUT_BY_CONVERSE,20.884494750677444
PRIMARY,P5,67,1,ACQUIRE_INFORMATION,,1,1,0,,,1,ACQUIRE_EVIDENCE_BUDGET_NOT_RULED_OUT_BY_CONVERSE,20.884494750677444
PRIMARY,P5,68,1,ACQUIRE_INFORMATION,,1,1,0,,,1,ACQUIRE_EVIDENCE_BUDGET_NOT_RULED_OUT_BY_CONVERSE,20.884494750677444
PRIMARY,P5,69,1,ACQUIRE_INFORMATION,,1,1,0,,,1,ACQUIRE_EVIDENCE_BUDGET_NOT_RULED_OUT_BY_CONVERSE,20.884494750677444
PRIMARY,P5,70,1,ACQUIRE_INFORMATION,,1,1,0,,,1,ACQUIRE_EVIDENCE_BUDGET_NOT_RULED_OUT_BY_CONVERSE,20.884494750677444
PRIMARY,P5,71,1,ACQUIRE_INFORMATION,,1,1,0,,,1,ACQUIRE_EVIDENCE_BUDGET_NOT_RULED_OUT_BY_CONVERSE,20.884494750677444
PRIMARY,P5,72,1,ACQUIRE_INFORMATION,,1,1,0,,,1,ACQUIRE_EVIDENCE_BUDGET_NOT_RULED_OUT_BY_CONVERSE,20.884494750677444
PRIMARY,P5,73,1,ACQUIRE_INFORMATION,,1,1,0,,,1,ACQUIRE_EVIDENCE_BUDGET_NOT_RULED_OUT_BY_CONVERSE,20.884494750677444
PRIMARY,P5,74,1,ACQUIRE_INFORMATION,,1,1,0,,,1,ACQUIRE_EVIDENCE_BUDGET_NOT_RULED_OUT_BY_CONVERSE,20.884494750677444
PRIMARY,P5,75,1,ACQUIRE_INFORMATION,,1,1,0,,,1,ACQUIRE_EVIDENCE_BUDGET_NOT_RULED_OUT_BY_CONVERSE,20.884494750677444
PRIMARY,P5,76,1,ACQUIRE_INFORMATION,,1,1,0,,,1,ACQUIRE_EVIDENCE_BUDGET_NOT_RULED_OUT_BY_CONVERSE,20.884494750677444
PRIMARY,P5,77,1,ACQUIRE_INFORMATION,,1,1,0,,,1,ACQUIRE_EVIDENCE_BUDGET_NOT_RULED_OUT_BY_CONVERSE,20.884494750677444
PRIMARY,P5,78,1,ACQUIRE_INFORMATION,,1,1,0,,,1,ACQUIRE_EVIDENCE_BUDGET_NOT_RULED_OUT_BY_CONVERSE,20.884494750677444
PRIMARY,P5,79,1,ACQUIRE_INFORMATION,,1,1,0,,,1,ACQUIRE_EVIDENCE_BUDGET_NOT_RULED_OUT_BY_CONVERSE,20.884494750677444
PRIMARY,P5,80,1,ACQUIRE_INFORMATION,,1,1,0,,,1,ACQUIRE_EVIDENCE_BUDGET_NOT_RULED_OUT_BY_CONVERSE,20.884494750677444
PRIMARY,P5,81,1,ACQUIRE_INFORMATION,,1,1,0,,,1,ACQUIRE_EVIDENCE_BUDGET_NOT_RULED_OUT_BY_CONVERSE,20.884494750677444
PRIMARY,P5,82,1,ACQUIRE_INFORMATION,,1,1,0,,,1,ACQUIRE_EVIDENCE_BUDGET_NOT_RULED_OUT_BY_CONVERSE,20.884494750677444
PRIMARY,P5,83,1,ACQUIRE_INFORMATION,,1,1,0,,,1,ACQUIRE_EVIDENCE_BUDGET_NOT_RULED_OUT_BY_CONVERSE,20.884494750677444
PRIMARY,P5,84,1,ACQUIRE_INFORMATION,,1,1,0,,,1,ACQUIRE_EVIDENCE_BUDGET_NOT_RULED_OUT_BY_CONVERSE,20.884494750677444
PRIMARY,P5,85,1,ACQUIRE_INFORMATION,,1,1,0,,,1,ACQUIRE_EVIDENCE_BUDGET_NOT_RULED_OUT_BY_CONVERSE,20.884494750677444
PRIMARY,P5,86,1,ACQUIRE_INFORMATION,,1,1,0,,,1,ACQUIRE_EVIDENCE_BUDGET_NOT_RULED_OUT_BY_CONVERSE,20.884494750677444
PRIMARY,P5,87,1,ACQUIRE_INFORMATION,,1,1,0,,,1,ACQUIRE_EVIDENCE_BUDGET_NOT_RULED_OUT_BY_CONVERSE,20.884494750677444
PRIMARY,P5,88,1,ACQUIRE_INFORMATION,,1,1,0,,,1,ACQUIRE_EVIDENCE_BUDGET_NOT_RULED_OUT_BY_CONVERSE,20.884494750677444
PRIMARY,P5,89,1,ACQUIRE_INFORMATION,,1,1,0,,,1,ACQUIRE_EVIDENCE_BUDGET_NOT_RULED_OUT_BY_CONVERSE,20.884494750677444
PRIMARY,P5,90,1,ACQUIRE_INFORMATION,,1,1,0,,,1,ACQUIRE_EVIDENCE_BUDGET_NOT_RULED_OUT_BY_CONVERSE,20.884494750677444
PRIMARY,P5,91,1,ACQUIRE_INFORMATION,,1,1,0,,,1,ACQUIRE_EVIDENCE_BUDGET_NOT_RULED_OUT_BY_CONVERSE,20.884494750677444
PRIMARY,P5,92,1,ACQUIRE_INFORMATION,,1,1,0,,,1,ACQUIRE_EVIDENCE_BUDGET_NOT_RULED_OUT_BY_CONVERSE,20.884494750677444
PRIMARY,P5,93,1,ACQUIRE_INFORMATION,,1,1,0,,,1,ACQUIRE_EVIDENCE_BUDGET_NOT_RULED_OUT_BY_CONVERSE,20.884494750677444
PRIMARY,P5,94,1,ACQUIRE_INFORMATION,,1,1,0,,,1,ACQUIRE_EVIDENCE_BUDGET_NOT_RULED_OUT_BY_CONVERSE,20.884494750677444
PRIMARY,P5,95,1,ACQUIRE_INFORMATION,,1,1,0,,,1,ACQUIRE_EVIDENCE_BUDGET_NOT_RULED_OUT_BY_CONVERSE,20.884494750677444
PRIMARY,P5,96,1,ACQUIRE_INFORMATION,,1,1,0,,,1,ACQUIRE_EVIDENCE_BUDGET_NOT_RULED_OUT_BY_CONVERSE,20.884494750677444
PRIMARY,P5,97,1,ACQUIRE_INFORMATION,,1,1,0,,,1,ACQUIRE_EVIDENCE_BUDGET_NOT_RULED_OUT_BY_CONVERSE,20.884494750677444
PRIMARY,P5,98,1,ACQUIRE_INFORMATION,,1,1,0,,,1,ACQUIRE_EVIDENCE_BUDGET_NOT_RULED_OUT_BY_CONVERSE,20.884494750677444
PRIMARY,P5,99,1,ACQUIRE_INFORMATION,,1,1,0,,,1,ACQUIRE_EVIDENCE_BUDGET_NOT_RULED_OUT_BY_CONVERSE,20.884494750677444
PRIMARY,P5,100,1,ACQUIRE_INFORMATION,,1,1,0,,,1,ACQUIRE_EVIDENCE_BUDGET_NOT_RULED_OUT_BY_CONVERSE,20.884494750677444
PRIMARY,P5,101,1,ACQUIRE_INFORMATION,,1,1,0,,,1,ACQUIRE_EVIDENCE_BUDGET_NOT_RULED_OUT_BY_CONVERSE,20.884494750677444
PRIMARY,P5,102,1,ACQUIRE_INFORMATION,,1,1,0,,,1,ACQUIRE_EVIDENCE_BUDGET_NOT_RULED_OUT_BY_CONVERSE,20.884494750677444
PRIMARY,P5,103,1,ACQUIRE_INFORMATION,,1,1,0,,,1,ACQUIRE_EVIDENCE_BUDGET_NOT_RULED_OUT_BY_CONVERSE,20.884494750677444
PRIMARY,P5,104,1,ACQUIRE_INFORMATION,,1,1,0,,,1,ACQUIRE_EVIDENCE_BUDGET_NOT_RULED_OUT_BY_CONVERSE,20.884494750677444
PRIMARY,P5,105,1,ACQUIRE_INFORMATION,,1,1,0,,,1,ACQUIRE_EVIDENCE_BUDGET_NOT_RULED_OUT_BY_CONVERSE,20.884494750677444
PRIMARY,P5,106,1,ACQUIRE_INFORMATION,,1,1,0,,,1,ACQUIRE_EVIDENCE_BUDGET_NOT_RULED_OUT_BY_CONVERSE,20.884494750677444
PRIMARY,P5,107,1,ACQUIRE_INFORMATION,,1,1,0,,,1,ACQUIRE_EVIDENCE_BUDGET_NOT_RULED_OUT_BY_CONVERSE,20.884494750677444
PRIMARY,P5,108,1,ACQUIRE_INFORMATION,,1,1,0,,,1,ACQUIRE_EVIDENCE_BUDGET_NOT_RULED_OUT_BY_CONVERSE,20.884494750677444
PRIMARY,P5,109,1,ACQUIRE_INFORMATION,,1,1,0,,,1,ACQUIRE_EVIDENCE_BUDGET_NOT_RULED_OUT_BY_CONVERSE,20.884494750677444
PRIMARY,P5,110,1,ACQUIRE_INFORMATION,,1,1,0,,,1,ACQUIRE_EVIDENCE_BUDGET_NOT_RULED_OUT_BY_CONVERSE,20.884494750677444
PRIMARY,P5,111,1,ACQUIRE_INFORMATION,,1,1,0,,,1,ACQUIRE_EVIDENCE_BUDGET_NOT_RULED_OUT_BY_CONVERSE,20.884494750677444
PRIMARY,P5,112,1,ACQUIRE_INFORMATION,,1,1,0,,,1,ACQUIRE_EVIDENCE_BUDGET_NOT_RULED_OUT_BY_CONVERSE,20.884494750677444
PRIMARY,P5,113,1,ACQUIRE_INFORMATION,,1,1,0,,,1,ACQUIRE_EVIDENCE_BUDGET_NOT_RULED_OUT_BY_CONVERSE,20.884494750677444
PRIMARY,P5,114,1,ACQUIRE_INFORMATION,,1,1,0,,,1,ACQUIRE_EVIDENCE_BUDGET_NOT_RULED_OUT_BY_CONVERSE,20.884494750677444
PRIMARY,P5,115,1,ACQUIRE_INFORMATION,,1,1,0,,,1,ACQUIRE_EVIDENCE_BUDGET_NOT_RULED_OUT_BY_CONVERSE,20.884494750677444
PRIMARY,P5,116,1,ACQUIRE_INFORMATION,,1,1,0,,,1,ACQUIRE_EVIDENCE_BUDGET_NOT_RULED_OUT_BY_CONVERSE,20.884494750677444
PRIMARY,P5,117,1,ACQUIRE_INFORMATION,,1,1,0,,,1,ACQUIRE_EVIDENCE_BUDGET_NOT_RULED_OUT_BY_CONVERSE,20.884494750677444
PRIMARY,P5,118,1,ACQUIRE_INFORMATION,,1,1,0,,,1,ACQUIRE_EVIDENCE_BUDGET_NOT_RULED_OUT_BY_CONVERSE,20.884494750677444
PRIMARY,P5,119,1,ACQUIRE_INFORMATION,,1,1,0,,,1,ACQUIRE_EVIDENCE_BUDGET_NOT_RULED_OUT_BY_CONVERSE,20.884494750677444
PRIMARY,P5,120,1,ACQUIRE_INFORMATION,,1,1,0,,,1,ACQUIRE_EVIDENCE_BUDGET_NOT_RULED_OUT_BY_CONVERSE,20.884494750677444
PRIMARY,P5,121,1,ACQUIRE_INFORMATION,,1,1,0,,,1,ACQUIRE_EVIDENCE_BUDGET_NOT_RULED_OUT_BY_CONVERSE,20.884494750677444
PRIMARY,P5,122,1,ACQUIRE_INFORMATION,,1,1,0,,,1,ACQUIRE_EVIDENCE_BUDGET_NOT_RULED_OUT_BY_CONVERSE,20.884494750677444
PRIMARY,P5,123,1,ACQUIRE_INFORMATION,,1,1,0,,,1,ACQUIRE_EVIDENCE_BUDGET_NOT_RULED_OUT_BY_CONVERSE,20.884494750677444
PRIMARY,P5,124,1,ACQUIRE_INFORMATION,,1,1,0,,,1,ACQUIRE_EVIDENCE_BUDGET_NOT_RULED_OUT_BY_CONVERSE,20.884494750677444
PRIMARY,P5,125,1,ACQUIRE_INFORMATION,,1,1,0,,,1,ACQUIRE_EVIDENCE_BUDGET_NOT_RULED_OUT_BY_CONVERSE,20.884494750677444
PRIMARY,P5,126,1,ACQUIRE_INFORMATION,,1,1,0,,,1,ACQUIRE_EVIDENCE_BUDGET_NOT_RULED_OUT_BY_CONVERSE,20.884494750677444
PRIMARY,P5,127,1,ACQUIRE_INFORMATION,,1,1,0,,,1,ACQUIRE_EVIDENCE_BUDGET_NOT_RULED_OUT_BY_CONVERSE,20.884494750677444
PRIMARY,P6,0,1,ABSTAIN_WORLD_DISAGREEMENT,,1,1,0,,,1,INSUFFICIENT_INFORMATION_BUDGET,20.884494750677444
PRIMARY,P6,1,1,ABSTAIN_WORLD_DISAGREEMENT,,1,1,0,,,1,INSUFFICIENT_INFORMATION_BUDGET,20.884494750677444
PRIMARY,P6,2,1,ABSTAIN_WORLD_DISAGREEMENT,,1,1,0,,,1,INSUFFICIENT_INFORMATION_BUDGET,20.884494750677444
PRIMARY,P6,3,1,ABSTAIN_WORLD_DISAGREEMENT,,1,1,0,,,1,INSUFFICIENT_INFORMATION_BUDGET,20.884494750677444
PRIMARY,P6,4,1,ABSTAIN_WORLD_DISAGREEMENT,,1,1,0,,,1,INSUFFICIENT_INFORMATION_BUDGET,20.884494750677444
PRIMARY,P6,5,1,ABSTAIN_WORLD_DISAGREEMENT,,1,1,0,,,1,INSUFFICIENT_INFORMATION_BUDGET,20.884494750677444
PRIMARY,P6,6,1,ABSTAIN_WORLD_DISAGREEMENT,,1,1,0,,,1,INSUFFICIENT_INFORMATION_BUDGET,20.884494750677444
PRIMARY,P6,7,1,ABSTAIN_WORLD_DISAGREEMENT,,1,1,0,,,1,INSUFFICIENT_INFORMATION_BUDGET,20.884494750677444
PRIMARY,P6,8,1,ABSTAIN_WORLD_DISAGREEMENT,,1,1,0,,,1,INSUFFICIENT_INFORMATION_BUDGET,20.884494750677444
PRIMARY,P6,9,1,ABSTAIN_WORLD_DISAGREEMENT,,1,1,0,,,1,INSUFFICIENT_INFORMATION_BUDGET,20.884494750677444
PRIMARY,P6,10,1,ABSTAIN_WORLD_DISAGREEMENT,,1,1,0,,,1,INSUFFICIENT_INFORMATION_BUDGET,20.884494750677444
PRIMARY,P6,11,1,ABSTAIN_WORLD_DISAGREEMENT,,1,1,0,,,1,INSUFFICIENT_INFORMATION_BUDGET,20.884494750677444
PRIMARY,P6,12,1,ABSTAIN_WORLD_DISAGREEMENT,,1,1,0,,,1,INSUFFICIENT_INFORMATION_BUDGET,20.884494750677444
PRIMARY,P6,13,1,ABSTAIN_WORLD_DISAGREEMENT,,1,1,0,,,1,INSUFFICIENT_INFORMATION_BUDGET,20.884494750677444
PRIMARY,P6,14,1,ABSTAIN_WORLD_DISAGREEMENT,,1,1,0,,,1,INSUFFICIENT_INFORMATION_BUDGET,20.884494750677444
PRIMARY,P6,15,1,ABSTAIN_WORLD_DISAGREEMENT,,1,1,0,,,1,INSUFFICIENT_INFORMATION_BUDGET,20.884494750677444
PRIMARY,P6,16,1,ABSTAIN_WORLD_DISAGREEMENT,,1,1,0,,,1,INSUFFICIENT_INFORMATION_BUDGET,20.884494750677444
PRIMARY,P6,17,1,ABSTAIN_WORLD_DISAGREEMENT,,1,1,0,,,1,INSUFFICIENT_INFORMATION_BUDGET,20.884494750677444
PRIMARY,P6,18,1,ABSTAIN_WORLD_DISAGREEMENT,,1,1,0,,,1,INSUFFICIENT_INFORMATION_BUDGET,20.884494750677444
PRIMARY,P6,19,1,ABSTAIN_WORLD_DISAGREEMENT,,1,1,0,,,1,INSUFFICIENT_INFORMATION_BUDGET,20.884494750677444
PRIMARY,P6,20,1,ABSTAIN_WORLD_DISAGREEMENT,,1,1,0,,,1,INSUFFICIENT_INFORMATION_BUDGET,20.884494750677444
PRIMARY,P6,21,1,ABSTAIN_WORLD_DISAGREEMENT,,1,1,0,,,1,INSUFFICIENT_INFORMATION_BUDGET,20.884494750677444
PRIMARY,P6,22,1,ABSTAIN_WORLD_DISAGREEMENT,,1,1,0,,,1,INSUFFICIENT_INFORMATION_BUDGET,20.884494750677444
PRIMARY,P6,23,1,ABSTAIN_WORLD_DISAGREEMENT,,1,1,0,,,1,INSUFFICIENT_INFORMATION_BUDGET,20.884494750677444
PRIMARY,P6,24,1,ABSTAIN_WORLD_DISAGREEMENT,,1,1,0,,,1,INSUFFICIENT_INFORMATION_BUDGET,20.884494750677444
PRIMARY,P6,25,1,ABSTAIN_WORLD_DISAGREEMENT,,1,1,0,,,1,INSUFFICIENT_INFORMATION_BUDGET,20.884494750677444
PRIMARY,P6,26,1,ABSTAIN_WORLD_DISAGREEMENT,,1,1,0,,,1,INSUFFICIENT_INFORMATION_BUDGET,20.884494750677444
PRIMARY,P6,27,1,ABSTAIN_WORLD_DISAGREEMENT,,1,1,0,,,1,INSUFFICIENT_INFORMATION_BUDGET,20.884494750677444
PRIMARY,P6,28,1,ABSTAIN_WORLD_DISAGREEMENT,,1,1,0,,,1,INSUFFICIENT_INFORMATION_BUDGET,20.884494750677444
PRIMARY,P6,29,1,ABSTAIN_WORLD_DISAGREEMENT,,1,1,0,,,1,INSUFFICIENT_INFORMATION_BUDGET,20.884494750677444
PRIMARY,P6,30,1,ABSTAIN_WORLD_DISAGREEMENT,,1,1,0,,,1,INSUFFICIENT_INFORMATION_BUDGET,20.884494750677444
PRIMARY,P6,31,1,ABSTAIN_WORLD_DISAGREEMENT,,1,1,0,,,1,INSUFFICIENT_INFORMATION_BUDGET,20.884494750677444
PRIMARY,P6,32,1,ABSTAIN_WORLD_DISAGREEMENT,,1,1,0,,,1,INSUFFICIENT_INFORMATION_BUDGET,20.884494750677444
PRIMARY,P6,33,1,ABSTAIN_WORLD_DISAGREEMENT,,1,1,0,,,1,INSUFFICIENT_INFORMATION_BUDGET,20.884494750677444
PRIMARY,P6,34,1,ABSTAIN_WORLD_DISAGREEMENT,,1,1,0,,,1,INSUFFICIENT_INFORMATION_BUDGET,20.884494750677444
PRIMARY,P6,35,1,ABSTAIN_WORLD_DISAGREEMENT,,1,1,0,,,1,INSUFFICIENT_INFORMATION_BUDGET,20.884494750677444
PRIMARY,P6,36,1,ABSTAIN_WORLD_DISAGREEMENT,,1,1,0,,,1,INSUFFICIENT_INFORMATION_BUDGET,20.884494750677444
PRIMARY,P6,37,1,ABSTAIN_WORLD_DISAGREEMENT,,1,1,0,,,1,INSUFFICIENT_INFORMATION_BUDGET,20.884494750677444
PRIMARY,P6,38,1,ABSTAIN_WORLD_DISAGREEMENT,,1,1,0,,,1,INSUFFICIENT_INFORMATION_BUDGET,20.884494750677444
PRIMARY,P6,39,1,ABSTAIN_WORLD_DISAGREEMENT,,1,1,0,,,1,INSUFFICIENT_INFORMATION_BUDGET,20.884494750677444
PRIMARY,P6,40,1,ABSTAIN_WORLD_DISAGREEMENT,,1,1,0,,,1,INSUFFICIENT_INFORMATION_BUDGET,20.884494750677444
PRIMARY,P6,41,1,ABSTAIN_WORLD_DISAGREEMENT,,1,1,0,,,1,INSUFFICIENT_INFORMATION_BUDGET,20.884494750677444
PRIMARY,P6,42,1,ABSTAIN_WORLD_DISAGREEMENT,,1,1,0,,,1,INSUFFICIENT_INFORMATION_BUDGET,20.884494750677444
PRIMARY,P6,43,1,ABSTAIN_WORLD_DISAGREEMENT,,1,1,0,,,1,INSUFFICIENT_INFORMATION_BUDGET,20.884494750677444
PRIMARY,P6,44,1,ABSTAIN_WORLD_DISAGREEMENT,,1,1,0,,,1,INSUFFICIENT_INFORMATION_BUDGET,20.884494750677444
PRIMARY,P6,45,1,ABSTAIN_WORLD_DISAGREEMENT,,1,1,0,,,1,INSUFFICIENT_INFORMATION_BUDGET,20.884494750677444
PRIMARY,P6,46,1,ABSTAIN_WORLD_DISAGREEMENT,,1,1,0,,,1,INSUFFICIENT_INFORMATION_BUDGET,20.884494750677444
PRIMARY,P6,47,1,ABSTAIN_WORLD_DISAGREEMENT,,1,1,0,,,1,INSUFFICIENT_INFORMATION_BUDGET,20.884494750677444
PRIMARY,P6,48,1,ABSTAIN_WORLD_DISAGREEMENT,,1,1,0,,,1,INSUFFICIENT_INFORMATION_BUDGET,20.884494750677444
PRIMARY,P6,49,1,ABSTAIN_WORLD_DISAGREEMENT,,1,1,0,,,1,INSUFFICIENT_INFORMATION_BUDGET,20.884494750677444
PRIMARY,P6,50,1,ABSTAIN_WORLD_DISAGREEMENT,,1,1,0,,,1,INSUFFICIENT_INFORMATION_BUDGET,20.884494750677444
PRIMARY,P6,51,1,ABSTAIN_WORLD_DISAGREEMENT,,1,1,0,,,1,INSUFFICIENT_INFORMATION_BUDGET,20.884494750677444
PRIMARY,P6,52,1,ABSTAIN_WORLD_DISAGREEMENT,,1,1,0,,,1,INSUFFICIENT_INFORMATION_BUDGET,20.884494750677444
PRIMARY,P6,53,1,ABSTAIN_WORLD_DISAGREEMENT,,1,1,0,,,1,INSUFFICIENT_INFORMATION_BUDGET,20.884494750677444
PRIMARY,P6,54,1,ABSTAIN_WORLD_DISAGREEMENT,,1,1,0,,,1,INSUFFICIENT_INFORMATION_BUDGET,20.884494750677444
PRIMARY,P6,55,1,ABSTAIN_WORLD_DISAGREEMENT,,1,1,0,,,1,INSUFFICIENT_INFORMATION_BUDGET,20.884494750677444
PRIMARY,P6,56,1,ABSTAIN_WORLD_DISAGREEMENT,,1,1,0,,,1,INSUFFICIENT_INFORMATION_BUDGET,20.884494750677444
PRIMARY,P6,57,1,ABSTAIN_WORLD_DISAGREEMENT,,1,1,0,,,1,INSUFFICIENT_INFORMATION_BUDGET,20.884494750677444
PRIMARY,P6,58,1,ABSTAIN_WORLD_DISAGREEMENT,,1,1,0,,,1,INSUFFICIENT_INFORMATION_BUDGET,20.884494750677444
PRIMARY,P6,59,1,ABSTAIN_WORLD_DISAGREEMENT,,1,1,0,,,1,INSUFFICIENT_INFORMATION_BUDGET,20.884494750677444
PRIMARY,P6,60,1,ABSTAIN_WORLD_DISAGREEMENT,,1,1,0,,,1,INSUFFICIENT_INFORMATION_BUDGET,20.884494750677444
PRIMARY,P6,61,1,ABSTAIN_WORLD_DISAGREEMENT,,1,1,0,,,1,INSUFFICIENT_INFORMATION_BUDGET,20.884494750677444
PRIMARY,P6,62,1,ABSTAIN_WORLD_DISAGREEMENT,,1,1,0,,,1,INSUFFICIENT_INFORMATION_BUDGET,20.884494750677444
PRIMARY,P6,63,1,ABSTAIN_WORLD_DISAGREEMENT,,1,1,0,,,1,INSUFFICIENT_INFORMATION_BUDGET,20.884494750677444
PRIMARY,P6,64,1,ABSTAIN_WORLD_DISAGREEMENT,,1,1,0,,,1,INSUFFICIENT_INFORMATION_BUDGET,20.884494750677444
PRIMARY,P6,65,1,ABSTAIN_WORLD_DISAGREEMENT,,1,1,0,,,1,INSUFFICIENT_INFORMATION_BUDGET,20.884494750677444
PRIMARY,P6,66,1,ABSTAIN_WORLD_DISAGREEMENT,,1,1,0,,,1,INSUFFICIENT_INFORMATION_BUDGET,20.884494750677444
PRIMARY,P6,67,1,ABSTAIN_WORLD_DISAGREEMENT,,1,1,0,,,1,INSUFFICIENT_INFORMATION_BUDGET,20.884494750677444
PRIMARY,P6,68,1,ABSTAIN_WORLD_DISAGREEMENT,,1,1,0,,,1,INSUFFICIENT_INFORMATION_BUDGET,20.884494750677444
PRIMARY,P6,69,1,ABSTAIN_WORLD_DISAGREEMENT,,1,1,0,,,1,INSUFFICIENT_INFORMATION_BUDGET,20.884494750677444
PRIMARY,P6,70,1,ABSTAIN_WORLD_DISAGREEMENT,,1,1,0,,,1,INSUFFICIENT_INFORMATION_BUDGET,20.884494750677444
PRIMARY,P6,71,1,ABSTAIN_WORLD_DISAGREEMENT,,1,1,0,,,1,INSUFFICIENT_INFORMATION_BUDGET,20.884494750677444
PRIMARY,P6,72,1,ABSTAIN_WORLD_DISAGREEMENT,,1,1,0,,,1,INSUFFICIENT_INFORMATION_BUDGET,20.884494750677444
PRIMARY,P6,73,1,ABSTAIN_WORLD_DISAGREEMENT,,1,1,0,,,1,INSUFFICIENT_INFORMATION_BUDGET,20.884494750677444
PRIMARY,P6,74,1,ABSTAIN_WORLD_DISAGREEMENT,,1,1,0,,,1,INSUFFICIENT_INFORMATION_BUDGET,20.884494750677444
PRIMARY,P6,75,1,ABSTAIN_WORLD_DISAGREEMENT,,1,1,0,,,1,INSUFFICIENT_INFORMATION_BUDGET,20.884494750677444
PRIMARY,P6,76,1,ABSTAIN_WORLD_DISAGREEMENT,,1,1,0,,,1,INSUFFICIENT_INFORMATION_BUDGET,20.884494750677444
PRIMARY,P6,77,1,ABSTAIN_WORLD_DISAGREEMENT,,1,1,0,,,1,INSUFFICIENT_INFORMATION_BUDGET,20.884494750677444
PRIMARY,P6,78,1,ABSTAIN_WORLD_DISAGREEMENT,,1,1,0,,,1,INSUFFICIENT_INFORMATION_BUDGET,20.884494750677444
PRIMARY,P6,79,1,ABSTAIN_WORLD_DISAGREEMENT,,1,1,0,,,1,INSUFFICIENT_INFORMATION_BUDGET,20.884494750677444
PRIMARY,P6,80,1,ABSTAIN_WORLD_DISAGREEMENT,,1,1,0,,,1,INSUFFICIENT_INFORMATION_BUDGET,20.884494750677444
PRIMARY,P6,81,1,ABSTAIN_WORLD_DISAGREEMENT,,1,1,0,,,1,INSUFFICIENT_INFORMATION_BUDGET,20.884494750677444
PRIMARY,P6,82,1,ABSTAIN_WORLD_DISAGREEMENT,,1,1,0,,,1,INSUFFICIENT_INFORMATION_BUDGET,20.884494750677444
PRIMARY,P6,83,1,ABSTAIN_WORLD_DISAGREEMENT,,1,1,0,,,1,INSUFFICIENT_INFORMATION_BUDGET,20.884494750677444
PRIMARY,P6,84,1,ABSTAIN_WORLD_DISAGREEMENT,,1,1,0,,,1,INSUFFICIENT_INFORMATION_BUDGET,20.884494750677444
PRIMARY,P6,85,1,ABSTAIN_WORLD_DISAGREEMENT,,1,1,0,,,1,INSUFFICIENT_INFORMATION_BUDGET,20.884494750677444
PRIMARY,P6,86,1,ABSTAIN_WORLD_DISAGREEMENT,,1,1,0,,,1,INSUFFICIENT_INFORMATION_BUDGET,20.884494750677444
PRIMARY,P6,87,1,ABSTAIN_WORLD_DISAGREEMENT,,1,1,0,,,1,INSUFFICIENT_INFORMATION_BUDGET,20.884494750677444
PRIMARY,P6,88,1,ABSTAIN_WORLD_DISAGREEMENT,,1,1,0,,,1,INSUFFICIENT_INFORMATION_BUDGET,20.884494750677444
PRIMARY,P6,89,1,ABSTAIN_WORLD_DISAGREEMENT,,1,1,0,,,1,INSUFFICIENT_INFORMATION_BUDGET,20.884494750677444
PRIMARY,P6,90,1,ABSTAIN_WORLD_DISAGREEMENT,,1,1,0,,,1,INSUFFICIENT_INFORMATION_BUDGET,20.884494750677444
PRIMARY,P6,91,1,ABSTAIN_WORLD_DISAGREEMENT,,1,1,0,,,1,INSUFFICIENT_INFORMATION_BUDGET,20.884494750677444
PRIMARY,P6,92,1,ABSTAIN_WORLD_DISAGREEMENT,,1,1,0,,,1,INSUFFICIENT_INFORMATION_BUDGET,20.884494750677444
PRIMARY,P6,93,1,ABSTAIN_WORLD_DISAGREEMENT,,1,1,0,,,1,INSUFFICIENT_INFORMATION_BUDGET,20.884494750677444
PRIMARY,P6,94,1,ABSTAIN_WORLD_DISAGREEMENT,,1,1,0,,,1,INSUFFICIENT_INFORMATION_BUDGET,20.884494750677444
PRIMARY,P6,95,1,ABSTAIN_WORLD_DISAGREEMENT,,1,1,0,,,1,INSUFFICIENT_INFORMATION_BUDGET,20.884494750677444
PRIMARY,P6,96,1,ABSTAIN_WORLD_DISAGREEMENT,,1,1,0,,,1,INSUFFICIENT_INFORMATION_BUDGET,20.884494750677444
PRIMARY,P6,97,1,ABSTAIN_WORLD_DISAGREEMENT,,1,1,0,,,1,INSUFFICIENT_INFORMATION_BUDGET,20.884494750677444
PRIMARY,P6,98,1,ABSTAIN_WORLD_DISAGREEMENT,,1,1,0,,,1,INSUFFICIENT_INFORMATION_BUDGET,20.884494750677444
PRIMARY,P6,99,1,ABSTAIN_WORLD_DISAGREEMENT,,1,1,0,,,1,INSUFFICIENT_INFORMATION_BUDGET,20.884494750677444
PRIMARY,P6,100,1,ABSTAIN_WORLD_DISAGREEMENT,,1,1,0,,,1,INSUFFICIENT_INFORMATION_BUDGET,20.884494750677444
PRIMARY,P6,101,1,ABSTAIN_WORLD_DISAGREEMENT,,1,1,0,,,1,INSUFFICIENT_INFORMATION_BUDGET,20.884494750677444
PRIMARY,P6,102,1,ABSTAIN_WORLD_DISAGREEMENT,,1,1,0,,,1,INSUFFICIENT_INFORMATION_BUDGET,20.884494750677444
PRIMARY,P6,103,1,ABSTAIN_WORLD_DISAGREEMENT,,1,1,0,,,1,INSUFFICIENT_INFORMATION_BUDGET,20.884494750677444
PRIMARY,P6,104,1,ABSTAIN_WORLD_DISAGREEMENT,,1,1,0,,,1,INSUFFICIENT_INFORMATION_BUDGET,20.884494750677444
PRIMARY,P6,105,1,ABSTAIN_WORLD_DISAGREEMENT,,1,1,0,,,1,INSUFFICIENT_INFORMATION_BUDGET,20.884494750677444
PRIMARY,P6,106,1,ABSTAIN_WORLD_DISAGREEMENT,,1,1,0,,,1,INSUFFICIENT_INFORMATION_BUDGET,20.884494750677444
PRIMARY,P6,107,1,ABSTAIN_WORLD_DISAGREEMENT,,1,1,0,,,1,INSUFFICIENT_INFORMATION_BUDGET,20.884494750677444
PRIMARY,P6,108,1,ABSTAIN_WORLD_DISAGREEMENT,,1,1,0,,,1,INSUFFICIENT_INFORMATION_BUDGET,20.884494750677444
PRIMARY,P6,109,1,ABSTAIN_WORLD_DISAGREEMENT,,1,1,0,,,1,INSUFFICIENT_INFORMATION_BUDGET,20.884494750677444
PRIMARY,P6,110,1,ABSTAIN_WORLD_DISAGREEMENT,,1,1,0,,,1,INSUFFICIENT_INFORMATION_BUDGET,20.884494750677444
PRIMARY,P6,111,1,ABSTAIN_WORLD_DISAGREEMENT,,1,1,0,,,1,INSUFFICIENT_INFORMATION_BUDGET,20.884494750677444
PRIMARY,P6,112,1,ABSTAIN_WORLD_DISAGREEMENT,,1,1,0,,,1,INSUFFICIENT_INFORMATION_BUDGET,20.884494750677444
PRIMARY,P6,113,1,ABSTAIN_WORLD_DISAGREEMENT,,1,1,0,,,1,INSUFFICIENT_INFORMATION_BUDGET,20.884494750677444
PRIMARY,P6,114,1,ABSTAIN_WORLD_DISAGREEMENT,,1,1,0,,,1,INSUFFICIENT_INFORMATION_BUDGET,20.884494750677444
PRIMARY,P6,115,1,ABSTAIN_WORLD_DISAGREEMENT,,1,1,0,,,1,INSUFFICIENT_INFORMATION_BUDGET,20.884494750677444
PRIMARY,P6,116,1,ABSTAIN_WORLD_DISAGREEMENT,,1,1,0,,,1,INSUFFICIENT_INFORMATION_BUDGET,20.884494750677444
PRIMARY,P6,117,1,ABSTAIN_WORLD_DISAGREEMENT,,1,1,0,,,1,INSUFFICIENT_INFORMATION_BUDGET,20.884494750677444
PRIMARY,P6,118,1,ABSTAIN_WORLD_DISAGREEMENT,,1,1,0,,,1,INSUFFICIENT_INFORMATION_BUDGET,20.884494750677444
PRIMARY,P6,119,1,ABSTAIN_WORLD_DISAGREEMENT,,1,1,0,,,1,INSUFFICIENT_INFORMATION_BUDGET,20.884494750677444
PRIMARY,P6,120,1,ABSTAIN_WORLD_DISAGREEMENT,,1,1,0,,,1,INSUFFICIENT_INFORMATION_BUDGET,20.884494750677444
PRIMARY,P6,121,1,ABSTAIN_WORLD_DISAGREEMENT,,1,1,0,,,1,INSUFFICIENT_INFORMATION_BUDGET,20.884494750677444
PRIMARY,P6,122,1,ABSTAIN_WORLD_DISAGREEMENT,,1,1,0,,,1,INSUFFICIENT_INFORMATION_BUDGET,20.884494750677444
PRIMARY,P6,123,1,ABSTAIN_WORLD_DISAGREEMENT,,1,1,0,,,1,INSUFFICIENT_INFORMATION_BUDGET,20.884494750677444
PRIMARY,P6,124,1,ABSTAIN_WORLD_DISAGREEMENT,,1,1,0,,,1,INSUFFICIENT_INFORMATION_BUDGET,20.884494750677444
PRIMARY,P6,125,1,ABSTAIN_WORLD_DISAGREEMENT,,1,1,0,,,1,INSUFFICIENT_INFORMATION_BUDGET,20.884494750677444
PRIMARY,P6,126,1,ABSTAIN_WORLD_DISAGREEMENT,,1,1,0,,,1,INSUFFICIENT_INFORMATION_BUDGET,20.884494750677444
PRIMARY,P6,127,1,ABSTAIN_WORLD_DISAGREEMENT,,1,1,0,,,1,INSUFFICIENT_INFORMATION_BUDGET,20.884494750677444
PRIMARY,P7,0,1,ABSTAIN_WORLD_DISAGREEMENT,,1,1,0,,,1,NO_IDENTIFYING_INFORMATION_CHANNEL,inf
PRIMARY,P7,1,1,ABSTAIN_WORLD_DISAGREEMENT,,1,1,0,,,1,NO_IDENTIFYING_INFORMATION_CHANNEL,inf
PRIMARY,P7,2,1,ABSTAIN_WORLD_DISAGREEMENT,,1,1,0,,,1,NO_IDENTIFYING_INFORMATION_CHANNEL,inf
PRIMARY,P7,3,1,ABSTAIN_WORLD_DISAGREEMENT,,1,1,0,,,1,NO_IDENTIFYING_INFORMATION_CHANNEL,inf
PRIMARY,P7,4,1,ABSTAIN_WORLD_DISAGREEMENT,,1,1,0,,,1,NO_IDENTIFYING_INFORMATION_CHANNEL,inf
PRIMARY,P7,5,1,ABSTAIN_WORLD_DISAGREEMENT,,1,1,0,,,1,NO_IDENTIFYING_INFORMATION_CHANNEL,inf
PRIMARY,P7,6,1,ABSTAIN_WORLD_DISAGREEMENT,,1,1,0,,,1,NO_IDENTIFYING_INFORMATION_CHANNEL,inf
PRIMARY,P7,7,1,ABSTAIN_WORLD_DISAGREEMENT,,1,1,0,,,1,NO_IDENTIFYING_INFORMATION_CHANNEL,inf
PRIMARY,P7,8,1,ABSTAIN_WORLD_DISAGREEMENT,,1,1,0,,,1,NO_IDENTIFYING_INFORMATION_CHANNEL,inf
PRIMARY,P7,9,1,ABSTAIN_WORLD_DISAGREEMENT,,1,1,0,,,1,NO_IDENTIFYING_INFORMATION_CHANNEL,inf
PRIMARY,P7,10,1,ABSTAIN_WORLD_DISAGREEMENT,,1,1,0,,,1,NO_IDENTIFYING_INFORMATION_CHANNEL,inf
PRIMARY,P7,11,1,ABSTAIN_WORLD_DISAGREEMENT,,1,1,0,,,1,NO_IDENTIFYING_INFORMATION_CHANNEL,inf
PRIMARY,P7,12,1,ABSTAIN_WORLD_DISAGREEMENT,,1,1,0,,,1,NO_IDENTIFYING_INFORMATION_CHANNEL,inf
PRIMARY,P7,13,1,ABSTAIN_WORLD_DISAGREEMENT,,1,1,0,,,1,NO_IDENTIFYING_INFORMATION_CHANNEL,inf
PRIMARY,P7,14,1,ABSTAIN_WORLD_DISAGREEMENT,,1,1,0,,,1,NO_IDENTIFYING_INFORMATION_CHANNEL,inf
PRIMARY,P7,15,1,ABSTAIN_WORLD_DISAGREEMENT,,1,1,0,,,1,NO_IDENTIFYING_INFORMATION_CHANNEL,inf
PRIMARY,P7,16,1,ABSTAIN_WORLD_DISAGREEMENT,,1,1,0,,,1,NO_IDENTIFYING_INFORMATION_CHANNEL,inf
PRIMARY,P7,17,1,ABSTAIN_WORLD_DISAGREEMENT,,1,1,0,,,1,NO_IDENTIFYING_INFORMATION_CHANNEL,inf
PRIMARY,P7,18,1,ABSTAIN_WORLD_DISAGREEMENT,,1,1,0,,,1,NO_IDENTIFYING_INFORMATION_CHANNEL,inf
PRIMARY,P7,19,1,ABSTAIN_WORLD_DISAGREEMENT,,1,1,0,,,1,NO_IDENTIFYING_INFORMATION_CHANNEL,inf
PRIMARY,P7,20,1,ABSTAIN_WORLD_DISAGREEMENT,,1,1,0,,,1,NO_IDENTIFYING_INFORMATION_CHANNEL,inf
PRIMARY,P7,21,1,ABSTAIN_WORLD_DISAGREEMENT,,1,1,0,,,1,NO_IDENTIFYING_INFORMATION_CHANNEL,inf
PRIMARY,P7,22,1,ABSTAIN_WORLD_DISAGREEMENT,,1,1,0,,,1,NO_IDENTIFYING_INFORMATION_CHANNEL,inf
PRIMARY,P7,23,1,ABSTAIN_WORLD_DISAGREEMENT,,1,1,0,,,1,NO_IDENTIFYING_INFORMATION_CHANNEL,inf
PRIMARY,P7,24,1,ABSTAIN_WORLD_DISAGREEMENT,,1,1,0,,,1,NO_IDENTIFYING_INFORMATION_CHANNEL,inf
PRIMARY,P7,25,1,ABSTAIN_WORLD_DISAGREEMENT,,1,1,0,,,1,NO_IDENTIFYING_INFORMATION_CHANNEL,inf
PRIMARY,P7,26,1,ABSTAIN_WORLD_DISAGREEMENT,,1,1,0,,,1,NO_IDENTIFYING_INFORMATION_CHANNEL,inf
PRIMARY,P7,27,1,ABSTAIN_WORLD_DISAGREEMENT,,1,1,0,,,1,NO_IDENTIFYING_INFORMATION_CHANNEL,inf
PRIMARY,P7,28,1,ABSTAIN_WORLD_DISAGREEMENT,,1,1,0,,,1,NO_IDENTIFYING_INFORMATION_CHANNEL,inf
PRIMARY,P7,29,1,ABSTAIN_WORLD_DISAGREEMENT,,1,1,0,,,1,NO_IDENTIFYING_INFORMATION_CHANNEL,inf
PRIMARY,P7,30,1,ABSTAIN_WORLD_DISAGREEMENT,,1,1,0,,,1,NO_IDENTIFYING_INFORMATION_CHANNEL,inf
PRIMARY,P7,31,1,ABSTAIN_WORLD_DISAGREEMENT,,1,1,0,,,1,NO_IDENTIFYING_INFORMATION_CHANNEL,inf
PRIMARY,P7,32,1,ABSTAIN_WORLD_DISAGREEMENT,,1,1,0,,,1,NO_IDENTIFYING_INFORMATION_CHANNEL,inf
PRIMARY,P7,33,1,ABSTAIN_WORLD_DISAGREEMENT,,1,1,0,,,1,NO_IDENTIFYING_INFORMATION_CHANNEL,inf
PRIMARY,P7,34,1,ABSTAIN_WORLD_DISAGREEMENT,,1,1,0,,,1,NO_IDENTIFYING_INFORMATION_CHANNEL,inf
PRIMARY,P7,35,1,ABSTAIN_WORLD_DISAGREEMENT,,1,1,0,,,1,NO_IDENTIFYING_INFORMATION_CHANNEL,inf
PRIMARY,P7,36,1,ABSTAIN_WORLD_DISAGREEMENT,,1,1,0,,,1,NO_IDENTIFYING_INFORMATION_CHANNEL,inf
PRIMARY,P7,37,1,ABSTAIN_WORLD_DISAGREEMENT,,1,1,0,,,1,NO_IDENTIFYING_INFORMATION_CHANNEL,inf
PRIMARY,P7,38,1,ABSTAIN_WORLD_DISAGREEMENT,,1,1,0,,,1,NO_IDENTIFYING_INFORMATION_CHANNEL,inf
PRIMARY,P7,39,1,ABSTAIN_WORLD_DISAGREEMENT,,1,1,0,,,1,NO_IDENTIFYING_INFORMATION_CHANNEL,inf
PRIMARY,P7,40,1,ABSTAIN_WORLD_DISAGREEMENT,,1,1,0,,,1,NO_IDENTIFYING_INFORMATION_CHANNEL,inf
PRIMARY,P7,41,1,ABSTAIN_WORLD_DISAGREEMENT,,1,1,0,,,1,NO_IDENTIFYING_INFORMATION_CHANNEL,inf
PRIMARY,P7,42,1,ABSTAIN_WORLD_DISAGREEMENT,,1,1,0,,,1,NO_IDENTIFYING_INFORMATION_CHANNEL,inf
PRIMARY,P7,43,1,ABSTAIN_WORLD_DISAGREEMENT,,1,1,0,,,1,NO_IDENTIFYING_INFORMATION_CHANNEL,inf
PRIMARY,P7,44,1,ABSTAIN_WORLD_DISAGREEMENT,,1,1,0,,,1,NO_IDENTIFYING_INFORMATION_CHANNEL,inf
PRIMARY,P7,45,1,ABSTAIN_WORLD_DISAGREEMENT,,1,1,0,,,1,NO_IDENTIFYING_INFORMATION_CHANNEL,inf
PRIMARY,P7,46,1,ABSTAIN_WORLD_DISAGREEMENT,,1,1,0,,,1,NO_IDENTIFYING_INFORMATION_CHANNEL,inf
PRIMARY,P7,47,1,ABSTAIN_WORLD_DISAGREEMENT,,1,1,0,,,1,NO_IDENTIFYING_INFORMATION_CHANNEL,inf
PRIMARY,P7,48,1,ABSTAIN_WORLD_DISAGREEMENT,,1,1,0,,,1,NO_IDENTIFYING_INFORMATION_CHANNEL,inf
PRIMARY,P7,49,1,ABSTAIN_WORLD_DISAGREEMENT,,1,1,0,,,1,NO_IDENTIFYING_INFORMATION_CHANNEL,inf
PRIMARY,P7,50,1,ABSTAIN_WORLD_DISAGREEMENT,,1,1,0,,,1,NO_IDENTIFYING_INFORMATION_CHANNEL,inf
PRIMARY,P7,51,1,ABSTAIN_WORLD_DISAGREEMENT,,1,1,0,,,1,NO_IDENTIFYING_INFORMATION_CHANNEL,inf
PRIMARY,P7,52,1,ABSTAIN_WORLD_DISAGREEMENT,,1,1,0,,,1,NO_IDENTIFYING_INFORMATION_CHANNEL,inf
PRIMARY,P7,53,1,ABSTAIN_WORLD_DISAGREEMENT,,1,1,0,,,1,NO_IDENTIFYING_INFORMATION_CHANNEL,inf
PRIMARY,P7,54,1,ABSTAIN_WORLD_DISAGREEMENT,,1,1,0,,,1,NO_IDENTIFYING_INFORMATION_CHANNEL,inf
PRIMARY,P7,55,1,ABSTAIN_WORLD_DISAGREEMENT,,1,1,0,,,1,NO_IDENTIFYING_INFORMATION_CHANNEL,inf
PRIMARY,P7,56,1,ABSTAIN_WORLD_DISAGREEMENT,,1,1,0,,,1,NO_IDENTIFYING_INFORMATION_CHANNEL,inf
PRIMARY,P7,57,1,ABSTAIN_WORLD_DISAGREEMENT,,1,1,0,,,1,NO_IDENTIFYING_INFORMATION_CHANNEL,inf
PRIMARY,P7,58,1,ABSTAIN_WORLD_DISAGREEMENT,,1,1,0,,,1,NO_IDENTIFYING_INFORMATION_CHANNEL,inf
PRIMARY,P7,59,1,ABSTAIN_WORLD_DISAGREEMENT,,1,1,0,,,1,NO_IDENTIFYING_INFORMATION_CHANNEL,inf
PRIMARY,P7,60,1,ABSTAIN_WORLD_DISAGREEMENT,,1,1,0,,,1,NO_IDENTIFYING_INFORMATION_CHANNEL,inf
PRIMARY,P7,61,1,ABSTAIN_WORLD_DISAGREEMENT,,1,1,0,,,1,NO_IDENTIFYING_INFORMATION_CHANNEL,inf
PRIMARY,P7,62,1,ABSTAIN_WORLD_DISAGREEMENT,,1,1,0,,,1,NO_IDENTIFYING_INFORMATION_CHANNEL,inf
PRIMARY,P7,63,1,ABSTAIN_WORLD_DISAGREEMENT,,1,1,0,,,1,NO_IDENTIFYING_INFORMATION_CHANNEL,inf
PRIMARY,P7,64,1,ABSTAIN_WORLD_DISAGREEMENT,,1,1,0,,,1,NO_IDENTIFYING_INFORMATION_CHANNEL,inf
PRIMARY,P7,65,1,ABSTAIN_WORLD_DISAGREEMENT,,1,1,0,,,1,NO_IDENTIFYING_INFORMATION_CHANNEL,inf
PRIMARY,P7,66,1,ABSTAIN_WORLD_DISAGREEMENT,,1,1,0,,,1,NO_IDENTIFYING_INFORMATION_CHANNEL,inf
PRIMARY,P7,67,1,ABSTAIN_WORLD_DISAGREEMENT,,1,1,0,,,1,NO_IDENTIFYING_INFORMATION_CHANNEL,inf
PRIMARY,P7,68,1,ABSTAIN_WORLD_DISAGREEMENT,,1,1,0,,,1,NO_IDENTIFYING_INFORMATION_CHANNEL,inf
PRIMARY,P7,69,1,ABSTAIN_WORLD_DISAGREEMENT,,1,1,0,,,1,NO_IDENTIFYING_INFORMATION_CHANNEL,inf
PRIMARY,P7,70,1,ABSTAIN_WORLD_DISAGREEMENT,,1,1,0,,,1,NO_IDENTIFYING_INFORMATION_CHANNEL,inf
PRIMARY,P7,71,1,ABSTAIN_WORLD_DISAGREEMENT,,1,1,0,,,1,NO_IDENTIFYING_INFORMATION_CHANNEL,inf
PRIMARY,P7,72,1,ABSTAIN_WORLD_DISAGREEMENT,,1,1,0,,,1,NO_IDENTIFYING_INFORMATION_CHANNEL,inf
PRIMARY,P7,73,1,ABSTAIN_WORLD_DISAGREEMENT,,1,1,0,,,1,NO_IDENTIFYING_INFORMATION_CHANNEL,inf
PRIMARY,P7,74,1,ABSTAIN_WORLD_DISAGREEMENT,,1,1,0,,,1,NO_IDENTIFYING_INFORMATION_CHANNEL,inf
PRIMARY,P7,75,1,ABSTAIN_WORLD_DISAGREEMENT,,1,1,0,,,1,NO_IDENTIFYING_INFORMATION_CHANNEL,inf
PRIMARY,P7,76,1,ABSTAIN_WORLD_DISAGREEMENT,,1,1,0,,,1,NO_IDENTIFYING_INFORMATION_CHANNEL,inf
PRIMARY,P7,77,1,ABSTAIN_WORLD_DISAGREEMENT,,1,1,0,,,1,NO_IDENTIFYING_INFORMATION_CHANNEL,inf
PRIMARY,P7,78,1,ABSTAIN_WORLD_DISAGREEMENT,,1,1,0,,,1,NO_IDENTIFYING_INFORMATION_CHANNEL,inf
PRIMARY,P7,79,1,ABSTAIN_WORLD_DISAGREEMENT,,1,1,0,,,1,NO_IDENTIFYING_INFORMATION_CHANNEL,inf
PRIMARY,P7,80,1,ABSTAIN_WORLD_DISAGREEMENT,,1,1,0,,,1,NO_IDENTIFYING_INFORMATION_CHANNEL,inf
PRIMARY,P7,81,1,ABSTAIN_WORLD_DISAGREEMENT,,1,1,0,,,1,NO_IDENTIFYING_INFORMATION_CHANNEL,inf
PRIMARY,P7,82,1,ABSTAIN_WORLD_DISAGREEMENT,,1,1,0,,,1,NO_IDENTIFYING_INFORMATION_CHANNEL,inf
PRIMARY,P7,83,1,ABSTAIN_WORLD_DISAGREEMENT,,1,1,0,,,1,NO_IDENTIFYING_INFORMATION_CHANNEL,inf
PRIMARY,P7,84,1,ABSTAIN_WORLD_DISAGREEMENT,,1,1,0,,,1,NO_IDENTIFYING_INFORMATION_CHANNEL,inf
PRIMARY,P7,85,1,ABSTAIN_WORLD_DISAGREEMENT,,1,1,0,,,1,NO_IDENTIFYING_INFORMATION_CHANNEL,inf
PRIMARY,P7,86,1,ABSTAIN_WORLD_DISAGREEMENT,,1,1,0,,,1,NO_IDENTIFYING_INFORMATION_CHANNEL,inf
PRIMARY,P7,87,1,ABSTAIN_WORLD_DISAGREEMENT,,1,1,0,,,1,NO_IDENTIFYING_INFORMATION_CHANNEL,inf
PRIMARY,P7,88,1,ABSTAIN_WORLD_DISAGREEMENT,,1,1,0,,,1,NO_IDENTIFYING_INFORMATION_CHANNEL,inf
PRIMARY,P7,89,1,ABSTAIN_WORLD_DISAGREEMENT,,1,1,0,,,1,NO_IDENTIFYING_INFORMATION_CHANNEL,inf
PRIMARY,P7,90,1,ABSTAIN_WORLD_DISAGREEMENT,,1,1,0,,,1,NO_IDENTIFYING_INFORMATION_CHANNEL,inf
PRIMARY,P7,91,1,ABSTAIN_WORLD_DISAGREEMENT,,1,1,0,,,1,NO_IDENTIFYING_INFORMATION_CHANNEL,inf
PRIMARY,P7,92,1,ABSTAIN_WORLD_DISAGREEMENT,,1,1,0,,,1,NO_IDENTIFYING_INFORMATION_CHANNEL,inf
PRIMARY,P7,93,1,ABSTAIN_WORLD_DISAGREEMENT,,1,1,0,,,1,NO_IDENTIFYING_INFORMATION_CHANNEL,inf
PRIMARY,P7,94,1,ABSTAIN_WORLD_DISAGREEMENT,,1,1,0,,,1,NO_IDENTIFYING_INFORMATION_CHANNEL,inf
PRIMARY,P7,95,1,ABSTAIN_WORLD_DISAGREEMENT,,1,1,0,,,1,NO_IDENTIFYING_INFORMATION_CHANNEL,inf
PRIMARY,P7,96,1,ABSTAIN_WORLD_DISAGREEMENT,,1,1,0,,,1,NO_IDENTIFYING_INFORMATION_CHANNEL,inf
PRIMARY,P7,97,1,ABSTAIN_WORLD_DISAGREEMENT,,1,1,0,,,1,NO_IDENTIFYING_INFORMATION_CHANNEL,inf
PRIMARY,P7,98,1,ABSTAIN_WORLD_DISAGREEMENT,,1,1,0,,,1,NO_IDENTIFYING_INFORMATION_CHANNEL,inf
PRIMARY,P7,99,1,ABSTAIN_WORLD_DISAGREEMENT,,1,1,0,,,1,NO_IDENTIFYING_INFORMATION_CHANNEL,inf
PRIMARY,P7,100,1,ABSTAIN_WORLD_DISAGREEMENT,,1,1,0,,,1,NO_IDENTIFYING_INFORMATION_CHANNEL,inf
PRIMARY,P7,101,1,ABSTAIN_WORLD_DISAGREEMENT,,1,1,0,,,1,NO_IDENTIFYING_INFORMATION_CHANNEL,inf
PRIMARY,P7,102,1,ABSTAIN_WORLD_DISAGREEMENT,,1,1,0,,,1,NO_IDENTIFYING_INFORMATION_CHANNEL,inf
PRIMARY,P7,103,1,ABSTAIN_WORLD_DISAGREEMENT,,1,1,0,,,1,NO_IDENTIFYING_INFORMATION_CHANNEL,inf
PRIMARY,P7,104,1,ABSTAIN_WORLD_DISAGREEMENT,,1,1,0,,,1,NO_IDENTIFYING_INFORMATION_CHANNEL,inf
PRIMARY,P7,105,1,ABSTAIN_WORLD_DISAGREEMENT,,1,1,0,,,1,NO_IDENTIFYING_INFORMATION_CHANNEL,inf
PRIMARY,P7,106,1,ABSTAIN_WORLD_DISAGREEMENT,,1,1,0,,,1,NO_IDENTIFYING_INFORMATION_CHANNEL,inf
PRIMARY,P7,107,1,ABSTAIN_WORLD_DISAGREEMENT,,1,1,0,,,1,NO_IDENTIFYING_INFORMATION_CHANNEL,inf
PRIMARY,P7,108,1,ABSTAIN_WORLD_DISAGREEMENT,,1,1,0,,,1,NO_IDENTIFYING_INFORMATION_CHANNEL,inf
PRIMARY,P7,109,1,ABSTAIN_WORLD_DISAGREEMENT,,1,1,0,,,1,NO_IDENTIFYING_INFORMATION_CHANNEL,inf
PRIMARY,P7,110,1,ABSTAIN_WORLD_DISAGREEMENT,,1,1,0,,,1,NO_IDENTIFYING_INFORMATION_CHANNEL,inf
PRIMARY,P7,111,1,ABSTAIN_WORLD_DISAGREEMENT,,1,1,0,,,1,NO_IDENTIFYING_INFORMATION_CHANNEL,inf
PRIMARY,P7,112,1,ABSTAIN_WORLD_DISAGREEMENT,,1,1,0,,,1,NO_IDENTIFYING_INFORMATION_CHANNEL,inf
PRIMARY,P7,113,1,ABSTAIN_WORLD_DISAGREEMENT,,1,1,0,,,1,NO_IDENTIFYING_INFORMATION_CHANNEL,inf
PRIMARY,P7,114,1,ABSTAIN_WORLD_DISAGREEMENT,,1,1,0,,,1,NO_IDENTIFYING_INFORMATION_CHANNEL,inf
PRIMARY,P7,115,1,ABSTAIN_WORLD_DISAGREEMENT,,1,1,0,,,1,NO_IDENTIFYING_INFORMATION_CHANNEL,inf
PRIMARY,P7,116,1,ABSTAIN_WORLD_DISAGREEMENT,,1,1,0,,,1,NO_IDENTIFYING_INFORMATION_CHANNEL,inf
PRIMARY,P7,117,1,ABSTAIN_WORLD_DISAGREEMENT,,1,1,0,,,1,NO_IDENTIFYING_INFORMATION_CHANNEL,inf
PRIMARY,P7,118,1,ABSTAIN_WORLD_DISAGREEMENT,,1,1,0,,,1,NO_IDENTIFYING_INFORMATION_CHANNEL,inf
PRIMARY,P7,119,1,ABSTAIN_WORLD_DISAGREEMENT,,1,1,0,,,1,NO_IDENTIFYING_INFORMATION_CHANNEL,inf
PRIMARY,P7,120,1,ABSTAIN_WORLD_DISAGREEMENT,,1,1,0,,,1,NO_IDENTIFYING_INFORMATION_CHANNEL,inf
PRIMARY,P7,121,1,ABSTAIN_WORLD_DISAGREEMENT,,1,1,0,,,1,NO_IDENTIFYING_INFORMATION_CHANNEL,inf
PRIMARY,P7,122,1,ABSTAIN_WORLD_DISAGREEMENT,,1,1,0,,,1,NO_IDENTIFYING_INFORMATION_CHANNEL,inf
PRIMARY,P7,123,1,ABSTAIN_WORLD_DISAGREEMENT,,1,1,0,,,1,NO_IDENTIFYING_INFORMATION_CHANNEL,inf
PRIMARY,P7,124,1,ABSTAIN_WORLD_DISAGREEMENT,,1,1,0,,,1,NO_IDENTIFYING_INFORMATION_CHANNEL,inf
PRIMARY,P7,125,1,ABSTAIN_WORLD_DISAGREEMENT,,1,1,0,,,1,NO_IDENTIFYING_INFORMATION_CHANNEL,inf
PRIMARY,P7,126,1,ABSTAIN_WORLD_DISAGREEMENT,,1,1,0,,,1,NO_IDENTIFYING_INFORMATION_CHANNEL,inf
PRIMARY,P7,127,1,ABSTAIN_WORLD_DISAGREEMENT,,1,1,0,,,1,NO_IDENTIFYING_INFORMATION_CHANNEL,inf
PRIMARY,P8,0,1,ABSTAIN_NO_UNIQUE_ROBUST_ACTION,,1,1,0,,,1,,
PRIMARY,P8,1,1,ABSTAIN_NO_UNIQUE_ROBUST_ACTION,,1,1,0,,,1,,
PRIMARY,P8,2,1,ABSTAIN_NO_UNIQUE_ROBUST_ACTION,,1,1,0,,,1,,
PRIMARY,P8,3,1,ABSTAIN_NO_UNIQUE_ROBUST_ACTION,,1,1,0,,,1,,
PRIMARY,P8,4,1,ABSTAIN_NO_UNIQUE_ROBUST_ACTION,,1,1,0,,,1,,
PRIMARY,P8,5,1,ABSTAIN_NO_UNIQUE_ROBUST_ACTION,,1,1,0,,,1,,
PRIMARY,P8,6,1,ABSTAIN_NO_UNIQUE_ROBUST_ACTION,,1,1,0,,,1,,
PRIMARY,P8,7,1,ABSTAIN_NO_UNIQUE_ROBUST_ACTION,,1,1,0,,,1,,
PRIMARY,P8,8,1,ABSTAIN_NO_UNIQUE_ROBUST_ACTION,,1,1,0,,,1,,
PRIMARY,P8,9,1,ABSTAIN_NO_UNIQUE_ROBUST_ACTION,,1,1,0,,,1,,
PRIMARY,P8,10,1,ABSTAIN_NO_UNIQUE_ROBUST_ACTION,,1,1,0,,,1,,
PRIMARY,P8,11,1,ABSTAIN_NO_UNIQUE_ROBUST_ACTION,,1,1,0,,,1,,
PRIMARY,P8,12,1,ABSTAIN_NO_UNIQUE_ROBUST_ACTION,,1,1,0,,,1,,
PRIMARY,P8,13,1,ABSTAIN_NO_UNIQUE_ROBUST_ACTION,,1,1,0,,,1,,
PRIMARY,P8,14,1,ABSTAIN_NO_UNIQUE_ROBUST_ACTION,,1,1,0,,,1,,
PRIMARY,P8,15,1,ABSTAIN_NO_UNIQUE_ROBUST_ACTION,,1,1,0,,,1,,
PRIMARY,P8,16,1,ABSTAIN_NO_UNIQUE_ROBUST_ACTION,,1,1,0,,,1,,
PRIMARY,P8,17,1,ABSTAIN_NO_UNIQUE_ROBUST_ACTION,,1,1,0,,,1,,
PRIMARY,P8,18,1,ABSTAIN_NO_UNIQUE_ROBUST_ACTION,,1,1,0,,,1,,
PRIMARY,P8,19,1,ABSTAIN_NO_UNIQUE_ROBUST_ACTION,,1,1,0,,,1,,
PRIMARY,P8,20,1,ABSTAIN_NO_UNIQUE_ROBUST_ACTION,,1,1,0,,,1,,
PRIMARY,P8,21,1,ABSTAIN_NO_UNIQUE_ROBUST_ACTION,,1,1,0,,,1,,
PRIMARY,P8,22,1,ABSTAIN_NO_UNIQUE_ROBUST_ACTION,,1,1,0,,,1,,
PRIMARY,P8,23,1,ABSTAIN_NO_UNIQUE_ROBUST_ACTION,,1,1,0,,,1,,
PRIMARY,P8,24,1,ABSTAIN_NO_UNIQUE_ROBUST_ACTION,,1,1,0,,,1,,
PRIMARY,P8,25,1,ABSTAIN_NO_UNIQUE_ROBUST_ACTION,,1,1,0,,,1,,
PRIMARY,P8,26,1,ABSTAIN_NO_UNIQUE_ROBUST_ACTION,,1,1,0,,,1,,
PRIMARY,P8,27,1,ABSTAIN_NO_UNIQUE_ROBUST_ACTION,,1,1,0,,,1,,
PRIMARY,P8,28,1,ABSTAIN_NO_UNIQUE_ROBUST_ACTION,,1,1,0,,,1,,
PRIMARY,P8,29,1,ABSTAIN_NO_UNIQUE_ROBUST_ACTION,,1,1,0,,,1,,
PRIMARY,P8,30,1,ABSTAIN_NO_UNIQUE_ROBUST_ACTION,,1,1,0,,,1,,
PRIMARY,P8,31,1,ABSTAIN_NO_UNIQUE_ROBUST_ACTION,,1,1,0,,,1,,
PRIMARY,P8,32,1,ABSTAIN_NO_UNIQUE_ROBUST_ACTION,,1,1,0,,,1,,
PRIMARY,P8,33,1,ABSTAIN_NO_UNIQUE_ROBUST_ACTION,,1,1,0,,,1,,
PRIMARY,P8,34,1,ABSTAIN_NO_UNIQUE_ROBUST_ACTION,,1,1,0,,,1,,
PRIMARY,P8,35,1,ABSTAIN_NO_UNIQUE_ROBUST_ACTION,,1,1,0,,,1,,
PRIMARY,P8,36,1,ABSTAIN_NO_UNIQUE_ROBUST_ACTION,,1,1,0,,,1,,
PRIMARY,P8,37,1,ABSTAIN_NO_UNIQUE_ROBUST_ACTION,,1,1,0,,,1,,
PRIMARY,P8,38,1,ABSTAIN_NO_UNIQUE_ROBUST_ACTION,,1,1,0,,,1,,
PRIMARY,P8,39,1,ABSTAIN_NO_UNIQUE_ROBUST_ACTION,,1,1,0,,,1,,
PRIMARY,P8,40,1,ABSTAIN_NO_UNIQUE_ROBUST_ACTION,,1,1,0,,,1,,
PRIMARY,P8,41,1,ABSTAIN_NO_UNIQUE_ROBUST_ACTION,,1,1,0,,,1,,
PRIMARY,P8,42,1,ABSTAIN_NO_UNIQUE_ROBUST_ACTION,,1,1,0,,,1,,
PRIMARY,P8,43,1,ABSTAIN_NO_UNIQUE_ROBUST_ACTION,,1,1,0,,,1,,
PRIMARY,P8,44,1,ABSTAIN_NO_UNIQUE_ROBUST_ACTION,,1,1,0,,,1,,
PRIMARY,P8,45,1,ABSTAIN_NO_UNIQUE_ROBUST_ACTION,,1,1,0,,,1,,
PRIMARY,P8,46,1,ABSTAIN_NO_UNIQUE_ROBUST_ACTION,,1,1,0,,,1,,
PRIMARY,P8,47,1,ABSTAIN_NO_UNIQUE_ROBUST_ACTION,,1,1,0,,,1,,
PRIMARY,P8,48,1,ABSTAIN_NO_UNIQUE_ROBUST_ACTION,,1,1,0,,,1,,
PRIMARY,P8,49,1,ABSTAIN_NO_UNIQUE_ROBUST_ACTION,,1,1,0,,,1,,
PRIMARY,P8,50,1,ABSTAIN_NO_UNIQUE_ROBUST_ACTION,,1,1,0,,,1,,
PRIMARY,P8,51,1,ABSTAIN_NO_UNIQUE_ROBUST_ACTION,,1,1,0,,,1,,
PRIMARY,P8,52,1,ABSTAIN_NO_UNIQUE_ROBUST_ACTION,,1,1,0,,,1,,
PRIMARY,P8,53,1,ABSTAIN_NO_UNIQUE_ROBUST_ACTION,,1,1,0,,,1,,
PRIMARY,P8,54,1,ABSTAIN_NO_UNIQUE_ROBUST_ACTION,,1,1,0,,,1,,
PRIMARY,P8,55,1,ABSTAIN_NO_UNIQUE_ROBUST_ACTION,,1,1,0,,,1,,
PRIMARY,P8,56,1,ABSTAIN_NO_UNIQUE_ROBUST_ACTION,,1,1,0,,,1,,
PRIMARY,P8,57,1,ABSTAIN_NO_UNIQUE_ROBUST_ACTION,,1,1,0,,,1,,
PRIMARY,P8,58,1,ABSTAIN_NO_UNIQUE_ROBUST_ACTION,,1,1,0,,,1,,
PRIMARY,P8,59,1,ABSTAIN_NO_UNIQUE_ROBUST_ACTION,,1,1,0,,,1,,
PRIMARY,P8,60,1,ABSTAIN_NO_UNIQUE_ROBUST_ACTION,,1,1,0,,,1,,
PRIMARY,P8,61,1,ABSTAIN_NO_UNIQUE_ROBUST_ACTION,,1,1,0,,,1,,
PRIMARY,P8,62,1,ABSTAIN_NO_UNIQUE_ROBUST_ACTION,,1,1,0,,,1,,
PRIMARY,P8,63,1,ABSTAIN_NO_UNIQUE_ROBUST_ACTION,,1,1,0,,,1,,
PRIMARY,P8,64,1,ABSTAIN_NO_UNIQUE_ROBUST_ACTION,,1,1,0,,,1,,
PRIMARY,P8,65,1,ABSTAIN_NO_UNIQUE_ROBUST_ACTION,,1,1,0,,,1,,
PRIMARY,P8,66,1,ABSTAIN_NO_UNIQUE_ROBUST_ACTION,,1,1,0,,,1,,
PRIMARY,P8,67,1,ABSTAIN_NO_UNIQUE_ROBUST_ACTION,,1,1,0,,,1,,
PRIMARY,P8,68,1,ABSTAIN_NO_UNIQUE_ROBUST_ACTION,,1,1,0,,,1,,
PRIMARY,P8,69,1,ABSTAIN_NO_UNIQUE_ROBUST_ACTION,,1,1,0,,,1,,
PRIMARY,P8,70,1,ABSTAIN_NO_UNIQUE_ROBUST_ACTION,,1,1,0,,,1,,
PRIMARY,P8,71,1,ABSTAIN_NO_UNIQUE_ROBUST_ACTION,,1,1,0,,,1,,
PRIMARY,P8,72,1,ABSTAIN_NO_UNIQUE_ROBUST_ACTION,,1,1,0,,,1,,
PRIMARY,P8,73,1,ABSTAIN_NO_UNIQUE_ROBUST_ACTION,,1,1,0,,,1,,
PRIMARY,P8,74,1,ABSTAIN_NO_UNIQUE_ROBUST_ACTION,,1,1,0,,,1,,
PRIMARY,P8,75,1,ABSTAIN_NO_UNIQUE_ROBUST_ACTION,,1,1,0,,,1,,
PRIMARY,P8,76,1,ABSTAIN_NO_UNIQUE_ROBUST_ACTION,,1,1,0,,,1,,
PRIMARY,P8,77,1,ABSTAIN_NO_UNIQUE_ROBUST_ACTION,,1,1,0,,,1,,
PRIMARY,P8,78,1,ABSTAIN_NO_UNIQUE_ROBUST_ACTION,,1,1,0,,,1,,
PRIMARY,P8,79,1,ABSTAIN_NO_UNIQUE_ROBUST_ACTION,,1,1,0,,,1,,
PRIMARY,P8,80,1,ABSTAIN_NO_UNIQUE_ROBUST_ACTION,,1,1,0,,,1,,
PRIMARY,P8,81,1,ABSTAIN_NO_UNIQUE_ROBUST_ACTION,,1,1,0,,,1,,
PRIMARY,P8,82,1,ABSTAIN_NO_UNIQUE_ROBUST_ACTION,,1,1,0,,,1,,
PRIMARY,P8,83,1,ABSTAIN_NO_UNIQUE_ROBUST_ACTION,,1,1,0,,,1,,
PRIMARY,P8,84,1,ABSTAIN_NO_UNIQUE_ROBUST_ACTION,,1,1,0,,,1,,
PRIMARY,P8,85,1,ABSTAIN_NO_UNIQUE_ROBUST_ACTION,,1,1,0,,,1,,
PRIMARY,P8,86,1,ABSTAIN_NO_UNIQUE_ROBUST_ACTION,,1,1,0,,,1,,
PRIMARY,P8,87,1,ABSTAIN_NO_UNIQUE_ROBUST_ACTION,,1,1,0,,,1,,
PRIMARY,P8,88,1,ABSTAIN_NO_UNIQUE_ROBUST_ACTION,,1,1,0,,,1,,
PRIMARY,P8,89,1,ABSTAIN_NO_UNIQUE_ROBUST_ACTION,,1,1,0,,,1,,
PRIMARY,P8,90,1,ABSTAIN_NO_UNIQUE_ROBUST_ACTION,,1,1,0,,,1,,
PRIMARY,P8,91,1,ABSTAIN_NO_UNIQUE_ROBUST_ACTION,,1,1,0,,,1,,
PRIMARY,P8,92,1,ABSTAIN_NO_UNIQUE_ROBUST_ACTION,,1,1,0,,,1,,
PRIMARY,P8,93,1,ABSTAIN_NO_UNIQUE_ROBUST_ACTION,,1,1,0,,,1,,
PRIMARY,P8,94,1,ABSTAIN_NO_UNIQUE_ROBUST_ACTION,,1,1,0,,,1,,
PRIMARY,P8,95,1,ABSTAIN_NO_UNIQUE_ROBUST_ACTION,,1,1,0,,,1,,
PRIMARY,P8,96,1,ABSTAIN_NO_UNIQUE_ROBUST_ACTION,,1,1,0,,,1,,
PRIMARY,P8,97,1,ABSTAIN_NO_UNIQUE_ROBUST_ACTION,,1,1,0,,,1,,
PRIMARY,P8,98,1,ABSTAIN_NO_UNIQUE_ROBUST_ACTION,,1,1,0,,,1,,
PRIMARY,P8,99,1,ABSTAIN_NO_UNIQUE_ROBUST_ACTION,,1,1,0,,,1,,
PRIMARY,P8,100,1,ABSTAIN_NO_UNIQUE_ROBUST_ACTION,,1,1,0,,,1,,
PRIMARY,P8,101,1,ABSTAIN_NO_UNIQUE_ROBUST_ACTION,,1,1,0,,,1,,
PRIMARY,P8,102,1,ABSTAIN_NO_UNIQUE_ROBUST_ACTION,,1,1,0,,,1,,
PRIMARY,P8,103,1,ABSTAIN_NO_UNIQUE_ROBUST_ACTION,,1,1,0,,,1,,
PRIMARY,P8,104,1,ABSTAIN_NO_UNIQUE_ROBUST_ACTION,,1,1,0,,,1,,
PRIMARY,P8,105,1,ABSTAIN_NO_UNIQUE_ROBUST_ACTION,,1,1,0,,,1,,
PRIMARY,P8,106,1,ABSTAIN_NO_UNIQUE_ROBUST_ACTION,,1,1,0,,,1,,
PRIMARY,P8,107,1,ABSTAIN_NO_UNIQUE_ROBUST_ACTION,,1,1,0,,,1,,
PRIMARY,P8,108,1,ABSTAIN_NO_UNIQUE_ROBUST_ACTION,,1,1,0,,,1,,
PRIMARY,P8,109,1,ABSTAIN_NO_UNIQUE_ROBUST_ACTION,,1,1,0,,,1,,
PRIMARY,P8,110,1,ABSTAIN_NO_UNIQUE_ROBUST_ACTION,,1,1,0,,,1,,
PRIMARY,P8,111,1,ABSTAIN_NO_UNIQUE_ROBUST_ACTION,,1,1,0,,,1,,
PRIMARY,P8,112,1,ABSTAIN_NO_UNIQUE_ROBUST_ACTION,,1,1,0,,,1,,
PRIMARY,P8,113,1,ABSTAIN_NO_UNIQUE_ROBUST_ACTION,,1,1,0,,,1,,
PRIMARY,P8,114,1,ABSTAIN_NO_UNIQUE_ROBUST_ACTION,,1,1,0,,,1,,
PRIMARY,P8,115,1,ABSTAIN_NO_UNIQUE_ROBUST_ACTION,,1,1,0,,,1,,
PRIMARY,P8,116,1,ABSTAIN_NO_UNIQUE_ROBUST_ACTION,,1,1,0,,,1,,
PRIMARY,P8,117,1,ABSTAIN_NO_UNIQUE_ROBUST_ACTION,,1,1,0,,,1,,
PRIMARY,P8,118,1,ABSTAIN_NO_UNIQUE_ROBUST_ACTION,,1,1,0,,,1,,
PRIMARY,P8,119,1,ABSTAIN_NO_UNIQUE_ROBUST_ACTION,,1,1,0,,,1,,
PRIMARY,P8,120,1,ABSTAIN_NO_UNIQUE_ROBUST_ACTION,,1,1,0,,,1,,
PRIMARY,P8,121,1,ABSTAIN_NO_UNIQUE_ROBUST_ACTION,,1,1,0,,,1,,
PRIMARY,P8,122,1,ABSTAIN_NO_UNIQUE_ROBUST_ACTION,,1,1,0,,,1,,
PRIMARY,P8,123,1,ABSTAIN_NO_UNIQUE_ROBUST_ACTION,,1,1,0,,,1,,
PRIMARY,P8,124,1,ABSTAIN_NO_UNIQUE_ROBUST_ACTION,,1,1,0,,,1,,
PRIMARY,P8,125,1,ABSTAIN_NO_UNIQUE_ROBUST_ACTION,,1,1,0,,,1,,
PRIMARY,P8,126,1,ABSTAIN_NO_UNIQUE_ROBUST_ACTION,,1,1,0,,,1,,
PRIMARY,P8,127,1,ABSTAIN_NO_UNIQUE_ROBUST_ACTION,,1,1,0,,,1,,
PRIMARY,P9,0,1,ROBUST_ACTION,A,1,1,0,0,,1,,
PRIMARY,P9,1,1,ROBUST_ACTION,A,1,1,0,0,,1,,
PRIMARY,P9,2,1,ROBUST_ACTION,A,1,1,0,0,,1,,
PRIMARY,P9,3,1,ROBUST_ACTION,A,1,1,0,0,,1,,
PRIMARY,P9,4,1,ROBUST_ACTION,A,1,1,0,0,,1,,
PRIMARY,P9,5,1,ROBUST_ACTION,A,1,1,0,0,,1,,
PRIMARY,P9,6,1,ROBUST_ACTION,A,1,1,0,0,,1,,
PRIMARY,P9,7,1,ROBUST_ACTION,A,1,1,0,0,,1,,
PRIMARY,P9,8,1,ROBUST_ACTION,A,1,1,0,0,,1,,
PRIMARY,P9,9,1,ROBUST_ACTION,A,1,1,0,0,,1,,
PRIMARY,P9,10,1,ROBUST_ACTION,A,1,1,0,0,,1,,
PRIMARY,P9,11,1,ROBUST_ACTION,A,1,1,0,0,,1,,
PRIMARY,P9,12,1,ROBUST_ACTION,A,1,1,0,0,,1,,
PRIMARY,P9,13,1,ROBUST_ACTION,A,1,1,0,0,,1,,
PRIMARY,P9,14,1,ROBUST_ACTION,A,1,1,0,0,,1,,
PRIMARY,P9,15,1,ROBUST_ACTION,A,1,1,0,0,,1,,
PRIMARY,P9,16,1,ROBUST_ACTION,A,1,1,0,0,,1,,
PRIMARY,P9,17,1,ROBUST_ACTION,A,1,1,0,0,,1,,
PRIMARY,P9,18,1,ROBUST_ACTION,A,1,1,0,0,,1,,
PRIMARY,P9,19,1,ROBUST_ACTION,A,1,1,0,0,,1,,
PRIMARY,P9,20,1,ROBUST_ACTION,A,1,1,0,0,,1,,
PRIMARY,P9,21,1,ROBUST_ACTION,A,1,1,0,0,,1,,
PRIMARY,P9,22,1,ROBUST_ACTION,A,1,1,0,0,,1,,
PRIMARY,P9,23,1,ROBUST_ACTION,A,1,1,0,0,,1,,
PRIMARY,P9,24,1,ROBUST_ACTION,A,1,1,0,0,,1,,
PRIMARY,P9,25,1,ROBUST_ACTION,A,1,1,0,0,,1,,
PRIMARY,P9,26,1,ROBUST_ACTION,A,1,1,0,0,,1,,
PRIMARY,P9,27,1,ROBUST_ACTION,A,1,1,0,0,,1,,
PRIMARY,P9,28,1,ROBUST_ACTION,A,1,1,0,0,,1,,
PRIMARY,P9,29,1,ROBUST_ACTION,A,1,1,0,0,,1,,
PRIMARY,P9,30,1,ROBUST_ACTION,A,1,1,0,0,,1,,
PRIMARY,P9,31,1,ROBUST_ACTION,A,1,1,0,0,,1,,
PRIMARY,P9,32,1,ROBUST_ACTION,A,1,1,0,0,,1,,
PRIMARY,P9,33,1,ROBUST_ACTION,A,1,1,0,0,,1,,
PRIMARY,P9,34,1,ROBUST_ACTION,A,1,1,0,0,,1,,
PRIMARY,P9,35,1,ROBUST_ACTION,A,1,1,0,0,,1,,
PRIMARY,P9,36,1,ROBUST_ACTION,A,1,1,0,0,,1,,
PRIMARY,P9,37,1,ROBUST_ACTION,A,1,1,0,0,,1,,
PRIMARY,P9,38,1,ROBUST_ACTION,A,1,1,0,0,,1,,
PRIMARY,P9,39,1,ROBUST_ACTION,A,1,1,0,0,,1,,
PRIMARY,P9,40,1,ROBUST_ACTION,A,1,1,0,0,,1,,
PRIMARY,P9,41,1,ROBUST_ACTION,A,1,1,0,0,,1,,
PRIMARY,P9,42,1,ROBUST_ACTION,A,1,1,0,0,,1,,
PRIMARY,P9,43,1,ROBUST_ACTION,A,1,1,0,0,,1,,
PRIMARY,P9,44,1,ROBUST_ACTION,A,1,1,0,0,,1,,
PRIMARY,P9,45,1,ROBUST_ACTION,A,1,1,0,0,,1,,
PRIMARY,P9,46,1,ROBUST_ACTION,A,1,1,0,0,,1,,
PRIMARY,P9,47,1,ROBUST_ACTION,A,1,1,0,0,,1,,
PRIMARY,P9,48,1,ROBUST_ACTION,A,1,1,0,0,,1,,
PRIMARY,P9,49,1,ROBUST_ACTION,A,1,1,0,0,,1,,
PRIMARY,P9,50,1,ROBUST_ACTION,A,1,1,0,0,,1,,
PRIMARY,P9,51,1,ROBUST_ACTION,A,1,1,0,0,,1,,
PRIMARY,P9,52,1,ROBUST_ACTION,A,1,1,0,0,,1,,
PRIMARY,P9,53,1,ROBUST_ACTION,A,1,1,0,0,,1,,
PRIMARY,P9,54,1,ROBUST_ACTION,A,1,1,0,0,,1,,
PRIMARY,P9,55,1,ROBUST_ACTION,A,1,1,0,0,,1,,
PRIMARY,P9,56,1,ROBUST_ACTION,A,1,1,0,0,,1,,
PRIMARY,P9,57,1,ROBUST_ACTION,A,1,1,0,0,,1,,
PRIMARY,P9,58,1,ROBUST_ACTION,A,1,1,0,0,,1,,
PRIMARY,P9,59,1,ROBUST_ACTION,A,1,1,0,0,,1,,
PRIMARY,P9,60,1,ROBUST_ACTION,A,1,1,0,0,,1,,
PRIMARY,P9,61,1,ROBUST_ACTION,A,1,1,0,0,,1,,
PRIMARY,P9,62,1,ROBUST_ACTION,A,1,1,0,0,,1,,
PRIMARY,P9,63,1,ROBUST_ACTION,A,1,1,0,0,,1,,
PRIMARY,P9,64,1,ROBUST_ACTION,A,1,1,0,0,,1,,
PRIMARY,P9,65,1,ROBUST_ACTION,A,1,1,0,0,,1,,
PRIMARY,P9,66,1,ROBUST_ACTION,A,1,1,0,0,,1,,
PRIMARY,P9,67,1,ROBUST_ACTION,A,1,1,0,0,,1,,
PRIMARY,P9,68,1,ROBUST_ACTION,A,1,1,0,0,,1,,
PRIMARY,P9,69,1,ROBUST_ACTION,A,1,1,0,0,,1,,
PRIMARY,P9,70,1,ROBUST_ACTION,A,1,1,0,0,,1,,
PRIMARY,P9,71,1,ROBUST_ACTION,A,1,1,0,0,,1,,
PRIMARY,P9,72,1,ROBUST_ACTION,A,1,1,0,0,,1,,
PRIMARY,P9,73,1,ROBUST_ACTION,A,1,1,0,0,,1,,
PRIMARY,P9,74,1,ROBUST_ACTION,A,1,1,0,0,,1,,
PRIMARY,P9,75,1,ROBUST_ACTION,A,1,1,0,0,,1,,
PRIMARY,P9,76,1,ROBUST_ACTION,A,1,1,0,0,,1,,
PRIMARY,P9,77,1,ROBUST_ACTION,A,1,1,0,0,,1,,
PRIMARY,P9,78,1,ROBUST_ACTION,A,1,1,0,0,,1,,
PRIMARY,P9,79,1,ROBUST_ACTION,A,1,1,0,0,,1,,
PRIMARY,P9,80,1,ROBUST_ACTION,A,1,1,0,0,,1,,
PRIMARY,P9,81,1,ROBUST_ACTION,A,1,1,0,0,,1,,
PRIMARY,P9,82,1,ROBUST_ACTION,A,1,1,0,0,,1,,
PRIMARY,P9,83,1,ROBUST_ACTION,A,1,1,0,0,,1,,
PRIMARY,P9,84,1,ROBUST_ACTION,A,1,1,0,0,,1,,
PRIMARY,P9,85,1,ROBUST_ACTION,A,1,1,0,0,,1,,
PRIMARY,P9,86,1,ROBUST_ACTION,A,1,1,0,0,,1,,
PRIMARY,P9,87,1,ROBUST_ACTION,A,1,1,0,0,,1,,
PRIMARY,P9,88,1,ROBUST_ACTION,A,1,1,0,0,,1,,
PRIMARY,P9,89,1,ROBUST_ACTION,A,1,1,0,0,,1,,
PRIMARY,P9,90,1,ROBUST_ACTION,A,1,1,0,0,,1,,
PRIMARY,P9,91,1,ROBUST_ACTION,A,1,1,0,0,,1,,
PRIMARY,P9,92,1,ROBUST_ACTION,A,1,1,0,0,,1,,
PRIMARY,P9,93,1,ROBUST_ACTION,A,1,1,0,0,,1,,
PRIMARY,P9,94,1,ROBUST_ACTION,A,1,1,0,0,,1,,
PRIMARY,P9,95,1,ROBUST_ACTION,A,1,1,0,0,,1,,
PRIMARY,P9,96,1,ROBUST_ACTION,A,1,1,0,0,,1,,
PRIMARY,P9,97,1,ROBUST_ACTION,A,1,1,0,0,,1,,
PRIMARY,P9,98,1,ROBUST_ACTION,A,1,1,0,0,,1,,
PRIMARY,P9,99,1,ROBUST_ACTION,A,1,1,0,0,,1,,
PRIMARY,P9,100,1,ROBUST_ACTION,A,1,1,0,0,,1,,
PRIMARY,P9,101,1,ROBUST_ACTION,A,1,1,0,0,,1,,
PRIMARY,P9,102,1,ROBUST_ACTION,A,1,1,0,0,,1,,
PRIMARY,P9,103,1,ROBUST_ACTION,A,1,1,0,0,,1,,
PRIMARY,P9,104,1,ROBUST_ACTION,A,1,1,0,0,,1,,
PRIMARY,P9,105,1,ROBUST_ACTION,A,1,1,0,0,,1,,
PRIMARY,P9,106,1,ROBUST_ACTION,A,1,1,0,0,,1,,
PRIMARY,P9,107,1,ROBUST_ACTION,A,1,1,0,0,,1,,
PRIMARY,P9,108,1,ROBUST_ACTION,A,1,1,0,0,,1,,
PRIMARY,P9,109,1,ROBUST_ACTION,A,1,1,0,0,,1,,
PRIMARY,P9,110,1,ROBUST_ACTION,A,1,1,0,0,,1,,
PRIMARY,P9,111,1,ROBUST_ACTION,A,1,1,0,0,,1,,
PRIMARY,P9,112,1,ROBUST_ACTION,A,1,1,0,0,,1,,
PRIMARY,P9,113,1,ROBUST_ACTION,A,1,1,0,0,,1,,
PRIMARY,P9,114,1,ROBUST_ACTION,A,1,1,0,0,,1,,
PRIMARY,P9,115,1,ROBUST_ACTION,A,1,1,0,0,,1,,
PRIMARY,P9,116,1,ROBUST_ACTION,A,1,1,0,0,,1,,
PRIMARY,P9,117,1,ROBUST_ACTION,A,1,1,0,0,,1,,
PRIMARY,P9,118,1,ROBUST_ACTION,A,1,1,0,0,,1,,
PRIMARY,P9,119,1,ROBUST_ACTION,A,1,1,0,0,,1,,
PRIMARY,P9,120,1,ROBUST_ACTION,A,1,1,0,0,,1,,
PRIMARY,P9,121,1,ROBUST_ACTION,A,1,1,0,0,,1,,
PRIMARY,P9,122,1,ROBUST_ACTION,A,1,1,0,0,,1,,
PRIMARY,P9,123,1,ROBUST_ACTION,A,1,1,0,0,,1,,
PRIMARY,P9,124,1,ROBUST_ACTION,A,1,1,0,0,,1,,
PRIMARY,P9,125,1,ROBUST_ACTION,A,1,1,0,0,,1,,
PRIMARY,P9,126,1,ROBUST_ACTION,A,1,1,0,0,,1,,
PRIMARY,P9,127,1,ROBUST_ACTION,A,1,1,0,0,,1,,
PRIMARY,P10,0,1,ROBUST_ACTION,A,1,1,0,,0,1,,
PRIMARY,P10,1,1,ROBUST_ACTION,A,1,1,0,,0,1,,
PRIMARY,P10,2,1,ROBUST_ACTION,A,1,1,0,,0,1,,
PRIMARY,P10,3,1,ROBUST_ACTION,A,1,1,0,,0,1,,
PRIMARY,P10,4,1,ROBUST_ACTION,A,1,1,0,,0,1,,
PRIMARY,P10,5,1,ROBUST_ACTION,A,1,1,0,,0,1,,
PRIMARY,P10,6,1,ROBUST_ACTION,A,1,1,0,,0,1,,
PRIMARY,P10,7,1,ROBUST_ACTION,A,1,1,0,,0,1,,
PRIMARY,P10,8,1,ROBUST_ACTION,A,1,1,0,,0,1,,
PRIMARY,P10,9,1,ROBUST_ACTION,A,1,1,0,,0,1,,
PRIMARY,P10,10,1,ROBUST_ACTION,A,1,1,0,,0,1,,
PRIMARY,P10,11,1,ROBUST_ACTION,A,1,1,0,,0,1,,
PRIMARY,P10,12,1,ROBUST_ACTION,A,1,1,0,,0,1,,
PRIMARY,P10,13,1,ROBUST_ACTION,A,1,1,0,,0,1,,
PRIMARY,P10,14,1,ROBUST_ACTION,A,1,1,0,,0,1,,
PRIMARY,P10,15,1,ROBUST_ACTION,A,1,1,0,,0,1,,
PRIMARY,P10,16,1,ROBUST_ACTION,A,1,1,0,,0,1,,
PRIMARY,P10,17,1,ROBUST_ACTION,A,1,1,0,,0,1,,
PRIMARY,P10,18,1,ROBUST_ACTION,A,1,1,0,,0,1,,
PRIMARY,P10,19,1,ROBUST_ACTION,A,1,1,0,,0,1,,
PRIMARY,P10,20,1,ROBUST_ACTION,A,1,1,0,,0,1,,
PRIMARY,P10,21,1,ROBUST_ACTION,A,1,1,0,,0,1,,
PRIMARY,P10,22,1,ROBUST_ACTION,A,1,1,0,,0,1,,
PRIMARY,P10,23,1,ROBUST_ACTION,A,1,1,0,,0,1,,
PRIMARY,P10,24,1,ROBUST_ACTION,A,1,1,0,,0,1,,
PRIMARY,P10,25,1,ROBUST_ACTION,A,1,1,0,,0,1,,
PRIMARY,P10,26,1,ROBUST_ACTION,A,1,1,0,,0,1,,
PRIMARY,P10,27,1,ROBUST_ACTION,A,1,1,0,,0,1,,
PRIMARY,P10,28,1,ROBUST_ACTION,A,1,1,0,,0,1,,
PRIMARY,P10,29,1,ROBUST_ACTION,A,1,1,0,,0,1,,
PRIMARY,P10,30,1,ROBUST_ACTION,A,1,1,0,,0,1,,
PRIMARY,P10,31,1,ROBUST_ACTION,A,1,1,0,,0,1,,
PRIMARY,P10,32,1,ROBUST_ACTION,A,1,1,0,,0,1,,
PRIMARY,P10,33,1,ROBUST_ACTION,A,1,1,0,,0,1,,
PRIMARY,P10,34,1,ROBUST_ACTION,A,1,1,0,,0,1,,
PRIMARY,P10,35,1,ROBUST_ACTION,A,1,1,0,,0,1,,
PRIMARY,P10,36,1,ROBUST_ACTION,A,1,1,0,,0,1,,
PRIMARY,P10,37,1,ROBUST_ACTION,A,1,1,0,,0,1,,
PRIMARY,P10,38,1,ROBUST_ACTION,A,1,1,0,,0,1,,
PRIMARY,P10,39,1,ROBUST_ACTION,A,1,1,0,,0,1,,
PRIMARY,P10,40,1,ROBUST_ACTION,A,1,1,0,,0,1,,
PRIMARY,P10,41,1,ROBUST_ACTION,A,1,1,0,,0,1,,
PRIMARY,P10,42,1,ROBUST_ACTION,A,1,1,0,,0,1,,
PRIMARY,P10,43,1,ROBUST_ACTION,A,1,1,0,,0,1,,
PRIMARY,P10,44,1,ROBUST_ACTION,A,1,1,0,,0,1,,
PRIMARY,P10,45,1,ROBUST_ACTION,A,1,1,0,,0,1,,
PRIMARY,P10,46,1,ROBUST_ACTION,A,1,1,0,,0,1,,
PRIMARY,P10,47,1,ROBUST_ACTION,A,1,1,0,,0,1,,
PRIMARY,P10,48,1,ROBUST_ACTION,A,1,1,0,,0,1,,
PRIMARY,P10,49,1,ROBUST_ACTION,A,1,1,0,,0,1,,
PRIMARY,P10,50,1,ROBUST_ACTION,A,1,1,0,,0,1,,
PRIMARY,P10,51,1,ROBUST_ACTION,A,1,1,0,,0,1,,
PRIMARY,P10,52,1,ROBUST_ACTION,A,1,1,0,,0,1,,
PRIMARY,P10,53,1,ROBUST_ACTION,A,1,1,0,,0,1,,
PRIMARY,P10,54,1,ROBUST_ACTION,A,1,1,0,,0,1,,
PRIMARY,P10,55,1,ROBUST_ACTION,A,1,1,0,,0,1,,
PRIMARY,P10,56,1,ROBUST_ACTION,A,1,1,0,,0,1,,
PRIMARY,P10,57,1,ROBUST_ACTION,A,1,1,0,,0,1,,
PRIMARY,P10,58,1,ROBUST_ACTION,A,1,1,0,,0,1,,
PRIMARY,P10,59,1,ROBUST_ACTION,A,1,1,0,,0,1,,
PRIMARY,P10,60,1,ROBUST_ACTION,A,1,1,0,,0,1,,
PRIMARY,P10,61,1,ROBUST_ACTION,A,1,1,0,,0,1,,
PRIMARY,P10,62,1,ROBUST_ACTION,A,1,1,0,,0,1,,
PRIMARY,P10,63,1,ROBUST_ACTION,A,1,1,0,,0,1,,
PRIMARY,P10,64,1,ROBUST_ACTION,A,1,1,0,,0,1,,
PRIMARY,P10,65,1,ROBUST_ACTION,A,1,1,0,,0,1,,
PRIMARY,P10,66,1,ROBUST_ACTION,A,1,1,0,,0,1,,
PRIMARY,P10,67,1,ROBUST_ACTION,A,1,1,0,,0,1,,
PRIMARY,P10,68,1,ROBUST_ACTION,A,1,1,0,,0,1,,
PRIMARY,P10,69,1,ROBUST_ACTION,A,1,1,0,,0,1,,
PRIMARY,P10,70,1,ROBUST_ACTION,A,1,1,0,,0,1,,
PRIMARY,P10,71,1,ROBUST_ACTION,A,1,1,0,,0,1,,
PRIMARY,P10,72,1,ROBUST_ACTION,A,1,1,0,,0,1,,
PRIMARY,P10,73,1,ROBUST_ACTION,A,1,1,0,,0,1,,
PRIMARY,P10,74,1,ROBUST_ACTION,A,1,1,0,,0,1,,
PRIMARY,P10,75,1,ROBUST_ACTION,A,1,1,0,,0,1,,
PRIMARY,P10,76,1,ROBUST_ACTION,A,1,1,0,,0,1,,
PRIMARY,P10,77,1,ROBUST_ACTION,A,1,1,0,,0,1,,
PRIMARY,P10,78,1,ROBUST_ACTION,A,1,1,0,,0,1,,
PRIMARY,P10,79,1,ROBUST_ACTION,A,1,1,0,,0,1,,
PRIMARY,P10,80,1,ROBUST_ACTION,A,1,1,0,,0,1,,
PRIMARY,P10,81,1,ROBUST_ACTION,A,1,1,0,,0,1,,
PRIMARY,P10,82,1,ROBUST_ACTION,A,1,1,0,,0,1,,
PRIMARY,P10,83,1,ROBUST_ACTION,A,1,1,0,,0,1,,
PRIMARY,P10,84,1,ROBUST_ACTION,A,1,1,0,,0,1,,
PRIMARY,P10,85,1,ROBUST_ACTION,A,1,1,0,,0,1,,
PRIMARY,P10,86,1,ROBUST_ACTION,A,1,1,0,,0,1,,
PRIMARY,P10,87,1,ROBUST_ACTION,A,1,1,0,,0,1,,
PRIMARY,P10,88,1,ROBUST_ACTION,A,1,1,0,,0,1,,
PRIMARY,P10,89,1,ROBUST_ACTION,A,1,1,0,,0,1,,
PRIMARY,P10,90,1,ROBUST_ACTION,A,1,1,0,,0,1,,
PRIMARY,P10,91,1,ROBUST_ACTION,A,1,1,0,,0,1,,
PRIMARY,P10,92,1,ROBUST_ACTION,A,1,1,0,,0,1,,
PRIMARY,P10,93,1,ROBUST_ACTION,A,1,1,0,,0,1,,
PRIMARY,P10,94,1,ROBUST_ACTION,A,1,1,0,,0,1,,
PRIMARY,P10,95,1,ROBUST_ACTION,A,1,1,0,,0,1,,
PRIMARY,P10,96,1,ROBUST_ACTION,A,1,1,0,,0,1,,
PRIMARY,P10,97,1,ROBUST_ACTION,A,1,1,0,,0,1,,
PRIMARY,P10,98,1,ROBUST_ACTION,A,1,1,0,,0,1,,
PRIMARY,P10,99,1,ROBUST_ACTION,A,1,1,0,,0,1,,
PRIMARY,P10,100,1,ROBUST_ACTION,A,1,1,0,,0,1,,
PRIMARY,P10,101,1,ROBUST_ACTION,A,1,1,0,,0,1,,
PRIMARY,P10,102,1,ROBUST_ACTION,A,1,1,0,,0,1,,
PRIMARY,P10,103,1,ROBUST_ACTION,A,1,1,0,,0,1,,
PRIMARY,P10,104,1,ROBUST_ACTION,A,1,1,0,,0,1,,
PRIMARY,P10,105,1,ROBUST_ACTION,A,1,1,0,,0,1,,
PRIMARY,P10,106,1,ROBUST_ACTION,A,1,1,0,,0,1,,
PRIMARY,P10,107,1,ROBUST_ACTION,A,1,1,0,,0,1,,
PRIMARY,P10,108,1,ROBUST_ACTION,A,1,1,0,,0,1,,
PRIMARY,P10,109,1,ROBUST_ACTION,A,1,1,0,,0,1,,
PRIMARY,P10,110,1,ROBUST_ACTION,A,1,1,0,,0,1,,
PRIMARY,P10,111,1,ROBUST_ACTION,A,1,1,0,,0,1,,
PRIMARY,P10,112,1,ROBUST_ACTION,A,1,1,0,,0,1,,
PRIMARY,P10,113,1,ROBUST_ACTION,A,1,1,0,,0,1,,
PRIMARY,P10,114,1,ROBUST_ACTION,A,1,1,0,,0,1,,
PRIMARY,P10,115,1,ROBUST_ACTION,A,1,1,0,,0,1,,
PRIMARY,P10,116,1,ROBUST_ACTION,A,1,1,0,,0,1,,
PRIMARY,P10,117,1,ROBUST_ACTION,A,1,1,0,,0,1,,
PRIMARY,P10,118,1,ROBUST_ACTION,A,1,1,0,,0,1,,
PRIMARY,P10,119,1,ROBUST_ACTION,A,1,1,0,,0,1,,
PRIMARY,P10,120,1,ROBUST_ACTION,A,1,1,0,,0,1,,
PRIMARY,P10,121,1,ROBUST_ACTION,A,1,1,0,,0,1,,
PRIMARY,P10,122,1,ROBUST_ACTION,A,1,1,0,,0,1,,
PRIMARY,P10,123,1,ROBUST_ACTION,A,1,1,0,,0,1,,
PRIMARY,P10,124,1,ROBUST_ACTION,A,1,1,0,,0,1,,
PRIMARY,P10,125,1,ROBUST_ACTION,A,1,1,0,,0,1,,
PRIMARY,P10,126,1,ROBUST_ACTION,A,1,1,0,,0,1,,
PRIMARY,P10,127,1,ROBUST_ACTION,A,1,1,0,,0,1,,
PRIMARY,P11,0,1,BLOCKED_MEMORY_AUTHORITY,,1,1,0,,,1,,
PRIMARY,P11,1,1,BLOCKED_MEMORY_AUTHORITY,,1,1,0,,,1,,
PRIMARY,P11,2,1,BLOCKED_MEMORY_AUTHORITY,,1,1,0,,,1,,
PRIMARY,P11,3,1,BLOCKED_MEMORY_AUTHORITY,,1,1,0,,,1,,
PRIMARY,P11,4,1,BLOCKED_MEMORY_AUTHORITY,,1,1,0,,,1,,
PRIMARY,P11,5,1,BLOCKED_MEMORY_AUTHORITY,,1,1,0,,,1,,
PRIMARY,P11,6,1,BLOCKED_MEMORY_AUTHORITY,,1,1,0,,,1,,
PRIMARY,P11,7,1,BLOCKED_MEMORY_AUTHORITY,,1,1,0,,,1,,
PRIMARY,P11,8,1,BLOCKED_MEMORY_AUTHORITY,,1,1,0,,,1,,
PRIMARY,P11,9,1,BLOCKED_MEMORY_AUTHORITY,,1,1,0,,,1,,
PRIMARY,P11,10,1,BLOCKED_MEMORY_AUTHORITY,,1,1,0,,,1,,
PRIMARY,P11,11,1,BLOCKED_MEMORY_AUTHORITY,,1,1,0,,,1,,
PRIMARY,P11,12,1,BLOCKED_MEMORY_AUTHORITY,,1,1,0,,,1,,
PRIMARY,P11,13,1,BLOCKED_MEMORY_AUTHORITY,,1,1,0,,,1,,
PRIMARY,P11,14,1,BLOCKED_MEMORY_AUTHORITY,,1,1,0,,,1,,
PRIMARY,P11,15,1,BLOCKED_MEMORY_AUTHORITY,,1,1,0,,,1,,
PRIMARY,P11,16,1,BLOCKED_MEMORY_AUTHORITY,,1,1,0,,,1,,
PRIMARY,P11,17,1,BLOCKED_MEMORY_AUTHORITY,,1,1,0,,,1,,
PRIMARY,P11,18,1,BLOCKED_MEMORY_AUTHORITY,,1,1,0,,,1,,
PRIMARY,P11,19,1,BLOCKED_MEMORY_AUTHORITY,,1,1,0,,,1,,
PRIMARY,P11,20,1,BLOCKED_MEMORY_AUTHORITY,,1,1,0,,,1,,
PRIMARY,P11,21,1,BLOCKED_MEMORY_AUTHORITY,,1,1,0,,,1,,
PRIMARY,P11,22,1,BLOCKED_MEMORY_AUTHORITY,,1,1,0,,,1,,
PRIMARY,P11,23,1,BLOCKED_MEMORY_AUTHORITY,,1,1,0,,,1,,
PRIMARY,P11,24,1,BLOCKED_MEMORY_AUTHORITY,,1,1,0,,,1,,
PRIMARY,P11,25,1,BLOCKED_MEMORY_AUTHORITY,,1,1,0,,,1,,
PRIMARY,P11,26,1,BLOCKED_MEMORY_AUTHORITY,,1,1,0,,,1,,
PRIMARY,P11,27,1,BLOCKED_MEMORY_AUTHORITY,,1,1,0,,,1,,
PRIMARY,P11,28,1,BLOCKED_MEMORY_AUTHORITY,,1,1,0,,,1,,
PRIMARY,P11,29,1,BLOCKED_MEMORY_AUTHORITY,,1,1,0,,,1,,
PRIMARY,P11,30,1,BLOCKED_MEMORY_AUTHORITY,,1,1,0,,,1,,
PRIMARY,P11,31,1,BLOCKED_MEMORY_AUTHORITY,,1,1,0,,,1,,
PRIMARY,P11,32,1,BLOCKED_MEMORY_AUTHORITY,,1,1,0,,,1,,
PRIMARY,P11,33,1,BLOCKED_MEMORY_AUTHORITY,,1,1,0,,,1,,
PRIMARY,P11,34,1,BLOCKED_MEMORY_AUTHORITY,,1,1,0,,,1,,
PRIMARY,P11,35,1,BLOCKED_MEMORY_AUTHORITY,,1,1,0,,,1,,
PRIMARY,P11,36,1,BLOCKED_MEMORY_AUTHORITY,,1,1,0,,,1,,
PRIMARY,P11,37,1,BLOCKED_MEMORY_AUTHORITY,,1,1,0,,,1,,
PRIMARY,P11,38,1,BLOCKED_MEMORY_AUTHORITY,,1,1,0,,,1,,
PRIMARY,P11,39,1,BLOCKED_MEMORY_AUTHORITY,,1,1,0,,,1,,
PRIMARY,P11,40,1,BLOCKED_MEMORY_AUTHORITY,,1,1,0,,,1,,
PRIMARY,P11,41,1,BLOCKED_MEMORY_AUTHORITY,,1,1,0,,,1,,
PRIMARY,P11,42,1,BLOCKED_MEMORY_AUTHORITY,,1,1,0,,,1,,
PRIMARY,P11,43,1,BLOCKED_MEMORY_AUTHORITY,,1,1,0,,,1,,
PRIMARY,P11,44,1,BLOCKED_MEMORY_AUTHORITY,,1,1,0,,,1,,
PRIMARY,P11,45,1,BLOCKED_MEMORY_AUTHORITY,,1,1,0,,,1,,
PRIMARY,P11,46,1,BLOCKED_MEMORY_AUTHORITY,,1,1,0,,,1,,
PRIMARY,P11,47,1,BLOCKED_MEMORY_AUTHORITY,,1,1,0,,,1,,
PRIMARY,P11,48,1,BLOCKED_MEMORY_AUTHORITY,,1,1,0,,,1,,
PRIMARY,P11,49,1,BLOCKED_MEMORY_AUTHORITY,,1,1,0,,,1,,
PRIMARY,P11,50,1,BLOCKED_MEMORY_AUTHORITY,,1,1,0,,,1,,
PRIMARY,P11,51,1,BLOCKED_MEMORY_AUTHORITY,,1,1,0,,,1,,
PRIMARY,P11,52,1,BLOCKED_MEMORY_AUTHORITY,,1,1,0,,,1,,
PRIMARY,P11,53,1,BLOCKED_MEMORY_AUTHORITY,,1,1,0,,,1,,
PRIMARY,P11,54,1,BLOCKED_MEMORY_AUTHORITY,,1,1,0,,,1,,
PRIMARY,P11,55,1,BLOCKED_MEMORY_AUTHORITY,,1,1,0,,,1,,
PRIMARY,P11,56,1,BLOCKED_MEMORY_AUTHORITY,,1,1,0,,,1,,
PRIMARY,P11,57,1,BLOCKED_MEMORY_AUTHORITY,,1,1,0,,,1,,
PRIMARY,P11,58,1,BLOCKED_MEMORY_AUTHORITY,,1,1,0,,,1,,
PRIMARY,P11,59,1,BLOCKED_MEMORY_AUTHORITY,,1,1,0,,,1,,
PRIMARY,P11,60,1,BLOCKED_MEMORY_AUTHORITY,,1,1,0,,,1,,
PRIMARY,P11,61,1,BLOCKED_MEMORY_AUTHORITY,,1,1,0,,,1,,
PRIMARY,P11,62,1,BLOCKED_MEMORY_AUTHORITY,,1,1,0,,,1,,
PRIMARY,P11,63,1,BLOCKED_MEMORY_AUTHORITY,,1,1,0,,,1,,
PRIMARY,P11,64,1,BLOCKED_MEMORY_AUTHORITY,,1,1,0,,,1,,
PRIMARY,P11,65,1,BLOCKED_MEMORY_AUTHORITY,,1,1,0,,,1,,
PRIMARY,P11,66,1,BLOCKED_MEMORY_AUTHORITY,,1,1,0,,,1,,
PRIMARY,P11,67,1,BLOCKED_MEMORY_AUTHORITY,,1,1,0,,,1,,
PRIMARY,P11,68,1,BLOCKED_MEMORY_AUTHORITY,,1,1,0,,,1,,
PRIMARY,P11,69,1,BLOCKED_MEMORY_AUTHORITY,,1,1,0,,,1,,
PRIMARY,P11,70,1,BLOCKED_MEMORY_AUTHORITY,,1,1,0,,,1,,
PRIMARY,P11,71,1,BLOCKED_MEMORY_AUTHORITY,,1,1,0,,,1,,
PRIMARY,P11,72,1,BLOCKED_MEMORY_AUTHORITY,,1,1,0,,,1,,
PRIMARY,P11,73,1,BLOCKED_MEMORY_AUTHORITY,,1,1,0,,,1,,
PRIMARY,P11,74,1,BLOCKED_MEMORY_AUTHORITY,,1,1,0,,,1,,
PRIMARY,P11,75,1,BLOCKED_MEMORY_AUTHORITY,,1,1,0,,,1,,
PRIMARY,P11,76,1,BLOCKED_MEMORY_AUTHORITY,,1,1,0,,,1,,
PRIMARY,P11,77,1,BLOCKED_MEMORY_AUTHORITY,,1,1,0,,,1,,
PRIMARY,P11,78,1,BLOCKED_MEMORY_AUTHORITY,,1,1,0,,,1,,
PRIMARY,P11,79,1,BLOCKED_MEMORY_AUTHORITY,,1,1,0,,,1,,
PRIMARY,P11,80,1,BLOCKED_MEMORY_AUTHORITY,,1,1,0,,,1,,
PRIMARY,P11,81,1,BLOCKED_MEMORY_AUTHORITY,,1,1,0,,,1,,
PRIMARY,P11,82,1,BLOCKED_MEMORY_AUTHORITY,,1,1,0,,,1,,
PRIMARY,P11,83,1,BLOCKED_MEMORY_AUTHORITY,,1,1,0,,,1,,
PRIMARY,P11,84,1,BLOCKED_MEMORY_AUTHORITY,,1,1,0,,,1,,
PRIMARY,P11,85,1,BLOCKED_MEMORY_AUTHORITY,,1,1,0,,,1,,
PRIMARY,P11,86,1,BLOCKED_MEMORY_AUTHORITY,,1,1,0,,,1,,
PRIMARY,P11,87,1,BLOCKED_MEMORY_AUTHORITY,,1,1,0,,,1,,
PRIMARY,P11,88,1,BLOCKED_MEMORY_AUTHORITY,,1,1,0,,,1,,
PRIMARY,P11,89,1,BLOCKED_MEMORY_AUTHORITY,,1,1,0,,,1,,
PRIMARY,P11,90,1,BLOCKED_MEMORY_AUTHORITY,,1,1,0,,,1,,
PRIMARY,P11,91,1,BLOCKED_MEMORY_AUTHORITY,,1,1,0,,,1,,
PRIMARY,P11,92,1,BLOCKED_MEMORY_AUTHORITY,,1,1,0,,,1,,
PRIMARY,P11,93,1,BLOCKED_MEMORY_AUTHORITY,,1,1,0,,,1,,
PRIMARY,P11,94,1,BLOCKED_MEMORY_AUTHORITY,,1,1,0,,,1,,
PRIMARY,P11,95,1,BLOCKED_MEMORY_AUTHORITY,,1,1,0,,,1,,
PRIMARY,P11,96,1,BLOCKED_MEMORY_AUTHORITY,,1,1,0,,,1,,
PRIMARY,P11,97,1,BLOCKED_MEMORY_AUTHORITY,,1,1,0,,,1,,
PRIMARY,P11,98,1,BLOCKED_MEMORY_AUTHORITY,,1,1,0,,,1,,
PRIMARY,P11,99,1,BLOCKED_MEMORY_AUTHORITY,,1,1,0,,,1,,
PRIMARY,P11,100,1,BLOCKED_MEMORY_AUTHORITY,,1,1,0,,,1,,
PRIMARY,P11,101,1,BLOCKED_MEMORY_AUTHORITY,,1,1,0,,,1,,
PRIMARY,P11,102,1,BLOCKED_MEMORY_AUTHORITY,,1,1,0,,,1,,
PRIMARY,P11,103,1,BLOCKED_MEMORY_AUTHORITY,,1,1,0,,,1,,
PRIMARY,P11,104,1,BLOCKED_MEMORY_AUTHORITY,,1,1,0,,,1,,
PRIMARY,P11,105,1,BLOCKED_MEMORY_AUTHORITY,,1,1,0,,,1,,
PRIMARY,P11,106,1,BLOCKED_MEMORY_AUTHORITY,,1,1,0,,,1,,
PRIMARY,P11,107,1,BLOCKED_MEMORY_AUTHORITY,,1,1,0,,,1,,
PRIMARY,P11,108,1,BLOCKED_MEMORY_AUTHORITY,,1,1,0,,,1,,
PRIMARY,P11,109,1,BLOCKED_MEMORY_AUTHORITY,,1,1,0,,,1,,
PRIMARY,P11,110,1,BLOCKED_MEMORY_AUTHORITY,,1,1,0,,,1,,
PRIMARY,P11,111,1,BLOCKED_MEMORY_AUTHORITY,,1,1,0,,,1,,
PRIMARY,P11,112,1,BLOCKED_MEMORY_AUTHORITY,,1,1,0,,,1,,
PRIMARY,P11,113,1,BLOCKED_MEMORY_AUTHORITY,,1,1,0,,,1,,
PRIMARY,P11,114,1,BLOCKED_MEMORY_AUTHORITY,,1,1,0,,,1,,
PRIMARY,P11,115,1,BLOCKED_MEMORY_AUTHORITY,,1,1,0,,,1,,
PRIMARY,P11,116,1,BLOCKED_MEMORY_AUTHORITY,,1,1,0,,,1,,
PRIMARY,P11,117,1,BLOCKED_MEMORY_AUTHORITY,,1,1,0,,,1,,
PRIMARY,P11,118,1,BLOCKED_MEMORY_AUTHORITY,,1,1,0,,,1,,
PRIMARY,P11,119,1,BLOCKED_MEMORY_AUTHORITY,,1,1,0,,,1,,
PRIMARY,P11,120,1,BLOCKED_MEMORY_AUTHORITY,,1,1,0,,,1,,
PRIMARY,P11,121,1,BLOCKED_MEMORY_AUTHORITY,,1,1,0,,,1,,
PRIMARY,P11,122,1,BLOCKED_MEMORY_AUTHORITY,,1,1,0,,,1,,
PRIMARY,P11,123,1,BLOCKED_MEMORY_AUTHORITY,,1,1,0,,,1,,
PRIMARY,P11,124,1,BLOCKED_MEMORY_AUTHORITY,,1,1,0,,,1,,
PRIMARY,P11,125,1,BLOCKED_MEMORY_AUTHORITY,,1,1,0,,,1,,
PRIMARY,P11,126,1,BLOCKED_MEMORY_AUTHORITY,,1,1,0,,,1,,
PRIMARY,P11,127,1,BLOCKED_MEMORY_AUTHORITY,,1,1,0,,,1,,
REPLICATION,P0,0,1,ROBUST_ACTION,A,1,1,0,,,1,,
REPLICATION,P0,1,1,ROBUST_ACTION,A,1,1,0,,,1,,
REPLICATION,P0,2,1,ROBUST_ACTION,A,1,1,0,,,1,,
REPLICATION,P0,3,1,ROBUST_ACTION,A,1,1,0,,,1,,
REPLICATION,P0,4,1,ROBUST_ACTION,A,1,1,0,,,1,,
REPLICATION,P0,5,1,ROBUST_ACTION,A,1,1,0,,,1,,
REPLICATION,P0,6,1,ROBUST_ACTION,A,1,1,0,,,1,,
REPLICATION,P0,7,1,ROBUST_ACTION,A,1,1,0,,,1,,
REPLICATION,P0,8,1,ROBUST_ACTION,A,1,1,0,,,1,,
REPLICATION,P0,9,1,ROBUST_ACTION,A,1,1,0,,,1,,
REPLICATION,P0,10,1,ROBUST_ACTION,A,1,1,0,,,1,,
REPLICATION,P0,11,1,ROBUST_ACTION,A,1,1,0,,,1,,
REPLICATION,P0,12,1,ROBUST_ACTION,A,1,1,0,,,1,,
REPLICATION,P0,13,1,ROBUST_ACTION,A,1,1,0,,,1,,
REPLICATION,P0,14,1,ROBUST_ACTION,A,1,1,0,,,1,,
REPLICATION,P0,15,1,ROBUST_ACTION,A,1,1,0,,,1,,
REPLICATION,P0,16,1,ROBUST_ACTION,A,1,1,0,,,1,,
REPLICATION,P0,17,1,ROBUST_ACTION,A,1,1,0,,,1,,
REPLICATION,P0,18,1,ROBUST_ACTION,A,1,1,0,,,1,,
REPLICATION,P0,19,1,ROBUST_ACTION,A,1,1,0,,,1,,
REPLICATION,P0,20,1,ROBUST_ACTION,A,1,1,0,,,1,,
REPLICATION,P0,21,1,ROBUST_ACTION,A,1,1,0,,,1,,
REPLICATION,P0,22,1,ROBUST_ACTION,A,1,1,0,,,1,,
REPLICATION,P0,23,1,ROBUST_ACTION,A,1,1,0,,,1,,
REPLICATION,P0,24,1,ROBUST_ACTION,A,1,1,0,,,1,,
REPLICATION,P0,25,1,ROBUST_ACTION,A,1,1,0,,,1,,
REPLICATION,P0,26,1,ROBUST_ACTION,A,1,1,0,,,1,,
REPLICATION,P0,27,1,ROBUST_ACTION,A,1,1,0,,,1,,
REPLICATION,P0,28,1,ROBUST_ACTION,A,1,1,0,,,1,,
REPLICATION,P0,29,1,ROBUST_ACTION,A,1,1,0,,,1,,
REPLICATION,P0,30,1,ROBUST_ACTION,A,1,1,0,,,1,,
REPLICATION,P0,31,1,ROBUST_ACTION,A,1,1,0,,,1,,
REPLICATION,P0,32,1,ROBUST_ACTION,A,1,1,0,,,1,,
REPLICATION,P0,33,1,ROBUST_ACTION,A,1,1,0,,,1,,
REPLICATION,P0,34,1,ROBUST_ACTION,A,1,1,0,,,1,,
REPLICATION,P0,35,1,ROBUST_ACTION,A,1,1,0,,,1,,
REPLICATION,P0,36,1,ROBUST_ACTION,A,1,1,0,,,1,,
REPLICATION,P0,37,1,ROBUST_ACTION,A,1,1,0,,,1,,
REPLICATION,P0,38,1,ROBUST_ACTION,A,1,1,0,,,1,,
REPLICATION,P0,39,1,ROBUST_ACTION,A,1,1,0,,,1,,
REPLICATION,P0,40,1,ROBUST_ACTION,A,1,1,0,,,1,,
REPLICATION,P0,41,1,ROBUST_ACTION,A,1,1,0,,,1,,
REPLICATION,P0,42,1,ROBUST_ACTION,A,1,1,0,,,1,,
REPLICATION,P0,43,1,ROBUST_ACTION,A,1,1,0,,,1,,
REPLICATION,P0,44,1,ROBUST_ACTION,A,1,1,0,,,1,,
REPLICATION,P0,45,1,ROBUST_ACTION,A,1,1,0,,,1,,
REPLICATION,P0,46,1,ROBUST_ACTION,A,1,1,0,,,1,,
REPLICATION,P0,47,1,ROBUST_ACTION,A,1,1,0,,,1,,
REPLICATION,P0,48,1,ROBUST_ACTION,A,1,1,0,,,1,,
REPLICATION,P0,49,1,ROBUST_ACTION,A,1,1,0,,,1,,
REPLICATION,P0,50,1,ROBUST_ACTION,A,1,1,0,,,1,,
REPLICATION,P0,51,1,ROBUST_ACTION,A,1,1,0,,,1,,
REPLICATION,P0,52,1,ROBUST_ACTION,A,1,1,0,,,1,,
REPLICATION,P0,53,1,ROBUST_ACTION,A,1,1,0,,,1,,
REPLICATION,P0,54,1,ROBUST_ACTION,A,1,1,0,,,1,,
REPLICATION,P0,55,1,ROBUST_ACTION,A,1,1,0,,,1,,
REPLICATION,P0,56,1,ROBUST_ACTION,A,1,1,0,,,1,,
REPLICATION,P0,57,1,ROBUST_ACTION,A,1,1,0,,,1,,
REPLICATION,P0,58,1,ROBUST_ACTION,A,1,1,0,,,1,,
REPLICATION,P0,59,1,ROBUST_ACTION,A,1,1,0,,,1,,
REPLICATION,P0,60,1,ROBUST_ACTION,A,1,1,0,,,1,,
REPLICATION,P0,61,1,ROBUST_ACTION,A,1,1,0,,,1,,
REPLICATION,P0,62,1,ROBUST_ACTION,A,1,1,0,,,1,,
REPLICATION,P0,63,1,ROBUST_ACTION,A,1,1,0,,,1,,
REPLICATION,P0,64,1,ROBUST_ACTION,A,1,1,0,,,1,,
REPLICATION,P0,65,1,ROBUST_ACTION,A,1,1,0,,,1,,
REPLICATION,P0,66,1,ROBUST_ACTION,A,1,1,0,,,1,,
REPLICATION,P0,67,1,ROBUST_ACTION,A,1,1,0,,,1,,
REPLICATION,P0,68,1,ROBUST_ACTION,A,1,1,0,,,1,,
REPLICATION,P0,69,1,ROBUST_ACTION,A,1,1,0,,,1,,
REPLICATION,P0,70,1,ROBUST_ACTION,A,1,1,0,,,1,,
REPLICATION,P0,71,1,ROBUST_ACTION,A,1,1,0,,,1,,
REPLICATION,P0,72,1,ROBUST_ACTION,A,1,1,0,,,1,,
REPLICATION,P0,73,1,ROBUST_ACTION,A,1,1,0,,,1,,
REPLICATION,P0,74,1,ROBUST_ACTION,A,1,1,0,,,1,,
REPLICATION,P0,75,1,ROBUST_ACTION,A,1,1,0,,,1,,
REPLICATION,P0,76,1,ROBUST_ACTION,A,1,1,0,,,1,,
REPLICATION,P0,77,1,ROBUST_ACTION,A,1,1,0,,,1,,
REPLICATION,P0,78,1,ROBUST_ACTION,A,1,1,0,,,1,,
REPLICATION,P0,79,1,ROBUST_ACTION,A,1,1,0,,,1,,
REPLICATION,P0,80,1,ROBUST_ACTION,A,1,1,0,,,1,,
REPLICATION,P0,81,1,ROBUST_ACTION,A,1,1,0,,,1,,
REPLICATION,P0,82,1,ROBUST_ACTION,A,1,1,0,,,1,,
REPLICATION,P0,83,1,ROBUST_ACTION,A,1,1,0,,,1,,
REPLICATION,P0,84,1,ROBUST_ACTION,A,1,1,0,,,1,,
REPLICATION,P0,85,1,ROBUST_ACTION,A,1,1,0,,,1,,
REPLICATION,P0,86,1,ROBUST_ACTION,A,1,1,0,,,1,,
REPLICATION,P0,87,1,ROBUST_ACTION,A,1,1,0,,,1,,
REPLICATION,P0,88,1,ROBUST_ACTION,A,1,1,0,,,1,,
REPLICATION,P0,89,1,ROBUST_ACTION,A,1,1,0,,,1,,
REPLICATION,P0,90,1,ROBUST_ACTION,A,1,1,0,,,1,,
REPLICATION,P0,91,1,ROBUST_ACTION,A,1,1,0,,,1,,
REPLICATION,P0,92,1,ROBUST_ACTION,A,1,1,0,,,1,,
REPLICATION,P0,93,1,ROBUST_ACTION,A,1,1,0,,,1,,
REPLICATION,P0,94,1,ROBUST_ACTION,A,1,1,0,,,1,,
REPLICATION,P0,95,1,ROBUST_ACTION,A,1,1,0,,,1,,
REPLICATION,P0,96,1,ROBUST_ACTION,A,1,1,0,,,1,,
REPLICATION,P0,97,1,ROBUST_ACTION,A,1,1,0,,,1,,
REPLICATION,P0,98,1,ROBUST_ACTION,A,1,1,0,,,1,,
REPLICATION,P0,99,1,ROBUST_ACTION,A,1,1,0,,,1,,
REPLICATION,P0,100,1,ROBUST_ACTION,A,1,1,0,,,1,,
REPLICATION,P0,101,1,ROBUST_ACTION,A,1,1,0,,,1,,
REPLICATION,P0,102,1,ROBUST_ACTION,A,1,1,0,,,1,,
REPLICATION,P0,103,1,ROBUST_ACTION,A,1,1,0,,,1,,
REPLICATION,P0,104,1,ROBUST_ACTION,A,1,1,0,,,1,,
REPLICATION,P0,105,1,ROBUST_ACTION,A,1,1,0,,,1,,
REPLICATION,P0,106,1,ROBUST_ACTION,A,1,1,0,,,1,,
REPLICATION,P0,107,1,ROBUST_ACTION,A,1,1,0,,,1,,
REPLICATION,P0,108,1,ROBUST_ACTION,A,1,1,0,,,1,,
REPLICATION,P0,109,1,ROBUST_ACTION,A,1,1,0,,,1,,
REPLICATION,P0,110,1,ROBUST_ACTION,A,1,1,0,,,1,,
REPLICATION,P0,111,1,ROBUST_ACTION,A,1,1,0,,,1,,
REPLICATION,P0,112,1,ROBUST_ACTION,A,1,1,0,,,1,,
REPLICATION,P0,113,1,ROBUST_ACTION,A,1,1,0,,,1,,
REPLICATION,P0,114,1,ROBUST_ACTION,A,1,1,0,,,1,,
REPLICATION,P0,115,1,ROBUST_ACTION,A,1,1,0,,,1,,
REPLICATION,P0,116,1,ROBUST_ACTION,A,1,1,0,,,1,,
REPLICATION,P0,117,1,ROBUST_ACTION,A,1,1,0,,,1,,
REPLICATION,P0,118,1,ROBUST_ACTION,A,1,1,0,,,1,,
REPLICATION,P0,119,1,ROBUST_ACTION,A,1,1,0,,,1,,
REPLICATION,P0,120,1,ROBUST_ACTION,A,1,1,0,,,1,,
REPLICATION,P0,121,1,ROBUST_ACTION,A,1,1,0,,,1,,
REPLICATION,P0,122,1,ROBUST_ACTION,A,1,1,0,,,1,,
REPLICATION,P0,123,1,ROBUST_ACTION,A,1,1,0,,,1,,
REPLICATION,P0,124,1,ROBUST_ACTION,A,1,1,0,,,1,,
REPLICATION,P0,125,1,ROBUST_ACTION,A,1,1,0,,,1,,
REPLICATION,P0,126,1,ROBUST_ACTION,A,1,1,0,,,1,,
REPLICATION,P0,127,1,ROBUST_ACTION,A,1,1,0,,,1,,
REPLICATION,P1,0,1,ABSTAIN_WORLD_DISAGREEMENT,,1,1,0,,,1,,
REPLICATION,P1,1,1,ABSTAIN_WORLD_DISAGREEMENT,,1,1,0,,,1,,
REPLICATION,P1,2,1,ABSTAIN_WORLD_DISAGREEMENT,,1,1,0,,,1,,
REPLICATION,P1,3,1,ABSTAIN_WORLD_DISAGREEMENT,,1,1,0,,,1,,
REPLICATION,P1,4,1,ABSTAIN_WORLD_DISAGREEMENT,,1,1,0,,,1,,
REPLICATION,P1,5,1,ABSTAIN_WORLD_DISAGREEMENT,,1,1,0,,,1,,
REPLICATION,P1,6,1,ABSTAIN_WORLD_DISAGREEMENT,,1,1,0,,,1,,
REPLICATION,P1,7,1,ABSTAIN_WORLD_DISAGREEMENT,,1,1,0,,,1,,
REPLICATION,P1,8,1,ABSTAIN_WORLD_DISAGREEMENT,,1,1,0,,,1,,
REPLICATION,P1,9,1,ABSTAIN_WORLD_DISAGREEMENT,,1,1,0,,,1,,
REPLICATION,P1,10,1,ABSTAIN_WORLD_DISAGREEMENT,,1,1,0,,,1,,
REPLICATION,P1,11,1,ABSTAIN_WORLD_DISAGREEMENT,,1,1,0,,,1,,
REPLICATION,P1,12,1,ABSTAIN_WORLD_DISAGREEMENT,,1,1,0,,,1,,
REPLICATION,P1,13,1,ABSTAIN_WORLD_DISAGREEMENT,,1,1,0,,,1,,
REPLICATION,P1,14,1,ABSTAIN_WORLD_DISAGREEMENT,,1,1,0,,,1,,
REPLICATION,P1,15,1,ABSTAIN_WORLD_DISAGREEMENT,,1,1,0,,,1,,
REPLICATION,P1,16,1,ABSTAIN_WORLD_DISAGREEMENT,,1,1,0,,,1,,
REPLICATION,P1,17,1,ABSTAIN_WORLD_DISAGREEMENT,,1,1,0,,,1,,
REPLICATION,P1,18,1,ABSTAIN_WORLD_DISAGREEMENT,,1,1,0,,,1,,
REPLICATION,P1,19,1,ABSTAIN_WORLD_DISAGREEMENT,,1,1,0,,,1,,
REPLICATION,P1,20,1,ABSTAIN_WORLD_DISAGREEMENT,,1,1,0,,,1,,
REPLICATION,P1,21,1,ABSTAIN_WORLD_DISAGREEMENT,,1,1,0,,,1,,
REPLICATION,P1,22,1,ABSTAIN_WORLD_DISAGREEMENT,,1,1,0,,,1,,
REPLICATION,P1,23,1,ABSTAIN_WORLD_DISAGREEMENT,,1,1,0,,,1,,
REPLICATION,P1,24,1,ABSTAIN_WORLD_DISAGREEMENT,,1,1,0,,,1,,
REPLICATION,P1,25,1,ABSTAIN_WORLD_DISAGREEMENT,,1,1,0,,,1,,
REPLICATION,P1,26,1,ABSTAIN_WORLD_DISAGREEMENT,,1,1,0,,,1,,
REPLICATION,P1,27,1,ABSTAIN_WORLD_DISAGREEMENT,,1,1,0,,,1,,
REPLICATION,P1,28,1,ABSTAIN_WORLD_DISAGREEMENT,,1,1,0,,,1,,
REPLICATION,P1,29,1,ABSTAIN_WORLD_DISAGREEMENT,,1,1,0,,,1,,
REPLICATION,P1,30,1,ABSTAIN_WORLD_DISAGREEMENT,,1,1,0,,,1,,
REPLICATION,P1,31,1,ABSTAIN_WORLD_DISAGREEMENT,,1,1,0,,,1,,
REPLICATION,P1,32,1,ABSTAIN_WORLD_DISAGREEMENT,,1,1,0,,,1,,
REPLICATION,P1,33,1,ABSTAIN_WORLD_DISAGREEMENT,,1,1,0,,,1,,
REPLICATION,P1,34,1,ABSTAIN_WORLD_DISAGREEMENT,,1,1,0,,,1,,
REPLICATION,P1,35,1,ABSTAIN_WORLD_DISAGREEMENT,,1,1,0,,,1,,
REPLICATION,P1,36,1,ABSTAIN_WORLD_DISAGREEMENT,,1,1,0,,,1,,
REPLICATION,P1,37,1,ABSTAIN_WORLD_DISAGREEMENT,,1,1,0,,,1,,
REPLICATION,P1,38,1,ABSTAIN_WORLD_DISAGREEMENT,,1,1,0,,,1,,
REPLICATION,P1,39,1,ABSTAIN_WORLD_DISAGREEMENT,,1,1,0,,,1,,
REPLICATION,P1,40,1,ABSTAIN_WORLD_DISAGREEMENT,,1,1,0,,,1,,
REPLICATION,P1,41,1,ABSTAIN_WORLD_DISAGREEMENT,,1,1,0,,,1,,
REPLICATION,P1,42,1,ABSTAIN_WORLD_DISAGREEMENT,,1,1,0,,,1,,
REPLICATION,P1,43,1,ABSTAIN_WORLD_DISAGREEMENT,,1,1,0,,,1,,
REPLICATION,P1,44,1,ABSTAIN_WORLD_DISAGREEMENT,,1,1,0,,,1,,
REPLICATION,P1,45,1,ABSTAIN_WORLD_DISAGREEMENT,,1,1,0,,,1,,
REPLICATION,P1,46,1,ABSTAIN_WORLD_DISAGREEMENT,,1,1,0,,,1,,
REPLICATION,P1,47,1,ABSTAIN_WORLD_DISAGREEMENT,,1,1,0,,,1,,
REPLICATION,P1,48,1,ABSTAIN_WORLD_DISAGREEMENT,,1,1,0,,,1,,
REPLICATION,P1,49,1,ABSTAIN_WORLD_DISAGREEMENT,,1,1,0,,,1,,
REPLICATION,P1,50,1,ABSTAIN_WORLD_DISAGREEMENT,,1,1,0,,,1,,
REPLICATION,P1,51,1,ABSTAIN_WORLD_DISAGREEMENT,,1,1,0,,,1,,
REPLICATION,P1,52,1,ABSTAIN_WORLD_DISAGREEMENT,,1,1,0,,,1,,
REPLICATION,P1,53,1,ABSTAIN_WORLD_DISAGREEMENT,,1,1,0,,,1,,
REPLICATION,P1,54,1,ABSTAIN_WORLD_DISAGREEMENT,,1,1,0,,,1,,
REPLICATION,P1,55,1,ABSTAIN_WORLD_DISAGREEMENT,,1,1,0,,,1,,
REPLICATION,P1,56,1,ABSTAIN_WORLD_DISAGREEMENT,,1,1,0,,,1,,
REPLICATION,P1,57,1,ABSTAIN_WORLD_DISAGREEMENT,,1,1,0,,,1,,
REPLICATION,P1,58,1,ABSTAIN_WORLD_DISAGREEMENT,,1,1,0,,,1,,
REPLICATION,P1,59,1,ABSTAIN_WORLD_DISAGREEMENT,,1,1,0,,,1,,
REPLICATION,P1,60,1,ABSTAIN_WORLD_DISAGREEMENT,,1,1,0,,,1,,
REPLICATION,P1,61,1,ABSTAIN_WORLD_DISAGREEMENT,,1,1,0,,,1,,
REPLICATION,P1,62,1,ABSTAIN_WORLD_DISAGREEMENT,,1,1,0,,,1,,
REPLICATION,P1,63,1,ABSTAIN_WORLD_DISAGREEMENT,,1,1,0,,,1,,
REPLICATION,P1,64,1,ABSTAIN_WORLD_DISAGREEMENT,,1,1,0,,,1,,
REPLICATION,P1,65,1,ABSTAIN_WORLD_DISAGREEMENT,,1,1,0,,,1,,
REPLICATION,P1,66,1,ABSTAIN_WORLD_DISAGREEMENT,,1,1,0,,,1,,
REPLICATION,P1,67,1,ABSTAIN_WORLD_DISAGREEMENT,,1,1,0,,,1,,
REPLICATION,P1,68,1,ABSTAIN_WORLD_DISAGREEMENT,,1,1,0,,,1,,
REPLICATION,P1,69,1,ABSTAIN_WORLD_DISAGREEMENT,,1,1,0,,,1,,
REPLICATION,P1,70,1,ABSTAIN_WORLD_DISAGREEMENT,,1,1,0,,,1,,
REPLICATION,P1,71,1,ABSTAIN_WORLD_DISAGREEMENT,,1,1,0,,,1,,
REPLICATION,P1,72,1,ABSTAIN_WORLD_DISAGREEMENT,,1,1,0,,,1,,
REPLICATION,P1,73,1,ABSTAIN_WORLD_DISAGREEMENT,,1,1,0,,,1,,
REPLICATION,P1,74,1,ABSTAIN_WORLD_DISAGREEMENT,,1,1,0,,,1,,
REPLICATION,P1,75,1,ABSTAIN_WORLD_DISAGREEMENT,,1,1,0,,,1,,
REPLICATION,P1,76,1,ABSTAIN_WORLD_DISAGREEMENT,,1,1,0,,,1,,
REPLICATION,P1,77,1,ABSTAIN_WORLD_DISAGREEMENT,,1,1,0,,,1,,
REPLICATION,P1,78,1,ABSTAIN_WORLD_DISAGREEMENT,,1,1,0,,,1,,
REPLICATION,P1,79,1,ABSTAIN_WORLD_DISAGREEMENT,,1,1,0,,,1,,
REPLICATION,P1,80,1,ABSTAIN_WORLD_DISAGREEMENT,,1,1,0,,,1,,
REPLICATION,P1,81,1,ABSTAIN_WORLD_DISAGREEMENT,,1,1,0,,,1,,
REPLICATION,P1,82,1,ABSTAIN_WORLD_DISAGREEMENT,,1,1,0,,,1,,
REPLICATION,P1,83,1,ABSTAIN_WORLD_DISAGREEMENT,,1,1,0,,,1,,
REPLICATION,P1,84,1,ABSTAIN_WORLD_DISAGREEMENT,,1,1,0,,,1,,
REPLICATION,P1,85,1,ABSTAIN_WORLD_DISAGREEMENT,,1,1,0,,,1,,
REPLICATION,P1,86,1,ABSTAIN_WORLD_DISAGREEMENT,,1,1,0,,,1,,
REPLICATION,P1,87,1,ABSTAIN_WORLD_DISAGREEMENT,,1,1,0,,,1,,
REPLICATION,P1,88,1,ABSTAIN_WORLD_DISAGREEMENT,,1,1,0,,,1,,
REPLICATION,P1,89,1,ABSTAIN_WORLD_DISAGREEMENT,,1,1,0,,,1,,
REPLICATION,P1,90,1,ABSTAIN_WORLD_DISAGREEMENT,,1,1,0,,,1,,
REPLICATION,P1,91,1,ABSTAIN_WORLD_DISAGREEMENT,,1,1,0,,,1,,
REPLICATION,P1,92,1,ABSTAIN_WORLD_DISAGREEMENT,,1,1,0,,,1,,
REPLICATION,P1,93,1,ABSTAIN_WORLD_DISAGREEMENT,,1,1,0,,,1,,
REPLICATION,P1,94,1,ABSTAIN_WORLD_DISAGREEMENT,,1,1,0,,,1,,
REPLICATION,P1,95,1,ABSTAIN_WORLD_DISAGREEMENT,,1,1,0,,,1,,
REPLICATION,P1,96,1,ABSTAIN_WORLD_DISAGREEMENT,,1,1,0,,,1,,
REPLICATION,P1,97,1,ABSTAIN_WORLD_DISAGREEMENT,,1,1,0,,,1,,
REPLICATION,P1,98,1,ABSTAIN_WORLD_DISAGREEMENT,,1,1,0,,,1,,
REPLICATION,P1,99,1,ABSTAIN_WORLD_DISAGREEMENT,,1,1,0,,,1,,
REPLICATION,P1,100,1,ABSTAIN_WORLD_DISAGREEMENT,,1,1,0,,,1,,
REPLICATION,P1,101,1,ABSTAIN_WORLD_DISAGREEMENT,,1,1,0,,,1,,
REPLICATION,P1,102,1,ABSTAIN_WORLD_DISAGREEMENT,,1,1,0,,,1,,
REPLICATION,P1,103,1,ABSTAIN_WORLD_DISAGREEMENT,,1,1,0,,,1,,
REPLICATION,P1,104,1,ABSTAIN_WORLD_DISAGREEMENT,,1,1,0,,,1,,
REPLICATION,P1,105,1,ABSTAIN_WORLD_DISAGREEMENT,,1,1,0,,,1,,
REPLICATION,P1,106,1,ABSTAIN_WORLD_DISAGREEMENT,,1,1,0,,,1,,
REPLICATION,P1,107,1,ABSTAIN_WORLD_DISAGREEMENT,,1,1,0,,,1,,
REPLICATION,P1,108,1,ABSTAIN_WORLD_DISAGREEMENT,,1,1,0,,,1,,
REPLICATION,P1,109,1,ABSTAIN_WORLD_DISAGREEMENT,,1,1,0,,,1,,
REPLICATION,P1,110,1,ABSTAIN_WORLD_DISAGREEMENT,,1,1,0,,,1,,
REPLICATION,P1,111,1,ABSTAIN_WORLD_DISAGREEMENT,,1,1,0,,,1,,
REPLICATION,P1,112,1,ABSTAIN_WORLD_DISAGREEMENT,,1,1,0,,,1,,
REPLICATION,P1,113,1,ABSTAIN_WORLD_DISAGREEMENT,,1,1,0,,,1,,
REPLICATION,P1,114,1,ABSTAIN_WORLD_DISAGREEMENT,,1,1,0,,,1,,
REPLICATION,P1,115,1,ABSTAIN_WORLD_DISAGREEMENT,,1,1,0,,,1,,
REPLICATION,P1,116,1,ABSTAIN_WORLD_DISAGREEMENT,,1,1,0,,,1,,
REPLICATION,P1,117,1,ABSTAIN_WORLD_DISAGREEMENT,,1,1,0,,,1,,
REPLICATION,P1,118,1,ABSTAIN_WORLD_DISAGREEMENT,,1,1,0,,,1,,
REPLICATION,P1,119,1,ABSTAIN_WORLD_DISAGREEMENT,,1,1,0,,,1,,
REPLICATION,P1,120,1,ABSTAIN_WORLD_DISAGREEMENT,,1,1,0,,,1,,
REPLICATION,P1,121,1,ABSTAIN_WORLD_DISAGREEMENT,,1,1,0,,,1,,
REPLICATION,P1,122,1,ABSTAIN_WORLD_DISAGREEMENT,,1,1,0,,,1,,
REPLICATION,P1,123,1,ABSTAIN_WORLD_DISAGREEMENT,,1,1,0,,,1,,
REPLICATION,P1,124,1,ABSTAIN_WORLD_DISAGREEMENT,,1,1,0,,,1,,
REPLICATION,P1,125,1,ABSTAIN_WORLD_DISAGREEMENT,,1,1,0,,,1,,
REPLICATION,P1,126,1,ABSTAIN_WORLD_DISAGREEMENT,,1,1,0,,,1,,
REPLICATION,P1,127,1,ABSTAIN_WORLD_DISAGREEMENT,,1,1,0,,,1,,
REPLICATION,P2,0,1,ABSTAIN_WORLD_DISAGREEMENT,,1,1,0,,,1,,
REPLICATION,P2,1,1,ABSTAIN_WORLD_DISAGREEMENT,,1,1,0,,,1,,
REPLICATION,P2,2,1,ABSTAIN_WORLD_DISAGREEMENT,,1,1,0,,,1,,
REPLICATION,P2,3,1,ABSTAIN_WORLD_DISAGREEMENT,,1,1,0,,,1,,
REPLICATION,P2,4,1,ABSTAIN_WORLD_DISAGREEMENT,,1,1,0,,,1,,
REPLICATION,P2,5,1,ABSTAIN_WORLD_DISAGREEMENT,,1,1,0,,,1,,
REPLICATION,P2,6,1,ABSTAIN_WORLD_DISAGREEMENT,,1,1,0,,,1,,
REPLICATION,P2,7,1,ABSTAIN_WORLD_DISAGREEMENT,,1,1,0,,,1,,
REPLICATION,P2,8,1,ABSTAIN_WORLD_DISAGREEMENT,,1,1,0,,,1,,
REPLICATION,P2,9,1,ABSTAIN_WORLD_DISAGREEMENT,,1,1,0,,,1,,
REPLICATION,P2,10,1,ABSTAIN_WORLD_DISAGREEMENT,,1,1,0,,,1,,
REPLICATION,P2,11,1,ABSTAIN_WORLD_DISAGREEMENT,,1,1,0,,,1,,
REPLICATION,P2,12,1,ABSTAIN_WORLD_DISAGREEMENT,,1,1,0,,,1,,
REPLICATION,P2,13,1,ABSTAIN_WORLD_DISAGREEMENT,,1,1,0,,,1,,
REPLICATION,P2,14,1,ABSTAIN_WORLD_DISAGREEMENT,,1,1,0,,,1,,
REPLICATION,P2,15,1,ABSTAIN_WORLD_DISAGREEMENT,,1,1,0,,,1,,
REPLICATION,P2,16,1,ABSTAIN_WORLD_DISAGREEMENT,,1,1,0,,,1,,
REPLICATION,P2,17,1,ABSTAIN_WORLD_DISAGREEMENT,,1,1,0,,,1,,
REPLICATION,P2,18,1,ABSTAIN_WORLD_DISAGREEMENT,,1,1,0,,,1,,
REPLICATION,P2,19,1,ABSTAIN_WORLD_DISAGREEMENT,,1,1,0,,,1,,
REPLICATION,P2,20,1,ABSTAIN_WORLD_DISAGREEMENT,,1,1,0,,,1,,
REPLICATION,P2,21,1,ABSTAIN_WORLD_DISAGREEMENT,,1,1,0,,,1,,
REPLICATION,P2,22,1,ABSTAIN_WORLD_DISAGREEMENT,,1,1,0,,,1,,
REPLICATION,P2,23,1,ABSTAIN_WORLD_DISAGREEMENT,,1,1,0,,,1,,
REPLICATION,P2,24,1,ABSTAIN_WORLD_DISAGREEMENT,,1,1,0,,,1,,
REPLICATION,P2,25,1,ABSTAIN_WORLD_DISAGREEMENT,,1,1,0,,,1,,
REPLICATION,P2,26,1,ABSTAIN_WORLD_DISAGREEMENT,,1,1,0,,,1,,
REPLICATION,P2,27,1,ABSTAIN_WORLD_DISAGREEMENT,,1,1,0,,,1,,
REPLICATION,P2,28,1,ABSTAIN_WORLD_DISAGREEMENT,,1,1,0,,,1,,
REPLICATION,P2,29,1,ABSTAIN_WORLD_DISAGREEMENT,,1,1,0,,,1,,
REPLICATION,P2,30,1,ABSTAIN_WORLD_DISAGREEMENT,,1,1,0,,,1,,
REPLICATION,P2,31,1,ABSTAIN_WORLD_DISAGREEMENT,,1,1,0,,,1,,
REPLICATION,P2,32,1,ABSTAIN_WORLD_DISAGREEMENT,,1,1,0,,,1,,
REPLICATION,P2,33,1,ABSTAIN_WORLD_DISAGREEMENT,,1,1,0,,,1,,
REPLICATION,P2,34,1,ABSTAIN_WORLD_DISAGREEMENT,,1,1,0,,,1,,
REPLICATION,P2,35,1,ABSTAIN_WORLD_DISAGREEMENT,,1,1,0,,,1,,
REPLICATION,P2,36,1,ABSTAIN_WORLD_DISAGREEMENT,,1,1,0,,,1,,
REPLICATION,P2,37,1,ABSTAIN_WORLD_DISAGREEMENT,,1,1,0,,,1,,
REPLICATION,P2,38,1,ABSTAIN_WORLD_DISAGREEMENT,,1,1,0,,,1,,
REPLICATION,P2,39,1,ABSTAIN_WORLD_DISAGREEMENT,,1,1,0,,,1,,
REPLICATION,P2,40,1,ABSTAIN_WORLD_DISAGREEMENT,,1,1,0,,,1,,
REPLICATION,P2,41,1,ABSTAIN_WORLD_DISAGREEMENT,,1,1,0,,,1,,
REPLICATION,P2,42,1,ABSTAIN_WORLD_DISAGREEMENT,,1,1,0,,,1,,
REPLICATION,P2,43,1,ABSTAIN_WORLD_DISAGREEMENT,,1,1,0,,,1,,
REPLICATION,P2,44,1,ABSTAIN_WORLD_DISAGREEMENT,,1,1,0,,,1,,
REPLICATION,P2,45,1,ABSTAIN_WORLD_DISAGREEMENT,,1,1,0,,,1,,
REPLICATION,P2,46,1,ABSTAIN_WORLD_DISAGREEMENT,,1,1,0,,,1,,
REPLICATION,P2,47,1,ABSTAIN_WORLD_DISAGREEMENT,,1,1,0,,,1,,
REPLICATION,P2,48,1,ABSTAIN_WORLD_DISAGREEMENT,,1,1,0,,,1,,
REPLICATION,P2,49,1,ABSTAIN_WORLD_DISAGREEMENT,,1,1,0,,,1,,
REPLICATION,P2,50,1,ABSTAIN_WORLD_DISAGREEMENT,,1,1,0,,,1,,
REPLICATION,P2,51,1,ABSTAIN_WORLD_DISAGREEMENT,,1,1,0,,,1,,
REPLICATION,P2,52,1,ABSTAIN_WORLD_DISAGREEMENT,,1,1,0,,,1,,
REPLICATION,P2,53,1,ABSTAIN_WORLD_DISAGREEMENT,,1,1,0,,,1,,
REPLICATION,P2,54,1,ABSTAIN_WORLD_DISAGREEMENT,,1,1,0,,,1,,
REPLICATION,P2,55,1,ABSTAIN_WORLD_DISAGREEMENT,,1,1,0,,,1,,
REPLICATION,P2,56,1,ABSTAIN_WORLD_DISAGREEMENT,,1,1,0,,,1,,
REPLICATION,P2,57,1,ABSTAIN_WORLD_DISAGREEMENT,,1,1,0,,,1,,
REPLICATION,P2,58,1,ABSTAIN_WORLD_DISAGREEMENT,,1,1,0,,,1,,
REPLICATION,P2,59,1,ABSTAIN_WORLD_DISAGREEMENT,,1,1,0,,,1,,
REPLICATION,P2,60,1,ABSTAIN_WORLD_DISAGREEMENT,,1,1,0,,,1,,
REPLICATION,P2,61,1,ABSTAIN_WORLD_DISAGREEMENT,,1,1,0,,,1,,
REPLICATION,P2,62,1,ABSTAIN_WORLD_DISAGREEMENT,,1,1,0,,,1,,
REPLICATION,P2,63,1,ABSTAIN_WORLD_DISAGREEMENT,,1,1,0,,,1,,
REPLICATION,P2,64,1,ABSTAIN_WORLD_DISAGREEMENT,,1,1,0,,,1,,
REPLICATION,P2,65,1,ABSTAIN_WORLD_DISAGREEMENT,,1,1,0,,,1,,
REPLICATION,P2,66,1,ABSTAIN_WORLD_DISAGREEMENT,,1,1,0,,,1,,
REPLICATION,P2,67,1,ABSTAIN_WORLD_DISAGREEMENT,,1,1,0,,,1,,
REPLICATION,P2,68,1,ABSTAIN_WORLD_DISAGREEMENT,,1,1,0,,,1,,
REPLICATION,P2,69,1,ABSTAIN_WORLD_DISAGREEMENT,,1,1,0,,,1,,
REPLICATION,P2,70,1,ABSTAIN_WORLD_DISAGREEMENT,,1,1,0,,,1,,
REPLICATION,P2,71,1,ABSTAIN_WORLD_DISAGREEMENT,,1,1,0,,,1,,
REPLICATION,P2,72,1,ABSTAIN_WORLD_DISAGREEMENT,,1,1,0,,,1,,
REPLICATION,P2,73,1,ABSTAIN_WORLD_DISAGREEMENT,,1,1,0,,,1,,
REPLICATION,P2,74,1,ABSTAIN_WORLD_DISAGREEMENT,,1,1,0,,,1,,
REPLICATION,P2,75,1,ABSTAIN_WORLD_DISAGREEMENT,,1,1,0,,,1,,
REPLICATION,P2,76,1,ABSTAIN_WORLD_DISAGREEMENT,,1,1,0,,,1,,
REPLICATION,P2,77,1,ABSTAIN_WORLD_DISAGREEMENT,,1,1,0,,,1,,
REPLICATION,P2,78,1,ABSTAIN_WORLD_DISAGREEMENT,,1,1,0,,,1,,
REPLICATION,P2,79,1,ABSTAIN_WORLD_DISAGREEMENT,,1,1,0,,,1,,
REPLICATION,P2,80,1,ABSTAIN_WORLD_DISAGREEMENT,,1,1,0,,,1,,
REPLICATION,P2,81,1,ABSTAIN_WORLD_DISAGREEMENT,,1,1,0,,,1,,
REPLICATION,P2,82,1,ABSTAIN_WORLD_DISAGREEMENT,,1,1,0,,,1,,
REPLICATION,P2,83,1,ABSTAIN_WORLD_DISAGREEMENT,,1,1,0,,,1,,
REPLICATION,P2,84,1,ABSTAIN_WORLD_DISAGREEMENT,,1,1,0,,,1,,
REPLICATION,P2,85,1,ABSTAIN_WORLD_DISAGREEMENT,,1,1,0,,,1,,
REPLICATION,P2,86,1,ABSTAIN_WORLD_DISAGREEMENT,,1,1,0,,,1,,
REPLICATION,P2,87,1,ABSTAIN_WORLD_DISAGREEMENT,,1,1,0,,,1,,
REPLICATION,P2,88,1,ABSTAIN_WORLD_DISAGREEMENT,,1,1,0,,,1,,
REPLICATION,P2,89,1,ABSTAIN_WORLD_DISAGREEMENT,,1,1,0,,,1,,
REPLICATION,P2,90,1,ABSTAIN_WORLD_DISAGREEMENT,,1,1,0,,,1,,
REPLICATION,P2,91,1,ABSTAIN_WORLD_DISAGREEMENT,,1,1,0,,,1,,
REPLICATION,P2,92,1,ABSTAIN_WORLD_DISAGREEMENT,,1,1,0,,,1,,
REPLICATION,P2,93,1,ABSTAIN_WORLD_DISAGREEMENT,,1,1,0,,,1,,
REPLICATION,P2,94,1,ABSTAIN_WORLD_DISAGREEMENT,,1,1,0,,,1,,
REPLICATION,P2,95,1,ABSTAIN_WORLD_DISAGREEMENT,,1,1,0,,,1,,
REPLICATION,P2,96,1,ABSTAIN_WORLD_DISAGREEMENT,,1,1,0,,,1,,
REPLICATION,P2,97,1,ABSTAIN_WORLD_DISAGREEMENT,,1,1,0,,,1,,
REPLICATION,P2,98,1,ABSTAIN_WORLD_DISAGREEMENT,,1,1,0,,,1,,
REPLICATION,P2,99,1,ABSTAIN_WORLD_DISAGREEMENT,,1,1,0,,,1,,
REPLICATION,P2,100,1,ABSTAIN_WORLD_DISAGREEMENT,,1,1,0,,,1,,
REPLICATION,P2,101,1,ABSTAIN_WORLD_DISAGREEMENT,,1,1,0,,,1,,
REPLICATION,P2,102,1,ABSTAIN_WORLD_DISAGREEMENT,,1,1,0,,,1,,
REPLICATION,P2,103,1,ABSTAIN_WORLD_DISAGREEMENT,,1,1,0,,,1,,
REPLICATION,P2,104,1,ABSTAIN_WORLD_DISAGREEMENT,,1,1,0,,,1,,
REPLICATION,P2,105,1,ABSTAIN_WORLD_DISAGREEMENT,,1,1,0,,,1,,
REPLICATION,P2,106,1,ABSTAIN_WORLD_DISAGREEMENT,,1,1,0,,,1,,
REPLICATION,P2,107,1,ABSTAIN_WORLD_DISAGREEMENT,,1,1,0,,,1,,
REPLICATION,P2,108,1,ABSTAIN_WORLD_DISAGREEMENT,,1,1,0,,,1,,
REPLICATION,P2,109,1,ABSTAIN_WORLD_DISAGREEMENT,,1,1,0,,,1,,
REPLICATION,P2,110,1,ABSTAIN_WORLD_DISAGREEMENT,,1,1,0,,,1,,
REPLICATION,P2,111,1,ABSTAIN_WORLD_DISAGREEMENT,,1,1,0,,,1,,
REPLICATION,P2,112,1,ABSTAIN_WORLD_DISAGREEMENT,,1,1,0,,,1,,
REPLICATION,P2,113,1,ABSTAIN_WORLD_DISAGREEMENT,,1,1,0,,,1,,
REPLICATION,P2,114,1,ABSTAIN_WORLD_DISAGREEMENT,,1,1,0,,,1,,
REPLICATION,P2,115,1,ABSTAIN_WORLD_DISAGREEMENT,,1,1,0,,,1,,
REPLICATION,P2,116,1,ABSTAIN_WORLD_DISAGREEMENT,,1,1,0,,,1,,
REPLICATION,P2,117,1,ABSTAIN_WORLD_DISAGREEMENT,,1,1,0,,,1,,
REPLICATION,P2,118,1,ABSTAIN_WORLD_DISAGREEMENT,,1,1,0,,,1,,
REPLICATION,P2,119,1,ABSTAIN_WORLD_DISAGREEMENT,,1,1,0,,,1,,
REPLICATION,P2,120,1,ABSTAIN_WORLD_DISAGREEMENT,,1,1,0,,,1,,
REPLICATION,P2,121,1,ABSTAIN_WORLD_DISAGREEMENT,,1,1,0,,,1,,
REPLICATION,P2,122,1,ABSTAIN_WORLD_DISAGREEMENT,,1,1,0,,,1,,
REPLICATION,P2,123,1,ABSTAIN_WORLD_DISAGREEMENT,,1,1,0,,,1,,
REPLICATION,P2,124,1,ABSTAIN_WORLD_DISAGREEMENT,,1,1,0,,,1,,
REPLICATION,P2,125,1,ABSTAIN_WORLD_DISAGREEMENT,,1,1,0,,,1,,
REPLICATION,P2,126,1,ABSTAIN_WORLD_DISAGREEMENT,,1,1,0,,,1,,
REPLICATION,P2,127,1,ABSTAIN_WORLD_DISAGREEMENT,,1,1,0,,,1,,
REPLICATION,P3,0,1,ROBUST_ACTION,A,1,1,0,,,1,,
REPLICATION,P3,1,1,ROBUST_ACTION,A,1,1,0,,,1,,
REPLICATION,P3,2,1,ROBUST_ACTION,A,1,1,0,,,1,,
REPLICATION,P3,3,1,ROBUST_ACTION,A,1,1,0,,,1,,
REPLICATION,P3,4,1,ROBUST_ACTION,A,1,1,0,,,1,,
REPLICATION,P3,5,1,ROBUST_ACTION,A,1,1,0,,,1,,
REPLICATION,P3,6,1,ROBUST_ACTION,A,1,1,0,,,1,,
REPLICATION,P3,7,1,ROBUST_ACTION,A,1,1,0,,,1,,
REPLICATION,P3,8,1,ROBUST_ACTION,A,1,1,0,,,1,,
REPLICATION,P3,9,1,ROBUST_ACTION,A,1,1,0,,,1,,
REPLICATION,P3,10,1,ROBUST_ACTION,A,1,1,0,,,1,,
REPLICATION,P3,11,1,ROBUST_ACTION,A,1,1,0,,,1,,
REPLICATION,P3,12,1,ROBUST_ACTION,A,1,1,0,,,1,,
REPLICATION,P3,13,1,ROBUST_ACTION,A,1,1,0,,,1,,
REPLICATION,P3,14,1,ROBUST_ACTION,A,1,1,0,,,1,,
REPLICATION,P3,15,1,ROBUST_ACTION,A,1,1,0,,,1,,
REPLICATION,P3,16,1,ROBUST_ACTION,A,1,1,0,,,1,,
REPLICATION,P3,17,1,ROBUST_ACTION,A,1,1,0,,,1,,
REPLICATION,P3,18,1,ROBUST_ACTION,A,1,1,0,,,1,,
REPLICATION,P3,19,1,ROBUST_ACTION,A,1,1,0,,,1,,
REPLICATION,P3,20,1,ROBUST_ACTION,A,1,1,0,,,1,,
REPLICATION,P3,21,1,ROBUST_ACTION,A,1,1,0,,,1,,
REPLICATION,P3,22,1,ROBUST_ACTION,A,1,1,0,,,1,,
REPLICATION,P3,23,1,ROBUST_ACTION,A,1,1,0,,,1,,
REPLICATION,P3,24,1,ROBUST_ACTION,A,1,1,0,,,1,,
REPLICATION,P3,25,1,ROBUST_ACTION,A,1,1,0,,,1,,
REPLICATION,P3,26,1,ROBUST_ACTION,A,1,1,0,,,1,,
REPLICATION,P3,27,1,ROBUST_ACTION,A,1,1,0,,,1,,
REPLICATION,P3,28,1,ROBUST_ACTION,A,1,1,0,,,1,,
REPLICATION,P3,29,1,ROBUST_ACTION,A,1,1,0,,,1,,
REPLICATION,P3,30,1,ROBUST_ACTION,A,1,1,0,,,1,,
REPLICATION,P3,31,1,ROBUST_ACTION,A,1,1,0,,,1,,
REPLICATION,P3,32,1,ROBUST_ACTION,A,1,1,0,,,1,,
REPLICATION,P3,33,1,ROBUST_ACTION,A,1,1,0,,,1,,
REPLICATION,P3,34,1,ROBUST_ACTION,A,1,1,0,,,1,,
REPLICATION,P3,35,1,ROBUST_ACTION,A,1,1,0,,,1,,
REPLICATION,P3,36,1,ROBUST_ACTION,A,1,1,0,,,1,,
REPLICATION,P3,37,1,ROBUST_ACTION,A,1,1,0,,,1,,
REPLICATION,P3,38,1,ROBUST_ACTION,A,1,1,0,,,1,,
REPLICATION,P3,39,1,ROBUST_ACTION,A,1,1,0,,,1,,
REPLICATION,P3,40,1,ROBUST_ACTION,A,1,1,0,,,1,,
REPLICATION,P3,41,1,ROBUST_ACTION,A,1,1,0,,,1,,
REPLICATION,P3,42,1,ROBUST_ACTION,A,1,1,0,,,1,,
REPLICATION,P3,43,1,ROBUST_ACTION,A,1,1,0,,,1,,
REPLICATION,P3,44,1,ROBUST_ACTION,A,1,1,0,,,1,,
REPLICATION,P3,45,1,ROBUST_ACTION,A,1,1,0,,,1,,
REPLICATION,P3,46,1,ROBUST_ACTION,A,1,1,0,,,1,,
REPLICATION,P3,47,1,ROBUST_ACTION,A,1,1,0,,,1,,
REPLICATION,P3,48,1,ROBUST_ACTION,A,1,1,0,,,1,,
REPLICATION,P3,49,1,ROBUST_ACTION,A,1,1,0,,,1,,
REPLICATION,P3,50,1,ROBUST_ACTION,A,1,1,0,,,1,,
REPLICATION,P3,51,1,ROBUST_ACTION,A,1,1,0,,,1,,
REPLICATION,P3,52,1,ROBUST_ACTION,A,1,1,0,,,1,,
REPLICATION,P3,53,1,ROBUST_ACTION,A,1,1,0,,,1,,
REPLICATION,P3,54,1,ROBUST_ACTION,A,1,1,0,,,1,,
REPLICATION,P3,55,1,ROBUST_ACTION,A,1,1,0,,,1,,
REPLICATION,P3,56,1,ROBUST_ACTION,A,1,1,0,,,1,,
REPLICATION,P3,57,1,ROBUST_ACTION,A,1,1,0,,,1,,
REPLICATION,P3,58,1,ROBUST_ACTION,A,1,1,0,,,1,,
REPLICATION,P3,59,1,ROBUST_ACTION,A,1,1,0,,,1,,
REPLICATION,P3,60,1,ROBUST_ACTION,A,1,1,0,,,1,,
REPLICATION,P3,61,1,ROBUST_ACTION,A,1,1,0,,,1,,
REPLICATION,P3,62,1,ROBUST_ACTION,A,1,1,0,,,1,,
REPLICATION,P3,63,1,ROBUST_ACTION,A,1,1,0,,,1,,
REPLICATION,P3,64,1,ROBUST_ACTION,A,1,1,0,,,1,,
REPLICATION,P3,65,1,ROBUST_ACTION,A,1,1,0,,,1,,
REPLICATION,P3,66,1,ROBUST_ACTION,A,1,1,0,,,1,,
REPLICATION,P3,67,1,ROBUST_ACTION,A,1,1,0,,,1,,
REPLICATION,P3,68,1,ROBUST_ACTION,A,1,1,0,,,1,,
REPLICATION,P3,69,1,ROBUST_ACTION,A,1,1,0,,,1,,
REPLICATION,P3,70,1,ROBUST_ACTION,A,1,1,0,,,1,,
REPLICATION,P3,71,1,ROBUST_ACTION,A,1,1,0,,,1,,
REPLICATION,P3,72,1,ROBUST_ACTION,A,1,1,0,,,1,,
REPLICATION,P3,73,1,ROBUST_ACTION,A,1,1,0,,,1,,
REPLICATION,P3,74,1,ROBUST_ACTION,A,1,1,0,,,1,,
REPLICATION,P3,75,1,ROBUST_ACTION,A,1,1,0,,,1,,
REPLICATION,P3,76,1,ROBUST_ACTION,A,1,1,0,,,1,,
REPLICATION,P3,77,1,ROBUST_ACTION,A,1,1,0,,,1,,
REPLICATION,P3,78,1,ROBUST_ACTION,A,1,1,0,,,1,,
REPLICATION,P3,79,1,ROBUST_ACTION,A,1,1,0,,,1,,
REPLICATION,P3,80,1,ROBUST_ACTION,A,1,1,0,,,1,,
REPLICATION,P3,81,1,ROBUST_ACTION,A,1,1,0,,,1,,
REPLICATION,P3,82,1,ROBUST_ACTION,A,1,1,0,,,1,,
REPLICATION,P3,83,1,ROBUST_ACTION,A,1,1,0,,,1,,
REPLICATION,P3,84,1,ROBUST_ACTION,A,1,1,0,,,1,,
REPLICATION,P3,85,1,ROBUST_ACTION,A,1,1,0,,,1,,
REPLICATION,P3,86,1,ROBUST_ACTION,A,1,1,0,,,1,,
REPLICATION,P3,87,1,ROBUST_ACTION,A,1,1,0,,,1,,
REPLICATION,P3,88,1,ROBUST_ACTION,A,1,1,0,,,1,,
REPLICATION,P3,89,1,ROBUST_ACTION,A,1,1,0,,,1,,
REPLICATION,P3,90,1,ROBUST_ACTION,A,1,1,0,,,1,,
REPLICATION,P3,91,1,ROBUST_ACTION,A,1,1,0,,,1,,
REPLICATION,P3,92,1,ROBUST_ACTION,A,1,1,0,,,1,,
REPLICATION,P3,93,1,ROBUST_ACTION,A,1,1,0,,,1,,
REPLICATION,P3,94,1,ROBUST_ACTION,A,1,1,0,,,1,,
REPLICATION,P3,95,1,ROBUST_ACTION,A,1,1,0,,,1,,
REPLICATION,P3,96,1,ROBUST_ACTION,A,1,1,0,,,1,,
REPLICATION,P3,97,1,ROBUST_ACTION,A,1,1,0,,,1,,
REPLICATION,P3,98,1,ROBUST_ACTION,A,1,1,0,,,1,,
REPLICATION,P3,99,1,ROBUST_ACTION,A,1,1,0,,,1,,
REPLICATION,P3,100,1,ROBUST_ACTION,A,1,1,0,,,1,,
REPLICATION,P3,101,1,ROBUST_ACTION,A,1,1,0,,,1,,
REPLICATION,P3,102,1,ROBUST_ACTION,A,1,1,0,,,1,,
REPLICATION,P3,103,1,ROBUST_ACTION,A,1,1,0,,,1,,
REPLICATION,P3,104,1,ROBUST_ACTION,A,1,1,0,,,1,,
REPLICATION,P3,105,1,ROBUST_ACTION,A,1,1,0,,,1,,
REPLICATION,P3,106,1,ROBUST_ACTION,A,1,1,0,,,1,,
REPLICATION,P3,107,1,ROBUST_ACTION,A,1,1,0,,,1,,
REPLICATION,P3,108,1,ROBUST_ACTION,A,1,1,0,,,1,,
REPLICATION,P3,109,1,ROBUST_ACTION,A,1,1,0,,,1,,
REPLICATION,P3,110,1,ROBUST_ACTION,A,1,1,0,,,1,,
REPLICATION,P3,111,1,ROBUST_ACTION,A,1,1,0,,,1,,
REPLICATION,P3,112,1,ROBUST_ACTION,A,1,1,0,,,1,,
REPLICATION,P3,113,1,ROBUST_ACTION,A,1,1,0,,,1,,
REPLICATION,P3,114,1,ROBUST_ACTION,A,1,1,0,,,1,,
REPLICATION,P3,115,1,ROBUST_ACTION,A,1,1,0,,,1,,
REPLICATION,P3,116,1,ROBUST_ACTION,A,1,1,0,,,1,,
REPLICATION,P3,117,1,ROBUST_ACTION,A,1,1,0,,,1,,
REPLICATION,P3,118,1,ROBUST_ACTION,A,1,1,0,,,1,,
REPLICATION,P3,119,1,ROBUST_ACTION,A,1,1,0,,,1,,
REPLICATION,P3,120,1,ROBUST_ACTION,A,1,1,0,,,1,,
REPLICATION,P3,121,1,ROBUST_ACTION,A,1,1,0,,,1,,
REPLICATION,P3,122,1,ROBUST_ACTION,A,1,1,0,,,1,,
REPLICATION,P3,123,1,ROBUST_ACTION,A,1,1,0,,,1,,
REPLICATION,P3,124,1,ROBUST_ACTION,A,1,1,0,,,1,,
REPLICATION,P3,125,1,ROBUST_ACTION,A,1,1,0,,,1,,
REPLICATION,P3,126,1,ROBUST_ACTION,A,1,1,0,,,1,,
REPLICATION,P3,127,1,ROBUST_ACTION,A,1,1,0,,,1,,
REPLICATION,P4,0,1,ASSUMPTION_CONDITIONAL_PLAN,A,1,1,0,,,1,,
REPLICATION,P4,1,1,ASSUMPTION_CONDITIONAL_PLAN,A,1,1,0,,,1,,
REPLICATION,P4,2,1,ASSUMPTION_CONDITIONAL_PLAN,A,1,1,0,,,1,,
REPLICATION,P4,3,1,ASSUMPTION_CONDITIONAL_PLAN,A,1,1,0,,,1,,
REPLICATION,P4,4,1,ASSUMPTION_CONDITIONAL_PLAN,A,1,1,0,,,1,,
REPLICATION,P4,5,1,ASSUMPTION_CONDITIONAL_PLAN,A,1,1,0,,,1,,
REPLICATION,P4,6,1,ASSUMPTION_CONDITIONAL_PLAN,A,1,1,0,,,1,,
REPLICATION,P4,7,1,ASSUMPTION_CONDITIONAL_PLAN,A,1,1,0,,,1,,
REPLICATION,P4,8,1,ASSUMPTION_CONDITIONAL_PLAN,A,1,1,0,,,1,,
REPLICATION,P4,9,1,ASSUMPTION_CONDITIONAL_PLAN,A,1,1,0,,,1,,
REPLICATION,P4,10,1,ASSUMPTION_CONDITIONAL_PLAN,A,1,1,0,,,1,,
REPLICATION,P4,11,1,ASSUMPTION_CONDITIONAL_PLAN,A,1,1,0,,,1,,
REPLICATION,P4,12,1,ASSUMPTION_CONDITIONAL_PLAN,A,1,1,0,,,1,,
REPLICATION,P4,13,1,ASSUMPTION_CONDITIONAL_PLAN,A,1,1,0,,,1,,
REPLICATION,P4,14,1,ASSUMPTION_CONDITIONAL_PLAN,A,1,1,0,,,1,,
REPLICATION,P4,15,1,ASSUMPTION_CONDITIONAL_PLAN,A,1,1,0,,,1,,
REPLICATION,P4,16,1,ASSUMPTION_CONDITIONAL_PLAN,A,1,1,0,,,1,,
REPLICATION,P4,17,1,ASSUMPTION_CONDITIONAL_PLAN,A,1,1,0,,,1,,
REPLICATION,P4,18,1,ASSUMPTION_CONDITIONAL_PLAN,A,1,1,0,,,1,,
REPLICATION,P4,19,1,ASSUMPTION_CONDITIONAL_PLAN,A,1,1,0,,,1,,
REPLICATION,P4,20,1,ASSUMPTION_CONDITIONAL_PLAN,A,1,1,0,,,1,,
REPLICATION,P4,21,1,ASSUMPTION_CONDITIONAL_PLAN,A,1,1,0,,,1,,
REPLICATION,P4,22,1,ASSUMPTION_CONDITIONAL_PLAN,A,1,1,0,,,1,,
REPLICATION,P4,23,1,ASSUMPTION_CONDITIONAL_PLAN,A,1,1,0,,,1,,
REPLICATION,P4,24,1,ASSUMPTION_CONDITIONAL_PLAN,A,1,1,0,,,1,,
REPLICATION,P4,25,1,ASSUMPTION_CONDITIONAL_PLAN,A,1,1,0,,,1,,
REPLICATION,P4,26,1,ASSUMPTION_CONDITIONAL_PLAN,A,1,1,0,,,1,,
REPLICATION,P4,27,1,ASSUMPTION_CONDITIONAL_PLAN,A,1,1,0,,,1,,
REPLICATION,P4,28,1,ASSUMPTION_CONDITIONAL_PLAN,A,1,1,0,,,1,,
REPLICATION,P4,29,1,ASSUMPTION_CONDITIONAL_PLAN,A,1,1,0,,,1,,
REPLICATION,P4,30,1,ASSUMPTION_CONDITIONAL_PLAN,A,1,1,0,,,1,,
REPLICATION,P4,31,1,ASSUMPTION_CONDITIONAL_PLAN,A,1,1,0,,,1,,
REPLICATION,P4,32,1,ASSUMPTION_CONDITIONAL_PLAN,A,1,1,0,,,1,,
REPLICATION,P4,33,1,ASSUMPTION_CONDITIONAL_PLAN,A,1,1,0,,,1,,
REPLICATION,P4,34,1,ASSUMPTION_CONDITIONAL_PLAN,A,1,1,0,,,1,,
REPLICATION,P4,35,1,ASSUMPTION_CONDITIONAL_PLAN,A,1,1,0,,,1,,
REPLICATION,P4,36,1,ASSUMPTION_CONDITIONAL_PLAN,A,1,1,0,,,1,,
REPLICATION,P4,37,1,ASSUMPTION_CONDITIONAL_PLAN,A,1,1,0,,,1,,
REPLICATION,P4,38,1,ASSUMPTION_CONDITIONAL_PLAN,A,1,1,0,,,1,,
REPLICATION,P4,39,1,ASSUMPTION_CONDITIONAL_PLAN,A,1,1,0,,,1,,
REPLICATION,P4,40,1,ASSUMPTION_CONDITIONAL_PLAN,A,1,1,0,,,1,,
REPLICATION,P4,41,1,ASSUMPTION_CONDITIONAL_PLAN,A,1,1,0,,,1,,
REPLICATION,P4,42,1,ASSUMPTION_CONDITIONAL_PLAN,A,1,1,0,,,1,,
REPLICATION,P4,43,1,ASSUMPTION_CONDITIONAL_PLAN,A,1,1,0,,,1,,
REPLICATION,P4,44,1,ASSUMPTION_CONDITIONAL_PLAN,A,1,1,0,,,1,,
REPLICATION,P4,45,1,ASSUMPTION_CONDITIONAL_PLAN,A,1,1,0,,,1,,
REPLICATION,P4,46,1,ASSUMPTION_CONDITIONAL_PLAN,A,1,1,0,,,1,,
REPLICATION,P4,47,1,ASSUMPTION_CONDITIONAL_PLAN,A,1,1,0,,,1,,
REPLICATION,P4,48,1,ASSUMPTION_CONDITIONAL_PLAN,A,1,1,0,,,1,,
REPLICATION,P4,49,1,ASSUMPTION_CONDITIONAL_PLAN,A,1,1,0,,,1,,
REPLICATION,P4,50,1,ASSUMPTION_CONDITIONAL_PLAN,A,1,1,0,,,1,,
REPLICATION,P4,51,1,ASSUMPTION_CONDITIONAL_PLAN,A,1,1,0,,,1,,
REPLICATION,P4,52,1,ASSUMPTION_CONDITIONAL_PLAN,A,1,1,0,,,1,,
REPLICATION,P4,53,1,ASSUMPTION_CONDITIONAL_PLAN,A,1,1,0,,,1,,
REPLICATION,P4,54,1,ASSUMPTION_CONDITIONAL_PLAN,A,1,1,0,,,1,,
REPLICATION,P4,55,1,ASSUMPTION_CONDITIONAL_PLAN,A,1,1,0,,,1,,
REPLICATION,P4,56,1,ASSUMPTION_CONDITIONAL_PLAN,A,1,1,0,,,1,,
REPLICATION,P4,57,1,ASSUMPTION_CONDITIONAL_PLAN,A,1,1,0,,,1,,
REPLICATION,P4,58,1,ASSUMPTION_CONDITIONAL_PLAN,A,1,1,0,,,1,,
REPLICATION,P4,59,1,ASSUMPTION_CONDITIONAL_PLAN,A,1,1,0,,,1,,
REPLICATION,P4,60,1,ASSUMPTION_CONDITIONAL_PLAN,A,1,1,0,,,1,,
REPLICATION,P4,61,1,ASSUMPTION_CONDITIONAL_PLAN,A,1,1,0,,,1,,
REPLICATION,P4,62,1,ASSUMPTION_CONDITIONAL_PLAN,A,1,1,0,,,1,,
REPLICATION,P4,63,1,ASSUMPTION_CONDITIONAL_PLAN,A,1,1,0,,,1,,
REPLICATION,P4,64,1,ASSUMPTION_CONDITIONAL_PLAN,A,1,1,0,,,1,,
REPLICATION,P4,65,1,ASSUMPTION_CONDITIONAL_PLAN,A,1,1,0,,,1,,
REPLICATION,P4,66,1,ASSUMPTION_CONDITIONAL_PLAN,A,1,1,0,,,1,,
REPLICATION,P4,67,1,ASSUMPTION_CONDITIONAL_PLAN,A,1,1,0,,,1,,
REPLICATION,P4,68,1,ASSUMPTION_CONDITIONAL_PLAN,A,1,1,0,,,1,,
REPLICATION,P4,69,1,ASSUMPTION_CONDITIONAL_PLAN,A,1,1,0,,,1,,
REPLICATION,P4,70,1,ASSUMPTION_CONDITIONAL_PLAN,A,1,1,0,,,1,,
REPLICATION,P4,71,1,ASSUMPTION_CONDITIONAL_PLAN,A,1,1,0,,,1,,
REPLICATION,P4,72,1,ASSUMPTION_CONDITIONAL_PLAN,A,1,1,0,,,1,,
REPLICATION,P4,73,1,ASSUMPTION_CONDITIONAL_PLAN,A,1,1,0,,,1,,
REPLICATION,P4,74,1,ASSUMPTION_CONDITIONAL_PLAN,A,1,1,0,,,1,,
REPLICATION,P4,75,1,ASSUMPTION_CONDITIONAL_PLAN,A,1,1,0,,,1,,
REPLICATION,P4,76,1,ASSUMPTION_CONDITIONAL_PLAN,A,1,1,0,,,1,,
REPLICATION,P4,77,1,ASSUMPTION_CONDITIONAL_PLAN,A,1,1,0,,,1,,
REPLICATION,P4,78,1,ASSUMPTION_CONDITIONAL_PLAN,A,1,1,0,,,1,,
REPLICATION,P4,79,1,ASSUMPTION_CONDITIONAL_PLAN,A,1,1,0,,,1,,
REPLICATION,P4,80,1,ASSUMPTION_CONDITIONAL_PLAN,A,1,1,0,,,1,,
REPLICATION,P4,81,1,ASSUMPTION_CONDITIONAL_PLAN,A,1,1,0,,,1,,
REPLICATION,P4,82,1,ASSUMPTION_CONDITIONAL_PLAN,A,1,1,0,,,1,,
REPLICATION,P4,83,1,ASSUMPTION_CONDITIONAL_PLAN,A,1,1,0,,,1,,
REPLICATION,P4,84,1,ASSUMPTION_CONDITIONAL_PLAN,A,1,1,0,,,1,,
REPLICATION,P4,85,1,ASSUMPTION_CONDITIONAL_PLAN,A,1,1,0,,,1,,
REPLICATION,P4,86,1,ASSUMPTION_CONDITIONAL_PLAN,A,1,1,0,,,1,,
REPLICATION,P4,87,1,ASSUMPTION_CONDITIONAL_PLAN,A,1,1,0,,,1,,
REPLICATION,P4,88,1,ASSUMPTION_CONDITIONAL_PLAN,A,1,1,0,,,1,,
REPLICATION,P4,89,1,ASSUMPTION_CONDITIONAL_PLAN,A,1,1,0,,,1,,
REPLICATION,P4,90,1,ASSUMPTION_CONDITIONAL_PLAN,A,1,1,0,,,1,,
REPLICATION,P4,91,1,ASSUMPTION_CONDITIONAL_PLAN,A,1,1,0,,,1,,
REPLICATION,P4,92,1,ASSUMPTION_CONDITIONAL_PLAN,A,1,1,0,,,1,,
REPLICATION,P4,93,1,ASSUMPTION_CONDITIONAL_PLAN,A,1,1,0,,,1,,
REPLICATION,P4,94,1,ASSUMPTION_CONDITIONAL_PLAN,A,1,1,0,,,1,,
REPLICATION,P4,95,1,ASSUMPTION_CONDITIONAL_PLAN,A,1,1,0,,,1,,
REPLICATION,P4,96,1,ASSUMPTION_CONDITIONAL_PLAN,A,1,1,0,,,1,,
REPLICATION,P4,97,1,ASSUMPTION_CONDITIONAL_PLAN,A,1,1,0,,,1,,
REPLICATION,P4,98,1,ASSUMPTION_CONDITIONAL_PLAN,A,1,1,0,,,1,,
REPLICATION,P4,99,1,ASSUMPTION_CONDITIONAL_PLAN,A,1,1,0,,,1,,
REPLICATION,P4,100,1,ASSUMPTION_CONDITIONAL_PLAN,A,1,1,0,,,1,,
REPLICATION,P4,101,1,ASSUMPTION_CONDITIONAL_PLAN,A,1,1,0,,,1,,
REPLICATION,P4,102,1,ASSUMPTION_CONDITIONAL_PLAN,A,1,1,0,,,1,,
REPLICATION,P4,103,1,ASSUMPTION_CONDITIONAL_PLAN,A,1,1,0,,,1,,
REPLICATION,P4,104,1,ASSUMPTION_CONDITIONAL_PLAN,A,1,1,0,,,1,,
REPLICATION,P4,105,1,ASSUMPTION_CONDITIONAL_PLAN,A,1,1,0,,,1,,
REPLICATION,P4,106,1,ASSUMPTION_CONDITIONAL_PLAN,A,1,1,0,,,1,,
REPLICATION,P4,107,1,ASSUMPTION_CONDITIONAL_PLAN,A,1,1,0,,,1,,
REPLICATION,P4,108,1,ASSUMPTION_CONDITIONAL_PLAN,A,1,1,0,,,1,,
REPLICATION,P4,109,1,ASSUMPTION_CONDITIONAL_PLAN,A,1,1,0,,,1,,
REPLICATION,P4,110,1,ASSUMPTION_CONDITIONAL_PLAN,A,1,1,0,,,1,,
REPLICATION,P4,111,1,ASSUMPTION_CONDITIONAL_PLAN,A,1,1,0,,,1,,
REPLICATION,P4,112,1,ASSUMPTION_CONDITIONAL_PLAN,A,1,1,0,,,1,,
REPLICATION,P4,113,1,ASSUMPTION_CONDITIONAL_PLAN,A,1,1,0,,,1,,
REPLICATION,P4,114,1,ASSUMPTION_CONDITIONAL_PLAN,A,1,1,0,,,1,,
REPLICATION,P4,115,1,ASSUMPTION_CONDITIONAL_PLAN,A,1,1,0,,,1,,
REPLICATION,P4,116,1,ASSUMPTION_CONDITIONAL_PLAN,A,1,1,0,,,1,,
REPLICATION,P4,117,1,ASSUMPTION_CONDITIONAL_PLAN,A,1,1,0,,,1,,
REPLICATION,P4,118,1,ASSUMPTION_CONDITIONAL_PLAN,A,1,1,0,,,1,,
REPLICATION,P4,119,1,ASSUMPTION_CONDITIONAL_PLAN,A,1,1,0,,,1,,
REPLICATION,P4,120,1,ASSUMPTION_CONDITIONAL_PLAN,A,1,1,0,,,1,,
REPLICATION,P4,121,1,ASSUMPTION_CONDITIONAL_PLAN,A,1,1,0,,,1,,
REPLICATION,P4,122,1,ASSUMPTION_CONDITIONAL_PLAN,A,1,1,0,,,1,,
REPLICATION,P4,123,1,ASSUMPTION_CONDITIONAL_PLAN,A,1,1,0,,,1,,
REPLICATION,P4,124,1,ASSUMPTION_CONDITIONAL_PLAN,A,1,1,0,,,1,,
REPLICATION,P4,125,1,ASSUMPTION_CONDITIONAL_PLAN,A,1,1,0,,,1,,
REPLICATION,P4,126,1,ASSUMPTION_CONDITIONAL_PLAN,A,1,1,0,,,1,,
REPLICATION,P4,127,1,ASSUMPTION_CONDITIONAL_PLAN,A,1,1,0,,,1,,
REPLICATION,P5,0,1,ACQUIRE_INFORMATION,,1,1,0,,,1,ACQUIRE_EVIDENCE_BUDGET_NOT_RULED_OUT_BY_CONVERSE,20.884494750677444
REPLICATION,P5,1,1,ACQUIRE_INFORMATION,,1,1,0,,,1,ACQUIRE_EVIDENCE_BUDGET_NOT_RULED_OUT_BY_CONVERSE,20.884494750677444
REPLICATION,P5,2,1,ACQUIRE_INFORMATION,,1,1,0,,,1,ACQUIRE_EVIDENCE_BUDGET_NOT_RULED_OUT_BY_CONVERSE,20.884494750677444
REPLICATION,P5,3,1,ACQUIRE_INFORMATION,,1,1,0,,,1,ACQUIRE_EVIDENCE_BUDGET_NOT_RULED_OUT_BY_CONVERSE,20.884494750677444
REPLICATION,P5,4,1,ACQUIRE_INFORMATION,,1,1,0,,,1,ACQUIRE_EVIDENCE_BUDGET_NOT_RULED_OUT_BY_CONVERSE,20.884494750677444
REPLICATION,P5,5,1,ACQUIRE_INFORMATION,,1,1,0,,,1,ACQUIRE_EVIDENCE_BUDGET_NOT_RULED_OUT_BY_CONVERSE,20.884494750677444
REPLICATION,P5,6,1,ACQUIRE_INFORMATION,,1,1,0,,,1,ACQUIRE_EVIDENCE_BUDGET_NOT_RULED_OUT_BY_CONVERSE,20.884494750677444
REPLICATION,P5,7,1,ACQUIRE_INFORMATION,,1,1,0,,,1,ACQUIRE_EVIDENCE_BUDGET_NOT_RULED_OUT_BY_CONVERSE,20.884494750677444
REPLICATION,P5,8,1,ACQUIRE_INFORMATION,,1,1,0,,,1,ACQUIRE_EVIDENCE_BUDGET_NOT_RULED_OUT_BY_CONVERSE,20.884494750677444
REPLICATION,P5,9,1,ACQUIRE_INFORMATION,,1,1,0,,,1,ACQUIRE_EVIDENCE_BUDGET_NOT_RULED_OUT_BY_CONVERSE,20.884494750677444
REPLICATION,P5,10,1,ACQUIRE_INFORMATION,,1,1,0,,,1,ACQUIRE_EVIDENCE_BUDGET_NOT_RULED_OUT_BY_CONVERSE,20.884494750677444
REPLICATION,P5,11,1,ACQUIRE_INFORMATION,,1,1,0,,,1,ACQUIRE_EVIDENCE_BUDGET_NOT_RULED_OUT_BY_CONVERSE,20.884494750677444
REPLICATION,P5,12,1,ACQUIRE_INFORMATION,,1,1,0,,,1,ACQUIRE_EVIDENCE_BUDGET_NOT_RULED_OUT_BY_CONVERSE,20.884494750677444
REPLICATION,P5,13,1,ACQUIRE_INFORMATION,,1,1,0,,,1,ACQUIRE_EVIDENCE_BUDGET_NOT_RULED_OUT_BY_CONVERSE,20.884494750677444
REPLICATION,P5,14,1,ACQUIRE_INFORMATION,,1,1,0,,,1,ACQUIRE_EVIDENCE_BUDGET_NOT_RULED_OUT_BY_CONVERSE,20.884494750677444
REPLICATION,P5,15,1,ACQUIRE_INFORMATION,,1,1,0,,,1,ACQUIRE_EVIDENCE_BUDGET_NOT_RULED_OUT_BY_CONVERSE,20.884494750677444
REPLICATION,P5,16,1,ACQUIRE_INFORMATION,,1,1,0,,,1,ACQUIRE_EVIDENCE_BUDGET_NOT_RULED_OUT_BY_CONVERSE,20.884494750677444
REPLICATION,P5,17,1,ACQUIRE_INFORMATION,,1,1,0,,,1,ACQUIRE_EVIDENCE_BUDGET_NOT_RULED_OUT_BY_CONVERSE,20.884494750677444
REPLICATION,P5,18,1,ACQUIRE_INFORMATION,,1,1,0,,,1,ACQUIRE_EVIDENCE_BUDGET_NOT_RULED_OUT_BY_CONVERSE,20.884494750677444
REPLICATION,P5,19,1,ACQUIRE_INFORMATION,,1,1,0,,,1,ACQUIRE_EVIDENCE_BUDGET_NOT_RULED_OUT_BY_CONVERSE,20.884494750677444
REPLICATION,P5,20,1,ACQUIRE_INFORMATION,,1,1,0,,,1,ACQUIRE_EVIDENCE_BUDGET_NOT_RULED_OUT_BY_CONVERSE,20.884494750677444
REPLICATION,P5,21,1,ACQUIRE_INFORMATION,,1,1,0,,,1,ACQUIRE_EVIDENCE_BUDGET_NOT_RULED_OUT_BY_CONVERSE,20.884494750677444
REPLICATION,P5,22,1,ACQUIRE_INFORMATION,,1,1,0,,,1,ACQUIRE_EVIDENCE_BUDGET_NOT_RULED_OUT_BY_CONVERSE,20.884494750677444
REPLICATION,P5,23,1,ACQUIRE_INFORMATION,,1,1,0,,,1,ACQUIRE_EVIDENCE_BUDGET_NOT_RULED_OUT_BY_CONVERSE,20.884494750677444
REPLICATION,P5,24,1,ACQUIRE_INFORMATION,,1,1,0,,,1,ACQUIRE_EVIDENCE_BUDGET_NOT_RULED_OUT_BY_CONVERSE,20.884494750677444
REPLICATION,P5,25,1,ACQUIRE_INFORMATION,,1,1,0,,,1,ACQUIRE_EVIDENCE_BUDGET_NOT_RULED_OUT_BY_CONVERSE,20.884494750677444
REPLICATION,P5,26,1,ACQUIRE_INFORMATION,,1,1,0,,,1,ACQUIRE_EVIDENCE_BUDGET_NOT_RULED_OUT_BY_CONVERSE,20.884494750677444
REPLICATION,P5,27,1,ACQUIRE_INFORMATION,,1,1,0,,,1,ACQUIRE_EVIDENCE_BUDGET_NOT_RULED_OUT_BY_CONVERSE,20.884494750677444
REPLICATION,P5,28,1,ACQUIRE_INFORMATION,,1,1,0,,,1,ACQUIRE_EVIDENCE_BUDGET_NOT_RULED_OUT_BY_CONVERSE,20.884494750677444
REPLICATION,P5,29,1,ACQUIRE_INFORMATION,,1,1,0,,,1,ACQUIRE_EVIDENCE_BUDGET_NOT_RULED_OUT_BY_CONVERSE,20.884494750677444
REPLICATION,P5,30,1,ACQUIRE_INFORMATION,,1,1,0,,,1,ACQUIRE_EVIDENCE_BUDGET_NOT_RULED_OUT_BY_CONVERSE,20.884494750677444
REPLICATION,P5,31,1,ACQUIRE_INFORMATION,,1,1,0,,,1,ACQUIRE_EVIDENCE_BUDGET_NOT_RULED_OUT_BY_CONVERSE,20.884494750677444
REPLICATION,P5,32,1,ACQUIRE_INFORMATION,,1,1,0,,,1,ACQUIRE_EVIDENCE_BUDGET_NOT_RULED_OUT_BY_CONVERSE,20.884494750677444
REPLICATION,P5,33,1,ACQUIRE_INFORMATION,,1,1,0,,,1,ACQUIRE_EVIDENCE_BUDGET_NOT_RULED_OUT_BY_CONVERSE,20.884494750677444
REPLICATION,P5,34,1,ACQUIRE_INFORMATION,,1,1,0,,,1,ACQUIRE_EVIDENCE_BUDGET_NOT_RULED_OUT_BY_CONVERSE,20.884494750677444
REPLICATION,P5,35,1,ACQUIRE_INFORMATION,,1,1,0,,,1,ACQUIRE_EVIDENCE_BUDGET_NOT_RULED_OUT_BY_CONVERSE,20.884494750677444
REPLICATION,P5,36,1,ACQUIRE_INFORMATION,,1,1,0,,,1,ACQUIRE_EVIDENCE_BUDGET_NOT_RULED_OUT_BY_CONVERSE,20.884494750677444
REPLICATION,P5,37,1,ACQUIRE_INFORMATION,,1,1,0,,,1,ACQUIRE_EVIDENCE_BUDGET_NOT_RULED_OUT_BY_CONVERSE,20.884494750677444
REPLICATION,P5,38,1,ACQUIRE_INFORMATION,,1,1,0,,,1,ACQUIRE_EVIDENCE_BUDGET_NOT_RULED_OUT_BY_CONVERSE,20.884494750677444
REPLICATION,P5,39,1,ACQUIRE_INFORMATION,,1,1,0,,,1,ACQUIRE_EVIDENCE_BUDGET_NOT_RULED_OUT_BY_CONVERSE,20.884494750677444
REPLICATION,P5,40,1,ACQUIRE_INFORMATION,,1,1,0,,,1,ACQUIRE_EVIDENCE_BUDGET_NOT_RULED_OUT_BY_CONVERSE,20.884494750677444
REPLICATION,P5,41,1,ACQUIRE_INFORMATION,,1,1,0,,,1,ACQUIRE_EVIDENCE_BUDGET_NOT_RULED_OUT_BY_CONVERSE,20.884494750677444
REPLICATION,P5,42,1,ACQUIRE_INFORMATION,,1,1,0,,,1,ACQUIRE_EVIDENCE_BUDGET_NOT_RULED_OUT_BY_CONVERSE,20.884494750677444
REPLICATION,P5,43,1,ACQUIRE_INFORMATION,,1,1,0,,,1,ACQUIRE_EVIDENCE_BUDGET_NOT_RULED_OUT_BY_CONVERSE,20.884494750677444
REPLICATION,P5,44,1,ACQUIRE_INFORMATION,,1,1,0,,,1,ACQUIRE_EVIDENCE_BUDGET_NOT_RULED_OUT_BY_CONVERSE,20.884494750677444
REPLICATION,P5,45,1,ACQUIRE_INFORMATION,,1,1,0,,,1,ACQUIRE_EVIDENCE_BUDGET_NOT_RULED_OUT_BY_CONVERSE,20.884494750677444
REPLICATION,P5,46,1,ACQUIRE_INFORMATION,,1,1,0,,,1,ACQUIRE_EVIDENCE_BUDGET_NOT_RULED_OUT_BY_CONVERSE,20.884494750677444
REPLICATION,P5,47,1,ACQUIRE_INFORMATION,,1,1,0,,,1,ACQUIRE_EVIDENCE_BUDGET_NOT_RULED_OUT_BY_CONVERSE,20.884494750677444
REPLICATION,P5,48,1,ACQUIRE_INFORMATION,,1,1,0,,,1,ACQUIRE_EVIDENCE_BUDGET_NOT_RULED_OUT_BY_CONVERSE,20.884494750677444
REPLICATION,P5,49,1,ACQUIRE_INFORMATION,,1,1,0,,,1,ACQUIRE_EVIDENCE_BUDGET_NOT_RULED_OUT_BY_CONVERSE,20.884494750677444
REPLICATION,P5,50,1,ACQUIRE_INFORMATION,,1,1,0,,,1,ACQUIRE_EVIDENCE_BUDGET_NOT_RULED_OUT_BY_CONVERSE,20.884494750677444
REPLICATION,P5,51,1,ACQUIRE_INFORMATION,,1,1,0,,,1,ACQUIRE_EVIDENCE_BUDGET_NOT_RULED_OUT_BY_CONVERSE,20.884494750677444
REPLICATION,P5,52,1,ACQUIRE_INFORMATION,,1,1,0,,,1,ACQUIRE_EVIDENCE_BUDGET_NOT_RULED_OUT_BY_CONVERSE,20.884494750677444
REPLICATION,P5,53,1,ACQUIRE_INFORMATION,,1,1,0,,,1,ACQUIRE_EVIDENCE_BUDGET_NOT_RULED_OUT_BY_CONVERSE,20.884494750677444
REPLICATION,P5,54,1,ACQUIRE_INFORMATION,,1,1,0,,,1,ACQUIRE_EVIDENCE_BUDGET_NOT_RULED_OUT_BY_CONVERSE,20.884494750677444
REPLICATION,P5,55,1,ACQUIRE_INFORMATION,,1,1,0,,,1,ACQUIRE_EVIDENCE_BUDGET_NOT_RULED_OUT_BY_CONVERSE,20.884494750677444
REPLICATION,P5,56,1,ACQUIRE_INFORMATION,,1,1,0,,,1,ACQUIRE_EVIDENCE_BUDGET_NOT_RULED_OUT_BY_CONVERSE,20.884494750677444
REPLICATION,P5,57,1,ACQUIRE_INFORMATION,,1,1,0,,,1,ACQUIRE_EVIDENCE_BUDGET_NOT_RULED_OUT_BY_CONVERSE,20.884494750677444
REPLICATION,P5,58,1,ACQUIRE_INFORMATION,,1,1,0,,,1,ACQUIRE_EVIDENCE_BUDGET_NOT_RULED_OUT_BY_CONVERSE,20.884494750677444
REPLICATION,P5,59,1,ACQUIRE_INFORMATION,,1,1,0,,,1,ACQUIRE_EVIDENCE_BUDGET_NOT_RULED_OUT_BY_CONVERSE,20.884494750677444
REPLICATION,P5,60,1,ACQUIRE_INFORMATION,,1,1,0,,,1,ACQUIRE_EVIDENCE_BUDGET_NOT_RULED_OUT_BY_CONVERSE,20.884494750677444
REPLICATION,P5,61,1,ACQUIRE_INFORMATION,,1,1,0,,,1,ACQUIRE_EVIDENCE_BUDGET_NOT_RULED_OUT_BY_CONVERSE,20.884494750677444
REPLICATION,P5,62,1,ACQUIRE_INFORMATION,,1,1,0,,,1,ACQUIRE_EVIDENCE_BUDGET_NOT_RULED_OUT_BY_CONVERSE,20.884494750677444
REPLICATION,P5,63,1,ACQUIRE_INFORMATION,,1,1,0,,,1,ACQUIRE_EVIDENCE_BUDGET_NOT_RULED_OUT_BY_CONVERSE,20.884494750677444
REPLICATION,P5,64,1,ACQUIRE_INFORMATION,,1,1,0,,,1,ACQUIRE_EVIDENCE_BUDGET_NOT_RULED_OUT_BY_CONVERSE,20.884494750677444
REPLICATION,P5,65,1,ACQUIRE_INFORMATION,,1,1,0,,,1,ACQUIRE_EVIDENCE_BUDGET_NOT_RULED_OUT_BY_CONVERSE,20.884494750677444
REPLICATION,P5,66,1,ACQUIRE_INFORMATION,,1,1,0,,,1,ACQUIRE_EVIDENCE_BUDGET_NOT_RULED_OUT_BY_CONVERSE,20.884494750677444
REPLICATION,P5,67,1,ACQUIRE_INFORMATION,,1,1,0,,,1,ACQUIRE_EVIDENCE_BUDGET_NOT_RULED_OUT_BY_CONVERSE,20.884494750677444
REPLICATION,P5,68,1,ACQUIRE_INFORMATION,,1,1,0,,,1,ACQUIRE_EVIDENCE_BUDGET_NOT_RULED_OUT_BY_CONVERSE,20.884494750677444
REPLICATION,P5,69,1,ACQUIRE_INFORMATION,,1,1,0,,,1,ACQUIRE_EVIDENCE_BUDGET_NOT_RULED_OUT_BY_CONVERSE,20.884494750677444
REPLICATION,P5,70,1,ACQUIRE_INFORMATION,,1,1,0,,,1,ACQUIRE_EVIDENCE_BUDGET_NOT_RULED_OUT_BY_CONVERSE,20.884494750677444
REPLICATION,P5,71,1,ACQUIRE_INFORMATION,,1,1,0,,,1,ACQUIRE_EVIDENCE_BUDGET_NOT_RULED_OUT_BY_CONVERSE,20.884494750677444
REPLICATION,P5,72,1,ACQUIRE_INFORMATION,,1,1,0,,,1,ACQUIRE_EVIDENCE_BUDGET_NOT_RULED_OUT_BY_CONVERSE,20.884494750677444
REPLICATION,P5,73,1,ACQUIRE_INFORMATION,,1,1,0,,,1,ACQUIRE_EVIDENCE_BUDGET_NOT_RULED_OUT_BY_CONVERSE,20.884494750677444
REPLICATION,P5,74,1,ACQUIRE_INFORMATION,,1,1,0,,,1,ACQUIRE_EVIDENCE_BUDGET_NOT_RULED_OUT_BY_CONVERSE,20.884494750677444
REPLICATION,P5,75,1,ACQUIRE_INFORMATION,,1,1,0,,,1,ACQUIRE_EVIDENCE_BUDGET_NOT_RULED_OUT_BY_CONVERSE,20.884494750677444
REPLICATION,P5,76,1,ACQUIRE_INFORMATION,,1,1,0,,,1,ACQUIRE_EVIDENCE_BUDGET_NOT_RULED_OUT_BY_CONVERSE,20.884494750677444
REPLICATION,P5,77,1,ACQUIRE_INFORMATION,,1,1,0,,,1,ACQUIRE_EVIDENCE_BUDGET_NOT_RULED_OUT_BY_CONVERSE,20.884494750677444
REPLICATION,P5,78,1,ACQUIRE_INFORMATION,,1,1,0,,,1,ACQUIRE_EVIDENCE_BUDGET_NOT_RULED_OUT_BY_CONVERSE,20.884494750677444
REPLICATION,P5,79,1,ACQUIRE_INFORMATION,,1,1,0,,,1,ACQUIRE_EVIDENCE_BUDGET_NOT_RULED_OUT_BY_CONVERSE,20.884494750677444
REPLICATION,P5,80,1,ACQUIRE_INFORMATION,,1,1,0,,,1,ACQUIRE_EVIDENCE_BUDGET_NOT_RULED_OUT_BY_CONVERSE,20.884494750677444
REPLICATION,P5,81,1,ACQUIRE_INFORMATION,,1,1,0,,,1,ACQUIRE_EVIDENCE_BUDGET_NOT_RULED_OUT_BY_CONVERSE,20.884494750677444
REPLICATION,P5,82,1,ACQUIRE_INFORMATION,,1,1,0,,,1,ACQUIRE_EVIDENCE_BUDGET_NOT_RULED_OUT_BY_CONVERSE,20.884494750677444
REPLICATION,P5,83,1,ACQUIRE_INFORMATION,,1,1,0,,,1,ACQUIRE_EVIDENCE_BUDGET_NOT_RULED_OUT_BY_CONVERSE,20.884494750677444
REPLICATION,P5,84,1,ACQUIRE_INFORMATION,,1,1,0,,,1,ACQUIRE_EVIDENCE_BUDGET_NOT_RULED_OUT_BY_CONVERSE,20.884494750677444
REPLICATION,P5,85,1,ACQUIRE_INFORMATION,,1,1,0,,,1,ACQUIRE_EVIDENCE_BUDGET_NOT_RULED_OUT_BY_CONVERSE,20.884494750677444
REPLICATION,P5,86,1,ACQUIRE_INFORMATION,,1,1,0,,,1,ACQUIRE_EVIDENCE_BUDGET_NOT_RULED_OUT_BY_CONVERSE,20.884494750677444
REPLICATION,P5,87,1,ACQUIRE_INFORMATION,,1,1,0,,,1,ACQUIRE_EVIDENCE_BUDGET_NOT_RULED_OUT_BY_CONVERSE,20.884494750677444
REPLICATION,P5,88,1,ACQUIRE_INFORMATION,,1,1,0,,,1,ACQUIRE_EVIDENCE_BUDGET_NOT_RULED_OUT_BY_CONVERSE,20.884494750677444
REPLICATION,P5,89,1,ACQUIRE_INFORMATION,,1,1,0,,,1,ACQUIRE_EVIDENCE_BUDGET_NOT_RULED_OUT_BY_CONVERSE,20.884494750677444
REPLICATION,P5,90,1,ACQUIRE_INFORMATION,,1,1,0,,,1,ACQUIRE_EVIDENCE_BUDGET_NOT_RULED_OUT_BY_CONVERSE,20.884494750677444
REPLICATION,P5,91,1,ACQUIRE_INFORMATION,,1,1,0,,,1,ACQUIRE_EVIDENCE_BUDGET_NOT_RULED_OUT_BY_CONVERSE,20.884494750677444
REPLICATION,P5,92,1,ACQUIRE_INFORMATION,,1,1,0,,,1,ACQUIRE_EVIDENCE_BUDGET_NOT_RULED_OUT_BY_CONVERSE,20.884494750677444
REPLICATION,P5,93,1,ACQUIRE_INFORMATION,,1,1,0,,,1,ACQUIRE_EVIDENCE_BUDGET_NOT_RULED_OUT_BY_CONVERSE,20.884494750677444
REPLICATION,P5,94,1,ACQUIRE_INFORMATION,,1,1,0,,,1,ACQUIRE_EVIDENCE_BUDGET_NOT_RULED_OUT_BY_CONVERSE,20.884494750677444
REPLICATION,P5,95,1,ACQUIRE_INFORMATION,,1,1,0,,,1,ACQUIRE_EVIDENCE_BUDGET_NOT_RULED_OUT_BY_CONVERSE,20.884494750677444
REPLICATION,P5,96,1,ACQUIRE_INFORMATION,,1,1,0,,,1,ACQUIRE_EVIDENCE_BUDGET_NOT_RULED_OUT_BY_CONVERSE,20.884494750677444
REPLICATION,P5,97,1,ACQUIRE_INFORMATION,,1,1,0,,,1,ACQUIRE_EVIDENCE_BUDGET_NOT_RULED_OUT_BY_CONVERSE,20.884494750677444
REPLICATION,P5,98,1,ACQUIRE_INFORMATION,,1,1,0,,,1,ACQUIRE_EVIDENCE_BUDGET_NOT_RULED_OUT_BY_CONVERSE,20.884494750677444
REPLICATION,P5,99,1,ACQUIRE_INFORMATION,,1,1,0,,,1,ACQUIRE_EVIDENCE_BUDGET_NOT_RULED_OUT_BY_CONVERSE,20.884494750677444
REPLICATION,P5,100,1,ACQUIRE_INFORMATION,,1,1,0,,,1,ACQUIRE_EVIDENCE_BUDGET_NOT_RULED_OUT_BY_CONVERSE,20.884494750677444
REPLICATION,P5,101,1,ACQUIRE_INFORMATION,,1,1,0,,,1,ACQUIRE_EVIDENCE_BUDGET_NOT_RULED_OUT_BY_CONVERSE,20.884494750677444
REPLICATION,P5,102,1,ACQUIRE_INFORMATION,,1,1,0,,,1,ACQUIRE_EVIDENCE_BUDGET_NOT_RULED_OUT_BY_CONVERSE,20.884494750677444
REPLICATION,P5,103,1,ACQUIRE_INFORMATION,,1,1,0,,,1,ACQUIRE_EVIDENCE_BUDGET_NOT_RULED_OUT_BY_CONVERSE,20.884494750677444
REPLICATION,P5,104,1,ACQUIRE_INFORMATION,,1,1,0,,,1,ACQUIRE_EVIDENCE_BUDGET_NOT_RULED_OUT_BY_CONVERSE,20.884494750677444
REPLICATION,P5,105,1,ACQUIRE_INFORMATION,,1,1,0,,,1,ACQUIRE_EVIDENCE_BUDGET_NOT_RULED_OUT_BY_CONVERSE,20.884494750677444
REPLICATION,P5,106,1,ACQUIRE_INFORMATION,,1,1,0,,,1,ACQUIRE_EVIDENCE_BUDGET_NOT_RULED_OUT_BY_CONVERSE,20.884494750677444
REPLICATION,P5,107,1,ACQUIRE_INFORMATION,,1,1,0,,,1,ACQUIRE_EVIDENCE_BUDGET_NOT_RULED_OUT_BY_CONVERSE,20.884494750677444
REPLICATION,P5,108,1,ACQUIRE_INFORMATION,,1,1,0,,,1,ACQUIRE_EVIDENCE_BUDGET_NOT_RULED_OUT_BY_CONVERSE,20.884494750677444
REPLICATION,P5,109,1,ACQUIRE_INFORMATION,,1,1,0,,,1,ACQUIRE_EVIDENCE_BUDGET_NOT_RULED_OUT_BY_CONVERSE,20.884494750677444
REPLICATION,P5,110,1,ACQUIRE_INFORMATION,,1,1,0,,,1,ACQUIRE_EVIDENCE_BUDGET_NOT_RULED_OUT_BY_CONVERSE,20.884494750677444
REPLICATION,P5,111,1,ACQUIRE_INFORMATION,,1,1,0,,,1,ACQUIRE_EVIDENCE_BUDGET_NOT_RULED_OUT_BY_CONVERSE,20.884494750677444
REPLICATION,P5,112,1,ACQUIRE_INFORMATION,,1,1,0,,,1,ACQUIRE_EVIDENCE_BUDGET_NOT_RULED_OUT_BY_CONVERSE,20.884494750677444
REPLICATION,P5,113,1,ACQUIRE_INFORMATION,,1,1,0,,,1,ACQUIRE_EVIDENCE_BUDGET_NOT_RULED_OUT_BY_CONVERSE,20.884494750677444
REPLICATION,P5,114,1,ACQUIRE_INFORMATION,,1,1,0,,,1,ACQUIRE_EVIDENCE_BUDGET_NOT_RULED_OUT_BY_CONVERSE,20.884494750677444
REPLICATION,P5,115,1,ACQUIRE_INFORMATION,,1,1,0,,,1,ACQUIRE_EVIDENCE_BUDGET_NOT_RULED_OUT_BY_CONVERSE,20.884494750677444
REPLICATION,P5,116,1,ACQUIRE_INFORMATION,,1,1,0,,,1,ACQUIRE_EVIDENCE_BUDGET_NOT_RULED_OUT_BY_CONVERSE,20.884494750677444
REPLICATION,P5,117,1,ACQUIRE_INFORMATION,,1,1,0,,,1,ACQUIRE_EVIDENCE_BUDGET_NOT_RULED_OUT_BY_CONVERSE,20.884494750677444
REPLICATION,P5,118,1,ACQUIRE_INFORMATION,,1,1,0,,,1,ACQUIRE_EVIDENCE_BUDGET_NOT_RULED_OUT_BY_CONVERSE,20.884494750677444
REPLICATION,P5,119,1,ACQUIRE_INFORMATION,,1,1,0,,,1,ACQUIRE_EVIDENCE_BUDGET_NOT_RULED_OUT_BY_CONVERSE,20.884494750677444
REPLICATION,P5,120,1,ACQUIRE_INFORMATION,,1,1,0,,,1,ACQUIRE_EVIDENCE_BUDGET_NOT_RULED_OUT_BY_CONVERSE,20.884494750677444
REPLICATION,P5,121,1,ACQUIRE_INFORMATION,,1,1,0,,,1,ACQUIRE_EVIDENCE_BUDGET_NOT_RULED_OUT_BY_CONVERSE,20.884494750677444
REPLICATION,P5,122,1,ACQUIRE_INFORMATION,,1,1,0,,,1,ACQUIRE_EVIDENCE_BUDGET_NOT_RULED_OUT_BY_CONVERSE,20.884494750677444
REPLICATION,P5,123,1,ACQUIRE_INFORMATION,,1,1,0,,,1,ACQUIRE_EVIDENCE_BUDGET_NOT_RULED_OUT_BY_CONVERSE,20.884494750677444
REPLICATION,P5,124,1,ACQUIRE_INFORMATION,,1,1,0,,,1,ACQUIRE_EVIDENCE_BUDGET_NOT_RULED_OUT_BY_CONVERSE,20.884494750677444
REPLICATION,P5,125,1,ACQUIRE_INFORMATION,,1,1,0,,,1,ACQUIRE_EVIDENCE_BUDGET_NOT_RULED_OUT_BY_CONVERSE,20.884494750677444
REPLICATION,P5,126,1,ACQUIRE_INFORMATION,,1,1,0,,,1,ACQUIRE_EVIDENCE_BUDGET_NOT_RULED_OUT_BY_CONVERSE,20.884494750677444
REPLICATION,P5,127,1,ACQUIRE_INFORMATION,,1,1,0,,,1,ACQUIRE_EVIDENCE_BUDGET_NOT_RULED_OUT_BY_CONVERSE,20.884494750677444
REPLICATION,P6,0,1,ABSTAIN_WORLD_DISAGREEMENT,,1,1,0,,,1,INSUFFICIENT_INFORMATION_BUDGET,20.884494750677444
REPLICATION,P6,1,1,ABSTAIN_WORLD_DISAGREEMENT,,1,1,0,,,1,INSUFFICIENT_INFORMATION_BUDGET,20.884494750677444
REPLICATION,P6,2,1,ABSTAIN_WORLD_DISAGREEMENT,,1,1,0,,,1,INSUFFICIENT_INFORMATION_BUDGET,20.884494750677444
REPLICATION,P6,3,1,ABSTAIN_WORLD_DISAGREEMENT,,1,1,0,,,1,INSUFFICIENT_INFORMATION_BUDGET,20.884494750677444
REPLICATION,P6,4,1,ABSTAIN_WORLD_DISAGREEMENT,,1,1,0,,,1,INSUFFICIENT_INFORMATION_BUDGET,20.884494750677444
REPLICATION,P6,5,1,ABSTAIN_WORLD_DISAGREEMENT,,1,1,0,,,1,INSUFFICIENT_INFORMATION_BUDGET,20.884494750677444
REPLICATION,P6,6,1,ABSTAIN_WORLD_DISAGREEMENT,,1,1,0,,,1,INSUFFICIENT_INFORMATION_BUDGET,20.884494750677444
REPLICATION,P6,7,1,ABSTAIN_WORLD_DISAGREEMENT,,1,1,0,,,1,INSUFFICIENT_INFORMATION_BUDGET,20.884494750677444
REPLICATION,P6,8,1,ABSTAIN_WORLD_DISAGREEMENT,,1,1,0,,,1,INSUFFICIENT_INFORMATION_BUDGET,20.884494750677444
REPLICATION,P6,9,1,ABSTAIN_WORLD_DISAGREEMENT,,1,1,0,,,1,INSUFFICIENT_INFORMATION_BUDGET,20.884494750677444
REPLICATION,P6,10,1,ABSTAIN_WORLD_DISAGREEMENT,,1,1,0,,,1,INSUFFICIENT_INFORMATION_BUDGET,20.884494750677444
REPLICATION,P6,11,1,ABSTAIN_WORLD_DISAGREEMENT,,1,1,0,,,1,INSUFFICIENT_INFORMATION_BUDGET,20.884494750677444
REPLICATION,P6,12,1,ABSTAIN_WORLD_DISAGREEMENT,,1,1,0,,,1,INSUFFICIENT_INFORMATION_BUDGET,20.884494750677444
REPLICATION,P6,13,1,ABSTAIN_WORLD_DISAGREEMENT,,1,1,0,,,1,INSUFFICIENT_INFORMATION_BUDGET,20.884494750677444
REPLICATION,P6,14,1,ABSTAIN_WORLD_DISAGREEMENT,,1,1,0,,,1,INSUFFICIENT_INFORMATION_BUDGET,20.884494750677444
REPLICATION,P6,15,1,ABSTAIN_WORLD_DISAGREEMENT,,1,1,0,,,1,INSUFFICIENT_INFORMATION_BUDGET,20.884494750677444
REPLICATION,P6,16,1,ABSTAIN_WORLD_DISAGREEMENT,,1,1,0,,,1,INSUFFICIENT_INFORMATION_BUDGET,20.884494750677444
REPLICATION,P6,17,1,ABSTAIN_WORLD_DISAGREEMENT,,1,1,0,,,1,INSUFFICIENT_INFORMATION_BUDGET,20.884494750677444
REPLICATION,P6,18,1,ABSTAIN_WORLD_DISAGREEMENT,,1,1,0,,,1,INSUFFICIENT_INFORMATION_BUDGET,20.884494750677444
REPLICATION,P6,19,1,ABSTAIN_WORLD_DISAGREEMENT,,1,1,0,,,1,INSUFFICIENT_INFORMATION_BUDGET,20.884494750677444
REPLICATION,P6,20,1,ABSTAIN_WORLD_DISAGREEMENT,,1,1,0,,,1,INSUFFICIENT_INFORMATION_BUDGET,20.884494750677444
REPLICATION,P6,21,1,ABSTAIN_WORLD_DISAGREEMENT,,1,1,0,,,1,INSUFFICIENT_INFORMATION_BUDGET,20.884494750677444
REPLICATION,P6,22,1,ABSTAIN_WORLD_DISAGREEMENT,,1,1,0,,,1,INSUFFICIENT_INFORMATION_BUDGET,20.884494750677444
REPLICATION,P6,23,1,ABSTAIN_WORLD_DISAGREEMENT,,1,1,0,,,1,INSUFFICIENT_INFORMATION_BUDGET,20.884494750677444
REPLICATION,P6,24,1,ABSTAIN_WORLD_DISAGREEMENT,,1,1,0,,,1,INSUFFICIENT_INFORMATION_BUDGET,20.884494750677444
REPLICATION,P6,25,1,ABSTAIN_WORLD_DISAGREEMENT,,1,1,0,,,1,INSUFFICIENT_INFORMATION_BUDGET,20.884494750677444
REPLICATION,P6,26,1,ABSTAIN_WORLD_DISAGREEMENT,,1,1,0,,,1,INSUFFICIENT_INFORMATION_BUDGET,20.884494750677444
REPLICATION,P6,27,1,ABSTAIN_WORLD_DISAGREEMENT,,1,1,0,,,1,INSUFFICIENT_INFORMATION_BUDGET,20.884494750677444
REPLICATION,P6,28,1,ABSTAIN_WORLD_DISAGREEMENT,,1,1,0,,,1,INSUFFICIENT_INFORMATION_BUDGET,20.884494750677444
REPLICATION,P6,29,1,ABSTAIN_WORLD_DISAGREEMENT,,1,1,0,,,1,INSUFFICIENT_INFORMATION_BUDGET,20.884494750677444
REPLICATION,P6,30,1,ABSTAIN_WORLD_DISAGREEMENT,,1,1,0,,,1,INSUFFICIENT_INFORMATION_BUDGET,20.884494750677444
REPLICATION,P6,31,1,ABSTAIN_WORLD_DISAGREEMENT,,1,1,0,,,1,INSUFFICIENT_INFORMATION_BUDGET,20.884494750677444
REPLICATION,P6,32,1,ABSTAIN_WORLD_DISAGREEMENT,,1,1,0,,,1,INSUFFICIENT_INFORMATION_BUDGET,20.884494750677444
REPLICATION,P6,33,1,ABSTAIN_WORLD_DISAGREEMENT,,1,1,0,,,1,INSUFFICIENT_INFORMATION_BUDGET,20.884494750677444
REPLICATION,P6,34,1,ABSTAIN_WORLD_DISAGREEMENT,,1,1,0,,,1,INSUFFICIENT_INFORMATION_BUDGET,20.884494750677444
REPLICATION,P6,35,1,ABSTAIN_WORLD_DISAGREEMENT,,1,1,0,,,1,INSUFFICIENT_INFORMATION_BUDGET,20.884494750677444
REPLICATION,P6,36,1,ABSTAIN_WORLD_DISAGREEMENT,,1,1,0,,,1,INSUFFICIENT_INFORMATION_BUDGET,20.884494750677444
REPLICATION,P6,37,1,ABSTAIN_WORLD_DISAGREEMENT,,1,1,0,,,1,INSUFFICIENT_INFORMATION_BUDGET,20.884494750677444
REPLICATION,P6,38,1,ABSTAIN_WORLD_DISAGREEMENT,,1,1,0,,,1,INSUFFICIENT_INFORMATION_BUDGET,20.884494750677444
REPLICATION,P6,39,1,ABSTAIN_WORLD_DISAGREEMENT,,1,1,0,,,1,INSUFFICIENT_INFORMATION_BUDGET,20.884494750677444
REPLICATION,P6,40,1,ABSTAIN_WORLD_DISAGREEMENT,,1,1,0,,,1,INSUFFICIENT_INFORMATION_BUDGET,20.884494750677444
REPLICATION,P6,41,1,ABSTAIN_WORLD_DISAGREEMENT,,1,1,0,,,1,INSUFFICIENT_INFORMATION_BUDGET,20.884494750677444
REPLICATION,P6,42,1,ABSTAIN_WORLD_DISAGREEMENT,,1,1,0,,,1,INSUFFICIENT_INFORMATION_BUDGET,20.884494750677444
REPLICATION,P6,43,1,ABSTAIN_WORLD_DISAGREEMENT,,1,1,0,,,1,INSUFFICIENT_INFORMATION_BUDGET,20.884494750677444
REPLICATION,P6,44,1,ABSTAIN_WORLD_DISAGREEMENT,,1,1,0,,,1,INSUFFICIENT_INFORMATION_BUDGET,20.884494750677444
REPLICATION,P6,45,1,ABSTAIN_WORLD_DISAGREEMENT,,1,1,0,,,1,INSUFFICIENT_INFORMATION_BUDGET,20.884494750677444
REPLICATION,P6,46,1,ABSTAIN_WORLD_DISAGREEMENT,,1,1,0,,,1,INSUFFICIENT_INFORMATION_BUDGET,20.884494750677444
REPLICATION,P6,47,1,ABSTAIN_WORLD_DISAGREEMENT,,1,1,0,,,1,INSUFFICIENT_INFORMATION_BUDGET,20.884494750677444
REPLICATION,P6,48,1,ABSTAIN_WORLD_DISAGREEMENT,,1,1,0,,,1,INSUFFICIENT_INFORMATION_BUDGET,20.884494750677444
REPLICATION,P6,49,1,ABSTAIN_WORLD_DISAGREEMENT,,1,1,0,,,1,INSUFFICIENT_INFORMATION_BUDGET,20.884494750677444
REPLICATION,P6,50,1,ABSTAIN_WORLD_DISAGREEMENT,,1,1,0,,,1,INSUFFICIENT_INFORMATION_BUDGET,20.884494750677444
REPLICATION,P6,51,1,ABSTAIN_WORLD_DISAGREEMENT,,1,1,0,,,1,INSUFFICIENT_INFORMATION_BUDGET,20.884494750677444
REPLICATION,P6,52,1,ABSTAIN_WORLD_DISAGREEMENT,,1,1,0,,,1,INSUFFICIENT_INFORMATION_BUDGET,20.884494750677444
REPLICATION,P6,53,1,ABSTAIN_WORLD_DISAGREEMENT,,1,1,0,,,1,INSUFFICIENT_INFORMATION_BUDGET,20.884494750677444
REPLICATION,P6,54,1,ABSTAIN_WORLD_DISAGREEMENT,,1,1,0,,,1,INSUFFICIENT_INFORMATION_BUDGET,20.884494750677444
REPLICATION,P6,55,1,ABSTAIN_WORLD_DISAGREEMENT,,1,1,0,,,1,INSUFFICIENT_INFORMATION_BUDGET,20.884494750677444
REPLICATION,P6,56,1,ABSTAIN_WORLD_DISAGREEMENT,,1,1,0,,,1,INSUFFICIENT_INFORMATION_BUDGET,20.884494750677444
REPLICATION,P6,57,1,ABSTAIN_WORLD_DISAGREEMENT,,1,1,0,,,1,INSUFFICIENT_INFORMATION_BUDGET,20.884494750677444
REPLICATION,P6,58,1,ABSTAIN_WORLD_DISAGREEMENT,,1,1,0,,,1,INSUFFICIENT_INFORMATION_BUDGET,20.884494750677444
REPLICATION,P6,59,1,ABSTAIN_WORLD_DISAGREEMENT,,1,1,0,,,1,INSUFFICIENT_INFORMATION_BUDGET,20.884494750677444
REPLICATION,P6,60,1,ABSTAIN_WORLD_DISAGREEMENT,,1,1,0,,,1,INSUFFICIENT_INFORMATION_BUDGET,20.884494750677444
REPLICATION,P6,61,1,ABSTAIN_WORLD_DISAGREEMENT,,1,1,0,,,1,INSUFFICIENT_INFORMATION_BUDGET,20.884494750677444
REPLICATION,P6,62,1,ABSTAIN_WORLD_DISAGREEMENT,,1,1,0,,,1,INSUFFICIENT_INFORMATION_BUDGET,20.884494750677444
REPLICATION,P6,63,1,ABSTAIN_WORLD_DISAGREEMENT,,1,1,0,,,1,INSUFFICIENT_INFORMATION_BUDGET,20.884494750677444
REPLICATION,P6,64,1,ABSTAIN_WORLD_DISAGREEMENT,,1,1,0,,,1,INSUFFICIENT_INFORMATION_BUDGET,20.884494750677444
REPLICATION,P6,65,1,ABSTAIN_WORLD_DISAGREEMENT,,1,1,0,,,1,INSUFFICIENT_INFORMATION_BUDGET,20.884494750677444
REPLICATION,P6,66,1,ABSTAIN_WORLD_DISAGREEMENT,,1,1,0,,,1,INSUFFICIENT_INFORMATION_BUDGET,20.884494750677444
REPLICATION,P6,67,1,ABSTAIN_WORLD_DISAGREEMENT,,1,1,0,,,1,INSUFFICIENT_INFORMATION_BUDGET,20.884494750677444
REPLICATION,P6,68,1,ABSTAIN_WORLD_DISAGREEMENT,,1,1,0,,,1,INSUFFICIENT_INFORMATION_BUDGET,20.884494750677444
REPLICATION,P6,69,1,ABSTAIN_WORLD_DISAGREEMENT,,1,1,0,,,1,INSUFFICIENT_INFORMATION_BUDGET,20.884494750677444
REPLICATION,P6,70,1,ABSTAIN_WORLD_DISAGREEMENT,,1,1,0,,,1,INSUFFICIENT_INFORMATION_BUDGET,20.884494750677444
REPLICATION,P6,71,1,ABSTAIN_WORLD_DISAGREEMENT,,1,1,0,,,1,INSUFFICIENT_INFORMATION_BUDGET,20.884494750677444
REPLICATION,P6,72,1,ABSTAIN_WORLD_DISAGREEMENT,,1,1,0,,,1,INSUFFICIENT_INFORMATION_BUDGET,20.884494750677444
REPLICATION,P6,73,1,ABSTAIN_WORLD_DISAGREEMENT,,1,1,0,,,1,INSUFFICIENT_INFORMATION_BUDGET,20.884494750677444
REPLICATION,P6,74,1,ABSTAIN_WORLD_DISAGREEMENT,,1,1,0,,,1,INSUFFICIENT_INFORMATION_BUDGET,20.884494750677444
REPLICATION,P6,75,1,ABSTAIN_WORLD_DISAGREEMENT,,1,1,0,,,1,INSUFFICIENT_INFORMATION_BUDGET,20.884494750677444
REPLICATION,P6,76,1,ABSTAIN_WORLD_DISAGREEMENT,,1,1,0,,,1,INSUFFICIENT_INFORMATION_BUDGET,20.884494750677444
REPLICATION,P6,77,1,ABSTAIN_WORLD_DISAGREEMENT,,1,1,0,,,1,INSUFFICIENT_INFORMATION_BUDGET,20.884494750677444
REPLICATION,P6,78,1,ABSTAIN_WORLD_DISAGREEMENT,,1,1,0,,,1,INSUFFICIENT_INFORMATION_BUDGET,20.884494750677444
REPLICATION,P6,79,1,ABSTAIN_WORLD_DISAGREEMENT,,1,1,0,,,1,INSUFFICIENT_INFORMATION_BUDGET,20.884494750677444
REPLICATION,P6,80,1,ABSTAIN_WORLD_DISAGREEMENT,,1,1,0,,,1,INSUFFICIENT_INFORMATION_BUDGET,20.884494750677444
REPLICATION,P6,81,1,ABSTAIN_WORLD_DISAGREEMENT,,1,1,0,,,1,INSUFFICIENT_INFORMATION_BUDGET,20.884494750677444
REPLICATION,P6,82,1,ABSTAIN_WORLD_DISAGREEMENT,,1,1,0,,,1,INSUFFICIENT_INFORMATION_BUDGET,20.884494750677444
REPLICATION,P6,83,1,ABSTAIN_WORLD_DISAGREEMENT,,1,1,0,,,1,INSUFFICIENT_INFORMATION_BUDGET,20.884494750677444
REPLICATION,P6,84,1,ABSTAIN_WORLD_DISAGREEMENT,,1,1,0,,,1,INSUFFICIENT_INFORMATION_BUDGET,20.884494750677444
REPLICATION,P6,85,1,ABSTAIN_WORLD_DISAGREEMENT,,1,1,0,,,1,INSUFFICIENT_INFORMATION_BUDGET,20.884494750677444
REPLICATION,P6,86,1,ABSTAIN_WORLD_DISAGREEMENT,,1,1,0,,,1,INSUFFICIENT_INFORMATION_BUDGET,20.884494750677444
REPLICATION,P6,87,1,ABSTAIN_WORLD_DISAGREEMENT,,1,1,0,,,1,INSUFFICIENT_INFORMATION_BUDGET,20.884494750677444
REPLICATION,P6,88,1,ABSTAIN_WORLD_DISAGREEMENT,,1,1,0,,,1,INSUFFICIENT_INFORMATION_BUDGET,20.884494750677444
REPLICATION,P6,89,1,ABSTAIN_WORLD_DISAGREEMENT,,1,1,0,,,1,INSUFFICIENT_INFORMATION_BUDGET,20.884494750677444
REPLICATION,P6,90,1,ABSTAIN_WORLD_DISAGREEMENT,,1,1,0,,,1,INSUFFICIENT_INFORMATION_BUDGET,20.884494750677444
REPLICATION,P6,91,1,ABSTAIN_WORLD_DISAGREEMENT,,1,1,0,,,1,INSUFFICIENT_INFORMATION_BUDGET,20.884494750677444
REPLICATION,P6,92,1,ABSTAIN_WORLD_DISAGREEMENT,,1,1,0,,,1,INSUFFICIENT_INFORMATION_BUDGET,20.884494750677444
REPLICATION,P6,93,1,ABSTAIN_WORLD_DISAGREEMENT,,1,1,0,,,1,INSUFFICIENT_INFORMATION_BUDGET,20.884494750677444
REPLICATION,P6,94,1,ABSTAIN_WORLD_DISAGREEMENT,,1,1,0,,,1,INSUFFICIENT_INFORMATION_BUDGET,20.884494750677444
REPLICATION,P6,95,1,ABSTAIN_WORLD_DISAGREEMENT,,1,1,0,,,1,INSUFFICIENT_INFORMATION_BUDGET,20.884494750677444
REPLICATION,P6,96,1,ABSTAIN_WORLD_DISAGREEMENT,,1,1,0,,,1,INSUFFICIENT_INFORMATION_BUDGET,20.884494750677444
REPLICATION,P6,97,1,ABSTAIN_WORLD_DISAGREEMENT,,1,1,0,,,1,INSUFFICIENT_INFORMATION_BUDGET,20.884494750677444
REPLICATION,P6,98,1,ABSTAIN_WORLD_DISAGREEMENT,,1,1,0,,,1,INSUFFICIENT_INFORMATION_BUDGET,20.884494750677444
REPLICATION,P6,99,1,ABSTAIN_WORLD_DISAGREEMENT,,1,1,0,,,1,INSUFFICIENT_INFORMATION_BUDGET,20.884494750677444
REPLICATION,P6,100,1,ABSTAIN_WORLD_DISAGREEMENT,,1,1,0,,,1,INSUFFICIENT_INFORMATION_BUDGET,20.884494750677444
REPLICATION,P6,101,1,ABSTAIN_WORLD_DISAGREEMENT,,1,1,0,,,1,INSUFFICIENT_INFORMATION_BUDGET,20.884494750677444
REPLICATION,P6,102,1,ABSTAIN_WORLD_DISAGREEMENT,,1,1,0,,,1,INSUFFICIENT_INFORMATION_BUDGET,20.884494750677444
REPLICATION,P6,103,1,ABSTAIN_WORLD_DISAGREEMENT,,1,1,0,,,1,INSUFFICIENT_INFORMATION_BUDGET,20.884494750677444
REPLICATION,P6,104,1,ABSTAIN_WORLD_DISAGREEMENT,,1,1,0,,,1,INSUFFICIENT_INFORMATION_BUDGET,20.884494750677444
REPLICATION,P6,105,1,ABSTAIN_WORLD_DISAGREEMENT,,1,1,0,,,1,INSUFFICIENT_INFORMATION_BUDGET,20.884494750677444
REPLICATION,P6,106,1,ABSTAIN_WORLD_DISAGREEMENT,,1,1,0,,,1,INSUFFICIENT_INFORMATION_BUDGET,20.884494750677444
REPLICATION,P6,107,1,ABSTAIN_WORLD_DISAGREEMENT,,1,1,0,,,1,INSUFFICIENT_INFORMATION_BUDGET,20.884494750677444
REPLICATION,P6,108,1,ABSTAIN_WORLD_DISAGREEMENT,,1,1,0,,,1,INSUFFICIENT_INFORMATION_BUDGET,20.884494750677444
REPLICATION,P6,109,1,ABSTAIN_WORLD_DISAGREEMENT,,1,1,0,,,1,INSUFFICIENT_INFORMATION_BUDGET,20.884494750677444
REPLICATION,P6,110,1,ABSTAIN_WORLD_DISAGREEMENT,,1,1,0,,,1,INSUFFICIENT_INFORMATION_BUDGET,20.884494750677444
REPLICATION,P6,111,1,ABSTAIN_WORLD_DISAGREEMENT,,1,1,0,,,1,INSUFFICIENT_INFORMATION_BUDGET,20.884494750677444
REPLICATION,P6,112,1,ABSTAIN_WORLD_DISAGREEMENT,,1,1,0,,,1,INSUFFICIENT_INFORMATION_BUDGET,20.884494750677444
REPLICATION,P6,113,1,ABSTAIN_WORLD_DISAGREEMENT,,1,1,0,,,1,INSUFFICIENT_INFORMATION_BUDGET,20.884494750677444
REPLICATION,P6,114,1,ABSTAIN_WORLD_DISAGREEMENT,,1,1,0,,,1,INSUFFICIENT_INFORMATION_BUDGET,20.884494750677444
REPLICATION,P6,115,1,ABSTAIN_WORLD_DISAGREEMENT,,1,1,0,,,1,INSUFFICIENT_INFORMATION_BUDGET,20.884494750677444
REPLICATION,P6,116,1,ABSTAIN_WORLD_DISAGREEMENT,,1,1,0,,,1,INSUFFICIENT_INFORMATION_BUDGET,20.884494750677444
REPLICATION,P6,117,1,ABSTAIN_WORLD_DISAGREEMENT,,1,1,0,,,1,INSUFFICIENT_INFORMATION_BUDGET,20.884494750677444
REPLICATION,P6,118,1,ABSTAIN_WORLD_DISAGREEMENT,,1,1,0,,,1,INSUFFICIENT_INFORMATION_BUDGET,20.884494750677444
REPLICATION,P6,119,1,ABSTAIN_WORLD_DISAGREEMENT,,1,1,0,,,1,INSUFFICIENT_INFORMATION_BUDGET,20.884494750677444
REPLICATION,P6,120,1,ABSTAIN_WORLD_DISAGREEMENT,,1,1,0,,,1,INSUFFICIENT_INFORMATION_BUDGET,20.884494750677444
REPLICATION,P6,121,1,ABSTAIN_WORLD_DISAGREEMENT,,1,1,0,,,1,INSUFFICIENT_INFORMATION_BUDGET,20.884494750677444
REPLICATION,P6,122,1,ABSTAIN_WORLD_DISAGREEMENT,,1,1,0,,,1,INSUFFICIENT_INFORMATION_BUDGET,20.884494750677444
REPLICATION,P6,123,1,ABSTAIN_WORLD_DISAGREEMENT,,1,1,0,,,1,INSUFFICIENT_INFORMATION_BUDGET,20.884494750677444
REPLICATION,P6,124,1,ABSTAIN_WORLD_DISAGREEMENT,,1,1,0,,,1,INSUFFICIENT_INFORMATION_BUDGET,20.884494750677444
REPLICATION,P6,125,1,ABSTAIN_WORLD_DISAGREEMENT,,1,1,0,,,1,INSUFFICIENT_INFORMATION_BUDGET,20.884494750677444
REPLICATION,P6,126,1,ABSTAIN_WORLD_DISAGREEMENT,,1,1,0,,,1,INSUFFICIENT_INFORMATION_BUDGET,20.884494750677444
REPLICATION,P6,127,1,ABSTAIN_WORLD_DISAGREEMENT,,1,1,0,,,1,INSUFFICIENT_INFORMATION_BUDGET,20.884494750677444
REPLICATION,P7,0,1,ABSTAIN_WORLD_DISAGREEMENT,,1,1,0,,,1,NO_IDENTIFYING_INFORMATION_CHANNEL,inf
REPLICATION,P7,1,1,ABSTAIN_WORLD_DISAGREEMENT,,1,1,0,,,1,NO_IDENTIFYING_INFORMATION_CHANNEL,inf
REPLICATION,P7,2,1,ABSTAIN_WORLD_DISAGREEMENT,,1,1,0,,,1,NO_IDENTIFYING_INFORMATION_CHANNEL,inf
REPLICATION,P7,3,1,ABSTAIN_WORLD_DISAGREEMENT,,1,1,0,,,1,NO_IDENTIFYING_INFORMATION_CHANNEL,inf
REPLICATION,P7,4,1,ABSTAIN_WORLD_DISAGREEMENT,,1,1,0,,,1,NO_IDENTIFYING_INFORMATION_CHANNEL,inf
REPLICATION,P7,5,1,ABSTAIN_WORLD_DISAGREEMENT,,1,1,0,,,1,NO_IDENTIFYING_INFORMATION_CHANNEL,inf
REPLICATION,P7,6,1,ABSTAIN_WORLD_DISAGREEMENT,,1,1,0,,,1,NO_IDENTIFYING_INFORMATION_CHANNEL,inf
REPLICATION,P7,7,1,ABSTAIN_WORLD_DISAGREEMENT,,1,1,0,,,1,NO_IDENTIFYING_INFORMATION_CHANNEL,inf
REPLICATION,P7,8,1,ABSTAIN_WORLD_DISAGREEMENT,,1,1,0,,,1,NO_IDENTIFYING_INFORMATION_CHANNEL,inf
REPLICATION,P7,9,1,ABSTAIN_WORLD_DISAGREEMENT,,1,1,0,,,1,NO_IDENTIFYING_INFORMATION_CHANNEL,inf
REPLICATION,P7,10,1,ABSTAIN_WORLD_DISAGREEMENT,,1,1,0,,,1,NO_IDENTIFYING_INFORMATION_CHANNEL,inf
REPLICATION,P7,11,1,ABSTAIN_WORLD_DISAGREEMENT,,1,1,0,,,1,NO_IDENTIFYING_INFORMATION_CHANNEL,inf
REPLICATION,P7,12,1,ABSTAIN_WORLD_DISAGREEMENT,,1,1,0,,,1,NO_IDENTIFYING_INFORMATION_CHANNEL,inf
REPLICATION,P7,13,1,ABSTAIN_WORLD_DISAGREEMENT,,1,1,0,,,1,NO_IDENTIFYING_INFORMATION_CHANNEL,inf
REPLICATION,P7,14,1,ABSTAIN_WORLD_DISAGREEMENT,,1,1,0,,,1,NO_IDENTIFYING_INFORMATION_CHANNEL,inf
REPLICATION,P7,15,1,ABSTAIN_WORLD_DISAGREEMENT,,1,1,0,,,1,NO_IDENTIFYING_INFORMATION_CHANNEL,inf
REPLICATION,P7,16,1,ABSTAIN_WORLD_DISAGREEMENT,,1,1,0,,,1,NO_IDENTIFYING_INFORMATION_CHANNEL,inf
REPLICATION,P7,17,1,ABSTAIN_WORLD_DISAGREEMENT,,1,1,0,,,1,NO_IDENTIFYING_INFORMATION_CHANNEL,inf
REPLICATION,P7,18,1,ABSTAIN_WORLD_DISAGREEMENT,,1,1,0,,,1,NO_IDENTIFYING_INFORMATION_CHANNEL,inf
REPLICATION,P7,19,1,ABSTAIN_WORLD_DISAGREEMENT,,1,1,0,,,1,NO_IDENTIFYING_INFORMATION_CHANNEL,inf
REPLICATION,P7,20,1,ABSTAIN_WORLD_DISAGREEMENT,,1,1,0,,,1,NO_IDENTIFYING_INFORMATION_CHANNEL,inf
REPLICATION,P7,21,1,ABSTAIN_WORLD_DISAGREEMENT,,1,1,0,,,1,NO_IDENTIFYING_INFORMATION_CHANNEL,inf
REPLICATION,P7,22,1,ABSTAIN_WORLD_DISAGREEMENT,,1,1,0,,,1,NO_IDENTIFYING_INFORMATION_CHANNEL,inf
REPLICATION,P7,23,1,ABSTAIN_WORLD_DISAGREEMENT,,1,1,0,,,1,NO_IDENTIFYING_INFORMATION_CHANNEL,inf
REPLICATION,P7,24,1,ABSTAIN_WORLD_DISAGREEMENT,,1,1,0,,,1,NO_IDENTIFYING_INFORMATION_CHANNEL,inf
REPLICATION,P7,25,1,ABSTAIN_WORLD_DISAGREEMENT,,1,1,0,,,1,NO_IDENTIFYING_INFORMATION_CHANNEL,inf
REPLICATION,P7,26,1,ABSTAIN_WORLD_DISAGREEMENT,,1,1,0,,,1,NO_IDENTIFYING_INFORMATION_CHANNEL,inf
REPLICATION,P7,27,1,ABSTAIN_WORLD_DISAGREEMENT,,1,1,0,,,1,NO_IDENTIFYING_INFORMATION_CHANNEL,inf
REPLICATION,P7,28,1,ABSTAIN_WORLD_DISAGREEMENT,,1,1,0,,,1,NO_IDENTIFYING_INFORMATION_CHANNEL,inf
REPLICATION,P7,29,1,ABSTAIN_WORLD_DISAGREEMENT,,1,1,0,,,1,NO_IDENTIFYING_INFORMATION_CHANNEL,inf
REPLICATION,P7,30,1,ABSTAIN_WORLD_DISAGREEMENT,,1,1,0,,,1,NO_IDENTIFYING_INFORMATION_CHANNEL,inf
REPLICATION,P7,31,1,ABSTAIN_WORLD_DISAGREEMENT,,1,1,0,,,1,NO_IDENTIFYING_INFORMATION_CHANNEL,inf
REPLICATION,P7,32,1,ABSTAIN_WORLD_DISAGREEMENT,,1,1,0,,,1,NO_IDENTIFYING_INFORMATION_CHANNEL,inf
REPLICATION,P7,33,1,ABSTAIN_WORLD_DISAGREEMENT,,1,1,0,,,1,NO_IDENTIFYING_INFORMATION_CHANNEL,inf
REPLICATION,P7,34,1,ABSTAIN_WORLD_DISAGREEMENT,,1,1,0,,,1,NO_IDENTIFYING_INFORMATION_CHANNEL,inf
REPLICATION,P7,35,1,ABSTAIN_WORLD_DISAGREEMENT,,1,1,0,,,1,NO_IDENTIFYING_INFORMATION_CHANNEL,inf
REPLICATION,P7,36,1,ABSTAIN_WORLD_DISAGREEMENT,,1,1,0,,,1,NO_IDENTIFYING_INFORMATION_CHANNEL,inf
REPLICATION,P7,37,1,ABSTAIN_WORLD_DISAGREEMENT,,1,1,0,,,1,NO_IDENTIFYING_INFORMATION_CHANNEL,inf
REPLICATION,P7,38,1,ABSTAIN_WORLD_DISAGREEMENT,,1,1,0,,,1,NO_IDENTIFYING_INFORMATION_CHANNEL,inf
REPLICATION,P7,39,1,ABSTAIN_WORLD_DISAGREEMENT,,1,1,0,,,1,NO_IDENTIFYING_INFORMATION_CHANNEL,inf
REPLICATION,P7,40,1,ABSTAIN_WORLD_DISAGREEMENT,,1,1,0,,,1,NO_IDENTIFYING_INFORMATION_CHANNEL,inf
REPLICATION,P7,41,1,ABSTAIN_WORLD_DISAGREEMENT,,1,1,0,,,1,NO_IDENTIFYING_INFORMATION_CHANNEL,inf
REPLICATION,P7,42,1,ABSTAIN_WORLD_DISAGREEMENT,,1,1,0,,,1,NO_IDENTIFYING_INFORMATION_CHANNEL,inf
REPLICATION,P7,43,1,ABSTAIN_WORLD_DISAGREEMENT,,1,1,0,,,1,NO_IDENTIFYING_INFORMATION_CHANNEL,inf
REPLICATION,P7,44,1,ABSTAIN_WORLD_DISAGREEMENT,,1,1,0,,,1,NO_IDENTIFYING_INFORMATION_CHANNEL,inf
REPLICATION,P7,45,1,ABSTAIN_WORLD_DISAGREEMENT,,1,1,0,,,1,NO_IDENTIFYING_INFORMATION_CHANNEL,inf
REPLICATION,P7,46,1,ABSTAIN_WORLD_DISAGREEMENT,,1,1,0,,,1,NO_IDENTIFYING_INFORMATION_CHANNEL,inf
REPLICATION,P7,47,1,ABSTAIN_WORLD_DISAGREEMENT,,1,1,0,,,1,NO_IDENTIFYING_INFORMATION_CHANNEL,inf
REPLICATION,P7,48,1,ABSTAIN_WORLD_DISAGREEMENT,,1,1,0,,,1,NO_IDENTIFYING_INFORMATION_CHANNEL,inf
REPLICATION,P7,49,1,ABSTAIN_WORLD_DISAGREEMENT,,1,1,0,,,1,NO_IDENTIFYING_INFORMATION_CHANNEL,inf
REPLICATION,P7,50,1,ABSTAIN_WORLD_DISAGREEMENT,,1,1,0,,,1,NO_IDENTIFYING_INFORMATION_CHANNEL,inf
REPLICATION,P7,51,1,ABSTAIN_WORLD_DISAGREEMENT,,1,1,0,,,1,NO_IDENTIFYING_INFORMATION_CHANNEL,inf
REPLICATION,P7,52,1,ABSTAIN_WORLD_DISAGREEMENT,,1,1,0,,,1,NO_IDENTIFYING_INFORMATION_CHANNEL,inf
REPLICATION,P7,53,1,ABSTAIN_WORLD_DISAGREEMENT,,1,1,0,,,1,NO_IDENTIFYING_INFORMATION_CHANNEL,inf
REPLICATION,P7,54,1,ABSTAIN_WORLD_DISAGREEMENT,,1,1,0,,,1,NO_IDENTIFYING_INFORMATION_CHANNEL,inf
REPLICATION,P7,55,1,ABSTAIN_WORLD_DISAGREEMENT,,1,1,0,,,1,NO_IDENTIFYING_INFORMATION_CHANNEL,inf
REPLICATION,P7,56,1,ABSTAIN_WORLD_DISAGREEMENT,,1,1,0,,,1,NO_IDENTIFYING_INFORMATION_CHANNEL,inf
REPLICATION,P7,57,1,ABSTAIN_WORLD_DISAGREEMENT,,1,1,0,,,1,NO_IDENTIFYING_INFORMATION_CHANNEL,inf
REPLICATION,P7,58,1,ABSTAIN_WORLD_DISAGREEMENT,,1,1,0,,,1,NO_IDENTIFYING_INFORMATION_CHANNEL,inf
REPLICATION,P7,59,1,ABSTAIN_WORLD_DISAGREEMENT,,1,1,0,,,1,NO_IDENTIFYING_INFORMATION_CHANNEL,inf
REPLICATION,P7,60,1,ABSTAIN_WORLD_DISAGREEMENT,,1,1,0,,,1,NO_IDENTIFYING_INFORMATION_CHANNEL,inf
REPLICATION,P7,61,1,ABSTAIN_WORLD_DISAGREEMENT,,1,1,0,,,1,NO_IDENTIFYING_INFORMATION_CHANNEL,inf
REPLICATION,P7,62,1,ABSTAIN_WORLD_DISAGREEMENT,,1,1,0,,,1,NO_IDENTIFYING_INFORMATION_CHANNEL,inf
REPLICATION,P7,63,1,ABSTAIN_WORLD_DISAGREEMENT,,1,1,0,,,1,NO_IDENTIFYING_INFORMATION_CHANNEL,inf
REPLICATION,P7,64,1,ABSTAIN_WORLD_DISAGREEMENT,,1,1,0,,,1,NO_IDENTIFYING_INFORMATION_CHANNEL,inf
REPLICATION,P7,65,1,ABSTAIN_WORLD_DISAGREEMENT,,1,1,0,,,1,NO_IDENTIFYING_INFORMATION_CHANNEL,inf
REPLICATION,P7,66,1,ABSTAIN_WORLD_DISAGREEMENT,,1,1,0,,,1,NO_IDENTIFYING_INFORMATION_CHANNEL,inf
REPLICATION,P7,67,1,ABSTAIN_WORLD_DISAGREEMENT,,1,1,0,,,1,NO_IDENTIFYING_INFORMATION_CHANNEL,inf
REPLICATION,P7,68,1,ABSTAIN_WORLD_DISAGREEMENT,,1,1,0,,,1,NO_IDENTIFYING_INFORMATION_CHANNEL,inf
REPLICATION,P7,69,1,ABSTAIN_WORLD_DISAGREEMENT,,1,1,0,,,1,NO_IDENTIFYING_INFORMATION_CHANNEL,inf
REPLICATION,P7,70,1,ABSTAIN_WORLD_DISAGREEMENT,,1,1,0,,,1,NO_IDENTIFYING_INFORMATION_CHANNEL,inf
REPLICATION,P7,71,1,ABSTAIN_WORLD_DISAGREEMENT,,1,1,0,,,1,NO_IDENTIFYING_INFORMATION_CHANNEL,inf
REPLICATION,P7,72,1,ABSTAIN_WORLD_DISAGREEMENT,,1,1,0,,,1,NO_IDENTIFYING_INFORMATION_CHANNEL,inf
REPLICATION,P7,73,1,ABSTAIN_WORLD_DISAGREEMENT,,1,1,0,,,1,NO_IDENTIFYING_INFORMATION_CHANNEL,inf
REPLICATION,P7,74,1,ABSTAIN_WORLD_DISAGREEMENT,,1,1,0,,,1,NO_IDENTIFYING_INFORMATION_CHANNEL,inf
REPLICATION,P7,75,1,ABSTAIN_WORLD_DISAGREEMENT,,1,1,0,,,1,NO_IDENTIFYING_INFORMATION_CHANNEL,inf
REPLICATION,P7,76,1,ABSTAIN_WORLD_DISAGREEMENT,,1,1,0,,,1,NO_IDENTIFYING_INFORMATION_CHANNEL,inf
REPLICATION,P7,77,1,ABSTAIN_WORLD_DISAGREEMENT,,1,1,0,,,1,NO_IDENTIFYING_INFORMATION_CHANNEL,inf
REPLICATION,P7,78,1,ABSTAIN_WORLD_DISAGREEMENT,,1,1,0,,,1,NO_IDENTIFYING_INFORMATION_CHANNEL,inf
REPLICATION,P7,79,1,ABSTAIN_WORLD_DISAGREEMENT,,1,1,0,,,1,NO_IDENTIFYING_INFORMATION_CHANNEL,inf
REPLICATION,P7,80,1,ABSTAIN_WORLD_DISAGREEMENT,,1,1,0,,,1,NO_IDENTIFYING_INFORMATION_CHANNEL,inf
REPLICATION,P7,81,1,ABSTAIN_WORLD_DISAGREEMENT,,1,1,0,,,1,NO_IDENTIFYING_INFORMATION_CHANNEL,inf
REPLICATION,P7,82,1,ABSTAIN_WORLD_DISAGREEMENT,,1,1,0,,,1,NO_IDENTIFYING_INFORMATION_CHANNEL,inf
REPLICATION,P7,83,1,ABSTAIN_WORLD_DISAGREEMENT,,1,1,0,,,1,NO_IDENTIFYING_INFORMATION_CHANNEL,inf
REPLICATION,P7,84,1,ABSTAIN_WORLD_DISAGREEMENT,,1,1,0,,,1,NO_IDENTIFYING_INFORMATION_CHANNEL,inf
REPLICATION,P7,85,1,ABSTAIN_WORLD_DISAGREEMENT,,1,1,0,,,1,NO_IDENTIFYING_INFORMATION_CHANNEL,inf
REPLICATION,P7,86,1,ABSTAIN_WORLD_DISAGREEMENT,,1,1,0,,,1,NO_IDENTIFYING_INFORMATION_CHANNEL,inf
REPLICATION,P7,87,1,ABSTAIN_WORLD_DISAGREEMENT,,1,1,0,,,1,NO_IDENTIFYING_INFORMATION_CHANNEL,inf
REPLICATION,P7,88,1,ABSTAIN_WORLD_DISAGREEMENT,,1,1,0,,,1,NO_IDENTIFYING_INFORMATION_CHANNEL,inf
REPLICATION,P7,89,1,ABSTAIN_WORLD_DISAGREEMENT,,1,1,0,,,1,NO_IDENTIFYING_INFORMATION_CHANNEL,inf
REPLICATION,P7,90,1,ABSTAIN_WORLD_DISAGREEMENT,,1,1,0,,,1,NO_IDENTIFYING_INFORMATION_CHANNEL,inf
REPLICATION,P7,91,1,ABSTAIN_WORLD_DISAGREEMENT,,1,1,0,,,1,NO_IDENTIFYING_INFORMATION_CHANNEL,inf
REPLICATION,P7,92,1,ABSTAIN_WORLD_DISAGREEMENT,,1,1,0,,,1,NO_IDENTIFYING_INFORMATION_CHANNEL,inf
REPLICATION,P7,93,1,ABSTAIN_WORLD_DISAGREEMENT,,1,1,0,,,1,NO_IDENTIFYING_INFORMATION_CHANNEL,inf
REPLICATION,P7,94,1,ABSTAIN_WORLD_DISAGREEMENT,,1,1,0,,,1,NO_IDENTIFYING_INFORMATION_CHANNEL,inf
REPLICATION,P7,95,1,ABSTAIN_WORLD_DISAGREEMENT,,1,1,0,,,1,NO_IDENTIFYING_INFORMATION_CHANNEL,inf
REPLICATION,P7,96,1,ABSTAIN_WORLD_DISAGREEMENT,,1,1,0,,,1,NO_IDENTIFYING_INFORMATION_CHANNEL,inf
REPLICATION,P7,97,1,ABSTAIN_WORLD_DISAGREEMENT,,1,1,0,,,1,NO_IDENTIFYING_INFORMATION_CHANNEL,inf
REPLICATION,P7,98,1,ABSTAIN_WORLD_DISAGREEMENT,,1,1,0,,,1,NO_IDENTIFYING_INFORMATION_CHANNEL,inf
REPLICATION,P7,99,1,ABSTAIN_WORLD_DISAGREEMENT,,1,1,0,,,1,NO_IDENTIFYING_INFORMATION_CHANNEL,inf
REPLICATION,P7,100,1,ABSTAIN_WORLD_DISAGREEMENT,,1,1,0,,,1,NO_IDENTIFYING_INFORMATION_CHANNEL,inf
REPLICATION,P7,101,1,ABSTAIN_WORLD_DISAGREEMENT,,1,1,0,,,1,NO_IDENTIFYING_INFORMATION_CHANNEL,inf
REPLICATION,P7,102,1,ABSTAIN_WORLD_DISAGREEMENT,,1,1,0,,,1,NO_IDENTIFYING_INFORMATION_CHANNEL,inf
REPLICATION,P7,103,1,ABSTAIN_WORLD_DISAGREEMENT,,1,1,0,,,1,NO_IDENTIFYING_INFORMATION_CHANNEL,inf
REPLICATION,P7,104,1,ABSTAIN_WORLD_DISAGREEMENT,,1,1,0,,,1,NO_IDENTIFYING_INFORMATION_CHANNEL,inf
REPLICATION,P7,105,1,ABSTAIN_WORLD_DISAGREEMENT,,1,1,0,,,1,NO_IDENTIFYING_INFORMATION_CHANNEL,inf
REPLICATION,P7,106,1,ABSTAIN_WORLD_DISAGREEMENT,,1,1,0,,,1,NO_IDENTIFYING_INFORMATION_CHANNEL,inf
REPLICATION,P7,107,1,ABSTAIN_WORLD_DISAGREEMENT,,1,1,0,,,1,NO_IDENTIFYING_INFORMATION_CHANNEL,inf
REPLICATION,P7,108,1,ABSTAIN_WORLD_DISAGREEMENT,,1,1,0,,,1,NO_IDENTIFYING_INFORMATION_CHANNEL,inf
REPLICATION,P7,109,1,ABSTAIN_WORLD_DISAGREEMENT,,1,1,0,,,1,NO_IDENTIFYING_INFORMATION_CHANNEL,inf
REPLICATION,P7,110,1,ABSTAIN_WORLD_DISAGREEMENT,,1,1,0,,,1,NO_IDENTIFYING_INFORMATION_CHANNEL,inf
REPLICATION,P7,111,1,ABSTAIN_WORLD_DISAGREEMENT,,1,1,0,,,1,NO_IDENTIFYING_INFORMATION_CHANNEL,inf
REPLICATION,P7,112,1,ABSTAIN_WORLD_DISAGREEMENT,,1,1,0,,,1,NO_IDENTIFYING_INFORMATION_CHANNEL,inf
REPLICATION,P7,113,1,ABSTAIN_WORLD_DISAGREEMENT,,1,1,0,,,1,NO_IDENTIFYING_INFORMATION_CHANNEL,inf
REPLICATION,P7,114,1,ABSTAIN_WORLD_DISAGREEMENT,,1,1,0,,,1,NO_IDENTIFYING_INFORMATION_CHANNEL,inf
REPLICATION,P7,115,1,ABSTAIN_WORLD_DISAGREEMENT,,1,1,0,,,1,NO_IDENTIFYING_INFORMATION_CHANNEL,inf
REPLICATION,P7,116,1,ABSTAIN_WORLD_DISAGREEMENT,,1,1,0,,,1,NO_IDENTIFYING_INFORMATION_CHANNEL,inf
REPLICATION,P7,117,1,ABSTAIN_WORLD_DISAGREEMENT,,1,1,0,,,1,NO_IDENTIFYING_INFORMATION_CHANNEL,inf
REPLICATION,P7,118,1,ABSTAIN_WORLD_DISAGREEMENT,,1,1,0,,,1,NO_IDENTIFYING_INFORMATION_CHANNEL,inf
REPLICATION,P7,119,1,ABSTAIN_WORLD_DISAGREEMENT,,1,1,0,,,1,NO_IDENTIFYING_INFORMATION_CHANNEL,inf
REPLICATION,P7,120,1,ABSTAIN_WORLD_DISAGREEMENT,,1,1,0,,,1,NO_IDENTIFYING_INFORMATION_CHANNEL,inf
REPLICATION,P7,121,1,ABSTAIN_WORLD_DISAGREEMENT,,1,1,0,,,1,NO_IDENTIFYING_INFORMATION_CHANNEL,inf
REPLICATION,P7,122,1,ABSTAIN_WORLD_DISAGREEMENT,,1,1,0,,,1,NO_IDENTIFYING_INFORMATION_CHANNEL,inf
REPLICATION,P7,123,1,ABSTAIN_WORLD_DISAGREEMENT,,1,1,0,,,1,NO_IDENTIFYING_INFORMATION_CHANNEL,inf
REPLICATION,P7,124,1,ABSTAIN_WORLD_DISAGREEMENT,,1,1,0,,,1,NO_IDENTIFYING_INFORMATION_CHANNEL,inf
REPLICATION,P7,125,1,ABSTAIN_WORLD_DISAGREEMENT,,1,1,0,,,1,NO_IDENTIFYING_INFORMATION_CHANNEL,inf
REPLICATION,P7,126,1,ABSTAIN_WORLD_DISAGREEMENT,,1,1,0,,,1,NO_IDENTIFYING_INFORMATION_CHANNEL,inf
REPLICATION,P7,127,1,ABSTAIN_WORLD_DISAGREEMENT,,1,1,0,,,1,NO_IDENTIFYING_INFORMATION_CHANNEL,inf
REPLICATION,P8,0,1,ABSTAIN_NO_UNIQUE_ROBUST_ACTION,,1,1,0,,,1,,
REPLICATION,P8,1,1,ABSTAIN_NO_UNIQUE_ROBUST_ACTION,,1,1,0,,,1,,
REPLICATION,P8,2,1,ABSTAIN_NO_UNIQUE_ROBUST_ACTION,,1,1,0,,,1,,
REPLICATION,P8,3,1,ABSTAIN_NO_UNIQUE_ROBUST_ACTION,,1,1,0,,,1,,
REPLICATION,P8,4,1,ABSTAIN_NO_UNIQUE_ROBUST_ACTION,,1,1,0,,,1,,
REPLICATION,P8,5,1,ABSTAIN_NO_UNIQUE_ROBUST_ACTION,,1,1,0,,,1,,
REPLICATION,P8,6,1,ABSTAIN_NO_UNIQUE_ROBUST_ACTION,,1,1,0,,,1,,
REPLICATION,P8,7,1,ABSTAIN_NO_UNIQUE_ROBUST_ACTION,,1,1,0,,,1,,
REPLICATION,P8,8,1,ABSTAIN_NO_UNIQUE_ROBUST_ACTION,,1,1,0,,,1,,
REPLICATION,P8,9,1,ABSTAIN_NO_UNIQUE_ROBUST_ACTION,,1,1,0,,,1,,
REPLICATION,P8,10,1,ABSTAIN_NO_UNIQUE_ROBUST_ACTION,,1,1,0,,,1,,
REPLICATION,P8,11,1,ABSTAIN_NO_UNIQUE_ROBUST_ACTION,,1,1,0,,,1,,
REPLICATION,P8,12,1,ABSTAIN_NO_UNIQUE_ROBUST_ACTION,,1,1,0,,,1,,
REPLICATION,P8,13,1,ABSTAIN_NO_UNIQUE_ROBUST_ACTION,,1,1,0,,,1,,
REPLICATION,P8,14,1,ABSTAIN_NO_UNIQUE_ROBUST_ACTION,,1,1,0,,,1,,
REPLICATION,P8,15,1,ABSTAIN_NO_UNIQUE_ROBUST_ACTION,,1,1,0,,,1,,
REPLICATION,P8,16,1,ABSTAIN_NO_UNIQUE_ROBUST_ACTION,,1,1,0,,,1,,
REPLICATION,P8,17,1,ABSTAIN_NO_UNIQUE_ROBUST_ACTION,,1,1,0,,,1,,
REPLICATION,P8,18,1,ABSTAIN_NO_UNIQUE_ROBUST_ACTION,,1,1,0,,,1,,
REPLICATION,P8,19,1,ABSTAIN_NO_UNIQUE_ROBUST_ACTION,,1,1,0,,,1,,
REPLICATION,P8,20,1,ABSTAIN_NO_UNIQUE_ROBUST_ACTION,,1,1,0,,,1,,
REPLICATION,P8,21,1,ABSTAIN_NO_UNIQUE_ROBUST_ACTION,,1,1,0,,,1,,
REPLICATION,P8,22,1,ABSTAIN_NO_UNIQUE_ROBUST_ACTION,,1,1,0,,,1,,
REPLICATION,P8,23,1,ABSTAIN_NO_UNIQUE_ROBUST_ACTION,,1,1,0,,,1,,
REPLICATION,P8,24,1,ABSTAIN_NO_UNIQUE_ROBUST_ACTION,,1,1,0,,,1,,
REPLICATION,P8,25,1,ABSTAIN_NO_UNIQUE_ROBUST_ACTION,,1,1,0,,,1,,
REPLICATION,P8,26,1,ABSTAIN_NO_UNIQUE_ROBUST_ACTION,,1,1,0,,,1,,
REPLICATION,P8,27,1,ABSTAIN_NO_UNIQUE_ROBUST_ACTION,,1,1,0,,,1,,
REPLICATION,P8,28,1,ABSTAIN_NO_UNIQUE_ROBUST_ACTION,,1,1,0,,,1,,
REPLICATION,P8,29,1,ABSTAIN_NO_UNIQUE_ROBUST_ACTION,,1,1,0,,,1,,
REPLICATION,P8,30,1,ABSTAIN_NO_UNIQUE_ROBUST_ACTION,,1,1,0,,,1,,
REPLICATION,P8,31,1,ABSTAIN_NO_UNIQUE_ROBUST_ACTION,,1,1,0,,,1,,
REPLICATION,P8,32,1,ABSTAIN_NO_UNIQUE_ROBUST_ACTION,,1,1,0,,,1,,
REPLICATION,P8,33,1,ABSTAIN_NO_UNIQUE_ROBUST_ACTION,,1,1,0,,,1,,
REPLICATION,P8,34,1,ABSTAIN_NO_UNIQUE_ROBUST_ACTION,,1,1,0,,,1,,
REPLICATION,P8,35,1,ABSTAIN_NO_UNIQUE_ROBUST_ACTION,,1,1,0,,,1,,
REPLICATION,P8,36,1,ABSTAIN_NO_UNIQUE_ROBUST_ACTION,,1,1,0,,,1,,
REPLICATION,P8,37,1,ABSTAIN_NO_UNIQUE_ROBUST_ACTION,,1,1,0,,,1,,
REPLICATION,P8,38,1,ABSTAIN_NO_UNIQUE_ROBUST_ACTION,,1,1,0,,,1,,
REPLICATION,P8,39,1,ABSTAIN_NO_UNIQUE_ROBUST_ACTION,,1,1,0,,,1,,
REPLICATION,P8,40,1,ABSTAIN_NO_UNIQUE_ROBUST_ACTION,,1,1,0,,,1,,
REPLICATION,P8,41,1,ABSTAIN_NO_UNIQUE_ROBUST_ACTION,,1,1,0,,,1,,
REPLICATION,P8,42,1,ABSTAIN_NO_UNIQUE_ROBUST_ACTION,,1,1,0,,,1,,
REPLICATION,P8,43,1,ABSTAIN_NO_UNIQUE_ROBUST_ACTION,,1,1,0,,,1,,
REPLICATION,P8,44,1,ABSTAIN_NO_UNIQUE_ROBUST_ACTION,,1,1,0,,,1,,
REPLICATION,P8,45,1,ABSTAIN_NO_UNIQUE_ROBUST_ACTION,,1,1,0,,,1,,
REPLICATION,P8,46,1,ABSTAIN_NO_UNIQUE_ROBUST_ACTION,,1,1,0,,,1,,
REPLICATION,P8,47,1,ABSTAIN_NO_UNIQUE_ROBUST_ACTION,,1,1,0,,,1,,
REPLICATION,P8,48,1,ABSTAIN_NO_UNIQUE_ROBUST_ACTION,,1,1,0,,,1,,
REPLICATION,P8,49,1,ABSTAIN_NO_UNIQUE_ROBUST_ACTION,,1,1,0,,,1,,
REPLICATION,P8,50,1,ABSTAIN_NO_UNIQUE_ROBUST_ACTION,,1,1,0,,,1,,
REPLICATION,P8,51,1,ABSTAIN_NO_UNIQUE_ROBUST_ACTION,,1,1,0,,,1,,
REPLICATION,P8,52,1,ABSTAIN_NO_UNIQUE_ROBUST_ACTION,,1,1,0,,,1,,
REPLICATION,P8,53,1,ABSTAIN_NO_UNIQUE_ROBUST_ACTION,,1,1,0,,,1,,
REPLICATION,P8,54,1,ABSTAIN_NO_UNIQUE_ROBUST_ACTION,,1,1,0,,,1,,
REPLICATION,P8,55,1,ABSTAIN_NO_UNIQUE_ROBUST_ACTION,,1,1,0,,,1,,
REPLICATION,P8,56,1,ABSTAIN_NO_UNIQUE_ROBUST_ACTION,,1,1,0,,,1,,
REPLICATION,P8,57,1,ABSTAIN_NO_UNIQUE_ROBUST_ACTION,,1,1,0,,,1,,
REPLICATION,P8,58,1,ABSTAIN_NO_UNIQUE_ROBUST_ACTION,,1,1,0,,,1,,
REPLICATION,P8,59,1,ABSTAIN_NO_UNIQUE_ROBUST_ACTION,,1,1,0,,,1,,
REPLICATION,P8,60,1,ABSTAIN_NO_UNIQUE_ROBUST_ACTION,,1,1,0,,,1,,
REPLICATION,P8,61,1,ABSTAIN_NO_UNIQUE_ROBUST_ACTION,,1,1,0,,,1,,
REPLICATION,P8,62,1,ABSTAIN_NO_UNIQUE_ROBUST_ACTION,,1,1,0,,,1,,
REPLICATION,P8,63,1,ABSTAIN_NO_UNIQUE_ROBUST_ACTION,,1,1,0,,,1,,
REPLICATION,P8,64,1,ABSTAIN_NO_UNIQUE_ROBUST_ACTION,,1,1,0,,,1,,
REPLICATION,P8,65,1,ABSTAIN_NO_UNIQUE_ROBUST_ACTION,,1,1,0,,,1,,
REPLICATION,P8,66,1,ABSTAIN_NO_UNIQUE_ROBUST_ACTION,,1,1,0,,,1,,
REPLICATION,P8,67,1,ABSTAIN_NO_UNIQUE_ROBUST_ACTION,,1,1,0,,,1,,
REPLICATION,P8,68,1,ABSTAIN_NO_UNIQUE_ROBUST_ACTION,,1,1,0,,,1,,
REPLICATION,P8,69,1,ABSTAIN_NO_UNIQUE_ROBUST_ACTION,,1,1,0,,,1,,
REPLICATION,P8,70,1,ABSTAIN_NO_UNIQUE_ROBUST_ACTION,,1,1,0,,,1,,
REPLICATION,P8,71,1,ABSTAIN_NO_UNIQUE_ROBUST_ACTION,,1,1,0,,,1,,
REPLICATION,P8,72,1,ABSTAIN_NO_UNIQUE_ROBUST_ACTION,,1,1,0,,,1,,
REPLICATION,P8,73,1,ABSTAIN_NO_UNIQUE_ROBUST_ACTION,,1,1,0,,,1,,
REPLICATION,P8,74,1,ABSTAIN_NO_UNIQUE_ROBUST_ACTION,,1,1,0,,,1,,
REPLICATION,P8,75,1,ABSTAIN_NO_UNIQUE_ROBUST_ACTION,,1,1,0,,,1,,
REPLICATION,P8,76,1,ABSTAIN_NO_UNIQUE_ROBUST_ACTION,,1,1,0,,,1,,
REPLICATION,P8,77,1,ABSTAIN_NO_UNIQUE_ROBUST_ACTION,,1,1,0,,,1,,
REPLICATION,P8,78,1,ABSTAIN_NO_UNIQUE_ROBUST_ACTION,,1,1,0,,,1,,
REPLICATION,P8,79,1,ABSTAIN_NO_UNIQUE_ROBUST_ACTION,,1,1,0,,,1,,
REPLICATION,P8,80,1,ABSTAIN_NO_UNIQUE_ROBUST_ACTION,,1,1,0,,,1,,
REPLICATION,P8,81,1,ABSTAIN_NO_UNIQUE_ROBUST_ACTION,,1,1,0,,,1,,
REPLICATION,P8,82,1,ABSTAIN_NO_UNIQUE_ROBUST_ACTION,,1,1,0,,,1,,
REPLICATION,P8,83,1,ABSTAIN_NO_UNIQUE_ROBUST_ACTION,,1,1,0,,,1,,
REPLICATION,P8,84,1,ABSTAIN_NO_UNIQUE_ROBUST_ACTION,,1,1,0,,,1,,
REPLICATION,P8,85,1,ABSTAIN_NO_UNIQUE_ROBUST_ACTION,,1,1,0,,,1,,
REPLICATION,P8,86,1,ABSTAIN_NO_UNIQUE_ROBUST_ACTION,,1,1,0,,,1,,
REPLICATION,P8,87,1,ABSTAIN_NO_UNIQUE_ROBUST_ACTION,,1,1,0,,,1,,
REPLICATION,P8,88,1,ABSTAIN_NO_UNIQUE_ROBUST_ACTION,,1,1,0,,,1,,
REPLICATION,P8,89,1,ABSTAIN_NO_UNIQUE_ROBUST_ACTION,,1,1,0,,,1,,
REPLICATION,P8,90,1,ABSTAIN_NO_UNIQUE_ROBUST_ACTION,,1,1,0,,,1,,
REPLICATION,P8,91,1,ABSTAIN_NO_UNIQUE_ROBUST_ACTION,,1,1,0,,,1,,
REPLICATION,P8,92,1,ABSTAIN_NO_UNIQUE_ROBUST_ACTION,,1,1,0,,,1,,
REPLICATION,P8,93,1,ABSTAIN_NO_UNIQUE_ROBUST_ACTION,,1,1,0,,,1,,
REPLICATION,P8,94,1,ABSTAIN_NO_UNIQUE_ROBUST_ACTION,,1,1,0,,,1,,
REPLICATION,P8,95,1,ABSTAIN_NO_UNIQUE_ROBUST_ACTION,,1,1,0,,,1,,
REPLICATION,P8,96,1,ABSTAIN_NO_UNIQUE_ROBUST_ACTION,,1,1,0,,,1,,
REPLICATION,P8,97,1,ABSTAIN_NO_UNIQUE_ROBUST_ACTION,,1,1,0,,,1,,
REPLICATION,P8,98,1,ABSTAIN_NO_UNIQUE_ROBUST_ACTION,,1,1,0,,,1,,
REPLICATION,P8,99,1,ABSTAIN_NO_UNIQUE_ROBUST_ACTION,,1,1,0,,,1,,
REPLICATION,P8,100,1,ABSTAIN_NO_UNIQUE_ROBUST_ACTION,,1,1,0,,,1,,
REPLICATION,P8,101,1,ABSTAIN_NO_UNIQUE_ROBUST_ACTION,,1,1,0,,,1,,
REPLICATION,P8,102,1,ABSTAIN_NO_UNIQUE_ROBUST_ACTION,,1,1,0,,,1,,
REPLICATION,P8,103,1,ABSTAIN_NO_UNIQUE_ROBUST_ACTION,,1,1,0,,,1,,
REPLICATION,P8,104,1,ABSTAIN_NO_UNIQUE_ROBUST_ACTION,,1,1,0,,,1,,
REPLICATION,P8,105,1,ABSTAIN_NO_UNIQUE_ROBUST_ACTION,,1,1,0,,,1,,
REPLICATION,P8,106,1,ABSTAIN_NO_UNIQUE_ROBUST_ACTION,,1,1,0,,,1,,
REPLICATION,P8,107,1,ABSTAIN_NO_UNIQUE_ROBUST_ACTION,,1,1,0,,,1,,
REPLICATION,P8,108,1,ABSTAIN_NO_UNIQUE_ROBUST_ACTION,,1,1,0,,,1,,
REPLICATION,P8,109,1,ABSTAIN_NO_UNIQUE_ROBUST_ACTION,,1,1,0,,,1,,
REPLICATION,P8,110,1,ABSTAIN_NO_UNIQUE_ROBUST_ACTION,,1,1,0,,,1,,
REPLICATION,P8,111,1,ABSTAIN_NO_UNIQUE_ROBUST_ACTION,,1,1,0,,,1,,
REPLICATION,P8,112,1,ABSTAIN_NO_UNIQUE_ROBUST_ACTION,,1,1,0,,,1,,
REPLICATION,P8,113,1,ABSTAIN_NO_UNIQUE_ROBUST_ACTION,,1,1,0,,,1,,
REPLICATION,P8,114,1,ABSTAIN_NO_UNIQUE_ROBUST_ACTION,,1,1,0,,,1,,
REPLICATION,P8,115,1,ABSTAIN_NO_UNIQUE_ROBUST_ACTION,,1,1,0,,,1,,
REPLICATION,P8,116,1,ABSTAIN_NO_UNIQUE_ROBUST_ACTION,,1,1,0,,,1,,
REPLICATION,P8,117,1,ABSTAIN_NO_UNIQUE_ROBUST_ACTION,,1,1,0,,,1,,
REPLICATION,P8,118,1,ABSTAIN_NO_UNIQUE_ROBUST_ACTION,,1,1,0,,,1,,
REPLICATION,P8,119,1,ABSTAIN_NO_UNIQUE_ROBUST_ACTION,,1,1,0,,,1,,
REPLICATION,P8,120,1,ABSTAIN_NO_UNIQUE_ROBUST_ACTION,,1,1,0,,,1,,
REPLICATION,P8,121,1,ABSTAIN_NO_UNIQUE_ROBUST_ACTION,,1,1,0,,,1,,
REPLICATION,P8,122,1,ABSTAIN_NO_UNIQUE_ROBUST_ACTION,,1,1,0,,,1,,
REPLICATION,P8,123,1,ABSTAIN_NO_UNIQUE_ROBUST_ACTION,,1,1,0,,,1,,
REPLICATION,P8,124,1,ABSTAIN_NO_UNIQUE_ROBUST_ACTION,,1,1,0,,,1,,
REPLICATION,P8,125,1,ABSTAIN_NO_UNIQUE_ROBUST_ACTION,,1,1,0,,,1,,
REPLICATION,P8,126,1,ABSTAIN_NO_UNIQUE_ROBUST_ACTION,,1,1,0,,,1,,
REPLICATION,P8,127,1,ABSTAIN_NO_UNIQUE_ROBUST_ACTION,,1,1,0,,,1,,
REPLICATION,P9,0,1,ROBUST_ACTION,A,1,1,0,0,,1,,
REPLICATION,P9,1,1,ROBUST_ACTION,A,1,1,0,0,,1,,
REPLICATION,P9,2,1,ROBUST_ACTION,A,1,1,0,0,,1,,
REPLICATION,P9,3,1,ROBUST_ACTION,A,1,1,0,0,,1,,
REPLICATION,P9,4,1,ROBUST_ACTION,A,1,1,0,0,,1,,
REPLICATION,P9,5,1,ROBUST_ACTION,A,1,1,0,0,,1,,
REPLICATION,P9,6,1,ROBUST_ACTION,A,1,1,0,0,,1,,
REPLICATION,P9,7,1,ROBUST_ACTION,A,1,1,0,0,,1,,
REPLICATION,P9,8,1,ROBUST_ACTION,A,1,1,0,0,,1,,
REPLICATION,P9,9,1,ROBUST_ACTION,A,1,1,0,0,,1,,
REPLICATION,P9,10,1,ROBUST_ACTION,A,1,1,0,0,,1,,
REPLICATION,P9,11,1,ROBUST_ACTION,A,1,1,0,0,,1,,
REPLICATION,P9,12,1,ROBUST_ACTION,A,1,1,0,0,,1,,
REPLICATION,P9,13,1,ROBUST_ACTION,A,1,1,0,0,,1,,
REPLICATION,P9,14,1,ROBUST_ACTION,A,1,1,0,0,,1,,
REPLICATION,P9,15,1,ROBUST_ACTION,A,1,1,0,0,,1,,
REPLICATION,P9,16,1,ROBUST_ACTION,A,1,1,0,0,,1,,
REPLICATION,P9,17,1,ROBUST_ACTION,A,1,1,0,0,,1,,
REPLICATION,P9,18,1,ROBUST_ACTION,A,1,1,0,0,,1,,
REPLICATION,P9,19,1,ROBUST_ACTION,A,1,1,0,0,,1,,
REPLICATION,P9,20,1,ROBUST_ACTION,A,1,1,0,0,,1,,
REPLICATION,P9,21,1,ROBUST_ACTION,A,1,1,0,0,,1,,
REPLICATION,P9,22,1,ROBUST_ACTION,A,1,1,0,0,,1,,
REPLICATION,P9,23,1,ROBUST_ACTION,A,1,1,0,0,,1,,
REPLICATION,P9,24,1,ROBUST_ACTION,A,1,1,0,0,,1,,
REPLICATION,P9,25,1,ROBUST_ACTION,A,1,1,0,0,,1,,
REPLICATION,P9,26,1,ROBUST_ACTION,A,1,1,0,0,,1,,
REPLICATION,P9,27,1,ROBUST_ACTION,A,1,1,0,0,,1,,
REPLICATION,P9,28,1,ROBUST_ACTION,A,1,1,0,0,,1,,
REPLICATION,P9,29,1,ROBUST_ACTION,A,1,1,0,0,,1,,
REPLICATION,P9,30,1,ROBUST_ACTION,A,1,1,0,0,,1,,
REPLICATION,P9,31,1,ROBUST_ACTION,A,1,1,0,0,,1,,
REPLICATION,P9,32,1,ROBUST_ACTION,A,1,1,0,0,,1,,
REPLICATION,P9,33,1,ROBUST_ACTION,A,1,1,0,0,,1,,
REPLICATION,P9,34,1,ROBUST_ACTION,A,1,1,0,0,,1,,
REPLICATION,P9,35,1,ROBUST_ACTION,A,1,1,0,0,,1,,
REPLICATION,P9,36,1,ROBUST_ACTION,A,1,1,0,0,,1,,
REPLICATION,P9,37,1,ROBUST_ACTION,A,1,1,0,0,,1,,
REPLICATION,P9,38,1,ROBUST_ACTION,A,1,1,0,0,,1,,
REPLICATION,P9,39,1,ROBUST_ACTION,A,1,1,0,0,,1,,
REPLICATION,P9,40,1,ROBUST_ACTION,A,1,1,0,0,,1,,
REPLICATION,P9,41,1,ROBUST_ACTION,A,1,1,0,0,,1,,
REPLICATION,P9,42,1,ROBUST_ACTION,A,1,1,0,0,,1,,
REPLICATION,P9,43,1,ROBUST_ACTION,A,1,1,0,0,,1,,
REPLICATION,P9,44,1,ROBUST_ACTION,A,1,1,0,0,,1,,
REPLICATION,P9,45,1,ROBUST_ACTION,A,1,1,0,0,,1,,
REPLICATION,P9,46,1,ROBUST_ACTION,A,1,1,0,0,,1,,
REPLICATION,P9,47,1,ROBUST_ACTION,A,1,1,0,0,,1,,
REPLICATION,P9,48,1,ROBUST_ACTION,A,1,1,0,0,,1,,
REPLICATION,P9,49,1,ROBUST_ACTION,A,1,1,0,0,,1,,
REPLICATION,P9,50,1,ROBUST_ACTION,A,1,1,0,0,,1,,
REPLICATION,P9,51,1,ROBUST_ACTION,A,1,1,0,0,,1,,
REPLICATION,P9,52,1,ROBUST_ACTION,A,1,1,0,0,,1,,
REPLICATION,P9,53,1,ROBUST_ACTION,A,1,1,0,0,,1,,
REPLICATION,P9,54,1,ROBUST_ACTION,A,1,1,0,0,,1,,
REPLICATION,P9,55,1,ROBUST_ACTION,A,1,1,0,0,,1,,
REPLICATION,P9,56,1,ROBUST_ACTION,A,1,1,0,0,,1,,
REPLICATION,P9,57,1,ROBUST_ACTION,A,1,1,0,0,,1,,
REPLICATION,P9,58,1,ROBUST_ACTION,A,1,1,0,0,,1,,
REPLICATION,P9,59,1,ROBUST_ACTION,A,1,1,0,0,,1,,
REPLICATION,P9,60,1,ROBUST_ACTION,A,1,1,0,0,,1,,
REPLICATION,P9,61,1,ROBUST_ACTION,A,1,1,0,0,,1,,
REPLICATION,P9,62,1,ROBUST_ACTION,A,1,1,0,0,,1,,
REPLICATION,P9,63,1,ROBUST_ACTION,A,1,1,0,0,,1,,
REPLICATION,P9,64,1,ROBUST_ACTION,A,1,1,0,0,,1,,
REPLICATION,P9,65,1,ROBUST_ACTION,A,1,1,0,0,,1,,
REPLICATION,P9,66,1,ROBUST_ACTION,A,1,1,0,0,,1,,
REPLICATION,P9,67,1,ROBUST_ACTION,A,1,1,0,0,,1,,
REPLICATION,P9,68,1,ROBUST_ACTION,A,1,1,0,0,,1,,
REPLICATION,P9,69,1,ROBUST_ACTION,A,1,1,0,0,,1,,
REPLICATION,P9,70,1,ROBUST_ACTION,A,1,1,0,0,,1,,
REPLICATION,P9,71,1,ROBUST_ACTION,A,1,1,0,0,,1,,
REPLICATION,P9,72,1,ROBUST_ACTION,A,1,1,0,0,,1,,
REPLICATION,P9,73,1,ROBUST_ACTION,A,1,1,0,0,,1,,
REPLICATION,P9,74,1,ROBUST_ACTION,A,1,1,0,0,,1,,
REPLICATION,P9,75,1,ROBUST_ACTION,A,1,1,0,0,,1,,
REPLICATION,P9,76,1,ROBUST_ACTION,A,1,1,0,0,,1,,
REPLICATION,P9,77,1,ROBUST_ACTION,A,1,1,0,0,,1,,
REPLICATION,P9,78,1,ROBUST_ACTION,A,1,1,0,0,,1,,
REPLICATION,P9,79,1,ROBUST_ACTION,A,1,1,0,0,,1,,
REPLICATION,P9,80,1,ROBUST_ACTION,A,1,1,0,0,,1,,
REPLICATION,P9,81,1,ROBUST_ACTION,A,1,1,0,0,,1,,
REPLICATION,P9,82,1,ROBUST_ACTION,A,1,1,0,0,,1,,
REPLICATION,P9,83,1,ROBUST_ACTION,A,1,1,0,0,,1,,
REPLICATION,P9,84,1,ROBUST_ACTION,A,1,1,0,0,,1,,
REPLICATION,P9,85,1,ROBUST_ACTION,A,1,1,0,0,,1,,
REPLICATION,P9,86,1,ROBUST_ACTION,A,1,1,0,0,,1,,
REPLICATION,P9,87,1,ROBUST_ACTION,A,1,1,0,0,,1,,
REPLICATION,P9,88,1,ROBUST_ACTION,A,1,1,0,0,,1,,
REPLICATION,P9,89,1,ROBUST_ACTION,A,1,1,0,0,,1,,
REPLICATION,P9,90,1,ROBUST_ACTION,A,1,1,0,0,,1,,
REPLICATION,P9,91,1,ROBUST_ACTION,A,1,1,0,0,,1,,
REPLICATION,P9,92,1,ROBUST_ACTION,A,1,1,0,0,,1,,
REPLICATION,P9,93,1,ROBUST_ACTION,A,1,1,0,0,,1,,
REPLICATION,P9,94,1,ROBUST_ACTION,A,1,1,0,0,,1,,
REPLICATION,P9,95,1,ROBUST_ACTION,A,1,1,0,0,,1,,
REPLICATION,P9,96,1,ROBUST_ACTION,A,1,1,0,0,,1,,
REPLICATION,P9,97,1,ROBUST_ACTION,A,1,1,0,0,,1,,
REPLICATION,P9,98,1,ROBUST_ACTION,A,1,1,0,0,,1,,
REPLICATION,P9,99,1,ROBUST_ACTION,A,1,1,0,0,,1,,
REPLICATION,P9,100,1,ROBUST_ACTION,A,1,1,0,0,,1,,
REPLICATION,P9,101,1,ROBUST_ACTION,A,1,1,0,0,,1,,
REPLICATION,P9,102,1,ROBUST_ACTION,A,1,1,0,0,,1,,
REPLICATION,P9,103,1,ROBUST_ACTION,A,1,1,0,0,,1,,
REPLICATION,P9,104,1,ROBUST_ACTION,A,1,1,0,0,,1,,
REPLICATION,P9,105,1,ROBUST_ACTION,A,1,1,0,0,,1,,
REPLICATION,P9,106,1,ROBUST_ACTION,A,1,1,0,0,,1,,
REPLICATION,P9,107,1,ROBUST_ACTION,A,1,1,0,0,,1,,
REPLICATION,P9,108,1,ROBUST_ACTION,A,1,1,0,0,,1,,
REPLICATION,P9,109,1,ROBUST_ACTION,A,1,1,0,0,,1,,
REPLICATION,P9,110,1,ROBUST_ACTION,A,1,1,0,0,,1,,
REPLICATION,P9,111,1,ROBUST_ACTION,A,1,1,0,0,,1,,
REPLICATION,P9,112,1,ROBUST_ACTION,A,1,1,0,0,,1,,
REPLICATION,P9,113,1,ROBUST_ACTION,A,1,1,0,0,,1,,
REPLICATION,P9,114,1,ROBUST_ACTION,A,1,1,0,0,,1,,
REPLICATION,P9,115,1,ROBUST_ACTION,A,1,1,0,0,,1,,
REPLICATION,P9,116,1,ROBUST_ACTION,A,1,1,0,0,,1,,
REPLICATION,P9,117,1,ROBUST_ACTION,A,1,1,0,0,,1,,
REPLICATION,P9,118,1,ROBUST_ACTION,A,1,1,0,0,,1,,
REPLICATION,P9,119,1,ROBUST_ACTION,A,1,1,0,0,,1,,
REPLICATION,P9,120,1,ROBUST_ACTION,A,1,1,0,0,,1,,
REPLICATION,P9,121,1,ROBUST_ACTION,A,1,1,0,0,,1,,
REPLICATION,P9,122,1,ROBUST_ACTION,A,1,1,0,0,,1,,
REPLICATION,P9,123,1,ROBUST_ACTION,A,1,1,0,0,,1,,
REPLICATION,P9,124,1,ROBUST_ACTION,A,1,1,0,0,,1,,
REPLICATION,P9,125,1,ROBUST_ACTION,A,1,1,0,0,,1,,
REPLICATION,P9,126,1,ROBUST_ACTION,A,1,1,0,0,,1,,
REPLICATION,P9,127,1,ROBUST_ACTION,A,1,1,0,0,,1,,
REPLICATION,P10,0,1,ROBUST_ACTION,A,1,1,0,,0,1,,
REPLICATION,P10,1,1,ROBUST_ACTION,A,1,1,0,,0,1,,
REPLICATION,P10,2,1,ROBUST_ACTION,A,1,1,0,,0,1,,
REPLICATION,P10,3,1,ROBUST_ACTION,A,1,1,0,,0,1,,
REPLICATION,P10,4,1,ROBUST_ACTION,A,1,1,0,,0,1,,
REPLICATION,P10,5,1,ROBUST_ACTION,A,1,1,0,,0,1,,
REPLICATION,P10,6,1,ROBUST_ACTION,A,1,1,0,,0,1,,
REPLICATION,P10,7,1,ROBUST_ACTION,A,1,1,0,,0,1,,
REPLICATION,P10,8,1,ROBUST_ACTION,A,1,1,0,,0,1,,
REPLICATION,P10,9,1,ROBUST_ACTION,A,1,1,0,,0,1,,
REPLICATION,P10,10,1,ROBUST_ACTION,A,1,1,0,,0,1,,
REPLICATION,P10,11,1,ROBUST_ACTION,A,1,1,0,,0,1,,
REPLICATION,P10,12,1,ROBUST_ACTION,A,1,1,0,,0,1,,
REPLICATION,P10,13,1,ROBUST_ACTION,A,1,1,0,,0,1,,
REPLICATION,P10,14,1,ROBUST_ACTION,A,1,1,0,,0,1,,
REPLICATION,P10,15,1,ROBUST_ACTION,A,1,1,0,,0,1,,
REPLICATION,P10,16,1,ROBUST_ACTION,A,1,1,0,,0,1,,
REPLICATION,P10,17,1,ROBUST_ACTION,A,1,1,0,,0,1,,
REPLICATION,P10,18,1,ROBUST_ACTION,A,1,1,0,,0,1,,
REPLICATION,P10,19,1,ROBUST_ACTION,A,1,1,0,,0,1,,
REPLICATION,P10,20,1,ROBUST_ACTION,A,1,1,0,,0,1,,
REPLICATION,P10,21,1,ROBUST_ACTION,A,1,1,0,,0,1,,
REPLICATION,P10,22,1,ROBUST_ACTION,A,1,1,0,,0,1,,
REPLICATION,P10,23,1,ROBUST_ACTION,A,1,1,0,,0,1,,
REPLICATION,P10,24,1,ROBUST_ACTION,A,1,1,0,,0,1,,
REPLICATION,P10,25,1,ROBUST_ACTION,A,1,1,0,,0,1,,
REPLICATION,P10,26,1,ROBUST_ACTION,A,1,1,0,,0,1,,
REPLICATION,P10,27,1,ROBUST_ACTION,A,1,1,0,,0,1,,
REPLICATION,P10,28,1,ROBUST_ACTION,A,1,1,0,,0,1,,
REPLICATION,P10,29,1,ROBUST_ACTION,A,1,1,0,,0,1,,
REPLICATION,P10,30,1,ROBUST_ACTION,A,1,1,0,,0,1,,
REPLICATION,P10,31,1,ROBUST_ACTION,A,1,1,0,,0,1,,
REPLICATION,P10,32,1,ROBUST_ACTION,A,1,1,0,,0,1,,
REPLICATION,P10,33,1,ROBUST_ACTION,A,1,1,0,,0,1,,
REPLICATION,P10,34,1,ROBUST_ACTION,A,1,1,0,,0,1,,
REPLICATION,P10,35,1,ROBUST_ACTION,A,1,1,0,,0,1,,
REPLICATION,P10,36,1,ROBUST_ACTION,A,1,1,0,,0,1,,
REPLICATION,P10,37,1,ROBUST_ACTION,A,1,1,0,,0,1,,
REPLICATION,P10,38,1,ROBUST_ACTION,A,1,1,0,,0,1,,
REPLICATION,P10,39,1,ROBUST_ACTION,A,1,1,0,,0,1,,
REPLICATION,P10,40,1,ROBUST_ACTION,A,1,1,0,,0,1,,
REPLICATION,P10,41,1,ROBUST_ACTION,A,1,1,0,,0,1,,
REPLICATION,P10,42,1,ROBUST_ACTION,A,1,1,0,,0,1,,
REPLICATION,P10,43,1,ROBUST_ACTION,A,1,1,0,,0,1,,
REPLICATION,P10,44,1,ROBUST_ACTION,A,1,1,0,,0,1,,
REPLICATION,P10,45,1,ROBUST_ACTION,A,1,1,0,,0,1,,
REPLICATION,P10,46,1,ROBUST_ACTION,A,1,1,0,,0,1,,
REPLICATION,P10,47,1,ROBUST_ACTION,A,1,1,0,,0,1,,
REPLICATION,P10,48,1,ROBUST_ACTION,A,1,1,0,,0,1,,
REPLICATION,P10,49,1,ROBUST_ACTION,A,1,1,0,,0,1,,
REPLICATION,P10,50,1,ROBUST_ACTION,A,1,1,0,,0,1,,
REPLICATION,P10,51,1,ROBUST_ACTION,A,1,1,0,,0,1,,
REPLICATION,P10,52,1,ROBUST_ACTION,A,1,1,0,,0,1,,
REPLICATION,P10,53,1,ROBUST_ACTION,A,1,1,0,,0,1,,
REPLICATION,P10,54,1,ROBUST_ACTION,A,1,1,0,,0,1,,
REPLICATION,P10,55,1,ROBUST_ACTION,A,1,1,0,,0,1,,
REPLICATION,P10,56,1,ROBUST_ACTION,A,1,1,0,,0,1,,
REPLICATION,P10,57,1,ROBUST_ACTION,A,1,1,0,,0,1,,
REPLICATION,P10,58,1,ROBUST_ACTION,A,1,1,0,,0,1,,
REPLICATION,P10,59,1,ROBUST_ACTION,A,1,1,0,,0,1,,
REPLICATION,P10,60,1,ROBUST_ACTION,A,1,1,0,,0,1,,
REPLICATION,P10,61,1,ROBUST_ACTION,A,1,1,0,,0,1,,
REPLICATION,P10,62,1,ROBUST_ACTION,A,1,1,0,,0,1,,
REPLICATION,P10,63,1,ROBUST_ACTION,A,1,1,0,,0,1,,
REPLICATION,P10,64,1,ROBUST_ACTION,A,1,1,0,,0,1,,
REPLICATION,P10,65,1,ROBUST_ACTION,A,1,1,0,,0,1,,
REPLICATION,P10,66,1,ROBUST_ACTION,A,1,1,0,,0,1,,
REPLICATION,P10,67,1,ROBUST_ACTION,A,1,1,0,,0,1,,
REPLICATION,P10,68,1,ROBUST_ACTION,A,1,1,0,,0,1,,
REPLICATION,P10,69,1,ROBUST_ACTION,A,1,1,0,,0,1,,
REPLICATION,P10,70,1,ROBUST_ACTION,A,1,1,0,,0,1,,
REPLICATION,P10,71,1,ROBUST_ACTION,A,1,1,0,,0,1,,
REPLICATION,P10,72,1,ROBUST_ACTION,A,1,1,0,,0,1,,
REPLICATION,P10,73,1,ROBUST_ACTION,A,1,1,0,,0,1,,
REPLICATION,P10,74,1,ROBUST_ACTION,A,1,1,0,,0,1,,
REPLICATION,P10,75,1,ROBUST_ACTION,A,1,1,0,,0,1,,
REPLICATION,P10,76,1,ROBUST_ACTION,A,1,1,0,,0,1,,
REPLICATION,P10,77,1,ROBUST_ACTION,A,1,1,0,,0,1,,
REPLICATION,P10,78,1,ROBUST_ACTION,A,1,1,0,,0,1,,
REPLICATION,P10,79,1,ROBUST_ACTION,A,1,1,0,,0,1,,
REPLICATION,P10,80,1,ROBUST_ACTION,A,1,1,0,,0,1,,
REPLICATION,P10,81,1,ROBUST_ACTION,A,1,1,0,,0,1,,
REPLICATION,P10,82,1,ROBUST_ACTION,A,1,1,0,,0,1,,
REPLICATION,P10,83,1,ROBUST_ACTION,A,1,1,0,,0,1,,
REPLICATION,P10,84,1,ROBUST_ACTION,A,1,1,0,,0,1,,
REPLICATION,P10,85,1,ROBUST_ACTION,A,1,1,0,,0,1,,
REPLICATION,P10,86,1,ROBUST_ACTION,A,1,1,0,,0,1,,
REPLICATION,P10,87,1,ROBUST_ACTION,A,1,1,0,,0,1,,
REPLICATION,P10,88,1,ROBUST_ACTION,A,1,1,0,,0,1,,
REPLICATION,P10,89,1,ROBUST_ACTION,A,1,1,0,,0,1,,
REPLICATION,P10,90,1,ROBUST_ACTION,A,1,1,0,,0,1,,
REPLICATION,P10,91,1,ROBUST_ACTION,A,1,1,0,,0,1,,
REPLICATION,P10,92,1,ROBUST_ACTION,A,1,1,0,,0,1,,
REPLICATION,P10,93,1,ROBUST_ACTION,A,1,1,0,,0,1,,
REPLICATION,P10,94,1,ROBUST_ACTION,A,1,1,0,,0,1,,
REPLICATION,P10,95,1,ROBUST_ACTION,A,1,1,0,,0,1,,
REPLICATION,P10,96,1,ROBUST_ACTION,A,1,1,0,,0,1,,
REPLICATION,P10,97,1,ROBUST_ACTION,A,1,1,0,,0,1,,
REPLICATION,P10,98,1,ROBUST_ACTION,A,1,1,0,,0,1,,
REPLICATION,P10,99,1,ROBUST_ACTION,A,1,1,0,,0,1,,
REPLICATION,P10,100,1,ROBUST_ACTION,A,1,1,0,,0,1,,
REPLICATION,P10,101,1,ROBUST_ACTION,A,1,1,0,,0,1,,
REPLICATION,P10,102,1,ROBUST_ACTION,A,1,1,0,,0,1,,
REPLICATION,P10,103,1,ROBUST_ACTION,A,1,1,0,,0,1,,
REPLICATION,P10,104,1,ROBUST_ACTION,A,1,1,0,,0,1,,
REPLICATION,P10,105,1,ROBUST_ACTION,A,1,1,0,,0,1,,
REPLICATION,P10,106,1,ROBUST_ACTION,A,1,1,0,,0,1,,
REPLICATION,P10,107,1,ROBUST_ACTION,A,1,1,0,,0,1,,
REPLICATION,P10,108,1,ROBUST_ACTION,A,1,1,0,,0,1,,
REPLICATION,P10,109,1,ROBUST_ACTION,A,1,1,0,,0,1,,
REPLICATION,P10,110,1,ROBUST_ACTION,A,1,1,0,,0,1,,
REPLICATION,P10,111,1,ROBUST_ACTION,A,1,1,0,,0,1,,
REPLICATION,P10,112,1,ROBUST_ACTION,A,1,1,0,,0,1,,
REPLICATION,P10,113,1,ROBUST_ACTION,A,1,1,0,,0,1,,
REPLICATION,P10,114,1,ROBUST_ACTION,A,1,1,0,,0,1,,
REPLICATION,P10,115,1,ROBUST_ACTION,A,1,1,0,,0,1,,
REPLICATION,P10,116,1,ROBUST_ACTION,A,1,1,0,,0,1,,
REPLICATION,P10,117,1,ROBUST_ACTION,A,1,1,0,,0,1,,
REPLICATION,P10,118,1,ROBUST_ACTION,A,1,1,0,,0,1,,
REPLICATION,P10,119,1,ROBUST_ACTION,A,1,1,0,,0,1,,
REPLICATION,P10,120,1,ROBUST_ACTION,A,1,1,0,,0,1,,
REPLICATION,P10,121,1,ROBUST_ACTION,A,1,1,0,,0,1,,
REPLICATION,P10,122,1,ROBUST_ACTION,A,1,1,0,,0,1,,
REPLICATION,P10,123,1,ROBUST_ACTION,A,1,1,0,,0,1,,
REPLICATION,P10,124,1,ROBUST_ACTION,A,1,1,0,,0,1,,
REPLICATION,P10,125,1,ROBUST_ACTION,A,1,1,0,,0,1,,
REPLICATION,P10,126,1,ROBUST_ACTION,A,1,1,0,,0,1,,
REPLICATION,P10,127,1,ROBUST_ACTION,A,1,1,0,,0,1,,
REPLICATION,P11,0,1,BLOCKED_MEMORY_AUTHORITY,,1,1,0,,,1,,
REPLICATION,P11,1,1,BLOCKED_MEMORY_AUTHORITY,,1,1,0,,,1,,
REPLICATION,P11,2,1,BLOCKED_MEMORY_AUTHORITY,,1,1,0,,,1,,
REPLICATION,P11,3,1,BLOCKED_MEMORY_AUTHORITY,,1,1,0,,,1,,
REPLICATION,P11,4,1,BLOCKED_MEMORY_AUTHORITY,,1,1,0,,,1,,
REPLICATION,P11,5,1,BLOCKED_MEMORY_AUTHORITY,,1,1,0,,,1,,
REPLICATION,P11,6,1,BLOCKED_MEMORY_AUTHORITY,,1,1,0,,,1,,
REPLICATION,P11,7,1,BLOCKED_MEMORY_AUTHORITY,,1,1,0,,,1,,
REPLICATION,P11,8,1,BLOCKED_MEMORY_AUTHORITY,,1,1,0,,,1,,
REPLICATION,P11,9,1,BLOCKED_MEMORY_AUTHORITY,,1,1,0,,,1,,
REPLICATION,P11,10,1,BLOCKED_MEMORY_AUTHORITY,,1,1,0,,,1,,
REPLICATION,P11,11,1,BLOCKED_MEMORY_AUTHORITY,,1,1,0,,,1,,
REPLICATION,P11,12,1,BLOCKED_MEMORY_AUTHORITY,,1,1,0,,,1,,
REPLICATION,P11,13,1,BLOCKED_MEMORY_AUTHORITY,,1,1,0,,,1,,
REPLICATION,P11,14,1,BLOCKED_MEMORY_AUTHORITY,,1,1,0,,,1,,
REPLICATION,P11,15,1,BLOCKED_MEMORY_AUTHORITY,,1,1,0,,,1,,
REPLICATION,P11,16,1,BLOCKED_MEMORY_AUTHORITY,,1,1,0,,,1,,
REPLICATION,P11,17,1,BLOCKED_MEMORY_AUTHORITY,,1,1,0,,,1,,
REPLICATION,P11,18,1,BLOCKED_MEMORY_AUTHORITY,,1,1,0,,,1,,
REPLICATION,P11,19,1,BLOCKED_MEMORY_AUTHORITY,,1,1,0,,,1,,
REPLICATION,P11,20,1,BLOCKED_MEMORY_AUTHORITY,,1,1,0,,,1,,
REPLICATION,P11,21,1,BLOCKED_MEMORY_AUTHORITY,,1,1,0,,,1,,
REPLICATION,P11,22,1,BLOCKED_MEMORY_AUTHORITY,,1,1,0,,,1,,
REPLICATION,P11,23,1,BLOCKED_MEMORY_AUTHORITY,,1,1,0,,,1,,
REPLICATION,P11,24,1,BLOCKED_MEMORY_AUTHORITY,,1,1,0,,,1,,
REPLICATION,P11,25,1,BLOCKED_MEMORY_AUTHORITY,,1,1,0,,,1,,
REPLICATION,P11,26,1,BLOCKED_MEMORY_AUTHORITY,,1,1,0,,,1,,
REPLICATION,P11,27,1,BLOCKED_MEMORY_AUTHORITY,,1,1,0,,,1,,
REPLICATION,P11,28,1,BLOCKED_MEMORY_AUTHORITY,,1,1,0,,,1,,
REPLICATION,P11,29,1,BLOCKED_MEMORY_AUTHORITY,,1,1,0,,,1,,
REPLICATION,P11,30,1,BLOCKED_MEMORY_AUTHORITY,,1,1,0,,,1,,
REPLICATION,P11,31,1,BLOCKED_MEMORY_AUTHORITY,,1,1,0,,,1,,
REPLICATION,P11,32,1,BLOCKED_MEMORY_AUTHORITY,,1,1,0,,,1,,
REPLICATION,P11,33,1,BLOCKED_MEMORY_AUTHORITY,,1,1,0,,,1,,
REPLICATION,P11,34,1,BLOCKED_MEMORY_AUTHORITY,,1,1,0,,,1,,
REPLICATION,P11,35,1,BLOCKED_MEMORY_AUTHORITY,,1,1,0,,,1,,
REPLICATION,P11,36,1,BLOCKED_MEMORY_AUTHORITY,,1,1,0,,,1,,
REPLICATION,P11,37,1,BLOCKED_MEMORY_AUTHORITY,,1,1,0,,,1,,
REPLICATION,P11,38,1,BLOCKED_MEMORY_AUTHORITY,,1,1,0,,,1,,
REPLICATION,P11,39,1,BLOCKED_MEMORY_AUTHORITY,,1,1,0,,,1,,
REPLICATION,P11,40,1,BLOCKED_MEMORY_AUTHORITY,,1,1,0,,,1,,
REPLICATION,P11,41,1,BLOCKED_MEMORY_AUTHORITY,,1,1,0,,,1,,
REPLICATION,P11,42,1,BLOCKED_MEMORY_AUTHORITY,,1,1,0,,,1,,
REPLICATION,P11,43,1,BLOCKED_MEMORY_AUTHORITY,,1,1,0,,,1,,
REPLICATION,P11,44,1,BLOCKED_MEMORY_AUTHORITY,,1,1,0,,,1,,
REPLICATION,P11,45,1,BLOCKED_MEMORY_AUTHORITY,,1,1,0,,,1,,
REPLICATION,P11,46,1,BLOCKED_MEMORY_AUTHORITY,,1,1,0,,,1,,
REPLICATION,P11,47,1,BLOCKED_MEMORY_AUTHORITY,,1,1,0,,,1,,
REPLICATION,P11,48,1,BLOCKED_MEMORY_AUTHORITY,,1,1,0,,,1,,
REPLICATION,P11,49,1,BLOCKED_MEMORY_AUTHORITY,,1,1,0,,,1,,
REPLICATION,P11,50,1,BLOCKED_MEMORY_AUTHORITY,,1,1,0,,,1,,
REPLICATION,P11,51,1,BLOCKED_MEMORY_AUTHORITY,,1,1,0,,,1,,
REPLICATION,P11,52,1,BLOCKED_MEMORY_AUTHORITY,,1,1,0,,,1,,
REPLICATION,P11,53,1,BLOCKED_MEMORY_AUTHORITY,,1,1,0,,,1,,
REPLICATION,P11,54,1,BLOCKED_MEMORY_AUTHORITY,,1,1,0,,,1,,
REPLICATION,P11,55,1,BLOCKED_MEMORY_AUTHORITY,,1,1,0,,,1,,
REPLICATION,P11,56,1,BLOCKED_MEMORY_AUTHORITY,,1,1,0,,,1,,
REPLICATION,P11,57,1,BLOCKED_MEMORY_AUTHORITY,,1,1,0,,,1,,
REPLICATION,P11,58,1,BLOCKED_MEMORY_AUTHORITY,,1,1,0,,,1,,
REPLICATION,P11,59,1,BLOCKED_MEMORY_AUTHORITY,,1,1,0,,,1,,
REPLICATION,P11,60,1,BLOCKED_MEMORY_AUTHORITY,,1,1,0,,,1,,
REPLICATION,P11,61,1,BLOCKED_MEMORY_AUTHORITY,,1,1,0,,,1,,
REPLICATION,P11,62,1,BLOCKED_MEMORY_AUTHORITY,,1,1,0,,,1,,
REPLICATION,P11,63,1,BLOCKED_MEMORY_AUTHORITY,,1,1,0,,,1,,
REPLICATION,P11,64,1,BLOCKED_MEMORY_AUTHORITY,,1,1,0,,,1,,
REPLICATION,P11,65,1,BLOCKED_MEMORY_AUTHORITY,,1,1,0,,,1,,
REPLICATION,P11,66,1,BLOCKED_MEMORY_AUTHORITY,,1,1,0,,,1,,
REPLICATION,P11,67,1,BLOCKED_MEMORY_AUTHORITY,,1,1,0,,,1,,
REPLICATION,P11,68,1,BLOCKED_MEMORY_AUTHORITY,,1,1,0,,,1,,
REPLICATION,P11,69,1,BLOCKED_MEMORY_AUTHORITY,,1,1,0,,,1,,
REPLICATION,P11,70,1,BLOCKED_MEMORY_AUTHORITY,,1,1,0,,,1,,
REPLICATION,P11,71,1,BLOCKED_MEMORY_AUTHORITY,,1,1,0,,,1,,
REPLICATION,P11,72,1,BLOCKED_MEMORY_AUTHORITY,,1,1,0,,,1,,
REPLICATION,P11,73,1,BLOCKED_MEMORY_AUTHORITY,,1,1,0,,,1,,
REPLICATION,P11,74,1,BLOCKED_MEMORY_AUTHORITY,,1,1,0,,,1,,
REPLICATION,P11,75,1,BLOCKED_MEMORY_AUTHORITY,,1,1,0,,,1,,
REPLICATION,P11,76,1,BLOCKED_MEMORY_AUTHORITY,,1,1,0,,,1,,
REPLICATION,P11,77,1,BLOCKED_MEMORY_AUTHORITY,,1,1,0,,,1,,
REPLICATION,P11,78,1,BLOCKED_MEMORY_AUTHORITY,,1,1,0,,,1,,
REPLICATION,P11,79,1,BLOCKED_MEMORY_AUTHORITY,,1,1,0,,,1,,
REPLICATION,P11,80,1,BLOCKED_MEMORY_AUTHORITY,,1,1,0,,,1,,
REPLICATION,P11,81,1,BLOCKED_MEMORY_AUTHORITY,,1,1,0,,,1,,
REPLICATION,P11,82,1,BLOCKED_MEMORY_AUTHORITY,,1,1,0,,,1,,
REPLICATION,P11,83,1,BLOCKED_MEMORY_AUTHORITY,,1,1,0,,,1,,
REPLICATION,P11,84,1,BLOCKED_MEMORY_AUTHORITY,,1,1,0,,,1,,
REPLICATION,P11,85,1,BLOCKED_MEMORY_AUTHORITY,,1,1,0,,,1,,
REPLICATION,P11,86,1,BLOCKED_MEMORY_AUTHORITY,,1,1,0,,,1,,
REPLICATION,P11,87,1,BLOCKED_MEMORY_AUTHORITY,,1,1,0,,,1,,
REPLICATION,P11,88,1,BLOCKED_MEMORY_AUTHORITY,,1,1,0,,,1,,
REPLICATION,P11,89,1,BLOCKED_MEMORY_AUTHORITY,,1,1,0,,,1,,
REPLICATION,P11,90,1,BLOCKED_MEMORY_AUTHORITY,,1,1,0,,,1,,
REPLICATION,P11,91,1,BLOCKED_MEMORY_AUTHORITY,,1,1,0,,,1,,
REPLICATION,P11,92,1,BLOCKED_MEMORY_AUTHORITY,,1,1,0,,,1,,
REPLICATION,P11,93,1,BLOCKED_MEMORY_AUTHORITY,,1,1,0,,,1,,
REPLICATION,P11,94,1,BLOCKED_MEMORY_AUTHORITY,,1,1,0,,,1,,
REPLICATION,P11,95,1,BLOCKED_MEMORY_AUTHORITY,,1,1,0,,,1,,
REPLICATION,P11,96,1,BLOCKED_MEMORY_AUTHORITY,,1,1,0,,,1,,
REPLICATION,P11,97,1,BLOCKED_MEMORY_AUTHORITY,,1,1,0,,,1,,
REPLICATION,P11,98,1,BLOCKED_MEMORY_AUTHORITY,,1,1,0,,,1,,
REPLICATION,P11,99,1,BLOCKED_MEMORY_AUTHORITY,,1,1,0,,,1,,
REPLICATION,P11,100,1,BLOCKED_MEMORY_AUTHORITY,,1,1,0,,,1,,
REPLICATION,P11,101,1,BLOCKED_MEMORY_AUTHORITY,,1,1,0,,,1,,
REPLICATION,P11,102,1,BLOCKED_MEMORY_AUTHORITY,,1,1,0,,,1,,
REPLICATION,P11,103,1,BLOCKED_MEMORY_AUTHORITY,,1,1,0,,,1,,
REPLICATION,P11,104,1,BLOCKED_MEMORY_AUTHORITY,,1,1,0,,,1,,
REPLICATION,P11,105,1,BLOCKED_MEMORY_AUTHORITY,,1,1,0,,,1,,
REPLICATION,P11,106,1,BLOCKED_MEMORY_AUTHORITY,,1,1,0,,,1,,
REPLICATION,P11,107,1,BLOCKED_MEMORY_AUTHORITY,,1,1,0,,,1,,
REPLICATION,P11,108,1,BLOCKED_MEMORY_AUTHORITY,,1,1,0,,,1,,
REPLICATION,P11,109,1,BLOCKED_MEMORY_AUTHORITY,,1,1,0,,,1,,
REPLICATION,P11,110,1,BLOCKED_MEMORY_AUTHORITY,,1,1,0,,,1,,
REPLICATION,P11,111,1,BLOCKED_MEMORY_AUTHORITY,,1,1,0,,,1,,
REPLICATION,P11,112,1,BLOCKED_MEMORY_AUTHORITY,,1,1,0,,,1,,
REPLICATION,P11,113,1,BLOCKED_MEMORY_AUTHORITY,,1,1,0,,,1,,
REPLICATION,P11,114,1,BLOCKED_MEMORY_AUTHORITY,,1,1,0,,,1,,
REPLICATION,P11,115,1,BLOCKED_MEMORY_AUTHORITY,,1,1,0,,,1,,
REPLICATION,P11,116,1,BLOCKED_MEMORY_AUTHORITY,,1,1,0,,,1,,
REPLICATION,P11,117,1,BLOCKED_MEMORY_AUTHORITY,,1,1,0,,,1,,
REPLICATION,P11,118,1,BLOCKED_MEMORY_AUTHORITY,,1,1,0,,,1,,
REPLICATION,P11,119,1,BLOCKED_MEMORY_AUTHORITY,,1,1,0,,,1,,
REPLICATION,P11,120,1,BLOCKED_MEMORY_AUTHORITY,,1,1,0,,,1,,
REPLICATION,P11,121,1,BLOCKED_MEMORY_AUTHORITY,,1,1,0,,,1,,
REPLICATION,P11,122,1,BLOCKED_MEMORY_AUTHORITY,,1,1,0,,,1,,
REPLICATION,P11,123,1,BLOCKED_MEMORY_AUTHORITY,,1,1,0,,,1,,
REPLICATION,P11,124,1,BLOCKED_MEMORY_AUTHORITY,,1,1,0,,,1,,
REPLICATION,P11,125,1,BLOCKED_MEMORY_AUTHORITY,,1,1,0,,,1,,
REPLICATION,P11,126,1,BLOCKED_MEMORY_AUTHORITY,,1,1,0,,,1,,
REPLICATION,P11,127,1,BLOCKED_MEMORY_AUTHORITY,,1,1,0,,,1,,
